slot,task_id,owner_ap_id,destination_id,local_cost,delay_cost,energy_cost,mission_cost,fidelity_cost
1,T1_UAV_18,BS_1,LEO_1,213.291201,213.241585,0.003057,0.027526,0.095163
1,T1_UAV_9,BS_4,LEO_0,264.450193,264.335278,0.005335,0.090548,0.095163
1,T1_UAV_17,BS_4,HAP_1,279.826804,279.773397,0.00241,0.031964,0.095163
1,T1_UAV_7,BS_1,HAP_2,317.095095,317.04754,0.002279,0.026243,0.095163
1,T1_UAV_19,BS_4,HAP_0,335.504133,335.446761,0.002106,0.036234,0.095163
1,T1_UAV_11,BS_4,LEO_1,374.339409,374.297813,0.004903,0.017661,0.095163
1,T1_UAV_3,BS_4,LEO_0,377.396698,377.356084,0.008485,0.013097,0.095163
1,T1_UAV_12,BS_0,HAP_1,470.16462,470.132747,0.002689,0.010152,0.095163
1,T1_UAV_6,BS_0,HAP_2,487.420507,487.382927,0.003578,0.014969,0.095163
1,T1_UAV_8,BS_0,HAP_0,520.240192,520.194122,0.004575,0.022463,0.095163
1,T1_UAV_1,BS_0,LEO_1,562.049679,561.992443,0.006387,0.031816,0.095163
1,T1_UAV_16,BS_1,LEO_0,628.618335,628.562,0.012768,0.024535,0.095163
1,T1_UAV_15,BS_3,BS_2,796.449797,796.344699,0.049747,0.036319,0.095163
2,T2_UAV_0,BS_4,LEO_1,154.589523,154.367165,0.042896,0.016005,0.317289
2,T2_UAV_5,BS_1,LEO_0,191.002839,190.736867,0.045251,0.049657,0.355324
2,T2_UAV_13,BS_3,HAP_2,328.098392,327.901976,0.02885,0.023455,0.220559
2,T2_UAV_4,BS_2,HAP_0,336.609696,336.418728,0.027233,0.011719,0.260076
2,T2_UAV_15,BS_3,HAP_1,446.31737,446.118334,0.028546,0.007848,0.313211
2,T2_UAV_6,BS_0,LEO_1,339.577796,339.358271,0.045388,0.010679,0.317289
2,T2_UAV_19,BS_4,LEO_0,416.145105,415.876835,0.053688,0.043516,0.355324
2,T2_UAV_9,BS_4,HAP_2,539.180157,538.989879,0.029877,0.016289,0.220559
2,T2_UAV_8,BS_0,HAP_0,548.701239,548.451773,0.029813,0.067638,0.260076
2,T2_UAV_17,BS_4,HAP_1,629.87474,629.674789,0.030428,0.00688,0.313211
2,T2_UAV_16,BS_1,BS_2,667.955677,667.671031,0.051699,0.023848,0.545499
2,T2_UAV_11,BS_4,BS_0,760.852077,760.629506,0.057506,0.024151,0.204572
2,T2_UAV_18,BS_1,BS_3,780.018743,779.685897,0.058696,0.090511,0.418194
3,T3_UAV_11,BS_4,LEO_1,485.406892,485.335003,0.003324,0.030517,0.190234
3,T3_UAV_7,BS_1,LEO_0,216.231773,216.161155,0.00385,0.019535,0.23616
3,T3_UAV_6,BS_0,HAP_1,523.622145,523.575177,0.002838,0.006723,0.187039
3,T3_UAV_19,BS_4,HAP_2,264.193051,264.125931,0.002991,0.020142,0.21993
3,T3_UAV_3,BS_4,HAP_0,289.443143,289.233063,0.026989,0.038152,0.224691
3,T3_UAV_10,BS_0,LEO_1,651.758753,651.692696,0.004923,0.023088,0.190234
3,T3_UAV_5,BS_1,LEO_0,440.254328,440.186705,0.008462,0.011929,0.23616
3,T3_UAV_15,BS_3,HAP_1,698.397574,698.346076,0.004305,0.009786,0.187039
3,T3_UAV_8,BS_0,HAP_2,440.274151,440.202741,0.004341,0.023083,0.21993
3,T3_UAV_4,BS_2,LEO_1,1041.151741,1041.0851,0.008197,0.020397,0.190234
3,T3_UAV_13,BS_3,LEO_0,448.88066,448.799635,0.010511,0.023282,0.23616
3,T3_UAV_16,BS_1,HAP_0,639.877208,639.673845,0.027622,0.030803,0.224691
3,T3_UAV_2,BS_0,LEO_1,1195.488522,1195.425363,0.009116,0.015997,0.190234
3,T3_UAV_17,BS_4,HAP_1,1120.404529,1120.32581,0.007384,0.033927,0.187039
3,T3_UAV_18,BS_1,LEO_1,1477.419719,1477.350102,0.010936,0.020635,0.190234
3,T3_UAV_9,BS_4,HAP_1,1282.320725,1282.249434,0.007568,0.026316,0.187039
3,T3_UAV_0,BS_4,LEO_1,1708.464813,1708.395306,0.011883,0.019578,0.190234
3,T3_UAV_14,BS_0,LEO_1,1829.035533,1828.966422,0.012019,0.019046,0.190234
4,T4_UAV_4,BS_2,LEO_0,200.537845,200.46128,0.004737,0.008701,0.315637
4,T4_UAV_18,BS_1,LEO_1,248.369777,248.102759,0.043553,0.037454,0.430054
4,T4_UAV_2,BS_0,HAP_0,316.246052,316.193472,0.002145,0.008773,0.208309
4,T4_UAV_17,BS_2,HAP_1,270.946107,270.721646,0.027339,0.034797,0.311627
4,T4_UAV_19,BS_4,HAP_2,357.627768,357.42952,0.029043,0.00707,0.310675
4,T4_UAV_12,BS_0,LEO_0,368.972878,368.888783,0.008037,0.01293,0.315637
4,T4_UAV_3,BS_4,HAP_0,376.531621,376.432238,0.002254,0.055467,0.208309
4,T4_UAV_11,BS_4,LEO_1,431.132994,430.880689,0.045639,0.020656,0.430054
4,T4_UAV_7,BS_1,LEO_0,450.587725,450.489372,0.00802,0.027205,0.315637
4,T4_UAV_8,BS_0,HAP_1,484.073968,483.876626,0.027747,0.007269,0.311627
4,T4_UAV_1,BS_0,HAP_2,523.470422,523.251322,0.028873,0.028093,0.310675
4,T4_UAV_6,BS_0,BS_2,557.901761,557.635933,0.044825,0.03998,0.405115
4,T4_UAV_15,BS_3,HAP_0,583.217313,583.127083,0.003965,0.044604,0.208309
4,T4_UAV_9,BS_4,BS_3,606.115867,605.833697,0.047836,0.06884,0.32747
4,T4_UAV_13,BS_3,LEO_1,654.508776,654.231085,0.050178,0.041503,0.430054
4,T4_UAV_10,BS_0,BS_1,685.138011,684.863484,0.052773,0.037987,0.418838
5,T5_UAV_19,BS_4,LEO_0,202.400455,202.286123,0.004612,0.03586,0.369296
5,T5_UAV_10,BS_0,LEO_1,210.682329,210.462414,0.043089,0.02074,0.28043
5,T5_UAV_7,BS_1,HAP_2,253.51404,253.448052,0.001818,0.018685,0.227424
5,T5_UAV_13,BS_3,HAP_1,301.743858,301.663035,0.002451,0.029451,0.244601
5,T5_UAV_18,BS_1,HAP_0,383.696327,383.484733,0.026895,0.042978,0.208603
5,T5_UAV_16,BS_1,LEO_1,408.000806,407.772601,0.045114,0.027005,0.28043
5,T5_UAV_3,BS_4,LEO_0,420.151365,420.042865,0.009467,0.025173,0.369296
5,T5_UAV_14,BS_0,HAP_1,425.111581,425.02876,0.002417,0.031483,0.244601
5,T5_UAV_2,BS_0,HAP_2,437.70817,437.633385,0.004727,0.024573,0.227424
5,T5_UAV_11,BS_4,HAP_0,515.79423,515.594194,0.028027,0.030289,0.208603
5,T5_UAV_12,BS_0,LEO_0,542.355617,542.234023,0.011813,0.035923,0.369296
5,T5_UAV_0,BS_4,BS_2,570.974519,570.709809,0.045642,0.027626,0.457215
5,T5_UAV_4,BS_2,LEO_1,694.459237,694.219845,0.050711,0.032595,0.28043
5,T5_UAV_1,BS_0,BS_3,773.646928,773.384421,0.058302,0.033209,0.354979
5,T5_UAV_17,BS_2,BS_1,777.261913,776.971979,0.058526,0.062033,0.346874
6,T6_UAV_3,BS_4,LEO_1,328.241239,328.168189,0.003824,0.025453,0.218863
6,T6_UAV_19,BS_4,LEO_0,425.024585,424.80805,0.046204,0.030337,0.199965
6,T6_UAV_12,BS_0,HAP_0,589.401618,589.34758,0.004173,0.010335,0.19765
6,T6_UAV_15,BS_3,HAP_2,341.397992,341.330766,0.004047,0.010493,0.263435
6,T6_UAV_7,BS_1,HAP_1,344.949864,344.767048,0.027483,0.012516,0.214088
6,T6_UAV_11,BS_4,LEO_0,560.734125,560.532462,0.047426,0.014244,0.199965
6,T6_UAV_16,BS_1,LEO_1,540.737819,540.652496,0.005399,0.036151,0.218863
6,T6_UAV_6,BS_0,HAP_0,748.458543,748.407431,0.003759,0.007823,0.19765
6,T6_UAV_10,BS_0,LEO_0,852.601927,852.401239,0.052125,0.008569,0.199965
6,T6_UAV_4,BS_2,HAP_2,604.353602,604.278016,0.007306,0.015593,0.263435
6,T6_UAV_13,BS_3,LEO_1,816.014267,815.942105,0.009996,0.018393,0.218863
6,T6_UAV_9,BS_4,HAP_1,617.625503,617.44527,0.029671,0.007744,0.214088
6,T6_UAV_14,BS_0,BS_2,691.493899,691.235766,0.053171,0.047557,0.287028
6,T6_UAV_0,BS_4,LEO_0,1016.935252,1016.732071,0.053755,0.009433,0.199965
6,T6_UAV_2,BS_3,LEO_1,1024.927233,1024.833407,0.012039,0.038014,0.218863
6,T6_UAV_1,BS_0,HAP_0,1461.608739,1461.532255,0.007133,0.029821,0.19765
6,T6_UAV_5,BS_1,LEO_0,1236.240873,1236.028617,0.055399,0.016864,0.199965
6,T6_UAV_17,BS_2,HAP_0,1537.212116,1537.132542,0.008447,0.031597,0.19765
7,T7_UAV_9,BS_4,LEO_1,265.044252,264.971066,0.003403,0.01227,0.287571
7,T7_UAV_15,BS_3,LEO_0,276.516299,276.305107,0.046484,0.018176,0.232661
7,T7_UAV_4,BS_2,HAP_1,699.435333,699.373769,0.004901,0.019081,0.187911
7,T7_UAV_19,BS_4,HAP_2,714.009948,713.80914,0.030862,0.031463,0.192421
7,T7_UAV_5,BS_1,HAP_0,186.098304,185.888391,0.025892,0.008501,0.377601
7,T7_UAV_12,BS_0,LEO_1,521.250816,521.167148,0.007753,0.018401,0.287571
7,T7_UAV_18,BS_1,LEO_0,555.441819,555.22546,0.052639,0.017187,0.232661
7,T7_UAV_2,BS_3,HAP_1,1070.493786,1070.440746,0.005983,0.009475,0.187911
7,T7_UAV_3,BS_4,HAP_2,1075.001287,1074.823941,0.033644,0.005217,0.192421
7,T7_UAV_13,BS_3,LEO_1,637.070116,636.979681,0.009914,0.023006,0.287571
7,T7_UAV_8,BS_0,LEO_0,777.037542,776.824009,0.056357,0.010644,0.232661
7,T7_UAV_7,BS_1,HAP_1,1177.846726,1177.770583,0.006699,0.031862,0.187911
7,T7_UAV_10,BS_0,HAP_2,1361.727282,1361.546693,0.035655,0.00645,0.192421
7,T7_UAV_14,BS_0,HAP_1,1408.521113,1408.469497,0.006559,0.007475,0.187911
7,T7_UAV_1,BS_0,HAP_2,1595.499405,1595.316775,0.034249,0.009897,0.192421
8,T8_UAV_12,BS_0,LEO_0,208.817409,208.756222,0.004547,0.007499,0.245706
8,T8_UAV_14,BS_0,LEO_1,301.212692,301.130781,0.003756,0.00636,0.358979
8,T8_UAV_10,BS_0,HAP_2,277.826244,277.647857,0.027962,0.00547,0.224777
8,T8_UAV_2,BS_3,HAP_1,341.446702,341.232952,0.027412,0.02344,0.314488
8,T8_UAV_0,BS_4,HAP_0,420.266997,420.034833,0.02733,0.024527,0.401534
8,T8_UAV_13,BS_3,LEO_1,437.62765,437.534798,0.006809,0.014247,0.358979
8,T8_UAV_15,BS_3,LEO_0,457.747675,457.678627,0.010765,0.009141,0.245706
8,T8_UAV_9,BS_4,LEO_1,485.196571,485.090659,0.006228,0.027889,0.358979
8,T8_UAV_17,BS_2,LEO_0,525.061491,524.970003,0.012252,0.030095,0.245706
8,T8_UAV_16,BS_1,HAP_2,640.954432,640.75146,0.031241,0.026776,0.224777
8,T8_UAV_11,BS_4,HAP_1,667.341686,667.141626,0.030182,0.006981,0.314488
8,T8_UAV_8,BS_0,HAP_0,735.974531,735.738238,0.031408,0.024578,0.401534
8,T8_UAV_5,BS_1,BS_2,785.562404,785.308333,0.059047,0.025784,0.346199
9,T9_UAV_14,BS_0,LEO_1,291.142936,290.946818,0.04288,0.028355,0.12442
9,T9_UAV_18,BS_1,LEO_0,289.650593,289.572058,0.006606,0.006969,0.324797
9,T9_UAV_0,BS_4,HAP_2,392.10114,392.033602,0.003225,0.017283,0.235152
9,T9_UAV_7,BS_1,HAP_0,539.448911,539.385115,0.002786,0.012316,0.243472
9,T9_UAV_9,BS_4,HAP_1,360.687812,360.496468,0.027733,0.009449,0.27081
9,T9_UAV_13,BS_3,LEO_1,416.181825,415.99964,0.045088,0.012214,0.12442
9,T9_UAV_10,BS_0,LEO_0,442.912237,442.801293,0.009836,0.036149,0.324797
9,T9_UAV_12,BS_0,HAP_2,563.8872,563.821091,0.004923,0.014157,0.235152
9,T9_UAV_17,BS_2,HAP_0,737.007791,736.917304,0.004433,0.037359,0.243472
9,T9_UAV_19,BS_4,LEO_1,690.918596,690.741078,0.048065,0.004569,0.12442
9,T9_UAV_11,BS_4,LEO_0,546.36583,546.250471,0.011232,0.039168,0.324797
9,T9_UAV_15,BS_3,HAP_1,574.843531,574.638035,0.029591,0.021743,0.27081
9,T9_UAV_5,BS_1,BS_2,800.086755,799.824834,0.059954,0.029838,0.360646
9,T9_UAV_3,BS_4,LEO_1,887.666353,887.459479,0.050353,0.031637,0.12442
9,T9_UAV_4,BS_2,HAP_0,1039.674114,1039.604269,0.006038,0.015113,0.243472
9,T9_UAV_2,BS_3,HAP_2,1067.862348,1067.788688,0.009585,0.017045,0.235152
10,T10_UAV_3,BS_4,LEO_1,236.15075,236.083024,0.003496,0.019125,0.225526
10,T10_UAV_0,BS_4,LEO_0,324.38121,324.282605,0.006818,0.015681,0.380528
10,T10_UAV_8,BS_0,HAP_1,306.858693,306.784442,0.001755,0.021986,0.252555
10,T10_UAV_12,BS_0,HAP_2,401.312993,401.238097,0.004223,0.015916,0.273781
10,T10_UAV_9,BS_4,HAP_0,446.526116,446.451081,0.002616,0.01801,0.272042
10,T10_UAV_19,BS_4,LEO_1,460.306516,460.241247,0.006821,0.013342,0.225526
10,T10_UAV_5,BS_1,LEO_0,469.189795,469.0847,0.009019,0.01997,0.380528
10,T10_UAV_6,BS_0,HAP_1,486.97041,486.910802,0.003308,0.005789,0.252555
10,T10_UAV_15,BS_3,HAP_0,541.59259,541.518935,0.004271,0.014976,0.272042
10,T10_UAV_17,BS_2,HAP_2,702.875005,702.795418,0.008268,0.016562,0.273781
10,T10_UAV_16,BS_1,LEO_1,745.664102,745.601439,0.009396,0.008162,0.225526
10,T10_UAV_14,BS_0,LEO_0,747.914974,747.798054,0.014291,0.026523,0.380528
10,T10_UAV_7,BS_1,BS_0,747.194502,746.947877,0.056651,0.030535,0.297196
10,T10_UAV_1,BS_0,BS_1,757.174217,756.908602,0.057273,0.049121,0.296108
11,T11_UAV_4,BS_2,LEO_1,305.144833,305.072565,0.003724,0.015656,0.264441
11,T11_UAV_1,BS_0,LEO_0,446.022668,445.829286,0.045242,0.00885,0.19645
11,T11_UAV_6,BS_0,HAP_0,409.045666,408.865241,0.027234,0.013547,0.19822
11,T11_UAV_8,BS_0,HAP_1,326.560804,326.474956,0.00187,0.02103,0.314736
11,T11_UAV_17,BS_2,HAP_2,393.52274,393.435148,0.004634,0.006074,0.384416
11,T11_UAV_14,BS_0,LEO_0,531.418564,531.217011,0.046576,0.015688,0.19645
11,T11_UAV_2,BS_3,LEO_1,445.962276,445.896013,0.005261,0.008114,0.264441
11,T11_UAV_3,BS_4,LEO_1,503.018633,502.937845,0.005877,0.022023,0.264441
11,T11_UAV_9,BS_4,HAP_0,592.50525,592.331299,0.028063,0.006244,0.19822
11,T11_UAV_10,BS_0,LEO_0,666.054918,665.83872,0.049509,0.0274,0.19645
11,T11_UAV_7,BS_1,HAP_1,491.744858,491.67343,0.003567,0.004913,0.314736
11,T11_UAV_5,BS_1,HAP_2,583.099669,583.013496,0.00515,0.004139,0.384416
11,T11_UAV_11,BS_4,LEO_1,740.825403,740.746488,0.007713,0.018315,0.264441
11,T11_UAV_15,BS_3,LEO_0,1073.612885,1073.39218,0.056153,0.025261,0.19645
11,T11_UAV_13,BS_3,HAP_0,972.420165,972.208983,0.031313,0.040225,0.19822
11,T11_UAV_0,BS_4,LEO_0,1115.741432,1115.523249,0.055116,0.023778,0.19645
12,T12_UAV_3,BS_4,LEO_0,288.500931,288.425908,0.005067,0.029157,0.203997
12,T12_UAV_0,BS_4,LEO_1,135.312204,135.204321,0.004785,0.026311,0.383937
12,T12_UAV_18,BS_1,HAP_2,818.896112,818.717401,0.030914,0.019249,0.142742
12,T12_UAV_15,BS_3,HAP_0,402.19663,402.005474,0.028159,0.01745,0.227737
12,T12_UAV_1,BS_0,HAP_1,231.26344,231.176192,0.002162,0.01629,0.343973
12,T12_UAV_12,BS_0,LEO_0,581.184351,581.100023,0.009834,0.033695,0.203997
12,T12_UAV_4,BS_2,HAP_2,993.664697,993.483346,0.032337,0.020465,0.142742
12,T12_UAV_10,BS_0,BS_3,888.490442,888.236929,0.065477,0.054319,0.168584
12,T12_UAV_17,BS_2,LEO_0,663.668701,663.60383,0.012041,0.012031,0.203997
12,T12_UAV_13,BS_3,HAP_0,533.334456,533.144965,0.029013,0.014931,0.227737
12,T12_UAV_6,BS_0,HAP_2,1378.710649,1378.531905,0.032106,0.018089,0.142742
12,T12_UAV_9,BS_4,LEO_0,719.66776,719.607381,0.0113,0.00828,0.203997
12,T12_UAV_7,BS_1,HAP_2,1480.650752,1480.468924,0.032408,0.020872,0.142742
12,T12_UAV_16,BS_1,BS_3,1160.70743,1160.473373,0.082483,0.017856,0.168584
12,T12_UAV_14,BS_0,HAP_2,2075.207891,2075.027019,0.036414,0.015909,0.142742
12,T12_UAV_8,BS_0,HAP_2,2270.349969,2270.175132,0.039362,0.006926,0.142742
13,T13_UAV_14,BS_0,LEO_1,222.946522,222.740068,0.042769,0.008256,0.277144
13,T13_UAV_5,BS_1,LEO_0,332.894585,332.814935,0.004995,0.01138,0.316371
13,T13_UAV_0,BS_4,HAP_0,250.03982,249.973944,0.001387,0.023521,0.204842
13,T13_UAV_18,BS_1,HAP_1,259.047212,258.858995,0.027759,0.007489,0.264847
13,T13_UAV_3,BS_4,HAP_2,277.850712,277.59503,0.028078,0.038289,0.446576
13,T13_UAV_8,BS_0,LEO_1,316.765954,316.546056,0.044477,0.019992,0.277144
13,T13_UAV_19,BS_4,LEO_0,533.631409,533.537939,0.009449,0.020747,0.316371
13,T13_UAV_13,BS_3,HAP_0,325.568229,325.519042,0.002448,0.005771,0.204842
13,T13_UAV_2,BS_3,HAP_1,352.353998,352.160618,0.027507,0.012904,0.264847
13,T13_UAV_16,BS_1,LEO_0,534.026581,533.924878,0.008505,0.029924,0.316371
13,T13_UAV_12,BS_0,LEO_1,458.102359,457.884766,0.046791,0.015374,0.277144
13,T13_UAV_10,BS_3,HAP_2,544.339929,544.089595,0.030855,0.030163,0.446576
13,T13_UAV_15,BS_3,BS_2,627.284763,627.030573,0.04916,0.051854,0.265882
13,T13_UAV_9,BS_4,BS_3,634.555578,634.308534,0.049614,0.025861,0.357845
13,T13_UAV_17,BS_2,BS_1,739.791747,739.54063,0.056188,0.036873,0.290279
13,T13_UAV_11,BS_4,BS_0,750.160133,749.908494,0.056836,0.012611,0.410965
13,T13_UAV_4,BS_2,BS_4,782.577076,782.327478,0.058861,0.014423,0.381569
13,T13_UAV_7,BS_1,LEO_0,1049.737446,1049.632058,0.014576,0.027538,0.316371
14,T14_UAV_15,BS_3,LEO_1,213.126855,213.061941,0.003341,0.011322,0.251252
14,T14_UAV_5,BS_1,LEO_0,217.123102,217.044856,0.004173,0.007768,0.331525
14,T14_UAV_14,BS_0,HAP_0,237.906928,237.841139,0.001805,0.004844,0.2957
14,T14_UAV_18,BS_1,HAP_1,961.524653,961.341479,0.031112,0.014274,0.188937
14,T14_UAV_17,BS_2,LEO_1,302.359711,302.285131,0.004647,0.019682,0.251252
14,T14_UAV_19,BS_4,HAP_0,312.078957,312.010054,0.00201,0.007753,0.2957
14,T14_UAV_10,BS_3,LEO_1,323.436543,323.361644,0.004801,0.019848,0.251252
14,T14_UAV_7,BS_1,HAP_1,1141.937091,1141.749307,0.030549,0.019447,0.188937
14,T14_UAV_16,BS_1,HAP_2,657.35868,657.140372,0.03144,0.023948,0.314595
14,T14_UAV_9,BS_4,LEO_0,669.81843,669.70868,0.013491,0.029953,0.331525
14,T14_UAV_13,BS_3,HAP_1,1432.545861,1432.370638,0.032606,0.004829,0.188937
14,T14_UAV_0,BS_4,LEO_0,691.394528,691.300349,0.014554,0.01332,0.331525
14,T14_UAV_11,BS_4,HAP_2,764.682138,764.457239,0.032194,0.029786,0.314595
14,T14_UAV_8,BS_0,HAP_1,2044.296048,2044.097153,0.033367,0.02774,0.188937
14,T14_UAV_1,BS_0,HAP_1,2601.246675,2601.051614,0.037337,0.019938,0.188937
14,T14_UAV_12,BS_0,HAP_1,2700.254889,2700.076295,0.036095,0.004712,0.188937
14,T14_UAV_3,BS_4,HAP_1,2793.789847,2793.590415,0.039754,0.02189,0.188937
15,T15_UAV_11,BS_4,LEO_1,229.759978,229.547864,0.043009,0.019479,0.248129
15,T15_UAV_8,BS_0,LEO_0,419.081078,418.888626,0.045678,0.009231,0.187719
15,T15_UAV_2,BS_3,HAP_2,330.481316,330.41639,0.003621,0.019418,0.209437
15,T15_UAV_13,BS_3,HAP_0,365.468209,365.378985,0.002737,0.019371,0.335583
15,T15_UAV_17,BS_2,HAP_1,378.249999,377.990706,0.028323,0.033675,0.486477
15,T15_UAV_10,BS_3,LEO_0,782.090817,781.892962,0.051205,0.009106,0.187719
15,T15_UAV_7,BS_1,LEO_1,531.239105,531.021792,0.04582,0.021869,0.248129
15,T15_UAV_9,BS_4,LEO_0,819.686156,819.47701,0.05066,0.020942,0.187719
15,T15_UAV_19,BS_4,HAP_2,585.829765,585.767888,0.006632,0.013358,0.209437
15,T15_UAV_5,BS_1,LEO_1,682.89618,682.687403,0.047978,0.011173,0.248129
15,T15_UAV_16,BS_1,HAP_0,692.074947,691.987662,0.002838,0.01733,0.335583
15,T15_UAV_6,BS_0,HAP_1,728.452699,728.201431,0.029935,0.024037,0.486477
15,T15_UAV_1,BS_0,BS_2,761.955711,761.662392,0.05757,0.022733,0.565081
15,T15_UAV_14,BS_0,LEO_0,1183.008094,1182.7861,0.054644,0.029806,0.187719
15,T15_UAV_3,BS_4,LEO_0,1199.081826,1198.866279,0.05743,0.020573,0.187719
16,T16_UAV_7,BS_1,LEO_1,335.373148,335.309908,0.002942,0.02385,0.182245
16,T16_UAV_17,BS_2,LEO_0,277.435485,277.219697,0.046485,0.02063,0.243367
16,T16_UAV_2,BS_3,HAP_0,429.864512,429.69095,0.027928,0.017159,0.142372
16,T16_UAV_9,BS_4,HAP_1,194.901686,194.675005,0.027009,0.028832,0.3542
16,T16_UAV_16,BS_1,HAP_2,397.727479,397.525895,0.028902,0.025956,0.233629
16,T16_UAV_19,BS_4,LEO_1,536.393058,536.32387,0.006279,0.026461,0.182245
16,T16_UAV_13,BS_3,LEO_0,529.087151,528.869568,0.052381,0.016528,0.243367
16,T16_UAV_5,BS_1,LEO_1,830.269863,830.212168,0.007741,0.013505,0.182245
16,T16_UAV_1,BS_0,HAP_0,984.694413,984.515853,0.030204,0.019881,0.142372
16,T16_UAV_11,BS_4,HAP_2,682.332909,682.127428,0.031426,0.027329,0.233629
16,T16_UAV_4,BS_2,LEO_0,704.563728,704.336617,0.056763,0.021674,0.243367
16,T16_UAV_3,BS_4,LEO_1,940.363609,940.307052,0.011018,0.00909,0.182245
16,T16_UAV_10,BS_3,HAP_0,1092.358438,1092.186829,0.032309,0.010826,0.142372
17,T17_UAV_8,BS_0,LEO_1,209.4437,209.383059,0.002965,0.00559,0.260432
17,T17_UAV_11,BS_4,LEO_0,223.023636,222.947892,0.004594,0.027349,0.219006
17,T17_UAV_17,BS_2,HAP_2,702.998969,702.822174,0.030464,0.009747,0.182921
17,T17_UAV_5,BS_1,HAP_0,147.736023,147.527695,0.025673,0.028481,0.270874
17,T17_UAV_13,BS_3,HAP_1,187.284055,187.067303,0.027136,0.030875,0.293704
17,T17_UAV_18,BS_1,LEO_1,400.493867,400.429182,0.005796,0.006803,0.260432
17,T17_UAV_16,BS_1,LEO_0,432.460039,432.395967,0.008862,0.011409,0.219006
17,T17_UAV_14,BS_0,HAP_2,778.303097,778.1276,0.029524,0.009389,0.182921
17,T17_UAV_7,BS_1,LEO_1,507.417878,507.342825,0.00556,0.017407,0.260432
17,T17_UAV_9,BS_4,HAP_2,960.97916,960.773874,0.031069,0.037632,0.182921
17,T17_UAV_10,BS_3,LEO_0,735.295806,735.212556,0.016447,0.023003,0.219006
17,T17_UAV_4,BS_2,HAP_2,1112.210737,1112.028778,0.03387,0.011505,0.182921
17,T17_UAV_1,BS_0,HAP_2,1832.114024,1831.913039,0.034862,0.029538,0.182921
18,T18_UAV_8,BS_0,LEO_0,223.853446,223.765507,0.004713,0.018949,0.321385
18,T18_UAV_17,BS_2,LEO_1,299.252734,299.067015,0.04362,0.004863,0.186183
18,T18_UAV_19,BS_4,HAP_1,356.8376,356.664306,0.027627,0.012388,0.166398
18,T18_UAV_4,BS_2,HAP_0,435.135637,434.92582,0.027529,0.02377,0.292593
18,T18_UAV_14,BS_0,LEO_1,363.292913,363.104529,0.043591,0.007557,0.186183
18,T18_UAV_1,BS_0,HAP_2,403.318482,403.127372,0.027955,0.018101,0.225272
18,T18_UAV_6,BS_0,LEO_0,416.962307,416.883156,0.007624,0.00725,0.321385
18,T18_UAV_9,BS_4,HAP_1,570.848227,570.669475,0.028748,0.016724,0.166398
18,T18_UAV_3,BS_4,LEO_1,568.674733,568.476618,0.046661,0.014218,0.186183
18,T18_UAV_16,BS_1,HAP_0,640.507283,640.292661,0.027398,0.028706,0.292593
18,T18_UAV_2,BS_3,HAP_2,453.99937,453.795766,0.02999,0.028561,0.225272
18,T18_UAV_12,BS_0,LEO_0,471.394119,471.296596,0.010255,0.022991,0.321385
18,T18_UAV_13,BS_3,BS_2,499.997559,499.763292,0.04121,0.026006,0.335256
18,T18_UAV_18,BS_1,BS_3,536.951443,536.686501,0.043516,0.04882,0.36303
18,T18_UAV_7,BS_1,BS_4,741.401083,741.117694,0.056287,0.058214,0.344439
18,T18_UAV_10,BS_3,LEO_1,796.937887,796.734443,0.049354,0.016854,0.186183
18,T18_UAV_5,BS_1,HAP_0,929.340741,929.146686,0.028293,0.007244,0.292593
18,T18_UAV_0,BS_4,HAP_1,960.053925,959.880695,0.031864,0.008086,0.166398
19,T19_UAV_0,BS_4,LEO_1,366.551612,366.497168,0.003276,0.013396,0.188857
19,T19_UAV_11,BS_4,LEO_0,308.460061,308.255888,0.044938,0.020984,0.191255
19,T19_UAV_4,BS_2,HAP_0,367.092779,366.913323,0.027133,0.008812,0.217553
19,T19_UAV_15,BS_3,HAP_1,123.74799,123.520182,0.02636,0.039044,0.312023
19,T19_UAV_13,BS_3,LEO_1,384.958098,384.902221,0.003936,0.01417,0.188857
19,T19_UAV_19,BS_4,LEO_0,370.247274,370.056064,0.046545,0.006414,0.191255
19,T19_UAV_18,BS_1,LEO_1,613.132839,613.08312,0.005882,0.006065,0.188857
19,T19_UAV_9,BS_4,LEO_0,500.408827,500.193387,0.047836,0.029353,0.191255
19,T19_UAV_6,BS_0,HAP_0,734.007322,733.819226,0.029023,0.015562,0.217553
19,T19_UAV_2,BS_3,LEO_1,640.087028,640.028292,0.006369,0.014595,0.188857
19,T19_UAV_12,BS_0,LEO_0,553.596558,553.403985,0.049349,0.004973,0.191255
19,T19_UAV_7,BS_1,BS_2,628.843685,628.623763,0.049259,0.012644,0.290092
19,T19_UAV_17,BS_2,BS_0,782.142037,781.847857,0.058831,0.076785,0.292818
19,T19_UAV_10,BS_3,LEO_1,958.039089,957.984422,0.00944,0.007456,0.188857
19,T19_UAV_1,BS_0,HAP_0,1161.842981,1161.633002,0.031137,0.035331,0.217553
20,T20_UAV_11,BS_4,LEO_0,499.315473,499.266915,0.005067,0.004539,0.194753
20,T20_UAV_1,BS_0,LEO_1,376.020958,375.811423,0.044223,0.023893,0.207092
20,T20_UAV_0,BS_4,LEO_0,530.085806,530.031744,0.005488,0.009623,0.194753
20,T20_UAV_19,BS_4,HAP_0,407.800185,407.738807,0.002658,0.013745,0.224875
20,T20_UAV_2,BS_3,HAP_1,538.674795,538.464235,0.028874,0.018435,0.316254
20,T20_UAV_18,BS_1,HAP_2,560.998334,560.790397,0.031653,0.012788,0.317479
20,T20_UAV_3,BS_4,LEO_1,603.089071,602.889849,0.04897,0.008834,0.207092
20,T20_UAV_10,BS_3,LEO_0,990.373946,990.311524,0.01083,0.012641,0.194753
20,T20_UAV_4,BS_2,HAP_0,606.545975,606.467826,0.004049,0.029125,0.224875
20,T20_UAV_6,BS_0,LEO_0,1136.121276,1136.048478,0.010385,0.023462,0.194753
20,T20_UAV_15,BS_3,HAP_1,659.242089,659.024781,0.030309,0.023748,0.316254
20,T20_UAV_13,BS_3,HAP_2,687.34259,687.134804,0.033097,0.011194,0.317479
20,T20_UAV_17,BS_2,LEO_1,697.696447,697.491498,0.050751,0.012779,0.207092
20,T20_UAV_9,BS_4,BS_1,763.936327,763.670082,0.057696,0.055114,0.267176
20,T20_UAV_7,BS_1,LEO_0,1167.273629,1167.208059,0.010351,0.016269,0.194753
20,T20_UAV_5,BS_1,LEO_0,1561.68532,1561.618808,0.014935,0.012627,0.194753
20,T20_UAV_14,BS_0,LEO_0,1838.393634,1838.324206,0.017425,0.013053,0.194753
21,T21_UAV_3,BS_4,LEO_1,337.197876,337.000139,0.043952,0.004096,0.24844
21,T21_UAV_9,BS_4,LEO_0,308.611431,308.389368,0.046192,0.017068,0.294017
21,T21_UAV_11,BS_4,HAP_1,347.941097,347.879788,0.002723,0.014363,0.221113
21,T21_UAV_19,BS_4,HAP_0,351.014842,350.934515,0.002292,0.013983,0.320257
21,T21_UAV_10,BS_3,HAP_2,366.748768,366.556794,0.028993,0.012519,0.252311
21,T21_UAV_7,BS_1,LEO_1,505.410796,505.190142,0.044412,0.026555,0.24844
21,T21_UAV_8,BS_0,LEO_0,394.480902,394.254207,0.048287,0.019604,0.294017
21,T21_UAV_13,BS_3,HAP_1,426.429347,426.374284,0.003558,0.007283,0.221113
21,T21_UAV_17,BS_2,HAP_0,452.779859,452.687217,0.003132,0.025458,0.320257
21,T21_UAV_2,BS_3,HAP_2,531.607258,531.387814,0.030869,0.038113,0.252311
21,T21_UAV_1,BS_0,LEO_1,802.427922,802.205538,0.047206,0.02549,0.24844
21,T21_UAV_14,BS_0,LEO_0,617.028328,616.812395,0.051756,0.005374,0.294017
21,T21_UAV_5,BS_1,BS_2,697.338891,697.066804,0.053535,0.028692,0.449299
21,T21_UAV_16,BS_1,BS_3,775.747823,775.458556,0.058432,0.063029,0.339031
21,T21_UAV_6,BS_0,LEO_1,835.359541,835.156189,0.047691,0.005973,0.24844
22,T22_UAV_15,BS_3,LEO_1,434.891869,434.839609,0.004478,0.01054,0.18621
22,T22_UAV_2,BS_3,LEO_0,511.701553,511.48071,0.048975,0.023351,0.242584
22,T22_UAV_14,BS_0,LEO_1,498.521402,498.466315,0.004165,0.01368,0.18621
22,T22_UAV_10,BS_3,HAP_0,433.498622,433.402031,0.003385,0.019862,0.366714
22,T22_UAV_8,BS_0,HAP_2,685.602641,685.527523,0.005622,0.019408,0.250435
22,T22_UAV_16,BS_1,HAP_1,703.144121,702.958643,0.030747,0.008734,0.229983
22,T22_UAV_9,BS_4,LEO_0,634.72697,634.515928,0.049939,0.012587,0.242584
22,T22_UAV_6,BS_0,HAP_0,511.385701,511.288616,0.003197,0.020545,0.366714
22,T22_UAV_1,BS_0,LEO_1,859.90045,859.836787,0.006547,0.019874,0.18621
22,T22_UAV_3,BS_4,HAP_2,785.3644,785.293537,0.007249,0.013527,0.250435
22,T22_UAV_17,BS_2,HAP_1,791.903664,791.717804,0.03095,0.008914,0.229983
22,T22_UAV_5,BS_1,LEO_0,867.846054,867.623755,0.053076,0.020706,0.242584
22,T22_UAV_19,BS_4,BS_2,710.924029,710.647454,0.054383,0.032452,0.448695
22,T22_UAV_0,BS_4,BS_3,795.174421,794.865876,0.059644,0.07698,0.359599
22,T22_UAV_11,BS_4,LEO_1,1066.580248,1066.527862,0.009375,0.00577,0.18621
22,T22_UAV_4,BS_2,LEO_0,885.007817,884.79196,0.056391,0.01095,0.242584
22,T22_UAV_12,BS_0,HAP_2,1051.530614,1051.45505,0.009147,0.01633,0.250435
22,T22_UAV_18,BS_1,LEO_1,1095.194448,1095.133481,0.010525,0.013201,0.18621
22,T22_UAV_7,BS_1,HAP_1,1135.071477,1134.881909,0.0322,0.011371,0.229983
23,T23_UAV_3,BS_4,LEO_1,214.628819,214.553595,0.003201,0.006355,0.328337
23,T23_UAV_4,BS_2,LEO_0,306.660687,306.448982,0.045672,0.028788,0.186222
23,T23_UAV_11,BS_4,HAP_1,386.594598,386.514227,0.002596,0.030104,0.238357
23,T23_UAV_9,BS_4,HAP_0,272.199675,271.992465,0.026565,0.025605,0.275198
23,T23_UAV_12,BS_0,LEO_0,446.209491,446.01615,0.04753,0.008567,0.186222
23,T23_UAV_2,BS_3,HAP_2,511.362405,511.142491,0.030662,0.02645,0.314013
23,T23_UAV_0,BS_4,LEO_1,517.102216,517.004019,0.006945,0.025585,0.328337
23,T23_UAV_8,BS_0,HAP_1,776.18335,776.121268,0.003988,0.010423,0.238357
23,T23_UAV_19,BS_4,LEO_1,540.950139,540.849568,0.008048,0.026856,0.328337
23,T23_UAV_15,BS_3,HAP_0,596.390904,596.197128,0.029626,0.00911,0.275198
23,T23_UAV_7,BS_1,HAP_2,607.982148,607.773106,0.029317,0.016922,0.314013
23,T23_UAV_1,BS_0,LEO_0,824.921398,824.709455,0.051611,0.023089,0.186222
23,T23_UAV_10,BS_3,BS_2,622.504155,622.284346,0.048863,0.024033,0.234565
23,T23_UAV_18,BS_1,BS_3,770.307402,770.07361,0.058096,0.014616,0.305401
23,T23_UAV_13,BS_3,BS_1,781.569549,781.320287,0.058798,0.01883,0.358171
23,T23_UAV_14,BS_0,LEO_0,908.950305,908.742345,0.053525,0.017191,0.186222
23,T23_UAV_5,BS_1,HAP_1,1054.42892,1054.363514,0.008478,0.009257,0.238357
24,T24_UAV_17,BS_2,LEO_0,202.804319,202.732956,0.004778,0.02272,0.219332
24,T24_UAV_9,BS_4,LEO_1,376.200767,376.008989,0.043208,0.009554,0.195079
24,T24_UAV_4,BS_2,HAP_1,249.111077,249.017541,0.00238,0.029096,0.310296
24,T24_UAV_2,BS_3,HAP_2,264.201235,264.12861,0.002932,0.021807,0.239428
24,T24_UAV_14,BS_0,LEO_1,450.621764,450.432107,0.043758,0.006883,0.195079
24,T24_UAV_6,BS_0,HAP_0,374.124199,373.938379,0.027338,0.007689,0.253967
24,T24_UAV_3,BS_4,LEO_0,438.52961,438.453172,0.009991,0.022581,0.219332
24,T24_UAV_12,BS_0,HAP_1,447.788878,447.717976,0.002604,0.006238,0.310296
24,T24_UAV_5,BS_1,HAP_2,499.68857,499.618937,0.004498,0.017249,0.239428
24,T24_UAV_11,BS_4,LEO_1,962.834316,962.630713,0.048459,0.016127,0.195079
24,T24_UAV_13,BS_3,LEO_0,612.547614,612.483324,0.014364,0.006061,0.219332
24,T24_UAV_1,BS_0,HAP_0,648.188189,647.996356,0.028877,0.012162,0.253967
24,T24_UAV_10,BS_3,BS_2,733.547032,733.27805,0.055797,0.058129,0.275277
24,T24_UAV_8,BS_0,BS_3,769.788512,769.538834,0.058062,0.025157,0.332293
24,T24_UAV_16,BS_1,BS_0,775.858049,775.576521,0.058439,0.05285,0.351192
24,T24_UAV_15,BS_3,BS_1,800.387148,800.146042,0.059974,0.019394,0.308687
24,T24_UAV_7,BS_1,LEO_1,1237.340043,1237.124444,0.049156,0.027427,0.195079
24,T24_UAV_0,BS_4,LEO_1,1256.859776,1256.653463,0.051245,0.016053,0.195079
25,T25_UAV_2,BS_3,LEO_0,287.203671,286.982681,0.045042,0.029343,0.233022
25,T25_UAV_6,BS_0,LEO_1,229.816954,229.578967,0.042654,0.024751,0.352911
25,T25_UAV_5,BS_1,HAP_0,365.65887,365.485863,0.026288,0.006229,0.202453
25,T25_UAV_9,BS_4,HAP_2,270.077538,269.860201,0.027432,0.033832,0.280371
25,T25_UAV_8,BS_0,HAP_1,277.809486,277.729538,0.001617,0.011638,0.333471
25,T25_UAV_1,BS_0,LEO_0,534.006389,533.789074,0.047506,0.023204,0.233022
25,T25_UAV_11,BS_4,LEO_1,570.680417,570.429638,0.04751,0.032687,0.352911
25,T25_UAV_4,BS_2,HAP_0,667.242436,667.052859,0.028887,0.0202,0.202453
25,T25_UAV_0,BS_4,HAP_2,476.365513,476.160029,0.029733,0.019677,0.280371
25,T25_UAV_17,BS_2,HAP_1,659.608184,659.525226,0.005894,0.01037,0.333471
25,T25_UAV_13,BS_3,LEO_0,887.675646,887.453356,0.056129,0.019557,0.233022
25,T25_UAV_7,BS_1,LEO_1,691.014438,690.773758,0.047521,0.022577,0.352911
25,T25_UAV_12,BS_0,BS_2,728.222984,727.932049,0.055463,0.059208,0.381316
25,T25_UAV_15,BS_3,BS_1,740.791482,740.510368,0.056249,0.056042,0.344115
25,T25_UAV_16,BS_1,LEO_0,913.25663,913.049452,0.054625,0.005948,0.233022
25,T25_UAV_14,BS_0,HAP_0,1105.321705,1105.142959,0.032253,0.006002,0.202453
26,T26_UAV_9,BS_4,LEO_1,296.090401,295.874915,0.042992,0.015236,0.286296
26,T26_UAV_19,BS_4,LEO_0,289.31694,289.102287,0.046588,0.024484,0.217909
26,T26_UAV_17,BS_2,HAP_2,518.086539,518.009254,0.005073,0.03408,0.190661
26,T26_UAV_8,BS_0,HAP_1,546.194526,546.018411,0.027813,0.026376,0.109631
26,T26_UAV_6,BS_0,HAP_0,425.308185,425.097143,0.02766,0.016537,0.334227
26,T26_UAV_14,BS_0,LEO_1,601.229625,601.007399,0.045943,0.019023,0.286296
26,T26_UAV_15,BS_3,LEO_0,524.579467,524.35645,0.052298,0.027137,0.217909
26,T26_UAV_10,BS_3,HAP_2,716.193617,716.133663,0.006495,0.015327,0.190661
26,T26_UAV_5,BS_1,HAP_1,802.256455,802.084651,0.03146,0.018418,0.109631
26,T26_UAV_13,BS_3,LEO_1,737.779601,737.544002,0.048995,0.029344,0.286296
26,T26_UAV_7,BS_1,HAP_0,642.829257,642.606922,0.028679,0.026811,0.334227
26,T26_UAV_0,BS_4,LEO_0,757.376388,757.155766,0.055986,0.021054,0.217909
26,T26_UAV_1,BS_0,HAP_2,912.222305,912.15442,0.005751,0.024001,0.190661
26,T26_UAV_3,BS_4,LEO_1,1032.332827,1032.117758,0.052153,0.005657,0.286296
26,T26_UAV_18,BS_1,HAP_1,1163.316542,1163.151103,0.035266,0.008247,0.109631
27,T27_UAV_1,BS_0,LEO_0,316.366895,316.291808,0.00445,0.023954,0.233416
27,T27_UAV_12,BS_0,LEO_1,384.160573,383.962214,0.044473,0.012391,0.207474
27,T27_UAV_18,BS_1,HAP_0,455.356271,455.155093,0.027088,0.02973,0.221797
27,T27_UAV_8,BS_0,HAP_1,307.82249,307.646393,0.026792,0.00662,0.213429
27,T27_UAV_4,BS_2,HAP_2,308.001249,307.790462,0.028817,0.031519,0.252254
27,T27_UAV_19,BS_4,LEO_0,475.555766,475.48487,0.00843,0.015783,0.233416
27,T27_UAV_11,BS_4,LEO_1,571.566098,571.369409,0.045966,0.009228,0.207474
27,T27_UAV_10,BS_3,LEO_0,640.467215,640.396661,0.011221,0.01265,0.233416
27,T27_UAV_14,BS_0,HAP_1,507.446904,507.263307,0.027831,0.01308,0.213429
27,T27_UAV_5,BS_1,HAP_0,925.790299,925.608421,0.028261,0.009257,0.221797
27,T27_UAV_0,BS_4,HAP_2,629.815485,629.609513,0.031267,0.024253,0.252254
27,T27_UAV_16,BS_1,LEO_1,898.308747,898.103425,0.049075,0.014752,0.207474
27,T27_UAV_6,BS_0,BS_2,682.190861,681.914588,0.052588,0.045596,0.390441
27,T27_UAV_13,BS_3,BS_1,717.331305,717.071246,0.054785,0.034394,0.354405
27,T27_UAV_15,BS_3,LEO_0,959.155757,959.058292,0.017465,0.033317,0.233416
27,T27_UAV_3,BS_4,LEO_1,974.28794,974.073803,0.051476,0.021166,0.207474
27,T27_UAV_9,BS_4,HAP_0,1105.067674,1104.870483,0.03061,0.022222,0.221797
28,T28_UAV_12,BS_0,LEO_1,319.497443,319.414536,0.004726,0.02719,0.254955
28,T28_UAV_5,BS_1,HAP_0,986.816828,986.768972,0.002844,0.005667,0.196725
28,T28_UAV_7,BS_1,LEO_0,251.344186,251.26183,0.006343,0.023193,0.264102
28,T28_UAV_14,BS_0,HAP_1,430.661114,430.591681,0.002403,0.019516,0.237567
28,T28_UAV_3,BS_4,HAP_2,219.814728,219.75965,0.003671,0.00989,0.207587
28,T28_UAV_1,BS_0,LEO_1,466.342459,466.262252,0.00523,0.023986,0.254955
28,T28_UAV_0,BS_4,LEO_0,312.577407,312.509618,0.009532,0.005436,0.264102
28,T28_UAV_16,BS_1,HAP_0,1469.49724,1469.430411,0.004457,0.023027,0.196725
28,T28_UAV_6,BS_0,HAP_0,1496.516863,1496.453632,0.006148,0.017738,0.196725
28,T28_UAV_10,BS_3,HAP_1,553.424623,553.367276,0.004053,0.005781,0.237567
28,T28_UAV_9,BS_4,LEO_1,612.914568,612.840536,0.007818,0.015223,0.254955
28,T28_UAV_15,BS_3,HAP_0,1868.370115,1868.307714,0.008838,0.014218,0.196725
28,T28_UAV_2,BS_3,HAP_0,2318.090194,2318.024073,0.011252,0.015524,0.196725
28,T28_UAV_18,BS_1,HAP_0,2512.321486,2512.251058,0.008974,0.022109,0.196725
28,T28_UAV_4,BS_2,HAP_0,2907.90951,2907.846533,0.012493,0.011139,0.196725
28,T28_UAV_11,BS_4,HAP_0,3419.468366,3419.401609,0.013385,0.014026,0.196725
28,T28_UAV_13,BS_3,HAP_0,3565.137164,3565.066799,0.016256,0.014764,0.196725
29,T29_UAV_9,BS_4,LEO_1,206.421237,206.343423,0.002632,0.012625,0.312788
29,T29_UAV_16,BS_1,LEO_0,229.161643,228.944638,0.044709,0.011834,0.302309
29,T29_UAV_5,BS_1,HAP_1,231.536736,231.45765,0.002231,0.012838,0.320084
29,T29_UAV_0,BS_4,HAP_0,266.455091,266.235438,0.026471,0.008394,0.423941
29,T29_UAV_6,BS_0,HAP_2,305.298814,305.095819,0.027313,0.008667,0.335081
29,T29_UAV_19,BS_4,LEO_1,305.624494,305.538952,0.004555,0.01843,0.312788
29,T29_UAV_7,BS_1,LEO_0,356.632173,356.405509,0.046269,0.019933,0.302309
29,T29_UAV_18,BS_1,HAP_1,421.544961,421.464454,0.004493,0.011997,0.320084
29,T29_UAV_17,BS_2,LEO_1,444.722148,444.647519,0.006898,0.005174,0.312788
29,T29_UAV_4,BS_2,HAP_0,583.076676,582.839905,0.028898,0.023084,0.423941
29,T29_UAV_13,BS_3,HAP_2,592.026123,591.819472,0.031986,0.007649,0.335081
29,T29_UAV_10,BS_3,LEO_0,665.312009,665.06682,0.055019,0.029708,0.302309
29,T29_UAV_8,BS_0,BS_2,686.411528,686.109834,0.05285,0.051182,0.488307
29,T29_UAV_14,BS_0,BS_3,752.298261,752.025215,0.056968,0.047361,0.343587
29,T29_UAV_15,BS_3,BS_1,756.218781,755.960329,0.057214,0.034831,0.332033
30,T30_UAV_7,BS_1,LEO_0,756.403595,756.353383,0.006683,0.00516,0.191845
30,T30_UAV_19,BS_4,LEO_1,334.612411,334.528297,0.004988,0.007262,0.359315
30,T30_UAV_18,BS_1,HAP_2,737.710716,737.633661,0.00633,0.027085,0.218202
30,T30_UAV_0,BS_4,HAP_1,374.532863,374.439812,0.003173,0.011302,0.392879
30,T30_UAV_15,BS_3,HAP_0,221.378178,221.167472,0.027307,0.008465,0.374664
30,T30_UAV_10,BS_3,LEO_0,784.7904,784.737639,0.00865,0.005743,0.191845
30,T30_UAV_1,BS_0,LEO_0,859.249144,859.197809,0.007723,0.005244,0.191845
30,T30_UAV_13,BS_3,LEO_1,628.252471,628.15257,0.009736,0.018302,0.359315
30,T30_UAV_17,BS_2,HAP_2,971.88882,971.818463,0.008394,0.018323,0.218202
30,T30_UAV_5,BS_1,LEO_0,939.841709,939.784193,0.009086,0.010062,0.191845
30,T30_UAV_3,BS_4,HAP_1,730.13351,730.043867,0.00611,0.004957,0.392879
30,T30_UAV_12,BS_0,HAP_2,1039.750212,1039.665538,0.008009,0.033024,0.218202
30,T30_UAV_11,BS_4,LEO_1,793.510498,793.404258,0.010473,0.023904,0.359315
30,T30_UAV_16,BS_1,LEO_0,1274.054899,1273.985142,0.01294,0.018448,0.191845
30,T30_UAV_9,BS_4,LEO_0,1612.527536,1612.461124,0.015995,0.012048,0.191845
30,T30_UAV_2,BS_3,HAP_2,1561.168355,1561.079382,0.012711,0.032622,0.218202
30,T30_UAV_6,BS_0,LEO_0,1804.992737,1804.917228,0.016597,0.020543,0.191845
31,T31_UAV_15,BS_3,LEO_1,412.199471,411.999676,0.044228,0.010416,0.225757
31,T31_UAV_1,BS_0,LEO_0,230.106883,229.873971,0.045898,0.011872,0.375709
31,T31_UAV_10,BS_3,HAP_1,904.123659,903.962401,0.02943,0.010952,0.104384
31,T31_UAV_6,BS_0,HAP_0,192.594906,192.383607,0.026563,0.015543,0.345966
31,T31_UAV_7,BS_1,LEO_1,691.979591,691.765302,0.045096,0.024042,0.225757
31,T31_UAV_19,BS_4,HAP_1,977.768423,977.602756,0.030326,0.014464,0.104384
31,T31_UAV_3,BS_4,HAP_2,361.429499,361.224096,0.03105,0.007856,0.332485
31,T31_UAV_13,BS_2,LEO_1,733.174929,732.966887,0.047473,0.015417,0.225757
31,T31_UAV_17,BS_2,LEO_0,483.634174,483.371368,0.056544,0.03112,0.375709
31,T31_UAV_9,BS_4,HAP_1,1201.446184,1201.286713,0.031093,0.007502,0.104384
31,T31_UAV_2,BS_3,LEO_1,801.375972,801.170092,0.048047,0.012682,0.225757
31,T31_UAV_12,BS_0,HAP_1,1520.338791,1520.163171,0.031302,0.023441,0.104384
31,T31_UAV_11,BS_4,LEO_1,959.387785,959.182039,0.048445,0.01215,0.225757
31,T31_UAV_5,BS_1,HAP_1,1672.910264,1672.742816,0.034922,0.01165,0.104384
31,T31_UAV_4,BS_2,HAP_1,2546.229659,2546.065142,0.040109,0.003532,0.104384
31,T31_UAV_14,BS_0,HAP_1,2583.646509,2583.468635,0.035345,0.021652,0.104384
32,T32_UAV_8,BS_0,LEO_1,263.433518,263.365699,0.003715,0.017062,0.235207
32,T32_UAV_15,BS_3,LEO_0,203.835522,203.582778,0.046896,0.043475,0.311863
32,T32_UAV_2,BS_3,HAP_0,668.178695,667.998271,0.028857,0.021715,0.149258
32,T32_UAV_17,BS_2,HAP_2,150.027165,149.82607,0.027707,0.025349,0.240195
32,T32_UAV_19,BS_4,HAP_1,195.710147,195.472489,0.027316,0.026701,0.418203
32,T32_UAV_12,BS_0,HAP_0,737.253704,737.065482,0.02971,0.02866,0.149258
32,T32_UAV_18,BS_1,LEO_1,624.254245,624.18391,0.009117,0.014177,0.235207
32,T32_UAV_7,BS_1,LEO_0,499.174699,498.924965,0.052557,0.034804,0.311863
32,T32_UAV_3,BS_4,BS_1,1097.404839,1097.116897,0.078526,0.077012,0.162023
32,T32_UAV_14,BS_0,LEO_1,713.648815,713.57845,0.008888,0.014436,0.235207
32,T32_UAV_4,BS_2,HAP_0,1437.196539,1437.006375,0.032203,0.02811,0.149258
32,T32_UAV_0,BS_4,HAP_0,1539.507711,1539.338907,0.031631,0.00732,0.149258
32,T32_UAV_11,BS_4,BS_1,1238.677401,1238.412472,0.087352,0.045172,0.162023
32,T32_UAV_1,BS_0,HAP_0,1762.349154,1762.161456,0.033076,0.02477,0.149258
33,T33_UAV_12,BS_0,LEO_1,212.718292,212.632816,0.003142,0.01726,0.325373
33,T33_UAV_1,BS_0,LEO_0,306.408872,306.201533,0.04429,0.015886,0.235811
33,T33_UAV_16,BS_1,HAP_2,440.9548,440.884982,0.003677,0.018483,0.238294
33,T33_UAV_11,BS_4,HAP_1,368.634783,368.40867,0.027899,0.015371,0.414211
33,T33_UAV_4,BS_2,LEO_0,398.840354,398.638921,0.047431,0.006839,0.235811
33,T33_UAV_7,BS_1,HAP_0,454.59201,454.35611,0.02758,0.01729,0.455142
33,T33_UAV_10,BS_3,LEO_1,517.478081,517.388732,0.00782,0.016454,0.325373
33,T33_UAV_3,BS_4,HAP_2,553.518432,553.459856,0.005163,0.005754,0.238294
33,T33_UAV_15,BS_3,LEO_0,557.723097,557.500657,0.050136,0.025142,0.235811
33,T33_UAV_6,BS_0,LEO_1,550.861398,550.772548,0.006431,0.017345,0.325373
33,T33_UAV_18,BS_1,HAP_0,569.78765,569.556437,0.027946,0.012239,0.455142
33,T33_UAV_2,BS_3,LEO_0,740.984654,740.742809,0.053115,0.041568,0.235811
33,T33_UAV_8,BS_0,HAP_1,743.659946,743.40821,0.029365,0.039528,0.414211
33,T33_UAV_17,BS_2,HAP_2,1104.475557,1104.388213,0.010893,0.028793,0.238294
34,T34_UAV_9,BS_4,LEO_0,208.850874,208.632582,0.044176,0.025448,0.243341
34,T34_UAV_18,BS_1,LEO_1,291.273127,291.185745,0.00336,0.011315,0.363539
34,T34_UAV_4,BS_2,HAP_1,212.747632,212.674289,0.002064,0.024826,0.232267
34,T34_UAV_5,BS_1,HAP_2,243.468003,243.402758,0.002239,0.01074,0.261331
34,T34_UAV_1,BS_0,HAP_0,359.642887,359.456503,0.027146,0.014598,0.223198
34,T34_UAV_19,BS_4,LEO_1,527.755392,527.663877,0.006211,0.012596,0.363539
34,T34_UAV_15,BS_3,LEO_0,429.289519,429.063659,0.050054,0.027138,0.243341
34,T34_UAV_0,BS_4,HAP_1,467.004326,466.944326,0.003968,0.009579,0.232267
34,T34_UAV_6,BS_0,HAP_2,509.60601,509.532186,0.003892,0.017666,0.261331
34,T34_UAV_17,BS_2,LEO_1,700.57323,700.473376,0.008578,0.018569,0.363539
34,T34_UAV_2,BS_3,HAP_0,585.501507,585.309927,0.029709,0.017231,0.223198
34,T34_UAV_12,BS_0,LEO_0,621.797619,621.573295,0.053492,0.022164,0.243341
34,T34_UAV_10,BS_3,BS_2,662.197829,661.958929,0.051342,0.014783,0.363872
34,T34_UAV_11,BS_4,BS_3,686.358423,686.11809,0.052851,0.03352,0.269809
34,T34_UAV_13,BS_2,BS_1,692.169503,691.933149,0.053214,0.024756,0.29192
34,T34_UAV_16,BS_1,BS_4,726.663166,726.436961,0.05537,0.011991,0.294223
34,T34_UAV_14,BS_0,LEO_1,1050.19049,1050.093083,0.0104,0.014299,0.363539
35,T35_UAV_14,BS_0,LEO_1,425.846795,425.660121,0.04311,0.022481,0.105414
35,T35_UAV_11,BS_4,LEO_0,226.741044,226.513184,0.044677,0.038518,0.223321
35,T35_UAV_12,BS_0,HAP_1,310.095171,309.897621,0.026814,0.028125,0.21305
35,T35_UAV_13,BS_2,LEO_1,569.026735,568.854161,0.045037,0.006454,0.105414
35,T35_UAV_19,BS_4,HAP_0,393.412651,393.224415,0.027637,0.015761,0.22419
35,T35_UAV_8,BS_0,HAP_2,493.021325,492.942429,0.004822,0.007053,0.335108
35,T35_UAV_7,BS_1,LEO_0,451.166414,450.962465,0.047916,0.011369,0.223321
35,T35_UAV_3,BS_4,LEO_1,673.264889,673.07365,0.045803,0.024353,0.105414
35,T35_UAV_10,BS_3,HAP_1,459.69612,459.486084,0.028407,0.039019,0.21305
35,T35_UAV_6,BS_0,HAP_0,460.878196,460.673854,0.027894,0.031609,0.22419
35,T35_UAV_2,BS_3,LEO_0,490.294072,490.083879,0.051192,0.014337,0.223321
35,T35_UAV_0,BS_4,HAP_2,520.596727,520.513975,0.005212,0.010519,0.335108
35,T35_UAV_1,BS_0,BS_3,572.649406,572.411865,0.045748,0.037104,0.273446
35,T35_UAV_17,BS_2,BS_1,596.128749,595.858472,0.047213,0.058462,0.32301
35,T35_UAV_5,BS_1,LEO_1,913.898089,913.718344,0.046456,0.012206,0.105414
35,T35_UAV_9,BS_4,BS_2,619.425756,619.202967,0.048671,0.01149,0.313139
35,T35_UAV_16,BS_1,LEO_1,1288.894112,1288.707198,0.049646,0.016185,0.105414
35,T35_UAV_15,BS_3,LEO_1,1370.160881,1369.979294,0.05222,0.008285,0.105414
36,T36_UAV_12,BS_0,LEO_0,182.091327,182.036168,0.005711,0.006947,0.212507
36,T36_UAV_15,BS_3,LEO_1,197.473711,197.279156,0.044367,0.004292,0.229481
36,T36_UAV_1,BS_0,HAP_2,303.898154,303.726587,0.026901,0.020497,0.120841
36,T36_UAV_7,BS_1,HAP_0,292.503132,292.328289,0.026654,0.010732,0.187289
36,T36_UAV_8,BS_0,HAP_1,248.666211,248.591409,0.001875,0.02591,0.235083
36,T36_UAV_9,BS_4,LEO_0,340.865112,340.79849,0.009849,0.014271,0.212507
36,T36_UAV_14,BS_0,LEO_1,379.970127,379.765309,0.046648,0.012273,0.229481
36,T36_UAV_19,BS_4,HAP_2,574.491003,574.319573,0.030346,0.016916,0.120841
36,T36_UAV_4,BS_2,HAP_0,445.431611,445.254684,0.027985,0.011485,0.187289
36,T36_UAV_6,BS_0,HAP_2,1057.50857,1057.342371,0.031956,0.010075,0.120841
37,T37_UAV_11,BS_4,LEO_0,372.436926,372.355467,0.007716,0.017262,0.282405
37,T37_UAV_8,BS_0,LEO_1,395.910986,395.688543,0.045564,0.027722,0.245779
37,T37_UAV_5,BS_1,HAP_0,1240.586575,1240.410807,0.028722,0.010197,0.184244
37,T37_UAV_19,BS_4,HAP_2,411.827925,411.759579,0.004663,0.014612,0.245352
37,T37_UAV_2,BS_3,HAP_1,553.051812,552.973272,0.004079,0.013944,0.302583
37,T37_UAV_7,BS_1,LEO_0,436.808823,436.716075,0.007671,0.028596,0.282405
37,T37_UAV_17,BS_2,LEO_1,462.39877,462.197001,0.047194,0.005418,0.245779
37,T37_UAV_15,BS_3,HAP_0,1718.139875,1717.960132,0.033637,0.009257,0.184244
37,T37_UAV_6,BS_0,HAP_2,493.147672,493.070474,0.00378,0.024347,0.245352
37,T37_UAV_14,BS_0,LEO_0,509.643331,509.559532,0.009725,0.017593,0.282405
37,T37_UAV_10,BS_3,LEO_1,544.467917,544.254918,0.048246,0.015597,0.245779
37,T37_UAV_13,BS_2,HAP_1,571.415938,571.327568,0.004898,0.022955,0.302583
37,T37_UAV_4,BS_2,BS_3,737.981082,737.727899,0.056075,0.028422,0.343429
37,T37_UAV_18,BS_1,BS_2,773.456403,773.190827,0.05829,0.04202,0.326332
37,T37_UAV_9,BS_4,HAP_0,1950.864562,1950.675387,0.032894,0.019432,0.184244
37,T37_UAV_16,BS_1,HAP_0,2270.60955,2270.411545,0.032209,0.028947,0.184244
37,T37_UAV_12,BS_0,HAP_0,2287.085224,2286.897233,0.038039,0.013104,0.184244
37,T37_UAV_3,BS_4,HAP_0,2384.801552,2384.606176,0.036095,0.022432,0.184244
37,T37_UAV_1,BS_0,HAP_0,2546.298401,2546.111799,0.035727,0.014026,0.184244
38,T38_UAV_17,BS_2,LEO_1,498.548555,498.495268,0.003964,0.010562,0.193805
38,T38_UAV_12,BS_0,LEO_0,156.604595,156.511239,0.004909,0.015018,0.367142
38,T38_UAV_4,BS_2,HAP_2,260.269203,260.188315,0.003277,0.018041,0.297852
38,T38_UAV_1,BS_0,LEO_1,579.810382,579.744976,0.003469,0.023176,0.193805
38,T38_UAV_3,BS_4,HAP_1,332.206811,332.121339,0.002811,0.01221,0.352256
38,T38_UAV_15,BS_3,HAP_0,176.491319,176.247659,0.026816,0.025803,0.455202
38,T38_UAV_9,BS_4,LEO_0,268.205036,268.117104,0.007746,0.006756,0.367142
38,T38_UAV_5,BS_1,LEO_1,730.406337,730.356785,0.004655,0.006136,0.193805
38,T38_UAV_13,BS_2,HAP_2,329.018313,328.938423,0.003894,0.016425,0.297852
38,T38_UAV_11,BS_4,BS_2,595.740079,595.491158,0.04719,0.042537,0.295967
38,T38_UAV_18,BS_1,LEO_1,1069.353591,1069.279289,0.008058,0.027483,0.193805
38,T38_UAV_8,BS_0,HAP_1,676.471238,676.379865,0.003998,0.016925,0.352256
38,T38_UAV_7,BS_1,BS_3,710.916359,710.700577,0.054387,0.010765,0.253148
38,T38_UAV_19,BS_4,LEO_1,1308.639019,1308.57607,0.010032,0.014156,0.193805
38,T38_UAV_10,BS_3,LEO_1,1399.507481,1399.443257,0.010872,0.014591,0.193805
38,T38_UAV_2,BS_3,LEO_1,1617.872333,1617.816452,0.012682,0.004438,0.193805
39,T39_UAV_16,BS_1,LEO_0,573.96461,573.782016,0.047671,0.011209,0.11857
39,T39_UAV_8,BS_0,LEO_1,397.569243,397.368653,0.045585,0.00457,0.252172
39,T39_UAV_5,BS_1,HAP_1,1787.517529,1787.343839,0.034841,0.019116,0.098661
39,T39_UAV_13,BS_2,LEO_0,726.735641,726.543991,0.050915,0.01702,0.11857
39,T39_UAV_17,BS_2,LEO_1,454.121129,453.913566,0.047074,0.010055,0.252172
39,T39_UAV_12,BS_0,HAP_1,1826.371891,1826.214084,0.032176,0.005898,0.098661
39,T39_UAV_2,BS_3,LEO_0,916.703617,916.51087,0.053477,0.015557,0.11857
39,T39_UAV_11,BS_4,LEO_1,628.899017,628.681425,0.048314,0.018844,0.252172
39,T39_UAV_4,BS_2,HAP_1,1906.297692,1906.126608,0.035537,0.015815,0.098661
39,T39_UAV_3,BS_4,BS_3,708.321827,708.046121,0.054221,0.062109,0.296882
39,T39_UAV_15,BS_3,LEO_0,919.0955,918.892635,0.0538,0.025351,0.11857
39,T39_UAV_6,BS_0,HAP_1,2414.257683,2414.075473,0.035411,0.027067,0.098661
39,T39_UAV_14,BS_0,LEO_0,1265.311308,1265.119578,0.055663,0.012353,0.11857
39,T39_UAV_10,BS_3,HAP_1,2681.491752,2681.329492,0.037415,0.005113,0.098661
39,T39_UAV_7,BS_1,HAP_1,3091.400992,3091.224054,0.039349,0.017857,0.098661
39,T39_UAV_18,BS_1,HAP_1,3130.443544,3130.276053,0.043287,0.004472,0.098661
39,T39_UAV_19,BS_4,HAP_1,3512.962662,3512.779354,0.042665,0.020911,0.098661
39,T39_UAV_9,BS_4,HAP_1,3581.062465,3580.878215,0.04203,0.022488,0.098661
40,T40_UAV_16,BS_1,LEO_1,436.40148,436.171878,0.043269,0.032846,0.267429
40,T40_UAV_18,BS_1,LEO_0,228.445727,228.222958,0.04526,0.016787,0.30361
40,T40_UAV_12,BS_0,HAP_0,241.974516,241.751782,0.027195,0.027034,0.342529
40,T40_UAV_2,BS_3,LEO_1,554.549228,554.334813,0.044875,0.016055,0.267429
40,T40_UAV_15,BS_3,HAP_1,442.537335,442.287733,0.028616,0.027663,0.466614
40,T40_UAV_8,BS_0,HAP_2,457.291574,457.083671,0.029462,0.017801,0.303197
40,T40_UAV_14,BS_0,LEO_1,589.942676,589.736411,0.044313,0.008467,0.267429
40,T40_UAV_9,BS_4,LEO_0,535.050596,534.825776,0.050716,0.013383,0.30361
40,T40_UAV_7,BS_1,BS_3,384.107152,383.876868,0.03397,0.043254,0.265296
40,T40_UAV_11,BS_4,HAP_0,553.243501,553.036703,0.028223,0.010069,0.342529
40,T40_UAV_10,BS_3,LEO_1,892.854774,892.618817,0.047781,0.03469,0.267429
40,T40_UAV_1,BS_0,HAP_1,643.188835,642.941912,0.029545,0.024055,0.466614
40,T40_UAV_13,BS_2,HAP_2,663.809447,663.595797,0.032854,0.020157,0.303197
40,T40_UAV_17,BS_2,LEO_0,664.827702,664.604275,0.055799,0.006907,0.30361
40,T40_UAV_0,BS_4,BS_2,710.564819,710.291805,0.054361,0.035965,0.413439
40,T40_UAV_3,BS_4,LEO_1,907.171183,906.957539,0.047839,0.012319,0.267429
40,T40_UAV_19,BS_4,LEO_1,1137.83621,1137.615343,0.049773,0.017608,0.267429
41,T41_UAV_8,BS_0,LEO_0,408.982396,408.919235,0.006694,0.006367,0.250506
41,T41_UAV_10,BS_3,LEO_1,312.805252,312.580333,0.044749,0.021689,0.292402
41,T41_UAV_7,BS_1,HAP_0,331.568572,331.385989,0.026865,0.011133,0.222922
41,T41_UAV_0,BS_4,HAP_1,340.103398,339.859762,0.027897,0.04077,0.374841
41,T41_UAV_18,BS_1,HAP_2,388.449874,388.256239,0.02966,0.009308,0.273341
41,T41_UAV_13,BS_2,LEO_0,548.22868,548.15892,0.009981,0.009678,0.250506
41,T41_UAV_19,BS_4,LEO_1,431.65181,431.420884,0.046447,0.025999,0.292402
41,T41_UAV_6,BS_0,LEO_0,658.999447,658.914547,0.009564,0.025234,0.250506
41,T41_UAV_4,BS_2,HAP_0,527.273001,527.069608,0.02854,0.030269,0.222922
41,T41_UAV_9,BS_4,HAP_1,555.438943,555.223674,0.029324,0.010977,0.374841
41,T41_UAV_15,BS_3,HAP_2,626.151183,625.938942,0.03238,0.025192,0.273341
41,T41_UAV_17,BS_2,LEO_1,728.096865,727.852951,0.051363,0.034071,0.292402
41,T41_UAV_2,BS_3,BS_2,738.856661,738.604299,0.05613,0.036439,0.298967
41,T41_UAV_14,BS_0,LEO_0,1009.743006,1009.657199,0.015058,0.020648,0.250506
42,T42_UAV_16,BS_1,LEO_0,285.545654,285.460671,0.005929,0.014596,0.322287
42,T42_UAV_6,BS_0,LEO_1,292.347946,292.13225,0.04343,0.024544,0.238608
42,T42_UAV_0,BS_4,HAP_1,921.736909,921.551699,0.030257,0.025487,0.147323
42,T42_UAV_12,BS_0,HAP_2,312.808521,312.743711,0.00326,0.014524,0.235134
42,T42_UAV_2,BS_3,HAP_0,315.841059,315.659221,0.02755,0.008632,0.228281
42,T42_UAV_15,BS_3,LEO_0,393.839468,393.754915,0.009236,0.010859,0.322287
42,T42_UAV_13,BS_2,LEO_1,430.221004,429.987267,0.04664,0.039376,0.238608
42,T42_UAV_7,BS_1,HAP_1,955.099832,954.91354,0.029967,0.026861,0.147323
42,T42_UAV_10,BS_3,HAP_2,453.195207,453.138618,0.005107,0.004454,0.235134
42,T42_UAV_9,BS_4,HAP_1,1100.821893,1100.650638,0.030875,0.010915,0.147323
42,T42_UAV_5,BS_1,HAP_0,624.249333,624.063963,0.027388,0.012326,0.228281
42,T42_UAV_1,BS_0,LEO_0,633.56519,633.477419,0.011329,0.011984,0.322287
42,T42_UAV_17,BS_2,LEO_1,726.610814,726.394589,0.051348,0.017156,0.238608
42,T42_UAV_11,BS_4,BS_2,758.146482,757.892063,0.057335,0.033991,0.315463
42,T42_UAV_8,BS_0,HAP_1,1411.834368,1411.648349,0.031144,0.02541,0.147323
42,T42_UAV_19,BS_4,HAP_1,1871.849049,1871.674207,0.03558,0.009798,0.147323
42,T42_UAV_4,BS_2,HAP_1,2075.537214,2075.331016,0.038117,0.038617,0.147323
43,T43_UAV_19,BS_4,LEO_1,613.325772,613.273837,0.004709,0.009321,0.189527
43,T43_UAV_18,BS_1,HAP_0,561.896147,561.72986,0.02745,0.007015,0.159112
43,T43_UAV_13,BS_2,HAP_2,615.101081,614.90476,0.03024,0.026744,0.196683
43,T43_UAV_6,BS_0,LEO_0,188.776696,188.678559,0.009604,0.010755,0.38889
43,T43_UAV_7,BS_1,LEO_1,742.337153,742.280572,0.00431,0.014365,0.189527
43,T43_UAV_11,BS_4,LEO_1,809.553596,809.476346,0.005599,0.033745,0.189527
43,T43_UAV_17,BS_2,HAP_0,707.926248,707.748728,0.028885,0.016812,0.159112
43,T43_UAV_12,BS_0,HAP_2,991.023744,990.827983,0.032606,0.023818,0.196683
43,T43_UAV_10,BS_3,LEO_1,1176.904572,1176.826305,0.009179,0.031183,0.189527
43,T43_UAV_5,BS_1,HAP_0,1101.510878,1101.311358,0.028659,0.039038,0.159112
43,T43_UAV_3,BS_4,HAP_2,1231.212054,1231.029003,0.035217,0.008498,0.196683
43,T43_UAV_1,BS_0,LEO_1,1456.356205,1456.286126,0.008698,0.023475,0.189527
43,T43_UAV_15,BS_3,LEO_1,1598.170951,1598.112434,0.012691,0.007921,0.189527
43,T43_UAV_9,BS_4,HAP_0,1375.113193,1374.92735,0.031341,0.02268,0.159112
43,T43_UAV_16,BS_1,HAP_2,1462.931063,1462.737819,0.035948,0.01796,0.196683
43,T43_UAV_8,BS_0,LEO_1,1790.138933,1790.064517,0.013023,0.023488,0.189527
44,T44_UAV_18,BS_1,LEO_1,202.144193,201.870219,0.042959,0.046549,0.422337
44,T44_UAV_2,BS_3,LEO_0,337.822204,337.598533,0.047761,0.014816,0.305471
44,T44_UAV_1,BS_0,HAP_0,303.782726,303.592345,0.02681,0.011775,0.258976
44,T44_UAV_0,BS_4,HAP_1,377.189102,376.937329,0.028219,0.024952,0.493013
44,T44_UAV_8,BS_0,HAP_2,379.630641,379.434178,0.0287,0.006467,0.306479
44,T44_UAV_4,BS_2,LEO_1,392.346805,392.083721,0.046212,0.032405,0.422337
44,T44_UAV_13,BS_2,LEO_0,393.760198,393.528842,0.049226,0.021036,0.305471
44,T44_UAV_5,BS_1,HAP_0,425.55709,425.345843,0.026627,0.032824,0.258976
44,T44_UAV_19,BS_4,HAP_1,474.426332,474.186823,0.028984,0.011923,0.493013
44,T44_UAV_16,BS_1,HAP_2,610.826345,610.599004,0.031169,0.034875,0.306479
44,T44_UAV_14,BS_0,BS_2,675.254443,675.031089,0.052158,0.015164,0.280157
44,T44_UAV_7,BS_1,LEO_1,680.94085,680.683379,0.047317,0.025686,0.422337
44,T44_UAV_11,BS_4,LEO_0,749.065029,748.829386,0.055536,0.019013,0.305471
44,T44_UAV_3,BS_4,BS_3,750.863747,750.545749,0.056876,0.043813,0.586548
44,T44_UAV_12,BS_0,BS_1,782.514314,782.251101,0.058856,0.03812,0.331184
45,T45_UAV_4,BS_2,LEO_0,407.737549,407.671303,0.007672,0.007405,0.255841
45,T45_UAV_3,BS_4,LEO_1,342.183279,341.96916,0.045158,0.006828,0.310666
45,T45_UAV_13,BS_2,HAP_1,468.952509,468.771821,0.028449,0.02757,0.123349
45,T45_UAV_5,BS_1,HAP_0,348.92511,348.742558,0.026334,0.00698,0.246187
45,T45_UAV_12,BS_0,HAP_2,354.656607,354.469791,0.028687,0.014203,0.219626
45,T45_UAV_6,BS_0,LEO_0,562.105328,562.020695,0.008179,0.025286,0.255841
45,T45_UAV_8,BS_0,LEO_1,465.142101,464.910866,0.046526,0.022576,0.310666
45,T45_UAV_11,BS_4,HAP_1,514.911076,514.721116,0.028492,0.036798,0.123349
45,T45_UAV_16,BS_1,LEO_0,643.371326,643.301763,0.010419,0.007977,0.255841
45,T45_UAV_18,BS_1,HAP_0,577.306793,577.093766,0.028042,0.035748,0.246187
45,T45_UAV_7,BS_1,HAP_2,591.92267,591.742591,0.029161,0.006993,0.219626
45,T45_UAV_19,BS_4,LEO_1,625.139376,624.888736,0.049357,0.039149,0.310666
45,T45_UAV_9,BS_4,BS_2,633.705622,633.471665,0.049562,0.028218,0.280885
45,T45_UAV_14,BS_0,BS_3,639.938519,639.646727,0.049948,0.071079,0.353827
45,T45_UAV_10,BS_3,BS_1,769.502079,769.23744,0.058043,0.037859,0.343684
45,T45_UAV_2,BS_3,LEO_0,860.063796,859.990004,0.015384,0.00724,0.255841
45,T45_UAV_0,BS_4,HAP_1,1034.763534,1034.599051,0.032511,0.007301,0.123349
46,T46_UAV_1,BS_0,LEO_1,289.009186,288.766826,0.043204,0.032451,0.333526
46,T46_UAV_6,BS_0,LEO_0,470.895235,470.685834,0.046844,0.006721,0.279177
46,T46_UAV_11,BS_4,HAP_1,728.293492,728.110889,0.028935,0.024204,0.147323
46,T46_UAV_16,BS_1,HAP_0,602.661434,602.609025,0.002267,0.009838,0.201519
46,T46_UAV_7,BS_1,HAP_2,651.333494,651.141212,0.02897,0.018661,0.223256
46,T46_UAV_13,BS_2,HAP_1,812.607179,812.441302,0.0297,0.006711,0.147323
46,T46_UAV_14,BS_0,LEO_1,482.678791,482.422109,0.046016,0.043961,0.333526
46,T46_UAV_5,BS_1,LEO_0,696.055106,695.833255,0.050787,0.015229,0.279177
46,T46_UAV_10,BS_3,HAP_1,1049.877157,1049.688608,0.030483,0.028601,0.147323
46,T46_UAV_0,BS_4,HAP_0,1017.440735,1017.358558,0.004997,0.036876,0.201519
46,T46_UAV_18,BS_1,HAP_2,1020.009051,1019.800693,0.035027,0.02868,0.223256
46,T46_UAV_15,BS_3,LEO_0,974.361435,974.141166,0.057703,0.00673,0.279177
46,T46_UAV_2,BS_3,LEO_1,752.299831,752.063493,0.051613,0.01802,0.333526
46,T46_UAV_17,BS_2,HAP_1,1380.652732,1380.462505,0.033334,0.027428,0.147323
46,T46_UAV_4,BS_2,LEO_0,1009.069042,1008.846556,0.058986,0.007664,0.279177
46,T46_UAV_19,BS_4,HAP_0,1138.428058,1138.37169,0.006791,0.009273,0.201519
46,T46_UAV_12,BS_0,HAP_2,1176.792923,1176.590384,0.035167,0.02272,0.223256
46,T46_UAV_3,BS_4,HAP_1,1608.23922,1608.042703,0.03419,0.032862,0.147323
46,T46_UAV_9,BS_4,HAP_1,2123.095308,2122.910283,0.036363,0.019198,0.147323
47,T47_UAV_9,BS_4,LEO_1,203.760541,203.680357,0.002583,0.034248,0.216769
47,T47_UAV_19,BS_4,LEO_0,430.372726,430.31798,0.005429,0.009503,0.19907
47,T47_UAV_11,BS_4,LEO_0,451.104217,451.048157,0.005211,0.011035,0.19907
47,T47_UAV_13,BS_2,HAP_2,321.887577,321.824835,0.003819,0.008857,0.250325
47,T47_UAV_17,BS_2,HAP_0,325.715096,325.527116,0.027251,0.012723,0.240032
47,T47_UAV_0,BS_4,LEO_1,328.139885,328.064242,0.004444,0.027846,0.216769
47,T47_UAV_15,BS_3,LEO_0,563.534633,563.475956,0.007268,0.011594,0.19907
47,T47_UAV_6,BS_0,LEO_1,503.264814,503.172598,0.005947,0.042915,0.216769
47,T47_UAV_12,BS_0,HAP_2,536.575569,536.508816,0.005585,0.011104,0.250325
47,T47_UAV_5,BS_1,LEO_0,904.040798,903.960524,0.010051,0.030409,0.19907
47,T47_UAV_2,BS_3,HAP_0,638.554611,638.337715,0.030176,0.038714,0.240032
47,T47_UAV_8,BS_0,LEO_0,1366.842181,1366.769807,0.015958,0.016602,0.19907
47,T47_UAV_14,BS_0,LEO_0,1563.969707,1563.89071,0.016754,0.022428,0.19907
48,T48_UAV_8,BS_0,LEO_0,300.706836,300.502184,0.044906,0.008469,0.256386
48,T48_UAV_10,BS_3,LEO_1,161.459812,161.369448,0.003519,0.026532,0.301565
48,T48_UAV_4,BS_2,HAP_2,241.395568,241.3256,0.003078,0.010175,0.283576
48,T48_UAV_11,BS_4,HAP_0,755.857157,755.661816,0.02824,0.029184,0.189587
48,T48_UAV_3,BS_4,HAP_1,145.728576,145.475688,0.026732,0.027796,0.491797
48,T48_UAV_7,BS_1,LEO_0,343.366083,343.157192,0.044692,0.012922,0.256386
48,T48_UAV_17,BS_2,HAP_2,327.326203,327.244372,0.004023,0.021093,0.283576
48,T48_UAV_16,BS_1,HAP_0,1122.480028,1122.296224,0.028674,0.017213,0.189587
48,T48_UAV_12,BS_0,LEO_1,374.748388,374.67353,0.007831,0.006713,0.301565
48,T48_UAV_13,BS_2,LEO_0,523.099258,522.867416,0.049513,0.031053,0.256386
48,T48_UAV_6,BS_0,BS_2,401.238513,401.034711,0.035042,0.016725,0.260174
48,T48_UAV_14,BS_0,HAP_0,1227.163231,1226.974766,0.031421,0.019127,0.189587
48,T48_UAV_19,BS_4,HAP_0,1232.168962,1231.97943,0.030995,0.02062,0.189587
48,T48_UAV_0,BS_4,LEO_0,988.889947,988.67591,0.056361,0.006399,0.256386
48,T48_UAV_18,BS_1,HAP_0,1710.583993,1710.396721,0.031823,0.017533,0.189587
48,T48_UAV_1,BS_1,HAP_0,2030.567859,2030.359114,0.033872,0.036956,0.189587
49,T49_UAV_14,BS_0,LEO_0,290.320637,290.251859,0.004336,0.018703,0.228695
49,T49_UAV_16,BS_1,LEO_1,588.304279,588.113177,0.043624,0.01061,0.184345
49,T49_UAV_9,BS_4,HAP_2,277.323217,277.223378,0.002495,0.025101,0.361217
49,T49_UAV_13,BS_2,HAP_1,565.889409,565.674556,0.029188,0.036622,0.245218
49,T49_UAV_2,BS_3,HAP_0,390.612736,390.373568,0.028168,0.024153,0.434233
49,T49_UAV_0,BS_4,LEO_0,510.393913,510.324914,0.008454,0.014806,0.228695
49,T49_UAV_8,BS_0,LEO_1,1021.867812,1021.665288,0.046753,0.018902,0.184345
49,T49_UAV_10,BS_3,LEO_1,1229.042462,1228.825961,0.048743,0.030889,0.184345
49,T49_UAV_18,BS_1,HAP_2,552.736609,552.641455,0.006667,0.016244,0.361217
49,T49_UAV_19,BS_4,LEO_0,757.416427,757.34253,0.013457,0.014701,0.228695
49,T49_UAV_4,BS_2,HAP_1,867.491619,867.301242,0.032184,0.00915,0.245218
49,T49_UAV_1,BS_1,HAP_0,616.74877,616.514521,0.028676,0.018727,0.434233
49,T49_UAV_17,BS_2,LEO_1,1240.088621,1239.879589,0.048998,0.023165,0.184345
49,T49_UAV_5,BS_1,BS_2,698.322983,698.082045,0.053598,0.02671,0.303146
49,T49_UAV_3,BS_4,LEO_0,834.990174,834.916551,0.014974,0.01291,0.228695
49,T49_UAV_7,BS_1,LEO_1,1430.058006,1429.865588,0.047586,0.007963,0.184345
49,T49_UAV_12,BS_0,HAP_1,1065.177414,1064.983259,0.03057,0.014542,0.245218
49,T49_UAV_6,BS_0,LEO_1,1597.806598,1597.601215,0.04918,0.019334,0.184345
49,T49_UAV_11,BS_4,LEO_1,1707.279994,1707.076824,0.050779,0.015522,0.184345
49,T49_UAV_15,BS_3,LEO_1,2121.727841,2121.515727,0.055274,0.019971,0.184345
50,T50_UAV_17,BS_2,LEO_0,95.304311,95.216667,0.006367,0.015628,0.328249
50,T50_UAV_1,BS_1,HAP_2,1648.505829,1648.317942,0.031568,0.019102,0.186082
50,T50_UAV_15,BS_3,LEO_1,165.138793,164.89082,0.046868,0.010603,0.452508
50,T50_UAV_18,BS_1,HAP_2,1716.691162,1716.501547,0.034236,0.018163,0.186082
50,T50_UAV_13,BS_2,HAP_0,261.708713,261.472673,0.027432,0.044829,0.318901
50,T50_UAV_7,BS_1,HAP_2,1861.652643,1861.476173,0.032319,0.006935,0.186082
50,T50_UAV_6,BS_0,HAP_1,380.660325,380.428574,0.028356,0.023466,0.399641
50,T50_UAV_9,BS_4,HAP_2,2019.867413,2019.68497,0.034194,0.011032,0.186082
50,T50_UAV_2,BS_3,HAP_2,3000.619083,3000.43082,0.04073,0.010317,0.186082
50,T50_UAV_14,BS_0,HAP_2,3495.511736,3495.318584,0.040025,0.01591,0.186082
50,T50_UAV_10,BS_3,HAP_2,3601.017245,3600.829389,0.043776,0.006864,0.186082
50,T50_UAV_5,BS_1,HAP_2,3777.464025,3777.264,0.042765,0.020043,0.186082
50,T50_UAV_16,BS_1,HAP_2,4190.061242,4189.874228,0.045469,0.00433,0.186082
50,T50_UAV_11,BS_4,HAP_2,4447.234083,4447.034662,0.046023,0.016182,0.186082
50,T50_UAV_4,BS_2,HAP_2,5243.347114,5243.149262,0.054146,0.006489,0.186082
50,T50_UAV_19,BS_4,HAP_2,5372.705042,5372.503934,0.052909,0.010983,0.186082
50,T50_UAV_8,BS_0,HAP_2,5384.975321,5384.768101,0.050677,0.019327,0.186082
50,T50_UAV_12,BS_0,HAP_2,5643.31783,5643.100384,0.05292,0.027311,0.186082
50,T50_UAV_3,BS_4,HAP_2,5924.337479,5924.135916,0.05611,0.008237,0.186082
51,T51_UAV_8,BS_0,LEO_1,236.50871,236.267029,0.043307,0.016191,0.410918
51,T51_UAV_0,BS_4,LEO_0,290.918997,290.658425,0.04618,0.030975,0.41709
51,T51_UAV_5,BS_1,HAP_0,662.7846,662.567364,0.027207,0.032456,0.287861
51,T51_UAV_6,BS_0,HAP_1,544.848692,544.650429,0.028183,0.012229,0.289251
51,T51_UAV_17,BS_2,HAP_2,442.056368,441.793676,0.030445,0.034833,0.487073
51,T51_UAV_14,BS_0,LEO_1,451.05284,450.781676,0.045626,0.043355,0.410918
51,T51_UAV_7,BS_1,LEO_0,475.172302,474.900359,0.048285,0.04024,0.41709
51,T51_UAV_15,BS_3,HAP_0,984.741293,984.505376,0.030779,0.047565,0.287861
51,T51_UAV_11,BS_4,HAP_1,746.995366,746.774861,0.030082,0.032572,0.289251
51,T51_UAV_3,BS_4,HAP_2,528.070591,527.81386,0.0311,0.028216,0.487073
51,T51_UAV_16,BS_1,LEO_1,666.141174,665.865569,0.048594,0.044827,0.410918
51,T51_UAV_12,BS_0,LEO_0,707.752486,707.499879,0.055337,0.013851,0.41709
51,T51_UAV_4,BS_2,HAP_0,1081.764933,1081.567776,0.030816,0.008769,0.287861
51,T51_UAV_1,BS_1,HAP_1,944.608404,944.370961,0.030801,0.048791,0.289251
51,T51_UAV_18,BS_1,HAP_0,1333.455873,1333.230249,0.030879,0.037174,0.287861
52,T52_UAV_18,BS_1,LEO_1,272.370201,272.167989,0.043163,0.029723,0.146637
52,T52_UAV_17,BS_2,LEO_0,297.129292,296.921718,0.045505,0.024766,0.186517
52,T52_UAV_2,BS_3,HAP_1,298.296702,298.093519,0.027243,0.021512,0.272142
52,T52_UAV_15,BS_3,LEO_1,328.434738,328.226851,0.044007,0.034553,0.146637
52,T52_UAV_8,BS_0,HAP_0,404.097353,403.87328,0.028316,0.034053,0.308522
52,T52_UAV_1,BS_1,HAP_2,415.584419,415.370113,0.027975,0.018144,0.340936
52,T52_UAV_14,BS_0,LEO_0,513.196252,512.989118,0.047659,0.022172,0.186517
52,T52_UAV_11,BS_4,LEO_1,576.89251,576.672745,0.046068,0.04437,0.146637
52,T52_UAV_16,BS_1,HAP_1,483.997008,483.784338,0.029826,0.028415,0.272142
52,T52_UAV_13,BS_2,LEO_0,652.499906,652.274778,0.051874,0.035951,0.186517
52,T52_UAV_5,BS_1,HAP_0,537.371647,537.158086,0.027063,0.024794,0.308522
52,T52_UAV_0,BS_4,HAP_2,537.792533,537.570266,0.030438,0.023642,0.340936
52,T52_UAV_10,BS_3,BS_2,645.810444,645.559065,0.050317,0.040706,0.301784
52,T52_UAV_9,BS_4,BS_3,683.904537,683.567149,0.052692,0.097191,0.437528
52,T52_UAV_4,BS_2,LEO_1,727.956084,727.747215,0.049122,0.030419,0.146637
52,T52_UAV_3,BS_4,BS_1,734.141647,733.88135,0.055835,0.033678,0.353921
52,T52_UAV_6,BS_0,LEO_0,810.002727,809.800512,0.051825,0.013087,0.186517
53,T53_UAV_10,BS_3,LEO_1,203.83696,203.637124,0.043125,0.013616,0.215471
53,T53_UAV_12,BS_0,LEO_0,204.259118,204.06484,0.044413,0.008421,0.207223
53,T53_UAV_6,BS_0,HAP_1,463.927442,463.735603,0.027479,0.028354,0.18003
53,T53_UAV_3,BS_4,HAP_0,320.616716,320.547519,0.002193,0.017875,0.245646
53,T53_UAV_14,BS_0,HAP_2,416.348239,416.157598,0.028394,0.007347,0.274502
53,T53_UAV_5,BS_1,LEO_1,500.49352,500.293459,0.046148,0.010819,0.215471
53,T53_UAV_2,BS_3,LEO_0,510.198767,509.990759,0.051817,0.014747,0.207223
53,T53_UAV_13,BS_2,HAP_1,870.74825,870.573445,0.030828,0.007972,0.18003
53,T53_UAV_16,BS_1,HAP_0,579.211501,579.142077,0.002391,0.017903,0.245646
53,T53_UAV_0,BS_4,HAP_2,582.977417,582.753124,0.030899,0.038493,0.274502
53,T53_UAV_8,BS_0,LEO_1,613.316772,613.116097,0.048593,0.008989,0.215471
53,T53_UAV_15,BS_3,LEO_0,753.113053,752.891636,0.05763,0.022343,0.207223
53,T53_UAV_4,BS_2,HAP_1,1114.131028,1113.941081,0.033261,0.02068,0.18003
53,T53_UAV_9,BS_4,HAP_1,1598.602217,1598.414165,0.03476,0.017285,0.18003
54,T54_UAV_6,BS_0,LEO_0,242.804029,242.735971,0.004546,0.020664,0.214243
54,T54_UAV_16,BS_1,LEO_1,506.282294,506.091029,0.043822,0.007934,0.19754
54,T54_UAV_11,BS_4,HAP_2,379.330663,379.26186,0.003651,0.018565,0.232938
54,T54_UAV_19,BS_4,HAP_0,397.736864,397.534566,0.027766,0.023422,0.255546
54,T54_UAV_9,BS_4,HAP_1,459.730766,459.519616,0.028618,0.025052,0.287401
54,T54_UAV_3,BS_4,LEO_1,702.285571,702.092589,0.046111,0.007363,0.19754
54,T54_UAV_13,BS_2,LEO_0,465.541017,465.480857,0.01094,0.006372,0.214243
54,T54_UAV_5,BS_1,LEO_1,707.464899,707.249908,0.045119,0.030364,0.19754
54,T54_UAV_0,BS_4,LEO_1,761.201939,760.989494,0.045999,0.026937,0.19754
54,T54_UAV_4,BS_2,HAP_2,548.864089,548.773348,0.007053,0.037099,0.232938
54,T54_UAV_17,BS_2,LEO_0,652.969224,652.896185,0.015673,0.014517,0.214243
54,T54_UAV_2,BS_3,HAP_0,683.081844,682.873173,0.030562,0.027,0.255546
54,T54_UAV_12,BS_0,HAP_1,728.268699,728.062811,0.029328,0.01908,0.287401
54,T54_UAV_15,BS_3,BS_2,728.825847,728.60302,0.055505,0.014124,0.265992
54,T54_UAV_7,BS_1,LEO_1,1319.036405,1318.841662,0.048442,0.006794,0.19754
54,T54_UAV_8,BS_0,LEO_1,1541.15147,1540.931747,0.052504,0.02771,0.19754
55,T55_UAV_10,BS_3,LEO_0,446.055375,445.988704,0.008002,0.006162,0.262539
55,T55_UAV_7,BS_1,LEO_1,509.140692,508.909094,0.044358,0.033424,0.269076
55,T55_UAV_17,BS_2,HAP_0,383.067926,383.00661,0.002654,0.010214,0.242238
55,T55_UAV_4,BS_2,HAP_1,393.215694,393.006116,0.028933,0.033833,0.234062
55,T55_UAV_2,BS_3,HAP_2,452.705229,452.495701,0.030245,0.034193,0.225447
55,T55_UAV_3,BS_4,LEO_0,633.037835,632.950508,0.01139,0.023429,0.262539
55,T55_UAV_18,BS_1,LEO_1,698.098753,697.88948,0.048135,0.007322,0.269076
55,T55_UAV_1,BS_1,HAP_0,524.341569,524.277121,0.003126,0.012874,0.242238
55,T55_UAV_9,BS_4,LEO_0,745.355829,745.286271,0.011628,0.005422,0.262539
55,T55_UAV_11,BS_4,HAP_1,592.75917,592.56728,0.029722,0.015356,0.234062
55,T55_UAV_19,BS_4,HAP_2,593.902657,593.709612,0.031728,0.016228,0.225447
55,T55_UAV_6,BS_0,LEO_1,805.118705,804.891676,0.047621,0.025593,0.269076
55,T55_UAV_15,BS_3,BS_1,605.682003,605.449908,0.047812,0.024409,0.299371
55,T55_UAV_13,BS_2,BS_3,609.279403,609.001253,0.048034,0.056292,0.369124
55,T55_UAV_12,BS_0,BS_2,675.836311,675.608066,0.052194,0.014978,0.305364
55,T55_UAV_16,BS_1,BS_0,703.821866,703.542449,0.053939,0.055799,0.348394
55,T55_UAV_8,BS_0,BS_4,780.629098,780.385598,0.05874,0.018053,0.333539
55,T55_UAV_5,BS_1,LEO_0,922.923857,922.847247,0.014477,0.009626,0.262539
55,T55_UAV_0,BS_4,LEO_1,1054.583121,1054.354815,0.051334,0.023157,0.269076
56,T56_UAV_5,BS_1,LEO_0,215.250171,215.152524,0.004336,0.019774,0.367684
56,T56_UAV_13,BS_2,LEO_1,340.674683,340.43448,0.044127,0.043637,0.262191
56,T56_UAV_16,BS_1,HAP_0,260.888624,260.812329,0.001078,0.017305,0.289564
56,T56_UAV_0,BS_4,HAP_1,337.373418,337.309579,0.002906,0.011205,0.24864
56,T56_UAV_2,BS_3,HAP_2,373.893084,373.820203,0.004344,0.027246,0.206456
56,T56_UAV_17,BS_2,LEO_1,510.924761,510.703701,0.046329,0.022293,0.262191
56,T56_UAV_12,BS_0,LEO_0,388.313146,388.214888,0.008421,0.016301,0.367684
56,T56_UAV_7,BS_1,HAP_0,389.31996,389.235279,0.002163,0.024606,0.289564
56,T56_UAV_19,BS_4,HAP_1,396.335492,396.25171,0.003281,0.030774,0.24864
56,T56_UAV_8,BS_0,HAP_2,581.635923,581.560746,0.005664,0.028222,0.206456
56,T56_UAV_15,BS_3,LEO_0,673.90819,673.806413,0.015789,0.012451,0.367684
56,T56_UAV_1,BS_1,LEO_1,903.566701,903.322429,0.04799,0.043844,0.262191
56,T56_UAV_4,BS_2,BS_3,739.925319,739.660202,0.056196,0.037406,0.357575
56,T56_UAV_14,BS_0,LEO_1,970.920659,970.712304,0.049644,0.006273,0.262191
57,T57_UAV_19,BS_4,LEO_0,308.205501,308.010026,0.04547,0.019929,0.150379
57,T57_UAV_9,BS_4,LEO_1,343.282051,343.087915,0.043437,0.014359,0.181696
57,T57_UAV_2,BS_3,HAP_1,257.146745,257.059903,0.001951,0.024801,0.30045
57,T57_UAV_17,BS_2,HAP_2,473.395706,473.179337,0.030872,0.035685,0.249057
57,T57_UAV_5,BS_1,HAP_0,555.847159,555.745272,0.002143,0.027721,0.360109
57,T57_UAV_4,BS_2,LEO_0,683.553424,683.354724,0.052953,0.01567,0.150379
57,T57_UAV_13,BS_2,LEO_1,689.591123,689.384778,0.048365,0.021641,0.181696
57,T57_UAV_15,BS_3,HAP_2,519.223296,519.027819,0.031108,0.014557,0.249057
57,T57_UAV_14,BS_0,LEO_0,708.456679,708.269913,0.050593,0.006097,0.150379
57,T57_UAV_18,BS_1,LEO_1,790.657496,790.464605,0.049225,0.007326,0.181696
57,T57_UAV_10,BS_3,BS_4,597.324814,597.072518,0.047288,0.050888,0.2706
57,T57_UAV_0,BS_4,HAP_0,604.293944,604.212007,0.003334,0.006582,0.360109
57,T57_UAV_16,BS_1,HAP_1,679.362234,679.273951,0.006806,0.021387,0.30045
57,T57_UAV_8,BS_0,BS_2,786.876069,786.597122,0.059128,0.05942,0.301997
57,T57_UAV_6,BS_0,BS_3,790.892589,790.611129,0.059379,0.059372,0.313548
57,T57_UAV_7,BS_1,LEO_0,858.570522,858.382903,0.051755,0.005788,0.150379
57,T57_UAV_11,BS_4,LEO_1,883.177696,882.967923,0.049308,0.024125,0.181696
58,T58_UAV_14,BS_0,LEO_1,275.636899,275.557769,0.002741,0.031306,0.225419
58,T58_UAV_5,BS_1,LEO_0,310.433027,310.224646,0.046254,0.0058,0.28164
58,T58_UAV_0,BS_4,HAP_0,485.115814,484.935998,0.027203,0.031468,0.105721
58,T58_UAV_11,BS_4,HAP_2,743.233849,743.04424,0.030355,0.022415,0.18419
58,T58_UAV_13,BS_2,HAP_1,382.571192,382.356775,0.028394,0.030007,0.280079
58,T58_UAV_1,BS_1,LEO_1,519.784772,519.72678,0.004596,0.008312,0.225419
58,T58_UAV_12,BS_0,LEO_0,398.824598,398.599264,0.04863,0.020377,0.28164
58,T58_UAV_10,BS_3,LEO_1,573.247058,573.185473,0.006979,0.009522,0.225419
58,T58_UAV_8,BS_0,HAP_0,984.843648,984.682667,0.031187,0.00865,0.105721
58,T58_UAV_16,BS_1,HAP_1,497.64161,497.431512,0.029983,0.024099,0.280079
58,T58_UAV_7,BS_1,HAP_2,1018.801929,1018.612549,0.030677,0.021865,0.18419
58,T58_UAV_15,BS_3,LEO_0,581.528242,581.297375,0.053604,0.020935,0.28164
58,T58_UAV_4,BS_2,BS_3,653.881416,653.609545,0.05082,0.062461,0.292948
58,T58_UAV_19,BS_4,BS_2,676.628612,676.385297,0.052243,0.031591,0.297407
58,T58_UAV_18,BS_1,HAP_0,1114.123403,1113.947264,0.029956,0.025039,0.105721
58,T58_UAV_2,BS_3,HAP_2,1184.814733,1184.632352,0.03496,0.010582,0.18419
58,T58_UAV_9,BS_4,LEO_1,992.932872,992.871598,0.009964,0.006226,0.225419
58,T58_UAV_6,BS_0,HAP_0,1339.52556,1339.351529,0.031856,0.021031,0.105721
58,T58_UAV_3,BS_2,HAP_2,1566.438374,1566.231114,0.038171,0.032251,0.18419
59,T59_UAV_10,BS_3,LEO_1,328.54567,328.328446,0.043993,0.019099,0.270657
59,T59_UAV_0,BS_4,LEO_0,339.309989,339.094735,0.045625,0.023182,0.232235
59,T59_UAV_2,BS_3,HAP_1,317.882501,317.814146,0.002419,0.020152,0.228917
59,T59_UAV_15,BS_3,HAP_0,353.314583,353.102879,0.027622,0.018165,0.329584
59,T59_UAV_5,BS_1,HAP_2,378.180932,377.95143,0.028663,0.038377,0.312309
59,T59_UAV_4,BS_2,LEO_1,508.076781,507.870327,0.046393,0.00593,0.270657
59,T59_UAV_18,BS_1,LEO_0,690.253703,690.023561,0.052453,0.031241,0.232235
59,T59_UAV_7,BS_1,HAP_1,550.514379,550.443031,0.004197,0.021367,0.228917
59,T59_UAV_16,BS_1,HAP_0,620.382795,620.165004,0.027564,0.02431,0.329584
59,T59_UAV_6,BS_0,HAP_2,674.491568,674.262472,0.030304,0.03633,0.312309
59,T59_UAV_17,BS_2,LEO_1,947.138865,946.908924,0.051764,0.024046,0.270657
59,T59_UAV_3,BS_2,LEO_0,1016.724381,1016.506822,0.058321,0.012791,0.232235
59,T59_UAV_14,BS_0,BS_2,770.44773,770.191383,0.058103,0.032344,0.3295
59,T59_UAV_13,BS_2,LEO_1,1030.019001,1029.801011,0.052495,0.011363,0.270657
59,T59_UAV_12,BS_0,LEO_0,1067.404677,1067.167285,0.05798,0.032965,0.232235
60,T60_UAV_12,BS_0,LEO_1,345.056963,344.999188,0.003995,0.016736,0.185222
60,T60_UAV_16,BS_1,LEO_0,369.3803,369.323472,0.006028,0.011599,0.196006
60,T60_UAV_13,BS_2,HAP_1,294.81186,294.642261,0.027623,0.005624,0.181755
60,T60_UAV_6,BS_0,HAP_0,352.097457,351.900517,0.027238,0.027941,0.208801
60,T60_UAV_10,BS_3,LEO_1,400.285757,400.220531,0.004882,0.023299,0.185222
60,T60_UAV_18,BS_1,HAP_2,532.204391,532.024074,0.031448,0.006499,0.211847
60,T60_UAV_1,BS_1,LEO_0,572.247117,572.180017,0.007958,0.01994,0.196006
60,T60_UAV_3,BS_2,LEO_1,661.283105,661.230208,0.007939,0.007912,0.185222
60,T60_UAV_15,BS_3,LEO_0,738.922141,738.853467,0.013424,0.016049,0.196006
60,T60_UAV_11,BS_4,HAP_0,610.718037,610.527297,0.028546,0.020434,0.208801
60,T60_UAV_17,BS_2,HAP_1,611.916296,611.728932,0.030759,0.020253,0.181755
60,T60_UAV_14,BS_0,HAP_2,624.511023,624.326173,0.030109,0.012372,0.211847
60,T60_UAV_8,BS_0,BS_2,719.232879,718.99738,0.054905,0.011609,0.344924
60,T60_UAV_7,BS_1,BS_3,750.79536,750.522509,0.056874,0.030248,0.428643
60,T60_UAV_9,BS_4,BS_1,768.886967,768.582484,0.058002,0.075472,0.355041
60,T60_UAV_19,BS_4,LEO_1,948.345282,948.273465,0.011266,0.023507,0.185222
60,T60_UAV_0,BS_4,LEO_0,995.369977,995.292221,0.01655,0.022005,0.196006
61,T61_UAV_7,BS_1,HAP_1,638.621084,638.572074,0.003538,0.006393,0.195395
61,T61_UAV_3,BS_2,LEO_1,502.052048,501.964447,0.007657,0.015143,0.324007
61,T61_UAV_19,BS_4,LEO_0,386.399918,386.315103,0.012816,0.009376,0.313117
61,T61_UAV_2,BS_3,HAP_2,598.052062,597.987812,0.005733,0.014147,0.221848
61,T61_UAV_18,BS_2,HAP_0,503.940781,503.742623,0.027721,0.018151,0.261433
61,T61_UAV_13,BS_2,HAP_1,775.741439,775.680824,0.004859,0.016676,0.195395
61,T61_UAV_12,BS_0,LEO_1,637.192139,637.09058,0.009348,0.027409,0.324007
61,T61_UAV_16,BS_1,LEO_0,500.695507,500.600056,0.015147,0.01768,0.313117
61,T61_UAV_6,BS_0,HAP_2,766.595514,766.528162,0.005181,0.017802,0.221848
61,T61_UAV_8,BS_0,HAP_0,522.37934,522.186455,0.029236,0.011362,0.261433
61,T61_UAV_1,BS_1,HAP_1,886.80966,886.753633,0.004656,0.012292,0.195395
61,T61_UAV_14,BS_0,BS_3,581.222488,581.008896,0.046285,0.012354,0.274761
61,T61_UAV_10,BS_3,LEO_1,763.996656,763.91284,0.01185,0.007165,0.324007
61,T61_UAV_15,BS_3,HAP_2,1100.206476,1100.134588,0.010605,0.016913,0.221848
61,T61_UAV_17,BS_2,HAP_1,1748.371618,1748.296988,0.011422,0.024129,0.195395
61,T61_UAV_5,BS_1,HAP_1,1928.263393,1928.198917,0.013081,0.012316,0.195395
62,T62_UAV_12,BS_0,LEO_1,355.441567,355.241389,0.044103,0.015885,0.200946
62,T62_UAV_5,BS_1,LEO_0,293.178403,292.970887,0.045935,0.015264,0.231588
62,T62_UAV_18,BS_2,HAP_0,345.152581,345.078908,0.001868,0.028747,0.215291
62,T62_UAV_19,BS_4,HAP_2,365.156063,365.091161,0.004143,0.006906,0.269258
62,T62_UAV_7,BS_1,HAP_1,377.126124,376.890822,0.027867,0.01962,0.439074
62,T62_UAV_17,BS_2,LEO_1,654.645473,654.446167,0.048143,0.010974,0.200946
62,T62_UAV_15,BS_3,LEO_0,510.233503,510.014655,0.05193,0.0206,0.231588
62,T62_UAV_16,BS_1,HAP_0,593.75661,593.691587,0.002459,0.019506,0.215291
62,T62_UAV_13,BS_2,HAP_2,598.684504,598.602424,0.007136,0.021092,0.269258
62,T62_UAV_10,BS_3,LEO_1,800.413724,800.19522,0.04977,0.028544,0.200946
62,T62_UAV_14,BS_0,HAP_1,639.828384,639.582092,0.028649,0.029828,0.439074
62,T62_UAV_4,BS_2,LEO_0,700.603532,700.382659,0.057193,0.017362,0.231588
62,T62_UAV_6,BS_0,BS_3,704.003857,703.731357,0.053951,0.06892,0.248144
62,T62_UAV_8,BS_0,BS_2,730.950448,730.662538,0.055634,0.06152,0.353784
62,T62_UAV_9,BS_4,BS_1,767.276861,767.029647,0.057905,0.016337,0.36486
62,T62_UAV_3,BS_2,BS_4,787.138644,786.845413,0.059143,0.074888,0.295999
62,T62_UAV_1,BS_1,LEO_1,1059.532211,1059.326459,0.049344,0.016219,0.200946
63,T63_UAV_18,BS_2,LEO_0,208.037566,207.98801,0.004851,0.007404,0.186501
63,T63_UAV_8,BS_0,LEO_1,168.037392,167.837148,0.043314,0.015101,0.209143
63,T63_UAV_7,BS_1,HAP_0,269.826953,269.747238,0.001498,0.015268,0.314747
63,T63_UAV_16,BS_1,LEO_0,315.47733,315.420334,0.006625,0.01307,0.186501
63,T63_UAV_4,BS_2,HAP_1,275.046035,274.836562,0.029021,0.032894,0.237787
63,T63_UAV_11,BS_4,HAP_2,630.849708,630.745398,0.006101,0.023192,0.375082
63,T63_UAV_3,BS_2,LEO_1,425.557907,425.360201,0.049225,0.006652,0.209143
63,T63_UAV_13,BS_2,HAP_0,696.759814,696.663767,0.004766,0.028332,0.314747
63,T63_UAV_1,BS_1,LEO_0,711.26119,711.206598,0.012621,0.004671,0.186501
63,T63_UAV_19,BS_4,HAP_2,732.410147,732.319323,0.008312,0.007495,0.375082
64,T64_UAV_2,BS_3,LEO_0,295.306919,295.227096,0.005359,0.020296,0.270839
64,T64_UAV_17,BS_2,LEO_1,292.807872,292.590503,0.046597,0.007163,0.318044
64,T64_UAV_11,BS_4,HAP_2,1434.165053,1433.985817,0.032873,0.008925,0.187194
64,T64_UAV_13,BS_2,LEO_0,630.927525,630.852486,0.011507,0.009364,0.270839
64,T64_UAV_5,BS_1,HAP_0,338.01979,337.934658,0.001549,0.014717,0.344334
64,T64_UAV_6,BS_0,HAP_2,1560.136664,1559.953496,0.032504,0.013226,0.187194
64,T64_UAV_14,BS_0,HAP_1,348.66164,348.431487,0.027529,0.027048,0.377883
64,T64_UAV_7,BS_1,LEO_1,482.694783,482.47029,0.047256,0.013628,0.318044
64,T64_UAV_19,BS_4,HAP_2,1902.7038,1902.503566,0.036584,0.026212,0.187194
64,T64_UAV_9,BS_4,LEO_0,870.810093,870.717733,0.013568,0.024625,0.270839
64,T64_UAV_15,BS_3,HAP_2,1978.060815,1977.862257,0.037328,0.023792,0.187194
64,T64_UAV_12,BS_0,LEO_0,1037.271277,1037.181369,0.017479,0.018262,0.270839
64,T64_UAV_16,BS_1,HAP_2,2227.567404,2227.368714,0.037748,0.023503,0.187194
64,T64_UAV_0,BS_4,HAP_2,2394.576966,2394.387416,0.038606,0.013505,0.187194
64,T64_UAV_3,BS_2,HAP_2,2920.040549,2919.853072,0.043159,0.00688,0.187194
64,T64_UAV_8,BS_0,HAP_2,3381.290993,3381.105321,0.043622,0.00461,0.187194
64,T64_UAV_4,BS_2,HAP_2,3473.410837,3473.203187,0.048098,0.022113,0.187194
65,T65_UAV_14,BS_0,LEO_1,530.158141,530.112215,0.003496,0.005761,0.183347
65,T65_UAV_12,BS_0,LEO_0,94.604168,94.500438,0.005678,0.021142,0.384548
65,T65_UAV_10,BS_3,HAP_1,259.973332,259.908657,0.002039,0.013336,0.246498
65,T65_UAV_16,BS_1,HAP_0,293.713547,293.517188,0.026215,0.025,0.225721
65,T65_UAV_0,BS_4,LEO_1,714.099624,714.031431,0.00506,0.026463,0.183347
65,T65_UAV_6,BS_0,HAP_2,235.589124,235.366572,0.027546,0.006605,0.442007
65,T65_UAV_4,BS_2,HAP_1,320.699711,320.639769,0.003261,0.007382,0.246498
65,T65_UAV_7,BS_1,LEO_1,855.856068,855.810112,0.004985,0.004301,0.183347
65,T65_UAV_17,BS_2,HAP_0,427.561609,427.37121,0.027963,0.017292,0.225721
65,T65_UAV_2,BS_3,LEO_1,1037.094386,1037.041777,0.008303,0.007637,0.183347
65,T65_UAV_5,BS_1,BS_3,737.922248,737.711902,0.056074,0.01182,0.212261
65,T65_UAV_13,BS_2,LEO_1,1446.380236,1446.313182,0.011379,0.019006,0.183347
65,T65_UAV_9,BS_4,LEO_1,1466.85032,1466.788236,0.009722,0.015692,0.183347
65,T65_UAV_19,BS_4,LEO_1,1578.163806,1578.09597,0.012206,0.018961,0.183347
66,T66_UAV_8,BS_0,LEO_0,149.64894,149.455732,0.044508,0.005081,0.218092
66,T66_UAV_19,BS_4,LEO_1,83.746793,83.524376,0.043357,0.018114,0.30473
66,T66_UAV_7,BS_1,HAP_0,319.557171,319.491516,0.001774,0.015098,0.24391
66,T66_UAV_12,BS_0,HAP_1,167.848564,167.764361,0.001293,0.026644,0.281329
66,T66_UAV_0,BS_4,BS_0,1500.058276,1499.762669,0.103678,0.06315,0.143892
66,T66_UAV_17,BS_2,LEO_0,247.735907,247.540145,0.048653,0.003489,0.218092
66,T66_UAV_4,BS_2,HAP_2,397.923516,397.679486,0.032913,0.019159,0.459787
66,T66_UAV_1,BS_1,HAP_0,423.349053,423.291005,0.002521,0.006744,0.24391
66,T66_UAV_5,BS_1,BS_0,1601.62344,1601.318169,0.110022,0.06647,0.143892
66,T66_UAV_18,BS_2,BS_0,2322.884046,2322.558806,0.155077,0.041384,0.143892
66,T66_UAV_13,BS_2,BS_0,3167.178227,3166.793498,0.207816,0.048135,0.143892
66,T66_UAV_10,BS_3,BS_0,3483.839371,3483.424919,0.227595,0.058079,0.143892
66,T66_UAV_3,BS_2,BS_0,3742.983046,3742.537082,0.243782,0.073403,0.143892
66,T66_UAV_11,BS_4,BS_0,4642.277822,4641.785611,0.299957,0.063476,0.143892
67,T67_UAV_9,BS_1,LEO_0,360.436978,360.232424,0.0456,0.019694,0.196303
67,T67_UAV_18,BS_2,LEO_1,379.896368,379.676692,0.045645,0.00845,0.327911
67,T67_UAV_0,BS_4,HAP_0,347.682652,347.495985,0.026913,0.011331,0.242112
67,T67_UAV_13,BS_2,LEO_0,424.754695,424.542094,0.047733,0.025607,0.196303
67,T67_UAV_14,BS_0,HAP_1,438.638105,438.457465,0.02751,0.011702,0.207143
67,T67_UAV_5,BS_1,HAP_2,451.200309,450.991789,0.029446,0.026609,0.262327
67,T67_UAV_8,BS_0,LEO_1,464.693533,464.454531,0.046486,0.026934,0.327911
67,T67_UAV_2,BS_3,LEO_0,679.835312,679.628148,0.052354,0.015549,0.196303
67,T67_UAV_4,BS_2,HAP_0,586.9346,586.727528,0.028987,0.029663,0.242112
67,T67_UAV_3,BS_2,HAP_1,618.404723,618.218121,0.030442,0.014731,0.207143
67,T67_UAV_7,BS_1,HAP_2,649.317593,649.113433,0.029624,0.022071,0.262327
67,T67_UAV_16,BS_1,BS_4,664.310619,664.097244,0.051475,0.016056,0.229215
67,T67_UAV_10,BS_3,LEO_1,737.979611,737.756623,0.051498,0.005908,0.327911
67,T67_UAV_19,BS_4,BS_2,799.616185,799.378282,0.059926,0.012905,0.325359
67,T67_UAV_17,BS_2,LEO_0,861.674188,861.465742,0.056142,0.013044,0.196303
68,T68_UAV_0,BS_4,LEO_1,241.721153,241.648223,0.003299,0.023909,0.22861
68,T68_UAV_19,BS_3,LEO_0,370.678946,370.459338,0.048486,0.005424,0.328485
68,T68_UAV_14,BS_0,HAP_0,419.510458,419.338393,0.027714,0.005237,0.195576
68,T68_UAV_2,BS_3,HAP_2,503.784075,503.602394,0.029866,0.026612,0.126014
68,T68_UAV_16,BS_1,HAP_1,348.118517,347.927428,0.028508,0.016256,0.231623
68,T68_UAV_9,BS_1,LEO_1,388.123342,388.052094,0.004888,0.020638,0.22861
68,T68_UAV_18,BS_2,LEO_0,429.780147,429.548473,0.050023,0.015954,0.328485
68,T68_UAV_4,BS_2,LEO_1,553.488247,553.417187,0.008933,0.016404,0.22861
68,T68_UAV_6,BS_0,HAP_0,833.756763,833.576353,0.029667,0.011628,0.195576
68,T68_UAV_17,BS_2,HAP_1,643.179224,642.995006,0.031126,0.006767,0.231623
68,T68_UAV_10,BS_3,HAP_2,1016.025888,1015.838078,0.034759,0.027849,0.126014
68,T68_UAV_7,BS_1,LEO_0,767.607151,767.354778,0.053521,0.033155,0.328485
68,T68_UAV_15,BS_3,BS_0,798.498906,798.217307,0.059854,0.070393,0.256755
68,T68_UAV_13,BS_2,HAP_0,1153.380173,1153.180051,0.031804,0.029203,0.195576
68,T68_UAV_1,BS_1,HAP_2,1164.293468,1164.116292,0.032153,0.01982,0.126014
69,T69_UAV_15,BS_3,LEO_0,412.466931,412.397299,0.005312,0.02536,0.194801
69,T69_UAV_8,BS_0,LEO_1,346.212908,346.123521,0.004839,0.020309,0.321197
69,T69_UAV_3,BS_2,HAP_1,350.609162,350.556811,0.003097,0.004928,0.221632
69,T69_UAV_11,BS_4,LEO_0,542.359803,542.298955,0.006299,0.015589,0.194801
69,T69_UAV_0,BS_4,HAP_2,497.101799,496.906075,0.030082,0.007294,0.291739
69,T69_UAV_1,BS_1,HAP_0,598.24215,598.030587,0.028558,0.013832,0.345866
69,T69_UAV_9,BS_1,LEO_1,627.019135,626.918213,0.007894,0.028789,0.321197
69,T69_UAV_17,BS_2,HAP_1,562.661416,562.596617,0.005372,0.0151,0.221632
69,T69_UAV_16,BS_1,LEO_0,1125.642073,1125.563555,0.013166,0.026392,0.194801
69,T69_UAV_13,BS_2,HAP_2,591.90547,591.678402,0.032066,0.036654,0.291739
69,T69_UAV_4,BS_2,LEO_1,654.031237,653.933697,0.010563,0.022737,0.321197
69,T69_UAV_7,BS_1,HAP_0,685.782816,685.567771,0.028805,0.017067,0.345866
69,T69_UAV_18,BS_2,BS_3,690.137679,689.827711,0.053083,0.076867,0.400088
69,T69_UAV_6,BS_0,BS_2,746.476031,746.229777,0.056606,0.018249,0.356994
69,T69_UAV_12,BS_0,LEO_0,1421.247267,1421.160958,0.017053,0.030296,0.194801
69,T69_UAV_5,BS_1,LEO_0,1500.303366,1500.237952,0.017101,0.009353,0.194801
69,T69_UAV_10,BS_3,LEO_0,1547.776328,1547.699966,0.019932,0.01747,0.194801
70,T70_UAV_13,BS_2,LEO_1,548.049113,547.850544,0.044302,0.017599,0.183333
70,T70_UAV_14,BS_0,LEO_0,368.331626,368.113076,0.045515,0.023637,0.246996
70,T70_UAV_2,BS_3,HAP_1,285.577923,285.515646,0.002207,0.004015,0.280274
70,T70_UAV_19,BS_3,HAP_2,305.389234,305.321621,0.003469,0.018642,0.227513
70,T70_UAV_18,BS_2,LEO_1,584.514544,584.328028,0.044466,0.005383,0.183333
70,T70_UAV_1,BS_1,HAP_0,361.219218,361.024322,0.027147,0.014383,0.266831
70,T70_UAV_17,BS_2,LEO_0,498.529881,498.308986,0.049349,0.022147,0.246996
70,T70_UAV_8,BS_0,LEO_1,930.039392,929.837352,0.046723,0.01865,0.183333
70,T70_UAV_7,BS_1,HAP_1,449.665466,449.595264,0.003413,0.010734,0.280274
70,T70_UAV_3,BS_2,HAP_2,497.99855,497.921682,0.005878,0.025488,0.227513
70,T70_UAV_5,BS_1,LEO_1,999.684267,999.483995,0.046628,0.016977,0.183333
70,T70_UAV_6,BS_0,HAP_0,634.859425,634.648793,0.02906,0.028206,0.266831
70,T70_UAV_10,BS_3,LEO_0,910.402014,910.190709,0.056526,0.00538,0.246996
70,T70_UAV_0,BS_4,LEO_1,1011.479,1011.288135,0.047171,0.007026,0.183333
70,T70_UAV_4,BS_2,LEO_0,1050.453228,1050.229959,0.06008,0.01379,0.246996
70,T70_UAV_15,BS_3,LEO_1,1318.744263,1318.552324,0.050411,0.004862,0.183333
70,T70_UAV_9,BS_1,LEO_1,1664.031829,1663.833888,0.05101,0.010264,0.183333
71,T71_UAV_14,BS_0,LEO_0,299.338184,299.268146,0.004493,0.016137,0.247043
71,T71_UAV_9,BS_1,LEO_1,236.465465,236.200704,0.042964,0.042583,0.396074
71,T71_UAV_17,BS_2,HAP_0,449.612137,449.547265,0.002713,0.018186,0.219866
71,T71_UAV_1,BS_1,HAP_2,502.201444,502.137237,0.003081,0.009205,0.2596
71,T71_UAV_2,BS_3,HAP_1,352.538845,352.454292,0.002727,0.014369,0.337286
71,T71_UAV_16,BS_1,LEO_0,576.613539,576.5349,0.009463,0.019768,0.247043
71,T71_UAV_6,BS_0,LEO_1,469.088226,468.83477,0.045642,0.0286,0.396074
71,T71_UAV_7,BS_1,HAP_0,733.65287,733.593768,0.00362,0.011508,0.219866
71,T71_UAV_0,BS_4,HAP_1,492.324699,492.245261,0.004282,0.0077,0.337286
71,T71_UAV_15,BS_3,HAP_2,793.333368,793.260564,0.007641,0.013243,0.2596
71,T71_UAV_4,BS_2,LEO_0,756.079464,755.979679,0.014473,0.035904,0.247043
71,T71_UAV_11,BS_4,LEO_1,593.105054,592.867964,0.047914,0.00996,0.396074
71,T71_UAV_12,BS_0,BS_2,600.563264,600.306116,0.04749,0.037765,0.359462
71,T71_UAV_8,BS_0,BS_3,716.842561,716.58559,0.054754,0.04173,0.302432
71,T71_UAV_10,BS_3,LEO_0,762.837006,762.740893,0.013871,0.032834,0.247043
71,T71_UAV_18,BS_2,BS_1,799.22866,798.979978,0.059901,0.018321,0.3523
71,T71_UAV_19,BS_3,HAP_0,861.405966,861.332985,0.005365,0.023643,0.219866
71,T71_UAV_5,BS_1,HAP_2,896.028804,895.946678,0.00744,0.022765,0.2596
72,T72_UAV_18,BS_2,LEO_1,202.151309,201.956602,0.043006,0.007588,0.220562
72,T72_UAV_15,BS_3,LEO_0,153.596387,153.391112,0.045175,0.012959,0.235705
72,T72_UAV_3,BS_2,HAP_1,446.226448,446.066656,0.028002,0.004174,0.138084
72,T72_UAV_9,BS_1,HAP_0,234.999072,234.932705,0.001269,0.008347,0.283755
72,T72_UAV_6,BS_0,HAP_2,442.858453,442.676215,0.028535,0.005202,0.2425
72,T72_UAV_5,BS_1,HAP_1,480.980468,480.811087,0.028573,0.013191,0.138084
72,T72_UAV_13,BS_2,LEO_1,456.517554,456.309222,0.047014,0.017206,0.220562
72,T72_UAV_4,BS_2,LEO_0,338.777008,338.547131,0.052124,0.030612,0.235705
72,T72_UAV_17,BS_2,HAP_0,604.845761,604.768731,0.004202,0.016076,0.283755
72,T72_UAV_16,BS_1,HAP_1,822.374198,822.203007,0.031165,0.01241,0.138084
72,T72_UAV_1,BS_1,HAP_2,690.475684,690.28592,0.02988,0.011384,0.2425
72,T72_UAV_0,BS_4,LEO_1,702.488066,702.282018,0.049591,0.012345,0.220562
72,T72_UAV_10,BS_3,HAP_1,1433.15912,1432.986941,0.033818,0.010744,0.138084
73,T73_UAV_12,BS_0,LEO_1,275.166518,274.970471,0.043166,0.011831,0.205247
73,T73_UAV_9,BS_1,LEO_0,291.188477,290.973053,0.044518,0.014825,0.280408
73,T73_UAV_8,BS_0,HAP_0,238.488063,238.390377,0.001904,0.019564,0.381082
73,T73_UAV_0,BS_4,HAP_2,252.080878,252.009709,0.002586,0.019695,0.244433
73,T73_UAV_14,BS_0,HAP_1,281.162406,280.950701,0.026615,0.020978,0.32056
73,T73_UAV_19,BS_3,LEO_1,394.51301,394.291304,0.044697,0.03596,0.205247
73,T73_UAV_4,BS_2,LEO_0,478.097209,477.883747,0.049148,0.008233,0.280408
73,T73_UAV_17,BS_2,HAP_0,368.159641,368.060362,0.002558,0.020505,0.381082
73,T73_UAV_6,BS_0,HAP_2,397.140498,397.081521,0.003178,0.006912,0.244433
73,T73_UAV_2,BS_3,HAP_1,445.133773,444.936479,0.028445,0.004737,0.32056
73,T73_UAV_7,BS_1,LEO_1,616.591568,616.377022,0.045367,0.028129,0.205247
73,T73_UAV_11,BS_4,LEO_0,677.028794,676.795523,0.051016,0.026175,0.280408
73,T73_UAV_15,BS_3,BS_2,608.077866,607.8385,0.047961,0.018469,0.364677
73,T73_UAV_3,BS_2,BS_3,669.844534,669.576058,0.051818,0.054019,0.313194
73,T73_UAV_1,BS_1,LEO_1,786.765657,786.551054,0.046899,0.026654,0.205247
73,T73_UAV_5,BS_1,LEO_0,799.609652,799.368975,0.052803,0.031793,0.280408
74,T74_UAV_12,BS_0,LEO_1,325.090262,325.03341,0.003751,0.016774,0.181632
74,T74_UAV_14,BS_0,LEO_0,283.533986,283.461014,0.005455,0.016771,0.253729
74,T74_UAV_1,BS_1,HAP_1,303.301484,303.250394,0.002162,0.011363,0.187822
74,T74_UAV_3,BS_2,HAP_2,312.324455,312.234141,0.003702,0.027101,0.297556
74,T74_UAV_6,BS_0,HAP_0,326.496342,326.3328,0.027092,0.004288,0.160809
74,T74_UAV_2,BS_3,LEO_1,441.734991,441.685121,0.005477,0.008067,0.181632
74,T74_UAV_10,BS_3,LEO_0,359.084627,359.01916,0.008441,0.00628,0.253729
74,T74_UAV_19,BS_3,HAP_1,333.346279,333.288121,0.002697,0.017897,0.187822
74,T74_UAV_13,BS_2,LEO_1,513.030049,512.975095,0.006215,0.012412,0.181632
74,T74_UAV_16,BS_1,HAP_2,439.569356,439.484585,0.004579,0.02068,0.297556
74,T74_UAV_15,BS_3,LEO_0,566.577707,566.499728,0.013259,0.013974,0.253729
74,T74_UAV_18,BS_2,HAP_0,624.202685,624.030288,0.028438,0.011797,0.160809
74,T74_UAV_9,BS_1,BS_3,629.800252,629.574731,0.049319,0.017132,0.295353
74,T74_UAV_11,BS_4,BS_2,712.755337,712.502305,0.054499,0.026915,0.358091
74,T74_UAV_5,BS_1,BS_4,764.904654,764.663469,0.057758,0.026985,0.282212
74,T74_UAV_7,BS_1,BS_0,784.324168,784.046015,0.058968,0.063808,0.276884
74,T74_UAV_17,BS_2,LEO_1,1030.690817,1030.628713,0.012932,0.012846,0.181632
75,T75_UAV_5,BS_1,LEO_0,157.362654,157.272226,0.004677,0.023799,0.309762
75,T75_UAV_17,BS_2,LEO_1,436.02123,435.827513,0.044566,0.005145,0.220031
75,T75_UAV_1,BS_1,HAP_2,659.490698,659.320169,0.028268,0.005423,0.184191
75,T75_UAV_10,BS_3,HAP_0,437.596613,437.530776,0.002966,0.011393,0.257393
75,T75_UAV_11,BS_4,LEO_1,530.937323,530.737762,0.044726,0.010829,0.220031
75,T75_UAV_19,BS_3,HAP_1,215.528014,215.432742,0.00239,0.028509,0.321864
75,T75_UAV_9,BS_1,LEO_0,306.427519,306.328224,0.0088,0.028542,0.309762
75,T75_UAV_7,BS_1,HAP_0,495.621599,495.55508,0.002446,0.012594,0.257393
75,T75_UAV_15,BS_3,HAP_2,1066.486736,1066.299605,0.032676,0.017617,0.184191
75,T75_UAV_14,BS_0,HAP_2,1120.001911,1119.828665,0.031224,0.005184,0.184191
75,T75_UAV_4,BS_2,LEO_1,1168.553946,1168.340051,0.052432,0.017457,0.220031
75,T75_UAV_0,BS_4,HAP_2,1253.543446,1253.351382,0.033183,0.022042,0.184191
75,T75_UAV_13,BS_2,LEO_1,1217.472535,1217.258863,0.052335,0.017331,0.220031
75,T75_UAV_18,BS_2,HAP_2,1352.497928,1352.314937,0.035011,0.011142,0.184191
75,T75_UAV_16,BS_1,HAP_0,1171.743947,1171.673359,0.004452,0.014658,0.257393
75,T75_UAV_12,BS_0,LEO_1,1322.663326,1322.433102,0.052787,0.033431,0.220031
75,T75_UAV_8,BS_0,HAP_2,1833.537288,1833.332087,0.036486,0.031877,0.184191
76,T76_UAV_8,BS_0,LEO_1,227.17312,227.128814,0.00317,0.00473,0.182034
76,T76_UAV_13,BS_2,LEO_0,308.174488,308.091312,0.007255,0.004931,0.354949
76,T76_UAV_11,BS_4,HAP_0,386.952668,386.783674,0.027239,0.005254,0.182499
76,T76_UAV_15,BS_3,HAP_1,442.117665,441.914994,0.028716,0.005595,0.341798
76,T76_UAV_1,BS_1,HAP_2,498.288602,498.055462,0.028511,0.019675,0.424769
76,T76_UAV_10,BS_3,LEO_1,414.629209,414.568631,0.006522,0.017649,0.182034
76,T76_UAV_18,BS_2,LEO_0,502.936415,502.837395,0.011789,0.016241,0.354949
76,T76_UAV_3,BS_2,LEO_1,418.553152,418.494758,0.006439,0.015548,0.182034
76,T76_UAV_14,BS_0,HAP_0,492.275433,492.083607,0.028685,0.026641,0.182499
76,T76_UAV_6,BS_0,LEO_0,529.265454,529.168861,0.010049,0.015555,0.354949
76,T76_UAV_0,BS_4,HAP_1,600.916137,600.69324,0.030237,0.0243,0.341798
76,T76_UAV_19,BS_3,HAP_2,629.276472,629.038373,0.032148,0.020997,0.424769
76,T76_UAV_2,BS_3,BS_2,657.297296,657.01326,0.051033,0.072091,0.304561
76,T76_UAV_4,BS_2,BS_3,688.862807,688.64426,0.053009,0.016501,0.245191
76,T76_UAV_5,BS_1,BS_4,776.501262,776.227124,0.05848,0.06322,0.262191
77,T77_UAV_2,BS_3,LEO_1,429.191196,428.993166,0.045305,0.01485,0.189375
77,T77_UAV_0,BS_4,LEO_0,503.999141,503.817353,0.048414,0.012291,0.105412
77,T77_UAV_1,BS_1,HAP_1,703.439984,703.385404,0.004347,0.011835,0.19199
77,T77_UAV_7,BS_1,HAP_0,479.95299,479.890304,0.002665,0.011857,0.240823
77,T77_UAV_6,BS_0,HAP_2,523.230385,522.96932,0.029202,0.052705,0.395792
77,T77_UAV_9,BS_1,LEO_1,662.988724,662.779265,0.046609,0.024975,0.189375
77,T77_UAV_8,BS_0,LEO_0,735.35293,735.16358,0.05201,0.016258,0.105412
77,T77_UAV_3,BS_2,HAP_1,847.021756,846.951639,0.00639,0.025329,0.19199
77,T77_UAV_15,BS_3,HAP_0,572.772085,572.704645,0.004165,0.01511,0.240823
77,T77_UAV_18,BS_2,LEO_1,808.13274,807.924326,0.049529,0.02101,0.189375
77,T77_UAV_19,BS_3,LEO_0,819.82353,819.625382,0.054602,0.022463,0.105412
77,T77_UAV_16,BS_1,HAP_2,636.892424,636.660205,0.031649,0.021412,0.395792
77,T77_UAV_10,BS_3,BS_4,703.121619,702.841885,0.053896,0.069064,0.283872
77,T77_UAV_14,BS_0,BS_2,774.111674,773.826916,0.05833,0.059049,0.336894
77,T77_UAV_17,BS_2,LEO_1,825.717141,825.507442,0.050369,0.021455,0.189375
77,T77_UAV_13,BS_2,LEO_0,841.463211,841.260683,0.055354,0.026092,0.105412
77,T77_UAV_5,BS_1,HAP_1,1193.423937,1193.366454,0.010011,0.009074,0.19199
78,T78_UAV_3,BS_2,LEO_1,228.241773,228.177299,0.003515,0.015324,0.228178
78,T78_UAV_13,BS_2,LEO_0,192.304738,192.100978,0.046528,0.009483,0.238743
78,T78_UAV_0,BS_4,HAP_1,893.495197,893.32135,0.029745,0.006708,0.186971
78,T78_UAV_11,BS_4,HAP_0,413.159247,412.971611,0.02739,0.016941,0.216524
78,T78_UAV_4,BS_2,HAP_2,447.649178,447.449619,0.030922,0.021558,0.235394
78,T78_UAV_15,BS_3,HAP_1,960.285655,960.099751,0.029978,0.018532,0.186971
78,T78_UAV_9,BS_1,LEO_1,568.781908,568.719096,0.007143,0.010033,0.228178
78,T78_UAV_16,BS_1,LEO_0,386.411936,386.195055,0.051776,0.017356,0.238743
78,T78_UAV_19,BS_3,HAP_1,1469.312631,1469.125225,0.032383,0.017628,0.186971
78,T78_UAV_18,BS_2,LEO_1,589.081967,589.008742,0.008826,0.018763,0.228178
78,T78_UAV_1,BS_1,HAP_0,674.421167,674.231905,0.029009,0.016948,0.216524
78,T78_UAV_12,BS_0,HAP_2,676.79835,676.573128,0.03198,0.046164,0.235394
78,T78_UAV_7,BS_1,HAP_1,1957.734836,1957.55761,0.03443,0.005401,0.186971
78,T78_UAV_17,BS_2,HAP_1,1963.534073,1963.340436,0.036177,0.020066,0.186971
78,T78_UAV_10,BS_3,HAP_1,2432.243851,2432.057633,0.037206,0.011618,0.186971
78,T78_UAV_6,BS_0,HAP_1,2599.786469,2599.607124,0.036473,0.005478,0.186971
78,T78_UAV_8,BS_0,HAP_1,2960.805929,2960.6189,0.037411,0.012225,0.186971
79,T79_UAV_17,BS_2,LEO_1,83.022251,82.928208,0.003582,0.02634,0.320597
79,T79_UAV_19,BS_3,LEO_0,330.282549,330.058837,0.047568,0.018408,0.288684
79,T79_UAV_2,BS_3,HAP_2,1117.8547,1117.787705,0.006985,0.022912,0.185495
79,T79_UAV_14,BS_0,HAP_0,331.253218,331.069375,0.027475,0.013934,0.212173
79,T79_UAV_10,BS_3,HAP_2,1118.372371,1118.307251,0.007034,0.020987,0.185495
79,T79_UAV_18,BS_2,LEO_0,484.773149,484.555835,0.051357,0.00822,0.288684
79,T79_UAV_16,BS_1,HAP_1,371.324846,371.087518,0.030454,0.01147,0.477019
79,T79_UAV_15,BS_3,HAP_2,1277.283819,1277.221375,0.007956,0.01739,0.185495
79,T79_UAV_7,BS_1,HAP_0,528.569386,528.37942,0.027932,0.019599,0.212173
79,T79_UAV_13,BS_2,HAP_2,1309.100591,1309.025934,0.008261,0.029297,0.185495
79,T79_UAV_11,BS_4,LEO_0,683.238543,682.99611,0.054305,0.030392,0.288684
79,T79_UAV_12,BS_0,HAP_2,1550.381598,1550.326958,0.008877,0.008665,0.185495
79,T79_UAV_8,BS_0,HAP_2,2154.950585,2154.880799,0.011851,0.020836,0.185495
79,T79_UAV_0,BS_4,HAP_2,2364.741803,2364.665278,0.013524,0.025902,0.185495
79,T79_UAV_4,BS_2,HAP_2,2695.75936,2695.669696,0.018149,0.034417,0.185495
79,T79_UAV_9,BS_1,HAP_2,2840.280572,2840.211349,0.014846,0.017279,0.185495
80,T80_UAV_16,BS_1,LEO_0,271.659738,271.588568,0.004479,0.014908,0.258914
80,T80_UAV_4,BS_2,LEO_1,216.228057,216.003482,0.043506,0.020555,0.302569
80,T80_UAV_13,BS_2,HAP_0,315.898736,315.828201,0.001828,0.019916,0.243957
80,T80_UAV_11,BS_4,HAP_1,263.283711,263.032067,0.027123,0.033565,0.454779
80,T80_UAV_2,BS_3,HAP_2,263.365304,263.100462,0.028102,0.043002,0.468691
80,T80_UAV_12,BS_0,LEO_0,360.110944,360.045384,0.00606,0.007717,0.258914
80,T80_UAV_8,BS_0,LEO_1,312.019981,311.784949,0.044339,0.030179,0.302569
80,T80_UAV_10,BS_3,HAP_0,500.63519,500.571428,0.003399,0.011572,0.243957
80,T80_UAV_17,BS_2,LEO_0,472.319728,472.24321,0.008926,0.01581,0.258914
80,T80_UAV_18,BS_2,HAP_1,422.15914,421.887733,0.029454,0.050997,0.454779
80,T80_UAV_9,BS_1,BS_4,483.879459,483.635164,0.040202,0.044678,0.297076
80,T80_UAV_5,BS_1,LEO_1,637.2253,636.997294,0.048151,0.019341,0.302569
80,T80_UAV_7,BS_1,HAP_2,639.509153,639.27081,0.029628,0.014977,0.468691
80,T80_UAV_1,BS_1,LEO_0,667.314382,667.234291,0.009211,0.019098,0.258914
80,T80_UAV_19,BS_3,BS_2,697.102193,696.826378,0.05352,0.051521,0.353875
80,T80_UAV_15,BS_3,BS_1,778.131874,777.886399,0.058584,0.018129,0.343815
80,T80_UAV_6,BS_0,HAP_0,874.185661,874.108627,0.004927,0.023316,0.243957
81,T81_UAV_1,BS_1,LEO_1,704.87691,704.821517,0.003526,0.012151,0.198581
81,T81_UAV_11,BS_4,LEO_0,95.375794,95.290075,0.005527,0.018161,0.310158
81,T81_UAV_8,BS_0,HAP_1,758.699823,758.529044,0.028421,0.009573,0.163926
81,T81_UAV_12,BS_0,LEO_1,965.084213,965.014632,0.006078,0.023787,0.198581
81,T81_UAV_2,BS_3,HAP_0,354.44282,354.371497,0.003937,0.006717,0.303347
81,T81_UAV_15,BS_3,LEO_1,1260.367039,1260.303787,0.008307,0.015228,0.198581
81,T81_UAV_18,BS_2,HAP_1,1280.036228,1279.846017,0.033527,0.023899,0.163926
81,T81_UAV_10,BS_3,LEO_1,1402.965418,1402.892432,0.009424,0.023846,0.198581
81,T81_UAV_5,BS_1,HAP_1,1411.930334,1411.756855,0.034106,0.006588,0.163926
81,T81_UAV_4,BS_2,LEO_1,1430.616856,1430.552309,0.009851,0.01498,0.198581
81,T81_UAV_16,BS_1,LEO_1,1473.916473,1473.859953,0.008537,0.008266,0.198581
81,T81_UAV_13,BS_2,HAP_1,1584.770597,1584.573983,0.034581,0.029248,0.163926
81,T81_UAV_17,BS_2,LEO_1,1612.531385,1612.468438,0.010959,0.012272,0.198581
81,T81_UAV_14,BS_0,HAP_1,1702.315818,1702.139504,0.032268,0.01126,0.163926
81,T81_UAV_19,BS_3,LEO_1,2028.640052,2028.564898,0.013191,0.022246,0.198581
81,T81_UAV_3,BS_2,LEO_1,2165.044784,2164.978919,0.014261,0.011887,0.198581
81,T81_UAV_6,BS_0,HAP_1,2212.020058,2211.830536,0.035511,0.021226,0.163926
82,T82_UAV_18,BS_2,LEO_1,83.05358,82.773595,0.043303,0.034025,0.513281
82,T82_UAV_14,BS_0,LEO_0,804.91572,804.71624,0.046366,0.014015,0.195496
82,T82_UAV_1,BS_1,HAP_0,829.95135,829.756213,0.028615,0.017299,0.246108
82,T82_UAV_4,BS_2,LEO_0,993.292261,993.073384,0.049765,0.030013,0.195496
82,T82_UAV_5,BS_1,HAP_1,337.719151,337.468163,0.029925,0.036006,0.425285
82,T82_UAV_11,BS_4,LEO_0,1054.237167,1054.043126,0.048954,0.005988,0.195496
82,T82_UAV_9,BS_1,HAP_2,378.24996,377.991072,0.029763,0.04797,0.405774
82,T82_UAV_3,BS_2,HAP_0,1151.746919,1151.540621,0.030578,0.026499,0.246108
82,T82_UAV_7,BS_1,LEO_0,1156.971579,1156.769036,0.048571,0.014874,0.195496
82,T82_UAV_0,BS_4,HAP_0,1222.44566,1222.259178,0.030021,0.007239,0.246108
82,T82_UAV_17,BS_2,LEO_0,1173.348096,1173.139223,0.051345,0.018429,0.195496
82,T82_UAV_13,BS_2,HAP_0,1281.867858,1281.667743,0.031046,0.019847,0.246108
82,T82_UAV_12,BS_0,LEO_0,1362.806044,1362.60271,0.051885,0.01235,0.195496
82,T82_UAV_16,BS_1,LEO_0,1548.190258,1547.983081,0.053278,0.0148,0.195496
82,T82_UAV_8,BS_0,HAP_0,1713.441733,1713.25202,0.034224,0.006267,0.246108
82,T82_UAV_19,BS_3,LEO_0,1729.128357,1728.906433,0.055871,0.026954,0.195496
82,T82_UAV_2,BS_3,HAP_0,1908.603483,1908.398551,0.035455,0.020256,0.246108
82,T82_UAV_15,BS_3,LEO_0,1917.243697,1917.028134,0.057865,0.018599,0.195496
83,T83_UAV_15,BS_3,HAP_2,925.346914,925.171786,0.030759,0.016116,0.141267
83,T83_UAV_10,BS_3,LEO_1,222.645317,222.369094,0.045003,0.047392,0.41914
83,T83_UAV_12,BS_0,LEO_0,126.598421,126.325422,0.047538,0.02414,0.50661
83,T83_UAV_17,BS_2,HAP_0,268.524247,268.277164,0.027476,0.015287,0.521601
83,T83_UAV_9,BS_1,HAP_2,1345.773901,1345.572665,0.03203,0.040953,0.141267
83,T83_UAV_0,BS_4,HAP_1,300.796073,300.508513,0.028678,0.06599,0.464463
83,T83_UAV_6,BS_0,LEO_1,516.915253,516.673386,0.048827,0.009212,0.41914
83,T83_UAV_2,BS_3,HAP_2,1573.818122,1573.620212,0.034822,0.034834,0.141267
83,T83_UAV_13,BS_2,BS_4,641.967953,641.723443,0.050078,0.048176,0.231278
83,T83_UAV_5,BS_1,HAP_2,1929.501336,1929.294237,0.035963,0.042883,0.141267
83,T83_UAV_11,BS_4,HAP_2,2036.752155,2036.569781,0.036258,0.017863,0.141267
83,T83_UAV_8,BS_0,HAP_2,2245.97397,2245.792676,0.037344,0.015696,0.141267
83,T83_UAV_4,BS_2,HAP_2,2770.846547,2770.655597,0.043711,0.018986,0.141267
83,T83_UAV_19,BS_3,HAP_2,3154.617335,3154.401323,0.044243,0.043516,0.141267
83,T83_UAV_14,BS_0,HAP_2,3565.92659,3565.727842,0.042655,0.027841,0.141267
84,T84_UAV_3,BS_2,LEO_1,365.271375,365.057156,0.04371,0.015524,0.274922
84,T84_UAV_10,BS_3,LEO_0,276.224809,275.94795,0.046529,0.045269,0.425309
84,T84_UAV_1,BS_1,HAP_1,356.108133,355.887629,0.0272,0.03402,0.296424
84,T84_UAV_12,BS_0,HAP_0,343.147924,342.901165,0.027969,0.031645,0.435721
84,T84_UAV_7,BS_1,HAP_2,349.558206,349.317764,0.02754,0.009312,0.517945
84,T84_UAV_5,BS_1,LEO_1,471.513611,471.291582,0.044054,0.022991,0.274922
84,T84_UAV_17,BS_2,LEO_0,362.374852,362.095256,0.048841,0.045694,0.425309
84,T84_UAV_4,BS_2,HAP_1,583.96679,583.763917,0.030063,0.013525,0.296424
84,T84_UAV_6,BS_0,LEO_1,834.42728,834.185716,0.046825,0.039754,0.274922
84,T84_UAV_16,BS_1,BS_4,526.464021,526.246902,0.042864,0.014313,0.299706
84,T84_UAV_2,BS_3,HAP_0,547.630179,547.367184,0.029404,0.046446,0.435721
84,T84_UAV_8,BS_0,HAP_2,569.301457,569.058432,0.030512,0.008924,0.517945
84,T84_UAV_9,BS_1,LEO_0,610.853785,610.583366,0.052159,0.033198,0.425309
84,T84_UAV_19,BS_3,LEO_1,962.978844,962.764833,0.049648,0.009378,0.274922
84,T84_UAV_15,BS_4,HAP_1,946.608281,946.397362,0.031811,0.019824,0.296424
84,T84_UAV_18,BS_2,LEO_1,1091.937542,1091.721648,0.050828,0.010082,0.274922
85,T85_UAV_2,BS_3,LEO_0,298.660845,298.46928,0.046985,0.022052,0.112643
85,T85_UAV_16,BS_1,HAP_0,305.867675,305.699592,0.026278,0.008825,0.164899
85,T85_UAV_12,BS_0,LEO_1,384.01152,383.751101,0.047931,0.050261,0.311136
85,T85_UAV_4,BS_2,HAP_1,239.645977,239.419364,0.028645,0.041001,0.284835
85,T85_UAV_17,BS_2,HAP_2,288.056891,287.836175,0.030609,0.030067,0.300203
85,T85_UAV_13,BS_2,LEO_0,458.178926,457.994709,0.050779,0.01091,0.112643
85,T85_UAV_7,BS_1,LEO_1,530.198819,529.965332,0.048144,0.023115,0.311136
85,T85_UAV_14,BS_0,HAP_0,633.946832,633.757448,0.029727,0.026677,0.164899
85,T85_UAV_6,BS_0,LEO_0,665.923915,665.710218,0.052704,0.038464,0.112643
86,T86_UAV_8,BS_0,LEO_0,302.984823,302.790064,0.044937,0.024909,0.124559
86,T86_UAV_1,BS_1,LEO_1,399.73586,399.526309,0.044348,0.01854,0.23332
86,T86_UAV_2,BS_3,HAP_0,280.949489,280.770091,0.02725,0.026076,0.130361
86,T86_UAV_9,BS_1,HAP_1,420.626446,420.427836,0.0284,0.020091,0.250596
86,T86_UAV_13,BS_2,HAP_2,435.520762,435.304728,0.030231,0.027313,0.292448
86,T86_UAV_16,BS_1,LEO_0,493.179454,492.98009,0.048145,0.026308,0.124559
86,T86_UAV_10,BS_3,LEO_1,473.535087,473.319075,0.047506,0.021843,0.23332
86,T86_UAV_0,BS_4,HAP_0,503.353806,503.191925,0.027768,0.008041,0.130361
86,T86_UAV_5,BS_1,HAP_1,558.587251,558.398907,0.030667,0.007559,0.250596
86,T86_UAV_14,BS_0,LEO_0,848.510096,848.294921,0.052769,0.037494,0.124559
86,T86_UAV_11,BS_4,LEO_1,680.020896,679.786694,0.049114,0.038423,0.23332
86,T86_UAV_17,BS_2,HAP_2,714.489059,714.275152,0.034169,0.021248,0.292448
86,T86_UAV_7,BS_1,BS_2,780.400157,780.110917,0.058723,0.044698,0.4291
86,T86_UAV_15,BS_4,BS_3,784.32492,784.03281,0.058968,0.056114,0.385142
86,T86_UAV_19,BS_3,LEO_0,1067.054263,1066.860827,0.059024,0.0095,0.124559
87,T87_UAV_5,BS_1,LEO_1,229.15893,229.10141,0.002964,0.015719,0.194181
87,T87_UAV_18,BS_2,LEO_0,258.596622,258.526918,0.006087,0.014174,0.247216
87,T87_UAV_16,BS_1,HAP_0,379.567968,379.383319,0.026588,0.018323,0.19869
87,T87_UAV_7,BS_1,HAP_1,383.186032,382.985474,0.027887,0.013208,0.297316
87,T87_UAV_1,BS_1,HAP_2,407.100545,406.93958,0.027847,0.011309,0.10905
87,T87_UAV_11,BS_4,LEO_1,418.4419,418.371104,0.005617,0.026343,0.194181
87,T87_UAV_9,BS_1,LEO_0,419.398868,419.332125,0.008357,0.008944,0.247216
87,T87_UAV_12,BS_0,LEO_1,460.865737,460.800548,0.006718,0.019634,0.194181
87,T87_UAV_0,BS_4,HAP_0,476.458122,476.283153,0.027619,0.007611,0.19869
87,T87_UAV_2,BS_3,LEO_0,517.432815,517.333907,0.012131,0.037334,0.247216
87,T87_UAV_10,BS_3,HAP_1,524.978896,524.760939,0.029282,0.029211,0.297316
87,T87_UAV_14,BS_0,HAP_2,586.929049,586.746759,0.029856,0.030624,0.10905
87,T87_UAV_4,BS_2,BS_3,597.722659,597.466383,0.047313,0.037911,0.355257
87,T87_UAV_6,BS_0,BS_4,635.094767,634.854568,0.049649,0.058138,0.162063
88,T88_UAV_14,BS_0,HAP_1,896.58236,896.407261,0.02859,0.026918,0.097953
88,T88_UAV_12,BS_0,LEO_1,230.065214,229.972799,0.004757,0.031,0.283288
88,T88_UAV_4,BS_2,LEO_0,254.58834,254.368652,0.049206,0.027148,0.21667
88,T88_UAV_5,BS_1,HAP_0,536.253286,536.18186,0.001975,0.031945,0.187529
88,T88_UAV_7,BS_1,HAP_2,395.079486,394.913862,0.027887,0.006442,0.156477
88,T88_UAV_19,BS_3,LEO_1,281.531025,281.458807,0.006095,0.009466,0.283288
88,T88_UAV_2,BS_3,HAP_1,1341.345704,1341.165545,0.031623,0.028945,0.097953
88,T88_UAV_16,BS_1,LEO_0,368.286319,368.076717,0.051286,0.014981,0.21667
88,T88_UAV_11,BS_4,HAP_1,1401.471029,1401.28983,0.032082,0.029526,0.097953
88,T88_UAV_0,BS_4,HAP_0,829.045746,828.99238,0.004059,0.011801,0.187529
88,T88_UAV_17,BS_2,HAP_2,612.013257,611.815041,0.032871,0.03405,0.156477
88,T88_UAV_8,BS_0,HAP_1,1491.586156,1491.390081,0.031305,0.045179,0.097953
88,T88_UAV_15,BS_4,HAP_0,1001.09715,1001.030832,0.006217,0.022594,0.187529
88,T88_UAV_13,BS_2,HAP_1,1736.547647,1736.35192,0.034663,0.041473,0.097953
88,T88_UAV_18,BS_2,HAP_1,1850.663979,1850.501243,0.036166,0.006979,0.097953
88,T88_UAV_3,BS_2,HAP_1,1955.701509,1955.501667,0.035653,0.044599,0.097953
88,T88_UAV_1,BS_1,HAP_1,2067.36709,2067.1972,0.034578,0.015721,0.097953
89,T89_UAV_11,BS_4,LEO_1,202.554852,202.480801,0.00272,0.005178,0.330766
89,T89_UAV_1,BS_1,LEO_0,267.812532,267.597697,0.043672,0.025124,0.230196
89,T89_UAV_13,BS_2,HAP_0,207.658519,207.572049,0.001354,0.02398,0.30568
89,T89_UAV_4,BS_2,HAP_2,250.28701,250.206794,0.003361,0.027748,0.245538
89,T89_UAV_0,BS_4,HAP_1,331.068385,330.827348,0.027906,0.02519,0.439701
89,T89_UAV_10,BS_3,LEO_0,417.6717,417.461154,0.047696,0.01681,0.230196
89,T89_UAV_8,BS_0,LEO_1,343.317009,343.2389,0.004777,0.007178,0.330766
89,T89_UAV_2,BS_3,HAP_0,384.697777,384.624358,0.003073,0.009209,0.30568
89,T89_UAV_19,BS_3,HAP_2,536.531663,536.453181,0.006114,0.02326,0.245538
89,T89_UAV_15,BS_2,LEO_0,847.307244,847.10019,0.055348,0.005667,0.230196
89,T89_UAV_5,BS_1,LEO_1,657.239675,657.138995,0.008526,0.026001,0.330766
89,T89_UAV_12,BS_0,BS_3,722.194408,721.974922,0.055091,0.011759,0.263179
89,T89_UAV_7,BS_1,HAP_1,800.559308,800.285635,0.031032,0.054701,0.439701
89,T89_UAV_17,BS_2,LEO_0,1060.36519,1060.13849,0.060132,0.020529,0.230196
90,T90_UAV_16,BS_1,LEO_1,304.173853,303.983872,0.043183,0.022412,0.12193
90,T90_UAV_8,BS_0,LEO_0,407.944648,407.742539,0.046652,0.018008,0.187244
90,T90_UAV_15,BS_2,HAP_0,514.394472,514.212205,0.028184,0.016898,0.185925
90,T90_UAV_2,BS_3,HAP_2,345.212738,345.136538,0.004064,0.013871,0.291326
90,T90_UAV_1,BS_1,HAP_1,378.085494,377.86633,0.027702,0.021425,0.350189
90,T90_UAV_18,BS_2,LEO_1,564.157615,563.960077,0.046697,0.026455,0.12193
90,T90_UAV_10,BS_3,LEO_0,675.077208,674.869509,0.05246,0.017791,0.187244
90,T90_UAV_6,BS_0,HAP_0,784.928592,784.73103,0.029444,0.030932,0.185925
90,T90_UAV_19,BS_3,HAP_2,578.736408,578.658231,0.006596,0.013316,0.291326
90,T90_UAV_3,BS_2,LEO_1,806.212649,806.022064,0.049835,0.016363,0.12193
90,T90_UAV_11,BS_4,LEO_0,863.208306,862.999687,0.054114,0.017056,0.187244
90,T90_UAV_13,BS_2,BS_3,675.165372,674.945088,0.052153,0.011082,0.28525
90,T90_UAV_7,BS_1,HAP_1,710.263082,710.014136,0.03035,0.048558,0.350189
90,T90_UAV_9,BS_1,BS_4,764.837504,764.615118,0.057755,0.017444,0.235939
90,T90_UAV_14,BS_0,BS_2,784.367416,784.092937,0.058971,0.045902,0.348028
90,T90_UAV_12,BS_0,LEO_1,1029.023227,1028.842855,0.051824,0.004163,0.12193
90,T90_UAV_0,BS_4,LEO_0,1050.766654,1050.542519,0.057619,0.029067,0.187244
90,T90_UAV_4,BS_2,HAP_0,1197.433302,1197.243665,0.032164,0.020288,0.185925
91,T91_UAV_11,BS_4,LEO_0,374.917277,374.865275,0.005084,0.008634,0.19142
91,T91_UAV_9,BS_1,LEO_1,322.640704,322.43436,0.0432,0.022616,0.202641
91,T91_UAV_1,BS_1,HAP_0,296.309813,296.251877,0.001761,0.013232,0.214719
91,T91_UAV_8,BS_0,HAP_2,308.236587,308.153218,0.002984,0.009223,0.35581
91,T91_UAV_0,BS_4,LEO_0,557.160099,557.088077,0.007741,0.025997,0.19142
91,T91_UAV_14,BS_0,LEO_1,510.099539,509.895592,0.045098,0.018322,0.202641
91,T91_UAV_10,BS_3,HAP_1,582.568304,582.346152,0.029787,0.026054,0.331556
91,T91_UAV_18,BS_2,LEO_0,570.894543,570.841057,0.008619,0.006584,0.19142
91,T91_UAV_13,BS_2,HAP_0,462.18587,462.125588,0.003004,0.014335,0.214719
91,T91_UAV_3,BS_2,LEO_1,740.344038,740.132194,0.049034,0.022283,0.202641
91,T91_UAV_4,BS_2,HAP_2,602.689856,602.599151,0.008115,0.011427,0.35581
91,T91_UAV_17,BS_2,HAP_1,725.999375,725.758479,0.032154,0.042431,0.331556
91,T91_UAV_12,BS_0,LEO_0,934.708382,934.635786,0.01301,0.021301,0.19142
91,T91_UAV_5,BS_1,LEO_1,870.43532,870.224945,0.048974,0.020873,0.202641
91,T91_UAV_7,BS_1,LEO_0,1286.839462,1286.764876,0.015036,0.021265,0.19142
92,T92_UAV_18,BS_2,LEO_1,269.512039,269.450598,0.003206,0.012529,0.228526
92,T92_UAV_3,BS_2,LEO_0,403.416098,403.19895,0.047394,0.033214,0.182702
92,T92_UAV_11,BS_4,HAP_0,384.548576,384.459848,0.002223,0.022792,0.318564
92,T92_UAV_17,BS_2,HAP_1,626.643525,626.451436,0.030165,0.025372,0.182762
92,T92_UAV_4,BS_2,HAP_2,439.460348,439.283222,0.030919,0.015842,0.15183
92,T92_UAV_7,BS_1,LEO_0,638.174949,637.956224,0.048952,0.033232,0.182702
92,T92_UAV_14,BS_0,LEO_1,648.292639,648.227823,0.006491,0.012621,0.228526
92,T92_UAV_8,BS_0,LEO_1,684.883865,684.814321,0.007532,0.016306,0.228526
92,T92_UAV_15,BS_2,HAP_0,517.973119,517.887468,0.003698,0.01824,0.318564
92,T92_UAV_19,BS_3,HAP_1,811.424936,811.23072,0.030495,0.027169,0.182762
92,T92_UAV_10,BS_3,HAP_2,595.800551,595.611977,0.032248,0.02596,0.15183
92,T92_UAV_5,BS_1,LEO_0,833.735221,833.527393,0.053647,0.01764,0.182702
92,T92_UAV_16,BS_1,BS_2,648.141033,647.86919,0.050462,0.048965,0.362083
92,T92_UAV_2,BS_3,BS_4,673.336064,673.117186,0.052039,0.027744,0.195475
92,T92_UAV_12,BS_0,BS_3,683.81819,683.55699,0.052691,0.043263,0.326228
92,T92_UAV_0,BS_4,LEO_0,855.469176,855.26315,0.05435,0.015135,0.182702
92,T92_UAV_9,BS_1,LEO_1,898.607708,898.539783,0.008933,0.013286,0.228526
92,T92_UAV_6,BS_0,HAP_1,1065.58437,1065.394973,0.031188,0.021657,0.182762
93,T93_UAV_2,BS_3,LEO_0,440.580511,440.522237,0.005677,0.013817,0.193898
93,T93_UAV_14,BS_0,LEO_1,298.318544,298.250334,0.002987,0.008346,0.284388
93,T93_UAV_12,BS_0,HAP_2,462.278356,462.220828,0.003512,0.015766,0.191249
93,T93_UAV_4,BS_2,LEO_1,313.251269,313.174656,0.00404,0.015695,0.284388
93,T93_UAV_6,BS_0,LEO_0,520.625106,520.575651,0.005598,0.005078,0.193898
93,T93_UAV_7,BS_1,LEO_1,404.24971,404.181338,0.003588,0.007907,0.284388
93,T93_UAV_18,BS_2,LEO_0,632.239202,632.173385,0.008203,0.018835,0.193898
93,T93_UAV_8,BS_0,HAP_2,639.02534,638.965792,0.004621,0.016677,0.191249
93,T93_UAV_3,BS_2,LEO_0,665.130085,665.065689,0.008665,0.016951,0.193898
93,T93_UAV_16,BS_1,BS_3,544.119404,543.873367,0.043965,0.046809,0.276316
93,T93_UAV_13,BS_2,HAP_2,748.41173,748.350262,0.006475,0.016744,0.191249
93,T93_UAV_15,BS_2,LEO_0,897.546656,897.476761,0.011541,0.019575,0.193898
93,T93_UAV_19,BS_3,BS_4,782.405793,782.133208,0.058849,0.064179,0.247784
93,T93_UAV_0,BS_4,LEO_1,851.811676,851.736844,0.009274,0.008679,0.284388
93,T93_UAV_9,BS_1,LEO_0,1159.724791,1159.666825,0.012886,0.0063,0.193898
93,T93_UAV_11,BS_4,HAP_2,1452.164967,1452.099509,0.010637,0.016572,0.191249
94,T94_UAV_2,BS_3,LEO_1,216.266095,216.178698,0.003383,0.007592,0.382111
94,T94_UAV_19,BS_3,LEO_0,340.214416,339.990234,0.047809,0.014616,0.308783
94,T94_UAV_7,BS_1,HAP_2,243.033522,242.852028,0.026787,0.00807,0.233182
94,T94_UAV_18,BS_2,HAP_0,411.298836,411.090265,0.027332,0.010728,0.352558
94,T94_UAV_5,BS_1,HAP_1,434.712293,434.460535,0.029444,0.037573,0.4237
94,T94_UAV_8,BS_0,HAP_2,383.588965,383.384617,0.028707,0.029005,0.233182
94,T94_UAV_15,BS_2,LEO_1,595.260909,595.150755,0.009162,0.02457,0.382111
94,T94_UAV_14,BS_0,LEO_0,626.571825,626.343819,0.052101,0.014149,0.308783
94,T94_UAV_1,BS_1,BS_3,427.436055,427.178726,0.036675,0.072415,0.241191
94,T94_UAV_6,BS_0,BS_4,542.66441,542.433304,0.043875,0.044405,0.214135
94,T94_UAV_9,BS_1,LEO_1,689.362791,689.260709,0.008618,0.017042,0.382111
94,T94_UAV_12,BS_0,HAP_0,702.48804,702.276505,0.031019,0.010005,0.352558
94,T94_UAV_0,BS_4,HAP_1,722.310262,722.061165,0.031368,0.032989,0.4237
94,T94_UAV_3,BS_2,LEO_0,730.943783,730.711459,0.057316,0.013252,0.308783
94,T94_UAV_11,BS_4,BS_1,737.801976,737.533524,0.056063,0.053132,0.296287
94,T94_UAV_17,BS_2,BS_0,750.208348,749.963876,0.056839,0.01776,0.349361
95,T95_UAV_17,BS_2,LEO_1,500.724181,500.545402,0.044607,0.010571,0.118007
95,T95_UAV_8,BS_0,LEO_0,272.155615,271.916355,0.048212,0.032536,0.292556
95,T95_UAV_0,BS_4,HAP_2,809.326953,809.137154,0.031205,0.020298,0.191487
95,T95_UAV_7,BS_1,HAP_1,251.26127,251.063619,0.027548,0.027337,0.21383
95,T95_UAV_18,BS_2,HAP_0,257.493565,257.292879,0.026854,0.014424,0.297044
95,T95_UAV_19,BS_3,LEO_1,1107.846368,1107.65117,0.049689,0.021909,0.118007
95,T95_UAV_11,BS_4,LEO_0,532.603942,532.360505,0.056153,0.028773,0.292556
95,T95_UAV_3,BS_2,LEO_1,1185.502079,1185.313548,0.050545,0.014384,0.118007
95,T95_UAV_9,BS_1,HAP_2,1197.070172,1196.893569,0.033128,0.005178,0.191487
95,T95_UAV_6,BS_0,LEO_1,1265.795114,1265.617847,0.049151,0.004514,0.118007
95,T95_UAV_14,BS_0,HAP_2,1437.655431,1437.47728,0.034174,0.005679,0.191487
95,T95_UAV_16,BS_1,LEO_1,1468.287416,1468.088362,0.051349,0.024104,0.118007
95,T95_UAV_12,BS_0,LEO_1,1523.691863,1523.505095,0.052772,0.010394,0.118007
95,T95_UAV_2,BS_3,HAP_2,1556.107011,1555.922859,0.038179,0.007675,0.191487
96,T96_UAV_17,BS_2,LEO_1,68.974351,68.742646,0.042975,0.02114,0.337952
96,T96_UAV_10,BS_3,LEO_0,89.716149,89.499771,0.045945,0.008181,0.311264
96,T96_UAV_4,BS_2,HAP_0,647.675412,647.496561,0.028323,0.010538,0.199949
96,T96_UAV_5,BS_1,HAP_1,804.798673,804.604637,0.031099,0.027248,0.178446
96,T96_UAV_0,BS_4,HAP_2,311.053681,310.842865,0.029701,0.01842,0.313473
96,T96_UAV_14,BS_0,HAP_1,851.076882,850.90329,0.029064,0.008839,0.178446
96,T96_UAV_15,BS_2,HAP_0,1241.551659,1241.358506,0.031514,0.021649,0.199949
96,T96_UAV_19,BS_3,BS_4,1060.656805,1060.396901,0.076232,0.03957,0.220508
96,T96_UAV_12,BS_0,HAP_1,1145.046325,1144.862502,0.030699,0.017435,0.178446
96,T96_UAV_11,BS_4,HAP_0,1625.003579,1624.814758,0.032246,0.016585,0.199949
96,T96_UAV_8,BS_0,HAP_1,1300.443354,1300.247981,0.031638,0.028046,0.178446
96,T96_UAV_3,BS_2,HAP_0,1817.803606,1817.595858,0.034271,0.033487,0.199949
96,T96_UAV_13,BS_2,BS_4,1577.046768,1576.754722,0.108488,0.039456,0.220508
96,T96_UAV_7,BS_1,HAP_0,1950.714102,1950.524944,0.033438,0.01573,0.199949
97,T97_UAV_0,BS_4,LEO_1,205.373613,205.127733,0.042818,0.021166,0.409481
97,T97_UAV_13,BS_2,LEO_0,319.739682,319.524352,0.045835,0.018458,0.255181
97,T97_UAV_7,BS_1,HAP_1,297.480235,297.291449,0.027233,0.011175,0.251889
97,T97_UAV_19,BS_3,HAP_2,354.853182,354.637678,0.029043,0.026829,0.298159
97,T97_UAV_11,BS_4,HAP_0,409.89887,409.682706,0.027365,0.00759,0.406048
97,T97_UAV_16,BS_1,LEO_0,585.27544,585.037711,0.049724,0.036968,0.255181
97,T97_UAV_8,BS_0,LEO_1,442.519954,442.272709,0.046136,0.019213,0.409481
97,T97_UAV_3,BS_2,HAP_1,511.367951,511.159483,0.029687,0.028404,0.251889
97,T97_UAV_18,BS_2,HAP_2,598.888646,598.664466,0.032397,0.032151,0.298159
97,T97_UAV_2,BS_3,LEO_0,872.543544,872.313935,0.055827,0.022745,0.255181
97,T97_UAV_4,BS_2,HAP_0,659.741372,659.495711,0.029555,0.034896,0.406048
97,T97_UAV_5,BS_1,BS_3,707.720449,707.491265,0.054186,0.016608,0.29195
97,T97_UAV_6,BS_0,LEO_1,722.454283,722.204665,0.048891,0.01883,0.409481
97,T97_UAV_15,BS_2,BS_4,764.286068,764.059142,0.05772,0.015265,0.269704
97,T97_UAV_1,BS_1,BS_2,781.169941,780.876668,0.05877,0.06406,0.352212
97,T97_UAV_17,BS_2,LEO_0,1042.016961,1041.794226,0.059877,0.011822,0.255181
98,T98_UAV_7,BS_1,LEO_1,244.489894,244.409593,0.002726,0.029215,0.241798
98,T98_UAV_11,BS_4,LEO_0,313.126008,312.886905,0.046582,0.036683,0.279187
98,T98_UAV_1,BS_1,HAP_1,402.467767,402.406014,0.002887,0.009594,0.246364
98,T98_UAV_2,BS_3,HAP_2,407.636538,407.559736,0.004788,0.026293,0.228609
98,T98_UAV_18,BS_2,HAP_0,419.461556,419.260851,0.027392,0.018544,0.273849
98,T98_UAV_13,BS_2,LEO_1,428.534591,428.45455,0.006576,0.025106,0.241798
98,T98_UAV_19,BS_3,LEO_0,448.25964,448.031368,0.050302,0.022132,0.279187
98,T98_UAV_14,BS_0,HAP_1,464.228659,464.154165,0.002721,0.0225,0.246364
98,T98_UAV_9,BS_1,LEO_1,529.577169,529.508072,0.006613,0.014124,0.241798
98,T98_UAV_17,BS_2,HAP_0,652.361825,652.16999,0.029557,0.007508,0.273849
98,T98_UAV_6,BS_0,HAP_2,687.291655,687.218293,0.005667,0.021973,0.228609
98,T98_UAV_5,BS_1,LEO_0,734.870525,734.644453,0.055566,0.01467,0.279187
98,T98_UAV_10,BS_3,BS_2,743.453378,743.16865,0.056415,0.056992,0.356608
98,T98_UAV_16,BS_1,BS_3,785.941073,785.653511,0.059069,0.067212,0.306408
98,T98_UAV_12,BS_0,BS_4,800.411746,800.171338,0.059976,0.011704,0.343641
99,T99_UAV_0,BS_4,LEO_1,399.329812,399.139549,0.044348,0.008798,0.185578
99,T99_UAV_11,BS_4,LEO_0,368.687298,368.622336,0.007774,0.007044,0.250718
99,T99_UAV_13,BS_2,HAP_0,583.760443,583.679887,0.003276,0.040427,0.184264
99,T99_UAV_8,BS_0,HAP_2,408.871826,408.790816,0.003955,0.023151,0.269526
99,T99_UAV_19,BS_3,HAP_1,492.31365,492.125577,0.028859,0.011052,0.240813
99,T99_UAV_16,BS_1,LEO_1,532.970795,532.769174,0.045611,0.018895,0.185578
99,T99_UAV_5,BS_1,LEO_0,597.181754,597.096955,0.012678,0.021977,0.250718
99,T99_UAV_17,BS_2,HAP_0,896.15163,896.095276,0.00544,0.014061,0.184264
99,T99_UAV_9,BS_1,LEO_1,810.894573,810.68015,0.048038,0.029269,0.185578
99,T99_UAV_10,BS_3,LEO_0,614.970806,614.874884,0.014775,0.031003,0.250718
99,T99_UAV_12,BS_0,HAP_1,659.667953,659.473703,0.029064,0.017024,0.240813
99,T99_UAV_4,BS_2,HAP_2,685.153656,685.082619,0.009201,0.007931,0.269526
99,T99_UAV_7,BS_1,BS_2,792.90275,792.655196,0.059506,0.016979,0.355341
99,T99_UAV_1,BS_1,LEO_1,863.715287,863.505796,0.047479,0.024896,0.185578
99,T99_UAV_18,BS_2,HAP_0,1015.346959,1015.29037,0.005146,0.01459,0.184264
100,T100_UAV_16,BS_1,LEO_0,479.342669,479.276135,0.007988,0.006439,0.260532
100,T100_UAV_14,BS_0,LEO_1,513.277457,513.071235,0.045139,0.016183,0.224502
100,T100_UAV_9,BS_1,HAP_0,745.098781,744.928667,0.028218,0.005554,0.181711
100,T100_UAV_12,BS_0,HAP_1,423.572398,423.499189,0.002614,0.024041,0.232773
100,T100_UAV_15,BS_2,LEO_0,620.81872,620.735952,0.011246,0.019416,0.260532
100,T100_UAV_8,BS_0,LEO_1,661.129581,660.899608,0.04725,0.037823,0.224502
100,T100_UAV_0,BS_4,HAP_2,354.931983,354.848867,0.005391,0.010999,0.333627
100,T100_UAV_2,BS_3,HAP_0,803.100708,802.908337,0.02989,0.026139,0.181711
100,T100_UAV_3,BS_2,HAP_1,602.780567,602.71269,0.005553,0.01577,0.232773
100,T100_UAV_7,BS_1,LEO_0,825.950266,825.880342,0.011664,0.006154,0.260532
100,T100_UAV_4,BS_2,LEO_1,906.417543,906.191273,0.051664,0.029706,0.224502
100,T100_UAV_5,BS_1,BS_0,738.460013,738.207813,0.056105,0.036675,0.297096
100,T100_UAV_17,BS_2,HAP_0,1149.087937,1148.902831,0.031365,0.0174,0.181711
100,T100_UAV_18,BS_2,LEO_0,1012.924954,1012.84473,0.018584,0.009534,0.260532
100,T100_UAV_1,BS_1,LEO_1,1020.23233,1020.015676,0.048831,0.022923,0.224502
100,T100_UAV_11,BS_4,HAP_0,1162.433608,1162.240853,0.030489,0.025924,0.181711
101,T101_UAV_5,BS_1,LEO_1,280.320321,280.25887,0.002932,0.013916,0.223015
101,T101_UAV_6,BS_0,LEO_0,212.105054,211.895349,0.044078,0.02089,0.223686
101,T101_UAV_0,BS_4,HAP_0,293.983048,293.799682,0.026614,0.015819,0.204668
101,T101_UAV_14,BS_0,HAP_1,329.015995,328.822825,0.02693,0.022354,0.219434
101,T101_UAV_19,BS_3,HAP_2,439.249567,439.036349,0.030011,0.030758,0.262248
101,T101_UAV_16,BS_1,LEO_1,588.71463,588.646773,0.006215,0.017039,0.223015
101,T101_UAV_1,BS_1,LEO_0,457.579897,457.36433,0.047985,0.022845,0.223686
101,T101_UAV_3,BS_2,LEO_1,620.096255,620.016231,0.007617,0.027803,0.223015
101,T101_UAV_4,BS_2,HAP_0,514.851031,514.654753,0.028562,0.026782,0.204668
101,T101_UAV_13,BS_2,HAP_1,552.499786,552.290802,0.030281,0.034816,0.219434
101,T101_UAV_15,BS_2,HAP_2,564.614572,564.411968,0.031622,0.018533,0.262248
101,T101_UAV_10,BS_3,LEO_0,603.096637,602.868521,0.054483,0.028895,0.223686
101,T101_UAV_2,BS_3,BS_2,620.943448,620.66696,0.048762,0.055723,0.360015
101,T101_UAV_17,BS_2,BS_3,658.105956,657.77494,0.05108,0.078664,0.506359
101,T101_UAV_18,BS_2,BS_4,782.664108,782.371485,0.058864,0.068223,0.327678
101,T101_UAV_7,BS_1,LEO_1,1017.1183,1017.035356,0.00909,0.029251,0.223015
102,T102_UAV_6,BS_0,LEO_1,224.532816,224.458417,0.002778,0.019304,0.261587
102,T102_UAV_15,BS_2,LEO_0,293.86606,293.774659,0.006861,0.033386,0.25577
102,T102_UAV_11,BS_4,HAP_0,315.590068,315.521111,0.001822,0.016722,0.252063
102,T102_UAV_9,BS_1,HAP_1,361.800998,361.726794,0.002968,0.021664,0.247854
102,T102_UAV_18,BS_2,HAP_2,397.216022,397.154944,0.004924,0.011065,0.225446
102,T102_UAV_1,BS_1,LEO_1,477.313358,477.242648,0.00516,0.013232,0.261587
102,T102_UAV_16,BS_1,LEO_0,511.411044,511.340149,0.010971,0.00877,0.25577
102,T102_UAV_10,BS_3,HAP_0,569.438693,569.376716,0.004543,0.007022,0.252063
102,T102_UAV_8,BS_0,HAP_1,574.862275,574.786534,0.003672,0.022499,0.247854
102,T102_UAV_12,BS_0,LEO_1,589.230621,589.150288,0.008559,0.019456,0.261587
102,T102_UAV_3,BS_2,LEO_0,595.52221,595.430091,0.014188,0.026777,0.25577
102,T102_UAV_17,BS_2,HAP_2,596.927258,596.861202,0.007809,0.013158,0.225446
102,T102_UAV_4,BS_2,BS_3,634.253238,633.99728,0.049595,0.052607,0.268779
102,T102_UAV_19,BS_3,BS_2,636.900175,636.622553,0.049759,0.056925,0.354685
102,T102_UAV_13,BS_2,BS_4,647.772463,647.517222,0.05044,0.013376,0.457128
102,T102_UAV_0,BS_4,BS_1,681.27446,680.984524,0.05253,0.063747,0.368294
103,T103_UAV_10,BS_3,LEO_0,260.306536,260.093183,0.04624,0.02616,0.204766
103,T103_UAV_0,BS_4,LEO_1,215.889561,215.797145,0.004219,0.014531,0.368326
103,T103_UAV_3,BS_2,HAP_0,271.436456,271.355965,0.001861,0.019403,0.296136
103,T103_UAV_12,BS_0,HAP_1,302.397653,302.305566,0.00187,0.030482,0.298673
103,T103_UAV_18,BS_2,HAP_2,325.409707,325.34534,0.004036,0.005367,0.274825
103,T103_UAV_16,BS_1,LEO_0,327.054129,326.860757,0.047002,0.005417,0.204766
103,T103_UAV_8,BS_0,LEO_1,228.814395,228.716383,0.004493,0.019854,0.368326
103,T103_UAV_15,BS_2,BS_3,1161.85004,1161.569909,0.082552,0.065949,0.158156
103,T103_UAV_13,BS_2,BS_4,888.287103,888.066532,0.065466,0.018899,0.181027
103,T103_UAV_1,BS_1,HAP_0,480.165833,480.074489,0.002851,0.029265,0.296136
103,T103_UAV_5,BS_1,HAP_1,501.594154,501.508724,0.005185,0.02051,0.298673
103,T103_UAV_19,BS_3,HAP_2,582.534189,582.46439,0.006658,0.008177,0.274825
103,T103_UAV_14,BS_0,LEO_0,698.624544,698.408039,0.053525,0.022027,0.204766
103,T103_UAV_7,BS_1,BS_3,1556.658697,1556.360327,0.107214,0.059525,0.158156
103,T103_UAV_2,BS_3,BS_4,1489.838191,1489.54153,0.10304,0.057416,0.181027
103,T103_UAV_11,BS_4,BS_3,2051.852133,2051.544702,0.138147,0.037653,0.158156
104,T104_UAV_15,BS_2,LEO_1,146.469237,146.243936,0.043181,0.015374,0.33373
104,T104_UAV_18,BS_2,LEO_0,655.316307,655.096331,0.047519,0.026968,0.227445
104,T104_UAV_8,BS_0,HAP_0,321.294182,321.201845,0.002459,0.020985,0.344465
104,T104_UAV_5,BS_1,HAP_1,198.179437,198.079382,0.002977,0.019842,0.386179
104,T104_UAV_4,BS_2,LEO_0,760.373847,760.17029,0.049154,0.008913,0.227445
104,T104_UAV_9,BS_1,HAP_2,307.481867,307.40062,0.003872,0.003655,0.368597
104,T104_UAV_6,BS_0,LEO_0,805.247958,805.028255,0.047716,0.026497,0.227445
104,T104_UAV_2,BS_3,LEO_1,445.865075,445.627663,0.049877,0.020789,0.33373
104,T104_UAV_17,BS_2,BS_3,1140.718245,1140.461161,0.081233,0.016441,0.297046
104,T104_UAV_19,BS_3,LEO_0,1291.242517,1291.034839,0.05446,0.007729,0.227445
104,T104_UAV_7,BS_1,HAP_0,751.271969,751.185193,0.004183,0.0137,0.344465
104,T104_UAV_12,BS_0,LEO_0,1444.523342,1444.30397,0.055275,0.018608,0.227445
104,T104_UAV_16,BS_1,LEO_0,1453.272476,1453.044748,0.055283,0.026956,0.227445
104,T104_UAV_14,BS_0,BS_3,1435.643225,1435.355962,0.099655,0.028199,0.297046
104,T104_UAV_10,BS_3,LEO_0,1860.599438,1860.371975,0.061653,0.020321,0.227445
105,T105_UAV_9,BS_1,LEO_1,365.072273,365.019279,0.003617,0.007253,0.210618
105,T105_UAV_4,BS_2,LEO_0,312.196064,311.936815,0.047779,0.01818,0.466452
105,T105_UAV_3,BS_2,HAP_0,459.41222,459.237264,0.027737,0.017577,0.148204
105,T105_UAV_14,BS_0,HAP_1,469.759645,469.582935,0.027443,0.010483,0.193918
105,T105_UAV_19,BS_3,HAP_2,476.186323,476.008172,0.029467,0.009508,0.19588
105,T105_UAV_5,BS_1,LEO_1,585.441641,585.384786,0.006156,0.008576,0.210618
105,T105_UAV_17,BS_2,LEO_0,511.740334,511.451425,0.052653,0.042965,0.466452
105,T105_UAV_11,BS_4,HAP_0,547.649825,547.483606,0.027796,0.008782,0.148204
105,T105_UAV_8,BS_0,HAP_1,754.435877,754.249465,0.029233,0.018395,0.193918
105,T105_UAV_1,BS_1,LEO_1,675.103623,675.037402,0.005835,0.018262,0.210618
105,T105_UAV_7,BS_1,HAP_2,822.161268,821.976695,0.030292,0.015105,0.19588
105,T105_UAV_13,BS_2,BS_3,598.521886,598.301551,0.047365,0.013413,0.297784
105,T105_UAV_18,BS_2,LEO_0,763.445389,763.153027,0.05808,0.040992,0.466452
105,T105_UAV_15,BS_2,BS_4,782.27752,782.010827,0.058841,0.013994,0.469288
105,T105_UAV_10,BS_3,BS_2,783.608392,783.314269,0.058923,0.063174,0.360125
105,T105_UAV_16,BS_1,LEO_1,949.535141,949.463855,0.010048,0.019114,0.210618
105,T105_UAV_6,BS_0,HAP_0,1032.005543,1031.823736,0.030895,0.021272,0.148204
105,T105_UAV_0,BS_4,HAP_1,1114.602683,1114.418641,0.033368,0.011891,0.193918
105,T105_UAV_2,BS_3,HAP_2,1158.570453,1158.384029,0.036123,0.011126,0.19588
106,T106_UAV_6,BS_0,LEO_1,212.982786,212.790547,0.042634,0.005529,0.220384
106,T106_UAV_14,BS_0,LEO_0,255.430738,255.19802,0.044937,0.028358,0.297118
106,T106_UAV_19,BS_3,HAP_1,335.144622,335.092281,0.002608,0.004365,0.226839
106,T106_UAV_9,BS_1,HAP_0,336.817289,336.636928,0.026733,0.005354,0.24137
106,T106_UAV_8,BS_0,HAP_2,344.593494,344.374794,0.028325,0.013509,0.384334
106,T106_UAV_7,BS_1,LEO_1,346.313627,346.107229,0.043881,0.01844,0.220384
106,T106_UAV_0,BS_4,LEO_0,411.173854,410.925456,0.048903,0.04007,0.297118
106,T106_UAV_5,BS_1,HAP_1,412.382356,412.321001,0.004276,0.01171,0.226839
106,T106_UAV_10,BS_3,HAP_0,429.624707,429.435305,0.028402,0.012726,0.24137
106,T106_UAV_13,BS_2,LEO_1,519.883583,519.672393,0.04796,0.019153,0.220384
106,T106_UAV_2,BS_3,HAP_2,550.696269,550.472917,0.031449,0.015037,0.384334
106,T106_UAV_1,BS_1,LEO_0,558.936422,558.718084,0.049739,0.009176,0.297118
106,T106_UAV_16,BS_1,BS_4,588.579479,588.34463,0.046743,0.03276,0.276726
106,T106_UAV_4,BS_2,BS_3,634.689599,634.407869,0.049621,0.065493,0.33308
106,T106_UAV_18,BS_2,BS_1,756.286236,756.005162,0.057217,0.052751,0.355532
107,T107_UAV_2,BS_3,LEO_1,428.003979,427.943075,0.004387,0.019179,0.186692
107,T107_UAV_8,BS_0,LEO_0,269.551594,269.473877,0.005656,0.027107,0.224766
107,T107_UAV_1,BS_1,HAP_1,287.943564,287.856497,0.00207,0.024123,0.304373
107,T107_UAV_15,BS_2,HAP_0,306.398821,306.190726,0.027143,0.030847,0.250521
107,T107_UAV_6,BS_0,HAP_2,522.300559,522.104548,0.028702,0.027505,0.199019
107,T107_UAV_5,BS_1,LEO_1,609.967853,609.906449,0.005412,0.018653,0.186692
107,T107_UAV_4,BS_2,LEO_0,396.072852,395.99478,0.009891,0.023227,0.224766
107,T107_UAV_7,BS_1,LEO_1,702.000983,701.93545,0.005344,0.02285,0.186692
107,T107_UAV_17,BS_2,HAP_2,736.269376,736.090003,0.032827,0.006742,0.199019
107,T107_UAV_0,BS_4,HAP_0,538.323887,538.122421,0.027958,0.023404,0.250521
107,T107_UAV_13,BS_2,HAP_1,628.347176,628.26234,0.006076,0.017885,0.304373
107,T107_UAV_18,BS_2,LEO_0,639.435226,639.357653,0.015173,0.017448,0.224766
107,T107_UAV_16,BS_1,BS_4,768.675799,768.445971,0.057994,0.017805,0.270145
107,T107_UAV_14,BS_0,LEO_1,1056.510181,1056.459941,0.008948,0.003953,0.186692
107,T107_UAV_10,BS_3,HAP_2,1044.600831,1044.412904,0.035489,0.012635,0.199019
107,T107_UAV_19,BS_3,LEO_1,1325.583345,1325.520796,0.013403,0.011808,0.186692
108,T108_UAV_15,BS_2,LEO_0,441.979835,441.788891,0.045667,0.008484,0.183966
108,T108_UAV_14,BS_0,LEO_1,225.17008,224.959017,0.042837,0.024708,0.21759
108,T108_UAV_13,BS_2,HAP_0,233.371518,233.318835,0.001472,0.009466,0.208726
108,T108_UAV_18,BS_2,HAP_1,320.24786,320.159849,0.00337,0.012788,0.359262
108,T108_UAV_11,BS_4,HAP_2,493.103573,492.915565,0.029883,0.015359,0.213831
108,T108_UAV_7,BS_1,LEO_1,495.219221,495.007418,0.045564,0.022722,0.21759
108,T108_UAV_8,BS_0,LEO_0,1007.513556,1007.291508,0.051733,0.033523,0.183966
108,T108_UAV_4,BS_2,LEO_0,1063.595464,1063.395854,0.054524,0.008294,0.183966
108,T108_UAV_12,BS_0,HAP_0,536.41313,536.362134,0.004529,0.004722,0.208726
108,T108_UAV_6,BS_0,HAP_1,543.017506,542.935291,0.00361,0.006752,0.359262
108,T108_UAV_9,BS_1,LEO_1,576.120114,575.91317,0.047165,0.016262,0.21759
108,T108_UAV_19,BS_3,HAP_2,633.556421,633.347966,0.032243,0.033446,0.213831
108,T108_UAV_10,BS_3,LEO_0,1097.115965,1096.884887,0.05448,0.039805,0.183966
108,T108_UAV_5,BS_1,BS_3,754.937055,754.671533,0.057133,0.051185,0.286018
108,T108_UAV_0,BS_4,BS_2,755.605129,755.364031,0.057177,0.013978,0.349719
108,T108_UAV_3,BS_2,LEO_0,1246.313866,1246.108132,0.056355,0.012586,0.183966
108,T108_UAV_2,BS_3,LEO_0,1569.381303,1569.167654,0.060172,0.016684,0.183966
109,T109_UAV_1,BS_1,LEO_1,337.501933,337.292383,0.042905,0.02277,0.219378
109,T109_UAV_0,BS_4,HAP_0,291.9328,291.85535,0.001605,0.01831,0.287674
109,T109_UAV_14,BS_0,LEO_0,508.359312,508.122082,0.049851,0.02293,0.322241
109,T109_UAV_12,BS_0,HAP_1,956.415095,956.252373,0.02952,0.006581,0.133109
109,T109_UAV_11,BS_4,HAP_2,424.773056,424.710758,0.004213,0.01705,0.205173
109,T109_UAV_4,BS_2,LEO_1,643.861191,643.647743,0.048268,0.021305,0.219378
109,T109_UAV_13,BS_2,LEO_0,598.492578,598.254104,0.054127,0.0199,0.322241
109,T109_UAV_17,BS_2,HAP_0,545.388424,545.315605,0.003827,0.011458,0.287674
109,T109_UAV_5,BS_1,HAP_1,1495.55087,1495.370287,0.035526,0.018435,0.133109
109,T109_UAV_3,BS_2,HAP_2,681.551593,681.469983,0.008387,0.032188,0.205173
109,T109_UAV_2,BS_3,LEO_1,929.203174,929.000849,0.051368,0.007081,0.219378
109,T109_UAV_9,BS_1,LEO_0,701.182633,700.946461,0.053917,0.017807,0.322241
109,T109_UAV_19,BS_3,BS_4,715.566057,715.293845,0.054674,0.06662,0.254593
109,T109_UAV_15,BS_2,HAP_1,1637.085194,1636.910492,0.034999,0.013081,0.133109
109,T109_UAV_8,BS_0,LEO_1,995.36138,995.154684,0.050901,0.01192,0.219378
109,T109_UAV_10,BS_3,HAP_1,1892.181383,1892.014896,0.036371,0.003494,0.133109
109,T109_UAV_7,BS_1,HAP_1,1907.499423,1907.328486,0.035436,0.008879,0.133109
110,T110_UAV_5,BS_1,LEO_1,312.483438,312.433036,0.004176,0.005781,0.202224
110,T110_UAV_17,BS_2,LEO_0,378.022718,377.802858,0.049371,0.022298,0.240959
110,T110_UAV_3,BS_2,HAP_0,378.22477,378.140216,0.002595,0.01287,0.345441
110,T110_UAV_12,BS_0,HAP_1,382.705094,382.470185,0.027378,0.028676,0.394282
110,T110_UAV_11,BS_4,HAP_2,495.487713,495.420068,0.004917,0.008638,0.270448
110,T110_UAV_0,BS_4,LEO_1,520.180428,520.110099,0.007205,0.02268,0.202224
110,T110_UAV_9,BS_1,LEO_0,571.832044,571.624174,0.051346,0.008333,0.240959
110,T110_UAV_16,BS_1,HAP_0,589.086673,588.98729,0.002504,0.027792,0.345441
110,T110_UAV_15,BS_2,LEO_1,658.775667,658.719037,0.010102,0.006083,0.202224
110,T110_UAV_13,BS_2,HAP_1,667.304491,667.082598,0.03148,0.011557,0.394282
110,T110_UAV_18,BS_2,HAP_2,723.370968,723.296838,0.009005,0.011036,0.270448
110,T110_UAV_19,BS_3,LEO_0,728.155591,727.933452,0.056779,0.017168,0.240959
111,T111_UAV_4,BS_2,LEO_1,378.142148,378.064731,0.004058,0.017097,0.281308
111,T111_UAV_11,BS_4,LEO_0,330.125805,329.910492,0.045421,0.020997,0.244475
111,T111_UAV_0,BS_4,HAP_0,352.925741,352.753294,0.026724,0.010703,0.175098
111,T111_UAV_3,BS_2,HAP_1,253.34148,253.128135,0.027363,0.022433,0.317746
111,T111_UAV_15,BS_2,HAP_2,287.955338,287.856344,0.003378,0.017269,0.391732
111,T111_UAV_8,BS_0,LEO_1,419.494894,419.429341,0.003861,0.00543,0.281308
111,T111_UAV_10,BS_3,LEO_0,394.448628,394.23721,0.047341,0.015182,0.244475
111,T111_UAV_9,BS_1,HAP_0,413.3282,413.154901,0.026893,0.011386,0.175098
111,T111_UAV_5,BS_1,LEO_1,649.947436,649.878529,0.005798,0.006848,0.281308
111,T111_UAV_19,BS_3,LEO_0,574.405557,574.180248,0.050268,0.026146,0.244475
111,T111_UAV_16,BS_1,BS_4,501.080283,500.833319,0.041276,0.066563,0.195623
111,T111_UAV_18,BS_2,HAP_1,532.75421,532.537542,0.030598,0.02252,0.317746
111,T111_UAV_12,BS_0,LEO_1,844.080826,844.005115,0.008101,0.011348,0.281308
111,T111_UAV_13,BS_2,HAP_2,688.792642,688.692004,0.008379,0.013913,0.391732
111,T111_UAV_6,BS_0,LEO_0,857.854998,857.609718,0.052992,0.043394,0.244475
111,T111_UAV_17,BS_2,HAP_0,1080.263646,1080.081406,0.031578,0.015642,0.175098
111,T111_UAV_14,BS_0,LEO_1,1285.96144,1285.877657,0.010901,0.016621,0.281308
112,T112_UAV_5,BS_1,LEO_1,296.264758,296.033146,0.043136,0.023183,0.326465
112,T112_UAV_1,BS_1,LEO_0,236.297781,236.090809,0.0441,0.01703,0.229213
112,T112_UAV_0,BS_4,HAP_0,239.615139,239.545137,0.001318,0.022705,0.229896
112,T112_UAV_13,BS_2,HAP_1,268.80701,268.755127,0.002622,0.006997,0.21132
112,T112_UAV_8,BS_0,HAP_2,288.122639,287.927268,0.027777,0.023025,0.222839
112,T112_UAV_9,BS_1,LEO_1,518.836456,518.619788,0.045122,0.006253,0.326465
112,T112_UAV_12,BS_0,LEO_0,392.898757,392.682798,0.048468,0.021649,0.229213
112,T112_UAV_15,BS_2,HAP_0,413.49284,413.425352,0.00288,0.018629,0.229896
112,T112_UAV_7,BS_1,HAP_1,419.857921,419.786412,0.003145,0.026101,0.21132
112,T112_UAV_10,BS_3,LEO_1,590.452797,590.215135,0.047444,0.024925,0.326465
112,T112_UAV_19,BS_3,HAP_2,502.240451,502.053554,0.030746,0.011583,0.222839
112,T112_UAV_17,BS_2,LEO_0,535.197343,534.965645,0.053292,0.032563,0.229213
112,T112_UAV_2,BS_3,BS_2,554.886354,554.618066,0.044636,0.05138,0.361361
112,T112_UAV_16,BS_1,BS_3,627.671932,627.390834,0.049182,0.036483,0.477164
112,T112_UAV_3,BS_2,BS_4,663.251021,662.950056,0.051404,0.055619,0.469714
112,T112_UAV_6,BS_0,BS_1,735.195132,734.914031,0.055899,0.059672,0.327651
112,T112_UAV_14,BS_0,LEO_1,993.896223,993.652481,0.049985,0.028464,0.326465
113,T113_UAV_9,BS_1,LEO_1,279.301456,279.235377,0.002761,0.026146,0.18586
113,T113_UAV_15,BS_2,LEO_0,357.028334,356.822267,0.046446,0.019794,0.199132
113,T113_UAV_6,BS_0,HAP_1,299.519691,299.345318,0.026987,0.008157,0.196145
113,T113_UAV_10,BS_3,HAP_0,451.176641,451.097798,0.00354,0.015598,0.298525
113,T113_UAV_1,BS_1,LEO_1,476.118698,476.064212,0.0041,0.013214,0.18586
113,T113_UAV_0,BS_4,LEO_0,540.567254,540.35369,0.049127,0.024611,0.199132
113,T113_UAV_2,BS_3,HAP_2,581.813248,581.742612,0.006809,0.015831,0.239979
113,T113_UAV_13,BS_2,LEO_1,568.080838,568.031342,0.006856,0.005468,0.18586
113,T113_UAV_18,BS_2,HAP_1,638.408663,638.228671,0.031709,0.009054,0.196145
113,T113_UAV_3,BS_2,HAP_0,655.379642,655.303881,0.0045,0.011556,0.298525
113,T113_UAV_8,BS_0,LEO_0,877.946137,877.732188,0.054325,0.019797,0.199132
113,T113_UAV_16,BS_1,HAP_2,722.250987,722.189064,0.007822,0.006105,0.239979
113,T113_UAV_4,BS_2,BS_3,723.672184,723.44583,0.055183,0.019847,0.256626
113,T113_UAV_5,BS_1,LEO_1,891.867717,891.794391,0.009483,0.026671,0.18586
113,T113_UAV_11,BS_4,LEO_0,1008.221716,1008.018126,0.056596,0.007168,0.199132
114,T114_UAV_7,BS_1,LEO_1,254.979483,254.905901,0.002885,0.008067,0.313149
114,T114_UAV_4,BS_2,LEO_0,393.947421,393.88318,0.0076,0.006468,0.250861
114,T114_UAV_18,BS_2,HAP_1,340.777935,340.708655,0.003583,0.02145,0.221233
114,T114_UAV_3,BS_2,HAP_0,343.641788,343.546982,0.002359,0.02021,0.361186
114,T114_UAV_12,BS_0,HAP_2,392.701985,392.620529,0.004019,0.021423,0.280071
114,T114_UAV_16,BS_1,LEO_0,613.411273,613.335546,0.010299,0.015256,0.250861
114,T114_UAV_8,BS_0,LEO_1,622.333054,622.247188,0.008615,0.014621,0.313149
114,T114_UAV_11,BS_4,HAP_1,506.162461,506.096308,0.004168,0.017738,0.221233
114,T114_UAV_2,BS_3,HAP_2,526.613935,526.533205,0.006161,0.018554,0.280071
114,T114_UAV_15,BS_2,LEO_0,733.253341,733.164819,0.01327,0.02508,0.250861
114,T114_UAV_17,BS_2,BS_0,636.423808,636.215771,0.049734,0.011814,0.232447
114,T114_UAV_13,BS_2,HAP_0,646.89418,646.809085,0.004038,0.00882,0.361186
114,T114_UAV_9,BS_1,LEO_1,660.747441,660.668853,0.008215,0.007744,0.313149
114,T114_UAV_0,BS_4,BS_3,748.953524,748.608517,0.056755,0.078845,0.547036
114,T114_UAV_1,BS_1,LEO_0,947.809021,947.724118,0.012921,0.021809,0.250861
115,T115_UAV_18,BS_2,HAP_0,1132.538429,1132.378821,0.029554,0.009331,0.103612
115,T115_UAV_3,BS_2,LEO_1,283.589729,283.38026,0.04634,0.006243,0.284434
115,T115_UAV_8,BS_0,LEO_0,369.349248,369.120299,0.05115,0.028525,0.246367
115,T115_UAV_19,BS_3,HAP_1,283.104757,283.033343,0.00296,0.012423,0.280157
115,T115_UAV_10,BS_3,HAP_0,1155.490889,1155.332629,0.030693,0.006845,0.103612
115,T115_UAV_7,BS_1,HAP_2,343.890607,343.799093,0.00352,0.018983,0.345057
115,T115_UAV_6,BS_0,LEO_1,448.375369,448.151969,0.047876,0.018638,0.284434
115,T115_UAV_17,BS_2,LEO_0,464.35848,464.143666,0.056757,0.008783,0.246367
115,T115_UAV_2,BS_3,HAP_0,1441.40748,1441.249621,0.032003,0.005134,0.103612
115,T115_UAV_13,BS_2,HAP_0,1508.757517,1508.601604,0.031345,0.003846,0.103612
115,T115_UAV_15,BS_2,HAP_0,1569.042587,1568.875514,0.032118,0.014233,0.103612
115,T115_UAV_14,BS_0,HAP_0,2368.078168,2367.901166,0.036191,0.020089,0.103612
115,T115_UAV_12,BS_0,HAP_0,2803.33219,2803.150572,0.039477,0.021419,0.103612
115,T115_UAV_1,BS_1,HAP_0,3011.616627,3011.449831,0.037237,0.008837,0.103612
116,T116_UAV_15,BS_2,LEO_1,396.582353,396.353775,0.04606,0.027221,0.276486
116,T116_UAV_4,BS_2,LEO_0,466.879186,466.659499,0.051607,0.015494,0.262926
116,T116_UAV_9,BS_1,HAP_2,1223.275463,1223.098829,0.031882,0.006121,0.19315
116,T116_UAV_19,BS_3,HAP_1,481.225666,481.040516,0.028698,0.015613,0.204196
116,T116_UAV_8,BS_0,HAP_0,533.197925,532.955136,0.029008,0.026039,0.43871
116,T116_UAV_14,BS_0,LEO_1,504.86411,504.654163,0.046386,0.008263,0.276486
116,T116_UAV_10,BS_3,LEO_0,651.329976,651.102341,0.055662,0.019387,0.262926
116,T116_UAV_13,BS_2,HAP_2,1599.272579,1599.081669,0.036152,0.016129,0.19315
116,T116_UAV_3,BS_2,HAP_1,687.528339,687.345396,0.031466,0.010637,0.204196
116,T116_UAV_11,BS_4,HAP_0,707.089862,706.836919,0.029072,0.036129,0.43871
116,T116_UAV_1,BS_1,LEO_1,719.801159,719.578396,0.047721,0.019744,0.276486
116,T116_UAV_12,BS_0,HAP_2,1784.886625,1784.698864,0.036021,0.01311,0.19315
116,T116_UAV_16,BS_1,LEO_0,770.615476,770.384548,0.05664,0.021703,0.262926
116,T116_UAV_5,BS_1,BS_3,781.535507,781.286073,0.058796,0.025931,0.323536
116,T116_UAV_2,BS_3,HAP_2,1925.451852,1925.259222,0.038043,0.015957,0.19315
116,T116_UAV_0,BS_4,HAP_2,2158.172976,2157.974407,0.038612,0.021326,0.19315
116,T116_UAV_18,BS_2,HAP_2,2230.044156,2229.844811,0.040809,0.019906,0.19315
116,T116_UAV_6,BS_0,HAP_2,2670.578684,2670.386462,0.039394,0.014198,0.19315
117,T117_UAV_1,BS_1,LEO_1,314.570472,314.494288,0.002704,0.028671,0.224047
117,T117_UAV_13,BS_2,LEO_0,355.259449,355.059734,0.046502,0.016612,0.183003
117,T117_UAV_3,BS_2,HAP_1,304.812724,304.636461,0.027867,0.006422,0.209869
117,T117_UAV_12,BS_0,HAP_0,361.818338,361.609027,0.028019,0.01617,0.325613
117,T117_UAV_15,BS_2,LEO_0,502.021497,501.814033,0.049068,0.021795,0.183003
117,T117_UAV_18,BS_2,HAP_2,516.684896,516.434635,0.031448,0.018233,0.502898
117,T117_UAV_7,BS_1,LEO_1,518.978606,518.911122,0.004702,0.017972,0.224047
117,T117_UAV_4,BS_2,LEO_1,550.709814,550.653073,0.00707,0.004862,0.224047
117,T117_UAV_17,BS_2,HAP_1,417.809175,417.624424,0.029273,0.013504,0.209869
117,T117_UAV_0,BS_4,HAP_0,522.987185,522.788128,0.027873,0.006061,0.325613
117,T117_UAV_9,BS_1,LEO_0,818.171777,817.974522,0.052653,0.008002,0.183003
117,T117_UAV_6,BS_0,HAP_2,625.518278,625.278138,0.030269,0.00929,0.502898
117,T117_UAV_11,BS_4,LEO_1,899.306211,899.245499,0.009647,0.006255,0.224047
117,T117_UAV_16,BS_1,LEO_0,899.951979,899.749307,0.05512,0.010951,0.183003
118,T118_UAV_7,BS_1,LEO_1,319.119805,318.900775,0.042886,0.022832,0.266556
118,T118_UAV_4,BS_2,LEO_0,344.560161,344.348537,0.046623,0.022675,0.211627
118,T118_UAV_14,BS_0,HAP_1,469.517845,469.456126,0.002466,0.016987,0.21133
118,T118_UAV_3,BS_2,HAP_0,325.70005,325.503676,0.027234,0.027924,0.206077
118,T118_UAV_0,BS_4,HAP_2,347.551867,347.337606,0.028664,0.018865,0.333654
118,T118_UAV_2,BS_3,LEO_1,542.872373,542.652866,0.046616,0.01958,0.266556
118,T118_UAV_12,BS_0,LEO_0,567.513701,567.315374,0.049513,0.006488,0.211627
118,T118_UAV_13,BS_2,HAP_1,730.181331,730.114709,0.006012,0.018345,0.21133
118,T118_UAV_9,BS_1,HAP_0,540.466843,540.279861,0.027736,0.01803,0.206077
118,T118_UAV_5,BS_1,LEO_1,727.491723,727.284681,0.04778,0.005951,0.266556
118,T118_UAV_8,BS_0,HAP_2,576.698941,576.481831,0.030562,0.019817,0.333654
118,T118_UAV_6,BS_0,LEO_0,828.514347,828.284672,0.0526,0.034749,0.211627
118,T118_UAV_16,BS_1,BS_3,670.079878,669.825282,0.051833,0.046449,0.281565
118,T118_UAV_15,BS_2,LEO_1,907.812089,907.585043,0.050932,0.022803,0.266556
118,T118_UAV_17,BS_2,LEO_0,974.929115,974.70915,0.058826,0.018814,0.211627
118,T118_UAV_11,BS_4,HAP_1,1148.997912,1148.940187,0.008083,0.007376,0.21133
119,T119_UAV_1,BS_1,LEO_1,359.949033,359.89251,0.003092,0.013571,0.199299
119,T119_UAV_19,BS_3,LEO_0,394.691428,394.630589,0.007075,0.00546,0.241525
119,T119_UAV_7,BS_1,HAP_0,461.564692,461.38451,0.027287,0.015942,0.184764
119,T119_UAV_17,BS_2,HAP_2,349.25815,349.063103,0.029651,0.035221,0.150872
119,T119_UAV_2,BS_3,HAP_1,439.568142,439.370183,0.028543,0.017298,0.260591
119,T119_UAV_8,BS_0,LEO_1,545.14059,545.084781,0.005963,0.009987,0.199299
119,T119_UAV_18,BS_2,LEO_0,587.685983,587.620509,0.010861,0.006309,0.241525
119,T119_UAV_5,BS_1,LEO_1,558.287817,558.221721,0.005985,0.02025,0.199299
119,T119_UAV_12,BS_0,HAP_0,746.157997,745.962434,0.030294,0.028316,0.184764
119,T119_UAV_10,BS_3,HAP_1,551.140233,550.953743,0.029724,0.004647,0.260591
119,T119_UAV_15,BS_2,LEO_0,744.722667,744.630205,0.013472,0.030684,0.241525
119,T119_UAV_14,BS_0,HAP_2,580.28984,580.122182,0.029867,0.007617,0.150872
119,T119_UAV_0,BS_4,BS_3,757.37667,757.040198,0.057281,0.064969,0.571109
119,T119_UAV_16,BS_1,LEO_1,906.774007,906.697029,0.009676,0.027442,0.199299
119,T119_UAV_6,BS_0,LEO_0,988.663334,988.588696,0.01506,0.011273,0.241525
119,T119_UAV_9,BS_1,HAP_0,1144.324766,1144.135001,0.03019,0.022621,0.184764
120,T120_UAV_12,BS_0,LEO_1,206.355168,206.268181,0.002985,0.023272,0.30365
120,T120_UAV_13,BS_2,LEO_0,285.001126,284.794527,0.045215,0.020083,0.206507
120,T120_UAV_9,BS_1,HAP_0,251.544776,251.494797,0.001271,0.004887,0.219106
120,T120_UAV_8,BS_0,HAP_1,344.236745,344.048586,0.027244,0.020287,0.203142
120,T120_UAV_18,BS_2,HAP_2,350.663189,350.584133,0.004388,0.032307,0.211806
120,T120_UAV_0,BS_4,LEO_1,443.553974,443.48026,0.006167,0.006818,0.30365
120,T120_UAV_16,BS_1,LEO_0,609.489521,609.283786,0.050252,0.014182,0.206507
120,T120_UAV_4,BS_2,HAP_0,457.282761,457.226956,0.003202,0.008781,0.219106
120,T120_UAV_17,BS_2,LEO_1,476.033289,475.93977,0.007816,0.024974,0.30365
120,T120_UAV_3,BS_2,HAP_1,491.375404,491.182019,0.029644,0.023113,0.203142
120,T120_UAV_7,BS_1,HAP_2,531.467021,531.414728,0.004048,0.005884,0.211806
120,T120_UAV_6,BS_0,LEO_0,786.565581,786.344247,0.051976,0.028057,0.206507
120,T120_UAV_14,BS_0,BS_4,601.0806,600.824934,0.047523,0.051451,0.283461
120,T120_UAV_5,BS_1,BS_3,672.429175,672.185059,0.051981,0.030804,0.306656
120,T120_UAV_2,BS_3,BS_2,735.72784,735.415679,0.055931,0.077733,0.392486
120,T120_UAV_1,BS_1,BS_0,755.785363,755.502295,0.057185,0.057777,0.34053
120,T120_UAV_11,BS_4,LEO_0,968.194844,967.967808,0.055964,0.02977,0.206507
121,T121_UAV_6,BS_0,LEO_1,553.66567,553.474763,0.043654,0.009637,0.188077
121,T121_UAV_8,BS_0,LEO_0,331.665288,331.463876,0.046941,0.013911,0.202803
121,T121_UAV_18,BS_2,LEO_1,713.27535,713.070273,0.045586,0.021876,0.188077
121,T121_UAV_12,BS_0,HAP_0,521.912033,521.817067,0.004343,0.029296,0.306636
121,T121_UAV_3,BS_2,HAP_1,529.907025,529.704645,0.030015,0.030832,0.207663
121,T121_UAV_14,BS_0,HAP_2,556.908574,556.820915,0.004679,0.023073,0.299539
121,T121_UAV_10,BS_2,LEO_0,585.740544,585.522906,0.054089,0.022988,0.202803
121,T121_UAV_17,BS_2,LEO_1,1065.432853,1065.226142,0.048854,0.020242,0.188077
121,T121_UAV_16,BS_1,HAP_1,606.811765,606.623792,0.031352,0.015088,0.207663
121,T121_UAV_0,BS_4,HAP_0,625.866377,625.796971,0.003442,0.004637,0.306636
121,T121_UAV_13,BS_2,HAP_2,632.376629,632.279705,0.007732,0.029285,0.299539
121,T121_UAV_7,BS_1,LEO_1,1118.968543,1118.758327,0.046804,0.025796,0.188077
121,T121_UAV_1,BS_1,LEO_0,675.732593,675.524412,0.051714,0.015906,0.202803
121,T121_UAV_19,BS_3,LEO_1,1449.295466,1449.096262,0.051411,0.010178,0.188077
121,T121_UAV_2,BS_3,LEO_1,1496.741049,1496.531618,0.051825,0.019991,0.188077
121,T121_UAV_4,BS_2,LEO_1,1647.423468,1647.213907,0.053624,0.018322,0.188077
122,T122_UAV_8,BS_0,LEO_0,274.660399,274.589115,0.004484,0.020883,0.229584
122,T122_UAV_11,BS_4,LEO_1,280.470363,280.218904,0.043003,0.023257,0.426001
122,T122_UAV_17,BS_2,HAP_1,213.462367,213.398237,0.002202,0.013013,0.244575
122,T122_UAV_6,BS_0,HAP_0,223.352619,223.262796,0.001476,0.013907,0.372202
122,T122_UAV_10,BS_2,HAP_2,241.320834,241.216312,0.002983,0.031258,0.351399
122,T122_UAV_16,BS_1,LEO_0,287.370168,287.295703,0.004844,0.023703,0.229584
122,T122_UAV_18,BS_2,LEO_1,366.327539,366.075455,0.044418,0.022466,0.426001
122,T122_UAV_14,BS_0,HAP_1,371.174938,371.113429,0.002215,0.010379,0.244575
122,T122_UAV_9,BS_1,HAP_0,384.535406,384.438897,0.001937,0.020131,0.372202
122,T122_UAV_3,BS_2,LEO_0,532.236607,532.175758,0.009939,0.004993,0.229584
122,T122_UAV_12,BS_0,BS_3,456.676431,456.444604,0.038504,0.042029,0.256476
122,T122_UAV_19,BS_3,HAP_2,520.948458,520.867744,0.005982,0.004452,0.351399
122,T122_UAV_13,BS_2,LEO_1,754.270168,754.018907,0.049088,0.016973,0.426001
122,T122_UAV_7,BS_1,BS_4,567.204567,566.925126,0.045405,0.038894,0.475711
122,T122_UAV_2,BS_3,BS_2,590.725136,590.486875,0.046877,0.0177,0.368421
122,T122_UAV_4,BS_2,BS_1,591.078137,590.815411,0.046898,0.045014,0.354075
122,T122_UAV_0,BS_4,BS_0,607.17557,606.908569,0.047903,0.048556,0.352712
122,T122_UAV_5,BS_1,LEO_0,742.887685,742.810387,0.012602,0.018779,0.229584
122,T122_UAV_15,BS_2,LEO_1,971.306656,971.037036,0.051687,0.032732,0.426001
123,T123_UAV_11,BS_4,LEO_0,336.702787,336.620571,0.007147,0.01644,0.293146
123,T123_UAV_12,BS_0,LEO_1,226.250496,226.035336,0.044623,0.025866,0.223357
123,T123_UAV_0,BS_4,HAP_0,614.843505,614.674446,0.027635,0.008977,0.162235
123,T123_UAV_5,BS_1,HAP_2,623.794618,623.612413,0.029602,0.027025,0.127894
123,T123_UAV_10,BS_2,HAP_1,368.654816,368.58967,0.00318,0.006209,0.278783
123,T123_UAV_17,BS_2,LEO_0,375.721594,375.628593,0.009407,0.024964,0.293146
123,T123_UAV_2,BS_3,HAP_0,707.91082,707.737016,0.0289,0.012457,0.162235
123,T123_UAV_9,BS_1,HAP_2,765.904277,765.730111,0.029805,0.018783,0.127894
123,T123_UAV_1,BS_1,LEO_1,326.400438,326.203593,0.044857,0.007317,0.223357
123,T123_UAV_18,BS_2,HAP_1,558.936737,558.860729,0.005872,0.014379,0.278783
123,T123_UAV_3,BS_2,HAP_0,1033.06766,1032.889401,0.030285,0.015528,0.162235
123,T123_UAV_13,BS_2,HAP_2,1093.012058,1092.842672,0.033706,0.010101,0.127894
123,T123_UAV_6,BS_0,LEO_0,678.007277,677.930894,0.01327,0.004484,0.293146
123,T123_UAV_14,BS_0,HAP_0,1141.180954,1140.99453,0.031138,0.022839,0.162235
123,T123_UAV_19,BS_3,HAP_2,1306.860583,1306.679696,0.034919,0.020389,0.127894
123,T123_UAV_8,BS_0,HAP_0,1397.237733,1397.063207,0.03261,0.00947,0.162235
123,T123_UAV_15,BS_2,HAP_2,1449.804324,1449.624933,0.036182,0.017631,0.127894
124,T124_UAV_11,BS_4,LEO_0,224.822696,224.716974,0.004772,0.02333,0.388103
124,T124_UAV_15,BS_2,LEO_1,245.205507,244.989152,0.043735,0.010526,0.31047
124,T124_UAV_0,BS_4,HAP_1,266.458104,266.362252,0.002396,0.015224,0.391159
124,T124_UAV_14,BS_0,HAP_0,311.922676,311.694544,0.027282,0.007699,0.465753
124,T124_UAV_1,BS_1,HAP_2,324.095301,323.891782,0.027209,0.008012,0.341488
124,T124_UAV_19,BS_3,LEO_0,356.60388,356.496538,0.008243,0.021479,0.388103
124,T124_UAV_4,BS_2,LEO_1,362.927152,362.711401,0.04591,0.007747,0.31047
124,T124_UAV_3,BS_2,HAP_1,363.508053,363.411294,0.003458,0.015069,0.391159
124,T124_UAV_10,BS_2,HAP_0,366.996554,366.755459,0.027828,0.020116,0.465753
124,T124_UAV_12,BS_0,LEO_0,427.909535,427.804119,0.009234,0.018562,0.388103
124,T124_UAV_13,BS_2,LEO_1,473.644988,473.410813,0.047241,0.024841,0.31047
124,T124_UAV_5,BS_1,HAP_2,505.863672,505.636459,0.030606,0.028309,0.341488
124,T124_UAV_9,BS_1,BS_3,594.651613,594.371958,0.04712,0.057111,0.377119
124,T124_UAV_7,BS_1,BS_4,682.30685,681.984307,0.052593,0.085357,0.422966
124,T124_UAV_2,BS_3,BS_2,800.740682,800.448563,0.059993,0.061639,0.352436
125,T125_UAV_15,BS_2,LEO_1,425.584062,425.381961,0.04372,0.020348,0.190163
125,T125_UAV_12,BS_0,LEO_0,396.482256,396.28975,0.045498,0.012364,0.173215
125,T125_UAV_5,BS_1,HAP_1,511.078864,510.898329,0.028973,0.011404,0.20079
125,T125_UAV_6,BS_0,HAP_0,211.096195,210.88345,0.02683,0.01996,0.329775
125,T125_UAV_14,BS_0,LEO_1,718.877953,718.686667,0.04534,0.007914,0.190163
125,T125_UAV_3,BS_2,LEO_0,849.687054,849.487441,0.053106,0.011863,0.173215
125,T125_UAV_13,BS_2,HAP_2,371.611088,371.389442,0.031848,0.022566,0.336161
125,T125_UAV_19,BS_3,LEO_1,1079.856488,1079.656603,0.049546,0.012307,0.190163
125,T125_UAV_17,BS_2,LEO_0,994.237528,994.033803,0.055895,0.013187,0.173215
125,T125_UAV_2,BS_3,HAP_1,1221.215756,1221.01856,0.032644,0.024394,0.20079
125,T125_UAV_1,BS_1,BS_3,661.183898,660.907571,0.051276,0.071882,0.265846
125,T125_UAV_10,BS_2,LEO_1,1244.119715,1243.920756,0.051371,0.009554,0.190163
125,T125_UAV_0,BS_4,LEO_0,1110.033847,1109.83615,0.055584,0.00747,0.173215
125,T125_UAV_9,BS_1,HAP_1,1340.429261,1340.22858,0.033602,0.026922,0.20079
125,T125_UAV_8,BS_0,LEO_1,1346.808216,1346.611678,0.050779,0.007726,0.190163
125,T125_UAV_16,BS_1,LEO_0,1154.214904,1154.014629,0.056121,0.009511,0.173215
125,T125_UAV_7,BS_1,HAP_1,1490.278149,1490.095505,0.033711,0.008775,0.20079
125,T125_UAV_18,BS_2,LEO_1,1579.419961,1579.208442,0.053906,0.01958,0.190163
126,T126_UAV_11,BS_4,LEO_1,212.643955,212.577788,0.002887,0.019278,0.220009
126,T126_UAV_10,BS_2,LEO_0,246.294735,246.236134,0.005934,0.004963,0.238518
126,T126_UAV_0,BS_4,HAP_2,256.669781,256.453097,0.027718,0.03236,0.283028
126,T126_UAV_4,BS_2,HAP_0,329.526476,329.318906,0.027312,0.017978,0.311399
126,T126_UAV_12,BS_0,LEO_1,278.807728,278.737613,0.004028,0.022085,0.220009
126,T126_UAV_5,BS_1,LEO_0,282.096612,282.019702,0.006185,0.023021,0.238518
126,T126_UAV_6,BS_0,BS_4,1613.603256,1613.318901,0.110772,0.038822,0.173802
126,T126_UAV_14,BS_0,HAP_1,503.78177,503.548065,0.028011,0.029917,0.378882
126,T126_UAV_18,BS_2,LEO_1,335.598284,335.534984,0.005164,0.014134,0.220009
126,T126_UAV_9,BS_1,BS_4,1699.530943,1699.230588,0.116139,0.049456,0.173802
126,T126_UAV_16,BS_1,HAP_0,513.347301,513.136983,0.027205,0.020834,0.311399
126,T126_UAV_13,BS_2,LEO_0,615.482591,615.397608,0.014582,0.022697,0.238518
126,T126_UAV_17,BS_2,HAP_2,645.896221,645.67646,0.033678,0.029477,0.283028
126,T126_UAV_2,BS_3,HAP_1,656.859334,656.638537,0.030332,0.014689,0.378882
126,T126_UAV_8,BS_0,BS_4,2748.851712,2748.492084,0.181685,0.043183,0.173802
126,T126_UAV_7,BS_1,BS_4,2960.266688,2959.864943,0.194889,0.072095,0.173802
126,T126_UAV_3,BS_2,BS_4,3571.378629,3570.997901,0.233066,0.012902,0.173802
126,T126_UAV_15,BS_2,BS_4,3984.68524,3984.276351,0.258883,0.015245,0.173802
126,T126_UAV_19,BS_3,BS_4,4249.669007,4249.226015,0.275434,0.032798,0.173802
127,T127_UAV_16,BS_1,LEO_1,200.96105,200.868036,0.00272,0.025715,0.322896
127,T127_UAV_18,BS_2,LEO_0,231.876883,231.802225,0.005545,0.015868,0.266231
127,T127_UAV_6,BS_0,HAP_0,926.849581,926.661749,0.029385,0.018532,0.199575
127,T127_UAV_11,BS_4,HAP_2,312.057557,311.982504,0.003125,0.02399,0.239694
127,T127_UAV_1,BS_1,HAP_1,320.585393,320.344728,0.027313,0.043888,0.347318
127,T127_UAV_12,BS_0,LEO_0,333.152526,333.074954,0.007188,0.017138,0.266231
127,T127_UAV_4,BS_2,LEO_1,439.457149,439.363713,0.007168,0.021689,0.322896
127,T127_UAV_15,BS_2,HAP_0,1358.773013,1358.584748,0.031578,0.016772,0.199575
127,T127_UAV_17,BS_2,LEO_1,463.390577,463.293252,0.007641,0.025104,0.322896
127,T127_UAV_5,BS_1,HAP_1,600.890121,600.667958,0.031373,0.021326,0.347318
127,T127_UAV_3,BS_2,HAP_2,719.636293,719.561145,0.009027,0.018181,0.239694
127,T127_UAV_13,BS_2,LEO_0,754.884812,754.803253,0.017888,0.010425,0.266231
127,T127_UAV_0,BS_4,BS_3,763.507895,763.18585,0.057665,0.052292,0.560436
127,T127_UAV_10,BS_2,HAP_0,1623.38723,1623.179131,0.03357,0.034614,0.199575
127,T127_UAV_8,BS_0,HAP_0,2019.241386,2019.057984,0.03538,0.008108,0.199575
127,T127_UAV_2,BS_3,HAP_0,2125.732181,2125.54626,0.036043,0.009963,0.199575
127,T127_UAV_14,BS_0,HAP_0,2363.341881,2363.13395,0.03704,0.030976,0.199575
128,T128_UAV_7,BS_1,LEO_1,410.056141,409.96647,0.004699,0.013376,0.357983
128,T128_UAV_19,BS_3,LEO_0,278.941105,278.842177,0.009335,0.012959,0.383168
128,T128_UAV_3,BS_2,HAP_1,1180.847104,1180.760037,0.007795,0.038533,0.203694
128,T128_UAV_4,BS_2,HAP_0,480.009169,479.778817,0.028374,0.010056,0.459612
128,T128_UAV_5,BS_1,HAP_2,247.100263,247.019027,0.004082,0.016323,0.304156
128,T128_UAV_8,BS_0,LEO_1,538.36119,538.272821,0.007431,0.00934,0.357983
128,T128_UAV_13,BS_2,LEO_0,378.330016,378.222464,0.012983,0.017935,0.383168
128,T128_UAV_0,BS_4,HAP_1,1465.0577,1464.989088,0.009244,0.01863,0.203694
128,T128_UAV_16,BS_1,LEO_1,662.998217,662.900602,0.008982,0.017036,0.357983
128,T128_UAV_12,BS_0,HAP_0,769.054005,768.812684,0.031345,0.018054,0.459612
128,T128_UAV_6,BS_0,HAP_1,1731.335507,1731.265335,0.008623,0.02081,0.203694
128,T128_UAV_1,BS_1,HAP_1,1898.839157,1898.77754,0.010107,0.010772,0.203694
128,T128_UAV_18,BS_2,HAP_1,1940.087642,1940.00986,0.013754,0.023289,0.203694
129,T129_UAV_4,BS_2,LEO_1,249.902608,249.702142,0.044061,0.009615,0.233949
129,T129_UAV_14,BS_0,LEO_0,317.478275,317.252224,0.046176,0.024517,0.276792
129,T129_UAV_5,BS_1,HAP_0,419.427371,419.193241,0.02685,0.023919,0.416802
129,T129_UAV_2,BS_3,HAP_1,424.854554,424.617059,0.028456,0.023688,0.426751
129,T129_UAV_17,BS_2,HAP_2,560.476703,560.284996,0.032556,0.017823,0.206639
129,T129_UAV_18,BS_2,LEO_1,571.782359,571.56631,0.048801,0.020459,0.233949
129,T129_UAV_11,BS_4,LEO_0,593.024499,592.805237,0.052591,0.011313,0.276792
129,T129_UAV_1,BS_1,HAP_0,650.868356,650.617309,0.028858,0.038829,0.416802
129,T129_UAV_0,BS_4,HAP_1,680.319617,680.076037,0.031132,0.027098,0.426751
129,T129_UAV_3,BS_2,LEO_1,759.09776,758.88866,0.052033,0.010277,0.233949
129,T129_UAV_19,BS_3,HAP_2,771.676054,771.46695,0.033873,0.033903,0.206639
129,T129_UAV_13,BS_2,LEO_0,790.230451,789.998828,0.058711,0.017553,0.276792
130,T130_UAV_8,BS_0,LEO_1,335.759151,335.707976,0.003665,0.010528,0.184913
130,T130_UAV_13,BS_2,LEO_0,312.0481,311.982766,0.007397,0.019776,0.190803
130,T130_UAV_12,BS_0,HAP_0,441.922777,441.739858,0.028636,0.009354,0.224645
130,T130_UAV_16,BS_1,HAP_2,604.700981,604.501673,0.031652,0.024809,0.214236
130,T130_UAV_4,BS_2,HAP_1,663.366212,663.132507,0.031658,0.022207,0.399203
130,T130_UAV_7,BS_1,LEO_1,762.554947,762.497312,0.006987,0.013665,0.184913
130,T130_UAV_17,BS_2,LEO_0,575.195518,575.137348,0.014466,0.005544,0.190803
130,T130_UAV_1,BS_1,LEO_1,872.914288,872.860044,0.007461,0.009801,0.184913
130,T130_UAV_9,BS_1,LEO_0,670.742884,670.684071,0.013292,0.007361,0.190803
130,T130_UAV_10,BS_2,HAP_0,687.709861,687.47755,0.030256,0.057127,0.224645
130,T130_UAV_0,BS_4,HAP_1,695.417618,695.188091,0.031272,0.018415,0.399203
130,T130_UAV_6,BS_0,HAP_2,704.673013,704.485377,0.031029,0.013759,0.214236
130,T130_UAV_11,BS_4,BS_3,737.400777,737.057347,0.056033,0.065646,0.608755
130,T130_UAV_18,BS_2,LEO_1,1037.512782,1037.449284,0.012598,0.013918,0.184913
131,T131_UAV_3,BS_2,LEO_1,318.20293,317.994653,0.045042,0.020775,0.212296
131,T131_UAV_4,BS_2,HAP_0,509.878206,509.723,0.027841,0.007337,0.100141
131,T131_UAV_0,BS_4,LEO_0,379.133482,379.04384,0.01198,0.016549,0.305564
131,T131_UAV_2,BS_3,HAP_0,537.176984,537.018584,0.028139,0.010233,0.100141
131,T131_UAV_14,BS_0,HAP_1,623.594304,623.381644,0.028742,0.043157,0.203809
131,T131_UAV_1,BS_1,HAP_2,673.301466,673.230151,0.004577,0.019777,0.234807
131,T131_UAV_5,BS_1,BS_4,393.390635,393.186272,0.034552,0.040368,0.147215
131,T131_UAV_11,BS_4,HAP_0,583.75422,583.585301,0.027746,0.021144,0.100141
131,T131_UAV_7,BS_1,LEO_0,462.764006,462.685291,0.012248,0.005355,0.305564
131,T131_UAV_13,BS_2,LEO_1,712.029279,711.829616,0.050888,0.006316,0.212296
131,T131_UAV_9,BS_1,HAP_1,726.568587,726.362338,0.031105,0.034382,0.203809
131,T131_UAV_6,BS_0,HAP_2,789.58599,789.512578,0.006769,0.019682,0.234807
131,T131_UAV_18,BS_2,LEO_1,795.830029,795.623206,0.052269,0.012096,0.212296
131,T131_UAV_16,BS_1,HAP_0,830.867034,830.68009,0.028062,0.038854,0.100141
132,T132_UAV_4,BS_2,LEO_1,225.502985,225.424597,0.003674,0.02738,0.236668
132,T132_UAV_10,BS_2,HAP_1,533.877954,533.819978,0.003288,0.017324,0.18682
132,T132_UAV_9,BS_1,LEO_0,417.150272,417.049956,0.008263,0.020423,0.358155
132,T132_UAV_13,BS_2,HAP_0,326.266644,326.062052,0.026972,0.023625,0.269979
132,T132_UAV_11,BS_4,HAP_2,432.814653,432.745928,0.004347,0.012338,0.260198
132,T132_UAV_1,BS_1,LEO_1,508.091237,508.027012,0.005415,0.011476,0.236668
132,T132_UAV_8,BS_0,LEO_0,564.877131,564.790014,0.011849,0.003636,0.358155
132,T132_UAV_15,BS_2,HAP_1,952.586472,952.522482,0.005906,0.020721,0.18682
132,T132_UAV_2,BS_3,LEO_1,532.63003,532.563698,0.008219,0.01078,0.236668
132,T132_UAV_0,BS_4,HAP_0,597.51146,597.312976,0.028283,0.016205,0.269979
132,T132_UAV_14,BS_0,HAP_1,1076.067678,1075.994203,0.004952,0.031159,0.18682
132,T132_UAV_7,BS_1,LEO_0,660.974617,660.873719,0.012202,0.017065,0.358155
132,T132_UAV_16,BS_1,HAP_2,678.651871,678.574339,0.007487,0.018005,0.260198
132,T132_UAV_18,BS_2,BS_4,732.373908,732.098611,0.055723,0.063197,0.281881
132,T132_UAV_5,BS_1,HAP_1,1407.995058,1407.920696,0.010111,0.026887,0.18682
132,T132_UAV_6,BS_0,HAP_1,1642.461551,1642.392073,0.008181,0.023933,0.18682
133,T133_UAV_1,BS_1,LEO_1,277.512796,277.309542,0.042361,0.00583,0.275312
133,T133_UAV_10,BS_2,LEO_0,364.445413,364.242813,0.046797,0.021179,0.173116
133,T133_UAV_17,BS_2,HAP_0,531.775016,531.718463,0.003264,0.006738,0.232753
133,T133_UAV_18,BS_2,HAP_1,382.857992,382.600581,0.029011,0.036509,0.459455
133,T133_UAV_13,BS_2,HAP_2,401.41332,401.329915,0.004939,0.004082,0.371922
133,T133_UAV_5,BS_1,LEO_0,490.832314,490.641347,0.048423,0.007921,0.173116
133,T133_UAV_6,BS_0,LEO_1,559.795526,559.573577,0.045631,0.021256,0.275312
133,T133_UAV_4,BS_2,HAP_0,650.228914,650.168925,0.003981,0.009457,0.232753
133,T133_UAV_15,BS_2,LEO_1,868.367345,868.140183,0.050422,0.021677,0.275312
133,T133_UAV_16,BS_1,LEO_0,873.005801,872.811183,0.054791,0.005203,0.173116
133,T133_UAV_7,BS_1,HAP_1,708.421057,708.168873,0.030275,0.030018,0.459455
133,T133_UAV_0,BS_4,HAP_2,758.518544,758.414455,0.008088,0.021617,0.371922
133,T133_UAV_9,BS_1,LEO_1,886.44751,886.226205,0.048706,0.017537,0.275312
133,T133_UAV_19,BS_3,LEO_0,943.382092,943.181823,0.056931,0.008716,0.173116
133,T133_UAV_2,BS_3,HAP_0,300.295356,300.238548,0.001927,0.008331,0.232753
134,T134_UAV_7,BS_1,LEO_1,241.778849,241.722157,0.002785,0.004383,0.247619
134,T134_UAV_4,BS_2,LEO_0,184.507948,184.303465,0.046598,0.016937,0.204741
134,T134_UAV_6,BS_0,HAP_2,1413.823505,1413.662928,0.032185,0.005011,0.116901
134,T134_UAV_18,BS_2,HAP_0,183.201543,183.129092,0.001414,0.006134,0.324513
134,T134_UAV_17,BS_2,HAP_1,222.989411,222.778202,0.028399,0.023651,0.295787
134,T134_UAV_2,BS_3,LEO_1,488.466537,488.398334,0.007532,0.011148,0.247619
134,T134_UAV_16,BS_1,HAP_2,1486.430306,1486.255864,0.033896,0.017166,0.116901
134,T134_UAV_0,BS_4,LEO_0,430.59422,430.395646,0.053595,0.004031,0.204741
134,T134_UAV_15,BS_2,HAP_2,2309.342188,2309.175587,0.039361,0.00386,0.116901
134,T134_UAV_10,BS_2,LEO_1,784.014387,783.945745,0.012564,0.006553,0.247619
134,T134_UAV_12,BS_0,HAP_2,2370.996826,2370.817054,0.038466,0.017927,0.116901
134,T134_UAV_3,BS_2,HAP_2,2389.462502,2389.289436,0.040592,0.009094,0.116901
134,T134_UAV_11,BS_4,HAP_2,2593.369618,2593.191272,0.039598,0.015368,0.116901
134,T134_UAV_14,BS_0,HAP_2,2749.98958,2749.802948,0.038813,0.024439,0.116901
134,T134_UAV_8,BS_0,HAP_2,3212.883332,3212.706856,0.042601,0.010494,0.116901
134,T134_UAV_5,BS_1,HAP_2,3225.547374,3225.359019,0.044608,0.020367,0.116901
135,T135_UAV_12,BS_0,LEO_1,227.907736,227.835256,0.003286,0.004357,0.324184
135,T135_UAV_13,BS_2,LEO_0,312.888453,312.670219,0.045739,0.022451,0.250225
135,T135_UAV_19,BS_3,HAP_0,403.103283,402.899937,0.02779,0.026063,0.247467
135,T135_UAV_9,BS_1,HAP_1,280.095164,279.875624,0.027358,0.028173,0.320044
135,T135_UAV_3,BS_2,HAP_2,280.754739,280.499674,0.028544,0.027307,0.496071
135,T135_UAV_16,BS_1,LEO_1,350.913554,350.824801,0.004773,0.019143,0.324184
135,T135_UAV_17,BS_2,LEO_0,517.245837,517.02687,0.050082,0.01884,0.250225
135,T135_UAV_8,BS_0,LEO_1,456.505526,456.427288,0.006292,0.007109,0.324184
135,T135_UAV_2,BS_3,HAP_0,732.231954,732.028985,0.029682,0.023794,0.247467
135,T135_UAV_10,BS_2,LEO_0,719.377178,719.166903,0.053428,0.006802,0.250225
135,T135_UAV_18,BS_2,HAP_1,601.795703,601.552371,0.031307,0.048016,0.320044
135,T135_UAV_15,BS_2,HAP_2,684.315921,684.074348,0.033019,0.00934,0.496071
135,T135_UAV_14,BS_0,BS_3,719.91689,719.64193,0.054945,0.016627,0.516942
135,T135_UAV_0,BS_4,BS_2,730.096773,729.830304,0.055582,0.039901,0.354928
135,T135_UAV_7,BS_1,LEO_0,847.164323,846.951398,0.05224,0.010641,0.250225
135,T135_UAV_11,BS_4,HAP_0,1051.022131,1050.83465,0.030351,0.007638,0.247467
136,T136_UAV_17,BS_2,LEO_1,212.631952,212.422968,0.043513,0.023121,0.211752
136,T136_UAV_4,BS_2,LEO_0,297.24092,297.033716,0.047337,0.004993,0.274374
136,T136_UAV_10,BS_2,HAP_1,801.905333,801.726755,0.02945,0.021157,0.139855
136,T136_UAV_9,BS_1,HAP_0,445.178765,444.96359,0.027195,0.031454,0.282626
136,T136_UAV_15,BS_2,HAP_2,674.003162,673.781429,0.032898,0.028719,0.300582
136,T136_UAV_7,BS_1,HAP_1,1268.068554,1267.866547,0.031263,0.042773,0.139855
136,T136_UAV_16,BS_1,LEO_1,630.92082,630.699636,0.048577,0.030257,0.211752
136,T136_UAV_6,BS_0,LEO_0,675.747279,675.525993,0.053319,0.013092,0.274374
136,T136_UAV_13,BS_2,HAP_0,703.038624,702.828712,0.029227,0.02416,0.282626
136,T136_UAV_19,BS_3,HAP_1,1710.349219,1710.177593,0.033508,0.010147,0.139855
136,T136_UAV_0,BS_4,LEO_1,748.492851,748.275153,0.050449,0.024899,0.211752
136,T136_UAV_2,BS_3,HAP_2,763.08564,762.865891,0.033878,0.025755,0.300582
136,T136_UAV_18,BS_2,LEO_0,782.412463,782.178307,0.058759,0.020521,0.274374
136,T136_UAV_8,BS_0,HAP_1,2052.324116,2052.124058,0.034359,0.037729,0.139855
136,T136_UAV_3,BS_2,HAP_1,2186.625689,2186.44252,0.037978,0.01722,0.139855
136,T136_UAV_11,BS_4,HAP_1,2221.432292,2221.242478,0.036885,0.024958,0.139855
136,T136_UAV_14,BS_0,HAP_1,2222.751295,2222.580674,0.034424,0.008226,0.139855
137,T137_UAV_10,BS_2,LEO_1,207.410046,207.339838,0.003322,0.023105,0.218906
137,T137_UAV_12,BS_0,LEO_0,223.784519,223.718649,0.004825,0.0176,0.217227
137,T137_UAV_19,BS_3,HAP_0,610.844218,610.787058,0.003565,0.014419,0.195884
137,T137_UAV_14,BS_0,HAP_2,257.245999,257.050926,0.027171,0.016452,0.257249
137,T137_UAV_0,BS_4,HAP_1,398.745628,398.476785,0.028609,0.050325,0.449544
137,T137_UAV_1,BS_1,LEO_1,406.081279,406.028843,0.004318,0.004337,0.218906
137,T137_UAV_4,BS_2,LEO_0,465.530142,465.460796,0.011521,0.01438,0.217227
137,T137_UAV_6,BS_0,HAP_0,962.307267,962.244899,0.004814,0.018377,0.195884
137,T137_UAV_5,BS_1,LEO_1,551.786818,551.721277,0.007668,0.014092,0.218906
137,T137_UAV_7,BS_1,LEO_0,595.986201,595.92272,0.011042,0.008995,0.217227
137,T137_UAV_8,BS_0,HAP_0,1047.699461,1047.638576,0.005621,0.016088,0.195884
137,T137_UAV_16,BS_1,HAP_2,690.312733,690.122549,0.032647,0.006087,0.257249
137,T137_UAV_18,BS_2,HAP_1,707.342895,707.087031,0.032413,0.033542,0.449544
137,T137_UAV_3,BS_2,BS_3,742.826522,742.547473,0.056376,0.038977,0.418477
137,T137_UAV_15,BS_2,HAP_0,1353.097739,1353.042295,0.006827,0.00944,0.195884
137,T137_UAV_9,BS_1,HAP_0,1771.443716,1771.363886,0.006957,0.033697,0.195884
138,T138_UAV_3,BS_2,LEO_1,293.698652,293.629828,0.003683,0.011673,0.267337
138,T138_UAV_12,BS_0,LEO_0,225.655837,225.580335,0.004865,0.016267,0.271849
138,T138_UAV_0,BS_4,HAP_2,267.372541,267.312912,0.00286,0.014869,0.209503
138,T138_UAV_10,BS_2,HAP_0,377.490337,377.265789,0.027849,0.036487,0.301059
138,T138_UAV_16,BS_1,HAP_1,450.904106,450.66999,0.029775,0.028476,0.379325
138,T138_UAV_9,BS_1,LEO_1,544.598107,544.521617,0.005345,0.017677,0.267337
138,T138_UAV_6,BS_0,LEO_0,520.621075,520.541243,0.010287,0.015175,0.271849
138,T138_UAV_4,BS_2,LEO_1,754.75638,754.669924,0.00965,0.023339,0.267337
138,T138_UAV_15,BS_2,LEO_0,571.4289,571.352047,0.01331,0.009173,0.271849
138,T138_UAV_14,BS_0,HAP_0,591.093822,590.896431,0.029302,0.007877,0.301059
138,T138_UAV_1,BS_1,HAP_1,594.356444,594.135989,0.029307,0.015282,0.379325
138,T138_UAV_11,BS_4,HAP_2,611.131761,611.066654,0.006158,0.017049,0.209503
138,T138_UAV_7,BS_1,BS_3,630.090732,629.805265,0.049333,0.067,0.345673
138,T138_UAV_17,BS_2,BS_4,647.472659,647.189999,0.050419,0.039524,0.463587
138,T138_UAV_18,BS_2,BS_1,757.530129,757.217647,0.057292,0.083334,0.35928
138,T138_UAV_19,BS_3,LEO_1,974.862162,974.783718,0.011915,0.013061,0.267337
139,T139_UAV_16,BS_1,LEO_0,591.797377,591.602162,0.047155,0.010825,0.186172
139,T139_UAV_7,BS_1,LEO_1,100.203568,100.127048,0.003007,0.004059,0.347274
139,T139_UAV_14,BS_0,HAP_1,601.5038,601.322808,0.027948,0.02408,0.144822
139,T139_UAV_3,BS_2,HAP_0,153.142611,152.919193,0.026394,0.029921,0.335516
139,T139_UAV_4,BS_2,LEO_0,606.540762,606.342005,0.048206,0.013317,0.186172
139,T139_UAV_13,BS_2,HAP_2,515.961242,515.881554,0.006371,0.021297,0.260101
139,T139_UAV_19,BS_3,HAP_1,627.148664,626.959898,0.028676,0.031126,0.144822
139,T139_UAV_12,BS_0,LEO_0,715.640829,715.438846,0.04854,0.016209,0.186172
139,T139_UAV_2,BS_3,HAP_2,526.074341,525.992049,0.006121,0.024151,0.260101
139,T139_UAV_5,BS_1,BS_0,637.621599,637.391139,0.049807,0.034215,0.232186
139,T139_UAV_8,BS_0,LEO_0,1257.026261,1256.82192,0.054634,0.012472,0.186172
139,T139_UAV_15,BS_2,HAP_1,1486.727438,1486.52865,0.035003,0.03482,0.144822
139,T139_UAV_9,BS_1,LEO_0,1534.311435,1534.101305,0.056945,0.01595,0.186172
139,T139_UAV_17,BS_2,HAP_1,1540.682183,1540.502937,0.036966,0.013316,0.144822
139,T139_UAV_10,BS_2,LEO_0,1560.670725,1560.458216,0.060654,0.014621,0.186172
140,T140_UAV_18,BS_2,LEO_1,206.88912,206.691193,0.043195,0.011208,0.21762
140,T140_UAV_7,BS_1,LEO_0,246.625043,246.41216,0.044563,0.01949,0.244156
140,T140_UAV_16,BS_1,HAP_1,731.411663,731.236355,0.029632,0.018897,0.133897
140,T140_UAV_12,BS_0,HAP_0,267.275672,267.068598,0.027172,0.028294,0.25804
140,T140_UAV_3,BS_2,HAP_2,286.952183,286.867807,0.003649,0.013356,0.336852
140,T140_UAV_14,BS_0,HAP_1,758.097969,757.92106,0.028219,0.021911,0.133897
140,T140_UAV_1,BS_1,HAP_1,768.02396,767.861847,0.028723,0.006612,0.133897
140,T140_UAV_17,BS_2,LEO_1,500.174943,499.968542,0.048305,0.014573,0.21762
140,T140_UAV_11,BS_4,LEO_0,582.367805,582.140121,0.052402,0.026451,0.244156
140,T140_UAV_10,BS_2,HAP_1,771.991397,771.787714,0.0293,0.047604,0.133897
140,T140_UAV_2,BS_3,HAP_0,611.386826,611.184563,0.029496,0.021159,0.25804
140,T140_UAV_6,BS_0,LEO_1,639.964108,639.76297,0.048156,0.009458,0.21762
140,T140_UAV_19,BS_3,HAP_2,641.745877,641.66589,0.00741,0.005207,0.336852
140,T140_UAV_0,BS_4,LEO_0,666.826242,666.607247,0.054614,0.01555,0.244156
140,T140_UAV_8,BS_0,HAP_1,964.407385,964.22141,0.029412,0.029783,0.133897
140,T140_UAV_5,BS_1,BS_3,721.981459,721.751349,0.055077,0.019882,0.275755
140,T140_UAV_9,BS_1,HAP_1,1620.812293,1620.609292,0.033772,0.04245,0.133897
140,T140_UAV_4,BS_2,HAP_1,2606.27828,2606.090517,0.040734,0.020249,0.133897
141,T141_UAV_17,BS_2,LEO_1,209.969821,209.904702,0.003494,0.01949,0.210675
141,T141_UAV_3,BS_2,LEO_0,328.516833,328.314207,0.046184,0.01729,0.195758
141,T141_UAV_4,BS_2,HAP_2,258.919542,258.738165,0.028372,0.022627,0.151893
141,T141_UAV_8,BS_0,HAP_0,278.220895,278.141403,0.002021,0.026878,0.252966
141,T141_UAV_0,BS_4,LEO_0,393.415833,393.201486,0.046696,0.028499,0.195758
141,T141_UAV_18,BS_2,HAP_1,423.034229,422.785072,0.029429,0.031649,0.440392
141,T141_UAV_14,BS_0,LEO_1,424.826227,424.775004,0.00541,0.003677,0.210675
141,T141_UAV_11,BS_4,HAP_0,433.976771,433.906339,0.002494,0.017345,0.252966
141,T141_UAV_9,BS_1,HAP_2,478.575877,478.397294,0.02928,0.018924,0.151893
141,T141_UAV_12,BS_0,LEO_1,486.347927,486.274845,0.007004,0.023943,0.210675
141,T141_UAV_16,BS_1,LEO_0,665.451574,665.247512,0.051314,0.013596,0.195758
141,T141_UAV_5,BS_1,HAP_1,631.130486,630.884018,0.031803,0.026586,0.440392
141,T141_UAV_7,BS_1,BS_4,695.270953,695.004404,0.053406,0.054445,0.293489
141,T141_UAV_19,BS_3,LEO_0,795.780589,795.573574,0.054291,0.013572,0.195758
142,T142_UAV_16,BS_1,LEO_0,684.232558,684.173175,0.005577,0.017469,0.181682
142,T142_UAV_1,BS_1,LEO_1,376.187671,375.977211,0.043191,0.020127,0.235712
142,T142_UAV_17,BS_2,HAP_0,153.247007,153.176818,0.001452,0.007643,0.305465
142,T142_UAV_15,BS_2,LEO_0,815.593691,815.539692,0.006993,0.010669,0.181682
142,T142_UAV_12,BS_0,HAP_2,543.960394,543.909217,0.004609,0.005078,0.207454
142,T142_UAV_2,BS_3,LEO_1,507.987877,507.779004,0.04614,0.015591,0.235712
142,T142_UAV_14,BS_0,LEO_0,1411.13214,1411.075677,0.010475,0.009651,0.181682
142,T142_UAV_11,BS_4,HAP_2,680.770416,680.700988,0.005727,0.02221,0.207454
142,T142_UAV_19,BS_3,LEO_0,1470.050566,1469.9903,0.012554,0.011375,0.181682
142,T142_UAV_10,BS_2,LEO_1,846.476706,846.256096,0.050644,0.022823,0.235712
142,T142_UAV_9,BS_1,LEO_0,1472.801547,1472.742068,0.011033,0.01211,0.181682
142,T142_UAV_13,BS_2,LEO_1,928.771535,928.556491,0.051181,0.016721,0.235712
142,T142_UAV_4,BS_2,LEO_0,1591.533997,1591.459909,0.014344,0.023408,0.181682
142,T142_UAV_0,BS_4,LEO_0,1619.592428,1619.522279,0.013223,0.020589,0.181682
142,T142_UAV_5,BS_1,HAP_2,1172.186795,1172.120687,0.01107,0.013547,0.207454
142,T142_UAV_7,BS_1,LEO_0,2252.845848,2252.767814,0.016042,0.025656,0.181682
142,T142_UAV_18,BS_2,LEO_0,2267.661673,2267.599605,0.019984,0.005748,0.181682
142,T142_UAV_3,BS_2,LEO_0,2518.435274,2518.347164,0.022439,0.029335,0.181682
143,T143_UAV_19,BS_3,LEO_1,328.876166,328.818551,0.005117,0.010037,0.212308
143,T143_UAV_3,BS_2,HAP_0,551.429141,551.236068,0.027829,0.026094,0.195743
143,T143_UAV_14,BS_0,LEO_0,406.176908,405.912349,0.04793,0.029769,0.434302
143,T143_UAV_7,BS_1,HAP_2,384.868501,384.690444,0.028013,0.006435,0.218048
143,T143_UAV_13,BS_2,HAP_1,438.235643,438.004883,0.029504,0.024716,0.382699
143,T143_UAV_17,BS_2,HAP_0,615.856888,615.665726,0.028232,0.023781,0.195743
143,T143_UAV_6,BS_0,LEO_1,492.626393,492.556914,0.006302,0.020715,0.212308
143,T143_UAV_8,BS_0,LEO_0,518.334657,518.072506,0.050853,0.024436,0.434302
143,T143_UAV_9,BS_1,HAP_0,672.124207,671.936277,0.027618,0.021163,0.195743
143,T143_UAV_5,BS_1,LEO_1,682.860958,682.791039,0.009564,0.017894,0.212308
143,T143_UAV_4,BS_2,HAP_2,737.815669,737.626856,0.034608,0.010596,0.218048
143,T143_UAV_1,BS_1,HAP_1,759.566159,759.332561,0.030514,0.026545,0.382699
143,T143_UAV_11,BS_4,LEO_0,776.832603,776.569838,0.056564,0.019341,0.434302
143,T143_UAV_10,BS_2,HAP_0,1052.103997,1051.926538,0.030759,0.007551,0.195743
143,T143_UAV_2,BS_3,HAP_0,1144.707728,1144.507467,0.03115,0.029963,0.195743
144,T144_UAV_0,BS_4,LEO_1,136.16744,136.092429,0.002701,0.008277,0.320164
144,T144_UAV_12,BS_0,LEO_0,71.832337,71.566668,0.044235,0.04858,0.364271
144,T144_UAV_8,BS_0,HAP_1,930.427307,930.238659,0.029449,0.028767,0.152159
144,T144_UAV_13,BS_2,HAP_2,1033.813919,1033.754876,0.007729,0.014067,0.186235
144,T144_UAV_19,BS_3,HAP_0,199.86647,199.583886,0.027267,0.052067,0.516253
144,T144_UAV_15,BS_2,LEO_1,275.156709,275.063202,0.005954,0.02352,0.320164
144,T144_UAV_3,BS_2,HAP_1,1279.231236,1279.024099,0.03305,0.043656,0.152159
144,T144_UAV_6,BS_0,HAP_2,1329.43809,1329.386753,0.007695,0.006394,0.186235
144,T144_UAV_4,BS_2,BS_3,1019.89131,1019.641185,0.073686,0.019013,0.287134
144,T144_UAV_11,BS_4,HAP_1,1557.814452,1557.628622,0.03376,0.021639,0.152159
144,T144_UAV_10,BS_2,HAP_2,1565.32641,1565.273801,0.01173,0.003632,0.186235
144,T144_UAV_17,BS_2,HAP_1,1578.629095,1578.450141,0.035527,0.012995,0.152159
144,T144_UAV_7,BS_1,HAP_2,1693.84102,1693.780512,0.009087,0.014174,0.186235
144,T144_UAV_5,BS_1,BS_3,1134.244452,1133.971909,0.080828,0.034289,0.287134
144,T144_UAV_2,BS_3,HAP_1,2055.505556,2055.323304,0.036452,0.015369,0.152159
144,T144_UAV_14,BS_0,HAP_2,2127.642898,2127.588337,0.012088,0.005226,0.186235
144,T144_UAV_1,BS_1,HAP_1,2186.040492,2185.866331,0.036075,0.007655,0.152159
144,T144_UAV_9,BS_1,HAP_2,2380.922268,2380.848137,0.014067,0.022816,0.186235
145,T145_UAV_19,BS_3,LEO_1,632.035383,631.841506,0.04455,0.011115,0.191055
145,T145_UAV_12,BS_0,LEO_0,195.847598,195.613116,0.046067,0.016672,0.358721
145,T145_UAV_9,BS_1,LEO_1,656.228543,656.030098,0.043891,0.016342,0.191055
145,T145_UAV_16,BS_1,HAP_0,269.3256,269.108414,0.026413,0.01286,0.389565
145,T145_UAV_3,BS_2,HAP_1,273.973828,273.701231,0.028833,0.039235,0.522643
145,T145_UAV_2,BS_3,HAP_2,306.987059,306.765251,0.030304,0.006655,0.424241
145,T145_UAV_15,BS_2,LEO_1,1160.294329,1160.097676,0.048198,0.010244,0.191055
145,T145_UAV_4,BS_2,LEO_0,487.434791,487.188847,0.05742,0.01678,0.358721
145,T145_UAV_17,BS_2,BS_3,1157.278016,1157.005245,0.082267,0.035148,0.276784
145,T145_UAV_1,BS_1,LEO_1,1427.106105,1426.900284,0.047494,0.020116,0.191055
145,T145_UAV_8,BS_0,LEO_1,1796.079049,1795.876613,0.051674,0.012551,0.191055
145,T145_UAV_7,BS_1,LEO_1,1823.255054,1823.057,0.050333,0.009511,0.191055
145,T145_UAV_5,BS_1,BS_3,1546.989764,1546.714687,0.106611,0.013109,0.276784
145,T145_UAV_10,BS_2,LEO_1,2040.507945,2040.303192,0.055049,0.011494,0.191055
145,T145_UAV_14,BS_0,LEO_1,2105.099506,2104.898439,0.052849,0.010006,0.191055
146,T146_UAV_18,BS_2,LEO_0,486.292969,486.222303,0.00567,0.026641,0.191771
146,T146_UAV_3,BS_2,LEO_1,153.112978,152.834639,0.043478,0.036813,0.490242
146,T146_UAV_16,BS_1,HAP_0,458.776495,458.590157,0.026708,0.010122,0.247538
146,T146_UAV_4,BS_2,LEO_0,510.316561,510.266005,0.00608,0.006122,0.191771
146,T146_UAV_10,BS_2,HAP_1,179.555613,179.281477,0.027237,0.066774,0.400629
146,T146_UAV_1,BS_1,HAP_2,210.456611,210.20216,0.026859,0.04382,0.418857
146,T146_UAV_6,BS_0,HAP_0,623.758915,623.534895,0.028342,0.046171,0.247538
146,T146_UAV_17,BS_2,LEO_0,760.871841,760.794437,0.009269,0.02978,0.191771
146,T146_UAV_9,BS_1,LEO_1,529.738599,529.482444,0.049156,0.00895,0.490242
146,T146_UAV_5,BS_1,LEO_0,1027.03096,1026.972042,0.011203,0.009362,0.191771
146,T146_UAV_7,BS_1,HAP_0,1117.022004,1116.805702,0.030164,0.03663,0.247538
146,T146_UAV_11,BS_4,LEO_0,1233.519675,1233.452655,0.01292,0.015746,0.191771
146,T146_UAV_13,BS_2,LEO_0,1292.563825,1292.482873,0.014886,0.027712,0.191771
146,T146_UAV_2,BS_3,HAP_0,1324.859471,1324.652569,0.032592,0.024802,0.247538
146,T146_UAV_15,BS_2,LEO_0,1851.77028,1851.687367,0.02094,0.023618,0.191771
147,T147_UAV_5,BS_1,LEO_1,307.084787,306.840236,0.044292,0.017019,0.416201
147,T147_UAV_7,BS_1,LEO_0,364.080764,363.798238,0.046776,0.036025,0.498625
147,T147_UAV_14,BS_0,HAP_1,384.574107,384.37034,0.027055,0.028007,0.243522
147,T147_UAV_12,BS_0,HAP_0,430.696595,430.492276,0.027969,0.02429,0.260293
147,T147_UAV_16,BS_1,HAP_2,298.564217,298.351115,0.028335,0.036792,0.239872
147,T147_UAV_0,BS_4,LEO_1,372.909544,372.652291,0.045218,0.028795,0.416201
147,T147_UAV_2,BS_3,LEO_0,387.374853,387.08482,0.048981,0.041326,0.498625
147,T147_UAV_4,BS_2,HAP_0,505.582156,505.374583,0.028118,0.027396,0.260293
147,T147_UAV_8,BS_0,HAP_1,596.095123,595.858863,0.028504,0.059051,0.243522
147,T147_UAV_6,BS_0,HAP_2,410.430873,410.221494,0.02858,0.032825,0.239872
147,T147_UAV_3,BS_2,HAP_0,648.430738,648.220538,0.028894,0.029247,0.260293
147,T147_UAV_17,BS_2,LEO_1,648.736121,648.474328,0.050773,0.027779,0.416201
147,T147_UAV_15,BS_2,LEO_0,682.71594,682.4355,0.055874,0.02484,0.498625
147,T147_UAV_9,BS_1,BS_3,685.80067,685.473324,0.052811,0.086582,0.439766
147,T147_UAV_13,BS_2,BS_4,719.745959,719.488052,0.054936,0.037855,0.32558
147,T147_UAV_1,BS_1,BS_2,777.002112,776.684033,0.058508,0.087613,0.359789
147,T147_UAV_18,BS_2,HAP_1,1062.706158,1062.481658,0.034235,0.041561,0.243522
148,T148_UAV_2,BS_3,LEO_1,555.710671,555.532135,0.04435,0.009945,0.121206
148,T148_UAV_13,BS_2,LEO_0,269.366665,269.158421,0.046382,0.012895,0.244834
148,T148_UAV_0,BS_4,HAP_0,581.202461,581.024576,0.027633,0.011777,0.192376
148,T148_UAV_1,BS_1,HAP_1,324.385035,324.187374,0.027356,0.027427,0.214393
148,T148_UAV_10,BS_2,HAP_2,408.079653,408.014662,0.005075,0.017313,0.213017
148,T148_UAV_16,BS_1,LEO_1,837.673577,837.488958,0.045956,0.014422,0.121206
148,T148_UAV_7,BS_1,LEO_0,502.20413,501.980764,0.049361,0.025038,0.244834
148,T148_UAV_18,BS_2,HAP_0,809.146907,808.947895,0.029015,0.031522,0.192376
148,T148_UAV_12,BS_0,LEO_1,990.153386,989.968142,0.047336,0.013668,0.121206
148,T148_UAV_17,BS_2,HAP_1,522.112291,521.892576,0.030487,0.046349,0.214393
148,T148_UAV_14,BS_0,HAP_2,598.357555,598.287633,0.005086,0.022233,0.213017
148,T148_UAV_5,BS_1,LEO_0,642.172218,641.948492,0.054341,0.020418,0.244834
148,T148_UAV_15,BS_2,LEO_1,1199.510283,1199.311624,0.049324,0.025094,0.121206
148,T148_UAV_4,BS_2,HAP_0,1084.631031,1084.423694,0.031106,0.037757,0.192376
148,T148_UAV_19,BS_3,LEO_1,1419.812058,1419.606864,0.051278,0.029674,0.121206
148,T148_UAV_9,BS_1,HAP_0,1220.183224,1219.981702,0.029972,0.033075,0.192376
148,T148_UAV_11,BS_4,LEO_1,1613.99209,1613.802118,0.051455,0.014276,0.121206
148,T148_UAV_6,BS_0,LEO_1,1832.212132,1832.025661,0.052337,0.009893,0.121206
149,T149_UAV_2,BS_3,LEO_0,407.445433,407.242519,0.047329,0.015009,0.202876
149,T149_UAV_5,BS_1,HAP_1,934.222808,934.035229,0.030943,0.036904,0.098664
149,T149_UAV_4,BS_2,HAP_0,388.220055,387.992827,0.027767,0.047216,0.261226
149,T149_UAV_9,BS_1,LEO_0,559.473334,559.266393,0.04861,0.017755,0.202876
149,T149_UAV_14,BS_0,HAP_1,1274.000121,1273.8279,0.030438,0.022051,0.098664
149,T149_UAV_16,BS_1,HAP_0,467.92658,467.715429,0.027047,0.031859,0.261226
149,T149_UAV_13,BS_2,LEO_0,682.756458,682.555606,0.052568,0.007709,0.202876
149,T149_UAV_17,BS_2,BS_3,582.29822,582.067006,0.046351,0.02893,0.279664
149,T149_UAV_6,BS_0,HAP_1,1507.71984,1507.558074,0.031864,0.01017,0.098664
149,T149_UAV_19,BS_3,LEO_0,1027.253018,1027.003304,0.058472,0.050667,0.202876
149,T149_UAV_0,BS_4,HAP_1,2005.26626,2005.074718,0.036442,0.035367,0.098664
149,T149_UAV_12,BS_0,HAP_1,2104.649931,2104.46734,0.034361,0.028497,0.098664
149,T149_UAV_15,BS_2,HAP_1,2528.237893,2528.03751,0.039209,0.041442,0.098664
149,T149_UAV_18,BS_2,HAP_1,2692.545991,2692.360734,0.041905,0.02362,0.098664
150,T150_UAV_17,BS_2,LEO_1,168.761869,168.481229,0.043983,0.046931,0.448631
150,T150_UAV_15,BS_2,LEO_0,433.263464,433.083127,0.04645,0.008505,0.126911
150,T150_UAV_5,BS_1,HAP_0,438.681338,438.46197,0.026843,0.033475,0.295249
150,T150_UAV_11,BS_4,HAP_2,302.940853,302.741248,0.028066,0.015855,0.278422
150,T150_UAV_9,BS_1,LEO_0,497.999763,497.820523,0.046359,0.007499,0.126911
150,T150_UAV_19,BS_3,HAP_1,300.974084,300.720183,0.027995,0.044361,0.407721
150,T150_UAV_4,BS_2,LEO_0,536.188356,536.00747,0.048428,0.007075,0.126911
150,T150_UAV_14,BS_0,LEO_1,402.600484,402.32647,0.047221,0.037067,0.448631
150,T150_UAV_18,BS_2,HAP_0,660.336999,660.111625,0.028568,0.037756,0.295249
150,T150_UAV_13,BS_2,LEO_0,612.090455,611.894067,0.049301,0.021704,0.126911
150,T150_UAV_1,BS_1,HAP_2,605.616847,605.409868,0.02906,0.022235,0.278422
150,T150_UAV_8,BS_0,BS_1,626.170224,625.908341,0.04909,0.05598,0.284063
150,T150_UAV_0,BS_4,BS_0,633.742109,633.517319,0.049565,0.01661,0.293072
150,T150_UAV_3,BS_2,LEO_0,911.822482,911.60582,0.054252,0.037028,0.126911
150,T150_UAV_6,BS_0,HAP_0,1150.865204,1150.663329,0.03176,0.011065,0.295249
151,T151_UAV_17,BS_2,LEO_0,211.967747,211.880313,0.005352,0.037855,0.221137
151,T151_UAV_10,BS_2,LEO_1,639.628635,639.435596,0.045191,0.022399,0.12724
151,T151_UAV_0,BS_4,HAP_0,591.10447,591.036003,0.002681,0.026165,0.198106
151,T151_UAV_4,BS_2,LEO_1,983.667376,983.459343,0.048089,0.034496,0.12724
151,T151_UAV_8,BS_0,HAP_1,568.568708,568.327004,0.028856,0.031171,0.408384
151,T151_UAV_2,BS_3,HAP_2,617.928565,617.727943,0.032168,0.025929,0.212628
151,T151_UAV_16,BS_1,LEO_0,643.49596,643.427505,0.014168,0.010059,0.221137
151,T151_UAV_15,BS_2,HAP_0,862.277348,862.224668,0.004575,0.008483,0.198106
151,T151_UAV_9,BS_1,LEO_1,1264.744957,1264.55636,0.048203,0.014946,0.12724
151,T151_UAV_13,BS_2,LEO_0,650.863625,650.784223,0.015478,0.019696,0.221137
151,T151_UAV_18,BS_2,HAP_1,698.762672,698.534862,0.032315,0.013819,0.408384
151,T151_UAV_19,BS_3,LEO_1,1341.599474,1341.416335,0.050668,0.007023,0.12724
151,T151_UAV_14,BS_0,HAP_2,787.420197,787.223038,0.031697,0.022937,0.212628
151,T151_UAV_6,BS_0,BS_3,798.594787,798.29881,0.059859,0.072223,0.319475
151,T151_UAV_12,BS_0,HAP_0,1271.507861,1271.420389,0.007905,0.039946,0.198106
151,T151_UAV_7,BS_1,LEO_1,1563.163762,1562.980306,0.049727,0.00828,0.12724
151,T151_UAV_5,BS_1,HAP_0,1346.588322,1346.505672,0.00531,0.037718,0.198106
151,T151_UAV_1,BS_1,LEO_1,1745.594919,1745.393732,0.049968,0.025771,0.12724
151,T151_UAV_11,BS_4,LEO_1,1832.919816,1832.72278,0.05302,0.018567,0.12724
152,T152_UAV_6,BS_0,LEO_0,283.725572,283.514047,0.044398,0.018443,0.243419
152,T152_UAV_19,BS_3,LEO_1,259.117474,258.885248,0.044033,0.014671,0.367611
152,T152_UAV_8,BS_0,HAP_1,226.942453,226.770578,0.026539,0.023991,0.106723
152,T152_UAV_0,BS_4,HAP_0,378.089652,377.905737,0.026848,0.018864,0.191014
152,T152_UAV_13,BS_2,HAP_2,370.038397,369.987243,0.004605,0.007135,0.197077
152,T152_UAV_1,BS_1,LEO_1,392.208865,391.967307,0.04413,0.023906,0.367611
152,T152_UAV_11,BS_4,LEO_0,604.912191,604.67949,0.050056,0.033962,0.243419
152,T152_UAV_4,BS_2,HAP_1,430.33584,430.162549,0.029184,0.022763,0.106723
152,T152_UAV_3,BS_2,HAP_0,687.206039,687.009648,0.029133,0.029056,0.191014
152,T152_UAV_15,BS_2,HAP_2,532.252233,532.196048,0.006243,0.010527,0.197077
152,T152_UAV_5,BS_1,LEO_1,549.815993,549.544024,0.047702,0.050743,0.367611
152,T152_UAV_14,BS_0,LEO_0,766.101331,765.865592,0.051705,0.035351,0.243419
152,T152_UAV_10,BS_2,BS_3,637.163548,636.905427,0.049777,0.041529,0.334076
152,T152_UAV_18,BS_2,BS_4,701.476808,701.196712,0.053793,0.066601,0.29851
152,T152_UAV_17,BS_2,BS_0,799.036507,798.759356,0.059888,0.04886,0.342015
152,T152_UAV_7,BS_1,LEO_0,964.188487,963.966021,0.054096,0.019686,0.243419
152,T152_UAV_9,BS_1,HAP_0,965.009402,964.814648,0.029189,0.027361,0.191014
153,T153_UAV_14,BS_0,LEO_1,310.730963,310.500052,0.04314,0.031076,0.283476
153,T153_UAV_17,BS_2,LEO_0,260.6281,260.415194,0.046557,0.023579,0.213852
153,T153_UAV_5,BS_1,HAP_1,557.687381,557.527241,0.029341,0.009573,0.106127
153,T153_UAV_8,BS_0,HAP_0,306.653999,306.45516,0.027186,0.016798,0.274278
153,T153_UAV_6,BS_0,HAP_2,318.617631,318.429283,0.027798,0.017074,0.217384
153,T153_UAV_15,BS_2,LEO_1,432.874658,432.640541,0.045169,0.032252,0.283476
153,T153_UAV_18,BS_2,LEO_0,331.600978,331.390487,0.047992,0.019728,0.213852
153,T153_UAV_0,BS_4,HAP_1,647.213946,647.034126,0.02947,0.029125,0.106127
153,T153_UAV_19,BS_3,HAP_0,371.057375,370.841251,0.028107,0.033161,0.274278
153,T153_UAV_7,BS_1,LEO_1,653.229569,653.000945,0.046098,0.02583,0.283476
153,T153_UAV_4,BS_2,HAP_2,562.796608,562.614753,0.032279,0.006099,0.217384
153,T153_UAV_9,BS_1,LEO_0,597.826306,597.615161,0.051792,0.016582,0.213852
153,T153_UAV_13,BS_2,BS_3,680.728438,680.463675,0.052498,0.03583,0.382177
153,T153_UAV_12,BS_0,HAP_1,1031.868469,1031.690903,0.03035,0.025992,0.106127
153,T153_UAV_3,BS_2,LEO_1,799.811998,799.572548,0.050105,0.032649,0.283476
153,T153_UAV_10,BS_2,BS_4,791.242665,790.996435,0.059403,0.01289,0.36969
153,T153_UAV_16,BS_1,HAP_1,1170.456369,1170.280724,0.034194,0.020226,0.106127
154,T154_UAV_18,BS_2,LEO_1,206.51436,206.288604,0.043214,0.038362,0.220903
154,T154_UAV_19,BS_3,LEO_0,234.360227,234.156189,0.045415,0.015407,0.216078
154,T154_UAV_15,BS_2,HAP_0,254.369441,254.301553,0.001682,0.025656,0.202754
154,T154_UAV_11,BS_4,HAP_1,263.145316,263.068607,0.002215,0.024095,0.251998
154,T154_UAV_12,BS_0,HAP_2,684.305253,684.242763,0.00473,0.019337,0.192117
154,T154_UAV_2,BS_3,LEO_1,334.7838,334.567079,0.045113,0.027428,0.220903
154,T154_UAV_6,BS_0,LEO_0,395.930938,395.718391,0.047889,0.021442,0.216078
154,T154_UAV_9,BS_1,HAP_2,826.538585,826.487419,0.005187,0.007556,0.192117
154,T154_UAV_8,BS_0,HAP_0,506.182986,506.130275,0.00361,0.00855,0.202754
154,T154_UAV_17,BS_2,HAP_1,537.560813,537.498184,0.00561,0.006619,0.251998
154,T154_UAV_14,BS_0,LEO_1,548.808714,548.587399,0.046996,0.030138,0.220903
154,T154_UAV_7,BS_1,LEO_0,738.723449,738.497165,0.053838,0.02923,0.216078
154,T154_UAV_10,BS_2,BS_3,741.634428,741.366474,0.056302,0.038614,0.36519
154,T154_UAV_16,BS_1,HAP_2,1267.609123,1267.546389,0.009486,0.014824,0.192117
154,T154_UAV_13,BS_2,HAP_2,1821.18546,1821.121808,0.014711,0.010517,0.192117
154,T154_UAV_0,BS_4,HAP_2,1967.586864,1967.517176,0.01426,0.017005,0.192117
155,T155_UAV_16,BS_1,LEO_1,275.92873,275.712129,0.042996,0.028784,0.224107
155,T155_UAV_8,BS_0,LEO_0,367.570782,367.359,0.045985,0.024517,0.206401
155,T155_UAV_19,BS_3,HAP_1,508.214289,508.151748,0.003229,0.005381,0.269656
155,T155_UAV_1,BS_1,HAP_0,518.839977,518.658666,0.027715,0.011622,0.209875
155,T155_UAV_18,BS_2,HAP_2,383.135375,382.897477,0.02988,0.024628,0.416947
155,T155_UAV_7,BS_1,LEO_1,574.240574,574.016303,0.045369,0.03408,0.224107
155,T155_UAV_13,BS_2,LEO_0,585.449624,585.23745,0.050783,0.020111,0.206401
155,T155_UAV_14,BS_0,HAP_1,661.500092,661.41574,0.003558,0.026862,0.269656
155,T155_UAV_3,BS_2,HAP_0,665.198469,665.004545,0.029004,0.022945,0.209875
155,T155_UAV_11,BS_4,LEO_1,682.352654,682.15193,0.047389,0.008513,0.224107
155,T155_UAV_12,BS_0,LEO_0,703.657848,703.456998,0.051775,0.007794,0.206401
155,T155_UAV_0,BS_4,HAP_2,641.295677,641.063283,0.031928,0.017077,0.416947
155,T155_UAV_9,BS_1,LEO_1,742.72703,742.52156,0.047247,0.013402,0.224107
155,T155_UAV_4,BS_2,BS_3,783.967446,783.686674,0.058946,0.043701,0.390627
155,T155_UAV_6,BS_0,LEO_0,833.927768,833.717047,0.052977,0.016463,0.206401
155,T155_UAV_15,BS_2,HAP_1,1053.2766,1053.188722,0.00799,0.025957,0.269656
155,T155_UAV_17,BS_2,HAP_0,1106.682774,1106.498045,0.031846,0.010909,0.209875
156,T156_UAV_14,BS_0,LEO_0,146.326163,146.261395,0.004129,0.015056,0.227917
156,T156_UAV_8,BS_0,LEO_1,532.474463,532.262307,0.043788,0.029016,0.196763
156,T156_UAV_12,BS_0,HAP_2,118.761618,118.569927,0.026734,0.00668,0.291383
156,T156_UAV_15,BS_2,HAP_1,296.397874,296.297657,0.002665,0.031199,0.331762
156,T156_UAV_0,BS_4,LEO_1,652.950566,652.759877,0.044747,0.00659,0.196763
156,T156_UAV_18,BS_2,LEO_0,214.49776,214.438179,0.007519,0.006478,0.227917
156,T156_UAV_7,BS_1,HAP_0,441.046526,440.842998,0.027491,0.013832,0.311026
156,T156_UAV_16,BS_1,LEO_1,1025.225046,1025.023786,0.047321,0.014587,0.196763
156,T156_UAV_5,BS_1,HAP_1,466.724824,466.644227,0.004924,0.00932,0.331762
156,T156_UAV_10,BS_2,HAP_0,523.179215,522.963557,0.028848,0.024605,0.311026
156,T156_UAV_6,BS_0,LEO_1,1034.940231,1034.73525,0.047006,0.018623,0.196763
156,T156_UAV_11,BS_4,LEO_1,1115.243447,1115.033351,0.047931,0.022813,0.196763
156,T156_UAV_2,BS_4,LEO_1,1253.35162,1253.139537,0.049795,0.022935,0.196763
156,T156_UAV_17,BS_2,LEO_1,1624.281196,1624.061356,0.053619,0.026868,0.196763
157,T157_UAV_9,BS_1,LEO_1,208.425729,208.170434,0.042547,0.032969,0.398892
157,T157_UAV_18,BS_2,LEO_0,391.284219,391.081624,0.046041,0.019347,0.186034
157,T157_UAV_6,BS_0,HAP_1,359.189803,358.995292,0.027081,0.031109,0.181606
157,T157_UAV_11,BS_4,HAP_0,366.956333,366.754021,0.026863,0.025578,0.249355
157,T157_UAV_0,BS_4,LEO_0,582.255641,582.051012,0.048247,0.019176,0.186034
157,T157_UAV_7,BS_1,HAP_2,471.901161,471.68686,0.02876,0.019085,0.332283
157,T157_UAV_19,BS_3,HAP_1,580.53651,580.363924,0.028673,0.007592,0.181606
157,T157_UAV_10,BS_2,HAP_0,610.618256,610.413251,0.028872,0.026262,0.249355
157,T157_UAV_5,BS_1,LEO_1,619.987057,619.725083,0.048697,0.0335,0.398892
157,T157_UAV_1,BS_1,LEO_0,754.694025,754.479908,0.048437,0.028472,0.186034
157,T157_UAV_12,BS_0,LEO_1,621.374967,621.112768,0.048906,0.033514,0.398892
157,T157_UAV_13,BS_2,HAP_2,645.233313,645.020828,0.033047,0.012981,0.332283
157,T157_UAV_3,BS_2,LEO_0,842.290187,842.080494,0.053214,0.019272,0.186034
157,T157_UAV_2,BS_4,HAP_1,791.137411,790.95303,0.030633,0.017427,0.181606
157,T157_UAV_4,BS_2,HAP_0,821.981269,821.767323,0.030105,0.03397,0.249355
157,T157_UAV_17,BS_2,LEO_0,1305.606562,1305.387308,0.060982,0.021066,0.186034
158,T158_UAV_15,BS_2,LEO_1,238.488011,238.265384,0.043606,0.008341,0.353398
158,T158_UAV_8,BS_0,LEO_0,298.744531,298.527987,0.046246,0.005505,0.323966
158,T158_UAV_1,BS_1,HAP_1,614.950214,614.886615,0.003528,0.022408,0.188316
158,T158_UAV_0,BS_4,HAP_0,487.960354,487.891429,0.002389,0.027075,0.197299
158,T158_UAV_16,BS_1,HAP_2,533.152812,533.079746,0.004961,0.031199,0.184528
158,T158_UAV_19,BS_3,LEO_1,401.318693,401.068972,0.046224,0.032818,0.353398
158,T158_UAV_10,BS_2,LEO_0,420.54702,420.305356,0.050142,0.026729,0.323966
158,T158_UAV_17,BS_2,HAP_0,644.179036,644.130128,0.003991,0.005457,0.197299
158,T158_UAV_9,BS_1,HAP_1,958.191019,958.131042,0.006295,0.016019,0.188316
158,T158_UAV_12,BS_0,HAP_2,753.269909,753.217987,0.006366,0.00865,0.184528
158,T158_UAV_2,BS_4,LEO_1,564.752102,564.507308,0.048622,0.025492,0.353398
158,T158_UAV_7,BS_1,LEO_0,633.788442,633.54879,0.051904,0.022955,0.323966
158,T158_UAV_3,BS_2,BS_3,761.653359,761.362626,0.057551,0.032279,0.504517
158,T158_UAV_13,BS_2,HAP_0,828.976822,828.912599,0.004265,0.020498,0.197299
158,T158_UAV_11,BS_4,HAP_1,1118.543628,1118.49246,0.00723,0.006276,0.188316
158,T158_UAV_6,BS_0,HAP_2,1033.240825,1033.164835,0.007733,0.031352,0.184528
158,T158_UAV_14,BS_0,HAP_1,1545.949796,1545.888018,0.007671,0.016444,0.188316
159,T159_UAV_8,BS_0,LEO_1,489.252818,489.068659,0.043888,0.01206,0.141058
159,T159_UAV_18,BS_2,LEO_0,382.987758,382.917501,0.007187,0.014523,0.242732
159,T159_UAV_15,BS_2,HAP_1,330.753586,330.569779,0.027977,0.012849,0.214909
159,T159_UAV_4,BS_2,LEO_1,570.999772,570.776486,0.045263,0.049811,0.141058
159,T159_UAV_9,BS_1,HAP_0,398.231537,398.040277,0.026898,0.01424,0.250612
159,T159_UAV_1,BS_1,HAP_2,540.847222,540.775013,0.003612,0.005325,0.316356
159,T159_UAV_7,BS_1,LEO_0,575.02722,574.963354,0.008454,0.006865,0.242732
159,T159_UAV_17,BS_2,HAP_0,465.912914,465.719754,0.028331,0.014706,0.250612
159,T159_UAV_6,BS_0,HAP_1,519.902816,519.710865,0.028455,0.020514,0.214909
159,T159_UAV_5,BS_1,LEO_1,1048.186233,1048.001031,0.048517,0.008474,0.141058
159,T159_UAV_0,BS_4,LEO_0,750.490139,750.413603,0.012877,0.015113,0.242732
159,T159_UAV_10,BS_2,HAP_2,679.753637,679.654121,0.008479,0.027766,0.316356
159,T159_UAV_16,BS_1,BS_0,722.177581,721.947312,0.055089,0.017896,0.286419
159,T159_UAV_14,BS_0,LEO_1,1211.388492,1211.192072,0.049054,0.019155,0.141058
159,T159_UAV_19,BS_3,LEO_0,999.406092,999.319093,0.017901,0.020551,0.242732
159,T159_UAV_13,BS_2,LEO_1,1315.80759,1315.585735,0.051517,0.042127,0.141058
159,T159_UAV_2,BS_4,LEO_1,1351.186752,1350.977731,0.05183,0.028979,0.141058
160,T160_UAV_11,BS_4,LEO_1,334.633694,334.438274,0.043625,0.00809,0.21853
160,T160_UAV_6,BS_0,LEO_0,418.752645,418.673291,0.006543,0.018854,0.269787
160,T160_UAV_19,BS_3,HAP_0,341.156975,341.079174,0.002848,0.023507,0.25723
160,T160_UAV_9,BS_1,HAP_1,382.127175,381.916789,0.028288,0.0277,0.271982
160,T160_UAV_0,BS_4,HAP_2,413.409243,413.32565,0.004484,0.012221,0.33444
160,T160_UAV_16,BS_1,LEO_1,594.456162,594.254895,0.046483,0.011078,0.21853
160,T160_UAV_5,BS_1,LEO_0,607.40481,607.332752,0.010546,0.007555,0.269787
160,T160_UAV_4,BS_2,HAP_0,457.933697,457.854896,0.003296,0.024059,0.25723
160,T160_UAV_15,BS_2,HAP_1,477.29469,477.084571,0.029301,0.026421,0.271982
160,T160_UAV_13,BS_2,LEO_1,682.425216,682.206807,0.048193,0.02651,0.21853
160,T160_UAV_14,BS_0,LEO_0,724.440283,724.362813,0.0111,0.012413,0.269787
160,T160_UAV_10,BS_2,HAP_2,559.120305,559.040432,0.006976,0.006009,0.33444
160,T160_UAV_7,BS_1,BS_3,613.228765,612.942659,0.04828,0.053775,0.420255
160,T160_UAV_3,BS_2,BS_4,707.108193,706.853933,0.054146,0.044139,0.279874
160,T160_UAV_1,BS_1,BS_0,709.010393,708.734469,0.054264,0.058605,0.315281
160,T160_UAV_2,BS_4,LEO_1,742.311621,742.078673,0.048923,0.04032,0.21853
160,T160_UAV_12,BS_0,BS_1,732.140982,731.900507,0.055711,0.013517,0.356233
160,T160_UAV_17,BS_2,LEO_0,1061.934197,1061.853947,0.020698,0.005595,0.269787
161,T161_UAV_12,BS_0,LEO_1,309.19168,309.118783,0.003501,0.024589,0.224034
161,T161_UAV_0,BS_4,LEO_0,319.876861,319.654058,0.045477,0.029072,0.24127
161,T161_UAV_7,BS_1,HAP_2,443.803313,443.63122,0.028039,0.016404,0.138245
161,T161_UAV_14,BS_0,HAP_1,335.070073,335.002746,0.002056,0.015161,0.250548
161,T161_UAV_6,BS_0,HAP_0,392.550658,392.367357,0.027666,0.010111,0.227622
161,T161_UAV_18,BS_2,LEO_1,527.680219,527.596807,0.006513,0.032092,0.224034
161,T161_UAV_9,BS_1,LEO_0,597.7856,597.571769,0.049186,0.016392,0.24127
161,T161_UAV_16,BS_1,HAP_1,526.61194,526.524627,0.005677,0.031527,0.250548
161,T161_UAV_2,BS_4,LEO_1,735.666304,735.604625,0.00885,0.008022,0.224034
161,T161_UAV_3,BS_2,HAP_0,558.510276,558.323859,0.028876,0.012016,0.227622
161,T161_UAV_1,BS_1,HAP_2,920.141505,919.956825,0.03036,0.026671,0.138245
161,T161_UAV_11,BS_4,LEO_0,881.827435,881.596242,0.054704,0.028235,0.24127
161,T161_UAV_17,BS_2,BS_3,672.126042,671.901619,0.051963,0.014871,0.287944
161,T161_UAV_13,BS_2,BS_4,676.425451,676.154892,0.052229,0.057196,0.305674
161,T161_UAV_5,BS_1,LEO_1,966.804284,966.725559,0.010744,0.023174,0.224034
161,T161_UAV_10,BS_2,HAP_2,996.673622,996.501814,0.035113,0.009047,0.138245
161,T161_UAV_15,BS_2,LEO_0,1047.012055,1046.784271,0.058882,0.020648,0.24127
162,T162_UAV_12,BS_0,LEO_0,168.496503,168.430167,0.005237,0.018109,0.214953
162,T162_UAV_6,BS_0,LEO_1,324.559381,324.354934,0.044208,0.009706,0.252662
162,T162_UAV_2,BS_4,HAP_0,344.581269,344.522589,0.002447,0.014307,0.209635
162,T162_UAV_1,BS_1,HAP_1,1254.614802,1254.426183,0.031094,0.018241,0.196419
162,T162_UAV_9,BS_1,HAP_2,180.517292,180.337993,0.027264,0.010666,0.206847
162,T162_UAV_3,BS_2,LEO_1,557.831663,557.615577,0.049012,0.016542,0.252662
162,T162_UAV_14,BS_0,LEO_0,394.684782,394.609321,0.011157,0.021314,0.214953
162,T162_UAV_16,BS_1,HAP_1,1553.053748,1552.874314,0.034949,0.005201,0.196419
162,T162_UAV_10,BS_2,HAP_0,667.927823,667.873572,0.004876,0.007449,0.209635
162,T162_UAV_5,BS_1,LEO_1,709.112255,708.886358,0.04996,0.025404,0.252662
162,T162_UAV_7,BS_1,HAP_1,1970.169066,1969.977765,0.034704,0.017313,0.196419
162,T162_UAV_4,BS_2,HAP_1,2025.765854,2025.57098,0.036963,0.018627,0.196419
162,T162_UAV_18,BS_2,HAP_1,2076.13537,2075.937676,0.038025,0.020385,0.196419
162,T162_UAV_8,BS_0,HAP_1,2386.698152,2386.502947,0.036142,0.01978,0.196419
162,T162_UAV_15,BS_2,HAP_1,2458.505509,2458.301598,0.038925,0.025703,0.196419
163,T163_UAV_16,BS_1,LEO_1,267.765504,267.700062,0.002929,0.014274,0.241193
163,T163_UAV_3,BS_2,LEO_0,276.585706,276.371447,0.045267,0.01928,0.24856
163,T163_UAV_4,BS_2,HAP_0,241.617274,241.540132,0.001743,0.019466,0.279666
163,T163_UAV_2,BS_4,HAP_2,302.457688,302.279844,0.028498,0.005177,0.220838
163,T163_UAV_10,BS_2,HAP_1,354.728386,354.481925,0.028231,0.019058,0.495864
163,T163_UAV_12,BS_0,LEO_1,435.7446,435.672717,0.004933,0.018712,0.241193
163,T163_UAV_9,BS_1,LEO_0,489.440269,489.215283,0.047516,0.027758,0.24856
163,T163_UAV_17,BS_2,HAP_0,605.419246,605.354451,0.004342,0.004519,0.279666
163,T163_UAV_15,BS_2,LEO_1,821.186148,821.11023,0.009808,0.017871,0.241193
163,T163_UAV_14,BS_0,HAP_1,657.674584,657.415546,0.029039,0.030827,0.495864
163,T163_UAV_18,BS_2,HAP_2,681.810395,681.625383,0.03373,0.007115,0.220838
163,T163_UAV_1,BS_1,LEO_0,955.305538,955.075035,0.052823,0.027968,0.24856
163,T163_UAV_7,BS_1,BS_3,720.972886,720.663558,0.055009,0.057249,0.485356
163,T163_UAV_6,BS_0,BS_4,753.234791,752.965798,0.057027,0.044543,0.337116
163,T163_UAV_5,BS_1,LEO_1,1008.980522,1008.905063,0.011218,0.016002,0.241193
163,T163_UAV_19,BS_3,LEO_0,267.962787,267.748154,0.044767,0.020155,0.24856
164,T164_UAV_16,BS_1,LEO_1,267.742503,267.667062,0.00293,0.018882,0.268143
164,T164_UAV_3,BS_2,LEO_0,344.570885,344.366012,0.045418,0.023001,0.18227
164,T164_UAV_6,BS_0,HAP_0,212.311573,212.220025,0.001447,0.022185,0.339584
164,T164_UAV_17,BS_2,HAP_2,322.824937,322.763674,0.003508,0.013289,0.22233
164,T164_UAV_4,BS_2,HAP_1,222.165637,221.953961,0.02712,0.021394,0.315806
164,T164_UAV_19,BS_3,LEO_1,316.223953,316.146511,0.003845,0.019968,0.268143
164,T164_UAV_12,BS_0,LEO_0,446.208653,446.004705,0.046174,0.02132,0.18227
164,T164_UAV_0,BS_4,LEO_1,368.405457,368.317959,0.004109,0.029759,0.268143
164,T164_UAV_9,BS_1,HAP_2,590.284208,590.210588,0.004464,0.02469,0.22233
164,T164_UAV_13,BS_2,LEO_0,789.150068,788.933625,0.051946,0.028042,0.18227
164,T164_UAV_18,BS_2,HAP_0,653.227051,653.132999,0.004093,0.022042,0.339584
164,T164_UAV_1,BS_1,HAP_1,734.396755,734.176915,0.030333,0.026345,0.315806
164,T164_UAV_8,BS_0,BS_3,778.875601,778.541527,0.058625,0.074719,0.503652
164,T164_UAV_15,BS_2,BS_4,788.258395,788.006554,0.059216,0.012121,0.402521
164,T164_UAV_7,BS_1,BS_0,795.244449,794.995787,0.059652,0.02165,0.336797
164,T164_UAV_14,BS_0,LEO_1,821.26461,821.191455,0.00834,0.011187,0.268143
164,T164_UAV_5,BS_1,LEO_0,1060.320163,1060.12054,0.055211,0.007958,0.18227
164,T164_UAV_10,BS_2,HAP_2,1163.991768,1163.9209,0.011825,0.014577,0.22233
164,T164_UAV_2,BS_4,LEO_0,1253.983919,1253.767412,0.058623,0.02143,0.18227
165,T165_UAV_16,BS_1,LEO_1,147.466139,147.381588,0.002889,0.007945,0.368588
165,T165_UAV_14,BS_0,LEO_0,192.163093,191.950182,0.045412,0.018258,0.246204
165,T165_UAV_19,BS_3,HAP_0,834.879622,834.707218,0.029952,0.008458,0.169962
165,T165_UAV_8,BS_0,HAP_1,365.21901,365.036804,0.027519,0.011532,0.21578
165,T165_UAV_15,BS_2,HAP_2,453.897248,453.703183,0.030318,0.011191,0.262778
165,T165_UAV_2,BS_4,LEO_1,309.900153,309.794107,0.006722,0.025606,0.368588
165,T165_UAV_9,BS_1,LEO_0,340.923305,340.708294,0.049648,0.016122,0.246204
165,T165_UAV_4,BS_2,HAP_0,1264.914726,1264.735924,0.031725,0.013085,0.169962
165,T165_UAV_12,BS_0,HAP_1,580.871507,580.673186,0.028789,0.026375,0.21578
165,T165_UAV_0,BS_4,HAP_2,587.47014,587.278943,0.031387,0.007255,0.262778
165,T165_UAV_10,BS_2,HAP_0,1396.313974,1396.136319,0.032458,0.011205,0.169962
165,T165_UAV_17,BS_2,HAP_0,1688.05839,1687.879517,0.03393,0.010951,0.169962
165,T165_UAV_11,BS_4,HAP_0,1913.004654,1912.829154,0.033482,0.008025,0.169962
166,T166_UAV_0,BS_4,LEO_1,331.028154,330.829034,0.043688,0.019928,0.177519
166,T166_UAV_7,BS_1,LEO_0,352.534748,352.324305,0.046653,0.021834,0.209778
166,T166_UAV_2,BS_4,HAP_2,426.579051,426.5281,0.004053,0.009736,0.185813
166,T166_UAV_11,BS_4,HAP_1,408.49496,408.441855,0.003461,0.006149,0.217474
166,T166_UAV_1,BS_1,LEO_1,437.398898,437.215473,0.043695,0.004227,0.177519
166,T166_UAV_18,BS_2,HAP_0,675.414956,675.188897,0.02924,0.029363,0.33728
166,T166_UAV_3,BS_2,LEO_0,598.03895,597.818998,0.054757,0.02324,0.209778
166,T166_UAV_13,BS_2,LEO_1,539.354821,539.154339,0.04643,0.018547,0.177519
166,T166_UAV_12,BS_0,HAP_2,921.485023,921.434998,0.007779,0.005083,0.185813
166,T166_UAV_14,BS_0,HAP_1,690.10337,690.049177,0.004251,0.006447,0.217474
166,T166_UAV_16,BS_1,LEO_0,702.256032,702.041846,0.055565,0.016667,0.209778
166,T166_UAV_19,BS_3,HAP_0,768.475266,768.2705,0.03139,0.00592,0.33728
166,T166_UAV_9,BS_1,LEO_1,1023.968708,1023.765896,0.049964,0.017343,0.177519
166,T166_UAV_17,BS_2,HAP_2,1161.06749,1160.999418,0.012602,0.018307,0.185813
167,T167_UAV_12,BS_0,LEO_1,233.479485,233.272827,0.043332,0.016467,0.234298
167,T167_UAV_6,BS_0,LEO_0,246.022311,245.971844,0.004953,0.004859,0.203275
167,T167_UAV_14,BS_0,HAP_1,248.536318,248.348449,0.026528,0.015168,0.230865
167,T167_UAV_18,BS_2,HAP_2,249.957775,249.871154,0.00321,0.027603,0.279042
167,T167_UAV_2,BS_4,HAP_0,261.181386,260.952721,0.026835,0.03719,0.3232
167,T167_UAV_13,BS_2,LEO_1,293.007003,292.80218,0.044421,0.013542,0.234298
167,T167_UAV_0,BS_4,LEO_0,402.857028,402.79734,0.00892,0.010112,0.203275
167,T167_UAV_16,BS_1,HAP_1,418.486311,418.287766,0.029525,0.022847,0.230865
167,T167_UAV_8,BS_0,HAP_0,422.741905,422.523896,0.027954,0.025415,0.3232
167,T167_UAV_5,BS_1,LEO_1,445.943664,445.734769,0.046267,0.015768,0.234298
167,T167_UAV_15,BS_2,HAP_2,471.750944,471.683007,0.005534,0.006594,0.279042
167,T167_UAV_11,BS_4,LEO_0,507.992097,507.934334,0.01092,0.006188,0.203275
167,T167_UAV_17,BS_2,BS_3,546.696311,546.431887,0.044125,0.051116,0.345919
167,T167_UAV_4,BS_2,BS_4,617.276289,617.051534,0.048536,0.013523,0.313476
167,T167_UAV_1,BS_1,BS_0,622.257925,621.997318,0.048845,0.04021,0.357753
167,T167_UAV_7,BS_1,BS_2,705.703764,705.435434,0.054058,0.040349,0.369617
167,T167_UAV_10,BS_2,BS_1,709.982289,709.733564,0.054326,0.030511,0.319441
168,T168_UAV_0,BS_4,LEO_1,361.074448,361.003088,0.004033,0.030068,0.186292
168,T168_UAV_8,BS_0,HAP_2,317.666962,317.478618,0.028055,0.022473,0.189082
168,T168_UAV_10,BS_2,LEO_0,484.402128,484.312921,0.011716,0.020488,0.285012
168,T168_UAV_11,BS_4,HAP_1,485.862365,485.811724,0.004121,0.004752,0.20884
168,T168_UAV_18,BS_2,HAP_0,500.162122,499.967646,0.028148,0.014183,0.260733
168,T168_UAV_13,BS_2,LEO_1,572.308789,572.253269,0.006815,0.011447,0.186292
168,T168_UAV_14,BS_0,LEO_0,511.062568,510.977997,0.010057,0.017512,0.285012
168,T168_UAV_4,BS_2,HAP_1,525.32718,525.264512,0.004998,0.015902,0.20884
168,T168_UAV_5,BS_1,LEO_1,728.286351,728.226696,0.008107,0.01429,0.186292
168,T168_UAV_7,BS_0,HAP_0,589.377274,589.190232,0.028348,0.006547,0.260733
168,T168_UAV_3,BS_2,LEO_0,658.933372,658.836302,0.0163,0.023767,0.285012
168,T168_UAV_17,BS_2,HAP_2,752.126778,751.940751,0.035101,0.01311,0.189082
168,T168_UAV_16,BS_1,LEO_1,1008.654282,1008.58565,0.011066,0.020308,0.186292
169,T169_UAV_7,BS_0,LEO_1,459.036569,458.849089,0.04322,0.007898,0.181806
169,T169_UAV_3,BS_2,LEO_0,490.055482,489.959059,0.012129,0.012204,0.360451
169,T169_UAV_14,BS_0,HAP_0,338.874924,338.816096,0.002435,0.011797,0.22298
169,T169_UAV_2,BS_4,HAP_1,338.958715,338.87452,0.002872,0.023366,0.289783
169,T169_UAV_6,BS_0,HAP_2,511.624533,511.568212,0.003873,0.01467,0.188892
169,T169_UAV_9,BS_1,LEO_1,765.945993,765.743072,0.045505,0.021054,0.181806
169,T169_UAV_1,BS_1,LEO_0,646.42585,646.333776,0.011092,0.008891,0.360451
169,T169_UAV_18,BS_2,LEO_1,1011.238276,1011.044774,0.049098,0.008044,0.181806
169,T169_UAV_13,BS_2,HAP_0,521.832768,521.777406,0.002982,0.007785,0.22298
169,T169_UAV_0,BS_4,HAP_1,550.586928,550.500248,0.005093,0.023631,0.289783
169,T169_UAV_8,BS_0,HAP_2,886.391113,886.328674,0.007154,0.017506,0.188892
169,T169_UAV_5,BS_1,LEO_0,700.257978,700.165601,0.015653,0.004634,0.360451
169,T169_UAV_12,BS_0,BS_1,747.210866,746.947141,0.056651,0.04754,0.297675
169,T169_UAV_17,BS_2,BS_3,763.324075,763.039202,0.057656,0.031345,0.47936
169,T169_UAV_4,BS_2,LEO_1,1209.702971,1209.496028,0.05114,0.019442,0.181806
169,T169_UAV_10,BS_2,HAP_2,940.768869,940.7136,0.00957,0.007921,0.188892
169,T169_UAV_19,BS_3,LEO_1,1365.130048,1364.926268,0.052012,0.015407,0.181806
169,T169_UAV_11,BS_4,LEO_1,1398.552477,1398.357581,0.051155,0.007379,0.181806
170,T170_UAV_3,BS_2,LEO_0,535.737931,535.548538,0.046396,0.019246,0.118754
170,T170_UAV_6,BS_0,LEO_1,204.79941,204.569482,0.043764,0.01303,0.365667
170,T170_UAV_14,BS_0,HAP_0,303.731116,303.656809,0.002181,0.014185,0.289706
170,T170_UAV_17,BS_2,HAP_2,333.981213,333.771192,0.029474,0.029085,0.257308
170,T170_UAV_2,BS_4,LEO_0,647.919889,647.741979,0.047288,0.006872,0.118754
170,T170_UAV_12,BS_0,HAP_1,394.434066,394.355047,0.002587,0.005503,0.354645
170,T170_UAV_5,BS_1,LEO_1,284.548402,284.323386,0.045663,0.006219,0.365667
170,T170_UAV_18,BS_2,LEO_0,725.634651,725.457906,0.048527,0.004467,0.118754
170,T170_UAV_15,BS_2,HAP_0,433.506292,433.436218,0.002811,0.009322,0.289706
170,T170_UAV_10,BS_2,HAP_2,439.971031,439.76738,0.030498,0.021691,0.257308
170,T170_UAV_11,BS_4,LEO_0,930.647199,930.467589,0.049801,0.006059,0.118754
170,T170_UAV_9,BS_1,BS_3,528.52093,528.276062,0.042991,0.056918,0.224793
170,T170_UAV_4,BS_2,BS_4,543.77463,543.53232,0.043944,0.040368,0.289991
170,T170_UAV_0,BS_4,BS_1,677.07717,676.801941,0.052269,0.066301,0.283296
170,T170_UAV_13,BS_2,HAP_1,746.378668,746.289198,0.007754,0.010787,0.354645
170,T170_UAV_7,BS_0,LEO_0,1332.418733,1332.226646,0.052559,0.015778,0.118754
170,T170_UAV_1,BS_1,LEO_0,1565.201633,1565.006154,0.053517,0.018212,0.118754
170,T170_UAV_8,BS_0,LEO_0,1588.229331,1588.03837,0.056352,0.010859,0.118754
171,T171_UAV_9,BS_1,LEO_1,200.668334,200.433822,0.043431,0.01977,0.356556
171,T171_UAV_16,BS_1,HAP_1,620.424333,620.263595,0.029203,0.010993,0.102712
171,T171_UAV_7,BS_0,LEO_0,224.273285,224.044549,0.046092,0.006766,0.379392
171,T171_UAV_15,BS_2,HAP_2,751.070363,750.881271,0.030791,0.015826,0.212375
171,T171_UAV_3,BS_2,HAP_0,427.836664,427.753049,0.002982,0.004526,0.380534
171,T171_UAV_2,BS_4,LEO_1,298.479981,298.224964,0.046443,0.037263,0.356556
171,T171_UAV_11,BS_4,HAP_1,937.078836,936.915482,0.030326,0.012485,0.102712
171,T171_UAV_14,BS_0,HAP_2,1024.007202,1023.804874,0.03122,0.028633,0.212375
171,T171_UAV_8,BS_0,LEO_0,511.745478,511.492034,0.055444,0.022121,0.379392
171,T171_UAV_5,BS_1,HAP_1,1164.416454,1164.244176,0.032599,0.019137,0.102712
171,T171_UAV_17,BS_2,HAP_0,771.377524,771.283898,0.005553,0.011967,0.380534
171,T171_UAV_0,BS_4,HAP_2,1394.935834,1394.740295,0.035189,0.017875,0.212375
171,T171_UAV_19,BS_3,HAP_1,2020.182445,2020.008437,0.035116,0.018349,0.102712
171,T171_UAV_10,BS_2,HAP_2,1697.854641,1697.663431,0.038758,0.009977,0.212375
171,T171_UAV_12,BS_0,HAP_1,2136.654011,2136.488884,0.035035,0.00955,0.102712
171,T171_UAV_1,BS_1,HAP_2,1988.105325,1987.908559,0.034969,0.019322,0.212375
171,T171_UAV_13,BS_2,HAP_1,2377.290879,2377.120523,0.04063,0.009183,0.102712
172,T172_UAV_12,BS_0,LEO_1,192.556782,192.482334,0.003905,0.022771,0.238861
172,T172_UAV_17,BS_2,HAP_0,1301.072752,1300.917635,0.030587,0.005162,0.096838
172,T172_UAV_0,BS_4,HAP_0,1325.824814,1325.660352,0.029771,0.015322,0.096838
172,T172_UAV_8,BS_0,LEO_1,291.571195,291.498901,0.005641,0.01888,0.238861
172,T172_UAV_19,BS_3,HAP_0,1473.93024,1473.773193,0.031925,0.005755,0.096838
172,T172_UAV_11,BS_4,HAP_0,1816.853169,1816.697841,0.031716,0.004244,0.096838
172,T172_UAV_18,BS_2,HAP_0,1883.729827,1883.557332,0.032441,0.020686,0.096838
172,T172_UAV_7,BS_0,HAP_0,2717.295261,2717.127766,0.035004,0.013124,0.096838
172,T172_UAV_15,BS_2,HAP_0,2888.306026,2888.144223,0.036568,0.005868,0.096838
172,T172_UAV_6,BS_0,HAP_0,3305.317814,3305.132574,0.038756,0.027117,0.096838
172,T172_UAV_13,BS_2,HAP_0,3769.182318,3769.018758,0.038861,0.005331,0.096838
172,T172_UAV_9,BS_1,HAP_0,3810.79117,3810.629667,0.037257,0.004878,0.096838
172,T172_UAV_4,BS_2,HAP_0,3940.380563,3940.212995,0.042021,0.006181,0.096838
173,T173_UAV_8,BS_0,LEO_1,481.006398,480.793103,0.043812,0.029336,0.200735
173,T173_UAV_0,BS_4,LEO_0,201.189829,200.951995,0.046422,0.023179,0.341163
173,T173_UAV_11,BS_4,HAP_0,312.621009,312.358875,0.026788,0.037672,0.488367
173,T173_UAV_17,BS_2,LEO_1,605.137366,604.927846,0.045676,0.023697,0.200735
173,T173_UAV_12,BS_0,HAP_1,502.600747,502.337687,0.028302,0.037867,0.48446
173,T173_UAV_18,BS_2,HAP_2,592.643772,592.365188,0.032629,0.046935,0.4951
173,T173_UAV_2,BS_4,LEO_1,614.305104,614.100588,0.045351,0.019017,0.200735
173,T173_UAV_14,BS_0,BS_4,664.953105,664.708022,0.051513,0.035371,0.290991
173,T173_UAV_10,BS_2,LEO_0,395.675934,395.424687,0.053846,0.029168,0.341163
173,T173_UAV_7,BS_0,BS_1,830.074791,829.805747,0.061827,0.058277,0.244698
173,T173_UAV_15,BS_2,HAP_0,603.835105,603.583217,0.028896,0.025319,0.488367
173,T173_UAV_3,BS_2,HAP_1,649.955856,649.714898,0.031588,0.012478,0.48446
173,T173_UAV_19,BS_3,HAP_2,725.060392,724.792029,0.033129,0.036214,0.4951
173,T173_UAV_5,BS_1,LEO_1,1175.795111,1175.59342,0.049585,0.011959,0.200735
173,T173_UAV_1,BS_1,LEO_1,1420.081985,1419.886516,0.049004,0.006318,0.200735
173,T173_UAV_6,BS_0,LEO_1,1450.22321,1450.004208,0.051088,0.027767,0.200735
173,T173_UAV_16,BS_1,BS_4,1547.849993,1547.544259,0.106663,0.040873,0.290991
173,T173_UAV_4,BS_2,BS_1,1591.594581,1591.321154,0.109398,0.015089,0.244698
174,T174_UAV_7,BS_0,LEO_0,333.334667,333.283792,0.004952,0.008943,0.1849
174,T174_UAV_15,BS_2,LEO_1,528.050192,527.838763,0.046284,0.021222,0.219612
174,T174_UAV_5,BS_1,HAP_1,549.547647,549.37582,0.029666,0.009871,0.161449
174,T174_UAV_17,BS_2,HAP_0,436.005499,435.796933,0.028139,0.022457,0.289851
174,T174_UAV_13,BS_2,HAP_2,571.760762,571.574285,0.031934,0.018033,0.182554
174,T174_UAV_14,BS_0,LEO_1,782.488315,782.266982,0.047953,0.029459,0.219612
174,T174_UAV_12,BS_0,LEO_0,811.391618,811.305089,0.013581,0.035968,0.1849
174,T174_UAV_8,BS_0,HAP_1,934.09704,933.927566,0.030662,0.006523,0.161449
174,T174_UAV_11,BS_4,HAP_0,624.954191,624.73901,0.028579,0.028632,0.289851
174,T174_UAV_3,BS_2,LEO_1,847.348843,847.141035,0.050835,0.013051,0.219612
174,T174_UAV_0,BS_4,LEO_0,859.373846,859.305297,0.01482,0.016749,0.1849
174,T174_UAV_9,BS_1,HAP_2,685.362503,685.184281,0.031134,0.010577,0.182554
174,T174_UAV_18,BS_2,LEO_0,915.735853,915.671174,0.017285,0.010415,0.1849
174,T174_UAV_1,BS_1,LEO_1,989.475645,989.254024,0.048386,0.029314,0.219612
174,T174_UAV_4,BS_2,HAP_1,1098.997939,1098.817265,0.0337,0.014684,0.161449
175,T175_UAV_1,BS_1,LEO_1,300.718949,300.644656,0.002551,0.030642,0.205494
175,T175_UAV_16,BS_1,LEO_0,283.207528,282.97517,0.046268,0.025042,0.30524
175,T175_UAV_7,BS_0,HAP_0,249.014465,248.801771,0.026417,0.038454,0.23911
175,T175_UAV_15,BS_2,HAP_1,256.739647,256.527767,0.027341,0.030611,0.269641
175,T175_UAV_17,BS_2,HAP_2,338.466142,338.260448,0.029518,0.035906,0.201348
175,T175_UAV_4,BS_2,LEO_1,466.887534,466.817687,0.005927,0.022821,0.205494
175,T175_UAV_13,BS_2,LEO_0,379.027048,378.803689,0.048848,0.013463,0.30524
175,T175_UAV_12,BS_0,LEO_1,538.53217,538.47625,0.006082,0.008739,0.205494
175,T175_UAV_6,BS_0,HAP_0,426.901475,426.690174,0.027931,0.035548,0.23911
175,T175_UAV_8,BS_0,HAP_1,455.101333,454.898654,0.028179,0.020571,0.269641
175,T175_UAV_9,BS_1,HAP_2,474.21171,474.015662,0.029242,0.026535,0.201348
175,T175_UAV_19,BS_3,LEO_0,503.351063,503.121072,0.051431,0.017513,0.30524
175,T175_UAV_11,BS_4,BS_3,516.207707,515.90909,0.042218,0.053247,0.515761
175,T175_UAV_14,BS_0,BS_4,527.870041,527.622496,0.04295,0.041653,0.314708
175,T175_UAV_10,BS_2,BS_0,558.980317,558.703356,0.044892,0.057438,0.373155
175,T175_UAV_0,BS_4,BS_1,632.976528,632.712594,0.049515,0.058406,0.280066
175,T175_UAV_2,BS_4,BS_2,731.458852,731.214672,0.055668,0.017865,0.35323
175,T175_UAV_3,BS_2,LEO_1,984.876998,984.81576,0.012613,0.007527,0.205494
176,T176_UAV_13,BS_2,LEO_1,260.284421,260.196609,0.003895,0.022333,0.30792
176,T176_UAV_5,BS_1,LEO_0,276.111336,276.04051,0.006172,0.020361,0.221461
176,T176_UAV_2,BS_4,HAP_1,430.585577,430.407057,0.027806,0.025479,0.12617
176,T176_UAV_6,BS_0,HAP_0,342.517757,342.327728,0.027353,0.015904,0.233859
176,T176_UAV_8,BS_0,HAP_2,552.928044,552.870025,0.004463,0.016508,0.185242
176,T176_UAV_15,BS_2,LEO_1,413.230717,413.153509,0.006249,0.009375,0.30792
176,T176_UAV_4,BS_2,LEO_0,450.833295,450.767829,0.011024,0.010149,0.221461
176,T176_UAV_12,BS_0,LEO_1,458.607635,458.531457,0.006556,0.008039,0.30792
176,T176_UAV_14,BS_0,HAP_1,954.482748,954.294819,0.029784,0.032911,0.12617
176,T176_UAV_16,BS_1,HAP_0,479.70917,479.512247,0.027148,0.023003,0.233859
176,T176_UAV_18,BS_2,HAP_2,894.707146,894.654281,0.009359,0.006458,0.185242
176,T176_UAV_0,BS_4,LEO_0,722.007873,721.918363,0.016038,0.02918,0.221461
176,T176_UAV_10,BS_2,BS_4,768.71203,768.450707,0.057994,0.051362,0.259834
176,T176_UAV_1,BS_1,HAP_1,1319.892767,1319.725698,0.032496,0.009339,0.12617
176,T176_UAV_11,BS_4,HAP_2,1013.85085,1013.774135,0.00867,0.030996,0.185242
176,T176_UAV_9,BS_1,HAP_1,1451.635037,1451.468611,0.034653,0.006538,0.12617
177,T177_UAV_16,BS_1,LEO_0,319.255092,319.190368,0.005504,0.006943,0.261385
177,T177_UAV_12,BS_0,LEO_1,262.281364,262.194491,0.003748,0.005292,0.389164
177,T177_UAV_1,BS_1,HAP_0,264.168033,264.095031,0.001581,0.024067,0.23677
177,T177_UAV_14,BS_0,HAP_1,269.408741,269.202054,0.026669,0.031635,0.241915
177,T177_UAV_9,BS_1,HAP_2,271.167371,270.963169,0.027424,0.029469,0.236543
177,T177_UAV_13,BS_2,LEO_1,284.794863,284.704805,0.004256,0.007969,0.389164
177,T177_UAV_19,BS_3,LEO_0,422.641931,422.565431,0.007449,0.016774,0.261385
177,T177_UAV_5,BS_1,HAP_0,361.520389,361.466089,0.001799,0.005147,0.23677
177,T177_UAV_2,BS_4,LEO_1,380.707363,380.606608,0.005783,0.01714,0.389164
177,T177_UAV_10,BS_2,HAP_1,424.715749,424.528749,0.028947,0.00967,0.241915
177,T177_UAV_3,BS_2,LEO_0,586.039745,585.952889,0.011281,0.023298,0.261385
177,T177_UAV_7,BS_0,HAP_2,450.307538,450.09806,0.028678,0.033492,0.236543
177,T177_UAV_15,BS_2,BS_3,588.539481,588.280314,0.046739,0.024164,0.44132
177,T177_UAV_8,BS_0,BS_4,600.307693,600.043124,0.047474,0.051674,0.327102
177,T177_UAV_4,BS_2,BS_1,618.842467,618.549434,0.04863,0.076131,0.341364
177,T177_UAV_11,BS_4,BS_0,723.772026,723.513101,0.055187,0.031005,0.363664
177,T177_UAV_6,BS_0,LEO_0,946.551122,946.471684,0.014941,0.01222,0.261385
178,T178_UAV_17,BS_2,LEO_1,427.276624,427.099295,0.044003,0.004196,0.145648
178,T178_UAV_9,BS_1,LEO_0,215.155911,215.06149,0.004235,0.014864,0.37661
178,T178_UAV_0,BS_4,HAP_0,448.310392,448.230623,0.002471,0.023755,0.267715
178,T178_UAV_14,BS_0,HAP_1,537.930332,537.852441,0.003342,0.025351,0.245993
178,T178_UAV_8,BS_0,LEO_1,834.291389,834.105624,0.046613,0.010023,0.145648
178,T178_UAV_13,BS_2,HAP_2,570.191957,570.112747,0.006869,0.030302,0.210196
178,T178_UAV_19,BS_3,LEO_0,678.787503,678.676198,0.015397,0.020586,0.37661
178,T178_UAV_11,BS_4,LEO_1,926.306497,926.125126,0.047403,0.004838,0.145648
178,T178_UAV_4,BS_2,HAP_0,666.755769,666.67026,0.004868,0.027098,0.267715
178,T178_UAV_12,BS_0,HAP_1,693.251623,693.17347,0.004581,0.024375,0.245993
178,T178_UAV_2,BS_4,HAP_2,701.704205,701.647117,0.008116,0.006932,0.210196
178,T178_UAV_1,BS_1,LEO_1,1083.518731,1083.328,0.046881,0.014721,0.145648
178,T178_UAV_15,BS_2,LEO_0,732.917061,732.810302,0.017039,0.014399,0.37661
178,T178_UAV_16,BS_1,BS_3,791.305129,791.043475,0.059406,0.015682,0.432833
178,T178_UAV_7,BS_0,LEO_1,1171.243155,1171.048321,0.048286,0.017419,0.145648
178,T178_UAV_5,BS_1,LEO_1,1218.867577,1218.684243,0.049951,0.004253,0.145648
179,T179_UAV_8,BS_0,LEO_1,336.754277,336.545585,0.043632,0.011244,0.269077
179,T179_UAV_11,BS_4,LEO_0,713.388956,713.208203,0.047527,0.004741,0.142422
179,T179_UAV_16,BS_1,HAP_0,317.432171,317.333876,0.001426,0.020416,0.382265
179,T179_UAV_15,BS_2,HAP_1,596.418132,596.209359,0.029603,0.036282,0.214439
179,T179_UAV_6,BS_0,LEO_0,809.180553,808.991109,0.048087,0.012873,0.142422
179,T179_UAV_0,BS_4,HAP_2,478.461134,478.263616,0.030247,0.022975,0.221483
179,T179_UAV_7,BS_0,LEO_1,748.067898,747.848381,0.047147,0.018554,0.269077
179,T179_UAV_5,BS_1,LEO_0,883.142988,882.959882,0.049625,0.004996,0.142422
179,T179_UAV_17,BS_2,HAP_0,610.289688,610.186114,0.00441,0.02271,0.382265
179,T179_UAV_3,BS_2,LEO_0,1070.256055,1070.069304,0.052843,0.005423,0.142422
179,T179_UAV_14,BS_0,HAP_1,1036.828294,1036.63439,0.030662,0.020354,0.214439
179,T179_UAV_13,BS_2,LEO_1,952.198396,951.970768,0.051185,0.022628,0.269077
179,T179_UAV_18,BS_2,HAP_2,739.067437,738.855557,0.03455,0.033034,0.221483
179,T179_UAV_12,BS_0,LEO_0,1128.994784,1128.801774,0.051894,0.012632,0.142422
179,T179_UAV_2,BS_4,LEO_1,1013.90511,1013.692192,0.052116,0.006987,0.269077
179,T179_UAV_4,BS_2,LEO_0,1241.640362,1241.447642,0.054653,0.009582,0.142422
179,T179_UAV_19,BS_3,HAP_1,1156.909455,1156.701734,0.032072,0.032761,0.214439
179,T179_UAV_10,BS_2,LEO_0,1532.204555,1531.992888,0.057938,0.025244,0.142422
180,T180_UAV_18,BS_2,LEO_1,270.089715,269.884817,0.04427,0.018499,0.210651
180,T180_UAV_1,BS_1,LEO_0,360.039311,359.808233,0.046178,0.018251,0.333246
180,T180_UAV_7,BS_0,HAP_1,331.015942,330.942607,0.002451,0.03078,0.200517
180,T180_UAV_0,BS_4,HAP_0,677.941414,677.767798,0.028322,0.016801,0.142462
180,T180_UAV_3,BS_2,HAP_2,518.202821,517.997526,0.031869,0.029429,0.219982
180,T180_UAV_6,BS_0,LEO_1,573.388507,573.187715,0.047549,0.011113,0.210651
180,T180_UAV_14,BS_0,LEO_0,599.037287,598.811223,0.051805,0.00761,0.333246
180,T180_UAV_13,BS_2,HAP_0,724.001261,723.828866,0.028609,0.015293,0.142462
180,T180_UAV_2,BS_4,HAP_1,622.740765,622.688459,0.005337,0.006866,0.200517
180,T180_UAV_19,BS_3,LEO_1,662.795992,662.596064,0.05006,0.007739,0.210651
180,T180_UAV_9,BS_1,HAP_2,664.978094,664.785286,0.030952,0.017859,0.219982
180,T180_UAV_15,BS_2,LEO_0,729.52189,729.270394,0.056939,0.027907,0.333246
180,T180_UAV_8,BS_0,BS_1,768.541288,768.279309,0.057983,0.057264,0.233658
180,T180_UAV_10,BS_2,HAP_0,952.989941,952.814709,0.030871,0.015868,0.142462
181,T181_UAV_12,BS_0,LEO_1,312.368005,312.307097,0.003523,0.01167,0.228574
181,T181_UAV_11,BS_4,LEO_0,446.583969,446.349327,0.047477,0.030585,0.2829
181,T181_UAV_17,BS_2,HAP_1,358.880332,358.797634,0.003609,0.020209,0.2944
181,T181_UAV_14,BS_0,HAP_0,392.197572,392.008904,0.027799,0.020547,0.201608
181,T181_UAV_0,BS_4,HAP_2,418.653543,418.577683,0.004602,0.022871,0.241937
181,T181_UAV_7,BS_0,LEO_1,658.5307,658.471384,0.00631,0.007292,0.228574
181,T181_UAV_18,BS_2,LEO_0,771.170582,770.920496,0.054579,0.038927,0.2829
181,T181_UAV_2,BS_4,HAP_1,578.275744,578.195866,0.004961,0.016037,0.2944
181,T181_UAV_6,BS_0,LEO_1,825.863646,825.80209,0.008639,0.007203,0.228574
181,T181_UAV_1,BS_1,HAP_0,635.897699,635.713758,0.028811,0.014808,0.201608
181,T181_UAV_3,BS_2,HAP_2,637.199762,637.138197,0.008465,0.004713,0.241937
181,T181_UAV_8,BS_0,LEO_0,877.134556,876.912965,0.054296,0.010715,0.2829
181,T181_UAV_13,BS_2,BS_3,667.873767,667.583333,0.051693,0.039425,0.49658
181,T181_UAV_16,BS_1,BS_4,693.853794,693.580241,0.053317,0.054216,0.330102
181,T181_UAV_15,BS_2,BS_1,726.113226,725.884513,0.055335,0.01793,0.27724
181,T181_UAV_9,BS_1,LEO_1,893.82308,893.749029,0.008669,0.019667,0.228574
181,T181_UAV_4,BS_2,LEO_0,1033.033346,1032.800476,0.059524,0.016766,0.2829
182,T182_UAV_17,BS_2,LEO_0,314.381374,314.177418,0.046067,0.021465,0.182119
182,T182_UAV_1,BS_1,LEO_1,241.884727,241.816089,0.002566,0.007226,0.294232
182,T182_UAV_5,BS_1,HAP_0,271.138137,271.067754,0.001366,0.021832,0.23592
182,T182_UAV_2,BS_4,HAP_1,298.75631,298.653633,0.002565,0.025538,0.372871
182,T182_UAV_4,BS_2,HAP_2,315.303191,315.214965,0.004008,0.025514,0.293522
182,T182_UAV_10,BS_2,LEO_0,379.527321,379.315389,0.047106,0.028401,0.182119
182,T182_UAV_18,BS_2,LEO_1,363.712602,363.641543,0.005774,0.006438,0.294232
182,T182_UAV_3,BS_2,LEO_0,518.794397,518.582673,0.049998,0.025302,0.182119
182,T182_UAV_15,BS_2,HAP_0,494.282359,494.217084,0.003157,0.014933,0.23592
182,T182_UAV_0,BS_4,HAP_1,514.490629,514.396794,0.004798,0.014462,0.372871
182,T182_UAV_9,BS_1,LEO_1,613.822783,613.743927,0.00748,0.01253,0.294232
182,T182_UAV_13,BS_2,HAP_2,622.82201,622.733545,0.007446,0.022315,0.293522
182,T182_UAV_6,BS_0,BS_3,725.088095,724.813466,0.055268,0.069336,0.250123
182,T182_UAV_11,BS_4,BS_1,761.435598,761.210369,0.057542,0.016387,0.256505
182,T182_UAV_12,BS_0,LEO_0,991.323268,991.105582,0.056573,0.024689,0.182119
183,T183_UAV_7,BS_0,HAP_1,723.013074,722.83999,0.028555,0.022151,0.11189
183,T183_UAV_12,BS_0,LEO_1,207.329852,207.227356,0.004194,0.022278,0.380119
183,T183_UAV_0,BS_4,LEO_0,351.877061,351.805179,0.007832,0.022871,0.205891
183,T183_UAV_13,BS_2,HAP_0,356.801026,356.719302,0.001996,0.015336,0.321963
183,T183_UAV_15,BS_2,HAP_2,207.371849,207.281635,0.003633,0.01816,0.342101
183,T183_UAV_9,BS_1,HAP_1,1068.243652,1068.085801,0.030932,0.004541,0.11189
183,T183_UAV_3,BS_2,LEO_1,385.022368,384.92017,0.009,0.017174,0.380119
183,T183_UAV_5,BS_1,LEO_0,646.574171,646.502589,0.014458,0.015945,0.205891
183,T183_UAV_16,BS_1,HAP_1,1071.040455,1070.882047,0.03182,0.00421,0.11189
183,T183_UAV_2,BS_4,HAP_0,706.868568,706.793141,0.004848,0.006187,0.321963
183,T183_UAV_10,BS_2,LEO_0,785.897684,785.825372,0.019037,0.012097,0.205891
183,T183_UAV_6,BS_0,HAP_1,1540.804499,1540.627514,0.032034,0.022573,0.11189
183,T183_UAV_14,BS_0,HAP_1,1576.735949,1576.577096,0.031852,0.004623,0.11189
183,T183_UAV_11,BS_4,HAP_1,2145.43597,2145.262602,0.036688,0.014302,0.11189
183,T183_UAV_8,BS_0,HAP_1,2155.64522,2155.471577,0.035256,0.01601,0.11189
184,T184_UAV_4,BS_2,LEO_1,619.229634,619.024979,0.045062,0.012482,0.235557
184,T184_UAV_2,BS_4,LEO_0,273.076316,273.003764,0.006315,0.005115,0.305611
184,T184_UAV_18,BS_2,HAP_0,345.371551,345.272991,0.002223,0.026528,0.349044
184,T184_UAV_13,BS_2,LEO_1,769.217422,769.014106,0.045847,0.010358,0.235557
184,T184_UAV_3,BS_2,HAP_1,617.304368,617.075258,0.031346,0.007892,0.44936
184,T184_UAV_14,BS_0,HAP_2,644.066482,643.850564,0.030556,0.020711,0.323254
184,T184_UAV_0,BS_4,LEO_1,798.848192,798.646276,0.045859,0.008946,0.235557
184,T184_UAV_17,BS_2,BS_1,779.161764,778.895509,0.058647,0.053678,0.26965
184,T184_UAV_11,BS_4,LEO_0,644.196734,644.099391,0.013909,0.022312,0.305611
184,T184_UAV_9,BS_1,LEO_1,964.798073,964.588332,0.046206,0.016422,0.235557
184,T184_UAV_15,BS_2,HAP_0,665.435806,665.35206,0.00424,0.009697,0.349044
184,T184_UAV_16,BS_1,HAP_1,691.989428,691.753645,0.032388,0.013523,0.44936
184,T184_UAV_1,BS_1,LEO_0,711.299094,711.219677,0.012246,0.006048,0.305611
184,T184_UAV_19,BS_3,HAP_2,750.709462,750.481204,0.033265,0.030342,0.323254
184,T184_UAV_7,BS_0,BS_3,757.355836,757.052194,0.057282,0.044417,0.509713
184,T184_UAV_6,BS_0,LEO_1,1266.939539,1266.733204,0.048741,0.010483,0.235557
184,T184_UAV_12,BS_0,LEO_1,1374.092951,1373.890379,0.050117,0.005344,0.235557
184,T184_UAV_10,BS_2,BS_1,1409.022589,1408.725528,0.097991,0.04514,0.26965
184,T184_UAV_5,BS_1,LEO_1,1739.74269,1739.53093,0.052717,0.011933,0.235557
185,T185_UAV_2,BS_4,HAP_0,1211.581287,1211.404351,0.029928,0.012724,0.171417
185,T185_UAV_19,BS_3,LEO_1,132.57099,132.339917,0.045337,0.009667,0.380345
185,T185_UAV_7,BS_0,LEO_0,134.015392,133.912136,0.007048,0.028411,0.338987
185,T185_UAV_6,BS_0,HAP_2,426.541266,426.354166,0.02889,0.013507,0.223521
185,T185_UAV_11,BS_4,HAP_1,265.302394,265.075604,0.028152,0.024917,0.36861
185,T185_UAV_0,BS_4,HAP_0,1711.004312,1710.817652,0.031054,0.021323,0.171417
185,T185_UAV_1,BS_1,HAP_0,2250.199572,2250.019537,0.033426,0.012325,0.171417
185,T185_UAV_5,BS_1,HAP_2,674.455767,674.272264,0.032591,0.006208,0.223521
185,T185_UAV_13,BS_2,HAP_0,2648.469493,2648.291761,0.034441,0.009008,0.171417
185,T185_UAV_10,BS_2,HAP_0,3852.137165,3851.942319,0.041007,0.019556,0.171417
185,T185_UAV_12,BS_0,HAP_0,3934.09074,3933.907963,0.04231,0.006184,0.171417
185,T185_UAV_9,BS_1,HAP_0,4158.018821,4157.829301,0.037981,0.017255,0.171417
185,T185_UAV_18,BS_2,HAP_0,4238.676386,4238.489545,0.041611,0.010945,0.171417
185,T185_UAV_15,BS_2,HAP_0,4319.068645,4318.879975,0.041786,0.0126,0.171417
185,T185_UAV_3,BS_2,HAP_0,4366.843768,4366.648998,0.043053,0.017434,0.171417
185,T185_UAV_14,BS_0,HAP_0,4558.160758,4557.978835,0.044059,0.003581,0.171417
185,T185_UAV_4,BS_2,HAP_0,4724.580627,4724.396752,0.045116,0.004475,0.171417
186,T186_UAV_5,BS_1,LEO_0,271.454865,271.229707,0.0447,0.023183,0.286375
186,T186_UAV_3,BS_2,LEO_1,361.325211,361.096341,0.045915,0.011388,0.357832
186,T186_UAV_2,BS_4,HAP_2,346.098707,346.036395,0.003999,0.011456,0.234284
186,T186_UAV_11,BS_4,HAP_1,364.346862,364.137685,0.028115,0.019543,0.307596
186,T186_UAV_15,BS_2,HAP_0,421.950958,421.691624,0.027678,0.039679,0.459889
186,T186_UAV_12,BS_0,LEO_0,501.339826,501.116131,0.048372,0.018047,0.286375
186,T186_UAV_7,BS_0,LEO_1,534.470764,534.22484,0.046451,0.027906,0.357832
186,T186_UAV_19,BS_3,HAP_2,387.698195,387.635408,0.004258,0.011673,0.234284
186,T186_UAV_8,BS_0,HAP_1,536.993147,536.795212,0.028804,0.007612,0.307596
186,T186_UAV_0,BS_4,HAP_0,660.346217,660.097146,0.02864,0.028453,0.459889
186,T186_UAV_9,BS_1,LEO_1,665.374589,665.130481,0.048089,0.024452,0.357832
186,T186_UAV_6,BS_0,LEO_0,901.056389,900.839389,0.054286,0.005439,0.286375
186,T186_UAV_4,BS_2,BS_3,680.700523,680.44632,0.052497,0.022478,0.396138
186,T186_UAV_14,BS_0,BS_1,715.081883,714.812848,0.054643,0.060752,0.268201
186,T186_UAV_10,BS_2,BS_4,729.337018,729.050417,0.055533,0.059601,0.357334
186,T186_UAV_17,BS_2,BS_0,797.607121,797.346654,0.059799,0.039846,0.304107
186,T186_UAV_1,BS_1,LEO_0,1023.224702,1023.002443,0.053803,0.011181,0.286375
187,T187_UAV_9,BS_1,LEO_1,370.892463,370.830803,0.003033,0.019095,0.197661
187,T187_UAV_13,BS_2,LEO_0,357.731227,357.491961,0.046396,0.033552,0.296592
187,T187_UAV_15,BS_2,HAP_1,444.057766,444.001005,0.003452,0.012931,0.201894
187,T187_UAV_2,BS_4,HAP_0,313.946068,313.731439,0.027135,0.019615,0.339399
187,T187_UAV_18,BS_2,HAP_2,360.163824,360.068288,0.004678,0.025173,0.328429
187,T187_UAV_8,BS_0,LEO_1,641.573473,641.498281,0.005823,0.029837,0.197661
187,T187_UAV_17,BS_2,LEO_0,567.973895,567.746829,0.050956,0.016791,0.296592
187,T187_UAV_4,BS_2,LEO_1,646.606065,646.545902,0.006844,0.013786,0.197661
187,T187_UAV_1,BS_1,HAP_1,657.085675,657.01001,0.004073,0.031213,0.201894
187,T187_UAV_11,BS_4,HAP_0,470.37398,470.167265,0.027691,0.011144,0.339399
187,T187_UAV_5,BS_1,HAP_2,505.730222,505.639016,0.005692,0.019828,0.328429
187,T187_UAV_12,BS_0,LEO_0,676.452141,676.222613,0.051301,0.018908,0.296592
187,T187_UAV_14,BS_0,LEO_1,692.84515,692.791586,0.005956,0.008075,0.197661
187,T187_UAV_16,BS_1,BS_3,664.854633,664.585011,0.051506,0.032117,0.429997
187,T187_UAV_7,BS_0,LEO_0,696.191074,695.960133,0.050424,0.021199,0.296592
187,T187_UAV_3,BS_2,BS_4,790.988615,790.682259,0.059383,0.057197,0.44888
187,T187_UAV_6,BS_0,HAP_1,843.339453,843.284515,0.004912,0.009648,0.201894
187,T187_UAV_19,BS_3,LEO_1,1262.584117,1262.510003,0.012567,0.022015,0.197661
188,T188_UAV_17,BS_2,LEO_1,225.877287,225.662422,0.043704,0.00609,0.325356
188,T188_UAV_8,BS_0,LEO_0,655.775567,655.571579,0.046744,0.019409,0.189176
188,T188_UAV_4,BS_2,HAP_0,643.530969,643.321415,0.028716,0.025698,0.275699
188,T188_UAV_5,BS_1,HAP_1,355.906454,355.684989,0.028538,0.026159,0.333835
188,T188_UAV_15,BS_2,LEO_0,709.188608,708.994783,0.047996,0.007993,0.189176
188,T188_UAV_13,BS_2,HAP_2,263.390013,263.301814,0.004653,0.012783,0.353816
188,T188_UAV_2,BS_4,LEO_1,552.517189,552.294201,0.04835,0.009567,0.325356
188,T188_UAV_7,BS_0,HAP_0,778.092787,777.871237,0.028657,0.037752,0.275699
188,T188_UAV_10,BS_2,LEO_0,907.93847,907.721318,0.050633,0.028684,0.189176
188,T188_UAV_14,BS_0,LEO_0,998.878408,998.664563,0.049761,0.026249,0.189176
188,T188_UAV_9,BS_1,HAP_1,582.868608,582.661994,0.03014,0.009707,0.333835
188,T188_UAV_6,BS_0,LEO_1,753.828252,753.586581,0.04999,0.026609,0.325356
188,T188_UAV_18,BS_2,HAP_0,1313.649783,1313.431318,0.031822,0.031503,0.275699
188,T188_UAV_19,BS_3,LEO_0,1443.017639,1442.805097,0.055798,0.018909,0.189176
188,T188_UAV_12,BS_0,HAP_0,1325.385092,1325.186513,0.032955,0.010484,0.275699
188,T188_UAV_11,BS_4,LEO_0,1550.047151,1549.847519,0.056394,0.005402,0.189176
188,T188_UAV_0,BS_4,LEO_0,1745.413994,1745.210209,0.05898,0.00697,0.189176
189,T189_UAV_2,BS_4,LEO_1,210.425573,210.205131,0.043171,0.031809,0.227313
189,T189_UAV_9,BS_1,LEO_0,217.245988,217.019486,0.044255,0.023232,0.295074
189,T189_UAV_13,BS_2,HAP_2,804.396141,804.215629,0.03048,0.019389,0.153218
189,T189_UAV_0,BS_4,HAP_1,240.93423,240.721614,0.027251,0.021151,0.321068
189,T189_UAV_11,BS_4,HAP_0,260.796136,260.576304,0.02649,0.016493,0.384242
189,T189_UAV_19,BS_3,LEO_1,319.428441,319.218244,0.044794,0.01994,0.227313
189,T189_UAV_5,BS_1,LEO_0,334.411578,334.192556,0.04746,0.012547,0.295074
189,T189_UAV_1,BS_1,HAP_2,1089.669541,1089.498932,0.030011,0.009954,0.153218
189,T189_UAV_4,BS_2,HAP_1,344.012566,343.794187,0.02817,0.025996,0.321068
189,T189_UAV_18,BS_2,HAP_0,345.542199,345.317028,0.027235,0.021087,0.384242
189,T189_UAV_6,BS_0,LEO_1,370.34235,370.128484,0.044906,0.023498,0.227313
189,T189_UAV_10,BS_2,LEO_0,429.768809,429.535409,0.050396,0.02399,0.295074
189,T189_UAV_16,BS_1,BS_4,538.401271,538.162108,0.043608,0.04453,0.255121
189,T189_UAV_17,BS_2,HAP_2,1445.293364,1445.115528,0.03567,0.011523,0.153218
189,T189_UAV_3,BS_2,HAP_2,1494.754276,1494.58343,0.036123,0.00408,0.153218
189,T189_UAV_15,BS_2,HAP_2,1892.834687,1892.649418,0.03786,0.016766,0.153218
189,T189_UAV_7,BS_0,HAP_2,2214.421199,2214.234878,0.036816,0.018861,0.153218
189,T189_UAV_8,BS_0,HAP_2,2240.888004,2240.713301,0.038276,0.005783,0.153218
190,T190_UAV_15,BS_2,LEO_1,250.144823,250.065249,0.003772,0.024618,0.255919
190,T190_UAV_2,BS_4,LEO_0,286.778323,286.570377,0.046608,0.009109,0.261147
190,T190_UAV_1,BS_1,HAP_1,294.503154,294.422248,0.002104,0.038074,0.203636
190,T190_UAV_8,BS_0,HAP_0,306.919939,306.689422,0.027073,0.032813,0.353155
190,T190_UAV_6,BS_0,HAP_2,342.858616,342.597968,0.028143,0.033989,0.492583
190,T190_UAV_11,BS_4,LEO_1,434.648954,434.577397,0.006013,0.01436,0.255919
190,T190_UAV_7,BS_0,LEO_0,448.891517,448.659992,0.048622,0.030673,0.261147
190,T190_UAV_0,BS_4,HAP_1,551.396683,551.343827,0.005168,0.006961,0.203636
190,T190_UAV_12,BS_0,LEO_1,559.306811,559.221949,0.007973,0.025705,0.255919
190,T190_UAV_16,BS_1,HAP_0,575.597591,575.388632,0.027608,0.010719,0.353155
190,T190_UAV_5,BS_1,LEO_0,630.238146,630.008099,0.054078,0.02374,0.261147
190,T190_UAV_17,BS_2,BS_4,719.253362,719.003555,0.054905,0.039559,0.276716
190,T190_UAV_14,BS_0,HAP_2,750.216084,749.964766,0.03149,0.021311,0.492583
190,T190_UAV_10,BS_2,BS_1,737.766526,737.528798,0.056063,0.037379,0.221436
190,T190_UAV_3,BS_2,BS_3,765.88081,765.620566,0.057817,0.030399,0.360142
191,T191_UAV_13,BS_2,LEO_0,270.491908,270.262635,0.044812,0.034571,0.249446
191,T191_UAV_6,BS_0,LEO_1,219.995493,219.90359,0.002925,0.02379,0.325943
191,T191_UAV_1,BS_1,HAP_0,322.362195,322.154286,0.02671,0.046203,0.174981
191,T191_UAV_12,BS_0,HAP_1,267.568648,267.474585,0.001789,0.028803,0.317355
191,T191_UAV_2,BS_4,LEO_0,307.641006,307.423524,0.0455,0.022092,0.249446
191,T191_UAV_8,BS_0,HAP_2,156.377512,156.156999,0.027146,0.023999,0.346842
191,T191_UAV_5,BS_1,LEO_1,312.267068,312.174877,0.004428,0.022574,0.325943
191,T191_UAV_14,BS_0,HAP_0,396.387058,396.216035,0.02744,0.008587,0.174981
191,T191_UAV_0,BS_4,LEO_0,536.601379,536.365049,0.049286,0.037155,0.249446
191,T191_UAV_18,BS_2,BS_3,436.06062,435.860786,0.037218,0.010245,0.261855
191,T191_UAV_7,BS_0,HAP_1,485.26565,485.174201,0.003591,0.024387,0.317355
191,T191_UAV_11,BS_4,BS_1,522.562516,522.344138,0.04262,0.015923,0.299177
191,T191_UAV_17,BS_2,BS_4,525.837127,525.599193,0.042824,0.041083,0.270137
191,T191_UAV_9,BS_1,LEO_1,704.972131,704.892699,0.008571,0.005673,0.325943
191,T191_UAV_10,BS_2,HAP_0,731.819338,731.647094,0.029446,0.007802,0.174981
191,T191_UAV_19,BS_0,LEO_0,812.95746,812.737357,0.054131,0.016083,0.249446
192,T192_UAV_12,BS_0,LEO_1,178.757049,178.652076,0.003609,0.023976,0.386942
192,T192_UAV_3,BS_2,LEO_0,184.75667,184.681111,0.006721,0.025039,0.218999
192,T192_UAV_13,BS_2,BS_3,1493.250937,1492.97352,0.103254,0.045696,0.142335
192,T192_UAV_9,BS_1,HAP_1,523.361174,523.267963,0.004635,0.017061,0.357574
192,T192_UAV_4,BS_2,HAP_0,565.085575,564.879549,0.02917,0.026125,0.253657
192,T192_UAV_15,BS_2,HAP_2,308.64552,308.436934,0.030401,0.012944,0.3262
192,T192_UAV_16,BS_1,LEO_0,447.059071,446.992038,0.014309,0.008925,0.218999
192,T192_UAV_1,BS_1,LEO_1,452.768268,452.668884,0.00672,0.015275,0.386942
192,T192_UAV_6,BS_0,HAP_1,708.410994,708.304967,0.004735,0.029778,0.357574
192,T192_UAV_8,BS_0,HAP_0,763.664272,763.444453,0.030149,0.038939,0.253657
192,T192_UAV_7,BS_0,BS_3,3311.415934,3311.039582,0.216827,0.031059,0.142335
192,T192_UAV_2,BS_4,BS_3,3870.30951,3869.885875,0.251737,0.043431,0.142335
192,T192_UAV_5,BS_1,BS_3,4407.014443,4406.563871,0.285263,0.036842,0.142335
192,T192_UAV_11,BS_4,BS_3,4682.334775,4681.878746,0.302461,0.025101,0.142335
192,T192_UAV_10,BS_2,BS_3,4776.215633,4775.722472,0.308323,0.056371,0.142335
193,T193_UAV_0,BS_4,LEO_1,226.264747,226.03745,0.043213,0.028632,0.277258
193,T193_UAV_2,BS_4,LEO_0,302.655451,302.442893,0.04541,0.027947,0.196006
193,T193_UAV_9,BS_1,HAP_0,276.696765,276.628915,0.001253,0.021688,0.224542
193,T193_UAV_11,BS_4,HAP_1,416.551319,416.381516,0.028035,0.017803,0.119823
193,T193_UAV_16,BS_1,HAP_2,447.63213,447.454409,0.029154,0.016532,0.16018
193,T193_UAV_10,BS_2,LEO_0,418.443443,418.224496,0.047845,0.0319,0.196006
193,T193_UAV_1,BS_1,LEO_1,336.136763,335.927202,0.043573,0.010536,0.277258
193,T193_UAV_3,BS_2,HAP_1,578.582936,578.415755,0.029997,0.01322,0.119823
193,T193_UAV_14,BS_0,HAP_0,395.544659,395.482168,0.002812,0.01477,0.224542
193,T193_UAV_6,BS_0,LEO_1,478.454267,478.223554,0.046362,0.028899,0.277258
193,T193_UAV_18,BS_2,HAP_2,808.684574,808.502162,0.033526,0.01685,0.16018
193,T193_UAV_19,BS_0,LEO_0,740.181118,739.954174,0.05284,0.034904,0.196006
193,T193_UAV_8,BS_0,BS_3,602.594428,602.33806,0.047617,0.010426,0.491623
193,T193_UAV_5,BS_1,BS_4,654.321769,654.070405,0.050849,0.043781,0.283674
193,T193_UAV_17,BS_2,BS_1,661.58866,661.343126,0.051303,0.026377,0.339268
193,T193_UAV_4,BS_2,LEO_0,818.577481,818.375555,0.055414,0.007311,0.196006
193,T193_UAV_13,BS_2,HAP_1,968.987054,968.812584,0.03309,0.017415,0.119823
193,T193_UAV_15,BS_2,HAP_2,1145.050999,1144.868492,0.036009,0.014462,0.16018
194,T194_UAV_12,BS_0,LEO_1,296.600167,296.522356,0.003337,0.027539,0.234676
194,T194_UAV_17,BS_2,LEO_0,224.918927,224.722765,0.045579,0.00591,0.223365
194,T194_UAV_18,BS_2,HAP_0,308.491375,308.262849,0.027009,0.044041,0.287385
194,T194_UAV_4,BS_2,HAP_1,344.10662,343.894149,0.028148,0.02338,0.304719
194,T194_UAV_13,BS_2,HAP_2,381.090389,380.878057,0.029445,0.023478,0.297051
194,T194_UAV_0,BS_4,LEO_1,576.571138,576.505375,0.006496,0.012332,0.234676
194,T194_UAV_3,BS_2,LEO_0,547.285787,547.079294,0.053719,0.008101,0.223365
194,T194_UAV_14,BS_0,LEO_1,744.691024,744.615509,0.007608,0.020971,0.234676
194,T194_UAV_6,BS_0,HAP_0,585.523058,585.32659,0.029083,0.009907,0.287385
194,T194_UAV_2,BS_4,HAP_1,686.977871,686.779945,0.030969,0.006013,0.304719
194,T194_UAV_7,BS_0,HAP_2,735.448733,735.24871,0.031139,0.009474,0.297051
194,T194_UAV_9,BS_1,LEO_0,767.344455,767.117939,0.055065,0.026777,0.223365
194,T194_UAV_1,BS_1,LEO_1,1030.365588,1030.301319,0.008802,0.008532,0.234676
195,T195_UAV_18,BS_2,LEO_1,217.747092,217.541615,0.043468,0.018185,0.219117
195,T195_UAV_17,BS_2,LEO_0,231.626564,231.541923,0.005763,0.028014,0.254319
195,T195_UAV_7,BS_0,HAP_0,233.974184,233.90587,0.00135,0.020858,0.230533
195,T195_UAV_5,BS_1,HAP_1,295.381788,295.174254,0.027899,0.025292,0.271718
195,T195_UAV_16,BS_1,HAP_2,923.45419,923.396639,0.006917,0.013665,0.184842
195,T195_UAV_9,BS_1,LEO_1,420.811627,420.60688,0.0451,0.015823,0.219117
195,T195_UAV_13,BS_2,LEO_0,443.930869,443.850253,0.010166,0.019586,0.254319
195,T195_UAV_6,BS_0,HAP_2,972.985285,972.936137,0.006255,0.005924,0.184842
195,T195_UAV_4,BS_2,HAP_0,526.907219,526.839356,0.003902,0.017855,0.230533
195,T195_UAV_10,BS_2,HAP_1,537.857026,537.661781,0.03013,0.010771,0.271718
195,T195_UAV_11,BS_4,LEO_1,552.993802,552.797479,0.047652,0.004847,0.219117
195,T195_UAV_0,BS_4,LEO_0,585.937255,585.843425,0.013092,0.029874,0.254319
195,T195_UAV_1,BS_1,HAP_2,988.954552,988.876703,0.004991,0.03589,0.184842
195,T195_UAV_3,BS_2,BS_3,798.449986,798.186175,0.059852,0.023824,0.400673
195,T195_UAV_2,BS_4,HAP_2,1086.509091,1086.43766,0.008282,0.026181,0.184842
195,T195_UAV_8,BS_0,HAP_2,1524.428111,1524.34541,0.010127,0.035606,0.184842
196,T196_UAV_1,BS_1,LEO_1,371.055094,370.987709,0.002694,0.027779,0.18456
196,T196_UAV_15,BS_2,LEO_0,256.101105,256.01354,0.005948,0.025878,0.278693
196,T196_UAV_8,BS_0,HAP_1,318.378789,318.321324,0.002286,0.012422,0.213781
196,T196_UAV_4,BS_2,HAP_0,321.897416,321.823368,0.002386,0.016502,0.2758
196,T196_UAV_3,BS_2,LEO_1,443.474508,443.420875,0.004798,0.011923,0.18456
196,T196_UAV_14,BS_0,HAP_2,189.667988,189.409356,0.027289,0.048088,0.416272
196,T196_UAV_9,BS_1,LEO_0,425.157512,425.0816,0.008354,0.01182,0.278693
196,T196_UAV_18,BS_2,LEO_1,561.773766,561.719592,0.005905,0.011357,0.18456
196,T196_UAV_16,BS_1,HAP_0,430.240978,430.161881,0.001961,0.021975,0.2758
196,T196_UAV_13,BS_2,HAP_1,440.179637,440.101993,0.004388,0.030501,0.213781
196,T196_UAV_5,BS_1,BS_3,509.946046,509.725033,0.041832,0.052212,0.134846
196,T196_UAV_17,BS_2,LEO_1,935.519996,935.453726,0.010076,0.019282,0.18456
196,T196_UAV_7,BS_0,LEO_0,750.487193,750.404025,0.014504,0.012926,0.278693
196,T196_UAV_2,BS_4,LEO_1,1272.381581,1272.326974,0.012676,0.00502,0.18456
197,T197_UAV_13,BS_2,LEO_1,316.991056,316.769899,0.043639,0.028254,0.246322
197,T197_UAV_14,BS_0,LEO_0,241.080233,240.980217,0.004776,0.021672,0.367841
197,T197_UAV_5,BS_1,HAP_0,275.209457,275.120559,0.00144,0.02143,0.33014
197,T197_UAV_7,BS_0,HAP_1,423.645371,423.554173,0.002704,0.029076,0.297088
197,T197_UAV_17,BS_2,HAP_2,407.774139,407.546912,0.030363,0.010796,0.430343
197,T197_UAV_1,BS_1,LEO_1,499.316586,499.094278,0.044263,0.02878,0.246322
197,T197_UAV_2,BS_4,LEO_0,448.497382,448.401809,0.010356,0.011649,0.367841
197,T197_UAV_19,BS_0,HAP_1,721.126728,721.053284,0.004286,0.009741,0.297088
197,T197_UAV_8,BS_0,LEO_1,648.735982,648.533116,0.046982,0.00662,0.246322
197,T197_UAV_6,BS_0,HAP_0,488.016574,487.933091,0.003415,0.014041,0.33014
197,T197_UAV_18,BS_2,BS_3,640.430491,640.206593,0.049983,0.025817,0.240491
197,T197_UAV_4,BS_2,LEO_0,700.528293,700.408456,0.017023,0.029245,0.367841
197,T197_UAV_10,BS_2,HAP_2,702.793032,702.537211,0.033865,0.035888,0.430343
197,T197_UAV_11,BS_4,BS_1,794.448846,794.17122,0.059601,0.047844,0.350905
197,T197_UAV_12,BS_0,LEO_1,1028.872685,1028.659764,0.051561,0.012096,0.246322
197,T197_UAV_9,BS_1,HAP_1,1190.571942,1190.48336,0.008951,0.020212,0.297088
198,T198_UAV_14,BS_0,LEO_0,203.294484,203.11128,0.044017,0.011805,0.136908
198,T198_UAV_3,BS_2,LEO_1,240.81653,240.739842,0.003979,0.028825,0.219422
198,T198_UAV_9,BS_1,HAP_2,922.007243,921.830038,0.030191,0.027191,0.099117
198,T198_UAV_0,BS_4,HAP_0,336.768935,336.609672,0.026858,0.004127,0.141392
198,T198_UAV_17,BS_2,LEO_1,395.849608,395.78153,0.006499,0.017694,0.219422
198,T198_UAV_8,BS_0,LEO_0,427.494653,427.312834,0.048946,0.005491,0.136908
198,T198_UAV_11,BS_4,HAP_2,1039.070896,1038.893812,0.031491,0.02577,0.099117
198,T198_UAV_5,BS_1,LEO_1,461.584987,461.527529,0.00656,0.007014,0.219422
198,T198_UAV_6,BS_0,HAP_2,1112.008469,1111.817694,0.031409,0.039542,0.099117
198,T198_UAV_19,BS_0,HAP_0,481.239664,481.059569,0.028936,0.022881,0.141392
198,T198_UAV_16,BS_1,LEO_0,609.586242,609.4,0.05348,0.005381,0.136908
198,T198_UAV_15,BS_2,BS_3,692.074743,691.880764,0.053211,0.009274,0.157474
198,T198_UAV_12,BS_0,HAP_2,2031.971175,2031.771885,0.037427,0.04204,0.099117
198,T198_UAV_18,BS_2,HAP_2,2121.298782,2121.128212,0.040521,0.010227,0.099117
198,T198_UAV_7,BS_0,HAP_2,2241.835621,2241.636174,0.037056,0.042568,0.099117
198,T198_UAV_4,BS_2,HAP_2,2442.735711,2442.534885,0.042416,0.038587,0.099117
199,T199_UAV_7,BS_0,LEO_0,840.651591,840.593239,0.00668,0.013955,0.188588
199,T199_UAV_6,BS_0,LEO_1,302.468317,302.398589,0.004049,0.00571,0.299845
199,T199_UAV_10,BS_2,HAP_0,314.510778,314.317592,0.027175,0.022632,0.216893
199,T199_UAV_14,BS_0,HAP_1,345.887928,345.686504,0.027178,0.017147,0.285496
199,T199_UAV_11,BS_4,LEO_0,847.347203,847.290205,0.007406,0.011874,0.188588
199,T199_UAV_13,BS_2,HAP_2,241.394983,241.138512,0.029145,0.03629,0.45518
199,T199_UAV_8,BS_0,LEO_1,451.573496,451.502896,0.006145,0.004486,0.299845
199,T199_UAV_9,BS_1,LEO_0,1019.867779,1019.813559,0.008201,0.008301,0.188588
199,T199_UAV_16,BS_1,LEO_0,1112.262772,1112.197458,0.009892,0.017705,0.188588
199,T199_UAV_2,BS_4,LEO_1,575.459507,575.360243,0.008678,0.030617,0.299845
199,T199_UAV_0,BS_4,LEO_0,1174.035054,1173.979007,0.010537,0.007792,0.188588
199,T199_UAV_5,BS_1,HAP_0,717.865342,717.688864,0.028774,0.004326,0.216893
199,T199_UAV_4,BS_2,HAP_1,723.418715,723.21192,0.031576,0.01812,0.285496
199,T199_UAV_19,BS_0,LEO_0,1364.643492,1364.583807,0.012183,0.009784,0.188588
199,T199_UAV_15,BS_2,LEO_0,1426.562568,1426.498559,0.01322,0.013072,0.188588
199,T199_UAV_3,BS_2,LEO_0,1575.758312,1575.684462,0.015648,0.020484,0.188588
199,T199_UAV_18,BS_2,LEO_0,2075.709894,2075.635088,0.020212,0.016877,0.188588
200,T200_UAV_12,BS_0,LEO_1,352.198481,351.994848,0.043949,0.011428,0.24128
200,T200_UAV_5,BS_1,HAP_0,515.183751,514.999411,0.027425,0.018284,0.193157
200,T200_UAV_19,BS_0,LEO_0,374.835618,374.56421,0.052001,0.025667,0.468695
200,T200_UAV_9,BS_1,HAP_1,659.870416,659.694204,0.029968,0.009894,0.181751
200,T200_UAV_15,BS_2,HAP_2,632.738219,632.494839,0.032428,0.023814,0.435693
200,T200_UAV_0,BS_4,LEO_1,653.552008,653.333991,0.047367,0.022394,0.24128
200,T200_UAV_1,BS_1,LEO_0,446.174648,445.914901,0.051012,0.014995,0.468695
200,T200_UAV_18,BS_2,HAP_0,730.744898,730.569991,0.029195,0.00708,0.193157
200,T200_UAV_4,BS_2,HAP_1,766.758034,766.576324,0.030869,0.014491,0.181751
200,T200_UAV_17,BS_2,LEO_1,707.394536,707.19195,0.049106,0.005224,0.24128
200,T200_UAV_16,BS_1,BS_3,560.308691,560.081984,0.044978,0.0294,0.261649
200,T200_UAV_3,BS_2,HAP_2,787.734684,787.47466,0.035668,0.037218,0.435693
200,T200_UAV_13,BS_2,LEO_1,822.483954,822.281457,0.049424,0.004817,0.24128
200,T200_UAV_8,BS_0,HAP_0,1084.153577,1083.964242,0.031303,0.0194,0.193157
200,T200_UAV_11,BS_4,HAP_1,1113.117283,1112.940142,0.033144,0.007647,0.181751
201,T201_UAV_11,BS_4,LEO_1,305.10661,304.890427,0.043341,0.023196,0.248232
201,T201_UAV_8,BS_0,LEO_0,300.38794,300.131567,0.046276,0.02322,0.434389
201,T201_UAV_3,BS_2,HAP_2,348.336769,348.149612,0.028801,0.033271,0.125426
201,T201_UAV_0,BS_4,HAP_0,349.240369,349.175777,0.00193,0.021086,0.207881
201,T201_UAV_2,BS_4,HAP_1,373.536328,373.339573,0.028267,0.013447,0.275209
201,T201_UAV_6,BS_0,LEO_1,544.674504,544.44964,0.045777,0.029441,0.248232
201,T201_UAV_13,BS_2,LEO_0,458.988509,458.719929,0.050423,0.031279,0.434389
201,T201_UAV_15,BS_2,HAP_0,436.359222,436.299165,0.002722,0.015759,0.207881
201,T201_UAV_18,BS_2,HAP_1,499.030077,498.825615,0.030208,0.019213,0.275209
201,T201_UAV_14,BS_0,LEO_1,760.96752,760.746669,0.047778,0.023426,0.248232
201,T201_UAV_1,BS_1,HAP_2,893.858285,893.671213,0.030267,0.031719,0.125426
201,T201_UAV_7,BS_0,LEO_0,693.61997,693.34835,0.053434,0.031308,0.434389
201,T201_UAV_16,BS_1,BS_3,752.214687,751.969315,0.056965,0.030232,0.290875
201,T201_UAV_4,BS_2,BS_0,753.010042,752.775077,0.057015,0.018539,0.297053
201,T201_UAV_12,BS_0,BS_4,791.280945,790.995092,0.059402,0.057461,0.344949
201,T201_UAV_5,BS_1,LEO_1,1049.534775,1049.316528,0.051783,0.016817,0.248232
201,T201_UAV_9,BS_1,HAP_2,1104.40609,1104.205511,0.03336,0.042134,0.125426
202,T202_UAV_16,BS_1,LEO_1,219.843744,219.78396,0.003046,0.007536,0.246003
202,T202_UAV_19,BS_0,LEO_0,357.479911,357.282872,0.046142,0.013361,0.18768
202,T202_UAV_14,BS_0,HAP_1,291.167559,291.096693,0.00184,0.029767,0.196293
202,T202_UAV_10,BS_2,HAP_2,353.968199,353.778024,0.02947,0.02564,0.17533
202,T202_UAV_12,BS_0,HAP_0,386.357906,386.281232,0.002931,0.009975,0.31884
202,T202_UAV_1,BS_1,LEO_1,418.317837,418.240201,0.004474,0.023961,0.246003
202,T202_UAV_5,BS_1,LEO_0,603.351696,603.132304,0.05047,0.031387,0.18768
202,T202_UAV_7,BS_0,HAP_1,455.407604,455.342786,0.003369,0.02219,0.196293
202,T202_UAV_18,BS_2,HAP_0,492.29423,492.210545,0.003246,0.016671,0.31884
202,T202_UAV_4,BS_2,HAP_2,587.427073,587.238955,0.032372,0.02068,0.17533
202,T202_UAV_15,BS_2,LEO_0,842.613233,842.390506,0.055166,0.030025,0.18768
202,T202_UAV_17,BS_2,LEO_1,687.578405,687.496129,0.011278,0.021796,0.246003
202,T202_UAV_0,BS_4,BS_3,769.742735,769.495876,0.058059,0.036675,0.260622
202,T202_UAV_9,BS_1,LEO_0,909.008615,908.807546,0.053911,0.009621,0.18768
203,T203_UAV_13,BS_2,LEO_1,212.161422,211.94131,0.043059,0.02762,0.247168
203,T203_UAV_16,BS_1,LEO_0,212.6833,212.437276,0.044685,0.047327,0.270059
203,T203_UAV_17,BS_2,HAP_0,229.359328,229.282832,0.001679,0.008851,0.329829
203,T203_UAV_14,BS_0,HAP_2,267.327785,267.108852,0.027322,0.047273,0.221688
203,T203_UAV_2,BS_4,HAP_1,305.909036,305.832415,0.002685,0.009387,0.322744
203,T203_UAV_8,BS_0,LEO_1,348.196073,347.972703,0.044723,0.029214,0.247168
203,T203_UAV_3,BS_2,LEO_0,382.228307,381.99376,0.049623,0.030912,0.270059
203,T203_UAV_7,BS_0,HAP_0,449.556049,449.483554,0.002607,0.003922,0.329829
203,T203_UAV_0,BS_4,LEO_1,494.91534,494.694032,0.047067,0.024807,0.247168
203,T203_UAV_11,BS_4,HAP_1,508.383506,508.301163,0.004395,0.0134,0.322744
203,T203_UAV_9,BS_1,HAP_2,538.801527,538.612501,0.029828,0.01486,0.221688
203,T203_UAV_19,BS_0,LEO_0,566.112701,565.884628,0.052518,0.021543,0.270059
203,T203_UAV_18,BS_2,BS_3,624.882476,624.770494,0.039029,0.02524,0.238566
203,T203_UAV_10,BS_2,BS_4,633.182375,632.967798,0.049531,0.011692,0.266772
203,T203_UAV_1,BS_1,BS_0,653.044185,652.794774,0.050769,0.029483,0.345793
203,T203_UAV_12,BS_0,BS_1,712.155301,711.899625,0.054461,0.023286,0.389638
203,T203_UAV_6,BS_0,BS_2,796.495816,796.211973,0.059728,0.053776,0.351696
204,T204_UAV_16,BS_1,LEO_1,416.785892,416.732926,0.003838,0.011211,0.189586
204,T204_UAV_13,BS_2,LEO_0,380.653679,380.421862,0.048614,0.041692,0.207559
204,T204_UAV_15,BS_2,HAP_0,578.535637,578.373176,0.028157,0.013748,0.102777
204,T204_UAV_17,BS_2,HAP_1,708.827413,708.639867,0.030774,0.017819,0.194766
204,T204_UAV_8,BS_0,HAP_2,780.250794,780.041609,0.031299,0.03926,0.193127
204,T204_UAV_19,BS_0,LEO_1,887.261218,887.200965,0.008683,0.013652,0.189586
204,T204_UAV_10,BS_2,LEO_0,541.342292,541.122617,0.053122,0.025041,0.207559
204,T204_UAV_3,BS_2,LEO_1,908.376246,908.317229,0.00987,0.011229,0.189586
204,T204_UAV_0,BS_4,HAP_0,897.384192,897.224484,0.029409,0.009744,0.102777
204,T204_UAV_1,BS_1,HAP_1,911.109056,910.926672,0.030589,0.012842,0.194766
204,T204_UAV_9,BS_1,HAP_2,927.934351,927.745758,0.032025,0.017943,0.193127
204,T204_UAV_2,BS_4,LEO_0,662.350595,662.122551,0.055263,0.031268,0.207559
204,T204_UAV_11,BS_4,LEO_1,1154.927607,1154.868534,0.010665,0.010492,0.189586
204,T204_UAV_18,BS_2,HAP_0,1061.661455,1061.504039,0.031126,0.005734,0.102777
204,T204_UAV_6,BS_0,HAP_1,1095.872346,1095.685153,0.031399,0.01684,0.194766
204,T204_UAV_4,BS_2,HAP_2,1119.155998,1118.961208,0.036409,0.019755,0.193127
204,T204_UAV_14,BS_0,LEO_1,1288.55004,1288.478198,0.011117,0.022807,0.189586
205,T205_UAV_4,BS_2,LEO_1,320.595102,320.388439,0.044038,0.014224,0.242006
205,T205_UAV_6,BS_0,LEO_0,332.475366,332.41954,0.005338,0.00669,0.218995
205,T205_UAV_10,BS_2,HAP_0,249.287159,249.22811,0.001713,0.013503,0.219163
205,T205_UAV_17,BS_2,HAP_1,254.842143,254.645111,0.027474,0.022169,0.236945
205,T205_UAV_19,BS_0,HAP_2,421.5807,421.357568,0.029478,0.032687,0.304836
205,T205_UAV_1,BS_1,LEO_1,459.172765,458.974187,0.043932,0.006245,0.242006
205,T205_UAV_16,BS_1,LEO_0,527.714535,527.645083,0.009067,0.016585,0.218995
205,T205_UAV_18,BS_2,HAP_0,440.475757,440.414992,0.002916,0.014016,0.219163
205,T205_UAV_3,BS_2,HAP_1,452.159481,451.961373,0.029774,0.020946,0.236945
205,T205_UAV_7,BS_0,LEO_1,656.200908,655.997287,0.04641,0.00881,0.242006
205,T205_UAV_15,BS_2,LEO_0,657.101425,657.013128,0.011836,0.032662,0.218995
205,T205_UAV_0,BS_4,HAP_2,496.827974,496.609549,0.030538,0.02692,0.304836
205,T205_UAV_13,BS_2,BS_3,502.421368,502.201606,0.041362,0.018433,0.299833
205,T205_UAV_11,BS_4,BS_1,689.318248,689.021041,0.053032,0.038562,0.52806
205,T205_UAV_2,BS_4,BS_0,739.82909,739.534244,0.056188,0.067598,0.355304
205,T205_UAV_14,BS_0,LEO_1,773.435397,773.217258,0.047913,0.021826,0.242006
205,T205_UAV_12,BS_0,LEO_0,786.578112,786.51578,0.013147,0.005385,0.218995
206,T206_UAV_1,BS_1,LEO_1,400.474184,400.405371,0.003436,0.027042,0.191676
206,T206_UAV_13,BS_4,LEO_0,303.739418,303.647171,0.006873,0.026542,0.294161
206,T206_UAV_0,BS_4,HAP_1,381.990685,381.800981,0.028611,0.024181,0.184564
206,T206_UAV_7,BS_0,HAP_0,383.597514,383.533333,0.002228,0.009213,0.263698
206,T206_UAV_14,BS_0,HAP_2,402.799265,402.745148,0.003512,0.009965,0.203202
206,T206_UAV_9,BS_1,LEO_1,555.643641,555.579835,0.005356,0.020115,0.191676
206,T206_UAV_12,BS_0,LEO_0,447.432978,447.359194,0.009616,0.005336,0.294161
206,T206_UAV_19,BS_0,HAP_0,460.608259,460.547143,0.003758,0.004619,0.263698
206,T206_UAV_18,BS_2,LEO_1,620.786404,620.733656,0.007849,0.006563,0.191676
206,T206_UAV_2,BS_4,HAP_1,487.063379,486.884164,0.029285,0.013018,0.184564
206,T206_UAV_6,BS_0,LEO_0,488.740298,488.656389,0.010083,0.014994,0.294161
206,T206_UAV_15,BS_2,HAP_2,516.901375,516.829527,0.006076,0.025131,0.203202
206,T206_UAV_4,BS_2,BS_3,526.758396,526.65428,0.032899,0.025841,0.226875
206,T206_UAV_5,BS_4,BS_1,632.708352,632.438915,0.049498,0.044052,0.379437
206,T206_UAV_16,BS_1,BS_4,641.170112,640.894004,0.050026,0.057417,0.343328
206,T206_UAV_8,BS_0,BS_2,645.915644,645.668921,0.050324,0.026018,0.351903
206,T206_UAV_10,BS_2,LEO_1,802.23557,802.168153,0.010039,0.019042,0.191676
207,T207_UAV_19,BS_0,LEO_1,313.741844,313.655431,0.003652,0.024584,0.290887
207,T207_UAV_4,BS_2,LEO_0,246.991039,246.909944,0.005984,0.007645,0.337333
207,T207_UAV_3,BS_2,HAP_1,763.364775,763.3016,0.005944,0.01755,0.198403
207,T207_UAV_14,BS_0,HAP_0,576.114478,575.925245,0.028526,0.022272,0.19217
207,T207_UAV_6,BS_0,HAP_2,407.636587,407.536862,0.003818,0.031739,0.32084
207,T207_UAV_7,BS_0,LEO_1,631.066376,630.979234,0.006182,0.022782,0.290887
207,T207_UAV_11,BS_4,LEO_0,558.468915,558.371825,0.012138,0.017485,0.337333
207,T207_UAV_16,BS_1,HAP_1,957.947345,957.895576,0.007377,0.004712,0.198403
207,T207_UAV_9,BS_1,LEO_1,646.452946,646.38051,0.00623,0.008029,0.290887
207,T207_UAV_15,BS_2,HAP_0,926.783057,926.592702,0.030042,0.021879,0.19217
207,T207_UAV_5,BS_4,LEO_0,623.674037,623.569137,0.013954,0.02348,0.337333
207,T207_UAV_2,BS_4,HAP_2,675.160994,675.078078,0.007789,0.01096,0.32084
207,T207_UAV_8,BS_0,BS_3,730.794841,730.537357,0.055626,0.030811,0.355235
207,T207_UAV_12,BS_0,BS_4,759.712951,759.468277,0.057433,0.017314,0.349635
207,T207_UAV_18,BS_2,LEO_1,836.0422,835.967704,0.010576,0.005742,0.290887
207,T207_UAV_0,BS_4,HAP_1,1362.441703,1362.37987,0.009682,0.012471,0.198403
207,T207_UAV_1,BS_1,HAP_0,1090.773205,1090.589749,0.030834,0.014189,0.19217
207,T207_UAV_17,BS_2,HAP_1,1521.251288,1521.185729,0.011025,0.014853,0.198403
208,T208_UAV_6,BS_0,LEO_0,784.352885,784.174611,0.047968,0.006133,0.120871
208,T208_UAV_15,BS_2,LEO_1,369.183604,369.083342,0.005547,0.018399,0.38158
208,T208_UAV_5,BS_4,HAP_0,431.981131,431.787993,0.027322,0.020076,0.228701
208,T208_UAV_18,BS_2,LEO_0,911.874233,911.685894,0.050864,0.013302,0.120871
208,T208_UAV_16,BS_1,HAP_1,562.117476,561.890236,0.030865,0.026597,0.348888
208,T208_UAV_11,BS_4,HAP_2,287.356687,287.258319,0.004376,0.022154,0.35919
208,T208_UAV_9,BS_1,LEO_1,578.657715,578.555519,0.007004,0.018877,0.38158
208,T208_UAV_19,BS_0,LEO_0,969.372638,969.19198,0.050432,0.006052,0.120871
208,T208_UAV_2,BS_4,HAP_0,509.270268,509.082506,0.028346,0.013677,0.228701
208,T208_UAV_7,BS_0,LEO_0,1090.990718,1090.787537,0.050528,0.028479,0.120871
208,T208_UAV_4,BS_2,BS_3,665.602887,665.496506,0.041573,0.023168,0.208201
208,T208_UAV_12,BS_0,LEO_1,710.074194,709.97182,0.010085,0.015973,0.38158
208,T208_UAV_8,BS_0,HAP_1,714.382044,714.171721,0.030204,0.010342,0.348888
208,T208_UAV_14,BS_0,BS_1,790.819295,790.565185,0.059376,0.035703,0.295159
208,T208_UAV_1,BS_1,LEO_0,1440.157318,1439.974154,0.052535,0.006454,0.120871
208,T208_UAV_17,BS_2,LEO_0,1724.816426,1724.603111,0.060619,0.028521,0.120871
208,T208_UAV_3,BS_2,LEO_0,1795.078805,1794.86317,0.061862,0.029598,0.120871
209,T209_UAV_4,BS_2,LEO_1,210.609589,210.408478,0.043369,0.011449,0.231471
209,T209_UAV_17,BS_2,LEO_0,287.72233,287.472385,0.047105,0.037214,0.328127
209,T209_UAV_0,BS_4,HAP_0,736.931577,736.747054,0.028037,0.017587,0.194498
209,T209_UAV_14,BS_0,HAP_1,332.226675,332.170711,0.00211,0.007252,0.233007
209,T209_UAV_6,BS_0,HAP_2,454.558766,454.351712,0.029262,0.031881,0.229556
209,T209_UAV_8,BS_0,HAP_0,836.490015,836.300514,0.028933,0.021668,0.194498
209,T209_UAV_9,BS_1,LEO_1,625.757381,625.559426,0.047562,0.004098,0.231471
209,T209_UAV_1,BS_1,LEO_0,631.95691,631.711237,0.050934,0.029114,0.328127
209,T209_UAV_16,BS_1,HAP_1,631.73012,631.66907,0.006592,0.007857,0.233007
209,T209_UAV_2,BS_4,HAP_0,1276.303832,1276.115602,0.030993,0.018338,0.194498
209,T209_UAV_11,BS_4,LEO_1,677.744389,677.517346,0.049424,0.031325,0.231471
209,T209_UAV_19,BS_0,HAP_2,702.169029,701.963599,0.032414,0.027105,0.229556
209,T209_UAV_3,BS_2,LEO_0,730.561287,730.310219,0.058455,0.026987,0.328127
209,T209_UAV_13,BS_4,BS_3,764.386723,764.255814,0.047742,0.017502,0.328322
209,T209_UAV_10,BS_2,HAP_0,1400.516727,1400.339884,0.031779,0.006164,0.194498
209,T209_UAV_5,BS_4,HAP_0,2191.506138,2191.31987,0.033867,0.013501,0.194498
209,T209_UAV_7,BS_0,HAP_0,2360.76956,2360.57795,0.035121,0.017589,0.194498
210,T210_UAV_9,BS_1,LEO_1,364.566796,364.503155,0.00351,0.014387,0.228711
210,T210_UAV_4,BS_2,LEO_0,335.580805,335.35323,0.048104,0.018653,0.30409
210,T210_UAV_6,BS_0,HAP_1,388.302018,388.096264,0.027602,0.028725,0.247142
210,T210_UAV_10,BS_2,HAP_2,389.316459,389.236113,0.004939,0.026784,0.243117
210,T210_UAV_15,BS_2,HAP_0,405.06918,404.823022,0.027495,0.03589,0.413867
210,T210_UAV_13,BS_4,LEO_1,553.601877,553.535152,0.006275,0.014708,0.228711
210,T210_UAV_3,BS_2,LEO_0,438.684324,438.454568,0.05107,0.017868,0.30409
210,T210_UAV_2,BS_4,LEO_1,597.257871,597.194831,0.007073,0.010224,0.228711
210,T210_UAV_12,BS_0,HAP_1,458.673499,458.476932,0.028117,0.019021,0.247142
210,T210_UAV_0,BS_4,HAP_2,475.609321,475.550333,0.005324,0.00504,0.243117
210,T210_UAV_16,BS_1,HAP_0,491.107854,490.890025,0.027264,0.007792,0.413867
210,T210_UAV_8,BS_0,LEO_0,620.343513,620.119867,0.052982,0.009846,0.30409
210,T210_UAV_7,BS_0,BS_3,633.014226,632.878617,0.039535,0.023708,0.361826
210,T210_UAV_17,BS_2,LEO_1,692.240714,692.174588,0.0089,0.011484,0.228711
210,T210_UAV_14,BS_0,BS_4,712.551271,712.253886,0.054484,0.056245,0.433282
211,T211_UAV_19,BS_0,LEO_1,234.182851,234.115622,0.003442,0.005699,0.290443
211,T211_UAV_11,BS_4,LEO_0,333.31582,333.256482,0.005638,0.014077,0.198111
211,T211_UAV_8,BS_0,HAP_1,546.239996,546.051959,0.028449,0.020408,0.195904
211,T211_UAV_15,BS_2,HAP_0,365.842407,365.604242,0.02725,0.035214,0.378502
211,T211_UAV_4,BS_2,HAP_2,400.372826,400.294614,0.005003,0.02047,0.263696
211,T211_UAV_9,BS_1,LEO_1,413.193359,413.122772,0.004997,0.007501,0.290443
211,T211_UAV_14,BS_0,LEO_0,565.851752,565.776922,0.008773,0.026434,0.198111
211,T211_UAV_18,BS_2,LEO_1,483.951434,483.880549,0.007807,0.00499,0.290443
211,T211_UAV_5,BS_4,HAP_1,734.486821,734.293778,0.030879,0.022983,0.195904
211,T211_UAV_13,BS_4,LEO_0,770.220496,770.139678,0.013462,0.027733,0.198111
211,T211_UAV_12,BS_0,BS_3,641.898136,641.696374,0.050078,0.016656,0.175131
211,T211_UAV_7,BS_0,HAP_2,670.329716,670.257673,0.005719,0.013585,0.263696
211,T211_UAV_16,BS_1,HAP_0,683.899922,683.663888,0.028157,0.032176,0.378502
211,T211_UAV_6,BS_0,BS_4,694.39986,694.140307,0.053352,0.047837,0.291819
211,T211_UAV_0,BS_4,LEO_0,912.13592,912.072246,0.01591,0.008142,0.198111
211,T211_UAV_17,BS_2,HAP_1,1072.853498,1072.65322,0.033666,0.027431,0.195904
212,T212_UAV_0,BS_4,LEO_1,208.408758,208.320856,0.00299,0.01391,0.355008
212,T212_UAV_3,BS_2,LEO_0,210.495555,210.412671,0.005318,0.02402,0.267728
212,T212_UAV_9,BS_1,HAP_1,283.794905,283.738098,0.002557,0.005169,0.245405
212,T212_UAV_18,BS_2,HAP_0,317.639276,317.444211,0.027118,0.027498,0.20224
212,T212_UAV_15,BS_2,HAP_2,354.45522,354.36797,0.004168,0.016823,0.331293
212,T212_UAV_14,BS_0,LEO_0,342.475108,342.395802,0.006812,0.018949,0.267728
212,T212_UAV_5,BS_4,LEO_1,471.680997,471.598274,0.006729,0.004992,0.355008
212,T212_UAV_2,BS_4,HAP_1,464.789887,464.713912,0.00412,0.022775,0.245405
212,T212_UAV_1,BS_1,LEO_1,529.508358,529.418201,0.005686,0.01347,0.355008
212,T212_UAV_7,BS_0,HAP_0,562.698365,562.492758,0.028278,0.03688,0.20224
212,T212_UAV_8,BS_0,LEO_0,707.509216,707.424431,0.014826,0.016413,0.267728
212,T212_UAV_12,BS_0,HAP_2,719.380419,719.302381,0.007248,0.004532,0.331293
212,T212_UAV_17,BS_2,BS_3,740.252106,740.023413,0.056218,0.01406,0.292076
212,T212_UAV_13,BS_4,BS_1,770.62724,770.408421,0.058116,0.015765,0.224687
212,T212_UAV_19,BS_0,BS_4,792.796429,792.550811,0.0595,0.021614,0.322523
213,T213_UAV_9,BS_1,LEO_1,411.164746,410.983847,0.042925,0.004862,0.165561
213,T213_UAV_2,BS_4,HAP_0,206.576873,206.515469,0.001347,0.018448,0.208049
213,T213_UAV_13,BS_4,LEO_0,449.347179,449.244492,0.010091,0.01655,0.380227
213,T213_UAV_10,BS_2,HAP_2,439.903608,439.708496,0.03058,0.024254,0.201392
213,T213_UAV_0,BS_4,LEO_1,858.717971,858.522679,0.047111,0.015069,0.165561
213,T213_UAV_4,BS_2,HAP_1,583.497198,583.425739,0.005201,0.004266,0.30996
213,T213_UAV_7,BS_0,LEO_0,623.37815,623.258824,0.012188,0.031092,0.380227
213,T213_UAV_15,BS_2,HAP_0,493.772906,493.706072,0.003035,0.022189,0.208049
213,T213_UAV_5,BS_4,LEO_1,1011.55986,1011.369022,0.048333,0.009393,0.165561
213,T213_UAV_1,BS_1,HAP_2,597.987008,597.81365,0.029062,0.004018,0.201392
213,T213_UAV_17,BS_2,HAP_1,646.421632,646.331978,0.006221,0.021441,0.30996
213,T213_UAV_11,BS_4,BS_3,640.367647,640.158586,0.04998,0.015595,0.217427
213,T213_UAV_6,BS_0,LEO_1,1073.85304,1073.656502,0.048448,0.014977,0.165561
213,T213_UAV_18,BS_2,LEO_0,719.698246,719.578592,0.017808,0.025801,0.380227
213,T213_UAV_19,BS_0,LEO_1,1278.671997,1278.47526,0.050796,0.012829,0.165561
213,T213_UAV_16,BS_1,LEO_1,1568.668335,1568.469129,0.052591,0.013502,0.165561
214,T214_UAV_5,BS_4,LEO_0,232.137231,231.959904,0.045181,0.010603,0.107717
214,T214_UAV_0,BS_4,LEO_1,247.791026,247.715835,0.003558,0.020864,0.253845
214,T214_UAV_8,BS_0,HAP_0,339.807757,339.715601,0.002219,0.030234,0.298521
214,T214_UAV_18,BS_2,HAP_2,372.157656,371.977263,0.029903,0.013717,0.183866
214,T214_UAV_2,BS_4,HAP_1,498.461393,498.385012,0.004428,0.004173,0.3389
214,T214_UAV_17,BS_2,LEO_0,392.973881,392.794655,0.049705,0.007978,0.107717
214,T214_UAV_6,BS_0,LEO_1,601.186742,601.113755,0.00815,0.014068,0.253845
214,T214_UAV_3,BS_2,LEO_0,563.000565,562.813222,0.054204,0.011596,0.107717
214,T214_UAV_14,BS_0,HAP_0,627.568096,627.497638,0.004422,0.006332,0.298521
214,T214_UAV_13,BS_4,HAP_1,675.945029,675.856589,0.00655,0.01411,0.3389
214,T214_UAV_7,BS_0,LEO_1,687.687721,687.622683,0.008523,0.005746,0.253845
214,T214_UAV_15,BS_2,HAP_2,690.316496,690.134445,0.033114,0.012165,0.183866
214,T214_UAV_16,BS_1,BS_3,705.337121,705.239254,0.044055,0.013774,0.200184
214,T214_UAV_9,BS_1,BS_4,739.381371,739.145109,0.056163,0.017042,0.315285
215,T215_UAV_7,BS_0,LEO_1,262.566359,262.498955,0.003257,0.007753,0.281967
215,T215_UAV_8,BS_0,LEO_0,249.544089,249.351691,0.047515,0.004637,0.201228
215,T215_UAV_2,BS_4,HAP_1,803.135566,802.981521,0.029719,0.004766,0.097799
215,T215_UAV_3,BS_2,HAP_2,821.222574,821.029901,0.032829,0.021409,0.192173
215,T215_UAV_14,BS_0,LEO_1,525.814138,525.7409,0.006802,0.010043,0.281967
215,T215_UAV_18,BS_2,LEO_0,365.21622,364.994261,0.053087,0.028627,0.201228
215,T215_UAV_0,BS_4,HAP_1,1347.969827,1347.805768,0.033327,0.011172,0.097799
215,T215_UAV_17,BS_2,HAP_2,918.069263,917.876618,0.033444,0.020766,0.192173
215,T215_UAV_5,BS_4,BS_3,511.088252,510.883061,0.041904,0.025011,0.191374
215,T215_UAV_1,BS_1,HAP_1,1409.304614,1409.132717,0.031967,0.020371,0.097799
215,T215_UAV_4,BS_2,LEO_1,789.078614,788.993797,0.012661,0.015762,0.281967
215,T215_UAV_13,BS_1,HAP_2,1104.502027,1104.312673,0.033999,0.016921,0.192173
215,T215_UAV_16,BS_1,HAP_1,1982.522451,1982.342076,0.038037,0.022778,0.097799
215,T215_UAV_6,BS_0,HAP_2,1425.986359,1425.799758,0.035112,0.013055,0.192173
215,T215_UAV_9,BS_1,HAP_1,2016.749023,2016.581222,0.036991,0.01125,0.097799
215,T215_UAV_11,BS_4,HAP_1,2323.009379,2322.845903,0.038441,0.005475,0.097799
216,T216_UAV_18,BS_2,LEO_1,204.627054,204.534157,0.003309,0.01483,0.373789
216,T216_UAV_8,BS_0,LEO_0,398.18479,397.974301,0.045369,0.018514,0.233034
216,T216_UAV_16,BS_1,HAP_0,280.685154,280.460354,0.0263,0.028583,0.349587
216,T216_UAV_5,BS_4,HAP_1,391.339858,391.100635,0.0287,0.023709,0.434073
216,T216_UAV_7,BS_0,HAP_2,404.5156,404.28496,0.028467,0.015952,0.431104
216,T216_UAV_6,BS_0,LEO_0,544.250097,544.027085,0.04728,0.029125,0.233034
216,T216_UAV_12,BS_0,LEO_1,455.415144,455.327064,0.006457,0.006866,0.373789
216,T216_UAV_10,BS_2,LEO_0,606.00444,605.804131,0.049403,0.004299,0.233034
216,T216_UAV_15,BS_2,BS_3,380.682973,380.596189,0.023775,0.013101,0.249541
216,T216_UAV_9,BS_1,LEO_1,646.912804,646.825919,0.007814,0.004313,0.373789
216,T216_UAV_3,BS_2,HAP_0,703.521902,703.31308,0.029992,0.008912,0.349587
216,T216_UAV_11,BS_4,HAP_1,754.046323,753.804057,0.03156,0.023892,0.434073
216,T216_UAV_14,BS_0,HAP_2,755.827608,755.579542,0.031614,0.030231,0.431104
216,T216_UAV_4,BS_2,BS_4,781.78244,781.47032,0.058807,0.053629,0.498416
216,T216_UAV_1,BS_1,LEO_0,997.116368,996.911678,0.051291,0.006792,0.233034
216,T216_UAV_13,BS_1,LEO_0,1081.820466,1081.594881,0.055542,0.023436,0.233034
217,T217_UAV_18,BS_2,LEO_1,427.460047,427.27614,0.043935,0.009171,0.154003
217,T217_UAV_0,BS_4,LEO_0,211.813869,211.573018,0.046863,0.023557,0.352156
217,T217_UAV_14,BS_0,HAP_2,341.625733,341.452319,0.02753,0.007848,0.190178
217,T217_UAV_17,BS_2,LEO_1,480.353612,480.174726,0.044462,0.003623,0.154003
217,T217_UAV_7,BS_0,HAP_0,567.459458,567.270008,0.027933,0.008769,0.263741
217,T217_UAV_15,BS_2,HAP_1,399.794059,399.571031,0.028785,0.025185,0.34529
217,T217_UAV_10,BS_2,LEO_1,675.795623,675.605126,0.046128,0.013568,0.154003
217,T217_UAV_9,BS_1,LEO_0,346.712477,346.470876,0.049752,0.021418,0.352156
217,T217_UAV_5,BS_4,HAP_0,583.525475,583.318593,0.027856,0.026278,0.263741
217,T217_UAV_16,BS_1,HAP_2,653.286516,653.109933,0.031002,0.007545,0.190178
217,T217_UAV_13,BS_1,HAP_1,690.4196,690.210149,0.031654,0.008739,0.34529
217,T217_UAV_4,BS_2,LEO_1,1064.726144,1064.529773,0.049732,0.015837,0.154003
217,T217_UAV_6,BS_0,HAP_0,855.247671,855.057579,0.030269,0.007075,0.263741
217,T217_UAV_8,BS_0,HAP_2,951.137961,950.937356,0.032687,0.029881,0.190178
217,T217_UAV_11,BS_4,LEO_1,1291.721374,1291.518183,0.050436,0.021955,0.154003
217,T217_UAV_2,BS_4,LEO_1,1543.313783,1543.109433,0.053286,0.020264,0.154003
218,T218_UAV_15,BS_2,LEO_1,224.202036,223.963239,0.043349,0.022459,0.364945
218,T218_UAV_3,BS_2,LEO_0,315.509589,315.300755,0.046143,0.025969,0.183611
218,T218_UAV_9,BS_1,HAP_1,371.482381,371.408582,0.002837,0.032429,0.192663
218,T218_UAV_6,BS_0,HAP_0,367.448759,367.2461,0.027613,0.024993,0.250267
218,T218_UAV_10,BS_2,LEO_0,376.224286,376.0328,0.047072,0.007692,0.183611
218,T218_UAV_4,BS_2,HAP_2,384.980417,384.892394,0.004792,0.033121,0.250552
218,T218_UAV_0,BS_4,HAP_1,534.450907,534.382169,0.004275,0.025931,0.192663
218,T218_UAV_8,BS_0,LEO_0,480.303146,480.092611,0.04782,0.025993,0.183611
218,T218_UAV_7,BS_0,LEO_1,558.25068,558.013857,0.046933,0.016901,0.364945
218,T218_UAV_13,BS_1,HAP_0,391.667766,391.479921,0.02709,0.010702,0.250267
218,T218_UAV_12,BS_0,HAP_2,421.850142,421.790569,0.004247,0.005215,0.250552
218,T218_UAV_19,BS_0,BS_3,542.352492,542.131888,0.043856,0.018707,0.290199
218,T218_UAV_2,BS_4,LEO_0,669.715027,669.507929,0.051957,0.018419,0.183611
218,T218_UAV_1,BS_1,LEO_1,768.85295,768.624931,0.048268,0.006761,0.364945
218,T218_UAV_5,BS_4,HAP_1,894.922451,894.858368,0.00709,0.018461,0.192663
219,T219_UAV_19,BS_0,LEO_1,229.337058,229.280247,0.003343,0.0062,0.236338
219,T219_UAV_18,BS_2,LEO_0,256.294747,256.082817,0.046336,0.016302,0.246463
219,T219_UAV_0,BS_4,HAP_0,791.643928,791.470581,0.028266,0.007923,0.185791
219,T219_UAV_6,BS_0,HAP_1,306.475326,306.286058,0.027057,0.014385,0.239127
219,T219_UAV_10,BS_2,HAP_2,311.176091,310.990274,0.028955,0.01655,0.201559
219,T219_UAV_8,BS_0,LEO_1,433.484007,433.416022,0.005876,0.014841,0.236338
219,T219_UAV_5,BS_4,HAP_0,953.955898,953.76809,0.028935,0.021715,0.185791
219,T219_UAV_13,BS_1,LEO_0,493.886247,493.679112,0.051003,0.006839,0.246463
219,T219_UAV_1,BS_1,LEO_1,520.359037,520.301596,0.005604,0.004569,0.236338
219,T219_UAV_16,BS_1,HAP_1,524.617213,524.431023,0.030416,0.007949,0.239127
219,T219_UAV_7,BS_0,HAP_0,1198.626208,1198.431689,0.030164,0.027197,0.185791
219,T219_UAV_3,BS_2,HAP_2,639.457158,639.277354,0.033668,0.005824,0.201559
219,T219_UAV_15,BS_2,LEO_0,646.510043,646.292083,0.054981,0.013686,0.246463
219,T219_UAV_9,BS_1,BS_3,686.229572,686.007736,0.052844,0.025441,0.217753
219,T219_UAV_11,BS_4,BS_1,699.611502,699.304498,0.053675,0.081504,0.359128
219,T219_UAV_2,BS_4,HAP_0,1342.904638,1342.721523,0.031226,0.014731,0.185791
219,T219_UAV_14,BS_0,HAP_0,1657.780343,1657.573639,0.033194,0.036352,0.185791
219,T219_UAV_12,BS_0,HAP_0,1903.200793,1903.019028,0.03481,0.009798,0.185791
220,T220_UAV_0,BS_4,LEO_0,229.347069,229.147687,0.045148,0.014993,0.1962
220,T220_UAV_16,BS_1,LEO_1,367.189225,366.991581,0.044013,0.011693,0.209691
220,T220_UAV_18,BS_2,HAP_1,274.877771,274.81089,0.002871,0.021718,0.211457
220,T220_UAV_13,BS_1,HAP_2,283.536318,283.349062,0.028141,0.017117,0.209986
220,T220_UAV_8,BS_0,HAP_0,388.3226,388.106489,0.027509,0.019367,0.346173
220,T220_UAV_2,BS_4,LEO_1,427.193123,426.999287,0.045034,0.006864,0.209691
220,T220_UAV_10,BS_2,LEO_0,358.250486,358.036092,0.048693,0.026461,0.1962
220,T220_UAV_7,BS_0,HAP_1,453.364664,453.310647,0.003355,0.008371,0.211457
220,T220_UAV_6,BS_0,LEO_1,667.715829,667.500131,0.047191,0.026568,0.209691
220,T220_UAV_5,BS_4,HAP_2,526.433253,526.23609,0.030847,0.024319,0.209986
220,T220_UAV_17,BS_2,HAP_0,537.139187,536.915671,0.02897,0.025311,0.346173
220,T220_UAV_4,BS_2,LEO_0,580.197473,579.98704,0.053989,0.017204,0.1962
220,T220_UAV_12,BS_0,BS_3,604.295552,604.071114,0.047726,0.029402,0.236549
220,T220_UAV_3,BS_2,BS_4,648.374886,648.11222,0.050477,0.046872,0.326586
220,T220_UAV_1,BS_1,BS_0,677.777123,677.522168,0.052314,0.032283,0.351788
220,T220_UAV_19,BS_0,BS_1,685.064973,684.776392,0.052767,0.0537,0.410566
220,T220_UAV_15,BS_2,LEO_1,1014.9214,1014.709362,0.051983,0.018118,0.209691
221,T221_UAV_13,BS_1,LEO_0,359.662267,359.449995,0.045133,0.03008,0.185298
221,T221_UAV_9,BS_1,LEO_1,422.662504,422.583231,0.004059,0.025288,0.249625
221,T221_UAV_10,BS_2,HAP_2,483.867189,483.809007,0.005003,0.016607,0.182857
221,T221_UAV_19,BS_0,HAP_1,384.46212,384.391228,0.002516,0.006615,0.308799
221,T221_UAV_6,BS_0,HAP_0,469.991756,469.773339,0.028352,0.034378,0.278431
221,T221_UAV_16,BS_1,LEO_0,595.053646,594.852721,0.04843,0.015435,0.185298
221,T221_UAV_14,BS_0,LEO_1,638.866756,638.786465,0.006566,0.0238,0.249625
221,T221_UAV_18,BS_2,HAP_2,698.408673,698.348707,0.007475,0.015919,0.182857
221,T221_UAV_8,BS_0,HAP_1,517.844179,517.757157,0.003837,0.021425,0.308799
221,T221_UAV_3,BS_2,LEO_0,900.245895,900.036085,0.054461,0.01829,0.185298
221,T221_UAV_7,BS_0,LEO_1,759.900801,759.829996,0.007532,0.013348,0.249625
221,T221_UAV_0,BS_4,HAP_0,712.310089,712.094568,0.028944,0.030891,0.278431
221,T221_UAV_5,BS_4,BS_3,726.253732,726.047768,0.055345,0.006881,0.218685
221,T221_UAV_2,BS_4,BS_1,762.030622,761.78346,0.057578,0.03696,0.263127
221,T221_UAV_12,BS_0,LEO_0,1076.346112,1076.147213,0.054871,0.006968,0.185298
221,T221_UAV_1,BS_1,LEO_1,970.809654,970.745129,0.008379,0.006221,0.249625
221,T221_UAV_15,BS_2,HAP_2,1018.182101,1018.130903,0.009812,0.004815,0.182857
221,T221_UAV_17,BS_2,LEO_0,1200.639682,1200.415561,0.058911,0.028151,0.185298
222,T222_UAV_3,BS_2,LEO_1,269.545607,269.457552,0.003506,0.025371,0.295897
222,T222_UAV_1,BS_1,LEO_0,290.603685,290.535488,0.003957,0.026033,0.19104
222,T222_UAV_16,BS_1,HAP_1,296.087663,296.002327,0.003051,0.005451,0.384171
222,T222_UAV_15,BS_2,HAP_0,297.51138,297.320318,0.026804,0.026709,0.187746
222,T222_UAV_14,BS_0,HAP_2,337.078716,336.878409,0.027955,0.028636,0.218584
222,T222_UAV_9,BS_1,LEO_0,452.911166,452.843303,0.006923,0.022732,0.19104
222,T222_UAV_0,BS_4,LEO_1,599.444343,599.371675,0.006818,0.00667,0.295897
222,T222_UAV_8,BS_0,HAP_0,444.320809,444.128293,0.027863,0.027103,0.187746
222,T222_UAV_6,BS_0,HAP_1,484.879927,484.783097,0.003264,0.016731,0.384171
222,T222_UAV_12,BS_0,LEO_1,677.134036,677.057642,0.007577,0.009637,0.295897
222,T222_UAV_19,BS_0,LEO_0,733.021726,732.96406,0.012397,0.007062,0.19104
222,T222_UAV_10,BS_2,HAP_2,587.11011,586.928982,0.032478,0.004933,0.218584
222,T222_UAV_7,BS_0,BS_3,601.525915,601.443036,0.037571,0.0065,0.194036
222,T222_UAV_2,BS_4,BS_1,658.499151,658.268621,0.051111,0.018487,0.304658
222,T222_UAV_11,BS_4,BS_0,755.768092,755.470821,0.057183,0.069632,0.352281
222,T222_UAV_13,BS_1,LEO_1,806.091742,806.00259,0.00901,0.020962,0.295897
222,T222_UAV_18,BS_2,LEO_0,969.180172,969.110331,0.018635,0.012999,0.19104
223,T223_UAV_5,BS_4,LEO_1,182.347282,182.264695,0.003699,0.012059,0.334142
223,T223_UAV_18,BS_2,LEO_0,351.261632,351.178447,0.008725,0.014809,0.298254
223,T223_UAV_16,BS_1,HAP_0,480.897513,480.834169,0.001898,0.022622,0.194119
223,T223_UAV_0,BS_4,HAP_1,377.103131,376.921859,0.028021,0.01719,0.180304
223,T223_UAV_1,BS_1,HAP_2,449.973062,449.788046,0.028066,0.011335,0.228073
223,T223_UAV_19,BS_0,HAP_0,504.458499,504.409727,0.003156,0.006792,0.194119
223,T223_UAV_9,BS_1,HAP_1,404.579899,404.408139,0.028099,0.0076,0.180304
223,T223_UAV_6,BS_0,LEO_1,325.236469,325.145084,0.00628,0.018276,0.334142
223,T223_UAV_12,BS_0,LEO_0,497.816983,497.738308,0.01069,0.008335,0.298254
223,T223_UAV_7,BS_0,LEO_0,515.842705,515.756635,0.010156,0.016263,0.298254
223,T223_UAV_17,BS_2,HAP_2,564.951314,564.752967,0.032307,0.020426,0.228073
223,T223_UAV_14,BS_0,BS_3,709.25469,709.037098,0.054283,0.019676,0.218172
223,T223_UAV_13,BS_1,BS_4,752.130363,751.880772,0.056959,0.034583,0.290241
223,T223_UAV_10,BS_2,HAP_0,1167.52127,1167.451251,0.006252,0.024944,0.194119
223,T223_UAV_2,BS_4,HAP_1,1101.922449,1101.736971,0.033343,0.016075,0.180304
223,T223_UAV_4,BS_2,HAP_0,1485.369125,1485.288919,0.008808,0.032574,0.194119
224,T224_UAV_10,BS_2,LEO_1,384.914766,384.715067,0.044013,0.017522,0.190821
224,T224_UAV_0,BS_4,LEO_0,320.499301,320.394472,0.00723,0.020204,0.386976
224,T224_UAV_13,BS_1,HAP_1,273.951444,273.883055,0.002614,0.023166,0.213048
224,T224_UAV_15,BS_2,HAP_0,284.43877,284.26193,0.026721,0.009425,0.203471
224,T224_UAV_6,BS_0,HAP_2,381.29236,381.235491,0.003642,0.011721,0.207529
224,T224_UAV_8,BS_0,LEO_1,507.197739,507.010237,0.044566,0.004771,0.190821
224,T224_UAV_11,BS_4,LEO_0,395.517219,395.414288,0.008637,0.016899,0.386976
224,T224_UAV_5,BS_4,LEO_1,582.822025,582.628864,0.045522,0.009475,0.190821
224,T224_UAV_1,BS_1,HAP_1,462.903365,462.838045,0.003236,0.019474,0.213048
224,T224_UAV_14,BS_0,BS_3,635.737297,635.527424,0.049691,0.020319,0.199318
224,T224_UAV_7,BS_0,HAP_0,661.330694,661.133105,0.028885,0.02801,0.203471
224,T224_UAV_19,BS_0,LEO_0,672.421124,672.315053,0.014601,0.014075,0.386976
224,T224_UAV_18,BS_2,HAP_2,708.689589,708.614055,0.009405,0.024623,0.207529
224,T224_UAV_3,BS_2,LEO_1,1150.85639,1150.66095,0.052483,0.004793,0.190821
224,T224_UAV_16,BS_1,LEO_1,1196.558541,1196.3646,0.051005,0.004772,0.190821
225,T225_UAV_5,BS_4,LEO_1,266.638075,266.398365,0.043806,0.029367,0.332684
225,T225_UAV_8,BS_0,LEO_0,821.665034,821.46245,0.047619,0.018112,0.184265
225,T225_UAV_11,BS_4,HAP_0,399.054711,398.996076,0.002283,0.007494,0.244291
225,T225_UAV_0,BS_4,HAP_1,409.943434,409.874062,0.003927,0.004698,0.303733
225,T225_UAV_10,BS_2,LEO_0,890.296009,890.099657,0.049406,0.010092,0.184265
225,T225_UAV_7,BS_0,HAP_2,294.768711,294.695391,0.00357,0.013229,0.282599
225,T225_UAV_15,BS_2,LEO_1,634.251376,634.017955,0.049486,0.017398,0.332684
225,T225_UAV_4,BS_2,LEO_0,1205.479442,1205.273076,0.052635,0.016877,0.184265
225,T225_UAV_1,BS_1,HAP_0,608.557638,608.491039,0.003731,0.014009,0.244291
225,T225_UAV_16,BS_1,HAP_1,649.903002,649.812531,0.006679,0.023046,0.303733
225,T225_UAV_3,BS_2,LEO_1,712.3195,712.078909,0.051783,0.02227,0.332684
225,T225_UAV_12,BS_0,LEO_0,1455.480887,1455.279265,0.053791,0.010979,0.184265
225,T225_UAV_13,BS_1,LEO_0,1465.237026,1465.036167,0.054276,0.00973,0.184265
225,T225_UAV_2,BS_4,LEO_0,1543.40947,1543.20392,0.055537,0.01316,0.184265
225,T225_UAV_18,BS_2,LEO_0,1567.382211,1567.168193,0.05688,0.020285,0.184265
225,T225_UAV_19,BS_0,LEO_0,1742.279482,1742.080689,0.056659,0.005282,0.184265
226,T226_UAV_4,BS_2,LEO_1,374.597495,374.386912,0.044706,0.024486,0.206954
226,T226_UAV_7,BS_0,HAP_0,545.091352,544.914973,0.027466,0.010394,0.192597
226,T226_UAV_16,BS_1,LEO_0,221.529512,221.293941,0.04703,0.01078,0.388803
226,T226_UAV_0,BS_4,HAP_2,435.366921,435.171185,0.029044,0.015948,0.253722
226,T226_UAV_14,BS_0,HAP_1,346.351823,346.259549,0.002226,0.015639,0.372043
226,T226_UAV_11,BS_4,LEO_1,699.910327,699.714925,0.047733,0.006279,0.206954
226,T226_UAV_15,BS_2,LEO_0,368.409916,368.17254,0.052337,0.007278,0.388803
226,T226_UAV_3,BS_2,HAP_0,1296.711424,1296.528637,0.031823,0.012444,0.192597
226,T226_UAV_2,BS_4,LEO_1,833.565379,833.348202,0.049814,0.025972,0.206954
226,T226_UAV_13,BS_1,HAP_2,1043.760914,1043.558723,0.034446,0.017,0.253722
226,T226_UAV_18,BS_2,HAP_1,766.124841,766.033192,0.008003,0.009237,0.372043
226,T226_UAV_8,BS_4,HAP_0,1407.084459,1406.886428,0.031814,0.027699,0.192597
226,T226_UAV_10,BS_2,LEO_1,933.632375,933.412244,0.05166,0.02708,0.206954
226,T226_UAV_17,BS_2,HAP_0,1503.848591,1503.664911,0.033169,0.011991,0.192597
226,T226_UAV_1,BS_0,HAP_0,1978.49699,1978.299654,0.034252,0.024565,0.192597
226,T226_UAV_9,BS_1,HAP_2,301.865489,301.675783,0.027286,0.011676,0.253722
227,T227_UAV_3,BS_2,LEO_1,282.948537,282.886985,0.003677,0.018375,0.197502
227,T227_UAV_13,BS_1,LEO_0,145.718079,145.509207,0.04463,0.012199,0.260212
227,T227_UAV_7,BS_0,HAP_1,220.932296,220.765061,0.026632,0.01698,0.118114
227,T227_UAV_18,BS_2,HAP_0,318.803198,318.584997,0.027168,0.024301,0.333663
227,T227_UAV_1,BS_0,LEO_1,343.119607,343.057571,0.002968,0.019568,0.197502
227,T227_UAV_9,BS_1,HAP_2,313.766923,313.553529,0.028959,0.008108,0.381634
227,T227_UAV_10,BS_2,LEO_0,322.765166,322.528956,0.051359,0.032809,0.260212
227,T227_UAV_12,BS_0,LEO_1,438.905826,438.83381,0.004906,0.027609,0.197502
227,T227_UAV_2,BS_4,HAP_1,635.941179,635.765685,0.030725,0.021147,0.118114
227,T227_UAV_0,BS_4,HAP_0,739.355304,739.132724,0.029097,0.026749,0.333663
227,T227_UAV_4,BS_2,LEO_1,967.972381,967.889797,0.012187,0.030896,0.197502
228,T228_UAV_8,BS_4,LEO_1,287.802191,287.732978,0.003084,0.013693,0.262181
228,T228_UAV_10,BS_2,LEO_0,227.629251,227.392931,0.045521,0.031882,0.294587
228,T228_UAV_1,BS_0,HAP_1,256.623409,256.443997,0.026785,0.012593,0.200168
228,T228_UAV_6,BS_0,HAP_0,385.987459,385.773499,0.027769,0.019497,0.333472
228,T228_UAV_3,BS_2,HAP_2,397.957573,397.75194,0.030361,0.011015,0.321286
228,T228_UAV_16,BS_1,LEO_1,590.487501,590.407405,0.006466,0.021193,0.262181
228,T228_UAV_15,BS_2,LEO_0,452.979523,452.762044,0.050486,0.008076,0.294587
228,T228_UAV_13,BS_1,LEO_1,632.817784,632.749094,0.007024,0.009231,0.262181
228,T228_UAV_17,BS_2,HAP_1,644.70665,644.531809,0.031071,0.003737,0.200168
228,T228_UAV_14,BS_0,HAP_0,661.807426,661.57507,0.029631,0.036029,0.333472
228,T228_UAV_12,BS_0,LEO_0,694.815138,694.595243,0.054899,0.006078,0.294587
228,T228_UAV_18,BS_2,HAP_2,712.023908,711.795814,0.034464,0.029372,0.321286
228,T228_UAV_4,BS_2,BS_3,710.224386,710.124633,0.044361,0.011839,0.217768
228,T228_UAV_9,BS_1,BS_4,746.363264,746.064823,0.056596,0.036722,0.525617
228,T228_UAV_19,BS_0,LEO_1,965.47317,965.39473,0.011009,0.014995,0.262181
229,T229_UAV_1,BS_0,HAP_1,850.355748,850.303958,0.003869,0.010931,0.184948
229,T229_UAV_12,BS_0,LEO_0,259.627072,259.404859,0.048017,0.027168,0.235136
229,T229_UAV_14,BS_0,LEO_1,558.629639,558.541587,0.00725,0.008559,0.361219
229,T229_UAV_4,BS_2,HAP_1,867.849084,867.789632,0.004602,0.017861,0.184948
229,T229_UAV_5,BS_4,HAP_0,266.509256,266.331332,0.026917,0.007984,0.215119
229,T229_UAV_10,BS_2,HAP_2,283.457941,283.279593,0.030498,0.006557,0.206463
229,T229_UAV_0,BS_4,HAP_1,882.630092,882.566642,0.005,0.02146,0.184948
229,T229_UAV_3,BS_2,LEO_1,712.511156,712.421545,0.011791,0.005576,0.361219
229,T229_UAV_2,BS_4,HAP_1,990.420522,990.36939,0.005382,0.008761,0.184948
229,T229_UAV_17,BS_2,LEO_0,503.528618,503.284165,0.057945,0.039481,0.235136
229,T229_UAV_16,BS_1,LEO_1,793.212489,793.115993,0.010981,0.013272,0.361219
229,T229_UAV_15,BS_2,HAP_1,1425.055347,1425.005809,0.008061,0.004487,0.184948
229,T229_UAV_8,BS_4,HAP_1,1689.375168,1689.314377,0.008076,0.015725,0.184948
229,T229_UAV_19,BS_0,HAP_1,1722.716464,1722.666424,0.007428,0.005622,0.184948
229,T229_UAV_6,BS_0,HAP_1,1906.884249,1906.834776,0.008481,0.004002,0.184948
230,T230_UAV_3,BS_2,LEO_1,227.580572,227.368001,0.043751,0.014712,0.270537
230,T230_UAV_12,BS_0,HAP_0,631.474431,631.301935,0.028222,0.005383,0.194457
230,T230_UAV_5,BS_4,LEO_0,429.535397,429.451149,0.009617,0.032317,0.211573
230,T230_UAV_2,BS_4,HAP_1,486.076859,485.837597,0.029387,0.012499,0.486878
230,T230_UAV_18,BS_2,HAP_0,759.445027,759.261919,0.028676,0.015541,0.194457
230,T230_UAV_9,BS_1,HAP_2,540.947201,540.746441,0.029858,0.02438,0.232609
230,T230_UAV_7,BS_0,LEO_1,546.822635,546.604372,0.046862,0.017293,0.270537
230,T230_UAV_8,BS_4,LEO_0,632.879415,632.812081,0.013262,0.011758,0.211573
230,T230_UAV_1,BS_0,HAP_1,636.721261,636.467003,0.02943,0.027453,0.486878
230,T230_UAV_6,BS_0,LEO_1,644.108891,643.881892,0.048831,0.02406,0.270537
230,T230_UAV_14,BS_0,HAP_0,1308.937176,1308.750426,0.031447,0.016412,0.194457
230,T230_UAV_16,BS_1,LEO_0,714.738568,714.672044,0.015755,0.008454,0.211573
230,T230_UAV_17,BS_2,HAP_2,776.323634,776.117763,0.034999,0.024351,0.232609
230,T230_UAV_11,BS_4,BS_3,781.71872,781.506987,0.05881,0.006558,0.231827
230,T230_UAV_4,BS_2,BS_4,800.758426,800.482112,0.059995,0.039058,0.386302
230,T230_UAV_0,BS_4,HAP_0,1348.216803,1348.038701,0.030572,0.008639,0.194457
230,T230_UAV_15,BS_2,HAP_0,1388.665455,1388.463886,0.031105,0.031572,0.194457
230,T230_UAV_19,BS_0,HAP_0,2310.534156,2310.333057,0.03767,0.024538,0.194457
231,T231_UAV_1,BS_0,LEO_0,361.11072,360.918623,0.044097,0.008252,0.198738
231,T231_UAV_18,BS_2,LEO_1,318.436544,318.368957,0.00408,0.020736,0.213862
231,T231_UAV_17,BS_2,HAP_1,257.643987,257.439128,0.027412,0.009442,0.340028
231,T231_UAV_9,BS_1,HAP_0,352.338051,352.094448,0.026498,0.012582,0.522617
231,T231_UAV_13,BS_1,LEO_0,453.899638,453.687272,0.046416,0.026204,0.198738
231,T231_UAV_6,BS_0,HAP_2,677.104422,677.04563,0.005462,0.008118,0.226066
231,T231_UAV_16,BS_1,LEO_1,653.667934,653.613757,0.007157,0.004248,0.213862
231,T231_UAV_3,BS_2,LEO_0,784.745349,784.542278,0.052571,0.010754,0.198738
231,T231_UAV_7,BS_0,LEO_1,665.8001,665.740002,0.006654,0.010671,0.213862
231,T231_UAV_19,BS_0,HAP_1,545.945362,545.714108,0.028507,0.034742,0.340028
231,T231_UAV_14,BS_0,HAP_2,956.111496,956.03724,0.007132,0.021911,0.226066
231,T231_UAV_0,BS_4,BS_3,665.89848,665.690846,0.051575,0.008644,0.237075
231,T231_UAV_4,BS_2,HAP_0,780.788426,780.525577,0.03097,0.027356,0.522617
231,T231_UAV_15,BS_2,LEO_0,1165.650149,1165.436371,0.057311,0.01672,0.198738
231,T231_UAV_8,BS_4,LEO_1,992.828911,992.769358,0.010634,0.006146,0.213862
231,T231_UAV_5,BS_4,HAP_2,1153.93901,1153.864364,0.010545,0.018887,0.226066
231,T231_UAV_2,BS_4,LEO_0,1214.237335,1214.024972,0.057898,0.014717,0.198738
232,T232_UAV_2,BS_4,LEO_1,341.773114,341.555629,0.045087,0.015956,0.28221
232,T232_UAV_19,BS_0,LEO_0,346.220375,345.986728,0.047443,0.028159,0.290226
232,T232_UAV_0,BS_4,HAP_1,362.49411,362.30699,0.028483,0.009777,0.244302
232,T232_UAV_3,BS_2,HAP_0,371.78731,371.556315,0.027654,0.03364,0.348506
232,T232_UAV_17,BS_2,HAP_2,381.954359,381.751697,0.029909,0.019101,0.268261
232,T232_UAV_11,BS_4,LEO_1,399.734868,399.521607,0.04559,0.011229,0.28221
232,T232_UAV_1,BS_0,LEO_0,487.733125,487.499426,0.048483,0.02717,0.290226
232,T232_UAV_6,BS_0,HAP_1,527.789392,527.5735,0.028559,0.038472,0.244302
232,T232_UAV_8,BS_4,HAP_0,561.036351,560.801519,0.028561,0.036569,0.348506
232,T232_UAV_12,BS_0,LEO_1,572.673013,572.44672,0.048081,0.02177,0.28221
232,T232_UAV_18,BS_2,HAP_2,654.883166,654.671609,0.033724,0.02418,0.268261
232,T232_UAV_7,BS_0,LEO_0,702.239391,702.021453,0.053896,0.005997,0.290226
232,T232_UAV_4,BS_2,BS_3,790.255353,790.124666,0.049358,0.029816,0.257562
232,T232_UAV_15,BS_2,BS_4,791.533685,791.276261,0.05942,0.027692,0.351563
232,T232_UAV_9,BS_1,BS_0,796.996846,796.741694,0.059761,0.024336,0.355275
233,T233_UAV_16,BS_1,LEO_0,365.266671,365.20851,0.006253,0.012394,0.197568
233,T233_UAV_2,BS_4,LEO_1,346.113502,345.903728,0.045151,0.024318,0.201522
233,T233_UAV_18,BS_2,HAP_0,436.744934,436.583661,0.027605,0.008663,0.125026
233,T233_UAV_13,BS_1,HAP_1,362.831324,362.777731,0.003414,0.008993,0.205927
233,T233_UAV_4,BS_2,HAP_2,524.664724,524.595312,0.006477,0.021339,0.207978
233,T233_UAV_10,BS_2,LEO_1,578.970189,578.758915,0.049189,0.021781,0.201522
233,T233_UAV_14,BS_0,LEO_0,778.724012,778.662655,0.012138,0.009706,0.197568
233,T233_UAV_1,BS_0,HAP_0,893.854719,893.672078,0.029837,0.027798,0.125026
233,T233_UAV_6,BS_0,HAP_1,639.025557,638.953062,0.004316,0.026995,0.205927
233,T233_UAV_9,BS_1,LEO_1,643.691336,643.481684,0.047729,0.021618,0.201522
233,T233_UAV_3,BS_2,LEO_0,895.229385,895.158878,0.017406,0.013587,0.197568
233,T233_UAV_15,BS_2,HAP_2,770.40831,770.332331,0.009078,0.025305,0.207978
233,T233_UAV_0,BS_4,LEO_0,967.226898,967.155711,0.016995,0.014678,0.197568
233,T233_UAV_11,BS_4,HAP_0,1157.34693,1157.162758,0.030863,0.028304,0.125026
234,T234_UAV_8,BS_4,LEO_1,262.599741,262.547072,0.00355,0.004339,0.223901
234,T234_UAV_11,BS_4,LEO_0,349.338911,349.266286,0.007649,0.005467,0.29755
234,T234_UAV_18,BS_2,HAP_0,488.314479,488.128782,0.027664,0.018753,0.196397
234,T234_UAV_1,BS_0,HAP_1,367.497658,367.416319,0.002553,0.020137,0.293246
234,T234_UAV_12,BS_0,HAP_2,405.419147,405.339726,0.004076,0.019799,0.277731
234,T234_UAV_15,BS_2,LEO_1,434.331143,434.27355,0.006493,0.006321,0.223901
234,T234_UAV_10,BS_2,LEO_0,442.922928,442.846197,0.010792,0.006429,0.29755
234,T234_UAV_14,BS_0,HAP_0,710.553289,710.376512,0.02893,0.008567,0.196397
234,T234_UAV_9,BS_1,LEO_1,479.388611,479.329913,0.005762,0.008157,0.223901
234,T234_UAV_3,BS_2,HAP_1,536.346211,536.265075,0.005511,0.016976,0.293246
234,T234_UAV_2,BS_4,LEO_0,669.645627,669.553631,0.015399,0.017087,0.29755
234,T234_UAV_13,BS_1,HAP_2,672.610802,672.533741,0.007263,0.014252,0.277731
234,T234_UAV_19,BS_0,BS_3,735.19487,734.973799,0.055903,0.015851,0.246586
234,T234_UAV_0,BS_4,HAP_0,1014.983198,1014.786764,0.029636,0.027518,0.196397
234,T234_UAV_17,BS_2,BS_4,767.432029,767.199875,0.057916,0.022209,0.260145
234,T234_UAV_7,BS_0,HAP_0,1263.116798,1262.923311,0.031092,0.023116,0.196397
235,T235_UAV_14,BS_0,LEO_1,829.895967,829.700756,0.044181,0.013254,0.188882
235,T235_UAV_10,BS_2,LEO_1,1016.854062,1016.645099,0.04598,0.025206,0.188882
235,T235_UAV_18,BS_2,LEO_0,240.424215,240.332616,0.016801,0.005402,0.346974
235,T235_UAV_1,BS_0,LEO_1,1096.045939,1095.846161,0.044822,0.01718,0.188882
235,T235_UAV_8,BS_4,BS_3,365.570104,365.38234,0.032815,0.014704,0.201223
235,T235_UAV_6,BS_0,HAP_1,397.966559,397.869,0.003545,0.0191,0.374569
235,T235_UAV_12,BS_0,LEO_1,1215.383242,1215.191176,0.046526,0.007764,0.188882
235,T235_UAV_4,BS_2,BS_1,490.595517,490.334022,0.040621,0.062399,0.292379
235,T235_UAV_0,BS_4,LEO_1,1309.080388,1308.871337,0.047164,0.02411,0.188882
235,T235_UAV_13,BS_1,LEO_1,1550.479698,1550.287193,0.048236,0.006493,0.188882
235,T235_UAV_7,BS_0,LEO_1,1866.328165,1866.117104,0.049204,0.02408,0.188882
235,T235_UAV_11,BS_4,LEO_1,2371.773127,2371.576378,0.052671,0.0063,0.188882
235,T235_UAV_19,BS_0,LEO_1,2564.231949,2564.035087,0.053934,0.005151,0.188882
235,T235_UAV_5,BS_4,LEO_1,2663.433378,2663.219523,0.054499,0.02158,0.188882
235,T235_UAV_9,BS_1,LEO_1,2872.491741,2872.281422,0.053653,0.018889,0.188882
236,T236_UAV_11,BS_4,LEO_1,105.442548,105.186428,0.043898,0.015647,0.482873
236,T236_UAV_16,BS_1,HAP_1,696.718721,696.552841,0.029513,0.007229,0.145692
236,T236_UAV_7,BS_0,LEO_0,117.322328,117.076774,0.046365,0.033496,0.328463
236,T236_UAV_9,BS_1,HAP_0,176.75628,176.505712,0.02589,0.026,0.493386
236,T236_UAV_0,BS_4,HAP_1,962.405759,962.241128,0.031001,0.004492,0.145692
236,T236_UAV_10,BS_2,BS_3,956.832892,956.603229,0.069748,0.007086,0.264147
236,T236_UAV_17,BS_2,HAP_1,996.498591,996.33381,0.03106,0.004582,0.145692
236,T236_UAV_12,BS_0,BS_1,969.722253,969.476982,0.070552,0.034128,0.202955
236,T236_UAV_6,BS_0,HAP_1,1603.433879,1603.265526,0.032696,0.006519,0.145692
236,T236_UAV_1,BS_0,BS_3,1120.849638,1120.602972,0.079993,0.013845,0.264147
236,T236_UAV_8,BS_4,BS_1,1258.218621,1257.919939,0.088571,0.06952,0.202955
236,T236_UAV_3,BS_2,HAP_1,1839.097432,1838.913773,0.036988,0.017533,0.145692
236,T236_UAV_2,BS_2,HAP_1,2176.389568,2176.202358,0.038008,0.020065,0.145692
237,T237_UAV_12,BS_0,LEO_1,315.918526,315.673499,0.044447,0.009985,0.452974
237,T237_UAV_13,BS_1,LEO_0,396.125994,395.925047,0.048652,0.009584,0.213555
237,T237_UAV_14,BS_0,HAP_0,594.869468,594.678813,0.0286,0.023893,0.190809
237,T237_UAV_10,BS_2,HAP_1,437.47538,437.257499,0.029431,0.005924,0.412629
237,T237_UAV_11,BS_4,HAP_2,450.056456,449.872039,0.029777,0.016372,0.191342
237,T237_UAV_2,BS_2,LEO_0,465.378868,465.159089,0.050679,0.026389,0.213555
237,T237_UAV_0,BS_4,LEO_1,477.10303,476.817343,0.046898,0.048194,0.452974
237,T237_UAV_18,BS_2,HAP_0,763.04047,762.856557,0.029574,0.016177,0.190809
237,T237_UAV_7,BS_0,HAP_1,545.889412,545.643145,0.02904,0.034701,0.412629
237,T237_UAV_3,BS_2,HAP_2,555.861654,555.682233,0.032452,0.008701,0.191342
237,T237_UAV_19,BS_0,LEO_1,621.08637,620.834422,0.048873,0.01248,0.452974
237,T237_UAV_16,BS_1,LEO_0,720.563106,720.347215,0.05585,0.01733,0.213555
237,T237_UAV_6,BS_0,BS_3,746.181712,745.918411,0.056587,0.02918,0.387675
237,T237_UAV_9,BS_1,BS_4,763.085751,762.832141,0.057643,0.03817,0.288984
237,T237_UAV_8,BS_4,HAP_0,1099.375878,1099.171944,0.031081,0.034692,0.190809
238,T238_UAV_18,BS_2,LEO_1,345.650467,345.472883,0.043703,0.007016,0.134326
238,T238_UAV_1,BS_0,LEO_0,243.811784,243.612479,0.044239,0.009165,0.229506
238,T238_UAV_10,BS_2,HAP_1,266.643353,266.436323,0.027702,0.034096,0.22616
238,T238_UAV_14,BS_0,HAP_0,299.723559,299.526434,0.027086,0.020848,0.245956
238,T238_UAV_5,BS_4,LEO_1,395.918079,395.735352,0.043765,0.012096,0.134326
238,T238_UAV_19,BS_0,HAP_2,399.807173,399.6056,0.029015,0.01756,0.274988
238,T238_UAV_6,BS_0,LEO_0,477.137166,476.923945,0.050025,0.017295,0.229506
238,T238_UAV_0,BS_4,LEO_1,715.242792,715.047269,0.046854,0.021804,0.134326
238,T238_UAV_9,BS_1,HAP_0,530.833552,530.647085,0.027232,0.010044,0.245956
238,T238_UAV_13,BS_1,HAP_1,575.595817,575.410194,0.03037,0.010021,0.22616
238,T238_UAV_15,BS_2,HAP_2,604.226598,604.022333,0.032117,0.017151,0.274988
238,T238_UAV_3,BS_2,LEO_0,605.429673,605.222977,0.055167,0.005628,0.229506
238,T238_UAV_17,BS_2,LEO_1,991.008064,990.811518,0.050575,0.019105,0.134326
238,T238_UAV_8,BS_4,LEO_1,1024.406493,1024.201335,0.04921,0.029082,0.134326
238,T238_UAV_2,BS_2,BS_3,201.491079,201.283188,0.022564,0.028444,0.284412
239,T239_UAV_3,BS_2,LEO_1,227.778896,227.583465,0.043748,0.007872,0.219058
239,T239_UAV_11,BS_4,LEO_0,308.154049,308.084925,0.006755,0.014751,0.238088
239,T239_UAV_13,BS_1,HAP_0,884.721297,884.553443,0.028643,0.010584,0.143137
239,T239_UAV_14,BS_0,HAP_1,513.836449,513.63273,0.02833,0.029314,0.230378
239,T239_UAV_6,BS_0,HAP_2,513.315414,513.248001,0.004988,0.01282,0.248023
239,T239_UAV_18,BS_2,LEO_1,517.974561,517.748034,0.048473,0.034242,0.219058
239,T239_UAV_0,BS_4,LEO_0,521.740029,521.652693,0.011829,0.027889,0.238088
239,T239_UAV_1,BS_0,HAP_0,1130.933379,1130.764292,0.030315,0.010144,0.143137
239,T239_UAV_7,BS_0,HAP_1,559.604896,559.387219,0.029143,0.042458,0.230378
239,T239_UAV_4,BS_3,LEO_1,574.32999,574.119902,0.049171,0.017105,0.219058
239,T239_UAV_10,BS_2,LEO_0,644.530842,644.443828,0.015716,0.02368,0.238088
239,T239_UAV_16,BS_1,HAP_2,733.61152,733.523858,0.008106,0.029952,0.248023
239,T239_UAV_5,BS_4,HAP_0,1254.286852,1254.094786,0.030628,0.03281,0.143137
239,T239_UAV_15,BS_2,HAP_0,1366.721471,1366.554867,0.031238,0.006739,0.143137
239,T239_UAV_12,BS_0,HAP_0,1436.238116,1436.069824,0.032668,0.006996,0.143137
239,T239_UAV_17,BS_2,BS_4,201.601122,201.405834,0.022572,0.016064,0.283261
240,T240_UAV_16,BS_1,LEO_1,280.232038,280.162109,0.003066,0.023304,0.217796
240,T240_UAV_8,BS_4,LEO_0,240.990243,240.905446,0.005049,0.026231,0.26758
240,T240_UAV_17,BS_2,HAP_1,433.825864,433.651616,0.028378,0.006543,0.196636
240,T240_UAV_4,BS_3,HAP_2,360.791712,360.612518,0.02943,0.009385,0.20189
240,T240_UAV_15,BS_2,HAP_0,420.734523,420.500442,0.027497,0.02433,0.411272
240,T240_UAV_10,BS_2,LEO_1,544.523018,544.456892,0.006803,0.015764,0.217796
240,T240_UAV_0,BS_4,LEO_0,464.91962,464.850776,0.010544,0.004784,0.26758
240,T240_UAV_5,BS_4,HAP_1,506.020495,505.819565,0.028867,0.032736,0.196636
240,T240_UAV_14,BS_0,LEO_1,655.893244,655.814607,0.006767,0.02831,0.217796
240,T240_UAV_3,BS_2,LEO_0,497.251016,497.18109,0.012466,0.003944,0.26758
240,T240_UAV_9,BS_1,HAP_0,510.39766,510.180358,0.027138,0.007909,0.411272
240,T240_UAV_19,BS_0,HAP_2,579.708616,579.523078,0.030805,0.014355,0.20189
240,T240_UAV_6,BS_0,BS_1,670.018007,669.778718,0.05183,0.047567,0.199457
240,T240_UAV_11,BS_4,LEO_1,949.470769,949.404686,0.010539,0.011984,0.217796
240,T240_UAV_2,BS_2,HAP_1,1160.552293,1160.368165,0.033932,0.010869,0.196636
241,T241_UAV_0,BS_4,LEO_1,227.044203,226.837791,0.04328,0.018591,0.222702
241,T241_UAV_8,BS_4,LEO_0,529.247152,529.060581,0.045441,0.003585,0.187723
241,T241_UAV_16,BS_1,HAP_0,249.369579,249.164796,0.026182,0.024945,0.268283
241,T241_UAV_13,BS_1,HAP_1,282.912103,282.706074,0.027624,0.0216,0.284024
241,T241_UAV_6,BS_0,LEO_0,556.7729,556.578157,0.045755,0.011443,0.187723
241,T241_UAV_9,BS_1,HAP_2,378.361242,378.289637,0.003405,0.019678,0.242608
241,T241_UAV_2,BS_2,LEO_0,644.069496,643.874985,0.047189,0.009777,0.187723
241,T241_UAV_17,BS_2,LEO_1,420.767412,420.561302,0.046831,0.014738,0.222702
241,T241_UAV_14,BS_0,LEO_0,759.641987,759.444004,0.047507,0.012931,0.187723
241,T241_UAV_3,BS_2,HAP_0,440.29634,440.093313,0.028157,0.021213,0.268283
241,T241_UAV_1,BS_0,HAP_1,518.247534,518.043556,0.02858,0.018594,0.284024
241,T241_UAV_11,BS_4,LEO_1,600.122818,599.912704,0.048418,0.017156,0.222702
241,T241_UAV_4,BS_3,HAP_2,713.346281,713.259524,0.008769,0.029466,0.242608
241,T241_UAV_7,BS_0,BS_3,773.967626,773.728266,0.058324,0.020616,0.302102
241,T241_UAV_15,BS_2,LEO_0,1127.178312,1126.96642,0.052685,0.021662,0.187723
241,T241_UAV_10,BS_2,LEO_0,1632.365479,1632.162383,0.059235,0.006316,0.187723
241,T241_UAV_12,BS_0,LEO_0,1770.847929,1770.635758,0.058609,0.016018,0.187723
242,T242_UAV_6,BS_0,LEO_1,219.346898,219.122893,0.043027,0.018772,0.311029
242,T242_UAV_12,BS_0,LEO_0,169.72681,169.47289,0.045227,0.031054,0.388192
242,T242_UAV_7,BS_0,HAP_1,362.830204,362.641942,0.027316,0.017321,0.21812
242,T242_UAV_19,BS_0,HAP_0,494.692778,494.467172,0.028077,0.046275,0.256268
242,T242_UAV_15,BS_2,HAP_2,345.576947,345.505272,0.004076,0.005634,0.309824
242,T242_UAV_9,BS_1,LEO_1,509.310141,509.074616,0.046097,0.027221,0.311029
242,T242_UAV_17,BS_2,HAP_1,577.87247,577.687768,0.02949,0.011587,0.21812
242,T242_UAV_5,BS_4,LEO_0,432.191674,431.946126,0.053973,0.013937,0.388192
242,T242_UAV_10,BS_2,HAP_0,1053.769249,1053.551144,0.030528,0.036323,0.256268
242,T242_UAV_14,BS_0,LEO_1,703.38253,703.147411,0.049142,0.023771,0.311029
242,T242_UAV_1,BS_0,HAP_2,787.30265,787.224459,0.005408,0.010818,0.309824
242,T242_UAV_13,BS_1,HAP_0,1091.787167,1091.594537,0.029734,0.011643,0.256268
242,T242_UAV_4,BS_3,HAP_1,893.830919,893.642655,0.03148,0.01316,0.21812
242,T242_UAV_18,BS_2,HAP_0,1235.482347,1235.247259,0.031803,0.052031,0.256268
243,T243_UAV_2,BS_2,LEO_1,604.675636,604.473232,0.04386,0.019756,0.193941
243,T243_UAV_19,BS_0,LEO_0,256.76109,256.543798,0.045456,0.007265,0.322858
243,T243_UAV_0,BS_4,LEO_1,787.890822,787.696012,0.044933,0.011089,0.193941
243,T243_UAV_17,BS_2,HAP_1,362.053293,361.840031,0.028336,0.030574,0.271759
243,T243_UAV_10,BS_2,HAP_0,551.054767,550.847425,0.028149,0.021504,0.288448
243,T243_UAV_15,BS_2,HAP_2,507.163327,506.977131,0.030976,0.009292,0.229643
243,T243_UAV_14,BS_0,LEO_0,522.119578,521.884811,0.050447,0.019749,0.322858
243,T243_UAV_8,BS_4,LEO_1,1188.064317,1187.846549,0.04702,0.03196,0.193941
243,T243_UAV_16,BS_1,LEO_1,1268.744403,1268.519582,0.047645,0.038389,0.193941
243,T243_UAV_5,BS_4,HAP_0,858.695865,858.486542,0.029462,0.022171,0.288448
243,T243_UAV_6,BS_0,HAP_1,581.784124,581.593682,0.028938,0.007153,0.271759
243,T243_UAV_4,BS_3,HAP_2,625.635723,625.443129,0.032676,0.013989,0.229643
243,T243_UAV_13,BS_1,LEO_0,655.199931,654.949799,0.054229,0.031332,0.322858
243,T243_UAV_3,BS_2,BS_1,668.10514,667.862684,0.051711,0.034244,0.282503
243,T243_UAV_7,BS_0,LEO_1,1303.395264,1303.187131,0.04734,0.022005,0.193941
243,T243_UAV_12,BS_0,LEO_1,1546.509098,1546.304244,0.049464,0.016602,0.193941
243,T243_UAV_9,BS_1,HAP_0,1105.577216,1105.375319,0.029206,0.015002,0.288448
243,T243_UAV_11,BS_4,LEO_1,1615.692622,1615.484722,0.049862,0.01925,0.193941
243,T243_UAV_18,BS_2,LEO_1,1820.393135,1820.186019,0.052612,0.015717,0.193941
243,T243_UAV_1,BS_0,LEO_1,1822.101378,1821.889189,0.049071,0.024331,0.193941
244,T244_UAV_12,BS_0,LEO_1,222.50281,222.230885,0.044425,0.0444,0.415498
244,T244_UAV_18,BS_2,LEO_0,707.182423,707.117316,0.009694,0.018405,0.185041
244,T244_UAV_11,BS_4,HAP_0,602.387178,602.292251,0.003053,0.04593,0.229722
244,T244_UAV_3,BS_2,HAP_2,618.748441,618.695125,0.006674,0.00653,0.200559
244,T244_UAV_7,BS_0,HAP_1,478.627827,478.409045,0.028545,0.029157,0.305401
244,T244_UAV_13,BS_1,LEO_0,781.262297,781.186313,0.009396,0.02958,0.185041
244,T244_UAV_9,BS_1,LEO_1,327.702775,327.450125,0.045498,0.024052,0.415498
244,T244_UAV_16,BS_1,LEO_0,792.845939,792.779016,0.009646,0.020268,0.185041
244,T244_UAV_6,BS_0,HAP_0,673.287551,673.218053,0.004239,0.019315,0.229722
244,T244_UAV_8,BS_4,HAP_2,710.589563,710.516249,0.005762,0.027441,0.200559
244,T244_UAV_4,BS_3,HAP_1,546.478756,546.257417,0.02965,0.030609,0.305401
244,T244_UAV_19,BS_0,LEO_0,1005.903762,1005.838645,0.011884,0.016226,0.185041
244,T244_UAV_15,BS_2,LEO_0,1039.860124,1039.796686,0.013269,0.01316,0.185041
244,T244_UAV_5,BS_4,HAP_0,989.215097,989.115894,0.005155,0.048104,0.229722
244,T244_UAV_17,BS_2,HAP_2,1067.258393,1067.189352,0.011061,0.017868,0.200559
244,T244_UAV_10,BS_2,LEO_0,1389.001003,1388.928227,0.018585,0.017183,0.185041
245,T245_UAV_12,BS_0,LEO_1,69.512421,69.243172,0.042571,0.054043,0.363176
245,T245_UAV_18,BS_2,LEO_0,286.589694,286.363902,0.045542,0.023309,0.284702
245,T245_UAV_16,BS_1,HAP_1,946.460319,946.379871,0.005539,0.037588,0.1866
245,T245_UAV_19,BS_0,LEO_0,350.23609,350.022252,0.045784,0.011114,0.284702
245,T245_UAV_7,BS_0,HAP_1,1051.77029,1051.719985,0.004997,0.007988,0.1866
245,T245_UAV_4,BS_3,HAP_0,347.538643,347.46113,0.003666,0.010668,0.31589
245,T245_UAV_14,BS_0,HAP_2,387.063034,386.990485,0.004816,0.007712,0.30011
245,T245_UAV_0,BS_2,LEO_0,614.443203,614.206256,0.05082,0.029186,0.284702
245,T245_UAV_1,BS_0,HAP_1,1289.380959,1289.317328,0.005825,0.020486,0.1866
245,T245_UAV_3,BS_2,HAP_1,1351.600166,1351.542679,0.007941,0.012226,0.1866
245,T245_UAV_2,BS_2,LEO_0,1033.255303,1033.015981,0.058404,0.023978,0.284702
245,T245_UAV_9,BS_1,HAP_1,1789.3225,1789.256473,0.009896,0.018811,0.1866
245,T245_UAV_8,BS_4,HAP_1,1798.500905,1798.433362,0.008717,0.021506,0.1866
245,T245_UAV_15,BS_2,HAP_1,1859.75468,1859.697589,0.010622,0.00915,0.1866
245,T245_UAV_6,BS_0,HAP_1,3119.715684,3119.634494,0.013926,0.029944,0.1866
246,T246_UAV_9,BS_1,LEO_1,238.502257,238.282003,0.042846,0.009467,0.339703
246,T246_UAV_19,BS_0,LEO_0,368.71503,368.640756,0.006097,0.017257,0.254602
246,T246_UAV_13,BS_1,HAP_0,332.977233,332.776678,0.026729,0.009492,0.321664
246,T246_UAV_7,BS_0,HAP_1,338.001496,337.763153,0.027502,0.016829,0.470056
246,T246_UAV_17,BS_2,HAP_2,345.315926,345.119262,0.029398,0.018491,0.243872
246,T246_UAV_6,BS_0,LEO_1,369.137948,368.902786,0.045118,0.022103,0.339703
246,T246_UAV_15,BS_2,LEO_0,542.994161,542.924332,0.009761,0.009147,0.254602
246,T246_UAV_5,BS_4,HAP_0,423.688811,423.459257,0.027508,0.037713,0.321664
246,T246_UAV_11,BS_4,LEO_0,596.532718,596.465734,0.010183,0.005881,0.254602
246,T246_UAV_18,BS_2,HAP_1,519.561913,519.303452,0.030423,0.034027,0.470056
246,T246_UAV_14,BS_0,HAP_2,551.470773,551.288071,0.02989,0.004038,0.243872
246,T246_UAV_10,BS_2,LEO_1,593.029413,592.791781,0.049408,0.020283,0.339703
246,T246_UAV_2,BS_2,BS_1,658.886394,658.65912,0.051136,0.018588,0.287753
246,T246_UAV_3,BS_2,BS_3,716.936813,716.650004,0.054758,0.028705,0.516726
246,T246_UAV_12,BS_0,BS_4,727.15066,726.862552,0.055396,0.060122,0.36295
246,T246_UAV_0,BS_2,LEO_0,1047.843118,1047.751887,0.018483,0.021828,0.254602
247,T247_UAV_18,BS_2,LEO_1,352.29596,352.092875,0.044541,0.024941,0.168012
247,T247_UAV_10,BS_2,LEO_0,411.056599,410.851714,0.047757,0.020108,0.185101
247,T247_UAV_5,BS_4,HAP_0,475.795169,475.71989,0.002496,0.021736,0.255235
247,T247_UAV_16,BS_1,HAP_1,451.463023,451.260377,0.029536,0.008064,0.325228
247,T247_UAV_13,BS_1,HAP_2,558.787843,558.727543,0.005878,0.006479,0.239716
247,T247_UAV_3,BS_2,LEO_1,596.398345,596.175495,0.04771,0.041538,0.168012
247,T247_UAV_9,BS_1,LEO_0,666.075517,665.865949,0.050138,0.02241,0.185101
247,T247_UAV_7,BS_0,HAP_0,952.926156,952.836811,0.005029,0.03327,0.255235
247,T247_UAV_1,BS_0,LEO_1,859.405158,859.184342,0.047478,0.039736,0.168012
247,T247_UAV_6,BS_0,HAP_2,648.865411,648.786372,0.006363,0.024733,0.239716
247,T247_UAV_15,BS_2,LEO_0,922.783148,922.561333,0.056574,0.028221,0.185101
247,T247_UAV_11,BS_4,HAP_1,725.324876,725.107756,0.031417,0.020658,0.325228
247,T247_UAV_19,BS_0,LEO_1,974.075395,973.8473,0.050882,0.043611,0.168012
247,T247_UAV_8,BS_4,LEO_0,994.579194,994.379441,0.056212,0.006521,0.185101
247,T247_UAV_0,BS_2,HAP_0,1152.198173,1152.129245,0.005698,0.012183,0.255235
248,T248_UAV_8,BS_4,LEO_0,820.143359,819.922528,0.046958,0.035789,0.190424
248,T248_UAV_19,BS_0,LEO_1,444.838238,444.623308,0.046275,0.018281,0.251866
248,T248_UAV_18,BS_2,LEO_0,849.862076,849.661452,0.048406,0.014133,0.190424
248,T248_UAV_7,BS_0,HAP_0,538.283028,538.217188,0.003222,0.006482,0.280677
248,T248_UAV_9,BS_1,HAP_1,550.145967,549.948979,0.030106,0.008896,0.289934
248,T248_UAV_12,BS_0,HAP_2,585.090843,585.019374,0.005876,0.00814,0.28726
248,T248_UAV_0,BS_2,LEO_0,1176.813445,1176.619543,0.050701,0.005116,0.190424
248,T248_UAV_11,BS_4,LEO_1,593.720141,593.508386,0.048346,0.013036,0.251866
248,T248_UAV_14,BS_0,LEO_0,1262.107157,1261.895134,0.050324,0.023613,0.190424
248,T248_UAV_13,BS_1,HAP_0,629.599125,629.512166,0.003271,0.027552,0.280677
248,T248_UAV_3,BS_2,HAP_1,725.198485,724.973336,0.03232,0.034843,0.289934
248,T248_UAV_17,BS_2,LEO_1,761.903628,761.676294,0.052364,0.024597,0.251866
248,T248_UAV_10,BS_2,LEO_0,1398.48358,1398.281851,0.053518,0.010126,0.190424
248,T248_UAV_2,BS_2,HAP_2,795.479745,795.390089,0.009169,0.023034,0.28726
248,T248_UAV_4,BS_3,LEO_0,1793.837566,1793.605898,0.057064,0.036519,0.190424
248,T248_UAV_6,BS_0,LEO_0,1912.453509,1912.238528,0.056376,0.02052,0.190424
248,T248_UAV_5,BS_4,LEO_0,1972.750501,1972.547692,0.057732,0.006992,0.190424
248,T248_UAV_15,BS_2,LEO_0,2317.295058,2317.081724,0.061422,0.013827,0.190424
249,T249_UAV_4,BS_3,LEO_1,317.092716,317.01803,0.00398,0.025501,0.226023
249,T249_UAV_14,BS_0,LEO_0,164.321965,164.090352,0.044722,0.008872,0.390095
249,T249_UAV_0,BS_2,HAP_1,1046.777958,1046.585513,0.030584,0.023976,0.189428
249,T249_UAV_15,BS_2,HAP_0,161.131972,161.043085,0.00121,0.018556,0.345607
249,T249_UAV_2,BS_2,HAP_2,182.16639,182.080544,0.003121,0.010263,0.362307
249,T249_UAV_19,BS_0,HAP_1,1227.393855,1227.196471,0.029898,0.0296,0.189428
249,T249_UAV_1,BS_0,LEO_1,630.715624,630.6586,0.005497,0.006323,0.226023
249,T249_UAV_3,BS_2,HAP_1,1259.796459,1259.598449,0.031879,0.028246,0.189428
249,T249_UAV_11,BS_4,LEO_0,459.154136,458.878815,0.054554,0.042748,0.390095
249,T249_UAV_16,BS_1,HAP_1,1432.697866,1432.487061,0.032801,0.040119,0.189428
249,T249_UAV_5,BS_4,LEO_1,800.498226,800.423564,0.009129,0.020328,0.226023
249,T249_UAV_13,BS_1,LEO_1,960.733263,960.65616,0.010404,0.021494,0.226023
249,T249_UAV_8,BS_4,HAP_1,2236.243645,2236.044629,0.035248,0.025883,0.189428
249,T249_UAV_10,BS_2,HAP_1,3082.853958,3082.650851,0.042082,0.023139,0.189428
249,T249_UAV_17,BS_2,HAP_1,3135.053823,3134.855143,0.041097,0.019697,0.189428
249,T249_UAV_6,BS_0,HAP_1,3455.119567,3454.911823,0.039611,0.030248,0.189428
249,T249_UAV_9,BS_1,HAP_1,3510.838265,3510.6092,0.04321,0.04797,0.189428
249,T249_UAV_12,BS_0,HAP_1,3856.192739,3855.985502,0.041732,0.027619,0.189428
250,T250_UAV_14,BS_0,LEO_1,300.457663,300.368328,0.003105,0.033317,0.264565
250,T250_UAV_8,BS_4,LEO_0,190.359614,190.122346,0.045727,0.008359,0.415911
250,T250_UAV_9,BS_1,HAP_0,584.891033,584.725336,0.027072,0.005424,0.166006
250,T250_UAV_13,BS_1,HAP_2,442.49353,442.319961,0.028835,0.004986,0.198738
250,T250_UAV_0,BS_2,LEO_1,411.840866,411.775362,0.004728,0.007864,0.264565
250,T250_UAV_12,BS_0,HAP_0,671.870635,671.680118,0.028797,0.028519,0.166006
250,T250_UAV_11,BS_4,HAP_1,374.781882,374.51888,0.029653,0.032388,0.504807
250,T250_UAV_4,BS_3,HAP_2,571.815074,571.629808,0.030698,0.014821,0.198738
250,T250_UAV_7,BS_0,LEO_1,639.026009,638.936665,0.006489,0.029942,0.264565
250,T250_UAV_17,BS_2,LEO_0,521.294944,521.028678,0.058456,0.024627,0.415911
250,T250_UAV_5,BS_4,BS_1,589.95295,589.704274,0.046828,0.042453,0.296974
250,T250_UAV_16,BS_1,BS_4,630.979929,630.734772,0.049391,0.037676,0.29045
250,T250_UAV_1,BS_0,HAP_0,1023.910124,1023.727609,0.030138,0.019177,0.166006
250,T250_UAV_2,BS_2,LEO_1,850.667346,850.596442,0.009955,0.008036,0.264565
250,T250_UAV_6,BS_0,HAP_2,1128.783576,1128.606173,0.034277,0.003378,0.198738
250,T250_UAV_3,BS_2,HAP_0,1569.525658,1569.333333,0.033917,0.025207,0.166006
251,T251_UAV_15,BS_2,LEO_1,250.832262,250.742449,0.003736,0.012925,0.365754
251,T251_UAV_16,BS_1,LEO_0,518.234478,518.023528,0.046289,0.020412,0.22124
251,T251_UAV_0,BS_2,HAP_0,331.722863,331.49413,0.026844,0.023595,0.391471
251,T251_UAV_9,BS_1,HAP_1,451.665681,451.420448,0.029201,0.035769,0.401317
251,T251_UAV_2,BS_2,LEO_0,680.804919,680.593244,0.048602,0.018825,0.22124
251,T251_UAV_1,BS_0,HAP_2,505.793071,505.575454,0.028482,0.018915,0.351097
251,T251_UAV_19,BS_0,LEO_1,575.065398,574.962157,0.008101,0.02199,0.365754
251,T251_UAV_4,BS_3,LEO_0,1058.29882,1058.074385,0.053904,0.026283,0.22124
251,T251_UAV_17,BS_2,LEO_1,683.985151,683.877186,0.011104,0.02371,0.365754
251,T251_UAV_6,BS_0,HAP_0,695.704828,695.484993,0.030096,0.011444,0.391471
251,T251_UAV_14,BS_0,HAP_1,702.84762,702.622149,0.029594,0.015612,0.401317
251,T251_UAV_13,BS_1,LEO_0,1066.951873,1066.735564,0.052733,0.019327,0.22124
251,T251_UAV_3,BS_2,HAP_2,712.974027,712.760471,0.03448,0.008856,0.351097
251,T251_UAV_11,BS_4,BS_3,716.625623,716.346375,0.054739,0.033575,0.454663
251,T251_UAV_10,BS_2,BS_4,730.16667,729.860792,0.055584,0.058492,0.459018
251,T251_UAV_12,BS_0,BS_1,797.558384,797.277292,0.059795,0.04098,0.401586
251,T251_UAV_7,BS_0,LEO_0,1179.28749,1179.070576,0.05319,0.019476,0.22124
251,T251_UAV_18,BS_2,LEO_0,1486.076923,1485.840467,0.060412,0.031797,0.22124
252,T252_UAV_11,BS_4,LEO_1,615.505884,615.313592,0.043764,0.014394,0.170673
252,T252_UAV_0,BS_2,LEO_0,345.548171,345.307038,0.047846,0.031585,0.308506
252,T252_UAV_9,BS_1,HAP_0,351.512698,351.313728,0.026442,0.014934,0.287975
252,T252_UAV_1,BS_0,HAP_1,377.114401,376.916403,0.027585,0.022057,0.241772
252,T252_UAV_5,BS_4,HAP_2,440.09792,439.890756,0.029851,0.020522,0.283955
252,T252_UAV_8,BS_4,LEO_1,1454.494218,1454.292491,0.048587,0.019005,0.170673
252,T252_UAV_13,BS_1,LEO_0,651.225172,650.998488,0.054005,0.010978,0.308506
252,T252_UAV_12,BS_0,HAP_1,505.881972,505.696947,0.028577,0.008094,0.241772
252,T252_UAV_10,BS_2,HAP_0,516.331419,516.136563,0.028339,0.008923,0.287975
252,T252_UAV_16,BS_1,LEO_1,1599.441051,1599.231448,0.049636,0.025833,0.170673
252,T252_UAV_19,BS_0,HAP_2,658.656483,658.445529,0.031461,0.022702,0.283955
252,T252_UAV_18,BS_2,LEO_0,673.048602,672.783211,0.056892,0.046798,0.308506
252,T252_UAV_6,BS_0,BS_3,699.318965,699.054128,0.053659,0.028082,0.415478
252,T252_UAV_7,BS_0,LEO_1,1647.657937,1647.467612,0.049342,0.00685,0.170673
252,T252_UAV_17,BS_2,LEO_1,1717.268716,1717.076163,0.051785,0.006634,0.170673
252,T252_UAV_4,BS_3,LEO_1,1778.129539,1777.928698,0.052038,0.014669,0.170673
252,T252_UAV_15,BS_2,LEO_1,2120.206034,2119.997753,0.053568,0.020578,0.170673
252,T252_UAV_3,BS_2,LEO_1,2394.871834,2394.671375,0.056639,0.009685,0.170673
252,T252_UAV_14,BS_0,LEO_1,2396.637961,2396.427815,0.053778,0.022233,0.170673
253,T253_UAV_13,BS_1,LEO_0,236.725581,236.523042,0.045074,0.018207,0.196287
253,T253_UAV_4,BS_3,LEO_1,328.364488,328.095973,0.045227,0.034288,0.445
253,T253_UAV_2,BS_2,HAP_0,306.908173,306.734032,0.026866,0.007153,0.200609
253,T253_UAV_14,BS_0,HAP_1,389.44518,389.26235,0.027548,0.022169,0.165563
253,T253_UAV_12,BS_0,HAP_2,404.589809,404.521303,0.004062,0.023985,0.202298
253,T253_UAV_11,BS_4,LEO_1,448.5077,448.25583,0.046311,0.016559,0.445
253,T253_UAV_17,BS_2,LEO_0,453.004067,452.783097,0.05105,0.030664,0.196287
253,T253_UAV_6,BS_0,HAP_1,509.023934,508.837985,0.028457,0.024379,0.165563
253,T253_UAV_15,BS_2,LEO_0,511.681628,511.464609,0.051834,0.025928,0.196287
253,T253_UAV_7,BS_0,HAP_0,596.987767,596.787701,0.028585,0.03136,0.200609
253,T253_UAV_0,BS_2,HAP_2,599.84184,599.788171,0.006898,0.006311,0.202298
253,T253_UAV_1,BS_0,BS_4,677.563883,677.327529,0.052302,0.034128,0.249624
253,T253_UAV_5,BS_4,LEO_1,702.938732,702.673388,0.050157,0.026186,0.445
253,T253_UAV_19,BS_0,BS_3,722.161095,721.92489,0.055088,0.014554,0.332815
254,T254_UAV_14,BS_0,LEO_0,291.631851,291.560191,0.004566,0.01554,0.257769
254,T254_UAV_5,BS_4,LEO_1,294.727345,294.505075,0.044253,0.014705,0.316554
254,T254_UAV_1,BS_0,HAP_1,684.975407,684.774988,0.028321,0.03996,0.160688
254,T254_UAV_0,BS_2,HAP_0,398.334182,398.262367,0.001972,0.021395,0.242239
254,T254_UAV_16,BS_1,HAP_2,320.973155,320.902482,0.003522,0.011827,0.276623
254,T254_UAV_2,BS_2,LEO_0,431.685758,431.602214,0.007688,0.024303,0.257769
254,T254_UAV_11,BS_4,LEO_1,377.219143,376.974398,0.045308,0.036127,0.316554
254,T254_UAV_3,BS_2,HAP_0,579.311369,579.250725,0.003621,0.008575,0.242239
254,T254_UAV_17,BS_2,HAP_1,1282.24225,1282.06549,0.032656,0.011966,0.160688
254,T254_UAV_10,BS_2,LEO_0,599.013212,598.927353,0.011338,0.022968,0.257769
254,T254_UAV_12,BS_0,HAP_2,460.882969,460.816685,0.004627,0.006332,0.276623
254,T254_UAV_9,BS_1,BS_4,526.73868,526.509719,0.04288,0.027176,0.294524
254,T254_UAV_18,BS_2,LEO_1,636.11045,635.875665,0.050495,0.020979,0.316554
254,T254_UAV_13,BS_1,BS_3,699.449494,699.165972,0.053666,0.052626,0.386153
254,T254_UAV_7,BS_0,LEO_0,720.506955,720.434323,0.011296,0.009782,0.257769
254,T254_UAV_15,BS_2,HAP_1,1484.999871,1484.814885,0.034367,0.018482,0.160688
254,T254_UAV_6,BS_0,HAP_0,957.334566,957.254274,0.006075,0.025769,0.242239
254,T254_UAV_19,BS_0,HAP_1,1903.541353,1903.36027,0.033536,0.01541,0.160688
254,T254_UAV_4,BS_3,HAP_1,2227.656995,2227.467141,0.037553,0.020163,0.160688
254,T254_UAV_8,BS_4,HAP_1,2300.501877,2300.299058,0.037189,0.033493,0.160688
255,T255_UAV_9,BS_1,LEO_1,233.115781,232.894804,0.042775,0.023927,0.271378
255,T255_UAV_3,BS_2,LEO_0,263.017958,262.914355,0.006565,0.037286,0.298761
255,T255_UAV_5,BS_4,HAP_0,289.848984,289.765501,0.001758,0.026306,0.277092
255,T255_UAV_2,BS_2,HAP_1,320.578867,320.332565,0.027972,0.02788,0.452251
255,T255_UAV_13,BS_1,HAP_2,361.214691,361.128545,0.003738,0.005373,0.385176
255,T255_UAV_17,BS_2,LEO_1,392.93739,392.70518,0.04636,0.031574,0.271378
255,T255_UAV_14,BS_0,LEO_0,473.325454,473.246603,0.009511,0.009588,0.298761
255,T255_UAV_6,BS_0,HAP_0,481.915058,481.848028,0.003546,0.008065,0.277092
255,T255_UAV_0,BS_2,HAP_1,558.435493,558.185638,0.030445,0.028959,0.452251
255,T255_UAV_1,BS_0,LEO_1,562.621807,562.38567,0.046131,0.03573,0.271378
255,T255_UAV_10,BS_2,LEO_0,592.66679,592.553742,0.014484,0.038813,0.298761
255,T255_UAV_15,BS_2,HAP_2,603.121015,603.02073,0.007125,0.016124,0.385176
255,T255_UAV_8,BS_4,BS_3,632.917694,632.655478,0.049511,0.034464,0.391206
255,T255_UAV_19,BS_0,BS_4,692.154643,691.925525,0.053214,0.02066,0.276222
255,T255_UAV_16,BS_1,BS_0,703.817058,703.515261,0.053938,0.067126,0.403665
255,T255_UAV_11,BS_4,BS_1,788.975447,788.698556,0.059259,0.047052,0.352906
256,T256_UAV_18,BS_2,LEO_1,547.161872,547.074921,0.007104,0.033176,0.233355
256,T256_UAV_5,BS_4,HAP_0,780.953912,780.763565,0.028624,0.024986,0.183684
256,T256_UAV_16,BS_1,LEO_0,164.269101,164.170973,0.010006,0.015708,0.362072
256,T256_UAV_2,BS_2,HAP_2,539.179537,538.997045,0.03121,0.005172,0.230554
256,T256_UAV_3,BS_2,HAP_1,271.778992,271.526806,0.028908,0.045733,0.387723
256,T256_UAV_7,BS_0,HAP_0,873.977951,873.784611,0.029027,0.027576,0.183684
256,T256_UAV_10,BS_2,LEO_1,888.011662,887.922504,0.011091,0.031396,0.233355
256,T256_UAV_1,BS_0,LEO_1,901.57733,901.47992,0.007876,0.042862,0.233355
256,T256_UAV_17,BS_2,HAP_2,753.9877,753.786517,0.034554,0.020519,0.230554
256,T256_UAV_4,BS_3,LEO_1,1052.078978,1051.999894,0.013197,0.019216,0.233355
256,T256_UAV_9,BS_1,HAP_0,1764.799686,1764.622229,0.03093,0.00979,0.183684
256,T256_UAV_13,BS_1,HAP_0,1902.045388,1901.844292,0.032757,0.031603,0.183684
256,T256_UAV_12,BS_0,HAP_0,1935.469575,1935.290701,0.035172,0.006965,0.183684
257,T257_UAV_3,BS_2,LEO_1,443.047705,442.842654,0.045715,0.012674,0.233317
257,T257_UAV_4,BS_3,LEO_0,493.118279,492.890168,0.049121,0.028345,0.253226
257,T257_UAV_1,BS_0,HAP_2,601.637904,601.442125,0.028608,0.025501,0.208349
257,T257_UAV_18,BS_2,HAP_0,456.467742,456.263779,0.028228,0.007524,0.341056
257,T257_UAV_2,BS_2,HAP_1,514.354758,514.133731,0.029783,0.02617,0.325374
257,T257_UAV_10,BS_2,LEO_1,612.959411,612.758869,0.047645,0.006233,0.233317
257,T257_UAV_17,BS_2,LEO_0,637.799014,637.578152,0.052042,0.018175,0.253226
257,T257_UAV_5,BS_4,LEO_1,667.525022,667.287464,0.047625,0.043271,0.233317
257,T257_UAV_14,BS_0,HAP_0,533.849886,533.627162,0.02869,0.025823,0.341056
257,T257_UAV_13,BS_1,HAP_2,941.712214,941.533392,0.033065,0.004087,0.208349
257,T257_UAV_8,BS_4,HAP_1,639.220706,639.002724,0.029949,0.022959,0.325374
257,T257_UAV_9,BS_1,LEO_0,863.198721,862.978299,0.053127,0.01665,0.253226
257,T257_UAV_12,BS_0,BS_3,672.348005,672.096533,0.051975,0.019869,0.398137
257,T257_UAV_0,BS_2,BS_4,675.957793,675.682392,0.052199,0.047586,0.37808
257,T257_UAV_19,BS_0,BS_1,692.890221,692.660329,0.05326,0.016792,0.299201
257,T257_UAV_6,BS_0,LEO_1,941.526886,941.297324,0.050428,0.032472,0.233317
257,T257_UAV_16,BS_1,LEO_0,945.217184,944.995444,0.056116,0.014979,0.253226
257,T257_UAV_11,BS_4,HAP_2,1164.860672,1164.67023,0.035347,0.013424,0.208349
258,T258_UAV_17,BS_2,LEO_1,409.791151,409.716213,0.005218,0.033265,0.182275
258,T258_UAV_8,BS_4,LEO_0,373.178658,372.958258,0.047805,0.01741,0.275926
258,T258_UAV_11,BS_4,HAP_1,372.987711,372.789397,0.028317,0.047544,0.112267
258,T258_UAV_18,BS_2,HAP_0,408.327284,408.136745,0.027891,0.012402,0.251233
258,T258_UAV_16,BS_1,HAP_2,503.048643,502.863655,0.030504,0.015777,0.193533
258,T258_UAV_2,BS_2,LEO_1,708.542114,708.469348,0.008272,0.028039,0.182275
258,T258_UAV_3,BS_2,LEO_0,585.402753,585.187474,0.054583,0.00551,0.275926
258,T258_UAV_19,BS_0,LEO_1,810.199039,810.13275,0.008954,0.02088,0.182275
258,T258_UAV_14,BS_0,HAP_1,616.843509,616.682142,0.029052,0.009861,0.112267
258,T258_UAV_12,BS_0,HAP_2,626.960195,626.768108,0.031287,0.022093,0.193533
258,T258_UAV_13,BS_1,HAP_0,696.75304,696.565804,0.028594,0.008396,0.251233
258,T258_UAV_0,BS_2,LEO_0,706.568231,706.348936,0.056096,0.008015,0.275926
258,T258_UAV_10,BS_2,BS_3,726.578093,726.348373,0.055364,0.015991,0.291823
258,T258_UAV_6,BS_0,BS_4,768.402282,768.164205,0.057976,0.013832,0.331344
258,T258_UAV_4,BS_3,LEO_1,1038.962031,1038.905857,0.013029,0.00669,0.182275
259,T259_UAV_10,BS_2,LEO_1,222.084327,222.018788,0.003527,0.008501,0.267558
259,T259_UAV_8,BS_4,LEO_0,170.115858,169.90718,0.045117,0.022945,0.203081
259,T259_UAV_13,BS_1,HAP_1,1051.836719,1051.662305,0.030958,0.01831,0.125723
259,T259_UAV_15,BS_2,HAP_0,313.578216,313.371545,0.026817,0.023671,0.280915
259,T259_UAV_7,BS_0,HAP_2,385.126679,385.077217,0.003486,0.004426,0.207748
259,T259_UAV_19,BS_0,LEO_1,633.175225,633.100893,0.008841,0.011979,0.267558
259,T259_UAV_4,BS_3,LEO_0,443.669201,443.449493,0.055327,0.023765,0.203081
259,T259_UAV_5,BS_4,HAP_1,1632.069266,1631.884738,0.03405,0.025333,0.125723
259,T259_UAV_9,BS_1,LEO_1,686.238528,686.156498,0.00819,0.020329,0.267558
259,T259_UAV_14,BS_0,HAP_0,739.147249,738.932868,0.030106,0.028091,0.280915
259,T259_UAV_0,BS_2,HAP_2,765.077196,765.012863,0.008832,0.013951,0.207748
259,T259_UAV_2,BS_2,HAP_1,1835.649395,1835.473754,0.03563,0.014867,0.125723
259,T259_UAV_17,BS_2,HAP_1,1890.819572,1890.635383,0.035696,0.023348,0.125723
259,T259_UAV_11,BS_4,HAP_1,1929.131401,1928.943473,0.035818,0.026966,0.125723
259,T259_UAV_12,BS_0,HAP_1,2136.086891,2135.920024,0.035224,0.006498,0.125723
259,T259_UAV_1,BS_0,HAP_1,2147.942093,2147.775547,0.034978,0.006423,0.125723
260,T260_UAV_7,BS_0,LEO_0,351.347255,351.275349,0.004587,0.017414,0.249527
260,T260_UAV_19,BS_0,LEO_1,254.395312,254.308239,0.003548,0.011402,0.360622
260,T260_UAV_10,BS_2,HAP_0,474.654369,474.597248,0.002447,0.015726,0.194738
260,T260_UAV_4,BS_3,HAP_2,380.918886,380.850019,0.003782,0.011083,0.270003
260,T260_UAV_0,BS_2,LEO_0,592.370282,592.30654,0.008672,0.005165,0.249527
260,T260_UAV_13,BS_1,HAP_0,530.000148,529.947895,0.002275,0.01103,0.194738
260,T260_UAV_14,BS_0,HAP_1,282.748815,282.501113,0.027434,0.021316,0.494764
260,T260_UAV_18,BS_2,BS_1,270.087267,269.882162,0.026849,0.044891,0.166824
260,T260_UAV_17,BS_2,LEO_1,576.451032,576.362396,0.009339,0.007173,0.360622
260,T260_UAV_12,BS_0,HAP_0,561.987263,561.925405,0.003147,0.019763,0.194738
260,T260_UAV_5,BS_4,LEO_0,745.856875,745.777047,0.010748,0.019176,0.249527
260,T260_UAV_2,BS_2,HAP_2,676.39291,676.327266,0.006401,0.005243,0.270003
260,T260_UAV_3,BS_2,LEO_1,657.432739,657.337782,0.010814,0.012019,0.360622
260,T260_UAV_16,BS_1,LEO_0,988.085339,987.993403,0.013945,0.028087,0.249527
260,T260_UAV_1,BS_0,HAP_2,894.171851,894.101991,0.005374,0.010485,0.270003
260,T260_UAV_9,BS_1,LEO_0,1256.398655,1256.310682,0.015873,0.022195,0.249527
260,T260_UAV_11,BS_4,HAP_0,1535.577102,1535.52513,0.007196,0.005828,0.194738
261,T261_UAV_6,BS_0,LEO_1,407.571532,407.36405,0.0438,0.029373,0.171548
261,T261_UAV_13,BS_1,LEO_0,331.643483,331.431078,0.045487,0.027232,0.198435
261,T261_UAV_10,BS_2,HAP_0,251.146146,250.939841,0.026605,0.020987,0.293564
261,T261_UAV_11,BS_4,HAP_2,289.881201,289.679648,0.028114,0.014768,0.293361
261,T261_UAV_14,BS_0,HAP_1,304.841668,304.594168,0.027004,0.03585,0.42323
261,T261_UAV_15,BS_2,LEO_1,470.067958,469.875271,0.044613,0.013763,0.171548
261,T261_UAV_0,BS_2,LEO_0,413.266198,413.050823,0.047308,0.02838,0.198435
261,T261_UAV_8,BS_4,HAP_0,337.976893,337.771731,0.02705,0.019398,0.293564
261,T261_UAV_17,BS_2,LEO_1,573.419441,573.227002,0.04609,0.01204,0.171548
261,T261_UAV_4,BS_3,HAP_1,356.880146,356.623471,0.02796,0.04407,0.42323
261,T261_UAV_7,BS_0,LEO_0,534.7183,534.508746,0.04841,0.021457,0.198435
261,T261_UAV_3,BS_2,HAP_2,587.166905,586.95109,0.03276,0.024383,0.293361
261,T261_UAV_9,BS_1,BS_3,652.220113,651.970893,0.050718,0.041529,0.284865
261,T261_UAV_12,BS_0,LEO_1,910.602335,910.413027,0.048486,0.006512,0.171548
261,T261_UAV_5,BS_4,BS_1,758.851259,758.591114,0.057378,0.042779,0.299941
261,T261_UAV_16,BS_1,LEO_0,916.050988,915.828736,0.05561,0.026955,0.198435
261,T261_UAV_1,BS_0,LEO_1,1288.683552,1288.474757,0.049564,0.024922,0.171548
262,T262_UAV_14,BS_0,LEO_1,438.864097,438.648501,0.044538,0.018749,0.261544
262,T262_UAV_12,BS_0,LEO_0,442.91972,442.833377,0.007383,0.027157,0.259017
262,T262_UAV_1,BS_0,HAP_1,529.182596,529.005015,0.027869,0.025783,0.119645
262,T262_UAV_3,BS_2,HAP_0,386.987654,386.789905,0.027804,0.021617,0.241634
262,T262_UAV_17,BS_2,HAP_2,420.241449,420.056617,0.030302,0.012667,0.209319
262,T262_UAV_18,BS_2,LEO_1,587.190326,586.967682,0.047637,0.022699,0.261544
262,T262_UAV_6,BS_0,LEO_0,616.397051,616.306104,0.010243,0.0289,0.259017
262,T262_UAV_5,BS_4,HAP_1,986.137091,985.955273,0.031549,0.026341,0.119645
262,T262_UAV_16,BS_1,HAP_0,495.938351,495.73117,0.027405,0.03145,0.241634
262,T262_UAV_2,BS_2,LEO_1,667.048152,666.827277,0.047769,0.020797,0.261544
262,T262_UAV_8,BS_4,LEO_0,685.27009,685.187302,0.011182,0.019803,0.259017
262,T262_UAV_19,BS_0,HAP_2,591.433573,591.239133,0.030701,0.021875,0.209319
262,T262_UAV_11,BS_4,BS_3,672.211341,671.978935,0.051968,0.023579,0.284292
262,T262_UAV_13,BS_1,HAP_1,1034.726859,1034.55241,0.032051,0.018469,0.119645
262,T262_UAV_10,BS_2,LEO_1,944.50478,944.269348,0.051785,0.031337,0.261544
262,T262_UAV_4,BS_3,LEO_0,1014.974791,1014.889073,0.018782,0.015132,0.259017
262,T262_UAV_15,BS_2,HAP_1,1308.850607,1308.66466,0.034612,0.027406,0.119645
263,T263_UAV_19,BS_0,LEO_1,206.350051,206.269124,0.002868,0.026357,0.258506
263,T263_UAV_6,BS_0,LEO_0,334.366101,334.268593,0.007147,0.025841,0.322596
263,T263_UAV_12,BS_0,HAP_0,235.776138,235.714639,0.001664,0.015591,0.221221
263,T263_UAV_1,BS_0,HAP_1,264.746173,264.523474,0.026801,0.045638,0.251297
263,T263_UAV_10,BS_2,HAP_2,338.454608,338.382699,0.004396,0.026063,0.207245
263,T263_UAV_14,BS_0,LEO_1,363.15844,363.066844,0.004745,0.035149,0.258506
263,T263_UAV_8,BS_4,LEO_0,384.58496,384.493892,0.008062,0.018486,0.322596
263,T263_UAV_4,BS_3,HAP_0,492.991579,492.914889,0.003893,0.028553,0.221221
263,T263_UAV_17,BS_2,LEO_1,543.781269,543.697283,0.008804,0.02348,0.258506
263,T263_UAV_2,BS_2,HAP_1,572.764282,572.554007,0.030363,0.029652,0.251297
263,T263_UAV_7,BS_0,LEO_0,596.700991,596.604754,0.012079,0.019639,0.322596
263,T263_UAV_0,BS_2,HAP_2,701.604881,701.544757,0.008119,0.010556,0.207245
263,T263_UAV_9,BS_1,BS_3,703.437504,703.145768,0.053915,0.067743,0.350393
263,T263_UAV_11,BS_4,BS_1,711.677108,711.38136,0.054429,0.067026,0.371468
263,T263_UAV_13,BS_1,BS_4,755.589403,755.329488,0.057175,0.013929,0.444055
263,T263_UAV_3,BS_2,BS_0,764.931066,764.644549,0.057756,0.051189,0.387861
264,T264_UAV_5,BS_4,LEO_1,204.450875,204.224404,0.042956,0.011109,0.362034
264,T264_UAV_7,BS_0,LEO_0,204.958704,204.867955,0.004151,0.017778,0.344103
264,T264_UAV_11,BS_4,HAP_0,212.55115,212.478263,0.001216,0.007365,0.321534
264,T264_UAV_15,BS_2,HAP_1,663.208523,663.016972,0.029208,0.015559,0.233919
264,T264_UAV_4,BS_3,HAP_2,330.654096,330.577782,0.004017,0.011707,0.302945
264,T264_UAV_10,BS_2,HAP_1,693.163264,692.979082,0.029609,0.007789,0.233919
264,T264_UAV_13,BS_1,LEO_1,422.383089,422.132355,0.045662,0.032664,0.362034
264,T264_UAV_2,BS_2,LEO_0,436.803658,436.717575,0.010014,0.007248,0.344103
264,T264_UAV_3,BS_2,HAP_0,549.164809,549.075256,0.00399,0.021256,0.321534
264,T264_UAV_17,BS_2,LEO_1,573.198219,572.950938,0.049265,0.02561,0.362034
264,T264_UAV_18,BS_2,LEO_0,618.063519,617.966549,0.015606,0.012544,0.344103
264,T264_UAV_14,BS_0,HAP_2,626.368096,626.281321,0.005604,0.020582,0.302945
264,T264_UAV_19,BS_0,HAP_1,1288.998026,1288.809226,0.030704,0.011313,0.233919
264,T264_UAV_9,BS_1,HAP_1,1370.587885,1370.373358,0.033399,0.034345,0.233919
264,T264_UAV_0,BS_2,HAP_1,1828.176299,1827.977581,0.036547,0.015387,0.233919
264,T264_UAV_8,BS_4,HAP_1,2286.649131,2286.453651,0.037227,0.011469,0.233919
265,T265_UAV_0,BS_2,LEO_1,382.010832,381.935917,0.004407,0.020822,0.248431
265,T265_UAV_2,BS_2,LEO_0,849.821153,849.632048,0.047782,0.021562,0.098809
265,T265_UAV_12,BS_0,HAP_2,536.666926,536.481608,0.029485,0.019195,0.18319
265,T265_UAV_15,BS_2,LEO_1,514.766747,514.698743,0.006033,0.012285,0.248431
265,T265_UAV_8,BS_4,LEO_0,1217.841367,1217.653632,0.050341,0.017632,0.098809
265,T265_UAV_4,BS_3,LEO_0,1223.495785,1223.318332,0.051594,0.006098,0.098809
265,T265_UAV_16,BS_1,LEO_1,549.777671,549.697545,0.006009,0.024432,0.248431
265,T265_UAV_11,BS_4,HAP_2,619.540647,619.346494,0.030522,0.026993,0.18319
265,T265_UAV_6,BS_0,LEO_0,1232.520557,1232.335522,0.05065,0.014622,0.098809
265,T265_UAV_19,BS_0,LEO_0,1503.443926,1503.264062,0.052716,0.007387,0.098809
265,T265_UAV_13,BS_1,LEO_1,890.345572,890.268515,0.009462,0.017909,0.248431
265,T265_UAV_17,BS_2,HAP_2,1028.677403,1028.491789,0.035533,0.013442,0.18319
265,T265_UAV_14,BS_0,LEO_0,1657.059187,1656.871388,0.053604,0.014433,0.098809
265,T265_UAV_7,BS_0,LEO_0,1780.255884,1780.066863,0.054695,0.014564,0.098809
265,T265_UAV_5,BS_4,LEO_0,2143.487685,2143.296034,0.059289,0.0126,0.098809
265,T265_UAV_18,BS_2,LEO_0,2287.732986,2287.540205,0.062778,0.010241,0.098809
266,T266_UAV_0,BS_2,LEO_1,79.815191,79.736529,0.003116,0.011395,0.320752
266,T266_UAV_14,BS_0,LEO_0,99.733113,99.46532,0.045485,0.033953,0.441775
266,T266_UAV_18,BS_2,HAP_2,1322.407066,1322.221288,0.034046,0.012073,0.198292
266,T266_UAV_9,BS_1,HAP_0,256.812967,256.615331,0.026218,0.006293,0.325622
266,T266_UAV_6,BS_0,HAP_2,1365.098261,1364.90883,0.032665,0.017107,0.198292
266,T266_UAV_19,BS_0,HAP_1,331.852889,331.58509,0.027577,0.039916,0.501531
266,T266_UAV_8,BS_4,BS_1,1822.287482,1821.991572,0.123808,0.027282,0.224106
266,T266_UAV_11,BS_4,HAP_2,1859.854737,1859.664338,0.03596,0.01478,0.198292
266,T266_UAV_1,BS_0,HAP_2,2304.192394,2303.999503,0.035137,0.018095,0.198292
266,T266_UAV_2,BS_2,BS_1,2345.867204,2345.509781,0.156511,0.05609,0.224106
266,T266_UAV_7,BS_0,HAP_2,2866.609346,2866.42429,0.04015,0.005247,0.198292
266,T266_UAV_13,BS_1,HAP_2,2977.691401,2977.492619,0.041833,0.017291,0.198292
266,T266_UAV_15,BS_2,BS_1,2961.989766,2961.591458,0.194997,0.05849,0.224106
266,T266_UAV_12,BS_0,HAP_2,3030.662365,3030.473533,0.042036,0.007137,0.198292
266,T266_UAV_4,BS_3,HAP_2,3279.774478,3279.564974,0.045853,0.023992,0.198292
266,T266_UAV_3,BS_2,BS_1,3098.603286,3098.21685,0.203532,0.038084,0.224106
266,T266_UAV_5,BS_4,HAP_2,3338.966825,3338.750411,0.044941,0.031814,0.198292
267,T267_UAV_19,BS_0,LEO_1,152.586732,152.386398,0.042973,0.011514,0.229235
267,T267_UAV_8,BS_4,HAP_0,618.17811,618.117933,0.002849,0.018603,0.193624
267,T267_UAV_16,BS_1,HAP_1,670.104519,669.900647,0.029527,0.04289,0.157274
267,T267_UAV_3,BS_2,LEO_0,166.62215,166.359318,0.051544,0.016199,0.475448
267,T267_UAV_12,BS_0,HAP_2,252.555929,252.329412,0.028645,0.018543,0.396642
267,T267_UAV_17,BS_2,HAP_0,688.07518,688.010376,0.003825,0.022255,0.193624
267,T267_UAV_9,BS_1,LEO_1,299.909081,299.701924,0.044997,0.016313,0.229235
267,T267_UAV_0,BS_2,HAP_1,1357.569265,1357.354653,0.034152,0.049006,0.157274
267,T267_UAV_11,BS_4,HAP_0,1358.856745,1358.801683,0.006014,0.010323,0.193624
267,T267_UAV_14,BS_0,HAP_1,1410.447732,1410.242916,0.031999,0.041363,0.157274
267,T267_UAV_4,BS_3,HAP_0,1471.257316,1471.190636,0.00841,0.019545,0.193624
267,T267_UAV_10,BS_2,HAP_1,1539.159689,1538.979477,0.035928,0.012829,0.157274
267,T267_UAV_2,BS_2,HAP_0,1762.939338,1762.884533,0.008047,0.008034,0.193624
267,T267_UAV_18,BS_2,HAP_1,502.503126,502.30501,0.028547,0.038114,0.157274
268,T268_UAV_19,BS_0,LEO_1,367.769186,367.705363,0.004023,0.021658,0.190706
268,T268_UAV_6,BS_0,LEO_0,420.178294,419.968856,0.046994,0.015674,0.233853
268,T268_UAV_18,BS_2,HAP_0,190.547508,190.312837,0.026822,0.024304,0.41773
268,T268_UAV_4,BS_3,HAP_1,194.231577,193.98826,0.027194,0.033555,0.412839
268,T268_UAV_13,BS_1,HAP_2,288.503548,288.242824,0.029188,0.033179,0.491781
268,T268_UAV_15,BS_2,LEO_1,649.799607,649.737078,0.007612,0.016775,0.190706
268,T268_UAV_3,BS_2,LEO_0,666.532744,666.301111,0.052821,0.032041,0.233853
268,T268_UAV_12,BS_0,LEO_1,694.967419,694.910254,0.007707,0.011317,0.190706
268,T268_UAV_10,BS_2,LEO_0,800.95453,800.731704,0.055128,0.020928,0.233853
268,T268_UAV_1,BS_0,LEO_1,790.254672,790.180119,0.006932,0.02948,0.190706
268,T268_UAV_7,BS_0,LEO_0,1047.703706,1047.47365,0.05657,0.026716,0.233853
269,T269_UAV_15,BS_2,LEO_1,220.127157,219.914368,0.043257,0.025037,0.222477
269,T269_UAV_9,BS_1,LEO_0,470.750416,470.524702,0.047142,0.039766,0.194031
269,T269_UAV_13,BS_1,HAP_0,455.710081,455.492871,0.027336,0.033634,0.281196
269,T269_UAV_4,BS_3,HAP_1,242.479213,242.241183,0.027736,0.033441,0.384265
269,T269_UAV_6,BS_0,HAP_2,520.253719,520.04392,0.030225,0.022824,0.283744
269,T269_UAV_10,BS_2,LEO_0,734.696347,734.465258,0.053863,0.03842,0.194031
269,T269_UAV_18,BS_2,LEO_1,609.55394,609.342493,0.050141,0.01681,0.222477
269,T269_UAV_16,BS_1,LEO_0,870.674617,870.447083,0.05482,0.033908,0.194031
269,T269_UAV_19,BS_0,HAP_0,658.113536,657.915717,0.030274,0.011306,0.281196
269,T269_UAV_14,BS_0,LEO_1,745.698929,745.492277,0.049745,0.012411,0.222477
269,T269_UAV_3,BS_2,HAP_2,746.260031,746.049192,0.034819,0.019272,0.283744
269,T269_UAV_2,BS_2,LEO_0,987.484695,987.268843,0.057548,0.019497,0.194031
270,T270_UAV_15,BS_2,LEO_1,202.187792,202.132501,0.003002,0.006959,0.226647
270,T270_UAV_12,BS_0,LEO_0,206.703011,206.609749,0.004428,0.04108,0.238771
270,T270_UAV_9,BS_1,HAP_0,228.750162,228.684781,0.00091,0.021478,0.214963
270,T270_UAV_6,BS_0,HAP_1,258.022595,257.839106,0.026762,0.009885,0.234209
270,T270_UAV_14,BS_0,HAP_2,335.425554,335.246481,0.028004,0.00885,0.211095
270,T270_UAV_16,BS_1,LEO_1,432.663635,432.593923,0.005977,0.018407,0.226647
270,T270_UAV_2,BS_2,LEO_0,438.039802,437.958407,0.010037,0.023604,0.238771
270,T270_UAV_11,BS_4,HAP_0,488.311123,488.251869,0.002794,0.013467,0.214963
270,T270_UAV_17,BS_2,LEO_1,584.252476,584.185684,0.009445,0.012018,0.226647
270,T270_UAV_8,BS_4,HAP_1,648.078922,647.883577,0.030099,0.018403,0.234209
270,T270_UAV_13,BS_1,LEO_0,703.673528,703.605338,0.014857,0.005578,0.238771
270,T270_UAV_1,BS_0,HAP_2,791.585483,791.375475,0.030492,0.037298,0.211095
270,T270_UAV_3,BS_2,BS_3,798.51165,798.255753,0.059856,0.037971,0.290352
271,T271_UAV_5,BS_4,LEO_1,187.617176,187.532972,0.003875,0.019111,0.306089
271,T271_UAV_16,BS_1,LEO_0,284.916974,284.823391,0.006243,0.034423,0.264584
271,T271_UAV_3,BS_2,HAP_1,382.811218,382.611313,0.028754,0.024279,0.23436
271,T271_UAV_9,BS_1,HAP_0,437.953554,437.882216,0.001739,0.009388,0.30105
271,T271_UAV_8,BS_4,HAP_2,487.586669,487.515539,0.004743,0.025282,0.205526
271,T271_UAV_10,BS_2,LEO_0,527.348819,527.276909,0.012837,0.006156,0.264584
271,T271_UAV_2,BS_2,LEO_1,405.837615,405.744176,0.008498,0.023723,0.306089
271,T271_UAV_13,BS_1,HAP_1,538.720152,538.509919,0.029781,0.033579,0.23436
271,T271_UAV_14,BS_0,HAP_0,634.98965,634.918362,0.004369,0.006709,0.30105
271,T271_UAV_15,BS_2,LEO_0,684.324779,684.230993,0.015845,0.025024,0.264584
271,T271_UAV_19,BS_0,HAP_2,713.716236,713.658811,0.006779,0.00954,0.205526
271,T271_UAV_11,BS_4,BS_3,723.923681,723.694343,0.055198,0.026946,0.23597
271,T271_UAV_6,BS_0,BS_1,737.166639,736.941085,0.056026,0.020772,0.243783
272,T272_UAV_8,BS_4,LEO_1,220.141639,220.048967,0.002958,0.014322,0.376962
272,T272_UAV_6,BS_0,LEO_0,349.495877,349.410441,0.007514,0.008865,0.345282
272,T272_UAV_9,BS_1,HAP_1,940.373518,940.193183,0.030505,0.021707,0.140618
272,T272_UAV_18,BS_2,HAP_2,330.080131,330.013212,0.004507,0.009065,0.266736
272,T272_UAV_16,BS_1,HAP_0,371.904335,371.805938,0.001824,0.022113,0.372302
272,T272_UAV_15,BS_2,LEO_1,455.449482,455.345863,0.006761,0.021466,0.376962
272,T272_UAV_3,BS_2,LEO_0,470.557248,470.453328,0.011693,0.023171,0.345282
272,T272_UAV_5,BS_4,HAP_1,1162.334143,1162.152781,0.031342,0.021897,0.140618
272,T272_UAV_14,BS_0,HAP_2,460.226277,460.153616,0.004133,0.015181,0.266736
272,T272_UAV_13,BS_1,HAP_0,500.028751,499.946402,0.002564,0.005326,0.372302
272,T272_UAV_11,BS_4,HAP_1,1342.001019,1341.800916,0.032562,0.039418,0.140618
272,T272_UAV_12,BS_0,LEO_1,634.331102,634.242427,0.008892,0.004391,0.376962
272,T272_UAV_17,BS_2,LEO_0,646.893819,646.788229,0.015711,0.020822,0.345282
272,T272_UAV_19,BS_0,HAP_1,1468.685229,1468.508769,0.031194,0.017142,0.140618
272,T272_UAV_4,BS_3,HAP_1,1934.280664,1934.110347,0.035208,0.006985,0.140618
272,T272_UAV_1,BS_0,HAP_1,2250.839448,2250.636352,0.035394,0.039578,0.140618
272,T272_UAV_2,BS_2,HAP_1,2353.258124,2353.060045,0.038768,0.031188,0.140618
273,T273_UAV_15,BS_2,LEO_1,347.625609,347.429041,0.044062,0.021804,0.153513
273,T273_UAV_13,BS_1,LEO_0,302.637614,302.42793,0.046351,0.022969,0.201819
273,T273_UAV_14,BS_0,HAP_0,313.293183,313.126053,0.02715,0.005759,0.171102
273,T273_UAV_0,BS_2,HAP_1,359.197129,358.964445,0.02854,0.008585,0.477798
273,T273_UAV_18,BS_2,LEO_1,443.754051,443.571887,0.045806,0.005656,0.153513
273,T273_UAV_12,BS_0,LEO_0,378.027524,377.827287,0.048081,0.011792,0.201819
273,T273_UAV_19,BS_0,HAP_2,517.371255,517.287231,0.004897,0.009267,0.349301
273,T273_UAV_10,BS_2,HAP_0,489.60368,489.43506,0.028088,0.006311,0.171102
273,T273_UAV_1,BS_0,LEO_1,686.329615,686.149095,0.046026,0.003792,0.153513
273,T273_UAV_11,BS_4,HAP_1,541.505873,541.243466,0.029857,0.03699,0.477798
273,T273_UAV_9,BS_1,HAP_2,727.816384,727.733911,0.006578,0.006035,0.349301
273,T273_UAV_16,BS_1,LEO_0,737.085067,736.863967,0.056133,0.024603,0.201819
273,T273_UAV_6,BS_0,BS_3,740.198003,739.910115,0.056211,0.056143,0.377665
273,T273_UAV_5,BS_4,LEO_1,757.815361,757.624189,0.048706,0.011764,0.153513
273,T273_UAV_4,BS_3,BS_1,781.150336,780.876972,0.05877,0.060574,0.270095
274,T274_UAV_16,BS_1,LEO_1,466.433501,466.235186,0.044275,0.016241,0.188994
274,T274_UAV_19,BS_0,LEO_0,326.061405,325.848808,0.046728,0.024379,0.207448
274,T274_UAV_7,BS_0,HAP_0,325.590636,325.522837,0.001991,0.016962,0.24423
274,T274_UAV_0,BS_2,HAP_1,335.955788,335.744705,0.028312,0.027388,0.276912
274,T274_UAV_9,BS_1,HAP_2,752.281005,752.108077,0.030142,0.023318,0.097339
274,T274_UAV_3,BS_2,LEO_1,639.852174,639.659284,0.046875,0.008217,0.188994
274,T274_UAV_13,BS_1,LEO_0,630.316288,630.094833,0.053233,0.026732,0.207448
274,T274_UAV_10,BS_2,LEO_1,761.631055,761.428189,0.047876,0.017191,0.188994
274,T274_UAV_15,BS_2,HAP_2,937.402911,937.235452,0.032987,0.015004,0.097339
274,T274_UAV_5,BS_4,HAP_0,642.678363,642.619439,0.004086,0.005992,0.24423
274,T274_UAV_8,BS_4,LEO_1,871.279545,871.07997,0.047794,0.013983,0.188994
274,T274_UAV_14,BS_0,HAP_1,733.79316,733.559094,0.029874,0.04881,0.276912
274,T274_UAV_6,BS_0,LEO_0,756.000301,755.790978,0.056259,0.011574,0.207448
274,T274_UAV_11,BS_4,HAP_2,1194.332163,1194.150816,0.034468,0.027412,0.097339
274,T274_UAV_2,BS_2,LEO_1,1079.635603,1079.44141,0.050511,0.005884,0.188994
274,T274_UAV_12,BS_0,HAP_2,1290.10966,1289.944364,0.034601,0.011226,0.097339
275,T275_UAV_2,BS_2,LEO_1,707.060838,707.011731,0.004866,0.005743,0.192484
275,T275_UAV_17,BS_2,LEO_0,346.192122,346.11705,0.0084,0.018075,0.242988
275,T275_UAV_12,BS_0,HAP_1,376.226883,376.019215,0.027718,0.036145,0.21903
275,T275_UAV_10,BS_2,HAP_0,560.210198,560.134334,0.003528,0.010715,0.308104
275,T275_UAV_14,BS_0,HAP_2,623.453138,623.228643,0.030601,0.018552,0.37671
275,T275_UAV_6,BS_0,LEO_1,1307.109235,1307.058149,0.008741,0.003848,0.192484
275,T275_UAV_8,BS_4,LEO_0,524.428759,524.355624,0.010998,0.013539,0.242988
275,T275_UAV_13,BS_1,LEO_1,1606.73997,1606.674521,0.01013,0.016822,0.192484
275,T275_UAV_9,BS_1,HAP_0,637.109466,637.032153,0.002512,0.01318,0.308104
275,T275_UAV_7,BS_0,HAP_1,693.99829,693.795409,0.030167,0.028907,0.21903
275,T275_UAV_5,BS_4,LEO_0,740.909569,740.828843,0.016643,0.015486,0.242988
275,T275_UAV_1,BS_0,HAP_2,772.028628,771.814505,0.030366,0.008414,0.37671
275,T275_UAV_4,BS_3,LEO_1,1675.233164,1675.158035,0.012302,0.02433,0.192484
275,T275_UAV_3,BS_2,LEO_1,1741.064186,1740.992248,0.013113,0.020328,0.192484
275,T275_UAV_19,BS_0,LEO_1,1765.845082,1765.783365,0.011464,0.011757,0.192484
275,T275_UAV_18,BS_2,LEO_1,2067.192992,2067.128212,0.015817,0.010465,0.192484
275,T275_UAV_0,BS_2,LEO_1,2094.962008,2094.893412,0.014374,0.015725,0.192484
276,T276_UAV_18,BS_2,HAP_1,567.827384,567.649263,0.029011,0.014422,0.173439
276,T276_UAV_19,BS_0,LEO_1,159.396092,159.151316,0.045764,0.015876,0.415679
276,T276_UAV_4,BS_3,LEO_0,163.643609,163.560859,0.010859,0.011306,0.302917
276,T276_UAV_12,BS_0,HAP_2,940.689673,940.490034,0.031436,0.00828,0.299615
276,T276_UAV_14,BS_0,HAP_1,870.547999,870.351899,0.02934,0.032072,0.173439
276,T276_UAV_5,BS_4,HAP_0,395.56223,395.460658,0.00329,0.022254,0.380142
276,T276_UAV_0,BS_2,HAP_2,1096.930097,1096.728612,0.033423,0.008139,0.299615
276,T276_UAV_11,BS_4,BS_1,1067.107583,1066.828989,0.076633,0.052329,0.248158
276,T276_UAV_2,BS_2,HAP_1,945.567935,945.389518,0.031212,0.012517,0.173439
276,T276_UAV_3,BS_2,HAP_1,977.535762,977.343452,0.031551,0.026071,0.173439
276,T276_UAV_16,BS_1,HAP_2,1353.513961,1353.291822,0.034846,0.02737,0.299615
276,T276_UAV_13,BS_1,HAP_2,1666.075783,1665.849097,0.036302,0.030461,0.299615
276,T276_UAV_10,BS_2,BS_1,1511.291467,1510.995215,0.10438,0.042241,0.248158
276,T276_UAV_9,BS_1,HAP_1,1900.68527,1900.483945,0.037494,0.029143,0.173439
276,T276_UAV_1,BS_0,HAP_2,1908.739484,1908.517943,0.034855,0.026762,0.299615
277,T277_UAV_13,BS_1,LEO_0,461.285662,461.089776,0.045358,0.012104,0.192115
277,T277_UAV_7,BS_0,HAP_0,461.69364,461.519664,0.027291,0.016136,0.152748
277,T277_UAV_11,BS_4,LEO_1,277.141401,276.883757,0.045561,0.015843,0.481202
277,T277_UAV_2,BS_2,HAP_1,486.379752,486.164808,0.028879,0.032234,0.269151
277,T277_UAV_8,BS_4,LEO_0,678.44419,678.249956,0.047893,0.007918,0.192115
277,T277_UAV_12,BS_0,HAP_2,245.435131,245.234058,0.028541,0.009225,0.316539
277,T277_UAV_16,BS_1,HAP_0,781.223881,781.052076,0.028227,0.013028,0.152748
277,T277_UAV_5,BS_4,HAP_1,596.533413,596.302452,0.029303,0.047828,0.269151
277,T277_UAV_9,BS_1,LEO_0,796.146304,795.948447,0.048657,0.010778,0.192115
277,T277_UAV_14,BS_0,LEO_1,526.946607,526.674021,0.049727,0.026618,0.481202
277,T277_UAV_15,BS_2,LEO_0,1065.613765,1065.413581,0.053575,0.008186,0.192115
277,T277_UAV_1,BS_0,HAP_0,1101.021401,1100.849629,0.030592,0.01063,0.152748
277,T277_UAV_3,BS_2,HAP_1,903.388877,903.168679,0.032362,0.034006,0.269151
277,T277_UAV_18,BS_2,LEO_0,1309.529281,1309.308187,0.058158,0.024513,0.192115
277,T277_UAV_10,BS_2,HAP_0,1370.697008,1370.516327,0.031945,0.018186,0.152748
277,T277_UAV_6,BS_0,LEO_0,1501.718543,1501.517089,0.057937,0.005094,0.192115
278,T278_UAV_19,BS_0,LEO_1,341.273419,341.046765,0.043099,0.036807,0.233737
278,T278_UAV_14,BS_0,LEO_0,215.987445,215.748966,0.044345,0.018974,0.3758
278,T278_UAV_10,BS_2,HAP_1,361.018683,360.94789,0.003106,0.025649,0.21019
278,T278_UAV_16,BS_1,HAP_0,244.982433,244.750383,0.026206,0.017919,0.439626
278,T278_UAV_9,BS_1,HAP_2,323.322606,323.102027,0.027919,0.02263,0.350154
278,T278_UAV_15,BS_2,LEO_1,623.934933,623.731046,0.046108,0.011032,0.233737
278,T278_UAV_0,BS_2,LEO_0,471.337995,471.100928,0.050803,0.011104,0.3758
278,T278_UAV_4,BS_3,HAP_1,738.663828,738.589637,0.005112,0.027041,0.21019
278,T278_UAV_5,BS_4,LEO_1,874.356208,874.152031,0.048436,0.008994,0.233737
278,T278_UAV_18,BS_2,HAP_0,551.870891,551.636049,0.029008,0.017909,0.439626
278,T278_UAV_17,BS_2,BS_4,627.803195,627.567767,0.049193,0.040777,0.227288
278,T278_UAV_3,BS_2,HAP_2,698.685069,698.458339,0.034145,0.022554,0.350154
278,T278_UAV_11,BS_4,LEO_0,740.404801,740.152676,0.056396,0.020568,0.3758
278,T278_UAV_12,BS_0,BS_3,799.599153,799.299857,0.059921,0.05201,0.436819
278,T278_UAV_13,BS_1,LEO_1,1172.067447,1171.844382,0.050318,0.025999,0.233737
278,T278_UAV_1,BS_0,HAP_1,1067.243621,1067.18676,0.006279,0.008544,0.21019
278,T278_UAV_7,BS_0,LEO_1,1248.47434,1248.24614,0.050926,0.030527,0.233737
279,T279_UAV_0,BS_2,LEO_1,345.697753,345.471622,0.043998,0.041109,0.205118
279,T279_UAV_3,BS_2,LEO_0,262.818902,262.597897,0.046497,0.031026,0.217409
279,T279_UAV_1,BS_0,HAP_0,329.56879,329.373549,0.027075,0.01158,0.282929
279,T279_UAV_6,BS_0,HAP_2,340.736677,340.684669,0.003465,0.008425,0.200593
279,T279_UAV_15,BS_2,HAP_1,375.628427,375.549541,0.003764,0.012813,0.311544
279,T279_UAV_16,BS_1,LEO_1,548.265782,548.062796,0.045981,0.01598,0.205118
279,T279_UAV_13,BS_1,LEO_0,441.497301,441.28678,0.049212,0.017828,0.217409
279,T279_UAV_19,BS_0,HAP_1,571.296579,571.220791,0.003379,0.0101,0.311544
279,T279_UAV_7,BS_0,HAP_0,603.548642,603.340885,0.028704,0.022467,0.282929
279,T279_UAV_10,BS_2,LEO_1,886.654234,886.447009,0.050915,0.015287,0.205118
279,T279_UAV_18,BS_2,HAP_2,665.307275,665.223022,0.009123,0.035012,0.200593
279,T279_UAV_11,BS_4,LEO_0,681.381025,681.157319,0.055092,0.025132,0.217409
279,T279_UAV_14,BS_0,BS_3,684.023526,683.798453,0.052706,0.011193,0.305873
279,T279_UAV_5,BS_4,BS_1,686.844806,686.564476,0.052879,0.049356,0.390473
279,T279_UAV_8,BS_4,LEO_1,985.232602,984.999529,0.050471,0.041579,0.205118
280,T280_UAV_5,BS_4,LEO_1,203.347053,203.257299,0.002969,0.039287,0.237491
280,T280_UAV_16,BS_1,LEO_0,225.585633,225.515897,0.004938,0.017626,0.235859
280,T280_UAV_0,BS_2,HAP_0,490.96956,490.923791,0.002443,0.005487,0.189196
280,T280_UAV_8,BS_4,HAP_1,419.456823,419.264636,0.02834,0.019467,0.221902
280,T280_UAV_12,BS_0,HAP_2,426.962747,426.888988,0.004281,0.01616,0.266588
280,T280_UAV_4,BS_3,LEO_1,477.781091,477.715994,0.0076,0.009999,0.237491
280,T280_UAV_6,BS_0,LEO_0,563.386614,563.301322,0.012174,0.025946,0.235859
280,T280_UAV_19,BS_0,HAP_0,648.112854,648.051919,0.00444,0.018656,0.189196
280,T280_UAV_9,BS_1,LEO_1,590.938773,590.859665,0.007013,0.024598,0.237491
280,T280_UAV_15,BS_2,HAP_1,650.69082,650.491848,0.031521,0.023071,0.221902
280,T280_UAV_10,BS_2,LEO_0,672.980961,672.897064,0.016254,0.020472,0.235859
280,T280_UAV_14,BS_0,HAP_2,702.580618,702.495353,0.006332,0.025615,0.266588
280,T280_UAV_2,BS_2,HAP_0,959.293007,959.229074,0.004936,0.021158,0.189196
281,T281_UAV_5,BS_4,LEO_1,221.081197,221.000821,0.003229,0.022989,0.270785
281,T281_UAV_0,BS_2,LEO_0,189.196057,188.981843,0.046263,0.025577,0.211874
281,T281_UAV_2,BS_2,HAP_0,344.736903,344.560405,0.026998,0.005837,0.218311
281,T281_UAV_7,BS_4,HAP_1,737.23248,737.038751,0.029305,0.025436,0.194943
281,T281_UAV_13,BS_1,HAP_2,472.493695,472.39599,0.004636,0.02267,0.351992
281,T281_UAV_4,BS_3,LEO_1,472.448132,472.380068,0.007514,0.006393,0.270785
281,T281_UAV_12,BS_0,LEO_0,377.453085,377.230292,0.051641,0.028777,0.211874
281,T281_UAV_3,BS_2,LEO_1,575.418502,575.346169,0.009428,0.008748,0.270785
281,T281_UAV_11,BS_4,HAP_0,598.29566,598.111707,0.028421,0.011869,0.218311
281,T281_UAV_1,BS_0,HAP_1,1200.565598,1200.377785,0.031449,0.017376,0.194943
281,T281_UAV_9,BS_1,HAP_2,776.497703,776.40092,0.007026,0.019358,0.351992
281,T281_UAV_8,BS_4,HAP_1,1261.524931,1261.34596,0.03279,0.007193,0.194943
281,T281_UAV_6,BS_0,HAP_1,1300.288423,1300.095838,0.032101,0.021496,0.194943
282,T282_UAV_8,BS_4,LEO_1,203.816925,203.727391,0.002735,0.017162,0.348187
282,T282_UAV_17,BS_2,LEO_0,221.421779,221.360384,0.00536,0.005163,0.25436
282,T282_UAV_12,BS_0,HAP_0,252.452682,252.38626,0.001741,0.01909,0.227951
282,T282_UAV_13,BS_1,HAP_2,845.092895,844.926771,0.030327,0.013721,0.11038
282,T282_UAV_19,BS_0,HAP_1,307.731611,307.519705,0.026807,0.009153,0.379727
282,T282_UAV_3,BS_2,LEO_1,357.018213,356.918587,0.005848,0.02414,0.348187
282,T282_UAV_15,BS_2,LEO_0,400.430274,400.34578,0.009269,0.024353,0.25436
282,T282_UAV_9,BS_1,HAP_2,1017.734237,1017.575708,0.031058,0.005395,0.11038
282,T282_UAV_5,BS_4,HAP_0,427.302317,427.232793,0.002771,0.021164,0.227951
282,T282_UAV_14,BS_0,LEO_1,484.037099,483.943047,0.006348,0.018066,0.348187
282,T282_UAV_1,BS_0,HAP_1,542.673686,542.461021,0.028652,0.008068,0.379727
282,T282_UAV_16,BS_1,HAP_2,1129.390842,1129.212329,0.032664,0.023774,0.11038
282,T282_UAV_18,BS_2,LEO_0,738.61455,738.524189,0.018784,0.020705,0.25436
282,T282_UAV_11,BS_4,HAP_2,1729.908613,1729.74319,0.036778,0.006569,0.11038
282,T282_UAV_4,BS_3,HAP_2,2043.116545,2042.935132,0.039969,0.019368,0.11038
282,T282_UAV_2,BS_2,HAP_2,2166.136676,2165.963197,0.040393,0.01101,0.11038
282,T282_UAV_0,BS_2,BS_3,200.736625,200.528622,0.022517,0.011358,0.370642
283,T283_UAV_12,BS_0,LEO_1,479.820389,479.644171,0.043881,0.010586,0.108758
283,T283_UAV_0,BS_2,LEO_0,339.069482,338.999831,0.006052,0.011039,0.2628
283,T283_UAV_2,BS_2,HAP_0,262.772458,262.589221,0.026517,0.009472,0.23624
283,T283_UAV_19,BS_0,LEO_1,593.935008,593.746505,0.044691,0.02206,0.108758
283,T283_UAV_13,BS_1,HAP_1,431.564147,431.339325,0.028762,0.035963,0.300483
283,T283_UAV_5,BS_4,LEO_0,473.717647,473.645811,0.008268,0.011008,0.2628
283,T283_UAV_1,BS_0,HAP_2,363.944885,363.702125,0.028366,0.02924,0.425769
283,T283_UAV_16,BS_1,LEO_1,800.833583,800.659816,0.046408,0.005607,0.108758
283,T283_UAV_8,BS_4,HAP_0,575.240726,575.044816,0.028374,0.020287,0.23624
283,T283_UAV_14,BS_0,LEO_1,884.655972,884.470103,0.046766,0.017352,0.108758
283,T283_UAV_3,BS_2,LEO_0,928.676148,928.597938,0.017816,0.007833,0.2628
283,T283_UAV_10,BS_2,HAP_1,750.533893,750.333177,0.03271,0.00791,0.300483
283,T283_UAV_18,BS_2,LEO_1,1016.818211,1016.624035,0.04968,0.022743,0.108758
283,T283_UAV_6,BS_0,LEO_0,1030.514183,1030.42909,0.017345,0.015188,0.2628
283,T283_UAV_11,BS_4,LEO_1,1208.484282,1208.301396,0.049929,0.011206,0.108758
284,T284_UAV_12,BS_0,LEO_1,207.716227,207.479024,0.042892,0.025001,0.346552
284,T284_UAV_5,BS_4,LEO_0,294.630382,294.426979,0.045128,0.013606,0.223345
284,T284_UAV_2,BS_2,HAP_0,233.308665,233.245891,0.001347,0.019878,0.207747
284,T284_UAV_6,BS_0,HAP_1,329.48349,329.29935,0.027265,0.013402,0.217362
284,T284_UAV_17,BS_2,HAP_2,183.358158,183.112798,0.028445,0.031834,0.425404
284,T284_UAV_18,BS_2,LEO_1,397.022879,396.796256,0.046654,0.010659,0.346552
284,T284_UAV_9,BS_1,LEO_0,553.752166,553.53968,0.048392,0.019425,0.223345
284,T284_UAV_1,BS_0,HAP_0,481.648496,481.583255,0.003046,0.020646,0.207747
284,T284_UAV_8,BS_4,HAP_1,610.19988,609.997534,0.029885,0.028988,0.217362
284,T284_UAV_15,BS_2,LEO_0,981.823099,981.607212,0.057619,0.0136,0.223345
284,T284_UAV_10,BS_2,LEO_1,768.137256,767.901938,0.051958,0.014049,0.346552
284,T284_UAV_4,BS_3,LEO_0,1061.729223,1061.519085,0.059521,0.005948,0.223345
285,T285_UAV_19,BS_0,LEO_1,310.672068,310.467042,0.043332,0.012806,0.244441
285,T285_UAV_2,BS_2,LEO_0,322.593784,322.397665,0.047363,0.005716,0.215205
285,T285_UAV_7,BS_4,HAP_1,328.267224,328.20353,0.002451,0.021217,0.200134
285,T285_UAV_14,BS_0,HAP_0,370.016061,369.823388,0.027527,0.020926,0.221102
285,T285_UAV_6,BS_0,HAP_2,377.115448,376.906983,0.028855,0.027462,0.260745
285,T285_UAV_10,BS_2,LEO_1,558.116272,557.904145,0.046828,0.016412,0.244441
285,T285_UAV_18,BS_2,LEO_0,419.723966,419.506486,0.050665,0.023774,0.215205
285,T285_UAV_0,BS_2,HAP_1,440.805633,440.734804,0.004384,0.026419,0.200134
285,T285_UAV_3,BS_2,HAP_0,471.131836,470.952259,0.02846,0.006896,0.221102
285,T285_UAV_4,BS_3,LEO_1,753.618974,753.398197,0.049409,0.022479,0.244441
285,T285_UAV_9,BS_1,HAP_2,604.361421,604.153399,0.030467,0.025406,0.260745
285,T285_UAV_5,BS_4,LEO_0,607.493522,607.283501,0.053638,0.013342,0.215205
285,T285_UAV_12,BS_0,BS_3,618.507078,618.216108,0.048609,0.072349,0.35006
285,T285_UAV_16,BS_1,BS_4,666.654017,666.386634,0.051618,0.050549,0.326075
285,T285_UAV_13,BS_1,BS_0,794.660488,794.422938,0.059617,0.017296,0.30319
285,T285_UAV_17,BS_2,LEO_1,836.106713,835.882,0.050577,0.025248,0.244441
286,T286_UAV_6,BS_0,LEO_1,229.342541,229.260072,0.00329,0.031346,0.239167
286,T286_UAV_5,BS_4,LEO_0,259.646965,259.577019,0.008438,0.010814,0.253468
286,T286_UAV_9,BS_1,HAP_0,1892.468616,1892.409839,0.005389,0.015672,0.188581
286,T286_UAV_11,BS_4,HAP_1,496.970569,496.901312,0.004494,0.008262,0.282502
286,T286_UAV_15,BS_2,HAP_2,276.345608,276.14562,0.029897,0.018799,0.256461
286,T286_UAV_13,BS_1,LEO_1,586.83388,586.751525,0.007669,0.026852,0.239167
286,T286_UAV_2,BS_2,LEO_0,408.955944,408.876643,0.013535,0.015072,0.253468
286,T286_UAV_7,BS_4,HAP_0,2390.857659,2390.802389,0.009496,0.008058,0.188581
286,T286_UAV_17,BS_2,HAP_1,721.321426,721.223272,0.006264,0.035389,0.282502
286,T286_UAV_1,BS_0,HAP_0,2455.108283,2455.040431,0.00991,0.020226,0.188581
286,T286_UAV_16,BS_1,LEO_1,795.557991,795.477299,0.010988,0.02187,0.239167
286,T286_UAV_4,BS_3,HAP_0,2574.743383,2574.682776,0.012214,0.010676,0.188581
286,T286_UAV_0,BS_2,HAP_0,2754.188904,2754.124971,0.010242,0.015975,0.188581
286,T286_UAV_12,BS_0,HAP_0,3023.247267,3023.179543,0.012882,0.017126,0.188581
286,T286_UAV_10,BS_2,HAP_0,3087.237106,3087.159745,0.012309,0.027336,0.188581
286,T286_UAV_18,BS_2,HAP_0,3362.300005,3362.227387,0.014975,0.019927,0.188581
286,T286_UAV_3,BS_2,HAP_0,3520.968452,3520.90671,0.015704,0.008322,0.188581
286,T286_UAV_19,BS_0,HAP_0,3966.15053,3966.071694,0.018694,0.022425,0.188581
287,T287_UAV_4,BS_3,LEO_1,408.158262,407.940233,0.04509,0.026448,0.232456
287,T287_UAV_14,BS_0,LEO_0,308.361145,308.150229,0.046225,0.009379,0.276558
287,T287_UAV_13,BS_1,HAP_2,336.95412,336.768655,0.028259,0.012086,0.225596
287,T287_UAV_1,BS_0,HAP_1,352.018133,351.92153,0.002364,0.017443,0.383982
287,T287_UAV_15,BS_2,HAP_0,362.033328,361.777129,0.027027,0.027908,0.506318
287,T287_UAV_9,BS_1,LEO_1,535.910659,535.684003,0.045051,0.035114,0.232456
287,T287_UAV_8,BS_4,LEO_0,407.931261,407.722773,0.04854,0.004637,0.276558
287,T287_UAV_17,BS_2,LEO_1,561.839045,561.639564,0.047101,0.005889,0.232456
287,T287_UAV_18,BS_2,HAP_1,450.646659,450.558695,0.004718,0.006449,0.383982
287,T287_UAV_16,BS_1,HAP_2,473.80103,473.619294,0.030117,0.0065,0.225596
287,T287_UAV_11,BS_4,LEO_0,646.85451,646.621637,0.054355,0.023206,0.276558
287,T287_UAV_10,BS_2,HAP_0,684.503164,684.24624,0.029246,0.026414,0.506318
287,T287_UAV_19,BS_0,BS_3,757.869275,757.618446,0.057317,0.016213,0.386492
287,T287_UAV_0,BS_2,BS_4,783.405282,783.070018,0.058907,0.073027,0.516646
287,T287_UAV_12,BS_0,BS_1,788.406683,788.162358,0.059226,0.017797,0.336516
287,T287_UAV_3,BS_2,LEO_1,1003.122351,1002.892571,0.052884,0.030404,0.232456
288,T288_UAV_2,BS_2,LEO_1,228.778579,228.58603,0.043345,0.00757,0.208172
288,T288_UAV_9,BS_1,LEO_0,229.732427,229.66945,0.004466,0.014719,0.218964
288,T288_UAV_14,BS_0,HAP_1,349.997668,349.838766,0.027045,0.011808,0.100246
288,T288_UAV_6,BS_0,HAP_0,250.666088,250.458313,0.026896,0.013754,0.335625
288,T288_UAV_12,BS_0,HAP_2,252.001499,251.922667,0.002526,0.03741,0.194478
288,T288_UAV_3,BS_2,LEO_1,276.681962,276.485564,0.044514,0.010249,0.208172
288,T288_UAV_0,BS_2,LEO_0,417.594876,417.51681,0.009621,0.024652,0.218964
288,T288_UAV_17,BS_2,HAP_1,715.675685,715.515579,0.030251,0.009806,0.100246
288,T288_UAV_18,BS_2,HAP_0,495.246123,495.022836,0.028641,0.027521,0.335625
288,T288_UAV_5,BS_4,LEO_1,513.219014,513.006617,0.047506,0.023256,0.208172
288,T288_UAV_13,BS_1,LEO_0,544.279687,544.212517,0.011264,0.012114,0.218964
288,T288_UAV_16,BS_1,HAP_2,558.487549,558.415814,0.006037,0.026802,0.194478
288,T288_UAV_1,BS_0,BS_3,725.458907,725.198298,0.055292,0.032957,0.3618
288,T288_UAV_11,BS_4,HAP_1,887.329092,887.160748,0.031773,0.016522,0.100246
289,T289_UAV_11,BS_4,LEO_1,247.296929,247.093961,0.043512,0.01919,0.201331
289,T289_UAV_12,BS_0,LEO_0,256.374435,256.294275,0.005488,0.018869,0.279019
289,T289_UAV_13,BS_1,HAP_1,310.452709,310.250475,0.027682,0.024248,0.251525
289,T289_UAV_7,BS_4,HAP_0,324.281541,324.067517,0.027006,0.028685,0.291668
289,T289_UAV_10,BS_2,HAP_2,386.511053,386.419817,0.004835,0.02321,0.315952
289,T289_UAV_9,BS_1,LEO_1,460.040283,459.849118,0.045438,0.005461,0.201331
289,T289_UAV_15,BS_2,LEO_0,462.258363,462.187336,0.010699,0.004524,0.279019
289,T289_UAV_17,BS_2,HAP_1,571.113711,570.926979,0.029934,0.006493,0.251525
289,T289_UAV_19,BS_0,HAP_0,594.597629,594.402781,0.029757,0.006757,0.291668
289,T289_UAV_16,BS_1,LEO_1,621.514338,621.316142,0.048572,0.009357,0.201331
289,T289_UAV_14,BS_0,LEO_0,629.895997,629.809398,0.012758,0.018037,0.279019
289,T289_UAV_0,BS_2,HAP_2,664.490075,664.394187,0.007814,0.024883,0.315952
289,T289_UAV_4,BS_3,BS_4,670.212202,669.968226,0.051842,0.021564,0.352852
289,T289_UAV_18,BS_2,BS_3,718.446369,718.134492,0.054851,0.071369,0.428286
289,T289_UAV_1,BS_0,BS_1,727.544963,727.232817,0.055419,0.07756,0.395834
289,T289_UAV_8,BS_4,BS_0,782.886052,782.606038,0.058878,0.062747,0.291942
290,T290_UAV_10,BS_2,LEO_1,136.369325,136.298697,0.003006,0.01869,0.24466
290,T290_UAV_18,BS_2,LEO_0,72.611946,72.523527,0.005189,0.01003,0.365999
290,T290_UAV_8,BS_4,HAP_0,1067.79122,1067.622303,0.029568,0.009565,0.148921
290,T290_UAV_11,BS_4,HAP_1,363.907184,363.835406,0.003298,0.019018,0.24731
290,T290_UAV_19,BS_0,HAP_2,308.970265,308.866295,0.004011,0.021336,0.393115
290,T290_UAV_7,BS_4,LEO_1,341.273794,341.207505,0.006388,0.010969,0.24466
290,T290_UAV_15,BS_2,HAP_0,1237.123233,1236.935742,0.03014,0.027566,0.148921
290,T290_UAV_5,BS_4,HAP_0,1339.582976,1339.382103,0.031324,0.039766,0.148921
290,T290_UAV_2,BS_2,HAP_1,799.93847,799.862237,0.007729,0.019042,0.24731
290,T290_UAV_1,BS_0,HAP_0,1682.671405,1682.480746,0.032701,0.028174,0.148921
290,T290_UAV_12,BS_0,HAP_0,1994.58246,1994.383257,0.03465,0.034769,0.148921
290,T290_UAV_0,BS_2,HAP_0,2016.591832,2016.402201,0.033414,0.026433,0.148921
291,T291_UAV_19,BS_0,HAP_1,525.349764,525.179549,0.027347,0.005113,0.18878
291,T291_UAV_15,BS_2,HAP_2,566.282593,566.111187,0.029834,0.006266,0.17653
291,T291_UAV_8,BS_4,LEO_1,447.784606,447.579911,0.045992,0.016977,0.208627
291,T291_UAV_18,BS_2,LEO_0,448.000324,447.771178,0.051412,0.027849,0.249427
291,T291_UAV_12,BS_0,HAP_0,283.324226,283.092907,0.027548,0.012744,0.455137
291,T291_UAV_16,BS_1,LEO_1,473.238967,473.023931,0.046524,0.026786,0.208627
291,T291_UAV_3,BS_2,LEO_0,486.581737,486.360377,0.052009,0.019465,0.249427
291,T291_UAV_6,BS_0,HAP_1,1045.571278,1045.390754,0.030366,0.012402,0.18878
291,T291_UAV_2,BS_2,HAP_2,980.683462,980.489389,0.03319,0.025577,0.17653
291,T291_UAV_1,BS_0,LEO_1,596.684537,596.477865,0.046593,0.018353,0.208627
291,T291_UAV_5,BS_4,LEO_0,624.842596,624.633686,0.054037,0.004987,0.249427
291,T291_UAV_0,BS_2,HAP_1,1346.722107,1346.543789,0.034183,0.00638,0.18878
291,T291_UAV_14,BS_0,HAP_2,1146.271505,1146.093012,0.032849,0.010338,0.17653
291,T291_UAV_11,BS_4,HAP_1,1541.905042,1541.712863,0.034768,0.019655,0.18878
291,T291_UAV_17,BS_2,HAP_2,1280.209565,1280.020821,0.036337,0.0171,0.17653
291,T291_UAV_10,BS_2,HAP_1,1989.32463,1989.127091,0.03875,0.021033,0.18878
292,T292_UAV_5,BS_4,LEO_1,494.15321,494.085349,0.004175,0.025404,0.191413
292,T292_UAV_2,BS_2,LEO_0,419.99792,419.929891,0.00616,0.011425,0.252219
292,T292_UAV_17,BS_3,HAP_0,282.891833,282.662739,0.027202,0.024371,0.387607
292,T292_UAV_10,BS_2,LEO_1,514.997293,514.934976,0.004558,0.019477,0.191413
292,T292_UAV_15,BS_2,HAP_1,399.827014,399.589184,0.029047,0.020476,0.441534
292,T292_UAV_9,BS_1,LEO_0,533.00657,532.943916,0.006712,0.005497,0.252219
292,T292_UAV_13,BS_1,HAP_2,523.211807,522.965074,0.030011,0.027932,0.443946
292,T292_UAV_3,BS_2,LEO_1,624.571485,624.514277,0.005811,0.013114,0.191413
292,T292_UAV_7,BS_4,LEO_0,644.222388,644.152265,0.008589,0.011091,0.252219
292,T292_UAV_6,BS_0,LEO_1,747.879986,747.81553,0.00622,0.019954,0.191413
292,T292_UAV_16,BS_1,HAP_0,534.141267,533.9271,0.027673,0.008973,0.387607
292,T292_UAV_14,BS_0,HAP_1,588.384523,588.146408,0.028956,0.020851,0.441534
292,T292_UAV_4,BS_3,HAP_2,657.733435,657.493387,0.032881,0.018378,0.443946
292,T292_UAV_0,BS_2,LEO_0,1063.615956,1063.544282,0.01573,0.005501,0.252219
292,T292_UAV_19,BS_0,LEO_1,1395.808957,1395.743639,0.010943,0.016092,0.191413
292,T292_UAV_18,BS_2,LEO_1,1531.606647,1531.53578,0.014654,0.01793,0.191413
292,T292_UAV_1,BS_0,LEO_0,336.556656,336.489514,0.003878,0.01282,0.252219
293,T293_UAV_14,BS_0,LEO_1,269.275396,269.032494,0.043529,0.02159,0.388915
293,T293_UAV_17,BS_3,LEO_0,273.295692,273.07482,0.046573,0.005439,0.344298
293,T293_UAV_13,BS_1,HAP_0,636.393981,636.17243,0.027569,0.039264,0.273591
293,T293_UAV_12,BS_0,HAP_1,313.933095,313.695871,0.027306,0.034761,0.375789
293,T293_UAV_5,BS_4,HAP_2,856.950185,856.741885,0.031874,0.024571,0.259275
293,T293_UAV_7,BS_4,LEO_1,501.342264,501.094999,0.046653,0.02283,0.388915
293,T293_UAV_3,BS_2,LEO_0,552.453032,552.222652,0.05363,0.00789,0.344298
293,T293_UAV_0,BS_2,HAP_0,1091.077978,1090.882577,0.029759,0.010924,0.273591
293,T293_UAV_9,BS_1,HAP_2,922.511342,922.31404,0.031321,0.014126,0.259275
293,T293_UAV_10,BS_2,HAP_1,605.472921,605.2418,0.031127,0.024836,0.375789
293,T293_UAV_16,BS_1,LEO_1,639.198728,638.938026,0.048815,0.034104,0.388915
293,T293_UAV_2,BS_2,LEO_0,666.458422,666.218832,0.055221,0.015509,0.344298
293,T293_UAV_1,BS_0,BS_3,676.925215,676.624223,0.052258,0.053546,0.475941
293,T293_UAV_19,BS_0,BS_4,731.552629,731.255416,0.055671,0.072626,0.344583
293,T293_UAV_15,BS_2,HAP_0,1516.249753,1516.025138,0.031564,0.038333,0.273591
293,T293_UAV_18,BS_2,HAP_2,1262.094409,1261.87889,0.037199,0.026465,0.259275
293,T293_UAV_8,BS_4,HAP_0,1579.724367,1579.490429,0.032044,0.047175,0.273591
293,T293_UAV_11,BS_4,HAP_2,1325.39273,1325.185265,0.035593,0.020018,0.259275
293,T293_UAV_4,BS_3,HAP_0,1813.418003,1813.19214,0.035583,0.035561,0.273591
294,T294_UAV_13,BS_1,LEO_0,282.589134,282.39715,0.04451,0.010243,0.186151
294,T294_UAV_11,BS_4,LEO_1,298.545389,298.342109,0.043355,0.015709,0.221082
294,T294_UAV_15,BS_2,HAP_1,376.640179,376.460976,0.02818,0.01151,0.197565
294,T294_UAV_16,BS_1,HAP_0,253.553515,253.313167,0.02627,0.02217,0.459543
294,T294_UAV_4,BS_3,LEO_0,412.015121,411.817469,0.047546,0.012876,0.186151
294,T294_UAV_9,BS_1,HAP_2,434.905978,434.693963,0.028938,0.024181,0.294478
294,T294_UAV_0,BS_2,LEO_1,618.902886,618.705574,0.047203,0.005892,0.221082
294,T294_UAV_18,BS_2,HAP_1,562.19364,562.001068,0.029882,0.023178,0.197565
294,T294_UAV_1,BS_0,LEO_0,592.15869,591.968177,0.048186,0.005097,0.186151
294,T294_UAV_6,BS_0,LEO_1,754.649619,754.440662,0.048592,0.016149,0.221082
294,T294_UAV_2,BS_2,HAP_0,621.607912,621.376508,0.028525,0.01097,0.459543
294,T294_UAV_19,BS_0,HAP_2,640.221307,640.024764,0.030834,0.006813,0.294478
294,T294_UAV_7,BS_4,BS_1,698.523634,698.275333,0.05361,0.044455,0.251177
294,T294_UAV_8,BS_4,BS_3,738.634131,738.338281,0.056113,0.076267,0.317352
294,T294_UAV_5,BS_4,LEO_0,762.566435,762.360758,0.05331,0.015137,0.186151
294,T294_UAV_10,BS_2,LEO_1,1034.131567,1033.913252,0.052552,0.021546,0.221082
294,T294_UAV_14,BS_0,HAP_1,1146.053786,1145.856855,0.031728,0.025691,0.197565
295,T295_UAV_13,BS_1,LEO_1,373.696963,373.630927,0.003831,0.019497,0.213544
295,T295_UAV_10,BS_2,LEO_0,380.07101,380.006617,0.007021,0.018272,0.195496
295,T295_UAV_7,BS_4,HAP_1,428.384435,428.20297,0.027759,0.017161,0.182728
295,T295_UAV_11,BS_4,HAP_2,366.37318,366.186222,0.029009,0.018284,0.19832
295,T295_UAV_0,BS_2,HAP_0,419.587951,419.378355,0.027357,0.014808,0.337159
295,T295_UAV_17,BS_3,LEO_0,487.896967,487.836067,0.009116,0.012685,0.195496
295,T295_UAV_6,BS_0,LEO_1,625.091198,625.021876,0.00713,0.019483,0.213544
295,T295_UAV_12,BS_0,HAP_1,605.360065,605.1745,0.028849,0.020171,0.182728
295,T295_UAV_8,BS_4,LEO_1,685.019839,684.956244,0.007271,0.013615,0.213544
295,T295_UAV_15,BS_2,LEO_0,733.628075,733.547311,0.013173,0.028491,0.195496
295,T295_UAV_5,BS_4,HAP_2,591.100625,590.899573,0.031497,0.02989,0.19832
295,T295_UAV_18,BS_2,HAP_0,694.325039,694.106546,0.030151,0.02091,0.337159
295,T295_UAV_2,BS_2,BS_3,715.748944,715.493678,0.054686,0.029811,0.353844
295,T295_UAV_19,BS_0,BS_4,755.688437,755.38657,0.057178,0.072528,0.360802
295,T295_UAV_9,BS_1,LEO_1,869.177155,869.117068,0.008191,0.009187,0.213544
295,T295_UAV_1,BS_0,LEO_0,894.948767,894.882046,0.012392,0.015229,0.195496
295,T295_UAV_14,BS_0,HAP_1,1144.545775,1144.34968,0.031723,0.027826,0.182728
296,T296_UAV_15,BS_2,LEO_1,332.382444,332.311292,0.004916,0.012553,0.268415
296,T296_UAV_8,BS_4,HAP_2,812.012864,811.834102,0.029856,0.012648,0.181286
296,T296_UAV_12,BS_0,LEO_0,261.237056,261.168904,0.008069,0.004501,0.277914
296,T296_UAV_2,BS_2,HAP_0,223.963421,223.757187,0.026602,0.034179,0.227258
296,T296_UAV_18,BS_2,HAP_1,228.749557,228.561679,0.028481,0.009112,0.251422
296,T296_UAV_17,BS_3,HAP_2,954.84014,954.660867,0.031728,0.011288,0.181286
296,T296_UAV_16,BS_1,LEO_1,715.271112,715.187004,0.009878,0.020547,0.268415
296,T296_UAV_4,BS_3,LEO_0,479.604258,479.512903,0.016416,0.019356,0.277914
296,T296_UAV_11,BS_4,HAP_2,1149.488202,1149.305152,0.032446,0.014346,0.181286
296,T296_UAV_3,BS_2,LEO_1,790.549095,790.476389,0.012919,0.006104,0.268415
296,T296_UAV_19,BS_0,HAP_2,1415.415613,1415.231074,0.033046,0.015236,0.181286
296,T296_UAV_7,BS_4,HAP_2,1832.294631,1832.08267,0.03572,0.039983,0.181286
296,T296_UAV_14,BS_0,HAP_2,2047.051479,2046.846313,0.036629,0.03228,0.181286
296,T296_UAV_1,BS_0,HAP_2,2489.822885,2489.635147,0.036783,0.014698,0.181286
297,T297_UAV_10,BS_2,LEO_1,382.30014,382.091182,0.045868,0.02293,0.200805
297,T297_UAV_2,BS_2,LEO_0,277.02222,276.810888,0.049132,0.014076,0.240626
297,T297_UAV_18,BS_2,HAP_0,985.492991,985.293883,0.03008,0.039794,0.146168
297,T297_UAV_5,BS_4,HAP_1,549.655063,549.438977,0.029508,0.009148,0.387149
297,T297_UAV_15,BS_2,HAP_2,585.322113,585.07985,0.031952,0.022825,0.437426
297,T297_UAV_19,BS_0,LEO_1,487.70091,487.507626,0.046528,0.006594,0.200805
297,T297_UAV_0,BS_2,LEO_0,343.025345,342.813132,0.05144,0.012648,0.240626
297,T297_UAV_4,BS_3,HAP_0,1311.768886,1311.592333,0.032239,0.01508,0.146168
297,T297_UAV_8,BS_4,HAP_1,650.318603,650.076629,0.03029,0.034254,0.387149
297,T297_UAV_1,BS_0,LEO_1,710.961456,710.755825,0.047877,0.017593,0.200805
297,T297_UAV_13,BS_1,HAP_2,733.455819,733.225918,0.031954,0.010462,0.437426
297,T297_UAV_9,BS_1,HAP_0,1637.034332,1636.848166,0.030001,0.026932,0.146168
297,T297_UAV_7,BS_4,HAP_0,1725.166962,1724.987628,0.032799,0.017301,0.146168
297,T297_UAV_14,BS_0,HAP_0,2087.830032,2087.63525,0.035075,0.030473,0.146168
297,T297_UAV_16,BS_1,HAP_0,2183.869909,2183.679652,0.033376,0.027648,0.146168
298,T298_UAV_1,BS_0,LEO_1,302.288447,302.221623,0.002682,0.023143,0.204999
298,T298_UAV_18,BS_2,LEO_0,310.258465,310.185276,0.006142,0.022416,0.223156
298,T298_UAV_6,BS_0,HAP_1,299.434613,299.356755,0.002075,0.028047,0.238675
298,T298_UAV_4,BS_3,HAP_0,351.519577,351.269098,0.027864,0.021685,0.504647
298,T298_UAV_15,BS_2,HAP_2,374.001615,373.774903,0.02944,0.024758,0.362565
298,T298_UAV_7,BS_4,LEO_1,500.949002,500.883962,0.005298,0.018743,0.204999
298,T298_UAV_10,BS_2,LEO_0,564.306222,564.234895,0.010398,0.016297,0.223156
298,T298_UAV_0,BS_2,LEO_1,572.088561,572.020571,0.006675,0.020316,0.204999
298,T298_UAV_14,BS_0,HAP_1,429.215441,429.134808,0.002901,0.029997,0.238675
298,T298_UAV_5,BS_4,HAP_0,445.839579,445.570815,0.028002,0.039833,0.504647
298,T298_UAV_17,BS_3,LEO_0,631.967102,631.905417,0.011798,0.005256,0.223156
298,T298_UAV_2,BS_2,BS_1,487.063304,486.852269,0.040403,0.016589,0.270212
298,T298_UAV_12,BS_0,HAP_2,578.213153,577.98462,0.030791,0.025229,0.362565
298,T298_UAV_3,BS_2,LEO_1,725.888134,725.813513,0.009313,0.024308,0.204999
298,T298_UAV_9,BS_1,LEO_0,760.010276,759.938222,0.01152,0.015902,0.223156
298,T298_UAV_11,BS_4,BS_3,753.949337,753.647486,0.057069,0.049378,0.477019
298,T298_UAV_19,BS_0,BS_4,200.816689,200.568259,0.022519,0.054473,0.357188
299,T299_UAV_18,BS_2,LEO_1,337.215126,337.132839,0.004478,0.023544,0.271325
299,T299_UAV_6,BS_0,LEO_0,263.534649,263.315418,0.045741,0.010045,0.317223
299,T299_UAV_17,BS_3,HAP_1,417.262114,417.173522,0.003021,0.025978,0.297967
299,T299_UAV_4,BS_3,HAP_0,503.892644,503.699575,0.028506,0.008599,0.279814
299,T299_UAV_1,BS_0,HAP_2,353.225585,353.023339,0.027476,0.023402,0.256838
299,T299_UAV_2,BS_2,LEO_1,492.082235,492.013014,0.00568,0.009275,0.271325
299,T299_UAV_0,BS_2,LEO_0,398.522668,398.284302,0.049193,0.025727,0.317223
299,T299_UAV_14,BS_0,HAP_1,601.686151,601.588422,0.003544,0.034591,0.297967
299,T299_UAV_7,BS_4,LEO_1,578.987274,578.919198,0.006128,0.007682,0.271325
299,T299_UAV_9,BS_1,HAP_0,677.208286,676.97269,0.027345,0.052288,0.279814
299,T299_UAV_12,BS_0,HAP_2,459.362513,459.168285,0.029599,0.013261,0.256838
299,T299_UAV_19,BS_0,BS_3,483.264333,483.009315,0.040163,0.064253,0.253012
299,T299_UAV_13,BS_1,LEO_0,511.16111,510.921424,0.050431,0.025811,0.317223
299,T299_UAV_11,BS_4,LEO_1,644.025319,643.941839,0.007268,0.021948,0.271325
299,T299_UAV_3,BS_2,BS_4,692.812524,692.54712,0.053253,0.045766,0.331925
299,T299_UAV_16,BS_1,BS_0,743.270872,742.996286,0.056404,0.047109,0.355366
299,T299_UAV_8,BS_4,HAP_1,896.816939,896.733317,0.006247,0.017782,0.297967
299,T299_UAV_10,BS_2,HAP_0,954.172555,953.950034,0.030141,0.036418,0.279814
300,T300_UAV_18,BS_2,LEO_1,278.956314,278.857916,0.004725,0.01521,0.392316
300,T300_UAV_8,BS_4,LEO_0,403.570368,403.503832,0.006591,0.015543,0.222009
300,T300_UAV_15,BS_2,HAP_0,321.963649,321.780066,0.026774,0.010751,0.230293
300,T300_UAV_19,BS_0,HAP_1,369.212473,369.128052,0.002108,0.014662,0.338254
300,T300_UAV_17,BS_3,HAP_2,376.007092,375.928979,0.004646,0.031944,0.207617
300,T300_UAV_0,BS_2,LEO_0,607.265371,607.185753,0.010896,0.024321,0.222009
300,T300_UAV_4,BS_3,LEO_1,629.411603,629.314212,0.009954,0.008974,0.392316
300,T300_UAV_11,BS_4,HAP_0,569.323135,569.113292,0.028258,0.035525,0.230293
300,T300_UAV_13,BS_1,LEO_0,773.294779,773.226075,0.012299,0.012003,0.222009
300,T300_UAV_7,BS_4,HAP_1,638.26405,638.184833,0.004784,0.006781,0.338254
300,T300_UAV_3,BS_2,LEO_1,641.336845,641.236572,0.010473,0.011337,0.392316
300,T300_UAV_12,BS_0,HAP_2,670.353775,670.266582,0.00672,0.03895,0.207617
300,T300_UAV_2,BS_2,BS_3,687.20918,686.927461,0.052902,0.041677,0.435701
300,T300_UAV_6,BS_0,BS_4,722.564597,722.335172,0.055113,0.013784,0.302637
300,T300_UAV_9,BS_1,LEO_0,958.479879,958.414964,0.014527,0.005987,0.222009
300,T300_UAV_5,BS_4,BS_1,201.63449,201.4019,0.022571,0.059742,0.251387
301,T301_UAV_5,BS_4,LEO_1,372.60593,372.410296,0.043623,0.017883,0.170642
301,T301_UAV_17,BS_3,LEO_0,229.907039,229.821113,0.005533,0.024613,0.2789
301,T301_UAV_7,BS_4,HAP_0,353.680353,353.493379,0.026943,0.021175,0.194284
301,T301_UAV_18,BS_2,HAP_1,289.422939,289.239436,0.028028,0.009438,0.230189
301,T301_UAV_3,BS_2,LEO_1,477.076585,476.882917,0.045103,0.014436,0.170642
301,T301_UAV_10,BS_2,LEO_0,352.366519,352.291397,0.008352,0.010989,0.2789
301,T301_UAV_12,BS_0,HAP_2,554.722404,554.627535,0.005561,0.026398,0.314553
301,T301_UAV_6,BS_0,HAP_1,415.89934,415.705242,0.027883,0.020177,0.230189
301,T301_UAV_4,BS_3,HAP_0,643.636794,643.424425,0.029481,0.044031,0.194284
301,T301_UAV_8,BS_4,LEO_1,769.126769,768.933079,0.046858,0.012704,0.170642
301,T301_UAV_11,BS_4,LEO_0,631.44455,631.361224,0.014084,0.013462,0.2789
301,T301_UAV_13,BS_1,HAP_2,644.199159,644.086297,0.006061,0.043891,0.314553
301,T301_UAV_0,BS_2,BS_3,779.861755,779.606679,0.058691,0.043916,0.262347
301,T301_UAV_15,BS_2,LEO_1,1058.619564,1058.420297,0.050337,0.014802,0.170642
301,T301_UAV_16,BS_1,HAP_0,999.509772,999.299845,0.029531,0.041539,0.194284
301,T301_UAV_2,BS_2,LEO_1,1275.79511,1275.595139,0.052336,0.013506,0.170642
302,T302_UAV_7,BS_4,LEO_1,416.065053,415.848587,0.044406,0.018386,0.268372
302,T302_UAV_6,BS_0,LEO_0,651.896994,651.699425,0.047888,0.011807,0.189373
302,T302_UAV_8,BS_4,HAP_1,542.025482,541.957473,0.003788,0.013258,0.254815
302,T302_UAV_11,BS_4,HAP_0,450.541835,450.321389,0.027578,0.032737,0.300651
302,T302_UAV_4,BS_3,LEO_0,774.183776,773.986428,0.050013,0.009461,0.189373
302,T302_UAV_0,BS_2,LEO_1,611.668954,611.440259,0.047136,0.027885,0.268372
302,T302_UAV_3,BS_2,HAP_2,304.91068,304.8064,0.006003,0.024736,0.367699
302,T302_UAV_10,BS_2,LEO_0,1230.210925,1229.994882,0.056005,0.022164,0.189373
302,T302_UAV_1,BS_0,HAP_1,957.257247,957.187865,0.005556,0.012863,0.254815
302,T302_UAV_13,BS_1,LEO_1,872.297498,872.088155,0.048858,0.00681,0.268372
302,T302_UAV_9,BS_1,HAP_0,782.737369,782.510985,0.027932,0.038322,0.300651
302,T302_UAV_5,BS_4,LEO_1,961.91885,961.686322,0.051172,0.027682,0.268372
302,T302_UAV_18,BS_2,LEO_0,1468.191418,1467.97414,0.060545,0.018858,0.189373
302,T302_UAV_15,BS_2,HAP_1,1105.927184,1105.848571,0.009413,0.018237,0.254815
302,T302_UAV_12,BS_0,LEO_0,1536.711726,1536.507769,0.058224,0.007858,0.189373
302,T302_UAV_19,BS_0,LEO_0,1564.109192,1563.896057,0.057542,0.017719,0.189373
303,T303_UAV_0,BS_2,LEO_1,322.513305,322.285227,0.044767,0.03274,0.252859
303,T303_UAV_18,BS_2,LEO_0,329.307867,329.086032,0.048422,0.017164,0.281243
303,T303_UAV_14,BS_0,HAP_2,689.547537,689.355579,0.029381,0.028658,0.169591
303,T303_UAV_16,BS_1,HAP_0,377.207857,377.138654,0.001912,0.024796,0.212477
303,T303_UAV_5,BS_4,HAP_1,440.20819,440.138572,0.003578,0.009604,0.282181
303,T303_UAV_7,BS_4,LEO_1,504.471201,504.258762,0.046752,0.015115,0.252859
303,T303_UAV_8,BS_4,HAP_2,958.019506,957.832741,0.031438,0.02141,0.169591
303,T303_UAV_11,BS_4,LEO_0,710.407661,710.17571,0.055836,0.019866,0.281243
303,T303_UAV_9,BS_1,HAP_2,1002.004279,1001.825982,0.031355,0.013024,0.169591
303,T303_UAV_6,BS_0,HAP_0,725.479646,725.412639,0.005579,0.018932,0.212477
303,T303_UAV_3,BS_2,HAP_1,752.752643,752.675997,0.007106,0.013104,0.282181
303,T303_UAV_15,BS_2,LEO_1,754.805535,754.586914,0.05114,0.016909,0.252859
303,T303_UAV_12,BS_0,LEO_0,770.63412,770.415545,0.056475,0.005851,0.281243
303,T303_UAV_17,BS_3,HAP_2,1160.519085,1160.327157,0.0343,0.02371,0.169591
303,T303_UAV_10,BS_2,HAP_2,1948.183277,1947.990932,0.040515,0.017912,0.169591
304,T304_UAV_7,BS_4,LEO_1,316.577609,316.514731,0.003364,0.014186,0.226639
304,T304_UAV_1,BS_0,LEO_0,289.689698,289.489699,0.04512,0.006647,0.241163
304,T304_UAV_17,BS_3,HAP_1,319.33579,319.258236,0.002703,0.006769,0.340408
304,T304_UAV_12,BS_0,HAP_0,351.598182,351.411165,0.027357,0.013362,0.23149
304,T304_UAV_10,BS_2,HAP_2,383.162373,382.935007,0.029672,0.024434,0.366296
304,T304_UAV_3,BS_2,LEO_1,555.785435,555.703879,0.007124,0.029104,0.226639
304,T304_UAV_2,BS_2,LEO_0,421.674894,421.449462,0.049614,0.027585,0.241163
304,T304_UAV_5,BS_4,HAP_1,426.197954,426.11853,0.003458,0.007884,0.340408
304,T304_UAV_15,BS_2,LEO_1,625.809163,625.750866,0.007292,0.005677,0.226639
304,T304_UAV_16,BS_1,HAP_0,609.515374,609.314425,0.02809,0.02656,0.23149
304,T304_UAV_11,BS_4,HAP_2,617.504552,617.290982,0.031794,0.008517,0.366296
304,T304_UAV_4,BS_3,LEO_0,640.125645,639.897872,0.055032,0.024508,0.241163
304,T304_UAV_6,BS_0,BS_3,727.704983,727.429121,0.055432,0.019817,0.503069
304,T304_UAV_13,BS_1,BS_0,731.871169,731.645754,0.055695,0.013602,0.280588
304,T304_UAV_19,BS_0,LEO_1,864.882308,864.821821,0.009117,0.006041,0.226639
305,T305_UAV_9,BS_1,LEO_1,325.397065,325.325577,0.003838,0.008433,0.296082
305,T305_UAV_7,BS_4,LEO_0,548.582872,548.510657,0.008899,0.025072,0.191217
305,T305_UAV_4,BS_3,HAP_1,629.441681,629.266426,0.029191,0.012648,0.167078
305,T305_UAV_0,BS_2,HAP_0,451.907948,451.694142,0.027545,0.03796,0.241506
305,T305_UAV_14,BS_0,HAP_2,483.369838,483.153063,0.0294,0.028674,0.293498
305,T305_UAV_2,BS_2,LEO_0,562.473104,562.40415,0.009973,0.020738,0.191217
305,T305_UAV_13,BS_1,LEO_1,495.856355,495.786432,0.006325,0.004382,0.296082
305,T305_UAV_12,BS_0,HAP_1,664.856121,664.677927,0.029265,0.015513,0.167078
305,T305_UAV_15,BS_2,LEO_1,503.402081,503.325812,0.007435,0.009617,0.296082
305,T305_UAV_10,BS_2,LEO_0,752.049812,751.980027,0.013774,0.017768,0.191217
305,T305_UAV_17,BS_3,HAP_0,610.872399,610.665652,0.029814,0.028632,0.241506
305,T305_UAV_6,BS_0,HAP_2,629.48612,629.262468,0.031585,0.033367,0.293498
305,T305_UAV_19,BS_0,BS_3,734.502472,734.257755,0.055858,0.042617,0.231208
305,T305_UAV_5,BS_4,LEO_0,1026.268498,1026.199447,0.017956,0.012851,0.191217
305,T305_UAV_1,BS_0,HAP_1,1176.994581,1176.802355,0.031818,0.026992,0.167078
306,T306_UAV_13,BS_1,LEO_1,259.819879,259.727141,0.003309,0.01841,0.355096
306,T306_UAV_1,BS_0,HAP_2,628.607804,628.541545,0.003112,0.026885,0.181311
306,T306_UAV_10,BS_2,LEO_0,325.003428,324.922885,0.007669,0.01161,0.306324
306,T306_UAV_3,BS_2,HAP_0,233.092303,233.019336,0.001736,0.02348,0.238754
306,T306_UAV_9,BS_1,HAP_1,410.714618,410.508809,0.029003,0.019259,0.287736
306,T306_UAV_0,BS_2,LEO_1,497.582071,497.480624,0.007381,0.023047,0.355096
306,T306_UAV_19,BS_0,LEO_0,517.243482,517.166236,0.010369,0.005612,0.306324
306,T306_UAV_5,BS_4,HAP_2,1056.5917,1056.528056,0.007254,0.020128,0.181311
306,T306_UAV_14,BS_0,HAP_0,468.074149,468.010769,0.003175,0.012455,0.238754
306,T306_UAV_11,BS_4,HAP_2,1173.190732,1173.115163,0.008063,0.031244,0.181311
306,T306_UAV_2,BS_2,LEO_1,601.415264,601.32156,0.008781,0.013904,0.355096
306,T306_UAV_17,BS_3,HAP_1,750.458792,750.254789,0.031329,0.015126,0.287736
306,T306_UAV_18,BS_2,HAP_2,1303.647138,1303.577604,0.010616,0.022656,0.181311
306,T306_UAV_4,BS_3,HAP_2,1464.9058,1464.8427,0.010587,0.01625,0.181311
306,T306_UAV_12,BS_0,HAP_2,2235.125048,2235.065768,0.01434,0.008678,0.181311
306,T306_UAV_7,BS_4,LEO_0,200.282067,200.200087,0.004175,0.01654,0.306324
307,T307_UAV_14,BS_0,LEO_1,509.686498,509.50204,0.043915,0.016505,0.120191
307,T307_UAV_12,BS_0,HAP_1,466.121465,466.0545,0.002997,0.019163,0.224022
307,T307_UAV_3,BS_2,LEO_1,574.1728,573.993023,0.045324,0.010415,0.120191
307,T307_UAV_19,BS_0,HAP_0,592.453155,592.380939,0.004058,0.00972,0.292188
307,T307_UAV_0,BS_2,LEO_0,663.977282,663.878674,0.015388,0.012757,0.352317
307,T307_UAV_18,BS_2,LEO_1,584.518105,584.342068,0.045628,0.006371,0.120191
307,T307_UAV_7,BS_4,HAP_2,342.646888,342.399426,0.029686,0.026383,0.456967
307,T307_UAV_13,BS_1,LEO_1,695.892022,695.698252,0.04518,0.024552,0.120191
307,T307_UAV_6,BS_0,LEO_0,719.190234,719.097856,0.015795,0.00612,0.352317
307,T307_UAV_8,BS_4,HAP_1,810.187438,810.129983,0.005693,0.006958,0.224022
307,T307_UAV_17,BS_3,HAP_0,810.902434,810.832094,0.005488,0.006415,0.292188
307,T307_UAV_5,BS_4,LEO_0,736.96048,736.86439,0.016609,0.009018,0.352317
307,T307_UAV_2,BS_2,LEO_1,1051.29513,1051.113772,0.048836,0.008484,0.120191
307,T307_UAV_16,BS_1,HAP_0,1000.562666,1000.495089,0.004566,0.004574,0.292188
307,T307_UAV_10,BS_2,HAP_1,1062.753362,1062.677324,0.008805,0.022429,0.224022
307,T307_UAV_1,BS_0,LEO_1,1426.430543,1426.249604,0.049458,0.007442,0.120191
308,T308_UAV_2,BS_2,LEO_1,275.878131,275.669925,0.043167,0.010784,0.271273
308,T308_UAV_11,BS_4,LEO_0,404.092246,403.903054,0.047004,0.020661,0.107636
308,T308_UAV_14,BS_0,HAP_0,466.47589,466.295847,0.02775,0.01496,0.18667
308,T308_UAV_1,BS_0,HAP_1,314.860462,314.780956,0.002086,0.023293,0.270637
308,T308_UAV_16,BS_1,HAP_2,353.151623,352.887063,0.028778,0.0429,0.464411
308,T308_UAV_12,BS_0,LEO_1,525.767895,525.545882,0.045778,0.02198,0.271273
308,T308_UAV_18,BS_2,LEO_0,591.667707,591.482242,0.051746,0.012191,0.107636
308,T308_UAV_10,BS_2,HAP_0,689.536719,689.36411,0.028682,0.006592,0.18667
308,T308_UAV_19,BS_0,HAP_1,550.907806,550.832184,0.003104,0.018391,0.270637
308,T308_UAV_9,BS_1,LEO_1,763.458633,763.237258,0.047173,0.019948,0.271273
308,T308_UAV_13,BS_1,LEO_0,779.18884,778.999782,0.052275,0.015256,0.107636
308,T308_UAV_6,BS_0,HAP_2,702.247933,702.014382,0.032371,0.008297,0.464411
308,T308_UAV_7,BS_4,BS_3,741.684546,741.398336,0.056304,0.061863,0.340217
308,T308_UAV_5,BS_4,LEO_1,838.368426,838.156691,0.04976,0.00772,0.271273
308,T308_UAV_15,BS_2,LEO_0,931.90114,931.713848,0.056719,0.009046,0.107636
308,T308_UAV_4,BS_3,HAP_0,1122.973744,1122.796213,0.032829,0.007368,0.18667
309,T309_UAV_3,BS_2,LEO_1,270.048865,269.986155,0.003458,0.020324,0.194642
309,T309_UAV_1,BS_0,LEO_0,311.75776,311.695317,0.004331,0.019321,0.193952
309,T309_UAV_6,BS_0,HAP_2,354.805194,354.639646,0.02809,0.007743,0.148576
309,T309_UAV_8,BS_4,HAP_0,314.387358,314.326886,0.00177,0.010708,0.23997
309,T309_UAV_19,BS_0,HAP_1,319.670657,319.474598,0.026795,0.025216,0.22024
309,T309_UAV_14,BS_0,LEO_1,456.840928,456.778819,0.004779,0.018401,0.194642
309,T309_UAV_0,BS_2,LEO_0,471.857335,471.791531,0.008489,0.018524,0.193952
309,T309_UAV_15,BS_2,HAP_0,356.928974,356.852272,0.001949,0.026759,0.23997
309,T309_UAV_7,BS_4,LEO_1,501.132369,501.07463,0.005347,0.013463,0.194642
309,T309_UAV_11,BS_4,HAP_1,406.766856,406.580285,0.028719,0.013804,0.22024
309,T309_UAV_16,BS_1,LEO_0,562.025107,561.963153,0.009533,0.013631,0.193952
309,T309_UAV_12,BS_4,HAP_2,825.357287,825.171382,0.031895,0.024295,0.148576
309,T309_UAV_5,BS_4,BS_3,589.006191,588.775943,0.04677,0.01186,0.35809
309,T309_UAV_18,BS_2,BS_4,784.926915,784.637711,0.059005,0.061516,0.343408
309,T309_UAV_4,BS_3,LEO_1,846.141982,846.085366,0.010465,0.007222,0.194642
309,T309_UAV_10,BS_2,LEO_0,892.578631,892.504867,0.016291,0.018683,0.193952
309,T309_UAV_13,BS_1,HAP_2,1160.100518,1159.924401,0.034026,0.012375,0.148576
310,T310_UAV_14,BS_0,LEO_1,290.860899,290.657359,0.043035,0.015756,0.223748
310,T310_UAV_15,BS_2,LEO_0,360.762534,360.684263,0.008346,0.004281,0.328221
310,T310_UAV_18,BS_2,HAP_1,707.598723,707.404513,0.030009,0.025482,0.19359
310,T310_UAV_16,BS_1,HAP_0,361.158565,360.981089,0.026842,0.010128,0.202529
310,T310_UAV_13,BS_1,HAP_2,430.460475,430.264887,0.028968,0.008436,0.290919
310,T310_UAV_6,BS_0,HAP_1,804.262871,804.088211,0.029157,0.006784,0.19359
310,T310_UAV_19,BS_0,LEO_1,713.046052,712.8485,0.04746,0.005343,0.223748
310,T310_UAV_17,BS_3,LEO_0,558.115436,558.025086,0.013398,0.011307,0.328221
310,T310_UAV_2,BS_2,HAP_0,539.522714,539.348517,0.027976,0.005715,0.202529
310,T310_UAV_4,BS_3,HAP_1,956.923176,956.749718,0.030342,0.004398,0.19359
310,T310_UAV_5,BS_4,LEO_1,778.34216,778.142042,0.049069,0.0063,0.223748
310,T310_UAV_9,BS_1,LEO_0,586.748437,586.650538,0.011408,0.020848,0.328221
310,T310_UAV_0,BS_2,HAP_2,721.797936,721.572318,0.033592,0.033842,0.290919
310,T310_UAV_10,BS_2,LEO_1,1050.753002,1050.537222,0.052557,0.018473,0.223748
310,T310_UAV_7,BS_4,HAP_1,1360.39694,1360.213769,0.032458,0.011996,0.19359
310,T310_UAV_8,BS_4,HAP_1,1628.494043,1628.309043,0.034616,0.011666,0.19359
311,T311_UAV_19,BS_0,LEO_1,701.634262,701.57091,0.005398,0.021316,0.183188
311,T311_UAV_2,BS_2,HAP_0,755.43073,755.378521,0.003431,0.010768,0.190043
311,T311_UAV_6,BS_0,HAP_2,597.25354,597.066612,0.030215,0.036652,0.10031
311,T311_UAV_15,BS_2,LEO_0,257.779441,257.688622,0.01661,0.005565,0.34322
311,T311_UAV_8,BS_4,LEO_1,799.170485,799.104863,0.00622,0.022765,0.183188
311,T311_UAV_7,BS_4,HAP_0,821.551697,821.504483,0.004187,0.005019,0.190043
311,T311_UAV_13,BS_1,LEO_1,895.589597,895.541032,0.006642,0.005285,0.183188
311,T311_UAV_14,BS_0,HAP_2,676.158072,675.973831,0.030203,0.033976,0.10031
311,T311_UAV_9,BS_1,LEO_1,936.41058,936.361381,0.006544,0.006017,0.183188
311,T311_UAV_5,BS_4,HAP_0,954.395935,954.34443,0.005265,0.008231,0.190043
311,T311_UAV_10,BS_2,HAP_2,758.943002,758.772683,0.032476,0.017781,0.10031
311,T311_UAV_3,BS_2,LEO_1,1525.793184,1525.713772,0.014156,0.028619,0.183188
311,T311_UAV_18,BS_2,HAP_0,1537.829072,1537.762355,0.009097,0.019612,0.190043
311,T311_UAV_17,BS_3,LEO_1,1554.804093,1554.729996,0.014218,0.023241,0.183188
312,T312_UAV_14,BS_0,LEO_1,182.354953,182.134671,0.043384,0.029277,0.238106
312,T312_UAV_16,BS_1,LEO_0,274.848529,274.635379,0.048632,0.017501,0.235085
312,T312_UAV_8,BS_4,HAP_2,1406.94696,1406.891419,0.008889,0.009103,0.18774
312,T312_UAV_3,BS_2,HAP_0,683.965954,683.762413,0.030111,0.021629,0.259001
312,T312_UAV_15,BS_2,HAP_1,758.080677,757.84818,0.032821,0.014314,0.426812
312,T312_UAV_17,BS_3,LEO_1,479.408123,479.184663,0.050942,0.024897,0.238106
312,T312_UAV_10,BS_2,LEO_0,481.680001,481.471519,0.056341,0.005123,0.235085
312,T312_UAV_19,BS_0,HAP_2,1446.179542,1446.104738,0.00846,0.028796,0.18774
312,T312_UAV_9,BS_1,HAP_0,765.781031,765.584494,0.027843,0.016894,0.259001
312,T312_UAV_12,BS_4,HAP_1,787.447429,787.204014,0.030899,0.027154,0.426812
312,T312_UAV_1,BS_0,HAP_2,1794.547045,1794.483768,0.008901,0.016829,0.18774
312,T312_UAV_4,BS_3,HAP_2,2004.346795,2004.284414,0.014415,0.010418,0.18774
312,T312_UAV_7,BS_4,HAP_2,2209.670052,2209.606166,0.013794,0.012545,0.18774
312,T312_UAV_11,BS_4,HAP_2,2362.817767,2362.747392,0.016277,0.01655,0.18774
313,T313_UAV_11,BS_4,LEO_1,241.835101,241.625713,0.043459,0.008305,0.28812
313,T313_UAV_3,BS_2,LEO_0,393.185148,393.113508,0.009663,0.019174,0.214018
313,T313_UAV_14,BS_0,HAP_1,667.490212,667.289557,0.028394,0.034309,0.189763
313,T313_UAV_8,BS_4,HAP_0,458.700874,458.497646,0.027563,0.016919,0.29373
313,T313_UAV_17,BS_3,HAP_2,339.275981,339.029542,0.031261,0.044941,0.351188
313,T313_UAV_12,BS_4,LEO_1,531.989827,531.769666,0.047387,0.01515,0.28812
313,T313_UAV_2,BS_2,LEO_0,560.881064,560.818027,0.012805,0.007428,0.214018
313,T313_UAV_13,BS_1,HAP_1,1429.628164,1429.446807,0.033513,0.009892,0.189763
313,T313_UAV_19,BS_0,HAP_0,593.830473,593.616622,0.029754,0.025351,0.29373
313,T313_UAV_10,BS_2,LEO_1,735.443368,735.200849,0.051119,0.033776,0.28812
313,T313_UAV_0,BS_2,LEO_0,766.44703,766.375471,0.017797,0.010959,0.214018
313,T313_UAV_9,BS_1,BS_3,776.4413,776.204021,0.058479,0.032407,0.231968
313,T313_UAV_6,BS_0,HAP_1,1626.18997,1626.009332,0.033419,0.009267,0.189763
313,T313_UAV_18,BS_2,HAP_1,1920.705341,1920.494063,0.038608,0.034716,0.189763
313,T313_UAV_5,BS_4,HAP_1,1994.367477,1994.156857,0.036466,0.036201,0.189763
314,T314_UAV_13,BS_1,LEO_0,496.525231,496.331984,0.044918,0.009856,0.192369
314,T314_UAV_3,BS_2,LEO_1,258.845024,258.767466,0.004216,0.030559,0.213915
314,T314_UAV_18,BS_2,HAP_0,319.938456,319.874411,0.002431,0.018357,0.216287
314,T314_UAV_6,BS_0,HAP_1,166.695002,166.441475,0.026541,0.047913,0.395365
314,T314_UAV_7,BS_4,LEO_0,677.956277,677.750289,0.046974,0.02054,0.192369
314,T314_UAV_12,BS_4,HAP_2,203.050913,202.810301,0.027926,0.035463,0.38612
314,T314_UAV_17,BS_3,LEO_0,799.781807,799.579863,0.049276,0.014194,0.192369
314,T314_UAV_8,BS_4,LEO_1,568.004556,567.943231,0.007592,0.01095,0.213915
314,T314_UAV_2,BS_2,BS_1,747.944418,747.716785,0.056699,0.045649,0.126425
314,T314_UAV_4,BS_3,LEO_0,1186.913401,1186.711234,0.053451,0.010242,0.192369
314,T314_UAV_11,BS_4,HAP_0,688.665931,688.583786,0.003949,0.034938,0.216287
314,T314_UAV_19,BS_0,LEO_1,690.014336,689.955726,0.009077,0.00675,0.213915
314,T314_UAV_0,BS_2,BS_3,722.961978,722.712996,0.055137,0.033885,0.299804
314,T314_UAV_15,BS_2,LEO_0,1293.396118,1293.185778,0.054534,0.017333,0.192369
314,T314_UAV_1,BS_0,LEO_0,1354.71255,1354.513612,0.052056,0.008408,0.192369
314,T314_UAV_9,BS_1,LEO_0,1401.382233,1401.168752,0.053522,0.021485,0.192369
314,T314_UAV_5,BS_4,BS_1,1462.578412,1462.307974,0.101339,0.043815,0.126425
315,T315_UAV_13,BS_1,LEO_1,311.07603,310.991651,0.003917,0.019351,0.305554
315,T315_UAV_19,BS_0,LEO_0,335.394156,335.145108,0.046645,0.022258,0.40073
315,T315_UAV_4,BS_3,HAP_0,240.275896,240.186232,0.001966,0.029077,0.293103
315,T315_UAV_6,BS_0,HAP_1,341.276837,341.047513,0.027381,0.021443,0.402492
315,T315_UAV_3,BS_2,HAP_2,338.385246,338.180847,0.029335,0.029094,0.229847
315,T315_UAV_5,BS_4,LEO_1,348.580398,348.500754,0.005166,0.013367,0.305554
315,T315_UAV_18,BS_2,LEO_0,360.291467,360.046183,0.04926,0.015878,0.40073
315,T315_UAV_17,BS_3,HAP_0,432.169623,432.092896,0.003438,0.014668,0.293103
315,T315_UAV_15,BS_2,HAP_2,529.823899,529.615282,0.031314,0.031334,0.229847
315,T315_UAV_12,BS_4,LEO_1,613.005266,612.931404,0.008522,0.004228,0.305554
315,T315_UAV_1,BS_0,HAP_1,672.853625,672.598245,0.029435,0.045446,0.402492
315,T315_UAV_8,BS_4,LEO_0,675.124715,674.881975,0.054159,0.008434,0.40073
315,T315_UAV_9,BS_1,BS_3,688.289459,687.99566,0.052968,0.06808,0.363753
315,T315_UAV_11,BS_4,BS_1,698.059043,697.827013,0.053582,0.010398,0.340249
315,T315_UAV_14,BS_0,BS_4,733.077758,732.81462,0.055768,0.037681,0.348442
316,T316_UAV_4,BS_3,LEO_0,145.949697,145.727144,0.044898,0.02833,0.246627
316,T316_UAV_5,BS_4,LEO_1,175.977603,175.888018,0.003705,0.016444,0.347176
316,T316_UAV_12,BS_4,HAP_1,1041.942337,1041.751159,0.030184,0.032324,0.143352
316,T316_UAV_8,BS_4,HAP_2,298.454907,298.372302,0.002932,0.033725,0.22974
316,T316_UAV_14,BS_0,HAP_0,227.224992,227.146225,0.002023,0.005647,0.355479
316,T316_UAV_13,BS_1,HAP_1,1067.418941,1067.235059,0.030707,0.024504,0.143352
316,T316_UAV_3,BS_2,LEO_1,442.043107,441.94873,0.010271,0.01467,0.347176
316,T316_UAV_1,BS_0,LEO_0,462.713907,462.488897,0.051763,0.023921,0.246627
316,T316_UAV_7,BS_4,HAP_1,1179.768627,1179.602503,0.030873,0.00658,0.143352
316,T316_UAV_11,BS_4,HAP_2,745.635536,745.54507,0.008264,0.036253,0.22974
316,T316_UAV_6,BS_0,HAP_1,1486.129806,1485.941185,0.032018,0.027933,0.143352
316,T316_UAV_19,BS_0,HAP_1,2024.818783,2024.644512,0.033091,0.01251,0.143352
316,T316_UAV_2,BS_2,HAP_1,2424.946316,2424.770359,0.039691,0.007596,0.143352
316,T316_UAV_10,BS_2,HAP_1,2571.298794,2571.108539,0.040403,0.021181,0.143352
317,T317_UAV_0,BS_2,LEO_1,424.789229,424.610497,0.04363,0.00384,0.156309
317,T317_UAV_15,BS_2,HAP_0,648.010795,647.817102,0.027895,0.027189,0.193043
317,T317_UAV_12,BS_4,LEO_0,321.65582,321.417518,0.049902,0.026829,0.307852
317,T317_UAV_7,BS_4,HAP_2,628.601532,628.417025,0.030105,0.014411,0.199955
317,T317_UAV_13,BS_1,HAP_1,287.891179,287.627596,0.028303,0.035237,0.500214
317,T317_UAV_3,BS_2,LEO_1,863.42485,863.240945,0.047998,0.004646,0.156309
317,T317_UAV_4,BS_3,HAP_0,907.173739,906.998212,0.030719,0.0062,0.193043
317,T317_UAV_8,BS_4,LEO_1,976.122558,975.927401,0.047587,0.016308,0.156309
317,T317_UAV_2,BS_2,HAP_2,735.72652,735.526556,0.031993,0.027981,0.199955
317,T317_UAV_14,BS_0,LEO_0,529.187889,528.954618,0.055523,0.016178,0.307852
317,T317_UAV_5,BS_4,LEO_1,1059.094345,1058.903216,0.049029,0.010838,0.156309
317,T317_UAV_6,BS_0,HAP_0,1070.818655,1070.627117,0.031482,0.021447,0.193043
317,T317_UAV_19,BS_0,HAP_2,966.146454,965.959756,0.032156,0.014551,0.199955
317,T317_UAV_11,BS_4,LEO_1,1406.246357,1406.055916,0.05166,0.007519,0.156309
317,T317_UAV_18,BS_2,HAP_0,1415.908136,1415.714812,0.033423,0.021293,0.193043
317,T317_UAV_9,BS_1,LEO_1,401.21583,401.028565,0.04281,0.013194,0.156309
318,T318_UAV_6,BS_0,LEO_0,940.325335,940.251336,0.009146,0.017475,0.23689
318,T318_UAV_14,BS_0,LEO_1,358.470335,358.240951,0.04473,0.023056,0.307993
318,T318_UAV_17,BS_3,HAP_0,474.405542,474.187791,0.02878,0.024469,0.322508
318,T318_UAV_1,BS_0,HAP_1,500.232623,500.00361,0.02829,0.012707,0.440082
318,T318_UAV_19,BS_0,HAP_2,522.6511,522.407739,0.029561,0.04446,0.346702
318,T318_UAV_13,BS_1,LEO_0,1132.467863,1132.385318,0.010099,0.025067,0.23689
318,T318_UAV_4,BS_3,LEO_1,539.18763,538.960138,0.048414,0.017479,0.307993
318,T318_UAV_12,BS_4,LEO_0,1322.399465,1322.303886,0.012496,0.035705,0.23689
318,T318_UAV_0,BS_2,HAP_0,573.22971,573.030007,0.028241,0.00696,0.322508
318,T318_UAV_16,BS_1,HAP_1,594.753266,594.507037,0.030577,0.027636,0.440082
318,T318_UAV_9,BS_1,LEO_1,597.279542,597.044208,0.047087,0.026647,0.307993
318,T318_UAV_10,BS_2,HAP_2,615.055187,614.830803,0.032336,0.022708,0.346702
318,T318_UAV_5,BS_4,BS_3,643.091824,642.808836,0.050145,0.04592,0.434614
318,T318_UAV_18,BS_2,LEO_0,1561.894257,1561.802045,0.017384,0.02745,0.23689
318,T318_UAV_11,BS_4,LEO_0,1709.161182,1709.059063,0.016822,0.037919,0.23689
318,T318_UAV_3,BS_2,LEO_0,1761.473563,1761.380265,0.018767,0.027153,0.23689
318,T318_UAV_2,BS_2,LEO_0,1837.45897,1837.372547,0.018368,0.020677,0.23689
318,T318_UAV_15,BS_2,LEO_0,1971.203842,1971.127923,0.01994,0.008601,0.23689
319,T319_UAV_19,BS_0,LEO_1,314.125589,314.065392,0.004109,0.005736,0.251756
319,T319_UAV_0,BS_2,HAP_0,228.392733,228.218473,0.026289,0.008878,0.195461
319,T319_UAV_15,BS_2,LEO_0,337.981266,337.721537,0.047797,0.023607,0.441628
319,T319_UAV_4,BS_3,HAP_1,325.899554,325.717192,0.027465,0.028033,0.13432
319,T319_UAV_3,BS_2,HAP_2,415.190537,414.96361,0.030309,0.040199,0.282096
319,T319_UAV_17,BS_3,LEO_1,556.140334,556.059057,0.008907,0.022019,0.251756
319,T319_UAV_18,BS_2,LEO_0,625.467601,625.187809,0.056117,0.03535,0.441628
319,T319_UAV_13,BS_1,HAP_0,496.050377,495.857468,0.027543,0.026273,0.195461
319,T319_UAV_11,BS_4,LEO_1,593.330363,593.266646,0.008533,0.004832,0.251756
319,T319_UAV_16,BS_1,HAP_1,611.856752,611.671192,0.030733,0.027964,0.13432
319,T319_UAV_14,BS_0,LEO_0,643.327149,643.057609,0.05311,0.028104,0.441628
319,T319_UAV_10,BS_2,BS_3,748.852411,748.609834,0.056755,0.050065,0.178782
319,T319_UAV_5,BS_4,HAP_2,768.977275,768.769515,0.03347,0.017871,0.282096
320,T320_UAV_8,BS_4,LEO_0,209.020623,208.784813,0.044371,0.032502,0.294684
320,T320_UAV_0,BS_2,LEO_1,275.220595,275.002417,0.044089,0.009069,0.3251
320,T320_UAV_13,BS_1,HAP_0,420.93204,420.75167,0.026798,0.016762,0.184049
320,T320_UAV_12,BS_4,HAP_1,513.433412,513.251734,0.028028,0.017454,0.180979
320,T320_UAV_15,BS_1,HAP_2,281.156708,281.096597,0.003357,0.015868,0.204432
320,T320_UAV_7,BS_4,LEO_1,358.657398,358.433532,0.044866,0.01398,0.3251
320,T320_UAV_3,BS_2,LEO_0,360.891149,360.671403,0.048832,0.011977,0.294684
320,T320_UAV_10,BS_2,HAP_0,522.111626,521.928648,0.027541,0.018628,0.184049
320,T320_UAV_18,BS_2,HAP_1,780.575866,780.380553,0.031028,0.028088,0.180979
320,T320_UAV_17,BS_3,LEO_1,400.352863,400.125706,0.046398,0.01574,0.3251
320,T320_UAV_14,BS_0,HAP_0,800.581668,800.407702,0.029302,0.007854,0.184049
320,T320_UAV_19,BS_0,HAP_2,732.203809,732.148682,0.006374,0.007867,0.204432
320,T320_UAV_16,BS_1,LEO_0,734.328295,734.072565,0.055987,0.040805,0.294684
320,T320_UAV_2,BS_2,BS_3,751.072095,750.840487,0.056894,0.015805,0.294542
320,T320_UAV_6,BS_0,HAP_1,1221.088272,1220.907935,0.031774,0.012367,0.180979
320,T320_UAV_5,BS_4,HAP_0,1470.560516,1470.372927,0.033255,0.017524,0.184049
320,T320_UAV_1,BS_0,HAP_1,1596.52583,1596.348863,0.033403,0.007367,0.180979
321,T321_UAV_1,BS_0,LEO_1,350.673249,350.611519,0.002659,0.021154,0.189583
321,T321_UAV_18,BS_2,LEO_0,261.23717,261.019462,0.046724,0.026583,0.222003
321,T321_UAV_13,BS_1,HAP_0,282.650397,282.446679,0.026449,0.034964,0.211525
321,T321_UAV_15,BS_1,HAP_1,288.765082,288.544434,0.027999,0.038447,0.271003
321,T321_UAV_0,BS_2,HAP_2,291.157998,291.087972,0.003492,0.006058,0.302383
321,T321_UAV_11,BS_4,LEO_1,374.793071,374.730152,0.003573,0.02143,0.189583
321,T321_UAV_12,BS_4,LEO_0,331.726193,331.512799,0.047077,0.021916,0.222003
321,T321_UAV_19,BS_0,LEO_1,650.558619,650.499205,0.005672,0.015825,0.189583
321,T321_UAV_5,BS_3,HAP_0,393.447147,393.262016,0.0278,0.015026,0.211525
321,T321_UAV_6,BS_0,HAP_1,442.803609,442.595944,0.028101,0.025364,0.271003
321,T321_UAV_9,BS_1,HAP_2,532.175385,532.087811,0.004896,0.022201,0.302383
321,T321_UAV_10,BS_2,LEO_0,576.999239,576.763448,0.053414,0.037976,0.222003
321,T321_UAV_2,BS_2,BS_3,700.394565,700.151746,0.053728,0.029606,0.297429
321,T321_UAV_7,BS_4,LEO_1,918.742319,918.66433,0.008323,0.03175,0.189583
321,T321_UAV_3,BS_2,LEO_1,1154.043532,1153.982682,0.012321,0.010612,0.189583
322,T322_UAV_8,BS_4,LEO_0,349.233493,349.156942,0.005708,0.032961,0.189412
322,T322_UAV_18,BS_2,LEO_1,304.70589,304.619028,0.005224,0.018286,0.31676
322,T322_UAV_3,BS_2,HAP_1,489.409657,489.243871,0.028794,0.009552,0.137197
322,T322_UAV_19,BS_0,HAP_0,496.740887,496.670775,0.003406,0.016189,0.252586
322,T322_UAV_2,BS_2,HAP_2,371.842118,371.754926,0.004315,0.01211,0.353833
322,T322_UAV_4,BS_3,LEO_1,416.597172,416.512871,0.006494,0.014455,0.31676
322,T322_UAV_6,BS_0,LEO_0,587.725441,587.653479,0.010123,0.023957,0.189412
322,T322_UAV_16,BS_1,HAP_1,690.79365,690.621965,0.030424,0.013821,0.137197
322,T322_UAV_10,BS_2,LEO_0,738.473635,738.405493,0.013326,0.016934,0.189412
322,T322_UAV_7,BS_4,HAP_0,855.397631,855.327167,0.004791,0.015156,0.252586
322,T322_UAV_0,BS_2,LEO_1,582.851743,582.774318,0.008694,0.005378,0.31676
322,T322_UAV_14,BS_0,HAP_2,652.927435,652.832609,0.005998,0.018062,0.353833
322,T322_UAV_12,BS_4,BS_3,655.520385,655.232477,0.050922,0.04183,0.47578
322,T322_UAV_5,BS_3,LEO_0,760.021452,759.940886,0.013324,0.02936,0.189412
322,T322_UAV_1,BS_0,BS_4,755.064096,754.806904,0.057142,0.035995,0.320274
322,T322_UAV_15,BS_1,HAP_0,974.973101,974.893368,0.004674,0.024542,0.252586
322,T322_UAV_11,BS_4,HAP_1,997.087658,996.900533,0.032735,0.026951,0.137197
323,T323_UAV_9,BS_1,LEO_1,235.029249,234.9445,0.002802,0.010418,0.357645
323,T323_UAV_13,BS_1,LEO_0,386.414931,386.33814,0.005992,0.016059,0.273697
323,T323_UAV_11,BS_4,HAP_2,512.535756,512.343107,0.029147,0.027262,0.181201
323,T323_UAV_2,BS_2,HAP_0,332.372044,332.303864,0.001794,0.010831,0.277774
323,T323_UAV_10,BS_2,HAP_1,367.060239,366.981647,0.003558,0.026175,0.244296
323,T323_UAV_15,BS_1,HAP_2,617.469267,617.280433,0.030297,0.022297,0.181201
323,T323_UAV_3,BS_2,LEO_0,672.626186,672.55257,0.01277,0.006107,0.273697
323,T323_UAV_4,BS_3,LEO_1,513.237127,513.149043,0.007996,0.008559,0.357645
323,T323_UAV_16,BS_1,BS_3,924.154333,923.909982,0.067706,0.042497,0.170747
323,T323_UAV_17,BS_3,HAP_2,672.848695,672.653827,0.030872,0.027756,0.181201
323,T323_UAV_18,BS_2,HAP_0,539.029461,538.951792,0.004141,0.017973,0.277774
323,T323_UAV_14,BS_0,HAP_1,587.655003,587.58377,0.004041,0.018333,0.244296
323,T323_UAV_6,BS_0,LEO_1,589.911295,589.816185,0.008712,0.014868,0.357645
323,T323_UAV_19,BS_0,LEO_0,790.949099,790.872391,0.012159,0.009809,0.273697
323,T323_UAV_0,BS_2,BS_4,661.835824,661.583211,0.051318,0.038816,0.312396
323,T323_UAV_8,BS_4,LEO_0,802.615105,802.531248,0.01312,0.015997,0.273697
323,T323_UAV_7,BS_4,BS_1,798.251009,798.010436,0.059841,0.015372,0.326799
323,T323_UAV_12,BS_4,HAP_2,1101.991797,1101.80665,0.033199,0.015709,0.181201
323,T323_UAV_1,BS_0,BS_3,1364.12985,1363.847061,0.095188,0.053452,0.170747
324,T324_UAV_17,BS_3,LEO_1,290.118994,289.934545,0.043642,0.016541,0.121331
324,T324_UAV_3,BS_2,HAP_1,340.924881,340.743944,0.027636,0.01458,0.193606
324,T324_UAV_1,BS_0,LEO_0,287.031968,286.942709,0.007323,0.007957,0.369896
324,T324_UAV_9,BS_1,LEO_1,327.542097,327.360013,0.043107,0.01471,0.121331
324,T324_UAV_14,BS_0,HAP_0,462.508269,462.419364,0.003115,0.017213,0.342883
324,T324_UAV_11,BS_4,HAP_2,273.666249,273.453307,0.029485,0.015031,0.342135
324,T324_UAV_16,BS_1,LEO_0,460.501504,460.385036,0.014485,0.028003,0.369896
324,T324_UAV_10,BS_2,HAP_1,863.617277,863.429116,0.031994,0.017445,0.193606
324,T324_UAV_5,BS_3,LEO_1,789.618363,789.42631,0.049254,0.018533,0.121331
324,T324_UAV_18,BS_2,HAP_0,700.243114,700.164943,0.005373,0.004221,0.342883
324,T324_UAV_19,BS_0,BS_3,763.215452,762.994424,0.057653,0.021093,0.21141
324,T324_UAV_15,BS_1,LEO_1,870.356357,870.155918,0.050102,0.02607,0.121331
324,T324_UAV_6,BS_0,HAP_1,1079.748009,1079.545907,0.031577,0.031804,0.193606
325,T325_UAV_1,BS_0,LEO_1,280.994836,280.79479,0.04251,0.007994,0.247708
325,T325_UAV_17,BS_3,LEO_0,403.01979,402.838215,0.046154,0.00545,0.149854
325,T325_UAV_10,BS_2,HAP_1,399.611366,399.554025,0.003234,0.006913,0.235971
325,T325_UAV_8,BS_4,HAP_0,423.788836,423.602086,0.027066,0.017139,0.212724
325,T325_UAV_3,BS_2,HAP_2,299.810418,299.586106,0.028819,0.017038,0.392272
325,T325_UAV_11,BS_4,LEO_0,443.373901,443.183425,0.046386,0.014119,0.149854
325,T325_UAV_0,BS_2,LEO_1,409.797478,409.586165,0.044814,0.016958,0.247708
325,T325_UAV_5,BS_3,HAP_1,504.972401,504.89766,0.003391,0.024156,0.235971
325,T325_UAV_14,BS_0,HAP_0,664.673962,664.489557,0.028897,0.012964,0.212724
325,T325_UAV_7,BS_4,LEO_0,766.890862,766.694988,0.050431,0.015472,0.149854
325,T325_UAV_19,BS_0,LEO_1,637.758363,637.548573,0.046568,0.013682,0.247708
325,T325_UAV_15,BS_1,HAP_2,549.504769,549.273617,0.031561,0.021136,0.392272
325,T325_UAV_18,BS_2,BS_3,564.784295,564.535766,0.045256,0.049287,0.269933
325,T325_UAV_4,BS_3,BS_4,631.278194,630.966278,0.049406,0.075343,0.435838
325,T325_UAV_2,BS_1,LEO_1,817.039615,816.819187,0.049358,0.021528,0.247708
325,T325_UAV_13,BS_1,LEO_0,1021.078651,1020.886572,0.053104,0.009004,0.149854
325,T325_UAV_9,BS_1,HAP_1,1007.624324,1007.541754,0.008252,0.027125,0.235971
325,T325_UAV_16,BS_1,HAP_0,1189.597484,1189.407115,0.030523,0.017301,0.212724
325,T325_UAV_12,BS_4,LEO_0,1332.392352,1332.186915,0.058343,0.017123,0.149854
326,T326_UAV_11,BS_4,LEO_1,460.481571,460.278217,0.043822,0.02276,0.183856
326,T326_UAV_15,BS_1,LEO_0,272.499167,272.292074,0.046282,0.008619,0.260959
326,T326_UAV_6,BS_0,LEO_1,490.343712,490.158219,0.044168,0.004554,0.183856
326,T326_UAV_18,BS_2,HAP_0,410.490973,410.309607,0.028138,0.012864,0.201819
326,T326_UAV_4,BS_3,HAP_1,435.59941,435.42286,0.028256,0.008187,0.200539
326,T326_UAV_10,BS_2,HAP_2,459.323817,459.236432,0.005412,0.033574,0.241997
326,T326_UAV_19,BS_0,LEO_0,500.740421,500.517322,0.049825,0.021081,0.260959
326,T326_UAV_17,BS_3,LEO_1,799.54529,799.345013,0.047288,0.016218,0.183856
326,T326_UAV_3,BS_2,LEO_1,803.589687,803.393007,0.047431,0.012478,0.183856
326,T326_UAV_12,BS_4,HAP_0,646.700783,646.524363,0.029223,0.006833,0.201819
326,T326_UAV_0,BS_2,HAP_1,663.67125,663.46314,0.031764,0.036238,0.200539
326,T326_UAV_16,BS_1,HAP_2,722.372544,722.300512,0.007686,0.015946,0.241997
326,T326_UAV_7,BS_4,LEO_0,738.925696,738.687478,0.0556,0.030427,0.260959
326,T326_UAV_2,BS_1,BS_3,774.750441,774.507612,0.058373,0.020916,0.317705
326,T326_UAV_5,BS_3,LEO_1,1458.584233,1458.389438,0.052476,0.005548,0.183856
326,T326_UAV_1,BS_0,LEO_1,1594.782223,1594.58513,0.050639,0.009682,0.183856
327,T327_UAV_13,BS_1,LEO_1,413.875715,413.659717,0.044072,0.022891,0.245176
327,T327_UAV_10,BS_2,LEO_0,421.740977,421.659268,0.007576,0.027678,0.232269
327,T327_UAV_12,BS_4,HAP_0,330.714257,330.647931,0.002158,0.014014,0.250767
327,T327_UAV_16,BS_1,HAP_1,574.098974,574.032648,0.004492,0.015515,0.231597
327,T327_UAV_18,BS_2,HAP_2,407.136246,407.057717,0.005719,0.011467,0.306718
327,T327_UAV_17,BS_3,LEO_1,556.339429,556.12604,0.046985,0.017369,0.245176
327,T327_UAV_3,BS_2,LEO_0,559.200392,559.127678,0.010606,0.015654,0.232269
327,T327_UAV_0,BS_2,HAP_0,448.121773,448.059344,0.002542,0.009733,0.250767
327,T327_UAV_5,BS_3,HAP_1,674.61561,674.549721,0.004518,0.015051,0.231597
327,T327_UAV_19,BS_0,LEO_1,624.466806,624.25964,0.046422,0.011708,0.245176
327,T327_UAV_14,BS_0,LEO_0,685.597651,685.511929,0.010919,0.028349,0.232269
327,T327_UAV_7,BS_4,HAP_2,567.080675,566.996882,0.005574,0.016875,0.306718
327,T327_UAV_4,BS_3,BS_4,622.697835,622.384372,0.04887,0.090031,0.372816
327,T327_UAV_11,BS_4,BS_3,656.518166,656.22356,0.050983,0.064477,0.395725
327,T327_UAV_9,BS_1,LEO_1,732.51428,732.295701,0.046968,0.022576,0.245176
327,T327_UAV_8,BS_4,LEO_0,795.680309,795.593662,0.013009,0.027185,0.232269
327,T327_UAV_1,BS_0,HAP_1,1138.368073,1138.302753,0.006515,0.012485,0.231597
328,T328_UAV_4,BS_3,LEO_1,304.200891,303.977192,0.043707,0.029566,0.25213
328,T328_UAV_8,BS_4,LEO_0,245.641686,245.436196,0.045143,0.009223,0.255622
328,T328_UAV_2,BS_1,HAP_1,306.924061,306.848042,0.003097,0.019549,0.266868
328,T328_UAV_10,BS_2,HAP_0,366.989876,366.904999,0.002182,0.017291,0.327014
328,T328_UAV_5,BS_3,HAP_2,374.533505,374.432302,0.004133,0.028173,0.344486
328,T328_UAV_11,BS_4,LEO_1,589.759418,589.556955,0.046705,0.005332,0.25213
328,T328_UAV_19,BS_0,LEO_0,509.485743,509.268026,0.049994,0.016599,0.255622
328,T328_UAV_0,BS_2,HAP_0,517.911029,517.830351,0.002939,0.012335,0.327014
328,T328_UAV_16,BS_1,HAP_1,545.766786,545.703875,0.005073,0.004465,0.266868
328,T328_UAV_12,BS_4,LEO_1,764.026619,763.8193,0.048373,0.00852,0.25213
328,T328_UAV_18,BS_2,HAP_2,594.618666,594.519814,0.008346,0.021608,0.344486
328,T328_UAV_6,BS_0,LEO_0,618.543126,618.305164,0.053747,0.033091,0.255622
328,T328_UAV_17,BS_3,BS_4,731.14913,730.882093,0.055647,0.052304,0.295427
328,T328_UAV_14,BS_0,BS_3,737.729607,737.465941,0.056059,0.061713,0.229468
328,T328_UAV_15,BS_1,BS_0,757.78142,757.561294,0.057314,0.013045,0.248837
328,T328_UAV_3,BS_2,LEO_1,1023.695778,1023.465527,0.05306,0.026765,0.25213
329,T329_UAV_12,BS_4,LEO_1,213.633143,213.57918,0.002962,0.009606,0.206973
329,T329_UAV_18,BS_2,LEO_0,214.041609,213.987495,0.008011,0.004598,0.207524
329,T329_UAV_17,BS_3,HAP_1,343.477809,343.394575,0.002804,0.004045,0.381925
329,T329_UAV_1,BS_0,HAP_0,361.240214,361.045061,0.027338,0.018807,0.245039
329,T329_UAV_16,BS_1,HAP_2,1119.881832,1119.709195,0.032492,0.01118,0.144831
329,T329_UAV_13,BS_1,LEO_1,431.783461,431.730591,0.00534,0.006135,0.206973
329,T329_UAV_6,BS_0,LEO_0,329.011441,328.940214,0.010588,0.019134,0.207524
329,T329_UAV_15,BS_1,HAP_2,1351.939819,1351.762351,0.034854,0.013647,0.144831
329,T329_UAV_2,BS_1,LEO_1,494.811582,494.757072,0.007181,0.005934,0.206973
329,T329_UAV_3,BS_2,HAP_1,545.891469,545.798671,0.004989,0.011424,0.381925
329,T329_UAV_14,BS_0,HAP_2,1390.777871,1390.609361,0.03339,0.006154,0.144831
329,T329_UAV_11,BS_4,HAP_0,718.740358,718.555902,0.029124,0.006325,0.245039
329,T329_UAV_0,BS_2,HAP_2,1396.423357,1396.247319,0.035234,0.011838,0.144831
329,T329_UAV_10,BS_2,HAP_2,1463.688845,1463.512337,0.035515,0.012027,0.144831
329,T329_UAV_8,BS_4,HAP_2,2254.466919,2254.287887,0.039288,0.010778,0.144831
330,T330_UAV_4,BS_3,LEO_1,293.798334,293.586002,0.043576,0.015915,0.264206
330,T330_UAV_5,BS_3,LEO_0,295.068534,294.999768,0.005176,0.006924,0.283329
330,T330_UAV_11,BS_4,HAP_0,243.658576,243.600122,0.001399,0.012173,0.224412
330,T330_UAV_7,BS_4,HAP_1,513.461895,513.288339,0.028033,0.020981,0.122715
330,T330_UAV_2,BS_1,HAP_2,386.189405,385.950419,0.029481,0.020313,0.445958
330,T330_UAV_3,BS_2,LEO_1,445.130838,444.899864,0.045671,0.032462,0.264206
330,T330_UAV_17,BS_3,LEO_0,527.554641,527.474453,0.009761,0.013761,0.283329
330,T330_UAV_0,BS_2,HAP_1,1007.381731,1007.211884,0.032616,0.012688,0.122715
330,T330_UAV_14,BS_0,HAP_0,548.721442,548.657049,0.003688,0.015824,0.224412
330,T330_UAV_19,BS_0,LEO_1,742.627133,742.407328,0.047628,0.019336,0.264206
330,T330_UAV_8,BS_4,LEO_0,801.110446,801.030733,0.013099,0.009949,0.283329
330,T330_UAV_9,BS_1,HAP_2,617.395423,617.165028,0.030718,0.010485,0.445958
330,T330_UAV_18,BS_2,BS_3,638.00719,637.775621,0.049831,0.028162,0.267874
330,T330_UAV_6,BS_0,BS_4,643.952362,643.687749,0.0502,0.033355,0.40529
330,T330_UAV_15,BS_1,BS_0,710.422192,710.18221,0.054354,0.029677,0.279754
330,T330_UAV_16,BS_1,HAP_1,1291.139788,1290.961564,0.034016,0.019665,0.122715
330,T330_UAV_1,BS_0,LEO_1,1004.440808,1004.216573,0.049008,0.022386,0.264206
330,T330_UAV_10,BS_2,LEO_0,1024.70611,1024.609288,0.018361,0.021795,0.283329
330,T330_UAV_13,BS_1,HAP_1,1554.543974,1554.367207,0.03479,0.017434,0.122715
331,T331_UAV_5,BS_3,LEO_1,426.361687,426.293546,0.003655,0.026532,0.189769
331,T331_UAV_18,BS_2,LEO_0,333.521083,333.432521,0.008588,0.008485,0.357444
331,T331_UAV_0,BS_2,HAP_1,655.045438,654.870359,0.029952,0.007766,0.1868
331,T331_UAV_11,BS_4,HAP_0,368.277459,368.21035,0.002115,0.012879,0.26057
331,T331_UAV_17,BS_3,HAP_2,211.225867,210.987715,0.028848,0.040782,0.342611
331,T331_UAV_7,BS_4,LEO_1,767.614728,767.564143,0.006114,0.006518,0.189769
331,T331_UAV_12,BS_4,LEO_0,424.904133,424.804624,0.009085,0.018935,0.357444
331,T331_UAV_8,BS_4,HAP_0,550.14824,550.081202,0.002989,0.011935,0.26057
331,T331_UAV_6,BS_0,LEO_1,1134.839888,1134.78705,0.009698,0.005185,0.189769
331,T331_UAV_13,BS_1,HAP_1,1196.652407,1196.470462,0.032526,0.012059,0.1868
331,T331_UAV_2,BS_1,BS_3,617.217248,616.99152,0.048533,0.029761,0.237172
331,T331_UAV_10,BS_2,LEO_0,687.105251,686.996565,0.015853,0.021345,0.357444
331,T331_UAV_19,BS_0,LEO_1,1240.633307,1240.564706,0.009391,0.021257,0.189769
331,T331_UAV_15,BS_1,HAP_1,1255.781744,1255.602571,0.034703,0.00711,0.1868
331,T331_UAV_1,BS_0,LEO_1,1343.986379,1343.918452,0.008985,0.020989,0.189769
331,T331_UAV_3,BS_2,LEO_1,1462.909423,1462.847503,0.013532,0.010434,0.189769
331,T331_UAV_4,BS_3,HAP_1,1501.3279,1501.138777,0.033728,0.018036,0.1868
332,T332_UAV_17,BS_3,LEO_1,211.286213,211.058409,0.043363,0.024533,0.299541
332,T332_UAV_19,BS_0,LEO_0,304.388028,304.200083,0.044652,0.020221,0.11536
332,T332_UAV_18,BS_2,HAP_0,250.29746,250.211059,0.001902,0.010176,0.371617
332,T332_UAV_5,BS_3,HAP_1,313.042307,312.861652,0.02742,0.006915,0.231594
332,T332_UAV_12,BS_4,HAP_2,321.352437,321.134354,0.028217,0.022309,0.337784
332,T332_UAV_11,BS_4,LEO_0,463.922779,463.740005,0.048096,0.011606,0.11536
332,T332_UAV_16,BS_1,LEO_1,405.871616,405.647149,0.045591,0.018968,0.299541
332,T332_UAV_8,BS_4,LEO_0,517.045172,516.856354,0.048444,0.017302,0.11536
332,T332_UAV_0,BS_2,HAP_1,499.050633,498.859101,0.030104,0.015109,0.231594
332,T332_UAV_10,BS_2,HAP_0,530.337576,530.255376,0.003142,0.004735,0.371617
332,T332_UAV_14,BS_0,LEO_1,576.225543,575.993077,0.047635,0.024922,0.299541
332,T332_UAV_1,BS_0,BS_3,631.653969,631.406753,0.049433,0.042022,0.2788
332,T332_UAV_15,BS_1,BS_0,689.132655,688.908784,0.053025,0.011392,0.297272
332,T332_UAV_2,BS_1,HAP_2,747.161114,746.9091,0.033681,0.050777,0.337784
332,T332_UAV_4,BS_3,LEO_0,998.909822,998.723641,0.05788,0.00523,0.11536
333,T333_UAV_4,BS_3,LEO_1,282.375895,282.178491,0.04343,0.005635,0.241696
333,T333_UAV_12,BS_4,LEO_0,404.343667,404.143474,0.045556,0.017214,0.187115
333,T333_UAV_1,BS_0,HAP_0,391.160814,390.994911,0.027221,0.00587,0.164063
333,T333_UAV_15,BS_1,HAP_1,468.078578,467.884822,0.02908,0.007322,0.286768
333,T333_UAV_5,BS_3,HAP_2,527.652696,527.599162,0.004807,0.006117,0.213052
333,T333_UAV_6,BS_3,LEO_0,747.054248,746.856416,0.050701,0.009708,0.187115
333,T333_UAV_14,BS_0,LEO_1,620.306312,620.096193,0.046516,0.015264,0.241696
333,T333_UAV_19,BS_0,HAP_0,739.960307,739.786656,0.030011,0.010827,0.164063
333,T333_UAV_2,BS_1,HAP_1,744.991092,744.78976,0.031292,0.012686,0.286768
333,T333_UAV_18,BS_2,LEO_1,662.923021,662.716465,0.048854,0.009364,0.241696
333,T333_UAV_8,BS_4,HAP_2,788.161734,788.100261,0.006499,0.012363,0.213052
333,T333_UAV_9,BS_1,LEO_0,879.20529,879.003205,0.051196,0.013466,0.187115
333,T333_UAV_16,BS_1,BS_3,596.484481,596.251506,0.047237,0.030397,0.276705
333,T333_UAV_13,BS_1,LEO_1,796.311786,796.091834,0.047785,0.023828,0.241696
333,T333_UAV_0,BS_2,LEO_0,1016.719871,1016.516398,0.055212,0.010838,0.187115
333,T333_UAV_11,BS_4,HAP_0,969.422879,969.242528,0.02993,0.017608,0.164063
333,T333_UAV_7,BS_4,HAP_1,1029.059254,1028.851122,0.031703,0.019075,0.286768
333,T333_UAV_3,BS_2,HAP_2,1087.060287,1086.986256,0.011217,0.020203,0.213052
333,T333_UAV_17,BS_3,LEO_0,1282.905923,1282.686643,0.05956,0.022297,0.187115
334,T334_UAV_14,BS_0,LEO_1,298.578758,298.515241,0.003141,0.019993,0.201916
334,T334_UAV_15,BS_1,LEO_0,312.813386,312.599229,0.045596,0.020746,0.239077
334,T334_UAV_16,BS_1,HAP_0,415.344028,415.2803,0.001946,0.012025,0.248781
334,T334_UAV_12,BS_4,HAP_1,311.174409,311.102118,0.002383,0.022189,0.238592
334,T334_UAV_13,BS_1,HAP_2,395.128197,394.944594,0.028458,0.009999,0.22573
334,T334_UAV_6,BS_3,LEO_1,560.179194,560.109281,0.00658,0.022949,0.201916
334,T334_UAV_3,BS_2,LEO_0,562.07444,561.862533,0.050626,0.013466,0.239077
334,T334_UAV_1,BS_0,HAP_0,666.663872,666.589067,0.003791,0.021257,0.248781
334,T334_UAV_0,BS_2,HAP_1,445.090456,445.022086,0.004563,0.016089,0.238592
334,T334_UAV_17,BS_3,LEO_1,714.397219,714.34293,0.008967,0.004938,0.201916
334,T334_UAV_10,BS_2,LEO_0,717.74654,717.52503,0.052801,0.020894,0.239077
334,T334_UAV_5,BS_3,HAP_2,541.497088,541.286461,0.030976,0.034505,0.22573
334,T334_UAV_8,BS_4,BS_2,546.900918,546.678077,0.04414,0.019661,0.295197
334,T334_UAV_19,BS_0,BS_3,561.507421,561.2574,0.045051,0.041953,0.315086
334,T334_UAV_2,BS_1,BS_4,723.366061,723.077171,0.05516,0.06323,0.352499
334,T334_UAV_7,BS_4,LEO_1,818.937206,818.86713,0.008917,0.020776,0.201916
334,T334_UAV_11,BS_4,LEO_0,828.939316,828.731627,0.054479,0.005395,0.239077
334,T334_UAV_18,BS_2,HAP_0,1070.640169,1070.577438,0.006983,0.005992,0.248781
335,T335_UAV_17,BS_3,LEO_1,217.636593,217.56351,0.003472,0.00865,0.304806
335,T335_UAV_12,BS_4,LEO_0,296.025603,295.95384,0.004923,0.018655,0.240929
335,T335_UAV_5,BS_3,HAP_1,224.755457,224.679535,0.001732,0.010343,0.319238
335,T335_UAV_10,BS_2,HAP_0,273.982391,273.80721,0.026616,0.007442,0.205617
335,T335_UAV_2,BS_1,HAP_2,299.676869,299.595869,0.003486,0.036752,0.203816
335,T335_UAV_1,BS_0,LEO_1,382.279392,382.202647,0.004302,0.011482,0.304806
335,T335_UAV_11,BS_4,LEO_0,531.966083,531.893474,0.009303,0.015121,0.240929
335,T335_UAV_14,BS_0,HAP_1,405.702738,405.625439,0.002812,0.010639,0.319238
335,T335_UAV_18,BS_2,HAP_0,432.731072,432.555476,0.028272,0.006201,0.205617
335,T335_UAV_7,BS_4,LEO_1,436.921285,436.84639,0.006018,0.007917,0.304806
335,T335_UAV_8,BS_4,LEO_0,823.99314,823.919801,0.013475,0.011679,0.240929
335,T335_UAV_0,BS_2,HAP_2,651.468826,651.399388,0.007881,0.020793,0.203816
335,T335_UAV_6,BS_3,BS_4,687.716048,687.470271,0.052935,0.022131,0.353553
335,T335_UAV_13,BS_1,BS_3,696.929687,696.690693,0.053511,0.018114,0.336845
335,T335_UAV_9,BS_1,BS_0,697.154873,696.892398,0.053524,0.049581,0.296849
335,T335_UAV_16,BS_1,BS_2,750.579121,750.308851,0.056861,0.044823,0.342927
335,T335_UAV_19,BS_0,LEO_0,982.355802,982.273081,0.015039,0.019496,0.240929
336,T336_UAV_19,BS_0,LEO_0,535.171428,535.094831,0.006799,0.010509,0.29644
336,T336_UAV_1,BS_0,LEO_1,219.436837,219.337773,0.003453,0.025791,0.349099
336,T336_UAV_9,BS_1,HAP_0,439.205918,439.028297,0.026429,0.011745,0.197233
336,T336_UAV_6,BS_3,HAP_1,494.430711,494.257355,0.028028,0.007763,0.187828
336,T336_UAV_18,BS_2,HAP_2,632.655069,632.562756,0.007093,0.029292,0.279641
336,T336_UAV_13,BS_1,LEO_0,736.862231,736.780765,0.009351,0.012826,0.29644
336,T336_UAV_12,BS_4,HAP_0,905.197429,905.021858,0.029689,0.006435,0.197233
336,T336_UAV_10,BS_2,HAP_1,686.549401,686.37272,0.030473,0.008642,0.187828
336,T336_UAV_16,BS_1,LEO_1,485.840919,485.739626,0.009488,0.021985,0.349099
336,T336_UAV_14,BS_0,LEO_0,872.60558,872.51939,0.011547,0.015356,0.29644
336,T336_UAV_0,BS_2,HAP_2,882.745527,882.675065,0.008721,0.005812,0.279641
336,T336_UAV_7,BS_4,BS_3,632.243664,632.021266,0.049472,0.014484,0.29221
336,T336_UAV_11,BS_4,HAP_0,1179.091927,1178.909633,0.030543,0.012305,0.197233
336,T336_UAV_15,BS_1,LEO_0,1132.358303,1132.266008,0.016782,0.016225,0.29644
336,T336_UAV_5,BS_3,HAP_1,1043.243294,1043.057681,0.031893,0.016154,0.187828
336,T336_UAV_4,BS_3,HAP_2,1071.768987,1071.676025,0.010058,0.026976,0.279641
336,T336_UAV_17,BS_3,LEO_0,1319.097639,1319.014129,0.020091,0.004131,0.29644
336,T336_UAV_2,BS_1,HAP_0,1492.210002,1492.02025,0.031534,0.018773,0.197233
337,T337_UAV_9,BS_1,LEO_1,284.699318,284.498099,0.04272,0.011576,0.234612
337,T337_UAV_12,BS_4,LEO_0,275.026722,274.945029,0.005879,0.008917,0.334482
337,T337_UAV_16,BS_1,HAP_1,458.167576,457.984549,0.028549,0.005769,0.243549
337,T337_UAV_5,BS_3,HAP_0,364.273744,364.076042,0.027692,0.009313,0.303488
337,T337_UAV_18,BS_2,HAP_2,425.084611,424.991369,0.005929,0.010402,0.384557
337,T337_UAV_11,BS_4,LEO_1,655.044524,654.836339,0.047465,0.013798,0.234612
337,T337_UAV_4,BS_3,LEO_0,500.919002,500.827031,0.011523,0.013552,0.334482
337,T337_UAV_7,BS_4,HAP_1,752.610455,752.418224,0.029908,0.013614,0.243549
337,T337_UAV_6,BS_3,HAP_0,516.677065,516.482265,0.0291,0.005002,0.303488
337,T337_UAV_19,BS_0,LEO_1,735.224296,735.017754,0.047529,0.012091,0.234612
337,T337_UAV_14,BS_0,LEO_0,558.381866,558.299093,0.011445,0.004431,0.334482
337,T337_UAV_0,BS_2,HAP_2,576.837475,576.731662,0.006986,0.021915,0.384557
337,T337_UAV_1,BS_0,BS_3,622.841348,622.553062,0.04888,0.074292,0.325567
337,T337_UAV_15,BS_1,BS_4,681.86062,681.60083,0.052569,0.036491,0.353651
337,T337_UAV_8,BS_4,BS_1,694.17271,693.931982,0.053339,0.015924,0.357329
337,T337_UAV_10,BS_2,LEO_1,782.222389,782.014442,0.049102,0.011922,0.234612
337,T337_UAV_2,BS_1,HAP_1,1152.001811,1151.802848,0.034773,0.015481,0.243549
338,T338_UAV_2,BS_1,LEO_1,212.080479,211.876152,0.043058,0.018583,0.213431
338,T338_UAV_1,BS_0,LEO_0,421.10605,420.886378,0.047509,0.024014,0.240745
338,T338_UAV_6,BS_3,HAP_2,643.83542,643.645992,0.03011,0.021125,0.190961
338,T338_UAV_8,BS_4,HAP_1,433.677081,433.598271,0.003713,0.023887,0.256049
338,T338_UAV_4,BS_3,HAP_0,437.219934,437.029766,0.028594,0.010294,0.256398
338,T338_UAV_15,BS_1,LEO_1,438.365176,438.156525,0.046427,0.019537,0.213431
338,T338_UAV_5,BS_3,LEO_0,488.509748,488.297073,0.05103,0.013495,0.240745
338,T338_UAV_3,BS_2,HAP_1,514.601603,514.540538,0.004651,0.005204,0.256049
338,T338_UAV_12,BS_4,HAP_0,574.403433,574.21766,0.028694,0.005799,0.256398
338,T338_UAV_16,BS_1,HAP_2,1160.99957,1160.82122,0.034029,0.006129,0.190961
338,T338_UAV_7,BS_4,LEO_1,671.498812,671.300429,0.049261,0.006436,0.213431
338,T338_UAV_17,BS_3,LEO_0,772.126164,771.899542,0.058335,0.020138,0.240745
338,T338_UAV_14,BS_0,HAP_2,1167.196237,1167.020074,0.033133,0.004837,0.190961
338,T338_UAV_18,BS_2,HAP_2,1511.797687,1511.605555,0.039709,0.014232,0.190961
339,T339_UAV_14,BS_0,LEO_1,1058.251894,1058.197574,0.005769,0.010632,0.189596
339,T339_UAV_2,BS_1,LEO_0,359.530527,359.469712,0.008193,0.008521,0.220506
339,T339_UAV_17,BS_3,HAP_0,363.407091,363.339176,0.002939,0.019518,0.227288
339,T339_UAV_6,BS_3,HAP_1,404.127809,403.927737,0.027859,0.01551,0.28352
339,T339_UAV_4,BS_3,HAP_2,243.840679,243.625119,0.029106,0.024284,0.310849
339,T339_UAV_7,BS_4,LEO_1,1337.051085,1336.98499,0.007513,0.020662,0.189596
339,T339_UAV_1,BS_0,LEO_0,485.847969,485.778018,0.008683,0.017166,0.220506
339,T339_UAV_13,BS_1,LEO_1,1478.859723,1478.789539,0.007548,0.024716,0.189596
339,T339_UAV_9,BS_1,LEO_1,1488.685311,1488.632809,0.007523,0.00706,0.189596
339,T339_UAV_3,BS_2,HAP_0,613.894717,613.827495,0.004678,0.017086,0.227288
339,T339_UAV_11,BS_4,HAP_1,720.907669,720.689214,0.031703,0.030047,0.28352
339,T339_UAV_19,BS_0,LEO_0,783.455888,783.378164,0.015366,0.018256,0.220506
339,T339_UAV_5,BS_3,LEO_1,1616.896533,1616.832233,0.009675,0.016706,0.189596
339,T339_UAV_16,BS_1,LEO_1,1779.583819,1779.516668,0.00999,0.019243,0.189596
339,T339_UAV_12,BS_4,LEO_1,1857.859177,1857.802376,0.010456,0.008425,0.189596
339,T339_UAV_8,BS_4,LEO_1,2043.579869,2043.514799,0.01116,0.01599,0.189596
339,T339_UAV_18,BS_2,LEO_1,2592.545076,2592.480446,0.017167,0.009543,0.189596
339,T339_UAV_0,BS_2,LEO_1,2595.841621,2595.768242,0.01557,0.019891,0.189596
340,T340_UAV_18,BS_2,LEO_1,145.723689,145.462679,0.043516,0.028211,0.446416
340,T340_UAV_7,BS_4,LEO_0,317.293476,317.086721,0.045251,0.019742,0.208808
340,T340_UAV_8,BS_4,HAP_1,905.427608,905.379829,0.004947,0.006054,0.183897
340,T340_UAV_14,BS_0,HAP_0,459.806089,459.610478,0.027681,0.027197,0.203666
340,T340_UAV_15,BS_1,HAP_2,323.159197,322.972709,0.028868,0.009175,0.242221
340,T340_UAV_9,BS_1,LEO_0,449.450215,449.242812,0.046914,0.018727,0.208808
340,T340_UAV_4,BS_3,LEO_1,332.992026,332.74935,0.047283,0.00611,0.446416
340,T340_UAV_16,BS_1,HAP_1,1170.20911,1170.139266,0.006704,0.02636,0.183897
340,T340_UAV_19,BS_0,HAP_0,538.91857,538.71735,0.028603,0.031883,0.203666
340,T340_UAV_13,BS_1,LEO_0,482.034554,481.820057,0.047323,0.025412,0.208808
340,T340_UAV_17,BS_3,HAP_2,383.031641,382.835935,0.029606,0.017655,0.242221
340,T340_UAV_1,BS_0,LEO_0,514.327481,514.120162,0.047184,0.018373,0.208808
340,T340_UAV_5,BS_3,HAP_1,1447.091915,1447.041523,0.007286,0.006327,0.183897
340,T340_UAV_6,BS_3,HAP_0,889.921424,889.741769,0.031064,0.007858,0.203666
340,T340_UAV_10,BS_2,HAP_1,1583.46854,1583.410303,0.009258,0.012199,0.183897
340,T340_UAV_12,BS_4,HAP_1,2373.058692,2373.00066,0.01201,0.009243,0.183897
340,T340_UAV_11,BS_4,HAP_1,2628.46367,2628.382104,0.015202,0.029585,0.183897
340,T340_UAV_3,BS_2,HAP_1,2669.84936,2669.789742,0.015097,0.007741,0.183897
341,T341_UAV_2,BS_1,LEO_0,348.980105,348.767375,0.046157,0.023902,0.213355
341,T341_UAV_13,BS_1,LEO_1,317.851652,317.601017,0.04386,0.026019,0.403775
341,T341_UAV_9,BS_1,HAP_0,326.330346,326.131669,0.026222,0.020131,0.261622
341,T341_UAV_12,BS_4,HAP_2,354.110386,354.037077,0.003552,0.019367,0.251949
341,T341_UAV_16,BS_1,HAP_1,366.983716,366.740572,0.028361,0.019315,0.477333
341,T341_UAV_7,BS_4,LEO_1,367.244589,366.980759,0.045071,0.038004,0.403775
341,T341_UAV_4,BS_3,LEO_0,548.300205,548.083252,0.049748,0.024534,0.213355
341,T341_UAV_10,BS_2,HAP_0,413.826831,413.641001,0.02743,0.006076,0.261622
341,T341_UAV_14,BS_0,HAP_1,414.026745,413.777349,0.027877,0.026052,0.477333
341,T341_UAV_8,BS_4,LEO_1,445.997155,445.750192,0.045929,0.020279,0.403775
341,T341_UAV_5,BS_3,HAP_2,528.523255,528.450436,0.005848,0.016582,0.251949
341,T341_UAV_19,BS_0,LEO_0,746.659757,746.446937,0.051407,0.018742,0.213355
341,T341_UAV_18,BS_2,BS_3,635.272329,634.990966,0.049657,0.057783,0.369614
341,T341_UAV_0,BS_2,BS_4,659.333655,659.039812,0.051159,0.072236,0.352238
341,T341_UAV_3,BS_2,BS_1,726.69846,726.419257,0.055369,0.053023,0.35406
341,T341_UAV_17,BS_3,LEO_0,753.731693,753.509543,0.05385,0.025628,0.213355
341,T341_UAV_11,BS_4,BS_0,792.60534,792.347253,0.059487,0.031136,0.337319
342,T342_UAV_19,BS_0,LEO_1,464.181938,463.993323,0.043993,0.006872,0.188746
342,T342_UAV_18,BS_2,LEO_0,390.689423,390.629046,0.007745,0.013151,0.197406
342,T342_UAV_3,BS_2,HAP_0,372.564052,372.496681,0.002845,0.023375,0.205758
342,T342_UAV_12,BS_4,HAP_1,421.029357,420.827294,0.028245,0.021352,0.262333
342,T342_UAV_4,BS_3,HAP_2,422.323025,422.249338,0.004791,0.014533,0.271811
342,T342_UAV_10,BS_2,LEO_1,602.240719,602.04112,0.045844,0.016006,0.188746
342,T342_UAV_14,BS_0,LEO_0,564.122175,564.054545,0.009016,0.019132,0.197406
342,T342_UAV_8,BS_4,LEO_1,831.441598,831.225975,0.047376,0.030498,0.188746
342,T342_UAV_16,BS_4,HAP_0,505.277024,505.210246,0.002673,0.022953,0.205758
342,T342_UAV_11,BS_4,HAP_1,514.30882,514.110163,0.029788,0.016402,0.262333
342,T342_UAV_13,BS_1,LEO_0,710.545524,710.485058,0.01079,0.010194,0.197406
342,T342_UAV_5,BS_3,HAP_2,558.706155,558.633384,0.006183,0.012226,0.271811
342,T342_UAV_17,BS_3,BS_4,692.188402,691.934062,0.053214,0.025549,0.377884
342,T342_UAV_0,BS_2,BS_3,725.437514,725.171772,0.055291,0.044181,0.331356
342,T342_UAV_9,BS_1,BS_0,734.036453,733.76769,0.055828,0.045368,0.33784
342,T342_UAV_2,BS_1,LEO_1,996.247498,996.030829,0.049534,0.029385,0.188746
342,T342_UAV_1,BS_0,LEO_0,799.850604,799.788368,0.011196,0.011559,0.197406
342,T342_UAV_7,BS_4,LEO_1,1168.034908,1167.807893,0.050746,0.038519,0.188746
343,T343_UAV_10,BS_4,LEO_1,309.093972,308.854799,0.043569,0.045318,0.251429
343,T343_UAV_16,BS_4,LEO_0,235.968618,235.882959,0.005127,0.021786,0.293735
343,T343_UAV_17,BS_3,HAP_0,262.64892,262.557959,0.002125,0.024117,0.323593
343,T343_UAV_2,BS_1,LEO_1,372.621935,372.398434,0.044244,0.028972,0.251429
343,T343_UAV_4,BS_3,HAP_1,437.429975,437.190438,0.028171,0.041385,0.349898
343,T343_UAV_13,BS_1,HAP_2,454.204164,454.121113,0.003903,0.005282,0.36933
343,T343_UAV_5,BS_3,LEO_0,442.182493,442.101604,0.010007,0.012136,0.293735
343,T343_UAV_0,BS_2,LEO_1,606.455833,606.250766,0.047176,0.007605,0.251429
343,T343_UAV_9,BS_1,HAP_0,520.182932,520.108846,0.001953,0.007415,0.323593
343,T343_UAV_1,BS_0,HAP_1,524.559349,524.326114,0.028397,0.034859,0.349898
343,T343_UAV_8,BS_4,LEO_0,546.834257,546.755403,0.011493,0.008614,0.293735
343,T343_UAV_14,BS_0,BS_1,569.32294,569.101359,0.045541,0.020182,0.27929
343,T343_UAV_11,BS_4,HAP_2,657.848055,657.753944,0.007395,0.01285,0.36933
343,T343_UAV_3,BS_2,BS_3,658.484468,658.225139,0.051109,0.03898,0.3462
343,T343_UAV_6,BS_3,BS_4,718.612919,718.353272,0.054865,0.034411,0.351856
343,T343_UAV_12,BS_4,BS_0,766.676136,766.419978,0.057867,0.014141,0.42075
343,T343_UAV_18,BS_2,LEO_1,998.880817,998.670641,0.053271,0.006619,0.251429
344,T344_UAV_2,BS_1,LEO_1,336.012254,335.935413,0.003834,0.024574,0.242167
344,T344_UAV_19,BS_0,HAP_2,642.648866,642.469543,0.028662,0.012699,0.189805
344,T344_UAV_5,BS_3,HAP_1,270.954692,270.869812,0.002058,0.039905,0.214585
344,T344_UAV_16,BS_4,LEO_0,355.083885,354.979559,0.01114,0.021388,0.358995
344,T344_UAV_7,BS_4,LEO_1,619.663963,619.593673,0.006801,0.015055,0.242167
344,T344_UAV_11,BS_4,HAP_0,625.182698,624.964609,0.028591,0.024046,0.327261
344,T344_UAV_15,BS_1,HAP_2,1162.666156,1162.469314,0.033493,0.025387,0.189805
344,T344_UAV_18,BS_2,LEO_0,432.411089,432.317924,0.016074,0.005292,0.358995
344,T344_UAV_4,BS_3,HAP_1,511.029919,510.946972,0.003703,0.036327,0.214585
344,T344_UAV_6,BS_3,LEO_1,976.062449,975.995727,0.011549,0.00674,0.242167
344,T344_UAV_14,BS_0,HAP_2,1484.030556,1483.849802,0.033997,0.008797,0.189805
344,T344_UAV_12,BS_4,HAP_0,756.619546,756.389847,0.029831,0.034415,0.327261
344,T344_UAV_8,BS_4,BS_0,740.191823,739.957558,0.056214,0.030745,0.236525
344,T344_UAV_10,BS_4,HAP_2,1523.79442,1523.614292,0.035752,0.006416,0.189805
344,T344_UAV_13,BS_1,LEO_1,1030.406842,1030.313524,0.009949,0.034935,0.242167
344,T344_UAV_17,BS_3,HAP_2,2090.747241,2090.557219,0.040268,0.011793,0.189805
344,T344_UAV_1,BS_0,HAP_2,2153.357713,2153.170056,0.035785,0.013911,0.189805
345,T345_UAV_7,BS_4,LEO_1,218.28609,218.084879,0.04302,0.015738,0.212261
345,T345_UAV_19,BS_0,LEO_0,428.965406,428.769806,0.046547,0.014445,0.173043
345,T345_UAV_12,BS_4,HAP_0,375.003685,374.820017,0.027389,0.014797,0.20741
345,T345_UAV_13,BS_1,HAP_1,427.461138,427.379226,0.003426,0.016366,0.310601
345,T345_UAV_5,BS_3,HAP_2,243.757514,243.55128,0.028969,0.009719,0.33773
345,T345_UAV_8,BS_4,LEO_0,527.423533,527.22405,0.048617,0.016258,0.173043
345,T345_UAV_11,BS_4,LEO_1,518.080838,517.881379,0.047493,0.009514,0.212261
345,T345_UAV_14,BS_0,LEO_0,634.243992,634.055162,0.050134,0.004087,0.173043
345,T345_UAV_18,BS_2,HAP_1,535.100313,535.008432,0.005593,0.024168,0.310601
345,T345_UAV_16,BS_4,BS_2,589.037596,588.823094,0.046773,0.037126,0.153012
345,T345_UAV_1,BS_0,HAP_0,656.847456,656.651504,0.029294,0.025176,0.20741
345,T345_UAV_0,BS_2,LEO_1,722.31125,722.106756,0.050856,0.011186,0.212261
345,T345_UAV_15,BS_1,BS_0,743.513114,743.293876,0.056423,0.018661,0.220768
345,T345_UAV_6,BS_3,LEO_0,1064.475913,1064.271678,0.058577,0.011049,0.173043
346,T346_UAV_0,BS_2,LEO_1,461.636236,461.575787,0.006948,0.013466,0.200178
346,T346_UAV_2,BS_1,LEO_0,513.378658,513.313362,0.011693,0.008687,0.224577
346,T346_UAV_17,BS_3,HAP_0,1338.96437,1338.897495,0.00778,0.021484,0.188056
346,T346_UAV_12,BS_4,HAP_1,320.163208,320.058418,0.003372,0.024638,0.3839
346,T346_UAV_19,BS_0,HAP_2,347.123008,346.901608,0.029104,0.008201,0.420474
346,T346_UAV_4,BS_3,LEO_1,748.003682,747.934797,0.011482,0.017368,0.200178
346,T346_UAV_3,BS_2,LEO_0,755.562646,755.492171,0.018411,0.007148,0.224577
346,T346_UAV_7,BS_4,HAP_0,1377.505396,1377.432106,0.006781,0.028897,0.188056
346,T346_UAV_11,BS_4,BS_1,1164.281998,1164.030083,0.082706,0.030126,0.195416
346,T346_UAV_14,BS_0,LEO_1,762.17031,762.106014,0.010145,0.014115,0.200178
346,T346_UAV_13,BS_1,LEO_0,786.903604,786.823854,0.015246,0.019588,0.224577
346,T346_UAV_6,BS_3,HAP_0,1503.394194,1503.320573,0.008664,0.027347,0.188056
346,T346_UAV_5,BS_3,HAP_0,1644.74179,1644.676577,0.009059,0.018543,0.188056
346,T346_UAV_18,BS_2,BS_1,1386.19527,1385.944414,0.096568,0.015205,0.195416
346,T346_UAV_16,BS_4,HAP_0,1804.852765,1804.7859,0.00753,0.021725,0.188056
347,T347_UAV_5,BS_3,LEO_1,318.932573,318.863005,0.003775,0.006325,0.297343
347,T347_UAV_1,BS_0,LEO_0,241.842866,241.778645,0.00433,0.003325,0.282831
347,T347_UAV_8,BS_1,HAP_1,527.913085,527.716554,0.02887,0.028159,0.197508
347,T347_UAV_17,BS_3,HAP_0,381.544558,381.312362,0.028086,0.017425,0.433427
347,T347_UAV_13,BS_1,HAP_2,509.142727,508.938447,0.029331,0.022496,0.262261
347,T347_UAV_11,BS_4,LEO_1,710.08826,710.005571,0.008123,0.015096,0.297343
347,T347_UAV_9,BS_1,LEO_0,601.850448,601.766233,0.011937,0.015711,0.282831
347,T347_UAV_10,BS_4,HAP_1,615.19535,615.012037,0.029834,0.013977,0.197508
347,T347_UAV_4,BS_3,LEO_1,881.964141,881.879024,0.010653,0.014995,0.297343
347,T347_UAV_12,BS_4,HAP_0,723.027696,722.779826,0.029598,0.031586,0.433427
347,T347_UAV_6,BS_3,LEO_0,744.163561,744.081505,0.016753,0.008736,0.282831
347,T347_UAV_3,BS_2,HAP_2,792.079786,791.867205,0.034991,0.025138,0.262261
347,T347_UAV_7,BS_4,HAP_1,904.466548,904.279915,0.030919,0.016212,0.197508
347,T347_UAV_2,BS_1,LEO_1,1055.646126,1055.555475,0.012039,0.019144,0.297343
348,T348_UAV_15,BS_1,LEO_0,296.24323,296.038034,0.045291,0.021794,0.190556
348,T348_UAV_13,BS_1,LEO_1,238.703371,238.616315,0.00288,0.013979,0.350987
348,T348_UAV_5,BS_3,HAP_1,397.870973,397.673511,0.027582,0.009912,0.299844
348,T348_UAV_0,BS_2,HAP_2,416.926319,416.854962,0.004146,0.01656,0.25326
348,T348_UAV_6,BS_3,LEO_0,308.271116,308.062722,0.045377,0.024906,0.190556
348,T348_UAV_3,BS_2,HAP_0,430.081941,429.870568,0.028294,0.022454,0.303125
348,T348_UAV_7,BS_4,HAP_1,420.448796,420.23744,0.02775,0.023637,0.299844
348,T348_UAV_14,BS_0,HAP_2,425.633519,425.547848,0.003327,0.031692,0.25326
348,T348_UAV_10,BS_4,LEO_1,513.777614,513.676084,0.007502,0.023831,0.350987
348,T348_UAV_9,BS_1,LEO_0,597.14361,596.948641,0.049228,0.00763,0.190556
348,T348_UAV_16,BS_4,LEO_1,516.282527,516.18415,0.007123,0.021057,0.350987
348,T348_UAV_17,BS_3,HAP_0,657.253916,657.052688,0.030321,0.010282,0.303125
348,T348_UAV_4,BS_3,LEO_0,775.28366,775.081686,0.053729,0.010134,0.190556
348,T348_UAV_18,BS_2,BS_3,790.230486,789.985145,0.059339,0.018198,0.339021
348,T348_UAV_1,BS_0,HAP_1,877.079343,876.864689,0.029958,0.024727,0.299844
348,T348_UAV_19,BS_0,HAP_2,1152.347943,1152.250788,0.008334,0.038169,0.25326
348,T348_UAV_8,BS_1,BS_4,202.051585,201.778041,0.022595,0.077777,0.365859
349,T349_UAV_11,BS_4,LEO_1,311.124217,310.943932,0.043554,0.014262,0.112341
349,T349_UAV_4,BS_3,LEO_0,437.006727,436.799854,0.047727,0.019973,0.195865
349,T349_UAV_9,BS_1,HAP_1,584.923145,584.872343,0.004808,0.008539,0.187274
349,T349_UAV_14,BS_0,HAP_0,445.15472,444.970883,0.027966,0.00777,0.240507
349,T349_UAV_15,BS_1,HAP_2,530.974419,530.787778,0.031348,0.015154,0.200696
349,T349_UAV_18,BS_2,LEO_1,555.075509,554.884837,0.047347,0.020857,0.112341
349,T349_UAV_12,BS_4,LEO_0,697.048911,696.842777,0.051576,0.015385,0.195865
349,T349_UAV_13,BS_1,HAP_1,812.965707,812.917233,0.005547,0.005472,0.187274
349,T349_UAV_0,BS_2,HAP_0,615.691452,615.506722,0.028514,0.008115,0.240507
349,T349_UAV_1,BS_0,LEO_1,862.777043,862.593988,0.047788,0.012798,0.112341
349,T349_UAV_10,BS_4,LEO_0,880.071379,879.870407,0.055493,0.006306,0.195865
349,T349_UAV_7,BS_4,HAP_2,746.664416,746.482457,0.032531,0.009289,0.200696
349,T349_UAV_3,BS_2,LEO_1,997.052719,996.866763,0.052682,0.010805,0.112341
349,T349_UAV_8,BS_1,LEO_0,1013.813928,1013.611781,0.056573,0.0064,0.195865
349,T349_UAV_2,BS_1,HAP_1,1176.080181,1176.010994,0.010106,0.021627,0.187274
350,T350_UAV_10,BS_4,LEO_1,287.324973,287.133462,0.043295,0.010725,0.187454
350,T350_UAV_18,BS_2,LEO_0,228.507424,228.443323,0.005835,0.012665,0.228007
350,T350_UAV_17,BS_3,HAP_1,239.975088,239.905941,0.001894,0.007912,0.2967
350,T350_UAV_3,BS_2,HAP_2,316.77574,316.721002,0.003992,0.01421,0.182678
350,T350_UAV_15,BS_1,HAP_0,427.081436,426.873675,0.027219,0.035872,0.223352
350,T350_UAV_5,BS_3,LEO_1,610.235584,610.043201,0.047224,0.007668,0.187454
350,T350_UAV_7,BS_4,LEO_0,501.54964,501.468031,0.010773,0.025235,0.228007
350,T350_UAV_1,BS_0,LEO_1,622.336289,622.131168,0.045616,0.022014,0.187454
350,T350_UAV_11,BS_4,HAP_1,514.474507,514.380243,0.004815,0.030109,0.2967
350,T350_UAV_4,BS_3,HAP_0,572.908114,572.722955,0.029728,0.010761,0.223352
350,T350_UAV_12,BS_4,HAP_2,643.56814,643.502994,0.00646,0.022151,0.182678
350,T350_UAV_16,BS_4,LEO_0,650.08194,650.014171,0.014116,0.008052,0.228007
350,T350_UAV_13,BS_1,BS_3,696.429718,696.115557,0.053475,0.066863,0.469115
350,T350_UAV_9,BS_1,BS_2,740.627912,740.384885,0.056241,0.027166,0.298099
350,T350_UAV_0,BS_2,LEO_1,987.197591,986.99071,0.051714,0.017677,0.187454
351,T351_UAV_6,BS_3,LEO_1,344.264875,344.206822,0.005195,0.00701,0.229248
351,T351_UAV_7,BS_4,LEO_0,362.394062,362.324351,0.007789,0.00446,0.287311
351,T351_UAV_10,BS_4,HAP_0,658.530915,658.348268,0.027957,0.015814,0.194383
351,T351_UAV_5,BS_3,HAP_1,427.296412,427.11569,0.028207,0.00485,0.238325
351,T351_UAV_13,BS_1,HAP_2,432.488495,432.41555,0.003651,0.010962,0.291663
351,T351_UAV_12,BS_4,LEO_1,468.660746,468.600132,0.006476,0.008288,0.229248
351,T351_UAV_1,BS_0,LEO_0,558.573316,558.500895,0.01001,0.004948,0.287311
351,T351_UAV_3,BS_2,HAP_0,1471.634515,1471.422059,0.033208,0.04037,0.194383
351,T351_UAV_8,BS_1,LEO_1,620.899161,620.833925,0.008259,0.011127,0.229248
351,T351_UAV_19,BS_0,HAP_1,639.110208,638.923101,0.028674,0.010768,0.238325
351,T351_UAV_11,BS_4,LEO_0,709.192635,709.10339,0.016038,0.015745,0.287311
351,T351_UAV_9,BS_1,HAP_2,719.873845,719.789396,0.006795,0.01932,0.291663
351,T351_UAV_16,BS_4,BS_3,784.549388,784.285711,0.058983,0.050365,0.271646
351,T351_UAV_18,BS_2,HAP_0,1633.994605,1633.810048,0.033872,0.011808,0.194383
351,T351_UAV_15,BS_1,HAP_0,1703.727683,1703.549977,0.031978,0.006852,0.194383
351,T351_UAV_4,BS_3,HAP_0,1708.526362,1708.328328,0.035078,0.024079,0.194383
352,T352_UAV_15,BS_1,LEO_1,402.998377,402.790394,0.043886,0.017289,0.23404
352,T352_UAV_0,BS_2,LEO_0,209.322514,209.243639,0.007127,0.002996,0.343758
352,T352_UAV_3,BS_2,HAP_1,674.114928,674.051561,0.003959,0.022043,0.186824
352,T352_UAV_13,BS_1,HAP_0,453.691844,453.466045,0.027377,0.012162,0.431299
352,T352_UAV_19,BS_0,LEO_1,588.324523,588.124931,0.04504,0.007743,0.23404
352,T352_UAV_2,BS_1,HAP_2,364.603915,364.525218,0.006347,0.004903,0.337236
352,T352_UAV_7,BS_4,HAP_1,1102.026911,1101.954981,0.005789,0.028776,0.186824
352,T352_UAV_10,BS_4,LEO_1,661.393488,661.195074,0.046359,0.005246,0.23404
352,T352_UAV_18,BS_2,LEO_0,502.542212,502.440067,0.018614,0.01478,0.343758
352,T352_UAV_16,BS_4,BS_3,528.167211,527.900417,0.042967,0.065962,0.289327
352,T352_UAV_9,BS_1,HAP_0,794.7482,794.504277,0.027995,0.029668,0.431299
352,T352_UAV_12,BS_4,LEO_1,1020.196256,1019.98539,0.049361,0.014697,0.23404
352,T352_UAV_5,BS_3,HAP_1,1901.413947,1901.347208,0.009866,0.019508,0.186824
352,T352_UAV_11,BS_4,LEO_1,1059.879869,1059.653787,0.050175,0.029099,0.23404
352,T352_UAV_8,BS_1,HAP_1,1964.7383,1964.672622,0.011377,0.016936,0.186824
352,T352_UAV_6,BS_3,HAP_1,2002.085068,2002.025309,0.010012,0.012382,0.186824
352,T352_UAV_17,BS_3,HAP_1,2238.707472,2238.652751,0.012033,0.005323,0.186824
353,T353_UAV_8,BS_1,LEO_1,348.818907,348.75088,0.003093,0.019265,0.228347
353,T353_UAV_2,BS_1,LEO_0,505.242185,505.054478,0.045593,0.006237,0.179388
353,T353_UAV_7,BS_4,HAP_2,526.501727,526.344835,0.028952,0.003294,0.123231
353,T353_UAV_16,BS_4,LEO_1,473.227851,473.173021,0.00434,0.004821,0.228347
353,T353_UAV_5,BS_3,HAP_0,199.267746,199.046551,0.027071,0.023902,0.351112
353,T353_UAV_17,BS_3,LEO_0,726.150097,725.947707,0.04829,0.018223,0.179388
353,T353_UAV_18,BS_2,LEO_0,795.885588,795.690198,0.04976,0.009753,0.179388
353,T353_UAV_1,BS_0,HAP_2,717.689746,717.528219,0.029063,0.007819,0.123231
353,T353_UAV_19,BS_0,LEO_1,708.557975,708.497355,0.006076,0.008875,0.228347
353,T353_UAV_9,BS_1,LEO_1,743.553082,743.49572,0.006078,0.005614,0.228347
353,T353_UAV_10,BS_4,LEO_0,1189.532126,1189.333991,0.053099,0.009158,0.179388
353,T353_UAV_13,BS_1,HAP_2,1093.540114,1093.364003,0.032044,0.019421,0.123231
353,T353_UAV_14,BS_0,LEO_0,1428.920999,1428.718204,0.054468,0.01245,0.179388
353,T353_UAV_11,BS_4,LEO_1,1174.916457,1174.854314,0.011292,0.005181,0.228347
353,T353_UAV_15,BS_1,LEO_0,1593.81099,1593.598712,0.057828,0.018572,0.179388
353,T353_UAV_4,BS_3,HAP_2,1464.281792,1464.112676,0.036927,0.007543,0.123231
353,T353_UAV_3,BS_2,LEO_0,1771.744908,1771.537361,0.060828,0.010842,0.179388
354,T354_UAV_12,BS_4,LEO_1,290.530849,290.328265,0.043165,0.012711,0.233543
354,T354_UAV_19,BS_0,LEO_0,237.188766,236.965256,0.044622,0.014056,0.324161
354,T354_UAV_17,BS_3,HAP_0,266.560815,266.30878,0.027158,0.054564,0.351567
354,T354_UAV_5,BS_3,HAP_1,334.892606,334.655906,0.0275,0.012169,0.485154
354,T354_UAV_14,BS_0,HAP_2,517.119787,516.925583,0.029048,0.010717,0.272196
354,T354_UAV_10,BS_4,LEO_1,549.685412,549.487579,0.046288,0.004837,0.233543
354,T354_UAV_8,BS_1,LEO_0,563.099667,562.857993,0.051822,0.02502,0.324161
354,T354_UAV_6,BS_3,LEO_1,650.300283,650.085777,0.047739,0.020058,0.233543
354,T354_UAV_1,BS_0,HAP_0,562.844611,562.635269,0.028698,0.010331,0.351567
354,T354_UAV_11,BS_4,HAP_2,973.496613,973.303562,0.034049,0.004564,0.272196
354,T354_UAV_2,BS_1,HAP_1,652.73666,652.499083,0.031783,0.008763,0.485154
354,T354_UAV_4,BS_3,LEO_0,655.194184,654.957097,0.054887,0.017368,0.324161
354,T354_UAV_9,BS_1,BS_3,693.076522,692.801884,0.053268,0.061974,0.296979
354,T354_UAV_3,BS_2,BS_4,728.766734,728.506241,0.055499,0.042486,0.312539
354,T354_UAV_15,BS_1,LEO_1,958.102448,957.898419,0.051015,0.006306,0.233543
354,T354_UAV_13,BS_1,HAP_2,1161.559567,1161.367789,0.033284,0.004056,0.272196
355,T355_UAV_12,BS_4,LEO_0,275.800291,275.604453,0.044571,0.013807,0.1873
355,T355_UAV_5,BS_3,LEO_1,288.840938,288.778637,0.004354,0.006526,0.257098
355,T355_UAV_15,BS_1,HAP_0,248.298939,248.125008,0.026281,0.012266,0.176927
355,T355_UAV_11,BS_4,HAP_1,256.581978,256.412281,0.027403,0.016275,0.130097
355,T355_UAV_17,BS_3,HAP_2,369.711844,369.650605,0.004384,0.005357,0.25749
355,T355_UAV_13,BS_1,LEO_0,438.26725,438.077144,0.046549,0.006097,0.1873
355,T355_UAV_8,BS_1,LEO_1,394.39447,394.324037,0.005243,0.01377,0.257098
355,T355_UAV_18,BS_2,LEO_1,547.043841,546.953483,0.009209,0.02973,0.257098
355,T355_UAV_6,BS_3,HAP_1,581.922546,581.751324,0.029158,0.016045,0.130097
355,T355_UAV_10,BS_4,HAP_0,603.220746,603.027378,0.028504,0.029479,0.176927
355,T355_UAV_2,BS_1,HAP_2,620.009064,619.926385,0.007243,0.023938,0.25749
355,T355_UAV_16,BS_4,LEO_0,850.374911,850.165608,0.054333,0.01751,0.1873
355,T355_UAV_4,BS_3,BS_4,694.320762,694.064657,0.053347,0.043362,0.296975
355,T355_UAV_7,BS_4,BS_3,710.393298,710.135481,0.054351,0.040925,0.312704
355,T355_UAV_19,BS_0,LEO_0,990.860034,990.64407,0.055104,0.023401,0.1873
356,T356_UAV_19,BS_0,LEO_1,204.826372,204.619811,0.04261,0.018247,0.228523
356,T356_UAV_8,BS_1,LEO_0,324.016562,323.95679,0.005302,0.017389,0.185406
356,T356_UAV_16,BS_4,HAP_0,249.83567,249.759534,0.001342,0.026122,0.243359
356,T356_UAV_4,BS_3,HAP_1,402.545832,402.354849,0.02785,0.033504,0.148143
356,T356_UAV_14,BS_0,HAP_2,525.292472,525.223662,0.004901,0.006839,0.285352
356,T356_UAV_18,BS_2,LEO_1,541.653692,541.441714,0.049099,0.017174,0.228523
356,T356_UAV_7,BS_4,LEO_0,722.895933,722.827047,0.012124,0.019681,0.185406
356,T356_UAV_5,BS_3,HAP_0,556.893566,556.814423,0.004308,0.026163,0.243359
356,T356_UAV_10,BS_4,HAP_1,614.252838,614.057174,0.030669,0.035367,0.148143
356,T356_UAV_12,BS_4,LEO_1,652.835278,652.62559,0.049002,0.014981,0.228523
356,T356_UAV_0,BS_2,LEO_0,940.048989,939.970132,0.017167,0.024609,0.185406
356,T356_UAV_15,BS_1,HAP_2,725.221475,725.137945,0.008615,0.017845,0.285352
356,T356_UAV_3,BS_2,LEO_0,1012.414734,1012.343983,0.019063,0.014608,0.185406
357,T357_UAV_10,BS_4,LEO_1,366.175461,366.102359,0.003508,0.027066,0.212638
357,T357_UAV_8,BS_1,LEO_0,249.011877,248.912423,0.00755,0.026023,0.329402
357,T357_UAV_11,BS_4,HAP_1,625.718101,625.53832,0.029934,0.008482,0.206826
357,T357_UAV_3,BS_2,HAP_0,278.933188,278.842158,0.002925,0.026831,0.306372
357,T357_UAV_5,BS_3,HAP_2,317.980605,317.900729,0.00521,0.00466,0.350027
357,T357_UAV_6,BS_3,LEO_1,1008.51624,1008.452316,0.010085,0.011312,0.212638
357,T357_UAV_14,BS_0,LEO_0,459.395552,459.3051,0.013631,0.010941,0.329402
357,T357_UAV_7,BS_4,LEO_1,1034.998689,1034.94046,0.009644,0.006057,0.212638
357,T357_UAV_19,BS_0,HAP_1,949.797817,949.613025,0.029889,0.013537,0.206826
357,T357_UAV_16,BS_4,BS_2,673.649607,673.397477,0.052056,0.050196,0.249388
357,T357_UAV_9,BS_1,LEO_1,1177.473916,1177.415754,0.009649,0.005985,0.212638
357,T357_UAV_13,BS_1,HAP_1,1135.868705,1135.68274,0.032678,0.011922,0.206826
357,T357_UAV_18,BS_2,LEO_1,1325.022005,1324.940937,0.014583,0.023958,0.212638
358,T358_UAV_13,BS_1,LEO_1,341.226324,341.011094,0.043231,0.028757,0.216206
358,T358_UAV_0,BS_2,LEO_0,342.105988,341.912616,0.048042,0.005262,0.200339
358,T358_UAV_10,BS_4,HAP_0,379.355654,379.248867,0.002201,0.029645,0.374708
358,T358_UAV_11,BS_4,HAP_1,416.237038,416.041596,0.028907,0.020041,0.232471
358,T358_UAV_16,BS_4,HAP_2,505.54853,505.338516,0.030306,0.017698,0.310052
358,T358_UAV_5,BS_3,LEO_1,661.51341,661.30046,0.047861,0.021848,0.216206
358,T358_UAV_2,BS_1,LEO_0,511.295799,511.07981,0.051619,0.024303,0.200339
358,T358_UAV_8,BS_1,HAP_1,516.790735,516.583783,0.029529,0.030929,0.232471
358,T358_UAV_3,BS_2,HAP_0,529.610787,529.526475,0.004092,0.005278,0.374708
358,T358_UAV_1,BS_0,LEO_1,730.463382,730.267703,0.046611,0.005826,0.216206
358,T358_UAV_18,BS_2,LEO_0,608.871365,608.667479,0.055474,0.008345,0.200339
358,T358_UAV_9,BS_1,HAP_2,621.406035,621.201774,0.030896,0.011355,0.310052
358,T358_UAV_19,BS_0,BS_2,614.557078,614.29194,0.048364,0.057384,0.296949
358,T358_UAV_12,BS_4,BS_3,680.99776,680.697055,0.052512,0.043653,0.522698
358,T358_UAV_4,BS_3,BS_4,709.115968,708.872078,0.054272,0.021582,0.340184
358,T358_UAV_17,BS_3,BS_1,768.748016,768.464009,0.057995,0.056028,0.34992
358,T358_UAV_6,BS_3,BS_0,783.692211,783.437754,0.05893,0.054676,0.204252
358,T358_UAV_15,BS_1,LEO_1,1050.909424,1050.688996,0.052048,0.02514,0.216206
359,T359_UAV_12,BS_4,LEO_0,942.045288,941.840598,0.047515,0.020366,0.184045
359,T359_UAV_9,BS_1,LEO_1,293.473623,293.406989,0.003583,0.016424,0.233134
359,T359_UAV_8,BS_1,HAP_1,322.311886,322.245518,0.002831,0.023046,0.202456
359,T359_UAV_4,BS_3,HAP_0,195.533153,195.359442,0.02723,0.005954,0.202632
359,T359_UAV_2,BS_1,LEO_0,1195.174381,1194.970409,0.050047,0.017116,0.184045
359,T359_UAV_5,BS_3,HAP_2,242.08847,242.032061,0.00397,0.004603,0.239184
359,T359_UAV_14,BS_0,LEO_1,517.311011,517.242854,0.006904,0.014627,0.233134
359,T359_UAV_0,BS_2,LEO_0,1480.99154,1480.796785,0.052822,0.005125,0.184045
359,T359_UAV_7,BS_4,HAP_1,589.092082,589.011335,0.004507,0.035749,0.202456
359,T359_UAV_6,BS_3,LEO_1,685.26327,685.201972,0.010402,0.004269,0.233134
359,T359_UAV_13,BS_1,LEO_0,1867.555908,1867.359681,0.053582,0.005836,0.184045
359,T359_UAV_17,BS_3,LEO_0,2350.615138,2350.393053,0.060282,0.024995,0.184045
359,T359_UAV_10,BS_4,LEO_0,2450.848588,2450.632543,0.060407,0.018829,0.184045
359,T359_UAV_1,BS_0,LEO_0,2470.519463,2470.307944,0.057095,0.017615,0.184045
359,T359_UAV_16,BS_4,LEO_0,2495.816573,2495.591733,0.060164,0.027867,0.184045
359,T359_UAV_18,BS_2,LEO_0,2512.944303,2512.729525,0.063202,0.014767,0.184045
359,T359_UAV_15,BS_1,LEO_0,2659.487553,2659.277223,0.062501,0.01102,0.184045
360,T360_UAV_5,BS_3,LEO_1,217.715068,217.493151,0.043277,0.027861,0.253893
360,T360_UAV_17,BS_3,LEO_0,380.143776,379.872535,0.048896,0.023275,0.495353
360,T360_UAV_6,BS_3,HAP_1,268.509355,268.321184,0.026922,0.020627,0.203107
360,T360_UAV_9,BS_1,HAP_0,298.072525,297.869524,0.026127,0.026952,0.249614
360,T360_UAV_3,BS_2,HAP_2,389.501121,389.426405,0.004884,0.01266,0.285856
360,T360_UAV_0,BS_2,LEO_1,474.693494,474.48315,0.047164,0.012401,0.253893
360,T360_UAV_19,BS_0,LEO_0,475.969716,475.67488,0.049281,0.046484,0.495353
360,T360_UAV_11,BS_4,HAP_0,482.434278,482.24288,0.027775,0.0137,0.249614
360,T360_UAV_8,BS_1,HAP_1,488.478711,488.294424,0.029291,0.014374,0.203107
360,T360_UAV_12,BS_4,LEO_1,489.240774,489.023399,0.046739,0.019858,0.253893
360,T360_UAV_14,BS_0,HAP_2,510.794376,510.728201,0.004774,0.004229,0.285856
360,T360_UAV_18,BS_2,LEO_0,579.768247,579.492341,0.054718,0.022117,0.495353
360,T360_UAV_7,BS_4,BS_3,676.226944,675.958242,0.052216,0.052125,0.321804
360,T360_UAV_16,BS_4,BS_1,699.131488,698.878464,0.053648,0.028758,0.353087
360,T360_UAV_2,BS_1,BS_2,732.202104,731.951012,0.055714,0.048503,0.234373
360,T360_UAV_4,BS_3,BS_4,748.554606,748.256539,0.056733,0.070836,0.35249
360,T360_UAV_13,BS_1,BS_0,748.913279,748.595989,0.056754,0.083675,0.384309
361,T361_UAV_16,BS_4,LEO_1,207.530789,207.479094,0.002862,0.004221,0.223053
361,T361_UAV_1,BS_0,LEO_0,222.677034,222.433221,0.043984,0.040894,0.29467
361,T361_UAV_10,BS_4,HAP_1,305.302419,305.249031,0.0028,0.00852,0.210344
361,T361_UAV_9,BS_1,HAP_0,346.788469,346.594264,0.026312,0.014404,0.267444
361,T361_UAV_12,BS_4,HAP_2,402.188636,401.992912,0.029034,0.012857,0.269173
361,T361_UAV_18,BS_2,LEO_1,511.553,511.475929,0.008581,0.023879,0.223053
361,T361_UAV_7,BS_4,LEO_0,524.377927,524.141622,0.05133,0.026041,0.29467
361,T361_UAV_14,BS_0,HAP_1,546.518328,546.461878,0.003856,0.010525,0.210344
361,T361_UAV_5,BS_3,LEO_1,569.375586,569.306787,0.00861,0.015579,0.223053
361,T361_UAV_11,BS_4,HAP_0,589.95744,589.747483,0.028395,0.028074,0.267444
361,T361_UAV_17,BS_3,LEO_0,606.671861,606.433184,0.054202,0.025542,0.29467
361,T361_UAV_2,BS_1,HAP_2,728.428351,728.222362,0.033516,0.018639,0.269173
361,T361_UAV_13,BS_1,BS_3,733.995302,733.674771,0.055822,0.082696,0.410068
361,T361_UAV_19,BS_0,BS_4,778.035547,777.786433,0.058577,0.015191,0.376734
362,T362_UAV_18,BS_2,LEO_1,241.423445,241.358287,0.004047,0.006147,0.274819
362,T362_UAV_7,BS_4,LEO_0,242.302273,242.082518,0.045229,0.031206,0.216603
362,T362_UAV_2,BS_1,HAP_0,282.534336,282.471126,0.001427,0.019446,0.211684
362,T362_UAV_1,BS_0,HAP_1,580.227737,580.046512,0.027986,0.013317,0.199606
362,T362_UAV_8,BS_1,HAP_2,353.723242,353.666104,0.003523,0.006769,0.234232
362,T362_UAV_9,BS_1,LEO_1,398.125573,398.044694,0.00487,0.021045,0.274819
362,T362_UAV_14,BS_0,LEO_0,423.3594,423.159515,0.048711,0.007853,0.216603
362,T362_UAV_6,BS_3,HAP_1,728.23947,728.065601,0.029121,0.004827,0.199606
362,T362_UAV_12,BS_4,HAP_0,441.187478,441.130412,0.002755,0.011974,0.211684
362,T362_UAV_11,BS_4,LEO_1,476.441326,476.362403,0.006937,0.017022,0.274819
362,T362_UAV_0,BS_2,HAP_2,492.969508,492.906374,0.006063,0.010225,0.234232
362,T362_UAV_13,BS_1,LEO_0,684.005856,683.792148,0.052997,0.01739,0.216603
362,T362_UAV_16,BS_4,BS_3,688.328906,688.102089,0.052975,0.025672,0.240845
362,T362_UAV_4,BS_3,HAP_1,1036.889384,1036.697539,0.030755,0.02117,0.199606
362,T362_UAV_5,BS_3,HAP_1,1060.615472,1060.423957,0.031145,0.020449,0.199606
363,T363_UAV_16,BS_4,LEO_1,256.28233,256.206985,0.003534,0.004945,0.334335
363,T363_UAV_13,BS_1,LEO_0,368.82078,368.757382,0.005473,0.009155,0.243851
363,T363_UAV_12,BS_4,HAP_0,313.749528,313.68872,0.001957,0.004255,0.272982
363,T363_UAV_17,BS_3,HAP_1,316.386798,316.181202,0.02744,0.019999,0.290785
363,T363_UAV_19,BS_0,LEO_0,474.632562,474.53524,0.007229,0.041322,0.243851
363,T363_UAV_7,BS_4,HAP_2,480.398665,480.327693,0.00493,0.005719,0.301617
363,T363_UAV_5,BS_3,LEO_1,485.573134,485.49321,0.007349,0.005707,0.334335
363,T363_UAV_9,BS_1,HAP_0,496.656247,496.583552,0.001885,0.016214,0.272982
363,T363_UAV_18,BS_2,LEO_1,515.964545,515.877067,0.008645,0.011966,0.334335
363,T363_UAV_2,BS_1,HAP_1,569.297368,569.073009,0.030978,0.035224,0.290785
363,T363_UAV_3,BS_2,LEO_0,793.439019,793.361272,0.014913,0.014064,0.243851
363,T363_UAV_0,BS_2,BS_3,604.833837,604.585931,0.047758,0.045169,0.274897
363,T363_UAV_11,BS_4,HAP_2,635.796771,635.718086,0.007223,0.011139,0.301617
363,T363_UAV_10,BS_4,BS_2,637.859321,637.621641,0.049821,0.038369,0.247451
363,T363_UAV_8,BS_1,LEO_0,873.400837,873.312702,0.014296,0.025068,0.243851
364,T364_UAV_16,BS_4,LEO_1,369.008039,368.822723,0.043378,0.018809,0.115645
364,T364_UAV_15,BS_1,LEO_0,265.379143,265.284421,0.006063,0.025672,0.314939
364,T364_UAV_11,BS_4,HAP_0,288.647699,288.571749,0.001663,0.006705,0.337909
364,T364_UAV_18,BS_2,HAP_1,446.242787,446.063472,0.028852,0.013391,0.185359
364,T364_UAV_8,BS_1,HAP_2,330.738321,330.652995,0.003296,0.011193,0.35419
364,T364_UAV_14,BS_0,LEO_1,528.040336,527.868224,0.044697,0.004287,0.115645
364,T364_UAV_13,BS_1,LEO_0,470.184459,470.081507,0.008923,0.031041,0.314939
364,T364_UAV_17,BS_3,HAP_1,503.616718,503.428533,0.028332,0.02278,0.185359
364,T364_UAV_2,BS_1,LEO_1,586.615886,586.435448,0.045584,0.011725,0.115645
364,T364_UAV_10,BS_4,BS_2,428.12784,427.916791,0.036721,0.018165,0.280809
364,T364_UAV_1,BS_0,HAP_0,470.505676,470.425578,0.003112,0.009405,0.337909
364,T364_UAV_3,BS_2,LEO_1,701.01194,700.823481,0.047431,0.017899,0.115645
364,T364_UAV_7,BS_4,LEO_0,594.353324,594.257069,0.012889,0.020379,0.314939
364,T364_UAV_5,BS_3,HAP_2,719.972769,719.885188,0.008015,0.008728,0.35419
364,T364_UAV_6,BS_3,HAP_1,1072.795882,1072.605067,0.031673,0.02207,0.185359
364,T364_UAV_4,BS_3,LEO_1,1311.274442,1311.081221,0.053123,0.01697,0.115645
365,T365_UAV_10,BS_4,LEO_1,223.483537,223.263006,0.043195,0.014201,0.315681
365,T365_UAV_17,BS_3,LEO_0,243.376839,243.276106,0.00569,0.022016,0.365137
365,T365_UAV_8,BS_1,HAP_0,426.424761,426.229683,0.026821,0.028898,0.196791
365,T365_UAV_3,BS_2,HAP_1,467.097248,466.923879,0.028103,0.008111,0.185778
365,T365_UAV_6,BS_3,HAP_2,380.050737,379.873612,0.028498,0.021072,0.137775
365,T365_UAV_16,BS_4,LEO_1,358.646845,358.434513,0.044935,0.004261,0.315681
365,T365_UAV_14,BS_0,LEO_0,367.673943,367.572047,0.007584,0.021284,0.365137
365,T365_UAV_5,BS_3,HAP_0,563.112212,562.92442,0.028445,0.01999,0.196791
365,T365_UAV_15,BS_1,HAP_1,564.802162,564.628329,0.029363,0.007315,0.185778
365,T365_UAV_19,BS_0,HAP_2,465.01426,464.840238,0.028338,0.018129,0.137775
365,T365_UAV_0,BS_2,BS_0,521.954921,521.730362,0.042582,0.032202,0.248877
365,T365_UAV_11,BS_4,LEO_1,561.471723,561.239042,0.048171,0.021374,0.315681
365,T365_UAV_9,BS_1,LEO_0,566.8083,566.710889,0.011349,0.013034,0.365137
365,T365_UAV_1,BS_0,HAP_1,931.101282,930.92082,0.029787,0.01352,0.185778
365,T365_UAV_13,BS_1,HAP_0,936.728522,936.542146,0.029123,0.017896,0.196791
365,T365_UAV_2,BS_1,BS_3,687.153829,686.868995,0.052898,0.065333,0.333014
365,T365_UAV_7,BS_4,BS_1,763.219728,762.930769,0.057649,0.057819,0.367457
365,T365_UAV_12,BS_4,HAP_2,897.988592,897.811952,0.032517,0.016568,0.137775
365,T365_UAV_4,BS_3,HAP_1,1199.126093,1198.937893,0.031625,0.019419,0.185778
365,T365_UAV_18,BS_2,HAP_0,1574.378343,1574.195543,0.034029,0.009413,0.196791
366,T366_UAV_0,BS_2,LEO_1,426.695016,426.497516,0.043701,0.014171,0.198136
366,T366_UAV_1,BS_0,LEO_0,231.145026,230.949162,0.044142,0.00991,0.209059
366,T366_UAV_12,BS_4,HAP_1,231.133712,230.939231,0.026821,0.022736,0.22462
366,T366_UAV_11,BS_4,HAP_2,294.137728,293.95716,0.02834,0.004436,0.238961
366,T366_UAV_18,BS_2,HAP_0,451.111818,450.908091,0.028283,0.014826,0.303089
366,T366_UAV_16,BS_4,LEO_1,898.791798,898.589696,0.047182,0.015293,0.198136
366,T366_UAV_7,BS_4,LEO_0,460.570594,460.352179,0.049984,0.026619,0.209059
366,T366_UAV_17,BS_3,LEO_1,903.708503,903.512173,0.048086,0.008617,0.198136
366,T366_UAV_9,BS_1,HAP_1,619.05891,618.864314,0.031104,0.018568,0.22462
366,T366_UAV_15,BS_1,LEO_1,968.297622,968.08703,0.048063,0.022903,0.198136
366,T366_UAV_8,BS_1,HAP_0,702.770459,702.554669,0.028597,0.026575,0.303089
366,T366_UAV_13,BS_1,LEO_0,744.146011,743.937478,0.054077,0.012644,0.209059
366,T366_UAV_10,BS_4,HAP_2,770.348218,770.158685,0.033488,0.008253,0.238961
366,T366_UAV_5,BS_3,BS_4,787.5786,787.338335,0.059174,0.012173,0.344596
366,T366_UAV_6,BS_3,LEO_1,1327.689035,1327.479669,0.051608,0.018132,0.198136
366,T366_UAV_4,BS_3,LEO_1,1504.675167,1504.462684,0.053078,0.019778,0.198136
367,T367_UAV_17,BS_3,LEO_1,393.072435,393.014153,0.006155,0.005145,0.234913
367,T367_UAV_15,BS_1,LEO_0,538.266782,538.205955,0.009529,0.011861,0.197184
367,T367_UAV_0,BS_2,HAP_0,415.613158,415.540267,0.002388,0.021074,0.247145
367,T367_UAV_16,BS_4,HAP_2,426.364144,426.180949,0.029459,0.015177,0.192796
367,T367_UAV_13,BS_1,HAP_1,438.758805,438.529074,0.028418,0.026125,0.375942
367,T367_UAV_9,BS_1,LEO_0,606.091842,606.037162,0.00947,0.005774,0.197184
367,T367_UAV_7,BS_4,LEO_1,493.919292,493.851484,0.006993,0.013833,0.234913
367,T367_UAV_6,BS_3,HAP_0,535.201923,535.114077,0.004378,0.034039,0.247145
367,T367_UAV_18,BS_2,LEO_0,739.083251,739.013022,0.014496,0.016296,0.197184
367,T367_UAV_12,BS_4,LEO_1,591.423628,591.361801,0.008152,0.006693,0.234913
367,T367_UAV_1,BS_0,HAP_2,663.209034,663.03653,0.02979,0.004155,0.192796
367,T367_UAV_8,BS_1,HAP_1,674.844071,674.619909,0.03098,0.017993,0.375942
367,T367_UAV_10,BS_4,BS_3,760.331427,760.092886,0.057472,0.011451,0.348092
367,T367_UAV_4,BS_3,BS_4,776.199409,775.952983,0.058463,0.015862,0.360504
367,T367_UAV_2,BS_1,BS_2,789.279717,788.999937,0.059278,0.067406,0.265481
367,T367_UAV_11,BS_4,LEO_0,965.601738,965.525987,0.017031,0.019283,0.197184
368,T368_UAV_0,BS_2,LEO_1,296.845191,296.759647,0.004499,0.018116,0.314646
368,T368_UAV_16,BS_4,HAP_1,782.340463,782.288621,0.004395,0.00886,0.192936
368,T368_UAV_12,BS_4,LEO_0,266.328539,266.109062,0.048187,0.0218,0.247449
368,T368_UAV_3,BS_2,HAP_0,418.031858,417.851641,0.02825,0.010809,0.205786
368,T368_UAV_5,BS_3,HAP_2,422.319476,422.257694,0.004708,0.011528,0.227735
368,T368_UAV_18,BS_2,LEO_1,515.697964,515.605199,0.008614,0.021221,0.314646
368,T368_UAV_7,BS_4,HAP_1,1284.532838,1284.482169,0.006488,0.005594,0.192936
368,T368_UAV_11,BS_4,LEO_0,471.026278,470.815256,0.055455,0.006078,0.247449
368,T368_UAV_19,BS_0,HAP_1,1661.623693,1661.572729,0.006979,0.005398,0.192936
368,T368_UAV_14,BS_0,HAP_0,733.417177,733.218467,0.029855,0.027697,0.205786
368,T368_UAV_1,BS_0,HAP_2,734.085934,734.014853,0.005309,0.020226,0.227735
368,T368_UAV_8,BS_1,LEO_1,776.490745,776.410483,0.010307,0.007026,0.314646
368,T368_UAV_6,BS_3,HAP_1,1691.37892,1691.309757,0.008166,0.022411,0.192936
368,T368_UAV_15,BS_1,HAP_1,1959.195071,1959.121762,0.012309,0.022413,0.192936
368,T368_UAV_9,BS_1,HAP_1,2248.784936,2248.727402,0.01355,0.005397,0.192936
368,T368_UAV_10,BS_4,HAP_1,2547.894353,2547.820052,0.014479,0.021235,0.192936
369,T369_UAV_18,BS_2,LEO_1,214.370055,214.176691,0.043565,0.009,0.203997
369,T369_UAV_17,BS_3,LEO_0,292.646195,292.440654,0.046807,0.015436,0.21649
369,T369_UAV_8,BS_1,HAP_0,890.201523,890.017918,0.028331,0.018598,0.183382
369,T369_UAV_6,BS_3,HAP_2,377.908157,377.721661,0.029241,0.011444,0.229059
369,T369_UAV_9,BS_1,HAP_1,196.417078,196.17454,0.027778,0.02973,0.425147
369,T369_UAV_2,BS_1,LEO_1,470.291662,470.097492,0.046745,0.006626,0.203997
369,T369_UAV_1,BS_0,LEO_0,499.323567,499.124351,0.048974,0.006944,0.21649
369,T369_UAV_3,BS_2,HAP_0,1375.393156,1375.209232,0.032015,0.015232,0.183382
369,T369_UAV_15,BS_1,LEO_1,581.463738,581.263963,0.04837,0.010605,0.203997
369,T369_UAV_19,BS_0,LEO_0,585.524218,585.324673,0.051404,0.004843,0.21649
369,T369_UAV_12,BS_4,HAP_0,1440.843826,1440.661465,0.031227,0.014458,0.183382
369,T369_UAV_11,BS_4,HAP_2,778.827734,778.638477,0.03387,0.009576,0.229059
369,T369_UAV_10,BS_4,HAP_0,1895.621258,1895.444052,0.032771,0.007758,0.183382
369,T369_UAV_0,BS_2,HAP_0,1912.093823,1911.901497,0.032829,0.02282,0.183382
369,T369_UAV_13,BS_1,HAP_0,2363.836929,2363.651628,0.034159,0.014466,0.183382
369,T369_UAV_7,BS_4,HAP_0,2413.005371,2412.822727,0.036051,0.009917,0.183382
370,T370_UAV_2,BS_1,LEO_1,340.593005,340.535979,0.003241,0.015099,0.193428
370,T370_UAV_4,BS_3,LEO_0,283.994243,283.939735,0.004965,0.010307,0.19618
370,T370_UAV_10,BS_4,HAP_2,339.533741,339.352765,0.028064,0.013577,0.196677
370,T370_UAV_1,BS_0,LEO_1,491.911404,491.864857,0.003792,0.00407,0.193428
370,T370_UAV_19,BS_0,HAP_1,211.304134,211.075371,0.026614,0.011382,0.453837
370,T370_UAV_7,BS_4,LEO_0,486.818815,486.759429,0.00824,0.011909,0.19618
370,T370_UAV_5,BS_3,HAP_0,564.246523,564.013778,0.029503,0.009794,0.467241
370,T370_UAV_18,BS_2,LEO_1,609.06798,609.003159,0.006655,0.01948,0.193428
370,T370_UAV_16,BS_4,LEO_0,562.311574,562.241859,0.009469,0.021009,0.19618
370,T370_UAV_3,BS_2,HAP_2,657.923219,657.724006,0.031672,0.028205,0.196677
370,T370_UAV_11,BS_4,BS_0,464.858531,464.59536,0.039013,0.064677,0.297409
370,T370_UAV_8,BS_1,HAP_0,591.457972,591.211622,0.028006,0.024896,0.467241
370,T370_UAV_13,BS_1,LEO_1,773.293995,773.234695,0.00612,0.014494,0.193428
370,T370_UAV_6,BS_3,BS_2,590.265519,590.025779,0.046848,0.033908,0.294916
370,T370_UAV_0,BS_2,LEO_0,637.928414,637.871421,0.011698,0.006059,0.19618
370,T370_UAV_17,BS_3,HAP_2,900.816736,900.635242,0.033614,0.008545,0.196677
370,T370_UAV_14,BS_0,LEO_1,1032.575838,1032.503804,0.009206,0.024143,0.193428
371,T371_UAV_13,BS_1,LEO_1,334.363345,334.147858,0.043117,0.014681,0.288449
371,T371_UAV_11,BS_4,LEO_0,524.880782,524.795487,0.009268,0.01813,0.28949
371,T371_UAV_9,BS_1,HAP_0,421.302621,421.065932,0.026605,0.042924,0.335796
371,T371_UAV_19,BS_0,HAP_1,447.671594,447.477625,0.027675,0.016301,0.249964
371,T371_UAV_14,BS_0,HAP_2,487.59949,487.395868,0.029575,0.018458,0.277946
371,T371_UAV_4,BS_3,LEO_1,679.363526,679.137695,0.048079,0.020062,0.288449
371,T371_UAV_18,BS_2,LEO_0,704.624178,704.535951,0.013796,0.016534,0.28949
371,T371_UAV_8,BS_1,HAP_1,535.91814,535.727013,0.029771,0.011363,0.249964
371,T371_UAV_5,BS_3,HAP_0,571.03726,570.789096,0.029567,0.051437,0.335796
371,T371_UAV_17,BS_3,LEO_1,775.947333,775.731429,0.049528,0.008686,0.288449
371,T371_UAV_0,BS_2,LEO_0,796.767227,796.686204,0.014615,0.008509,0.28949
371,T371_UAV_7,BS_4,HAP_2,640.84376,640.63944,0.031634,0.017097,0.277946
371,T371_UAV_16,BS_4,BS_3,669.74679,669.484027,0.051812,0.050746,0.301026
371,T371_UAV_15,BS_1,BS_4,784.216676,783.967507,0.058963,0.018206,0.359995
371,T371_UAV_6,BS_3,LEO_1,983.715438,983.489274,0.051858,0.016617,0.288449
371,T371_UAV_1,BS_0,LEO_0,1007.121543,1007.036769,0.014193,0.012682,0.28949
372,T372_UAV_7,BS_4,HAP_0,917.294778,917.104945,0.028951,0.021656,0.196131
372,T372_UAV_19,BS_0,LEO_1,410.724434,410.658962,0.005213,0.019595,0.20332
372,T372_UAV_13,BS_1,LEO_0,346.911006,346.806207,0.009367,0.024371,0.3553
372,T372_UAV_16,BS_4,HAP_0,986.789925,986.600475,0.028685,0.021539,0.196131
372,T372_UAV_15,BS_1,HAP_1,460.678327,460.493937,0.029811,0.013192,0.206935
372,T372_UAV_3,BS_2,HAP_2,287.919333,287.835753,0.005427,0.030515,0.238192
372,T372_UAV_8,BS_1,LEO_1,612.974367,612.914746,0.008133,0.010824,0.20332
372,T372_UAV_18,BS_2,LEO_0,418.943081,418.838873,0.015376,0.017772,0.3553
372,T372_UAV_11,BS_4,HAP_0,1290.859115,1290.661775,0.030003,0.02811,0.196131
372,T372_UAV_4,BS_3,HAP_0,1335.839136,1335.628988,0.031642,0.03928,0.196131
372,T372_UAV_2,BS_1,LEO_1,698.926856,698.860813,0.010035,0.015344,0.20332
372,T372_UAV_14,BS_0,HAP_1,742.510187,742.317204,0.030274,0.021323,0.206935
372,T372_UAV_10,BS_4,HAP_0,1495.790816,1495.594674,0.030784,0.026131,0.196131
372,T372_UAV_0,BS_2,HAP_0,1700.96073,1700.751494,0.031584,0.038427,0.196131
372,T372_UAV_12,BS_4,HAP_0,2023.476596,2023.274115,0.033216,0.030038,0.196131
372,T372_UAV_9,BS_1,HAP_0,2689.337933,2689.133309,0.032723,0.032675,0.196131
372,T372_UAV_6,BS_3,HAP_0,2771.271352,2771.070272,0.038669,0.023184,0.196131
373,T373_UAV_17,BS_3,LEO_1,293.30122,293.231363,0.004576,0.004973,0.301542
373,T373_UAV_14,BS_0,LEO_0,630.69487,630.515182,0.047242,0.003844,0.143006
373,T373_UAV_10,BS_4,HAP_1,352.433087,352.358284,0.003176,0.027833,0.218968
373,T373_UAV_5,BS_3,HAP_0,399.644241,399.395674,0.02821,0.034183,0.430871
373,T373_UAV_18,BS_2,HAP_2,401.499004,401.300232,0.030454,0.024697,0.218106
373,T373_UAV_19,BS_0,LEO_0,677.884943,677.702023,0.04738,0.006939,0.143006
373,T373_UAV_13,BS_1,LEO_1,425.923369,425.846627,0.004979,0.011454,0.301542
373,T373_UAV_4,BS_3,LEO_0,769.315822,769.125893,0.049536,0.011792,0.143006
373,T373_UAV_12,BS_4,HAP_1,410.645173,410.579735,0.003266,0.018379,0.218968
373,T373_UAV_15,BS_1,HAP_2,413.607267,413.412004,0.029817,0.021824,0.218106
373,T373_UAV_1,BS_0,LEO_1,652.618907,652.531513,0.00745,0.019635,0.301542
373,T373_UAV_3,BS_2,HAP_0,660.374374,660.100923,0.030156,0.057121,0.430871
373,T373_UAV_16,BS_4,BS_0,665.396529,665.198953,0.051544,0.011936,0.170478
373,T373_UAV_0,BS_2,BS_3,677.518728,677.268868,0.052298,0.034247,0.316574
373,T373_UAV_2,BS_1,LEO_0,1410.400035,1410.202173,0.057682,0.011579,0.143006
373,T373_UAV_7,BS_4,LEO_0,1417.783265,1417.592832,0.057115,0.004716,0.143006
373,T373_UAV_6,BS_3,LEO_0,1569.451771,1569.25679,0.059777,0.006602,0.143006
374,T374_UAV_3,BS_2,LEO_1,300.936057,300.741706,0.043805,0.014283,0.181311
374,T374_UAV_12,BS_4,LEO_0,297.439589,297.227509,0.046338,0.006224,0.297592
374,T374_UAV_8,BS_1,HAP_1,299.349742,299.271342,0.002677,0.02269,0.265161
374,T374_UAV_11,BS_4,HAP_0,347.782465,347.541802,0.027003,0.03568,0.389901
374,T374_UAV_14,BS_0,HAP_2,392.235086,392.166166,0.00369,0.019431,0.228994
374,T374_UAV_17,BS_3,LEO_1,469.635136,469.428449,0.045753,0.024672,0.181311
374,T374_UAV_10,BS_4,LEO_0,522.172645,521.956901,0.051565,0.004661,0.297592
374,T374_UAV_6,BS_3,HAP_1,574.172547,574.098502,0.004156,0.016857,0.265161
374,T374_UAV_1,BS_0,LEO_1,817.687164,817.481829,0.047447,0.021625,0.181311
374,T374_UAV_9,BS_1,HAP_0,629.973111,629.728458,0.027407,0.039266,0.389901
374,T374_UAV_19,BS_0,HAP_2,691.905464,691.841594,0.005827,0.012245,0.228994
374,T374_UAV_16,BS_4,LEO_0,700.64152,700.408153,0.055152,0.018697,0.297592
374,T374_UAV_7,BS_4,BS_3,746.492432,746.213275,0.056605,0.035478,0.435371
374,T374_UAV_0,BS_2,LEO_1,1060.314724,1060.108227,0.052678,0.017557,0.181311
375,T375_UAV_0,BS_2,LEO_1,244.699807,244.646182,0.003718,0.007502,0.212031
375,T375_UAV_15,BS_1,LEO_0,513.541846,513.332966,0.047466,0.024045,0.186847
375,T375_UAV_2,BS_1,LEO_0,558.886611,558.681724,0.048142,0.019376,0.186847
375,T375_UAV_8,BS_1,HAP_0,234.330111,234.141201,0.02646,0.018009,0.222207
375,T375_UAV_18,BS_2,HAP_1,249.294618,249.214548,0.003764,0.005914,0.351966
375,T375_UAV_4,BS_0,HAP_2,298.039509,297.960561,0.004789,0.016632,0.287637
375,T375_UAV_17,BS_3,LEO_0,624.331149,624.137003,0.049287,0.00749,0.186847
375,T375_UAV_10,BS_4,LEO_1,698.826424,698.761887,0.009927,0.012203,0.212031
375,T375_UAV_6,BS_3,LEO_1,795.339013,795.272574,0.012224,0.011809,0.212031
375,T375_UAV_12,BS_4,LEO_0,1117.738573,1117.535144,0.055372,0.010688,0.186847
375,T375_UAV_5,BS_3,LEO_0,1165.958915,1165.752296,0.057008,0.012242,0.186847
376,T376_UAV_10,BS_4,LEO_1,295.684406,295.602729,0.003315,0.023652,0.273552
376,T376_UAV_16,BS_4,LEO_0,463.725432,463.519626,0.046448,0.021497,0.189305
376,T376_UAV_0,BS_2,HAP_1,589.272583,589.101173,0.029557,0.016157,0.128479
376,T376_UAV_1,BS_0,HAP_0,359.162272,358.946492,0.027388,0.038856,0.247685
376,T376_UAV_5,BS_3,HAP_2,408.95262,408.853551,0.004571,0.025404,0.345468
376,T376_UAV_18,BS_2,LEO_0,523.813548,523.617554,0.048422,0.009711,0.189305
376,T376_UAV_14,BS_0,LEO_1,586.771784,586.6966,0.006225,0.014249,0.273552
376,T376_UAV_17,BS_3,HAP_1,776.431517,776.256045,0.029585,0.020191,0.128479
376,T376_UAV_3,BS_3,LEO_1,621.029414,620.945948,0.007873,0.020883,0.273552
376,T376_UAV_15,BS_1,HAP_0,483.005536,482.808562,0.027431,0.020007,0.247685
376,T376_UAV_6,BS_3,HAP_2,573.522765,573.425083,0.006496,0.022093,0.345468
376,T376_UAV_13,BS_1,LEO_0,969.203046,968.994066,0.051776,0.019343,0.189305
376,T376_UAV_7,BS_4,BS_3,694.447089,694.22031,0.053357,0.016719,0.283516
376,T376_UAV_12,BS_4,LEO_0,984.190719,983.991468,0.053534,0.007856,0.189305
376,T376_UAV_2,BS_1,BS_4,770.576359,770.299901,0.05811,0.051942,0.332036
376,T376_UAV_4,BS_0,HAP_1,1287.93009,1287.753652,0.031998,0.018744,0.128479
376,T376_UAV_9,BS_1,LEO_1,969.981826,969.901854,0.009523,0.015738,0.273552
376,T376_UAV_11,BS_4,LEO_0,1186.743536,1186.531657,0.057332,0.016685,0.189305
376,T376_UAV_19,BS_0,HAP_1,1432.37285,1432.190144,0.032026,0.024984,0.128479
377,T377_UAV_12,BS_4,LEO_1,243.873965,243.783508,0.003355,0.014853,0.361246
377,T377_UAV_5,BS_3,LEO_0,278.837889,278.778906,0.006345,0.006334,0.231519
377,T377_UAV_2,BS_1,HAP_0,310.738794,310.675663,0.00153,0.02065,0.204754
377,T377_UAV_16,BS_4,HAP_2,704.299097,704.128432,0.031096,0.018508,0.105304
377,T377_UAV_14,BS_0,HAP_1,241.251898,241.018937,0.02729,0.020862,0.424049
377,T377_UAV_13,BS_1,LEO_0,511.430844,511.361266,0.009563,0.013711,0.231519
377,T377_UAV_6,BS_3,LEO_1,572.656226,572.556485,0.008814,0.018678,0.361246
377,T377_UAV_11,BS_4,HAP_0,516.556636,516.489656,0.002982,0.023048,0.204754
377,T377_UAV_4,BS_0,HAP_2,825.749262,825.582452,0.032436,0.013314,0.105304
377,T377_UAV_9,BS_1,LEO_1,642.237501,642.151307,0.007934,0.00601,0.361246
377,T377_UAV_17,BS_3,LEO_0,689.907086,689.832524,0.016017,0.012241,0.231519
377,T377_UAV_18,BS_2,HAP_2,1200.340907,1200.173732,0.038117,0.007997,0.105304
378,T378_UAV_16,BS_4,LEO_1,235.732203,235.531079,0.043239,0.013771,0.220566
378,T378_UAV_2,BS_1,LEO_0,239.189363,238.989082,0.045419,0.007164,0.238492
378,T378_UAV_1,BS_0,HAP_0,271.610702,271.547512,0.001811,0.008052,0.26664
378,T378_UAV_11,BS_4,HAP_1,311.313323,311.091787,0.027952,0.028561,0.325114
378,T378_UAV_15,BS_1,HAP_2,355.356546,355.167666,0.029115,0.018473,0.206455
378,T378_UAV_0,BS_2,LEO_1,420.881725,420.6838,0.04639,0.007422,0.220566
378,T378_UAV_9,BS_1,LEO_0,423.166953,422.960435,0.048515,0.010304,0.238492
378,T378_UAV_13,BS_1,HAP_0,427.078196,427.00726,0.002303,0.015305,0.26664
378,T378_UAV_12,BS_4,HAP_1,430.97121,430.761883,0.028439,0.015865,0.325114
378,T378_UAV_19,BS_0,LEO_1,537.176024,536.974739,0.04679,0.010382,0.220566
378,T378_UAV_8,BS_1,LEO_0,561.726909,561.51349,0.051805,0.013915,0.238492
378,T378_UAV_4,BS_0,HAP_2,640.759697,640.566699,0.031976,0.019731,0.206455
378,T378_UAV_3,BS_3,BS_4,700.403884,700.1174,0.053725,0.080307,0.262257
378,T378_UAV_14,BS_0,BS_3,743.980866,743.723948,0.05645,0.034731,0.328689
378,T378_UAV_6,BS_3,BS_2,768.855024,768.619044,0.058005,0.02365,0.271623
378,T378_UAV_17,BS_3,BS_1,777.771558,777.489106,0.058559,0.062722,0.305851
379,T379_UAV_4,BS_0,LEO_1,325.50587,325.449393,0.004894,0.009253,0.211648
379,T379_UAV_14,BS_0,LEO_0,242.547286,242.4851,0.007234,0.013833,0.205597
379,T379_UAV_8,BS_1,HAP_2,644.642229,644.59286,0.004409,0.005219,0.198703
379,T379_UAV_2,BS_1,HAP_1,393.24566,393.16849,0.004211,0.021389,0.257843
379,T379_UAV_6,BS_3,HAP_0,411.694601,411.495974,0.028403,0.030149,0.200377
379,T379_UAV_13,BS_1,HAP_2,833.879682,833.818818,0.004764,0.016359,0.198703
379,T379_UAV_12,BS_4,LEO_1,567.143926,567.088445,0.007802,0.005349,0.211648
379,T379_UAV_18,BS_2,LEO_0,399.651224,399.583242,0.014622,0.012241,0.205597
379,T379_UAV_15,BS_1,HAP_1,608.918314,608.832474,0.006337,0.027935,0.257843
379,T379_UAV_16,BS_4,LEO_1,629.125706,629.070654,0.008677,0.004046,0.211648
379,T379_UAV_10,BS_4,HAP_0,705.825364,705.63186,0.029038,0.024391,0.200377
379,T379_UAV_19,BS_0,HAP_2,1176.816555,1176.750904,0.007037,0.018874,0.198703
379,T379_UAV_5,BS_3,HAP_2,1313.49943,1313.446081,0.009777,0.003832,0.198703
379,T379_UAV_1,BS_0,HAP_2,1753.863199,1753.803739,0.009369,0.01035,0.198703
380,T380_UAV_2,BS_1,LEO_1,289.276021,289.196642,0.003272,0.019502,0.283024
380,T380_UAV_6,BS_3,LEO_0,262.094354,261.902308,0.046,0.004971,0.205373
380,T380_UAV_5,BS_3,HAP_0,317.681047,317.622823,0.002596,0.006992,0.243176
380,T380_UAV_9,BS_1,HAP_1,342.733559,342.669519,0.003392,0.008596,0.260265
380,T380_UAV_13,BS_1,HAP_2,377.347918,377.149973,0.027979,0.011838,0.290643
380,T380_UAV_15,BS_1,LEO_1,649.591511,649.512851,0.007336,0.014719,0.283024
380,T380_UAV_11,BS_2,LEO_0,507.481928,507.281508,0.051555,0.007791,0.205373
380,T380_UAV_10,BS_4,HAP_0,520.191354,520.110879,0.002976,0.028863,0.243176
380,T380_UAV_17,BS_3,HAP_1,598.469675,598.398741,0.004495,0.014387,0.260265
380,T380_UAV_7,BS_4,LEO_1,892.403852,892.324093,0.010091,0.013064,0.283024
380,T380_UAV_18,BS_2,LEO_0,712.578454,712.361722,0.057938,0.017719,0.205373
380,T380_UAV_19,BS_0,HAP_2,715.452408,715.239082,0.031007,0.024189,0.290643
380,T380_UAV_0,BS_2,BS_3,721.277955,721.005276,0.05503,0.027597,0.450261
380,T380_UAV_4,BS_0,BS_4,765.706134,765.342072,0.0578,0.092984,0.56639
380,T380_UAV_1,BS_0,BS_1,772.05486,771.764739,0.058201,0.062741,0.345894
380,T380_UAV_14,BS_0,LEO_1,1053.548284,1053.4718,0.011186,0.008693,0.283024
381,T381_UAV_11,BS_2,LEO_1,405.327925,405.14065,0.044675,0.004212,0.191941
381,T381_UAV_7,BS_4,LEO_0,334.389299,334.31235,0.007336,0.022447,0.235833
381,T381_UAV_9,BS_1,HAP_1,489.577435,489.38709,0.029043,0.022229,0.195365
381,T381_UAV_1,BS_0,HAP_2,334.201882,334.029529,0.027427,0.005812,0.195577
381,T381_UAV_3,BS_3,HAP_0,345.026618,344.963524,0.002713,0.005726,0.273273
381,T381_UAV_4,BS_0,LEO_1,483.969256,483.767472,0.045719,0.017677,0.191941
381,T381_UAV_15,BS_1,LEO_0,408.960853,408.90058,0.009246,0.003859,0.235833
381,T381_UAV_12,BS_4,HAP_1,721.988558,721.81204,0.029944,0.0075,0.195365
381,T381_UAV_14,BS_0,LEO_1,677.4262,677.226515,0.047185,0.014111,0.191941
381,T381_UAV_2,BS_1,HAP_2,532.121196,531.924916,0.031237,0.025927,0.195577
381,T381_UAV_6,BS_3,HAP_0,578.031976,577.959425,0.004794,0.013101,0.273273
381,T381_UAV_13,BS_1,LEO_0,590.912484,590.848217,0.010999,0.006102,0.235833
381,T381_UAV_10,BS_4,BS_3,731.793798,731.560297,0.05569,0.019035,0.293883
381,T381_UAV_5,BS_3,BS_2,762.613634,762.381844,0.057615,0.019102,0.275366
381,T381_UAV_8,BS_1,LEO_1,845.88525,845.674936,0.048876,0.02305,0.191941
381,T381_UAV_17,BS_3,HAP_1,1005.385436,1005.201596,0.03149,0.013277,0.195365
382,T382_UAV_18,BS_2,LEO_1,302.538818,302.331536,0.043923,0.013076,0.251415
382,T382_UAV_17,BS_3,LEO_0,401.877625,401.801858,0.009302,0.006348,0.300584
382,T382_UAV_14,BS_0,HAP_0,434.931018,434.839315,0.002866,0.021417,0.3371
382,T382_UAV_15,BS_1,HAP_1,439.741038,439.558017,0.029561,0.011172,0.211443
382,T382_UAV_2,BS_1,HAP_2,439.212141,439.159098,0.005147,0.006456,0.207196
382,T382_UAV_19,BS_0,LEO_1,589.32178,589.105328,0.045907,0.020262,0.251415
382,T382_UAV_10,BS_4,LEO_0,456.282513,456.202276,0.010048,0.010072,0.300584
382,T382_UAV_6,BS_3,HAP_1,442.832577,442.655208,0.028218,0.006862,0.211443
382,T382_UAV_5,BS_3,LEO_1,615.277381,615.072284,0.047393,0.007422,0.251415
382,T382_UAV_11,BS_2,HAP_0,480.3021,480.217102,0.002774,0.014804,0.3371
382,T382_UAV_3,BS_3,LEO_0,595.267353,595.187177,0.014371,0.005687,0.300584
382,T382_UAV_7,BS_4,HAP_2,605.033938,604.979676,0.006351,0.006472,0.207196
382,T382_UAV_8,BS_1,BS_3,617.743092,617.501608,0.048565,0.026749,0.330853
382,T382_UAV_9,BS_1,BS_4,666.074243,665.831336,0.051584,0.030924,0.301993
382,T382_UAV_0,BS_2,LEO_1,815.422057,815.202425,0.049775,0.019574,0.251415
383,T383_UAV_4,BS_0,LEO_1,174.908901,174.710626,0.04371,0.013406,0.20579
383,T383_UAV_18,BS_2,LEO_0,184.55921,184.465309,0.006738,0.020951,0.331061
383,T383_UAV_9,BS_1,HAP_1,1254.214166,1254.146862,0.007254,0.023119,0.184653
383,T383_UAV_15,BS_1,HAP_0,321.834282,321.64721,0.026605,0.015631,0.224184
383,T383_UAV_12,BS_4,LEO_1,235.676559,235.459004,0.044567,0.031829,0.20579
383,T383_UAV_5,BS_3,HAP_2,286.311039,286.224992,0.004742,0.018045,0.316297
383,T383_UAV_13,BS_1,HAP_1,1428.381024,1428.324884,0.006937,0.012272,0.184653
383,T383_UAV_2,BS_1,LEO_0,455.266481,455.180723,0.014926,0.00462,0.331061
383,T383_UAV_8,BS_1,HAP_1,1932.791903,1932.737468,0.010514,0.00699,0.184653
383,T383_UAV_11,BS_2,HAP_0,780.047571,779.859537,0.029503,0.013694,0.224184
383,T383_UAV_3,BS_3,HAP_1,1979.668623,1979.596036,0.01036,0.025297,0.184653
383,T383_UAV_6,BS_3,HAP_1,2221.447707,2221.382445,0.01042,0.017912,0.184653
383,T383_UAV_14,BS_0,HAP_1,2362.267953,2362.195615,0.010953,0.024454,0.184653
383,T383_UAV_19,BS_0,HAP_1,2582.901233,2582.832512,0.010736,0.021054,0.184653
383,T383_UAV_7,BS_4,HAP_1,2808.725484,2808.667894,0.013736,0.006922,0.184653
384,T384_UAV_8,BS_1,LEO_0,440.653791,440.473477,0.045143,0.012056,0.115576
384,T384_UAV_7,BS_4,LEO_1,312.642414,312.58037,0.003546,0.007201,0.256488
384,T384_UAV_16,BS_4,HAP_0,257.977605,257.911868,0.00143,0.022579,0.208637
384,T384_UAV_9,BS_1,HAP_1,337.11349,336.868501,0.028333,0.031485,0.425855
384,T384_UAV_17,BS_3,HAP_2,394.882327,394.672188,0.029537,0.017236,0.316829
384,T384_UAV_6,BS_3,LEO_0,775.071819,774.881811,0.049824,0.017069,0.115576
384,T384_UAV_3,BS_3,LEO_1,576.995467,576.919034,0.007306,0.017829,0.256488
384,T384_UAV_1,BS_0,HAP_0,455.595062,455.541646,0.003049,0.008639,0.208637
384,T384_UAV_4,BS_0,LEO_1,726.3332,726.262928,0.008582,0.010392,0.256488
384,T384_UAV_13,BS_1,LEO_0,1158.094516,1157.909175,0.052062,0.010164,0.115576
384,T384_UAV_11,BS_2,BS_4,594.611322,594.378424,0.04712,0.032089,0.268445
384,T384_UAV_0,BS_2,HAP_1,701.553767,701.307584,0.03241,0.028602,0.425855
384,T384_UAV_18,BS_2,HAP_2,761.970344,761.766062,0.03528,0.005636,0.316829
384,T384_UAV_14,BS_0,LEO_0,1200.218467,1200.023499,0.05382,0.018033,0.115576
384,T384_UAV_12,BS_4,LEO_1,908.876785,908.795321,0.009885,0.020281,0.256488
384,T384_UAV_15,BS_1,LEO_0,1515.457901,1515.259596,0.058867,0.016323,0.115576
384,T384_UAV_5,BS_3,LEO_0,1546.549342,1546.362805,0.059421,0.004001,0.115576
385,T385_UAV_19,BS_0,LEO_1,255.251636,255.167884,0.003221,0.018623,0.309539
385,T385_UAV_15,BS_1,LEO_0,415.711081,415.488227,0.046006,0.023759,0.265443
385,T385_UAV_0,BS_2,HAP_2,523.344432,523.281313,0.004651,0.014734,0.218672
385,T385_UAV_4,BS_0,HAP_0,275.036354,274.962921,0.002301,0.00551,0.32811
385,T385_UAV_12,BS_4,HAP_1,278.442279,278.221111,0.027235,0.007821,0.43056
385,T385_UAV_5,BS_3,LEO_1,280.706307,280.634392,0.004294,0.005714,0.309539
385,T385_UAV_7,BS_4,LEO_0,585.983874,585.765613,0.048276,0.016897,0.265443
385,T385_UAV_13,BS_1,HAP_0,364.754686,364.673152,0.001984,0.013928,0.32811
385,T385_UAV_11,BS_2,LEO_1,388.951225,388.877565,0.005703,0.006049,0.309539
385,T385_UAV_2,BS_1,HAP_2,793.797225,793.726254,0.006685,0.020552,0.218672
385,T385_UAV_6,BS_3,HAP_1,403.779919,403.553384,0.027939,0.012483,0.43056
385,T385_UAV_17,BS_3,LEO_0,824.070468,823.859797,0.052194,0.005387,0.265443
385,T385_UAV_3,BS_3,BS_4,695.547353,695.297348,0.053424,0.036217,0.301818
385,T385_UAV_1,BS_0,LEO_0,904.397713,904.187943,0.050635,0.006046,0.265443
385,T385_UAV_16,BS_4,BS_3,724.908211,724.637658,0.055257,0.045074,0.351109
385,T385_UAV_8,BS_1,BS_0,728.139993,727.864908,0.055459,0.050076,0.347753
385,T385_UAV_9,BS_1,HAP_2,1128.889645,1128.820559,0.008191,0.017161,0.218672
385,T385_UAV_14,BS_0,LEO_0,1068.973851,1068.742085,0.054284,0.024394,0.265443
385,T385_UAV_18,BS_2,HAP_2,1574.664413,1574.583633,0.014923,0.022123,0.218672
386,T386_UAV_1,BS_0,LEO_1,365.044887,364.859764,0.042824,0.004003,0.191484
386,T386_UAV_10,BS_4,LEO_0,238.38181,238.149395,0.045211,0.032745,0.272295
386,T386_UAV_7,BS_4,HAP_0,261.131515,260.944008,0.026778,0.020529,0.201003
386,T386_UAV_8,BS_1,HAP_1,406.327217,406.159889,0.028105,0.013883,0.126701
386,T386_UAV_15,BS_1,HAP_2,452.76867,452.553547,0.0302,0.016696,0.341135
386,T386_UAV_18,BS_2,LEO_1,731.429699,731.234666,0.047914,0.008823,0.191484
386,T386_UAV_5,BS_3,LEO_0,470.526046,470.304388,0.050703,0.016495,0.272295
386,T386_UAV_16,BS_4,HAP_1,760.904209,760.741789,0.030646,0.006434,0.126701
386,T386_UAV_11,BS_2,LEO_1,876.221058,876.014252,0.048493,0.020016,0.191484
386,T386_UAV_19,BS_0,HAP_0,566.438265,566.240784,0.029021,0.02826,0.201003
386,T386_UAV_13,BS_1,LEO_0,588.179914,587.957624,0.050869,0.016962,0.272295
386,T386_UAV_2,BS_1,HAP_2,644.206399,643.970459,0.032501,0.035212,0.341135
386,T386_UAV_14,BS_0,BS_3,680.676546,680.35954,0.052491,0.067795,0.4836
386,T386_UAV_0,BS_2,LEO_1,927.999529,927.792962,0.049323,0.018946,0.191484
386,T386_UAV_9,BS_1,BS_4,730.268313,730.001882,0.055592,0.04555,0.326446
386,T386_UAV_12,BS_4,HAP_1,963.018612,962.823881,0.031625,0.037765,0.126701
386,T386_UAV_17,BS_3,LEO_1,1097.169178,1096.975729,0.051185,0.003967,0.191484
387,T387_UAV_4,BS_0,LEO_1,237.785204,237.705211,0.003557,0.026537,0.249492
387,T387_UAV_1,BS_0,LEO_0,263.970416,263.75627,0.044758,0.02828,0.20554
387,T387_UAV_10,BS_4,HAP_0,333.078807,333.025638,0.001899,0.010624,0.203229
387,T387_UAV_15,BS_1,HAP_1,334.331429,334.249468,0.00346,0.034016,0.222425
387,T387_UAV_0,BS_2,HAP_2,420.61949,420.406572,0.030233,0.02472,0.289825
387,T387_UAV_7,BS_4,LEO_1,420.613002,420.53832,0.006058,0.018727,0.249492
387,T387_UAV_5,BS_3,LEO_0,425.863338,425.650428,0.049687,0.022116,0.20554
387,T387_UAV_2,BS_1,HAP_0,557.126213,557.061608,0.002696,0.021263,0.203229
387,T387_UAV_13,BS_1,HAP_1,564.185727,564.106063,0.0043,0.030878,0.222425
387,T387_UAV_11,BS_2,LEO_1,566.278488,566.201116,0.008308,0.019165,0.249492
387,T387_UAV_12,BS_4,LEO_0,622.883492,622.674122,0.053291,0.01497,0.20554
387,T387_UAV_3,BS_3,HAP_2,642.151196,641.934646,0.032943,0.025642,0.289825
387,T387_UAV_14,BS_0,BS_3,653.939924,653.677146,0.050824,0.053782,0.290862
387,T387_UAV_17,BS_3,BS_2,706.43036,706.146756,0.054102,0.071251,0.291259
387,T387_UAV_19,BS_0,BS_4,748.331529,748.091593,0.056722,0.015872,0.336709
388,T388_UAV_1,BS_0,LEO_1,284.838671,284.769777,0.003271,0.008792,0.284154
388,T388_UAV_2,BS_1,LEO_0,322.865706,322.785815,0.007289,0.021051,0.257752
388,T388_UAV_18,BS_2,HAP_0,682.653203,682.480886,0.028574,0.006076,0.188337
388,T388_UAV_16,BS_4,HAP_1,334.353374,334.17013,0.027922,0.010939,0.221914
388,T388_UAV_19,BS_0,HAP_2,484.892742,484.830229,0.004064,0.008214,0.251178
388,T388_UAV_15,BS_1,LEO_1,513.061396,512.988965,0.007293,0.008308,0.284154
388,T388_UAV_12,BS_4,HAP_0,860.121245,859.946144,0.028971,0.008462,0.188337
388,T388_UAV_6,BS_3,LEO_0,516.857845,516.782916,0.01193,0.011449,0.257752
388,T388_UAV_8,BS_1,LEO_1,520.497736,520.412051,0.006892,0.021962,0.284154
388,T388_UAV_14,BS_0,HAP_1,559.861678,559.679909,0.029018,0.008368,0.221914
388,T388_UAV_9,BS_1,LEO_0,570.372456,570.288557,0.011562,0.020787,0.257752
388,T388_UAV_5,BS_3,HAP_2,573.503654,573.431026,0.006441,0.015951,0.251178
388,T388_UAV_7,BS_4,BS_3,650.221918,649.996503,0.050594,0.018973,0.279239
388,T388_UAV_3,BS_3,BS_4,690.016726,689.713028,0.053076,0.063808,0.434072
388,T388_UAV_17,BS_3,HAP_0,1632.97147,1632.786086,0.034571,0.013145,0.188337
388,T388_UAV_11,BS_2,HAP_0,1692.423416,1692.242726,0.03255,0.010473,0.188337
388,T388_UAV_4,BS_0,HAP_0,1853.176051,1852.989596,0.036051,0.012737,0.188337
389,T389_UAV_0,BS_2,LEO_0,319.69705,319.484422,0.047574,0.019548,0.227529
389,T389_UAV_15,BS_1,LEO_1,364.116857,364.029027,0.005171,0.015476,0.335915
389,T389_UAV_2,BS_1,HAP_1,733.989869,733.804931,0.029913,0.018057,0.184841
389,T389_UAV_5,BS_3,HAP_0,341.589535,341.388071,0.027844,0.015356,0.291319
389,T389_UAV_17,BS_3,HAP_2,426.039308,425.961133,0.004877,0.010689,0.313044
389,T389_UAV_18,BS_2,LEO_1,438.701521,438.609224,0.007237,0.017877,0.335915
389,T389_UAV_4,BS_0,LEO_0,629.459822,629.250657,0.05398,0.009679,0.227529
389,T389_UAV_16,BS_4,HAP_1,1264.34778,1264.171455,0.03234,0.007017,0.184841
389,T389_UAV_12,BS_4,LEO_1,634.208006,634.128295,0.008711,0.003817,0.335915
389,T389_UAV_6,BS_3,HAP_0,725.656891,725.454788,0.031062,0.012777,0.291319
389,T389_UAV_3,BS_3,HAP_2,778.896553,778.809555,0.009634,0.014755,0.313044
389,T389_UAV_8,BS_1,LEO_0,787.267742,787.052129,0.05656,0.013547,0.227529
389,T389_UAV_11,BS_2,HAP_1,1743.122934,1742.932342,0.035799,0.017824,0.184841
389,T389_UAV_13,BS_1,HAP_1,2081.924776,2081.732876,0.035909,0.019023,0.184841
389,T389_UAV_10,BS_4,HAP_1,2084.963152,2084.7751,0.037169,0.013915,0.184841
389,T389_UAV_14,BS_0,HAP_1,2139.272135,2139.090648,0.035751,0.008768,0.184841
390,T390_UAV_11,BS_2,LEO_1,495.392897,495.223805,0.043735,0.00401,0.106741
390,T390_UAV_19,BS_0,LEO_0,327.720879,327.647535,0.004971,0.017583,0.253947
390,T390_UAV_2,BS_1,HAP_0,313.984117,313.80185,0.026509,0.006404,0.246774
390,T390_UAV_17,BS_3,LEO_1,605.51981,605.349178,0.044772,0.004512,0.106741
390,T390_UAV_13,BS_1,HAP_1,365.491769,365.251076,0.027772,0.012655,0.501333
390,T390_UAV_12,BS_4,HAP_2,371.512717,371.43744,0.00374,0.004567,0.334848
390,T390_UAV_1,BS_0,LEO_0,446.906423,446.837405,0.006327,0.011902,0.253947
390,T390_UAV_3,BS_3,LEO_1,613.985442,613.81435,0.045013,0.004732,0.106741
390,T390_UAV_9,BS_1,HAP_0,446.600918,446.401944,0.026727,0.022892,0.246774
390,T390_UAV_7,BS_4,HAP_1,473.468148,473.227884,0.02867,0.011327,0.501333
390,T390_UAV_10,BS_4,LEO_1,939.732406,939.544879,0.046801,0.019378,0.106741
390,T390_UAV_14,BS_0,LEO_0,815.528677,815.445297,0.013174,0.019416,0.253947
390,T390_UAV_15,BS_1,HAP_2,730.017074,729.937079,0.008359,0.004666,0.334848
390,T390_UAV_6,BS_3,LEO_1,1154.503598,1154.329904,0.049151,0.003194,0.106741
390,T390_UAV_4,BS_0,LEO_0,858.075245,857.991354,0.014814,0.018288,0.253947
390,T390_UAV_16,BS_4,LEO_1,1567.269362,1567.093399,0.051211,0.003404,0.106741
390,T390_UAV_8,BS_1,LEO_1,1836.421719,1836.240341,0.052685,0.007345,0.106741
391,T391_UAV_8,BS_1,LEO_1,213.173633,212.916359,0.04281,0.034867,0.397986
391,T391_UAV_9,BS_1,LEO_0,378.950297,378.750963,0.045982,0.010247,0.215529
391,T391_UAV_5,BS_3,HAP_0,455.911101,455.855174,0.00325,0.010209,0.212337
391,T391_UAV_14,BS_0,HAP_2,673.443745,673.265988,0.029786,0.016017,0.159774
391,T391_UAV_16,BS_4,HAP_1,365.529429,365.300397,0.028184,0.027377,0.36735
391,T391_UAV_3,BS_3,LEO_1,390.574241,390.327077,0.046273,0.021294,0.397986
391,T391_UAV_18,BS_2,LEO_0,549.623301,549.401184,0.050653,0.028358,0.215529
391,T391_UAV_1,BS_0,HAP_2,804.687702,804.511196,0.029619,0.014931,0.159774
391,T391_UAV_6,BS_3,HAP_0,668.284915,668.224073,0.004764,0.01361,0.212337
391,T391_UAV_11,BS_2,LEO_0,745.832268,745.630872,0.053225,0.005066,0.215529
391,T391_UAV_2,BS_1,BS_2,580.043134,579.823119,0.046211,0.014232,0.297862
391,T391_UAV_12,BS_4,HAP_1,669.974523,669.753715,0.030417,0.01692,0.36735
391,T391_UAV_7,BS_4,LEO_1,723.614534,723.3572,0.050446,0.027291,0.397986
391,T391_UAV_10,BS_4,BS_3,751.503527,751.221789,0.056918,0.055423,0.346987
391,T391_UAV_19,BS_0,LEO_0,914.938806,914.73488,0.053867,0.006952,0.215529
391,T391_UAV_15,BS_1,HAP_2,1232.110088,1231.931737,0.035204,0.011193,0.159774
391,T391_UAV_4,BS_0,HAP_0,1193.334839,1193.276796,0.008519,0.007056,0.212337
391,T391_UAV_13,BS_1,HAP_2,1359.74765,1359.557004,0.033159,0.025532,0.159774
392,T392_UAV_12,BS_4,LEO_1,331.776137,331.568413,0.043595,0.006519,0.288056
392,T392_UAV_17,BS_3,LEO_0,333.925401,333.872908,0.005963,0.004724,0.209029
392,T392_UAV_4,BS_0,HAP_0,427.998264,427.922009,0.003056,0.01992,0.266389
392,T392_UAV_2,BS_1,HAP_1,340.762648,340.57338,0.028611,0.01361,0.235235
392,T392_UAV_5,BS_3,HAP_2,391.835034,391.619542,0.029401,0.017084,0.345034
392,T392_UAV_0,BS_2,LEO_1,462.469431,462.247743,0.045542,0.018534,0.288056
392,T392_UAV_13,BS_1,LEO_0,548.532816,548.461176,0.007882,0.021952,0.209029
392,T392_UAV_9,BS_1,HAP_0,711.570422,711.510049,0.002532,0.004564,0.266389
392,T392_UAV_19,BS_0,HAP_1,549.135044,548.940461,0.028421,0.019115,0.235235
392,T392_UAV_11,BS_2,LEO_1,753.74698,753.511965,0.048726,0.028678,0.288056
392,T392_UAV_15,BS_1,LEO_0,788.227583,788.157357,0.013746,0.014675,0.209029
392,T392_UAV_8,BS_1,HAP_2,597.242064,597.017753,0.031005,0.024299,0.345034
392,T392_UAV_10,BS_4,BS_3,628.244726,627.963833,0.049218,0.053726,0.389748
392,T392_UAV_18,BS_2,BS_4,709.727951,709.472331,0.05431,0.029613,0.358488
392,T392_UAV_14,BS_0,BS_1,782.844399,782.599995,0.058878,0.01492,0.35303
392,T392_UAV_1,BS_0,LEO_1,886.947567,886.726154,0.048135,0.015667,0.288056
392,T392_UAV_6,BS_3,LEO_0,918.528585,918.445849,0.01649,0.02444,0.209029
392,T392_UAV_7,BS_4,HAP_0,1120.636788,1120.554941,0.006693,0.021877,0.266389
393,T393_UAV_19,BS_0,LEO_1,214.04466,213.831201,0.042681,0.02599,0.223939
393,T393_UAV_17,BS_3,LEO_0,352.478411,352.272354,0.048088,0.012773,0.225977
393,T393_UAV_12,BS_4,HAP_1,1029.700791,1029.526901,0.030402,0.008784,0.173522
393,T393_UAV_11,BS_2,HAP_0,354.085078,354.002943,0.002048,0.012958,0.335644
393,T393_UAV_1,BS_0,HAP_2,354.000799,353.818202,0.027585,0.009219,0.228965
393,T393_UAV_6,BS_3,HAP_1,1158.858752,1158.667436,0.030658,0.025954,0.173522
393,T393_UAV_13,BS_1,LEO_1,547.805992,547.60081,0.046233,0.014161,0.223939
393,T393_UAV_5,BS_3,LEO_0,592.702382,592.48328,0.053503,0.020405,0.225977
393,T393_UAV_2,BS_1,HAP_1,1269.094626,1268.881049,0.033034,0.045839,0.173522
393,T393_UAV_14,BS_0,LEO_1,608.196696,607.992462,0.048163,0.011282,0.223939
393,T393_UAV_4,BS_0,LEO_0,639.528219,639.324056,0.054167,0.004801,0.225977
393,T393_UAV_16,BS_4,HAP_0,643.603543,643.524486,0.003605,0.008323,0.335644
393,T393_UAV_18,BS_2,HAP_2,661.931186,661.742096,0.033874,0.009423,0.228965
393,T393_UAV_7,BS_4,HAP_1,1674.870155,1674.674565,0.033528,0.027357,0.173522
393,T393_UAV_8,BS_1,HAP_1,1761.51595,1761.309879,0.035063,0.036303,0.173522
393,T393_UAV_3,BS_3,HAP_1,2487.320324,2487.112217,0.038418,0.034985,0.173522
393,T393_UAV_0,BS_2,HAP_1,2494.996479,2494.800387,0.040708,0.02068,0.173522
394,T394_UAV_16,BS_4,LEO_1,331.12089,331.044958,0.003613,0.021388,0.254657
394,T394_UAV_11,BS_2,LEO_0,340.873144,340.813515,0.006055,0.013404,0.200847
394,T394_UAV_0,BS_2,HAP_0,304.107466,303.927642,0.02676,0.005519,0.237726
394,T394_UAV_2,BS_1,HAP_1,312.806908,312.526142,0.028308,0.050819,0.508195
394,T394_UAV_17,BS_3,HAP_2,315.621062,315.433845,0.028588,0.009335,0.246466
394,T394_UAV_12,BS_4,LEO_1,518.174374,518.096021,0.005627,0.021795,0.254657
394,T394_UAV_1,BS_0,LEO_0,544.816048,544.752098,0.007722,0.016059,0.200847
394,T394_UAV_10,BS_4,LEO_1,550.089165,550.008354,0.00606,0.023819,0.254657
394,T394_UAV_19,BS_0,HAP_0,415.915282,415.72112,0.027902,0.018715,0.237726
394,T394_UAV_15,BS_1,HAP_1,494.662661,494.405266,0.03009,0.025666,0.508195
394,T394_UAV_18,BS_2,LEO_0,778.324434,778.251692,0.015089,0.017483,0.200847
394,T394_UAV_3,BS_3,HAP_2,611.008352,610.811482,0.032533,0.015044,0.246466
394,T394_UAV_7,BS_4,BS_3,758.273608,758.014251,0.057342,0.025461,0.38277
394,T394_UAV_8,BS_1,BS_4,765.118189,764.871328,0.057771,0.032692,0.281988
394,T394_UAV_5,BS_3,BS_1,797.243782,796.962919,0.059775,0.048468,0.363097
394,T394_UAV_9,BS_1,LEO_1,1036.232324,1036.143414,0.010293,0.027685,0.254657
394,T394_UAV_14,BS_0,LEO_0,1059.534565,1059.472349,0.017133,0.004913,0.200847
395,T395_UAV_1,BS_0,LEO_1,241.055843,240.983394,0.002776,0.009581,0.300459
395,T395_UAV_13,BS_1,LEO_0,346.708174,346.644198,0.004965,0.006352,0.263297
395,T395_UAV_4,BS_0,HAP_0,262.951993,262.886906,0.00221,0.013755,0.245613
395,T395_UAV_8,BS_1,HAP_1,337.175332,336.957323,0.028088,0.024864,0.325287
395,T395_UAV_0,BS_2,HAP_2,347.762684,347.557835,0.029314,0.03318,0.211778
395,T395_UAV_18,BS_2,LEO_0,468.771811,468.695172,0.009084,0.014896,0.263297
395,T395_UAV_7,BS_4,LEO_1,370.852155,370.75994,0.005377,0.026746,0.300459
395,T395_UAV_15,BS_1,HAP_0,392.620463,392.563955,0.001934,0.005452,0.245613
395,T395_UAV_11,BS_2,LEO_1,406.653385,406.573641,0.005978,0.013674,0.300459
395,T395_UAV_17,BS_3,HAP_1,458.763138,458.54019,0.028354,0.029536,0.325287
395,T395_UAV_12,BS_4,LEO_0,710.96066,710.875527,0.011815,0.020658,0.263297
395,T395_UAV_5,BS_3,HAP_2,566.916476,566.716417,0.03138,0.026324,0.211778
395,T395_UAV_16,BS_4,BS_3,588.189976,587.968801,0.04672,0.013963,0.302463
395,T395_UAV_2,BS_1,BS_4,618.778535,618.52133,0.048628,0.041183,0.336968
395,T395_UAV_6,BS_3,BS_1,753.2261,752.913545,0.057024,0.080613,0.374594
395,T395_UAV_3,BS_3,BS_0,774.837583,774.570475,0.058376,0.015458,0.466371
395,T395_UAV_9,BS_1,LEO_0,927.868974,927.795051,0.01471,0.006553,0.263297
396,T396_UAV_2,BS_1,LEO_1,179.23772,179.14541,0.00358,0.013964,0.373829
396,T396_UAV_12,BS_4,HAP_2,731.860398,731.792978,0.004472,0.025271,0.188387
396,T396_UAV_4,BS_0,HAP_0,368.028046,367.964224,0.002632,0.006225,0.274821
396,T396_UAV_9,BS_1,HAP_1,268.260933,268.073945,0.027659,0.018835,0.202465
396,T396_UAV_17,BS_3,LEO_0,341.982577,341.888852,0.011358,0.006267,0.3805
396,T396_UAV_13,BS_1,HAP_2,814.336406,814.264155,0.004089,0.030484,0.188387
396,T396_UAV_10,BS_4,HAP_0,490.922764,490.861681,0.002472,0.003646,0.274821
396,T396_UAV_16,BS_4,HAP_1,357.680996,357.486272,0.0281,0.02613,0.202465
396,T396_UAV_3,BS_3,LEO_1,402.584602,402.4933,0.009235,0.0073,0.373829
396,T396_UAV_15,BS_1,LEO_0,489.725584,489.629516,0.015856,0.004112,0.3805
396,T396_UAV_5,BS_3,HAP_2,1224.697186,1224.639388,0.008089,0.012032,0.188387
396,T396_UAV_18,BS_2,BS_4,656.900697,656.652761,0.05101,0.045808,0.255585
396,T396_UAV_6,BS_3,BS_2,709.473314,709.244753,0.054296,0.016818,0.287239
396,T396_UAV_14,BS_0,HAP_2,1747.973835,1747.909155,0.010256,0.016747,0.188387
396,T396_UAV_8,BS_1,HAP_0,1105.876417,1105.796611,0.004842,0.02,0.274821
396,T396_UAV_0,BS_2,HAP_2,1877.601086,1877.52334,0.013265,0.026804,0.188387
396,T396_UAV_11,BS_2,HAP_2,2353.090142,2353.023215,0.015817,0.013433,0.188387
396,T396_UAV_1,BS_0,HAP_2,703.445803,703.398261,0.003434,0.00643,0.188387
397,T397_UAV_5,BS_3,LEO_1,276.594917,276.40337,0.043342,0.013003,0.176011
397,T397_UAV_8,BS_1,LEO_0,280.258244,280.084854,0.044584,0.005637,0.115849
397,T397_UAV_17,BS_3,HAP_1,389.510214,389.326081,0.027452,0.032185,0.122481
397,T397_UAV_15,BS_1,HAP_0,413.447632,413.266527,0.026824,0.007185,0.235481
397,T397_UAV_16,BS_4,HAP_2,290.902953,290.668745,0.028007,0.008554,0.488231
397,T397_UAV_14,BS_0,LEO_1,376.623082,376.43105,0.044006,0.012823,0.176011
397,T397_UAV_3,BS_3,LEO_0,451.025746,450.838514,0.048395,0.015667,0.115849
397,T397_UAV_10,BS_4,HAP_0,564.888648,564.694451,0.027841,0.01926,0.235481
397,T397_UAV_4,BS_0,HAP_1,580.784296,580.596056,0.02833,0.035413,0.122481
397,T397_UAV_7,BS_4,LEO_1,520.967425,520.768668,0.045965,0.01759,0.176011
397,T397_UAV_1,BS_0,LEO_0,627.183376,626.989931,0.048887,0.021388,0.115849
397,T397_UAV_6,BS_3,LEO_1,634.507464,634.308132,0.047776,0.016353,0.176011
397,T397_UAV_2,BS_1,BS_2,604.817529,604.573037,0.047757,0.03869,0.290228
397,T397_UAV_13,BS_1,HAP_2,642.573227,642.312197,0.029879,0.033504,0.488231
397,T397_UAV_18,BS_2,LEO_0,784.474303,784.285244,0.055178,0.010711,0.115849
397,T397_UAV_19,BS_0,HAP_1,999.058725,998.88856,0.030518,0.01515,0.122481
397,T397_UAV_0,BS_2,HAP_0,1028.380847,1028.197836,0.030278,0.005636,0.235481
398,T398_UAV_17,BS_3,LEO_1,278.062428,277.871587,0.044266,0.004588,0.209935
398,T398_UAV_0,BS_2,LEO_0,298.833673,298.626246,0.047071,0.011121,0.246175
398,T398_UAV_18,BS_2,HAP_0,321.053634,320.9959,0.002247,0.010585,0.224513
398,T398_UAV_6,BS_3,HAP_1,358.772372,358.559466,0.027629,0.039641,0.228182
398,T398_UAV_13,BS_1,HAP_2,438.379517,438.147513,0.028319,0.025112,0.392864
398,T398_UAV_3,BS_3,LEO_1,471.017241,470.814895,0.047562,0.012796,0.209935
398,T398_UAV_19,BS_0,LEO_0,509.525716,509.319597,0.049881,0.007003,0.246175
398,T398_UAV_14,BS_0,HAP_0,521.098285,521.020765,0.003415,0.029203,0.224513
398,T398_UAV_11,BS_2,HAP_1,561.620887,561.407414,0.030388,0.037448,0.228182
398,T398_UAV_16,BS_4,LEO_1,620.16489,619.965008,0.048545,0.00935,0.209935
398,T398_UAV_2,BS_1,LEO_0,626.756269,626.536114,0.054019,0.016901,0.246175
398,T398_UAV_12,BS_4,HAP_2,692.79235,692.551107,0.031975,0.030695,0.392864
398,T398_UAV_7,BS_4,BS_2,718.021877,717.793248,0.05483,0.026272,0.237638
399,T399_UAV_2,BS_1,LEO_1,288.249033,288.192864,0.003203,0.010422,0.212714
399,T399_UAV_9,BS_1,LEO_0,310.162551,309.953707,0.044914,0.015346,0.242922
399,T399_UAV_1,BS_0,HAP_1,366.685716,366.617499,0.002017,0.023596,0.213023
399,T399_UAV_11,BS_2,HAP_0,264.974933,264.794667,0.026531,0.006732,0.235016
399,T399_UAV_0,BS_2,HAP_2,290.713466,290.514975,0.0286,0.019977,0.249573
399,T399_UAV_4,BS_0,LEO_1,446.588319,446.5172,0.00523,0.023346,0.212714
399,T399_UAV_10,BS_4,LEO_0,563.524675,563.321633,0.049486,0.004973,0.242922
399,T399_UAV_13,BS_1,HAP_1,647.567067,647.495895,0.004196,0.024372,0.213023
399,T399_UAV_16,BS_4,LEO_1,634.041024,633.985873,0.00692,0.005688,0.212714
399,T399_UAV_7,BS_4,HAP_0,527.510979,527.310307,0.028646,0.025023,0.235016
399,T399_UAV_14,BS_0,LEO_0,804.22074,804.013373,0.053007,0.005777,0.242922
399,T399_UAV_8,BS_1,HAP_2,636.392779,636.181081,0.031417,0.030367,0.249573
399,T399_UAV_5,BS_3,BS_4,667.91416,667.690271,0.0517,0.012874,0.296579
399,T399_UAV_3,BS_3,BS_2,678.982679,678.726357,0.052389,0.045849,0.290421
399,T399_UAV_6,BS_3,LEO_1,968.077868,968.000525,0.011861,0.022939,0.212714
399,T399_UAV_19,BS_0,LEO_0,973.897295,973.684696,0.054747,0.009268,0.242922
399,T399_UAV_18,BS_2,HAP_1,1157.104969,1157.045171,0.009947,0.007247,0.213023
400,T400_UAV_9,BS_1,LEO_1,300.482499,300.421074,0.002996,0.005761,0.263341
400,T400_UAV_17,BS_3,LEO_0,227.841962,227.775718,0.005218,0.013076,0.239747
400,T400_UAV_0,BS_2,HAP_0,549.751124,549.691184,0.002462,0.017493,0.199922
400,T400_UAV_18,BS_2,HAP_1,267.386382,267.29953,0.002765,0.028353,0.278667
400,T400_UAV_5,BS_3,HAP_2,292.573771,292.374093,0.028296,0.022515,0.244332
400,T400_UAV_4,BS_0,LEO_1,434.89535,434.816554,0.00509,0.021038,0.263341
400,T400_UAV_14,BS_0,LEO_0,442.127928,442.048564,0.009196,0.022219,0.239747
400,T400_UAV_1,BS_0,HAP_0,891.1064,891.039969,0.004496,0.02195,0.199922
400,T400_UAV_3,BS_3,HAP_1,529.847005,529.758802,0.004428,0.028041,0.278667
400,T400_UAV_7,BS_4,LEO_1,776.427452,776.35661,0.008922,0.009251,0.263341
400,T400_UAV_6,BS_3,HAP_0,1018.932011,1018.870977,0.006064,0.014986,0.199922
400,T400_UAV_19,BS_0,LEO_0,625.157688,625.074218,0.012139,0.023381,0.239747
400,T400_UAV_2,BS_1,HAP_2,710.202024,709.986665,0.033113,0.03338,0.244332
400,T400_UAV_8,BS_1,HAP_0,1106.50846,1106.456066,0.004274,0.008136,0.199922
400,T400_UAV_15,BS_1,LEO_1,1054.165628,1054.089591,0.011739,0.011629,0.263341
400,T400_UAV_16,BS_4,HAP_0,1136.973249,1136.917958,0.004979,0.010327,0.199922
401,T401_UAV_0,BS_2,LEO_1,273.428756,273.227512,0.044153,0.013731,0.216798
401,T401_UAV_8,BS_1,LEO_0,336.457104,336.387194,0.007088,0.007836,0.27493
401,T401_UAV_6,BS_3,HAP_1,467.587548,467.490014,0.003431,0.022556,0.35773
401,T401_UAV_4,BS_0,HAP_0,475.863172,475.634576,0.029006,0.023886,0.378519
401,T401_UAV_2,BS_1,HAP_2,504.334885,504.281702,0.005758,0.006551,0.204373
401,T401_UAV_16,BS_4,LEO_1,512.284467,512.078387,0.047057,0.015664,0.216798
401,T401_UAV_7,BS_4,LEO_0,519.622093,519.551025,0.011554,0.004529,0.27493
401,T401_UAV_18,BS_2,LEO_1,527.457623,527.260153,0.048627,0.005484,0.216798
401,T401_UAV_14,BS_0,LEO_0,540.06284,539.990622,0.011236,0.005996,0.27493
401,T401_UAV_1,BS_0,HAP_1,614.937054,614.848705,0.003847,0.012955,0.35773
401,T401_UAV_9,BS_1,HAP_2,620.303543,620.24186,0.006111,0.014697,0.204373
401,T401_UAV_17,BS_3,HAP_0,629.209436,628.981984,0.030176,0.021573,0.378519
401,T401_UAV_13,BS_1,BS_3,662.527062,662.285791,0.051362,0.029596,0.301565
401,T401_UAV_12,BS_4,BS_1,765.073216,764.778944,0.057765,0.068764,0.338716
401,T401_UAV_10,BS_4,BS_0,778.881231,778.640183,0.058631,0.015873,0.33272
402,T402_UAV_18,BS_2,LEO_1,341.880805,341.694365,0.044385,0.004871,0.185922
402,T402_UAV_4,BS_0,LEO_0,388.401132,388.304794,0.008563,0.019361,0.342069
402,T402_UAV_5,BS_3,HAP_1,553.981613,553.800289,0.028353,0.028394,0.122889
402,T402_UAV_0,BS_2,HAP_0,393.354072,393.165129,0.027283,0.012293,0.246839
402,T402_UAV_3,BS_3,HAP_2,421.293331,421.092808,0.030173,0.022264,0.240434
402,T402_UAV_7,BS_4,LEO_1,550.652382,550.464913,0.046328,0.003957,0.185922
402,T402_UAV_15,BS_1,LEO_0,656.895574,656.795468,0.014659,0.017034,0.342069
402,T402_UAV_2,BS_1,HAP_1,941.004126,940.825542,0.033215,0.020791,0.122889
402,T402_UAV_14,BS_0,LEO_1,858.50273,858.289244,0.049149,0.027153,0.185922
402,T402_UAV_17,BS_3,HAP_0,667.3849,667.179429,0.030492,0.02561,0.246839
402,T402_UAV_1,BS_0,LEO_0,698.661472,698.564723,0.012684,0.015651,0.342069
402,T402_UAV_19,BS_0,HAP_2,778.797694,778.596752,0.031497,0.021357,0.240434
402,T402_UAV_13,BS_1,LEO_1,982.178787,981.978171,0.048832,0.014599,0.185922
402,T402_UAV_10,BS_4,HAP_1,1148.687017,1148.507733,0.033417,0.021288,0.122889
403,T403_UAV_4,BS_0,LEO_0,348.055081,347.875505,0.045949,0.008704,0.124615
403,T403_UAV_0,BS_2,LEO_1,307.754574,307.681984,0.004687,0.027063,0.204202
403,T403_UAV_12,BS_4,HAP_1,324.086629,324.019911,0.002653,0.016445,0.238094
403,T403_UAV_11,BS_2,HAP_0,345.577767,345.393751,0.026999,0.015608,0.20705
403,T403_UAV_7,BS_4,HAP_2,617.751338,617.571488,0.030493,0.011212,0.190721
403,T403_UAV_18,BS_2,LEO_0,556.997998,556.807888,0.050745,0.014441,0.124615
403,T403_UAV_13,BS_1,LEO_1,423.752206,423.694927,0.004767,0.011672,0.204202
403,T403_UAV_17,BS_3,HAP_1,480.271583,480.200973,0.003468,0.019524,0.238094
403,T403_UAV_8,BS_1,LEO_1,480.349323,480.296158,0.006351,0.005974,0.204202
403,T403_UAV_5,BS_3,LEO_0,735.96898,735.778168,0.053042,0.012847,0.124615
403,T403_UAV_14,BS_0,HAP_0,634.912688,634.718395,0.02915,0.023733,0.20705
403,T403_UAV_15,BS_1,HAP_2,1011.303257,1011.103146,0.034387,0.027579,0.190721
403,T403_UAV_16,BS_4,BS_3,684.602689,684.381651,0.052742,0.01141,0.284426
403,T403_UAV_2,BS_1,BS_4,731.542158,731.314486,0.055674,0.014728,0.28635
403,T403_UAV_9,BS_1,BS_0,771.096649,770.845872,0.058144,0.020763,0.359353
403,T403_UAV_6,BS_3,BS_1,785.285387,785.012681,0.059029,0.04359,0.350441
403,T403_UAV_19,BS_0,BS_2,790.144855,789.866651,0.059332,0.036783,0.410445
403,T403_UAV_3,BS_3,LEO_0,904.384758,904.189632,0.056822,0.013381,0.124615
403,T403_UAV_10,BS_4,HAP_2,1023.763344,1023.565751,0.0338,0.025649,0.190721
404,T404_UAV_9,BS_1,LEO_1,323.774646,323.584723,0.044064,0.008649,0.186049
404,T404_UAV_1,BS_0,LEO_0,346.922682,346.871801,0.006301,0.005117,0.197312
404,T404_UAV_14,BS_0,HAP_1,376.358263,376.163357,0.027729,0.021423,0.228769
404,T404_UAV_18,BS_2,HAP_0,379.228194,379.014209,0.02763,0.037841,0.242571
404,T404_UAV_13,BS_1,HAP_2,423.68894,423.617794,0.003168,0.024534,0.217226
404,T404_UAV_11,BS_2,LEO_1,391.346436,391.145864,0.045755,0.017607,0.186049
404,T404_UAV_7,BS_4,LEO_0,510.221561,510.16011,0.011368,0.01062,0.197312
404,T404_UAV_16,BS_4,HAP_0,536.538404,536.346419,0.02804,0.015431,0.242571
404,T404_UAV_10,BS_4,LEO_1,573.732137,573.532977,0.047902,0.014048,0.186049
404,T404_UAV_5,BS_3,HAP_1,597.052085,596.854371,0.029146,0.022814,0.228769
404,T404_UAV_6,BS_3,LEO_0,614.54897,614.492282,0.014189,0.003036,0.197312
404,T404_UAV_17,BS_3,HAP_2,745.638695,745.561113,0.008407,0.02573,0.217226
404,T404_UAV_15,BS_1,BS_3,766.230923,765.97052,0.057839,0.037582,0.324912
405,T405_UAV_6,BS_3,LEO_1,319.278478,319.23503,0.003897,0.00329,0.181299
405,T405_UAV_11,BS_2,LEO_0,402.27505,402.200882,0.007165,0.013887,0.26558
405,T405_UAV_2,BS_1,HAP_2,256.631641,256.458615,0.027907,0.006727,0.191958
405,T405_UAV_16,BS_4,HAP_0,336.091997,336.032197,0.001908,0.006091,0.259
405,T405_UAV_15,BS_1,LEO_1,343.327006,343.272851,0.003809,0.014086,0.181299
405,T405_UAV_0,BS_2,HAP_1,362.035542,361.860612,0.028773,0.00506,0.205483
405,T405_UAV_7,BS_4,LEO_0,494.117451,494.046441,0.008556,0.009338,0.26558
405,T405_UAV_8,BS_1,LEO_1,490.161356,490.10018,0.005135,0.01978,0.181299
405,T405_UAV_18,BS_2,HAP_0,376.873915,376.799416,0.002614,0.020085,0.259
405,T405_UAV_19,BS_0,HAP_1,418.26286,418.084793,0.027672,0.009298,0.205483
405,T405_UAV_13,BS_1,HAP_2,467.800884,467.608083,0.028485,0.025925,0.191958
405,T405_UAV_5,BS_3,LEO_0,655.412719,655.343354,0.011598,0.004652,0.26558
405,T405_UAV_12,BS_4,BS_3,713.163554,712.889544,0.054523,0.049386,0.350503
405,T405_UAV_4,BS_0,BS_2,718.853053,718.597747,0.05488,0.049017,0.257051
405,T405_UAV_17,BS_3,BS_0,730.903153,730.648047,0.055633,0.041024,0.292248
405,T405_UAV_9,BS_1,LEO_1,1001.285836,1001.235537,0.010017,0.004022,0.181299
405,T405_UAV_14,BS_0,LEO_0,1017.47745,1017.400442,0.016496,0.007396,0.26558
406,T406_UAV_2,BS_1,LEO_1,267.214791,267.131355,0.003731,0.01939,0.301575
406,T406_UAV_11,BS_2,LEO_0,279.47897,279.396883,0.006416,0.006956,0.343578
406,T406_UAV_15,BS_1,HAP_0,287.636639,287.562684,0.001398,0.017362,0.275973
406,T406_UAV_5,BS_3,HAP_1,299.963392,299.768617,0.027071,0.01781,0.249464
406,T406_UAV_17,BS_3,HAP_2,342.451453,342.244685,0.028846,0.035565,0.211782
406,T406_UAV_16,BS_4,LEO_1,367.833943,367.756131,0.005075,0.012422,0.301575
406,T406_UAV_14,BS_0,LEO_0,392.087401,392.006067,0.008167,0.004452,0.343578
406,T406_UAV_13,BS_1,HAP_0,423.537921,423.455043,0.002372,0.025311,0.275973
406,T406_UAV_1,BS_0,LEO_1,444.605057,444.530663,0.005142,0.008937,0.301575
406,T406_UAV_0,BS_2,HAP_1,524.188836,523.983277,0.030462,0.025204,0.249464
406,T406_UAV_18,BS_2,LEO_0,538.349598,538.257174,0.013412,0.010297,0.343578
406,T406_UAV_19,BS_0,HAP_2,563.551466,563.37256,0.029696,0.006853,0.211782
406,T406_UAV_3,BS_3,BS_4,576.05272,575.831989,0.045962,0.012129,0.3132
406,T406_UAV_12,BS_4,BS_3,678.77846,678.544315,0.052378,0.031249,0.25259
407,T407_UAV_9,BS_1,LEO_1,249.943258,249.860807,0.003151,0.012952,0.331739
407,T407_UAV_7,BS_4,LEO_0,368.80477,368.633203,0.046384,0.003827,0.106777
407,T407_UAV_0,BS_2,HAP_1,441.628021,441.564216,0.003822,0.022712,0.18635
407,T407_UAV_14,BS_0,HAP_0,344.979437,344.78581,0.02725,0.019877,0.232497
407,T407_UAV_11,BS_2,HAP_2,345.853281,345.777339,0.00402,0.025384,0.232691
407,T407_UAV_1,BS_0,LEO_0,468.600523,468.428396,0.046653,0.004118,0.106777
407,T407_UAV_17,BS_3,HAP_1,560.694226,560.640068,0.003481,0.013407,0.18635
407,T407_UAV_4,BS_0,LEO_0,522.560354,522.379562,0.048915,0.010522,0.106777
407,T407_UAV_19,BS_0,HAP_0,394.842386,394.641723,0.027679,0.026484,0.232497
407,T407_UAV_18,BS_2,LEO_1,625.71551,625.626854,0.010213,0.012095,0.331739
407,T407_UAV_10,BS_4,LEO_1,713.818242,713.72973,0.009815,0.012349,0.331739
407,T407_UAV_5,BS_3,LEO_0,774.593924,774.408249,0.053666,0.010653,0.106777
407,T407_UAV_12,BS_4,HAP_2,788.385752,788.310996,0.007952,0.020266,0.232691
407,T407_UAV_13,BS_1,BS_3,791.237478,790.992455,0.059402,0.027678,0.289712
407,T407_UAV_6,BS_3,HAP_1,882.314206,882.257497,0.005591,0.013847,0.18635
408,T408_UAV_13,BS_1,LEO_1,315.786959,315.608366,0.043523,0.011446,0.118118
408,T408_UAV_16,BS_4,LEO_0,348.020642,347.828299,0.047492,0.006959,0.189458
408,T408_UAV_19,BS_0,HAP_0,369.810137,369.734359,0.002508,0.021815,0.25728
408,T408_UAV_6,BS_3,HAP_1,458.557822,458.49096,0.003365,0.00609,0.287031
408,T408_UAV_11,BS_2,HAP_2,629.16413,629.067743,0.007318,0.026748,0.311605
408,T408_UAV_15,BS_1,LEO_1,586.730057,586.54056,0.048209,0.017664,0.118118
408,T408_UAV_12,BS_4,LEO_0,617.437499,617.239309,0.053173,0.007126,0.189458
408,T408_UAV_3,BS_3,HAP_0,684.425621,684.357564,0.005492,0.011109,0.25728
408,T408_UAV_0,BS_2,HAP_1,695.095369,695.010841,0.007242,0.019879,0.287031
408,T408_UAV_2,BS_1,LEO_1,700.430398,700.238494,0.049753,0.018528,0.118118
408,T408_UAV_14,BS_0,HAP_2,727.022293,726.939439,0.006948,0.013585,0.311605
408,T408_UAV_10,BS_4,LEO_0,774.556346,774.35394,0.056639,0.007875,0.189458
409,T409_UAV_11,BS_2,LEO_1,712.71579,712.660463,0.004218,0.011111,0.199986
409,T409_UAV_14,BS_0,LEO_0,144.327507,144.264504,0.004337,0.018286,0.201908
409,T409_UAV_12,BS_4,HAP_0,269.579524,269.396499,0.026581,0.01626,0.200923
409,T409_UAV_7,BS_4,LEO_1,735.862214,735.809561,0.004333,0.008322,0.199986
409,T409_UAV_10,BS_4,LEO_0,189.723711,189.664865,0.005882,0.012582,0.201908
409,T409_UAV_3,BS_3,HAP_1,303.448733,303.359167,0.003457,0.015083,0.355131
409,T409_UAV_8,BS_1,HAP_2,337.636035,337.546519,0.004943,0.012802,0.358853
409,T409_UAV_2,BS_1,LEO_1,1159.864706,1159.804405,0.006556,0.013747,0.199986
409,T409_UAV_5,BS_3,LEO_1,1305.793171,1305.728849,0.007955,0.01637,0.199986
409,T409_UAV_4,BS_0,LEO_1,1369.325773,1369.264574,0.008104,0.013097,0.199986
409,T409_UAV_1,BS_0,HAP_0,778.90752,778.729437,0.030285,0.007612,0.200923
409,T409_UAV_15,BS_1,LEO_1,1633.99737,1633.94304,0.009274,0.005059,0.199986
409,T409_UAV_6,BS_3,LEO_1,1836.008669,1835.953378,0.011278,0.004017,0.199986
409,T409_UAV_16,BS_4,LEO_1,1921.877555,1921.815233,0.010788,0.011536,0.199986
409,T409_UAV_17,BS_3,LEO_1,2094.757563,2094.69299,0.012753,0.011824,0.199986
409,T409_UAV_18,BS_2,LEO_1,2264.702123,2264.644264,0.014505,0.003357,0.199986
410,T410_UAV_18,BS_2,LEO_1,211.580393,211.324282,0.043432,0.017672,0.475033
410,T410_UAV_11,BS_2,LEO_0,301.193407,300.9803,0.045357,0.019836,0.239571
410,T410_UAV_10,BS_4,HAP_0,527.54863,527.492678,0.002448,0.015443,0.190305
410,T410_UAV_15,BS_1,HAP_2,444.159555,443.972655,0.029093,0.025755,0.160263
410,T410_UAV_9,BS_1,HAP_1,396.118982,395.923603,0.028942,0.006296,0.300702
410,T410_UAV_13,BS_1,LEO_1,404.565028,404.307446,0.0445,0.018075,0.475033
410,T410_UAV_12,BS_4,LEO_0,565.628283,565.415691,0.049385,0.015293,0.239571
410,T410_UAV_19,BS_0,HAP_0,1001.656414,1001.590145,0.00539,0.022818,0.190305
410,T410_UAV_0,BS_2,HAP_2,795.697198,795.52242,0.033005,0.00972,0.160263
410,T410_UAV_14,BS_0,LEO_0,770.679523,770.473861,0.052497,0.005251,0.239571
410,T410_UAV_16,BS_4,HAP_1,630.784846,630.581641,0.030395,0.01267,0.300702
410,T410_UAV_7,BS_4,LEO_1,639.02282,638.772477,0.049369,0.005967,0.475033
410,T410_UAV_8,BS_1,BS_3,635.365398,635.129706,0.049666,0.030222,0.279017
410,T410_UAV_17,BS_3,BS_4,658.788851,658.501042,0.051126,0.06446,0.361118
410,T410_UAV_4,BS_0,HAP_0,1236.006758,1235.94087,0.008013,0.019814,0.190305
410,T410_UAV_3,BS_3,HAP_2,949.328831,949.150562,0.034456,0.01176,0.160263
410,T410_UAV_5,BS_3,LEO_0,1023.297494,1023.070756,0.057995,0.020829,0.239571
410,T410_UAV_6,BS_3,HAP_0,1484.950218,1484.89717,0.009423,0.005564,0.190305
411,T411_UAV_3,BS_3,LEO_1,204.219404,203.9985,0.043257,0.014804,0.314217
411,T411_UAV_9,BS_1,LEO_0,371.359193,371.298172,0.005936,0.006149,0.244679
411,T411_UAV_5,BS_3,HAP_1,426.986094,426.79055,0.027537,0.018736,0.246349
411,T411_UAV_16,BS_4,HAP_0,315.707547,315.492263,0.026801,0.007666,0.404087
411,T411_UAV_17,BS_3,HAP_2,514.332765,514.142166,0.029736,0.015382,0.227403
411,T411_UAV_19,BS_0,LEO_1,370.144116,369.918278,0.044607,0.018388,0.314217
411,T411_UAV_13,BS_1,LEO_0,526.548327,526.486917,0.007406,0.005067,0.244679
411,T411_UAV_11,BS_2,HAP_1,595.030146,594.838648,0.029813,0.012415,0.246349
411,T411_UAV_15,BS_1,HAP_0,426.25789,426.039585,0.027058,0.01043,0.404087
411,T411_UAV_7,BS_4,LEO_1,473.41406,473.175738,0.046943,0.028535,0.314217
411,T411_UAV_1,BS_0,LEO_0,657.121462,657.059789,0.009351,0.003387,0.244679
411,T411_UAV_4,BS_0,HAP_2,835.3336,835.129281,0.032274,0.026564,0.227403
411,T411_UAV_8,BS_1,BS_2,625.314656,625.073256,0.049038,0.033222,0.295705
411,T411_UAV_14,BS_0,BS_3,676.058715,675.765111,0.052204,0.074858,0.33271
411,T411_UAV_18,BS_2,BS_4,711.867196,711.628056,0.054445,0.01441,0.35143
411,T411_UAV_0,BS_2,LEO_0,762.957997,762.87331,0.014011,0.02174,0.244679
411,T411_UAV_6,BS_3,HAP_1,1059.463227,1059.276464,0.031711,0.005782,0.246349
411,T411_UAV_12,BS_4,HAP_2,1162.918299,1162.71929,0.034774,0.018754,0.227403
412,T412_UAV_17,BS_3,LEO_1,330.071596,329.854384,0.04396,0.030531,0.213602
412,T412_UAV_10,BS_4,LEO_0,337.809085,337.735583,0.005628,0.012204,0.278348
412,T412_UAV_8,BS_1,HAP_0,307.515412,307.442732,0.001454,0.021326,0.249501
412,T412_UAV_6,BS_3,HAP_1,334.26343,334.088009,0.027449,0.004643,0.216646
412,T412_UAV_18,BS_2,HAP_2,361.237058,361.159129,0.004784,0.02329,0.24928
412,T412_UAV_1,BS_0,LEO_1,525.720037,525.509041,0.044853,0.023422,0.213602
412,T412_UAV_0,BS_2,LEO_0,580.470505,580.385529,0.010658,0.018649,0.278348
412,T412_UAV_12,BS_4,HAP_0,500.744601,500.663878,0.002931,0.027892,0.249501
412,T412_UAV_11,BS_2,HAP_1,510.198914,510.011193,0.029931,0.014461,0.216646
412,T412_UAV_3,BS_3,LEO_1,736.396369,736.17569,0.049257,0.028702,0.213602
412,T412_UAV_7,BS_4,LEO_0,754.245145,754.164493,0.01312,0.011863,0.278348
412,T412_UAV_14,BS_0,HAP_2,579.001927,578.933638,0.005543,0.01289,0.24928
412,T412_UAV_16,BS_4,BS_3,685.542916,685.267359,0.052798,0.053642,0.34558
412,T412_UAV_5,BS_3,BS_4,680.972676,680.72347,0.052514,0.026389,0.351513
412,T412_UAV_9,BS_1,BS_0,733.564581,733.303614,0.055799,0.03725,0.339591
412,T412_UAV_19,BS_0,LEO_1,834.31512,834.10497,0.04826,0.019169,0.213602
412,T412_UAV_15,BS_1,LEO_0,872.519815,872.432887,0.015033,0.016226,0.278348
413,T413_UAV_9,BS_1,LEO_1,309.212535,309.153155,0.003109,0.016801,0.197349
413,T413_UAV_6,BS_3,LEO_0,390.93448,390.744319,0.046962,0.004517,0.19341
413,T413_UAV_0,BS_2,HAP_1,322.486045,322.415979,0.003349,0.019426,0.236457
413,T413_UAV_18,BS_2,HAP_0,449.19144,448.982287,0.02808,0.036824,0.221245
413,T413_UAV_14,BS_0,LEO_1,463.531266,463.475856,0.004957,0.010983,0.197349
413,T413_UAV_13,BS_1,LEO_0,562.00528,561.805127,0.047875,0.013596,0.19341
413,T413_UAV_1,BS_0,HAP_2,737.966957,737.888921,0.005446,0.009604,0.314929
413,T413_UAV_4,BS_0,HAP_1,454.928799,454.852153,0.002898,0.026457,0.236457
413,T413_UAV_3,BS_3,LEO_1,660.085229,660.016285,0.008303,0.021171,0.197349
413,T413_UAV_5,BS_3,HAP_0,509.073222,508.89333,0.029352,0.00629,0.221245
413,T413_UAV_16,BS_4,LEO_0,701.720881,701.516665,0.051756,0.013778,0.19341
413,T413_UAV_8,BS_1,BS_2,586.526206,586.276931,0.046614,0.044086,0.292877
413,T413_UAV_7,BS_4,HAP_2,770.43626,770.356747,0.008388,0.008138,0.314929
413,T413_UAV_12,BS_4,LEO_1,945.73249,945.676376,0.010244,0.006401,0.197349
413,T413_UAV_2,BS_1,LEO_0,1018.941451,1018.736306,0.0575,0.008963,0.19341
414,T414_UAV_5,BS_3,LEO_1,425.928307,425.846689,0.006481,0.020357,0.273901
414,T414_UAV_13,BS_1,HAP_2,1034.759298,1034.587321,0.030038,0.003943,0.189975
414,T414_UAV_12,BS_4,LEO_0,311.830346,311.756034,0.009612,0.020262,0.222191
414,T414_UAV_9,BS_1,HAP_0,482.331029,482.269059,0.001907,0.008887,0.255877
414,T414_UAV_16,BS_4,HAP_1,514.219237,514.143619,0.004384,0.009157,0.310383
414,T414_UAV_7,BS_4,HAP_2,1036.980507,1036.791695,0.031689,0.019129,0.189975
414,T414_UAV_4,BS_0,LEO_1,601.05645,600.976597,0.008845,0.016228,0.273901
414,T414_UAV_3,BS_3,LEO_0,444.08226,444.017408,0.015369,0.005045,0.222191
414,T414_UAV_10,BS_4,HAP_2,1211.802953,1211.613749,0.032443,0.018765,0.189975
414,T414_UAV_18,BS_2,HAP_0,758.56229,758.500417,0.005202,0.005496,0.255877
414,T414_UAV_15,BS_1,HAP_1,761.85885,761.764196,0.007746,0.024831,0.310383
414,T414_UAV_2,BS_1,HAP_2,1634.713542,1634.516162,0.035755,0.02363,0.189975
414,T414_UAV_1,BS_0,HAP_2,1827.912348,1827.726634,0.033974,0.013746,0.189975
414,T414_UAV_17,BS_3,HAP_2,1969.06486,1968.872806,0.037915,0.016144,0.189975
414,T414_UAV_6,BS_3,HAP_2,2432.513562,2432.310193,0.041183,0.024191,0.189975
414,T414_UAV_19,BS_0,LEO_1,200.137781,200.074868,0.002493,0.00564,0.273901
415,T415_UAV_4,BS_0,LEO_1,79.398916,79.297569,0.003118,0.023733,0.372481
415,T415_UAV_13,BS_1,LEO_0,681.672156,681.467785,0.046098,0.02105,0.18611
415,T415_UAV_11,BS_2,HAP_0,546.311262,546.110018,0.027803,0.025421,0.240099
415,T415_UAV_7,BS_4,HAP_1,596.764906,596.576112,0.029017,0.009564,0.251064
415,T415_UAV_16,BS_4,LEO_0,775.148217,774.951167,0.048178,0.011651,0.18611
415,T415_UAV_8,BS_1,HAP_2,245.961774,245.717559,0.028603,0.021464,0.470739
415,T415_UAV_2,BS_1,LEO_0,985.272693,985.059761,0.05062,0.025091,0.18611
415,T415_UAV_19,BS_0,HAP_1,791.914413,791.717797,0.029513,0.016891,0.251064
415,T415_UAV_10,BS_4,HAP_0,966.949812,966.759179,0.029841,0.012772,0.240099
415,T415_UAV_9,BS_1,LEO_0,1212.716874,1212.508919,0.052274,0.018459,0.18611
415,T415_UAV_3,BS_3,HAP_0,1057.606164,1057.402989,0.032256,0.0229,0.240099
415,T415_UAV_0,BS_2,LEO_0,1503.470789,1503.254845,0.057246,0.021476,0.18611
415,T415_UAV_6,BS_3,HAP_1,1109.703166,1109.49813,0.03203,0.022793,0.251064
415,T415_UAV_12,BS_4,LEO_0,1632.465855,1632.250084,0.057088,0.02146,0.18611
415,T415_UAV_18,BS_2,LEO_0,1698.200199,1697.998252,0.060323,0.004402,0.18611
416,T416_UAV_10,BS_4,LEO_1,303.612745,303.397317,0.043265,0.018004,0.270794
416,T416_UAV_5,BS_0,LEO_0,256.208731,255.96402,0.045749,0.015368,0.417976
416,T416_UAV_0,BS_2,HAP_1,251.054329,250.998555,0.002602,0.006795,0.231887
416,T416_UAV_15,BS_1,HAP_0,501.556709,501.359974,0.027026,0.032819,0.184448
416,T416_UAV_12,BS_4,HAP_2,287.702065,287.467968,0.027899,0.013029,0.465844
416,T416_UAV_18,BS_2,LEO_1,337.063883,336.84528,0.044288,0.020156,0.270794
416,T416_UAV_8,BS_1,HAP_0,591.231878,591.050593,0.027342,0.017052,0.184448
416,T416_UAV_11,BS_2,LEO_0,447.277289,447.024059,0.050279,0.019356,0.417976
416,T416_UAV_6,BS_3,HAP_1,399.363732,399.295245,0.002932,0.019178,0.231887
416,T416_UAV_17,BS_3,LEO_1,646.756079,646.532346,0.047753,0.02182,0.270794
416,T416_UAV_19,BS_0,BS_3,524.005051,523.790027,0.042711,0.013712,0.293014
416,T416_UAV_16,BS_4,BS_2,542.335656,542.10439,0.043855,0.043665,0.218731
416,T416_UAV_9,BS_1,LEO_0,770.207275,769.954679,0.055835,0.013166,0.417976
416,T416_UAV_1,BS_0,HAP_2,800.397022,800.159654,0.030911,0.013288,0.465844
416,T416_UAV_3,BS_3,LEO_1,853.842655,853.627764,0.050713,0.010019,0.270794
416,T416_UAV_2,BS_1,HAP_0,1339.261007,1339.069132,0.030213,0.024773,0.184448
416,T416_UAV_4,BS_0,HAP_0,1511.676136,1511.498614,0.034821,0.00581,0.184448
417,T417_UAV_11,BS_2,LEO_1,378.542593,378.471773,0.004417,0.0189,0.237511
417,T417_UAV_5,BS_0,HAP_2,750.73471,750.546216,0.02987,0.037119,0.107524
417,T417_UAV_17,BS_3,LEO_0,329.386038,329.152159,0.047451,0.020467,0.329806
417,T417_UAV_19,BS_0,HAP_0,330.356328,330.272934,0.002197,0.02959,0.258035
417,T417_UAV_4,BS_0,HAP_1,472.787212,472.591409,0.027985,0.025414,0.212018
417,T417_UAV_2,BS_1,HAP_2,915.042159,914.882209,0.031001,0.007444,0.107524
417,T417_UAV_13,BS_1,LEO_1,664.536533,664.460071,0.00587,0.02309,0.237511
417,T417_UAV_9,BS_1,LEO_0,630.073043,629.838135,0.052958,0.015989,0.329806
417,T417_UAV_8,BS_1,HAP_0,534.662603,534.580705,0.002507,0.027784,0.258035
417,T417_UAV_16,BS_4,LEO_1,762.470493,762.401124,0.008325,0.013542,0.237511
417,T417_UAV_3,BS_3,HAP_1,662.216048,662.032084,0.030401,0.011159,0.212018
417,T417_UAV_1,BS_0,LEO_0,686.349063,686.106125,0.052488,0.024488,0.329806
417,T417_UAV_7,BS_4,HAP_2,1852.845252,1852.668537,0.036984,0.018225,0.107524
417,T417_UAV_10,BS_4,LEO_1,902.424524,902.360286,0.009722,0.007013,0.237511
417,T417_UAV_12,BS_4,HAP_2,2189.370651,2189.177672,0.038398,0.033077,0.107524
417,T417_UAV_6,BS_3,HAP_2,2300.436543,2300.266243,0.04028,0.008515,0.107524
417,T417_UAV_14,BS_0,HAP_2,2533.856269,2533.687113,0.039965,0.007686,0.107524
417,T417_UAV_0,BS_2,HAP_2,712.270121,712.072326,0.030003,0.046287,0.107524
418,T418_UAV_5,BS_0,LEO_1,274.527137,274.303604,0.044144,0.026091,0.266487
418,T418_UAV_0,BS_2,LEO_0,320.410299,320.327794,0.00758,0.025352,0.247862
418,T418_UAV_17,BS_3,HAP_0,323.532199,323.453452,0.002682,0.02249,0.267875
418,T418_UAV_10,BS_4,HAP_1,373.445016,373.243365,0.028151,0.026576,0.234617
418,T418_UAV_7,BS_4,LEO_1,380.544001,380.331822,0.045611,0.01327,0.266487
418,T418_UAV_6,BS_3,BS_2,881.499628,881.268699,0.065042,0.031482,0.172024
418,T418_UAV_13,BS_1,HAP_2,601.350299,601.114482,0.029344,0.013359,0.465571
418,T418_UAV_14,BS_0,LEO_0,577.324829,577.244583,0.012062,0.018611,0.247862
418,T418_UAV_19,BS_0,BS_2,1063.597852,1063.349931,0.076416,0.037101,0.172024
418,T418_UAV_2,BS_1,HAP_0,589.990618,589.912419,0.002703,0.02192,0.267875
418,T418_UAV_12,BS_4,HAP_1,664.090399,663.905741,0.030513,0.007222,0.234617
418,T418_UAV_1,BS_0,LEO_1,670.548111,670.336943,0.04778,0.010092,0.266487
418,T418_UAV_16,BS_4,LEO_0,756.812753,756.711368,0.016317,0.035495,0.247862
418,T418_UAV_11,BS_2,HAP_2,763.38931,763.108622,0.033918,0.053655,0.465571
418,T418_UAV_3,BS_3,BS_4,778.716939,778.405913,0.058616,0.082388,0.350108
418,T418_UAV_8,BS_1,BS_2,1998.510978,1998.197817,0.134815,0.043942,0.172024
418,T418_UAV_4,BS_0,BS_2,2803.027948,2802.670743,0.185069,0.037731,0.172024
419,T419_UAV_6,BS_3,LEO_1,663.041773,662.846406,0.044723,0.012252,0.191965
419,T419_UAV_7,BS_4,LEO_0,272.985618,272.895772,0.006141,0.030108,0.267982
419,T419_UAV_13,BS_1,HAP_1,298.754312,298.697649,0.002204,0.005961,0.242493
419,T419_UAV_3,BS_3,HAP_0,176.551556,176.448496,0.001943,0.026652,0.372326
419,T419_UAV_11,BS_2,LEO_1,902.094759,901.896263,0.04623,0.013873,0.191965
419,T419_UAV_2,BS_1,HAP_2,256.85706,256.630312,0.029211,0.030835,0.333514
419,T419_UAV_5,BS_0,LEO_0,533.72234,533.635322,0.011976,0.021446,0.267982
419,T419_UAV_12,BS_4,LEO_1,1468.756865,1468.556137,0.049498,0.012837,0.191965
419,T419_UAV_1,BS_0,HAP_1,556.954303,556.885504,0.003447,0.016853,0.242493
419,T419_UAV_0,BS_2,LEO_0,596.590548,596.490743,0.014113,0.032095,0.267982
419,T419_UAV_16,BS_4,LEO_1,1513.00871,1512.81571,0.049861,0.004746,0.191965
419,T419_UAV_14,BS_0,BS_2,758.434642,758.184687,0.057353,0.039287,0.266575
419,T419_UAV_10,BS_4,LEO_1,1535.739944,1535.545837,0.049876,0.005837,0.191965
419,T419_UAV_4,BS_0,LEO_1,1558.104927,1557.901641,0.050681,0.014212,0.191965
419,T419_UAV_17,BS_3,LEO_1,1584.441856,1584.237049,0.051197,0.015218,0.191965
419,T419_UAV_15,BS_1,LEO_1,2106.26168,2106.055374,0.053802,0.014111,0.191965
420,T420_UAV_18,BS_2,LEO_1,209.540772,209.279893,0.043379,0.025434,0.460331
420,T420_UAV_10,BS_4,LEO_0,260.110602,260.021773,0.005531,0.016258,0.335199
420,T420_UAV_16,BS_4,HAP_1,376.101622,376.020234,0.002708,0.022945,0.278671
420,T420_UAV_1,BS_0,HAP_0,313.804207,313.608187,0.027141,0.009858,0.295108
420,T420_UAV_7,BS_4,HAP_2,364.139085,363.92028,0.02899,0.032982,0.284162
420,T420_UAV_3,BS_3,LEO_1,369.775826,369.516247,0.04588,0.021632,0.460331
420,T420_UAV_5,BS_0,LEO_0,390.846,390.754634,0.008759,0.015567,0.335199
420,T420_UAV_8,BS_1,HAP_1,595.687981,595.622618,0.004727,0.004902,0.278671
420,T420_UAV_13,BS_1,HAP_0,401.221864,401.019431,0.027292,0.016119,0.295108
420,T420_UAV_4,BS_0,HAP_2,401.924412,401.729035,0.029175,0.009368,0.284162
420,T420_UAV_17,BS_3,LEO_1,453.084661,452.810463,0.046876,0.035256,0.460331
420,T420_UAV_19,BS_0,LEO_0,520.813551,520.731815,0.01008,0.004616,0.335199
420,T420_UAV_2,BS_1,BS_3,526.807876,526.54402,0.042883,0.056949,0.320123
420,T420_UAV_15,BS_1,BS_2,588.061045,587.813075,0.04671,0.051038,0.251107
420,T420_UAV_0,BS_2,BS_4,628.865054,628.581338,0.049257,0.060399,0.370299
420,T420_UAV_6,BS_3,BS_1,727.109985,726.809158,0.055393,0.078818,0.33308
420,T420_UAV_11,BS_2,HAP_1,864.118754,864.051616,0.007027,0.004377,0.278671
421,T421_UAV_19,BS_0,LEO_0,541.178136,540.994584,0.045853,0.005533,0.160836
421,T421_UAV_3,BS_3,HAP_2,641.468769,641.280481,0.03006,0.038699,0.09764
421,T421_UAV_6,BS_3,HAP_0,418.353176,418.157404,0.0279,0.022543,0.226646
421,T421_UAV_18,BS_2,LEO_0,552.383799,552.18664,0.047479,0.017513,0.160836
421,T421_UAV_0,BS_2,HAP_1,657.920183,657.714229,0.030644,0.02289,0.2621
421,T421_UAV_17,BS_3,HAP_2,872.419861,872.229558,0.031441,0.039334,0.09764
421,T421_UAV_12,BS_4,HAP_0,662.621981,662.433352,0.02839,0.01491,0.226646
421,T421_UAV_5,BS_0,HAP_1,724.994843,724.803297,0.029222,0.009904,0.2621
421,T421_UAV_4,BS_0,LEO_0,1072.239505,1072.037404,0.052918,0.017015,0.160836
421,T421_UAV_1,BS_0,HAP_2,937.633621,937.443592,0.030081,0.04042,0.09764
421,T421_UAV_11,BS_2,LEO_0,1081.698279,1081.507871,0.053733,0.004507,0.160836
421,T421_UAV_13,BS_1,HAP_0,816.001618,815.809387,0.029141,0.017762,0.226646
421,T421_UAV_14,BS_0,HAP_1,875.052867,874.86459,0.030545,0.005312,0.2621
421,T421_UAV_10,BS_4,HAP_2,1234.891698,1234.714549,0.033453,0.024168,0.09764
421,T421_UAV_8,BS_1,LEO_0,1217.90579,1217.713729,0.054252,0.005641,0.160836
421,T421_UAV_2,BS_1,LEO_0,1269.060201,1268.854912,0.055419,0.017702,0.160836
421,T421_UAV_7,BS_4,HAP_2,1720.022921,1719.858276,0.037623,0.007494,0.09764
422,T422_UAV_5,BS_0,HAP_0,540.226545,540.054142,0.028261,0.005001,0.195706
422,T422_UAV_8,BS_1,LEO_1,254.552607,254.325809,0.044726,0.01106,0.355063
422,T422_UAV_6,BS_3,LEO_0,177.543339,177.291283,0.051263,0.026099,0.373467
422,T422_UAV_7,BS_4,HAP_1,570.559298,570.355964,0.028854,0.028719,0.228803
422,T422_UAV_11,BS_2,HAP_0,588.657791,588.477397,0.027635,0.013617,0.195706
422,T422_UAV_17,BS_3,HAP_2,269.901318,269.675642,0.029394,0.021229,0.375263
422,T422_UAV_1,BS_0,LEO_1,484.752416,484.490937,0.047887,0.042579,0.355063
422,T422_UAV_13,BS_1,HAP_1,905.500789,905.310029,0.030746,0.014254,0.228803
422,T422_UAV_4,BS_0,BS_2,738.939783,738.66389,0.056133,0.060241,0.297589
422,T422_UAV_2,BS_1,HAP_0,1813.921733,1813.741288,0.031671,0.009634,0.195706
422,T422_UAV_9,BS_1,HAP_1,1137.865722,1137.675285,0.034484,0.010193,0.228803
422,T422_UAV_19,BS_0,HAP_0,1945.628632,1945.444313,0.034614,0.010564,0.195706
422,T422_UAV_0,BS_2,HAP_0,1997.021942,1996.841497,0.033994,0.00731,0.195706
423,T423_UAV_11,BS_2,LEO_1,537.678619,537.471013,0.044086,0.029139,0.171904
423,T423_UAV_1,BS_0,LEO_0,85.8751,85.63957,0.044235,0.010121,0.405869
423,T423_UAV_2,BS_1,HAP_1,742.269423,742.212075,0.005212,0.015771,0.181825
423,T423_UAV_4,BS_0,HAP_0,191.463078,191.23779,0.027261,0.012981,0.425233
423,T423_UAV_15,BS_1,LEO_1,745.776253,745.574744,0.045349,0.021779,0.171904
423,T423_UAV_9,BS_1,HAP_2,373.28931,373.046182,0.030396,0.038108,0.373127
423,T423_UAV_13,BS_1,HAP_1,1059.091636,1059.024461,0.005707,0.025102,0.181825
423,T423_UAV_16,BS_4,LEO_1,1074.479966,1074.270115,0.047687,0.027784,0.171904
423,T423_UAV_8,BS_1,LEO_1,1109.038957,1108.850235,0.047636,0.006705,0.171904
423,T423_UAV_14,BS_0,HAP_1,1305.965471,1305.902897,0.007041,0.019168,0.181825
423,T423_UAV_7,BS_4,LEO_1,1246.396489,1246.202628,0.049487,0.009992,0.171904
423,T423_UAV_18,BS_2,HAP_1,1433.965037,1433.913537,0.010026,0.005109,0.181825
423,T423_UAV_0,BS_2,LEO_1,1505.379881,1505.155285,0.051698,0.038518,0.171904
423,T423_UAV_3,BS_3,LEO_1,1539.367599,1539.16394,0.052449,0.01683,0.171904
423,T423_UAV_5,BS_0,HAP_1,1730.775024,1730.716769,0.008629,0.013261,0.181825
424,T424_UAV_5,BS_0,LEO_1,328.377534,328.138291,0.044922,0.0213,0.365099
424,T424_UAV_18,BS_2,LEO_0,557.307755,557.094959,0.05065,0.016839,0.226535
424,T424_UAV_0,BS_2,HAP_1,436.717224,436.52864,0.029497,0.007647,0.257197
424,T424_UAV_16,BS_4,HAP_2,459.164546,458.985365,0.029708,0.00928,0.200963
424,T424_UAV_6,BS_3,HAP_0,531.652533,531.407536,0.029301,0.026227,0.447342
424,T424_UAV_9,BS_1,LEO_1,550.568088,550.336431,0.047012,0.011625,0.365099
424,T424_UAV_15,BS_1,LEO_0,736.970771,736.754299,0.052591,0.018574,0.226535
424,T424_UAV_2,BS_1,HAP_1,585.847791,585.650399,0.031064,0.014889,0.257197
424,T424_UAV_11,BS_2,HAP_0,588.316734,588.079973,0.028417,0.018875,0.447342
424,T424_UAV_10,BS_4,LEO_1,610.415275,610.178971,0.048237,0.015048,0.365099
424,T424_UAV_14,BS_0,LEO_0,823.668042,823.429,0.053401,0.040333,0.226535
424,T424_UAV_8,BS_1,HAP_2,675.152234,674.938672,0.031877,0.041493,0.200963
424,T424_UAV_3,BS_3,BS_4,714.617069,714.314888,0.054612,0.051636,0.479666
424,T424_UAV_19,BS_0,LEO_0,964.109847,963.880473,0.054542,0.029525,0.226535
425,T425_UAV_10,BS_4,LEO_1,409.819833,409.60583,0.043677,0.032171,0.190776
425,T425_UAV_5,BS_0,LEO_0,347.310528,347.098686,0.045998,0.013209,0.263176
425,T425_UAV_9,BS_1,HAP_0,411.473781,411.273333,0.026503,0.023786,0.250794
425,T425_UAV_1,BS_0,HAP_1,278.172913,277.97439,0.026712,0.01196,0.299258
425,T425_UAV_15,BS_1,HAP_2,291.047799,290.827078,0.0282,0.04337,0.245753
425,T425_UAV_13,BS_1,LEO_1,493.716431,493.499086,0.043657,0.035532,0.190776
425,T425_UAV_8,BS_1,LEO_0,408.563239,408.319619,0.046692,0.044292,0.263176
425,T425_UAV_16,BS_4,HAP_0,576.916349,576.727769,0.027962,0.010459,0.250794
425,T425_UAV_19,BS_0,LEO_1,658.389977,658.181904,0.045468,0.024449,0.190776
425,T425_UAV_6,BS_3,HAP_1,529.935889,529.728417,0.028888,0.018732,0.299258
425,T425_UAV_2,BS_1,LEO_0,724.169884,723.955944,0.052314,0.008991,0.263176
425,T425_UAV_14,BS_0,HAP_2,577.056299,576.8605,0.030553,0.016096,0.245753
425,T425_UAV_17,BS_3,LEO_1,758.365037,758.142092,0.047577,0.037213,0.190776
425,T425_UAV_18,BS_2,BS_3,797.982897,797.680967,0.05982,0.053001,0.445548
425,T425_UAV_7,BS_3,LEO_0,897.266043,897.051716,0.055722,0.005969,0.263176
425,T425_UAV_12,BS_4,HAP_0,1045.442371,1045.252263,0.030325,0.009625,0.250794
425,T425_UAV_4,BS_0,LEO_1,1220.175482,1219.944768,0.05179,0.040769,0.190776
426,T426_UAV_9,BS_1,LEO_1,302.185284,301.936871,0.043848,0.041934,0.313155
426,T426_UAV_3,BS_3,LEO_0,428.019654,427.968783,0.007875,0.005709,0.186434
426,T426_UAV_2,BS_1,HAP_0,487.431747,487.259148,0.026994,0.015804,0.149006
426,T426_UAV_10,BS_4,HAP_1,415.452823,415.227111,0.028467,0.040655,0.282949
426,T426_UAV_1,BS_0,HAP_2,434.734317,434.670377,0.003228,0.019821,0.204458
426,T426_UAV_18,BS_2,LEO_0,555.666026,555.606591,0.010625,0.011523,0.186434
426,T426_UAV_4,BS_0,LEO_1,537.101994,536.860881,0.047832,0.03065,0.313155
426,T426_UAV_5,BS_0,HAP_0,696.152866,695.96914,0.030026,0.023898,0.149006
426,T426_UAV_16,BS_4,HAP_1,614.409036,614.199382,0.03017,0.022894,0.282949
426,T426_UAV_7,BS_3,LEO_1,626.349324,626.117399,0.049304,0.01999,0.313155
426,T426_UAV_8,BS_1,LEO_0,898.615294,898.551366,0.014753,0.011888,0.186434
426,T426_UAV_19,BS_0,HAP_2,712.636037,712.581844,0.005921,0.007381,0.204458
426,T426_UAV_0,BS_2,BS_3,762.123463,761.850862,0.057582,0.056883,0.290681
426,T426_UAV_17,BS_3,LEO_0,957.87797,957.803014,0.016778,0.020891,0.186434
426,T426_UAV_15,BS_1,HAP_0,1079.011275,1078.819302,0.029624,0.032547,0.149006
427,T427_UAV_3,BS_3,LEO_0,251.059576,250.976002,0.005954,0.018071,0.297747
427,T427_UAV_10,BS_4,HAP_1,1069.597229,1069.397685,0.030507,0.029892,0.195724
427,T427_UAV_15,BS_1,HAP_0,335.858461,335.652071,0.026592,0.024472,0.276631
427,T427_UAV_13,BS_1,LEO_1,555.533771,555.307699,0.046046,0.008881,0.355725
427,T427_UAV_19,BS_0,HAP_2,470.302076,470.104903,0.028902,0.026026,0.211224
427,T427_UAV_0,BS_2,HAP_1,1086.974827,1086.770738,0.031447,0.033497,0.195724
427,T427_UAV_6,BS_3,LEO_0,546.213361,546.133333,0.012487,0.007992,0.297747
427,T427_UAV_18,BS_2,LEO_1,556.093004,555.836328,0.048955,0.036576,0.355725
427,T427_UAV_17,BS_3,HAP_1,1286.213288,1286.017756,0.030825,0.025562,0.195724
427,T427_UAV_2,BS_1,HAP_0,707.184401,706.963267,0.028188,0.03762,0.276631
427,T427_UAV_8,BS_1,LEO_1,737.025961,736.773258,0.049711,0.031847,0.355725
427,T427_UAV_7,BS_3,LEO_0,745.490435,745.40687,0.016861,0.007154,0.297747
427,T427_UAV_11,BS_2,HAP_2,793.614312,793.419983,0.034316,0.017768,0.211224
427,T427_UAV_5,BS_0,HAP_1,1726.341977,1726.145895,0.032552,0.024385,0.195724
427,T427_UAV_14,BS_0,HAP_1,2381.495592,2381.314032,0.036266,0.006149,0.195724
427,T427_UAV_16,BS_4,HAP_1,2580.047108,2579.853373,0.038362,0.016228,0.195724
427,T427_UAV_9,BS_1,HAP_1,2928.866874,2928.661887,0.042058,0.023784,0.195724
427,T427_UAV_1,BS_0,HAP_1,2964.27538,2964.083333,0.037365,0.015536,0.195724
428,T428_UAV_1,BS_0,LEO_1,207.129328,206.907688,0.042404,0.042232,0.18502
428,T428_UAV_5,BS_0,LEO_0,311.385442,311.289211,0.006915,0.010792,0.392616
428,T428_UAV_12,BS_4,HAP_2,220.541983,220.486779,0.00223,0.0141,0.194368
428,T428_UAV_11,BS_2,HAP_0,268.397618,268.33138,0.001561,0.019555,0.225608
428,T428_UAV_2,BS_1,LEO_1,221.70128,221.495299,0.043017,0.02596,0.18502
428,T428_UAV_14,BS_0,HAP_1,422.47154,422.233936,0.028112,0.022229,0.436314
428,T428_UAV_15,BS_1,LEO_0,434.889805,434.770306,0.009546,0.031429,0.392616
428,T428_UAV_17,BS_3,HAP_0,342.475282,342.404518,0.002852,0.022791,0.225608
428,T428_UAV_16,BS_4,LEO_1,535.749924,535.542242,0.047384,0.023294,0.18502
428,T428_UAV_4,BS_0,HAP_2,588.618308,588.550467,0.006071,0.022896,0.194368
428,T428_UAV_13,BS_1,HAP_1,599.224828,598.983047,0.029379,0.025139,0.436314
428,T428_UAV_8,BS_1,LEO_0,744.124799,744.025167,0.015701,0.005408,0.392616
429,T429_UAV_0,BS_2,LEO_1,297.465047,297.369734,0.004517,0.042372,0.242124
429,T429_UAV_3,BS_3,LEO_0,713.859028,713.670424,0.048193,0.006609,0.169008
429,T429_UAV_11,BS_2,HAP_0,307.465628,307.391683,0.001789,0.019234,0.264609
429,T429_UAV_16,BS_4,HAP_2,371.217726,371.145882,0.003805,0.013562,0.272387
429,T429_UAV_10,BS_4,LEO_0,770.142561,769.935041,0.047968,0.025749,0.169008
429,T429_UAV_7,BS_3,LEO_1,424.803993,424.718438,0.006334,0.030796,0.242124
429,T429_UAV_2,BS_1,HAP_1,568.358768,568.105408,0.030861,0.034714,0.438922
429,T429_UAV_4,BS_0,LEO_0,911.300207,911.110346,0.049656,0.006403,0.169008
429,T429_UAV_18,BS_2,HAP_0,426.286595,426.202602,0.002867,0.028205,0.264609
429,T429_UAV_13,BS_1,LEO_0,1060.158021,1059.970506,0.049353,0.004361,0.169008
429,T429_UAV_15,BS_1,LEO_1,696.053963,695.989895,0.009597,0.006045,0.242124
429,T429_UAV_19,BS_0,HAP_1,730.723843,730.494542,0.029893,0.011623,0.438922
429,T429_UAV_1,BS_0,HAP_2,757.545654,757.463843,0.005633,0.021701,0.272387
429,T429_UAV_6,BS_3,LEO_0,1117.640823,1117.433744,0.052418,0.020859,0.169008
429,T429_UAV_14,BS_0,LEO_0,1532.08125,1531.882692,0.055765,0.008992,0.169008
429,T429_UAV_12,BS_4,LEO_0,1623.927422,1623.71288,0.057,0.02374,0.169008
430,T430_UAV_18,BS_2,LEO_1,348.567544,348.374401,0.0444,0.008668,0.200375
430,T430_UAV_17,BS_3,LEO_0,290.518556,290.243613,0.046517,0.043073,0.426763
430,T430_UAV_1,BS_0,HAP_0,387.980659,387.878552,0.002667,0.023367,0.380365
430,T430_UAV_12,BS_4,HAP_1,434.579595,434.371815,0.028648,0.035015,0.220581
430,T430_UAV_6,BS_3,HAP_2,455.553577,455.463974,0.005125,0.00588,0.392993
430,T430_UAV_11,BS_2,LEO_1,618.947227,618.719321,0.047243,0.040589,0.200375
430,T430_UAV_7,BS_3,LEO_0,490.882199,490.601687,0.051104,0.044055,0.426763
430,T430_UAV_9,BS_1,HAP_0,622.076285,621.969348,0.002499,0.028365,0.380365
430,T430_UAV_3,BS_3,HAP_1,664.358922,664.152986,0.030317,0.031503,0.220581
430,T430_UAV_14,BS_0,LEO_1,897.243497,897.032419,0.049624,0.021379,0.200375
430,T430_UAV_8,BS_1,HAP_2,695.140595,695.033192,0.007104,0.021699,0.392993
430,T430_UAV_16,BS_4,LEO_0,715.229292,714.956272,0.055382,0.032285,0.426763
430,T430_UAV_13,BS_1,BS_3,720.414766,720.166061,0.054978,0.030484,0.31621
430,T430_UAV_10,BS_4,BS_1,746.300918,746.027627,0.056593,0.053924,0.313872
430,T430_UAV_2,BS_1,BS_4,793.144462,792.892809,0.059521,0.029395,0.313683
430,T430_UAV_0,BS_2,LEO_1,998.220859,998.010812,0.051933,0.01804,0.200375
430,T430_UAV_15,BS_1,BS_2,202.680924,202.444999,0.022636,0.063997,0.246458
431,T431_UAV_10,BS_4,LEO_1,335.165363,335.09101,0.004496,0.02814,0.208582
431,T431_UAV_13,BS_1,LEO_0,493.5893,493.348321,0.048648,0.032058,0.301366
431,T431_UAV_4,BS_0,HAP_0,561.387208,561.215275,0.029077,0.015914,0.134708
431,T431_UAV_7,BS_3,HAP_1,620.196799,619.99271,0.029209,0.04159,0.166457
431,T431_UAV_16,BS_4,HAP_2,425.448989,425.278686,0.029354,0.019738,0.106053
431,T431_UAV_3,BS_3,LEO_1,431.014308,430.954869,0.00683,0.010892,0.208582
431,T431_UAV_15,BS_1,LEO_0,510.523544,510.30559,0.051168,0.006513,0.301366
431,T431_UAV_11,BS_2,HAP_0,726.969862,726.793436,0.028742,0.020743,0.134708
431,T431_UAV_5,BS_0,LEO_1,589.892651,589.819147,0.008789,0.022998,0.208582
431,T431_UAV_9,BS_1,HAP_1,888.904815,888.710592,0.032423,0.028508,0.166457
431,T431_UAV_18,BS_2,HAP_2,595.519184,595.348992,0.03278,0.016201,0.106053
431,T431_UAV_0,BS_2,LEO_0,603.266205,603.018758,0.054228,0.032946,0.301366
431,T431_UAV_17,BS_3,BS_4,604.659012,604.390541,0.047746,0.023182,0.487714
431,T431_UAV_1,BS_0,BS_3,655.236759,654.965812,0.050905,0.045377,0.373325
431,T431_UAV_2,BS_1,BS_2,697.96149,697.716636,0.053576,0.035469,0.279046
431,T431_UAV_19,BS_0,HAP_0,953.798773,953.62969,0.030383,0.011758,0.134708
431,T431_UAV_14,BS_0,HAP_1,1075.989509,1075.79814,0.031859,0.026218,0.166457
432,T432_UAV_11,BS_2,LEO_1,264.623932,264.538615,0.003934,0.020621,0.303809
432,T432_UAV_8,BS_1,LEO_0,293.42843,293.362671,0.006193,0.009246,0.251604
432,T432_UAV_12,BS_4,HAP_2,423.647519,423.601381,0.003571,0.003207,0.196799
432,T432_UAV_19,BS_0,HAP_0,319.289116,319.223943,0.002055,0.014058,0.245302
432,T432_UAV_18,BS_2,HAP_1,417.866483,417.793841,0.004303,0.021023,0.236579
432,T432_UAV_13,BS_1,LEO_0,465.340097,465.253456,0.008157,0.028163,0.251604
432,T432_UAV_17,BS_3,LEO_1,536.352166,536.259506,0.008099,0.0238,0.303809
432,T432_UAV_9,BS_1,HAP_0,485.188512,485.119183,0.001953,0.018315,0.245302
432,T432_UAV_14,BS_0,HAP_1,536.098958,536.038571,0.003966,0.009105,0.236579
432,T432_UAV_4,BS_0,LEO_1,614.863973,614.786791,0.008946,0.007475,0.303809
432,T432_UAV_3,BS_3,LEO_0,634.127163,634.033858,0.015,0.027984,0.251604
432,T432_UAV_15,BS_1,HAP_2,981.82077,981.767482,0.008865,0.005064,0.196799
432,T432_UAV_0,BS_2,BS_3,733.772171,733.515051,0.055812,0.049419,0.259446
432,T432_UAV_5,BS_0,BS_4,752.599449,752.386549,0.056991,0.018232,0.188382
432,T432_UAV_16,BS_4,HAP_2,1079.745616,1079.68591,0.009198,0.011148,0.196799
433,T433_UAV_10,BS_4,LEO_0,341.88804,341.684724,0.04462,0.018859,0.199184
433,T433_UAV_7,BS_3,LEO_1,379.463814,379.38326,0.005676,0.004261,0.353088
433,T433_UAV_19,BS_0,HAP_1,262.868281,262.802598,0.001775,0.006429,0.2874
433,T433_UAV_16,BS_4,HAP_0,380.786069,380.583386,0.027228,0.032111,0.216717
433,T433_UAV_2,BS_1,HAP_2,392.665471,392.447081,0.029281,0.029232,0.299382
433,T433_UAV_6,BS_3,LEO_0,659.696466,659.487752,0.04964,0.019238,0.199184
433,T433_UAV_14,BS_0,LEO_1,439.789614,439.696587,0.005967,0.016442,0.353088
433,T433_UAV_4,BS_0,HAP_1,475.269877,475.195634,0.002911,0.013852,0.2874
433,T433_UAV_17,BS_0,HAP_0,524.52987,524.337047,0.029373,0.020106,0.216717
433,T433_UAV_8,BS_1,LEO_0,907.204592,906.988254,0.052331,0.02417,0.199184
433,T433_UAV_0,BS_2,LEO_1,647.576789,647.477871,0.009833,0.018468,0.353088
433,T433_UAV_12,BS_4,HAP_2,657.12636,656.908153,0.031645,0.026685,0.299382
433,T433_UAV_1,BS_0,BS_3,671.214181,670.942074,0.051903,0.055029,0.325877
433,T433_UAV_9,BS_1,LEO_0,998.580513,998.354033,0.05337,0.033273,0.199184
433,T433_UAV_15,BS_1,LEO_0,1253.753589,1253.542815,0.057633,0.013304,0.199184
434,T434_UAV_8,BS_1,LEO_1,288.432595,288.242522,0.043008,0.019254,0.139051
434,T434_UAV_1,BS_0,LEO_0,305.975285,305.753954,0.044364,0.032654,0.221567
434,T434_UAV_0,BS_2,HAP_0,359.169571,359.117585,0.001865,0.013676,0.182225
434,T434_UAV_14,BS_0,HAP_1,140.753319,140.671805,0.001403,0.0061,0.370056
434,T434_UAV_5,BS_0,HAP_2,355.297963,355.09331,0.028768,0.025566,0.251592
434,T434_UAV_16,BS_4,LEO_1,375.973878,375.791506,0.044099,0.010463,0.139051
434,T434_UAV_2,BS_1,LEO_0,474.459801,474.249669,0.048005,0.017813,0.221567
434,T434_UAV_9,BS_1,HAP_0,565.581296,565.536544,0.002087,0.00622,0.182225
434,T434_UAV_11,BS_2,LEO_1,746.574418,746.380234,0.048751,0.017622,0.139051
434,T434_UAV_18,BS_2,LEO_0,785.237029,785.01424,0.054948,0.023527,0.221567
434,T434_UAV_6,BS_3,HAP_2,596.530786,596.330636,0.031685,0.018146,0.251592
434,T434_UAV_12,BS_4,BS_3,682.315354,682.095203,0.0526,0.028,0.197755
434,T434_UAV_3,BS_3,LEO_1,767.292558,767.1026,0.04954,0.012608,0.139051
434,T434_UAV_17,BS_0,LEO_0,951.012281,950.796292,0.056565,0.01511,0.221567
434,T434_UAV_4,BS_0,HAP_0,1198.47151,1198.408668,0.008723,0.017673,0.182225
435,T435_UAV_5,BS_0,LEO_1,394.18413,394.104506,0.004608,0.023915,0.255507
435,T435_UAV_15,BS_1,LEO_0,409.670171,409.600093,0.006959,0.023462,0.198283
435,T435_UAV_2,BS_1,HAP_0,321.455387,321.262659,0.026429,0.01979,0.232544
435,T435_UAV_18,BS_2,HAP_1,345.941303,345.747671,0.028555,0.02576,0.196582
435,T435_UAV_10,BS_4,HAP_2,385.227916,385.04772,0.028766,0.011856,0.197871
435,T435_UAV_14,BS_0,LEO_0,574.017643,573.950569,0.009374,0.018044,0.198283
435,T435_UAV_9,BS_1,LEO_1,633.954613,633.884879,0.006464,0.012168,0.255507
435,T435_UAV_16,BS_4,HAP_1,452.866727,452.689332,0.028774,0.009304,0.196582
435,T435_UAV_11,BS_2,LEO_0,621.062005,620.990287,0.011156,0.020905,0.198283
435,T435_UAV_6,BS_3,HAP_2,523.841272,523.663803,0.030865,0.00703,0.197871
435,T435_UAV_17,BS_0,LEO_1,713.330924,713.259809,0.008474,0.01154,0.255507
435,T435_UAV_12,BS_4,HAP_0,584.45333,584.272564,0.028315,0.005941,0.232544
435,T435_UAV_8,BS_1,BS_4,604.362944,604.11922,0.047729,0.053747,0.211242
435,T435_UAV_0,BS_2,BS_3,781.92293,781.630457,0.058817,0.044046,0.448049
435,T435_UAV_13,BS_1,LEO_1,930.205098,930.11727,0.008033,0.028693,0.255507
435,T435_UAV_4,BS_0,LEO_0,1022.161711,1022.096395,0.017148,0.008511,0.198283
436,T436_UAV_13,BS_1,LEO_1,274.201729,273.990213,0.042357,0.024343,0.224076
436,T436_UAV_8,BS_1,LEO_0,357.617974,357.410212,0.044854,0.024934,0.189872
436,T436_UAV_2,BS_1,HAP_1,300.463269,300.404019,0.003086,0.014108,0.210279
436,T436_UAV_1,BS_0,HAP_0,470.290821,470.097308,0.027817,0.025764,0.199659
436,T436_UAV_14,BS_0,HAP_2,508.812273,508.761947,0.004124,0.009467,0.183677
436,T436_UAV_16,BS_4,LEO_0,587.526235,587.310277,0.048127,0.029857,0.189872
436,T436_UAV_7,BS_3,LEO_1,514.09352,513.898093,0.046067,0.004546,0.224076
436,T436_UAV_3,BS_3,HAP_1,459.490476,459.416645,0.003648,0.028128,0.210279
436,T436_UAV_18,BS_2,HAP_0,748.298417,748.121056,0.029347,0.008082,0.199659
436,T436_UAV_4,BS_0,LEO_1,701.618423,701.406968,0.048028,0.018612,0.224076
436,T436_UAV_17,BS_0,HAP_2,869.748883,869.682281,0.007841,0.022025,0.183677
436,T436_UAV_9,BS_1,LEO_0,1007.682366,1007.482454,0.053512,0.008425,0.189872
436,T436_UAV_5,BS_0,BS_3,668.486383,668.21592,0.051733,0.015442,0.516443
436,T436_UAV_15,BS_1,LEO_1,846.447469,846.245529,0.049176,0.007948,0.224076
436,T436_UAV_12,BS_4,LEO_0,1077.954207,1077.755093,0.054818,0.006321,0.189872
436,T436_UAV_0,BS_2,HAP_0,1023.341972,1023.151078,0.030313,0.020649,0.199659
436,T436_UAV_6,BS_3,HAP_2,1136.644737,1136.587649,0.010483,0.00987,0.183677
436,T436_UAV_10,BS_4,LEO_0,1308.390214,1308.176834,0.057668,0.017737,0.189872
437,T437_UAV_6,BS_3,LEO_1,230.160593,230.078718,0.0035,0.02697,0.257029
437,T437_UAV_8,BS_1,LEO_0,793.546545,793.487475,0.006781,0.015065,0.18612
437,T437_UAV_1,BS_0,HAP_0,310.548066,310.360281,0.02714,0.017982,0.213313
437,T437_UAV_13,BS_1,LEO_1,332.06574,332.005945,0.003571,0.004818,0.257029
437,T437_UAV_12,BS_4,LEO_0,1025.155239,1025.086893,0.008847,0.022275,0.18612
437,T437_UAV_3,BS_3,HAP_1,463.593979,463.52326,0.003675,0.004838,0.311031
437,T437_UAV_16,BS_4,HAP_2,341.884853,341.684263,0.030054,0.006736,0.319005
437,T437_UAV_18,BS_2,LEO_1,361.78383,361.715446,0.0058,0.011179,0.257029
437,T437_UAV_4,BS_0,HAP_0,422.424729,422.234443,0.028624,0.018999,0.213313
437,T437_UAV_2,BS_1,LEO_0,1520.666582,1520.581958,0.013293,0.034107,0.18612
437,T437_UAV_10,BS_4,LEO_0,1582.172797,1582.10077,0.013424,0.021379,0.18612
437,T437_UAV_0,BS_2,HAP_1,710.191381,710.105281,0.007262,0.016632,0.311031
437,T437_UAV_11,BS_2,LEO_0,1781.093019,1781.012182,0.016468,0.027146,0.18612
437,T437_UAV_17,BS_0,LEO_0,1817.966216,1817.880921,0.016339,0.031732,0.18612
437,T437_UAV_14,BS_0,LEO_0,1956.329851,1956.260349,0.016637,0.01564,0.18612
437,T437_UAV_15,BS_1,LEO_0,2248.439342,2248.348606,0.019762,0.033749,0.18612
437,T437_UAV_5,BS_0,LEO_0,2344.563032,2344.471532,0.020734,0.033542,0.18612
438,T438_UAV_15,BS_1,LEO_1,529.452896,529.255837,0.043759,0.014558,0.19371
438,T438_UAV_11,BS_2,LEO_0,82.429179,82.17926,0.045261,0.035704,0.344768
438,T438_UAV_16,BS_4,HAP_0,543.078704,542.901519,0.027607,0.012569,0.185045
438,T438_UAV_6,BS_3,HAP_1,413.597448,413.399924,0.027621,0.024159,0.228725
438,T438_UAV_5,BS_0,LEO_1,666.489319,666.29757,0.04505,0.007958,0.19371
438,T438_UAV_10,BS_4,HAP_0,576.267129,576.086218,0.027662,0.01624,0.185045
438,T438_UAV_18,BS_2,HAP_1,470.863429,470.659655,0.029023,0.029006,0.228725
438,T438_UAV_12,BS_4,HAP_2,376.82988,376.611755,0.030507,0.026274,0.30672
438,T438_UAV_7,BS_3,LEO_1,1031.004259,1030.796888,0.047929,0.0207,0.19371
438,T438_UAV_0,BS_2,BS_3,479.123665,478.915472,0.039907,0.013299,0.274934
438,T438_UAV_19,BS_0,LEO_1,1113.213844,1113.002025,0.047234,0.025843,0.19371
438,T438_UAV_13,BS_1,HAP_0,970.943375,970.761756,0.029662,0.014948,0.185045
438,T438_UAV_9,BS_1,HAP_1,871.710706,871.526005,0.032292,0.006665,0.228725
438,T438_UAV_1,BS_0,LEO_1,1395.126096,1394.933405,0.048679,0.00527,0.19371
438,T438_UAV_3,BS_3,HAP_0,1263.983606,1263.788769,0.032861,0.024968,0.185045
438,T438_UAV_14,BS_0,LEO_1,1711.273062,1711.075235,0.052082,0.007004,0.19371
438,T438_UAV_2,BS_1,LEO_1,1814.426915,1814.229536,0.052762,0.005875,0.19371
439,T439_UAV_15,BS_1,LEO_1,205.659557,205.404645,0.042801,0.031365,0.40373
439,T439_UAV_0,BS_2,LEO_0,231.702033,231.426158,0.045445,0.033414,0.48508
439,T439_UAV_5,BS_0,HAP_1,341.369586,341.308804,0.001916,0.017088,0.208885
439,T439_UAV_13,BS_1,HAP_0,237.403827,237.193194,0.026398,0.035782,0.242262
439,T439_UAV_1,BS_0,HAP_2,242.545652,242.479125,0.001812,0.020767,0.219739
439,T439_UAV_18,BS_2,LEO_1,282.94212,282.69117,0.044516,0.025688,0.40373
439,T439_UAV_16,BS_4,LEO_0,301.919629,301.647677,0.046475,0.028462,0.48508
439,T439_UAV_7,BS_3,HAP_1,492.359729,492.2959,0.003358,0.018694,0.208885
439,T439_UAV_9,BS_1,HAP_0,329.186354,328.994966,0.026332,0.016603,0.242262
439,T439_UAV_11,BS_2,LEO_1,384.958414,384.713056,0.045722,0.018889,0.40373
439,T439_UAV_10,BS_4,HAP_2,459.534761,459.468887,0.004467,0.017458,0.219739
439,T439_UAV_6,BS_3,LEO_0,499.967837,499.71092,0.051355,0.008546,0.48508
439,T439_UAV_19,BS_0,BS_3,567.426938,567.162214,0.04542,0.059668,0.298178
439,T439_UAV_3,BS_3,BS_4,689.837758,689.587044,0.053068,0.034335,0.316554
439,T439_UAV_4,BS_0,BS_1,761.150796,760.861001,0.05752,0.060685,0.357951
439,T439_UAV_8,BS_1,BS_0,760.399648,760.109825,0.057473,0.061938,0.352061
439,T439_UAV_12,BS_4,BS_2,773.041445,772.786977,0.058265,0.032527,0.318379
439,T439_UAV_14,BS_0,HAP_1,992.437675,992.380146,0.00636,0.009392,0.208885
440,T440_UAV_19,BS_0,LEO_0,678.6606,678.467585,0.045863,0.021599,0.127767
440,T440_UAV_14,BS_0,LEO_1,433.43021,433.212209,0.044654,0.014876,0.292351
440,T440_UAV_2,BS_1,HAP_0,361.379699,361.314897,0.001596,0.019343,0.219315
440,T440_UAV_18,BS_2,HAP_1,190.589033,190.503841,0.002843,0.018627,0.318607
440,T440_UAV_11,BS_2,LEO_0,879.831408,879.64919,0.048908,0.007756,0.127767
440,T440_UAV_0,BS_2,HAP_2,235.861607,235.773199,0.004347,0.019067,0.324967
440,T440_UAV_1,BS_0,LEO_1,527.95334,527.729371,0.04492,0.020578,0.292351
440,T440_UAV_6,BS_3,LEO_0,969.191838,968.995208,0.049651,0.021424,0.127767
440,T440_UAV_3,BS_3,HAP_0,398.921672,398.869903,0.003213,0.004693,0.219315
440,T440_UAV_4,BS_0,LEO_1,574.157428,573.935398,0.046552,0.017008,0.292351
440,T440_UAV_9,BS_1,LEO_0,1217.224344,1217.020799,0.05124,0.026752,0.127767
440,T440_UAV_12,BS_4,LEO_0,1227.821322,1227.600007,0.05158,0.044182,0.127767
440,T440_UAV_7,BS_3,LEO_1,834.383327,834.16139,0.049883,0.013584,0.292351
440,T440_UAV_8,BS_1,LEO_0,1558.624737,1558.403706,0.054558,0.040919,0.127767
440,T440_UAV_5,BS_0,LEO_0,1742.956472,1742.738313,0.056807,0.035799,0.127767
440,T440_UAV_10,BS_4,LEO_0,1940.876096,1940.682229,0.057952,0.010362,0.127767
441,T441_UAV_19,BS_0,LEO_1,230.015133,229.937522,0.002831,0.031078,0.21851
441,T441_UAV_6,BS_3,LEO_0,204.294918,204.007113,0.046686,0.057577,0.417707
441,T441_UAV_8,BS_1,HAP_0,334.822531,334.64264,0.026501,0.005071,0.241594
441,T441_UAV_17,BS_0,HAP_1,338.53694,338.332238,0.027283,0.021773,0.278229
441,T441_UAV_1,BS_0,HAP_2,369.326691,369.241375,0.002761,0.015784,0.333853
441,T441_UAV_7,BS_3,LEO_1,413.095289,413.038336,0.00622,0.007031,0.21851
441,T441_UAV_2,BS_1,LEO_0,368.004769,367.725907,0.051456,0.043865,0.417707
441,T441_UAV_3,BS_3,LEO_1,654.286362,654.205541,0.010313,0.026806,0.21851
441,T441_UAV_18,BS_2,HAP_0,657.08609,656.893829,0.029346,0.014596,0.241594
441,T441_UAV_9,BS_1,HAP_1,668.492863,668.293425,0.031711,0.012081,0.278229
441,T441_UAV_15,BS_1,HAP_2,694.688731,694.591815,0.007521,0.022624,0.333853
441,T441_UAV_13,BS_1,BS_3,791.121631,790.887968,0.059396,0.015062,0.296029
442,T442_UAV_13,BS_1,LEO_1,229.60286,229.36967,0.042444,0.030629,0.300586
442,T442_UAV_8,BS_1,HAP_0,349.473396,349.425763,0.00142,0.008958,0.186273
442,T442_UAV_6,BS_3,LEO_0,364.278612,364.007147,0.048258,0.048812,0.371971
442,T442_UAV_17,BS_0,HAP_2,503.543337,503.365421,0.029511,0.013012,0.176957
442,T442_UAV_19,BS_0,HAP_1,559.602304,559.524359,0.003343,0.025308,0.246469
442,T442_UAV_16,BS_4,LEO_1,549.040456,548.823966,0.047567,0.008806,0.300586
442,T442_UAV_14,BS_0,LEO_0,559.884103,559.649346,0.051751,0.008612,0.371971
442,T442_UAV_7,BS_3,HAP_0,685.146542,685.097631,0.004297,0.007359,0.186273
442,T442_UAV_4,BS_0,HAP_2,699.207902,699.01901,0.03091,0.022591,0.176957
442,T442_UAV_15,BS_1,HAP_1,880.276362,880.209295,0.007334,0.01044,0.246469
442,T442_UAV_10,BS_4,LEO_1,636.236555,636.00066,0.048429,0.027349,0.300586
442,T442_UAV_12,BS_4,LEO_0,702.654361,702.400423,0.05499,0.024554,0.371971
442,T442_UAV_1,BS_0,HAP_0,761.448171,761.391699,0.004581,0.014636,0.186273
442,T442_UAV_11,BS_2,HAP_2,958.603767,958.421123,0.034282,0.012972,0.176957
442,T442_UAV_3,BS_3,HAP_1,1146.329402,1146.250246,0.007729,0.022133,0.246469
443,T443_UAV_1,BS_0,LEO_1,321.27193,321.213787,0.003002,0.017876,0.186323
443,T443_UAV_3,BS_3,LEO_0,266.297142,266.080829,0.046241,0.030647,0.197125
443,T443_UAV_6,BS_3,HAP_0,280.795674,280.594658,0.027213,0.024939,0.244319
443,T443_UAV_7,BS_3,HAP_2,332.227925,332.031339,0.028739,0.018112,0.248672
443,T443_UAV_11,BS_2,LEO_1,387.494989,387.430431,0.004556,0.022737,0.186323
443,T443_UAV_2,BS_1,HAP_1,451.517926,451.315235,0.029609,0.007991,0.325459
443,T443_UAV_19,BS_0,LEO_0,388.641071,388.444915,0.047485,0.009247,0.197125
443,T443_UAV_0,BS_2,LEO_1,537.854808,537.797152,0.00643,0.013961,0.186323
443,T443_UAV_12,BS_4,HAP_0,519.040426,518.840588,0.027912,0.023062,0.244319
443,T443_UAV_4,BS_0,LEO_0,567.83466,567.611869,0.052168,0.031198,0.197125
443,T443_UAV_9,BS_1,HAP_1,720.105657,719.888661,0.032233,0.019671,0.325459
443,T443_UAV_15,BS_1,HAP_2,739.688753,739.491653,0.032985,0.014381,0.248672
443,T443_UAV_16,BS_4,LEO_1,763.185552,763.113498,0.008333,0.026456,0.186323
443,T443_UAV_8,BS_1,BS_3,772.007495,771.728535,0.058199,0.059736,0.305122
444,T444_UAV_13,BS_1,LEO_0,411.823213,411.632602,0.044017,0.026119,0.102374
444,T444_UAV_7,BS_3,LEO_1,283.734357,283.502396,0.043364,0.033582,0.275073
444,T444_UAV_19,BS_0,HAP_1,222.131297,222.05962,0.001532,0.0273,0.21423
444,T444_UAV_3,BS_3,HAP_0,236.998084,236.820827,0.026905,0.010062,0.201449
444,T444_UAV_18,BS_2,LEO_0,424.083514,423.889414,0.045683,0.027941,0.102374
444,T444_UAV_4,BS_0,HAP_2,286.298569,286.111219,0.027896,0.007633,0.259102
444,T444_UAV_5,BS_0,LEO_1,400.441514,400.225954,0.04462,0.015926,0.275073
444,T444_UAV_14,BS_4,LEO_0,678.659547,678.458802,0.047915,0.032355,0.102374
444,T444_UAV_15,BS_1,HAP_1,364.09133,364.032807,0.003631,0.012046,0.21423
444,T444_UAV_6,BS_3,HAP_0,383.508703,383.324625,0.028021,0.015767,0.201449
444,T444_UAV_11,BS_2,LEO_1,542.521943,542.29979,0.046371,0.020767,0.275073
444,T444_UAV_17,BS_0,LEO_0,706.828159,706.647196,0.048702,0.011787,0.102374
444,T444_UAV_1,BS_0,HAP_2,506.270713,506.072097,0.028787,0.018009,0.259102
444,T444_UAV_10,BS_4,BS_3,623.696454,623.449298,0.048936,0.031895,0.331626
444,T444_UAV_0,BS_2,BS_4,662.369753,662.099089,0.051351,0.055737,0.317883
444,T444_UAV_8,BS_1,BS_0,729.892236,729.631682,0.055569,0.034236,0.353745
444,T444_UAV_16,BS_4,BS_1,773.771373,773.525705,0.058311,0.01654,0.354086
444,T444_UAV_9,BS_1,LEO_1,976.274086,976.050032,0.050002,0.019038,0.275073
444,T444_UAV_12,BS_4,LEO_0,1347.559588,1347.370496,0.05595,0.012667,0.102374
444,T444_UAV_2,BS_1,LEO_0,1436.505085,1436.298574,0.057152,0.028885,0.102374
445,T445_UAV_13,BS_1,LEO_1,275.265871,275.207577,0.002347,0.017321,0.193131
445,T445_UAV_2,BS_1,LEO_0,219.133194,218.902029,0.044702,0.027821,0.293205
445,T445_UAV_19,BS_0,HAP_0,220.542343,220.343411,0.026375,0.023437,0.245606
445,T445_UAV_12,BS_4,HAP_2,351.72135,351.654818,0.003566,0.023179,0.198934
445,T445_UAV_3,BS_3,HAP_1,422.266244,422.189463,0.003308,0.012656,0.304086
445,T445_UAV_15,BS_1,LEO_1,585.99793,585.929681,0.006316,0.023306,0.193131
445,T445_UAV_8,BS_1,LEO_0,549.124108,548.877187,0.051582,0.036698,0.293205
445,T445_UAV_6,BS_3,LEO_1,632.24853,632.179798,0.007541,0.022565,0.193131
445,T445_UAV_11,BS_2,HAP_2,521.810713,521.74434,0.006187,0.020399,0.198934
445,T445_UAV_7,BS_3,HAP_0,606.064902,605.86464,0.029407,0.021733,0.245606
445,T445_UAV_0,BS_2,HAP_1,627.150893,627.065168,0.006379,0.018529,0.304086
445,T445_UAV_5,BS_0,LEO_0,642.120761,641.897115,0.053967,0.011038,0.293205
445,T445_UAV_4,BS_0,LEO_1,807.739811,807.683433,0.009203,0.008548,0.193131
445,T445_UAV_18,BS_2,BS_3,785.691634,785.44892,0.059056,0.030882,0.263878
445,T445_UAV_9,BS_1,BS_4,797.504651,797.188438,0.059789,0.088275,0.340743
445,T445_UAV_14,BS_4,BS_1,798.828351,798.555263,0.059875,0.043494,0.348596
446,T446_UAV_17,BS_0,LEO_0,221.652998,221.413517,0.04492,0.0382,0.281805
446,T446_UAV_13,BS_1,LEO_1,185.436339,185.342991,0.002745,0.028321,0.311415
446,T446_UAV_12,BS_4,HAP_0,861.72821,861.666085,0.003585,0.020073,0.192338
446,T446_UAV_1,BS_0,HAP_2,304.925437,304.737701,0.027281,0.017454,0.215004
446,T446_UAV_3,BS_3,HAP_1,388.893954,388.790534,0.003042,0.025623,0.373775
446,T446_UAV_2,BS_1,LEO_1,269.390591,269.316424,0.005107,0.006777,0.311415
446,T446_UAV_14,BS_4,LEO_0,460.27427,460.023566,0.049665,0.044678,0.281805
446,T446_UAV_6,BS_3,HAP_0,1462.018768,1461.959877,0.007858,0.012566,0.192338
446,T446_UAV_16,BS_4,LEO_0,556.962,556.735987,0.051954,0.017699,0.281805
446,T446_UAV_19,BS_0,HAP_2,559.11424,558.927529,0.029631,0.01408,0.215004
446,T446_UAV_8,BS_1,HAP_0,1475.983532,1475.925459,0.005139,0.014468,0.192338
446,T446_UAV_18,BS_2,HAP_1,759.671719,759.57923,0.007811,0.009923,0.373775
446,T446_UAV_11,BS_2,BS_4,796.206502,795.947903,0.059712,0.04244,0.282241
446,T446_UAV_7,BS_3,HAP_0,1727.671357,1727.594816,0.008772,0.029301,0.192338
446,T446_UAV_9,BS_1,HAP_0,2372.263595,2372.210943,0.007711,0.006474,0.192338
446,T446_UAV_5,BS_0,HAP_0,2385.748008,2385.679362,0.013505,0.016674,0.192338
447,T447_UAV_15,BS_1,LEO_1,212.594437,212.387214,0.042879,0.021862,0.212416
447,T447_UAV_11,BS_2,LEO_0,423.710464,423.516421,0.046293,0.010935,0.184075
447,T447_UAV_17,BS_0,HAP_1,523.14762,522.963799,0.027788,0.016301,0.198662
447,T447_UAV_8,BS_1,HAP_0,353.475132,353.215636,0.026568,0.035561,0.486837
447,T447_UAV_3,BS_3,LEO_0,444.475711,444.271324,0.046666,0.020906,0.184075
447,T447_UAV_5,BS_0,HAP_2,393.572811,393.501711,0.004072,0.0267,0.201646
447,T447_UAV_18,BS_2,HAP_1,586.029869,585.835234,0.029447,0.025456,0.198662
447,T447_UAV_19,BS_0,LEO_1,450.428928,450.217427,0.045522,0.023496,0.212416
447,T447_UAV_9,BS_1,LEO_0,589.317153,589.114731,0.047939,0.017668,0.184075
447,T447_UAV_1,BS_0,LEO_1,484.393992,484.192884,0.045677,0.012949,0.212416
447,T447_UAV_2,BS_1,HAP_0,614.717572,614.481313,0.027682,0.011209,0.486837
447,T447_UAV_4,BS_0,HAP_2,651.231559,651.168843,0.006581,0.015806,0.201646
447,T447_UAV_16,BS_4,LEO_0,815.763249,815.546496,0.051276,0.028663,0.184075
447,T447_UAV_13,BS_1,HAP_1,1083.082967,1082.899405,0.031144,0.012685,0.198662
447,T447_UAV_14,BS_4,LEO_0,1017.31576,1017.090222,0.05379,0.034933,0.184075
447,T447_UAV_12,BS_4,HAP_1,1566.330676,1566.136153,0.035228,0.019563,0.198662
448,T448_UAV_19,BS_0,LEO_1,319.587659,319.536374,0.003121,0.005586,0.212888
448,T448_UAV_14,BS_4,LEO_0,344.726407,344.50532,0.045633,0.034784,0.203355
448,T448_UAV_16,BS_4,HAP_0,267.550105,267.365141,0.026591,0.010959,0.237067
448,T448_UAV_9,BS_1,HAP_1,285.904735,285.688887,0.027872,0.028074,0.299507
448,T448_UAV_4,BS_0,HAP_2,320.290491,320.113857,0.028227,0.004603,0.219017
448,T448_UAV_17,BS_0,LEO_1,428.701063,428.629499,0.005056,0.02393,0.212888
448,T448_UAV_0,BS_2,LEO_0,528.122864,527.913745,0.049638,0.018811,0.203355
448,T448_UAV_12,BS_4,LEO_1,701.249391,701.170784,0.007558,0.028471,0.212888
448,T448_UAV_3,BS_3,HAP_0,532.090734,531.894167,0.029287,0.019866,0.237067
448,T448_UAV_18,BS_2,HAP_1,619.738758,619.524939,0.031365,0.022553,0.299507
448,T448_UAV_1,BS_0,LEO_0,925.335912,925.111938,0.053266,0.030037,0.203355
448,T448_UAV_6,BS_3,HAP_2,726.582145,726.37584,0.033057,0.029445,0.219017
448,T448_UAV_11,BS_2,BS_3,744.410458,744.185036,0.056478,0.013352,0.277953
448,T448_UAV_13,BS_1,LEO_1,1015.505553,1015.440435,0.008627,0.013913,0.212888
448,T448_UAV_10,BS_4,LEO_0,1019.61441,1019.411558,0.056437,0.005744,0.203355
449,T449_UAV_5,BS_0,LEO_0,284.002779,283.939656,0.006156,0.016596,0.201853
449,T449_UAV_15,BS_1,HAP_2,620.519181,620.45817,0.004473,0.019747,0.18396
449,T449_UAV_4,BS_0,HAP_1,304.588015,304.409854,0.026803,0.00785,0.217544
449,T449_UAV_19,BS_0,HAP_0,321.922814,321.718202,0.026991,0.025838,0.258922
449,T449_UAV_1,BS_0,LEO_1,506.893975,506.819516,0.005955,0.005101,0.317017
449,T449_UAV_9,BS_1,LEO_0,386.756742,386.701641,0.008099,0.006632,0.201853
449,T449_UAV_3,BS_3,LEO_1,585.892133,585.813851,0.009195,0.005684,0.317017
449,T449_UAV_18,BS_2,HAP_0,504.210528,503.999388,0.028299,0.031057,0.258922
449,T449_UAV_14,BS_4,HAP_2,1272.781348,1272.713777,0.008521,0.022259,0.18396
449,T449_UAV_12,BS_4,HAP_1,632.527603,632.348478,0.030411,0.005205,0.217544
449,T449_UAV_7,BS_3,LEO_1,663.097342,663.005826,0.010051,0.018061,0.317017
449,T449_UAV_13,BS_1,LEO_0,714.628617,714.566686,0.012273,0.009288,0.201853
449,T449_UAV_16,BS_4,BS_3,717.890663,717.567983,0.054816,0.063604,0.521298
449,T449_UAV_11,BS_2,BS_4,788.837926,788.589771,0.059252,0.020016,0.344436
449,T449_UAV_0,BS_2,HAP_2,1615.739218,1615.682791,0.012846,0.006789,0.18396
449,T449_UAV_10,BS_4,HAP_2,1791.901314,1791.836514,0.011817,0.016191,0.18396
449,T449_UAV_6,BS_3,HAP_2,1956.450847,1956.388636,0.014461,0.010957,0.18396
450,T450_UAV_15,BS_1,LEO_0,285.521355,285.428362,0.004804,0.032322,0.279337
450,T450_UAV_6,BS_3,LEO_1,247.234414,247.14831,0.003731,0.016234,0.330694
450,T450_UAV_9,BS_1,HAP_1,325.821187,325.756903,0.003281,0.017066,0.219684
450,T450_UAV_7,BS_3,HAP_0,372.259364,372.082145,0.02772,0.006041,0.217289
450,T450_UAV_11,BS_2,HAP_2,424.612375,424.373688,0.03004,0.026942,0.408529
450,T450_UAV_16,BS_4,LEO_0,504.402203,504.309898,0.008427,0.028011,0.279337
450,T450_UAV_17,BS_0,LEO_1,433.782687,433.701337,0.006483,0.008727,0.330694
450,T450_UAV_13,BS_1,HAP_1,436.245435,436.185394,0.003135,0.012969,0.219684
450,T450_UAV_0,BS_2,LEO_1,471.927478,471.840458,0.007158,0.013722,0.330694
450,T450_UAV_14,BS_4,HAP_0,516.11947,515.91892,0.02832,0.028773,0.217289
450,T450_UAV_12,BS_4,LEO_0,700.85065,700.7664,0.011643,0.01674,0.279337
450,T450_UAV_5,BS_0,HAP_2,586.223061,585.980449,0.031022,0.029885,0.408529
450,T450_UAV_18,BS_2,BS_3,611.98124,611.754138,0.048206,0.012924,0.329863
450,T450_UAV_3,BS_3,BS_4,613.721986,613.413766,0.048309,0.087802,0.360541
450,T450_UAV_2,BS_1,BS_0,673.797602,673.537451,0.052065,0.037831,0.351273
450,T450_UAV_4,BS_0,BS_1,685.270105,684.999176,0.052781,0.052365,0.328912
450,T450_UAV_19,BS_0,LEO_0,718.605821,718.532597,0.010818,0.006539,0.279337
450,T450_UAV_10,BS_4,BS_2,767.460927,767.157508,0.057913,0.055367,0.450693
451,T451_UAV_11,BS_2,LEO_1,448.658243,448.458533,0.044422,0.024441,0.154232
451,T451_UAV_5,BS_0,LEO_0,369.524051,369.325598,0.046199,0.0127,0.19777
451,T451_UAV_18,BS_2,HAP_0,646.836957,646.771195,0.003694,0.019382,0.213428
451,T451_UAV_1,BS_0,HAP_1,651.050579,650.862645,0.02848,0.012718,0.233679
451,T451_UAV_12,BS_4,HAP_2,504.423636,504.214491,0.030114,0.008741,0.351449
451,T451_UAV_17,BS_0,LEO_1,778.093279,777.909415,0.047671,0.005347,0.154232
451,T451_UAV_10,BS_4,LEO_0,716.149903,715.940565,0.051509,0.018274,0.19777
451,T451_UAV_15,BS_1,HAP_0,839.540892,839.464623,0.003514,0.03007,0.213428
451,T451_UAV_16,BS_4,HAP_1,848.00975,847.815666,0.030933,0.016416,0.233679
451,T451_UAV_2,BS_1,LEO_1,943.103099,942.897964,0.048388,0.0259,0.154232
451,T451_UAV_0,BS_2,LEO_0,777.950743,777.744829,0.0542,0.012159,0.19777
451,T451_UAV_9,BS_1,HAP_2,779.370646,779.143653,0.033006,0.023698,0.351449
451,T451_UAV_7,BS_3,LEO_1,1022.324648,1022.127586,0.050233,0.015983,0.154232
451,T451_UAV_14,BS_4,LEO_0,823.465744,823.248971,0.053484,0.023735,0.19777
451,T451_UAV_19,BS_0,HAP_0,951.093841,951.040548,0.005158,0.005448,0.213428
451,T451_UAV_6,BS_3,HAP_1,1069.624216,1069.433719,0.031795,0.011966,0.233679
451,T451_UAV_13,BS_1,LEO_1,1286.870439,1286.68628,0.04925,0.004062,0.154232
452,T452_UAV_1,BS_0,LEO_1,317.392608,317.192737,0.043723,0.014878,0.206346
452,T452_UAV_9,BS_1,LEO_0,342.682465,342.468667,0.04717,0.025327,0.206502
452,T452_UAV_15,BS_1,HAP_1,349.155377,349.093384,0.003465,0.012653,0.229375
452,T452_UAV_6,BS_3,HAP_0,351.244755,351.064377,0.027737,0.006741,0.229496
452,T452_UAV_3,BS_3,HAP_2,373.090788,373.016625,0.004378,0.019654,0.250649
452,T452_UAV_18,BS_2,LEO_1,441.133911,440.932925,0.046996,0.012722,0.206346
452,T452_UAV_17,BS_0,LEO_0,459.694374,459.495179,0.050189,0.007706,0.206502
452,T452_UAV_12,BS_4,BS_3,1523.590267,1523.328224,0.10515,0.022266,0.173132
452,T452_UAV_13,BS_1,HAP_1,539.742324,539.676898,0.003873,0.015678,0.229375
452,T452_UAV_7,BS_3,HAP_0,542.431241,542.247132,0.028975,0.009235,0.229496
452,T452_UAV_4,BS_0,LEO_1,596.511625,596.316132,0.048559,0.005664,0.206346
452,T452_UAV_19,BS_0,HAP_2,623.795248,623.733961,0.005171,0.005987,0.250649
452,T452_UAV_0,BS_2,LEO_0,696.769946,696.548892,0.056398,0.023356,0.206502
452,T452_UAV_2,BS_1,BS_4,733.465436,733.179197,0.055791,0.058339,0.360547
452,T452_UAV_16,BS_4,BS_3,2234.265401,2233.962641,0.149543,0.018591,0.173132
452,T452_UAV_10,BS_4,BS_3,3014.58854,3014.173466,0.198282,0.082166,0.173132
452,T452_UAV_8,BS_1,BS_3,3055.878965,3055.50569,0.200864,0.037785,0.173132
453,T453_UAV_15,BS_1,LEO_1,274.882564,274.820315,0.002945,0.0087,0.253019
453,T453_UAV_6,BS_3,LEO_0,322.483652,322.284229,0.04565,0.007476,0.231489
453,T453_UAV_7,BS_3,HAP_0,365.428945,365.215291,0.027679,0.039027,0.234738
453,T453_UAV_11,BS_2,HAP_1,422.488247,422.405704,0.004178,0.016308,0.310283
453,T453_UAV_13,BS_1,HAP_2,426.227308,426.137206,0.002827,0.021573,0.328509
453,T453_UAV_14,BS_4,LEO_1,577.987889,577.912067,0.006236,0.018983,0.253019
453,T453_UAV_17,BS_0,LEO_0,608.668358,608.463177,0.050479,0.008403,0.231489
453,T453_UAV_8,BS_1,LEO_1,625.02756,624.954171,0.006524,0.016261,0.253019
453,T453_UAV_9,BS_1,HAP_1,480.375002,480.2834,0.004842,0.024703,0.310283
453,T453_UAV_16,BS_4,HAP_0,490.71938,490.529635,0.027938,0.014859,0.234738
453,T453_UAV_2,BS_1,LEO_0,666.605689,666.400928,0.051082,0.007381,0.231489
453,T453_UAV_12,BS_4,HAP_2,568.503992,568.398558,0.005772,0.03396,0.328509
453,T453_UAV_18,BS_2,BS_3,581.709995,581.445504,0.046312,0.046933,0.356234
453,T453_UAV_4,BS_0,BS_4,610.770627,610.512696,0.048128,0.039464,0.351693
453,T453_UAV_1,BS_0,BS_1,639.350186,639.049305,0.049911,0.080764,0.351035
453,T453_UAV_0,BS_2,BS_0,659.081356,658.802527,0.051145,0.057352,0.351663
453,T453_UAV_5,BS_0,BS_2,734.019845,733.755619,0.055827,0.027501,0.404493
453,T453_UAV_3,BS_3,LEO_1,881.538627,881.464236,0.010862,0.012926,0.253019
453,T453_UAV_10,BS_4,LEO_0,972.893241,972.670158,0.055611,0.021173,0.231489
454,T454_UAV_2,BS_1,LEO_0,217.956279,217.88366,0.00466,0.025565,0.211973
454,T454_UAV_13,BS_1,LEO_1,207.187235,207.106447,0.003032,0.017296,0.3023
454,T454_UAV_17,BS_0,HAP_0,1130.985454,1130.913024,0.005868,0.028439,0.190613
454,T454_UAV_18,BS_2,HAP_1,443.418684,443.333603,0.004555,0.010164,0.351807
454,T454_UAV_9,BS_1,HAP_2,235.747154,235.652258,0.003524,0.014601,0.383857
454,T454_UAV_11,BS_2,LEO_0,419.661707,419.594928,0.009763,0.014622,0.211973
454,T454_UAV_5,BS_0,LEO_1,331.977879,331.906772,0.006811,0.003835,0.3023
454,T454_UAV_16,BS_4,HAP_0,1698.009562,1697.954654,0.006954,0.009832,0.190613
454,T454_UAV_19,BS_0,LEO_0,705.431072,705.360577,0.013601,0.0145,0.211973
454,T454_UAV_0,BS_2,HAP_0,1991.727206,1991.666155,0.008076,0.014853,0.190613
454,T454_UAV_15,BS_1,HAP_1,751.114289,751.032394,0.007445,0.004088,0.351807
454,T454_UAV_4,BS_0,HAP_0,2243.041477,2242.981775,0.011867,0.009713,0.190613
454,T454_UAV_6,BS_3,HAP_0,2385.660607,2385.590673,0.01172,0.020092,0.190613
454,T454_UAV_12,BS_4,HAP_0,2743.899143,2743.837023,0.010604,0.013394,0.190613
454,T454_UAV_7,BS_3,HAP_0,2944.745572,2944.677346,0.013907,0.016197,0.190613
454,T454_UAV_10,BS_4,HAP_0,3114.801604,3114.738523,0.012199,0.01276,0.190613
455,T455_UAV_18,BS_2,LEO_1,213.977301,213.776469,0.04338,0.016757,0.203475
455,T455_UAV_17,BS_0,LEO_0,360.37392,360.150666,0.047968,0.030849,0.222185
455,T455_UAV_9,BS_1,HAP_1,904.274538,904.113691,0.031214,0.005831,0.119013
455,T455_UAV_13,BS_1,HAP_0,187.653599,187.400813,0.026461,0.032496,0.469149
455,T455_UAV_11,BS_2,HAP_2,401.166521,400.95357,0.029774,0.029725,0.267261
455,T455_UAV_7,BS_3,LEO_1,410.622221,410.424884,0.046243,0.010399,0.203475
455,T455_UAV_4,BS_0,LEO_0,420.865665,420.65563,0.048942,0.016656,0.222185
455,T455_UAV_3,BS_3,HAP_1,1076.139206,1075.979139,0.031022,0.005243,0.119013
455,T455_UAV_15,BS_1,LEO_1,464.282136,464.071695,0.046262,0.023484,0.203475
455,T455_UAV_6,BS_3,LEO_0,586.737608,586.532399,0.053244,0.007527,0.222185
455,T455_UAV_0,BS_2,HAP_2,616.283495,616.083058,0.032498,0.014487,0.267261
455,T455_UAV_2,BS_1,BS_3,621.651695,621.406349,0.048808,0.039865,0.283362
455,T455_UAV_10,BS_4,BS_2,713.609374,713.372929,0.054554,0.028017,0.269366
455,T455_UAV_16,BS_4,HAP_1,1296.060581,1295.887681,0.032582,0.016516,0.119013
455,T455_UAV_1,BS_0,HAP_1,1608.129232,1607.95206,0.032447,0.020923,0.119013
455,T455_UAV_19,BS_0,HAP_1,1799.331441,1799.165166,0.034379,0.008093,0.119013
456,T456_UAV_11,BS_2,LEO_1,432.454488,432.386747,0.003718,0.024734,0.196443
456,T456_UAV_17,BS_0,LEO_0,485.821822,485.628649,0.045938,0.009983,0.186257
456,T456_UAV_12,BS_4,HAP_1,243.540216,243.330821,0.027094,0.019805,0.312483
456,T456_UAV_10,BS_4,HAP_0,380.285418,380.018435,0.027141,0.046681,0.465802
456,T456_UAV_16,BS_4,LEO_1,585.934798,585.883926,0.00469,0.006893,0.196443
456,T456_UAV_19,BS_0,HAP_2,637.165173,636.981422,0.029495,0.013557,0.203496
456,T456_UAV_2,BS_1,LEO_0,751.600083,751.388524,0.048887,0.02542,0.186257
456,T456_UAV_18,BS_2,LEO_1,930.10176,930.049065,0.008417,0.00499,0.196443
456,T456_UAV_8,BS_1,LEO_0,935.488272,935.280667,0.050968,0.019385,0.186257
456,T456_UAV_13,BS_1,HAP_2,781.552773,781.36698,0.029491,0.015603,0.203496
456,T456_UAV_7,BS_3,HAP_1,560.09206,559.875275,0.029507,0.024782,0.312483
456,T456_UAV_14,BS_4,LEO_1,1082.294611,1082.234952,0.008572,0.011798,0.196443
456,T456_UAV_5,BS_0,HAP_0,727.273494,727.026953,0.031119,0.022261,0.465802
456,T456_UAV_0,BS_2,LEO_0,1095.542111,1095.340282,0.054178,0.010399,0.186257
456,T456_UAV_15,BS_1,HAP_2,840.850507,840.660681,0.03241,0.016717,0.203496
456,T456_UAV_4,BS_0,LEO_1,1173.515229,1173.45136,0.00971,0.014871,0.196443
456,T456_UAV_3,BS_3,LEO_0,1340.718866,1340.510589,0.057214,0.013813,0.186257
456,T456_UAV_6,BS_3,LEO_1,1346.360452,1346.300006,0.011625,0.009533,0.196443
456,T456_UAV_1,BS_0,LEO_0,1384.004474,1383.808308,0.054302,0.004613,0.186257
457,T457_UAV_14,BS_4,LEO_1,397.973327,397.759932,0.044288,0.020504,0.243012
457,T457_UAV_6,BS_3,LEO_0,339.586956,339.321371,0.047649,0.030993,0.434716
457,T457_UAV_7,BS_3,HAP_0,580.949869,580.781888,0.028137,0.014711,0.125666
457,T457_UAV_5,BS_0,HAP_1,475.905076,475.706315,0.027569,0.021442,0.248751
457,T457_UAV_8,BS_1,HAP_2,344.209574,344.017908,0.028554,0.012015,0.255481
457,T457_UAV_9,BS_1,LEO_1,532.30917,532.108859,0.045492,0.006217,0.243012
457,T457_UAV_17,BS_0,LEO_0,470.454354,470.196872,0.050395,0.020143,0.434716
457,T457_UAV_2,BS_1,HAP_0,1155.394158,1155.215695,0.029055,0.024276,0.125666
457,T457_UAV_13,BS_1,HAP_1,697.030449,696.838617,0.029311,0.01277,0.248751
457,T457_UAV_4,BS_0,LEO_1,656.297737,656.091356,0.047415,0.010364,0.243012
457,T457_UAV_19,BS_0,LEO_0,525.029085,524.751523,0.050102,0.040517,0.434716
457,T457_UAV_16,BS_4,HAP_2,638.369088,638.166652,0.031482,0.019858,0.255481
457,T457_UAV_10,BS_4,BS_2,663.893065,663.67229,0.051449,0.012853,0.282365
457,T457_UAV_12,BS_4,HAP_0,1398.626271,1398.443741,0.031006,0.026392,0.125666
457,T457_UAV_18,BS_2,LEO_1,923.585501,923.366589,0.051495,0.018815,0.243012
457,T457_UAV_11,BS_2,HAP_1,1066.028293,1065.836669,0.033817,0.008057,0.248751
457,T457_UAV_0,BS_2,HAP_0,1737.60912,1737.44001,0.032903,0.011074,0.125666
457,T457_UAV_3,BS_3,HAP_0,1748.265793,1748.097029,0.035136,0.008495,0.125666
458,T458_UAV_12,BS_4,LEO_1,321.348453,321.29661,0.003458,0.010465,0.189597
458,T458_UAV_17,BS_0,LEO_0,245.962583,245.744972,0.045422,0.031805,0.201911
458,T458_UAV_16,BS_4,HAP_0,438.333583,438.129485,0.027326,0.044414,0.161788
458,T458_UAV_2,BS_1,HAP_2,343.966607,343.911191,0.003626,0.014525,0.186323
458,T458_UAV_7,BS_3,HAP_1,354.6014,354.543721,0.00286,0.01361,0.206044
458,T458_UAV_0,BS_2,LEO_1,507.855092,507.798364,0.006066,0.012742,0.189597
458,T458_UAV_19,BS_0,LEO_0,382.058234,381.847878,0.047346,0.022627,0.201911
458,T458_UAV_14,BS_4,HAP_1,411.063344,410.996759,0.003093,0.022283,0.206044
458,T458_UAV_1,BS_0,LEO_1,550.83073,550.76942,0.005177,0.018214,0.189597
458,T458_UAV_8,BS_1,HAP_0,667.47248,667.283051,0.02764,0.029431,0.161788
458,T458_UAV_18,BS_2,HAP_2,493.779806,493.726547,0.006338,0.009655,0.186323
458,T458_UAV_15,BS_1,LEO_0,653.410205,653.204264,0.054051,0.011507,0.201911
458,T458_UAV_13,BS_1,LEO_1,692.879145,692.815092,0.005812,0.020321,0.189597
458,T458_UAV_6,BS_3,BS_4,744.677537,744.439295,0.056494,0.01741,0.32169
458,T458_UAV_4,BS_0,BS_3,798.471726,798.196989,0.059852,0.052967,0.309587
458,T458_UAV_3,BS_3,HAP_0,1180.401933,1180.2152,0.033146,0.021229,0.161788
459,T459_UAV_12,BS_4,LEO_1,274.167379,274.10283,0.00295,0.009448,0.260756
459,T459_UAV_10,BS_4,LEO_0,291.711372,291.502808,0.044645,0.022583,0.206678
459,T459_UAV_1,BS_0,HAP_0,235.810549,235.737158,0.001649,0.024782,0.2348
459,T459_UAV_14,BS_4,HAP_1,248.336697,248.243128,0.001869,0.029641,0.310292
459,T459_UAV_4,BS_0,HAP_2,262.613991,262.416611,0.027614,0.027169,0.212988
459,T459_UAV_5,BS_0,LEO_1,372.533367,372.472413,0.004227,0.004576,0.260756
459,T459_UAV_11,BS_2,LEO_0,414.635702,414.422572,0.047477,0.024317,0.206678
459,T459_UAV_15,BS_1,HAP_0,328.825906,328.765128,0.00151,0.012308,0.2348
459,T459_UAV_0,BS_2,LEO_1,486.133258,486.070082,0.005806,0.005219,0.260756
459,T459_UAV_18,BS_2,LEO_0,517.165095,516.949576,0.049734,0.02445,0.206678
459,T459_UAV_3,BS_3,HAP_1,452.067071,451.997032,0.003468,0.004512,0.310292
459,T459_UAV_17,BS_0,HAP_2,474.737359,474.547091,0.03006,0.017611,0.212988
459,T459_UAV_19,BS_0,BS_2,497.761383,497.513656,0.041069,0.054392,0.261327
459,T459_UAV_6,BS_3,BS_4,575.205273,574.974489,0.045908,0.015534,0.346715
459,T459_UAV_7,BS_3,BS_1,688.735659,688.398937,0.052993,0.06569,0.590195
459,T459_UAV_9,BS_1,LEO_1,794.093128,794.013071,0.008216,0.01969,0.260756
459,T459_UAV_16,BS_4,LEO_0,965.819854,965.599008,0.056109,0.023401,0.206678
460,T460_UAV_11,BS_2,LEO_1,234.673616,234.588862,0.003515,0.011894,0.346726
460,T460_UAV_15,BS_1,LEO_0,322.447936,322.364004,0.005391,0.026804,0.258681
460,T460_UAV_2,BS_1,HAP_1,277.371147,277.286317,0.002801,0.013692,0.341689
460,T460_UAV_13,BS_1,HAP_0,498.68026,498.477509,0.027684,0.029437,0.228149
460,T460_UAV_17,BS_0,HAP_2,371.935904,371.86704,0.003965,0.018837,0.230316
460,T460_UAV_19,BS_0,LEO_1,379.586787,379.501054,0.004638,0.01175,0.346726
460,T460_UAV_6,BS_3,LEO_0,517.106027,517.038464,0.009056,0.006771,0.258681
460,T460_UAV_10,BS_4,HAP_1,424.841663,424.758842,0.003387,0.011097,0.341689
460,T460_UAV_9,BS_1,HAP_0,661.55555,661.374073,0.027502,0.008345,0.228149
460,T460_UAV_3,BS_3,LEO_1,473.690525,473.599288,0.00739,0.014502,0.346726
460,T460_UAV_8,BS_1,LEO_0,696.879739,696.800597,0.011468,0.015938,0.258681
460,T460_UAV_14,BS_4,HAP_2,578.709693,578.638743,0.005666,0.019221,0.230316
460,T460_UAV_5,BS_0,BS_3,597.37515,597.106578,0.047291,0.054012,0.336348
460,T460_UAV_1,BS_0,BS_2,636.761611,636.530911,0.049753,0.03345,0.237481
460,T460_UAV_16,BS_4,BS_1,676.682512,676.353286,0.052241,0.089715,0.436353
460,T460_UAV_0,BS_2,LEO_0,853.320161,853.235779,0.015575,0.017071,0.258681
460,T460_UAV_7,BS_3,HAP_0,1149.781241,1149.576273,0.032338,0.027001,0.228149
460,T460_UAV_12,BS_4,BS_4,203.060207,202.846082,0.022662,0.021586,0.349394
461,T461_UAV_4,BS_0,LEO_1,283.561975,283.376628,0.043193,0.011841,0.151565
461,T461_UAV_8,BS_1,LEO_0,222.084939,221.866661,0.044679,0.032531,0.205342
461,T461_UAV_19,BS_0,HAP_1,240.532687,240.370546,0.026711,0.015004,0.10213
461,T461_UAV_3,BS_3,HAP_0,296.670783,296.615081,0.002399,0.011567,0.208681
461,T461_UAV_17,BS_0,HAP_2,312.912332,312.850402,0.003332,0.005438,0.265803
461,T461_UAV_2,BS_1,LEO_1,449.390301,449.208248,0.044701,0.007038,0.151565
461,T461_UAV_9,BS_1,LEO_0,468.741409,468.544579,0.04986,0.005902,0.205342
461,T461_UAV_1,BS_0,HAP_0,503.121117,503.065717,0.003524,0.01014,0.208681
461,T461_UAV_15,BS_1,HAP_1,566.993345,566.838248,0.030592,0.004079,0.10213
461,T461_UAV_16,BS_4,LEO_1,821.540157,821.342848,0.048965,0.018031,0.151565
461,T461_UAV_5,BS_0,HAP_2,628.777393,628.70393,0.006321,0.013982,0.265803
461,T461_UAV_10,BS_4,LEO_0,639.872625,639.660336,0.053079,0.018141,0.205342
461,T461_UAV_7,BS_3,BS_2,672.400715,672.192336,0.051981,0.015392,0.20503
461,T461_UAV_11,BS_2,LEO_1,960.725573,960.535293,0.051342,0.008625,0.151565
461,T461_UAV_18,BS_2,BS_3,201.641061,201.336278,0.022567,0.084765,0.487254
462,T462_UAV_16,BS_4,LEO_1,282.85766,282.808952,0.003089,0.004241,0.206895
462,T462_UAV_7,BS_3,LEO_0,305.269467,305.073902,0.045467,0.008935,0.205817
462,T462_UAV_0,BS_2,HAP_1,247.927766,247.854113,0.002494,0.02313,0.240145
462,T462_UAV_5,BS_0,HAP_0,254.46936,254.389431,0.002139,0.025439,0.261755
462,T462_UAV_6,BS_3,HAP_2,257.535968,257.457647,0.002827,0.007627,0.339335
462,T462_UAV_12,BS_4,LEO_1,353.683778,353.617901,0.003804,0.020694,0.206895
462,T462_UAV_19,BS_0,LEO_0,444.212478,443.998009,0.046666,0.02664,0.205817
462,T462_UAV_17,BS_0,HAP_1,338.777238,338.704173,0.002203,0.022833,0.240145
462,T462_UAV_10,BS_4,HAP_0,384.157272,384.081312,0.002169,0.02144,0.261755
462,T462_UAV_8,BS_1,LEO_1,579.259325,579.206322,0.006043,0.005581,0.206895
462,T462_UAV_1,BS_0,LEO_0,728.688271,728.465868,0.050481,0.030758,0.205817
462,T462_UAV_4,BS_0,HAP_2,679.553554,679.473588,0.006758,0.005341,0.339335
462,T462_UAV_15,BS_1,BS_3,691.541201,691.29557,0.053174,0.035622,0.284178
462,T462_UAV_2,BS_1,BS_2,709.614269,709.388342,0.054305,0.025553,0.230346
462,T462_UAV_18,BS_2,LEO_1,964.371372,964.31124,0.011979,0.006773,0.206895
462,T462_UAV_14,BS_4,LEO_0,989.17671,988.958616,0.05624,0.02069,0.205817
463,T463_UAV_3,BS_3,LEO_1,298.040396,297.968713,0.003653,0.010526,0.287524
463,T463_UAV_19,BS_0,LEO_0,492.567304,492.353432,0.04947,0.012163,0.261198
463,T463_UAV_17,BS_0,HAP_1,518.126155,518.066747,0.003363,0.003909,0.260679
463,T463_UAV_13,BS_1,HAP_2,787.341201,787.173741,0.029476,0.007504,0.152398
463,T463_UAV_1,BS_0,HAP_0,544.466015,544.389133,0.003818,0.00469,0.341869
463,T463_UAV_16,BS_4,LEO_1,761.633037,761.553442,0.008317,0.013774,0.287524
463,T463_UAV_8,BS_1,LEO_0,590.678683,590.450099,0.052478,0.023866,0.261198
463,T463_UAV_9,BS_1,HAP_2,881.407237,881.239146,0.032599,0.005013,0.152398
463,T463_UAV_14,BS_4,HAP_1,590.906448,590.83143,0.004461,0.018421,0.260679
463,T463_UAV_10,BS_4,LEO_1,869.271542,869.201598,0.008948,0.003491,0.287524
463,T463_UAV_18,BS_2,HAP_0,720.052017,719.958535,0.004629,0.020479,0.341869
463,T463_UAV_2,BS_1,LEO_0,743.210668,742.986119,0.055756,0.016553,0.261198
463,T463_UAV_5,BS_0,HAP_2,1045.744898,1045.57699,0.033728,0.003701,0.152398
463,T463_UAV_15,BS_1,LEO_1,1063.938157,1063.854054,0.011316,0.015283,0.287524
464,T464_UAV_13,BS_1,LEO_0,354.229769,354.013849,0.044695,0.020501,0.25362
464,T464_UAV_2,BS_1,LEO_1,512.182878,512.094076,0.006748,0.014381,0.338365
464,T464_UAV_3,BS_3,HAP_0,993.574288,993.414788,0.030766,0.004776,0.119786
464,T464_UAV_14,BS_4,HAP_2,428.155453,427.968135,0.029194,0.005358,0.263828
464,T464_UAV_11,BS_2,HAP_1,546.785347,546.691606,0.005439,0.013385,0.374584
464,T464_UAV_15,BS_1,LEO_0,704.94774,704.73825,0.051744,0.007022,0.25362
464,T464_UAV_0,BS_2,LEO_1,603.527379,603.447293,0.009144,0.003268,0.338365
464,T464_UAV_10,BS_4,HAP_0,1288.832811,1288.672605,0.030644,0.005605,0.119786
464,T464_UAV_6,BS_3,LEO_0,720.871345,720.641532,0.052589,0.0265,0.25362
464,T464_UAV_1,BS_0,HAP_2,559.19712,558.992693,0.029223,0.022438,0.263828
464,T464_UAV_17,BS_0,HAP_1,737.195094,737.103402,0.004777,0.011999,0.374584
464,T464_UAV_8,BS_1,LEO_1,754.921095,754.83741,0.009933,0.006079,0.338365
464,T464_UAV_19,BS_0,BS_3,799.807736,799.493893,0.059933,0.053419,0.502448
464,T464_UAV_18,BS_2,LEO_0,955.87019,955.645303,0.057966,0.016197,0.25362
464,T464_UAV_12,BS_4,HAP_0,1686.698254,1686.530552,0.032189,0.011556,0.119786
464,T464_UAV_4,BS_0,HAP_0,1830.956987,1830.790124,0.036271,0.006635,0.119786
464,T464_UAV_7,BS_3,HAP_0,1873.10348,1872.924004,0.035184,0.020335,0.119786
465,T465_UAV_6,BS_3,LEO_1,446.483422,446.301563,0.044402,0.016681,0.103879
465,T465_UAV_11,BS_2,LEO_0,422.273433,422.205697,0.007643,0.012128,0.239824
465,T465_UAV_9,BS_1,HAP_1,500.547382,500.38334,0.029214,0.004944,0.149423
465,T465_UAV_7,BS_3,HAP_0,379.860891,379.632836,0.027823,0.009418,0.45407
465,T465_UAV_17,BS_0,HAP_2,578.212162,578.004145,0.030076,0.019494,0.292231
465,T465_UAV_18,BS_2,LEO_1,677.520488,677.345502,0.047019,0.007192,0.103879
465,T465_UAV_13,BS_1,LEO_0,575.618163,575.546828,0.007647,0.015723,0.239824
465,T465_UAV_4,BS_0,HAP_1,655.454935,655.288805,0.028329,0.007915,0.149423
465,T465_UAV_15,BS_1,HAP_0,439.398271,439.145069,0.027004,0.035385,0.45407
465,T465_UAV_2,BS_1,LEO_1,812.273209,812.092204,0.047131,0.013099,0.103879
465,T465_UAV_3,BS_3,LEO_0,741.268485,741.171913,0.013358,0.03525,0.239824
465,T465_UAV_8,BS_1,HAP_2,963.658553,963.445001,0.033305,0.021801,0.292231
465,T465_UAV_16,BS_4,BS_2,650.493263,650.213488,0.050608,0.073774,0.276967
465,T465_UAV_5,BS_0,LEO_1,863.136215,862.963359,0.048153,0.003927,0.103879
465,T465_UAV_1,BS_0,HAP_1,821.369057,821.193191,0.02936,0.016622,0.149423
465,T465_UAV_10,BS_4,LEO_0,959.688642,959.61937,0.015244,0.006063,0.239824
465,T465_UAV_12,BS_4,LEO_1,975.212419,975.033953,0.048812,0.008878,0.103879
465,T465_UAV_0,BS_2,HAP_2,1166.011495,1165.799972,0.036543,0.016534,0.292231
466,T466_UAV_7,BS_3,LEO_1,219.851959,219.654203,0.043367,0.007392,0.234986
466,T466_UAV_12,BS_4,LEO_0,244.863542,244.79088,0.005228,0.014175,0.266292
466,T466_UAV_1,BS_0,HAP_1,255.149896,254.970547,0.026533,0.011652,0.205827
466,T466_UAV_0,BS_2,HAP_0,515.274463,515.092304,0.027491,0.017994,0.183372
466,T466_UAV_2,BS_1,HAP_2,431.007499,430.826894,0.028724,0.01351,0.191851
466,T466_UAV_19,BS_0,LEO_1,319.638033,319.435233,0.043885,0.011917,0.234986
466,T466_UAV_5,BS_0,LEO_0,365.252724,365.174508,0.007759,0.017198,0.266292
466,T466_UAV_11,BS_2,HAP_0,778.203897,778.006095,0.028719,0.032408,0.183372
466,T466_UAV_3,BS_3,HAP_2,606.462743,606.274033,0.030755,0.019584,0.191851
466,T466_UAV_10,BS_4,HAP_1,421.322608,421.134016,0.028327,0.019099,0.205827
466,T466_UAV_9,BS_1,LEO_1,529.904444,529.694874,0.046933,0.015639,0.234986
466,T466_UAV_6,BS_3,LEO_0,650.898108,650.809263,0.014643,0.020944,0.266292
466,T466_UAV_15,BS_1,HAP_0,887.640137,887.459358,0.028431,0.015673,0.183372
466,T466_UAV_4,BS_0,HAP_2,698.496577,698.31226,0.030771,0.015175,0.191851
466,T466_UAV_16,BS_4,BS_3,745.495151,745.258908,0.056545,0.017384,0.311571
466,T466_UAV_17,BS_0,HAP_0,1180.607236,1180.413198,0.032666,0.024698,0.183372
467,T467_UAV_0,BS_2,LEO_1,343.083994,343.015551,0.004094,0.015365,0.244922
467,T467_UAV_19,BS_0,LEO_0,352.023609,351.92986,0.006775,0.01876,0.341072
467,T467_UAV_1,BS_0,HAP_1,327.90067,327.720932,0.026969,0.006398,0.231849
467,T467_UAV_6,BS_3,HAP_0,332.884359,332.665529,0.027542,0.041655,0.248165
467,T467_UAV_11,BS_2,HAP_2,986.906813,986.834563,0.007743,0.02812,0.181941
467,T467_UAV_9,BS_1,LEO_1,549.273439,549.208267,0.005711,0.010477,0.244922
467,T467_UAV_4,BS_0,LEO_0,662.854274,662.750449,0.013998,0.021613,0.341072
467,T467_UAV_12,BS_4,HAP_2,1124.937051,1124.874992,0.007789,0.017882,0.181941
467,T467_UAV_15,BS_1,LEO_1,801.347724,801.276253,0.008497,0.013989,0.244922
467,T467_UAV_5,BS_0,HAP_1,653.212902,653.024683,0.028917,0.012932,0.231849
467,T467_UAV_13,BS_1,HAP_0,685.671081,685.448732,0.029269,0.043447,0.248165
467,T467_UAV_10,BS_4,LEO_0,747.342982,747.251131,0.015208,0.008428,0.341072
467,T467_UAV_17,BS_0,BS_3,777.61466,777.3479,0.05855,0.01466,0.467745
467,T467_UAV_7,BS_3,HAP_2,1358.273371,1358.218096,0.010385,0.008502,0.181941
467,T467_UAV_16,BS_4,LEO_1,982.23177,982.15624,0.010727,0.015819,0.244922
467,T467_UAV_14,BS_4,HAP_2,1394.839024,1394.784694,0.009398,0.008543,0.181941
467,T467_UAV_18,BS_2,HAP_2,1842.144976,1842.07417,0.015152,0.019266,0.181941
468,T468_UAV_13,BS_1,LEO_1,338.594291,338.520242,0.002838,0.018997,0.261066
468,T468_UAV_7,BS_3,LEO_0,420.354196,420.169182,0.04625,0.01607,0.113468
468,T468_UAV_15,BS_1,HAP_1,292.81289,292.746936,0.002877,0.021334,0.208711
468,T468_UAV_17,BS_0,HAP_2,303.771347,303.571674,0.028206,0.023072,0.241973
468,T468_UAV_6,BS_3,HAP_0,342.389333,342.153269,0.027612,0.02362,0.424163
468,T468_UAV_12,BS_4,LEO_0,550.529002,550.353267,0.047564,0.005477,0.113468
468,T468_UAV_9,BS_1,LEO_1,526.473739,526.405461,0.005477,0.010588,0.261066
468,T468_UAV_5,BS_0,HAP_1,424.454383,424.398624,0.002542,0.011475,0.208711
468,T468_UAV_3,BS_3,LEO_0,742.270927,742.089348,0.051023,0.007862,0.113468
468,T468_UAV_2,BS_1,LEO_1,655.548656,655.472994,0.006821,0.016628,0.261066
468,T468_UAV_11,BS_2,HAP_2,522.771514,522.563936,0.031265,0.027918,0.241973
468,T468_UAV_8,BS_1,HAP_0,542.120037,541.87763,0.027317,0.030257,0.424163
468,T468_UAV_0,BS_2,BS_3,598.483587,598.213812,0.04736,0.059811,0.313023
468,T468_UAV_18,BS_2,LEO_0,806.737332,806.536388,0.05249,0.025761,0.113468
468,T468_UAV_19,BS_0,LEO_1,809.549265,809.474943,0.007844,0.014265,0.261066
468,T468_UAV_4,BS_0,LEO_0,1298.260787,1298.067901,0.057652,0.01254,0.113468
469,T469_UAV_0,BS_2,LEO_1,205.216235,205.137351,0.003107,0.005064,0.353566
469,T469_UAV_5,BS_0,LEO_0,206.171936,205.970325,0.044347,0.010258,0.235028
469,T469_UAV_1,BS_0,HAP_1,270.90406,270.830847,0.001628,0.006718,0.324338
469,T469_UAV_3,BS_3,HAP_0,962.335075,962.159237,0.030045,0.011343,0.172255
469,T469_UAV_9,BS_1,HAP_2,140.170658,139.954534,0.027119,0.014958,0.370239
469,T469_UAV_17,BS_0,LEO_0,331.132402,330.926122,0.04726,0.012014,0.235028
469,T469_UAV_15,BS_1,LEO_1,357.465053,357.384616,0.004777,0.004947,0.353566
469,T469_UAV_2,BS_1,HAP_0,1168.098501,1167.913376,0.028787,0.021887,0.172255
469,T469_UAV_14,BS_4,LEO_0,413.436472,413.228675,0.048727,0.012065,0.235028
469,T469_UAV_7,BS_3,BS_4,482.468957,482.238382,0.040115,0.044161,0.231495
469,T469_UAV_19,BS_0,HAP_0,1230.719499,1230.544522,0.030145,0.010381,0.172255
469,T469_UAV_13,BS_1,HAP_1,633.268586,633.187483,0.004419,0.011816,0.324338
469,T469_UAV_8,BS_1,BS_3,661.059935,660.823135,0.051271,0.030834,0.273478
469,T469_UAV_11,BS_2,LEO_1,767.864056,767.764262,0.011538,0.017543,0.353566
469,T469_UAV_12,BS_4,HAP_0,1384.876609,1384.677137,0.030428,0.034593,0.172255
469,T469_UAV_10,BS_4,HAP_0,1409.027451,1408.841072,0.030699,0.02123,0.172255
469,T469_UAV_18,BS_2,HAP_0,2441.741298,2441.546157,0.035788,0.024903,0.172255
469,T469_UAV_4,BS_0,HAP_0,2582.585965,2582.392918,0.039312,0.019284,0.172255
470,T470_UAV_16,BS_4,LEO_1,282.760755,282.569542,0.043079,0.004986,0.215743
470,T470_UAV_1,BS_0,LEO_0,466.809172,466.587246,0.046723,0.020619,0.27292
470,T470_UAV_14,BS_4,HAP_1,383.929062,383.83814,0.002911,0.021269,0.333705
470,T470_UAV_9,BS_1,HAP_2,401.790033,401.593813,0.029191,0.021974,0.225276
470,T470_UAV_10,BS_4,HAP_0,468.639479,468.391947,0.027648,0.036484,0.417004
470,T470_UAV_12,BS_4,LEO_1,594.32681,594.122795,0.046377,0.014489,0.215743
470,T470_UAV_8,BS_1,LEO_0,600.123684,599.894235,0.049869,0.024996,0.27292
470,T470_UAV_11,BS_2,HAP_1,476.378494,476.288984,0.004754,0.018015,0.333705
470,T470_UAV_15,BS_1,HAP_0,573.834796,573.607802,0.027606,0.015988,0.417004
470,T470_UAV_19,BS_0,LEO_1,793.038041,792.825063,0.04767,0.02216,0.215743
470,T470_UAV_4,BS_0,LEO_0,816.362952,816.139389,0.053376,0.015603,0.27292
470,T470_UAV_2,BS_1,HAP_2,631.231431,631.032693,0.031536,0.022147,0.225276
470,T470_UAV_7,BS_3,BS_4,712.208598,711.914188,0.054462,0.056146,0.419012
470,T470_UAV_17,BS_0,BS_3,768.934266,768.685124,0.058009,0.025967,0.32583
470,T470_UAV_6,BS_3,BS_1,791.727345,791.445081,0.059431,0.054679,0.340775
470,T470_UAV_5,BS_0,LEO_1,905.763646,905.556039,0.050131,0.014329,0.215743
470,T470_UAV_13,BS_1,LEO_0,1020.553237,1020.322568,0.05354,0.022546,0.27292
471,T471_UAV_9,BS_1,LEO_1,284.59213,284.392537,0.042957,0.017195,0.197205
471,T471_UAV_18,BS_2,LEO_0,298.482622,298.426217,0.005597,0.014102,0.183531
471,T471_UAV_1,BS_0,HAP_1,256.205672,256.033319,0.026535,0.012246,0.167861
471,T471_UAV_2,BS_1,HAP_0,267.773866,267.543718,0.026125,0.039487,0.322678
471,T471_UAV_19,BS_0,HAP_2,287.295695,287.228612,0.002381,0.027579,0.185609
471,T471_UAV_15,BS_1,LEO_1,537.884353,537.684595,0.045678,0.014639,0.197205
471,T471_UAV_5,BS_0,LEO_0,576.218286,576.158662,0.00947,0.013448,0.183531
471,T471_UAV_4,BS_0,HAP_1,451.298424,451.120702,0.027554,0.016595,0.167861
471,T471_UAV_14,BS_4,HAP_0,530.667136,530.42812,0.02839,0.046091,0.322678
471,T471_UAV_7,BS_3,LEO_1,709.648812,709.442642,0.048615,0.018114,0.197205
471,T471_UAV_12,BS_4,LEO_0,745.273722,745.220532,0.01238,0.004104,0.183531
471,T471_UAV_8,BS_1,HAP_2,707.327955,707.267145,0.007365,0.016323,0.185609
471,T471_UAV_16,BS_4,BS_3,710.848266,710.630724,0.054382,0.017951,0.226046
471,T471_UAV_10,BS_4,LEO_1,968.821402,968.615974,0.049885,0.016103,0.197205
471,T471_UAV_6,BS_3,LEO_0,991.246851,991.18704,0.017281,0.005824,0.183531
472,T472_UAV_16,BS_4,LEO_1,434.750843,434.562153,0.044739,0.005349,0.193014
472,T472_UAV_12,BS_4,LEO_0,467.757924,467.551062,0.047756,0.019843,0.196313
472,T472_UAV_2,BS_1,HAP_1,521.457025,521.392543,0.005226,0.012161,0.235474
472,T472_UAV_13,BS_1,LEO_1,527.494041,527.286746,0.044419,0.024273,0.193014
472,T472_UAV_6,BS_3,HAP_0,544.764622,544.557679,0.029136,0.031976,0.229151
472,T472_UAV_14,BS_4,HAP_2,545.305758,545.111217,0.030363,0.022025,0.210763
472,T472_UAV_1,BS_0,LEO_0,560.829954,560.611621,0.048084,0.030987,0.196313
472,T472_UAV_8,BS_1,LEO_1,781.4685,781.26955,0.04814,0.012207,0.193014
472,T472_UAV_0,BS_2,LEO_0,821.511133,821.304418,0.054954,0.012499,0.196313
472,T472_UAV_9,BS_1,HAP_1,638.168419,638.100329,0.006469,0.014526,0.235474
472,T472_UAV_10,BS_4,HAP_0,747.31055,747.122912,0.029227,0.01258,0.229151
472,T472_UAV_15,BS_1,HAP_2,796.104614,795.911557,0.03332,0.017584,0.210763
472,T472_UAV_4,BS_0,LEO_1,836.6232,836.417754,0.04937,0.017472,0.193014
472,T472_UAV_19,BS_0,LEO_0,870.421841,870.215224,0.053058,0.014297,0.196313
473,T473_UAV_7,BS_3,LEO_1,432.777616,432.584804,0.043824,0.011841,0.185739
473,T473_UAV_12,BS_4,LEO_0,275.072041,275.005557,0.005874,0.018972,0.208189
473,T473_UAV_19,BS_0,HAP_2,418.904577,418.734742,0.027955,0.005515,0.181827
473,T473_UAV_13,BS_1,HAP_0,290.516045,290.305493,0.026834,0.04227,0.207243
473,T473_UAV_8,BS_1,HAP_1,291.434596,291.356704,0.002933,0.014832,0.300636
473,T473_UAV_9,BS_1,LEO_1,683.388453,683.197856,0.045239,0.00821,0.185739
473,T473_UAV_5,BS_0,LEO_0,413.484265,413.42682,0.008713,0.007093,0.208189
473,T473_UAV_18,BS_2,HAP_0,424.078927,423.861123,0.027686,0.048669,0.207243
473,T473_UAV_11,BS_2,HAP_1,433.599029,433.519593,0.004334,0.014975,0.300636
473,T473_UAV_6,BS_3,LEO_1,935.184882,934.981122,0.04799,0.018622,0.185739
473,T473_UAV_1,BS_0,LEO_0,521.059717,520.989692,0.009624,0.018762,0.208189
473,T473_UAV_3,BS_3,HAP_2,809.495967,809.299331,0.032638,0.027632,0.181827
473,T473_UAV_0,BS_2,LEO_1,1174.274849,1174.082546,0.050192,0.004964,0.185739
473,T473_UAV_14,BS_4,HAP_2,1048.605352,1048.427526,0.033626,0.007835,0.181827
473,T473_UAV_15,BS_1,LEO_1,1428.659069,1428.457455,0.051077,0.013389,0.185739
473,T473_UAV_10,BS_4,LEO_1,1516.329358,1516.122886,0.051381,0.017943,0.185739
474,T474_UAV_3,BS_3,LEO_1,212.67707,212.47419,0.04328,0.017302,0.211489
474,T474_UAV_17,BS_0,LEO_0,220.99216,220.910851,0.004842,0.021157,0.276549
474,T474_UAV_4,BS_0,HAP_1,509.911785,509.742315,0.027225,0.00571,0.182671
474,T474_UAV_18,BS_2,HAP_0,239.868424,239.794356,0.001519,0.024945,0.238018
474,T474_UAV_13,BS_0,HAP_2,320.717709,320.656005,0.00207,0.011672,0.23981
474,T474_UAV_2,BS_1,LEO_1,405.314354,405.110909,0.045276,0.015872,0.211489
474,T474_UAV_10,BS_4,LEO_0,405.139857,405.058842,0.008189,0.017517,0.276549
474,T474_UAV_6,BS_3,HAP_0,432.970466,432.897852,0.003282,0.021729,0.238018
474,T474_UAV_11,BS_2,HAP_1,1146.707312,1146.534015,0.03283,0.003933,0.182671
474,T474_UAV_1,BS_0,LEO_1,568.602785,568.39535,0.046738,0.018399,0.211489
474,T474_UAV_0,BS_2,LEO_0,587.212779,587.132919,0.013793,0.010757,0.276549
474,T474_UAV_7,BS_3,HAP_2,606.17727,606.112593,0.007084,0.009631,0.23981
474,T474_UAV_9,BS_1,BS_3,666.171069,665.908259,0.051588,0.044729,0.332463
474,T474_UAV_15,BS_1,BS_4,765.171529,764.888655,0.057772,0.028621,0.482407
474,T474_UAV_19,BS_0,HAP_1,1364.694112,1364.506578,0.032315,0.018686,0.182671
474,T474_UAV_5,BS_0,BS_1,800.201344,799.918677,0.05996,0.051797,0.354545
474,T474_UAV_8,BS_1,HAP_1,1610.57517,1610.397195,0.036061,0.00538,0.182671
474,T474_UAV_14,BS_4,HAP_1,1734.50138,1734.325359,0.034595,0.004891,0.182671
475,T475_UAV_4,BS_0,LEO_1,294.666871,294.452714,0.043288,0.022187,0.243411
475,T475_UAV_18,BS_2,LEO_0,326.753499,326.658879,0.007894,0.010101,0.383126
475,T475_UAV_7,BS_3,HAP_0,498.854756,498.767239,0.003234,0.028888,0.276978
475,T475_UAV_14,BS_4,HAP_1,359.801322,359.612793,0.027733,0.00796,0.264179
475,T475_UAV_3,BS_3,HAP_2,367.239006,367.166515,0.004215,0.008048,0.301137
475,T475_UAV_15,BS_1,LEO_1,715.808947,715.58517,0.047536,0.027558,0.243411
475,T475_UAV_1,BS_0,LEO_0,542.45928,542.361857,0.010025,0.010773,0.383126
475,T475_UAV_10,BS_4,HAP_0,817.422663,817.346525,0.004108,0.016634,0.276978
475,T475_UAV_16,BS_4,HAP_1,551.198004,550.996768,0.029409,0.018991,0.264179
475,T475_UAV_13,BS_0,LEO_1,747.074793,746.854135,0.046266,0.02571,0.243411
475,T475_UAV_2,BS_1,BS_3,564.367294,564.151436,0.045232,0.011736,0.29445
475,T475_UAV_0,BS_2,LEO_0,621.401063,621.290552,0.014593,0.019293,0.383126
475,T475_UAV_6,BS_3,HAP_2,624.104502,624.021324,0.006786,0.016165,0.301137
475,T475_UAV_9,BS_1,BS_4,644.311829,644.07058,0.050224,0.027244,0.318903
475,T475_UAV_12,BS_4,BS_2,668.245697,667.994857,0.051719,0.05154,0.237902
475,T475_UAV_19,BS_0,BS_1,767.084999,766.839665,0.057894,0.016355,0.355432
475,T475_UAV_17,BS_0,LEO_1,931.689589,931.482646,0.050826,0.007435,0.243411
475,T475_UAV_5,BS_0,HAP_0,1162.84508,1162.763235,0.008302,0.018148,0.276978
476,T476_UAV_12,BS_4,LEO_1,282.830038,282.773606,0.003036,0.014173,0.196112
476,T476_UAV_7,BS_3,LEO_0,339.795778,339.605933,0.046146,0.013962,0.14868
476,T476_UAV_1,BS_0,HAP_1,279.582078,279.386152,0.02667,0.024464,0.223964
476,T476_UAV_16,BS_4,HAP_0,292.17522,292.068525,0.001797,0.03483,0.350345
476,T476_UAV_11,BS_2,HAP_2,388.225192,388.137142,0.004677,0.010702,0.363356
476,T476_UAV_5,BS_0,LEO_1,560.764863,560.709984,0.006232,0.009424,0.196112
476,T476_UAV_3,BS_3,LEO_0,714.98561,714.798565,0.052798,0.004511,0.14868
476,T476_UAV_10,BS_4,HAP_0,553.475284,553.383646,0.003137,0.018431,0.350345
476,T476_UAV_4,BS_0,LEO_1,772.108518,772.045979,0.008636,0.014681,0.196112
476,T476_UAV_8,BS_1,LEO_0,835.542937,835.349752,0.053757,0.009692,0.14868
476,T476_UAV_15,BS_1,HAP_1,631.865914,631.682656,0.031174,0.007291,0.223964
476,T476_UAV_17,BS_0,BS_4,661.670734,661.426005,0.051308,0.03407,0.29675
476,T476_UAV_2,BS_1,HAP_2,761.707514,761.609488,0.007827,0.017529,0.363356
476,T476_UAV_13,BS_0,BS_3,765.148306,764.877378,0.057771,0.034092,0.395323
476,T476_UAV_9,BS_1,BS_2,773.001737,772.71238,0.05826,0.076776,0.271603
476,T476_UAV_18,BS_2,BS_1,783.640242,783.362084,0.058926,0.051524,0.338543
476,T476_UAV_14,BS_4,LEO_1,1019.281964,1019.207863,0.011048,0.02383,0.196112
476,T476_UAV_19,BS_0,LEO_0,1065.013908,1064.816896,0.055975,0.0113,0.14868
477,T477_UAV_5,BS_0,LEO_1,259.106695,259.038879,0.003638,0.00557,0.293036
477,T477_UAV_4,BS_0,HAP_0,363.133966,362.96755,0.027703,0.00498,0.168668
477,T477_UAV_11,BS_2,LEO_0,363.021195,362.942827,0.0085,0.023543,0.231629
477,T477_UAV_9,BS_1,HAP_2,243.475607,243.318346,0.027554,0.008715,0.104959
477,T477_UAV_18,BS_2,HAP_1,398.168666,398.117813,0.004083,0.005664,0.205537
477,T477_UAV_19,BS_0,LEO_1,418.09394,418.025612,0.005071,0.00465,0.293036
477,T477_UAV_0,BS_2,LEO_0,470.986134,470.924441,0.011058,0.004309,0.231629
477,T477_UAV_2,BS_1,HAP_0,499.081605,498.893555,0.0269,0.027416,0.168668
477,T477_UAV_16,BS_4,HAP_1,523.717279,523.663253,0.004185,0.008733,0.205537
477,T477_UAV_6,BS_3,LEO_1,579.850281,579.764056,0.008603,0.019015,0.293036
477,T477_UAV_12,BS_4,HAP_2,594.224063,594.066406,0.031056,0.00561,0.104959
477,T477_UAV_3,BS_3,LEO_0,701.84398,701.769795,0.016196,0.011663,0.231629
477,T477_UAV_8,BS_1,BS_3,764.569519,764.338827,0.057737,0.034975,0.189898
477,T477_UAV_14,BS_4,HAP_0,1194.592975,1194.418691,0.031681,0.008869,0.168668
478,T478_UAV_12,BS_4,LEO_1,381.161994,380.969975,0.044082,0.005875,0.210309
478,T478_UAV_0,BS_2,LEO_0,303.643301,303.570158,0.007127,0.004368,0.30824
478,T478_UAV_7,BS_3,HAP_1,487.670022,487.496121,0.028396,0.009186,0.181595
478,T478_UAV_3,BS_3,HAP_2,351.7244,351.675849,0.004026,0.005688,0.194187
478,T478_UAV_9,BS_1,HAP_0,383.256351,383.07619,0.02662,0.005438,0.24052
478,T478_UAV_10,BS_4,LEO_1,523.378851,523.178619,0.045298,0.012872,0.210309
478,T478_UAV_6,BS_3,LEO_0,467.110538,467.027889,0.010453,0.010548,0.30824
478,T478_UAV_1,BS_0,HAP_1,612.625812,612.449697,0.028229,0.011566,0.181595
478,T478_UAV_14,BS_4,HAP_0,469.384006,469.194573,0.027992,0.013336,0.24052
478,T478_UAV_2,BS_1,HAP_2,497.434058,497.380503,0.005097,0.009621,0.194187
478,T478_UAV_19,BS_0,LEO_1,751.86862,751.656549,0.047247,0.022762,0.210309
478,T478_UAV_18,BS_2,LEO_0,576.53971,576.443832,0.013911,0.020319,0.30824
478,T478_UAV_13,BS_0,BS_3,595.46346,595.237295,0.047174,0.017379,0.308058
478,T478_UAV_15,BS_1,BS_4,644.448444,644.180601,0.050231,0.049196,0.342077
478,T478_UAV_8,BS_1,BS_2,645.470798,645.208981,0.050295,0.048368,0.315767
478,T478_UAV_5,BS_0,LEO_1,879.336229,879.133484,0.04974,0.010943,0.210309
478,T478_UAV_16,BS_4,HAP_1,1109.957132,1109.761886,0.032577,0.02635,0.181595
479,T479_UAV_10,BS_4,LEO_1,335.029209,334.824063,0.043385,0.019566,0.210974
479,T479_UAV_14,BS_4,LEO_0,281.932198,281.854787,0.005976,0.004559,0.334379
479,T479_UAV_3,BS_3,HAP_1,272.268004,272.204742,0.002026,0.010489,0.253728
479,T479_UAV_7,BS_3,HAP_0,327.340787,327.155352,0.027471,0.009854,0.240551
479,T479_UAV_11,BS_2,HAP_2,362.317081,362.23906,0.004372,0.017286,0.281819
479,T479_UAV_1,BS_0,LEO_1,598.436057,598.22175,0.045662,0.026451,0.210974
479,T479_UAV_9,BS_1,LEO_0,467.761342,467.672586,0.009948,0.011932,0.334379
479,T479_UAV_2,BS_1,HAP_1,513.53697,513.461076,0.005123,0.020026,0.253728
479,T479_UAV_15,BS_1,HAP_0,561.785334,561.587798,0.02753,0.021895,0.240551
479,T479_UAV_5,BS_0,LEO_1,785.065255,784.855489,0.048684,0.018887,0.210974
479,T479_UAV_13,BS_0,LEO_0,588.77073,588.683759,0.009958,0.010137,0.334379
479,T479_UAV_0,BS_2,HAP_2,601.72404,601.640798,0.007271,0.019608,0.281819
479,T479_UAV_17,BS_0,BS_3,649.005382,648.741829,0.050516,0.056506,0.282656
479,T479_UAV_8,BS_1,BS_4,718.503793,718.245411,0.054858,0.032453,0.355356
479,T479_UAV_12,BS_4,BS_2,722.881012,722.643368,0.055133,0.036659,0.229264
479,T479_UAV_19,BS_0,BS_1,737.487566,737.245642,0.056045,0.015146,0.35367
479,T479_UAV_4,BS_0,LEO_1,1015.777192,1015.560935,0.051332,0.022731,0.210974
480,T480_UAV_13,BS_0,LEO_1,239.280285,239.228975,0.002508,0.007205,0.207984
480,T480_UAV_4,BS_0,LEO_0,450.590904,450.395901,0.046075,0.020903,0.140129
480,T480_UAV_18,BS_2,HAP_1,272.450552,272.362296,0.002792,0.022138,0.316629
480,T480_UAV_10,BS_4,HAP_0,303.226418,303.024348,0.026718,0.030722,0.223147
480,T480_UAV_12,BS_4,LEO_1,432.24414,432.170734,0.005858,0.025952,0.207984
480,T480_UAV_7,BS_3,HAP_2,584.9904,584.903133,0.006884,0.010523,0.349301
480,T480_UAV_17,BS_0,LEO_0,772.524396,772.331491,0.050843,0.014035,0.140129
480,T480_UAV_19,BS_0,LEO_1,473.944638,473.878145,0.005741,0.019155,0.207984
480,T480_UAV_14,BS_4,HAP_0,475.187852,474.97962,0.028027,0.035576,0.223147
480,T480_UAV_3,BS_3,LEO_0,1028.633687,1028.446079,0.055184,0.004398,0.140129
480,T480_UAV_6,BS_3,HAP_1,629.203055,629.118696,0.004655,0.016378,0.316629
480,T480_UAV_11,BS_2,BS_3,687.757292,687.508289,0.052938,0.040313,0.278761
480,T480_UAV_8,BS_1,HAP_2,783.104203,783.02196,0.00819,0.004193,0.349301
480,T480_UAV_0,BS_2,LEO_0,1261.131412,1260.935088,0.058946,0.009352,0.140129
480,T480_UAV_15,BS_1,LEO_0,1323.069101,1322.874603,0.058084,0.008389,0.140129
481,T481_UAV_14,BS_4,LEO_1,245.941578,245.73977,0.04336,0.016524,0.209618
481,T481_UAV_2,BS_1,LEO_0,342.316086,342.111763,0.045556,0.018976,0.198954
481,T481_UAV_6,BS_3,HAP_0,457.988007,457.923753,0.002962,0.022648,0.193221
481,T481_UAV_7,BS_3,HAP_2,483.747618,483.580945,0.029661,0.015092,0.109596
481,T481_UAV_19,BS_0,HAP_1,421.327032,421.224012,0.003117,0.025299,0.37302
481,T481_UAV_8,BS_1,LEO_1,343.315282,343.10346,0.044502,0.025397,0.209618
481,T481_UAV_16,BS_4,LEO_0,530.09058,529.883083,0.048817,0.018889,0.198954
481,T481_UAV_15,BS_1,HAP_0,633.10288,633.043099,0.002582,0.018554,0.193221
481,T481_UAV_5,BS_0,LEO_1,442.447463,442.237266,0.04617,0.022103,0.209618
481,T481_UAV_11,BS_2,LEO_0,715.255603,715.058888,0.052991,0.003933,0.198954
481,T481_UAV_17,BS_0,HAP_2,861.215965,861.057708,0.032462,0.003877,0.109596
481,T481_UAV_13,BS_0,HAP_1,603.356115,603.264241,0.004087,0.013183,0.37302
481,T481_UAV_0,BS_2,BS_3,722.154024,721.918819,0.055087,0.017626,0.312455
481,T481_UAV_9,BS_1,LEO_0,791.125463,790.916732,0.053089,0.015852,0.198954
481,T481_UAV_3,BS_3,HAP_0,970.425088,970.365299,0.006733,0.014412,0.193221
481,T481_UAV_1,BS_0,HAP_2,986.753481,986.595333,0.031465,0.004764,0.109596
481,T481_UAV_4,BS_0,BS_1,202.719947,202.493027,0.022639,0.046391,0.289446
482,T482_UAV_13,BS_0,LEO_1,302.22558,302.158058,0.002542,0.02313,0.20925
482,T482_UAV_0,BS_2,LEO_0,437.790005,437.713228,0.007965,0.019869,0.24471
482,T482_UAV_2,BS_1,HAP_1,418.410494,418.256513,0.028473,0.004282,0.10613
482,T482_UAV_9,BS_1,HAP_0,393.964492,393.77329,0.026673,0.020354,0.22088
482,T482_UAV_12,BS_4,HAP_2,447.498226,447.437478,0.004568,0.005134,0.255232
482,T482_UAV_14,BS_4,HAP_1,469.505388,469.351874,0.028082,0.004206,0.10613
482,T482_UAV_18,BS_2,LEO_1,688.870545,688.814527,0.008459,0.005709,0.20925
482,T482_UAV_3,BS_3,LEO_0,819.686563,819.606347,0.014637,0.016637,0.24471
482,T482_UAV_1,BS_0,LEO_1,828.906793,828.852164,0.007862,0.004917,0.20925
482,T482_UAV_6,BS_3,HAP_0,660.230728,660.037321,0.029947,0.019283,0.22088
482,T482_UAV_19,BS_0,LEO_0,904.185661,904.118518,0.013561,0.004641,0.24471
482,T482_UAV_4,BS_0,HAP_2,696.949424,696.884838,0.006787,0.006752,0.255232
482,T482_UAV_11,BS_2,BS_3,766.325835,766.066646,0.057845,0.027528,0.369076
482,T482_UAV_10,BS_4,HAP_1,916.127052,915.953677,0.031084,0.021064,0.10613
482,T482_UAV_8,BS_1,LEO_1,937.474747,937.404656,0.00977,0.018472,0.20925
482,T482_UAV_16,BS_4,LEO_0,1058.091881,1058.009994,0.017626,0.015319,0.24471
483,T483_UAV_3,BS_3,LEO_1,242.567693,242.357551,0.043725,0.020853,0.227819
483,T483_UAV_6,BS_3,LEO_0,290.803284,290.720034,0.006494,0.023858,0.264492
483,T483_UAV_14,BS_4,HAP_0,407.206764,407.142534,0.002595,0.019574,0.210302
483,T483_UAV_7,BS_3,HAP_1,1426.141961,1425.967621,0.032541,0.004908,0.184456
483,T483_UAV_0,BS_2,HAP_2,459.672499,459.478423,0.03054,0.017208,0.231639
483,T483_UAV_13,BS_0,LEO_1,498.322137,498.123788,0.04522,0.007565,0.227819
483,T483_UAV_16,BS_4,LEO_0,539.913796,539.839767,0.011563,0.009568,0.264492
483,T483_UAV_19,BS_0,HAP_1,1671.38788,1671.20195,0.033239,0.0158,0.184456
483,T483_UAV_5,BS_0,HAP_0,605.352196,605.278415,0.005076,0.026644,0.210302
483,T483_UAV_15,BS_1,LEO_1,656.240897,656.024973,0.048664,0.021697,0.227819
483,T483_UAV_4,BS_0,LEO_0,710.376606,710.291502,0.014843,0.017363,0.264492
483,T483_UAV_17,BS_0,HAP_1,1796.73506,1796.553088,0.032826,0.012254,0.184456
483,T483_UAV_11,BS_2,HAP_2,790.271163,790.085286,0.034549,0.004999,0.231639
483,T483_UAV_8,BS_1,HAP_1,2186.202769,2186.016241,0.038456,0.011181,0.184456
483,T483_UAV_18,BS_2,HAP_1,2235.556719,2235.361194,0.038822,0.019811,0.184456
483,T483_UAV_1,BS_0,HAP_1,2356.531515,2356.351576,0.034911,0.008136,0.184456
483,T483_UAV_9,BS_1,HAP_1,2581.396069,2581.206471,0.040874,0.011833,0.184456
484,T484_UAV_8,BS_1,LEO_1,575.232682,575.03277,0.043944,0.017738,0.191152
484,T484_UAV_18,BS_2,LEO_0,325.822872,325.60246,0.047821,0.016975,0.278085
484,T484_UAV_16,BS_4,HAP_2,569.87885,569.830229,0.004262,0.005357,0.195006
484,T484_UAV_1,BS_0,LEO_1,686.346859,686.157445,0.044333,0.00685,0.191152
484,T484_UAV_7,BS_3,LEO_0,396.372788,396.148358,0.04929,0.019524,0.278085
484,T484_UAV_10,BS_4,LEO_1,798.790702,798.580678,0.045319,0.026475,0.191152
484,T484_UAV_5,BS_0,HAP_2,748.49245,748.437659,0.005369,0.01042,0.195006
484,T484_UAV_2,BS_1,LEO_0,496.031804,495.806789,0.050325,0.019073,0.278085
484,T484_UAV_19,BS_0,LEO_1,889.742409,889.542229,0.045689,0.016261,0.191152
484,T484_UAV_9,BS_1,HAP_2,859.643967,859.59019,0.00668,0.008096,0.195006
484,T484_UAV_3,BS_3,BS_4,687.627119,687.390149,0.05293,0.032559,0.257406
484,T484_UAV_0,BS_2,BS_1,711.869828,711.60334,0.054443,0.054186,0.28929
484,T484_UAV_4,BS_0,LEO_1,1062.314727,1062.118596,0.047733,0.010168,0.191152
484,T484_UAV_14,BS_4,LEO_1,1083.900012,1083.686493,0.047714,0.027575,0.191152
484,T484_UAV_11,BS_2,HAP_2,1044.825141,1044.760859,0.00906,0.01622,0.195006
484,T484_UAV_17,BS_0,LEO_1,1343.167764,1342.969593,0.050127,0.009813,0.191152
485,T485_UAV_9,BS_1,LEO_1,339.026482,338.812377,0.043555,0.017648,0.264506
485,T485_UAV_17,BS_0,LEO_0,269.099037,269.028506,0.005859,0.021741,0.214649
485,T485_UAV_18,BS_2,HAP_0,280.017947,279.785465,0.026743,0.023562,0.41088
485,T485_UAV_11,BS_2,HAP_1,342.86417,342.62358,0.028443,0.007991,0.52078
485,T485_UAV_15,BS_1,HAP_2,351.975019,351.758371,0.028621,0.012399,0.37814
485,T485_UAV_14,BS_4,LEO_1,456.020871,455.814439,0.044943,0.008589,0.264506
485,T485_UAV_10,BS_4,LEO_0,479.264973,479.202529,0.009586,0.009928,0.214649
485,T485_UAV_3,BS_3,HAP_0,485.987716,485.751682,0.028948,0.02491,0.41088
485,T485_UAV_13,BS_0,HAP_1,538.764072,538.502136,0.028609,0.029171,0.52078
485,T485_UAV_8,BS_1,LEO_1,751.77431,751.560114,0.047825,0.01347,0.264506
485,T485_UAV_16,BS_4,LEO_0,602.054541,601.983086,0.012892,0.015633,0.214649
485,T485_UAV_5,BS_0,HAP_2,617.540459,617.308669,0.030901,0.025262,0.37814
485,T485_UAV_19,BS_0,BS_3,631.910766,631.654604,0.049449,0.033831,0.364411
485,T485_UAV_7,BS_3,BS_2,644.022046,643.767755,0.050205,0.051492,0.262963
485,T485_UAV_12,BS_4,BS_1,738.215158,737.936314,0.056088,0.052052,0.353521
485,T485_UAV_2,BS_1,LEO_1,942.684242,942.473594,0.04964,0.008107,0.264506
486,T486_UAV_4,BS_0,LEO_1,332.127977,332.051549,0.003697,0.021119,0.258055
486,T486_UAV_2,BS_1,LEO_0,262.737706,262.660326,0.005468,0.015568,0.281721
486,T486_UAV_15,BS_1,HAP_1,478.383212,478.193701,0.028887,0.03841,0.111069
486,T486_UAV_7,BS_3,HAP_0,331.229886,331.048424,0.027521,0.012237,0.208524
486,T486_UAV_8,BS_1,HAP_2,523.666306,523.485941,0.029552,0.011307,0.197534
486,T486_UAV_10,BS_4,LEO_1,474.785319,474.70718,0.004775,0.021753,0.258055
486,T486_UAV_13,BS_0,LEO_0,435.637279,435.561057,0.007364,0.012514,0.281721
486,T486_UAV_1,BS_0,HAP_1,745.73067,745.570744,0.028915,0.008798,0.111069
486,T486_UAV_16,BS_4,HAP_2,751.028919,750.831519,0.031305,0.026588,0.197534
486,T486_UAV_14,BS_4,LEO_1,673.786301,673.712287,0.007318,0.015085,0.258055
486,T486_UAV_9,BS_1,HAP_0,534.913112,534.737543,0.027283,0.006581,0.208524
486,T486_UAV_3,BS_3,LEO_0,686.637697,686.55235,0.015766,0.013236,0.281721
486,T486_UAV_6,BS_3,BS_4,709.075988,708.814317,0.054269,0.044751,0.313257
486,T486_UAV_0,BS_2,BS_3,754.404398,754.170692,0.057102,0.019797,0.284036
486,T486_UAV_12,BS_4,HAP_1,942.043508,941.863352,0.032064,0.025878,0.111069
486,T486_UAV_19,BS_0,LEO_1,1015.274484,1015.186674,0.009766,0.026433,0.258055
486,T486_UAV_18,BS_2,HAP_2,1056.471475,1056.289219,0.035809,0.00694,0.197534
487,T487_UAV_7,BS_3,LEO_1,277.870959,277.786214,0.004347,0.015648,0.323754
487,T487_UAV_4,BS_0,HAP_0,333.581884,333.52042,0.002486,0.007545,0.257163
487,T487_UAV_17,BS_0,LEO_0,332.455564,332.377871,0.007231,0.003541,0.334609
487,T487_UAV_6,BS_3,HAP_1,333.141683,332.949826,0.027464,0.006391,0.290008
487,T487_UAV_5,BS_0,HAP_2,344.040015,343.854312,0.028271,0.016087,0.206725
487,T487_UAV_18,BS_2,LEO_1,354.916996,354.828185,0.005521,0.018539,0.323754
487,T487_UAV_15,BS_1,LEO_0,424.419848,424.340608,0.008966,0.003353,0.334609
487,T487_UAV_1,BS_0,HAP_0,525.908925,525.821995,0.003241,0.032256,0.257163
487,T487_UAV_13,BS_0,LEO_1,473.85854,473.780032,0.004978,0.00878,0.323754
487,T487_UAV_0,BS_2,HAP_1,498.06014,497.834916,0.029923,0.037299,0.290008
487,T487_UAV_16,BS_4,HAP_2,562.058247,561.864033,0.030659,0.02221,0.206725
487,T487_UAV_8,BS_1,BS_3,568.099163,567.861909,0.045464,0.034486,0.286519
487,T487_UAV_14,BS_4,LEO_0,668.748986,668.657257,0.014203,0.010605,0.334609
487,T487_UAV_2,BS_1,BS_2,693.015042,692.748365,0.053265,0.054842,0.292849
487,T487_UAV_3,BS_3,BS_4,703.532903,703.260066,0.053922,0.051237,0.338389
487,T487_UAV_11,BS_2,BS_1,727.471845,727.214719,0.055418,0.024324,0.386918
487,T487_UAV_10,BS_4,HAP_0,1091.918735,1091.846346,0.005512,0.015445,0.257163
488,T488_UAV_7,BS_3,LEO_1,299.87183,299.645719,0.043683,0.030313,0.260573
488,T488_UAV_3,BS_3,LEO_0,468.664751,468.475047,0.045916,0.014436,0.146757
488,T488_UAV_12,BS_4,HAP_0,245.815703,245.60454,0.026295,0.027049,0.289094
488,T488_UAV_11,BS_2,HAP_1,246.021812,245.829923,0.027473,0.010046,0.27185
488,T488_UAV_19,BS_0,HAP_2,364.222813,364.025857,0.028019,0.01502,0.269589
488,T488_UAV_5,BS_0,LEO_1,527.747791,527.541777,0.045772,0.008128,0.260573
488,T488_UAV_17,BS_0,LEO_0,827.42382,827.24023,0.049951,0.004288,0.146757
488,T488_UAV_14,BS_4,LEO_0,854.930798,854.745843,0.050068,0.005535,0.146757
488,T488_UAV_10,BS_4,HAP_0,505.496136,505.288234,0.027876,0.022207,0.289094
488,T488_UAV_8,BS_1,HAP_1,559.276051,559.068698,0.030723,0.022261,0.27185
488,T488_UAV_4,BS_0,LEO_1,757.145419,756.926615,0.048421,0.018268,0.260573
488,T488_UAV_13,BS_0,LEO_0,917.570578,917.371125,0.048788,0.021313,0.146757
488,T488_UAV_6,BS_3,HAP_2,618.427542,618.217939,0.031654,0.024031,0.269589
488,T488_UAV_15,BS_1,BS_3,682.381962,682.095694,0.0526,0.072627,0.305208
488,T488_UAV_16,BS_4,BS_1,789.788001,789.529268,0.059311,0.035066,0.321778
488,T488_UAV_9,BS_1,LEO_1,843.908308,843.691913,0.048879,0.015401,0.260573
488,T488_UAV_18,BS_2,LEO_0,1498.442055,1498.249898,0.059756,0.003049,0.146757
488,T488_UAV_0,BS_2,LEO_0,1563.113117,1562.91725,0.060152,0.006363,0.146757
489,T489_UAV_19,BS_1,LEO_1,249.908158,249.701677,0.043006,0.023209,0.201326
489,T489_UAV_0,BS_2,LEO_0,364.681523,364.466277,0.048529,0.004925,0.308959
489,T489_UAV_12,BS_1,HAP_0,1186.49758,1186.317639,0.029556,0.012698,0.188436
489,T489_UAV_13,BS_0,HAP_1,369.036382,368.949499,0.00245,0.039116,0.226587
489,T489_UAV_17,BS_0,HAP_2,381.290244,381.2251,0.003951,0.014977,0.231079
489,T489_UAV_15,BS_1,LEO_1,484.621492,484.414459,0.046365,0.020403,0.201326
489,T489_UAV_4,BS_0,LEO_0,506.439721,506.208393,0.050571,0.018964,0.308959
489,T489_UAV_7,BS_3,HAP_0,1206.334713,1206.141707,0.031072,0.024246,0.188436
489,T489_UAV_18,BS_2,HAP_1,518.61725,518.558092,0.005314,0.008527,0.226587
489,T489_UAV_2,BS_1,LEO_1,544.427847,544.219728,0.046983,0.020871,0.201326
489,T489_UAV_9,BS_1,HAP_2,559.127291,559.062438,0.005936,0.012701,0.231079
489,T489_UAV_1,BS_0,BS_1,562.994941,562.767643,0.045145,0.027319,0.274165
489,T489_UAV_3,BS_3,LEO_0,650.752832,650.522138,0.054898,0.014004,0.308959
489,T489_UAV_6,BS_3,HAP_0,1663.285967,1663.109102,0.033201,0.005978,0.188436
489,T489_UAV_8,BS_1,HAP_0,2177.163821,2176.958223,0.031922,0.035989,0.188436
489,T489_UAV_16,BS_4,HAP_0,2523.178999,2522.999118,0.035975,0.006219,0.188436
489,T489_UAV_14,BS_4,HAP_0,2589.325404,2589.127515,0.036418,0.023784,0.188436
489,T489_UAV_10,BS_4,HAP_0,2658.628742,2658.439999,0.035816,0.015239,0.188436
490,T490_UAV_2,BS_1,LEO_1,259.365036,259.298994,0.003328,0.012909,0.249029
490,T490_UAV_11,BS_2,LEO_0,278.550817,278.343317,0.046527,0.01881,0.210814
490,T490_UAV_3,BS_3,HAP_1,281.757426,281.676917,0.002062,0.016421,0.31013
490,T490_UAV_1,BS_0,HAP_2,331.428026,331.340323,0.002537,0.029171,0.279973
490,T490_UAV_13,BS_0,HAP_0,351.96969,351.722988,0.027317,0.030472,0.444572
490,T490_UAV_17,BS_0,LEO_1,354.495005,354.424108,0.005185,0.015907,0.249029
490,T490_UAV_0,BS_2,LEO_0,371.580815,371.383567,0.04869,0.006395,0.210814
490,T490_UAV_19,BS_1,HAP_1,434.52437,434.44416,0.00327,0.014915,0.31013
490,T490_UAV_4,BS_0,LEO_1,445.017507,444.931244,0.00627,0.030187,0.249029
490,T490_UAV_14,BS_4,HAP_0,538.353326,538.112924,0.028419,0.023068,0.444572
490,T490_UAV_18,BS_2,HAP_2,546.859678,546.778372,0.006871,0.01844,0.279973
490,T490_UAV_8,BS_1,LEO_0,563.888498,563.679694,0.051937,0.014704,0.210814
490,T490_UAV_5,BS_0,BS_3,591.836321,591.567191,0.046944,0.014178,0.540036
490,T490_UAV_12,BS_1,BS_4,746.133115,745.797932,0.056579,0.068622,0.549913
490,T490_UAV_9,BS_1,BS_2,766.208894,765.966798,0.057839,0.016793,0.33732
490,T490_UAV_15,BS_1,BS_0,766.337233,766.093721,0.057847,0.014359,0.356532
491,T491_UAV_6,BS_3,LEO_1,341.864598,341.666526,0.043318,0.014147,0.203035
491,T491_UAV_11,BS_2,LEO_0,310.122599,310.066578,0.005653,0.008396,0.209858
491,T491_UAV_19,BS_1,HAP_1,276.845813,276.75068,0.002087,0.018473,0.372865
491,T491_UAV_7,BS_3,HAP_0,334.850535,334.623035,0.027563,0.029768,0.350842
491,T491_UAV_13,BS_0,LEO_1,471.612115,471.420491,0.043374,0.007643,0.203035
491,T491_UAV_2,BS_1,LEO_0,411.808993,411.75527,0.006646,0.005105,0.209858
491,T491_UAV_9,BS_1,HAP_2,433.653553,433.553944,0.004611,0.024514,0.352422
491,T491_UAV_15,BS_1,LEO_1,646.686757,646.492111,0.045664,0.008375,0.203035
491,T491_UAV_14,BS_4,LEO_0,560.56599,560.496937,0.00927,0.017811,0.209858
491,T491_UAV_1,BS_0,HAP_1,532.100012,532.015355,0.003158,0.006926,0.372865
491,T491_UAV_3,BS_3,HAP_0,544.469927,544.234219,0.029431,0.036107,0.350842
491,T491_UAV_8,BS_1,HAP_2,561.202186,561.107516,0.005901,0.018284,0.352422
491,T491_UAV_12,BS_1,BS_3,567.254666,567.011555,0.045411,0.027013,0.35344
491,T491_UAV_5,BS_0,LEO_1,1169.676138,1169.456214,0.05072,0.028597,0.203035
491,T491_UAV_17,BS_0,LEO_0,948.52817,948.451856,0.016003,0.018339,0.209858
491,T491_UAV_4,BS_0,LEO_1,1234.686239,1234.474436,0.051537,0.019658,0.203035
492,T492_UAV_11,BS_2,HAP_1,551.376168,551.210575,0.028791,0.014287,0.112576
492,T492_UAV_17,BS_0,HAP_2,705.144576,704.987944,0.029936,0.007397,0.096498
492,T492_UAV_16,BS_4,LEO_1,295.547395,295.477951,0.005779,0.015248,0.242082
492,T492_UAV_2,BS_1,LEO_0,313.918252,313.850017,0.00937,0.00671,0.26077
492,T492_UAV_10,BS_4,HAP_0,293.537802,293.356321,0.027124,0.01016,0.220984
492,T492_UAV_19,BS_1,HAP_1,978.099306,977.924423,0.030382,0.021987,0.112576
492,T492_UAV_7,BS_3,LEO_1,410.889786,410.827627,0.009195,0.004548,0.242082
492,T492_UAV_3,BS_3,LEO_0,435.725485,435.652866,0.014424,0.006041,0.26077
492,T492_UAV_13,BS_0,HAP_2,1136.373138,1136.202501,0.030487,0.02085,0.096498
492,T492_UAV_18,BS_2,HAP_2,1429.292123,1429.12015,0.036604,0.016069,0.096498
492,T492_UAV_15,BS_1,HAP_1,1711.914384,1711.733927,0.036411,0.021531,0.112576
492,T492_UAV_6,BS_3,HAP_2,1630.103892,1629.942232,0.036754,0.005606,0.096498
492,T492_UAV_14,BS_4,HAP_1,1781.087173,1780.925469,0.034943,0.004246,0.112576
492,T492_UAV_1,BS_0,HAP_1,1796.377225,1796.211311,0.03318,0.010219,0.112576
492,T492_UAV_9,BS_1,HAP_2,1959.916992,1959.744352,0.039037,0.014304,0.096498
493,T493_UAV_13,BS_0,LEO_1,313.262306,313.175042,0.002643,0.027297,0.286617
493,T493_UAV_9,BS_1,HAP_0,789.180454,788.9871,0.027596,0.026319,0.197191
493,T493_UAV_4,BS_0,LEO_0,114.658567,114.568584,0.006629,0.009277,0.370385
493,T493_UAV_1,BS_0,LEO_1,433.731034,433.660985,0.00413,0.008596,0.286617
493,T493_UAV_17,BS_0,HAP_1,312.343514,312.100488,0.027469,0.021241,0.471578
493,T493_UAV_15,BS_1,LEO_1,442.306095,442.226958,0.0046,0.017213,0.286617
493,T493_UAV_0,BS_2,HAP_0,1254.08673,1253.896523,0.030302,0.020466,0.197191
493,T493_UAV_14,BS_4,HAP_2,380.775585,380.567,0.03044,0.012118,0.330133
493,T493_UAV_7,BS_3,BS_4,415.024191,414.770429,0.0359,0.075707,0.210773
493,T493_UAV_6,BS_3,BS_2,439.66026,439.467129,0.037443,0.014411,0.206386
493,T493_UAV_19,BS_1,HAP_0,1446.164467,1445.96056,0.030795,0.033674,0.197191
493,T493_UAV_12,BS_1,LEO_1,851.399283,851.305748,0.00912,0.027092,0.286617
493,T493_UAV_3,BS_3,HAP_0,1692.661236,1692.469662,0.033915,0.018221,0.197191
493,T493_UAV_2,BS_1,HAP_0,2392.05486,2391.85686,0.032573,0.025989,0.197191
493,T493_UAV_18,BS_2,HAP_0,2560.395256,2560.212692,0.036046,0.00708,0.197191
493,T493_UAV_16,BS_4,HAP_0,2724.019054,2723.82371,0.036887,0.019018,0.197191
494,T494_UAV_14,BS_4,LEO_1,206.294287,206.204701,0.002835,0.01015,0.383002
494,T494_UAV_10,BS_4,LEO_0,150.510447,150.294532,0.04427,0.006741,0.324523
494,T494_UAV_4,BS_0,HAP_1,225.384454,225.162947,0.026264,0.017316,0.389638
494,T494_UAV_17,BS_0,HAP_0,300.758045,300.512913,0.02759,0.020894,0.483239
494,T494_UAV_7,BS_3,HAP_2,156.652023,156.442281,0.027796,0.013328,0.343086
494,T494_UAV_13,BS_0,LEO_1,318.848934,318.74959,0.003356,0.019388,0.383002
494,T494_UAV_3,BS_3,LEO_0,213.929115,213.705544,0.047045,0.011621,0.324523
494,T494_UAV_0,BS_2,LEO_1,398.204531,398.109894,0.006017,0.01202,0.383002
494,T494_UAV_8,BS_1,BS_4,1389.893566,1389.570081,0.096795,0.071108,0.277909
494,T494_UAV_15,BS_1,HAP_0,578.731476,578.46159,0.027574,0.045664,0.483239
494,T494_UAV_12,BS_1,HAP_1,710.406949,710.164693,0.031348,0.03298,0.389638
494,T494_UAV_18,BS_2,BS_4,1482.934572,1482.622325,0.102608,0.054058,0.277909
494,T494_UAV_11,BS_2,BS_4,1486.446349,1486.138595,0.102827,0.049345,0.277909
495,T495_UAV_1,BS_0,LEO_1,272.444696,272.262036,0.04259,0.010942,0.145637
495,T495_UAV_4,BS_0,LEO_0,342.571027,342.50252,0.005582,0.015348,0.237882
495,T495_UAV_19,BS_1,HAP_1,225.321622,225.143442,0.026707,0.028995,0.112389
495,T495_UAV_11,BS_2,HAP_0,136.997049,136.768799,0.026029,0.036594,0.328136
495,T495_UAV_16,BS_4,HAP_2,290.393586,290.201263,0.027915,0.025289,0.195596
495,T495_UAV_7,BS_3,LEO_1,396.807469,396.619042,0.044907,0.014392,0.145637
495,T495_UAV_13,BS_0,LEO_0,406.033595,405.974048,0.00538,0.00659,0.237882
495,T495_UAV_10,BS_4,HAP_1,439.429463,439.244198,0.028339,0.034447,0.112389
495,T495_UAV_6,BS_3,LEO_1,607.573399,607.392964,0.047029,0.004278,0.145637
495,T495_UAV_18,BS_2,HAP_2,468.62446,468.428726,0.030861,0.025753,0.195596
495,T495_UAV_0,BS_2,LEO_0,760.556878,760.483201,0.013818,0.012282,0.237882
495,T495_UAV_2,BS_1,BS_4,584.957878,584.69413,0.046515,0.065464,0.258845
495,T495_UAV_5,BS_0,LEO_1,653.042519,652.851302,0.047086,0.015004,0.145637
495,T495_UAV_12,BS_1,BS_2,767.798462,767.576345,0.05794,0.013647,0.252653
495,T495_UAV_3,BS_3,LEO_0,1046.795869,1046.71205,0.018564,0.017679,0.237882
496,T496_UAV_15,BS_1,LEO_1,237.432416,237.367096,0.003107,0.025957,0.181283
496,T496_UAV_18,BS_2,LEO_0,258.287915,258.053589,0.046162,0.029502,0.29331
496,T496_UAV_0,BS_2,HAP_1,255.608206,255.542686,0.002514,0.026007,0.184999
496,T496_UAV_14,BS_4,HAP_2,426.143181,426.070993,0.004243,0.016256,0.258448
496,T496_UAV_2,BS_1,HAP_0,449.90615,449.68243,0.026834,0.027583,0.346515
496,T496_UAV_16,BS_4,LEO_1,363.910284,363.865,0.005029,0.003998,0.181283
496,T496_UAV_17,BS_0,LEO_0,477.972502,477.757368,0.050324,0.006148,0.29331
496,T496_UAV_4,BS_0,HAP_1,431.882452,431.822134,0.002437,0.020882,0.184999
496,T496_UAV_11,BS_2,LEO_1,584.053272,583.989394,0.008848,0.018773,0.181283
496,T496_UAV_9,BS_1,HAP_0,593.833374,593.622314,0.027564,0.014192,0.346515
496,T496_UAV_7,BS_3,HAP_2,616.824713,616.743717,0.007393,0.021914,0.258448
496,T496_UAV_6,BS_3,LEO_0,661.015054,660.781546,0.054669,0.020178,0.29331
496,T496_UAV_13,BS_0,BS_3,723.104135,722.807927,0.055143,0.078304,0.313804
496,T496_UAV_3,BS_3,BS_4,799.735354,799.496344,0.059934,0.025408,0.268343
497,T497_UAV_8,BS_1,LEO_1,217.402724,217.335381,0.002855,0.009192,0.276483
497,T497_UAV_16,BS_4,LEO_0,372.496659,372.29496,0.046184,0.018819,0.183482
497,T497_UAV_14,BS_4,HAP_0,479.114109,478.936244,0.027663,0.027696,0.112528
497,T497_UAV_12,BS_1,LEO_0,515.196972,514.990171,0.048544,0.02156,0.183482
497,T497_UAV_5,BS_0,HAP_1,568.844488,568.767725,0.003184,0.013214,0.301831
497,T497_UAV_0,BS_2,HAP_2,567.235186,567.149463,0.006814,0.021318,0.287956
497,T497_UAV_7,BS_3,LEO_1,597.380892,597.30192,0.009422,0.014253,0.276483
497,T497_UAV_4,BS_0,HAP_0,664.383652,664.210702,0.029887,0.020558,0.112528
497,T497_UAV_15,BS_1,LEO_0,754.770679,754.555335,0.052317,0.026331,0.183482
497,T497_UAV_11,BS_2,LEO_1,629.105102,629.015619,0.009533,0.024654,0.276483
497,T497_UAV_3,BS_3,HAP_1,726.603478,726.517415,0.005261,0.020436,0.301831
497,T497_UAV_13,BS_0,HAP_2,741.73149,741.661702,0.004735,0.007461,0.287956
497,T497_UAV_2,BS_1,LEO_0,808.242538,808.031776,0.052967,0.021098,0.183482
497,T497_UAV_17,BS_0,HAP_0,1062.813477,1062.650293,0.032787,0.007892,0.112528
498,T498_UAV_12,BS_1,LEO_1,221.770811,221.578249,0.042987,0.007056,0.2126
498,T498_UAV_13,BS_0,LEO_0,234.532395,234.473101,0.003968,0.014611,0.203577
498,T498_UAV_6,BS_3,HAP_0,422.246052,422.050303,0.028094,0.009318,0.291682
498,T498_UAV_17,BS_0,HAP_1,424.47301,424.365533,0.00258,0.028011,0.384433
498,T498_UAV_1,BS_0,HAP_2,459.011078,458.935465,0.003528,0.004057,0.340138
498,T498_UAV_15,BS_1,LEO_1,550.457577,550.254157,0.047182,0.013718,0.2126
498,T498_UAV_9,BS_1,LEO_0,581.868691,581.803687,0.0125,0.011789,0.203577
498,T498_UAV_2,BS_1,HAP_0,613.340391,613.133903,0.027496,0.020655,0.291682
498,T498_UAV_16,BS_4,HAP_1,658.953196,658.847211,0.005152,0.023947,0.384433
498,T498_UAV_11,BS_2,LEO_1,660.748963,660.552689,0.050003,0.003751,0.2126
498,T498_UAV_5,BS_0,LEO_0,674.479593,674.420905,0.013805,0.004168,0.203577
498,T498_UAV_4,BS_0,HAP_2,682.137218,682.054412,0.00665,0.008128,0.340138
498,T498_UAV_19,BS_1,BS_3,721.658572,721.378857,0.055054,0.053069,0.357962
498,T498_UAV_7,BS_3,BS_4,716.353872,716.096496,0.054724,0.05339,0.246309
498,T498_UAV_14,BS_4,BS_1,725.505696,725.216985,0.055293,0.060212,0.366027
498,T498_UAV_8,BS_1,BS_2,731.545485,731.296608,0.055673,0.024722,0.342411
498,T498_UAV_10,BS_4,BS_0,756.372831,756.080764,0.057221,0.063226,0.358104
499,T499_UAV_8,BS_1,LEO_1,365.769274,365.561417,0.0438,0.027202,0.184275
499,T499_UAV_14,BS_4,HAP_2,772.01516,771.855506,0.029681,0.010182,0.098952
499,T499_UAV_10,BS_4,HAP_1,421.618275,421.447196,0.027744,0.020854,0.112406
499,T499_UAV_16,BS_4,LEO_1,460.358204,460.171391,0.045024,0.004934,0.184275
499,T499_UAV_12,BS_1,HAP_2,801.055475,800.887237,0.02995,0.018498,0.098952
499,T499_UAV_2,BS_1,HAP_0,602.064549,601.983646,0.00245,0.029413,0.245199
499,T499_UAV_4,BS_0,HAP_1,689.640488,689.471374,0.028469,0.018163,0.112406
499,T499_UAV_0,BS_2,LEO_1,809.825362,809.621644,0.049631,0.017231,0.184275
499,T499_UAV_13,BS_0,HAP_0,637.445071,637.371135,0.004254,0.020642,0.245199
499,T499_UAV_9,BS_1,BS_3,660.293798,660.063607,0.051223,0.026591,0.261882
499,T499_UAV_3,BS_3,HAP_2,1640.569992,1640.40507,0.035799,0.009332,0.098952
499,T499_UAV_19,BS_1,BS_4,718.769078,718.503625,0.054874,0.054528,0.280254
499,T499_UAV_17,BS_0,LEO_1,820.158855,819.954026,0.049415,0.018559,0.184275
499,T499_UAV_11,BS_2,HAP_2,1840.623554,1840.456466,0.037834,0.009464,0.098952
499,T499_UAV_15,BS_1,HAP_1,1127.024482,1126.841638,0.034104,0.026259,0.112406
499,T499_UAV_7,BS_3,HAP_2,2115.669663,2115.500044,0.039613,0.010216,0.098952
499,T499_UAV_18,BS_2,HAP_2,2534.061005,2533.876102,0.042968,0.022145,0.098952
499,T499_UAV_5,BS_0,HAP_2,2613.032597,2612.86242,0.040084,0.010302,0.098952
500,T500_UAV_9,BS_1,LEO_1,211.152515,211.085227,0.002828,0.013498,0.254808
500,T500_UAV_17,BS_0,LEO_0,252.715021,252.485582,0.045437,0.008961,0.375209
500,T500_UAV_7,BS_3,HAP_1,229.881265,229.82895,0.001907,0.005249,0.225792
500,T500_UAV_15,BS_1,HAP_0,352.177277,352.096134,0.001561,0.018695,0.304436
500,T500_UAV_12,BS_1,LEO_1,302.838924,302.765223,0.004092,0.018646,0.254808
500,T500_UAV_3,BS_3,HAP_2,410.92139,410.666459,0.029599,0.026218,0.495574
500,T500_UAV_1,BS_0,LEO_0,462.520788,462.277753,0.048585,0.019408,0.375209
500,T500_UAV_8,BS_1,HAP_1,353.864213,353.796066,0.003675,0.019313,0.225792
500,T500_UAV_14,BS_4,HAP_0,474.932873,474.858274,0.003011,0.0107,0.304436
500,T500_UAV_6,BS_3,LEO_1,550.640191,550.563522,0.008059,0.017649,0.254808
500,T500_UAV_18,BS_2,LEO_0,580.206208,579.955426,0.053845,0.021896,0.375209
500,T500_UAV_16,BS_4,BS_2,552.288683,552.0386,0.044475,0.052671,0.264686
500,T500_UAV_11,BS_2,HAP_2,634.638982,634.400644,0.032734,0.006488,0.495574
500,T500_UAV_2,BS_1,BS_3,687.036836,686.770698,0.052892,0.0204,0.464232
500,T500_UAV_13,BS_0,BS_4,710.707061,710.425817,0.054369,0.041742,0.425659
