slot,ap_id,tier,fidelity,trust,mismatch,uncertainty,twin_age,sync_triggered,coordination_triggered,queue_size,local_load
1,BS_0,BS,0.332871,0.821273,1.0,0.527888,1,1,1,2,0.0
1,BS_1,BS,0.332871,0.762219,1.0,0.687444,1,1,1,2,0.0
1,BS_2,BS,0.332871,0.694765,1.0,0.863656,1,1,1,2,0.0
1,BS_3,BS,0.332871,0.703143,1.0,1.121337,1,1,1,3,0.0
1,BS_4,BS,0.332871,0.70976,1.0,1.199709,1,1,1,5,0.0
1,HAP_0,HAP,0.904837,0.949542,0.0,0.0,1,0,0,0,0.0
1,HAP_1,HAP,0.904837,0.955251,0.0,0.0,1,0,0,0,0.0
1,HAP_2,HAP,0.904837,0.817922,0.0,0.0,1,0,0,0,0.0
1,LEO_0,LEO,0.904837,0.821696,0.0,0.0,1,0,0,0,0.0
1,LEO_1,LEO,0.904837,0.87632,0.0,0.0,1,0,0,0,0.0
2,BS_0,BS,0.457877,0.802366,0.681154,0.631097,1,1,1,3,0.0
2,BS_1,BS,0.760403,0.792123,0.173907,0.563565,1,1,1,2,0.0
2,BS_2,BS,0.693948,0.732514,0.265358,0.722612,1,1,1,2,0.0
2,BS_3,BS,0.650636,0.727726,0.329805,0.946017,1,1,1,4,0.0
2,BS_4,BS,0.661024,0.73397,0.313965,1.004125,1,1,1,5,0.0
2,HAP_0,HAP,0.691605,0.939478,0.26874,0.0325,1,1,1,0,0.503888
2,HAP_1,HAP,0.451263,0.916317,0.695705,0.217802,1,1,1,1,0.434632
2,HAP_2,HAP,0.723601,0.837574,0.223515,0.022482,1,1,1,0,0.419091
2,LEO_0,LEO,0.572019,0.822963,0.458583,0.094634,1,1,1,0,0.859843
2,LEO_1,LEO,0.558873,0.864919,0.481833,0.104473,1,1,1,0,0.903437
3,BS_0,BS,0.684829,0.810421,0.278586,0.539802,1,1,1,3,0.66616
3,BS_1,BS,0.701495,0.808043,0.254541,0.480008,1,1,1,2,0.367357
3,BS_2,BS,0.606058,0.748489,0.400779,0.65037,1,1,1,2,0.684417
3,BS_3,BS,0.661784,0.748412,0.312816,0.800848,1,1,1,4,0.0
3,BS_4,BS,0.660131,0.753257,0.315316,0.848041,1,1,1,4,0.0
3,HAP_0,HAP,0.808503,0.939915,0.11257,0.031702,1,1,1,0,0.513402
3,HAP_1,HAP,0.474958,0.884221,0.644528,0.36118,1,1,1,2,0.535676
3,HAP_2,HAP,0.579537,0.833962,0.445526,0.107307,1,1,1,0,1.086815
3,LEO_0,LEO,0.804863,0.851586,0.017083,0.075839,2,0,0,0,0.547937
3,LEO_1,LEO,0.782327,0.884106,0.045483,0.08451,2,0,0,0,0.456782
4,BS_0,BS,0.519254,0.805745,0.555362,0.570634,1,1,1,2,0.0
4,BS_1,BS,0.600301,0.807738,0.410323,0.459771,1,1,1,2,0.738715
4,BS_2,BS,0.510007,0.759197,0.573332,0.668215,1,1,1,1,0.0
4,BS_3,BS,0.653393,0.764195,0.325576,0.688378,1,1,1,5,0.0
4,BS_4,BS,0.6456,0.767351,0.337576,0.729714,1,1,1,5,0.0
4,HAP_0,HAP,0.781363,0.936352,0.146715,0.035048,1,1,1,0,0.724221
4,HAP_1,HAP,0.630857,0.877192,0.360676,0.347483,1,1,1,2,0.436063
4,HAP_2,HAP,0.771486,0.856467,0.059437,0.087435,2,0,0,0,0.657991
4,LEO_0,LEO,0.649265,0.850873,0.331914,0.110246,1,1,1,0,1.166232
4,LEO_1,LEO,0.704419,0.899236,0.050382,0.06875,3,0,0,0,0.50079
5,BS_0,BS,0.652792,0.811152,0.326497,0.504477,1,1,1,3,0.296994
5,BS_1,BS,0.684578,0.819077,0.278953,0.402833,1,1,1,1,0.285147
5,BS_2,BS,0.45361,0.752888,0.690518,0.749139,1,1,1,2,0.402831
5,BS_3,BS,0.638026,0.775393,0.349376,0.605631,1,1,1,5,0.0
5,BS_4,BS,0.585406,0.775449,0.435449,0.669098,1,1,1,3,0.0
5,HAP_0,HAP,0.810611,0.937797,0.109967,0.03348,1,1,1,0,0.416439
5,HAP_1,HAP,0.565911,0.861805,0.469318,0.377103,1,1,1,2,0.544057
5,HAP_2,HAP,0.707938,0.875102,0.045399,0.070876,3,0,0,0,0.740014
5,LEO_0,LEO,0.714576,0.860589,0.236066,0.113274,1,1,1,0,0.481079
5,LEO_1,LEO,0.662112,0.912683,0.012321,0.055068,4,0,0,0,0.620194
6,BS_0,BS,0.73454,0.822448,0.208511,0.423147,1,1,1,3,0.0
6,BS_1,BS,0.755789,0.835317,0.179994,0.336845,1,1,1,2,0.0
6,BS_2,BS,0.835029,0.786411,0.080288,0.602212,1,1,1,2,0.0
6,BS_3,BS,0.648048,0.785287,0.33379,0.534642,1,1,1,4,0.0
6,BS_4,BS,0.708548,0.791226,0.244538,0.562188,1,1,1,4,0.0
6,HAP_0,HAP,0.701084,0.926086,0.255127,0.056075,1,1,1,0,0.988281
6,HAP_1,HAP,0.692154,0.86244,0.267947,0.33399,1,1,1,2,0.514506
6,HAP_2,HAP,0.646161,0.890401,0.036706,0.057307,4,0,0,0,0.75105
6,LEO_0,LEO,0.760089,0.876244,0.074319,0.093105,2,0,0,0,0.822371
6,LEO_1,LEO,0.900869,0.924034,0.004395,0.044063,1,1,0,0,0.58182
7,BS_0,BS,0.642217,0.822596,0.342829,0.391407,1,1,1,5,0.528827
7,BS_1,BS,0.606629,0.830434,0.399838,0.341418,1,1,1,2,0.581862
7,BS_2,BS,0.727208,0.8018,0.218543,0.503262,1,1,1,2,1.104448
7,BS_3,BS,0.64717,0.793121,0.335146,0.478259,1,1,1,4,0.0
7,BS_4,BS,0.669918,0.800052,0.3006,0.490413,1,1,1,3,0.5844
7,HAP_0,HAP,0.79246,0.926823,0.132613,0.052773,1,1,1,0,0.540038
7,HAP_1,HAP,0.572059,0.856787,0.458513,0.361798,1,1,1,2,0.0
7,HAP_2,HAP,0.585361,0.884694,0.435527,0.131203,1,1,1,0,0.0
7,LEO_0,LEO,0.804329,0.889044,0.117747,0.080723,1,1,1,0,0.416671
7,LEO_1,LEO,0.653864,0.909029,0.324856,0.08274,1,1,1,0,1.19225
8,BS_0,BS,0.658723,0.825013,0.317452,0.358474,1,1,1,4,0.0
8,BS_1,BS,0.758904,0.839982,0.17588,0.287055,1,1,1,2,0.0
8,BS_2,BS,0.76627,0.816623,0.166221,0.415043,1,1,1,3,0.2221
8,BS_3,BS,0.645123,0.799198,0.338314,0.434113,1,1,1,5,0.0
8,BS_4,BS,0.655871,0.805756,0.321791,0.438927,1,1,1,3,0.0
8,HAP_0,HAP,0.81854,0.934954,0.000233,0.042219,2,0,0,0,0.659069
8,HAP_1,HAP,0.619852,0.855303,0.378274,0.353829,1,1,1,1,0.560249
8,HAP_2,HAP,0.751947,0.898571,0.085089,0.108221,2,0,0,0,0.472422
8,LEO_0,LEO,0.540202,0.867309,0.515812,0.184306,1,1,1,0,1.678581
8,LEO_1,LEO,0.711216,0.906655,0.240779,0.09228,1,1,1,0,0.497477
9,BS_0,BS,0.654134,0.82574,0.324443,0.334148,1,1,1,3,0.0
9,BS_1,BS,0.58651,0.83514,0.433566,0.314234,1,1,1,1,0.293591
9,BS_2,BS,0.728001,0.825283,0.217452,0.353313,1,1,1,3,0.0
9,BS_3,BS,0.641459,0.803718,0.344009,0.400544,1,1,1,4,0.0
9,BS_4,BS,0.643377,0.809955,0.341025,0.403476,1,1,1,4,0.0
9,HAP_0,HAP,0.574601,0.907421,0.45408,0.12656,1,1,1,0,1.973694
9,HAP_1,HAP,0.544722,0.84371,0.50748,0.398954,1,1,1,2,0.519195
9,HAP_2,HAP,0.789104,0.905791,0.136857,0.095005,1,1,1,0,0.504914
9,LEO_0,LEO,0.6121,0.864828,0.390859,0.216192,1,1,1,0,0.371448
9,LEO_1,LEO,0.814921,0.91827,0.004664,0.073834,2,0,0,0,0.693681
10,BS_0,BS,0.660471,0.826744,0.314803,0.311914,1,1,1,3,0.0
10,BS_1,BS,0.7018,0.839837,0.254107,0.280444,1,1,1,2,0.0
10,BS_2,BS,0.629436,0.823457,0.362932,0.341924,1,1,1,2,0.538754
10,BS_3,BS,0.648211,0.807962,0.333539,0.370497,1,1,1,4,0.0
10,BS_4,BS,0.598981,0.811909,0.412526,0.399361,1,1,1,3,0.0
10,HAP_0,HAP,0.676913,0.900941,0.290213,0.139149,1,1,1,0,0.615378
10,HAP_1,HAP,0.631268,0.843393,0.360025,0.377492,1,1,1,2,0.576613
10,HAP_2,HAP,0.779652,0.90902,0.148907,0.085982,1,1,1,0,0.713381
10,LEO_0,LEO,0.751722,0.876781,0.185388,0.18842,1,1,1,0,0.355676
10,LEO_1,LEO,0.730112,0.911681,0.214557,0.079783,1,1,1,0,1.08841
11,BS_0,BS,0.564474,0.82174,0.471861,0.349725,1,1,1,2,0.0
11,BS_1,BS,0.717037,0.843306,0.232627,0.248707,1,1,1,2,0.79997
11,BS_2,BS,0.70457,0.828757,0.250168,0.301702,1,1,1,2,0.799392
11,BS_3,BS,0.647393,0.811281,0.334802,0.346839,1,1,1,5,0.0
11,BS_4,BS,0.700054,0.819871,0.256598,0.349118,1,1,1,3,0.0
11,HAP_0,HAP,0.710804,0.901438,0.241359,0.137533,1,1,1,0,0.414547
11,HAP_1,HAP,0.613566,0.841639,0.388467,0.369901,1,1,1,2,0.331194
11,HAP_2,HAP,0.808862,0.915939,0.112127,0.074443,1,1,1,0,0.401727
11,LEO_0,LEO,0.747429,0.882576,0.191116,0.167172,1,1,1,0,0.823744
11,LEO_1,LEO,0.785206,0.913545,0.141809,0.072876,1,1,1,0,0.659852
12,BS_0,BS,0.608251,0.825424,0.397168,0.350764,1,1,1,2,0.0
12,BS_1,BS,0.413251,0.823074,0.783701,0.47535,1,1,1,1,0.0
12,BS_2,BS,0.707552,0.83612,0.245944,0.268581,1,1,1,3,0.0
12,BS_3,BS,0.64112,0.813353,0.344538,0.330889,1,1,1,4,0.0
12,BS_4,BS,0.681273,0.824017,0.283792,0.315536,1,1,1,3,0.0
12,HAP_0,HAP,0.766506,0.912628,0.065913,0.111982,2,0,0,0,0.450212
12,HAP_1,HAP,0.669352,0.846629,0.301445,0.336812,1,1,1,2,0.320067
12,HAP_2,HAP,0.529968,0.887745,0.534939,0.188326,1,1,1,0,1.859617
12,LEO_0,LEO,0.788961,0.893086,0.137039,0.142188,1,1,1,0,0.409556
12,LEO_1,LEO,0.775334,0.916169,0.154461,0.069037,1,1,1,0,0.492685
13,BS_0,BS,0.569412,0.818922,0.46315,0.37714,1,1,1,4,0.67931
13,BS_1,BS,0.607526,0.825632,0.398361,0.451691,1,1,1,2,0.341077
13,BS_2,BS,0.711171,0.844497,0.240842,0.240967,1,1,1,2,0.203467
13,BS_3,BS,0.627891,0.813759,0.365389,0.324791,1,1,1,5,0.0
13,BS_4,BS,0.663189,0.825832,0.310695,0.295868,1,1,1,3,0.0
13,HAP_0,HAP,0.798948,0.918944,0.12446,0.096556,1,1,1,0,0.347053
13,HAP_1,HAP,0.612743,0.847865,0.389809,0.337828,1,1,1,2,0.279675
13,HAP_2,HAP,0.57477,0.878471,0.453785,0.243325,1,1,1,0,0.239539
13,LEO_0,LEO,0.805039,0.908546,0.016864,0.113879,2,0,0,0,0.495049
13,LEO_1,LEO,0.816233,0.926843,0.003055,0.055234,2,0,0,0,0.603624
14,BS_0,BS,0.743074,0.830853,0.196959,0.319169,1,1,1,2,0.0
14,BS_1,BS,0.678077,0.835126,0.288494,0.398806,1,1,1,1,0.272926
14,BS_2,BS,0.587482,0.835693,0.431909,0.276719,1,1,1,3,0.315308
14,BS_3,BS,0.648304,0.816003,0.333396,0.309851,1,1,1,4,0.0
14,BS_4,BS,0.656794,0.826495,0.320385,0.282886,1,1,1,4,0.0
14,HAP_0,HAP,0.779228,0.919883,0.149451,0.087296,1,1,1,0,0.695901
14,HAP_1,HAP,0.580948,0.846272,0.443095,0.358612,1,1,1,2,0.320252
14,HAP_2,HAP,0.899547,0.896653,0.005864,0.194676,1,1,1,0,0.609004
14,LEO_0,LEO,0.699162,0.917332,0.057873,0.09261,3,0,0,0,0.631227
14,LEO_1,LEO,0.804969,0.92684,0.116951,0.050342,1,1,1,0,0.804449
15,BS_0,BS,0.705339,0.835244,0.249077,0.283253,1,1,1,3,0.240961
15,BS_1,BS,0.561149,0.836082,0.477768,0.421763,1,1,1,1,0.0
15,BS_2,BS,0.754043,0.844385,0.182306,0.236331,1,1,1,3,0.0
15,BS_3,BS,0.623957,0.815502,0.371673,0.310044,1,1,1,3,0.0
15,BS_4,BS,0.65006,0.826365,0.33069,0.275519,1,1,1,4,0.0
15,HAP_0,HAP,0.76787,0.92524,0.064135,0.071688,2,0,0,0,0.694732
15,HAP_1,HAP,0.54174,0.84131,0.512968,0.405301,1,1,1,2,0.0
15,HAP_2,HAP,0.67181,0.8892,0.297779,0.195643,1,1,1,0,1.137704
15,LEO_0,LEO,0.761312,0.92093,0.172713,0.087511,1,1,1,0,0.170853
15,LEO_1,LEO,0.668579,0.91151,0.302601,0.081479,1,1,1,0,1.285258
16,BS_0,BS,0.68391,0.836501,0.279928,0.261864,1,1,1,3,0.594513
16,BS_1,BS,0.566076,0.834538,0.469027,0.436404,1,1,1,1,0.471615
16,BS_2,BS,0.706477,0.846013,0.247464,0.216622,1,1,1,4,0.232751
16,BS_3,BS,0.465191,0.803312,0.665307,0.447221,1,1,1,1,0.0
16,BS_4,BS,0.577439,0.822385,0.449152,0.311197,1,1,1,3,0.0
16,HAP_0,HAP,0.732924,0.933853,0.010713,0.057402,3,0,0,0,0.541549
16,HAP_1,HAP,0.555957,0.835093,0.487065,0.430995,1,1,1,2,0.364584
16,HAP_2,HAP,0.682352,0.889298,0.28221,0.192354,1,1,1,0,0.384786
16,LEO_0,LEO,0.767307,0.921287,0.164868,0.082241,1,1,1,0,0.631218
16,LEO_1,LEO,0.712532,0.907558,0.23893,0.090872,1,1,1,0,0.619084
17,BS_0,BS,0.653879,0.834731,0.324834,0.256974,1,1,1,4,0.0
17,BS_1,BS,0.464296,0.815644,0.667233,0.549463,1,1,1,1,0.771379
17,BS_2,BS,0.667105,0.843593,0.304808,0.215107,1,1,1,4,0.217744
17,BS_3,BS,0.617657,0.805906,0.381823,0.423381,1,1,1,4,0.0
17,BS_4,BS,0.537926,0.819284,0.520035,0.370654,1,1,1,1,0.0
17,HAP_0,HAP,0.608368,0.936861,0.096976,0.050153,4,0,0,0,0.407875
17,HAP_1,HAP,0.62814,0.838501,0.364992,0.404745,1,1,1,0,0.740922
17,HAP_2,HAP,0.832972,0.901738,0.082755,0.156965,1,1,1,0,0.463612
17,LEO_0,LEO,0.800832,0.930302,0.022104,0.066013,2,0,0,0,0.536058
17,LEO_1,LEO,0.76748,0.910607,0.164644,0.084896,1,1,1,0,0.512271
18,BS_0,BS,0.651598,0.833089,0.328327,0.254089,1,1,1,3,0.0
18,BS_1,BS,0.586074,0.817916,0.434309,0.524452,1,1,1,1,0.0
18,BS_2,BS,0.53211,0.832589,0.530905,0.298922,1,1,1,3,0.0
18,BS_3,BS,0.722392,0.817353,0.225188,0.361524,1,1,1,3,0.0
18,BS_4,BS,0.537044,0.810643,0.521675,0.418988,1,1,1,3,0.0
18,HAP_0,HAP,0.845715,0.940591,0.067572,0.042177,1,1,0,0,0.495355
18,HAP_1,HAP,0.566886,0.833416,0.467596,0.422187,1,1,1,2,0.482427
18,HAP_2,HAP,0.818141,0.908853,0.10072,0.130137,1,1,1,0,0.693363
18,LEO_0,LEO,0.76621,0.9267,0.166299,0.065255,1,1,1,0,0.8105
18,LEO_1,LEO,0.789237,0.919679,0.036689,0.068523,2,0,0,0,0.686625
19,BS_0,BS,0.584188,0.828252,0.437533,0.289417,1,1,1,2,0.0
19,BS_1,BS,0.663751,0.82979,0.309847,0.462764,1,1,1,1,0.0
19,BS_2,BS,0.714274,0.838282,0.236489,0.264305,1,1,1,3,0.0
19,BS_3,BS,0.689812,0.82283,0.271337,0.32235,1,1,1,4,0.326828
19,BS_4,BS,0.687769,0.817359,0.274302,0.369049,1,1,1,4,0.0
19,HAP_0,HAP,0.680149,0.926019,0.285443,0.070407,1,1,1,0,1.044874
19,HAP_1,HAP,0.594061,0.831709,0.420773,0.417422,1,1,1,2,0.38708
19,HAP_2,HAP,0.81407,0.920463,0.005709,0.104124,2,0,0,0,0.622321
19,LEO_0,LEO,0.775596,0.927359,0.154124,0.062893,1,1,1,0,0.405082
19,LEO_1,LEO,0.715792,0.927111,0.034366,0.05535,3,0,0,0,0.656163
20,BS_0,BS,0.569855,0.826844,0.462373,0.327738,1,1,1,2,0.0
20,BS_1,BS,0.524212,0.82989,0.54586,0.504294,1,1,1,0,0.0
20,BS_2,BS,0.662883,0.837236,0.311156,0.255012,1,1,1,2,0.530444
20,BS_3,BS,0.663044,0.824654,0.310914,0.301381,1,1,1,4,0.0
20,BS_4,BS,0.666426,0.820598,0.305827,0.337328,1,1,1,4,0.0
20,HAP_0,HAP,0.810006,0.927362,0.110713,0.061841,1,1,1,0,0.618136
20,HAP_1,HAP,0.583849,0.833187,0.438113,0.420312,1,1,1,0,0.492213
20,HAP_2,HAP,0.616461,0.901397,0.38376,0.149572,1,1,1,0,1.336579
20,LEO_0,LEO,0.818654,0.936664,9.4e-05,0.050315,2,0,0,0,0.533323
20,LEO_1,LEO,0.634801,0.933184,0.054443,0.045614,4,0,0,0,0.490517
21,BS_0,BS,0.573849,0.820549,0.455389,0.355511,1,1,1,4,0.0
21,BS_1,BS,0.543624,0.828127,0.509498,0.52025,1,1,1,1,0.0
21,BS_2,BS,0.717173,0.840898,0.232438,0.228322,1,1,1,4,0.0
21,BS_3,BS,0.645092,0.825152,0.338362,0.292624,1,1,1,3,0.0
21,BS_4,BS,0.656599,0.82225,0.320682,0.316139,1,1,1,4,0.0
21,HAP_0,HAP,0.795817,0.933469,0.028386,0.049836,2,0,0,0,0.669356
21,HAP_1,HAP,0.55885,0.82855,0.481874,0.440741,1,1,1,2,0.531328
21,HAP_2,HAP,0.609626,0.892549,0.39491,0.189837,1,1,1,0,0.310444
21,LEO_0,LEO,0.784444,0.933407,0.14278,0.049426,1,1,1,0,0.789266
21,LEO_1,LEO,0.834031,0.936826,0.081485,0.039479,1,1,0,0,0.473116
22,BS_0,BS,0.72295,0.829131,0.224416,0.307072,1,1,1,3,0.0
22,BS_1,BS,0.619755,0.836769,0.378432,0.480645,1,1,1,1,0.0
22,BS_2,BS,0.695609,0.843813,0.262967,0.213776,1,1,1,3,0.0
22,BS_3,BS,0.654547,0.825839,0.323812,0.281284,1,1,1,4,0.0
22,BS_4,BS,0.514394,0.81336,0.564766,0.396444,1,1,1,2,0.0
22,HAP_0,HAP,0.81619,0.934993,0.103108,0.044653,1,1,1,0,0.531593
22,HAP_1,HAP,0.574719,0.824468,0.453874,0.445293,1,1,1,2,0.667813
22,HAP_2,HAP,0.789573,0.90185,0.136263,0.160225,1,1,1,0,0.379915
22,LEO_0,LEO,0.805638,0.934571,0.116121,0.045608,1,1,1,0,0.464489
22,LEO_1,LEO,0.534745,0.904936,0.525966,0.156071,1,1,1,0,1.685178
23,BS_0,BS,0.694139,0.832632,0.265083,0.277279,1,1,1,3,0.38856
23,BS_1,BS,0.568823,0.836668,0.464185,0.481476,1,1,1,1,0.0
23,BS_2,BS,0.708422,0.845742,0.244715,0.197969,1,1,1,4,0.0
23,BS_3,BS,0.657786,0.826568,0.318875,0.270784,1,1,1,4,0.0
23,BS_4,BS,0.721387,0.827331,0.22658,0.340257,1,1,1,2,0.0
23,HAP_0,HAP,0.741444,0.934652,0.099156,0.040146,2,0,0,0,0.784196
23,HAP_1,HAP,0.597151,0.826913,0.415585,0.433954,1,1,1,2,0.358789
23,HAP_2,HAP,0.741016,0.909577,0.099733,0.132656,2,0,0,0,0.639494
23,LEO_0,LEO,0.776417,0.938141,0.053065,0.037754,2,0,0,0,0.661785
23,LEO_1,LEO,0.593194,0.89356,0.422234,0.205084,1,1,1,0,0.307725
24,BS_0,BS,0.678514,0.833881,0.28785,0.259109,1,1,1,4,0.399909
24,BS_1,BS,0.591834,0.836232,0.424529,0.466282,1,1,1,1,0.219765
24,BS_2,BS,0.673957,0.843993,0.294589,0.197428,1,1,1,3,0.536345
24,BS_3,BS,0.651315,0.826534,0.328762,0.265265,1,1,1,4,0.0
24,BS_4,BS,0.611315,0.824384,0.392143,0.341405,1,1,1,3,0.672636
24,HAP_0,HAP,0.713737,0.94014,0.03724,0.032741,3,0,0,0,0.483537
24,HAP_1,HAP,0.588551,0.82597,0.430092,0.430404,1,1,1,2,0.5425
24,HAP_2,HAP,0.694759,0.918425,0.064191,0.107979,3,0,0,0,0.525233
24,LEO_0,LEO,0.694918,0.942099,0.063962,0.032044,3,0,0,0,0.413751
24,LEO_1,LEO,0.812607,0.903688,0.107507,0.169268,1,1,1,0,0.462272
25,BS_0,BS,0.658689,0.833063,0.317504,0.252651,1,1,1,4,0.0
25,BS_1,BS,0.52934,0.835292,0.536125,0.502369,1,1,1,0,0.0
25,BS_2,BS,0.364961,0.814851,0.907964,0.528922,1,1,1,1,0.0
25,BS_3,BS,0.647905,0.826188,0.334011,0.262416,1,1,1,4,0.0
25,BS_4,BS,0.696275,0.828996,0.262011,0.304016,1,1,1,4,0.0
25,HAP_0,HAP,0.678725,0.924641,0.287539,0.063398,1,1,1,0,1.143647
25,HAP_1,HAP,0.611251,0.827025,0.392248,0.41356,1,1,1,2,0.381849
25,HAP_2,HAP,0.659571,0.929105,0.016166,0.086501,4,0,0,0,0.448515
25,LEO_0,LEO,0.667152,0.947788,0.004738,0.025645,4,0,0,0,0.586448
25,LEO_1,LEO,0.620547,0.889632,0.377155,0.199425,1,1,1,0,1.2184
26,BS_0,BS,0.649212,0.831533,0.331996,0.25172,1,1,1,4,0.789288
26,BS_1,BS,0.575507,0.836034,0.452503,0.494037,1,1,1,1,0.373025
26,BS_2,BS,0.523862,0.805916,0.546527,0.557549,1,1,1,3,0.513309
26,BS_3,BS,0.631733,0.825799,0.359288,0.268022,1,1,1,3,0.0
26,BS_4,BS,0.668554,0.83008,0.302638,0.284428,1,1,1,3,0.0
26,HAP_0,HAP,0.75479,0.922198,0.181315,0.065513,1,1,1,0,0.574061
26,HAP_1,HAP,0.648108,0.833419,0.333698,0.380957,1,1,1,1,0.435473
26,HAP_2,HAP,0.824822,0.931917,0.092588,0.073058,1,1,0,0,0.609814
26,LEO_0,LEO,0.851317,0.949951,0.060971,0.022189,1,1,0,0,0.437481
26,LEO_1,LEO,0.726652,0.892279,0.219308,0.181183,1,1,1,0,0.516268
27,BS_0,BS,0.52824,0.822303,0.538204,0.331725,1,1,1,2,0.0
27,BS_1,BS,0.539239,0.832256,0.517597,0.515787,1,1,1,1,0.280139
27,BS_2,BS,0.68493,0.813392,0.278438,0.480926,1,1,1,3,0.0
27,BS_3,BS,0.697952,0.831084,0.259605,0.244745,1,1,1,4,0.0
27,BS_4,BS,0.649015,0.829435,0.332299,0.277233,1,1,1,3,0.0
27,HAP_0,HAP,0.74503,0.926333,0.09433,0.056414,2,0,0,0,0.554744
27,HAP_1,HAP,0.594778,0.834007,0.419566,0.383982,1,1,1,1,0.601313
27,HAP_2,HAP,0.719829,0.922844,0.228742,0.081992,1,1,1,0,0.975326
27,LEO_0,LEO,0.793334,0.945293,0.131511,0.025534,1,1,1,0,0.73157
27,LEO_1,LEO,0.74516,0.902661,0.094156,0.148936,2,0,0,0,0.532493
28,BS_0,BS,0.692695,0.827687,0.267166,0.2975,1,1,1,4,0.0
28,BS_1,BS,0.551887,0.830964,0.494412,0.522629,1,1,1,1,0.282991
28,BS_2,BS,0.660194,0.816873,0.315221,0.429455,1,1,1,4,0.276988
28,BS_3,BS,0.686794,0.833528,0.275722,0.230006,1,1,1,4,0.0
28,BS_4,BS,0.483651,0.816893,0.626392,0.398351,1,1,1,2,0.0
28,HAP_0,HAP,0.689783,0.921675,0.271379,0.078272,1,1,1,0,0.244553
28,HAP_1,HAP,0.537575,0.827232,0.520688,0.429188,1,1,1,1,0.509837
28,HAP_2,HAP,0.736836,0.920754,0.20539,0.084577,1,1,1,0,0.425608
28,LEO_0,LEO,0.807834,0.948847,0.013399,0.020508,2,0,0,0,0.653486
28,LEO_1,LEO,0.759491,0.907323,0.175107,0.132947,1,1,1,0,0.399571
29,BS_0,BS,0.690461,0.8311,0.270396,0.270901,1,1,1,4,0.0
29,BS_1,BS,0.535349,0.828335,0.524837,0.542058,1,1,1,1,0.0
29,BS_2,BS,0.65792,0.819393,0.318672,0.389262,1,1,1,4,0.0
29,BS_3,BS,0.663559,0.833255,0.310138,0.227289,1,1,1,4,0.0
29,BS_4,BS,0.642248,0.819133,0.342781,0.371555,1,1,1,3,0.0
29,HAP_0,HAP,0.775412,0.92647,0.154361,0.07334,1,1,1,0,0.123286
29,HAP_1,HAP,0.562879,0.826918,0.474691,0.444749,1,1,1,2,0.142606
29,HAP_2,HAP,0.767248,0.918418,0.164945,0.079904,1,1,1,0,0.906079
29,LEO_0,LEO,0.720073,0.935565,0.228402,0.039882,1,1,1,0,1.061457
29,LEO_1,LEO,0.753074,0.914764,0.083591,0.109502,2,0,0,0,0.652326
30,BS_0,BS,0.664264,0.831371,0.309076,0.259708,1,1,1,4,0.299738
30,BS_1,BS,0.681254,0.838554,0.28382,0.469896,1,1,1,0,0.761953
30,BS_2,BS,0.64815,0.820499,0.333632,0.3615,1,1,1,4,0.424227
30,BS_3,BS,0.652836,0.832026,0.32643,0.229781,1,1,1,4,0.488835
30,BS_4,BS,0.712259,0.826185,0.239313,0.323016,1,1,1,3,0.388415
30,HAP_0,HAP,0.749444,0.924973,0.188424,0.074649,1,1,1,0,0.571999
30,HAP_1,HAP,0.60677,0.830937,0.399606,0.427658,1,1,1,2,0.310525
30,HAP_2,HAP,0.746671,0.922795,0.09213,0.067743,2,0,0,0,0.594221
30,LEO_0,LEO,0.761378,0.931561,0.172625,0.045315,1,1,1,0,0.571509
30,LEO_1,LEO,0.67496,0.920004,0.093102,0.091502,3,0,0,0,0.62568
31,BS_0,BS,0.65141,0.830387,0.328616,0.256361,1,1,1,4,0.205766
31,BS_1,BS,0.488948,0.822697,0.6155,0.546394,1,1,1,1,0.54985
31,BS_2,BS,0.478217,0.806697,0.637691,0.472192,1,1,1,2,0.424368
31,BS_3,BS,0.649547,0.830734,0.331481,0.233271,1,1,1,4,0.0
31,BS_4,BS,0.689369,0.830098,0.271978,0.2917,1,1,1,2,0.356644
31,HAP_0,HAP,0.818026,0.935607,0.000861,0.059719,2,0,0,0,0.417489
31,HAP_1,HAP,0.577379,0.828746,0.449256,0.43295,1,1,1,1,0.689678
31,HAP_2,HAP,0.749971,0.921995,0.187721,0.070052,1,1,1,0,0.461909
31,LEO_0,LEO,0.775639,0.935764,0.054068,0.037568,2,0,0,0,0.616729
31,LEO_1,LEO,0.623107,0.925701,0.073036,0.075602,4,0,0,0,0.584489
32,BS_0,BS,0.644435,0.829724,0.339381,0.25692,1,1,1,3,0.0
32,BS_1,BS,0.607478,0.826885,0.39844,0.508555,1,1,1,1,0.0
32,BS_2,BS,0.659641,0.812105,0.316059,0.422706,1,1,1,3,0.0
32,BS_3,BS,0.648106,0.829565,0.333701,0.236727,1,1,1,4,0.0
32,BS_4,BS,0.719406,0.835413,0.22933,0.257027,1,1,1,4,0.0
32,HAP_0,HAP,0.751216,0.930199,0.186062,0.063354,1,1,1,0,0.782424
32,HAP_1,HAP,0.526275,0.818158,0.541932,0.478521,1,1,1,2,0.745074
32,HAP_2,HAP,0.765241,0.929015,0.067565,0.058096,2,0,0,0,0.441466
32,LEO_0,LEO,0.71693,0.940085,0.032776,0.030538,3,0,0,0,0.66398
32,LEO_1,LEO,0.797826,0.930072,0.125865,0.067611,1,1,1,0,0.219073
33,BS_0,BS,0.673634,0.83123,0.295069,0.244715,1,1,1,3,0.794341
33,BS_1,BS,0.656864,0.832033,0.320278,0.453004,1,1,1,1,0.343793
33,BS_2,BS,0.714731,0.820676,0.235849,0.363196,1,1,1,4,0.627952
33,BS_3,BS,0.64793,0.828614,0.333972,0.239574,1,1,1,4,0.640396
33,BS_4,BS,0.690857,0.83716,0.269823,0.238383,1,1,1,3,0.765654
33,HAP_0,HAP,0.81287,0.932771,0.107184,0.055853,1,1,1,0,0.441586
33,HAP_1,HAP,0.58953,0.820244,0.428429,0.465415,1,1,1,1,0.565321
33,HAP_2,HAP,0.696074,0.932999,0.062299,0.048223,3,0,0,0,0.69622
33,LEO_0,LEO,0.742049,0.936091,0.198341,0.042133,1,1,1,0,0.345563
33,LEO_1,LEO,0.738224,0.925481,0.203507,0.072725,1,1,1,0,0.722438
34,BS_0,BS,0.400281,0.809095,0.815587,0.495105,1,1,1,1,0.0
34,BS_1,BS,0.538993,0.830796,0.518053,0.483174,1,1,1,1,0.0
34,BS_2,BS,0.485399,0.810483,0.622783,0.465093,1,1,1,2,0.0
34,BS_3,BS,0.647245,0.827789,0.33503,0.242169,1,1,1,4,0.0
34,BS_4,BS,0.724812,0.841421,0.221843,0.212853,1,1,1,4,0.0
34,HAP_0,HAP,0.541089,0.902375,0.514172,0.16365,1,1,1,0,2.702087
34,HAP_1,HAP,0.507498,0.817322,0.578262,0.522806,1,1,1,1,0.159662
34,HAP_2,HAP,0.627395,0.935895,0.066179,0.040549,4,0,0,0,0.654795
34,LEO_0,LEO,0.767521,0.941295,0.06459,0.035583,2,0,0,0,0.360921
34,LEO_1,LEO,0.80501,0.929368,0.116901,0.06433,1,1,1,0,0.341178
35,BS_0,BS,0.737203,0.824572,0.204892,0.414975,1,1,1,2,0.0
35,BS_1,BS,0.616158,0.840832,0.384252,0.452981,1,1,1,0,0.0
35,BS_2,BS,0.616288,0.811606,0.38404,0.438444,1,1,1,4,0.0
35,BS_3,BS,0.648221,0.82722,0.333524,0.243793,1,1,1,4,0.0
35,BS_4,BS,0.645159,0.837842,0.338259,0.221771,1,1,1,4,0.211898
35,HAP_0,HAP,0.533927,0.886713,0.527496,0.256134,1,1,1,0,0.117277
35,HAP_1,HAP,0.511158,0.812728,0.571077,0.565003,1,1,1,2,0.24906
35,HAP_2,HAP,0.795024,0.937353,0.129383,0.039973,1,1,1,0,0.286662
35,LEO_0,LEO,0.734916,0.948004,0.007998,0.028496,3,0,0,0,0.476376
35,LEO_1,LEO,0.686142,0.91839,0.27667,0.08591,1,1,1,0,0.962873
36,BS_0,BS,0.676896,0.828161,0.290238,0.369887,1,1,1,3,0.568764
36,BS_1,BS,0.537051,0.836579,0.521662,0.484844,1,1,1,1,0.350111
36,BS_2,BS,0.676347,0.817074,0.291049,0.388874,1,1,1,4,0.0
36,BS_3,BS,0.647189,0.826669,0.335117,0.245571,1,1,1,4,0.0
36,BS_4,BS,0.659027,0.836254,0.316991,0.222634,1,1,1,4,0.0
36,HAP_0,HAP,0.872116,0.901489,0.036833,0.205517,1,1,1,0,0.620523
36,HAP_1,HAP,0.459244,0.796119,0.678173,0.658966,1,1,1,3,0.727036
36,HAP_2,HAP,0.748657,0.931684,0.189474,0.048133,1,1,1,0,0.76378
36,LEO_0,LEO,0.810255,0.945451,0.110407,0.028282,1,1,1,0,0.677163
36,LEO_1,LEO,0.760745,0.923733,0.073457,0.071156,2,0,0,0,0.608871
37,BS_0,BS,0.665065,0.83443,0.30787,0.338562,1,1,1,3,0.0
37,BS_1,BS,0.481903,0.823598,0.630012,0.566487,1,1,1,1,0.229544
37,BS_2,BS,0.588042,0.81632,0.430956,0.394675,1,1,1,3,0.0
37,BS_3,BS,0.614129,0.823082,0.387551,0.264044,1,1,1,3,0.0
37,BS_4,BS,0.635724,0.834136,0.352991,0.234178,1,1,1,3,0.0
37,HAP_0,HAP,0.731606,0.899692,0.212514,0.184737,1,1,1,0,0.9518
37,HAP_1,HAP,0.672,0.809543,0.297497,0.566999,1,1,1,2,0.462689
37,HAP_2,HAP,0.817271,0.934505,0.101784,0.043169,1,1,1,0,0.421125
37,LEO_0,LEO,0.744134,0.9432,0.095535,0.026732,2,0,0,0,0.770487
37,LEO_1,LEO,0.692237,0.926226,0.067827,0.058995,3,0,0,0,0.922075
38,BS_0,BS,0.618376,0.830779,0.380659,0.336056,1,1,1,3,0.0
38,BS_1,BS,0.632128,0.831373,0.358663,0.511077,1,1,1,1,0.0
38,BS_2,BS,0.701571,0.823494,0.254434,0.344871,1,1,1,4,0.0
38,BS_3,BS,0.638824,0.822578,0.348126,0.265772,1,1,1,4,0.0
38,BS_4,BS,0.434544,0.816332,0.733457,0.429425,1,1,1,1,0.0
38,HAP_0,HAP,0.740204,0.902605,0.20083,0.165939,1,1,1,0,0.418621
38,HAP_1,HAP,0.624234,0.817579,0.37123,0.515615,1,1,1,2,0.442761
38,HAP_2,HAP,0.598951,0.91162,0.412576,0.111133,1,1,1,0,1.285254
38,LEO_0,LEO,0.675851,0.944433,0.091782,0.025177,3,0,0,0,0.391723
38,LEO_1,LEO,0.692664,0.921283,0.26721,0.079327,1,1,1,0,0.240899
39,BS_0,BS,0.701515,0.834567,0.254514,0.297994,1,1,1,4,0.0
39,BS_1,BS,0.63958,0.83683,0.346944,0.463028,1,1,1,1,0.0
39,BS_2,BS,0.685762,0.827302,0.277224,0.310481,1,1,1,4,0.52901
39,BS_3,BS,0.648179,0.823047,0.333589,0.262694,1,1,1,4,0.0
39,BS_4,BS,0.733674,0.830236,0.209691,0.363326,1,1,1,2,0.0
39,HAP_0,HAP,0.798844,0.914539,0.02459,0.133023,2,0,0,0,0.631288
39,HAP_1,HAP,0.591576,0.81945,0.424965,0.493759,1,1,1,2,0.519543
39,HAP_2,HAP,0.655059,0.904769,0.32303,0.135863,1,1,1,0,0.362508
39,LEO_0,LEO,0.621005,0.946111,0.076417,0.022769,4,0,0,0,0.490777
39,LEO_1,LEO,0.792644,0.930131,0.032381,0.063933,2,0,0,0,0.527456
40,BS_0,BS,0.646114,0.83249,0.336779,0.289434,1,1,1,3,0.72204
40,BS_1,BS,0.680633,0.843478,0.284732,0.406905,1,1,1,1,0.542652
40,BS_2,BS,0.662757,0.828189,0.311346,0.292006,1,1,1,3,0.243286
40,BS_3,BS,0.646981,0.823311,0.335439,0.260789,1,1,1,4,0.0
40,BS_4,BS,0.673166,0.832393,0.295763,0.330025,1,1,1,2,0.490028
40,HAP_0,HAP,0.719817,0.923773,0.028758,0.106791,3,0,0,0,0.61482
40,HAP_1,HAP,0.60374,0.822551,0.404612,0.468677,1,1,1,1,0.556266
40,HAP_2,HAP,0.767039,0.914765,0.065217,0.110605,2,0,0,0,0.513441
40,LEO_0,LEO,0.833634,0.947204,0.08196,0.021238,1,1,0,0,0.47462
40,LEO_1,LEO,0.762844,0.926835,0.170701,0.064259,1,1,1,0,0.754623
41,BS_0,BS,0.72015,0.837303,0.228295,0.255001,1,1,1,4,0.0
41,BS_1,BS,0.634125,0.846409,0.355509,0.382398,1,1,1,1,0.0
41,BS_2,BS,0.667052,0.829264,0.304887,0.275435,1,1,1,4,0.0
41,BS_3,BS,0.639928,0.822865,0.3464,0.262628,1,1,1,3,0.0
41,BS_4,BS,0.682973,0.834227,0.281301,0.299629,1,1,1,4,0.0
41,HAP_0,HAP,0.795055,0.927497,0.129344,0.092961,1,1,1,0,0.316815
41,HAP_1,HAP,0.573285,0.823705,0.456372,0.468666,1,1,1,2,0.263753
41,HAP_2,HAP,0.692881,0.913687,0.266897,0.120539,1,1,1,0,0.13552
41,LEO_0,LEO,0.575631,0.918829,0.452288,0.109045,1,1,1,0,1.355474
41,LEO_1,LEO,0.770166,0.927701,0.161149,0.063093,1,1,1,0,0.336586
42,BS_0,BS,0.676818,0.837423,0.290353,0.241938,1,1,1,4,0.434314
42,BS_1,BS,0.550367,0.833889,0.49717,0.417148,1,1,1,1,0.765963
42,BS_2,BS,0.600845,0.823847,0.409419,0.295779,1,1,1,2,0.653188
42,BS_3,BS,0.638764,0.822399,0.34822,0.264668,1,1,1,2,0.657693
42,BS_4,BS,0.70105,0.837109,0.255176,0.269005,1,1,1,4,0.536511
42,HAP_0,HAP,0.797786,0.935905,0.025915,0.074671,2,0,0,0,0.473199
42,HAP_1,HAP,0.512527,0.813027,0.568403,0.520319,1,1,1,3,0.500078
42,HAP_2,HAP,0.755567,0.922016,0.080287,0.099332,2,0,0,0,0.461775
42,LEO_0,LEO,0.709335,0.913669,0.243428,0.113901,1,1,1,0,0.553684
42,LEO_1,LEO,0.775988,0.933558,0.053618,0.051768,2,0,0,0,0.570785
43,BS_0,BS,0.657613,0.83579,0.319139,0.239383,1,1,1,4,0.469044
43,BS_1,BS,0.724061,0.840121,0.222879,0.356073,1,1,1,1,0.767243
43,BS_2,BS,0.738283,0.831872,0.203428,0.255245,1,1,1,3,0.626609
43,BS_3,BS,0.658565,0.823858,0.317692,0.257152,1,1,1,3,0.0
43,BS_4,BS,0.658811,0.835655,0.317318,0.260515,1,1,1,4,0.705649
43,HAP_0,HAP,0.7959,0.934953,0.128282,0.067142,1,1,1,0,0.645717
43,HAP_1,HAP,0.685141,0.824229,0.278131,0.451066,1,1,1,2,0.478298
43,HAP_2,HAP,0.699108,0.930354,0.05795,0.080977,3,0,0,0,0.369767
43,LEO_0,LEO,0.766567,0.920453,0.065833,0.093071,2,0,0,0,0.646739
43,LEO_1,LEO,0.730427,0.941205,0.014126,0.041504,3,0,0,0,0.464543
44,BS_0,BS,0.632589,0.832156,0.357934,0.249159,1,1,1,3,0.61834
44,BS_1,BS,0.438654,0.823746,0.724044,0.520766,1,1,1,0,0.273079
44,BS_2,BS,0.684148,0.833723,0.279581,0.239371,1,1,1,4,0.211169
44,BS_3,BS,0.652133,0.824436,0.327507,0.253989,1,1,1,4,0.0
44,BS_4,BS,0.652262,0.833887,0.327308,0.256621,1,1,1,3,0.0
44,HAP_0,HAP,0.814793,0.942057,0.004822,0.053724,2,0,0,0,0.550183
44,HAP_1,HAP,0.617462,0.823939,0.382139,0.426566,1,1,1,2,0.670162
44,HAP_2,HAP,0.642359,0.938175,0.042608,0.065598,4,0,0,0,0.349378
44,LEO_0,LEO,0.691294,0.923654,0.06919,0.076611,3,0,0,0,0.906338
44,LEO_1,LEO,0.789133,0.938121,0.136821,0.041628,1,1,1,0,0.709405
45,BS_0,BS,0.649054,0.830791,0.332239,0.248999,1,1,1,4,0.0
45,BS_1,BS,0.569935,0.824979,0.462234,0.51276,1,1,1,1,0.0
45,BS_2,BS,0.501841,0.821925,0.589472,0.347862,1,1,1,2,0.0
45,BS_3,BS,0.642461,0.824002,0.342448,0.255963,1,1,1,4,0.0
45,BS_4,BS,0.638612,0.831203,0.348458,0.259937,1,1,1,3,0.0
45,HAP_0,HAP,0.551203,0.910784,0.495652,0.153531,1,1,1,0,1.69689
45,HAP_1,HAP,0.652525,0.825119,0.326905,0.389343,1,1,1,3,0.72522
45,HAP_2,HAP,0.821184,0.940353,0.097008,0.056713,1,1,0,0,0.457131
45,LEO_0,LEO,0.77349,0.924346,0.156842,0.072359,1,1,1,0,0.431894
45,LEO_1,LEO,0.790734,0.942707,0.034794,0.033847,2,0,0,0,0.546849
46,BS_0,BS,0.635573,0.829623,0.353229,0.255346,1,1,1,4,0.0
46,BS_1,BS,0.605729,0.832667,0.401323,0.482685,1,1,1,1,0.0
46,BS_2,BS,0.758579,0.834613,0.176309,0.292277,1,1,1,4,0.0
46,BS_3,BS,0.635018,0.824159,0.354102,0.261195,1,1,1,3,0.0
46,BS_4,BS,0.588285,0.827024,0.430544,0.291365,1,1,1,3,0.0
46,HAP_0,HAP,0.626081,0.900418,0.368276,0.183857,1,1,1,0,0.435935
46,HAP_1,HAP,0.722237,0.834081,0.225402,0.334337,1,1,1,3,0.386358
46,HAP_2,HAP,0.503346,0.90422,0.586478,0.200151,1,1,1,0,2.363944
46,LEO_0,LEO,0.774135,0.926819,0.156009,0.06884,1,1,1,0,0.282954
46,LEO_1,LEO,0.726387,0.947057,0.019672,0.027252,3,0,0,0,0.598512
47,BS_0,BS,0.47919,0.817401,0.635657,0.386104,1,1,1,1,0.0
47,BS_1,BS,0.543431,0.829016,0.509853,0.503126,1,1,1,1,0.0
47,BS_2,BS,0.692465,0.837171,0.267497,0.266021,1,1,1,4,0.493005
47,BS_3,BS,0.686824,0.828194,0.275677,0.243155,1,1,1,3,0.0
47,BS_4,BS,0.716087,0.833544,0.233953,0.257722,1,1,1,2,0.0
47,HAP_0,HAP,0.771436,0.90594,0.159502,0.158534,1,1,1,0,0.450251
47,HAP_1,HAP,0.70767,0.841428,0.245777,0.294653,1,1,1,2,0.600297
47,HAP_2,HAP,0.621557,0.895363,0.375528,0.223581,1,1,1,0,0.363302
47,LEO_0,LEO,0.779829,0.92654,0.148681,0.065019,1,1,1,0,0.666974
47,LEO_1,LEO,0.647698,0.949877,0.034331,0.022332,4,0,0,0,0.565355
48,BS_0,BS,0.582395,0.813853,0.440607,0.396244,1,1,1,4,0.0
48,BS_1,BS,0.548623,0.821026,0.500345,0.515156,1,1,1,1,0.638161
48,BS_2,BS,0.680537,0.83775,0.284873,0.249336,1,1,1,3,0.0
48,BS_3,BS,0.668918,0.829511,0.302094,0.235591,1,1,1,4,0.0
48,BS_4,BS,0.677236,0.83721,0.289735,0.243954,1,1,1,2,0.0
48,HAP_0,HAP,0.7963,0.918199,0.027779,0.127175,2,0,0,0,0.490171
48,HAP_1,HAP,0.656919,0.840262,0.320195,0.281858,1,1,1,3,0.709651
48,HAP_2,HAP,0.879017,0.90838,0.028951,0.179242,1,1,1,0,0.634651
48,LEO_0,LEO,0.778773,0.933431,0.050036,0.053142,2,0,0,0,0.449946
48,LEO_1,LEO,0.85079,0.950907,0.06159,0.019572,1,1,0,0,0.519742
49,BS_0,BS,0.694225,0.820458,0.26496,0.348586,1,1,1,2,0.719346
49,BS_1,BS,0.730742,0.833184,0.213695,0.432674,1,1,1,1,0.420677
49,BS_2,BS,0.646007,0.835365,0.336945,0.250558,1,1,1,3,0.0
49,BS_3,BS,0.652904,0.8292,0.326326,0.236393,1,1,1,3,0.0
49,BS_4,BS,0.726855,0.845519,0.219028,0.216751,1,1,1,2,0.0
49,HAP_0,HAP,0.706632,0.925713,0.047245,0.102744,3,0,0,0,0.629295
49,HAP_1,HAP,0.692163,0.8414,0.267933,0.257791,1,1,1,3,0.671549
49,HAP_2,HAP,0.810251,0.919663,0.010411,0.143442,2,0,0,0,0.64772
49,LEO_0,LEO,0.731658,0.940636,0.012443,0.042583,3,0,0,0,0.550348
49,LEO_1,LEO,0.676658,0.933447,0.290589,0.053657,1,1,1,0,1.097915
50,BS_0,BS,0.722321,0.827904,0.225286,0.301708,1,1,1,4,0.0
50,BS_1,BS,0.659634,0.839937,0.31607,0.391094,1,1,1,1,0.0
50,BS_2,BS,0.657161,0.834179,0.319827,0.246476,1,1,1,4,0.0
50,BS_3,BS,0.428572,0.810784,0.747297,0.440418,1,1,1,2,0.0
50,BS_4,BS,0.681637,0.845198,0.283258,0.209506,1,1,1,4,0.0
50,HAP_0,HAP,0.650772,0.933048,0.029597,0.082589,4,0,0,0,0.56807
50,HAP_1,HAP,0.5491,0.835354,0.499474,0.318496,1,1,1,2,0.145798
50,HAP_2,HAP,0.566544,0.894355,0.468201,0.213399,1,1,1,0,1.573979
50,LEO_0,LEO,0.657736,0.946107,0.018952,0.034228,4,0,0,0,0.524045
50,LEO_1,LEO,0.717396,0.92734,0.232128,0.067173,1,1,1,0,0.440114
51,BS_0,BS,0.693205,0.831348,0.26643,0.27331,1,1,1,4,0.428253
51,BS_1,BS,0.725702,0.850386,0.220615,0.334777,1,1,1,1,0.229604
51,BS_2,BS,0.590088,0.826709,0.427484,0.279415,1,1,1,3,0.667901
51,BS_3,BS,0.812815,0.832372,0.107252,0.357511,1,1,1,2,0.0
51,BS_4,BS,0.69045,0.84509,0.270412,0.20051,1,1,1,3,0.691435
51,HAP_0,HAP,0.821473,0.936786,0.096656,0.070276,1,1,0,0,0.337965
51,HAP_1,HAP,0.67818,0.841026,0.288343,0.292211,1,1,1,2,0.354731
51,HAP_2,HAP,0.638103,0.887889,0.349256,0.22561,1,1,1,0,0.497898
51,LEO_0,LEO,0.839242,0.94795,0.075256,0.029931,1,1,0,0,0.420916
51,LEO_1,LEO,0.766255,0.930718,0.066241,0.055713,2,0,0,0,0.760206
52,BS_0,BS,0.654111,0.830612,0.324478,0.266027,1,1,1,4,0.0
52,BS_1,BS,0.66833,0.851306,0.302973,0.309129,1,1,1,1,0.620101
52,BS_2,BS,0.720236,0.83268,0.228177,0.246961,1,1,1,4,0.0
52,BS_3,BS,0.757785,0.845977,0.177356,0.300164,1,1,1,2,0.275101
52,BS_4,BS,0.73152,0.848447,0.212631,0.180754,1,1,1,3,0.0
52,HAP_0,HAP,0.728334,0.929011,0.216995,0.07741,1,1,1,0,0.828422
52,HAP_1,HAP,0.640491,0.840468,0.34552,0.287491,1,1,1,3,0.159757
52,HAP_2,HAP,0.592161,0.883544,0.423976,0.261378,1,1,1,0,0.0
52,LEO_0,LEO,0.745356,0.939172,0.193894,0.040863,1,1,1,0,0.833802
52,LEO_1,LEO,0.703738,0.936078,0.051349,0.045757,3,0,0,0,0.497476
53,BS_0,BS,0.648384,0.829494,0.333272,0.262803,1,1,1,3,0.524733
53,BS_1,BS,0.649317,0.851714,0.331835,0.296854,1,1,1,1,0.6166
53,BS_2,BS,0.700065,0.83575,0.256582,0.227195,1,1,1,4,0.707239
53,BS_3,BS,0.524822,0.830244,0.544697,0.373643,1,1,1,4,0.396056
53,BS_4,BS,0.671627,0.845901,0.298052,0.184579,1,1,1,3,0.594156
53,HAP_0,HAP,0.787381,0.930205,0.139043,0.070627,1,1,1,0,0.397721
53,HAP_1,HAP,0.736135,0.849825,0.206342,0.249153,1,1,1,2,0.41716
53,HAP_2,HAP,0.798709,0.894879,0.124759,0.216107,1,1,1,0,0.525711
53,LEO_0,LEO,0.806322,0.939177,0.115272,0.03867,1,1,1,0,0.466603
53,LEO_1,LEO,0.655993,0.941704,0.021605,0.036815,4,0,0,0,0.59734
54,BS_0,BS,0.639764,0.827796,0.346656,0.264319,1,1,1,4,0.0
54,BS_1,BS,0.567094,0.845476,0.46723,0.33572,1,1,1,1,0.0
54,BS_2,BS,0.54924,0.824144,0.49922,0.293905,1,1,1,2,0.64563
54,BS_3,BS,0.703053,0.834285,0.252323,0.327565,1,1,1,4,0.0
54,BS_4,BS,0.689702,0.845437,0.271496,0.180832,1,1,1,3,0.0
54,HAP_0,HAP,0.79018,0.928923,0.135494,0.064763,1,1,1,0,0.77233
54,HAP_1,HAP,0.653248,0.852888,0.325799,0.247087,1,1,1,2,0.266455
54,HAP_2,HAP,0.885084,0.910151,0.022073,0.173105,1,1,1,0,0.441731
54,LEO_0,LEO,0.656176,0.921653,0.321326,0.077398,1,1,1,0,1.170085
54,LEO_1,LEO,0.81409,0.942422,0.105684,0.034478,1,1,1,0,0.42854
55,BS_0,BS,0.648431,0.827245,0.3332,0.261415,1,1,1,4,0.0
55,BS_1,BS,0.678691,0.852577,0.287589,0.305794,1,1,1,1,0.0
55,BS_2,BS,0.734784,0.835311,0.208179,0.254626,1,1,1,3,0.0
55,BS_3,BS,0.670491,0.834489,0.299745,0.302483,1,1,1,3,0.393021
55,BS_4,BS,0.543406,0.835249,0.509898,0.261664,1,1,1,3,0.0
55,HAP_0,HAP,0.748367,0.93239,0.089862,0.055445,2,0,0,0,0.49179
55,HAP_1,HAP,0.647265,0.854852,0.334999,0.248171,1,1,1,2,0.18662
55,HAP_2,HAP,0.683487,0.902717,0.280547,0.173902,1,1,1,0,0.960559
55,LEO_0,LEO,0.696883,0.916126,0.261138,0.092606,1,1,1,0,0.430811
55,LEO_1,LEO,0.739541,0.93389,0.201726,0.045895,1,1,1,0,0.877937
56,BS_0,BS,0.646467,0.826622,0.336232,0.260006,1,1,1,4,0.638241
56,BS_1,BS,0.627019,0.84938,0.366778,0.305172,1,1,1,1,0.384278
56,BS_2,BS,0.636653,0.832854,0.35153,0.259309,1,1,1,4,0.527164
56,BS_3,BS,0.559224,0.829143,0.481206,0.346188,1,1,1,3,0.0
56,BS_4,BS,0.684492,0.837354,0.279079,0.244379,1,1,1,3,0.622037
56,HAP_0,HAP,0.773062,0.932125,0.157396,0.055504,1,1,1,0,0.409023
56,HAP_1,HAP,0.614986,0.850385,0.386156,0.265639,1,1,1,3,0.38676
56,HAP_2,HAP,0.792382,0.908474,0.132711,0.147047,1,1,1,0,0.502971
56,LEO_0,LEO,0.753618,0.91836,0.18287,0.089133,1,1,1,0,0.307883
56,LEO_1,LEO,0.757973,0.931804,0.177107,0.050831,1,1,1,0,0.386639
57,BS_0,BS,0.522532,0.813353,0.54907,0.34367,1,1,1,2,0.786358
57,BS_1,BS,0.694506,0.855531,0.264554,0.275633,1,1,1,1,0.299788
57,BS_2,BS,0.68638,0.834844,0.276323,0.241807,1,1,1,3,0.287786
57,BS_3,BS,0.765157,0.840941,0.167675,0.289602,1,1,1,2,0.51245
57,BS_4,BS,0.703846,0.839991,0.251195,0.223898,1,1,1,3,0.705009
57,HAP_0,HAP,0.764601,0.935754,0.068401,0.046508,2,0,0,0,0.621624
57,HAP_1,HAP,0.682371,0.85139,0.282182,0.248343,1,1,1,3,0.490879
57,HAP_2,HAP,0.760995,0.917352,0.073129,0.120044,2,0,0,0,0.486428
57,LEO_0,LEO,0.789891,0.927881,0.035861,0.071885,2,0,0,0,0.492689
57,LEO_1,LEO,0.816142,0.935587,0.103167,0.045454,1,1,1,0,0.341161
58,BS_0,BS,0.600961,0.816865,0.409226,0.350295,1,1,1,2,0.0
58,BS_1,BS,0.577324,0.853515,0.449351,0.311369,1,1,1,1,0.0
58,BS_2,BS,0.667508,0.834651,0.304203,0.235088,1,1,1,3,0.0
58,BS_3,BS,0.6065,0.834287,0.400051,0.3037,1,1,1,4,0.0
58,BS_4,BS,0.675983,0.839533,0.291588,0.217379,1,1,1,4,0.0
58,HAP_0,HAP,0.703248,0.941446,0.052046,0.038426,3,0,0,0,0.358331
58,HAP_1,HAP,0.584292,0.848594,0.437354,0.28475,1,1,1,3,0.111061
58,HAP_2,HAP,0.749618,0.919277,0.188191,0.111972,1,1,1,0,0.288157
58,LEO_0,LEO,0.739366,0.938099,0.001962,0.05751,3,0,0,0,0.394608
58,LEO_1,LEO,0.574177,0.910383,0.454817,0.12945,1,1,1,0,1.258035
59,BS_0,BS,0.597957,0.814785,0.414236,0.357453,1,1,1,3,0.291124
59,BS_1,BS,0.560686,0.846121,0.478594,0.352168,1,1,1,1,0.289608
59,BS_2,BS,0.577848,0.827778,0.448445,0.278567,1,1,1,2,0.274356
59,BS_3,BS,0.719764,0.83951,0.228832,0.266524,1,1,1,2,0.0
59,BS_4,BS,0.525362,0.828918,0.543668,0.306912,1,1,1,2,0.0
59,HAP_0,HAP,0.708259,0.92997,0.244946,0.05774,1,1,1,0,0.960358
59,HAP_1,HAP,0.627528,0.847342,0.365966,0.288069,1,1,1,2,0.546939
59,HAP_2,HAP,0.785268,0.928414,0.04173,0.090362,2,0,0,0,0.480121
59,LEO_0,LEO,0.708779,0.928046,0.244211,0.072845,1,1,1,0,0.870366
59,LEO_1,LEO,0.684524,0.906317,0.279032,0.138596,1,1,1,0,0.386
60,BS_0,BS,0.743904,0.826226,0.195844,0.303222,1,1,1,3,0.0
60,BS_1,BS,0.608261,0.844343,0.397152,0.352713,1,1,1,2,0.0
60,BS_2,BS,0.684264,0.83526,0.279411,0.257985,1,1,1,3,0.0
60,BS_3,BS,0.681801,0.839789,0.283018,0.249264,1,1,1,3,0.655603
60,BS_4,BS,0.676407,0.831659,0.290961,0.283626,1,1,1,3,0.0
60,HAP_0,HAP,0.757046,0.928196,0.178331,0.060503,1,1,1,0,0.422761
60,HAP_1,HAP,0.615209,0.843349,0.385793,0.297432,1,1,1,3,0.513417
60,HAP_2,HAP,0.769965,0.926748,0.16141,0.084013,1,1,1,0,0.674758
60,LEO_0,LEO,0.764285,0.927792,0.168815,0.071101,1,1,1,0,0.369944
60,LEO_1,LEO,0.746179,0.914794,0.09279,0.114751,2,0,0,0,0.455404
61,BS_0,BS,0.69823,0.830658,0.259207,0.272812,1,1,1,3,0.794712
61,BS_1,BS,0.694021,0.84817,0.265252,0.313832,1,1,1,1,0.557337
61,BS_2,BS,0.624909,0.831959,0.370149,0.268043,1,1,1,4,0.236907
61,BS_3,BS,0.522288,0.829105,0.549537,0.335307,1,1,1,2,0.0
61,BS_4,BS,0.702458,0.835334,0.25317,0.255743,1,1,1,4,0.449316
61,HAP_0,HAP,0.814834,0.932227,0.104771,0.053342,1,1,1,0,0.378435
61,HAP_1,HAP,0.656543,0.843788,0.320767,0.284247,1,1,1,3,0.248383
61,HAP_2,HAP,0.787433,0.93383,0.038977,0.067894,2,0,0,0,0.496267
61,LEO_0,LEO,0.792137,0.934735,0.033021,0.057371,2,0,0,0,0.576785
61,LEO_1,LEO,0.70312,0.9234,0.052228,0.093029,3,0,0,0,0.545326
62,BS_0,BS,0.657834,0.830444,0.318802,0.263985,1,1,1,2,0.679085
62,BS_1,BS,0.644997,0.843948,0.33851,0.302631,1,1,1,2,0.648244
62,BS_2,BS,0.645774,0.830521,0.337305,0.265633,1,1,1,3,0.734042
62,BS_3,BS,0.660637,0.830461,0.31455,0.312769,1,1,1,4,0.0
62,BS_4,BS,0.721109,0.839688,0.226965,0.227776,1,1,1,3,0.0
62,HAP_0,HAP,0.674388,0.919378,0.29395,0.081556,1,1,1,0,0.994794
62,HAP_1,HAP,0.780833,0.855678,0.147395,0.237174,1,1,1,3,0.284548
62,HAP_2,HAP,0.77806,0.934457,0.150951,0.064569,1,1,1,0,0.313038
62,LEO_0,LEO,0.715319,0.94119,0.035027,0.046449,3,0,0,0,0.424151
62,LEO_1,LEO,0.636639,0.930316,0.051552,0.075619,4,0,0,0,0.531383
63,BS_0,BS,0.632923,0.829327,0.357407,0.268671,1,1,1,3,0.0
63,BS_1,BS,0.80838,0.853839,0.112724,0.247822,1,1,1,2,0.58202
63,BS_2,BS,0.637964,0.828487,0.349473,0.267466,1,1,1,4,0.0
63,BS_3,BS,0.661673,0.834561,0.312983,0.294297,1,1,1,3,0.0
63,BS_4,BS,0.672283,0.838934,0.297075,0.221935,1,1,1,4,0.221835
63,HAP_0,HAP,0.782654,0.925589,0.045065,0.066159,2,0,0,0,0.681978
63,HAP_1,HAP,0.674984,0.853258,0.293066,0.228388,1,1,1,2,0.948219
63,HAP_2,HAP,0.680118,0.92215,0.285489,0.088332,1,1,1,0,0.946926
63,LEO_0,LEO,0.79172,0.937914,0.133548,0.045185,1,1,1,0,0.765748
63,LEO_1,LEO,0.874833,0.93665,0.033723,0.061007,1,1,0,0,0.56456
64,BS_0,BS,0.510926,0.82075,0.57153,0.361928,1,1,1,2,0.0
64,BS_1,BS,0.789842,0.860005,0.135922,0.206572,1,1,1,2,1.04355
64,BS_2,BS,0.644429,0.827434,0.33939,0.265806,1,1,1,4,0.0
64,BS_3,BS,0.687009,0.836918,0.275408,0.26957,1,1,1,3,0.0
64,BS_4,BS,0.648642,0.836176,0.332874,0.22741,1,1,1,3,0.0
64,HAP_0,HAP,0.727473,0.922768,0.218178,0.074348,1,1,1,0,0.396335
64,HAP_1,HAP,0.612794,0.850188,0.389726,0.25106,1,1,1,3,0.326585
64,HAP_2,HAP,0.728759,0.920553,0.216413,0.091741,1,1,1,0,0.315714
64,LEO_0,LEO,0.788744,0.937527,0.137313,0.044633,1,1,1,0,0.394989
64,LEO_1,LEO,0.612747,0.914405,0.389803,0.117181,1,1,1,0,1.3014
65,BS_0,BS,0.774039,0.83691,0.156133,0.300512,1,1,1,2,0.332592
65,BS_1,BS,0.735487,0.860588,0.207222,0.184581,1,1,1,2,0.201718
65,BS_2,BS,0.416808,0.803468,0.77513,0.483017,1,1,1,1,0.764105
65,BS_3,BS,0.593551,0.834144,0.421633,0.295654,1,1,1,2,0.0
65,BS_4,BS,0.650442,0.834135,0.330103,0.230964,1,1,1,3,0.380448
65,HAP_0,HAP,0.803512,0.93154,0.018763,0.059637,2,0,0,0,0.57825
65,HAP_1,HAP,0.645617,0.849103,0.337549,0.25212,1,1,1,2,0.606916
65,HAP_2,HAP,0.770182,0.928859,0.061128,0.075074,2,0,0,0,0.38482
65,LEO_0,LEO,0.78576,0.934462,0.141104,0.044666,1,1,1,0,0.772561
65,LEO_1,LEO,0.708753,0.910175,0.244249,0.120591,1,1,1,0,0.548553
66,BS_0,BS,0.747957,0.848494,0.19041,0.256725,1,1,1,3,0.0
66,BS_1,BS,0.542346,0.849142,0.511851,0.265561,1,1,1,2,0.0
66,BS_2,BS,0.560698,0.807609,0.478574,0.489478,1,1,1,1,0.0
66,BS_3,BS,0.753618,0.843917,0.18287,0.251572,1,1,1,3,0.0
66,BS_4,BS,0.637319,0.83245,0.350485,0.240049,1,1,1,3,0.0
66,HAP_0,HAP,0.536417,0.900752,0.522843,0.170723,1,1,1,0,1.846603
66,HAP_1,HAP,0.622871,0.8472,0.373416,0.264444,1,1,1,3,0.129522
66,HAP_2,HAP,0.689743,0.935041,0.071436,0.062356,3,0,0,0,0.372186
66,LEO_0,LEO,0.757566,0.932905,0.177644,0.049934,1,1,1,0,0.323351
66,LEO_1,LEO,0.672344,0.907349,0.296985,0.136163,1,1,1,0,0.204127
67,BS_0,BS,0.716821,0.851856,0.23293,0.229795,1,1,1,2,0.496082
67,BS_1,BS,0.716171,0.852576,0.233837,0.237054,1,1,1,2,0.674864
67,BS_2,BS,0.664838,0.819046,0.308211,0.43433,1,1,1,1,0.507051
67,BS_3,BS,0.528687,0.836261,0.537359,0.331197,1,1,1,2,0.0
67,BS_4,BS,0.674052,0.833527,0.294448,0.231054,1,1,1,4,0.0
67,HAP_0,HAP,0.606599,0.891065,0.399887,0.208538,1,1,1,0,0.365115
67,HAP_1,HAP,0.688925,0.849818,0.272623,0.245001,1,1,1,3,0.248062
67,HAP_2,HAP,0.616786,0.939455,0.083233,0.053002,4,0,0,0,0.35393
67,LEO_0,LEO,0.762697,0.938596,0.070894,0.042209,2,0,0,0,0.334241
67,LEO_1,LEO,0.815094,0.914183,0.104452,0.11384,1,1,1,0,0.604395
68,BS_0,BS,0.626107,0.844798,0.368234,0.244854,1,1,1,4,0.614835
68,BS_1,BS,0.7551,0.860188,0.180906,0.204371,1,1,1,2,0.28593
68,BS_2,BS,0.610689,0.824568,0.393168,0.417025,1,1,1,2,0.0
68,BS_3,BS,0.516421,0.822032,0.560833,0.406498,1,1,1,3,0.0
68,BS_4,BS,0.654352,0.833618,0.324109,0.232114,1,1,1,3,0.0
68,HAP_0,HAP,0.762647,0.898417,0.17096,0.179983,1,1,1,0,0.383694
68,HAP_1,HAP,0.565793,0.8457,0.469526,0.295205,1,1,1,1,0.131855
68,HAP_2,HAP,0.868311,0.944878,0.041205,0.043166,1,1,0,0,0.437158
68,LEO_0,LEO,0.719089,0.944998,0.02977,0.034166,3,0,0,0,0.424611
68,LEO_1,LEO,0.789812,0.916033,0.135961,0.09939,1,1,1,0,0.758708
69,BS_0,BS,0.71527,0.846814,0.235096,0.220755,1,1,1,5,0.0
69,BS_1,BS,0.67103,0.858217,0.298941,0.203711,1,1,1,2,0.0
69,BS_2,BS,0.658093,0.83242,0.318409,0.379243,1,1,1,2,0.0
69,BS_3,BS,0.686359,0.82638,0.276354,0.359565,1,1,1,4,0.0
69,BS_4,BS,0.688198,0.835722,0.273679,0.219396,1,1,1,3,0.0
69,HAP_0,HAP,0.797515,0.904573,0.126255,0.151159,1,1,1,0,0.718651
69,HAP_1,HAP,0.566433,0.836274,0.468397,0.334893,1,1,1,3,0.717594
69,HAP_2,HAP,0.588434,0.919293,0.430291,0.11785,1,1,1,0,1.243645
69,LEO_0,LEO,0.656885,0.950549,0.020247,0.027517,4,0,0,0,0.427044
69,LEO_1,LEO,0.736179,0.916796,0.206281,0.098661,1,1,1,0,0.277794
70,BS_0,BS,0.650112,0.842631,0.33061,0.22579,1,1,1,5,0.248251
70,BS_1,BS,0.689265,0.857845,0.27213,0.196294,1,1,1,2,0.709443
70,BS_2,BS,0.71319,0.844109,0.238007,0.328886,1,1,1,1,0.244436
70,BS_3,BS,0.665206,0.827711,0.307659,0.330247,1,1,1,4,0.0
70,BS_4,BS,0.663458,0.83501,0.31029,0.218843,1,1,1,4,0.53988
70,HAP_0,HAP,0.813851,0.917004,0.005978,0.120944,2,0,0,0,0.622346
70,HAP_1,HAP,0.687254,0.842074,0.275052,0.301958,1,1,1,2,0.469099
70,HAP_2,HAP,0.807081,0.920788,0.114331,0.100163,1,1,1,0,0.703465
70,LEO_0,LEO,0.850088,0.95122,0.062416,0.023767,1,1,0,0,0.578466
70,LEO_1,LEO,0.729543,0.913014,0.215337,0.099795,1,1,1,0,0.846459
71,BS_0,BS,0.654373,0.839663,0.324078,0.227894,1,1,1,5,0.0
71,BS_1,BS,0.48096,0.844026,0.63197,0.336759,1,1,1,1,0.0
71,BS_2,BS,0.62783,0.842708,0.365485,0.323219,1,1,1,2,0.365231
71,BS_3,BS,0.644039,0.826782,0.339996,0.316216,1,1,1,4,0.0
71,BS_4,BS,0.653513,0.833495,0.325393,0.222721,1,1,1,4,0.0
71,HAP_0,HAP,0.704768,0.908656,0.249886,0.124854,1,1,1,0,1.086901
71,HAP_1,HAP,0.662235,0.845395,0.312135,0.285409,1,1,1,3,0.255036
71,HAP_2,HAP,0.803219,0.923141,0.119127,0.086516,1,1,1,0,0.598121
71,LEO_0,LEO,0.737405,0.940342,0.204618,0.037854,1,1,1,0,0.907721
71,LEO_1,LEO,0.771178,0.920863,0.059836,0.081447,2,0,0,0,0.557293
72,BS_0,BS,0.636323,0.835608,0.352049,0.238088,1,1,1,3,0.0
72,BS_1,BS,0.600356,0.844989,0.410233,0.345138,1,1,1,2,0.0
72,BS_2,BS,0.650724,0.842948,0.32967,0.307483,1,1,1,2,0.0
72,BS_3,BS,0.621358,0.823878,0.375847,0.31654,1,1,1,4,0.0
72,BS_4,BS,0.649722,0.831925,0.331211,0.227542,1,1,1,4,0.0
72,HAP_0,HAP,0.769227,0.910413,0.162369,0.111747,1,1,1,0,0.597287
72,HAP_1,HAP,0.677451,0.850062,0.289418,0.266021,1,1,1,2,0.511633
72,HAP_2,HAP,0.583959,0.898969,0.437924,0.155513,1,1,1,0,1.766346
72,LEO_0,LEO,0.746209,0.935857,0.192749,0.047002,1,1,1,0,0.397534
72,LEO_1,LEO,0.724353,0.928148,0.022476,0.065385,3,0,0,0,0.750217
73,BS_0,BS,0.438566,0.816583,0.724245,0.426509,1,1,1,1,0.0
73,BS_1,BS,0.499029,0.828721,0.595091,0.435471,1,1,1,2,0.270363
73,BS_2,BS,0.746358,0.848764,0.192551,0.26267,1,1,1,2,0.459746
73,BS_3,BS,0.646075,0.823892,0.33684,0.30429,1,1,1,4,0.0
73,BS_4,BS,0.422227,0.812008,0.762212,0.443469,1,1,1,2,0.0
73,HAP_0,HAP,0.796353,0.919827,0.027712,0.089743,2,0,0,0,0.685845
73,HAP_1,HAP,0.59408,0.842877,0.420741,0.292477,1,1,1,3,0.601728
73,HAP_2,HAP,0.601855,0.888872,0.407739,0.199223,1,1,1,0,0.398112
73,LEO_0,LEO,0.805924,0.942073,0.015765,0.037713,2,0,0,0,0.587002
73,LEO_1,LEO,0.656947,0.934151,0.020151,0.052491,4,0,0,0,0.71499
74,BS_0,BS,0.800858,0.834901,0.122072,0.347913,1,1,1,2,0.0
74,BS_1,BS,0.736742,0.842464,0.205517,0.367383,1,1,1,1,0.0
74,BS_2,BS,0.748479,0.853434,0.189712,0.226332,1,1,1,2,0.737767
74,BS_3,BS,0.633833,0.822756,0.355969,0.300453,1,1,1,5,0.0
74,BS_4,BS,0.600118,0.811408,0.410629,0.430652,1,1,1,4,0.0
74,HAP_0,HAP,0.715151,0.925961,0.035261,0.072354,3,0,0,0,0.802134
74,HAP_1,HAP,0.639207,0.844819,0.347526,0.28833,1,1,1,3,0.0
74,HAP_2,HAP,0.645843,0.888862,0.337198,0.210545,1,1,1,0,0.104514
74,LEO_0,LEO,0.644062,0.922732,0.33996,0.082179,1,1,1,0,1.174499
74,LEO_1,LEO,0.686524,0.928039,0.276114,0.0763,1,1,1,0,0.160365
75,BS_0,BS,0.694072,0.837801,0.26518,0.309975,1,1,1,2,1.228941
75,BS_1,BS,0.650747,0.841109,0.329634,0.342803,1,1,1,2,0.665279
75,BS_2,BS,0.739712,0.858887,0.201495,0.199336,1,1,1,2,0.344833
75,BS_3,BS,0.640108,0.822438,0.346118,0.294271,1,1,1,4,0.0
75,BS_4,BS,0.52863,0.809491,0.537467,0.474514,1,1,1,1,0.0
75,HAP_0,HAP,0.624097,0.928154,0.07145,0.060181,4,0,0,0,0.846373
75,HAP_1,HAP,0.695587,0.848182,0.263,0.26179,1,1,1,3,0.595567
75,HAP_2,HAP,0.792067,0.898091,0.133109,0.176409,1,1,1,0,0.576412
75,LEO_0,LEO,0.685713,0.916198,0.277296,0.100345,1,1,1,0,0.405512
75,LEO_1,LEO,0.785928,0.935822,0.04089,0.061793,2,0,0,0,0.451675
76,BS_0,BS,0.715131,0.841344,0.235289,0.272892,1,1,1,4,0.0
76,BS_1,BS,0.756868,0.849823,0.178567,0.288591,1,1,1,2,0.617068
76,BS_2,BS,0.65823,0.853663,0.3182,0.205032,1,1,1,2,0.577988
76,BS_3,BS,0.642075,0.822367,0.343051,0.288375,1,1,1,5,0.0
76,BS_4,BS,0.697639,0.825968,0.260054,0.410044,1,1,1,2,0.0
76,HAP_0,HAP,0.835434,0.931676,0.079803,0.05101,1,1,0,0,0.549203
76,HAP_1,HAP,0.719123,0.851836,0.229723,0.23318,1,1,1,3,0.612105
76,HAP_2,HAP,0.8082,0.912889,0.012946,0.141203,2,0,0,0,0.475564
76,LEO_0,LEO,0.790531,0.920699,0.13505,0.088483,1,1,1,0,0.385761
76,LEO_1,LEO,0.805597,0.936401,0.116172,0.055507,1,1,1,0,0.556787
77,BS_0,BS,0.685712,0.841481,0.277297,0.252916,1,1,1,4,0.475272
77,BS_1,BS,0.695664,0.852815,0.262889,0.261973,1,1,1,2,0.232279
77,BS_2,BS,0.815418,0.861816,0.104054,0.168898,1,1,1,2,0.376946
77,BS_3,BS,0.493328,0.811167,0.60658,0.396273,1,1,1,2,0.0
77,BS_4,BS,0.461377,0.807157,0.673541,0.532181,1,1,1,3,0.0
77,HAP_0,HAP,0.783819,0.932581,0.143577,0.050085,1,1,1,0,0.366641
77,HAP_1,HAP,0.722733,0.856562,0.224716,0.209267,1,1,1,2,0.497124
77,HAP_2,HAP,0.738997,0.925588,0.002461,0.112965,3,0,0,0,0.451804
77,LEO_0,LEO,0.753305,0.918252,0.183285,0.085903,1,1,1,0,0.809911
77,LEO_1,LEO,0.790371,0.94154,0.035253,0.044965,2,0,0,0,0.551092
78,BS_0,BS,0.649418,0.839218,0.331679,0.251838,1,1,1,4,0.0
78,BS_1,BS,0.618122,0.846005,0.381069,0.274924,1,1,1,3,0.0
78,BS_2,BS,0.689827,0.8582,0.271314,0.168243,1,1,1,2,1.108423
78,BS_3,BS,0.638744,0.813972,0.348252,0.371594,1,1,1,4,0.0
78,BS_4,BS,0.706289,0.816747,0.247731,0.453361,1,1,1,3,0.0
78,HAP_0,HAP,0.812177,0.941127,0.008037,0.040097,2,0,0,0,0.453269
78,HAP_1,HAP,0.704496,0.857601,0.250273,0.1956,1,1,1,2,0.695556
78,HAP_2,HAP,0.629899,0.931193,0.062195,0.092113,4,0,0,0,0.578813
78,LEO_0,LEO,0.76372,0.924711,0.069554,0.0709,2,0,0,0,0.531905
78,LEO_1,LEO,0.804969,0.939524,0.116952,0.042127,1,1,1,0,0.699769
79,BS_0,BS,0.680455,0.839462,0.284994,0.23802,1,1,1,3,0.0
79,BS_1,BS,0.75806,0.851507,0.176993,0.234036,1,1,1,3,0.622273
79,BS_2,BS,0.642384,0.855909,0.342569,0.187404,1,1,1,2,0.0
79,BS_3,BS,0.676951,0.818955,0.290156,0.335161,1,1,1,3,0.0
79,BS_4,BS,0.684106,0.821796,0.279643,0.397879,1,1,1,3,0.28712
79,HAP_0,HAP,0.767449,0.935975,0.164683,0.044282,1,1,1,0,0.769366
79,HAP_1,HAP,0.679283,0.857007,0.286717,0.193473,1,1,1,3,0.401905
79,HAP_2,HAP,0.888226,0.938952,0.018529,0.073845,1,1,0,0,0.472692
79,LEO_0,LEO,0.776427,0.926121,0.153053,0.067261,1,1,1,0,0.415174
79,LEO_1,LEO,0.791853,0.935275,0.13338,0.041707,1,1,1,0,0.875362
80,BS_0,BS,0.656454,0.837352,0.320903,0.236756,1,1,1,4,0.0
80,BS_1,BS,0.692354,0.853737,0.267657,0.219467,1,1,1,2,0.0
80,BS_2,BS,0.782197,0.866078,0.145649,0.159469,1,1,1,2,0.0
80,BS_3,BS,0.648489,0.820214,0.333111,0.318062,1,1,1,5,0.0
80,BS_4,BS,0.430997,0.805511,0.741655,0.565827,1,1,1,2,0.0
80,HAP_0,HAP,0.765071,0.939178,0.067786,0.037493,2,0,0,0,0.51574
80,HAP_1,HAP,0.64142,0.855084,0.344071,0.208052,1,1,1,2,0.664829
80,HAP_2,HAP,0.525781,0.905611,0.54287,0.191694,1,1,1,0,2.165415
80,LEO_0,LEO,0.796966,0.933952,0.026943,0.054136,2,0,0,0,0.5544
80,LEO_1,LEO,0.685212,0.927768,0.278027,0.06815,1,1,1,0,0.262798
81,BS_0,BS,0.648896,0.83494,0.332483,0.23915,1,1,1,4,0.214114
81,BS_1,BS,0.687949,0.852265,0.274041,0.209368,1,1,1,3,0.351241
81,BS_2,BS,0.754677,0.872415,0.181466,0.142394,1,1,1,1,0.332175
81,BS_3,BS,0.431701,0.803583,0.740022,0.500884,1,1,1,2,0.0
81,BS_4,BS,0.8127,0.828305,0.107393,0.457851,1,1,1,2,0.0
81,HAP_0,HAP,0.678053,0.93815,0.08853,0.033521,3,0,0,0,0.846605
81,HAP_1,HAP,0.607563,0.851756,0.398299,0.23783,1,1,1,2,0.313624
81,HAP_2,HAP,0.61896,0.896052,0.379714,0.218238,1,1,1,0,0.382273
81,LEO_0,LEO,0.732738,0.941415,0.010968,0.043363,3,0,0,0,0.502862
81,LEO_1,LEO,0.773368,0.933334,0.057,0.055982,2,0,0,0,0.588198
82,BS_0,BS,0.633101,0.831973,0.357125,0.248712,1,1,1,2,0.0
82,BS_1,BS,0.688504,0.850561,0.273234,0.20109,1,1,1,3,0.0
82,BS_2,BS,0.716142,0.873777,0.233877,0.138529,1,1,1,2,0.0
82,BS_3,BS,0.612456,0.805812,0.390279,0.46925,1,1,1,4,0.0
82,BS_4,BS,0.657252,0.829531,0.319687,0.412271,1,1,1,2,0.778904
82,HAP_0,HAP,0.663688,0.943521,0.009944,0.026862,4,0,0,0,0.603348
82,HAP_1,HAP,0.596897,0.845641,0.416011,0.268144,1,1,1,3,0.402782
82,HAP_2,HAP,0.884508,0.908345,0.022724,0.174822,1,1,1,0,0.750381
82,LEO_0,LEO,0.646911,0.945542,0.035547,0.035259,4,0,0,0,0.554939
82,LEO_1,LEO,0.735511,0.941524,0.00719,0.044809,3,0,0,0,0.452576
83,BS_0,BS,0.661135,0.83184,0.313798,0.243281,1,1,1,3,0.0
83,BS_1,BS,0.665518,0.84731,0.307189,0.203336,1,1,1,3,0.0
83,BS_2,BS,0.775801,0.878716,0.153859,0.121476,1,1,1,2,0.0
83,BS_3,BS,0.628227,0.813211,0.364854,0.435304,1,1,1,2,0.0
83,BS_4,BS,0.606221,0.824808,0.400511,0.402001,1,1,1,3,0.0
83,HAP_0,HAP,0.898185,0.947711,0.007379,0.021514,1,1,0,0,0.672754
83,HAP_1,HAP,0.586717,0.83636,0.433212,0.298968,1,1,1,3,0.403922
83,HAP_2,HAP,0.592103,0.887804,0.424075,0.220786,1,1,1,0,1.631791
83,LEO_0,LEO,0.878005,0.949252,0.030103,0.028615,1,1,0,0,0.535514
83,LEO_1,LEO,0.66191,0.947667,0.012626,0.035919,4,0,0,0,0.481447
84,BS_0,BS,0.654294,0.831038,0.324199,0.241922,1,1,1,3,0.0
84,BS_1,BS,0.661488,0.844111,0.313264,0.206829,1,1,1,3,0.0
84,BS_2,BS,0.608066,0.871578,0.397472,0.168273,1,1,1,1,0.228866
84,BS_3,BS,0.710408,0.82333,0.241916,0.374578,1,1,1,3,0.0
84,BS_4,BS,0.715454,0.830799,0.234838,0.346418,1,1,1,3,0.0
84,HAP_0,HAP,0.637787,0.925297,0.349751,0.072258,1,1,1,0,1.319275
84,HAP_1,HAP,0.774724,0.846747,0.155248,0.25002,1,1,1,3,0.616594
84,HAP_2,HAP,0.591949,0.878994,0.424335,0.257656,1,1,1,0,0.388019
84,LEO_0,LEO,0.682665,0.932985,0.28175,0.058614,1,1,1,0,1.054549
84,LEO_1,LEO,0.864386,0.951471,0.045736,0.029677,1,1,0,0,0.36998
85,BS_0,BS,0.637816,0.828852,0.349705,0.24857,1,1,1,4,0.0
85,BS_1,BS,0.647777,0.840248,0.334209,0.215727,1,1,1,4,0.0
85,BS_2,BS,0.598273,0.86843,0.413709,0.211638,1,1,1,1,0.0
85,BS_3,BS,0.639019,0.82325,0.347821,0.354104,1,1,1,5,0.437565
85,BS_4,BS,0.51274,0.8163,0.567986,0.422308,1,1,1,1,0.850683
85,HAP_0,HAP,0.597649,0.910737,0.414752,0.135215,1,1,1,0,0.279856
85,HAP_1,HAP,0.749272,0.851473,0.188654,0.216032,1,1,1,3,1.244919
85,HAP_2,HAP,0.710768,0.885269,0.241409,0.23235,1,1,1,0,0.285433
85,LEO_0,LEO,0.642918,0.922343,0.341738,0.099445,1,1,1,0,0.204735
85,LEO_1,LEO,0.647749,0.932052,0.334253,0.074017,1,1,1,0,1.03574
86,BS_0,BS,0.646485,0.82791,0.336206,0.249721,1,1,1,3,0.0
86,BS_1,BS,0.645604,0.836947,0.337569,0.22386,1,1,1,4,0.220648
86,BS_2,BS,0.573727,0.860273,0.455602,0.262719,1,1,1,1,0.0
86,BS_3,BS,0.68178,0.826708,0.283048,0.319335,1,1,1,6,0.0
86,BS_4,BS,0.689934,0.823641,0.271159,0.370934,1,1,1,3,0.0
86,HAP_0,HAP,0.804096,0.917417,0.118036,0.114441,1,1,1,0,0.395833
86,HAP_1,HAP,0.745231,0.854614,0.194061,0.189772,1,1,1,2,1.329819
86,HAP_2,HAP,0.631619,0.87709,0.359468,0.244028,1,1,1,0,1.108668
86,LEO_0,LEO,0.806049,0.932139,0.01561,0.079665,2,0,0,0,0.51144
86,LEO_1,LEO,0.792411,0.931604,0.132675,0.067135,1,1,1,0,0.532855
87,BS_0,BS,0.624152,0.826651,0.371362,0.261836,1,1,1,3,0.0
87,BS_1,BS,0.6408,0.833855,0.345037,0.232661,1,1,1,4,0.0
87,BS_2,BS,0.688869,0.866751,0.272704,0.24364,1,1,1,1,0.0
87,BS_3,BS,0.654955,0.826993,0.323189,0.302471,1,1,1,3,0.0
87,BS_4,BS,0.749547,0.833685,0.188286,0.3127,1,1,1,3,0.0
87,HAP_0,HAP,0.707186,0.911005,0.246461,0.118888,1,1,1,0,0.915368
87,HAP_1,HAP,0.671535,0.852758,0.298189,0.19183,1,1,1,2,0.896775
87,HAP_2,HAP,0.810467,0.888236,0.110144,0.200682,1,1,1,0,0.614441
87,LEO_0,LEO,0.785871,0.930573,0.140963,0.072674,1,1,1,0,0.714991
87,LEO_1,LEO,0.76751,0.933963,0.064604,0.055586,2,0,0,0,0.778562
88,BS_0,BS,0.665099,0.831074,0.307819,0.252108,1,1,1,2,0.0
88,BS_1,BS,0.647044,0.831964,0.335342,0.236733,1,1,1,4,0.0
88,BS_2,BS,0.660918,0.869587,0.314125,0.239316,1,1,1,1,0.0
88,BS_3,BS,0.651104,0.826853,0.329086,0.290711,1,1,1,4,0.0
88,BS_4,BS,0.622703,0.834166,0.373686,0.312999,1,1,1,2,0.0
88,HAP_0,HAP,0.802925,0.916025,0.119494,0.101536,1,1,1,0,0.497618
88,HAP_1,HAP,0.621672,0.846915,0.375342,0.216861,1,1,1,2,0.55126
88,HAP_2,HAP,0.598181,0.872392,0.413862,0.237622,1,1,1,0,1.814036
88,LEO_0,LEO,0.815698,0.933535,0.103711,0.062979,1,1,1,0,0.420665
88,LEO_1,LEO,0.772597,0.933586,0.157998,0.055702,1,1,1,0,0.327007
89,BS_0,BS,0.703231,0.835379,0.25207,0.230279,1,1,1,3,0.0
89,BS_1,BS,0.648365,0.830573,0.333302,0.239377,1,1,1,4,0.0
89,BS_2,BS,0.582647,0.868266,0.440174,0.278642,1,1,1,0,0.0
89,BS_3,BS,0.648727,0.826519,0.332743,0.282392,1,1,1,5,0.0
89,BS_4,BS,0.570551,0.833544,0.461153,0.346097,1,1,1,2,0.0
89,HAP_0,HAP,0.749788,0.912755,0.187964,0.097127,1,1,1,0,0.958156
89,HAP_1,HAP,0.667083,0.848863,0.304841,0.215306,1,1,1,3,0.30845
89,HAP_2,HAP,0.549614,0.863355,0.498538,0.301941,1,1,1,0,0.246584
89,LEO_0,LEO,0.674147,0.919742,0.294307,0.089361,1,1,1,0,1.060846
89,LEO_1,LEO,0.75505,0.936217,0.080972,0.047512,2,0,0,0,0.621554
90,BS_0,BS,0.681685,0.836441,0.283188,0.220311,1,1,1,3,0.701164
90,BS_1,BS,0.642446,0.82891,0.342473,0.244281,1,1,1,4,0.638511
90,BS_2,BS,0.424756,0.838616,0.75624,0.480268,1,1,1,1,0.771521
90,BS_3,BS,0.64841,0.826221,0.333233,0.275883,1,1,1,5,0.0
90,BS_4,BS,0.624763,0.833414,0.370383,0.33861,1,1,1,2,0.248214
90,HAP_0,HAP,0.763879,0.918861,0.069346,0.079866,2,0,0,0,0.678197
90,HAP_1,HAP,0.687502,0.849447,0.274691,0.2062,1,1,1,3,0.691499
90,HAP_2,HAP,0.857301,0.882114,0.053966,0.242863,1,1,1,0,0.55034
90,LEO_0,LEO,0.756811,0.919211,0.178642,0.08585,1,1,1,0,0.497384
90,LEO_1,LEO,0.806142,0.935733,0.115496,0.044013,1,1,1,0,0.644072
91,BS_0,BS,0.388684,0.811986,0.844987,0.49755,1,1,1,1,0.0
91,BS_1,BS,0.643853,0.827711,0.340284,0.247532,1,1,1,4,0.328139
91,BS_2,BS,0.539269,0.837716,0.517541,0.504746,1,1,1,0,0.0
91,BS_3,BS,0.584755,0.819783,0.436562,0.306471,1,1,1,6,0.0
91,BS_4,BS,0.792786,0.848241,0.132202,0.278753,1,1,1,2,0.0
91,HAP_0,HAP,0.700417,0.924342,0.05608,0.065308,3,0,0,0,0.743174
91,HAP_1,HAP,0.716283,0.854107,0.23368,0.189533,1,1,1,2,0.504415
91,HAP_2,HAP,0.774493,0.888532,0.155547,0.205178,1,1,1,0,0.845075
91,LEO_0,LEO,0.763179,0.923699,0.070263,0.070901,2,0,0,0,0.785181
91,LEO_1,LEO,0.750722,0.936117,0.086719,0.038594,2,0,0,0,0.750414
92,BS_0,BS,0.543742,0.805739,0.50928,0.514755,1,1,1,3,0.0
92,BS_1,BS,0.645547,0.826909,0.337657,0.249331,1,1,1,4,0.436627
92,BS_2,BS,0.517659,0.828693,0.558438,0.544131,1,1,1,1,0.587984
92,BS_3,BS,0.648009,0.820796,0.333851,0.295332,1,1,1,6,0.0
92,BS_4,BS,0.825989,0.86171,0.091174,0.226743,1,1,1,2,0.299544
92,HAP_0,HAP,0.734796,0.921883,0.208162,0.071745,1,1,1,0,0.453043
92,HAP_1,HAP,0.672812,0.852258,0.296289,0.19113,1,1,1,3,0.559793
92,HAP_2,HAP,0.818995,0.89898,0.099678,0.168614,1,1,1,0,0.537472
92,LEO_0,LEO,0.714573,0.930935,0.03607,0.057307,3,0,0,0,0.546061
92,LEO_1,LEO,0.724576,0.941932,0.022168,0.031096,3,0,0,0,0.522391
93,BS_0,BS,0.737616,0.821514,0.204331,0.430592,1,1,1,3,0.0
93,BS_1,BS,0.619665,0.823813,0.378577,0.263959,1,1,1,3,0.375121
93,BS_2,BS,0.554117,0.82824,0.490379,0.543517,1,1,1,1,0.0
93,BS_3,BS,0.64813,0.821617,0.333664,0.286365,1,1,1,6,0.0
93,BS_4,BS,0.608013,0.851232,0.397559,0.252519,1,1,1,3,0.419942
93,HAP_0,HAP,0.802451,0.922775,0.120084,0.063885,1,1,1,0,0.813293
93,HAP_1,HAP,0.559739,0.845047,0.480285,0.256708,1,1,1,1,0.458364
93,HAP_2,HAP,0.745647,0.898507,0.193502,0.15174,1,1,1,0,0.986713
93,LEO_0,LEO,0.658205,0.93698,0.018239,0.045995,4,0,0,0,0.687765
93,LEO_1,LEO,0.614364,0.941043,0.087168,0.028296,4,0,0,0,0.76823
94,BS_0,BS,0.671046,0.828728,0.298918,0.384682,1,1,1,2,0.46213
94,BS_1,BS,0.727689,0.831339,0.217882,0.23253,1,1,1,4,0.0
94,BS_2,BS,0.608186,0.837698,0.397274,0.505836,1,1,1,0,0.0
94,BS_3,BS,0.625378,0.820129,0.369399,0.290497,1,1,1,4,0.0
94,BS_4,BS,0.702475,0.853966,0.253146,0.230852,1,1,1,2,0.0
94,HAP_0,HAP,0.592974,0.899358,0.422604,0.131476,1,1,1,0,1.695911
94,HAP_1,HAP,0.566938,0.837563,0.467506,0.303719,1,1,1,3,0.269362
94,HAP_2,HAP,0.798674,0.908459,0.024803,0.121669,2,0,0,0,0.880616
94,LEO_0,LEO,0.731607,0.93362,0.212512,0.057119,1,1,1,0,0.23474
94,LEO_1,LEO,0.796575,0.941135,0.127435,0.029945,1,1,1,0,0.324849
95,BS_0,BS,0.565424,0.820662,0.470179,0.407227,1,1,1,3,0.0
95,BS_1,BS,0.69015,0.833893,0.270847,0.219035,1,1,1,4,0.211704
95,BS_2,BS,0.413589,0.812514,0.782883,0.680476,1,1,1,1,0.67222
95,BS_3,BS,0.643615,0.820664,0.340654,0.284618,1,1,1,5,0.0
95,BS_4,BS,0.702699,0.853637,0.252827,0.213446,1,1,1,3,0.610059
95,HAP_0,HAP,0.550635,0.884898,0.496682,0.216193,1,1,1,0,0.260774
95,HAP_1,HAP,0.667116,0.838775,0.304791,0.284779,1,1,1,3,0.560928
95,HAP_2,HAP,0.724962,0.908307,0.221636,0.11944,1,1,1,0,0.423755
95,LEO_0,LEO,0.746946,0.936164,0.091763,0.049484,2,0,0,0,0.573019
95,LEO_1,LEO,0.798691,0.947357,0.024781,0.024232,2,0,0,0,0.406649
96,BS_0,BS,0.711371,0.827274,0.240561,0.351823,1,1,1,2,0.219159
96,BS_1,BS,0.567691,0.825864,0.466177,0.273022,1,1,1,3,0.434928
96,BS_2,BS,0.639043,0.820019,0.347783,0.59881,1,1,1,1,0.443618
96,BS_3,BS,0.647948,0.821495,0.333945,0.277878,1,1,1,6,0.540979
96,BS_4,BS,0.460764,0.83199,0.674869,0.375709,1,1,1,1,0.62667
96,HAP_0,HAP,0.867171,0.899728,0.042519,0.173768,1,1,1,0,0.585259
96,HAP_1,HAP,0.59418,0.83767,0.420573,0.30742,1,1,1,2,0.427616
96,HAP_2,HAP,0.746752,0.916678,0.092023,0.099363,2,0,0,0,0.42674
96,LEO_0,LEO,0.703907,0.926248,0.251108,0.067962,1,1,1,0,0.821443
96,LEO_1,LEO,0.742149,0.938585,0.198205,0.037064,1,1,1,0,0.824482
97,BS_0,BS,0.678727,0.829603,0.287536,0.318663,1,1,1,3,0.324373
97,BS_1,BS,0.50666,0.817985,0.579916,0.369754,1,1,1,1,0.31762
97,BS_2,BS,0.511334,0.819946,0.570732,0.625628,1,1,1,0,0.0
97,BS_3,BS,0.648175,0.82218,0.333595,0.272381,1,1,1,5,0.0
97,BS_4,BS,0.697402,0.841339,0.260394,0.331079,1,1,1,2,0.0
97,HAP_0,HAP,0.753914,0.90033,0.182476,0.153998,1,1,1,0,0.92204
97,HAP_1,HAP,0.621769,0.839131,0.375186,0.30928,1,1,1,2,0.372701
97,HAP_2,HAP,0.75192,0.919185,0.185125,0.094912,1,1,1,0,0.270059
97,LEO_0,LEO,0.765989,0.931138,0.066588,0.056365,2,0,0,0,0.54267
97,LEO_1,LEO,0.778976,0.941814,0.049775,0.030766,2,0,0,0,0.573208
98,BS_0,BS,0.560605,0.823908,0.478738,0.358066,1,1,1,3,0.0
98,BS_1,BS,0.530619,0.808783,0.533711,0.423984,1,1,1,3,0.636819
98,BS_2,BS,0.546799,0.820941,0.503674,0.614662,1,1,1,1,0.0
98,BS_3,BS,0.645782,0.822506,0.337293,0.2691,1,1,1,6,0.0
98,BS_4,BS,0.545353,0.829388,0.506321,0.380226,1,1,1,3,0.0
98,HAP_0,HAP,0.732549,0.902802,0.211225,0.143276,1,1,1,0,0.385947
98,HAP_1,HAP,0.552705,0.829336,0.49293,0.356765,1,1,1,3,0.481606
98,HAP_2,HAP,0.792804,0.92933,0.032179,0.076396,2,0,0,0,0.434729
98,LEO_0,LEO,0.681944,0.934321,0.082808,0.048178,3,0,0,0,0.556062
98,LEO_1,LEO,0.763952,0.939021,0.16925,0.037503,1,1,1,0,0.382723
99,BS_0,BS,0.736383,0.832556,0.206005,0.30555,1,1,1,3,0.245553
99,BS_1,BS,0.661534,0.813518,0.313194,0.383328,1,1,1,4,0.204308
99,BS_2,BS,0.548847,0.817874,0.499935,0.6042,1,1,1,1,0.33125
99,BS_3,BS,0.648105,0.822983,0.333702,0.26539,1,1,1,5,0.517858
99,BS_4,BS,0.559291,0.825915,0.481085,0.40833,1,1,1,2,0.318077
99,HAP_0,HAP,0.800736,0.915819,0.022224,0.114843,2,0,0,0,0.516382
99,HAP_1,HAP,0.702155,0.837622,0.253601,0.314353,1,1,1,2,0.602464
99,HAP_2,HAP,0.730605,0.939234,0.013882,0.061203,3,0,0,0,0.322413
99,LEO_0,LEO,0.649957,0.939205,0.030849,0.03897,4,0,0,0,0.659566
99,LEO_1,LEO,0.759155,0.940768,0.075549,0.032571,2,0,0,0,0.63265
100,BS_0,BS,0.722172,0.837674,0.225492,0.267321,1,1,1,4,0.628695
100,BS_1,BS,0.704003,0.820813,0.250973,0.335007,1,1,1,4,0.0
100,BS_2,BS,0.579099,0.823935,0.446281,0.572986,1,1,1,1,0.0
100,BS_3,BS,0.530295,0.815729,0.534322,0.340787,1,1,1,3,0.0
100,BS_4,BS,0.664183,0.835747,0.309197,0.369685,1,1,1,1,0.0
100,HAP_0,HAP,0.719832,0.910078,0.228737,0.115418,1,1,1,0,0.979425
100,HAP_1,HAP,0.624386,0.836468,0.370987,0.313417,1,1,1,3,0.240446
100,HAP_2,HAP,0.661813,0.947207,0.012772,0.049036,4,0,0,0,0.341769
100,LEO_0,LEO,0.785238,0.938121,0.141768,0.040221,1,1,1,0,0.432108
100,LEO_1,LEO,0.795738,0.938195,0.128486,0.033486,1,1,1,0,0.690881
101,BS_0,BS,0.541445,0.82827,0.513513,0.33252,1,1,1,1,0.268419
101,BS_1,BS,0.462775,0.807061,0.670515,0.470321,1,1,1,2,0.226338
101,BS_2,BS,0.507931,0.814666,0.57741,0.608419,1,1,1,1,0.480715
101,BS_3,BS,0.692253,0.822395,0.267804,0.304903,1,1,1,5,0.0
101,BS_4,BS,0.504734,0.820287,0.583724,0.449078,1,1,1,3,0.585876
101,HAP_0,HAP,0.706393,0.908754,0.247584,0.119919,1,1,1,0,0.335318
101,HAP_1,HAP,0.756163,0.847241,0.179498,0.265232,1,1,1,3,0.524176
101,HAP_2,HAP,0.901554,0.953997,0.003636,0.039235,1,1,0,0,0.358482
101,LEO_0,LEO,0.813931,0.94507,0.00588,0.032192,2,0,0,0,0.515841
101,LEO_1,LEO,0.796684,0.943003,0.027297,0.027124,2,0,0,0,0.571667
102,BS_0,BS,0.646061,0.828193,0.336861,0.31708,1,1,1,4,0.0
102,BS_1,BS,0.601585,0.807286,0.408187,0.451234,1,1,1,4,0.0
102,BS_2,BS,0.621501,0.823574,0.375617,0.550225,1,1,1,1,0.0
102,BS_3,BS,0.677581,0.825739,0.289226,0.281566,1,1,1,5,0.0
102,BS_4,BS,0.616429,0.825762,0.383813,0.425553,1,1,1,2,0.0
102,HAP_0,HAP,0.744329,0.91752,0.095272,0.10002,2,0,0,0,0.359526
102,HAP_1,HAP,0.710187,0.853271,0.242228,0.238589,1,1,1,2,0.371375
102,HAP_2,HAP,0.491689,0.913893,0.60991,0.198783,1,1,1,0,1.674672
102,LEO_0,LEO,0.716549,0.948395,0.033309,0.026253,3,0,0,0,0.580893
102,LEO_1,LEO,0.711623,0.937268,0.240206,0.047664,1,1,1,0,0.192333
103,BS_0,BS,0.722492,0.836368,0.22505,0.276455,1,1,1,3,0.0
103,BS_1,BS,0.702982,0.817057,0.252424,0.389661,1,1,1,2,0.268694
103,BS_2,BS,0.546974,0.816849,0.503354,0.554194,1,1,1,1,0.765714
103,BS_3,BS,0.664515,0.827104,0.308697,0.268135,1,1,1,4,0.0
103,BS_4,BS,0.537182,0.816244,0.521417,0.462787,1,1,1,3,0.0
103,HAP_0,HAP,0.704465,0.925046,0.050317,0.081155,3,0,0,0,0.649664
103,HAP_1,HAP,0.630285,0.846924,0.361584,0.249705,1,1,1,3,0.88261
103,HAP_2,HAP,0.696354,0.908449,0.261897,0.189892,1,1,1,0,0.551239
103,LEO_0,LEO,0.662404,0.952663,0.011879,0.021066,4,0,0,0,0.526016
103,LEO_1,LEO,0.761911,0.933478,0.171926,0.051432,1,1,1,0,0.684613
104,BS_0,BS,0.709795,0.839991,0.242779,0.247688,1,1,1,4,0.527834
104,BS_1,BS,0.775966,0.829702,0.153647,0.322352,1,1,1,3,0.582738
104,BS_2,BS,0.6572,0.824537,0.319767,0.489369,1,1,1,1,0.511781
104,BS_3,BS,0.373806,0.802065,0.884018,0.566178,1,1,1,1,0.0
104,BS_4,BS,0.670396,0.825876,0.299887,0.410699,1,1,1,2,0.0
104,HAP_0,HAP,0.621486,0.931437,0.075642,0.067499,4,0,0,0,0.358895
104,HAP_1,HAP,0.702039,0.849155,0.253767,0.228743,1,1,1,2,0.575178
104,HAP_2,HAP,0.77798,0.912224,0.151055,0.162182,1,1,1,0,0.510176
104,LEO_0,LEO,0.889035,0.955647,0.017619,0.016992,1,1,0,0,0.544814
104,LEO_1,LEO,0.791987,0.939782,0.033211,0.041642,2,0,0,0,0.475383
105,BS_0,BS,0.679144,0.83987,0.286923,0.235196,1,1,1,4,0.0
105,BS_1,BS,0.672326,0.830996,0.297012,0.297579,1,1,1,4,0.0
105,BS_2,BS,0.597059,0.82746,0.415739,0.469273,1,1,1,1,0.0
105,BS_3,BS,0.534371,0.796737,0.526665,0.577761,1,1,1,4,0.0
105,BS_4,BS,0.545181,0.82586,0.506638,0.444066,1,1,1,1,0.0
105,HAP_0,HAP,0.76922,0.932647,0.162378,0.065864,1,1,1,0,0.2435
105,HAP_1,HAP,0.692658,0.852073,0.267218,0.215127,1,1,1,3,0.224015
105,HAP_2,HAP,0.759525,0.920476,0.075061,0.132281,2,0,0,0,0.463085
105,LEO_0,LEO,0.651869,0.93455,0.327912,0.061981,1,1,1,0,1.150889
105,LEO_1,LEO,0.785475,0.939954,0.141467,0.04232,1,1,1,0,0.29775
106,BS_0,BS,0.592598,0.834404,0.423239,0.268766,1,1,1,3,0.0
106,BS_1,BS,0.685731,0.833171,0.277269,0.272658,1,1,1,3,0.659201
106,BS_2,BS,0.559363,0.819665,0.480957,0.479512,1,1,1,1,0.779533
106,BS_3,BS,0.69011,0.806472,0.270904,0.495234,1,1,1,5,0.0
106,BS_4,BS,0.51481,0.816588,0.563958,0.498375,1,1,1,3,0.0
106,HAP_0,HAP,0.800449,0.933676,0.122583,0.059453,1,1,1,0,0.566761
106,HAP_1,HAP,0.773911,0.86025,0.156299,0.183095,1,1,1,3,0.565575
106,HAP_2,HAP,0.702625,0.926486,0.052932,0.107085,3,0,0,0,0.719893
106,LEO_0,LEO,0.725267,0.928377,0.221216,0.071606,1,1,1,0,0.491498
106,LEO_1,LEO,0.72204,0.93123,0.225675,0.056774,1,1,1,0,0.814538
107,BS_0,BS,0.720476,0.839679,0.227843,0.238373,1,1,1,3,0.0
107,BS_1,BS,0.658174,0.832442,0.318285,0.263714,1,1,1,2,0.255509
107,BS_2,BS,0.5665,0.821387,0.468278,0.482288,1,1,1,1,0.0
107,BS_3,BS,0.662016,0.811497,0.312466,0.440123,1,1,1,5,0.0
107,BS_4,BS,0.775418,0.83361,0.154353,0.409421,1,1,1,2,0.0
107,HAP_0,HAP,0.549525,0.90482,0.498701,0.159479,1,1,1,0,1.39771
107,HAP_1,HAP,0.677361,0.860562,0.289551,0.184204,1,1,1,2,0.610681
107,HAP_2,HAP,0.632885,0.932678,0.057466,0.087154,4,0,0,0,0.464897
107,LEO_0,LEO,0.777056,0.933696,0.052243,0.058513,2,0,0,0,0.584048
107,LEO_1,LEO,0.806439,0.937333,0.015127,0.045522,2,0,0,0,0.663035
108,BS_0,BS,0.686616,0.84035,0.27598,0.224973,1,1,1,3,0.444955
108,BS_1,BS,0.69922,0.835487,0.25779,0.240876,1,1,1,3,0.0
108,BS_2,BS,0.514901,0.822033,0.56378,0.528862,1,1,1,0,0.0
108,BS_3,BS,0.644043,0.813846,0.33999,0.404115,1,1,1,3,0.0
108,BS_4,BS,0.749481,0.842955,0.188375,0.343505,1,1,1,2,0.442777
108,HAP_0,HAP,0.555674,0.891213,0.487573,0.23456,1,1,1,0,0.118678
108,HAP_1,HAP,0.633118,0.857038,0.357099,0.204747,1,1,1,3,0.300269
108,HAP_2,HAP,0.750156,0.931781,0.187474,0.085539,1,1,1,0,0.262533
108,LEO_0,LEO,0.791826,0.934299,0.133413,0.05482,1,1,1,0,0.434853
108,LEO_1,LEO,0.573781,0.909188,0.455507,0.129787,1,1,1,0,1.54419
109,BS_0,BS,0.653165,0.837758,0.325925,0.227781,1,1,1,5,0.0
109,BS_1,BS,0.590873,0.82782,0.426154,0.274424,1,1,1,2,0.79276
109,BS_2,BS,0.546143,0.821613,0.504874,0.537793,1,1,1,1,0.201871
109,BS_3,BS,0.628961,0.814265,0.363686,0.382813,1,1,1,5,0.0
109,BS_4,BS,0.699994,0.845499,0.256683,0.304453,1,1,1,2,0.0
109,HAP_0,HAP,0.865324,0.906109,0.044651,0.188546,1,1,1,0,0.43804
109,HAP_1,HAP,0.589209,0.846125,0.428975,0.246606,1,1,1,4,0.437064
109,HAP_2,HAP,0.792292,0.940272,0.032825,0.068916,2,0,0,0,0.320041
109,LEO_0,LEO,0.753048,0.936114,0.083626,0.047003,2,0,0,0,0.672121
109,LEO_1,LEO,0.702211,0.90396,0.253521,0.132752,1,1,1,0,0.68869
110,BS_0,BS,0.650376,0.8354,0.330205,0.23129,1,1,1,5,0.0
110,BS_1,BS,0.688408,0.834719,0.273374,0.253169,1,1,1,3,0.0
110,BS_2,BS,0.560866,0.821412,0.478273,0.53317,1,1,1,1,0.0
110,BS_3,BS,0.648499,0.816428,0.333095,0.356179,1,1,1,5,0.0
110,BS_4,BS,0.536987,0.837678,0.521782,0.366078,1,1,1,2,0.0
110,HAP_0,HAP,0.512722,0.877969,0.568021,0.296028,1,1,1,0,3.135187
110,HAP_1,HAP,0.778587,0.856121,0.150274,0.207447,1,1,1,3,0.427648
110,HAP_2,HAP,0.731524,0.947596,0.012626,0.055205,3,0,0,0,0.40351
110,LEO_0,LEO,0.672504,0.939485,0.096748,0.041814,3,0,0,0,0.292554
110,LEO_1,LEO,0.658394,0.89992,0.317952,0.151694,1,1,1,0,0.316834
111,BS_0,BS,0.640072,0.832551,0.346175,0.238959,1,1,1,3,0.307361
111,BS_1,BS,0.597204,0.831852,0.415497,0.280222,1,1,1,1,0.776625
111,BS_2,BS,0.699684,0.8343,0.257127,0.456287,1,1,1,1,0.224095
111,BS_3,BS,0.643042,0.81765,0.341545,0.337437,1,1,1,4,0.754727
111,BS_4,BS,0.547348,0.826499,0.502671,0.406567,1,1,1,3,0.31296
111,HAP_0,HAP,0.646515,0.876116,0.336159,0.287674,1,1,1,0,0.440336
111,HAP_1,HAP,0.729872,0.85914,0.214886,0.186737,1,1,1,3,0.800441
111,HAP_2,HAP,0.763721,0.941685,0.169553,0.057101,1,1,1,0,0.680704
111,LEO_0,LEO,0.663862,0.946099,0.009682,0.033494,4,0,0,0,0.523443
111,LEO_1,LEO,0.787163,0.913042,0.03932,0.122051,2,0,0,0,0.46256
112,BS_0,BS,0.62451,0.831405,0.370787,0.253035,1,1,1,3,0.0
112,BS_1,BS,0.548484,0.821247,0.500597,0.336947,1,1,1,2,0.52151
112,BS_2,BS,0.547655,0.824085,0.502109,0.478481,1,1,1,1,0.742051
112,BS_3,BS,0.636259,0.817992,0.352149,0.325753,1,1,1,5,0.0
112,BS_4,BS,0.738639,0.834952,0.202945,0.343788,1,1,1,2,0.3247
112,HAP_0,HAP,0.839942,0.890445,0.074423,0.232632,1,1,1,0,0.595515
112,HAP_1,HAP,0.679452,0.859033,0.286469,0.186318,1,1,1,2,0.449057
112,HAP_2,HAP,0.816538,0.939937,0.102682,0.050425,1,1,1,0,0.750804
112,LEO_0,LEO,0.899756,0.951404,0.005631,0.026809,1,1,0,0,0.519505
112,LEO_1,LEO,0.732068,0.924775,0.011882,0.097704,3,0,0,0,0.504903
113,BS_0,BS,0.683797,0.83384,0.280094,0.237732,1,1,1,5,0.0
113,BS_1,BS,0.674412,0.824589,0.293913,0.308431,1,1,1,2,0.0
113,BS_2,BS,0.662039,0.831644,0.312431,0.426711,1,1,1,1,0.0
113,BS_3,BS,0.636552,0.818292,0.351689,0.316261,1,1,1,3,0.0
113,BS_4,BS,0.766455,0.843741,0.16598,0.287428,1,1,1,3,0.475987
113,HAP_0,HAP,0.892769,0.905547,0.013428,0.186186,1,1,1,0,0.600943
113,HAP_1,HAP,0.692835,0.859799,0.266964,0.181126,1,1,1,3,0.532087
113,HAP_2,HAP,0.80313,0.944142,0.019239,0.040507,2,0,0,0,0.650436
113,LEO_0,LEO,0.788334,0.945665,0.137834,0.029997,1,1,1,0,0.77009
113,LEO_1,LEO,0.813867,0.926749,0.105958,0.083216,1,1,1,0,0.715565
114,BS_0,BS,0.662465,0.833469,0.311787,0.23393,1,1,1,6,0.0
114,BS_1,BS,0.703168,0.831559,0.252159,0.275357,1,1,1,2,0.0
114,BS_2,BS,0.639925,0.838951,0.346405,0.395367,1,1,1,1,0.0
114,BS_3,BS,0.643638,0.819196,0.340619,0.305218,1,1,1,4,0.0
114,BS_4,BS,0.683001,0.843265,0.281259,0.26554,1,1,1,3,0.774599
114,HAP_0,HAP,0.785692,0.907804,0.14119,0.15792,1,1,1,0,0.870163
114,HAP_1,HAP,0.691345,0.86033,0.269116,0.177491,1,1,1,2,0.389523
114,HAP_2,HAP,0.697685,0.943872,0.059988,0.034025,3,0,0,0,0.813902
114,LEO_0,LEO,0.810956,0.949328,0.009542,0.024038,2,0,0,0,0.649246
114,LEO_1,LEO,0.79655,0.932943,0.027466,0.066912,2,0,0,0,0.683139
115,BS_0,BS,0.65667,0.832562,0.320574,0.23339,1,1,1,5,0.0
115,BS_1,BS,0.506697,0.821461,0.579843,0.371584,1,1,1,1,0.348803
115,BS_2,BS,0.679924,0.847684,0.285774,0.353043,1,1,1,1,0.0
115,BS_3,BS,0.645619,0.820104,0.337546,0.295447,1,1,1,4,0.0
115,BS_4,BS,0.719135,0.846595,0.229706,0.236176,1,1,1,3,0.0
115,HAP_0,HAP,0.68051,0.897136,0.284913,0.162865,1,1,1,0,1.297476
115,HAP_1,HAP,0.694884,0.862914,0.26401,0.173359,1,1,1,3,0.0
115,HAP_2,HAP,0.632391,0.932034,0.358247,0.084973,1,1,1,0,0.0
115,LEO_0,LEO,0.605816,0.922599,0.40118,0.091656,1,1,1,0,1.433264
115,LEO_1,LEO,0.756424,0.926522,0.179153,0.067973,1,1,1,0,0.9652
116,BS_0,BS,0.641211,0.83039,0.344397,0.240086,1,1,1,5,0.0
116,BS_1,BS,0.654963,0.823979,0.323177,0.344266,1,1,1,2,0.65174
116,BS_2,BS,0.659588,0.854892,0.31614,0.32741,1,1,1,1,0.0
116,BS_3,BS,0.631037,0.81946,0.360391,0.294804,1,1,1,4,0.0
116,BS_4,BS,0.670353,0.844432,0.299951,0.229428,1,1,1,3,0.637607
116,HAP_0,HAP,0.695381,0.894703,0.263296,0.161488,1,1,1,0,0.600701
116,HAP_1,HAP,0.736951,0.865655,0.205234,0.157641,1,1,1,3,0.51806
116,HAP_2,HAP,0.780136,0.931863,0.148287,0.077874,1,1,1,0,0.569219
116,LEO_0,LEO,0.655273,0.911969,0.322703,0.120186,1,1,1,0,0.523733
116,LEO_1,LEO,0.801801,0.923605,0.120895,0.060955,1,1,1,0,1.067813
117,BS_0,BS,0.637038,0.828257,0.350927,0.247486,1,1,1,6,0.0
117,BS_1,BS,0.577254,0.825249,0.449472,0.366325,1,1,1,1,0.0
117,BS_2,BS,0.603213,0.858727,0.405485,0.335916,1,1,1,0,0.0
117,BS_3,BS,0.644787,0.820398,0.338836,0.287508,1,1,1,3,0.0
117,BS_4,BS,0.6904,0.844347,0.270485,0.216465,1,1,1,3,0.0
117,HAP_0,HAP,0.703061,0.89641,0.252311,0.157838,1,1,1,0,0.346458
117,HAP_1,HAP,0.728442,0.865041,0.216847,0.147273,1,1,1,4,0.713039
117,HAP_2,HAP,0.686869,0.920397,0.275611,0.096482,1,1,1,0,0.947906
117,LEO_0,LEO,0.654156,0.90726,0.32441,0.143508,1,1,1,0,0.187581
117,LEO_1,LEO,0.794378,0.926623,0.030196,0.049174,2,0,0,0,1.047195
118,BS_0,BS,0.647484,0.827526,0.334662,0.248388,1,1,1,6,0.525676
118,BS_1,BS,0.564764,0.818526,0.471347,0.393035,1,1,1,2,0.448457
118,BS_2,BS,0.545349,0.85191,0.50633,0.384099,1,1,1,1,0.264267
118,BS_3,BS,0.651822,0.821671,0.327984,0.278414,1,1,1,4,0.0
118,BS_4,BS,0.657906,0.841362,0.318693,0.218876,1,1,1,3,0.547812
118,HAP_0,HAP,0.769877,0.907544,0.061524,0.127974,2,0,0,0,0.631302
118,HAP_1,HAP,0.73282,0.867692,0.210855,0.137826,1,1,1,4,0.414615
118,HAP_2,HAP,0.741981,0.924158,0.098431,0.081545,2,0,0,0,0.567761
118,LEO_0,LEO,0.759066,0.916309,0.075667,0.117383,2,0,0,0,0.548561
118,LEO_1,LEO,0.733352,0.921846,0.21013,0.059209,1,1,1,0,0.594329
119,BS_0,BS,0.646172,0.82682,0.336689,0.249722,1,1,1,4,0.630411
119,BS_1,BS,0.759843,0.831054,0.174644,0.328153,1,1,1,1,0.714093
119,BS_2,BS,0.403498,0.820248,0.807583,0.600765,1,1,1,1,0.737268
119,BS_3,BS,0.563454,0.81559,0.473669,0.323694,1,1,1,2,0.31025
119,BS_4,BS,0.681306,0.841067,0.283743,0.211331,1,1,1,3,0.300761
119,HAP_0,HAP,0.811509,0.9129,0.10886,0.107712,1,1,1,0,0.678061
119,HAP_1,HAP,0.701802,0.868823,0.254104,0.139316,1,1,1,3,0.45435
119,HAP_2,HAP,0.812148,0.926733,0.108073,0.070492,1,1,1,0,0.607266
119,LEO_0,LEO,0.800548,0.92004,0.122459,0.100655,1,1,1,0,0.583591
119,LEO_1,LEO,0.798194,0.928859,0.025404,0.047658,2,0,0,0,0.715617
120,BS_0,BS,0.640627,0.825737,0.345307,0.253435,1,1,1,4,0.0
120,BS_1,BS,0.71451,0.836016,0.236159,0.28762,1,1,1,2,0.74861
120,BS_2,BS,0.49967,0.816222,0.593807,0.639285,1,1,1,0,0.222828
120,BS_3,BS,0.688976,0.821453,0.272548,0.292383,1,1,1,4,0.0
120,BS_4,BS,0.429578,0.820214,0.744951,0.418793,1,1,1,1,0.0
120,HAP_0,HAP,0.807901,0.918945,0.113315,0.091947,1,1,1,0,0.407022
120,HAP_1,HAP,0.602203,0.856804,0.407161,0.186054,1,1,1,4,0.500758
120,HAP_2,HAP,0.79236,0.92898,0.132739,0.064322,1,1,1,0,0.402522
120,LEO_0,LEO,0.809848,0.92992,0.010909,0.080577,2,0,0,0,0.540575
120,LEO_1,LEO,0.757344,0.927605,0.177937,0.052374,1,1,1,0,0.423384
121,BS_0,BS,0.648219,0.825578,0.333527,0.252806,1,1,1,5,0.0
121,BS_1,BS,0.623819,0.837088,0.371895,0.292333,1,1,1,1,0.221448
121,BS_2,BS,0.581638,0.821564,0.441906,0.599304,1,1,1,1,0.0
121,BS_3,BS,0.69737,0.826603,0.260439,0.264429,1,1,1,4,0.0
121,BS_4,BS,0.702296,0.829202,0.253401,0.36393,1,1,1,3,0.0
121,HAP_0,HAP,0.806182,0.92908,0.015446,0.073665,2,0,0,0,0.529134
121,HAP_1,HAP,0.766696,0.86239,0.165665,0.161193,1,1,1,3,0.680971
121,HAP_2,HAP,0.76713,0.933462,0.065099,0.053365,2,0,0,0,0.616033
121,LEO_0,LEO,0.685793,0.932855,0.077179,0.067142,3,0,0,0,0.669926
121,LEO_1,LEO,0.77602,0.934333,0.053577,0.043191,2,0,0,0,0.446854
122,BS_0,BS,0.648325,0.825461,0.333364,0.252254,1,1,1,5,0.0
122,BS_1,BS,0.692979,0.845519,0.266756,0.265888,1,1,1,2,0.0
122,BS_2,BS,0.605934,0.827932,0.400985,0.551799,1,1,1,1,0.0
122,BS_3,BS,0.658368,0.827217,0.317992,0.257047,1,1,1,3,0.0
122,BS_4,BS,0.709388,0.83461,0.243353,0.317793,1,1,1,2,0.5754
122,HAP_0,HAP,0.526838,0.897783,0.540863,0.190572,1,1,1,0,1.730294
122,HAP_1,HAP,0.708019,0.864161,0.245285,0.156029,1,1,1,3,0.285042
122,HAP_2,HAP,0.729536,0.941239,0.015347,0.042798,3,0,0,0,0.430828
122,LEO_0,LEO,0.813487,0.933009,0.106425,0.058811,1,1,1,0,0.699911
122,LEO_1,LEO,0.719536,0.940815,0.029148,0.034935,3,0,0,0,0.499403
123,BS_0,BS,0.648343,0.825368,0.333335,0.251804,1,1,1,5,0.0
123,BS_1,BS,0.633775,0.843714,0.356062,0.269761,1,1,1,2,0.0
123,BS_2,BS,0.607219,0.835611,0.398866,0.513031,1,1,1,1,0.0
123,BS_3,BS,0.652847,0.827191,0.326413,0.253583,1,1,1,3,0.0
123,BS_4,BS,0.786371,0.847592,0.140326,0.263096,1,1,1,2,0.0
123,HAP_0,HAP,0.503212,0.880416,0.586744,0.307378,1,1,1,0,0.0
123,HAP_1,HAP,0.681581,0.86064,0.283339,0.16095,1,1,1,4,0.393045
123,HAP_2,HAP,0.65933,0.946911,0.016532,0.034361,4,0,0,0,0.520768
123,LEO_0,LEO,0.574734,0.905798,0.453848,0.139739,1,1,1,0,1.607238
123,LEO_1,LEO,0.608904,0.942988,0.096094,0.032103,4,0,0,0,0.364719
124,BS_0,BS,0.648283,0.825289,0.333429,0.251471,1,1,1,5,0.0
124,BS_1,BS,0.69192,0.844806,0.268285,0.248199,1,1,1,2,0.21888
124,BS_2,BS,0.540852,0.831769,0.51461,0.529596,1,1,1,1,0.0
124,BS_3,BS,0.640728,0.826044,0.34515,0.256474,1,1,1,3,0.0
124,BS_4,BS,0.666529,0.845398,0.305671,0.252522,1,1,1,3,2.422873
124,HAP_0,HAP,0.787405,0.889541,0.139012,0.254599,1,1,1,0,0.741271
124,HAP_1,HAP,0.637919,0.85691,0.349543,0.183741,1,1,1,2,0.62003
124,HAP_2,HAP,0.850156,0.948013,0.062336,0.029238,1,1,0,0,0.594696
124,LEO_0,LEO,0.640706,0.897089,0.345184,0.165409,1,1,1,0,0.520375
124,LEO_1,LEO,0.875859,0.947586,0.032551,0.026159,1,1,0,0,0.508968
125,BS_0,BS,0.642656,0.824703,0.342146,0.253856,1,1,1,6,0.0
125,BS_1,BS,0.601249,0.842548,0.408746,0.273742,1,1,1,2,0.0
125,BS_2,BS,0.623663,0.835679,0.372145,0.485998,1,1,1,1,0.0
125,BS_3,BS,0.648528,0.825853,0.33305,0.255094,1,1,1,3,0.0
125,BS_4,BS,0.700122,0.846061,0.2565,0.231624,1,1,1,3,0.0
125,HAP_0,HAP,0.777628,0.894235,0.151507,0.214008,1,1,1,0,0.877081
125,HAP_1,HAP,0.669257,0.855828,0.301588,0.187923,1,1,1,3,0.389426
125,HAP_2,HAP,0.716407,0.93531,0.233506,0.047926,1,1,1,0,0.991968
125,LEO_0,LEO,0.756778,0.901756,0.178685,0.146695,1,1,1,0,0.478268
125,LEO_1,LEO,0.655379,0.928929,0.322542,0.067743,1,1,1,0,1.102111
126,BS_0,BS,0.645726,0.824519,0.33738,0.254306,1,1,1,6,0.0
126,BS_1,BS,0.706523,0.849922,0.2474,0.246536,1,1,1,1,0.420495
126,BS_2,BS,0.739158,0.849428,0.202243,0.407204,1,1,1,1,0.0
126,BS_3,BS,0.646281,0.825491,0.336521,0.255036,1,1,1,4,0.0
126,BS_4,BS,0.531845,0.830699,0.531403,0.312375,1,1,1,2,0.767929
126,HAP_0,HAP,0.838729,0.901846,0.075867,0.173797,1,1,1,0,0.916128
126,HAP_1,HAP,0.724967,0.858584,0.221629,0.172442,1,1,1,3,0.521504
126,HAP_2,HAP,0.799904,0.93881,0.023264,0.038585,2,0,0,0,0.777893
126,LEO_0,LEO,0.785332,0.905051,0.141649,0.126385,1,1,1,0,0.851985
126,LEO_1,LEO,0.733996,0.924908,0.209252,0.073898,1,1,1,0,0.465416
127,BS_0,BS,0.635443,0.823409,0.353432,0.259656,1,1,1,4,0.0
127,BS_1,BS,0.64597,0.853698,0.337003,0.248336,1,1,1,1,0.0
127,BS_2,BS,0.731145,0.859039,0.213143,0.346207,1,1,1,1,0.0
127,BS_3,BS,0.648224,0.825382,0.333519,0.254085,1,1,1,3,0.0
127,BS_4,BS,0.609419,0.832046,0.39525,0.3202,1,1,1,2,0.0
127,HAP_0,HAP,0.646821,0.887537,0.335685,0.189745,1,1,1,0,1.803723
127,HAP_1,HAP,0.714155,0.862469,0.236655,0.163156,1,1,1,3,0.344106
127,HAP_2,HAP,0.734507,0.933273,0.208556,0.050441,1,1,1,0,0.456708
127,LEO_0,LEO,0.795831,0.910835,0.128368,0.108524,1,1,1,0,0.491656
127,LEO_1,LEO,0.772162,0.930982,0.058561,0.060662,2,0,0,0,0.536744
128,BS_0,BS,0.548941,0.817318,0.499764,0.320119,1,1,1,2,0.0
128,BS_1,BS,0.552646,0.841089,0.493038,0.308058,1,1,1,2,0.789861
128,BS_2,BS,0.515488,0.847764,0.562642,0.41942,1,1,1,0,0.520695
128,BS_3,BS,0.446776,0.809488,0.705699,0.427373,1,1,1,2,0.0
128,BS_4,BS,0.564143,0.82353,0.472447,0.356603,1,1,1,3,0.0
128,HAP_0,HAP,0.580697,0.87728,0.443527,0.240319,1,1,1,0,0.422314
128,HAP_1,HAP,0.654568,0.856509,0.323779,0.1777,1,1,1,4,0.706903
128,HAP_2,HAP,0.804929,0.939456,0.017001,0.040483,2,0,0,0,0.636279
128,LEO_0,LEO,0.784846,0.920877,0.042268,0.087623,2,0,0,0,0.519304
128,LEO_1,LEO,0.775959,0.931563,0.153656,0.059154,1,1,1,0,0.364707
129,BS_0,BS,0.705624,0.82465,0.248672,0.283922,1,1,1,4,0.0
129,BS_1,BS,0.572139,0.833101,0.458373,0.340994,1,1,1,2,0.0
129,BS_2,BS,0.599116,0.847388,0.4123,0.412032,1,1,1,1,0.0
129,BS_3,BS,0.795151,0.828704,0.129223,0.349413,1,1,1,2,0.0
129,BS_4,BS,0.459691,0.812338,0.677202,0.491653,1,1,1,1,0.0
129,HAP_0,HAP,0.71135,0.883529,0.24059,0.218302,1,1,1,0,0.329028
129,HAP_1,HAP,0.731272,0.859438,0.212969,0.16257,1,1,1,4,0.307584
129,HAP_2,HAP,0.795202,0.93599,0.129159,0.039893,1,1,1,0,0.824557
129,LEO_0,LEO,0.673352,0.926515,0.095488,0.074201,3,0,0,0,0.425739
129,LEO_1,LEO,0.814932,0.940437,0.004651,0.047333,2,0,0,0,0.466709
130,BS_0,BS,0.687613,0.828391,0.274529,0.261053,1,1,1,3,0.0
130,BS_1,BS,0.583102,0.833321,0.439393,0.359675,1,1,1,1,0.0
130,BS_2,BS,0.643066,0.852715,0.341508,0.382108,1,1,1,1,0.0
130,BS_3,BS,0.701543,0.839461,0.254473,0.30867,1,1,1,3,0.0
130,BS_4,BS,0.503669,0.801803,0.585836,0.547764,1,1,1,3,0.0
130,HAP_0,HAP,0.866361,0.898982,0.043454,0.175492,1,1,1,0,0.557682
130,HAP_1,HAP,0.794401,0.865142,0.130167,0.137681,1,1,1,4,0.64611
130,HAP_2,HAP,0.778622,0.939094,0.05023,0.03305,2,0,0,0,0.639882
130,LEO_0,LEO,0.818044,0.930785,0.10084,0.063937,1,1,1,0,0.435661
130,LEO_1,LEO,0.719899,0.930736,0.228645,0.061392,1,1,1,0,0.87343
131,BS_0,BS,0.652008,0.82808,0.327698,0.257166,1,1,1,5,0.0
131,BS_1,BS,0.675622,0.838028,0.292122,0.326141,1,1,1,1,0.546551
131,BS_2,BS,0.621732,0.856047,0.375245,0.369051,1,1,1,1,0.0
131,BS_3,BS,0.729949,0.847961,0.214781,0.267695,1,1,1,3,0.0
131,BS_4,BS,0.456365,0.795722,0.684462,0.649031,1,1,1,1,0.0
131,HAP_0,HAP,0.769459,0.901928,0.162068,0.152213,1,1,1,0,0.810925
131,HAP_1,HAP,0.801135,0.869891,0.121726,0.116812,1,1,1,4,0.476322
131,HAP_2,HAP,0.795474,0.938041,0.128818,0.033907,1,1,1,0,0.521054
131,LEO_0,LEO,0.811212,0.939257,0.009225,0.051188,2,0,0,0,0.492781
131,LEO_1,LEO,0.764199,0.929779,0.168926,0.061955,1,1,1,0,0.386953
132,BS_0,BS,0.646713,0.827358,0.335853,0.256491,1,1,1,4,0.0
132,BS_1,BS,0.614234,0.832959,0.38738,0.328441,1,1,1,2,0.531706
132,BS_2,BS,0.590313,0.856209,0.427102,0.377328,1,1,1,1,0.0
132,BS_3,BS,0.545168,0.842601,0.506661,0.329673,1,1,1,1,0.0
132,BS_4,BS,0.694154,0.81465,0.265061,0.550841,1,1,1,2,0.0
132,HAP_0,HAP,0.796478,0.908754,0.127556,0.129092,1,1,1,0,0.453466
132,HAP_1,HAP,0.800677,0.873591,0.122297,0.10018,1,1,1,5,0.698863
132,HAP_2,HAP,0.753954,0.940832,0.082424,0.030183,2,0,0,0,0.444286
132,LEO_0,LEO,0.721754,0.944771,0.026071,0.041256,3,0,0,0,0.513344
132,LEO_1,LEO,0.817326,0.938565,0.001717,0.049565,2,0,0,0,0.527576
133,BS_0,BS,0.648321,0.826894,0.33337,0.255204,1,1,1,4,0.0
133,BS_1,BS,0.736644,0.841544,0.205651,0.281784,1,1,1,2,0.0
133,BS_2,BS,0.568528,0.853028,0.464706,0.39904,1,1,1,1,0.0
133,BS_3,BS,0.669409,0.851534,0.30136,0.304607,1,1,1,1,0.0
133,BS_4,BS,0.547467,0.811105,0.502454,0.554279,1,1,1,3,0.0
133,HAP_0,HAP,0.758509,0.913548,0.176401,0.117276,1,1,1,0,0.230537
133,HAP_1,HAP,0.757926,0.879246,0.07717,0.082824,2,0,0,4,0.767898
133,HAP_2,HAP,0.784262,0.940338,0.143013,0.03335,1,1,1,0,0.351929
133,LEO_0,LEO,0.659677,0.950417,0.016005,0.03312,4,0,0,0,0.428135
133,LEO_1,LEO,0.680309,0.93928,0.085207,0.042919,3,0,0,0,0.678535
134,BS_0,BS,0.619151,0.825449,0.379406,0.26894,1,1,1,2,0.0
134,BS_1,BS,0.746365,0.847186,0.19254,0.24211,1,1,1,2,0.659106
134,BS_2,BS,0.581146,0.849571,0.442754,0.407446,1,1,1,1,0.239718
134,BS_3,BS,0.405232,0.820531,0.803295,0.534063,1,1,1,3,0.0
134,BS_4,BS,0.755063,0.826688,0.180954,0.458158,1,1,1,2,0.423915
134,HAP_0,HAP,0.755615,0.913921,0.180223,0.108437,1,1,1,0,0.691189
134,HAP_1,HAP,0.462874,0.85584,0.670301,0.268446,1,1,1,2,0.259154
134,HAP_2,HAP,0.778313,0.944298,0.050626,0.027833,2,0,0,0,0.523204
134,LEO_0,LEO,0.889986,0.954413,0.016549,0.026619,1,1,0,0,0.504952
134,LEO_1,LEO,0.66537,0.945687,0.007412,0.03436,4,0,0,0,0.500072
135,BS_0,BS,0.686961,0.82917,0.275478,0.249302,1,1,1,5,0.0
135,BS_1,BS,0.532541,0.838745,0.530095,0.320138,1,1,1,1,0.0
135,BS_2,BS,0.614327,0.851502,0.387227,0.393432,1,1,1,1,0.0
135,BS_3,BS,0.841843,0.841467,0.072162,0.429594,1,1,1,2,0.0
135,BS_4,BS,0.743167,0.838289,0.196834,0.383961,1,1,1,2,0.0
135,HAP_0,HAP,0.732488,0.916065,0.211309,0.106843,1,1,1,0,0.146588
135,HAP_1,HAP,0.552192,0.841708,0.49386,0.324511,1,1,1,4,0.352695
135,HAP_2,HAP,0.723248,0.949463,0.024003,0.022526,3,0,0,0,0.443575
135,LEO_0,LEO,0.716918,0.941193,0.232794,0.045682,1,1,1,0,0.923027
135,LEO_1,LEO,0.774726,0.944382,0.155246,0.038334,1,1,1,0,0.22426
136,BS_0,BS,0.662855,0.830805,0.311198,0.243021,1,1,1,3,0.0
136,BS_1,BS,0.716015,0.849757,0.234054,0.280762,1,1,1,1,0.0
136,BS_2,BS,0.591376,0.848613,0.425303,0.396143,1,1,1,1,0.0
136,BS_3,BS,0.624862,0.836835,0.370225,0.405355,1,1,1,1,2.079128
136,BS_4,BS,0.641969,0.835788,0.343215,0.360178,1,1,1,3,0.0
136,HAP_0,HAP,0.784191,0.926592,0.043103,0.08631,2,0,0,0,0.399404
136,HAP_1,HAP,0.723317,0.845266,0.223908,0.282169,1,1,1,5,0.765345
136,HAP_2,HAP,0.634901,0.951323,0.054286,0.019347,4,0,0,0,0.510338
136,LEO_0,LEO,0.814932,0.940574,0.104651,0.041474,1,1,1,0,0.553453
136,LEO_1,LEO,0.794568,0.950839,0.029957,0.031071,2,0,0,0,0.287305
137,BS_0,BS,0.689974,0.833848,0.271101,0.22749,1,1,1,4,0.0
137,BS_1,BS,0.69939,0.858653,0.257546,0.254458,1,1,1,1,0.0
137,BS_2,BS,0.509207,0.842982,0.5749,0.465644,1,1,1,0,0.0
137,BS_3,BS,0.628054,0.833966,0.365128,0.384277,1,1,1,2,0.0
137,BS_4,BS,0.434558,0.818532,0.733426,0.530203,1,1,1,1,0.0
137,HAP_0,HAP,0.760386,0.925202,0.173929,0.082661,1,1,1,0,0.612691
137,HAP_1,HAP,0.788233,0.85417,0.137961,0.2343,1,1,1,4,0.500564
137,HAP_2,HAP,0.904415,0.956862,0.000467,0.015478,1,1,0,0,0.39632
137,LEO_0,LEO,0.783495,0.935244,0.143991,0.042509,1,1,1,0,0.919383
137,LEO_1,LEO,0.785378,0.946734,0.14159,0.033878,1,1,1,0,0.608546
138,BS_0,BS,0.663855,0.833591,0.309691,0.225151,1,1,1,6,0.0
138,BS_1,BS,0.637844,0.857725,0.349661,0.258585,1,1,1,2,0.0
138,BS_2,BS,0.561246,0.840626,0.477596,0.475159,1,1,1,1,0.0
138,BS_3,BS,0.689259,0.836126,0.272138,0.340749,1,1,1,3,0.0
138,BS_4,BS,0.766169,0.837202,0.166353,0.436616,1,1,1,2,0.0
138,HAP_0,HAP,0.772813,0.927949,0.157719,0.077323,1,1,1,0,0.202686
138,HAP_1,HAP,0.689833,0.852304,0.271306,0.220563,1,1,1,5,0.197159
138,HAP_2,HAP,0.507842,0.918001,0.577585,0.162504,1,1,1,0,1.903067
138,LEO_0,LEO,0.628393,0.923646,0.364589,0.093824,1,1,1,0,0.119936
138,LEO_1,LEO,0.760401,0.944544,0.173909,0.040712,1,1,1,0,0.16504
139,BS_0,BS,0.644605,0.831544,0.339117,0.231871,1,1,1,6,0.0
139,BS_1,BS,0.719925,0.86291,0.228608,0.230386,1,1,1,2,0.331119
139,BS_2,BS,0.655407,0.84731,0.3225,0.42693,1,1,1,0,0.602586
139,BS_3,BS,0.361917,0.808997,0.916341,0.650455,1,1,1,1,0.0
139,BS_4,BS,0.509617,0.821787,0.574097,0.497607,1,1,1,3,0.501077
139,HAP_0,HAP,0.572541,0.904812,0.45767,0.156116,1,1,1,0,1.192151
139,HAP_1,HAP,0.734436,0.854374,0.208652,0.196042,1,1,1,5,0.626564
139,HAP_2,HAP,0.648824,0.908333,0.332593,0.179781,1,1,1,0,0.443164
139,LEO_0,LEO,0.76855,0.930405,0.063249,0.076859,2,0,0,0,0.522769
139,LEO_1,LEO,0.598557,0.921712,0.413233,0.109413,1,1,1,0,1.080903
140,BS_0,BS,0.648469,0.830251,0.33314,0.235439,1,1,1,5,0.0
140,BS_1,BS,0.558959,0.847516,0.481679,0.288715,1,1,1,2,0.513941
140,BS_2,BS,0.557121,0.841224,0.484973,0.447383,1,1,1,1,0.338908
140,BS_3,BS,0.565139,0.807951,0.470684,0.620058,1,1,1,3,0.0
140,BS_4,BS,0.685342,0.826054,0.277837,0.432822,1,1,1,3,0.303192
140,HAP_0,HAP,0.65696,0.90073,0.320132,0.171011,1,1,1,0,0.236822
140,HAP_1,HAP,0.680318,0.851397,0.285195,0.193435,1,1,1,5,0.994118
140,HAP_2,HAP,0.739519,0.910478,0.201755,0.162142,1,1,1,0,0.357638
140,LEO_0,LEO,0.716664,0.923069,0.233148,0.085948,1,1,1,0,0.790266
140,LEO_1,LEO,0.732177,0.919952,0.211733,0.107704,1,1,1,0,0.360936
141,BS_0,BS,0.648194,0.829187,0.333565,0.238421,1,1,1,5,0.455792
141,BS_1,BS,0.794883,0.855457,0.12956,0.238526,1,1,1,2,0.48908
141,BS_2,BS,0.573196,0.835833,0.456528,0.451695,1,1,1,1,0.569483
141,BS_3,BS,0.654383,0.812716,0.324062,0.543304,1,1,1,2,0.290763
141,BS_4,BS,0.675867,0.828396,0.29176,0.384564,1,1,1,3,0.52479
141,HAP_0,HAP,0.809992,0.914907,0.010731,0.136861,2,0,0,0,0.531366
141,HAP_1,HAP,0.624377,0.84609,0.371001,0.216687,1,1,1,3,0.498346
141,HAP_2,HAP,0.786302,0.921875,0.040414,0.130449,2,0,0,0,0.408233
141,LEO_0,LEO,0.7776,0.928024,0.051543,0.069954,2,0,0,0,0.735766
141,LEO_1,LEO,0.753835,0.92442,0.082582,0.089232,2,0,0,0,0.70557
142,BS_0,BS,0.642846,0.827839,0.34185,0.243324,1,1,1,6,0.0
142,BS_1,BS,0.822548,0.863688,0.095348,0.194912,1,1,1,2,0.461633
142,BS_2,BS,0.542125,0.833747,0.512259,0.47944,1,1,1,1,0.0
142,BS_3,BS,0.665541,0.821436,0.307154,0.477098,1,1,1,2,0.0
142,BS_4,BS,0.635549,0.827274,0.353266,0.363809,1,1,1,2,0.0
142,HAP_0,HAP,0.557153,0.890684,0.484915,0.215303,1,1,1,0,1.392428
142,HAP_1,HAP,0.757877,0.851684,0.177234,0.187485,1,1,1,5,0.666505
142,HAP_2,HAP,0.740782,0.932809,4.9e-05,0.104359,3,0,0,0,0.483942
142,LEO_0,LEO,0.747863,0.927279,0.190536,0.0723,1,1,1,0,0.280027
142,LEO_1,LEO,0.701181,0.931713,0.054989,0.072746,3,0,0,0,0.400776
143,BS_0,BS,0.647126,0.827158,0.335214,0.245225,1,1,1,6,0.0
143,BS_1,BS,0.770705,0.866333,0.160449,0.167514,1,1,1,2,3.166351
143,BS_2,BS,0.71702,0.846473,0.232652,0.407909,1,1,1,0,0.716154
143,BS_3,BS,0.816597,0.839253,0.10261,0.386416,1,1,1,2,0.0
143,BS_4,BS,0.675169,0.83031,0.292793,0.329625,1,1,1,3,0.0
143,HAP_0,HAP,0.655441,0.887346,0.322446,0.219029,1,1,1,0,0.428179
143,HAP_1,HAP,0.725655,0.853196,0.220681,0.171903,1,1,1,5,0.462364
143,HAP_2,HAP,0.668841,0.941459,0.002209,0.08349,4,0,0,0,0.464754
143,LEO_0,LEO,0.818257,0.9375,0.000579,0.05784,2,0,0,0,0.443344
143,LEO_1,LEO,0.628604,0.93713,0.064254,0.060055,4,0,0,0,0.434994
144,BS_0,BS,0.615123,0.823571,0.385934,0.263205,1,1,1,5,0.0
144,BS_1,BS,0.751088,0.866894,0.186232,0.149618,1,1,1,2,0.480334
144,BS_2,BS,0.540863,0.839261,0.514589,0.445488,1,1,1,1,0.273348
144,BS_3,BS,0.673956,0.83938,0.29459,0.348186,1,1,1,3,0.684356
144,BS_4,BS,0.691219,0.834269,0.269299,0.296335,1,1,1,3,0.0
144,HAP_0,HAP,0.823315,0.898806,0.094416,0.179235,1,1,1,0,0.529353
144,HAP_1,HAP,0.705452,0.85264,0.248917,0.165404,1,1,1,5,0.598363
144,HAP_2,HAP,0.894128,0.947585,0.011907,0.066855,1,1,0,0,0.492031
144,LEO_0,LEO,0.555228,0.909092,0.488376,0.153602,1,1,1,0,1.343456
144,LEO_1,LEO,0.864252,0.942291,0.04589,0.048992,1,1,0,0,0.472899
145,BS_0,BS,0.63784,0.822877,0.349668,0.265585,1,1,1,5,0.0
145,BS_1,BS,0.424275,0.838928,0.757374,0.377822,1,1,1,1,0.564019
145,BS_2,BS,0.719586,0.852513,0.22908,0.380005,1,1,1,0,0.467819
145,BS_3,BS,0.625776,0.838427,0.368763,0.339742,1,1,1,2,0.0
145,BS_4,BS,0.691619,0.836736,0.26872,0.269562,1,1,1,2,0.0
145,HAP_0,HAP,0.789009,0.910583,0.036977,0.144003,2,0,0,0,0.645313
145,HAP_1,HAP,0.665505,0.848683,0.307209,0.174793,1,1,1,5,0.801091
145,HAP_2,HAP,0.68055,0.931872,0.284855,0.089998,1,1,1,0,1.016375
145,LEO_0,LEO,0.712308,0.906367,0.239245,0.148639,1,1,1,0,0.528805
145,LEO_1,LEO,0.66696,0.926158,0.305025,0.081061,1,1,1,0,1.055143
146,BS_0,BS,0.644282,0.822924,0.339619,0.264371,1,1,1,6,0.0
146,BS_1,BS,0.693164,0.844009,0.266489,0.334215,1,1,1,1,0.439718
146,BS_2,BS,0.480935,0.834056,0.632023,0.483758,1,1,1,1,0.450829
146,BS_3,BS,0.771732,0.850862,0.159118,0.283187,1,1,1,3,0.0
146,BS_4,BS,0.644187,0.836318,0.339766,0.267598,1,1,1,3,0.0
146,HAP_0,HAP,0.716553,0.921279,0.033303,0.115702,3,0,0,0,0.492591
146,HAP_1,HAP,0.704197,0.848905,0.250698,0.168117,1,1,1,5,0.505082
146,HAP_2,HAP,0.752749,0.928967,0.184023,0.087238,1,1,1,0,0.458583
146,LEO_0,LEO,0.762064,0.912445,0.071725,0.121226,2,0,0,0,0.879352
146,LEO_1,LEO,0.754879,0.924314,0.181198,0.079624,1,1,1,0,0.483186
147,BS_0,BS,0.64252,0.822798,0.342357,0.264241,1,1,1,5,0.615292
147,BS_1,BS,0.711528,0.850086,0.24034,0.293365,1,1,1,2,0.53399
147,BS_2,BS,0.639428,0.838222,0.347182,0.441247,1,1,1,1,0.321697
147,BS_3,BS,0.695721,0.850855,0.262807,0.25763,1,1,1,2,0.724636
147,BS_4,BS,0.706603,0.83968,0.247287,0.241597,1,1,1,3,0.372783
147,HAP_0,HAP,0.653742,0.929456,0.025043,0.092844,4,0,0,0,0.628343
147,HAP_1,HAP,0.577195,0.839789,0.449575,0.225446,1,1,1,4,0.316956
147,HAP_2,HAP,0.776158,0.934729,0.053399,0.071073,2,0,0,0,0.517842
147,LEO_0,LEO,0.73322,0.922223,0.01031,0.097029,3,0,0,0,0.680696
147,LEO_1,LEO,0.770782,0.928641,0.06035,0.065338,2,0,0,0,0.755118
148,BS_0,BS,0.643871,0.822823,0.340256,0.263491,1,1,1,4,0.474335
148,BS_1,BS,0.628315,0.844387,0.364714,0.29455,1,1,1,2,0.753205
148,BS_2,BS,0.616899,0.840438,0.38305,0.419025,1,1,1,1,0.471952
148,BS_3,BS,0.332871,0.816013,1.0,0.738447,1,1,1,0,0.232183
148,BS_4,BS,0.540766,0.829433,0.514769,0.312522,1,1,1,2,0.350181
148,HAP_0,HAP,0.849346,0.935027,0.063289,0.076077,1,1,0,0,0.440842
148,HAP_1,HAP,0.794398,0.849549,0.130171,0.187982,1,1,1,5,0.537794
148,HAP_2,HAP,0.78593,0.935402,0.140888,0.065791,1,1,1,0,0.360023
148,LEO_0,LEO,0.803707,0.925176,0.11852,0.083944,1,1,1,0,0.508565
148,LEO_1,LEO,0.69169,0.933542,0.068618,0.054389,3,0,0,0,0.477082
149,BS_0,BS,0.646472,0.823085,0.336225,0.261664,1,1,1,6,0.0
149,BS_1,BS,0.603841,0.843017,0.404444,0.309248,1,1,1,2,0.0
149,BS_2,BS,0.554142,0.836783,0.490334,0.443412,1,1,1,1,0.0
149,BS_3,BS,0.659455,0.826892,0.316342,0.63579,1,1,1,2,0.0
149,BS_4,BS,0.833264,0.847504,0.082405,0.253073,1,1,1,2,0.0
149,HAP_0,HAP,0.763806,0.930384,0.169441,0.073782,1,1,1,0,0.815402
149,HAP_1,HAP,0.674646,0.850629,0.293567,0.189167,1,1,1,3,0.324034
149,HAP_2,HAP,0.778169,0.941684,0.050811,0.053795,2,0,0,0,0.350393
149,LEO_0,LEO,0.769961,0.922187,0.161416,0.07888,1,1,1,0,0.896244
149,LEO_1,LEO,0.668088,0.926899,0.303336,0.084917,1,1,1,0,0.085348
150,BS_0,BS,0.647257,0.823367,0.335012,0.259836,1,1,1,5,0.0
150,BS_1,BS,0.548855,0.831633,0.49992,0.359863,1,1,1,2,0.0
150,BS_2,BS,0.563974,0.839832,0.472748,0.455301,1,1,1,0,0.0
150,BS_3,BS,0.4497,0.806175,0.699175,0.728613,1,1,1,2,0.0
150,BS_4,BS,0.656886,0.844569,0.320244,0.248609,1,1,1,3,1.533777
150,HAP_0,HAP,0.742883,0.93297,0.097217,0.063278,2,0,0,0,0.501293
150,HAP_1,HAP,0.605102,0.848378,0.402359,0.224186,1,1,1,2,0.340285
150,HAP_2,HAP,0.687322,0.943375,0.074952,0.045564,3,0,0,0,0.594688
150,LEO_0,LEO,0.802292,0.928445,0.020282,0.063289,2,0,0,0,0.804322
150,LEO_1,LEO,0.813493,0.938587,0.006417,0.067952,2,0,0,0,0.275086
151,BS_0,BS,0.647693,0.823633,0.334338,0.258171,1,1,1,4,0.0
151,BS_1,BS,0.810466,0.847241,0.110146,0.29335,1,1,1,2,0.0
151,BS_2,BS,0.56686,0.840144,0.467642,0.462651,1,1,1,1,0.0
151,BS_3,BS,0.674911,0.812672,0.293174,0.621568,1,1,1,3,0.0
151,BS_4,BS,0.332871,0.812811,1.0,0.917807,1,1,1,0,0.0
151,HAP_0,HAP,0.684143,0.933444,0.079589,0.053473,3,0,0,0,0.881968
151,HAP_1,HAP,0.646786,0.848024,0.335739,0.230073,1,1,1,3,0.384144
151,HAP_2,HAP,0.805691,0.945126,0.116054,0.042512,1,1,1,0,0.189388
151,LEO_0,LEO,0.752041,0.9211,0.184964,0.066027,1,1,1,0,1.117601
151,LEO_1,LEO,0.720572,0.931148,0.22771,0.077695,1,1,1,0,0.693731
152,BS_0,BS,0.646743,0.823758,0.335807,0.257281,1,1,1,6,0.0
152,BS_1,BS,0.671218,0.849651,0.298662,0.274819,1,1,1,2,0.341696
152,BS_2,BS,0.526728,0.832832,0.541071,0.501862,1,1,1,1,0.0
152,BS_3,BS,0.446446,0.800332,0.706437,0.721829,1,1,1,1,0.0
152,BS_4,BS,0.479983,0.801016,0.634005,0.915129,1,1,1,3,0.0
152,HAP_0,HAP,0.634056,0.937289,0.055619,0.04417,4,0,0,0,0.562152
152,HAP_1,HAP,0.559382,0.835457,0.480923,0.288137,1,1,1,5,0.380922
152,HAP_2,HAP,0.639468,0.927109,0.347119,0.088231,1,1,1,0,0.955384
152,LEO_0,LEO,0.708087,0.915843,0.245188,0.079874,1,1,1,0,0.526756
152,LEO_1,LEO,0.761515,0.936282,0.072446,0.064518,2,0,0,0,0.384706
153,BS_0,BS,0.645545,0.823747,0.33766,0.257131,1,1,1,5,0.329852
153,BS_1,BS,0.680373,0.850781,0.285114,0.256436,1,1,1,1,0.760789
153,BS_2,BS,0.658419,0.838558,0.317914,0.446971,1,1,1,1,0.482709
153,BS_3,BS,0.571375,0.7992,0.459709,0.672563,1,1,1,2,0.0
153,BS_4,BS,0.589364,0.800852,0.428712,0.81481,1,1,1,3,0.27116
153,HAP_0,HAP,0.862942,0.940735,0.047408,0.036348,1,1,0,0,0.62825
153,HAP_1,HAP,0.760329,0.843104,0.174004,0.244135,1,1,1,5,0.569927
153,HAP_2,HAP,0.767986,0.931684,0.063984,0.072427,2,0,0,0,0.566371
153,LEO_0,LEO,0.785094,0.923725,0.041951,0.064691,2,0,0,0,0.64586
153,LEO_1,LEO,0.735932,0.943153,0.006618,0.051634,3,0,0,0,0.577196
154,BS_0,BS,0.642201,0.823426,0.342853,0.258602,1,1,1,5,0.0
154,BS_1,BS,0.508425,0.831672,0.576438,0.354675,1,1,1,2,0.595109
154,BS_2,BS,0.629296,0.842771,0.363153,0.416923,1,1,1,1,0.211013
154,BS_3,BS,0.744633,0.814696,0.194864,0.555137,1,1,1,3,0.0
154,BS_4,BS,0.622471,0.807924,0.374058,0.714812,1,1,1,2,0.0
154,HAP_0,HAP,0.597616,0.915084,0.414807,0.106507,1,1,1,0,1.420712
154,HAP_1,HAP,0.645782,0.841565,0.337294,0.246503,1,1,1,4,0.555385
154,HAP_2,HAP,0.739939,0.93817,0.001188,0.057942,3,0,0,0,0.734141
154,LEO_0,LEO,0.672436,0.92756,0.096849,0.055974,3,0,0,0,0.540271
154,LEO_1,LEO,0.630831,0.944592,0.060718,0.042966,4,0,0,0,0.648984
155,BS_0,BS,0.634769,0.822471,0.354495,0.263431,1,1,1,6,0.0
155,BS_1,BS,0.792097,0.843526,0.133072,0.291709,1,1,1,2,0.434775
155,BS_2,BS,0.596594,0.841366,0.416518,0.411607,1,1,1,1,0.219767
155,BS_3,BS,0.627104,0.817293,0.366643,0.504602,1,1,1,1,0.447845
155,BS_4,BS,0.818215,0.828903,0.100631,0.576406,1,1,1,2,0.0
155,HAP_0,HAP,0.678036,0.907711,0.288555,0.122675,1,1,1,0,0.565011
155,HAP_1,HAP,0.775737,0.849479,0.153941,0.207866,1,1,1,4,0.76472
155,HAP_2,HAP,0.80522,0.934664,0.116639,0.052476,1,1,1,0,0.931519
155,LEO_0,LEO,0.760582,0.927172,0.173671,0.058352,1,1,1,0,0.416816
155,LEO_1,LEO,0.897121,0.949655,0.008564,0.034406,1,1,0,0,0.530909
156,BS_0,BS,0.645028,0.82267,0.338461,0.262295,1,1,1,5,0.0
156,BS_1,BS,0.835584,0.855278,0.079625,0.23622,1,1,1,2,0.669322
156,BS_2,BS,0.646917,0.847037,0.335537,0.379949,1,1,1,1,0.0
156,BS_3,BS,0.710812,0.830138,0.241347,0.429894,1,1,1,2,0.0
156,BS_4,BS,0.708287,0.834148,0.244906,0.488116,1,1,1,2,0.56267
156,HAP_0,HAP,0.724912,0.908283,0.221706,0.120259,1,1,1,0,0.39684
156,HAP_1,HAP,0.676408,0.851218,0.290958,0.204389,1,1,1,2,0.443948
156,HAP_2,HAP,0.777628,0.93689,0.051506,0.043174,2,0,0,0,0.74702
156,LEO_0,LEO,0.794262,0.930895,0.130342,0.054327,1,1,1,0,0.266359
156,LEO_1,LEO,0.779465,0.943059,0.149148,0.037535,1,1,1,0,0.826907
157,BS_0,BS,0.641573,0.822506,0.343832,0.263036,1,1,1,5,0.0
157,BS_1,BS,0.633408,0.847871,0.356641,0.246213,1,1,1,1,2.31012
157,BS_2,BS,0.660075,0.853449,0.315401,0.348724,1,1,1,1,0.0
157,BS_3,BS,0.581204,0.823708,0.442654,0.432089,1,1,1,4,0.0
157,BS_4,BS,0.760757,0.843996,0.173441,0.404029,1,1,1,3,0.0
157,HAP_0,HAP,0.798028,0.920225,0.025611,0.096502,2,0,0,0,0.493456
157,HAP_1,HAP,0.710345,0.854513,0.242004,0.189866,1,1,1,4,0.55617
157,HAP_2,HAP,0.719798,0.930693,0.228784,0.058094,1,1,1,0,0.442687
157,LEO_0,LEO,0.798123,0.939391,0.025493,0.043754,2,0,0,0,0.398889
157,LEO_1,LEO,0.692809,0.935164,0.267002,0.062108,1,1,1,0,0.215061
158,BS_0,BS,0.636909,0.821937,0.351129,0.26591,1,1,1,5,0.235017
158,BS_1,BS,0.529799,0.831191,0.535257,0.325895,1,1,1,2,0.374415
158,BS_2,BS,0.642588,0.855333,0.342251,0.33169,1,1,1,1,0.355075
158,BS_3,BS,0.732732,0.831651,0.210976,0.365701,1,1,1,3,0.266976
158,BS_4,BS,0.77551,0.851359,0.154235,0.333928,1,1,1,3,0.63444
158,HAP_0,HAP,0.697419,0.928215,0.060369,0.078842,3,0,0,0,0.421262
158,HAP_1,HAP,0.646919,0.850013,0.335534,0.202555,1,1,1,4,0.333997
158,HAP_2,HAP,0.775052,0.93181,0.154825,0.057262,1,1,1,0,0.304663
158,LEO_0,LEO,0.745735,0.933596,0.193385,0.051832,1,1,1,0,0.694352
158,LEO_1,LEO,0.765592,0.939033,0.067106,0.051713,2,0,0,0,0.552321
159,BS_0,BS,0.647315,0.822454,0.334922,0.263206,1,1,1,5,0.0
159,BS_1,BS,0.632883,0.831298,0.35747,0.318219,1,1,1,1,0.567139
159,BS_2,BS,0.606019,0.854124,0.400844,0.337657,1,1,1,1,0.374844
159,BS_3,BS,0.724317,0.837038,0.222527,0.314844,1,1,1,3,0.555187
159,BS_4,BS,0.753256,0.85517,0.18335,0.28227,1,1,1,3,0.360732
159,HAP_0,HAP,0.624263,0.93412,0.071184,0.065354,4,0,0,0,0.414018
159,HAP_1,HAP,0.712683,0.855016,0.238719,0.187688,1,1,1,4,0.407455
159,HAP_2,HAP,0.766488,0.93856,0.065936,0.047766,2,0,0,0,0.279992
159,LEO_0,LEO,0.792414,0.938692,0.032671,0.041946,2,0,0,0,0.620131
159,LEO_1,LEO,0.687205,0.926528,0.275122,0.075432,1,1,1,0,0.897162
160,BS_0,BS,0.648337,0.822963,0.333344,0.260568,1,1,1,5,0.203854
160,BS_1,BS,0.707616,0.835845,0.245854,0.281775,1,1,1,2,0.357403
160,BS_2,BS,0.75671,0.866683,0.178775,0.284508,1,1,1,0,0.583946
160,BS_3,BS,0.522262,0.826103,0.549586,0.387795,1,1,1,2,0.21443
160,BS_4,BS,0.665174,0.851611,0.307707,0.268424,1,1,1,2,0.487281
160,HAP_0,HAP,0.904115,0.942012,0.000799,0.052283,1,1,0,0,0.550045
160,HAP_1,HAP,0.661943,0.851143,0.312576,0.194117,1,1,1,5,0.509335
160,HAP_2,HAP,0.807086,0.938354,0.114325,0.044094,1,1,1,0,0.631096
160,LEO_0,LEO,0.675733,0.941082,0.091957,0.037362,3,0,0,0,0.388706
160,LEO_1,LEO,0.728184,0.924082,0.217201,0.081575,1,1,1,0,0.308733
161,BS_0,BS,0.645487,0.823105,0.33775,0.259788,1,1,1,5,0.0
161,BS_1,BS,0.702078,0.838565,0.253711,0.254386,1,1,1,2,0.373047
161,BS_2,BS,0.511688,0.852863,0.570041,0.373832,1,1,1,1,0.0
161,BS_3,BS,0.657161,0.827582,0.319826,0.356266,1,1,1,3,0.0
161,BS_4,BS,0.705222,0.851522,0.249242,0.242694,1,1,1,2,0.0
161,HAP_0,HAP,0.537643,0.909329,0.52056,0.163769,1,1,1,0,1.940333
161,HAP_1,HAP,0.609491,0.849091,0.395131,0.225551,1,1,1,3,0.0
161,HAP_2,HAP,0.799457,0.936104,0.123823,0.042175,1,1,1,0,0.752794
161,LEO_0,LEO,0.654298,0.932543,0.324192,0.077185,1,1,1,0,0.0
161,LEO_1,LEO,0.79679,0.932468,0.027164,0.065592,2,0,0,0,0.5432
162,BS_0,BS,0.638354,0.822552,0.348862,0.262597,1,1,1,4,0.0
162,BS_1,BS,0.746832,0.84436,0.191915,0.220083,1,1,1,2,0.768542
162,BS_2,BS,0.613605,0.854815,0.388404,0.366951,1,1,1,1,0.0
162,BS_3,BS,0.705988,0.832354,0.248158,0.312725,1,1,1,3,0.0
162,BS_4,BS,0.697139,0.850609,0.26077,0.224756,1,1,1,3,0.358397
162,HAP_0,HAP,0.691733,0.903892,0.268555,0.16347,1,1,1,0,0.60598
162,HAP_1,HAP,0.60561,0.841559,0.40152,0.252989,1,1,1,4,0.487887
162,HAP_2,HAP,0.791882,0.932105,0.133343,0.041741,1,1,1,0,0.918519
162,LEO_0,LEO,0.741854,0.929296,0.198603,0.079497,1,1,1,0,0.581042
162,LEO_1,LEO,0.688742,0.935748,0.072888,0.054864,3,0,0,0,0.602458
163,BS_0,BS,0.488006,0.8112,0.617428,0.381626,1,1,1,2,0.0
163,BS_1,BS,0.747054,0.848995,0.191617,0.192589,1,1,1,2,0.662522
163,BS_2,BS,0.516544,0.840401,0.560596,0.434981,1,1,1,1,0.364357
163,BS_3,BS,0.653751,0.831417,0.325029,0.29772,1,1,1,4,0.315374
163,BS_4,BS,0.669063,0.847382,0.301877,0.220813,1,1,1,3,0.0
163,HAP_0,HAP,0.769489,0.90756,0.162029,0.14259,1,1,1,0,0.542634
163,HAP_1,HAP,0.797429,0.853404,0.126363,0.209577,1,1,1,4,0.434345
163,HAP_2,HAP,0.817411,0.937233,0.001613,0.033394,2,0,0,0,0.824773
163,LEO_0,LEO,0.786206,0.92867,0.140537,0.072486,1,1,1,0,0.671282
163,LEO_1,LEO,0.815942,0.936083,0.103412,0.048704,1,1,1,0,0.642543
164,BS_0,BS,0.663789,0.816413,0.309791,0.348487,1,1,1,4,0.0
164,BS_1,BS,0.667389,0.849244,0.304382,0.195763,1,1,1,2,0.354182
164,BS_2,BS,0.581775,0.83779,0.441671,0.435768,1,1,1,0,0.758356
164,BS_3,BS,0.633439,0.830448,0.356591,0.295397,1,1,1,3,0.0
164,BS_4,BS,0.622554,0.840471,0.373925,0.239569,1,1,1,4,0.0
164,HAP_0,HAP,0.792787,0.91378,0.132201,0.121936,1,1,1,0,0.396137
164,HAP_1,HAP,0.745044,0.856613,0.194312,0.184652,1,1,1,4,0.659912
164,HAP_2,HAP,0.797813,0.935744,0.125881,0.033846,1,1,1,0,0.602378
164,LEO_0,LEO,0.799317,0.935943,0.023998,0.058248,2,0,0,0,0.535778
164,LEO_1,LEO,0.812686,0.93481,0.107411,0.044155,1,1,1,0,0.793712
165,BS_0,BS,0.689096,0.825121,0.272375,0.312174,1,1,1,3,0.0
165,BS_1,BS,0.562115,0.844608,0.476048,0.25859,1,1,1,1,0.0
165,BS_2,BS,0.558266,0.83362,0.48292,0.45356,1,1,1,1,0.0
165,BS_3,BS,0.687322,0.833203,0.274952,0.270337,1,1,1,3,0.0
165,BS_4,BS,0.63825,0.836436,0.349025,0.246474,1,1,1,3,0.0
165,HAP_0,HAP,0.759799,0.920689,0.074701,0.10006,2,0,0,0,0.6232
165,HAP_1,HAP,0.855892,0.868541,0.055611,0.149113,1,1,0,3,0.370604
165,HAP_2,HAP,0.707398,0.930651,0.246161,0.054345,1,1,1,0,0.234631
165,LEO_0,LEO,0.809571,0.934497,0.111251,0.052168,1,1,1,0,0.80891
165,LEO_1,LEO,0.742759,0.925754,0.197383,0.052856,1,1,1,0,1.091004
166,BS_0,BS,0.765213,0.838941,0.167601,0.26238,1,1,1,3,0.0
166,BS_1,BS,0.541139,0.831597,0.51408,0.325797,1,1,1,2,0.485782
166,BS_2,BS,0.580308,0.837025,0.444196,0.451638,1,1,1,1,0.0
166,BS_3,BS,0.670009,0.833603,0.300464,0.256895,1,1,1,3,0.0
166,BS_4,BS,0.636853,0.833076,0.351216,0.252688,1,1,1,4,0.0
166,HAP_0,HAP,0.698362,0.929163,0.059018,0.081616,3,0,0,0,0.334549
166,HAP_1,HAP,0.802135,0.872921,0.120478,0.125823,1,1,1,5,0.563798
166,HAP_2,HAP,0.812596,0.940043,0.007521,0.043501,2,0,0,0,0.423913
166,LEO_0,LEO,0.782001,0.936907,0.045899,0.042682,2,0,0,0,0.802533
166,LEO_1,LEO,0.786853,0.924658,0.139713,0.051069,1,1,1,0,0.68906
167,BS_0,BS,0.674433,0.8393,0.293884,0.248769,1,1,1,4,0.0
167,BS_1,BS,0.726509,0.838263,0.219504,0.28232,1,1,1,2,0.250524
167,BS_2,BS,0.726888,0.852504,0.218984,0.382889,1,1,1,0,0.416607
167,BS_3,BS,0.645374,0.832557,0.337925,0.256903,1,1,1,3,0.0
167,BS_4,BS,0.639711,0.830656,0.346739,0.256253,1,1,1,3,0.567224
167,HAP_0,HAP,0.656626,0.93767,0.020641,0.065484,4,0,0,0,0.456651
167,HAP_1,HAP,0.865146,0.880709,0.044857,0.101563,1,1,0,5,0.938609
167,HAP_2,HAP,0.697124,0.928561,0.260792,0.065406,1,1,1,0,0.877512
167,LEO_0,LEO,0.687855,0.93894,0.074177,0.036622,3,0,0,0,0.568523
167,LEO_1,LEO,0.694336,0.919829,0.2648,0.072408,1,1,1,0,0.312149
168,BS_0,BS,0.708776,0.843362,0.244216,0.225854,1,1,1,3,0.0
168,BS_1,BS,0.721719,0.842274,0.22612,0.248864,1,1,1,1,0.933022
168,BS_2,BS,0.787857,0.871298,0.138439,0.314936,1,1,1,0,0.200442
168,BS_3,BS,0.679482,0.83405,0.286424,0.24244,1,1,1,4,0.0
168,BS_4,BS,0.641595,0.828897,0.343797,0.258191,1,1,1,4,0.0
168,HAP_0,HAP,0.782638,0.938875,0.145084,0.06186,1,1,1,0,0.208928
168,HAP_1,HAP,0.788967,0.881358,0.13703,0.089701,1,1,1,5,1.978536
168,HAP_2,HAP,0.701074,0.924325,0.255142,0.081619,1,1,1,0,0.206347
168,LEO_0,LEO,0.775946,0.936988,0.153673,0.039924,1,1,1,0,0.464496
168,LEO_1,LEO,0.795815,0.925282,0.128389,0.065344,1,1,1,0,0.259541
169,BS_0,BS,0.682646,0.843097,0.281779,0.216413,1,1,1,3,0.671432
169,BS_1,BS,0.746549,0.848548,0.192294,0.215731,1,1,1,1,0.752798
169,BS_2,BS,0.43201,0.843283,0.739307,0.497907,1,1,1,1,0.544047
169,BS_3,BS,0.658959,0.833252,0.317093,0.239198,1,1,1,4,0.0
169,BS_4,BS,0.64563,0.827866,0.337528,0.257819,1,1,1,3,0.230114
169,HAP_0,HAP,0.795795,0.94683,0.028414,0.049851,2,0,0,0,0.256725
169,HAP_1,HAP,0.60658,0.869282,0.399919,0.143731,1,1,1,2,0.539437
169,HAP_2,HAP,0.811335,0.93507,0.009074,0.065332,2,0,0,0,0.40025
169,LEO_0,LEO,0.74459,0.937067,0.094921,0.035994,2,0,0,0,0.729912
169,LEO_1,LEO,0.762373,0.931613,0.071319,0.054564,2,0,0,0,0.469696
170,BS_0,BS,0.761555,0.850085,0.172392,0.186504,1,1,1,4,0.0
170,BS_1,BS,0.636769,0.843011,0.351349,0.228136,1,1,1,2,0.57057
170,BS_2,BS,0.558774,0.841763,0.48201,0.502876,1,1,1,1,0.0
170,BS_3,BS,0.633509,0.830481,0.356481,0.248544,1,1,1,3,0.0
170,BS_4,BS,0.646709,0.827141,0.335859,0.257016,1,1,1,3,0.0
170,HAP_0,HAP,0.705489,0.950808,0.048864,0.040955,3,0,0,0,0.401395
170,HAP_1,HAP,0.756998,0.871071,0.178395,0.129306,1,1,1,4,0.482609
170,HAP_2,HAP,0.784779,0.933398,0.142354,0.061385,1,1,1,0,0.668443
170,LEO_0,LEO,0.705609,0.940598,0.048694,0.029862,3,0,0,0,0.596116
170,LEO_1,LEO,0.74159,0.927105,0.198959,0.061465,1,1,1,0,0.672647
171,BS_0,BS,0.698674,0.849744,0.258571,0.17929,1,1,1,4,0.727075
171,BS_1,BS,0.71273,0.848173,0.238653,0.208138,1,1,1,1,0.460733
171,BS_2,BS,0.370891,0.807111,0.891847,0.760226,1,1,1,2,0.352285
171,BS_3,BS,0.655228,0.830072,0.322773,0.245717,1,1,1,4,0.777362
171,BS_4,BS,0.58369,0.82041,0.438386,0.292095,1,1,1,3,0.727739
171,HAP_0,HAP,0.667275,0.95745,0.004553,0.032774,4,0,0,0,0.272259
171,HAP_1,HAP,0.734467,0.86961,0.20861,0.123028,1,1,1,4,0.518421
171,HAP_2,HAP,0.780946,0.934403,0.147249,0.058865,1,1,1,0,0.282184
171,LEO_0,LEO,0.633627,0.944541,0.056295,0.025316,4,0,0,0,0.416595
171,LEO_1,LEO,0.788141,0.934319,0.038078,0.049824,2,0,0,0,0.478776
172,BS_0,BS,0.660475,0.845945,0.314797,0.188026,1,1,1,4,0.0
172,BS_1,BS,0.477605,0.831557,0.638971,0.350239,1,1,1,0,0.782481
172,BS_2,BS,0.739291,0.820115,0.202064,0.626554,1,1,1,1,0.679324
172,BS_3,BS,0.652021,0.829408,0.327679,0.244892,1,1,1,3,0.0
172,BS_4,BS,0.706628,0.829674,0.247251,0.261186,1,1,1,3,0.0
172,HAP_0,HAP,0.807709,0.954453,0.113553,0.032021,1,1,1,0,0.513739
172,HAP_1,HAP,0.745079,0.869086,0.194266,0.115405,1,1,1,5,1.009149
172,HAP_2,HAP,0.808983,0.942702,0.011978,0.047157,2,0,0,0,0.425755
172,LEO_0,LEO,0.878829,0.948041,0.029165,0.020635,1,1,0,0,0.616205
172,LEO_1,LEO,0.777699,0.930448,0.151416,0.050176,1,1,1,0,0.863278
173,BS_0,BS,0.631284,0.840388,0.36,0.20874,1,1,1,2,0.0
173,BS_1,BS,0.535304,0.829801,0.524921,0.404185,1,1,1,1,0.0
173,BS_2,BS,0.756651,0.833809,0.178853,0.515638,1,1,1,1,0.431643
173,BS_3,BS,0.572756,0.824273,0.457296,0.290018,1,1,1,2,0.0
173,BS_4,BS,0.701595,0.834111,0.254399,0.238072,1,1,1,4,0.504958
173,HAP_0,HAP,0.793115,0.956824,0.031788,0.026072,2,0,0,0,0.486468
173,HAP_1,HAP,0.728547,0.867277,0.216704,0.113456,1,1,1,5,0.562997
173,HAP_2,HAP,0.797991,0.940814,0.125658,0.044831,1,1,1,0,0.623371
173,LEO_0,LEO,0.751663,0.946269,0.085468,0.019795,2,0,0,0,0.733472
173,LEO_1,LEO,0.777037,0.934539,0.052268,0.04137,2,0,0,0,0.637435
174,BS_0,BS,0.654983,0.837968,0.323146,0.213983,1,1,1,3,0.0
174,BS_1,BS,0.549865,0.826656,0.498082,0.434986,1,1,1,1,0.53601
174,BS_2,BS,0.55233,0.82312,0.493609,0.522153,1,1,1,2,0.746938
174,BS_3,BS,0.736767,0.835807,0.205483,0.251015,1,1,1,3,0.0
174,BS_4,BS,0.691816,0.83631,0.268435,0.222883,1,1,1,3,0.676102
174,HAP_0,HAP,0.723771,0.959359,0.02328,0.021101,3,0,0,0,0.467114
174,HAP_1,HAP,0.545517,0.850049,0.506022,0.205991,1,1,1,3,0.66648
174,HAP_2,HAP,0.80687,0.946127,0.014592,0.03596,2,0,0,0,0.560979
174,LEO_0,LEO,0.703207,0.947353,0.052104,0.017058,3,0,0,0,0.641052
174,LEO_1,LEO,0.768391,0.932808,0.163456,0.045119,1,1,1,0,0.459913
175,BS_0,BS,0.644622,0.835038,0.339092,0.222929,1,1,1,3,0.0
175,BS_1,BS,0.54472,0.825472,0.507483,0.463882,1,1,1,1,0.0
175,BS_2,BS,0.517416,0.817547,0.558908,0.558293,1,1,1,1,0.0
175,BS_3,BS,0.753866,0.844651,0.182541,0.215806,1,1,1,3,0.0
175,BS_4,BS,0.662089,0.835332,0.312355,0.222211,1,1,1,4,0.0
175,HAP_0,HAP,0.814054,0.955204,0.105729,0.021911,1,1,1,0,0.624895
175,HAP_1,HAP,0.747165,0.853868,0.191469,0.18129,1,1,1,4,0.367358
175,HAP_2,HAP,0.541563,0.912974,0.513296,0.147331,1,1,1,0,1.967249
175,LEO_0,LEO,0.653582,0.950991,0.025287,0.013934,4,0,0,0,0.508455
175,LEO_1,LEO,0.755568,0.932627,0.180285,0.050722,1,1,1,0,0.22487
176,BS_0,BS,0.634863,0.831771,0.354345,0.234845,1,1,1,4,0.0
176,BS_1,BS,0.591782,0.831514,0.424617,0.45224,1,1,1,1,0.0
176,BS_2,BS,0.644894,0.828553,0.338669,0.498248,1,1,1,1,0.0
176,BS_3,BS,0.69961,0.845679,0.257232,0.202421,1,1,1,3,0.575425
176,BS_4,BS,0.65064,0.833483,0.329799,0.226714,1,1,1,4,0.0
176,HAP_0,HAP,0.593849,0.926956,0.42113,0.097337,1,1,1,0,1.343947
176,HAP_1,HAP,0.787055,0.859791,0.139457,0.153784,1,1,1,4,0.683575
176,HAP_2,HAP,0.617129,0.901568,0.382677,0.183764,1,1,1,0,0.40298
176,LEO_0,LEO,0.861268,0.952818,0.049349,0.012243,1,1,0,0,0.49236
176,LEO_1,LEO,0.799882,0.933512,0.123291,0.047418,1,1,1,0,0.578996
177,BS_0,BS,0.639351,0.829579,0.347302,0.242155,1,1,1,4,0.0
177,BS_1,BS,0.565953,0.830841,0.469243,0.460877,1,1,1,1,0.288244
177,BS_2,BS,0.597134,0.829178,0.415615,0.476329,1,1,1,2,0.0
177,BS_3,BS,0.666342,0.845175,0.305952,0.204059,1,1,1,3,0.0
177,BS_4,BS,0.648252,0.831779,0.333476,0.231414,1,1,1,4,0.0
177,HAP_0,HAP,0.669885,0.917359,0.30065,0.118545,1,1,1,0,0.472311
177,HAP_1,HAP,0.727797,0.859781,0.217733,0.14436,1,1,1,5,0.555789
177,HAP_2,HAP,0.792417,0.912787,0.032668,0.147491,2,0,0,0,0.667233
177,LEO_0,LEO,0.69218,0.936999,0.267909,0.042094,1,1,1,0,1.02222
177,LEO_1,LEO,0.779501,0.938304,0.049102,0.039019,2,0,0,0,0.565072
178,BS_0,BS,0.608286,0.824837,0.39711,0.264687,1,1,1,2,0.750557
178,BS_1,BS,0.671511,0.843659,0.298225,0.408724,1,1,1,0,0.234563
178,BS_2,BS,0.630909,0.828928,0.360594,0.439576,1,1,1,2,0.327027
178,BS_3,BS,0.70341,0.846429,0.251815,0.191782,1,1,1,3,0.0
178,BS_4,BS,0.635391,0.829212,0.353514,0.241369,1,1,1,4,0.404095
178,HAP_0,HAP,0.782212,0.924766,0.045629,0.095773,2,0,0,0,0.643828
178,HAP_1,HAP,0.676798,0.855405,0.290383,0.153433,1,1,1,5,1.048133
178,HAP_2,HAP,0.740689,0.923219,0.000174,0.117993,3,0,0,0,0.712361
178,LEO_0,LEO,0.782069,0.934661,0.145813,0.043242,1,1,1,0,0.544188
178,LEO_1,LEO,0.700967,0.941674,0.055294,0.032591,3,0,0,0,0.567517
179,BS_0,BS,0.693696,0.828926,0.265721,0.243523,1,1,1,4,0.0
179,BS_1,BS,0.437574,0.820009,0.726509,0.564496,1,1,1,1,0.791368
179,BS_2,BS,0.48247,0.820928,0.628837,0.529607,1,1,1,1,0.0
179,BS_3,BS,0.652176,0.842576,0.327441,0.201674,1,1,1,3,0.486449
179,BS_4,BS,0.631578,0.826798,0.359534,0.251264,1,1,1,3,0.0
179,HAP_0,HAP,0.680016,0.928891,0.085639,0.079919,3,0,0,0,0.563372
179,HAP_1,HAP,0.717309,0.855389,0.232248,0.147019,1,1,1,5,0.650032
179,HAP_2,HAP,0.608387,0.927215,0.096943,0.098623,4,0,0,0,0.51795
179,LEO_0,LEO,0.817772,0.941049,0.001172,0.034595,2,0,0,0,0.671443
179,LEO_1,LEO,0.802031,0.939471,0.120607,0.032619,1,1,1,0,0.687657
180,BS_0,BS,0.659505,0.829165,0.316266,0.23983,1,1,1,3,0.0
180,BS_1,BS,0.641763,0.829085,0.343537,0.504705,1,1,1,0,0.505526
180,BS_2,BS,0.651557,0.83153,0.32839,0.472214,1,1,1,2,0.0
180,BS_3,BS,0.645567,0.838819,0.337626,0.212635,1,1,1,3,0.0
180,BS_4,BS,0.647899,0.826397,0.33402,0.251218,1,1,1,3,0.0
180,HAP_0,HAP,0.60906,0.931731,0.095839,0.068068,4,0,0,0,0.559252
180,HAP_1,HAP,0.618088,0.846444,0.381124,0.182981,1,1,1,3,0.694754
180,HAP_2,HAP,0.824275,0.930578,0.093251,0.082812,1,1,0,0,0.561292
180,LEO_0,LEO,0.680012,0.939789,0.085646,0.030976,3,0,0,0,0.823729
180,LEO_1,LEO,0.752256,0.938956,0.084679,0.029322,2,0,0,0,0.77671
181,BS_0,BS,0.644632,0.828837,0.339075,0.243601,1,1,1,3,0.0
181,BS_1,BS,0.540027,0.828825,0.516137,0.523643,1,1,1,1,0.0
181,BS_2,BS,0.644171,0.838142,0.339791,0.429727,1,1,1,1,0.0
181,BS_3,BS,0.647292,0.836203,0.334958,0.220597,1,1,1,3,0.0
181,BS_4,BS,0.590307,0.823205,0.427113,0.283066,1,1,1,2,0.0
181,HAP_0,HAP,0.739914,0.929262,0.201221,0.072675,1,1,1,0,0.365484
181,HAP_1,HAP,0.747221,0.852817,0.191394,0.162869,1,1,1,3,0.395718
181,HAP_2,HAP,0.666779,0.915686,0.305296,0.108192,1,1,1,0,1.167308
181,LEO_0,LEO,0.770743,0.937986,0.1604,0.036359,1,1,1,0,0.329837
181,LEO_1,LEO,0.743925,0.930209,0.195814,0.040712,1,1,1,0,0.962379
182,BS_0,BS,0.648085,0.828216,0.333733,0.245001,1,1,1,4,0.0
182,BS_1,BS,0.524787,0.824868,0.544763,0.552459,1,1,1,1,0.0
182,BS_2,BS,0.654035,0.842436,0.324594,0.391194,1,1,1,2,0.0
182,BS_3,BS,0.655931,0.834709,0.3217,0.223048,1,1,1,3,0.0
182,BS_4,BS,0.670703,0.826142,0.299429,0.266799,1,1,1,4,0.0
182,HAP_0,HAP,0.813254,0.938454,0.006712,0.05816,2,0,0,0,0.467876
182,HAP_1,HAP,0.779447,0.85933,0.14917,0.140308,1,1,1,4,0.524655
182,HAP_2,HAP,0.731987,0.913467,0.211992,0.106777,1,1,1,0,0.533857
182,LEO_0,LEO,0.763383,0.940437,0.069995,0.031292,2,0,0,0,0.613495
182,LEO_1,LEO,0.790064,0.929444,0.135642,0.040849,1,1,1,0,0.592945
183,BS_0,BS,0.654328,0.828158,0.324146,0.243282,1,1,1,3,0.0
183,BS_1,BS,0.527582,0.816368,0.53945,0.57292,1,1,1,1,0.601386
183,BS_2,BS,0.644201,0.848733,0.339744,0.364897,1,1,1,1,0.0
183,BS_3,BS,0.647304,0.832681,0.33494,0.228922,1,1,1,3,0.0
183,BS_4,BS,0.680507,0.828927,0.284917,0.249969,1,1,1,3,0.0
183,HAP_0,HAP,0.521805,0.904825,0.550461,0.182882,1,1,1,0,1.521755
183,HAP_1,HAP,0.678409,0.859104,0.288005,0.149573,1,1,1,3,0.536234
183,HAP_2,HAP,0.75521,0.920141,0.080759,0.088356,2,0,0,0,0.564325
183,LEO_0,LEO,0.755382,0.934107,0.180531,0.0397,1,1,1,0,0.782472
183,LEO_1,LEO,0.801842,0.931125,0.120844,0.039251,1,1,1,0,0.48278
184,BS_0,BS,0.550779,0.821749,0.496421,0.305521,1,1,1,2,0.0
184,BS_1,BS,0.595539,0.822541,0.418288,0.53707,1,1,1,1,0.0
184,BS_2,BS,0.61099,0.847341,0.392674,0.361304,1,1,1,2,0.0
184,BS_3,BS,0.649142,0.83122,0.332104,0.232769,1,1,1,3,0.0
184,BS_4,BS,0.647585,0.828093,0.334505,0.250327,1,1,1,3,0.0
184,HAP_0,HAP,0.57303,0.892044,0.456817,0.240212,1,1,1,0,0.228105
184,HAP_1,HAP,0.703954,0.859983,0.251043,0.148018,1,1,1,4,0.483997
184,HAP_2,HAP,0.70036,0.926587,0.056161,0.072105,3,0,0,0,0.624831
184,LEO_0,LEO,0.80828,0.939454,0.012847,0.031834,2,0,0,0,0.697409
184,LEO_1,LEO,0.725488,0.92279,0.22091,0.053361,1,1,1,0,0.977447
185,BS_0,BS,0.694583,0.827334,0.264444,0.275886,1,1,1,2,0.0
185,BS_1,BS,0.559433,0.828092,0.480831,0.533696,1,1,1,0,0.0
185,BS_2,BS,0.459775,0.835635,0.677019,0.495303,1,1,1,0,0.0
185,BS_3,BS,0.620733,0.829218,0.376854,0.250124,1,1,1,2,0.0
185,BS_4,BS,0.461381,0.813215,0.673531,0.404402,1,1,1,1,0.0
185,HAP_0,HAP,0.896602,0.907172,0.009143,0.192207,1,1,1,0,0.629146
185,HAP_1,HAP,0.731786,0.863633,0.212267,0.13869,1,1,1,5,0.278755
185,HAP_2,HAP,0.659151,0.933011,0.016802,0.057811,4,0,0,0,0.752412
185,LEO_0,LEO,0.73726,0.944333,0.004815,0.025478,3,0,0,0,0.691072
185,LEO_1,LEO,0.780688,0.927898,0.047579,0.043708,2,0,0,0,0.71349
186,BS_0,BS,0.691062,0.830856,0.269526,0.253399,1,1,1,3,0.0
186,BS_1,BS,0.563012,0.830445,0.474455,0.528255,1,1,1,1,0.0
186,BS_2,BS,0.476461,0.821785,0.64137,0.581353,1,1,1,2,0.0
186,BS_3,BS,0.683808,0.831941,0.280078,0.235399,1,1,1,4,0.0
186,BS_4,BS,0.880389,0.838634,0.027392,0.323859,1,1,1,2,0.0
186,HAP_0,HAP,0.840226,0.914294,0.074085,0.156236,1,1,1,0,0.726936
186,HAP_1,HAP,0.728043,0.86354,0.217395,0.13222,1,1,1,3,0.756144
186,HAP_2,HAP,0.661914,0.925342,0.31262,0.090228,1,1,1,0,0.107386
186,LEO_0,LEO,0.761253,0.940822,0.17279,0.033817,1,1,1,0,0.361075
186,LEO_1,LEO,0.690318,0.921949,0.270603,0.067918,1,1,1,0,0.329731
187,BS_0,BS,0.630641,0.828056,0.361019,0.261369,1,1,1,4,0.0
187,BS_1,BS,0.699091,0.848165,0.257974,0.452552,1,1,1,0,0.0
187,BS_2,BS,0.706564,0.833602,0.247342,0.492612,1,1,1,2,0.0
187,BS_3,BS,0.671551,0.832737,0.298166,0.228325,1,1,1,3,0.0
187,BS_4,BS,0.651143,0.837107,0.329026,0.307803,1,1,1,3,1.419289
187,HAP_0,HAP,0.733829,0.908948,0.209479,0.144735,1,1,1,0,1.064831
187,HAP_1,HAP,0.687742,0.859507,0.274341,0.139644,1,1,1,5,0.481892
187,HAP_2,HAP,0.8096,0.928686,0.111215,0.077748,1,1,1,0,0.556679
187,LEO_0,LEO,0.758888,0.94217,0.075901,0.029646,2,0,0,0,0.634787
187,LEO_1,LEO,0.785187,0.926231,0.141833,0.063387,1,1,1,0,0.248904
188,BS_0,BS,0.652354,0.827821,0.327169,0.257263,1,1,1,4,0.0
188,BS_1,BS,0.484961,0.833994,0.623687,0.537085,1,1,1,1,0.578921
188,BS_2,BS,0.686479,0.838481,0.276179,0.428413,1,1,1,1,0.669768
188,BS_3,BS,0.532131,0.823978,0.530865,0.309478,1,1,1,3,0.0
188,BS_4,BS,0.722548,0.842186,0.224972,0.269018,1,1,1,3,0.0
188,HAP_0,HAP,0.727776,0.908069,0.217762,0.137127,1,1,1,0,0.504975
188,HAP_1,HAP,0.799538,0.865209,0.123722,0.118603,1,1,1,4,0.504899
188,HAP_2,HAP,0.608749,0.908641,0.396349,0.13289,1,1,1,0,1.192976
188,LEO_0,LEO,0.711389,0.947117,0.040536,0.024457,3,0,0,0,0.375046
188,LEO_1,LEO,0.75019,0.923684,0.187429,0.066518,1,1,1,0,0.686412
189,BS_0,BS,0.645218,0.826968,0.338167,0.257271,1,1,1,4,0.0
189,BS_1,BS,0.459826,0.814364,0.676907,0.635859,1,1,1,1,0.798056
189,BS_2,BS,0.613503,0.833104,0.38857,0.410675,1,1,1,2,0.77918
189,BS_3,BS,0.662352,0.826393,0.311958,0.291376,1,1,1,4,0.0
189,BS_4,BS,0.684933,0.842243,0.278434,0.250101,1,1,1,4,0.29289
189,HAP_0,HAP,0.81291,0.914958,0.107134,0.114867,1,1,1,0,0.48313
189,HAP_1,HAP,0.676199,0.862059,0.291268,0.133059,1,1,1,4,0.396947
189,HAP_2,HAP,0.717645,0.907145,0.23178,0.130487,1,1,1,0,0.469468
189,LEO_0,LEO,0.642793,0.949753,0.041933,0.020356,4,0,0,0,0.573339
189,LEO_1,LEO,0.754354,0.927313,0.081894,0.056232,2,0,0,0,0.688754
190,BS_0,BS,0.642782,0.826058,0.34195,0.258435,1,1,1,4,0.0
190,BS_1,BS,0.579343,0.818897,0.445861,0.598144,1,1,1,0,0.424893
190,BS_2,BS,0.75218,0.84283,0.18478,0.343904,1,1,1,1,0.55117
190,BS_3,BS,0.692468,0.83025,0.267493,0.265299,1,1,1,3,0.0
190,BS_4,BS,0.66292,0.840168,0.311101,0.243633,1,1,1,4,0.0
190,HAP_0,HAP,0.544337,0.888461,0.508187,0.208108,1,1,1,0,1.512239
190,HAP_1,HAP,0.803432,0.867989,0.118862,0.112805,1,1,1,4,0.666662
190,HAP_2,HAP,0.746914,0.910528,0.191806,0.120945,1,1,1,0,0.313394
190,LEO_0,LEO,0.897338,0.954633,0.008323,0.016316,1,1,0,0,0.448183
190,LEO_1,LEO,0.709807,0.93315,0.042762,0.045808,3,0,0,0,0.598729
191,BS_0,BS,0.531895,0.818356,0.531309,0.333779,1,1,1,3,0.0
191,BS_1,BS,0.537689,0.817507,0.520475,0.600417,1,1,1,1,0.0
191,BS_2,BS,0.559906,0.83903,0.479986,0.378797,1,1,1,2,0.0
191,BS_3,BS,0.666094,0.830858,0.306324,0.254465,1,1,1,3,0.0
191,BS_4,BS,0.651231,0.837409,0.328892,0.243583,1,1,1,4,0.0
191,HAP_0,HAP,0.635392,0.883371,0.353512,0.222723,1,1,1,0,0.447989
191,HAP_1,HAP,0.828447,0.874194,0.088202,0.093745,1,1,0,4,0.787766
191,HAP_2,HAP,0.794676,0.921931,0.029821,0.097156,2,0,0,0,0.495778
191,LEO_0,LEO,0.673489,0.936865,0.295283,0.052289,1,1,1,0,1.023806
191,LEO_1,LEO,0.660349,0.939904,0.014987,0.036748,4,0,0,0,0.561325
192,BS_0,BS,0.690177,0.824314,0.270807,0.300024,1,1,1,4,0.0
192,BS_1,BS,0.622475,0.827452,0.374051,0.543295,1,1,1,1,0.0
192,BS_2,BS,0.62479,0.844534,0.370339,0.364756,1,1,1,1,0.0
192,BS_3,BS,0.645177,0.8294,0.338231,0.255052,1,1,1,4,0.0
192,BS_4,BS,0.648962,0.834986,0.332382,0.244581,1,1,1,3,0.0
192,HAP_0,HAP,0.777681,0.892635,0.151439,0.188499,1,1,1,0,0.467288
192,HAP_1,HAP,0.787496,0.87604,0.138897,0.083678,1,1,1,4,1.370074
192,HAP_2,HAP,0.725793,0.916753,0.220491,0.099602,1,1,1,0,0.827717
192,LEO_0,LEO,0.737002,0.932021,0.205165,0.060773,1,1,1,0,0.417035
192,LEO_1,LEO,0.82714,0.94239,0.089781,0.033026,1,1,0,0,0.375301
193,BS_0,BS,0.686442,0.828053,0.276234,0.274357,1,1,1,4,0.0
193,BS_1,BS,0.605314,0.832608,0.402007,0.507361,1,1,1,1,0.29277
193,BS_2,BS,0.616232,0.846982,0.384131,0.358205,1,1,1,1,0.354275
193,BS_3,BS,0.35915,0.802173,0.924016,0.588254,1,1,1,1,0.0
193,BS_4,BS,0.648611,0.833014,0.332922,0.245542,1,1,1,4,0.397874
193,HAP_0,HAP,0.893693,0.90812,0.012393,0.150868,1,1,1,0,0.531117
193,HAP_1,HAP,0.768464,0.877082,0.163362,0.078951,1,1,1,4,0.444984
193,HAP_2,HAP,0.755153,0.922864,0.080835,0.082622,2,0,0,0,0.521965
193,LEO_0,LEO,0.765184,0.936796,0.067639,0.050677,2,0,0,0,0.466231
193,LEO_1,LEO,0.785415,0.938881,0.141542,0.035436,1,1,1,0,0.713649
194,BS_0,BS,0.663611,0.828874,0.310059,0.262747,1,1,1,3,0.0
194,BS_1,BS,0.567426,0.833886,0.466645,0.50388,1,1,1,1,0.0
194,BS_2,BS,0.553272,0.844999,0.491906,0.395451,1,1,1,1,0.0
194,BS_3,BS,0.521047,0.795442,0.551916,0.607678,1,1,1,4,0.0
194,BS_4,BS,0.603563,0.828725,0.404905,0.27021,1,1,1,3,0.0
194,HAP_0,HAP,0.555118,0.884572,0.488574,0.228112,1,1,1,0,1.44513
194,HAP_1,HAP,0.727185,0.877091,0.218575,0.08466,1,1,1,3,0.38748
194,HAP_2,HAP,0.785479,0.925025,0.141462,0.075103,1,1,1,0,0.455141
194,LEO_0,LEO,0.777799,0.936852,0.151288,0.050841,1,1,1,0,0.319368
194,LEO_1,LEO,0.729049,0.935271,0.216015,0.049347,1,1,1,0,0.19573
195,BS_0,BS,0.593452,0.825673,0.421799,0.290259,1,1,1,3,0.0
195,BS_1,BS,0.700966,0.848999,0.255295,0.432433,1,1,1,0,0.244081
195,BS_2,BS,0.740815,0.858871,0.200004,0.334362,1,1,1,0,0.564187
195,BS_3,BS,0.719632,0.8086,0.229015,0.509744,1,1,1,3,0.0
195,BS_4,BS,0.655424,0.829688,0.322473,0.262963,1,1,1,2,0.394343
195,HAP_0,HAP,0.742863,0.887638,0.197244,0.199997,1,1,1,0,0.707938
195,HAP_1,HAP,0.764614,0.878902,0.168384,0.080487,1,1,1,4,0.483221
195,HAP_2,HAP,0.794222,0.933449,0.030392,0.060498,2,0,0,0,0.473938
195,LEO_0,LEO,0.81157,0.944862,0.008785,0.040708,2,0,0,0,0.423941
195,LEO_1,LEO,0.800777,0.943032,0.022173,0.039699,2,0,0,0,0.409932
196,BS_0,BS,0.708736,0.831459,0.244273,0.259058,1,1,1,3,0.0
196,BS_1,BS,0.524062,0.841267,0.546144,0.480169,1,1,1,1,0.0
196,BS_2,BS,0.479693,0.8422,0.63461,0.448718,1,1,1,2,0.0
196,BS_3,BS,0.692044,0.815992,0.268106,0.440141,1,1,1,4,0.0
196,BS_4,BS,0.709173,0.834343,0.243655,0.237086,1,1,1,3,0.0
196,HAP_0,HAP,0.626159,0.884766,0.368152,0.220988,1,1,1,0,0.20223
196,HAP_1,HAP,0.77326,0.882098,0.15714,0.075501,1,1,1,4,0.276664
196,HAP_2,HAP,0.791554,0.935537,0.133758,0.056449,1,1,1,0,0.280915
196,LEO_0,LEO,0.675329,0.929987,0.292555,0.071081,1,1,1,0,0.941369
196,LEO_1,LEO,0.718579,0.949532,0.030479,0.032177,3,0,0,0,0.286693
197,BS_0,BS,0.684934,0.833576,0.278432,0.242133,1,1,1,2,0.605662
197,BS_1,BS,0.68874,0.851327,0.272891,0.417647,1,1,1,0,0.535025
197,BS_2,BS,0.610885,0.846352,0.392846,0.428422,1,1,1,0,0.309132
197,BS_3,BS,0.661046,0.818997,0.313932,0.396462,1,1,1,3,0.0
197,BS_4,BS,0.658772,0.833474,0.317378,0.234997,1,1,1,5,0.232068
197,HAP_0,HAP,0.856064,0.899298,0.05541,0.178172,1,1,1,0,0.567443
197,HAP_1,HAP,0.793678,0.885498,0.131077,0.068132,1,1,1,4,0.429958
197,HAP_2,HAP,0.812968,0.936802,0.107063,0.050318,1,1,1,0,0.57058
197,LEO_0,LEO,0.795848,0.930742,0.128347,0.064278,1,1,1,0,0.484597
197,LEO_1,LEO,0.726129,0.939602,0.220028,0.047527,1,1,1,0,0.776138
198,BS_0,BS,0.473453,0.819696,0.647703,0.38249,1,1,1,2,0.0
198,BS_1,BS,0.551347,0.845827,0.495391,0.444553,1,1,1,1,0.0
198,BS_2,BS,0.403247,0.817988,0.808205,0.636675,1,1,1,2,0.0
198,BS_3,BS,0.642759,0.819688,0.341986,0.369799,1,1,1,4,0.0
198,BS_4,BS,0.657822,0.832658,0.318821,0.233738,1,1,1,4,0.0
198,HAP_0,HAP,0.650141,0.889621,0.330565,0.191711,1,1,1,0,1.118085
198,HAP_1,HAP,0.636177,0.872799,0.352279,0.110351,1,1,1,4,0.421747
198,HAP_2,HAP,0.656962,0.920549,0.320129,0.086371,1,1,1,0,1.080493
198,LEO_0,LEO,0.808732,0.938109,0.012287,0.05149,2,0,0,0,0.57976
198,LEO_1,LEO,0.799026,0.939924,0.124361,0.044981,1,1,1,0,0.36651
199,BS_0,BS,0.85589,0.842698,0.055613,0.307383,1,1,1,2,0.0
199,BS_1,BS,0.61443,0.84787,0.38706,0.423059,1,1,1,1,0.0
199,BS_2,BS,0.774999,0.837187,0.154893,0.520137,1,1,1,2,0.0
199,BS_3,BS,0.606558,0.819055,0.399954,0.367823,1,1,1,2,0.0
199,BS_4,BS,0.6526,0.831521,0.326791,0.235047,1,1,1,4,0.0
199,HAP_0,HAP,0.804129,0.897396,0.117996,0.159634,1,1,1,0,0.653074
199,HAP_1,HAP,0.754105,0.873976,0.182224,0.103223,1,1,1,4,0.383589
199,HAP_2,HAP,0.723528,0.917652,0.223616,0.091599,1,1,1,0,0.429145
199,LEO_0,LEO,0.627974,0.917161,0.365257,0.101228,1,1,1,0,1.282637
199,LEO_1,LEO,0.792558,0.937333,0.13249,0.043884,1,1,1,0,0.724702
200,BS_0,BS,0.652155,0.846285,0.327473,0.294164,1,1,1,1,0.377726
200,BS_1,BS,0.646462,0.853795,0.336242,0.389324,1,1,1,1,0.0
200,BS_2,BS,0.564356,0.827844,0.47207,0.516392,1,1,1,2,0.558216
200,BS_3,BS,0.700776,0.82537,0.255567,0.32365,1,1,1,3,0.0
200,BS_4,BS,0.649332,0.830308,0.33181,0.237582,1,1,1,5,0.0
200,HAP_0,HAP,0.7505,0.903816,0.087016,0.131115,2,0,0,0,0.929519
200,HAP_1,HAP,0.717373,0.870586,0.23216,0.106833,1,1,1,5,0.625099
200,HAP_2,HAP,0.749363,0.919597,0.188532,0.089274,1,1,1,0,0.26737
200,LEO_0,LEO,0.691844,0.911336,0.268395,0.113398,1,1,1,0,0.500846
200,LEO_1,LEO,0.803013,0.938234,0.119384,0.041521,1,1,1,0,0.392163
201,BS_0,BS,0.669627,0.850094,0.301034,0.276111,1,1,1,2,0.0
201,BS_1,BS,0.655018,0.857061,0.323092,0.358434,1,1,1,0,0.715599
201,BS_2,BS,0.433679,0.813812,0.735451,0.656513,1,1,1,1,0.0
201,BS_3,BS,0.667677,0.828879,0.30395,0.300493,1,1,1,3,0.0
201,BS_4,BS,0.6045,0.825045,0.403354,0.263278,1,1,1,3,0.0
201,HAP_0,HAP,0.735366,0.915145,0.007386,0.104916,3,0,0,0,0.711033
201,HAP_1,HAP,0.732069,0.868822,0.21188,0.105668,1,1,1,5,0.732916
201,HAP_2,HAP,0.75614,0.925934,0.079529,0.074266,2,0,0,0,0.541115
201,LEO_0,LEO,0.783696,0.915507,0.143734,0.100016,1,1,1,0,0.460036
201,LEO_1,LEO,0.641073,0.919915,0.344612,0.086658,1,1,1,0,1.137784
202,BS_0,BS,0.506627,0.831502,0.579981,0.372259,1,1,1,3,0.0
202,BS_1,BS,0.550872,0.848951,0.496253,0.397567,1,1,1,1,0.202389
202,BS_2,BS,0.609432,0.819096,0.395228,0.595503,1,1,1,2,0.0
202,BS_3,BS,0.699841,0.833054,0.256901,0.270094,1,1,1,4,0.0
202,BS_4,BS,0.631629,0.823469,0.359453,0.268765,1,1,1,5,0.0
202,HAP_0,HAP,0.624146,0.921329,0.071371,0.086225,4,0,0,0,0.626463
202,HAP_1,HAP,0.667398,0.861809,0.304369,0.126223,1,1,1,4,0.480882
202,HAP_2,HAP,0.698353,0.934312,0.059031,0.06098,3,0,0,0,0.237352
202,LEO_0,LEO,0.81196,0.918913,0.108304,0.085291,1,1,1,0,0.750776
202,LEO_1,LEO,0.802423,0.921564,0.120119,0.075819,1,1,1,0,0.645148
203,BS_0,BS,0.757418,0.841772,0.17784,0.312039,1,1,1,3,0.0
203,BS_1,BS,0.587577,0.848794,0.431748,0.401937,1,1,1,1,0.0
203,BS_2,BS,0.654474,0.825214,0.323924,0.523619,1,1,1,2,0.0
203,BS_3,BS,0.671496,0.833621,0.298247,0.256103,1,1,1,3,0.0
203,BS_4,BS,0.648341,0.823775,0.333339,0.265014,1,1,1,5,0.0
203,HAP_0,HAP,0.731316,0.919907,0.21291,0.089379,1,1,1,0,0.385072
203,HAP_1,HAP,0.72193,0.8631,0.225828,0.123927,1,1,1,3,0.268252
203,HAP_2,HAP,0.611792,0.936819,0.091363,0.052541,4,0,0,0,0.571299
203,LEO_0,LEO,0.705324,0.909779,0.249098,0.096155,1,1,1,0,1.125828
203,LEO_1,LEO,0.65164,0.905111,0.328263,0.109146,1,1,1,0,1.376577
204,BS_0,BS,0.694548,0.846885,0.264494,0.281112,1,1,1,2,0.0
204,BS_1,BS,0.549768,0.840281,0.498259,0.433267,1,1,1,1,0.384706
204,BS_2,BS,0.661938,0.827291,0.312583,0.462864,1,1,1,2,0.510848
204,BS_3,BS,0.653366,0.832374,0.325618,0.252595,1,1,1,4,0.0
204,BS_4,BS,0.642424,0.82347,0.342506,0.264801,1,1,1,4,0.0
204,HAP_0,HAP,0.730365,0.91484,0.214211,0.092152,1,1,1,0,0.919636
204,HAP_1,HAP,0.722955,0.864883,0.224409,0.121804,1,1,1,2,0.546077
204,HAP_2,HAP,0.809836,0.937357,0.110923,0.047569,1,1,1,0,0.551578
204,LEO_0,LEO,0.771387,0.910985,0.159565,0.088381,1,1,1,0,0.647943
204,LEO_1,LEO,0.673674,0.899353,0.295009,0.12648,1,1,1,0,0.568229
205,BS_0,BS,0.772616,0.858434,0.157974,0.23612,1,1,1,2,0.0
205,BS_1,BS,0.592017,0.842615,0.42422,0.427597,1,1,1,1,0.0
205,BS_2,BS,0.602962,0.828799,0.4059,0.444431,1,1,1,1,0.0
205,BS_3,BS,0.646027,0.830687,0.336914,0.253156,1,1,1,4,0.0
205,BS_4,BS,0.642942,0.823274,0.3417,0.264382,1,1,1,5,0.0
205,HAP_0,HAP,0.750651,0.915874,0.186815,0.089427,1,1,1,0,0.392732
205,HAP_1,HAP,0.687358,0.860986,0.274901,0.13145,1,1,1,4,0.520661
205,HAP_2,HAP,0.573336,0.910555,0.456283,0.131743,1,1,1,0,1.358177
205,LEO_0,LEO,0.802103,0.919506,0.020519,0.070895,2,0,0,0,0.824771
205,LEO_1,LEO,0.804389,0.906268,0.117673,0.107415,1,1,1,0,0.593469
206,BS_0,BS,0.68275,0.85593,0.281626,0.224587,1,1,1,2,0.774843
206,BS_1,BS,0.582769,0.844902,0.439964,0.429183,1,1,1,1,0.0
206,BS_2,BS,0.574776,0.831224,0.453775,0.448205,1,1,1,1,0.0
206,BS_3,BS,0.644854,0.829227,0.338731,0.254157,1,1,1,4,0.0
206,BS_4,BS,0.638942,0.823799,0.347942,0.265984,1,1,1,4,0.0
206,HAP_0,HAP,0.750704,0.913345,0.186744,0.087234,1,1,1,0,0.899053
206,HAP_1,HAP,0.554254,0.850327,0.490133,0.213263,1,1,1,1,0.431464
206,HAP_2,HAP,0.640784,0.902331,0.345063,0.158975,1,1,1,0,0.377291
206,LEO_0,LEO,0.691675,0.924773,0.068639,0.058836,3,0,0,0,0.637938
206,LEO_1,LEO,0.697867,0.899027,0.259727,0.116288,1,1,1,0,1.146586
207,BS_0,BS,0.756713,0.862141,0.178772,0.194051,1,1,1,2,0.0
207,BS_1,BS,0.52807,0.837828,0.538527,0.473852,1,1,1,1,0.0
207,BS_2,BS,0.630384,0.835757,0.361426,0.417347,1,1,1,2,0.0
207,BS_3,BS,0.388317,0.805532,0.845934,0.525348,1,1,1,1,0.0
207,BS_4,BS,0.540711,0.818471,0.51487,0.332079,1,1,1,3,0.0
207,HAP_0,HAP,0.751001,0.90911,0.186349,0.085414,1,1,1,0,1.094389
207,HAP_1,HAP,0.666191,0.852653,0.306179,0.212796,1,1,1,3,0.122515
207,HAP_2,HAP,0.809815,0.910428,0.11095,0.13272,1,1,1,0,0.462279
207,LEO_0,LEO,0.68617,0.919626,0.276629,0.081504,1,1,1,0,0.281391
207,LEO_1,LEO,0.641017,0.894086,0.344699,0.146498,1,1,1,0,0.296654
208,BS_0,BS,0.755009,0.865729,0.181026,0.169988,1,1,1,3,0.0
208,BS_1,BS,0.578899,0.842309,0.446628,0.468846,1,1,1,0,0.0
208,BS_2,BS,0.673399,0.841516,0.295417,0.37315,1,1,1,2,0.0
208,BS_3,BS,0.704974,0.818357,0.249594,0.448312,1,1,1,2,0.0
208,BS_4,BS,0.713784,0.827513,0.237175,0.290976,1,1,1,4,0.0
208,HAP_0,HAP,0.700284,0.90593,0.25627,0.097885,1,1,1,0,0.488127
208,HAP_1,HAP,0.738278,0.860396,0.203435,0.18886,1,1,1,3,0.289929
208,HAP_2,HAP,0.682992,0.902134,0.281273,0.141777,1,1,1,0,1.046998
208,LEO_0,LEO,0.791439,0.925252,0.133903,0.073272,1,1,1,0,0.212055
208,LEO_1,LEO,0.761335,0.90651,0.072682,0.119576,2,0,0,0,0.43838
209,BS_0,BS,0.696281,0.866174,0.262002,0.16688,1,1,1,3,0.0
209,BS_1,BS,0.468612,0.825218,0.65798,0.569898,1,1,1,1,0.64917
209,BS_2,BS,0.605176,0.835206,0.402236,0.371327,1,1,1,2,0.551877
209,BS_3,BS,0.636203,0.819333,0.352237,0.414481,1,1,1,3,0.0
209,BS_4,BS,0.672911,0.829636,0.296143,0.272246,1,1,1,5,0.0
209,HAP_0,HAP,0.758617,0.910061,0.176258,0.092288,1,1,1,0,0.363822
209,HAP_1,HAP,0.694354,0.860928,0.264774,0.182636,1,1,1,3,0.328954
209,HAP_2,HAP,0.706043,0.902055,0.248079,0.141116,1,1,1,0,0.362574
209,LEO_0,LEO,0.742365,0.930041,0.097914,0.062932,2,0,0,0,0.475324
209,LEO_1,LEO,0.714235,0.918075,0.036543,0.096262,3,0,0,0,0.507543
210,BS_0,BS,0.667737,0.866216,0.303861,0.175053,1,1,1,2,0.0
210,BS_1,BS,0.572398,0.822327,0.457921,0.55028,1,1,1,1,0.520564
210,BS_2,BS,0.581694,0.831413,0.441811,0.3849,1,1,1,1,0.520372
210,BS_3,BS,0.666129,0.822246,0.306273,0.373796,1,1,1,4,0.0
210,BS_4,BS,0.657662,0.830251,0.319064,0.263608,1,1,1,3,0.0
210,HAP_0,HAP,0.686509,0.902703,0.276136,0.108143,1,1,1,0,0.99455
210,HAP_1,HAP,0.783946,0.86856,0.143415,0.155364,1,1,1,4,0.309959
210,HAP_2,HAP,0.797592,0.914956,0.026158,0.113201,2,0,0,0,0.520683
210,LEO_0,LEO,0.727799,0.924886,0.217731,0.071678,1,1,1,0,0.65322
210,LEO_1,LEO,0.66407,0.92827,0.009367,0.077049,4,0,0,0,0.580073
211,BS_0,BS,0.803219,0.875972,0.119128,0.146429,1,1,1,3,0.0
211,BS_1,BS,0.567465,0.824739,0.466576,0.538186,1,1,1,1,0.0
211,BS_2,BS,0.572182,0.832423,0.458299,0.402437,1,1,1,1,0.0
211,BS_3,BS,0.665139,0.824362,0.307759,0.341659,1,1,1,4,0.0
211,BS_4,BS,0.673031,0.831581,0.295964,0.250304,1,1,1,5,0.0
211,HAP_0,HAP,0.804022,0.908897,0.118128,0.092794,1,1,1,0,0.552739
211,HAP_1,HAP,0.628399,0.858658,0.364579,0.184104,1,1,1,5,0.570874
211,HAP_2,HAP,0.71695,0.923997,0.03275,0.091043,3,0,0,0,0.622337
211,LEO_0,LEO,0.744869,0.927388,0.094547,0.061365,2,0,0,0,0.703916
211,LEO_1,LEO,0.873932,0.935564,0.034753,0.062183,1,1,0,0,0.480131
212,BS_0,BS,0.743158,0.878136,0.196846,0.13458,1,1,1,2,0.480368
212,BS_1,BS,0.585571,0.830452,0.435168,0.515766,1,1,1,1,0.0
212,BS_2,BS,0.604469,0.838066,0.403405,0.395181,1,1,1,1,0.0
212,BS_3,BS,0.500358,0.81419,0.592431,0.431266,1,1,1,2,0.0
212,BS_4,BS,0.63102,0.828667,0.360418,0.258699,1,1,1,4,0.0
212,HAP_0,HAP,0.774235,0.908895,0.15588,0.08517,1,1,1,0,0.954321
212,HAP_1,HAP,0.766499,0.862108,0.165922,0.159672,1,1,1,5,0.660062
212,HAP_2,HAP,0.734678,0.918063,0.208322,0.092364,1,1,1,0,0.929446
212,LEO_0,LEO,0.732895,0.935674,0.010753,0.049144,3,0,0,0,0.527675
212,LEO_1,LEO,0.763264,0.930619,0.170151,0.062774,1,1,1,0,0.828741
213,BS_0,BS,0.654543,0.870954,0.323818,0.15485,1,1,1,3,0.0
213,BS_1,BS,0.475223,0.815301,0.643972,0.599228,1,1,1,1,0.636956
213,BS_2,BS,0.411069,0.810809,0.788995,0.596275,1,1,1,2,0.328252
213,BS_3,BS,0.670758,0.819483,0.299347,0.385336,1,1,1,3,0.0
213,BS_4,BS,0.643848,0.828269,0.340293,0.259069,1,1,1,3,0.0
213,HAP_0,HAP,0.74893,0.910204,0.18911,0.084229,1,1,1,0,0.47397
213,HAP_1,HAP,0.70183,0.861108,0.254064,0.156785,1,1,1,4,0.517232
213,HAP_2,HAP,0.740275,0.917406,0.200734,0.092023,1,1,1,0,0.40911
213,LEO_0,LEO,0.657354,0.942231,0.019533,0.039487,4,0,0,0,0.502313
213,LEO_1,LEO,0.748204,0.928829,0.19008,0.066478,1,1,1,0,0.342121
214,BS_0,BS,0.750626,0.872814,0.186848,0.139591,1,1,1,3,0.0
214,BS_1,BS,0.633998,0.822187,0.35571,0.53632,1,1,1,1,0.532331
214,BS_2,BS,0.674097,0.816524,0.294382,0.516017,1,1,1,2,0.584648
214,BS_3,BS,0.695477,0.825015,0.263157,0.339432,1,1,1,4,0.0
214,BS_4,BS,0.659665,0.828805,0.316023,0.252197,1,1,1,5,0.0
214,HAP_0,HAP,0.752292,0.918221,0.084631,0.070606,2,0,0,0,0.46881
214,HAP_1,HAP,0.833268,0.870193,0.082401,0.128483,1,1,0,3,0.452371
214,HAP_2,HAP,0.770507,0.921091,0.160707,0.085241,1,1,1,0,0.273959
214,LEO_0,LEO,0.851499,0.943798,0.060757,0.033251,1,1,0,0,0.664214
214,LEO_1,LEO,0.76081,0.932728,0.073372,0.055605,2,0,0,0,0.635015
215,BS_0,BS,0.767429,0.875699,0.164709,0.123881,1,1,1,3,0.0
215,BS_1,BS,0.687499,0.834274,0.274695,0.463012,1,1,1,0,0.656422
215,BS_2,BS,0.606205,0.820952,0.400536,0.485007,1,1,1,1,0.0
215,BS_3,BS,0.667654,0.826817,0.303985,0.313129,1,1,1,4,0.0
215,BS_4,BS,0.647514,0.827997,0.334615,0.252143,1,1,1,4,0.0
215,HAP_0,HAP,0.701134,0.925966,0.055056,0.057849,3,0,0,0,0.541816
215,HAP_1,HAP,0.753096,0.870391,0.183562,0.117949,1,1,1,4,0.910066
215,HAP_2,HAP,0.761114,0.920226,0.172972,0.081656,1,1,1,0,0.703756
215,LEO_0,LEO,0.745334,0.934336,0.193923,0.043523,1,1,1,0,0.974927
215,LEO_1,LEO,0.681566,0.935098,0.083362,0.047611,3,0,0,0,0.611976
216,BS_0,BS,0.704394,0.871,0.250418,0.127324,1,1,1,3,0.220532
216,BS_1,BS,0.504799,0.823383,0.583596,0.523672,1,1,1,1,0.206764
216,BS_2,BS,0.756278,0.838018,0.179346,0.40248,1,1,1,2,0.0
216,BS_3,BS,0.654197,0.827001,0.324347,0.297844,1,1,1,4,0.0
216,BS_4,BS,0.651242,0.827671,0.328873,0.250385,1,1,1,5,0.0
216,HAP_0,HAP,0.645396,0.932935,0.037891,0.046925,4,0,0,0,0.56291
216,HAP_1,HAP,0.725258,0.870138,0.221228,0.116383,1,1,1,3,0.424823
216,HAP_2,HAP,0.750032,0.926487,0.087639,0.068781,2,0,0,0,0.397651
216,LEO_0,LEO,0.792198,0.9375,0.032944,0.035307,2,0,0,0,0.772271
216,LEO_1,LEO,0.655826,0.941607,0.02186,0.038304,4,0,0,0,0.492913
217,BS_0,BS,0.672376,0.864077,0.296937,0.141536,1,1,1,2,0.351724
217,BS_1,BS,0.652416,0.83117,0.327072,0.467077,1,1,1,1,0.485129
217,BS_2,BS,0.680436,0.841392,0.285022,0.358541,1,1,1,1,0.535165
217,BS_3,BS,0.62628,0.826096,0.367958,0.299202,1,1,1,4,0.0
217,BS_4,BS,0.648243,0.827129,0.333489,0.250355,1,1,1,4,0.745949
217,HAP_0,HAP,0.853607,0.937592,0.058284,0.039069,1,1,0,0,0.518237
217,HAP_1,HAP,0.7453,0.872981,0.193969,0.110037,1,1,1,3,0.425108
217,HAP_2,HAP,0.693958,0.93054,0.065343,0.056946,3,0,0,0,0.73033
217,LEO_0,LEO,0.782128,0.934956,0.145737,0.037803,1,1,1,0,0.587683
217,LEO_1,LEO,0.82114,0.941174,0.097062,0.034883,1,1,0,0,0.65698
218,BS_0,BS,0.704934,0.861301,0.24965,0.141275,1,1,1,3,0.0
218,BS_1,BS,0.548769,0.822875,0.500078,0.486197,1,1,1,1,0.755444
218,BS_2,BS,0.73762,0.850804,0.204327,0.30562,1,1,1,2,0.0
218,BS_3,BS,0.697914,0.831557,0.259659,0.269702,1,1,1,3,0.0
218,BS_4,BS,0.578034,0.822981,0.448123,0.29065,1,1,1,4,0.0
218,HAP_0,HAP,0.774692,0.940493,0.055289,0.032631,2,0,0,0,0.651408
218,HAP_1,HAP,0.689325,0.872844,0.272042,0.121333,1,1,1,3,0.314869
218,HAP_2,HAP,0.633599,0.936147,0.056338,0.046985,4,0,0,0,0.444809
218,LEO_0,LEO,0.788343,0.938391,0.037822,0.030886,2,0,0,0,0.755548
218,LEO_1,LEO,0.767185,0.944017,0.065027,0.029809,2,0,0,0,0.470455
219,BS_0,BS,0.611096,0.853526,0.392501,0.182346,1,1,1,3,0.0
219,BS_1,BS,0.589439,0.818419,0.428584,0.471615,1,1,1,1,0.67163
219,BS_2,BS,0.662836,0.854186,0.311227,0.288084,1,1,1,1,0.312893
219,BS_3,BS,0.69037,0.834266,0.270528,0.248695,1,1,1,4,0.0
219,BS_4,BS,0.705458,0.829084,0.248907,0.2604,1,1,1,3,0.559629
219,HAP_0,HAP,0.774322,0.939951,0.155768,0.037023,1,1,1,0,0.230571
219,HAP_1,HAP,0.597298,0.859511,0.415339,0.174694,1,1,1,4,0.673078
219,HAP_2,HAP,0.814739,0.938448,0.104888,0.042539,1,1,1,0,0.39941
219,LEO_0,LEO,0.818652,0.939472,0.100096,0.029218,1,1,1,0,0.471838
219,LEO_1,LEO,0.804842,0.943947,0.117109,0.030019,1,1,1,0,0.404467
220,BS_0,BS,0.723668,0.858134,0.223422,0.16834,1,1,1,2,0.0
220,BS_1,BS,0.484134,0.811944,0.625393,0.553295,1,1,1,1,0.0
220,BS_2,BS,0.565171,0.843928,0.470627,0.330137,1,1,1,2,0.0
220,BS_3,BS,0.661668,0.833684,0.312991,0.243039,1,1,1,4,0.0
220,BS_4,BS,0.69004,0.832133,0.271006,0.24137,1,1,1,4,0.79774
220,HAP_0,HAP,0.774006,0.945869,0.056176,0.031039,2,0,0,0,0.262801
220,HAP_1,HAP,0.730428,0.860031,0.214125,0.160388,1,1,1,4,0.446965
220,HAP_2,HAP,0.712227,0.928316,0.239359,0.059813,1,1,1,0,0.905746
220,LEO_0,LEO,0.772741,0.941706,0.057812,0.024878,2,0,0,0,0.669491
220,LEO_1,LEO,0.801446,0.941466,0.121338,0.03064,1,1,1,0,0.695422
221,BS_0,BS,0.726486,0.859176,0.219536,0.15636,1,1,1,2,0.441853
221,BS_1,BS,0.595543,0.820383,0.418282,0.521368,1,1,1,1,0.0
221,BS_2,BS,0.781649,0.854687,0.146349,0.273748,1,1,1,2,0.0
221,BS_3,BS,0.653201,0.832405,0.32587,0.242218,1,1,1,4,0.0
221,BS_4,BS,0.66338,0.832107,0.310407,0.236455,1,1,1,4,0.0
221,HAP_0,HAP,0.718035,0.935788,0.231237,0.048893,1,1,1,0,0.811083
221,HAP_1,HAP,0.602543,0.85325,0.406597,0.202705,1,1,1,2,0.532057
221,HAP_2,HAP,0.809095,0.930257,0.111839,0.053479,1,1,1,0,0.508662
221,LEO_0,LEO,0.708093,0.94444,0.04518,0.020821,3,0,0,0,0.616619
221,LEO_1,LEO,0.762041,0.934244,0.171755,0.037787,1,1,1,0,0.917676
222,BS_0,BS,0.710512,0.858003,0.241769,0.151391,1,1,1,3,0.0
222,BS_1,BS,0.558128,0.820198,0.483167,0.522147,1,1,1,1,0.0
222,BS_2,BS,0.50722,0.842133,0.57881,0.369758,1,1,1,1,0.364115
222,BS_3,BS,0.64978,0.831059,0.331122,0.243113,1,1,1,4,0.0
222,BS_4,BS,0.65136,0.830969,0.328693,0.237781,1,1,1,4,0.0
222,HAP_0,HAP,0.794073,0.940915,0.03058,0.039535,2,0,0,0,0.559251
222,HAP_1,HAP,0.513105,0.834488,0.567275,0.306974,1,1,1,5,0.314761
222,HAP_2,HAP,0.682933,0.917083,0.281358,0.078406,1,1,1,0,1.13804
222,LEO_0,LEO,0.61708,0.946292,0.082757,0.019739,4,0,0,0,0.381473
222,LEO_1,LEO,0.779395,0.932571,0.149237,0.040252,1,1,1,0,0.51814
223,BS_0,BS,0.703676,0.85635,0.251437,0.149563,1,1,1,3,0.787819
223,BS_1,BS,0.656331,0.827073,0.32109,0.464112,1,1,1,1,0.36324
223,BS_2,BS,0.468629,0.820852,0.657943,0.490606,1,1,1,2,0.744318
223,BS_3,BS,0.646732,0.82988,0.335823,0.24524,1,1,1,3,0.0
223,BS_4,BS,0.647702,0.829717,0.334325,0.240523,1,1,1,4,0.204947
223,HAP_0,HAP,0.734278,0.945993,0.008868,0.031663,3,0,0,0,0.628772
223,HAP_1,HAP,0.713746,0.838931,0.237228,0.270904,1,1,1,4,0.696064
223,HAP_2,HAP,0.710097,0.913363,0.242354,0.089156,1,1,1,0,0.46422
223,LEO_0,LEO,0.896388,0.950794,0.009382,0.015831,1,1,0,0,0.60221
223,LEO_1,LEO,0.75246,0.933409,0.084407,0.035408,2,0,0,0,0.801214
224,BS_0,BS,0.637798,0.849102,0.349733,0.174691,1,1,1,1,0.786716
224,BS_1,BS,0.500301,0.821958,0.592545,0.529289,1,1,1,0,0.272916
224,BS_2,BS,0.814505,0.837086,0.105175,0.397463,1,1,1,2,0.260167
224,BS_3,BS,0.649732,0.829068,0.331196,0.245553,1,1,1,3,0.0
224,BS_4,BS,0.64773,0.828717,0.334281,0.242703,1,1,1,4,0.0
224,HAP_0,HAP,0.816712,0.945844,0.102469,0.030056,1,1,1,0,0.445129
224,HAP_1,HAP,0.787022,0.84846,0.139499,0.22548,1,1,1,3,0.722083
224,HAP_2,HAP,0.763557,0.916562,0.169768,0.084294,1,1,1,0,0.348772
224,LEO_0,LEO,0.763238,0.949723,0.070186,0.014881,2,0,0,0,0.695738
224,LEO_1,LEO,0.794155,0.930624,0.130477,0.035987,1,1,1,0,0.844748
225,BS_0,BS,0.66835,0.846107,0.302943,0.181051,1,1,1,3,0.0
225,BS_1,BS,0.636157,0.835599,0.352309,0.479286,1,1,1,0,0.0
225,BS_2,BS,0.687491,0.841793,0.274706,0.351929,1,1,1,2,0.449076
225,BS_3,BS,0.649003,0.828323,0.332318,0.246138,1,1,1,3,0.0
225,BS_4,BS,0.642565,0.827436,0.342287,0.246885,1,1,1,5,0.0
225,HAP_0,HAP,0.744223,0.93691,0.195414,0.041228,1,1,1,0,0.885057
225,HAP_1,HAP,0.749025,0.85301,0.188983,0.196456,1,1,1,5,0.481514
225,HAP_2,HAP,0.777001,0.926443,0.052313,0.068667,2,0,0,0,0.359834
225,LEO_0,LEO,0.739591,0.954006,0.001657,0.011906,3,0,0,0,0.541632
225,LEO_1,LEO,0.778793,0.929865,0.15001,0.038916,1,1,1,0,0.497275
226,BS_0,BS,0.465332,0.8296,0.665004,0.343845,1,1,1,1,0.0
226,BS_1,BS,0.838875,0.861581,0.075693,0.386007,1,1,1,0,0.273866
226,BS_2,BS,0.696958,0.843494,0.26103,0.312204,1,1,1,2,0.436279
226,BS_3,BS,0.635773,0.826485,0.352914,0.252957,1,1,1,4,0.0
226,BS_4,BS,0.647052,0.826829,0.335329,0.248108,1,1,1,4,0.0
226,HAP_0,HAP,0.74302,0.937707,0.097033,0.03722,2,0,0,0,0.548874
226,HAP_1,HAP,0.672783,0.849745,0.296333,0.19668,1,1,1,5,0.528788
226,HAP_2,HAP,0.736556,0.93627,0.00577,0.054948,3,0,0,0,0.475625
226,LEO_0,LEO,0.624294,0.952221,0.071133,0.011802,4,0,0,0,0.697597
226,LEO_1,LEO,0.767232,0.932936,0.064967,0.033032,2,0,0,0,0.74138
227,BS_0,BS,0.659173,0.839156,0.316769,0.32023,1,1,1,1,0.0
227,BS_1,BS,0.600162,0.856253,0.410556,0.384656,1,1,1,0,0.988293
227,BS_2,BS,0.739009,0.850428,0.202445,0.268206,1,1,1,3,0.0
227,BS_3,BS,0.635081,0.824948,0.354002,0.258759,1,1,1,3,0.0
227,BS_4,BS,0.647926,0.826425,0.333979,0.248681,1,1,1,4,0.0
227,HAP_0,HAP,0.815285,0.934894,0.104218,0.034663,1,1,1,0,0.977262
227,HAP_1,HAP,0.71851,0.851116,0.230576,0.181269,1,1,1,4,0.547443
227,HAP_2,HAP,0.778351,0.933271,0.150578,0.054162,1,1,1,0,0.72536
227,LEO_0,LEO,0.826911,0.952076,0.090059,0.013091,1,1,0,0,0.369308
227,LEO_1,LEO,0.8036,0.931367,0.118654,0.032761,1,1,1,0,0.80643
228,BS_0,BS,0.616175,0.839214,0.384224,0.322616,1,1,1,2,0.0
228,BS_1,BS,0.865291,0.875842,0.044689,0.308623,1,1,1,0,0.600504
228,BS_2,BS,0.808304,0.861189,0.112817,0.220293,1,1,1,3,0.0
228,BS_3,BS,0.606659,0.823061,0.399788,0.278931,1,1,1,3,0.0
228,BS_4,BS,0.648034,0.826111,0.333812,0.249088,1,1,1,6,0.0
228,HAP_0,HAP,0.681399,0.926448,0.283607,0.063926,1,1,1,0,0.330948
228,HAP_1,HAP,0.779786,0.863401,0.048736,0.146084,2,0,0,4,0.408743
228,HAP_2,HAP,0.809625,0.939519,0.011184,0.043386,2,0,0,0,0.63556
228,LEO_0,LEO,0.772067,0.945192,0.158684,0.021804,1,1,1,0,0.761061
228,LEO_1,LEO,0.759054,0.934181,0.075682,0.028786,2,0,0,0,0.599898
229,BS_0,BS,0.625808,0.837043,0.368712,0.31927,1,1,1,2,0.0
229,BS_1,BS,0.806908,0.88547,0.114545,0.252803,1,1,1,0,0.879407
229,BS_2,BS,0.736574,0.86213,0.205745,0.195283,1,1,1,3,0.279353
229,BS_3,BS,0.666725,0.82834,0.305378,0.26511,1,1,1,3,0.0
229,BS_4,BS,0.645445,0.82562,0.337815,0.250624,1,1,1,5,0.0
229,HAP_0,HAP,0.814011,0.935596,0.005782,0.051155,2,0,0,0,0.540629
229,HAP_1,HAP,0.842929,0.871555,0.070872,0.119127,1,1,1,4,0.511034
229,HAP_2,HAP,0.781331,0.93435,0.146756,0.0444,1,1,1,0,0.896856
229,LEO_0,LEO,0.816139,0.941944,0.103171,0.022233,1,1,1,0,0.828738
229,LEO_1,LEO,0.718214,0.929443,0.230987,0.047039,1,1,1,0,0.345982
230,BS_0,BS,0.809291,0.851218,0.111597,0.26102,1,1,1,2,0.0
230,BS_1,BS,0.699738,0.888821,0.257049,0.231976,1,1,1,0,0.308198
230,BS_2,BS,0.699153,0.859335,0.257886,0.186154,1,1,1,3,0.558725
230,BS_3,BS,0.724327,0.835445,0.222512,0.234368,1,1,1,3,0.0
230,BS_4,BS,0.644216,0.825113,0.33972,0.252434,1,1,1,6,0.0
230,HAP_0,HAP,0.800228,0.933961,0.122858,0.047717,1,1,1,0,0.762727
230,HAP_1,HAP,0.751003,0.871336,0.186346,0.110928,1,1,1,4,0.660818
230,HAP_2,HAP,0.794877,0.933629,0.129567,0.043075,1,1,1,0,0.548044
230,LEO_0,LEO,0.769077,0.943029,0.062565,0.019548,2,0,0,0,0.645953
230,LEO_1,LEO,0.760801,0.933316,0.073383,0.040054,2,0,0,0,0.628435
231,BS_0,BS,0.60573,0.847288,0.401321,0.281293,1,1,1,1,0.417092
231,BS_1,BS,0.832729,0.902417,0.083047,0.188684,1,1,1,0,0.353862
231,BS_2,BS,0.765284,0.86263,0.167508,0.16155,1,1,1,2,0.238852
231,BS_3,BS,0.695707,0.837811,0.262827,0.218579,1,1,1,4,0.0
231,BS_4,BS,0.646835,0.82495,0.335664,0.252649,1,1,1,6,0.0
231,HAP_0,HAP,0.789295,0.930146,0.136615,0.046572,1,1,1,0,0.924569
231,HAP_1,HAP,0.771755,0.874926,0.159088,0.100131,1,1,1,4,0.328859
231,HAP_2,HAP,0.792441,0.93447,0.132638,0.042377,1,1,1,0,0.407531
231,LEO_0,LEO,0.802301,0.941301,0.120272,0.022148,1,1,1,0,0.568952
231,LEO_1,LEO,0.690167,0.936606,0.070822,0.034301,3,0,0,0,0.57879
232,BS_0,BS,0.701384,0.855083,0.254699,0.254226,1,1,1,1,0.0
232,BS_1,BS,0.866621,0.916085,0.043153,0.151785,1,1,1,0,0.315956
232,BS_2,BS,0.777042,0.86601,0.152261,0.139672,1,1,1,3,0.490837
232,BS_3,BS,0.666327,0.836936,0.305975,0.216993,1,1,1,4,0.0
232,BS_4,BS,0.644257,0.824581,0.339657,0.254034,1,1,1,5,0.0
232,HAP_0,HAP,0.815645,0.931031,0.103777,0.042104,1,1,1,0,0.636741
232,HAP_1,HAP,0.758231,0.874816,0.176767,0.094166,1,1,1,4,0.621001
232,HAP_2,HAP,0.815617,0.942416,0.00381,0.033908,2,0,0,0,0.504436
232,LEO_0,LEO,0.809792,0.945951,0.010978,0.017773,2,0,0,0,0.656277
232,LEO_1,LEO,0.79188,0.934548,0.133346,0.035442,1,1,1,0,0.696982
233,BS_0,BS,0.57329,0.843191,0.456364,0.297102,1,1,1,2,0.660863
233,BS_1,BS,0.795264,0.928171,0.029081,0.121809,2,0,0,0,0.287565
233,BS_2,BS,0.723243,0.864376,0.22401,0.134319,1,1,1,3,0.733143
233,BS_3,BS,0.592852,0.832139,0.422811,0.25404,1,1,1,3,0.0
233,BS_4,BS,0.636174,0.823528,0.352283,0.259074,1,1,1,6,0.0
233,HAP_0,HAP,0.746371,0.928991,0.192533,0.050364,1,1,1,0,0.36382
233,HAP_1,HAP,0.801859,0.877836,0.120822,0.081902,1,1,1,3,0.67966
233,HAP_2,HAP,0.776748,0.937612,0.15264,0.037611,1,1,1,0,0.772115
233,LEO_0,LEO,0.71407,0.947736,0.036774,0.014827,3,0,0,0,0.691507
233,LEO_1,LEO,0.79517,0.939114,0.029199,0.028737,2,0,0,0,0.678279
234,BS_0,BS,0.689528,0.849506,0.271747,0.270912,1,1,1,1,0.0
234,BS_1,BS,0.753464,0.925418,0.183074,0.112529,1,1,1,0,0.693025
234,BS_2,BS,0.675771,0.858989,0.2919,0.145798,1,1,1,3,0.781854
234,BS_3,BS,0.670121,0.837672,0.300296,0.243812,1,1,1,3,0.0
234,BS_4,BS,0.641418,0.823178,0.344074,0.260533,1,1,1,6,0.0
234,HAP_0,HAP,0.77354,0.935778,0.056778,0.041742,2,0,0,0,0.393979
234,HAP_1,HAP,0.751055,0.876139,0.186276,0.081136,1,1,1,4,0.793213
234,HAP_2,HAP,0.764026,0.935772,0.169154,0.042965,1,1,1,0,0.3419
234,LEO_0,LEO,0.667889,0.951759,0.003633,0.011867,4,0,0,0,0.606071
234,LEO_1,LEO,0.731151,0.944364,0.013135,0.023067,3,0,0,0,0.597953
235,BS_0,BS,0.769136,0.861779,0.162487,0.228611,1,1,1,1,0.0
235,BS_1,BS,0.794308,0.924977,0.130284,0.097662,1,1,1,0,0.789096
235,BS_2,BS,0.648139,0.852172,0.333651,0.166733,1,1,1,3,0.755468
235,BS_3,BS,0.647167,0.836025,0.335151,0.245597,1,1,1,4,0.0
235,BS_4,BS,0.648093,0.823519,0.333721,0.258543,1,1,1,6,0.395218
235,HAP_0,HAP,0.684382,0.937819,0.079238,0.036219,3,0,0,0,0.65586
235,HAP_1,HAP,0.853073,0.882386,0.058911,0.066471,1,1,1,4,0.469576
235,HAP_2,HAP,0.80786,0.94294,0.013366,0.034452,2,0,0,0,0.505275
235,LEO_0,LEO,0.874087,0.952547,0.034575,0.010032,1,1,0,0,0.692864
235,LEO_1,LEO,0.667816,0.948876,0.003742,0.01846,4,0,0,0,0.645473
236,BS_0,BS,0.659821,0.859056,0.315786,0.227763,1,1,1,1,0.791038
236,BS_1,BS,0.781457,0.926236,0.146596,0.0878,1,1,1,0,0.430246
236,BS_2,BS,0.583655,0.843494,0.438446,0.219892,1,1,1,3,0.0
236,BS_3,BS,0.696183,0.83829,0.262143,0.227401,1,1,1,4,0.0
236,BS_4,BS,0.64618,0.823614,0.336678,0.257843,1,1,1,6,0.0
236,HAP_0,HAP,0.635945,0.943026,0.052643,0.030222,4,0,0,0,0.357576
236,HAP_1,HAP,0.774542,0.881582,0.155483,0.064055,1,1,1,3,0.744672
236,HAP_2,HAP,0.740893,0.934684,0.199899,0.045543,1,1,1,0,0.837326
236,LEO_0,LEO,0.753441,0.941623,0.183104,0.023113,1,1,1,0,1.00889
236,LEO_1,LEO,0.86016,0.950486,0.050637,0.015922,1,1,0,0,0.537184
237,BS_0,BS,0.558678,0.84602,0.482181,0.286835,1,1,1,2,0.0
237,BS_1,BS,0.781941,0.932151,0.045977,0.071191,2,0,0,0,0.63617
237,BS_2,BS,0.709919,0.845851,0.242604,0.202399,1,1,1,3,0.0
237,BS_3,BS,0.661588,0.836885,0.313113,0.226039,1,1,1,3,0.0
237,BS_4,BS,0.647862,0.823847,0.334078,0.256498,1,1,1,6,0.0
237,HAP_0,HAP,0.8344,0.945914,0.081043,0.027133,1,1,0,0,0.353783
237,HAP_1,HAP,0.741781,0.884344,0.098701,0.055628,2,0,0,4,0.666622
237,HAP_2,HAP,0.783345,0.934185,0.144183,0.04579,1,1,1,0,0.422072
237,LEO_0,LEO,0.783193,0.937923,0.144376,0.02787,1,1,1,0,0.603451
237,LEO_1,LEO,0.706203,0.936073,0.247853,0.040382,1,1,1,0,1.041289
238,BS_0,BS,0.583249,0.84394,0.439141,0.316248,1,1,1,2,0.0
238,BS_1,BS,0.682131,0.934141,0.082533,0.060018,3,0,0,0,0.676478
238,BS_2,BS,0.473404,0.826357,0.647807,0.350764,1,1,1,1,0.727905
238,BS_3,BS,0.653579,0.835295,0.325291,0.228447,1,1,1,3,0.0
238,BS_4,BS,0.631757,0.822522,0.359251,0.263276,1,1,1,5,0.0
238,HAP_0,HAP,0.572041,0.918453,0.458545,0.116326,1,1,1,0,1.254596
238,HAP_1,HAP,0.806803,0.885594,0.114676,0.05042,1,1,1,3,0.528905
238,HAP_2,HAP,0.773703,0.937762,0.056567,0.038072,2,0,0,0,0.651264
238,LEO_0,LEO,0.81254,0.942623,0.007591,0.022322,2,0,0,0,0.739698
238,LEO_1,LEO,0.745939,0.931466,0.193111,0.049087,1,1,1,0,0.489518
239,BS_0,BS,0.570035,0.835848,0.462057,0.349072,1,1,1,3,0.0
239,BS_1,BS,0.690083,0.929731,0.270944,0.081049,1,1,1,0,0.0
239,BS_2,BS,0.686707,0.835687,0.275847,0.314852,1,1,1,2,0.0
239,BS_3,BS,0.654408,0.833855,0.324025,0.230004,1,1,1,4,0.0
239,BS_4,BS,0.646137,0.822813,0.336744,0.261649,1,1,1,4,0.0
239,HAP_0,HAP,0.685568,0.912885,0.277508,0.127715,1,1,1,0,0.384282
239,HAP_1,HAP,0.799702,0.886065,0.123517,0.047202,1,1,1,4,1.120715
239,HAP_2,HAP,0.747749,0.936285,0.190688,0.04682,1,1,1,0,0.155635
239,LEO_0,LEO,0.704332,0.943164,0.050505,0.019005,3,0,0,0,0.806487
239,LEO_1,LEO,0.744286,0.929998,0.19533,0.056438,1,1,1,0,0.286698
240,BS_0,BS,0.642461,0.833815,0.34245,0.33203,1,1,1,3,0.0
240,BS_1,BS,0.696231,0.921991,0.262074,0.095747,1,1,1,0,0.725547
240,BS_2,BS,0.769223,0.849,0.162374,0.263746,1,1,1,2,0.214387
240,BS_3,BS,0.450147,0.816676,0.698182,0.403359,1,1,1,2,0.0
240,BS_4,BS,0.642537,0.822711,0.342331,0.262055,1,1,1,6,0.0
240,HAP_0,HAP,0.785049,0.917857,0.14201,0.111247,1,1,1,0,0.360536
240,HAP_1,HAP,0.782064,0.885517,0.145818,0.04733,1,1,1,3,0.686989
240,HAP_2,HAP,0.701763,0.92691,0.25416,0.066525,1,1,1,0,0.796413
240,LEO_0,LEO,0.611625,0.943261,0.091636,0.018983,4,0,0,0,0.52388
240,LEO_1,LEO,0.749653,0.925847,0.188145,0.06108,1,1,1,0,0.771483
241,BS_0,BS,0.51112,0.824628,0.571151,0.41242,1,1,1,2,0.0
241,BS_1,BS,0.800874,0.930655,0.022051,0.076816,2,0,0,0,0.550017
241,BS_2,BS,0.66189,0.847053,0.312656,0.254986,1,1,1,1,0.793306
241,BS_3,BS,0.608667,0.815848,0.396484,0.393427,1,1,1,4,0.0
241,BS_4,BS,0.643084,0.82268,0.34148,0.262118,1,1,1,5,0.0
241,HAP_0,HAP,0.764511,0.917291,0.16852,0.101777,1,1,1,0,0.762204
241,HAP_1,HAP,0.759619,0.884105,0.174939,0.051635,1,1,1,4,0.338724
241,HAP_2,HAP,0.768536,0.932575,0.063268,0.055021,2,0,0,0,0.472864
241,LEO_0,LEO,0.833766,0.943781,0.081803,0.018198,1,1,0,0,0.595621
241,LEO_1,LEO,0.789478,0.932742,0.036383,0.04946,2,0,0,0,0.547506
242,BS_0,BS,0.594966,0.829688,0.419251,0.409033,1,1,1,1,0.0
242,BS_1,BS,0.696759,0.934642,0.061316,0.063145,3,0,0,0,0.635025
242,BS_2,BS,0.673748,0.849364,0.294899,0.243123,1,1,1,2,0.0
242,BS_3,BS,0.697022,0.822281,0.260938,0.345382,1,1,1,4,0.0
242,BS_4,BS,0.648098,0.823121,0.333714,0.259808,1,1,1,6,0.0
242,HAP_0,HAP,0.765836,0.922446,0.066787,0.083429,2,0,0,0,0.750388
242,HAP_1,HAP,0.843175,0.888286,0.07058,0.04355,1,1,0,4,0.627415
242,HAP_2,HAP,0.812855,0.935131,0.107202,0.049188,1,1,1,0,0.433276
242,LEO_0,LEO,0.777544,0.944989,0.051616,0.015757,2,0,0,0,0.719389
242,LEO_1,LEO,0.728246,0.938612,0.017116,0.0397,3,0,0,0,0.675571
243,BS_0,BS,0.673535,0.840319,0.295215,0.366445,1,1,1,1,0.0
243,BS_1,BS,0.628192,0.93951,0.064909,0.052412,4,0,0,0,0.383628
243,BS_2,BS,0.596446,0.848587,0.416766,0.272661,1,1,1,2,0.0
243,BS_3,BS,0.637764,0.82189,0.349786,0.331363,1,1,1,3,0.0
243,BS_4,BS,0.647851,0.823451,0.334094,0.258075,1,1,1,6,0.0
243,HAP_0,HAP,0.743159,0.922721,0.196846,0.08418,1,1,1,0,0.243672
243,HAP_1,HAP,0.783455,0.893034,0.044042,0.035713,2,0,0,4,0.84011
243,HAP_2,HAP,0.76228,0.930427,0.171441,0.052577,1,1,1,0,0.811404
243,LEO_0,LEO,0.816777,0.942147,0.102389,0.017323,1,1,1,0,0.789098
243,LEO_1,LEO,0.638982,0.942437,0.047879,0.032791,4,0,0,0,0.533644
244,BS_0,BS,0.626674,0.842402,0.367329,0.353875,1,1,1,3,0.0
244,BS_1,BS,0.673844,0.93306,0.294756,0.081026,1,1,1,0,0.0
244,BS_2,BS,0.503737,0.831559,0.585701,0.372499,1,1,1,2,0.0
244,BS_3,BS,0.603605,0.818232,0.404835,0.338842,1,1,1,5,0.0
244,BS_4,BS,0.647773,0.823708,0.334215,0.256725,1,1,1,6,0.0
244,HAP_0,HAP,0.777916,0.930325,0.051136,0.068521,2,0,0,0,0.512232
244,HAP_1,HAP,0.840614,0.895019,0.073623,0.031009,1,1,0,4,0.756625
244,HAP_2,HAP,0.754389,0.933782,0.081847,0.045076,2,0,0,0,0.521319
244,LEO_0,LEO,0.787854,0.935941,0.138443,0.022483,1,1,1,0,0.991242
244,LEO_1,LEO,0.749522,0.939176,0.18832,0.042192,1,1,1,0,0.29469
245,BS_0,BS,0.485887,0.823052,0.62178,0.457074,1,1,1,3,0.0
245,BS_1,BS,0.791978,0.942211,0.033221,0.065317,2,0,0,0,0.259016
245,BS_2,BS,0.828416,0.849463,0.08824,0.301503,1,1,1,2,0.0
245,BS_3,BS,0.604226,0.817638,0.403807,0.344451,1,1,1,4,0.0
245,BS_4,BS,0.648161,0.823949,0.333617,0.255465,1,1,1,5,0.0
245,HAP_0,HAP,0.811036,0.932036,0.109443,0.060206,1,1,1,0,0.587617
245,HAP_1,HAP,0.746607,0.895484,0.092217,0.028634,2,0,0,4,0.947363
245,HAP_2,HAP,0.697007,0.935578,0.060959,0.037733,3,0,0,0,0.832632
245,LEO_0,LEO,0.792316,0.938223,0.032794,0.018471,2,0,0,0,0.8336
245,LEO_1,LEO,0.805942,0.938622,0.115743,0.039782,1,1,1,0,0.634994
246,BS_0,BS,0.554571,0.821625,0.48956,0.473511,1,1,1,2,0.0
246,BS_1,BS,0.80031,0.942816,0.122757,0.059035,1,1,1,0,0.39233
246,BS_2,BS,0.729192,0.854499,0.215818,0.262162,1,1,1,1,0.53777
246,BS_3,BS,0.706204,0.824695,0.247851,0.303204,1,1,1,4,0.0
246,BS_4,BS,0.643444,0.823704,0.34092,0.256674,1,1,1,5,0.0
246,HAP_0,HAP,0.7465,0.933373,0.09236,0.052004,2,0,0,0,0.697886
246,HAP_1,HAP,0.835361,0.896594,0.079892,0.02578,1,1,1,4,0.526594
246,HAP_2,HAP,0.798908,0.935983,0.12451,0.037163,1,1,1,0,0.431325
246,LEO_0,LEO,0.81393,0.936759,0.105881,0.019821,1,1,1,0,0.719244
246,LEO_1,LEO,0.778744,0.934215,0.150072,0.04196,1,1,1,0,0.815448
247,BS_0,BS,0.554709,0.814452,0.489312,0.486551,1,1,1,3,0.0
247,BS_1,BS,0.746104,0.936566,0.19289,0.063971,1,1,1,0,0.67439
247,BS_2,BS,0.680453,0.852075,0.284996,0.24628,1,1,1,2,0.715224
247,BS_3,BS,0.675669,0.828544,0.292052,0.280946,1,1,1,4,0.0
247,BS_4,BS,0.647548,0.82389,0.334562,0.255709,1,1,1,5,0.0
247,HAP_0,HAP,0.794936,0.935542,0.129493,0.049149,1,1,1,0,0.255484
247,HAP_1,HAP,0.726467,0.889954,0.219562,0.042317,1,1,1,3,0.630144
247,HAP_2,HAP,0.758106,0.939942,0.076932,0.032394,2,0,0,0,0.40332
247,LEO_0,LEO,0.776911,0.939263,0.052429,0.017094,2,0,0,0,0.688052
247,LEO_1,LEO,0.778011,0.936317,0.051014,0.034739,2,0,0,0,0.807226
248,BS_0,BS,0.592175,0.815062,0.423953,0.470122,1,1,1,2,0.520045
248,BS_1,BS,0.816374,0.939089,0.102883,0.05594,1,1,1,0,0.346023
248,BS_2,BS,0.697338,0.854535,0.260485,0.227558,1,1,1,2,0.384165
248,BS_3,BS,0.661569,0.831872,0.31314,0.268882,1,1,1,2,0.0
248,BS_4,BS,0.645452,0.823844,0.337804,0.255917,1,1,1,4,0.438968
248,HAP_0,HAP,0.779231,0.94095,0.049448,0.040419,2,0,0,0,0.479954
248,HAP_1,HAP,0.604667,0.878614,0.403078,0.106966,1,1,1,2,0.243302
248,HAP_2,HAP,0.812079,0.938459,0.108158,0.031179,1,1,1,0,0.769875
248,LEO_0,LEO,0.681727,0.939886,0.083126,0.016785,3,0,0,0,0.642216
248,LEO_1,LEO,0.689541,0.938598,0.071728,0.030107,3,0,0,0,0.569209
249,BS_0,BS,0.641878,0.818268,0.343357,0.42915,1,1,1,3,0.0
249,BS_1,BS,0.724444,0.930296,0.22235,0.067,1,1,1,0,0.854559
249,BS_2,BS,0.618834,0.853872,0.379918,0.246998,1,1,1,2,0.0
249,BS_3,BS,0.69934,0.835605,0.257618,0.244971,1,1,1,4,0.0
249,BS_4,BS,0.63844,0.823151,0.348727,0.259458,1,1,1,5,0.0
249,HAP_0,HAP,0.725063,0.947372,0.021497,0.032543,3,0,0,0,0.399292
249,HAP_1,HAP,0.642138,0.869655,0.342952,0.1385,1,1,1,4,0.306777
249,HAP_2,HAP,0.6928,0.924061,0.267013,0.057026,1,1,1,0,1.160557
249,LEO_0,LEO,0.616311,0.926844,0.384003,0.079784,1,1,1,0,0.089582
249,LEO_1,LEO,0.670854,0.930186,0.299204,0.064371,1,1,1,0,0.188721
250,BS_0,BS,0.667941,0.823214,0.303556,0.384786,1,1,1,2,0.721198
250,BS_1,BS,0.801284,0.9363,0.02154,0.053809,2,0,0,0,0.639693
250,BS_2,BS,0.606338,0.847004,0.400317,0.269713,1,1,1,2,0.312273
250,BS_3,BS,0.678521,0.836327,0.28784,0.23326,1,1,1,5,0.0
250,BS_4,BS,0.642469,0.822975,0.342437,0.260335,1,1,1,6,0.0
250,HAP_0,HAP,0.775449,0.942549,0.154314,0.036751,1,1,1,0,0.658804
250,HAP_1,HAP,0.799754,0.876568,0.123452,0.117658,1,1,1,4,0.453813
250,HAP_2,HAP,0.731419,0.91979,0.212768,0.065993,1,1,1,0,0.569469
250,LEO_0,LEO,0.774417,0.934126,0.055645,0.065221,2,0,0,0,0.450746
250,LEO_1,LEO,0.757786,0.927209,0.177354,0.065651,1,1,1,0,0.718764
251,BS_0,BS,0.720084,0.833461,0.228388,0.331301,1,1,1,2,0.0
251,BS_1,BS,0.592095,0.910266,0.424088,0.12398,1,1,1,0,5.176786
251,BS_2,BS,0.607324,0.84739,0.398693,0.287301,1,1,1,2,0.0
251,BS_3,BS,0.645726,0.833841,0.33738,0.237829,1,1,1,5,0.0
251,BS_4,BS,0.644224,0.822997,0.33971,0.260199,1,1,1,5,0.0
251,HAP_0,HAP,0.803357,0.943059,0.118956,0.035768,1,1,1,0,0.328088
251,HAP_1,HAP,0.771289,0.879549,0.159692,0.105602,1,1,1,3,0.374802
251,HAP_2,HAP,0.716595,0.918005,0.233245,0.077276,1,1,1,0,0.311737
251,LEO_0,LEO,0.691067,0.938911,0.069519,0.054351,3,0,0,0,0.427094
251,LEO_1,LEO,0.737358,0.926791,0.204682,0.071373,1,1,1,0,0.179529
252,BS_0,BS,0.719908,0.844328,0.228632,0.288563,1,1,1,2,0.0
252,BS_1,BS,0.483813,0.887983,0.626057,0.27556,1,1,1,0,0.0
252,BS_2,BS,0.598838,0.849602,0.412764,0.306509,1,1,1,1,0.0
252,BS_3,BS,0.650391,0.832267,0.330182,0.239322,1,1,1,5,0.0
252,BS_4,BS,0.637985,0.822431,0.349441,0.263108,1,1,1,4,0.0
252,HAP_0,HAP,0.511062,0.907403,0.571265,0.175469,1,1,1,0,1.792677
252,HAP_1,HAP,0.762579,0.881882,0.17105,0.097648,1,1,1,3,0.531306
252,HAP_2,HAP,0.814601,0.929644,0.005056,0.061832,2,0,0,0,0.461232
252,LEO_0,LEO,0.803354,0.939031,0.11896,0.049849,1,1,1,0,0.514592
252,LEO_1,LEO,0.758746,0.934699,0.076089,0.059704,2,0,0,0,0.203676
253,BS_0,BS,0.675407,0.844441,0.292439,0.269335,1,1,1,2,0.52319
253,BS_1,BS,0.692542,0.89381,0.267386,0.252621,1,1,1,0,0.0
253,BS_2,BS,0.588493,0.851395,0.43019,0.328486,1,1,1,1,0.0
253,BS_3,BS,0.64696,0.830686,0.335471,0.242101,1,1,1,5,0.0
253,BS_4,BS,0.640163,0.822183,0.346032,0.264369,1,1,1,4,0.0
253,HAP_0,HAP,0.513382,0.889364,0.566736,0.284911,1,1,1,0,0.0
253,HAP_1,HAP,0.568393,0.86331,0.464943,0.175396,1,1,1,4,0.209733
253,HAP_2,HAP,0.806684,0.930571,0.114824,0.055399,1,1,1,0,0.67041
253,LEO_0,LEO,0.782335,0.93571,0.145472,0.049402,1,1,1,0,0.724202
253,LEO_1,LEO,0.727463,0.943085,0.018192,0.047912,3,0,0,0,0.393634
254,BS_0,BS,0.772995,0.855276,0.157482,0.226628,1,1,1,2,0.0
254,BS_1,BS,0.833675,0.910027,0.081912,0.205116,1,1,1,0,0.0
254,BS_2,BS,0.55805,0.849582,0.483307,0.367902,1,1,1,1,0.0
254,BS_3,BS,0.648339,0.829548,0.333342,0.243683,1,1,1,4,0.0
254,BS_4,BS,0.629281,0.820956,0.363178,0.270849,1,1,1,5,0.0
254,HAP_0,HAP,0.86405,0.905162,0.046124,0.228886,1,1,1,0,0.381413
254,HAP_1,HAP,0.767855,0.866407,0.164154,0.152442,1,1,1,3,0.587658
254,HAP_2,HAP,0.554666,0.901843,0.489389,0.152095,1,1,1,0,2.053339
254,LEO_0,LEO,0.787283,0.935956,0.139168,0.048237,1,1,1,0,0.36308
254,LEO_1,LEO,0.618505,0.945124,0.080451,0.041242,4,0,0,0,0.475015
255,BS_0,BS,0.641158,0.849386,0.344479,0.234702,1,1,1,3,0.229887
255,BS_1,BS,0.443129,0.874127,0.713893,0.393433,1,1,1,0,1.37993
255,BS_2,BS,0.549291,0.846458,0.499128,0.406429,1,1,1,1,0.0
255,BS_3,BS,0.647054,0.828519,0.335325,0.245546,1,1,1,4,0.0
255,BS_4,BS,0.646484,0.821592,0.336207,0.267545,1,1,1,5,0.0
255,HAP_0,HAP,0.676425,0.898609,0.290933,0.221198,1,1,1,0,0.919001
255,HAP_1,HAP,0.60094,0.858374,0.40926,0.197326,1,1,1,2,0.504354
255,HAP_2,HAP,0.526859,0.885355,0.540822,0.253295,1,1,1,0,0.127529
255,LEO_0,LEO,0.818547,0.936569,0.100225,0.04311,1,1,1,0,0.666287
255,LEO_1,LEO,0.858469,0.950422,0.052605,0.034239,1,1,0,0,0.202188
256,BS_0,BS,0.490791,0.835511,0.611737,0.356162,1,1,1,2,0.0
256,BS_1,BS,0.578609,0.870262,0.447129,0.404712,1,1,1,0,0.0
256,BS_2,BS,0.568774,0.84695,0.464272,0.42214,1,1,1,1,0.0
256,BS_3,BS,0.646243,0.827621,0.33658,0.247416,1,1,1,5,0.0
256,BS_4,BS,0.64631,0.822085,0.336477,0.264984,1,1,1,6,0.0
256,HAP_0,HAP,0.807371,0.906567,0.113972,0.182803,1,1,1,0,0.483644
256,HAP_1,HAP,0.648344,0.858278,0.333334,0.207861,1,1,1,3,0.369551
256,HAP_2,HAP,0.81169,0.898102,0.108637,0.207947,1,1,1,0,0.366155
256,LEO_0,LEO,0.713485,0.925554,0.237594,0.059891,1,1,1,0,1.02617
256,LEO_1,LEO,0.670586,0.935189,0.299604,0.067784,1,1,1,0,0.833568
257,BS_0,BS,0.558501,0.826,0.482499,0.389692,1,1,1,3,0.0
257,BS_1,BS,0.735351,0.883323,0.207407,0.343128,1,1,1,0,0.0
257,BS_2,BS,0.367154,0.813014,0.901973,0.703812,1,1,1,2,0.0
257,BS_3,BS,0.634424,0.825794,0.355037,0.254656,1,1,1,3,0.0
257,BS_4,BS,0.624713,0.82044,0.370463,0.273746,1,1,1,5,0.0
257,HAP_0,HAP,0.740962,0.904444,0.199806,0.164208,1,1,1,0,0.965579
257,HAP_1,HAP,0.60254,0.851615,0.406601,0.240685,1,1,1,4,0.32652
257,HAP_2,HAP,0.768292,0.902224,0.163586,0.1784,1,1,1,0,0.713794
257,LEO_0,LEO,0.792966,0.930271,0.031975,0.048373,2,0,0,0,0.795538
257,LEO_1,LEO,0.759109,0.938475,0.07561,0.0568,2,0,0,0,0.463151
258,BS_0,BS,0.757474,0.837552,0.177767,0.325974,1,1,1,2,0.0
258,BS_1,BS,0.799871,0.896346,0.123305,0.281344,1,1,1,0,0.353218
258,BS_2,BS,0.750599,0.828766,0.186883,0.578766,1,1,1,2,0.336873
258,BS_3,BS,0.624546,0.823392,0.370731,0.265573,1,1,1,4,0.0
258,BS_4,BS,0.643424,0.820895,0.340951,0.271308,1,1,1,3,0.0
258,HAP_0,HAP,0.769976,0.912571,0.061396,0.133062,2,0,0,0,0.692059
258,HAP_1,HAP,0.693925,0.853214,0.265391,0.224242,1,1,1,3,0.563947
258,HAP_2,HAP,0.800531,0.910315,0.122481,0.149471,1,1,1,0,0.353306
258,LEO_0,LEO,0.773388,0.92842,0.156975,0.049787,1,1,1,0,0.590974
258,LEO_1,LEO,0.763166,0.931735,0.170279,0.058488,1,1,1,0,0.975017
259,BS_0,BS,0.740239,0.844354,0.200782,0.27892,1,1,1,2,0.0
259,BS_1,BS,0.793926,0.908648,0.130765,0.23277,1,1,1,0,0.0
259,BS_2,BS,0.575725,0.82208,0.452124,0.555,1,1,1,2,0.0
259,BS_3,BS,0.64327,0.823242,0.341191,0.264843,1,1,1,4,0.0
259,BS_4,BS,0.642878,0.821208,0.3418,0.269619,1,1,1,6,0.0
259,HAP_0,HAP,0.687258,0.909458,0.275046,0.140492,1,1,1,0,0.329475
259,HAP_1,HAP,0.653757,0.854817,0.325019,0.226931,1,1,1,3,0.183931
259,HAP_2,HAP,0.518905,0.882067,0.556034,0.258705,1,1,1,0,1.826302
259,LEO_0,LEO,0.717191,0.925428,0.232413,0.064137,1,1,1,0,0.26094
259,LEO_1,LEO,0.696422,0.92529,0.261799,0.077633,1,1,1,0,0.328081
260,BS_0,BS,0.678325,0.843468,0.288129,0.260494,1,1,1,3,0.565175
260,BS_1,BS,0.529404,0.885743,0.536004,0.315501,1,1,1,0,1.112329
260,BS_2,BS,0.434084,0.808364,0.734517,0.686782,1,1,1,1,0.0
260,BS_3,BS,0.64062,0.822874,0.345318,0.265535,1,1,1,5,0.0
260,BS_4,BS,0.599755,0.817293,0.411234,0.291796,1,1,1,6,0.0
260,HAP_0,HAP,0.782616,0.916115,0.145114,0.12187,1,1,1,0,0.240648
260,HAP_1,HAP,0.687696,0.857811,0.274408,0.21543,1,1,1,3,0.441757
260,HAP_2,HAP,0.749116,0.886,0.188861,0.223015,1,1,1,0,0.719674
260,LEO_0,LEO,0.604856,0.906074,0.402765,0.124308,1,1,1,0,1.178661
260,LEO_1,LEO,0.762779,0.931871,0.070787,0.064361,2,0,0,0,0.404474
261,BS_0,BS,0.540913,0.833831,0.514497,0.327514,1,1,1,2,0.0
261,BS_1,BS,0.734124,0.891778,0.209078,0.272072,1,1,1,0,0.308498
261,BS_2,BS,0.518471,0.801289,0.55687,0.688973,1,1,1,3,0.0
261,BS_3,BS,0.626716,0.821481,0.367262,0.273124,1,1,1,3,0.0
261,BS_4,BS,0.647798,0.818783,0.334177,0.28369,1,1,1,6,0.0
261,HAP_0,HAP,0.718548,0.912423,0.230522,0.121409,1,1,1,0,0.761084
261,HAP_1,HAP,0.615462,0.85013,0.385383,0.239178,1,1,1,3,0.658553
261,HAP_2,HAP,0.81558,0.895238,0.103856,0.183266,1,1,1,0,0.708292
261,LEO_0,LEO,0.806337,0.91078,0.115253,0.105424,1,1,1,0,0.643056
261,LEO_1,LEO,0.752937,0.926538,0.183774,0.066687,1,1,1,0,0.888687
262,BS_0,BS,0.666022,0.840833,0.306433,0.304266,1,1,1,2,0.0
262,BS_1,BS,0.811041,0.900317,0.109437,0.223047,1,1,1,0,0.710701
262,BS_2,BS,0.672194,0.809404,0.297208,0.590928,1,1,1,3,0.0
262,BS_3,BS,0.60891,0.818464,0.396085,0.289097,1,1,1,5,0.0
262,BS_4,BS,0.635453,0.818822,0.353417,0.283159,1,1,1,5,0.0
262,HAP_0,HAP,0.794071,0.922616,0.030583,0.097548,2,0,0,0,0.519966
262,HAP_1,HAP,0.713508,0.853759,0.237561,0.216738,1,1,1,4,0.375162
262,HAP_2,HAP,0.752266,0.894698,0.184665,0.161958,1,1,1,0,1.118266
262,LEO_0,LEO,0.791942,0.919616,0.033267,0.084837,2,0,0,0,0.697327
262,LEO_1,LEO,0.756045,0.925765,0.179654,0.067873,1,1,1,0,0.38746
263,BS_0,BS,0.75846,0.855054,0.176465,0.257426,1,1,1,1,0.0
263,BS_1,BS,0.563777,0.87856,0.473097,0.279157,1,1,1,0,1.506807
263,BS_2,BS,0.449005,0.798307,0.700722,0.693698,1,1,1,1,0.227209
263,BS_3,BS,0.643828,0.820151,0.340324,0.283397,1,1,1,4,0.0
263,BS_4,BS,0.646482,0.819885,0.33621,0.277394,1,1,1,5,0.0
263,HAP_0,HAP,0.67357,0.92501,0.095163,0.082114,3,0,0,0,0.784497
263,HAP_1,HAP,0.709542,0.854001,0.243136,0.199992,1,1,1,4,0.597029
263,HAP_2,HAP,0.668893,0.892304,0.302131,0.170644,1,1,1,0,0.405483
263,LEO_0,LEO,0.768261,0.920819,0.163626,0.079918,1,1,1,0,0.456735
263,LEO_1,LEO,0.807614,0.926861,0.113671,0.060113,1,1,1,0,0.749117
264,BS_0,BS,0.546645,0.840401,0.503955,0.320228,1,1,1,2,0.324528
264,BS_1,BS,0.489124,0.863278,0.615139,0.393604,1,1,1,0,0.0
264,BS_2,BS,0.700071,0.813888,0.256574,0.584582,1,1,1,2,0.0
264,BS_3,BS,0.668739,0.823139,0.302362,0.267858,1,1,1,5,0.0
264,BS_4,BS,0.60737,0.818653,0.398618,0.293418,1,1,1,3,0.0
264,HAP_0,HAP,0.787761,0.927827,0.138561,0.074331,1,1,1,0,0.29911
264,HAP_1,HAP,0.593958,0.848923,0.420947,0.239732,1,1,1,2,0.347331
264,HAP_2,HAP,0.7984,0.906479,0.025146,0.136799,2,0,0,0,0.598782
264,LEO_0,LEO,0.803258,0.929677,0.01908,0.064098,2,0,0,0,0.602754
264,LEO_1,LEO,0.810086,0.934104,0.010615,0.048141,2,0,0,0,0.670292
265,BS_0,BS,0.796725,0.854338,0.127246,0.263468,1,1,1,2,0.0
265,BS_1,BS,0.694211,0.874191,0.264979,0.346479,1,1,1,0,0.0
265,BS_2,BS,0.557329,0.808162,0.484599,0.573342,1,1,1,3,0.313066
265,BS_3,BS,0.65234,0.823912,0.327189,0.26246,1,1,1,5,0.0
265,BS_4,BS,0.691997,0.824164,0.268174,0.267097,1,1,1,3,0.0
265,HAP_0,HAP,0.778605,0.935717,0.050251,0.060601,2,0,0,0,0.344496
265,HAP_1,HAP,0.601183,0.841086,0.408855,0.267009,1,1,1,4,0.518494
265,HAP_2,HAP,0.723423,0.917881,0.023761,0.109694,3,0,0,0,0.588149
265,LEO_0,LEO,0.782576,0.927307,0.145164,0.060761,1,1,1,0,0.819736
265,LEO_1,LEO,0.815681,0.936026,0.103731,0.043355,1,1,1,0,0.460438
266,BS_0,BS,0.774663,0.86219,0.155327,0.221632,1,1,1,2,0.0
266,BS_1,BS,0.737203,0.882659,0.204892,0.296075,1,1,1,0,0.536772
266,BS_2,BS,0.739906,0.821129,0.201232,0.476896,1,1,1,3,0.0
266,BS_3,BS,0.650695,0.824353,0.329714,0.258888,1,1,1,4,0.0
266,BS_4,BS,0.652527,0.824784,0.326903,0.261767,1,1,1,4,0.0
266,HAP_0,HAP,0.772867,0.932467,0.157648,0.059665,1,1,1,0,0.74276
266,HAP_1,HAP,0.783845,0.850605,0.143544,0.222879,1,1,1,3,0.538645
266,HAP_2,HAP,0.617833,0.924403,0.081537,0.090747,4,0,0,0,0.4793
266,LEO_0,LEO,0.798777,0.928947,0.124674,0.055603,1,1,1,0,0.484254
266,LEO_1,LEO,0.712365,0.925539,0.239164,0.060424,1,1,1,0,0.99065
267,BS_0,BS,0.519688,0.850651,0.554526,0.31568,1,1,1,1,0.0
267,BS_1,BS,0.876092,0.900888,0.032284,0.237329,1,1,1,0,0.302697
267,BS_2,BS,0.332871,0.788102,1.0,0.906138,1,1,1,0,0.766926
267,BS_3,BS,0.64704,0.824363,0.335347,0.257716,1,1,1,4,0.0
267,BS_4,BS,0.640247,0.824086,0.345901,0.263255,1,1,1,4,0.0
267,HAP_0,HAP,0.811544,0.939137,0.008816,0.047767,2,0,0,0,0.62221
267,HAP_1,HAP,0.714032,0.854632,0.236828,0.203543,1,1,1,3,0.596255
267,HAP_2,HAP,0.863204,0.93117,0.047104,0.073596,1,1,0,0,0.565527
267,LEO_0,LEO,0.770212,0.934615,0.061089,0.046162,2,0,0,0,0.474105
267,LEO_1,LEO,0.804178,0.930872,0.017934,0.048484,2,0,0,0,0.837124
268,BS_0,BS,0.698875,0.856481,0.258283,0.282563,1,1,1,2,0.0
268,BS_1,BS,0.753861,0.909097,0.182548,0.204859,1,1,1,0,0.0
268,BS_2,BS,0.488947,0.780405,0.6155,0.895388,1,1,1,3,0.0
268,BS_3,BS,0.635214,0.823263,0.353793,0.262499,1,1,1,4,0.0
268,BS_4,BS,0.649944,0.824419,0.33087,0.259868,1,1,1,4,0.0
268,HAP_0,HAP,0.675067,0.940952,0.092944,0.042101,3,0,0,0,0.439927
268,HAP_1,HAP,0.666418,0.855782,0.305839,0.204926,1,1,1,3,0.406578
268,HAP_2,HAP,0.786223,0.932946,0.140514,0.067762,1,1,1,0,0.306815
268,LEO_0,LEO,0.720452,0.940645,0.027876,0.037279,3,0,0,0,0.549937
268,LEO_1,LEO,0.732442,0.926972,0.211371,0.058892,1,1,1,0,0.418389
269,BS_0,BS,0.646615,0.853555,0.336004,0.276855,1,1,1,2,0.0
269,BS_1,BS,0.820567,0.918738,0.097759,0.168188,1,1,1,0,0.317788
269,BS_2,BS,0.668644,0.791545,0.302504,0.75749,1,1,1,3,0.0
269,BS_3,BS,0.633524,0.822223,0.356458,0.267177,1,1,1,5,0.0
269,BS_4,BS,0.644487,0.824178,0.339301,0.259701,1,1,1,5,0.0
269,HAP_0,HAP,0.817074,0.941995,0.102026,0.038365,1,1,1,0,0.461058
269,HAP_1,HAP,0.662569,0.856053,0.31163,0.207642,1,1,1,2,0.387428
269,HAP_2,HAP,0.761133,0.929404,0.172948,0.067669,1,1,1,0,0.732945
269,LEO_0,LEO,0.670079,0.946696,0.000359,0.029824,4,0,0,0,0.590424
269,LEO_1,LEO,0.793083,0.934467,0.031828,0.047569,2,0,0,0,0.523966
270,BS_0,BS,0.332871,0.82055,1.0,0.678538,1,1,1,0,0.0
270,BS_1,BS,0.552864,0.895661,0.492644,0.243764,1,1,1,0,1.154485
270,BS_2,BS,0.635435,0.800719,0.353445,0.662207,1,1,1,2,0.0
270,BS_3,BS,0.63926,0.821932,0.347444,0.268065,1,1,1,4,0.0
270,BS_4,BS,0.648431,0.824351,0.3332,0.257721,1,1,1,4,0.0
270,HAP_0,HAP,0.626315,0.921053,0.367903,0.0916,1,1,1,0,1.192541
270,HAP_1,HAP,0.680432,0.858462,0.285028,0.202672,1,1,1,3,0.339845
270,HAP_2,HAP,0.763539,0.932232,0.069792,0.056327,2,0,0,0,0.723555
270,LEO_0,LEO,0.789292,0.945416,0.136619,0.032258,1,1,1,0,0.323
270,LEO_1,LEO,0.773827,0.930165,0.156408,0.049064,1,1,1,0,0.872989
271,BS_0,BS,0.672372,0.83508,0.296943,0.582509,1,1,1,1,0.0
271,BS_1,BS,0.723343,0.898162,0.223872,0.217565,1,1,1,0,0.372575
271,BS_2,BS,0.693098,0.810318,0.266584,0.561746,1,1,1,3,0.0
271,BS_3,BS,0.576572,0.818719,0.450655,0.305842,1,1,1,3,0.0
271,BS_4,BS,0.648329,0.824479,0.333357,0.256183,1,1,1,6,0.0
271,HAP_0,HAP,0.766035,0.919983,0.166528,0.085759,1,1,1,0,0.596723
271,HAP_1,HAP,0.57548,0.845852,0.45255,0.254298,1,1,1,4,0.534528
271,HAP_2,HAP,0.771769,0.932571,0.159071,0.056448,1,1,1,0,0.281237
271,LEO_0,LEO,0.755265,0.946128,0.080687,0.028736,2,0,0,0,0.576887
271,LEO_1,LEO,0.797568,0.930899,0.126189,0.046417,1,1,1,0,0.507144
272,BS_0,BS,0.591004,0.837418,0.425932,0.547646,1,1,1,1,0.0
272,BS_1,BS,0.901322,0.912631,0.003892,0.174059,1,1,1,0,0.584725
272,BS_2,BS,0.682745,0.816504,0.281633,0.485089,1,1,1,3,0.648548
272,BS_3,BS,0.709223,0.826003,0.243586,0.271374,1,1,1,4,0.0
272,BS_4,BS,0.648188,0.824569,0.333574,0.255019,1,1,1,4,0.0
272,HAP_0,HAP,0.72782,0.918823,0.217702,0.089935,1,1,1,0,0.34102
272,HAP_1,HAP,0.717538,0.852409,0.23193,0.227645,1,1,1,3,0.338372
272,HAP_2,HAP,0.794314,0.939638,0.030277,0.045571,2,0,0,0,0.483481
272,LEO_0,LEO,0.74831,0.938503,0.189938,0.039223,1,1,1,0,0.741229
272,LEO_1,LEO,0.798304,0.936784,0.025266,0.037421,2,0,0,0,0.660891
273,BS_0,BS,0.419406,0.811762,0.768917,0.704171,1,1,1,2,0.0
273,BS_1,BS,0.549548,0.887052,0.498658,0.251144,1,1,1,0,4.329455
273,BS_2,BS,0.559882,0.813584,0.480029,0.491764,1,1,1,2,0.0
273,BS_3,BS,0.685195,0.829248,0.278051,0.25189,1,1,1,5,0.0
273,BS_4,BS,0.645563,0.824552,0.337632,0.255313,1,1,1,4,0.0
273,HAP_0,HAP,0.770389,0.927565,0.06086,0.073615,2,0,0,0,0.377694
273,HAP_1,HAP,0.692957,0.857592,0.266787,0.214144,1,1,1,2,0.133072
273,HAP_2,HAP,0.699053,0.944951,0.058029,0.037972,3,0,0,0,0.294623
273,LEO_0,LEO,0.806726,0.939205,0.114771,0.037306,1,1,1,0,0.413837
273,LEO_1,LEO,0.702853,0.932019,0.252607,0.058651,1,1,1,0,0.120939
274,BS_0,BS,0.675532,0.824203,0.292254,0.601773,1,1,1,2,0.0
274,BS_1,BS,0.496242,0.870974,0.600692,0.363289,1,1,1,0,0.0
274,BS_2,BS,0.775994,0.828947,0.153611,0.40403,1,1,1,3,0.0
274,BS_3,BS,0.658241,0.829333,0.318184,0.24707,1,1,1,5,0.0
274,BS_4,BS,0.629369,0.82289,0.363037,0.263559,1,1,1,5,0.0
274,HAP_0,HAP,0.735387,0.936966,0.007359,0.058916,3,0,0,0,0.484504
274,HAP_1,HAP,0.587938,0.847131,0.431133,0.25496,1,1,1,4,0.363675
274,HAP_2,HAP,0.610739,0.944832,0.093086,0.034277,4,0,0,0,0.611078
274,LEO_0,LEO,0.583139,0.913359,0.43933,0.1167,1,1,1,0,1.337904
274,LEO_1,LEO,0.807885,0.942006,0.013336,0.047001,2,0,0,0,0.294865
275,BS_0,BS,0.675469,0.836319,0.292348,0.519879,1,1,1,1,0.0
275,BS_1,BS,0.697521,0.88064,0.260223,0.321104,1,1,1,0,0.0
275,BS_2,BS,0.634703,0.827341,0.354597,0.379806,1,1,1,2,0.882457
275,BS_3,BS,0.635788,0.827298,0.352891,0.253696,1,1,1,5,0.0
275,BS_4,BS,0.645004,0.823008,0.338498,0.262408,1,1,1,5,0.0
275,HAP_0,HAP,0.552511,0.907822,0.493283,0.15663,1,1,1,0,1.403143
275,HAP_1,HAP,0.819146,0.860584,0.099493,0.208422,1,1,1,3,0.182868
275,HAP_2,HAP,0.849929,0.947022,0.062603,0.029185,1,1,0,0,0.497255
275,LEO_0,LEO,0.649048,0.905408,0.332248,0.143035,1,1,1,0,0.376835
275,LEO_1,LEO,0.608321,0.920817,0.397052,0.108544,1,1,1,0,1.050397
276,BS_0,BS,0.437003,0.812286,0.727814,0.654274,1,1,1,3,0.0
276,BS_1,BS,0.719048,0.885969,0.229828,0.280652,1,1,1,0,0.581042
276,BS_2,BS,0.630282,0.831121,0.361588,0.362681,1,1,1,1,0.0
276,BS_3,BS,0.61118,0.824318,0.392364,0.272234,1,1,1,3,0.0
276,BS_4,BS,0.64815,0.82339,0.333633,0.260017,1,1,1,4,0.0
276,HAP_0,HAP,0.672481,0.902228,0.296782,0.16494,1,1,1,0,0.473956
276,HAP_1,HAP,0.739576,0.862137,0.201679,0.185041,1,1,1,4,0.949
276,HAP_2,HAP,0.790912,0.942626,0.134568,0.031497,1,1,1,0,0.737525
276,LEO_0,LEO,0.728123,0.908208,0.217286,0.135674,1,1,1,0,0.251559
276,LEO_1,LEO,0.788442,0.922683,0.137697,0.095367,1,1,1,0,0.489426
277,BS_0,BS,0.567181,0.81492,0.467077,0.621592,1,1,1,2,0.0
277,BS_1,BS,0.821343,0.89745,0.096814,0.22874,1,1,1,0,0.570681
277,BS_2,BS,0.618516,0.82826,0.380433,0.355273,1,1,1,2,0.242835
277,BS_3,BS,0.643446,0.824203,0.340917,0.270088,1,1,1,5,0.0
277,BS_4,BS,0.593382,0.818397,0.421917,0.28812,1,1,1,6,0.0
277,HAP_0,HAP,0.786044,0.912836,0.040743,0.132699,2,0,0,0,0.657146
277,HAP_1,HAP,0.659123,0.859895,0.316846,0.193209,1,1,1,2,0.512644
277,HAP_2,HAP,0.807583,0.946559,0.013709,0.025282,2,0,0,0,0.666999
277,LEO_0,LEO,0.76137,0.917386,0.072636,0.110913,2,0,0,0,0.525798
277,LEO_1,LEO,0.817271,0.931945,0.001785,0.076295,2,0,0,0,0.619131
278,BS_0,BS,0.740613,0.830644,0.200277,0.515323,1,1,1,2,0.0
278,BS_1,BS,0.828953,0.906165,0.087592,0.186444,1,1,1,0,0.679542
278,BS_2,BS,0.776984,0.842294,0.152336,0.294661,1,1,1,2,0.0
278,BS_3,BS,0.650569,0.824609,0.329909,0.265048,1,1,1,4,0.0
278,BS_4,BS,0.617877,0.816881,0.381465,0.295978,1,1,1,4,0.0
278,HAP_0,HAP,0.676589,0.916354,0.090692,0.10986,3,0,0,0,0.896606
278,HAP_1,HAP,0.675657,0.858563,0.29207,0.192954,1,1,1,4,0.252615
278,HAP_2,HAP,0.707248,0.948646,0.046374,0.021194,3,0,0,0,0.559294
278,LEO_0,LEO,0.673914,0.923077,0.094653,0.092762,3,0,0,0,0.523545
278,LEO_1,LEO,0.737692,0.939117,0.004228,0.061044,3,0,0,0,0.620748
279,BS_0,BS,0.811859,0.848151,0.108428,0.417549,1,1,1,2,0.0
279,BS_1,BS,0.566238,0.8835,0.468742,0.248029,1,1,1,0,2.538093
279,BS_2,BS,0.732562,0.852058,0.211208,0.255803,1,1,1,2,0.0
279,BS_3,BS,0.597852,0.82232,0.414411,0.28932,1,1,1,3,0.0
279,BS_4,BS,0.647475,0.818435,0.334675,0.287185,1,1,1,6,0.0
279,HAP_0,HAP,0.643253,0.924116,0.041217,0.088653,4,0,0,0,0.599988
279,HAP_1,HAP,0.666176,0.854113,0.306201,0.196555,1,1,1,4,0.36598
279,HAP_2,HAP,0.787194,0.946136,0.13928,0.025684,1,1,1,0,0.407626
279,LEO_0,LEO,0.616383,0.930953,0.083886,0.077376,4,0,0,0,0.180527
279,LEO_1,LEO,0.651498,0.94389,0.028481,0.0492,4,0,0,0,0.557162
280,BS_0,BS,0.648526,0.844565,0.333054,0.383955,1,1,1,2,1.50097
280,BS_1,BS,0.4887,0.867178,0.616007,0.369182,1,1,1,0,0.0
280,BS_2,BS,0.676265,0.850356,0.291171,0.242793,1,1,1,2,1.508387
280,BS_3,BS,0.504205,0.815351,0.584773,0.385338,1,1,1,1,0.0
280,BS_4,BS,0.622413,0.817301,0.374151,0.292743,1,1,1,3,0.0
280,HAP_0,HAP,0.747447,0.923581,0.191092,0.087355,1,1,1,0,0.368439
280,HAP_1,HAP,0.428273,0.832889,0.747995,0.409018,1,1,1,1,0.177178
280,HAP_2,HAP,0.52932,0.911854,0.536162,0.149909,1,1,1,0,1.703734
280,LEO_0,LEO,0.769185,0.933721,0.162424,0.073773,1,1,1,0,0.100221
280,LEO_1,LEO,0.693625,0.937029,0.265824,0.071158,1,1,1,0,0.124411
281,BS_0,BS,0.494078,0.833152,0.605061,0.471909,1,1,1,1,0.0
281,BS_1,BS,0.694091,0.877301,0.265152,0.326983,1,1,1,0,0.0
281,BS_2,BS,0.752354,0.85839,0.184548,0.209561,1,1,1,2,0.0
281,BS_3,BS,0.671351,0.822851,0.298463,0.348356,1,1,1,2,0.0
281,BS_4,BS,0.613878,0.815564,0.387959,0.301925,1,1,1,6,0.0
281,HAP_0,HAP,0.769045,0.929349,0.062606,0.071647,2,0,0,0,0.613687
281,HAP_1,HAP,0.536505,0.822914,0.522679,0.450151,1,1,1,4,0.387049
281,HAP_2,HAP,0.583617,0.898474,0.438511,0.206458,1,1,1,0,0.265225
281,LEO_0,LEO,0.796425,0.935621,0.127622,0.066347,1,1,1,0,0.429873
281,LEO_1,LEO,0.79503,0.94537,0.029375,0.057315,2,0,0,0,0.25802
282,BS_0,BS,0.567129,0.827103,0.467169,0.475738,1,1,1,3,0.0
282,BS_1,BS,0.834084,0.896849,0.081421,0.26457,1,1,1,0,0.0
282,BS_2,BS,0.650691,0.857885,0.329721,0.216571,1,1,1,2,0.456054
282,BS_3,BS,0.840656,0.843369,0.073572,0.281121,1,1,1,2,0.0
282,BS_4,BS,0.639758,0.816651,0.346665,0.29562,1,1,1,7,0.0
282,HAP_0,HAP,0.774719,0.927016,0.155255,0.068165,1,1,1,0,0.749596
282,HAP_1,HAP,0.722215,0.83176,0.225433,0.38299,1,1,1,4,0.3661
282,HAP_2,HAP,0.79552,0.90697,0.128759,0.172627,1,1,1,0,0.392897
282,LEO_0,LEO,0.799732,0.93592,0.123478,0.059939,1,1,1,0,0.553497
282,LEO_1,LEO,0.726002,0.936849,0.220203,0.067672,1,1,1,0,0.717058
283,BS_0,BS,0.822112,0.845176,0.095879,0.384727,1,1,1,3,0.0
283,BS_1,BS,0.794627,0.907387,0.129883,0.219247,1,1,1,0,0.28471
283,BS_2,BS,0.627537,0.858521,0.365953,0.233521,1,1,1,1,0.0
283,BS_3,BS,0.654138,0.845359,0.324437,0.272263,1,1,1,1,0.504869
283,BS_4,BS,0.647798,0.81827,0.334177,0.286749,1,1,1,6,0.0
283,HAP_0,HAP,0.763802,0.931805,0.069447,0.056702,2,0,0,0,0.526418
283,HAP_1,HAP,0.798778,0.84393,0.124672,0.313386,1,1,1,4,0.632722
283,HAP_2,HAP,0.76519,0.908535,0.16763,0.150747,1,1,1,0,0.770885
283,LEO_0,LEO,0.796587,0.941883,0.027419,0.04829,2,0,0,0,0.521869
283,LEO_1,LEO,0.76622,0.938934,0.066286,0.056115,2,0,0,0,0.665176
284,BS_0,BS,0.647927,0.841952,0.333977,0.357975,1,1,1,2,2.461326
284,BS_1,BS,0.82149,0.919652,0.096635,0.1796,1,1,1,0,0.0
284,BS_2,BS,0.655223,0.861177,0.32278,0.233701,1,1,1,1,0.0
284,BS_3,BS,0.520866,0.829235,0.552263,0.355058,1,1,1,4,0.0
284,BS_4,BS,0.591085,0.814069,0.425795,0.310985,1,1,1,4,0.0
284,HAP_0,HAP,0.763277,0.931105,0.170135,0.058387,1,1,1,0,0.375316
284,HAP_1,HAP,0.780733,0.854035,0.147522,0.260502,1,1,1,4,0.320471
284,HAP_2,HAP,0.791807,0.918842,0.033438,0.121101,2,0,0,0,0.572809
284,LEO_0,LEO,0.676917,0.94465,0.090207,0.042293,3,0,0,0,0.3003
284,LEO_1,LEO,0.748757,0.937052,0.189341,0.061024,1,1,1,0,0.177535
285,BS_0,BS,0.711311,0.847616,0.240646,0.31244,1,1,1,2,0.0
285,BS_1,BS,0.424794,0.87826,0.756151,0.400974,1,1,1,0,3.133262
285,BS_2,BS,0.688405,0.865983,0.273378,0.220592,1,1,1,1,0.0
285,BS_3,BS,0.747714,0.840717,0.190735,0.300418,1,1,1,3,0.0
285,BS_4,BS,0.648119,0.816234,0.333681,0.298892,1,1,1,5,0.0
285,HAP_0,HAP,0.817762,0.93569,0.101184,0.051317,1,1,1,0,0.287154
285,HAP_1,HAP,0.759118,0.862043,0.175598,0.222277,1,1,1,3,0.302898
285,HAP_2,HAP,0.760667,0.920783,0.17356,0.110436,1,1,1,0,0.335191
285,LEO_0,LEO,0.806804,0.945762,0.114675,0.039752,1,1,1,0,0.298533
285,LEO_1,LEO,0.764608,0.943262,0.068392,0.050924,2,0,0,0,0.216162
286,BS_0,BS,0.753499,0.854692,0.183028,0.265026,1,1,1,3,0.0
286,BS_1,BS,0.552294,0.87057,0.493674,0.43045,1,1,1,0,0.0
286,BS_2,BS,0.695581,0.869394,0.263008,0.207601,1,1,1,2,0.0
286,BS_3,BS,0.668027,0.845924,0.303427,0.281765,1,1,1,2,0.0
286,BS_4,BS,0.641156,0.817318,0.344483,0.292514,1,1,1,3,0.0
286,HAP_0,HAP,0.799388,0.935832,0.123909,0.047963,1,1,1,0,0.582611
286,HAP_1,HAP,0.752099,0.86669,0.184887,0.193204,1,1,1,3,0.286406
286,HAP_2,HAP,0.787714,0.929332,0.038621,0.08902,2,0,0,0,0.525236
286,LEO_0,LEO,0.705262,0.9345,0.249186,0.059744,1,1,1,0,0.817935
286,LEO_1,LEO,0.683715,0.947698,0.080214,0.043635,3,0,0,0,0.205442
287,BS_0,BS,0.697916,0.85369,0.259657,0.242361,1,1,1,3,0.0
287,BS_1,BS,0.881599,0.890605,0.026018,0.344665,1,1,1,0,0.475751
287,BS_2,BS,0.737896,0.874858,0.203952,0.1848,1,1,1,2,0.0
287,BS_3,BS,0.561334,0.834404,0.47744,0.327989,1,1,1,4,0.0
287,BS_4,BS,0.643884,0.81844,0.340237,0.286104,1,1,1,5,0.0
287,HAP_0,HAP,0.798116,0.942604,0.025502,0.038663,2,0,0,0,0.434275
287,HAP_1,HAP,0.758573,0.869139,0.176317,0.168553,1,1,1,4,0.418959
287,HAP_2,HAP,0.715611,0.936471,0.034619,0.071755,3,0,0,0,0.490232
287,LEO_0,LEO,0.750981,0.937301,0.086375,0.051153,2,0,0,0,0.460492
287,LEO_1,LEO,0.78712,0.944404,0.139374,0.043649,1,1,1,0,0.621603
288,BS_0,BS,0.609943,0.848474,0.39439,0.263884,1,1,1,3,0.0
288,BS_1,BS,0.508434,0.865041,0.57642,0.425249,1,1,1,0,2.689635
288,BS_2,BS,0.589519,0.860495,0.428448,0.230445,1,1,1,2,0.629401
288,BS_3,BS,0.681987,0.83582,0.282745,0.298366,1,1,1,3,0.0
288,BS_4,BS,0.611287,0.816221,0.392189,0.298099,1,1,1,6,0.0
288,HAP_0,HAP,0.708142,0.945786,0.045111,0.031846,3,0,0,0,0.58553
288,HAP_1,HAP,0.791983,0.872591,0.133216,0.142828,1,1,1,3,0.568527
288,HAP_2,HAP,0.655597,0.943779,0.022209,0.057626,4,0,0,0,0.38518
288,LEO_0,LEO,0.790111,0.937329,0.135582,0.049194,1,1,1,0,0.419309
288,LEO_1,LEO,0.793879,0.949161,0.030825,0.035347,2,0,0,0,0.429196
289,BS_0,BS,0.719125,0.851335,0.229721,0.234854,1,1,1,3,0.0
289,BS_1,BS,0.755019,0.872758,0.181013,0.354944,1,1,1,0,0.730237
289,BS_2,BS,0.776324,0.864468,0.153185,0.194916,1,1,1,2,0.579748
289,BS_3,BS,0.426534,0.816406,0.752064,0.493213,1,1,1,2,0.0
289,BS_4,BS,0.647162,0.817867,0.335159,0.289028,1,1,1,5,0.0
289,HAP_0,HAP,0.749546,0.937593,0.188287,0.04143,1,1,1,0,0.827506
289,HAP_1,HAP,0.786828,0.876486,0.139746,0.123051,1,1,1,4,0.52399
289,HAP_2,HAP,0.893177,0.950042,0.01297,0.046177,1,1,0,0,0.423815
289,LEO_0,LEO,0.761524,0.932146,0.172433,0.052735,1,1,1,0,0.811916
289,LEO_1,LEO,0.728495,0.953096,0.016775,0.028404,3,0,0,0,0.540457
290,BS_0,BS,0.690025,0.850074,0.271027,0.220938,1,1,1,3,0.0
290,BS_1,BS,0.640375,0.873694,0.345701,0.337734,1,1,1,0,0.261038
290,BS_2,BS,0.701396,0.861506,0.254683,0.185121,1,1,1,2,0.0
290,BS_3,BS,0.561014,0.811019,0.478009,0.497392,1,1,1,4,0.0
290,BS_4,BS,0.625613,0.817152,0.369023,0.292503,1,1,1,5,0.0
290,HAP_0,HAP,0.768894,0.935575,0.162802,0.045071,1,1,1,0,0.397953
290,HAP_1,HAP,0.738511,0.877781,0.203119,0.117006,1,1,1,3,0.373832
290,HAP_2,HAP,0.754704,0.949684,0.081429,0.039925,2,0,0,0,0.577894
290,LEO_0,LEO,0.756447,0.935303,0.079123,0.045005,2,0,0,0,0.524067
290,LEO_1,LEO,0.618815,0.951507,0.079949,0.0256,4,0,0,0,0.64106
291,BS_0,BS,0.562045,0.840855,0.476173,0.278784,1,1,1,2,0.0
291,BS_1,BS,0.851568,0.891416,0.060676,0.271844,1,1,1,0,0.392971
291,BS_2,BS,0.55493,0.850514,0.488913,0.255663,1,1,1,1,0.0
291,BS_3,BS,0.668623,0.815978,0.302535,0.439101,1,1,1,4,0.0
291,BS_4,BS,0.644981,0.81841,0.338534,0.285574,1,1,1,5,0.0
291,HAP_0,HAP,0.813193,0.942935,0.006786,0.036078,2,0,0,0,0.521452
291,HAP_1,HAP,0.685778,0.874585,0.277201,0.128183,1,1,1,1,0.724271
291,HAP_2,HAP,0.717112,0.938065,0.232523,0.05627,1,1,1,0,0.829685
291,LEO_0,LEO,0.673869,0.934285,0.094719,0.040042,3,0,0,0,0.892625
291,LEO_1,LEO,0.764598,0.9436,0.168405,0.033242,1,1,1,0,0.783223
292,BS_0,BS,0.687521,0.842077,0.274663,0.256975,1,1,1,3,0.0
292,BS_1,BS,0.825471,0.902168,0.091801,0.221268,1,1,1,0,0.584678
292,BS_2,BS,0.523001,0.843105,0.548173,0.339752,1,1,1,1,0.0
292,BS_3,BS,0.344436,0.790228,0.965848,0.771069,1,1,1,1,0.0
292,BS_4,BS,0.640904,0.819035,0.344876,0.281982,1,1,1,4,0.0
292,HAP_0,HAP,0.711668,0.946118,0.040144,0.029587,3,0,0,0,0.59978
292,HAP_1,HAP,0.548363,0.857083,0.500817,0.215415,1,1,1,5,0.121965
292,HAP_2,HAP,0.775651,0.940987,0.054053,0.046331,2,0,0,0,0.58448
292,LEO_0,LEO,0.770552,0.933345,0.160648,0.043647,1,1,1,0,0.34862
292,LEO_1,LEO,0.812945,0.947566,0.007091,0.026616,2,0,0,0,0.673604
293,BS_0,BS,0.693415,0.842869,0.266126,0.23745,1,1,1,3,0.0
293,BS_1,BS,0.652765,0.892062,0.326538,0.224996,1,1,1,0,1.123534
293,BS_2,BS,0.586805,0.839859,0.433063,0.356196,1,1,1,2,0.0
293,BS_3,BS,0.473959,0.780464,0.646635,0.805016,1,1,1,3,0.0
293,BS_4,BS,0.648342,0.820228,0.333336,0.275587,1,1,1,4,0.0
293,HAP_0,HAP,0.767974,0.944295,0.164,0.035773,1,1,1,0,0.199413
293,HAP_1,HAP,0.788129,0.865777,0.138093,0.180913,1,1,1,5,0.104115
293,HAP_2,HAP,0.765371,0.938224,0.167394,0.049674,1,1,1,0,0.409674
293,LEO_0,LEO,0.813242,0.936948,0.106726,0.040043,1,1,1,0,0.304515
293,LEO_1,LEO,0.673914,0.928959,0.294652,0.060362,1,1,1,0,1.254663
294,BS_0,BS,0.662827,0.841357,0.311242,0.233552,1,1,1,3,0.0
294,BS_1,BS,0.56424,0.883298,0.472275,0.280367,1,1,1,0,0.0
294,BS_2,BS,0.598515,0.834948,0.413303,0.361826,1,1,1,2,0.0
294,BS_3,BS,0.664379,0.791253,0.308903,0.686952,1,1,1,3,0.0
294,BS_4,BS,0.647165,0.821073,0.335154,0.271017,1,1,1,5,0.0
294,HAP_0,HAP,0.741636,0.944767,0.098897,0.03302,2,0,0,0,0.522899
294,HAP_1,HAP,0.748203,0.866896,0.190081,0.160989,1,1,1,5,0.995413
294,HAP_2,HAP,0.809982,0.94475,0.010744,0.039791,2,0,0,0,0.535094
294,LEO_0,LEO,0.629229,0.918669,0.36326,0.091416,1,1,1,0,1.053623
294,LEO_1,LEO,0.638448,0.916944,0.348715,0.10301,1,1,1,0,0.377174
295,BS_0,BS,0.611271,0.837537,0.392216,0.256067,1,1,1,2,0.0
295,BS_1,BS,0.739359,0.894117,0.201972,0.24265,1,1,1,0,0.0
295,BS_2,BS,0.5956,0.835888,0.418185,0.368156,1,1,1,2,0.0
295,BS_3,BS,0.672373,0.800269,0.296943,0.589241,1,1,1,4,0.0
295,BS_4,BS,0.617595,0.818943,0.381923,0.282453,1,1,1,6,0.0
295,HAP_0,HAP,0.73912,0.93739,0.202295,0.044831,1,1,1,0,0.667383
295,HAP_1,HAP,0.792459,0.870696,0.132614,0.136705,1,1,1,5,0.723019
295,HAP_2,HAP,0.530357,0.910711,0.534205,0.160252,1,1,1,0,1.789621
295,LEO_0,LEO,0.767103,0.9195,0.165134,0.085404,1,1,1,0,0.463548
295,LEO_1,LEO,0.811368,0.926802,0.009033,0.082445,2,0,0,0,0.643872
296,BS_0,BS,0.59704,0.836643,0.41577,0.282643,1,1,1,2,0.0
296,BS_1,BS,0.696419,0.894649,0.261804,0.224964,1,1,1,0,0.60694
296,BS_2,BS,0.761888,0.849553,0.171956,0.307831,1,1,1,2,0.0
296,BS_3,BS,0.658542,0.806168,0.317727,0.51682,1,1,1,4,0.0
296,BS_4,BS,0.644792,0.819825,0.338828,0.277624,1,1,1,4,0.0
296,HAP_0,HAP,0.80822,0.943263,0.01292,0.03594,2,0,0,0,0.576974
296,HAP_1,HAP,0.772466,0.872094,0.158168,0.120622,1,1,1,4,0.607298
296,HAP_2,HAP,0.633305,0.901078,0.356803,0.18549,1,1,1,0,0.43437
296,LEO_0,LEO,0.749202,0.922921,0.088746,0.071867,2,0,0,0,0.781041
296,LEO_1,LEO,0.668984,0.912445,0.301995,0.106996,1,1,1,0,1.204284
297,BS_0,BS,0.571429,0.82805,0.459614,0.321174,1,1,1,3,0.0
297,BS_1,BS,0.732786,0.902078,0.210901,0.199987,1,1,1,0,0.0
297,BS_2,BS,0.760616,0.861752,0.173627,0.259831,1,1,1,1,0.0
297,BS_3,BS,0.649445,0.81004,0.331638,0.462949,1,1,1,3,0.0
297,BS_4,BS,0.62735,0.818885,0.366251,0.282462,1,1,1,4,0.0
297,HAP_0,HAP,0.54898,0.911455,0.499693,0.141114,1,1,1,0,2.236369
297,HAP_1,HAP,0.744151,0.87095,0.195512,0.113699,1,1,1,5,0.578114
297,HAP_2,HAP,0.702245,0.902303,0.253473,0.177304,1,1,1,0,0.266775
297,LEO_0,LEO,0.67112,0.924904,0.098807,0.061887,3,0,0,0,0.754241
297,LEO_1,LEO,0.575517,0.899624,0.452487,0.177732,1,1,1,0,0.125988
298,BS_0,BS,0.696842,0.832031,0.261197,0.28764,1,1,1,3,0.0
298,BS_1,BS,0.665072,0.896953,0.307861,0.202639,1,1,1,0,0.75505
298,BS_2,BS,0.66738,0.860659,0.304396,0.24956,1,1,1,2,0.691786
298,BS_3,BS,0.44108,0.79656,0.71853,0.602687,1,1,1,2,0.0
298,BS_4,BS,0.648301,0.820104,0.3334,0.27599,1,1,1,4,0.0
298,HAP_0,HAP,0.716949,0.907014,0.232751,0.137269,1,1,1,0,0.693667
298,HAP_1,HAP,0.635242,0.860536,0.353749,0.147271,1,1,1,4,0.715228
298,HAP_2,HAP,0.782746,0.90686,0.144947,0.151297,1,1,1,0,0.701896
298,LEO_0,LEO,0.613007,0.929878,0.089379,0.053104,4,0,0,0,0.397618
298,LEO_1,LEO,0.759244,0.909501,0.075432,0.144746,2,0,0,0,0.629437
299,BS_0,BS,0.608034,0.830245,0.397524,0.301224,1,1,1,2,0.0
299,BS_1,BS,0.805858,0.907035,0.115847,0.168151,1,1,1,0,0.291123
299,BS_2,BS,0.601945,0.857797,0.407589,0.274406,1,1,1,1,0.201583
299,BS_3,BS,0.603114,0.799237,0.405648,0.556197,1,1,1,3,0.0
299,BS_4,BS,0.639217,0.820232,0.347511,0.275136,1,1,1,5,0.0
299,HAP_0,HAP,0.719206,0.906397,0.229608,0.133539,1,1,1,0,0.475192
299,HAP_1,HAP,0.88033,0.87191,0.027458,0.118156,1,1,0,4,0.406413
299,HAP_2,HAP,0.767735,0.916744,0.064311,0.122899,2,0,0,0,0.453592
299,LEO_0,LEO,0.864361,0.935821,0.045764,0.043426,1,1,0,0,0.549967
299,LEO_1,LEO,0.671531,0.915695,0.098195,0.120136,3,0,0,0,0.609895
300,BS_0,BS,0.784238,0.843195,0.143043,0.250187,1,1,1,3,0.0
300,BS_1,BS,0.784393,0.919776,0.042845,0.135347,2,0,0,0,0.320764
300,BS_2,BS,0.479969,0.837435,0.634034,0.400425,1,1,1,2,0.0
300,BS_3,BS,0.688162,0.808231,0.273731,0.478676,1,1,1,4,0.0
300,BS_4,BS,0.647964,0.821151,0.33392,0.270284,1,1,1,4,0.0
300,HAP_0,HAP,0.782501,0.916953,0.04526,0.107753,2,0,0,0,0.54508
300,HAP_1,HAP,0.845504,0.878484,0.067823,0.096595,1,1,0,4,0.775567
300,HAP_2,HAP,0.795213,0.921733,0.129145,0.105825,1,1,1,0,0.367015
300,LEO_0,LEO,0.769477,0.93853,0.062044,0.036473,2,0,0,0,0.667104
300,LEO_1,LEO,0.812016,0.919898,0.108236,0.10138,1,1,1,0,0.620184
301,BS_0,BS,0.739558,0.848842,0.201703,0.218457,1,1,1,2,0.0
301,BS_1,BS,0.727763,0.930563,0.017779,0.10842,3,0,0,0,0.441812
301,BS_2,BS,0.428034,0.820254,0.748553,0.572489,1,1,1,0,0.328538
301,BS_3,BS,0.671432,0.813738,0.298342,0.422994,1,1,1,4,0.0
301,BS_4,BS,0.638986,0.821048,0.347872,0.270684,1,1,1,6,0.0
301,HAP_0,HAP,0.80601,0.922231,0.115659,0.092222,1,1,1,0,0.412833
301,HAP_1,HAP,0.839363,0.883286,0.075112,0.079815,1,1,0,4,0.772645
301,HAP_2,HAP,0.808836,0.932539,0.012159,0.084726,2,0,0,0,0.416959
301,LEO_0,LEO,0.712438,0.942421,0.039063,0.029865,3,0,0,0,0.597317
301,LEO_1,LEO,0.780344,0.926477,0.04802,0.082142,2,0,0,0,0.665868
302,BS_0,BS,0.650224,0.848342,0.330439,0.223901,1,1,1,3,0.0
302,BS_1,BS,0.610109,0.933468,0.094117,0.090722,4,0,0,0,0.562212
302,BS_2,BS,0.431959,0.798882,0.739424,0.704027,1,1,1,2,0.706529
302,BS_3,BS,0.631072,0.816232,0.360335,0.396824,1,1,1,3,0.0
302,BS_4,BS,0.648089,0.821815,0.333727,0.266666,1,1,1,5,0.0
302,HAP_0,HAP,0.791959,0.930552,0.033246,0.074275,2,0,0,0,0.544941
302,HAP_1,HAP,0.696572,0.878121,0.261585,0.094644,1,1,1,2,0.551181
302,HAP_2,HAP,0.683421,0.935682,0.080644,0.070708,3,0,0,0,0.585839
302,LEO_0,LEO,0.629263,0.943723,0.063206,0.02569,4,0,0,0,0.651202
302,LEO_1,LEO,0.677305,0.92862,0.089634,0.069329,3,0,0,0,0.734004
303,BS_0,BS,0.684607,0.847758,0.27891,0.214127,1,1,1,3,0.0
303,BS_1,BS,0.747918,0.934279,0.190462,0.088901,1,1,1,0,0.0
303,BS_2,BS,0.526194,0.80169,0.542086,0.695457,1,1,1,1,0.0
303,BS_3,BS,0.645312,0.821827,0.338021,0.368875,1,1,1,3,0.0
303,BS_4,BS,0.610532,0.818846,0.393425,0.282985,1,1,1,3,0.0
303,HAP_0,HAP,0.616784,0.910959,0.383237,0.125512,1,1,1,0,1.180033
303,HAP_1,HAP,0.678382,0.870651,0.288045,0.113052,1,1,1,4,0.513499
303,HAP_2,HAP,0.614193,0.937686,0.087445,0.060007,4,0,0,0,0.56379
303,LEO_0,LEO,0.885666,0.948541,0.021415,0.020758,1,1,0,0,0.483485
303,LEO_1,LEO,0.660932,0.935999,0.014104,0.055553,4,0,0,0,0.576781
304,BS_0,BS,0.672347,0.845551,0.29698,0.21099,1,1,1,3,0.0
304,BS_1,BS,0.633629,0.919063,0.356292,0.128246,1,1,1,0,0.846188
304,BS_2,BS,0.565738,0.803761,0.469623,0.655612,1,1,1,2,0.0
304,BS_3,BS,0.766541,0.835318,0.165867,0.307481,1,1,1,4,0.0
304,BS_4,BS,0.646826,0.819937,0.335678,0.277094,1,1,1,5,0.0
304,HAP_0,HAP,0.647427,0.904366,0.334749,0.150835,1,1,1,0,0.277419
304,HAP_1,HAP,0.780092,0.872708,0.148343,0.100344,1,1,1,5,0.347542
304,HAP_2,HAP,0.775179,0.934249,0.154661,0.05877,1,1,1,0,0.687269
304,LEO_0,LEO,0.754531,0.939992,0.181659,0.031457,1,1,1,0,0.863858
304,LEO_1,LEO,0.820822,0.938574,0.097449,0.048716,1,1,0,0,0.395943
305,BS_0,BS,0.663365,0.842848,0.31043,0.212157,1,1,1,3,0.0
305,BS_1,BS,0.778272,0.925535,0.05068,0.103753,2,0,0,0,0.659708
305,BS_2,BS,0.654906,0.811717,0.323263,0.571514,1,1,1,2,0.0
305,BS_3,BS,0.689165,0.837479,0.272274,0.279345,1,1,1,3,0.0
305,BS_4,BS,0.642966,0.820449,0.341663,0.274205,1,1,1,4,0.0
305,HAP_0,HAP,0.802643,0.912778,0.119845,0.127131,1,1,1,0,0.332513
305,HAP_1,HAP,0.74834,0.87179,0.189898,0.096503,1,1,1,6,0.429844
305,HAP_2,HAP,0.793638,0.931408,0.131128,0.054753,1,1,1,0,0.84993
305,LEO_0,LEO,0.816539,0.944477,0.00268,0.025168,2,0,0,0,0.720983
305,LEO_1,LEO,0.654435,0.921891,0.323983,0.086207,1,1,1,0,1.081787
306,BS_0,BS,0.587904,0.836279,0.431192,0.253393,1,1,1,2,0.0
306,BS_1,BS,0.78843,0.928317,0.137712,0.091536,1,1,1,0,0.314191
306,BS_2,BS,0.807671,0.830519,0.1136,0.463018,1,1,1,2,0.0
306,BS_3,BS,0.681954,0.838128,0.282793,0.259463,1,1,1,3,0.0
306,BS_4,BS,0.642506,0.820817,0.342379,0.272115,1,1,1,3,0.0
306,HAP_0,HAP,0.707767,0.907917,0.245641,0.128858,1,1,1,0,0.857868
306,HAP_1,HAP,0.703959,0.867373,0.251034,0.10556,1,1,1,5,0.801266
306,HAP_2,HAP,0.782361,0.933988,0.045439,0.044732,2,0,0,0,0.848381
306,LEO_0,LEO,0.681942,0.941974,0.08281,0.023221,3,0,0,0,0.895907
306,LEO_1,LEO,0.69973,0.917387,0.257061,0.098701,1,1,1,0,0.349502
307,BS_0,BS,0.719268,0.841047,0.229521,0.22642,1,1,1,3,0.0
307,BS_1,BS,0.716921,0.927917,0.232789,0.097615,1,1,1,0,0.0
307,BS_2,BS,0.669239,0.83191,0.301615,0.411352,1,1,1,1,3.320817
307,BS_3,BS,0.652231,0.835883,0.327357,0.255794,1,1,1,4,0.0
307,BS_4,BS,0.623427,0.819302,0.372523,0.28014,1,1,1,5,0.0
307,HAP_0,HAP,0.778355,0.917227,0.050573,0.104237,2,0,0,0,0.569825
307,HAP_1,HAP,0.669631,0.860838,0.301029,0.125226,1,1,1,5,0.377009
307,HAP_2,HAP,0.71011,0.937555,0.042336,0.036592,3,0,0,0,0.676599
307,LEO_0,LEO,0.76856,0.938837,0.163237,0.030567,1,1,1,0,0.402509
307,LEO_1,LEO,0.776327,0.921543,0.153181,0.08952,1,1,1,0,0.279381
308,BS_0,BS,0.687097,0.84148,0.27528,0.215236,1,1,1,3,0.775155
308,BS_1,BS,0.785385,0.930247,0.141581,0.087112,1,1,1,0,0.429728
308,BS_2,BS,0.783392,0.841999,0.144123,0.338429,1,1,1,2,0.75531
308,BS_3,BS,0.648828,0.833756,0.332588,0.254412,1,1,1,4,0.0
308,BS_4,BS,0.639797,0.819645,0.346605,0.278172,1,1,1,3,0.0
308,HAP_0,HAP,0.737023,0.92672,0.005136,0.083402,3,0,0,0,0.692406
308,HAP_1,HAP,0.660886,0.85482,0.314174,0.144599,1,1,1,5,0.57671
308,HAP_2,HAP,0.790461,0.936233,0.135139,0.037492,1,1,1,0,0.535509
308,LEO_0,LEO,0.786755,0.935145,0.139838,0.033254,1,1,1,0,0.818187
308,LEO_1,LEO,0.766303,0.921136,0.166178,0.084043,1,1,1,0,0.686572
309,BS_0,BS,0.619637,0.837976,0.378622,0.236699,1,1,1,2,0.0
309,BS_1,BS,0.746191,0.926572,0.192773,0.086412,1,1,1,0,0.667533
309,BS_2,BS,0.838529,0.854057,0.076106,0.273349,1,1,1,2,0.745058
309,BS_3,BS,0.646879,0.83187,0.335597,0.254211,1,1,1,3,0.0
309,BS_4,BS,0.647395,0.820628,0.334799,0.272978,1,1,1,3,0.0
309,HAP_0,HAP,0.62238,0.931206,0.074205,0.069199,4,0,0,0,0.545863
309,HAP_1,HAP,0.744524,0.858177,0.19501,0.132792,1,1,1,4,0.357375
309,HAP_2,HAP,0.786479,0.941069,0.04019,0.03072,2,0,0,0,0.545632
309,LEO_0,LEO,0.811663,0.94035,0.00867,0.026637,2,0,0,0,0.717322
309,LEO_1,LEO,0.761552,0.92585,0.072397,0.069593,2,0,0,0,0.686193
310,BS_0,BS,0.607931,0.837273,0.397695,0.260531,1,1,1,2,0.0
310,BS_1,BS,0.680742,0.922972,0.284572,0.105571,1,1,1,0,0.0
310,BS_2,BS,0.623518,0.85026,0.372377,0.281079,1,1,1,1,0.405723
310,BS_3,BS,0.645682,0.830249,0.337448,0.254611,1,1,1,4,0.0
310,BS_4,BS,0.624537,0.819258,0.370745,0.280236,1,1,1,5,0.0
310,HAP_0,HAP,0.853633,0.935512,0.058254,0.056886,1,1,0,0,0.601672
310,HAP_1,HAP,0.699508,0.856303,0.257378,0.136043,1,1,1,6,0.363942
310,HAP_2,HAP,0.805385,0.941507,0.116435,0.030677,1,1,1,0,0.407608
310,LEO_0,LEO,0.71026,0.942005,0.042124,0.022108,3,0,0,0,0.787285
310,LEO_1,LEO,0.708579,0.931714,0.044493,0.056565,3,0,0,0,0.619189
311,BS_0,BS,0.623989,0.833672,0.371623,0.270572,1,1,1,3,0.0
311,BS_1,BS,0.761912,0.923418,0.171924,0.097758,1,1,1,0,0.550244
311,BS_2,BS,0.607889,0.849736,0.397763,0.29606,1,1,1,1,0.0
311,BS_3,BS,0.647798,0.829149,0.334176,0.253941,1,1,1,4,0.0
311,BS_4,BS,0.642323,0.819847,0.342664,0.277027,1,1,1,4,0.0
311,HAP_0,HAP,0.688602,0.921796,0.273092,0.07907,1,1,1,0,1.129583
311,HAP_1,HAP,0.690886,0.853896,0.269781,0.141586,1,1,1,4,0.530868
311,HAP_2,HAP,0.625714,0.92083,0.368862,0.085768,1,1,1,0,1.171478
311,LEO_0,LEO,0.643408,0.944645,0.040976,0.018442,4,0,0,0,0.618927
311,LEO_1,LEO,0.632956,0.93544,0.057354,0.046732,4,0,0,0,0.653767
312,BS_0,BS,0.694618,0.836304,0.264394,0.247914,1,1,1,3,0.0
312,BS_1,BS,0.50324,0.890604,0.586689,0.233098,1,1,1,0,2.134531
312,BS_2,BS,0.582677,0.850147,0.440122,0.324016,1,1,1,1,0.0
312,BS_3,BS,0.62963,0.827984,0.362624,0.262326,1,1,1,4,0.0
312,BS_4,BS,0.623942,0.818575,0.371697,0.283793,1,1,1,5,0.0
312,HAP_0,HAP,0.730071,0.918371,0.214613,0.083982,1,1,1,0,0.517995
312,HAP_1,HAP,0.761266,0.857759,0.172773,0.126702,1,1,1,4,0.772046
312,HAP_2,HAP,0.685786,0.915053,0.27719,0.10319,1,1,1,0,0.366369
312,LEO_0,LEO,0.850448,0.945811,0.061991,0.016483,1,1,0,0,0.610686
312,LEO_1,LEO,0.888852,0.941386,0.017825,0.037529,1,1,0,0,0.574826
313,BS_0,BS,0.658347,0.836319,0.318023,0.243844,1,1,1,3,0.0
313,BS_1,BS,0.6495,0.886395,0.331552,0.235946,1,1,1,0,0.451218
313,BS_2,BS,0.437761,0.825491,0.726083,0.496451,1,1,1,2,0.239207
313,BS_3,BS,0.669175,0.832055,0.301709,0.250824,1,1,1,3,0.0
313,BS_4,BS,0.643744,0.819433,0.340454,0.279194,1,1,1,5,0.0
313,HAP_0,HAP,0.741426,0.9234,0.099179,0.071612,2,0,0,0,0.513476
313,HAP_1,HAP,0.768724,0.861427,0.163023,0.113321,1,1,1,5,0.421627
313,HAP_2,HAP,0.789065,0.92007,0.136906,0.090986,1,1,1,0,0.345226
313,LEO_0,LEO,0.813096,0.949966,0.006906,0.013208,2,0,0,0,0.628865
313,LEO_1,LEO,0.814751,0.939401,0.104873,0.034972,1,1,1,0,0.779602
314,BS_0,BS,0.601905,0.834027,0.407656,0.269857,1,1,1,2,0.0
314,BS_1,BS,0.491634,0.868623,0.61002,0.356212,1,1,1,1,0.0
314,BS_2,BS,0.629214,0.83309,0.363285,0.45655,1,1,1,1,0.0
314,BS_3,BS,0.746483,0.842052,0.192382,0.217314,1,1,1,3,0.0
314,BS_4,BS,0.636365,0.819428,0.351983,0.279106,1,1,1,3,0.0
314,HAP_0,HAP,0.678462,0.92793,0.087927,0.060769,3,0,0,0,0.555671
314,HAP_1,HAP,0.728381,0.861126,0.216931,0.111833,1,1,1,4,0.744769
314,HAP_2,HAP,0.789429,0.929154,0.036445,0.073387,2,0,0,0,0.495451
314,LEO_0,LEO,0.761187,0.940635,0.172876,0.024015,1,1,1,0,0.963896
314,LEO_1,LEO,0.781742,0.940952,0.04623,0.02894,2,0,0,0,0.788966
315,BS_0,BS,0.661011,0.834268,0.313984,0.26025,1,1,1,3,0.0
315,BS_1,BS,0.4784,0.847699,0.637308,0.467743,1,1,1,1,0.331568
315,BS_2,BS,0.590432,0.838127,0.4269,0.44725,1,1,1,1,0.0
315,BS_3,BS,0.69966,0.843802,0.25716,0.20361,1,1,1,4,0.0
315,BS_4,BS,0.647938,0.820504,0.33396,0.273473,1,1,1,5,0.0
315,HAP_0,HAP,0.614419,0.931592,0.087079,0.052027,4,0,0,0,0.553041
315,HAP_1,HAP,0.786302,0.865476,0.140414,0.098339,1,1,1,3,0.765366
315,HAP_2,HAP,0.697592,0.936449,0.06012,0.060336,3,0,0,0,0.290456
315,LEO_0,LEO,0.762974,0.936388,0.170531,0.032298,1,1,1,0,0.511904
315,LEO_1,LEO,0.672421,0.941301,0.09687,0.027374,3,0,0,0,0.511182
316,BS_0,BS,0.674959,0.83802,0.293103,0.246859,1,1,1,2,0.0
316,BS_1,BS,0.525998,0.83211,0.542457,0.506611,1,1,1,2,0.489725
316,BS_2,BS,0.677922,0.852632,0.288723,0.395312,1,1,1,0,0.0
316,BS_3,BS,0.684395,0.843407,0.279219,0.197972,1,1,1,4,0.0
316,BS_4,BS,0.648117,0.821383,0.333684,0.268884,1,1,1,4,0.0
316,HAP_0,HAP,0.885383,0.93681,0.021735,0.041834,1,1,0,0,0.756748
316,HAP_1,HAP,0.77854,0.874361,0.050335,0.079811,2,0,0,4,0.57904
316,HAP_2,HAP,0.632873,0.94068,0.057486,0.049756,4,0,0,0,0.54718
316,LEO_0,LEO,0.815509,0.934915,0.103943,0.030701,1,1,1,0,0.847662
316,LEO_1,LEO,0.641732,0.943978,0.043585,0.022754,4,0,0,0,0.664754
317,BS_0,BS,0.701975,0.840823,0.253857,0.226487,1,1,1,3,0.0
317,BS_1,BS,0.726044,0.837779,0.220144,0.427097,1,1,1,2,0.653558
317,BS_2,BS,0.81224,0.875519,0.10796,0.321495,1,1,1,0,0.0
317,BS_3,BS,0.660794,0.84089,0.314313,0.202834,1,1,1,4,0.0
317,BS_4,BS,0.620354,0.819458,0.377465,0.279223,1,1,1,6,0.0
317,HAP_0,HAP,0.774371,0.938176,0.055704,0.034864,2,0,0,0,0.812239
317,HAP_1,HAP,0.753211,0.873484,0.18341,0.078987,1,1,1,4,0.349613
317,HAP_2,HAP,0.807125,0.939804,0.114277,0.045681,1,1,1,0,0.609562
317,LEO_0,LEO,0.773696,0.936042,0.056577,0.026001,2,0,0,0,0.862996
317,LEO_1,LEO,0.779665,0.941381,0.14889,0.028179,1,1,1,0,0.447325
318,BS_0,BS,0.648165,0.84092,0.33361,0.231272,1,1,1,2,0.0
318,BS_1,BS,0.724021,0.844239,0.222934,0.364043,1,1,1,1,0.581942
318,BS_2,BS,0.522234,0.858888,0.54964,0.393143,1,1,1,0,1.065873
318,BS_3,BS,0.651736,0.83803,0.328116,0.210714,1,1,1,4,0.0
318,BS_4,BS,0.647724,0.820509,0.33429,0.273666,1,1,1,6,0.0
318,HAP_0,HAP,0.729299,0.942741,0.015672,0.028002,3,0,0,0,0.659149
318,HAP_1,HAP,0.609092,0.864216,0.395787,0.13368,1,1,1,4,0.347158
318,HAP_2,HAP,0.543832,0.90812,0.509114,0.153184,1,1,1,0,1.907661
318,LEO_0,LEO,0.793847,0.935297,0.130864,0.028507,1,1,1,0,0.498124
318,LEO_1,LEO,0.80164,0.94684,0.021096,0.022744,2,0,0,0,0.503094
319,BS_0,BS,0.724976,0.849031,0.221616,0.207119,1,1,1,2,0.0
319,BS_1,BS,0.68795,0.84824,0.274039,0.325028,1,1,1,2,0.0
319,BS_2,BS,0.640062,0.864629,0.34619,0.368446,1,1,1,0,0.0
319,BS_3,BS,0.646028,0.835794,0.336913,0.219651,1,1,1,3,0.0
319,BS_4,BS,0.641089,0.820732,0.344587,0.272366,1,1,1,4,0.0
319,HAP_0,HAP,0.76421,0.939498,0.168913,0.03524,1,1,1,0,0.398589
319,HAP_1,HAP,0.791917,0.87097,0.133299,0.11494,1,1,1,3,0.391216
319,HAP_2,HAP,0.544226,0.891969,0.508391,0.238855,1,1,1,0,0.173503
319,LEO_0,LEO,0.806411,0.941479,0.015162,0.022909,2,0,0,0,0.58906
319,LEO_1,LEO,0.54209,0.913733,0.512324,0.136309,1,1,1,0,1.650267
320,BS_0,BS,0.673157,0.853803,0.295777,0.205063,1,1,1,2,0.0
320,BS_1,BS,0.686738,0.849042,0.275802,0.294253,1,1,1,2,0.0
320,BS_2,BS,0.770727,0.881736,0.160421,0.306337,1,1,1,0,0.0
320,BS_3,BS,0.616715,0.833518,0.383348,0.241851,1,1,1,3,0.0
320,BS_4,BS,0.640952,0.820898,0.344801,0.271392,1,1,1,5,0.0
320,HAP_0,HAP,0.792676,0.945076,0.032341,0.028663,2,0,0,0,0.458757
320,HAP_1,HAP,0.787541,0.874777,0.13884,0.100627,1,1,1,4,0.501737
320,HAP_2,HAP,0.874307,0.906482,0.034323,0.191614,1,1,1,0,0.528623
320,LEO_0,LEO,0.639974,0.921132,0.346329,0.072302,1,1,1,0,1.262725
320,LEO_1,LEO,0.599503,0.900999,0.411654,0.185304,1,1,1,0,0.335996
321,BS_0,BS,0.749193,0.864825,0.188759,0.180084,1,1,1,1,0.0
321,BS_1,BS,0.725561,0.855379,0.220811,0.257343,1,1,1,2,0.0
321,BS_2,BS,0.807459,0.896026,0.113863,0.250904,1,1,1,0,0.307841
321,BS_3,BS,0.697267,0.836756,0.260587,0.224038,1,1,1,4,0.0
321,BS_4,BS,0.643514,0.821269,0.340811,0.269382,1,1,1,5,0.0
321,HAP_0,HAP,0.691787,0.945857,0.068477,0.025041,3,0,0,0,0.647251
321,HAP_1,HAP,0.802819,0.87791,0.119626,0.086941,1,1,1,3,0.678766
321,HAP_2,HAP,0.621527,0.891881,0.375577,0.216767,1,1,1,0,1.220442
321,LEO_0,LEO,0.612474,0.909112,0.390249,0.126374,1,1,1,0,0.265575
321,LEO_1,LEO,0.724952,0.904302,0.22165,0.170351,1,1,1,0,0.267567
322,BS_0,BS,0.736635,0.873162,0.205662,0.163101,1,1,1,2,0.0
322,BS_1,BS,0.776711,0.862716,0.152687,0.216365,1,1,1,2,0.0
322,BS_2,BS,0.607111,0.884703,0.399044,0.272379,1,1,1,0,0.958621
322,BS_3,BS,0.681122,0.837479,0.284013,0.215529,1,1,1,4,0.0
322,BS_4,BS,0.601872,0.817553,0.40771,0.290308,1,1,1,7,0.0
322,HAP_0,HAP,0.775438,0.944674,0.154327,0.03075,1,1,1,0,0.191686
322,HAP_1,HAP,0.793672,0.879516,0.131085,0.077285,1,1,1,4,1.346065
322,HAP_2,HAP,0.656573,0.889429,0.320722,0.219702,1,1,1,0,0.334832
322,LEO_0,LEO,0.753399,0.917997,0.08316,0.104211,2,0,0,0,0.428311
322,LEO_1,LEO,0.812938,0.911546,0.1071,0.141442,1,1,1,0,0.603743
323,BS_0,BS,0.456028,0.844146,0.685201,0.341756,1,1,1,3,0.0
323,BS_1,BS,0.786312,0.869656,0.140402,0.181963,1,1,1,2,0.0
323,BS_2,BS,0.633686,0.884755,0.356202,0.274999,1,1,1,0,0.0
323,BS_3,BS,0.65978,0.836056,0.315849,0.217316,1,1,1,4,0.0
323,BS_4,BS,0.613355,0.815714,0.388811,0.300275,1,1,1,6,0.0
323,HAP_0,HAP,0.764379,0.939872,0.168691,0.037406,1,1,1,0,0.649407
323,HAP_1,HAP,0.763872,0.880717,0.169355,0.074735,1,1,1,4,0.410989
323,HAP_2,HAP,0.69713,0.894013,0.260784,0.206365,1,1,1,0,0.114572
323,LEO_0,LEO,0.812341,0.923996,0.107835,0.088602,1,1,1,0,0.383963
323,LEO_1,LEO,0.532746,0.884361,0.52971,0.239421,1,1,1,0,1.693472
324,BS_0,BS,0.496752,0.833406,0.599664,0.435223,1,1,1,1,0.0
324,BS_1,BS,0.691964,0.865213,0.268222,0.177945,1,1,1,2,0.45703
324,BS_2,BS,0.772254,0.897971,0.158442,0.231296,1,1,1,0,0.0
324,BS_3,BS,0.649146,0.833923,0.332098,0.223482,1,1,1,3,0.0
324,BS_4,BS,0.641203,0.816906,0.344409,0.293598,1,1,1,8,0.0
324,HAP_0,HAP,0.732443,0.930805,0.21137,0.050029,1,1,1,0,0.907633
324,HAP_1,HAP,0.770454,0.88038,0.160775,0.07142,1,1,1,4,0.791988
324,HAP_2,HAP,0.796223,0.902954,0.127876,0.172451,1,1,1,0,0.525873
324,LEO_0,LEO,0.512365,0.892287,0.568718,0.216429,1,1,1,0,1.537154
324,LEO_1,LEO,0.60496,0.877867,0.402593,0.264473,1,1,1,0,0.355888
325,BS_0,BS,0.669818,0.839338,0.30075,0.388881,1,1,1,2,0.0
325,BS_1,BS,0.527214,0.847739,0.540149,0.273648,1,1,1,1,0.613089
325,BS_2,BS,0.763905,0.904876,0.169312,0.197937,1,1,1,0,0.409577
325,BS_3,BS,0.647562,0.832067,0.334541,0.229149,1,1,1,3,0.0
325,BS_4,BS,0.625409,0.816364,0.369349,0.296266,1,1,1,5,0.0
325,HAP_0,HAP,0.782668,0.934841,0.045046,0.040937,2,0,0,0,0.677295
325,HAP_1,HAP,0.766117,0.879409,0.16642,0.069599,1,1,1,4,0.840338
325,HAP_2,HAP,0.743172,0.903401,0.196828,0.155394,1,1,1,0,0.77946
325,LEO_0,LEO,0.670105,0.889235,0.300321,0.21373,1,1,1,0,0.502273
325,LEO_1,LEO,0.833896,0.891946,0.081646,0.214578,1,1,1,0,0.544475
326,BS_0,BS,0.698684,0.849672,0.258557,0.341188,1,1,1,2,0.0
326,BS_1,BS,0.674645,0.847448,0.293569,0.257701,1,1,1,2,0.0
326,BS_2,BS,0.687941,0.900513,0.274053,0.192147,1,1,1,0,0.784558
326,BS_3,BS,0.648152,0.830636,0.33363,0.233408,1,1,1,4,0.0
326,BS_4,BS,0.63789,0.817116,0.349589,0.292009,1,1,1,4,0.0
326,HAP_0,HAP,0.697589,0.935587,0.060126,0.034376,3,0,0,0,0.907238
326,HAP_1,HAP,0.724518,0.875211,0.222249,0.077906,1,1,1,3,0.699802
326,HAP_2,HAP,0.786137,0.914331,0.040624,0.125058,2,0,0,0,0.56526
326,LEO_0,LEO,0.758741,0.895987,0.176095,0.184938,1,1,1,0,0.439988
326,LEO_1,LEO,0.873027,0.905179,0.035789,0.172239,1,1,1,0,0.642618
327,BS_0,BS,0.493947,0.830608,0.605328,0.43784,1,1,1,2,0.0
327,BS_1,BS,0.777073,0.855722,0.152221,0.216588,1,1,1,2,0.0
327,BS_2,BS,0.659956,0.900086,0.315582,0.198534,1,1,1,0,0.0
327,BS_3,BS,0.648304,0.829505,0.333396,0.236746,1,1,1,4,0.0
327,BS_4,BS,0.614308,0.815457,0.387258,0.301093,1,1,1,6,0.0
327,HAP_0,HAP,0.647984,0.925669,0.33389,0.077668,1,1,1,0,0.129019
327,HAP_1,HAP,0.573093,0.862438,0.456707,0.156187,1,1,1,2,0.582405
327,HAP_2,HAP,0.704393,0.922634,0.050419,0.10119,3,0,0,0,0.57689
327,LEO_0,LEO,0.8393,0.905787,0.075187,0.150495,1,1,1,0,0.690511
327,LEO_1,LEO,0.743606,0.910801,0.096243,0.141959,2,0,0,0,0.79011
328,BS_0,BS,0.66498,0.831444,0.307998,0.39296,1,1,1,3,0.0
328,BS_1,BS,0.737145,0.857659,0.20497,0.192176,1,1,1,2,0.706122
328,BS_2,BS,0.788837,0.911559,0.137195,0.167297,1,1,1,0,0.0
328,BS_3,BS,0.645226,0.828315,0.338154,0.240853,1,1,1,3,0.0
328,BS_4,BS,0.647195,0.817259,0.335108,0.291408,1,1,1,7,0.0
328,HAP_0,HAP,0.762434,0.93356,0.071239,0.064418,2,0,0,0,0.26841
328,HAP_1,HAP,0.627188,0.858393,0.366509,0.185397,1,1,1,4,0.186912
328,HAP_2,HAP,0.742831,0.916749,0.197287,0.098467,1,1,1,0,1.045011
328,LEO_0,LEO,0.695054,0.898582,0.263765,0.151703,1,1,1,0,1.115474
328,LEO_1,LEO,0.727679,0.921176,0.017895,0.113712,3,0,0,0,0.609799
329,BS_0,BS,0.659987,0.833976,0.315536,0.359172,1,1,1,3,0.0
329,BS_1,BS,0.715587,0.857124,0.234653,0.178519,1,1,1,2,0.507625
329,BS_2,BS,0.751202,0.922102,0.08608,0.137172,2,0,0,0,0.240628
329,BS_3,BS,0.647843,0.827605,0.334107,0.242915,1,1,1,3,0.0
329,BS_4,BS,0.636468,0.817698,0.351822,0.288827,1,1,1,7,0.0
329,HAP_0,HAP,0.749426,0.928945,0.188447,0.067515,1,1,1,0,0.756995
329,HAP_1,HAP,0.645603,0.853662,0.33757,0.199597,1,1,1,4,0.411168
329,HAP_2,HAP,0.740869,0.916975,0.099931,0.083267,2,0,0,0,1.06551
329,LEO_0,LEO,0.745362,0.90521,0.093886,0.125329,2,0,0,0,0.747253
329,LEO_1,LEO,0.646048,0.928051,0.036881,0.091581,4,0,0,0,0.674779
330,BS_0,BS,0.706536,0.837889,0.247381,0.314876,1,1,1,3,0.0
330,BS_1,BS,0.51995,0.841942,0.554022,0.280938,1,1,1,1,0.688389
330,BS_2,BS,0.704446,0.918217,0.250343,0.13794,1,1,1,0,0.506051
330,BS_3,BS,0.636493,0.826093,0.351781,0.250019,1,1,1,3,0.0
330,BS_4,BS,0.647365,0.819068,0.334845,0.281516,1,1,1,6,0.0
330,HAP_0,HAP,0.775967,0.934711,0.053646,0.055307,2,0,0,0,0.488359
330,HAP_1,HAP,0.680827,0.851303,0.284447,0.196087,1,1,1,4,0.916037
330,HAP_2,HAP,0.79048,0.91857,0.135115,0.074829,1,1,1,0,0.60212
330,LEO_0,LEO,0.723228,0.904656,0.22403,0.122849,1,1,1,0,0.558222
330,LEO_1,LEO,0.876096,0.934865,0.032279,0.073734,1,1,0,0,0.537983
331,BS_0,BS,0.673979,0.837748,0.294557,0.290945,1,1,1,3,0.749362
331,BS_1,BS,0.623545,0.83711,0.372334,0.287135,1,1,1,2,0.743497
331,BS_2,BS,0.777193,0.928537,0.052066,0.111572,2,0,0,0,0.25295
331,BS_3,BS,0.631658,0.824333,0.359407,0.258144,1,1,1,4,0.0
331,BS_4,BS,0.617917,0.81737,0.3814,0.290673,1,1,1,6,0.0
331,HAP_0,HAP,0.813487,0.936949,0.106425,0.049342,1,1,1,0,0.423649
331,HAP_1,HAP,0.654157,0.847973,0.324409,0.204228,1,1,1,2,0.778059
331,HAP_2,HAP,0.743752,0.923226,0.096048,0.064015,2,0,0,0,0.560841
331,LEO_0,LEO,0.794794,0.915647,0.029672,0.098675,2,0,0,0,0.635402
331,LEO_1,LEO,0.788776,0.93936,0.037273,0.059612,2,0,0,0,0.64591
332,BS_0,BS,0.646932,0.83653,0.335514,0.283412,1,1,1,3,0.0
332,BS_1,BS,0.645086,0.839815,0.338372,0.281231,1,1,1,2,0.0
332,BS_2,BS,0.735357,0.929803,0.2074,0.108614,1,1,1,0,0.0
332,BS_3,BS,0.647156,0.824361,0.335168,0.257067,1,1,1,4,0.0
332,BS_4,BS,0.631851,0.81735,0.359101,0.290567,1,1,1,6,0.0
332,HAP_0,HAP,0.535329,0.90544,0.524874,0.163446,1,1,1,0,1.46749
332,HAP_1,HAP,0.652206,0.848833,0.327395,0.211617,1,1,1,2,0.36374
332,HAP_2,HAP,0.804184,0.925966,0.117927,0.05747,1,1,1,0,0.545701
332,LEO_0,LEO,0.723802,0.924033,0.023237,0.079183,3,0,0,0,0.728932
332,LEO_1,LEO,0.72685,0.944325,0.019036,0.047853,3,0,0,0,0.595317
333,BS_0,BS,0.63156,0.83655,0.359563,0.284908,1,1,1,3,0.0
333,BS_1,BS,0.687491,0.848313,0.274707,0.258944,1,1,1,2,0.0
333,BS_2,BS,0.745636,0.928124,0.193517,0.103743,1,1,1,0,0.49887
333,BS_3,BS,0.5628,0.819394,0.474832,0.307113,1,1,1,2,0.0
333,BS_4,BS,0.6415,0.818243,0.343946,0.285688,1,1,1,6,0.0
333,HAP_0,HAP,0.555708,0.891362,0.487512,0.237707,1,1,1,0,0.151767
333,HAP_1,HAP,0.59469,0.846776,0.419714,0.248566,1,1,1,1,0.439246
333,HAP_2,HAP,0.634442,0.908254,0.355009,0.10269,1,1,1,0,1.263772
333,LEO_0,LEO,0.657315,0.931602,0.019593,0.063519,4,0,0,0,0.628785
333,LEO_1,LEO,0.631546,0.945255,0.059585,0.03988,4,0,0,0,0.678185
334,BS_0,BS,0.754038,0.84815,0.182312,0.242883,1,1,1,2,0.0
334,BS_1,BS,0.59952,0.842746,0.411626,0.283401,1,1,1,2,0.0
334,BS_2,BS,0.486928,0.892499,0.619639,0.255773,1,1,1,0,3.303241
334,BS_3,BS,0.702254,0.825987,0.25346,0.274599,1,1,1,3,0.0
334,BS_4,BS,0.636317,0.818471,0.352059,0.284326,1,1,1,4,0.0
334,HAP_0,HAP,0.756396,0.899824,0.179191,0.204615,1,1,1,0,0.220784
334,HAP_1,HAP,0.48551,0.827991,0.622555,0.373261,1,1,1,3,0.364254
334,HAP_2,HAP,0.601475,0.898074,0.40837,0.157197,1,1,1,0,0.222977
334,LEO_0,LEO,0.761603,0.930784,0.17233,0.064179,1,1,1,0,0.358464
334,LEO_1,LEO,0.765023,0.942915,0.16785,0.044582,1,1,1,0,0.23654
335,BS_0,BS,0.631212,0.842883,0.360114,0.252664,1,1,1,3,0.0
335,BS_1,BS,0.698622,0.844437,0.258646,0.256825,1,1,1,2,0.782408
335,BS_2,BS,0.516911,0.877842,0.559885,0.345681,1,1,1,0,0.0
335,BS_3,BS,0.684661,0.831122,0.278831,0.254665,1,1,1,3,0.0
335,BS_4,BS,0.644434,0.819414,0.339383,0.279292,1,1,1,5,0.0
335,HAP_0,HAP,0.748686,0.9026,0.189435,0.179841,1,1,1,0,0.673805
335,HAP_1,HAP,0.646913,0.833939,0.335543,0.349274,1,1,1,2,0.412982
335,HAP_2,HAP,0.803007,0.912334,0.019392,0.125927,2,0,0,0,0.51952
335,LEO_0,LEO,0.773548,0.928196,0.156768,0.062403,1,1,1,0,0.774303
335,LEO_1,LEO,0.809123,0.942225,0.111804,0.041291,1,1,1,0,0.594403
336,BS_0,BS,0.703074,0.84698,0.252293,0.230774,1,1,1,2,0.0
336,BS_1,BS,0.592381,0.84226,0.423606,0.286209,1,1,1,1,0.0
336,BS_2,BS,0.705577,0.886836,0.24874,0.304387,1,1,1,0,0.0
336,BS_3,BS,0.576357,0.828941,0.451028,0.295274,1,1,1,2,0.0
336,BS_4,BS,0.620242,0.817872,0.377645,0.287611,1,1,1,6,0.0
336,HAP_0,HAP,0.767695,0.913858,0.064362,0.145737,2,0,0,0,0.39761
336,HAP_1,HAP,0.597679,0.830661,0.414701,0.356809,1,1,1,4,0.500252
336,HAP_2,HAP,0.679506,0.903135,0.286389,0.13765,1,1,1,0,1.069504
336,LEO_0,LEO,0.758377,0.928055,0.176574,0.063952,1,1,1,0,0.312726
336,LEO_1,LEO,0.760465,0.935679,0.173825,0.046629,1,1,1,0,0.823883
337,BS_0,BS,0.757477,0.853715,0.177763,0.198839,1,1,1,2,0.0
337,BS_1,BS,0.717987,0.851799,0.231304,0.253043,1,1,1,1,0.309413
337,BS_2,BS,0.74243,0.893373,0.197826,0.26112,1,1,1,0,0.515488
337,BS_3,BS,0.617459,0.826446,0.382142,0.301934,1,1,1,3,0.0
337,BS_4,BS,0.644218,0.818915,0.339719,0.282023,1,1,1,5,0.0
337,HAP_0,HAP,0.808398,0.92069,0.112701,0.122305,1,1,1,0,0.345319
337,HAP_1,HAP,0.591649,0.824717,0.424842,0.366668,1,1,1,4,0.596886
337,HAP_2,HAP,0.700967,0.902331,0.255294,0.139449,1,1,1,0,0.368764
337,LEO_0,LEO,0.814015,0.930074,0.105777,0.056197,1,1,1,0,0.655246
337,LEO_1,LEO,0.792067,0.935404,0.133109,0.045277,1,1,1,0,0.45232
338,BS_0,BS,0.653242,0.852956,0.325807,0.206839,1,1,1,2,0.0
338,BS_1,BS,0.672194,0.855667,0.297209,0.242184,1,1,1,2,0.0
338,BS_2,BS,0.751378,0.902702,0.185847,0.224439,1,1,1,0,0.0
338,BS_3,BS,0.631748,0.82962,0.359264,0.299629,1,1,1,2,0.0
338,BS_4,BS,0.628797,0.818295,0.363947,0.285224,1,1,1,7,0.0
338,HAP_0,HAP,0.705376,0.913903,0.249025,0.12575,1,1,1,0,0.872629
338,HAP_1,HAP,0.736742,0.834978,0.205518,0.312341,1,1,1,3,0.603635
338,HAP_2,HAP,0.815845,0.91158,0.103531,0.116382,1,1,1,0,0.387594
338,LEO_0,LEO,0.78451,0.935151,0.042696,0.045778,2,0,0,0,0.642725
338,LEO_1,LEO,0.796545,0.940711,0.027472,0.036561,2,0,0,0,0.616699
339,BS_0,BS,0.579707,0.849328,0.445233,0.254676,1,1,1,2,0.0
339,BS_1,BS,0.543674,0.841416,0.509405,0.310519,1,1,1,2,0.0
339,BS_2,BS,0.833392,0.917058,0.082252,0.182595,1,1,1,0,0.0
339,BS_3,BS,0.652521,0.830085,0.326912,0.287795,1,1,1,3,0.0
339,BS_4,BS,0.64272,0.819113,0.342045,0.280827,1,1,1,7,0.0
339,HAP_0,HAP,0.755589,0.92055,0.080257,0.103498,2,0,0,0,0.526926
339,HAP_1,HAP,0.642873,0.832981,0.341808,0.302448,1,1,1,4,0.465932
339,HAP_2,HAP,0.536888,0.885733,0.521965,0.215707,1,1,1,0,1.42478
339,LEO_0,LEO,0.684605,0.938864,0.078913,0.039425,3,0,0,0,0.406631
339,LEO_1,LEO,0.71188,0.945224,0.039847,0.029963,3,0,0,0,0.470191
340,BS_0,BS,0.5334,0.835277,0.528484,0.329424,1,1,1,3,0.0
340,BS_1,BS,0.787091,0.854302,0.139411,0.257161,1,1,1,2,0.0
340,BS_2,BS,0.417057,0.87514,0.774533,0.416032,1,1,1,0,5.752324
340,BS_3,BS,0.706784,0.837096,0.24703,0.257697,1,1,1,3,0.0
340,BS_4,BS,0.643997,0.819887,0.340061,0.2767,1,1,1,6,0.0
340,HAP_0,HAP,0.725743,0.927937,0.020559,0.082989,3,0,0,0,0.764729
340,HAP_1,HAP,0.661543,0.837517,0.31318,0.286095,1,1,1,3,0.119603
340,HAP_2,HAP,0.562771,0.87657,0.474883,0.274047,1,1,1,0,0.135136
340,LEO_0,LEO,0.789526,0.93925,0.136323,0.039902,1,1,1,0,0.34459
340,LEO_1,LEO,0.634494,0.948155,0.054927,0.025328,4,0,0,0,0.46716
341,BS_0,BS,0.728938,0.841762,0.216166,0.284566,1,1,1,3,0.0
341,BS_1,BS,0.745488,0.858652,0.193717,0.222616,1,1,1,2,0.420858
341,BS_2,BS,0.55605,0.868492,0.486897,0.439506,1,1,1,0,0.0
341,BS_3,BS,0.603527,0.834117,0.404964,0.279956,1,1,1,2,0.543217
341,BS_4,BS,0.612613,0.817508,0.390021,0.289813,1,1,1,5,0.0
341,HAP_0,HAP,0.635122,0.931343,0.053938,0.0677,4,0,0,0,0.789509
341,HAP_1,HAP,0.718465,0.84216,0.230638,0.252813,1,1,1,4,0.570478
341,HAP_2,HAP,0.865998,0.894334,0.043873,0.220104,1,1,1,0,0.448183
341,LEO_0,LEO,0.809245,0.946806,0.011653,0.031983,2,0,0,0,0.395391
341,LEO_1,LEO,0.82344,0.94873,0.094265,0.024261,1,1,0,0,0.399056
342,BS_0,BS,0.709968,0.84416,0.242535,0.254124,1,1,1,3,0.480608
342,BS_1,BS,0.665384,0.858687,0.307391,0.220613,1,1,1,1,0.313526
342,BS_2,BS,0.721993,0.880768,0.22574,0.374536,1,1,1,0,0.0
342,BS_3,BS,0.727136,0.845292,0.218642,0.245477,1,1,1,2,0.0
342,BS_4,BS,0.648321,0.819005,0.333369,0.281861,1,1,1,6,0.0
342,HAP_0,HAP,0.830612,0.934262,0.085593,0.057457,1,1,0,0,0.515372
342,HAP_1,HAP,0.809653,0.853719,0.11115,0.20781,1,1,1,3,0.534802
342,HAP_2,HAP,0.841618,0.907786,0.07243,0.178444,1,1,1,0,0.309666
342,LEO_0,LEO,0.795874,0.943751,0.128315,0.032996,1,1,1,0,0.651976
342,LEO_1,LEO,0.817804,0.954512,0.001133,0.01941,2,0,0,0,0.447033
343,BS_0,BS,0.692154,0.844643,0.267947,0.235607,1,1,1,3,0.0
343,BS_1,BS,0.726006,0.863009,0.220196,0.198309,1,1,1,1,0.5812
343,BS_2,BS,0.842973,0.900269,0.07082,0.301886,1,1,1,0,0.0
343,BS_3,BS,0.546891,0.832247,0.503506,0.310464,1,1,1,4,0.0
343,BS_4,BS,0.646696,0.820051,0.335878,0.276255,1,1,1,5,0.0
343,HAP_0,HAP,0.753133,0.935213,0.083514,0.049104,2,0,0,0,0.756382
343,HAP_1,HAP,0.753967,0.860643,0.182407,0.181221,1,1,1,3,0.380177
343,HAP_2,HAP,0.780727,0.919111,0.047529,0.143772,2,0,0,0,0.449815
343,LEO_0,LEO,0.803458,0.940478,0.11883,0.032751,1,1,1,0,0.774177
343,LEO_1,LEO,0.720524,0.957106,0.027776,0.015875,3,0,0,0,0.494592
344,BS_0,BS,0.542574,0.834841,0.511431,0.306188,1,1,1,2,0.0
344,BS_1,BS,0.606971,0.859998,0.399275,0.230386,1,1,1,1,0.0
344,BS_2,BS,0.453174,0.868045,0.691478,0.456673,1,1,1,0,1.332707
344,BS_3,BS,0.678409,0.837802,0.288005,0.285698,1,1,1,2,0.0
344,BS_4,BS,0.628072,0.819135,0.3651,0.280988,1,1,1,4,0.0
344,HAP_0,HAP,0.791766,0.936229,0.133489,0.047302,1,1,1,0,0.311764
344,HAP_1,HAP,0.645826,0.85463,0.337226,0.196151,1,1,1,4,0.166751
344,HAP_2,HAP,0.739732,0.931626,0.001467,0.115018,3,0,0,0,0.340194
344,LEO_0,LEO,0.588923,0.913137,0.42946,0.109197,1,1,1,0,1.499915
344,LEO_1,LEO,0.614734,0.957368,0.086565,0.016072,4,0,0,0,0.269361
345,BS_0,BS,0.696879,0.838582,0.261144,0.275639,1,1,1,3,0.0
345,BS_1,BS,0.655743,0.862922,0.321987,0.230963,1,1,1,2,0.0
345,BS_2,BS,0.587809,0.866419,0.431353,0.449068,1,1,1,0,0.0
345,BS_3,BS,0.651184,0.836361,0.328963,0.277256,1,1,1,4,0.0
345,BS_4,BS,0.633043,0.818875,0.357217,0.282212,1,1,1,6,0.0
345,HAP_0,HAP,0.806971,0.936066,0.114467,0.043738,1,1,1,0,0.657825
345,HAP_1,HAP,0.811977,0.862477,0.108283,0.162197,1,1,1,4,0.521393
345,HAP_2,HAP,0.727771,0.925416,0.217768,0.113355,1,1,1,0,0.763031
345,LEO_0,LEO,0.619888,0.901301,0.378217,0.151729,1,1,1,0,0.477575
345,LEO_1,LEO,0.828839,0.954894,0.087729,0.016321,1,1,0,0,0.639042
346,BS_0,BS,0.699184,0.84067,0.257841,0.250428,1,1,1,3,0.0
346,BS_1,BS,0.558965,0.850623,0.481669,0.289173,1,1,1,2,0.268088
346,BS_2,BS,0.74067,0.880696,0.2002,0.37729,1,1,1,0,0.0
346,BS_3,BS,0.512804,0.826928,0.567861,0.366914,1,1,1,2,0.0
346,BS_4,BS,0.64293,0.819597,0.341719,0.278317,1,1,1,5,0.0
346,HAP_0,HAP,0.790262,0.932993,0.135391,0.043239,1,1,1,0,0.815821
346,HAP_1,HAP,0.786949,0.86666,0.139591,0.138526,1,1,1,4,0.772713
346,HAP_2,HAP,0.812251,0.926071,0.107946,0.095928,1,1,1,0,0.802654
346,LEO_0,LEO,0.774638,0.910899,0.05536,0.122762,2,0,0,0,0.689648
346,LEO_1,LEO,0.724551,0.941776,0.222202,0.035275,1,1,1,0,0.957413
347,BS_0,BS,0.558929,0.833285,0.481733,0.304773,1,1,1,2,0.0
347,BS_1,BS,0.774378,0.860101,0.155695,0.242247,1,1,1,2,0.319654
347,BS_2,BS,0.849739,0.900702,0.062826,0.303608,1,1,1,0,0.0
347,BS_3,BS,0.755791,0.839839,0.17999,0.30811,1,1,1,3,0.0
347,BS_4,BS,0.648137,0.820658,0.333653,0.27275,1,1,1,7,0.0
347,HAP_0,HAP,0.779515,0.932356,0.149083,0.044593,1,1,1,0,0.443333
347,HAP_1,HAP,0.830491,0.873194,0.085738,0.114129,1,1,0,4,0.739089
347,HAP_2,HAP,0.653388,0.908977,0.325584,0.124444,1,1,1,0,1.348497
347,LEO_0,LEO,0.712275,0.9103,0.239291,0.123977,1,1,1,0,0.337171
347,LEO_1,LEO,0.756408,0.937218,0.179174,0.042667,1,1,1,0,0.461389
348,BS_0,BS,0.679211,0.835349,0.286824,0.280839,1,1,1,3,0.0
348,BS_1,BS,0.722809,0.862882,0.22461,0.2165,1,1,1,1,0.627867
348,BS_2,BS,0.766548,0.907848,0.165858,0.255266,1,1,1,0,0.343089
348,BS_3,BS,0.637564,0.836685,0.3501,0.301644,1,1,1,3,0.0
348,BS_4,BS,0.64565,0.821277,0.337498,0.269457,1,1,1,5,0.0
348,HAP_0,HAP,0.754242,0.93419,0.082042,0.038703,2,0,0,0,0.719127
348,HAP_1,HAP,0.815952,0.878141,0.1034,0.096114,1,1,1,4,0.565478
348,HAP_2,HAP,0.639717,0.90021,0.34673,0.153655,1,1,1,0,0.462286
348,LEO_0,LEO,0.811857,0.915328,0.108431,0.104472,1,1,1,0,0.699187
348,LEO_1,LEO,0.811279,0.943099,0.009143,0.034171,2,0,0,0,0.629579
349,BS_0,BS,0.660816,0.834609,0.314279,0.269118,1,1,1,3,0.0
349,BS_1,BS,0.695553,0.861493,0.263049,0.204337,1,1,1,2,0.549775
349,BS_2,BS,0.807248,0.918879,0.114124,0.210074,1,1,1,0,0.0
349,BS_3,BS,0.582875,0.833475,0.439782,0.328349,1,1,1,2,0.0
349,BS_4,BS,0.63951,0.821198,0.347054,0.269766,1,1,1,5,0.0
349,HAP_0,HAP,0.676781,0.937743,0.090407,0.034641,3,0,0,0,0.353839
349,HAP_1,HAP,0.777644,0.878582,0.151486,0.087218,1,1,1,4,0.961995
349,HAP_2,HAP,0.775941,0.910545,0.053678,0.124221,2,0,0,0,0.646105
349,LEO_0,LEO,0.815428,0.926,0.004042,0.083585,2,0,0,0,0.592338
349,LEO_1,LEO,0.790189,0.938328,0.135483,0.035597,1,1,1,0,0.849599
350,BS_0,BS,0.602939,0.831629,0.40594,0.289449,1,1,1,3,0.0
350,BS_1,BS,0.61592,0.858233,0.384639,0.230046,1,1,1,2,0.0
350,BS_2,BS,0.691679,0.914061,0.268633,0.200532,1,1,1,0,0.601719
350,BS_3,BS,0.676393,0.835979,0.290981,0.300781,1,1,1,3,0.0
350,BS_4,BS,0.618214,0.819103,0.380921,0.281108,1,1,1,4,0.0
350,HAP_0,HAP,0.64398,0.942849,0.040088,0.028436,4,0,0,0,0.512855
350,HAP_1,HAP,0.848013,0.884259,0.064859,0.071667,1,1,0,3,0.511939
350,HAP_2,HAP,0.805211,0.915979,0.116651,0.1055,1,1,1,0,0.522155
350,LEO_0,LEO,0.753187,0.920962,0.183441,0.082011,1,1,1,0,0.953518
350,LEO_1,LEO,0.774209,0.93603,0.155913,0.039416,1,1,1,0,0.459078
351,BS_0,BS,0.726251,0.83878,0.21986,0.253311,1,1,1,2,0.0
351,BS_1,BS,0.447668,0.842788,0.703703,0.406876,1,1,1,0,0.0
351,BS_2,BS,0.734255,0.91773,0.208899,0.180063,1,1,1,0,0.0
351,BS_3,BS,0.692527,0.83807,0.267409,0.272803,1,1,1,3,0.0
351,BS_4,BS,0.647898,0.820241,0.334022,0.275094,1,1,1,5,0.0
351,HAP_0,HAP,0.755039,0.940594,0.180986,0.037489,1,1,1,0,0.229802
351,HAP_1,HAP,0.83626,0.887736,0.078816,0.060129,1,1,0,5,0.876943
351,HAP_2,HAP,0.760866,0.921478,0.073297,0.086818,2,0,0,0,0.726947
351,LEO_0,LEO,0.792581,0.922527,0.132461,0.073504,1,1,1,0,0.566057
351,LEO_1,LEO,0.789353,0.941435,0.036542,0.032134,2,0,0,0,0.517658
352,BS_0,BS,0.72177,0.845278,0.226049,0.225643,1,1,1,3,0.0
352,BS_1,BS,0.545782,0.838122,0.505535,0.440505,1,1,1,2,0.0
352,BS_2,BS,0.745049,0.928329,0.094305,0.148053,2,0,0,0,0.0
352,BS_3,BS,0.672064,0.837678,0.297402,0.258044,1,1,1,3,0.0
352,BS_4,BS,0.624629,0.818957,0.370597,0.281879,1,1,1,7,0.0
352,HAP_0,HAP,0.784423,0.945895,0.042807,0.030816,2,0,0,0,0.430771
352,HAP_1,HAP,0.870382,0.892871,0.038823,0.048782,1,1,0,4,1.588175
352,HAP_2,HAP,0.716531,0.928875,0.033334,0.069954,3,0,0,0,0.61578
352,LEO_0,LEO,0.752255,0.923019,0.18468,0.074151,1,1,1,0,0.332886
352,LEO_1,LEO,0.713292,0.945699,0.037864,0.026352,3,0,0,0,0.517188
353,BS_0,BS,0.520096,0.836162,0.553742,0.318498,1,1,1,1,0.0
353,BS_1,BS,0.603456,0.83742,0.405082,0.426245,1,1,1,1,0.351823
353,BS_2,BS,0.750013,0.926977,0.187664,0.13429,1,1,1,0,0.548389
353,BS_3,BS,0.395209,0.813724,0.828341,0.515202,1,1,1,2,0.0
353,BS_4,BS,0.645929,0.819942,0.337065,0.276629,1,1,1,5,0.0
353,HAP_0,HAP,0.654387,0.929043,0.324056,0.071908,1,1,1,0,0.928487
353,HAP_1,HAP,0.854278,0.895849,0.057499,0.040513,1,1,0,4,0.554597
353,HAP_2,HAP,0.786853,0.926814,0.139714,0.064747,1,1,1,0,0.830229
353,LEO_0,LEO,0.752172,0.920079,0.18479,0.074688,1,1,1,0,0.807943
353,LEO_1,LEO,0.626137,0.945701,0.068185,0.023174,4,0,0,0,0.716527
354,BS_0,BS,0.54183,0.825271,0.512803,0.373134,1,1,1,3,0.0
354,BS_1,BS,0.45266,0.814625,0.692615,0.556868,1,1,1,3,0.0
354,BS_2,BS,0.780114,0.935544,0.048315,0.108483,2,0,0,0,0.281685
354,BS_3,BS,0.657842,0.826297,0.318791,0.457894,1,1,1,1,0.0
354,BS_4,BS,0.648331,0.820952,0.333354,0.271309,1,1,1,5,0.0
354,HAP_0,HAP,0.786761,0.929684,0.139831,0.066325,1,1,1,0,0.439314
354,HAP_1,HAP,0.788804,0.894281,0.137237,0.040886,1,1,1,3,0.598451
354,HAP_2,HAP,0.761555,0.930709,0.072393,0.054156,2,0,0,0,0.602207
354,LEO_0,LEO,0.789436,0.92773,0.036436,0.060347,2,0,0,0,0.587182
354,LEO_1,LEO,0.850651,0.948037,0.061754,0.020255,1,1,0,0,0.433123
355,BS_0,BS,0.684399,0.828929,0.279214,0.333589,1,1,1,3,0.0
355,BS_1,BS,0.744959,0.826322,0.194426,0.462505,1,1,1,3,0.0
355,BS_2,BS,0.729266,0.934864,0.215717,0.107726,1,1,1,0,0.0
355,BS_3,BS,0.441717,0.804902,0.717087,0.597711,1,1,1,3,0.0
355,BS_4,BS,0.644774,0.82143,0.338855,0.268718,1,1,1,5,0.0
355,HAP_0,HAP,0.808627,0.937608,0.012418,0.05313,2,0,0,0,0.545209
355,HAP_1,HAP,0.806543,0.894075,0.114998,0.03866,1,1,1,4,0.519252
355,HAP_2,HAP,0.797604,0.931407,0.126143,0.050485,1,1,1,0,0.539051
355,LEO_0,LEO,0.800705,0.929989,0.122263,0.055005,1,1,1,0,0.453779
355,LEO_1,LEO,0.611403,0.924026,0.391999,0.085353,1,1,1,0,1.240006
356,BS_0,BS,0.63857,0.830378,0.348523,0.321532,1,1,1,2,0.0
356,BS_1,BS,0.706813,0.831496,0.24699,0.397456,1,1,1,3,0.257782
356,BS_2,BS,0.684187,0.925652,0.279525,0.121341,1,1,1,0,0.667778
356,BS_3,BS,0.671909,0.811441,0.297632,0.518032,1,1,1,3,0.0
356,BS_4,BS,0.476912,0.809246,0.640423,0.399538,1,1,1,2,0.0
356,HAP_0,HAP,0.756166,0.931044,0.179495,0.057002,1,1,1,0,0.899214
356,HAP_1,HAP,0.803003,0.893206,0.119397,0.037343,1,1,1,4,0.903451
356,HAP_2,HAP,0.774423,0.936651,0.055637,0.041781,2,0,0,0,0.502191
356,LEO_0,LEO,0.800025,0.937031,0.023113,0.044244,2,0,0,0,0.575149
356,LEO_1,LEO,0.750989,0.921127,0.186364,0.083911,1,1,1,0,0.591943
357,BS_0,BS,0.737201,0.838354,0.204894,0.276118,1,1,1,3,0.0
357,BS_1,BS,0.633435,0.831863,0.356598,0.375188,1,1,1,3,0.0
357,BS_2,BS,0.714831,0.925285,0.23571,0.122075,1,1,1,0,0.0
357,BS_3,BS,0.584447,0.812475,0.437089,0.500397,1,1,1,3,0.0
357,BS_4,BS,0.660333,0.814601,0.315011,0.364285,1,1,1,4,0.0
357,HAP_0,HAP,0.703121,0.925751,0.252227,0.07423,1,1,1,0,0.287011
357,HAP_1,HAP,0.775562,0.890337,0.154168,0.04057,1,1,1,4,0.849643
357,HAP_2,HAP,0.728934,0.942623,0.016172,0.033543,3,0,0,0,0.587592
357,LEO_0,LEO,0.71376,0.941608,0.037208,0.036018,3,0,0,0,0.583741
357,LEO_1,LEO,0.797881,0.923769,0.125795,0.07425,1,1,1,0,0.52525
358,BS_0,BS,0.67437,0.841632,0.293976,0.259784,1,1,1,3,0.0
358,BS_1,BS,0.739355,0.838984,0.201977,0.318508,1,1,1,2,0.273504
358,BS_2,BS,0.80384,0.937051,0.018354,0.097811,2,0,0,0,0.232161
358,BS_3,BS,0.676789,0.818466,0.290395,0.438266,1,1,1,3,0.0
358,BS_4,BS,0.689232,0.821352,0.272177,0.324764,1,1,1,4,0.0
358,HAP_0,HAP,0.79551,0.933736,0.028772,0.059756,2,0,0,0,0.54359
358,HAP_1,HAP,0.790965,0.890939,0.134502,0.040597,1,1,1,4,0.417332
358,HAP_2,HAP,0.613311,0.941461,0.088883,0.030389,4,0,0,0,0.769771
358,LEO_0,LEO,0.641804,0.944799,0.043473,0.029665,4,0,0,0,0.590202
358,LEO_1,LEO,0.813795,0.932781,0.006046,0.059417,2,0,0,0,0.594282
359,BS_0,BS,0.623839,0.842735,0.371863,0.270054,1,1,1,1,0.0
359,BS_1,BS,0.710836,0.841831,0.241313,0.281011,1,1,1,3,0.354612
359,BS_2,BS,0.708827,0.944529,0.044144,0.079126,3,0,0,0,0.255956
359,BS_3,BS,0.691007,0.823778,0.269606,0.383322,1,1,1,3,0.0
359,BS_4,BS,0.689061,0.825937,0.272426,0.293208,1,1,1,4,0.0
359,HAP_0,HAP,0.719395,0.940961,0.029344,0.048193,3,0,0,0,0.404916
359,HAP_1,HAP,0.718065,0.884227,0.231195,0.05653,1,1,1,4,0.461993
359,HAP_2,HAP,0.762391,0.93949,0.171296,0.037515,1,1,1,0,0.242539
359,LEO_0,LEO,0.811227,0.945699,0.109207,0.029099,1,1,1,0,0.301578
359,LEO_1,LEO,0.6414,0.914456,0.344103,0.100816,1,1,1,0,1.243644
360,BS_0,BS,0.726147,0.849822,0.220003,0.237824,1,1,1,2,0.0
360,BS_1,BS,0.571194,0.831804,0.460026,0.320039,1,1,1,1,0.621721
360,BS_2,BS,0.614339,0.949898,0.087208,0.066723,4,0,0,0,0.0
360,BS_3,BS,0.576521,0.820313,0.450743,0.398084,1,1,1,2,0.0
360,BS_4,BS,0.664298,0.827248,0.309024,0.27754,1,1,1,5,0.0
360,HAP_0,HAP,0.66095,0.947428,0.014078,0.038643,4,0,0,0,0.455335
360,HAP_1,HAP,0.81439,0.886133,0.105316,0.050215,1,1,1,4,0.645566
360,HAP_2,HAP,0.775128,0.936073,0.154727,0.040786,1,1,1,0,0.694455
360,LEO_0,LEO,0.689075,0.932213,0.272406,0.056671,1,1,1,0,0.910546
360,LEO_1,LEO,0.765709,0.91396,0.166953,0.093196,1,1,1,0,0.670264
361,BS_0,BS,0.763746,0.86068,0.169519,0.203191,1,1,1,2,0.0
361,BS_1,BS,0.76066,0.843371,0.173569,0.269588,1,1,1,2,0.0
361,BS_2,BS,0.80777,0.953012,0.113478,0.059173,1,1,1,0,0.0
361,BS_3,BS,0.727502,0.832597,0.218138,0.33988,1,1,1,2,0.0
361,BS_4,BS,0.651498,0.827098,0.328482,0.270587,1,1,1,4,0.0
361,HAP_0,HAP,0.872008,0.950463,0.036957,0.031529,1,1,0,0,0.5453
361,HAP_1,HAP,0.744848,0.882245,0.194575,0.057209,1,1,1,5,1.806367
361,HAP_2,HAP,0.769999,0.935825,0.161367,0.044346,1,1,1,0,0.263
361,LEO_0,LEO,0.81433,0.933843,0.105389,0.050335,1,1,1,0,0.500446
361,LEO_1,LEO,0.710145,0.912178,0.242287,0.100973,1,1,1,0,0.366998
362,BS_0,BS,0.770032,0.867866,0.161323,0.174264,1,1,1,3,0.0
362,BS_1,BS,0.761095,0.849985,0.172997,0.229138,1,1,1,3,0.417644
362,BS_2,BS,0.796164,0.960713,0.02795,0.04769,2,0,0,0,0.0
362,BS_3,BS,0.644562,0.831614,0.339184,0.323675,1,1,1,3,0.0
362,BS_4,BS,0.644212,0.826296,0.339728,0.268406,1,1,1,4,0.0
362,HAP_0,HAP,0.770476,0.952486,0.060746,0.026884,2,0,0,0,0.398404
362,HAP_1,HAP,0.695679,0.875427,0.262867,0.076862,1,1,1,5,0.462767
362,HAP_2,HAP,0.783846,0.934059,0.143543,0.044749,1,1,1,0,0.664773
362,LEO_0,LEO,0.761304,0.9357,0.072722,0.042648,2,0,0,0,0.736273
362,LEO_1,LEO,0.793152,0.922182,0.03174,0.081232,2,0,0,0,0.595705
363,BS_0,BS,0.794011,0.877085,0.130659,0.147093,1,1,1,2,0.0
363,BS_1,BS,0.699576,0.849685,0.257281,0.213098,1,1,1,3,0.797813
363,BS_2,BS,0.681956,0.961922,0.08279,0.041236,3,0,0,0,0.209607
363,BS_3,BS,0.708135,0.836452,0.245121,0.285978,1,1,1,3,0.0
363,BS_4,BS,0.643651,0.825601,0.340598,0.266928,1,1,1,4,0.0
363,HAP_0,HAP,0.750379,0.9428,0.187177,0.037273,1,1,1,0,0.888811
363,HAP_1,HAP,0.746602,0.876291,0.192223,0.078117,1,1,1,4,0.254393
363,HAP_2,HAP,0.794168,0.939405,0.030461,0.036217,2,0,0,0,0.602127
363,LEO_0,LEO,0.725952,0.941119,0.020272,0.034303,3,0,0,0,0.602752
363,LEO_1,LEO,0.698706,0.928176,0.058525,0.066527,3,0,0,0,0.615853
364,BS_0,BS,0.777347,0.884,0.151868,0.128054,1,1,1,2,0.0
364,BS_1,BS,0.685958,0.848158,0.276939,0.204991,1,1,1,3,0.0
364,BS_2,BS,0.665742,0.96879,0.006853,0.03301,4,0,0,0,0.0
364,BS_3,BS,0.583066,0.832407,0.439455,0.315686,1,1,1,2,0.0
364,BS_4,BS,0.639395,0.824647,0.347233,0.2678,1,1,1,4,0.0
364,HAP_0,HAP,0.78233,0.943432,0.045478,0.030749,2,0,0,0,0.81092
364,HAP_1,HAP,0.675172,0.868962,0.292788,0.10107,1,1,1,6,0.481088
364,HAP_2,HAP,0.681316,0.939686,0.083728,0.032128,3,0,0,0,0.701347
364,LEO_0,LEO,0.609076,0.939789,0.095813,0.031574,4,0,0,0,0.764061
364,LEO_1,LEO,0.665404,0.937029,0.007361,0.053246,4,0,0,0,0.482272
365,BS_0,BS,0.635859,0.872322,0.352779,0.158447,1,1,1,2,0.658116
365,BS_1,BS,0.632618,0.842059,0.357888,0.221631,1,1,1,3,0.676754
365,BS_2,BS,0.88269,0.973478,0.024781,0.026685,1,1,0,0,0.0
365,BS_3,BS,0.667626,0.833607,0.304027,0.294144,1,1,1,4,0.0
365,BS_4,BS,0.648281,0.824712,0.333431,0.264269,1,1,1,4,0.0
365,HAP_0,HAP,0.703459,0.943468,0.051746,0.025804,3,0,0,0,0.819656
365,HAP_1,HAP,0.718594,0.866442,0.230459,0.104756,1,1,1,5,0.496792
365,HAP_2,HAP,0.629762,0.943383,0.062413,0.027455,4,0,0,0,0.407357
365,LEO_0,LEO,0.851326,0.941339,0.06096,0.026931,1,1,0,0,0.670384
365,LEO_1,LEO,0.838139,0.9387,0.076572,0.045235,1,1,0,0,0.664353
366,BS_0,BS,0.624969,0.860913,0.370053,0.18838,1,1,1,2,0.0
366,BS_1,BS,0.680062,0.842035,0.285572,0.214003,1,1,1,2,0.588995
366,BS_2,BS,0.675466,0.956714,0.292352,0.059809,1,1,1,0,0.564177
366,BS_3,BS,0.692143,0.835992,0.267962,0.267627,1,1,1,4,0.0
366,BS_4,BS,0.631146,0.823156,0.360217,0.269806,1,1,1,5,0.0
366,HAP_0,HAP,0.655976,0.946404,0.021631,0.020854,4,0,0,0,0.679724
366,HAP_1,HAP,0.734021,0.86562,0.209217,0.103502,1,1,1,6,0.594445
366,HAP_2,HAP,0.859119,0.946815,0.051848,0.023174,1,1,0,0,0.48197
366,LEO_0,LEO,0.790209,0.944824,0.035458,0.022111,2,0,0,0,0.59411
366,LEO_1,LEO,0.776198,0.94246,0.053348,0.037469,2,0,0,0,0.504137
367,BS_0,BS,0.515217,0.846681,0.563167,0.293424,1,1,1,1,0.0
367,BS_1,BS,0.758125,0.850452,0.176907,0.185285,1,1,1,2,0.0
367,BS_2,BS,0.753548,0.953488,0.182962,0.062911,1,1,1,0,0.0
367,BS_3,BS,0.667656,0.835845,0.303982,0.255684,1,1,1,3,0.0
367,BS_4,BS,0.640984,0.822933,0.344751,0.269329,1,1,1,3,0.0
367,HAP_0,HAP,0.830623,0.945875,0.085579,0.019979,1,1,0,0,0.587337
367,HAP_1,HAP,0.678059,0.860189,0.288521,0.120261,1,1,1,6,0.723528
367,HAP_2,HAP,0.530098,0.912415,0.534693,0.147193,1,1,1,0,2.122854
367,LEO_0,LEO,0.797128,0.943504,0.126739,0.024917,1,1,1,0,0.440826
367,LEO_1,LEO,0.723664,0.946112,0.023429,0.030222,3,0,0,0,0.67384
368,BS_0,BS,0.763636,0.85632,0.169664,0.247693,1,1,1,2,0.0
368,BS_1,BS,0.773943,0.856476,0.156257,0.159215,1,1,1,2,0.230282
368,BS_2,BS,0.752105,0.957517,0.084879,0.053571,2,0,0,0,0.0
368,BS_3,BS,0.643895,0.834998,0.34022,0.256634,1,1,1,3,0.0
368,BS_4,BS,0.650308,0.823547,0.33031,0.26456,1,1,1,5,0.0
368,HAP_0,HAP,0.573012,0.916067,0.456848,0.109903,1,1,1,0,1.51981
368,HAP_1,HAP,0.758218,0.862545,0.176784,0.110273,1,1,1,5,0.315289
368,HAP_2,HAP,0.564611,0.897357,0.471619,0.217845,1,1,1,0,0.210807
368,LEO_0,LEO,0.753234,0.945921,0.083379,0.023062,2,0,0,0,0.366248
368,LEO_1,LEO,0.66019,0.950105,0.015228,0.024282,4,0,0,0,0.572568
369,BS_0,BS,0.697617,0.856282,0.260085,0.228594,1,1,1,2,0.0
369,BS_1,BS,0.76822,0.860458,0.163679,0.139428,1,1,1,2,0.511538
369,BS_2,BS,0.698509,0.945149,0.258807,0.072998,1,1,1,0,0.662519
369,BS_3,BS,0.696236,0.837622,0.262067,0.236213,1,1,1,4,0.0
369,BS_4,BS,0.617472,0.820914,0.382121,0.277355,1,1,1,6,0.0
369,HAP_0,HAP,0.590941,0.90183,0.42604,0.169602,1,1,1,0,0.352121
369,HAP_1,HAP,0.657061,0.855837,0.319979,0.134292,1,1,1,4,0.700126
369,HAP_2,HAP,0.884075,0.910452,0.023213,0.174518,1,1,1,0,0.648147
369,LEO_0,LEO,0.791416,0.941561,0.133932,0.026522,1,1,1,0,0.795468
369,LEO_1,LEO,0.88459,0.952288,0.022631,0.019656,1,1,0,0,0.658051
370,BS_0,BS,0.605946,0.852146,0.400965,0.255223,1,1,1,2,0.0
370,BS_1,BS,0.600292,0.849549,0.410339,0.187313,1,1,1,1,0.772281
370,BS_2,BS,0.716881,0.941081,0.232845,0.082796,1,1,1,0,0.0
370,BS_3,BS,0.663203,0.836526,0.310674,0.232404,1,1,1,4,0.0
370,BS_4,BS,0.615505,0.818613,0.385312,0.288694,1,1,1,4,0.0
370,HAP_0,HAP,0.760999,0.911434,0.073123,0.138087,2,0,0,0,0.568809
370,HAP_1,HAP,0.706989,0.854866,0.24674,0.13483,1,1,1,6,0.381545
370,HAP_2,HAP,0.618035,0.8938,0.38121,0.205009,1,1,1,0,1.310136
370,LEO_0,LEO,0.80547,0.945286,0.016329,0.021337,2,0,0,0,0.694369
370,LEO_1,LEO,0.768151,0.950677,0.063769,0.017555,2,0,0,0,0.754933
371,BS_0,BS,0.708664,0.860044,0.244374,0.231052,1,1,1,2,0.0
371,BS_1,BS,0.44172,0.831699,0.71708,0.381242,1,1,1,1,0.0
371,BS_2,BS,0.815878,0.946442,0.10349,0.071056,1,1,1,0,0.0
371,BS_3,BS,0.652559,0.834624,0.326854,0.233998,1,1,1,4,0.0
371,BS_4,BS,0.633666,0.818517,0.356233,0.288061,1,1,1,6,0.0
371,HAP_0,HAP,0.673502,0.915262,0.095265,0.114554,3,0,0,0,0.880004
371,HAP_1,HAP,0.641108,0.85017,0.344557,0.161288,1,1,1,4,0.37303
371,HAP_2,HAP,0.682879,0.89183,0.281437,0.199651,1,1,1,0,0.498274
371,LEO_0,LEO,0.709116,0.931211,0.243736,0.043803,1,1,1,0,1.124678
371,LEO_1,LEO,0.71691,0.952695,0.032806,0.014528,3,0,0,0,0.55164
372,BS_0,BS,0.45075,0.844823,0.696843,0.403357,1,1,1,0,0.0
372,BS_1,BS,0.512222,0.820851,0.568998,0.450685,1,1,1,2,0.0
372,BS_2,BS,0.419825,0.899036,0.767918,0.322209,1,1,1,0,1.756525
372,BS_3,BS,0.649052,0.832767,0.332242,0.236872,1,1,1,5,0.0
372,BS_4,BS,0.637294,0.818782,0.350524,0.285739,1,1,1,5,0.0
372,HAP_0,HAP,0.660072,0.924777,0.015407,0.09175,4,0,0,0,0.60935
372,HAP_1,HAP,0.426474,0.829745,0.752203,0.383644,1,1,1,1,0.193993
372,HAP_2,HAP,0.739434,0.897211,0.201871,0.178059,1,1,1,0,0.359435
372,LEO_0,LEO,0.668937,0.921713,0.302066,0.076102,1,1,1,0,0.381626
372,LEO_1,LEO,0.648475,0.9533,0.033132,0.012116,4,0,0,0,0.71149
373,BS_0,BS,0.6154,0.850021,0.385482,0.389554,1,1,1,1,0.0
373,BS_1,BS,0.568541,0.824256,0.464682,0.457716,1,1,1,1,0.0
373,BS_2,BS,0.555052,0.887499,0.488693,0.365237,1,1,1,0,0.0
373,BS_3,BS,0.648473,0.831226,0.333136,0.239438,1,1,1,4,0.0
373,BS_4,BS,0.646743,0.819877,0.335807,0.279336,1,1,1,5,0.0
373,HAP_0,HAP,0.790272,0.92699,0.135378,0.081647,1,1,1,0,0.425906
373,HAP_1,HAP,0.416432,0.804182,0.776033,0.577918,1,1,1,6,0.319907
373,HAP_2,HAP,0.615421,0.884114,0.385449,0.209304,1,1,1,0,1.212446
373,LEO_0,LEO,0.741498,0.926873,0.099083,0.0653,2,0,0,0,0.440674
373,LEO_1,LEO,0.781645,0.949684,0.146354,0.019332,1,1,1,0,0.350225
374,BS_0,BS,0.565094,0.849565,0.470763,0.411371,1,1,1,1,0.0
374,BS_1,BS,0.605127,0.832523,0.402317,0.439009,1,1,1,1,0.0
374,BS_2,BS,0.721665,0.895945,0.226194,0.315213,1,1,1,0,0.0
374,BS_3,BS,0.607811,0.827874,0.397892,0.262794,1,1,1,3,0.0
374,BS_4,BS,0.641617,0.820276,0.343764,0.276647,1,1,1,5,0.0
374,HAP_0,HAP,0.747834,0.922184,0.190574,0.081661,1,1,1,0,0.878988
374,HAP_1,HAP,0.719993,0.815024,0.228514,0.485832,1,1,1,5,0.465096
374,HAP_2,HAP,0.729482,0.888226,0.21542,0.188326,1,1,1,0,0.504307
374,LEO_0,LEO,0.720835,0.93341,0.027346,0.052576,3,0,0,0,0.69223
374,LEO_1,LEO,0.777719,0.943778,0.151391,0.025779,1,1,1,0,0.756273
375,BS_0,BS,0.741974,0.867304,0.198441,0.346817,1,1,1,0,0.0
375,BS_1,BS,0.569164,0.833394,0.463587,0.447918,1,1,1,1,0.29999
375,BS_2,BS,0.842881,0.912404,0.07093,0.254434,1,1,1,0,0.0
375,BS_3,BS,0.662139,0.828915,0.31228,0.254118,1,1,1,5,0.0
375,BS_4,BS,0.648201,0.821207,0.333554,0.271384,1,1,1,5,0.0
375,HAP_0,HAP,0.799697,0.924787,0.123523,0.072195,1,1,1,0,0.494298
375,HAP_1,HAP,0.718945,0.823299,0.22997,0.412465,1,1,1,7,0.449833
375,HAP_2,HAP,0.809941,0.898809,0.110794,0.156184,1,1,1,0,0.487043
375,LEO_0,LEO,0.665521,0.940367,0.007186,0.042084,4,0,0,0,0.580073
375,LEO_1,LEO,0.778722,0.944834,0.050102,0.021753,2,0,0,0,0.725694
376,BS_0,BS,0.522773,0.857838,0.548608,0.412891,1,1,1,1,0.0
376,BS_1,BS,0.548833,0.832702,0.499962,0.470817,1,1,1,1,0.0
376,BS_2,BS,0.814895,0.921762,0.104696,0.20848,1,1,1,0,0.232538
376,BS_3,BS,0.670788,0.830245,0.299302,0.243606,1,1,1,4,0.0
376,BS_4,BS,0.646509,0.821796,0.336168,0.267961,1,1,1,5,0.0
376,HAP_0,HAP,0.757724,0.920602,0.177436,0.071923,1,1,1,0,0.933926
376,HAP_1,HAP,0.68277,0.826759,0.281597,0.365655,1,1,1,7,0.67742
376,HAP_2,HAP,0.776703,0.902138,0.152697,0.13544,1,1,1,0,0.840288
376,LEO_0,LEO,0.864329,0.944194,0.045802,0.034611,1,1,0,0,0.520617
376,LEO_1,LEO,0.689847,0.94409,0.071285,0.019689,3,0,0,0,0.757979
377,BS_0,BS,0.500902,0.844345,0.591345,0.487673,1,1,1,1,0.0
377,BS_1,BS,0.569584,0.83596,0.462849,0.473057,1,1,1,1,0.0
377,BS_2,BS,0.642999,0.910223,0.341612,0.219299,1,1,1,0,0.789219
377,BS_3,BS,0.653586,0.830331,0.325281,0.242499,1,1,1,4,0.0
377,BS_4,BS,0.627564,0.820482,0.36591,0.274619,1,1,1,6,0.0
377,HAP_0,HAP,0.776685,0.92606,0.05272,0.05879,2,0,0,0,0.692734
377,HAP_1,HAP,0.622127,0.823934,0.374611,0.355674,1,1,1,5,0.660123
377,HAP_2,HAP,0.747929,0.907638,0.090447,0.112033,2,0,0,0,0.887043
377,LEO_0,LEO,0.621229,0.921663,0.376056,0.091327,1,1,1,0,1.257378
377,LEO_1,LEO,0.776414,0.941953,0.153069,0.026295,1,1,1,0,0.329371
378,BS_0,BS,0.622671,0.849918,0.373738,0.452994,1,1,1,1,0.0
378,BS_1,BS,0.761911,0.856338,0.171926,0.391747,1,1,1,0,0.203525
378,BS_2,BS,0.6781,0.909533,0.28846,0.212883,1,1,1,0,0.0
378,BS_3,BS,0.66993,0.83136,0.300583,0.234656,1,1,1,5,0.0
378,BS_4,BS,0.604864,0.818428,0.402751,0.292689,1,1,1,3,0.0
378,HAP_0,HAP,0.777364,0.925966,0.151847,0.057408,1,1,1,0,0.539949
378,HAP_1,HAP,0.736556,0.831802,0.20577,0.303593,1,1,1,6,0.65129
378,HAP_2,HAP,0.677846,0.914824,0.088835,0.093178,3,0,0,0,0.528424
378,LEO_0,LEO,0.685453,0.914834,0.277675,0.107758,1,1,1,0,0.451261
378,LEO_1,LEO,0.76676,0.936549,0.165582,0.033374,1,1,1,0,0.781371
379,BS_0,BS,0.661788,0.860539,0.31281,0.406428,1,1,1,0,0.0
379,BS_1,BS,0.50167,0.843777,0.589813,0.469943,1,1,1,1,0.23061
379,BS_2,BS,0.79529,0.919616,0.129048,0.177801,1,1,1,0,0.0
379,BS_3,BS,0.655163,0.831349,0.322871,0.234636,1,1,1,4,0.0
379,BS_4,BS,0.662625,0.821291,0.311546,0.277829,1,1,1,6,0.0
379,HAP_0,HAP,0.802167,0.933013,0.020438,0.046114,2,0,0,0,0.672386
379,HAP_1,HAP,0.690398,0.834212,0.270487,0.275798,1,1,1,6,0.711697
379,HAP_2,HAP,0.787343,0.918311,0.139091,0.083248,1,1,1,0,0.501426
379,LEO_0,LEO,0.808755,0.920146,0.112259,0.091878,1,1,1,0,0.477236
379,LEO_1,LEO,0.80797,0.941666,0.01323,0.026778,2,0,0,0,0.670511
380,BS_0,BS,0.546517,0.855281,0.50419,0.439536,1,1,1,1,0.0
380,BS_1,BS,0.520453,0.831983,0.553055,0.513596,1,1,1,1,0.53463
380,BS_2,BS,0.786564,0.933234,0.040081,0.142963,2,0,0,0,0.0
380,BS_3,BS,0.669697,0.832452,0.30093,0.22846,1,1,1,3,0.0
380,BS_4,BS,0.655375,0.822728,0.322548,0.26908,1,1,1,5,0.0
380,HAP_0,HAP,0.785445,0.929571,0.141505,0.045902,1,1,1,0,0.880333
380,HAP_1,HAP,0.658248,0.833279,0.318174,0.266194,1,1,1,5,0.575018
380,HAP_2,HAP,0.792428,0.92658,0.032653,0.067078,2,0,0,0,0.633655
380,LEO_0,LEO,0.813179,0.930285,0.006804,0.073523,2,0,0,0,0.553362
380,LEO_1,LEO,0.726643,0.945302,0.019321,0.02159,3,0,0,0,0.689388
381,BS_0,BS,0.739527,0.87154,0.201745,0.369944,1,1,1,0,0.0
381,BS_1,BS,0.615496,0.834405,0.385327,0.477691,1,1,1,1,0.0
381,BS_2,BS,0.709684,0.944001,0.042935,0.1152,3,0,0,0,0.0
381,BS_3,BS,0.667033,0.83345,0.304916,0.224606,1,1,1,3,0.0
381,BS_4,BS,0.653202,0.82364,0.325868,0.26305,1,1,1,5,0.0
381,HAP_0,HAP,0.762969,0.928058,0.170537,0.049809,1,1,1,0,0.462111
381,HAP_1,HAP,0.691323,0.835475,0.269148,0.245553,1,1,1,5,0.31525
381,HAP_2,HAP,0.678095,0.931663,0.088468,0.057185,3,0,0,0,0.383876
381,LEO_0,LEO,0.610731,0.909424,0.393099,0.128355,1,1,1,0,1.266694
381,LEO_1,LEO,0.806976,0.94451,0.114461,0.023168,1,1,1,0,0.436263
382,BS_0,BS,0.492804,0.856007,0.607644,0.462109,1,1,1,1,0.0
382,BS_1,BS,0.70788,0.846025,0.245481,0.40927,1,1,1,1,0.0
382,BS_2,BS,0.629685,0.927356,0.362535,0.151305,1,1,1,0,0.761328
382,BS_3,BS,0.674948,0.83433,0.293119,0.218348,1,1,1,5,0.0
382,BS_4,BS,0.649672,0.824037,0.331288,0.259828,1,1,1,4,0.0
382,HAP_0,HAP,0.762138,0.923696,0.171628,0.053102,1,1,1,0,0.92243
382,HAP_1,HAP,0.646176,0.834874,0.336683,0.247453,1,1,1,5,0.322952
382,HAP_2,HAP,0.718959,0.929362,0.229951,0.069542,1,1,1,0,0.164017
382,LEO_0,LEO,0.692226,0.905447,0.267842,0.134967,1,1,1,0,0.472217
382,LEO_1,LEO,0.757796,0.9371,0.177342,0.032687,1,1,1,0,0.86187
383,BS_0,BS,0.650768,0.864076,0.329602,0.418574,1,1,1,0,0.0
383,BS_1,BS,0.711229,0.85452,0.240761,0.353501,1,1,1,1,0.266483
383,BS_2,BS,0.747185,0.930021,0.091443,0.124806,2,0,0,0,0.644781
383,BS_3,BS,0.646399,0.832315,0.336338,0.225584,1,1,1,5,0.0
383,BS_4,BS,0.638926,0.823681,0.347966,0.262348,1,1,1,3,0.0
383,HAP_0,HAP,0.757245,0.923006,0.178068,0.056751,1,1,1,0,0.44704
383,HAP_1,HAP,0.765775,0.843667,0.166867,0.210492,1,1,1,4,0.569795
383,HAP_2,HAP,0.817822,0.933046,0.101111,0.060235,1,1,1,0,0.492888
383,LEO_0,LEO,0.799955,0.916489,0.0232,0.108216,2,0,0,0,0.659082
383,LEO_1,LEO,0.778212,0.94006,0.050756,0.027309,2,0,0,0,0.625112
384,BS_0,BS,0.534014,0.855245,0.527334,0.459996,1,1,1,1,0.0
384,BS_1,BS,0.507233,0.847318,0.578785,0.433547,1,1,1,0,0.0
384,BS_2,BS,0.705638,0.927822,0.248653,0.127668,1,1,1,0,0.0
384,BS_3,BS,0.651564,0.831155,0.32838,0.228993,1,1,1,4,0.0
384,BS_4,BS,0.644456,0.82365,0.339348,0.261699,1,1,1,5,0.0
384,HAP_0,HAP,0.74091,0.928109,0.099876,0.049889,2,0,0,0,0.406196
384,HAP_1,HAP,0.666762,0.841771,0.305322,0.210343,1,1,1,6,0.470884
384,HAP_2,HAP,0.656999,0.918357,0.320072,0.094288,1,1,1,0,0.999943
384,LEO_0,LEO,0.799842,0.920816,0.123342,0.093419,1,1,1,0,0.459928
384,LEO_1,LEO,0.729475,0.935018,0.21543,0.042731,1,1,1,0,0.348682
385,BS_0,BS,0.659481,0.864342,0.316302,0.413018,1,1,1,0,0.0
385,BS_1,BS,0.443564,0.824737,0.712913,0.575548,1,1,1,1,0.508538
385,BS_2,BS,0.769829,0.935618,0.061587,0.103841,2,0,0,0,0.336257
385,BS_3,BS,0.386585,0.806539,0.850402,0.508627,1,1,1,1,0.0
385,BS_4,BS,0.651933,0.824265,0.327814,0.257717,1,1,1,6,0.0
385,HAP_0,HAP,0.740356,0.936639,0.000625,0.039912,3,0,0,0,0.618733
385,HAP_1,HAP,0.733758,0.846709,0.209576,0.18804,1,1,1,5,0.245196
385,HAP_2,HAP,0.724346,0.916759,0.222486,0.097706,1,1,1,0,0.35031
385,LEO_0,LEO,0.784602,0.920614,0.142579,0.083883,1,1,1,0,0.811069
385,LEO_1,LEO,0.81155,0.935103,0.108809,0.039513,1,1,1,0,0.695238
386,BS_0,BS,0.558924,0.859557,0.481742,0.434848,1,1,1,1,0.0
386,BS_1,BS,0.64417,0.833241,0.339793,0.512395,1,1,1,1,0.0
386,BS_2,BS,0.673353,0.942176,0.095486,0.087176,3,0,0,0,0.0
386,BS_3,BS,0.736301,0.821942,0.206117,0.426019,1,1,1,2,0.0
386,BS_4,BS,0.639273,0.823569,0.347424,0.260491,1,1,1,6,0.0
386,HAP_0,HAP,0.669286,0.943441,0.001543,0.03193,4,0,0,0,0.57698
386,HAP_1,HAP,0.75661,0.851886,0.178907,0.164835,1,1,1,4,0.260384
386,HAP_2,HAP,0.815484,0.927865,0.003973,0.078172,2,0,0,0,0.548631
386,LEO_0,LEO,0.697367,0.917716,0.260444,0.09763,1,1,1,0,0.206552
386,LEO_1,LEO,0.682502,0.920877,0.281989,0.067393,1,1,1,0,1.126203
387,BS_0,BS,0.566068,0.856612,0.46904,0.446878,1,1,1,1,0.0
387,BS_1,BS,0.64377,0.841477,0.340414,0.462063,1,1,1,1,0.0
387,BS_2,BS,0.797,0.946009,0.126901,0.076987,1,1,1,0,0.0
387,BS_3,BS,0.623692,0.821043,0.372098,0.403121,1,1,1,3,0.0
387,BS_4,BS,0.639672,0.823048,0.3468,0.262514,1,1,1,5,0.0
387,HAP_0,HAP,0.89622,0.948521,0.00957,0.025586,1,1,0,0,0.562744
387,HAP_1,HAP,0.721083,0.85294,0.227001,0.155057,1,1,1,7,0.666787
387,HAP_2,HAP,0.537372,0.897967,0.521064,0.184716,1,1,1,0,1.514102
387,LEO_0,LEO,0.772272,0.925861,0.058419,0.07964,2,0,0,0,0.522114
387,LEO_1,LEO,0.679238,0.914356,0.286784,0.090925,1,1,1,0,0.385153
388,BS_0,BS,0.563936,0.854077,0.472814,0.458101,1,1,1,1,0.0
388,BS_1,BS,0.595174,0.847109,0.418902,0.448616,1,1,1,0,0.0
388,BS_2,BS,0.793213,0.954884,0.031663,0.062041,2,0,0,0,0.0
388,BS_3,BS,0.694418,0.826117,0.264681,0.354022,1,1,1,5,0.0
388,BS_4,BS,0.645809,0.823203,0.337251,0.261193,1,1,1,5,0.0
388,HAP_0,HAP,0.550818,0.915904,0.496351,0.131332,1,1,1,0,1.57119
388,HAP_1,HAP,0.687523,0.850882,0.27466,0.157992,1,1,1,5,0.31974
388,HAP_2,HAP,0.576172,0.886565,0.451349,0.239445,1,1,1,0,0.264412
388,LEO_0,LEO,0.79774,0.92731,0.125973,0.070853,1,1,1,0,0.607337
388,LEO_1,LEO,0.773798,0.918446,0.156444,0.083754,1,1,1,0,0.328057
389,BS_0,BS,0.55879,0.851731,0.481981,0.471019,1,1,1,1,0.0
389,BS_1,BS,0.558412,0.84439,0.482658,0.463724,1,1,1,1,0.283223
389,BS_2,BS,0.644208,0.937928,0.339734,0.101571,1,1,1,0,0.698725
389,BS_3,BS,0.656515,0.826678,0.320809,0.329531,1,1,1,5,0.0
389,BS_4,BS,0.642782,0.823046,0.341949,0.261573,1,1,1,5,0.0
389,HAP_0,HAP,0.694496,0.909175,0.264568,0.136564,1,1,1,0,0.630953
389,HAP_1,HAP,0.645582,0.845452,0.337603,0.177683,1,1,1,6,0.429979
389,HAP_2,HAP,0.882592,0.901304,0.024892,0.191835,1,1,1,0,0.688677
389,LEO_0,LEO,0.79662,0.934353,0.027377,0.05702,2,0,0,0,0.586097
389,LEO_1,LEO,0.725525,0.914071,0.22086,0.088953,1,1,1,0,0.837993
390,BS_0,BS,0.553684,0.848966,0.491161,0.485372,1,1,1,1,0.0
390,BS_1,BS,0.793416,0.862812,0.131408,0.37875,1,1,1,0,0.493478
390,BS_2,BS,0.718617,0.935398,0.230427,0.105151,1,1,1,0,0.0
390,BS_3,BS,0.502648,0.816322,0.587864,0.419138,1,1,1,3,0.0
390,BS_4,BS,0.648033,0.823408,0.333814,0.259403,1,1,1,5,0.0
390,HAP_0,HAP,0.661112,0.90475,0.313832,0.153572,1,1,1,0,0.27817
390,HAP_1,HAP,0.736224,0.848988,0.206222,0.161284,1,1,1,6,0.453527
390,HAP_2,HAP,0.825125,0.907746,0.09222,0.157295,1,1,1,0,0.809069
390,LEO_0,LEO,0.672369,0.934769,0.096948,0.049845,3,0,0,0,0.715724
390,LEO_1,LEO,0.818171,0.924434,0.000684,0.071163,2,0,0,0,0.661897
391,BS_0,BS,0.55244,0.845465,0.493411,0.497853,1,1,1,1,0.0
391,BS_1,BS,0.524897,0.85304,0.544554,0.436442,1,1,1,1,0.0
391,BS_2,BS,0.814028,0.941749,0.10576,0.089154,1,1,1,0,0.0
391,BS_3,BS,0.658069,0.820001,0.318446,0.380944,1,1,1,4,0.0
391,BS_4,BS,0.642217,0.823156,0.342828,0.260411,1,1,1,5,0.0
391,HAP_0,HAP,0.809948,0.918613,0.010785,0.12291,2,0,0,0,0.473481
391,HAP_1,HAP,0.716903,0.850222,0.232814,0.153418,1,1,1,5,0.298321
391,HAP_2,HAP,0.797096,0.913005,0.12678,0.133069,1,1,1,0,0.504058
391,LEO_0,LEO,0.811143,0.934175,0.109311,0.045253,1,1,1,0,0.712816
391,LEO_1,LEO,0.81709,0.928185,0.102006,0.061613,1,1,1,0,0.485661
392,BS_0,BS,0.587325,0.84511,0.432177,0.482332,1,1,1,1,0.0
392,BS_1,BS,0.577813,0.850958,0.448505,0.439674,1,1,1,1,0.0
392,BS_2,BS,0.74155,0.937932,0.199013,0.089146,1,1,1,0,0.435187
392,BS_3,BS,0.696869,0.825541,0.261158,0.335446,1,1,1,5,0.0
392,BS_4,BS,0.646745,0.823377,0.335803,0.259073,1,1,1,4,0.0
392,HAP_0,HAP,0.760099,0.917116,0.174306,0.112,1,1,1,0,0.801033
392,HAP_1,HAP,0.614405,0.842623,0.3871,0.190165,1,1,1,4,0.474327
392,HAP_2,HAP,0.763797,0.921313,0.069453,0.108626,2,0,0,0,0.475835
392,LEO_0,LEO,0.815213,0.932763,0.104305,0.041098,1,1,1,0,0.86276
392,LEO_1,LEO,0.801791,0.927932,0.120907,0.055869,1,1,1,0,0.789124
393,BS_0,BS,0.621408,0.850394,0.375767,0.449406,1,1,1,1,0.0
393,BS_1,BS,0.613353,0.853034,0.388814,0.419769,1,1,1,1,0.0
393,BS_2,BS,0.780154,0.940745,0.148264,0.081209,1,1,1,0,0.0
393,BS_3,BS,0.668407,0.827304,0.302858,0.309633,1,1,1,4,0.0
393,BS_4,BS,0.646862,0.823564,0.335622,0.257947,1,1,1,5,0.0
393,HAP_0,HAP,0.741272,0.922427,0.099387,0.094045,2,0,0,0,0.479908
393,HAP_1,HAP,0.689132,0.846974,0.272322,0.185504,1,1,1,4,0.0
393,HAP_2,HAP,0.706061,0.927481,0.048054,0.08794,3,0,0,0,0.712697
393,LEO_0,LEO,0.743685,0.930994,0.096138,0.037038,2,0,0,0,0.972988
393,LEO_1,LEO,0.817738,0.935256,0.001214,0.044696,2,0,0,0,0.693069
394,BS_0,BS,0.543291,0.843318,0.510109,0.47662,1,1,1,1,0.0
394,BS_1,BS,0.550436,0.843607,0.497045,0.446989,1,1,1,1,0.383976
394,BS_2,BS,0.765469,0.948419,0.067266,0.067003,2,0,0,0,0.0
394,BS_3,BS,0.635301,0.825632,0.353657,0.303989,1,1,1,4,0.0
394,BS_4,BS,0.648337,0.823851,0.333345,0.256361,1,1,1,5,0.0
394,HAP_0,HAP,0.709322,0.929193,0.043445,0.076086,3,0,0,0,0.635143
394,HAP_1,HAP,0.746156,0.851853,0.19282,0.165134,1,1,1,6,0.338343
394,HAP_2,HAP,0.622629,0.932698,0.073805,0.072803,4,0,0,0,0.440147
394,LEO_0,LEO,0.737516,0.936455,0.004467,0.029639,3,0,0,0,0.772876
394,LEO_1,LEO,0.724451,0.940201,0.022342,0.035981,3,0,0,0,0.657515
395,BS_0,BS,0.678547,0.852159,0.287802,0.418569,1,1,1,1,0.0
395,BS_1,BS,0.619231,0.840965,0.379277,0.422324,1,1,1,1,0.384066
395,BS_2,BS,0.696609,0.93797,0.261532,0.084382,1,1,1,0,0.630601
395,BS_3,BS,0.637343,0.82448,0.350447,0.298457,1,1,1,4,0.0
395,BS_4,BS,0.640236,0.823325,0.345918,0.258936,1,1,1,5,0.0
395,HAP_0,HAP,0.759603,0.923439,0.17496,0.074643,1,1,1,0,1.023674
395,HAP_1,HAP,0.670042,0.851258,0.300415,0.172719,1,1,1,3,0.556342
395,HAP_2,HAP,0.781963,0.933625,0.145948,0.067828,1,1,1,0,0.350575
395,LEO_0,LEO,0.796098,0.935397,0.128033,0.031088,1,1,1,0,0.558816
395,LEO_1,LEO,0.647889,0.942609,0.034035,0.029306,4,0,0,0,0.772055
396,BS_0,BS,0.659134,0.856754,0.316828,0.380026,1,1,1,1,0.0
396,BS_1,BS,0.425736,0.825303,0.753937,0.593649,1,1,1,0,0.0
396,BS_2,BS,0.727418,0.936266,0.218255,0.088941,1,1,1,0,0.0
396,BS_3,BS,0.648412,0.824591,0.333228,0.288734,1,1,1,5,0.0
396,BS_4,BS,0.631886,0.822118,0.359046,0.26516,1,1,1,6,0.0
396,HAP_0,HAP,0.66702,0.916136,0.304936,0.101558,1,1,1,0,0.304407
396,HAP_1,HAP,0.767332,0.857312,0.164836,0.150402,1,1,1,5,0.539644
396,HAP_2,HAP,0.793235,0.940313,0.031636,0.054713,2,0,0,0,0.491678
396,LEO_0,LEO,0.801805,0.932782,0.12089,0.031447,1,1,1,0,0.883185
396,LEO_1,LEO,0.884346,0.946058,0.022907,0.023681,1,1,0,0,0.644147
397,BS_0,BS,0.677953,0.86143,0.288677,0.341522,1,1,1,1,0.0
397,BS_1,BS,0.536766,0.820504,0.522192,0.597627,1,1,1,1,0.36216
397,BS_2,BS,0.798348,0.937953,0.125211,0.078208,1,1,1,0,0.418076
397,BS_3,BS,0.634815,0.823408,0.354422,0.287514,1,1,1,4,0.0
397,BS_4,BS,0.638713,0.821796,0.348299,0.266719,1,1,1,4,0.0
397,HAP_0,HAP,0.766076,0.924684,0.066474,0.083235,2,0,0,0,0.421592
397,HAP_1,HAP,0.683299,0.854239,0.280822,0.155809,1,1,1,6,0.62327
397,HAP_2,HAP,0.777294,0.936641,0.151937,0.054158,1,1,1,0,0.694432
397,LEO_0,LEO,0.772133,0.931169,0.158599,0.036477,1,1,1,0,0.485542
397,LEO_1,LEO,0.816325,0.94999,0.002942,0.018949,2,0,0,0,0.668574
398,BS_0,BS,0.627463,0.863652,0.36607,0.333521,1,1,1,1,0.0
398,BS_1,BS,0.544941,0.824297,0.507078,0.59381,1,1,1,0,0.0
398,BS_2,BS,0.767851,0.939803,0.164159,0.074693,1,1,1,0,0.0
398,BS_3,BS,0.617794,0.822801,0.381601,0.29554,1,1,1,3,0.0
398,BS_4,BS,0.648274,0.82243,0.333441,0.263407,1,1,1,5,0.0
398,HAP_0,HAP,0.80512,0.929259,0.116764,0.072723,1,1,1,0,0.329356
398,HAP_1,HAP,0.699504,0.852996,0.257383,0.154458,1,1,1,7,0.271544
398,HAP_2,HAP,0.787314,0.941515,0.039128,0.044016,2,0,0,0,0.518977
398,LEO_0,LEO,0.760413,0.931093,0.173893,0.042789,1,1,1,0,0.287508
398,LEO_1,LEO,0.616868,0.924536,0.3831,0.081204,1,1,1,0,1.391789
399,BS_0,BS,0.596089,0.863269,0.417365,0.345204,1,1,1,1,0.0
399,BS_1,BS,0.55707,0.825705,0.485065,0.580927,1,1,1,1,0.0
399,BS_2,BS,0.693328,0.930672,0.266252,0.091655,1,1,1,0,0.631733
399,BS_3,BS,0.69326,0.827654,0.266351,0.268356,1,1,1,4,0.0
399,BS_4,BS,0.628305,0.822626,0.36473,0.270588,1,1,1,3,0.0
399,HAP_0,HAP,0.6038,0.909237,0.404512,0.131812,1,1,1,0,1.150461
399,HAP_1,HAP,0.704978,0.852431,0.249589,0.151599,1,1,1,7,0.468352
399,HAP_2,HAP,0.700184,0.942944,0.056412,0.036645,3,0,0,0,0.724184
399,LEO_0,LEO,0.752006,0.927069,0.185011,0.049634,1,1,1,0,0.752928
399,LEO_1,LEO,0.594923,0.909438,0.419323,0.144087,1,1,1,0,0.31713
400,BS_0,BS,0.713197,0.875814,0.237997,0.301652,1,1,1,0,0.0
400,BS_1,BS,0.687969,0.841293,0.274011,0.498528,1,1,1,0,0.238061
400,BS_2,BS,0.723354,0.930067,0.223857,0.095875,1,1,1,0,0.0
400,BS_3,BS,0.617897,0.827385,0.381433,0.280156,1,1,1,2,0.0
400,BS_4,BS,0.691509,0.827281,0.268879,0.249004,1,1,1,5,0.0
400,HAP_0,HAP,0.803814,0.913375,0.118388,0.111757,1,1,1,0,0.616343
400,HAP_1,HAP,0.655975,0.847649,0.321633,0.167831,1,1,1,6,0.315469
400,HAP_2,HAP,0.609799,0.94122,0.094627,0.033345,4,0,0,0,0.760008
400,LEO_0,LEO,0.801662,0.933925,0.021069,0.039907,2,0,0,0,0.640632
400,LEO_1,LEO,0.80031,0.919555,0.022757,0.115503,2,0,0,0,0.703023
401,BS_0,BS,0.528516,0.865205,0.537682,0.371418,1,1,1,1,0.0
401,BS_1,BS,0.53167,0.834022,0.531732,0.526055,1,1,1,1,0.518486
401,BS_2,BS,0.818573,0.937834,0.100193,0.081217,1,1,1,0,0.0
401,BS_3,BS,0.684394,0.830784,0.279222,0.259209,1,1,1,5,0.0
401,BS_4,BS,0.667871,0.828668,0.30366,0.240697,1,1,1,3,0.0
401,HAP_0,HAP,0.747261,0.914824,0.191341,0.105881,1,1,1,0,0.376708
401,HAP_1,HAP,0.644283,0.842743,0.339617,0.186168,1,1,1,5,0.756597
401,HAP_2,HAP,0.816773,0.942331,0.102394,0.031394,1,1,1,0,0.376265
401,LEO_0,LEO,0.698479,0.938342,0.05885,0.033484,3,0,0,0,0.49676
401,LEO_1,LEO,0.693446,0.926381,0.066083,0.094367,3,0,0,0,0.496467
402,BS_0,BS,0.541155,0.85624,0.51405,0.416045,1,1,1,1,0.0
402,BS_1,BS,0.542814,0.831434,0.510988,0.538343,1,1,1,1,0.0
402,BS_2,BS,0.790184,0.939597,0.135489,0.073234,1,1,1,0,0.312398
402,BS_3,BS,0.684371,0.832998,0.279255,0.242459,1,1,1,4,0.0
402,BS_4,BS,0.650796,0.828174,0.329559,0.241432,1,1,1,4,0.0
402,HAP_0,HAP,0.597227,0.89573,0.415459,0.162377,1,1,1,0,1.29032
402,HAP_1,HAP,0.648876,0.842487,0.332514,0.198688,1,1,1,5,0.149667
402,HAP_2,HAP,0.624454,0.921241,0.370878,0.087013,1,1,1,0,1.183941
402,LEO_0,LEO,0.743896,0.93571,0.195854,0.044049,1,1,1,0,0.269846
402,LEO_1,LEO,0.662168,0.920765,0.312237,0.119365,1,1,1,0,0.068243
403,BS_0,BS,0.631779,0.858229,0.359216,0.390903,1,1,1,1,0.0
403,BS_1,BS,0.620362,0.841476,0.377452,0.494786,1,1,1,0,0.0
403,BS_2,BS,0.721704,0.932583,0.22614,0.0816,1,1,1,0,0.62728
403,BS_3,BS,0.643927,0.831629,0.340171,0.24604,1,1,1,3,0.0
403,BS_4,BS,0.620676,0.824925,0.376945,0.257085,1,1,1,6,0.0
403,HAP_0,HAP,0.62091,0.889683,0.376569,0.193714,1,1,1,0,0.258308
403,HAP_1,HAP,0.698773,0.844133,0.258429,0.189004,1,1,1,5,0.422503
403,HAP_2,HAP,0.723504,0.917669,0.223649,0.092119,1,1,1,0,0.478761
403,LEO_0,LEO,0.729333,0.928596,0.215624,0.056161,1,1,1,0,0.798964
403,LEO_1,LEO,0.781953,0.930623,0.045961,0.096443,2,0,0,0,0.363816
404,BS_0,BS,0.650219,0.861563,0.330446,0.36186,1,1,1,1,0.0
404,BS_1,BS,0.568496,0.843325,0.464762,0.493031,1,1,1,1,0.0
404,BS_2,BS,0.778536,0.929943,0.15034,0.075451,1,1,1,0,0.749724
404,BS_3,BS,0.670711,0.832466,0.299417,0.237175,1,1,1,4,0.0
404,BS_4,BS,0.642414,0.824389,0.342522,0.258463,1,1,1,5,0.0
404,HAP_0,HAP,0.82121,0.901946,0.096976,0.159203,1,1,1,0,0.390064
404,HAP_1,HAP,0.700467,0.845076,0.256008,0.180696,1,1,1,6,0.761706
404,HAP_2,HAP,0.760266,0.924226,0.074087,0.076165,2,0,0,0,0.535401
404,LEO_0,LEO,0.807148,0.935849,0.014248,0.04502,2,0,0,0,0.595841
404,LEO_1,LEO,0.724599,0.925296,0.222137,0.099359,1,1,1,0,0.653493
405,BS_0,BS,0.579114,0.861436,0.446256,0.379103,1,1,1,0,0.0
405,BS_1,BS,0.534531,0.840781,0.526366,0.519102,1,1,1,1,0.0
405,BS_2,BS,0.761886,0.934064,0.071958,0.062691,2,0,0,0,0.519008
405,BS_3,BS,0.649936,0.832201,0.330882,0.239007,1,1,1,3,0.0
405,BS_4,BS,0.644769,0.824179,0.338863,0.258443,1,1,1,3,0.0
405,HAP_0,HAP,0.783167,0.906453,0.144409,0.136747,1,1,1,0,0.705321
405,HAP_1,HAP,0.66749,0.842833,0.304232,0.186208,1,1,1,5,0.638505
405,HAP_2,HAP,0.731233,0.932219,0.013023,0.061008,3,0,0,0,0.660904
405,LEO_0,LEO,0.700146,0.939751,0.056466,0.037451,3,0,0,0,0.538198
405,LEO_1,LEO,0.758328,0.921781,0.176639,0.093528,1,1,1,0,0.835324
406,BS_0,BS,0.582004,0.860096,0.441277,0.390909,1,1,1,1,0.0
406,BS_1,BS,0.536362,0.838123,0.522946,0.538344,1,1,1,1,0.0
406,BS_2,BS,0.625523,0.923987,0.369167,0.111481,1,1,1,0,0.0
406,BS_3,BS,0.677682,0.833632,0.289077,0.22881,1,1,1,5,0.0
406,BS_4,BS,0.644612,0.823997,0.339107,0.258501,1,1,1,4,0.0
406,HAP_0,HAP,0.807639,0.918134,0.01364,0.109481,2,0,0,0,0.615317
406,HAP_1,HAP,0.663567,0.840664,0.310125,0.192246,1,1,1,7,0.210068
406,HAP_2,HAP,0.641134,0.935861,0.044517,0.049699,4,0,0,0,0.745892
406,LEO_0,LEO,0.625043,0.942266,0.069935,0.032162,4,0,0,0,0.528776
406,LEO_1,LEO,0.789583,0.923966,0.13625,0.083176,1,1,1,0,0.464035
407,BS_0,BS,0.556732,0.855969,0.48567,0.418871,1,1,1,1,0.0
407,BS_1,BS,0.538358,0.834103,0.519231,0.551996,1,1,1,1,0.0
407,BS_2,BS,0.791935,0.93097,0.133275,0.097178,1,1,1,0,0.0
407,BS_3,BS,0.659536,0.832976,0.316219,0.228045,1,1,1,3,0.0
407,BS_4,BS,0.648291,0.824193,0.333416,0.256826,1,1,1,4,0.0
407,HAP_0,HAP,0.595508,0.897126,0.418341,0.166339,1,1,1,0,1.379845
407,HAP_1,HAP,0.653326,0.837991,0.325679,0.201527,1,1,1,6,0.519019
407,HAP_2,HAP,0.847322,0.939158,0.065674,0.0417,1,1,0,0,0.517707
407,LEO_0,LEO,0.865848,0.945444,0.044046,0.026602,1,1,0,0,0.582367
407,LEO_1,LEO,0.656823,0.909455,0.32034,0.112719,1,1,1,0,1.180109
408,BS_0,BS,0.722848,0.870708,0.224556,0.357788,1,1,1,0,0.0
408,BS_1,BS,0.637384,0.841929,0.350382,0.496842,1,1,1,1,0.0
408,BS_2,BS,0.671824,0.921821,0.297759,0.117639,1,1,1,0,0.630567
408,BS_3,BS,0.647484,0.83131,0.334661,0.232835,1,1,1,3,0.0
408,BS_4,BS,0.634004,0.823012,0.3557,0.262396,1,1,1,4,0.0
408,HAP_0,HAP,0.554572,0.884645,0.489558,0.240921,1,1,1,0,0.153284
408,HAP_1,HAP,0.677832,0.838062,0.288856,0.198769,1,1,1,6,0.267895
408,HAP_2,HAP,0.749309,0.931394,0.188604,0.049367,1,1,1,0,0.937289
408,LEO_0,LEO,0.602745,0.920027,0.406261,0.095554,1,1,1,0,1.350916
408,LEO_1,LEO,0.610805,0.900343,0.392978,0.15967,1,1,1,0,0.192801
409,BS_0,BS,0.419375,0.842008,0.768989,0.552336,1,1,1,1,0.301004
409,BS_1,BS,0.621856,0.850174,0.375047,0.460771,1,1,1,0,0.0
409,BS_2,BS,0.732078,0.923727,0.211868,0.114311,1,1,1,0,0.0
409,BS_3,BS,0.631056,0.828428,0.360361,0.244705,1,1,1,5,0.0
409,BS_4,BS,0.638459,0.822488,0.348698,0.264632,1,1,1,5,0.0
409,HAP_0,HAP,0.858791,0.898647,0.05223,0.193965,1,1,1,0,0.649759
409,HAP_1,HAP,0.681356,0.838429,0.283671,0.195226,1,1,1,7,0.388014
409,HAP_2,HAP,0.733715,0.921342,0.209634,0.059269,1,1,1,0,1.183975
409,LEO_0,LEO,0.653849,0.910668,0.324879,0.123939,1,1,1,0,0.433769
409,LEO_1,LEO,0.771217,0.908263,0.159785,0.139225,1,1,1,0,0.211963
410,BS_0,BS,0.634365,0.847543,0.355131,0.498622,1,1,1,1,0.0
410,BS_1,BS,0.499852,0.838991,0.593443,0.527095,1,1,1,1,0.0
410,BS_2,BS,0.672885,0.915115,0.296181,0.130924,1,1,1,0,0.736571
410,BS_3,BS,0.640029,0.826968,0.346242,0.249712,1,1,1,5,0.0
410,BS_4,BS,0.646674,0.822836,0.335914,0.262483,1,1,1,5,0.0
410,HAP_0,HAP,0.584878,0.880414,0.436352,0.240853,1,1,1,0,1.392029
410,HAP_1,HAP,0.495606,0.822904,0.601975,0.319249,1,1,1,3,0.459578
410,HAP_2,HAP,0.783217,0.924512,0.044345,0.048301,2,0,0,0,0.957747
410,LEO_0,LEO,0.747752,0.913118,0.190684,0.115513,1,1,1,0,0.350365
410,LEO_1,LEO,0.811104,0.915505,0.10936,0.116762,1,1,1,0,0.507378
411,BS_0,BS,0.624448,0.850726,0.370887,0.460798,1,1,1,1,0.0
411,BS_1,BS,0.629494,0.843067,0.362839,0.48092,1,1,1,1,0.0
411,BS_2,BS,0.693578,0.914919,0.265891,0.136554,1,1,1,0,0.0
411,BS_3,BS,0.614318,0.82334,0.387242,0.26725,1,1,1,3,0.0
411,BS_4,BS,0.647659,0.823205,0.334391,0.260304,1,1,1,5,0.0
411,HAP_0,HAP,0.677968,0.880327,0.288655,0.230177,1,1,1,0,0.527455
411,HAP_1,HAP,0.631618,0.822411,0.359471,0.313548,1,1,1,7,0.36067
411,HAP_2,HAP,0.703506,0.917718,0.251678,0.067144,1,1,1,0,0.601349
411,LEO_0,LEO,0.775682,0.923517,0.054013,0.093723,2,0,0,0,0.367739
411,LEO_1,LEO,0.705057,0.909478,0.249476,0.121417,1,1,1,0,0.881142
412,BS_0,BS,0.587853,0.853693,0.431278,0.452339,1,1,1,0,0.0
412,BS_1,BS,0.592671,0.842549,0.423116,0.465298,1,1,1,0,0.655888
412,BS_2,BS,0.803962,0.924599,0.118204,0.11553,1,1,1,0,0.0
412,BS_3,BS,0.620012,0.82193,0.378017,0.278104,1,1,1,3,0.0
412,BS_4,BS,0.634927,0.822309,0.354245,0.264714,1,1,1,6,0.0
412,HAP_0,HAP,0.843642,0.89356,0.070027,0.186348,1,1,1,0,0.645371
412,HAP_1,HAP,0.700031,0.827662,0.256631,0.280475,1,1,1,5,0.467871
412,HAP_2,HAP,0.747411,0.922527,0.09114,0.057453,2,0,0,0,0.60259
412,LEO_0,LEO,0.66476,0.911142,0.308329,0.117759,1,1,1,0,1.053084
412,LEO_1,LEO,0.789542,0.91765,0.036302,0.097726,2,0,0,0,0.770303
413,BS_0,BS,0.540129,0.8474,0.515947,0.481662,1,1,1,1,0.0
413,BS_1,BS,0.556621,0.837862,0.48587,0.47847,1,1,1,1,0.0
413,BS_2,BS,0.634316,0.91244,0.355208,0.149202,1,1,1,0,0.734726
413,BS_3,BS,0.674679,0.825121,0.293518,0.261252,1,1,1,4,0.0
413,BS_4,BS,0.642858,0.822338,0.341831,0.264353,1,1,1,4,0.0
413,HAP_0,HAP,0.709487,0.889897,0.243214,0.175698,1,1,1,0,1.132268
413,HAP_1,HAP,0.669805,0.82911,0.300769,0.265088,1,1,1,6,0.444892
413,HAP_2,HAP,0.681457,0.926717,0.083523,0.049102,3,0,0,0,0.632176
413,LEO_0,LEO,0.707133,0.909572,0.246536,0.121558,1,1,1,0,0.339326
413,LEO_1,LEO,0.714074,0.925256,0.036769,0.078789,3,0,0,0,0.638393
414,BS_0,BS,0.609319,0.848892,0.395414,0.455688,1,1,1,1,0.0
414,BS_1,BS,0.61896,0.837195,0.379714,0.447658,1,1,1,1,0.715151
414,BS_2,BS,0.780361,0.921491,0.047998,0.120398,2,0,0,0,0.549452
414,BS_3,BS,0.643561,0.82469,0.340739,0.261248,1,1,1,4,0.0
414,BS_4,BS,0.63872,0.821973,0.348289,0.266069,1,1,1,6,0.0
414,HAP_0,HAP,0.704905,0.891053,0.249692,0.168614,1,1,1,0,0.476433
414,HAP_1,HAP,0.69908,0.832814,0.25799,0.242022,1,1,1,7,0.458418
414,HAP_2,HAP,0.808772,0.928777,0.112238,0.04495,1,1,1,0,0.575478
414,LEO_0,LEO,0.770151,0.910281,0.161169,0.108935,1,1,1,0,0.849545
414,LEO_1,LEO,0.780768,0.926359,0.147477,0.072819,1,1,1,0,0.458217
415,BS_0,BS,0.647077,0.854782,0.335291,0.415139,1,1,1,1,0.0
415,BS_1,BS,0.574751,0.837035,0.453819,0.450804,1,1,1,1,0.0
415,BS_2,BS,0.704934,0.921098,0.249651,0.124365,1,1,1,0,0.0
415,BS_3,BS,0.643276,0.824289,0.341181,0.26138,1,1,1,5,0.0
415,BS_4,BS,0.638353,0.821646,0.348863,0.267623,1,1,1,4,0.0
415,HAP_0,HAP,0.813823,0.90594,0.006013,0.134907,2,0,0,0,0.670669
415,HAP_1,HAP,0.674436,0.833619,0.293878,0.232481,1,1,1,7,0.868196
415,HAP_2,HAP,0.664631,0.913683,0.308523,0.078794,1,1,1,0,1.206815
415,LEO_0,LEO,0.816817,0.920897,0.00234,0.087151,2,0,0,0,0.705791
415,LEO_1,LEO,0.757503,0.929818,0.077728,0.060974,2,0,0,0,0.700776
416,BS_0,BS,0.612141,0.854824,0.390792,0.400834,1,1,1,1,0.0
416,BS_1,BS,0.59292,0.840669,0.422696,0.441046,1,1,1,1,0.0
416,BS_2,BS,0.694425,0.915163,0.26467,0.131015,1,1,1,0,0.701495
416,BS_3,BS,0.430213,0.806713,0.743475,0.457844,1,1,1,2,0.0
416,BS_4,BS,0.612471,0.819912,0.390254,0.282633,1,1,1,4,0.0
416,HAP_0,HAP,0.720126,0.915995,0.028329,0.108287,3,0,0,0,0.718587
416,HAP_1,HAP,0.584894,0.826252,0.436325,0.271656,1,1,1,4,0.514435
416,HAP_2,HAP,0.743324,0.912197,0.196624,0.080433,1,1,1,0,0.598336
416,LEO_0,LEO,0.716831,0.927026,0.032915,0.070208,3,0,0,0,0.78486
416,LEO_1,LEO,0.735778,0.937902,0.006826,0.0488,3,0,0,0,0.527627
417,BS_0,BS,0.573115,0.855348,0.456669,0.414513,1,1,1,0,0.0
417,BS_1,BS,0.581193,0.843196,0.442672,0.441018,1,1,1,1,0.0
417,BS_2,BS,0.69888,0.915467,0.258276,0.13483,1,1,1,0,0.0
417,BS_3,BS,0.62424,0.809708,0.371221,0.428287,1,1,1,4,0.0
417,BS_4,BS,0.672916,0.824987,0.296136,0.265569,1,1,1,3,0.0
417,HAP_0,HAP,0.620716,0.922704,0.076882,0.089289,4,0,0,0,0.50844
417,HAP_1,HAP,0.707266,0.831328,0.246348,0.244634,1,1,1,7,0.344534
417,HAP_2,HAP,0.714843,0.91161,0.235692,0.089344,1,1,1,0,0.327021
417,LEO_0,LEO,0.780218,0.92773,0.148182,0.066048,1,1,1,0,0.432082
417,LEO_1,LEO,0.610111,0.940647,0.094114,0.043026,4,0,0,0,0.364953
418,BS_0,BS,0.745296,0.872418,0.193974,0.348542,1,1,1,0,0.0
418,BS_1,BS,0.520356,0.835349,0.553243,0.490549,1,1,1,1,0.0
418,BS_2,BS,0.807431,0.925306,0.113897,0.113702,1,1,1,0,0.0
418,BS_3,BS,0.729876,0.823429,0.214881,0.363408,1,1,1,3,0.0
418,BS_4,BS,0.700761,0.830019,0.255588,0.241852,1,1,1,4,0.0
418,HAP_0,HAP,0.88251,0.930407,0.024985,0.071712,1,1,0,0,0.645201
418,HAP_1,HAP,0.703931,0.835019,0.251074,0.224074,1,1,1,6,0.307644
418,HAP_2,HAP,0.816202,0.919935,0.103093,0.076258,1,1,1,0,0.295743
418,LEO_0,LEO,0.809631,0.935902,0.011177,0.052894,2,0,0,0,0.576518
418,LEO_1,LEO,0.887264,0.945607,0.019612,0.034594,1,1,0,0,0.616041
419,BS_0,BS,0.340626,0.829942,0.97697,0.708345,1,1,1,2,0.0
419,BS_1,BS,0.584018,0.832041,0.437823,0.478699,1,1,1,1,0.682168
419,BS_2,BS,0.790391,0.938085,0.035228,0.09152,2,0,0,0,0.0
419,BS_3,BS,0.683599,0.827632,0.280384,0.326103,1,1,1,3,0.0
419,BS_4,BS,0.67224,0.83126,0.29714,0.233213,1,1,1,4,0.0
419,HAP_0,HAP,0.809054,0.937458,0.01189,0.057434,2,0,0,0,0.612816
419,HAP_1,HAP,0.666529,0.834679,0.305672,0.221305,1,1,1,6,0.316386
419,HAP_2,HAP,0.808766,0.931553,0.012246,0.061074,2,0,0,0,0.378347
419,LEO_0,LEO,0.818448,0.935751,0.100346,0.046847,1,1,1,0,0.728405
419,LEO_1,LEO,0.760812,0.947509,0.07337,0.030097,2,0,0,0,0.428472
420,BS_0,BS,0.710508,0.840085,0.241775,0.592981,1,1,1,2,0.0
420,BS_1,BS,0.613006,0.834823,0.389381,0.451188,1,1,1,1,0.0
420,BS_2,BS,0.624585,0.922092,0.370668,0.135043,1,1,1,0,0.765723
420,BS_3,BS,0.676657,0.831859,0.290591,0.298882,1,1,1,3,0.0
420,BS_4,BS,0.623469,0.827675,0.372455,0.248996,1,1,1,5,0.0
420,HAP_0,HAP,0.791159,0.933565,0.134256,0.054058,1,1,1,0,0.889423
420,HAP_1,HAP,0.65087,0.832978,0.329445,0.225885,1,1,1,7,0.470834
420,HAP_2,HAP,0.805698,0.933062,0.116046,0.054919,1,1,1,0,0.560648
420,LEO_0,LEO,0.741676,0.934539,0.098843,0.041874,2,0,0,0,0.842667
420,LEO_1,LEO,0.802599,0.94334,0.1199,0.030547,1,1,1,0,0.819836
421,BS_0,BS,0.665531,0.840238,0.30717,0.516844,1,1,1,2,0.681587
421,BS_1,BS,0.682749,0.844599,0.281628,0.396641,1,1,1,1,0.0
421,BS_2,BS,0.702526,0.921263,0.253073,0.136855,1,1,1,0,0.0
421,BS_3,BS,0.711482,0.838397,0.240406,0.265113,1,1,1,2,0.0
421,BS_4,BS,0.644503,0.826787,0.339276,0.250995,1,1,1,4,0.0
421,HAP_0,HAP,0.814803,0.938692,0.004809,0.043257,2,0,0,0,0.775255
421,HAP_1,HAP,0.635555,0.830187,0.353256,0.236863,1,1,1,5,0.570414
421,HAP_2,HAP,0.807121,0.940938,0.014281,0.044027,2,0,0,0,0.451429
421,LEO_0,LEO,0.737896,0.940686,0.003952,0.033506,3,0,0,0,0.635207
421,LEO_1,LEO,0.814296,0.94715,0.005431,0.024451,2,0,0,0,0.71258
422,BS_0,BS,0.713302,0.845719,0.237851,0.438933,1,1,1,2,0.0
422,BS_1,BS,0.583765,0.843907,0.438256,0.403744,1,1,1,0,0.525535
422,BS_2,BS,0.80569,0.929801,0.116056,0.115545,1,1,1,0,0.0
422,BS_3,BS,0.702612,0.841008,0.25295,0.240883,1,1,1,4,0.0
422,BS_4,BS,0.642442,0.825881,0.342479,0.253578,1,1,1,5,0.0
422,HAP_0,HAP,0.714959,0.941411,0.03553,0.035174,3,0,0,0,0.729526
422,HAP_1,HAP,0.705426,0.834212,0.248953,0.21738,1,1,1,6,0.306612
422,HAP_2,HAP,0.69998,0.943629,0.056703,0.036668,3,0,0,0,0.598583
422,LEO_0,LEO,0.658605,0.944578,0.017631,0.026945,4,0,0,0,0.69644
422,LEO_1,LEO,0.723857,0.949564,0.023161,0.019802,3,0,0,0,0.665926
423,BS_0,BS,0.834861,0.860329,0.08049,0.354062,1,1,1,2,0.0
423,BS_1,BS,0.586493,0.844846,0.433594,0.407597,1,1,1,1,0.0
423,BS_2,BS,0.421599,0.88597,0.763701,0.354894,1,1,1,0,4.465318
423,BS_3,BS,0.623627,0.838922,0.372202,0.255047,1,1,1,3,0.0
423,BS_4,BS,0.64819,0.825691,0.333572,0.252934,1,1,1,5,0.0
423,HAP_0,HAP,0.705228,0.93397,0.249234,0.056092,1,1,1,0,0.340352
423,HAP_1,HAP,0.665994,0.833982,0.306474,0.216171,1,1,1,6,0.322609
423,HAP_2,HAP,0.625687,0.946933,0.068904,0.031471,4,0,0,0,0.33645
423,LEO_0,LEO,0.820753,0.944625,0.097533,0.025836,1,1,0,0,0.475377
423,LEO_1,LEO,0.733336,0.943081,0.210151,0.035715,1,1,1,0,0.326043
424,BS_0,BS,0.580129,0.853239,0.444505,0.372162,1,1,1,1,0.351564
424,BS_1,BS,0.584169,0.845737,0.437564,0.412236,1,1,1,1,0.0
424,BS_2,BS,0.554395,0.876973,0.489878,0.391906,1,1,1,0,0.0
424,BS_3,BS,0.703241,0.841704,0.252056,0.232627,1,1,1,3,0.0
424,BS_4,BS,0.43222,0.807727,0.738821,0.447982,1,1,1,2,0.0
424,HAP_0,HAP,0.764871,0.93712,0.068048,0.046957,2,0,0,0,0.641543
424,HAP_1,HAP,0.597495,0.827285,0.41501,0.250442,1,1,1,4,0.674515
424,HAP_2,HAP,0.834208,0.946582,0.081272,0.028149,1,1,0,0,0.665134
424,LEO_0,LEO,0.754052,0.936549,0.182294,0.035623,1,1,1,0,0.89694
424,LEO_1,LEO,0.766054,0.944885,0.066502,0.030562,2,0,0,0,0.599662
425,BS_0,BS,0.706112,0.859337,0.247982,0.325403,1,1,1,2,0.0
425,BS_1,BS,0.552305,0.840435,0.493654,0.439451,1,1,1,1,0.0
425,BS_2,BS,0.721445,0.887507,0.226499,0.33661,1,1,1,0,0.0
425,BS_3,BS,0.640464,0.841016,0.345563,0.239838,1,1,1,2,0.0
425,BS_4,BS,0.609304,0.808756,0.395438,0.428753,1,1,1,4,0.0
425,HAP_0,HAP,0.734576,0.944109,0.008462,0.037598,3,0,0,0,0.485609
425,HAP_1,HAP,0.758364,0.837628,0.176592,0.214387,1,1,1,6,0.0
425,HAP_2,HAP,0.669485,0.928828,0.301246,0.063357,1,1,1,0,1.143177
425,LEO_0,LEO,0.728434,0.931815,0.216858,0.049661,1,1,1,0,0.346295
425,LEO_1,LEO,0.691666,0.948226,0.068653,0.026571,3,0,0,0,0.305547
426,BS_0,BS,0.60181,0.850966,0.407814,0.335162,1,1,1,2,0.0
426,BS_1,BS,0.689677,0.850121,0.271533,0.384739,1,1,1,1,0.0
426,BS_2,BS,0.653552,0.884444,0.325334,0.316917,1,1,1,0,0.743134
426,BS_3,BS,0.698302,0.842944,0.259103,0.222081,1,1,1,3,0.0
426,BS_4,BS,0.69713,0.816618,0.260783,0.373606,1,1,1,4,0.0
426,HAP_0,HAP,0.666764,0.949935,0.00532,0.030091,4,0,0,0,0.502063
426,HAP_1,HAP,0.695525,0.841004,0.263089,0.202656,1,1,1,3,0.419061
426,HAP_2,HAP,0.713339,0.922902,0.237799,0.076132,1,1,1,0,0.477465
426,LEO_0,LEO,0.808559,0.931951,0.112502,0.045424,1,1,1,0,0.733552
426,LEO_1,LEO,0.791669,0.943968,0.133612,0.02929,1,1,1,0,0.735477
427,BS_0,BS,0.517324,0.84188,0.559086,0.40879,1,1,1,1,0.0
427,BS_1,BS,0.65237,0.856376,0.327144,0.355952,1,1,1,1,0.0
427,BS_2,BS,0.699671,0.890918,0.257145,0.283289,1,1,1,0,0.0
427,BS_3,BS,0.630451,0.841443,0.36132,0.236413,1,1,1,3,0.0
427,BS_4,BS,0.670067,0.820324,0.300377,0.339486,1,1,1,5,0.0
427,HAP_0,HAP,0.779086,0.948262,0.149634,0.034148,1,1,1,0,0.212703
427,HAP_1,HAP,0.694357,0.842417,0.264769,0.193671,1,1,1,6,0.0
427,HAP_2,HAP,0.809893,0.930902,0.010853,0.060959,2,0,0,0,0.698757
427,LEO_0,LEO,0.749875,0.925059,0.187849,0.052219,1,1,1,0,0.985127
427,LEO_1,LEO,0.773885,0.937254,0.156332,0.03443,1,1,1,0,0.902646
428,BS_0,BS,0.693714,0.850194,0.265695,0.358799,1,1,1,2,0.0
428,BS_1,BS,0.602218,0.85441,0.407136,0.359353,1,1,1,1,0.0
428,BS_2,BS,0.805839,0.905541,0.115871,0.232673,1,1,1,0,0.0
428,BS_3,BS,0.783302,0.851942,0.144237,0.198492,1,1,1,3,0.0
428,BS_4,BS,0.653585,0.821752,0.325283,0.319203,1,1,1,4,0.0
428,HAP_0,HAP,0.816286,0.955318,0.002991,0.027323,2,0,0,0,0.321316
428,HAP_1,HAP,0.728044,0.84599,0.217394,0.176204,1,1,1,6,0.410342
428,HAP_2,HAP,0.680048,0.931696,0.085592,0.052064,3,0,0,0,0.816987
428,LEO_0,LEO,0.772975,0.928791,0.057508,0.043263,2,0,0,0,0.74485
428,LEO_1,LEO,0.763948,0.934115,0.169256,0.040435,1,1,1,0,0.478062
429,BS_0,BS,0.66154,0.856734,0.313184,0.331177,1,1,1,1,0.0
429,BS_1,BS,0.685692,0.860556,0.277327,0.322092,1,1,1,1,0.0
429,BS_2,BS,0.652524,0.899325,0.326907,0.234229,1,1,1,0,0.680568
429,BS_3,BS,0.69229,0.850977,0.26775,0.191055,1,1,1,4,0.0
429,BS_4,BS,0.645513,0.822141,0.33771,0.306684,1,1,1,4,0.0
429,HAP_0,HAP,0.766956,0.948698,0.165325,0.034158,1,1,1,0,0.626808
429,HAP_1,HAP,0.700641,0.846467,0.25576,0.170399,1,1,1,6,0.464874
429,HAP_2,HAP,0.79848,0.933124,0.125045,0.048687,1,1,1,0,0.394016
429,LEO_0,LEO,0.792158,0.928381,0.132994,0.04257,1,1,1,0,0.638969
429,LEO_1,LEO,0.754388,0.935113,0.081849,0.035363,2,0,0,0,0.770196
430,BS_0,BS,0.629221,0.860141,0.363273,0.324327,1,1,1,1,0.0
430,BS_1,BS,0.637653,0.857571,0.349961,0.312786,1,1,1,1,0.394549
430,BS_2,BS,0.720671,0.904707,0.227572,0.210688,1,1,1,0,0.0
430,BS_3,BS,0.673848,0.849205,0.294751,0.191939,1,1,1,2,0.0
430,BS_4,BS,0.644976,0.822401,0.338543,0.296922,1,1,1,4,0.0
430,HAP_0,HAP,0.725645,0.937265,0.220695,0.049244,1,1,1,0,0.915494
430,HAP_1,HAP,0.673509,0.844462,0.295253,0.175548,1,1,1,5,0.535054
430,HAP_2,HAP,0.810951,0.940965,0.009548,0.038991,2,0,0,0,0.501995
430,LEO_0,LEO,0.791314,0.933078,0.03406,0.034578,2,0,0,0,0.781012
430,LEO_1,LEO,0.681768,0.93582,0.083066,0.031395,3,0,0,0,0.729091
431,BS_0,BS,0.524959,0.847956,0.544436,0.392846,1,1,1,2,0.0
431,BS_1,BS,0.690029,0.86287,0.271022,0.283283,1,1,1,1,0.0
431,BS_2,BS,0.70556,0.903327,0.248764,0.196398,1,1,1,0,0.661629
431,BS_3,BS,0.687521,0.848106,0.274663,0.187499,1,1,1,3,0.0
431,BS_4,BS,0.647859,0.822876,0.334083,0.287763,1,1,1,4,0.0
431,HAP_0,HAP,0.74815,0.937966,0.090152,0.043053,2,0,0,0,0.593337
431,HAP_1,HAP,0.646988,0.840445,0.335428,0.191068,1,1,1,5,0.52147
431,HAP_2,HAP,0.697519,0.94315,0.060226,0.032825,3,0,0,0,0.627022
431,LEO_0,LEO,0.680484,0.935568,0.084951,0.03091,3,0,0,0,0.535119
431,LEO_1,LEO,0.635399,0.940208,0.053501,0.026404,4,0,0,0,0.47257
432,BS_0,BS,0.607704,0.844207,0.398068,0.385583,1,1,1,2,0.0
432,BS_1,BS,0.496228,0.852868,0.600719,0.389015,1,1,1,0,0.0
432,BS_2,BS,0.519058,0.876215,0.55574,0.2961,1,1,1,0,1.673042
432,BS_3,BS,0.660559,0.844649,0.314668,0.194556,1,1,1,4,0.0
432,BS_4,BS,0.642629,0.822769,0.342188,0.282902,1,1,1,4,0.0
432,HAP_0,HAP,0.651547,0.917953,0.328405,0.082975,1,1,1,0,1.428492
432,HAP_1,HAP,0.604555,0.836402,0.403262,0.226034,1,1,1,4,0.181034
432,HAP_2,HAP,0.636367,0.947075,0.05198,0.027476,4,0,0,0,0.39047
432,LEO_0,LEO,0.715191,0.930798,0.235206,0.049623,1,1,1,0,0.298019
432,LEO_1,LEO,0.757587,0.938134,0.177616,0.03532,1,1,1,0,0.291068
433,BS_0,BS,0.865291,0.863005,0.044689,0.309365,1,1,1,2,0.0
433,BS_1,BS,0.601131,0.855367,0.408942,0.386467,1,1,1,1,0.0
433,BS_2,BS,0.502754,0.863092,0.587655,0.392282,1,1,1,0,0.0
433,BS_3,BS,0.645846,0.840718,0.337194,0.20681,1,1,1,3,0.0
433,BS_4,BS,0.618171,0.820356,0.380989,0.29164,1,1,1,5,0.0
433,HAP_0,HAP,0.605259,0.904538,0.402099,0.139137,1,1,1,0,0.394446
433,HAP_1,HAP,0.690868,0.838581,0.269806,0.213585,1,1,1,6,0.245484
433,HAP_2,HAP,0.896947,0.952161,0.008759,0.022015,1,1,0,0,0.513588
433,LEO_0,LEO,0.7799,0.929245,0.148589,0.049634,1,1,1,0,0.721172
433,LEO_1,LEO,0.699445,0.927288,0.257468,0.058086,1,1,1,0,0.886969
434,BS_0,BS,0.431234,0.834462,0.741104,0.494648,1,1,1,0,1.192421
434,BS_1,BS,0.749961,0.872551,0.187734,0.325033,1,1,1,0,0.0
434,BS_2,BS,0.699569,0.874512,0.257291,0.343615,1,1,1,0,0.0
434,BS_3,BS,0.532431,0.830449,0.530303,0.291997,1,1,1,3,0.0
434,BS_4,BS,0.627475,0.819322,0.366051,0.293609,1,1,1,4,0.0
434,HAP_0,HAP,0.616099,0.89943,0.384347,0.177785,1,1,1,0,0.0
434,HAP_1,HAP,0.709707,0.842016,0.242904,0.197419,1,1,1,6,0.0
434,HAP_2,HAP,0.531008,0.916755,0.532979,0.145442,1,1,1,0,1.708282
434,LEO_0,LEO,0.715385,0.919744,0.234935,0.064544,1,1,1,0,1.032593
434,LEO_1,LEO,0.716593,0.924336,0.233247,0.070951,1,1,1,0,0.243208
435,BS_0,BS,0.54268,0.825954,0.511236,0.513332,1,1,1,2,0.0
435,BS_1,BS,0.489442,0.856516,0.614489,0.429945,1,1,1,1,0.0
435,BS_2,BS,0.835763,0.89474,0.07941,0.27773,1,1,1,0,0.0
435,BS_3,BS,0.806656,0.845406,0.114858,0.239535,1,1,1,4,0.0
435,BS_4,BS,0.647273,0.820358,0.334987,0.285385,1,1,1,5,0.0
435,HAP_0,HAP,0.795364,0.91508,0.028956,0.142605,2,0,0,0,0.312395
435,HAP_1,HAP,0.65652,0.83951,0.320802,0.204246,1,1,1,4,0.459398
435,HAP_2,HAP,0.616396,0.904734,0.383866,0.182663,1,1,1,0,0.37986
435,LEO_0,LEO,0.768953,0.924121,0.062725,0.053406,2,0,0,0,0.749926
435,LEO_1,LEO,0.809344,0.93475,0.011532,0.056821,2,0,0,0,0.415831
436,BS_0,BS,0.393023,0.808542,0.833886,0.72358,1,1,1,0,0.0
436,BS_1,BS,0.546807,0.847701,0.50366,0.458109,1,1,1,1,0.0
436,BS_2,BS,0.706043,0.896843,0.248079,0.249878,1,1,1,0,0.505409
436,BS_3,BS,0.66983,0.843945,0.300731,0.232325,1,1,1,2,0.646124
436,BS_4,BS,0.644223,0.821515,0.33971,0.280239,1,1,1,4,0.0
436,HAP_0,HAP,0.802212,0.920742,0.120383,0.120606,1,1,1,0,0.444136
436,HAP_1,HAP,0.779977,0.847728,0.148491,0.173319,1,1,1,4,0.458513
436,HAP_2,HAP,0.792311,0.914538,0.032801,0.146614,2,0,0,0,0.769235
436,LEO_0,LEO,0.66716,0.916732,0.304725,0.084511,1,1,1,0,0.337318
436,LEO_1,LEO,0.683666,0.937579,0.080286,0.048357,3,0,0,0,0.574821
437,BS_0,BS,0.630638,0.822082,0.361023,0.637516,1,1,1,1,0.0
437,BS_1,BS,0.719459,0.858216,0.229255,0.390138,1,1,1,1,0.0
437,BS_2,BS,0.765563,0.906633,0.167143,0.212474,1,1,1,0,0.0
437,BS_3,BS,0.681305,0.843264,0.283745,0.22209,1,1,1,2,0.0
437,BS_4,BS,0.668481,0.824169,0.302747,0.265436,1,1,1,4,0.0
437,HAP_0,HAP,0.696832,0.913265,0.261211,0.127189,1,1,1,0,0.854479
437,HAP_1,HAP,0.60769,0.842619,0.398091,0.20997,1,1,1,3,0.467209
437,HAP_2,HAP,0.806629,0.916224,0.114891,0.123231,1,1,1,0,0.882064
437,LEO_0,LEO,0.738474,0.919048,0.203169,0.086184,1,1,1,0,0.161398
437,LEO_1,LEO,0.811755,0.940978,0.108557,0.043989,1,1,1,0,0.186309
438,BS_0,BS,0.537089,0.820314,0.521591,0.632438,1,1,1,2,0.0
438,BS_1,BS,0.516728,0.851721,0.560239,0.453351,1,1,1,0,0.0
438,BS_2,BS,0.837964,0.920537,0.076781,0.172632,1,1,1,0,0.0
438,BS_3,BS,0.565322,0.836897,0.47036,0.27723,1,1,1,2,0.0
438,BS_4,BS,0.623058,0.821973,0.373116,0.274996,1,1,1,6,0.0
438,HAP_0,HAP,0.810599,0.918791,0.109981,0.107194,1,1,1,0,0.461384
438,HAP_1,HAP,0.747796,0.851196,0.190625,0.184328,1,1,1,3,0.545667
438,HAP_2,HAP,0.753505,0.916575,0.18302,0.113658,1,1,1,0,0.465033
438,LEO_0,LEO,0.753047,0.92621,0.083628,0.072094,2,0,0,0,0.447723
438,LEO_1,LEO,0.804493,0.94107,0.117543,0.041408,1,1,1,0,0.518226
439,BS_0,BS,0.66796,0.832958,0.303527,0.547409,1,1,1,1,0.0
439,BS_1,BS,0.720597,0.867469,0.227675,0.386007,1,1,1,0,0.0
439,BS_2,BS,0.772682,0.924195,0.157888,0.149324,1,1,1,0,0.341089
439,BS_3,BS,0.71792,0.847727,0.231397,0.245879,1,1,1,2,0.0
439,BS_4,BS,0.650473,0.82278,0.330056,0.269018,1,1,1,6,0.0
439,HAP_0,HAP,0.784527,0.927561,0.042675,0.086575,2,0,0,0,0.483446
439,HAP_1,HAP,0.64167,0.846327,0.343682,0.200615,1,1,1,5,0.411976
439,HAP_2,HAP,0.740862,0.922791,0.099941,0.095421,2,0,0,0,0.423526
439,LEO_0,LEO,0.69121,0.933013,0.069311,0.059837,3,0,0,0,0.374281
439,LEO_1,LEO,0.778721,0.944791,0.050102,0.034256,2,0,0,0,0.515869
440,BS_0,BS,0.653348,0.841984,0.325645,0.485647,1,1,1,1,0.0
440,BS_1,BS,0.473854,0.850231,0.646856,0.497096,1,1,1,1,0.0
440,BS_2,BS,0.805987,0.931863,0.115688,0.125482,1,1,1,0,0.0
440,BS_3,BS,0.703875,0.857061,0.251155,0.225088,1,1,1,2,0.0
440,BS_4,BS,0.597266,0.818301,0.415393,0.292862,1,1,1,4,0.0
440,HAP_0,HAP,0.769523,0.924347,0.161985,0.081067,1,1,1,0,0.874937
440,HAP_1,HAP,0.799908,0.855522,0.123258,0.167329,1,1,1,4,0.349159
440,HAP_2,HAP,0.798782,0.926651,0.124667,0.083331,1,1,1,0,0.400916
440,LEO_0,LEO,0.63886,0.940048,0.04807,0.048909,4,0,0,0,0.339822
440,LEO_1,LEO,0.690806,0.946283,0.069896,0.029603,3,0,0,0,0.54301
441,BS_0,BS,0.639156,0.847307,0.347607,0.442891,1,1,1,1,0.0
441,BS_1,BS,0.64333,0.858732,0.341098,0.450033,1,1,1,0,0.0
441,BS_2,BS,0.428524,0.888535,0.747409,0.351765,1,1,1,0,2.184096
441,BS_3,BS,0.456025,0.831326,0.685207,0.39135,1,1,1,3,0.0
441,BS_4,BS,0.636178,0.818505,0.352277,0.290135,1,1,1,6,0.0
441,HAP_0,HAP,0.745219,0.923249,0.194077,0.081804,1,1,1,0,0.37355
441,HAP_1,HAP,0.678231,0.852293,0.288267,0.171257,1,1,1,7,0.357274
441,HAP_2,HAP,0.787378,0.926416,0.139047,0.075365,1,1,1,0,0.717651
441,LEO_0,LEO,0.851578,0.946552,0.060664,0.040784,1,1,0,0,0.143912
441,LEO_1,LEO,0.7899,0.946606,0.135849,0.031988,1,1,1,0,0.149814
442,BS_0,BS,0.60959,0.851384,0.394968,0.424513,1,1,1,1,0.0
442,BS_1,BS,0.530978,0.850355,0.533034,0.487883,1,1,1,1,0.0
442,BS_2,BS,0.550786,0.878621,0.496409,0.392301,1,1,1,0,0.0
442,BS_3,BS,0.626223,0.834737,0.368048,0.374037,1,1,1,2,0.0
442,BS_4,BS,0.644594,0.819456,0.339135,0.283863,1,1,1,6,0.0
442,HAP_0,HAP,0.770455,0.930697,0.060774,0.067105,2,0,0,0,0.417305
442,HAP_1,HAP,0.694359,0.850982,0.264766,0.168551,1,1,1,5,0.557629
442,HAP_2,HAP,0.805918,0.934279,0.015773,0.060404,2,0,0,0,0.574442
442,LEO_0,LEO,0.528143,0.914833,0.538389,0.163065,1,1,1,0,1.216914
442,LEO_1,LEO,0.768804,0.949889,0.062919,0.027372,2,0,0,0,0.395885
443,BS_0,BS,0.383709,0.818614,0.857871,0.670785,1,1,1,2,0.0
443,BS_1,BS,0.646135,0.859149,0.336747,0.441336,1,1,1,0,0.0
443,BS_2,BS,0.720032,0.888705,0.22846,0.337328,1,1,1,0,0.0
443,BS_3,BS,0.592231,0.829238,0.423858,0.380074,1,1,1,3,0.0
443,BS_4,BS,0.64607,0.820354,0.336848,0.278151,1,1,1,4,0.0
443,HAP_0,HAP,0.716944,0.936934,0.032758,0.054167,3,0,0,0,0.600912
443,HAP_1,HAP,0.652345,0.850149,0.327181,0.183012,1,1,1,5,0.135788
443,HAP_2,HAP,0.566011,0.906093,0.469142,0.147365,1,1,1,0,2.032429
443,LEO_0,LEO,0.677261,0.910341,0.289698,0.168218,1,1,1,0,0.26539
443,LEO_1,LEO,0.71094,0.954146,0.041167,0.02266,3,0,0,0,0.321317
444,BS_0,BS,0.737824,0.831045,0.20405,0.555364,1,1,1,2,0.0
444,BS_1,BS,0.775952,0.877914,0.153665,0.363695,1,1,1,0,0.0
444,BS_2,BS,0.693008,0.889791,0.266713,0.301874,1,1,1,0,0.634202
444,BS_3,BS,0.691402,0.832624,0.269034,0.33663,1,1,1,4,0.0
444,BS_4,BS,0.648222,0.821272,0.333523,0.272577,1,1,1,4,0.0
444,HAP_0,HAP,0.647164,0.942798,0.035155,0.04389,4,0,0,0,0.438502
444,HAP_1,HAP,0.655724,0.846597,0.322016,0.193072,1,1,1,6,0.308952
444,HAP_2,HAP,0.622782,0.89629,0.373559,0.180688,1,1,1,0,0.441806
444,LEO_0,LEO,0.780981,0.921135,0.047205,0.135577,2,0,0,0,0.434533
444,LEO_1,LEO,0.725175,0.944039,0.221343,0.040175,1,1,1,0,0.667304
445,BS_0,BS,0.548779,0.82582,0.500059,0.556818,1,1,1,1,0.614579
445,BS_1,BS,0.424056,0.849078,0.757891,0.549435,1,1,1,1,0.389973
445,BS_2,BS,0.724396,0.897454,0.222417,0.26376,1,1,1,0,0.0
445,BS_3,BS,0.651657,0.83399,0.328237,0.317787,1,1,1,2,0.0
445,BS_4,BS,0.647044,0.821897,0.335342,0.268666,1,1,1,6,0.0
445,HAP_0,HAP,0.899518,0.948806,0.005896,0.035127,1,1,0,0,0.518829
445,HAP_1,HAP,0.705386,0.847497,0.24901,0.18236,1,1,1,7,0.319229
445,HAP_2,HAP,0.776361,0.902849,0.153138,0.155104,1,1,1,0,0.470027
445,LEO_0,LEO,0.810055,0.923596,0.110654,0.113972,1,1,1,0,0.726492
445,LEO_1,LEO,0.794084,0.940105,0.130565,0.039811,1,1,1,0,0.761544
446,BS_0,BS,0.621022,0.832022,0.376389,0.509205,1,1,1,1,0.0
446,BS_1,BS,0.590421,0.849739,0.426919,0.521565,1,1,1,1,0.0
446,BS_2,BS,0.819029,0.911778,0.099635,0.215476,1,1,1,0,0.0
446,BS_3,BS,0.678876,0.839523,0.287317,0.291377,1,1,1,2,0.0
446,BS_4,BS,0.647968,0.822483,0.333913,0.265107,1,1,1,6,0.0
446,HAP_0,HAP,0.802611,0.944957,0.119886,0.03457,1,1,1,0,0.734854
446,HAP_1,HAP,0.672041,0.845183,0.297435,0.185699,1,1,1,5,0.257398
446,HAP_2,HAP,0.792645,0.914397,0.03238,0.124555,2,0,0,0,0.617575
446,LEO_0,LEO,0.764891,0.927434,0.068021,0.093259,2,0,0,0,0.753341
446,LEO_1,LEO,0.754463,0.939053,0.081749,0.034856,2,0,0,0,0.833499
447,BS_0,BS,0.616997,0.834563,0.382891,0.473337,1,1,1,2,0.0
447,BS_1,BS,0.654081,0.859538,0.324524,0.464644,1,1,1,0,0.0
447,BS_2,BS,0.703087,0.909996,0.252274,0.201019,1,1,1,0,0.531059
447,BS_3,BS,0.763204,0.852166,0.17023,0.246142,1,1,1,3,0.0
447,BS_4,BS,0.644556,0.822635,0.339193,0.263859,1,1,1,6,0.0
447,HAP_0,HAP,0.762385,0.944083,0.071304,0.029943,2,0,0,0,0.778192
447,HAP_1,HAP,0.652332,0.841521,0.327202,0.196737,1,1,1,6,0.326971
447,HAP_2,HAP,0.712088,0.923098,0.039554,0.100348,3,0,0,0,0.6074
447,LEO_0,LEO,0.673596,0.928472,0.095124,0.078679,3,0,0,0,0.786949
447,LEO_1,LEO,0.794014,0.938463,0.130654,0.035567,1,1,1,0,0.414381
448,BS_0,BS,0.634532,0.841959,0.354868,0.435338,1,1,1,1,0.0
448,BS_1,BS,0.537227,0.851803,0.521334,0.49402,1,1,1,1,0.344542
448,BS_2,BS,0.757042,0.916439,0.178337,0.175127,1,1,1,0,0.0
448,BS_3,BS,0.60387,0.843621,0.404396,0.270505,1,1,1,3,0.0
448,BS_4,BS,0.645776,0.822869,0.337302,0.262285,1,1,1,5,0.0
448,HAP_0,HAP,0.731724,0.947805,0.012352,0.024023,3,0,0,0,0.64991
448,HAP_1,HAP,0.641694,0.837599,0.343644,0.21053,1,1,1,6,0.561145
448,HAP_2,HAP,0.60706,0.92559,0.099128,0.0847,4,0,0,0,0.71641
448,LEO_0,LEO,0.666068,0.93615,0.006363,0.062962,4,0,0,0,0.586496
448,LEO_1,LEO,0.802853,0.936469,0.119583,0.034888,1,1,1,0,0.767246
449,BS_0,BS,0.503342,0.828327,0.586485,0.503055,1,1,1,2,0.0
449,BS_1,BS,0.51242,0.842467,0.56861,0.540709,1,1,1,1,0.0
449,BS_2,BS,0.815368,0.923949,0.104115,0.14498,1,1,1,0,0.347889
449,BS_3,BS,0.734069,0.848927,0.209153,0.236089,1,1,1,3,0.0
449,BS_4,BS,0.647946,0.823259,0.333948,0.260013,1,1,1,5,0.0
449,HAP_0,HAP,0.762759,0.938898,0.170813,0.032348,1,1,1,0,0.969132
449,HAP_1,HAP,0.693716,0.839138,0.265693,0.200191,1,1,1,6,0.392097
449,HAP_2,HAP,0.899302,0.934742,0.006136,0.067777,1,1,0,0,0.4967
449,LEO_0,LEO,0.770044,0.93532,0.161307,0.062078,1,1,1,0,0.334035
449,LEO_1,LEO,0.795111,0.932713,0.129274,0.035431,1,1,1,0,0.910148
450,BS_0,BS,0.752738,0.844396,0.184038,0.417685,1,1,1,2,0.0
450,BS_1,BS,0.558918,0.838204,0.481753,0.537006,1,1,1,1,0.0
450,BS_2,BS,0.64197,0.910776,0.343213,0.168992,1,1,1,0,0.899952
450,BS_3,BS,0.675423,0.850166,0.292416,0.22735,1,1,1,2,0.0
450,BS_4,BS,0.6468,0.823464,0.335718,0.258728,1,1,1,6,0.0
450,HAP_0,HAP,0.732799,0.933044,0.210883,0.045891,1,1,1,0,0.450248
450,HAP_1,HAP,0.685527,0.839656,0.277568,0.194823,1,1,1,7,0.448349
450,HAP_2,HAP,0.670601,0.919945,0.29958,0.094608,1,1,1,0,1.100188
450,LEO_0,LEO,0.7521,0.937485,0.084886,0.052905,2,0,0,0,0.61179
450,LEO_1,LEO,0.769607,0.930567,0.161876,0.040136,1,1,1,0,0.518645
451,BS_0,BS,0.546939,0.831867,0.503418,0.448192,1,1,1,2,0.736591
451,BS_1,BS,0.522292,0.836219,0.549529,0.565497,1,1,1,0,0.0
451,BS_2,BS,0.766732,0.916939,0.065617,0.137131,2,0,0,0,0.773383
451,BS_3,BS,0.713789,0.852147,0.237168,0.207192,1,1,1,4,0.0
451,BS_4,BS,0.647511,0.823694,0.33462,0.257369,1,1,1,5,0.0
451,HAP_0,HAP,0.779333,0.936683,0.049317,0.037807,2,0,0,0,0.71369
451,HAP_1,HAP,0.663981,0.838155,0.309502,0.198964,1,1,1,6,0.325819
451,HAP_2,HAP,0.757936,0.923509,0.077156,0.078366,2,0,0,0,0.730375
451,LEO_0,LEO,0.800658,0.936408,0.122321,0.049057,1,1,1,0,0.638051
451,LEO_1,LEO,0.787996,0.935208,0.038262,0.032768,2,0,0,0,0.721488
452,BS_0,BS,0.452046,0.819399,0.693971,0.575272,1,1,1,1,0.0
452,BS_1,BS,0.71401,0.854489,0.236858,0.477643,1,1,1,0,0.0
452,BS_2,BS,0.63925,0.911154,0.347459,0.164032,1,1,1,0,0.0
452,BS_3,BS,0.373484,0.824164,0.88488,0.518109,1,1,1,1,0.0
452,BS_4,BS,0.634153,0.822627,0.355466,0.262755,1,1,1,4,0.0
452,HAP_0,HAP,0.71501,0.940633,0.035459,0.030812,3,0,0,0,0.653396
452,HAP_1,HAP,0.565446,0.82981,0.470141,0.258636,1,1,1,4,0.330769
452,HAP_2,HAP,0.722554,0.919709,0.224963,0.085466,1,1,1,0,0.504638
452,LEO_0,LEO,0.705852,0.924627,0.248349,0.067001,1,1,1,0,1.043797
452,LEO_1,LEO,0.728137,0.940495,0.017266,0.026349,3,0,0,0,0.655633
453,BS_0,BS,0.606433,0.823047,0.400162,0.532275,1,1,1,2,0.0
453,BS_1,BS,0.841319,0.879169,0.072784,0.384498,1,1,1,0,0.0
453,BS_2,BS,0.777162,0.919487,0.152107,0.141637,1,1,1,0,0.0
453,BS_3,BS,0.459349,0.805762,0.677945,0.621312,1,1,1,3,0.0
453,BS_4,BS,0.630588,0.821436,0.361102,0.268882,1,1,1,4,0.0
453,HAP_0,HAP,0.61791,0.942789,0.081412,0.027632,4,0,0,0,0.43946
453,HAP_1,HAP,0.798197,0.841823,0.1254,0.213985,1,1,1,5,0.484331
453,HAP_2,HAP,0.812393,0.924642,0.107771,0.0736,1,1,1,0,0.442356
453,LEO_0,LEO,0.659936,0.916646,0.315613,0.098426,1,1,1,0,0.274935
453,LEO_1,LEO,0.805609,0.940793,0.116157,0.02715,1,1,1,0,0.413337
454,BS_0,BS,0.721185,0.838747,0.226859,0.44898,1,1,1,1,0.0
454,BS_1,BS,0.523479,0.868848,0.547258,0.44237,1,1,1,1,0.0
454,BS_2,BS,0.781184,0.932711,0.046944,0.114301,2,0,0,0,0.0
454,BS_3,BS,0.718686,0.817053,0.230331,0.520923,1,1,1,3,0.0
454,BS_4,BS,0.645117,0.821849,0.338324,0.266614,1,1,1,5,0.0
454,HAP_0,HAP,0.858823,0.945828,0.052193,0.023331,1,1,0,0,0.538073
454,HAP_1,HAP,0.671382,0.840653,0.298417,0.211262,1,1,1,7,0.589076
454,HAP_2,HAP,0.784066,0.931486,0.043262,0.059722,2,0,0,0,0.587428
454,LEO_0,LEO,0.798473,0.927123,0.025054,0.079023,2,0,0,0,0.483295
454,LEO_1,LEO,0.778361,0.94386,0.050564,0.022871,2,0,0,0,0.601738
455,BS_0,BS,0.490779,0.821887,0.611762,0.527598,1,1,1,2,0.0
455,BS_1,BS,0.808901,0.888024,0.112078,0.359548,1,1,1,0,0.0
455,BS_2,BS,0.710223,0.92724,0.242177,0.117834,1,1,1,0,0.548299
455,BS_3,BS,0.699213,0.826271,0.2578,0.446646,1,1,1,2,0.0
455,BS_4,BS,0.632207,0.820967,0.358539,0.271139,1,1,1,5,0.0
455,HAP_0,HAP,0.768991,0.946534,0.062676,0.020433,2,0,0,0,0.664205
455,HAP_1,HAP,0.710916,0.84307,0.241201,0.195189,1,1,1,7,0.45843
455,HAP_2,HAP,0.785153,0.929566,0.141877,0.056836,1,1,1,0,0.748026
455,LEO_0,LEO,0.682739,0.930509,0.081642,0.066218,3,0,0,0,0.669074
455,LEO_1,LEO,0.710117,0.946931,0.042325,0.019103,3,0,0,0,0.558616
456,BS_0,BS,0.825593,0.840347,0.091653,0.425858,1,1,1,2,0.0
456,BS_1,BS,0.339827,0.839594,0.979318,0.719217,1,1,1,1,2.807832
456,BS_2,BS,0.751138,0.929742,0.186166,0.109863,1,1,1,0,0.0
456,BS_3,BS,0.696885,0.830968,0.261135,0.388003,1,1,1,3,0.0
456,BS_4,BS,0.623915,0.819469,0.371742,0.279097,1,1,1,5,0.0
456,HAP_0,HAP,0.727851,0.950475,0.017659,0.016487,3,0,0,0,0.552381
456,HAP_1,HAP,0.661437,0.84066,0.31334,0.200333,1,1,1,5,0.643834
456,HAP_2,HAP,0.758721,0.933543,0.076121,0.048076,2,0,0,0,0.515115
456,LEO_0,LEO,0.631577,0.936663,0.059535,0.054569,4,0,0,0,0.364357
456,LEO_1,LEO,0.660213,0.951879,0.015193,0.015386,4,0,0,0,0.45386
457,BS_0,BS,0.64875,0.837983,0.332708,0.390499,1,1,1,2,0.889561
457,BS_1,BS,0.579687,0.839138,0.445266,0.664591,1,1,1,1,0.0
457,BS_2,BS,0.718762,0.925088,0.230224,0.111742,1,1,1,0,0.589459
457,BS_3,BS,0.688541,0.833792,0.27318,0.343984,1,1,1,3,0.0
457,BS_4,BS,0.646016,0.820359,0.336931,0.274363,1,1,1,5,0.0
457,HAP_0,HAP,0.771744,0.94302,0.159102,0.02458,1,1,1,0,0.834468
457,HAP_1,HAP,0.589387,0.831808,0.428672,0.242958,1,1,1,4,0.58592
457,HAP_2,HAP,0.812318,0.935295,0.107863,0.043696,1,1,1,0,0.494784
457,LEO_0,LEO,0.900704,0.943921,0.004578,0.043665,1,1,0,0,0.53751
457,LEO_1,LEO,0.782247,0.945602,0.145585,0.021847,1,1,1,0,0.776887
458,BS_0,BS,0.582464,0.836253,0.440488,0.399713,1,1,1,2,0.0
458,BS_1,BS,0.610967,0.840965,0.392712,0.601073,1,1,1,1,0.0
458,BS_2,BS,0.729904,0.926202,0.214842,0.110164,1,1,1,0,0.0
458,BS_3,BS,0.666293,0.833754,0.306026,0.317331,1,1,1,4,0.0
458,BS_4,BS,0.61726,0.81834,0.382466,0.285316,1,1,1,4,0.0
458,HAP_0,HAP,0.721493,0.936889,0.226433,0.042737,1,1,1,0,0.297202
458,HAP_1,HAP,0.737117,0.838146,0.205009,0.21328,1,1,1,6,0.0
458,HAP_2,HAP,0.67535,0.920906,0.292524,0.073464,1,1,1,0,1.095619
458,LEO_0,LEO,0.726956,0.933599,0.218889,0.056492,1,1,1,0,0.922168
458,LEO_1,LEO,0.788754,0.943574,0.137301,0.02596,1,1,1,0,0.404562
459,BS_0,BS,0.671298,0.841278,0.298543,0.359878,1,1,1,2,0.0
459,BS_1,BS,0.646927,0.842981,0.335522,0.531517,1,1,1,1,0.2881
459,BS_2,BS,0.699572,0.920042,0.257287,0.11792,1,1,1,0,0.660812
459,BS_3,BS,0.6537,0.832513,0.325106,0.301427,1,1,1,4,0.0
459,BS_4,BS,0.646911,0.819539,0.335547,0.278919,1,1,1,4,0.0
459,HAP_0,HAP,0.782363,0.933984,0.145436,0.043707,1,1,1,0,0.751653
459,HAP_1,HAP,0.691808,0.83941,0.268447,0.203053,1,1,1,8,0.584985
459,HAP_2,HAP,0.699208,0.916223,0.257807,0.08868,1,1,1,0,0.384749
459,LEO_0,LEO,0.754822,0.935474,0.081273,0.048166,2,0,0,0,0.605957
459,LEO_1,LEO,0.778056,0.938456,0.150957,0.031023,1,1,1,0,0.801501
460,BS_0,BS,0.672206,0.848849,0.29719,0.327647,1,1,1,2,0.0
460,BS_1,BS,0.542954,0.83581,0.51073,0.542594,1,1,1,0,0.749869
460,BS_2,BS,0.799251,0.922017,0.12408,0.101264,1,1,1,0,0.684383
460,BS_3,BS,0.650389,0.831202,0.330185,0.290202,1,1,1,3,0.0
460,BS_4,BS,0.648162,0.820614,0.333615,0.27322,1,1,1,4,0.0
460,HAP_0,HAP,0.802268,0.931799,0.120313,0.04148,1,1,1,0,0.85118
460,HAP_1,HAP,0.665133,0.838062,0.307768,0.205067,1,1,1,7,0.723814
460,HAP_2,HAP,0.727316,0.910792,0.218395,0.092407,1,1,1,0,1.009534
460,LEO_0,LEO,0.731013,0.939632,0.013324,0.038613,3,0,0,0,0.83022
460,LEO_1,LEO,0.802416,0.942966,0.020128,0.025001,2,0,0,0,0.640245
461,BS_0,BS,0.595223,0.850717,0.418819,0.341052,1,1,1,1,0.0
461,BS_1,BS,0.556245,0.837869,0.486546,0.540602,1,1,1,0,0.0
461,BS_2,BS,0.738578,0.922278,0.203029,0.09956,1,1,1,0,0.229941
461,BS_3,BS,0.648713,0.829997,0.332765,0.281991,1,1,1,4,0.0
461,BS_4,BS,0.638529,0.821465,0.348588,0.273257,1,1,1,3,0.0
461,HAP_0,HAP,0.809526,0.936782,0.011306,0.033241,2,0,0,0,0.793052
461,HAP_1,HAP,0.652192,0.835805,0.327416,0.212294,1,1,1,7,0.391879
461,HAP_2,HAP,0.777837,0.9179,0.051239,0.075107,2,0,0,0,0.730329
461,LEO_0,LEO,0.778237,0.937176,0.150724,0.041113,1,1,1,0,0.487157
461,LEO_1,LEO,0.721481,0.946289,0.026449,0.020315,3,0,0,0,0.647264
462,BS_0,BS,0.555713,0.844469,0.487503,0.379788,1,1,1,2,0.0
462,BS_1,BS,0.47136,0.824848,0.652132,0.623856,1,1,1,1,0.0
462,BS_2,BS,0.734321,0.924663,0.20881,0.099269,1,1,1,0,0.0
462,BS_3,BS,0.644676,0.828657,0.339007,0.277309,1,1,1,4,0.0
462,BS_4,BS,0.626606,0.8231,0.367437,0.27936,1,1,1,2,0.0
462,HAP_0,HAP,0.615209,0.912682,0.385794,0.09357,1,1,1,0,1.746855
462,HAP_1,HAP,0.649526,0.833753,0.331512,0.21929,1,1,1,7,0.368157
462,HAP_2,HAP,0.697687,0.923193,0.059985,0.061705,3,0,0,0,0.749524
462,LEO_0,LEO,0.786158,0.941975,0.040598,0.033632,2,0,0,0,0.529075
462,LEO_1,LEO,0.782665,0.943611,0.145051,0.02572,1,1,1,0,0.427256
463,BS_0,BS,0.522656,0.841275,0.548832,0.439378,1,1,1,0,0.0
463,BS_1,BS,0.500001,0.811301,0.593144,0.657404,1,1,1,1,0.750269
463,BS_2,BS,0.743671,0.923762,0.196157,0.09673,1,1,1,0,0.509175
463,BS_3,BS,0.647696,0.827866,0.334334,0.272148,1,1,1,4,0.0
463,BS_4,BS,0.700935,0.828754,0.255341,0.252828,1,1,1,4,0.0
463,HAP_0,HAP,0.619606,0.900667,0.378672,0.139382,1,1,1,0,0.504885
463,HAP_1,HAP,0.648287,0.831997,0.333421,0.225459,1,1,1,7,0.436201
463,HAP_2,HAP,0.623625,0.926877,0.072205,0.05171,4,0,0,0,0.729891
463,LEO_0,LEO,0.728954,0.946914,0.016145,0.027023,3,0,0,0,0.578844
463,LEO_1,LEO,0.758481,0.944004,0.076438,0.023205,2,0,0,0,0.669447
464,BS_0,BS,0.442061,0.821613,0.716307,0.582395,1,1,1,2,0.0
464,BS_1,BS,0.700815,0.820383,0.255511,0.555302,1,1,1,1,0.682352
464,BS_2,BS,0.793944,0.934015,0.030743,0.077809,2,0,0,0,0.288753
464,BS_3,BS,0.647803,0.827388,0.334168,0.267969,1,1,1,3,0.0
464,BS_4,BS,0.669019,0.831375,0.301942,0.243288,1,1,1,2,0.0
464,HAP_0,HAP,0.806972,0.907489,0.114466,0.117402,1,1,1,0,0.603199
464,HAP_1,HAP,0.648152,0.83058,0.333629,0.230456,1,1,1,7,0.50146
464,HAP_2,HAP,0.731495,0.923504,0.212665,0.06172,1,1,1,0,0.471111
464,LEO_0,LEO,0.666396,0.951328,0.005872,0.021634,4,0,0,0,0.588936
464,LEO_1,LEO,0.760918,0.937058,0.17323,0.032068,1,1,1,0,0.811389
465,BS_0,BS,0.652748,0.827537,0.326564,0.513906,1,1,1,2,0.0
465,BS_1,BS,0.607872,0.824377,0.397791,0.515448,1,1,1,1,0.0
465,BS_2,BS,0.725088,0.941991,0.021462,0.062455,3,0,0,0,0.412878
465,BS_3,BS,0.577995,0.823354,0.44819,0.304769,1,1,1,3,0.0
465,BS_4,BS,0.694573,0.836336,0.264459,0.226103,1,1,1,3,0.0
465,HAP_0,HAP,0.60397,0.889153,0.404231,0.167453,1,1,1,0,1.418581
465,HAP_1,HAP,0.602894,0.825103,0.406015,0.258546,1,1,1,5,0.568554
465,HAP_2,HAP,0.742626,0.928537,0.097563,0.053659,2,0,0,0,0.420602
465,LEO_0,LEO,0.822998,0.950858,0.094801,0.021352,1,1,0,0,0.418342
465,LEO_1,LEO,0.755197,0.93878,0.080776,0.028591,2,0,0,0,0.558675
466,BS_0,BS,0.728916,0.837346,0.216197,0.432158,1,1,1,2,0.0
466,BS_1,BS,0.452486,0.816309,0.692999,0.62847,1,1,1,0,0.0
466,BS_2,BS,0.749538,0.941508,0.188298,0.065919,1,1,1,0,0.0
466,BS_3,BS,0.696869,0.828681,0.261158,0.274506,1,1,1,4,0.0
466,BS_4,BS,0.704632,0.839484,0.25008,0.209025,1,1,1,4,0.0
466,HAP_0,HAP,0.677766,0.886948,0.288953,0.171535,1,1,1,0,0.565036
466,HAP_1,HAP,0.758982,0.834536,0.175778,0.220741,1,1,1,6,0.293938
466,HAP_2,HAP,0.798826,0.931346,0.124613,0.049915,1,1,1,0,0.390521
466,LEO_0,LEO,0.711928,0.937901,0.239779,0.042953,1,1,1,0,0.936826
466,LEO_1,LEO,0.726784,0.933932,0.219125,0.04448,1,1,1,0,0.342553
467,BS_0,BS,0.594248,0.837728,0.420458,0.42528,1,1,1,1,0.0
467,BS_1,BS,0.688905,0.836366,0.272652,0.536229,1,1,1,0,0.0
467,BS_2,BS,0.756077,0.948273,0.079612,0.055587,2,0,0,0,0.0
467,BS_3,BS,0.685574,0.832483,0.277499,0.254258,1,1,1,3,0.0
467,BS_4,BS,0.650174,0.836841,0.330516,0.216379,1,1,1,5,0.0
467,HAP_0,HAP,0.774742,0.894669,0.155225,0.14807,1,1,1,0,0.521022
467,HAP_1,HAP,0.742263,0.840746,0.198052,0.194244,1,1,1,6,0.585764
467,HAP_2,HAP,0.801488,0.9316,0.121285,0.046552,1,1,1,0,0.674803
467,LEO_0,LEO,0.808612,0.94171,0.012437,0.034432,2,0,0,0,0.773201
467,LEO_1,LEO,0.747161,0.935684,0.091474,0.039349,2,0,0,0,0.648121
468,BS_0,BS,0.438433,0.825325,0.724548,0.57646,1,1,1,0,0.0
468,BS_1,BS,0.500703,0.829349,0.591743,0.586555,1,1,1,1,0.0
468,BS_2,BS,0.678411,0.953307,0.088002,0.047955,3,0,0,0,0.0
468,BS_3,BS,0.619408,0.832085,0.378992,0.268042,1,1,1,2,0.0
468,BS_4,BS,0.63484,0.833226,0.354383,0.229617,1,1,1,5,0.0
468,HAP_0,HAP,0.769624,0.902411,0.161854,0.130245,1,1,1,0,0.312293
468,HAP_1,HAP,0.582851,0.833951,0.439824,0.242445,1,1,1,3,0.498455
468,HAP_2,HAP,0.761847,0.934043,0.07201,0.039575,2,0,0,0,0.709512
468,LEO_0,LEO,0.767178,0.938263,0.165037,0.039803,1,1,1,0,0.453757
468,LEO_1,LEO,0.748354,0.929704,0.189879,0.047704,1,1,1,0,0.781893
469,BS_0,BS,0.617124,0.834572,0.382685,0.52707,1,1,1,1,0.0
469,BS_1,BS,0.679012,0.845405,0.287116,0.50634,1,1,1,0,0.0
469,BS_2,BS,0.612822,0.957258,0.08968,0.041983,4,0,0,0,0.0
469,BS_3,BS,0.643521,0.830988,0.340801,0.266699,1,1,1,5,0.0
469,BS_4,BS,0.64381,0.831163,0.340352,0.235822,1,1,1,4,0.0
469,HAP_0,HAP,0.763996,0.91264,0.069193,0.10635,2,0,0,0,0.551778
469,HAP_1,HAP,0.640115,0.831943,0.346107,0.247862,1,1,1,6,0.524968
469,HAP_2,HAP,0.70893,0.938099,0.043999,0.032531,3,0,0,0,0.639084
469,LEO_0,LEO,0.763029,0.941741,0.070459,0.034076,2,0,0,0,0.450088
469,LEO_1,LEO,0.759756,0.929019,0.174758,0.051906,1,1,1,0,0.346115
470,BS_0,BS,0.728078,0.854071,0.217347,0.442914,1,1,1,0,0.0
470,BS_1,BS,0.789892,0.868003,0.135859,0.413378,1,1,1,0,0.0
470,BS_2,BS,0.826946,0.960404,0.090016,0.037233,1,1,0,0,0.0
470,BS_3,BS,0.693856,0.834407,0.265491,0.245078,1,1,1,3,0.0
470,BS_4,BS,0.647989,0.829898,0.333882,0.238822,1,1,1,5,0.0
470,HAP_0,HAP,0.652437,0.901485,0.32704,0.13321,1,1,1,0,0.997155
470,HAP_1,HAP,0.731807,0.83793,0.212239,0.21856,1,1,1,6,0.483874
470,HAP_2,HAP,0.798902,0.935304,0.124517,0.033002,1,1,1,0,0.800561
470,LEO_0,LEO,0.762881,0.934896,0.170653,0.040366,1,1,1,0,0.916218
470,LEO_1,LEO,0.77577,0.92689,0.153899,0.052183,1,1,1,0,0.779985
471,BS_0,BS,0.824437,0.877565,0.093054,0.358228,1,1,1,0,0.0
471,BS_1,BS,0.866828,0.891793,0.042914,0.331531,1,1,1,0,0.0
471,BS_2,BS,0.413983,0.909407,0.78193,0.304923,1,1,1,0,2.363035
471,BS_3,BS,0.669611,0.834572,0.301059,0.236848,1,1,1,4,0.0
471,BS_4,BS,0.619725,0.82621,0.378479,0.255518,1,1,1,4,0.0
471,HAP_0,HAP,0.759382,0.905278,0.175251,0.120389,1,1,1,0,0.449228
471,HAP_1,HAP,0.661886,0.837877,0.312663,0.218839,1,1,1,5,0.321287
471,HAP_2,HAP,0.780695,0.938773,0.04757,0.02742,2,0,0,0,0.634478
471,LEO_0,LEO,0.721212,0.929964,0.226822,0.055445,1,1,1,0,0.336514
471,LEO_1,LEO,0.747561,0.926289,0.19094,0.058153,1,1,1,0,0.293442
472,BS_0,BS,0.332871,0.83003,1.0,0.743322,1,1,1,1,1.182616
472,BS_1,BS,0.668994,0.890679,0.30198,0.306261,1,1,1,0,0.578823
472,BS_2,BS,0.557871,0.896108,0.483627,0.349191,1,1,1,0,0.0
472,BS_3,BS,0.657369,0.833509,0.319509,0.235417,1,1,1,5,0.0
472,BS_4,BS,0.643611,0.825528,0.340661,0.256637,1,1,1,5,0.0
472,HAP_0,HAP,0.785299,0.911926,0.14169,0.105345,1,1,1,0,0.339525
472,HAP_1,HAP,0.726012,0.842349,0.220188,0.196888,1,1,1,6,0.329152
472,HAP_2,HAP,0.750204,0.935255,0.18741,0.037741,1,1,1,0,0.399456
472,LEO_0,LEO,0.802668,0.933555,0.119814,0.050816,1,1,1,0,0.294779
472,LEO_1,LEO,0.772199,0.93406,0.058513,0.048063,2,0,0,0,0.338478
473,BS_0,BS,0.583702,0.832256,0.438365,0.681131,1,1,1,1,0.0
473,BS_1,BS,0.75053,0.900397,0.186976,0.260741,1,1,1,0,0.0
473,BS_2,BS,0.722724,0.902923,0.224728,0.302079,1,1,1,0,0.0
473,BS_3,BS,0.64533,0.831532,0.337993,0.239742,1,1,1,4,0.0
473,BS_4,BS,0.647153,0.825312,0.335173,0.255863,1,1,1,5,0.0
473,HAP_0,HAP,0.721912,0.908382,0.225852,0.10723,1,1,1,0,0.856121
473,HAP_1,HAP,0.698513,0.843403,0.258802,0.187651,1,1,1,6,0.605159
473,HAP_2,HAP,0.798675,0.933762,0.124802,0.037202,1,1,1,0,0.756178
473,LEO_0,LEO,0.728185,0.926968,0.217201,0.061882,1,1,1,0,0.774879
473,LEO_1,LEO,0.786936,0.932438,0.139609,0.047221,1,1,1,0,0.717578
474,BS_0,BS,0.604728,0.834944,0.402976,0.61798,1,1,1,1,0.0
474,BS_1,BS,0.508363,0.882703,0.57656,0.358182,1,1,1,1,0.0
474,BS_2,BS,0.791698,0.911166,0.133575,0.249692,1,1,1,0,0.382727
474,BS_3,BS,0.644657,0.829884,0.339036,0.243519,1,1,1,4,0.0
474,BS_4,BS,0.64788,0.825207,0.33405,0.254906,1,1,1,5,0.0
474,HAP_0,HAP,0.808545,0.919212,0.012518,0.085855,2,0,0,0,0.652633
474,HAP_1,HAP,0.662526,0.841031,0.311696,0.19384,1,1,1,8,0.631865
474,HAP_2,HAP,0.790161,0.937767,0.035519,0.030329,2,0,0,0,0.715119
474,LEO_0,LEO,0.817546,0.935316,0.001448,0.049506,2,0,0,0,0.600278
474,LEO_1,LEO,0.788523,0.929617,0.137594,0.046296,1,1,1,0,0.848917
475,BS_0,BS,0.523364,0.833771,0.547477,0.629263,1,1,1,0,0.0
475,BS_1,BS,0.539872,0.871131,0.516424,0.406558,1,1,1,1,0.0
475,BS_2,BS,0.693967,0.906276,0.26533,0.231434,1,1,1,0,0.763186
475,BS_3,BS,0.641857,0.828304,0.34339,0.247878,1,1,1,4,0.0
475,BS_4,BS,0.648168,0.825149,0.333605,0.254006,1,1,1,4,0.0
475,HAP_0,HAP,0.808184,0.919966,0.112966,0.074426,1,1,1,0,0.90955
475,HAP_1,HAP,0.649708,0.837953,0.331233,0.204444,1,1,1,7,0.748061
475,HAP_2,HAP,0.713436,0.94081,0.037662,0.024902,3,0,0,0,0.715177
475,LEO_0,LEO,0.774609,0.930405,0.155397,0.050472,1,1,1,0,0.911194
475,LEO_1,LEO,0.814162,0.935777,0.005596,0.037051,2,0,0,0,0.745699
476,BS_0,BS,0.718446,0.852909,0.230664,0.527353,1,1,1,0,0.0
476,BS_1,BS,0.664374,0.877561,0.30891,0.368188,1,1,1,0,0.0
476,BS_2,BS,0.666148,0.905299,0.306243,0.22735,1,1,1,0,0.0
476,BS_3,BS,0.624482,0.825393,0.370832,0.260185,1,1,1,5,0.0
476,BS_4,BS,0.64689,0.824985,0.335579,0.253881,1,1,1,4,0.0
476,HAP_0,HAP,0.743308,0.923338,0.096644,0.063744,2,0,0,0,0.638923
476,HAP_1,HAP,0.663116,0.836714,0.310805,0.207025,1,1,1,5,0.377364
476,HAP_2,HAP,0.802823,0.940686,0.119621,0.02636,1,1,1,0,0.419469
476,LEO_0,LEO,0.743759,0.931945,0.096038,0.044528,2,0,0,0,0.614032
476,LEO_1,LEO,0.721082,0.938931,0.027003,0.029969,3,0,0,0,0.819241
477,BS_0,BS,0.481278,0.839719,0.63131,0.601231,1,1,1,1,0.0
477,BS_1,BS,0.554204,0.869684,0.490223,0.402693,1,1,1,1,0.0
477,BS_2,BS,0.792066,0.915983,0.13311,0.189854,1,1,1,0,0.0
477,BS_3,BS,0.64169,0.824696,0.343649,0.26129,1,1,1,4,0.0
477,BS_4,BS,0.572921,0.820754,0.457007,0.29709,1,1,1,3,0.0
477,HAP_0,HAP,0.810065,0.925406,0.110641,0.056504,1,1,1,0,0.657393
477,HAP_1,HAP,0.65536,0.835017,0.322571,0.212443,1,1,1,6,0.524764
477,HAP_2,HAP,0.537459,0.908338,0.520903,0.143191,1,1,1,0,1.864301
477,LEO_0,LEO,0.710835,0.926639,0.241315,0.061827,1,1,1,0,0.389307
477,LEO_1,LEO,0.692258,0.931429,0.267796,0.056247,1,1,1,0,0.254268
478,BS_0,BS,0.613351,0.845391,0.388819,0.549016,1,1,1,1,0.0
478,BS_1,BS,0.533204,0.858797,0.528851,0.448012,1,1,1,1,0.0
478,BS_2,BS,0.776652,0.92066,0.152763,0.162384,1,1,1,0,0.363295
478,BS_3,BS,0.637584,0.823752,0.350068,0.264179,1,1,1,5,0.0
478,BS_4,BS,0.708501,0.827565,0.244604,0.264596,1,1,1,4,0.0
478,HAP_0,HAP,0.698993,0.914008,0.258115,0.075184,1,1,1,0,1.188098
478,HAP_1,HAP,0.612747,0.829626,0.389803,0.238331,1,1,1,4,0.348536
478,HAP_2,HAP,0.647547,0.900221,0.334564,0.164923,1,1,1,0,0.473045
478,LEO_0,LEO,0.781584,0.925167,0.146432,0.059111,1,1,1,0,0.80884
478,LEO_1,LEO,0.800912,0.935201,0.122005,0.051696,1,1,1,0,0.236482
479,BS_0,BS,0.572626,0.844573,0.457523,0.53341,1,1,1,1,0.0
479,BS_1,BS,0.610903,0.862425,0.392816,0.427847,1,1,1,0,0.0
479,BS_2,BS,0.79666,0.928297,0.127328,0.137203,1,1,1,0,0.0
479,BS_3,BS,0.403115,0.802799,0.808534,0.50552,1,1,1,2,0.0
479,BS_4,BS,0.676668,0.829745,0.290574,0.249672,1,1,1,4,0.0
479,HAP_0,HAP,0.699336,0.909557,0.257624,0.090014,1,1,1,0,0.503168
479,HAP_1,HAP,0.695493,0.832913,0.263134,0.221822,1,1,1,7,0.114907
479,HAP_2,HAP,0.80927,0.907774,0.111622,0.137545,1,1,1,0,0.553743
479,LEO_0,LEO,0.80604,0.928012,0.115622,0.053304,1,1,1,0,0.464127
479,LEO_1,LEO,0.574652,0.911124,0.453991,0.134105,1,1,1,0,1.159134
480,BS_0,BS,0.644422,0.854436,0.339402,0.478565,1,1,1,0,0.0
480,BS_1,BS,0.569417,0.858871,0.463141,0.438802,1,1,1,1,0.0
480,BS_2,BS,0.773336,0.939096,0.057042,0.111227,2,0,0,0,0.0
480,BS_3,BS,0.593645,0.803413,0.421474,0.484355,1,1,1,4,0.0
480,BS_4,BS,0.657925,0.830462,0.318664,0.245433,1,1,1,3,0.0
480,HAP_0,HAP,0.800514,0.918994,0.022502,0.072239,2,0,0,0,0.757936
480,HAP_1,HAP,0.680465,0.834231,0.284979,0.214004,1,1,1,6,0.412083
480,HAP_2,HAP,0.780785,0.91662,0.047456,0.111049,2,0,0,0,0.701347
480,LEO_0,LEO,0.814106,0.936453,0.005665,0.042658,2,0,0,0,0.572448
480,LEO_1,LEO,0.763965,0.912849,0.169233,0.120172,1,1,1,0,0.492179
481,BS_0,BS,0.780826,0.874533,0.147403,0.392629,1,1,1,0,0.0
481,BS_1,BS,0.504329,0.845109,0.584527,0.504794,1,1,1,1,0.0
481,BS_2,BS,0.695338,0.947452,0.063357,0.090788,3,0,0,0,0.0
481,BS_3,BS,0.696195,0.812295,0.262125,0.418403,1,1,1,5,0.0
481,BS_4,BS,0.670178,0.831514,0.300212,0.236904,1,1,1,4,0.0
481,HAP_0,HAP,0.729164,0.912042,0.215856,0.078758,1,1,1,0,1.092716
481,HAP_1,HAP,0.647393,0.833174,0.334802,0.221645,1,1,1,6,0.191965
481,HAP_2,HAP,0.672603,0.922909,0.096601,0.093039,3,0,0,0,0.405074
481,LEO_0,LEO,0.816299,0.935908,0.102975,0.038898,1,1,1,0,0.744106
481,LEO_1,LEO,0.817421,0.919302,0.101601,0.100783,1,1,1,0,0.462651
482,BS_0,BS,0.489901,0.858831,0.613553,0.483505,1,1,1,1,0.0
482,BS_1,BS,0.654502,0.852643,0.323881,0.45104,1,1,1,1,0.0
482,BS_2,BS,0.628374,0.95408,0.06462,0.074509,4,0,0,0,0.0
482,BS_3,BS,0.674043,0.817227,0.294462,0.373741,1,1,1,4,0.0
482,BS_4,BS,0.658859,0.831208,0.317246,0.234814,1,1,1,5,0.0
482,HAP_0,HAP,0.813,0.915263,0.107025,0.068161,1,1,1,0,0.73859
482,HAP_1,HAP,0.716463,0.837709,0.233428,0.201836,1,1,1,6,0.630713
482,HAP_2,HAP,0.756749,0.924245,0.178723,0.088805,1,1,1,0,0.305115
482,LEO_0,LEO,0.71523,0.924323,0.23515,0.056002,1,1,1,0,1.109907
482,LEO_1,LEO,0.748888,0.923569,0.089166,0.084204,2,0,0,0,0.693346
483,BS_0,BS,0.586297,0.858628,0.433928,0.471536,1,1,1,1,0.0
483,BS_1,BS,0.596254,0.854686,0.417088,0.439115,1,1,1,1,0.0
483,BS_2,BS,0.848002,0.95937,0.064872,0.061501,1,1,0,0,0.0
483,BS_3,BS,0.65612,0.819509,0.321411,0.34548,1,1,1,4,0.0
483,BS_4,BS,0.650443,0.830167,0.330102,0.236886,1,1,1,6,0.0
483,HAP_0,HAP,0.816073,0.923794,0.003251,0.054534,2,0,0,0,0.828952
483,HAP_1,HAP,0.640783,0.834498,0.345064,0.21505,1,1,1,4,0.616504
483,HAP_2,HAP,0.740662,0.920485,0.200211,0.089082,1,1,1,0,0.778327
483,LEO_0,LEO,0.754899,0.926216,0.081171,0.047766,2,0,0,0,0.789072
483,LEO_1,LEO,0.681185,0.927376,0.083922,0.070533,3,0,0,0,0.642455
484,BS_0,BS,0.726917,0.873286,0.218943,0.3988,1,1,1,0,0.0
484,BS_1,BS,0.532888,0.846791,0.529444,0.477432,1,1,1,1,0.0
484,BS_2,BS,0.656268,0.943212,0.321187,0.095623,1,1,1,0,0.626647
484,BS_3,BS,0.650351,0.820795,0.330243,0.325461,1,1,1,3,0.0
484,BS_4,BS,0.644909,0.828816,0.338646,0.241116,1,1,1,6,0.0
484,HAP_0,HAP,0.804377,0.921938,0.117687,0.049859,1,1,1,0,1.048904
484,HAP_1,HAP,0.774569,0.843293,0.155449,0.182914,1,1,1,5,0.207083
484,HAP_2,HAP,0.768808,0.927259,0.062914,0.073047,2,0,0,0,0.496801
484,LEO_0,LEO,0.744963,0.922635,0.194421,0.055223,1,1,1,0,0.624803
484,LEO_1,LEO,0.621371,0.933303,0.075827,0.059013,4,0,0,0,0.344893
485,BS_0,BS,0.460146,0.852321,0.676212,0.524808,1,1,1,1,0.0
485,BS_1,BS,0.627063,0.849642,0.366709,0.442459,1,1,1,1,0.0
485,BS_2,BS,0.738494,0.941378,0.203142,0.095069,1,1,1,0,0.0
485,BS_3,BS,0.507275,0.811882,0.578702,0.411072,1,1,1,2,0.0
485,BS_4,BS,0.643324,0.827586,0.341107,0.245252,1,1,1,5,0.0
485,HAP_0,HAP,0.816334,0.927648,0.002931,0.039891,2,0,0,0,0.964915
485,HAP_1,HAP,0.728728,0.846651,0.216454,0.167414,1,1,1,6,0.605131
485,HAP_2,HAP,0.678448,0.931552,0.087947,0.061918,3,0,0,0,0.488473
485,LEO_0,LEO,0.748244,0.926801,0.090026,0.047825,2,0,0,0,0.571381
485,LEO_1,LEO,0.853267,0.937056,0.058682,0.04876,1,1,0,0,0.657003
486,BS_0,BS,0.605831,0.85664,0.401154,0.492262,1,1,1,0,0.0
486,BS_1,BS,0.616047,0.853685,0.384431,0.420472,1,1,1,1,0.0
486,BS_2,BS,0.745199,0.947256,0.094104,0.08004,2,0,0,0,0.0
486,BS_3,BS,0.677402,0.81813,0.289491,0.36657,1,1,1,3,0.0
486,BS_4,BS,0.647858,0.827024,0.334084,0.246427,1,1,1,5,0.0
486,HAP_0,HAP,0.717057,0.930969,0.032601,0.032391,3,0,0,0,0.90602
486,HAP_1,HAP,0.662401,0.843609,0.311884,0.177704,1,1,1,5,0.634665
486,HAP_2,HAP,0.718735,0.928582,0.230262,0.073394,1,1,1,0,0.23102
486,LEO_0,LEO,0.678054,0.930201,0.088528,0.041787,3,0,0,0,0.593367
486,LEO_1,LEO,0.80755,0.935224,0.11375,0.044831,1,1,1,0,0.797838
487,BS_0,BS,0.750896,0.873894,0.186488,0.40946,1,1,1,0,0.0
487,BS_1,BS,0.559031,0.84844,0.48155,0.440728,1,1,1,1,0.0
487,BS_2,BS,0.729405,0.955028,0.015526,0.06414,3,0,0,0,0.22561
487,BS_3,BS,0.713674,0.827288,0.237329,0.318602,1,1,1,2,0.0
487,BS_4,BS,0.640479,0.825887,0.345539,0.25087,1,1,1,3,0.0
487,HAP_0,HAP,0.671007,0.921639,0.298975,0.066137,1,1,1,0,0.419892
487,HAP_1,HAP,0.703797,0.844811,0.251265,0.170573,1,1,1,6,0.491054
487,HAP_2,HAP,0.800514,0.937643,0.022502,0.058943,2,0,0,0,0.412927
487,LEO_0,LEO,0.817329,0.932328,0.101714,0.038085,1,1,1,0,0.568083
487,LEO_1,LEO,0.802197,0.940006,0.020401,0.036052,2,0,0,0,0.678675
488,BS_0,BS,0.442253,0.850224,0.715873,0.558182,1,1,1,1,0.0
488,BS_1,BS,0.646453,0.852315,0.336255,0.403463,1,1,1,1,0.0
488,BS_2,BS,0.617008,0.958681,0.082873,0.054403,4,0,0,0,0.0
488,BS_3,BS,0.640087,0.826466,0.346151,0.308801,1,1,1,5,0.0
488,BS_4,BS,0.608003,0.821855,0.397576,0.271826,1,1,1,6,0.0
488,HAP_0,HAP,0.752661,0.92743,0.08414,0.056095,2,0,0,0,0.474136
488,HAP_1,HAP,0.680201,0.843727,0.285367,0.173104,1,1,1,6,0.694613
488,HAP_2,HAP,0.749525,0.932456,0.188315,0.063112,1,1,1,0,0.69812
488,LEO_0,LEO,0.818221,0.935299,0.100623,0.035024,1,1,1,0,0.422503
488,LEO_1,LEO,0.704699,0.942501,0.049985,0.029966,3,0,0,0,0.639386
489,BS_0,BS,0.599858,0.854328,0.411062,0.522583,1,1,1,0,0.0
489,BS_1,BS,0.673611,0.856702,0.295102,0.361959,1,1,1,1,0.0
489,BS_2,BS,0.816643,0.960718,0.102553,0.048255,1,1,1,0,0.0
489,BS_3,BS,0.673964,0.828579,0.294579,0.28609,1,1,1,5,0.0
489,BS_4,BS,0.648327,0.822482,0.33336,0.267469,1,1,1,5,0.0
489,HAP_0,HAP,0.708397,0.932493,0.044751,0.045777,3,0,0,0,0.724936
489,HAP_1,HAP,0.719333,0.846216,0.229431,0.162171,1,1,1,6,0.354663
489,HAP_2,HAP,0.725372,0.92359,0.221071,0.072483,1,1,1,0,0.97983
489,LEO_0,LEO,0.595419,0.912024,0.41849,0.10683,1,1,1,0,1.27501
489,LEO_1,LEO,0.607137,0.942291,0.099001,0.028383,4,0,0,0,0.558576
490,BS_0,BS,0.561885,0.85088,0.476457,0.520221,1,1,1,1,0.0
490,BS_1,BS,0.745434,0.866644,0.193789,0.306466,1,1,1,1,0.0
490,BS_2,BS,0.416631,0.910026,0.775553,0.309271,1,1,1,0,2.196564
490,BS_3,BS,0.649776,0.828012,0.331128,0.278213,1,1,1,3,0.0
490,BS_4,BS,0.645916,0.822761,0.337086,0.265107,1,1,1,5,0.0
490,HAP_0,HAP,0.811026,0.934974,0.109456,0.042013,1,1,1,0,0.387464
490,HAP_1,HAP,0.674067,0.844307,0.294425,0.168745,1,1,1,7,0.550202
490,HAP_2,HAP,0.786579,0.924122,0.140062,0.066814,1,1,1,0,0.565533
490,LEO_0,LEO,0.667054,0.90605,0.304885,0.127293,1,1,1,0,0.381937
490,LEO_1,LEO,0.831708,0.942786,0.084274,0.025903,1,1,0,0,0.604569
491,BS_0,BS,0.548565,0.844005,0.50045,0.528879,1,1,1,1,0.0
491,BS_1,BS,0.745298,0.874421,0.193971,0.262104,1,1,1,1,0.0
491,BS_2,BS,0.556729,0.896478,0.485677,0.353564,1,1,1,0,0.0
491,BS_3,BS,0.648319,0.82741,0.333373,0.272582,1,1,1,5,0.0
491,BS_4,BS,0.585001,0.819918,0.436142,0.297685,1,1,1,4,0.0
491,HAP_0,HAP,0.722162,0.926285,0.225506,0.056494,1,1,1,0,0.909161
491,HAP_1,HAP,0.653692,0.840939,0.325119,0.182562,1,1,1,6,0.332663
491,HAP_2,HAP,0.802843,0.931649,0.019597,0.053624,2,0,0,0,0.650417
491,LEO_0,LEO,0.764327,0.905992,0.16876,0.114651,1,1,1,0,0.958413
491,LEO_1,LEO,0.817645,0.947886,0.001326,0.020723,2,0,0,0,0.633137
492,BS_0,BS,0.673579,0.849933,0.29515,0.462305,1,1,1,1,0.0
492,BS_1,BS,0.746073,0.881059,0.192932,0.226434,1,1,1,1,0.0
492,BS_2,BS,0.768065,0.901031,0.16388,0.294937,1,1,1,0,0.729699
492,BS_3,BS,0.648747,0.826966,0.332713,0.26788,1,1,1,4,0.0
492,BS_4,BS,0.709637,0.82693,0.243002,0.26472,1,1,1,5,0.0
492,HAP_0,HAP,0.765246,0.928474,0.067559,0.047249,2,0,0,0,0.858495
492,HAP_1,HAP,0.649617,0.837868,0.331372,0.195463,1,1,1,6,0.291307
492,HAP_2,HAP,0.720002,0.936415,0.028502,0.043265,3,0,0,0,0.737445
492,LEO_0,LEO,0.815249,0.911885,0.104262,0.096612,1,1,1,0,0.613485
492,LEO_1,LEO,0.73694,0.951672,0.005249,0.016591,3,0,0,0,0.633673
493,BS_0,BS,0.74685,0.861825,0.19189,0.386414,1,1,1,1,0.0
493,BS_1,BS,0.69964,0.884021,0.257189,0.210913,1,1,1,1,0.0
493,BS_2,BS,0.80978,0.906674,0.110993,0.241493,1,1,1,0,0.778475
493,BS_3,BS,0.646667,0.826417,0.335924,0.265084,1,1,1,5,0.0
493,BS_4,BS,0.65975,0.827705,0.315895,0.256681,1,1,1,6,0.0
493,HAP_0,HAP,0.705305,0.933081,0.049126,0.038885,3,0,0,0,0.63129
493,HAP_1,HAP,0.642554,0.834757,0.342304,0.209098,1,1,1,5,0.173819
493,HAP_2,HAP,0.787207,0.936099,0.139265,0.043339,1,1,1,0,0.404846
493,LEO_0,LEO,0.601867,0.891964,0.407719,0.152096,1,1,1,0,1.468813
493,LEO_1,LEO,0.649709,0.953689,0.03123,0.013711,4,0,0,0,0.563804
494,BS_0,BS,0.645338,0.865184,0.337981,0.360535,1,1,1,1,0.0
494,BS_1,BS,0.672475,0.884532,0.29679,0.208368,1,1,1,1,0.0
494,BS_2,BS,0.592944,0.886481,0.422655,0.273581,1,1,1,0,2.896222
494,BS_3,BS,0.642666,0.825606,0.342131,0.264741,1,1,1,3,0.0
494,BS_4,BS,0.650838,0.827417,0.329495,0.2542,1,1,1,4,0.0
494,HAP_0,HAP,0.618668,0.935369,0.080187,0.034002,4,0,0,0,0.616807
494,HAP_1,HAP,0.67859,0.835541,0.287738,0.204535,1,1,1,6,0.490515
494,HAP_2,HAP,0.757778,0.937981,0.077365,0.037365,2,0,0,0,0.665042
494,LEO_0,LEO,0.723895,0.891673,0.223109,0.144076,1,1,1,0,0.736874
494,LEO_1,LEO,0.837627,0.953235,0.077182,0.01365,1,1,0,0,0.491324
495,BS_0,BS,0.624811,0.864659,0.370306,0.350135,1,1,1,1,0.0
495,BS_1,BS,0.581873,0.88016,0.441503,0.254411,1,1,1,0,0.0
495,BS_2,BS,0.479324,0.868363,0.635378,0.400532,1,1,1,0,0.0
495,BS_3,BS,0.636614,0.824389,0.351592,0.267421,1,1,1,5,0.0
495,BS_4,BS,0.64947,0.827043,0.331598,0.252841,1,1,1,5,0.0
495,HAP_0,HAP,0.652545,0.926099,0.326874,0.075283,1,1,1,0,0.165916
495,HAP_1,HAP,0.660605,0.834557,0.314599,0.208166,1,1,1,6,0.16726
495,HAP_2,HAP,0.700207,0.941061,0.05638,0.031322,3,0,0,0,0.586239
495,LEO_0,LEO,0.765752,0.901148,0.066897,0.117275,2,0,0,0,0.809353
495,LEO_1,LEO,0.644669,0.931844,0.339018,0.06264,1,1,1,0,1.173157
496,BS_0,BS,0.647834,0.866915,0.334121,0.330345,1,1,1,1,0.0
496,BS_1,BS,0.569363,0.873212,0.463237,0.300093,1,1,1,1,0.0
496,BS_2,BS,0.690004,0.877887,0.271057,0.353488,1,1,1,0,0.0
496,BS_3,BS,0.643376,0.82405,0.341026,0.266271,1,1,1,5,0.0
496,BS_4,BS,0.649131,0.826708,0.33212,0.25191,1,1,1,5,0.0
496,HAP_0,HAP,0.657459,0.913361,0.319373,0.106126,1,1,1,0,0.979826
496,HAP_1,HAP,0.651159,0.832905,0.329001,0.215241,1,1,1,5,0.685104
496,HAP_2,HAP,0.72203,0.930827,0.225689,0.047979,1,1,1,0,0.911563
496,LEO_0,LEO,0.738124,0.911465,0.003644,0.093826,3,0,0,0,0.94997
496,LEO_1,LEO,0.786788,0.929799,0.139796,0.058906,1,1,1,0,0.650988
497,BS_0,BS,0.623816,0.867757,0.3719,0.326515,1,1,1,1,0.0
497,BS_1,BS,0.513313,0.856781,0.566869,0.384678,1,1,1,1,0.463869
497,BS_2,BS,0.808874,0.892548,0.112112,0.288447,1,1,1,0,0.365849
497,BS_3,BS,0.639585,0.823424,0.346935,0.267181,1,1,1,3,0.0
497,BS_4,BS,0.648368,0.826369,0.333297,0.251517,1,1,1,6,0.0
497,HAP_0,HAP,0.774853,0.920813,0.055082,0.086266,2,0,0,0,0.612503
497,HAP_1,HAP,0.539618,0.822443,0.516894,0.292424,1,1,1,5,0.499686
497,HAP_2,HAP,0.781826,0.925899,0.146123,0.047991,1,1,1,0,1.037418
497,LEO_0,LEO,0.758788,0.91207,0.176033,0.089005,1,1,1,0,0.586623
497,LEO_1,LEO,0.786347,0.934316,0.040357,0.047858,2,0,0,0,0.705593
498,BS_0,BS,0.587526,0.865633,0.431835,0.345128,1,1,1,1,0.0
498,BS_1,BS,0.575294,0.854344,0.452874,0.400035,1,1,1,1,0.0
498,BS_2,BS,0.467401,0.861797,0.660568,0.427115,1,1,1,0,1.869556
498,BS_3,BS,0.492036,0.812387,0.609203,0.380752,1,1,1,2,0.0
498,BS_4,BS,0.636658,0.825004,0.351523,0.256819,1,1,1,7,0.0
498,HAP_0,HAP,0.699802,0.92669,0.056957,0.070473,3,0,0,0,0.653595
498,HAP_1,HAP,0.765259,0.837005,0.16754,0.24657,1,1,1,4,0.110851
498,HAP_2,HAP,0.678245,0.918191,0.288247,0.075782,1,1,1,0,0.404289
498,LEO_0,LEO,0.785219,0.916207,0.141792,0.080251,1,1,1,0,0.454154
498,LEO_1,LEO,0.736205,0.930464,0.206247,0.057428,1,1,1,0,0.399198
499,BS_0,BS,0.561645,0.860732,0.476885,0.378441,1,1,1,1,0.0
499,BS_1,BS,0.530001,0.844333,0.534876,0.44877,1,1,1,1,0.0
499,BS_2,BS,0.527157,0.854501,0.540257,0.473037,1,1,1,0,0.0
499,BS_3,BS,0.670282,0.817946,0.300057,0.345117,1,1,1,4,0.0
499,BS_4,BS,0.641342,0.824351,0.344193,0.258766,1,1,1,6,0.0
499,HAP_0,HAP,0.788147,0.927741,0.138071,0.064957,1,1,1,0,0.50221
499,HAP_1,HAP,0.695293,0.83962,0.263422,0.228482,1,1,1,6,0.707901
499,HAP_2,HAP,0.803429,0.927605,0.018866,0.060786,2,0,0,0,0.59606
499,LEO_0,LEO,0.765439,0.92457,0.067305,0.06624,2,0,0,0,0.421098
499,LEO_1,LEO,0.79903,0.937311,0.024356,0.04621,2,0,0,0,0.584417
500,BS_0,BS,0.700143,0.872565,0.25647,0.332353,1,1,1,0,0.0
500,BS_1,BS,0.693475,0.852355,0.26604,0.390866,1,1,1,1,0.0
500,BS_2,BS,0.709975,0.868545,0.242526,0.404898,1,1,1,0,0.0
500,BS_3,BS,0.563021,0.816833,0.474439,0.377385,1,1,1,1,0.0
500,BS_4,BS,0.59017,0.820807,0.427345,0.289194,1,1,1,4,0.0
500,HAP_0,HAP,0.808739,0.9359,0.012279,0.052033,2,0,0,0,0.561382
500,HAP_1,HAP,0.71272,0.84254,0.238667,0.208419,1,1,1,7,0.464612
500,HAP_2,HAP,0.564965,0.900662,0.470992,0.148454,1,1,1,0,2.24022
500,LEO_0,LEO,0.7405,0.92527,0.20043,0.071069,1,1,1,0,0.186095
500,LEO_1,LEO,0.77741,0.937786,0.151788,0.047335,1,1,1,0,0.229545
