slot,task_id,owner_ap_id,destination_id,local_cost,delay_cost,energy_cost,mission_cost,fidelity_cost
1,T1_UAV_7,BS_3,LEO_1,155.268269,155.234944,0.000957,0.013335,0.095163
1,T1_UAV_15,BS_4,LEO_0,123.084225,123.005101,0.003588,0.056503,0.095163
1,T1_UAV_2,HAP_1,HAP_0,132.324633,132.286135,0.004787,0.014678,0.095163
1,T1_UAV_10,HAP_1,HAP_2,138.362478,138.311247,0.005007,0.027191,0.095163
1,T1_UAV_3,HAP_1,LEO_1,194.540914,194.515277,0.001379,0.005226,0.095163
1,T1_UAV_16,BS_0,LEO_0,192.636955,192.579199,0.00675,0.031973,0.095163
1,T1_UAV_0,HAP_1,LEO_1,68.707224,68.665885,0.000486,0.021821,0.095163
1,T1_UAV_9,BS_4,HAP_0,94.089463,94.050848,0.00211,0.017473,0.095163
1,T1_UAV_8,BS_4,HAP_2,99.036208,98.982395,0.001934,0.032847,0.095163
1,T1_UAV_17,HAP_1,LEO_0,103.514497,103.468602,0.003775,0.023087,0.095163
1,T1_UAV_14,BS_3,BS_1,109.078807,109.025067,0.027243,0.007465,0.095163
1,T1_UAV_13,HAP_1,BS_2,127.475378,127.373148,0.031827,0.05137,0.095163
1,T1_UAV_6,BS_0,LEO_1,188.840976,188.807236,0.001196,0.013512,0.095163
2,T2_UAV_15,BS_4,LEO_1,126.685163,126.453219,0.041033,0.024366,0.332725
2,T2_UAV_17,HAP_1,LEO_0,169.61056,169.38528,0.044995,0.038494,0.208952
2,T2_UAV_14,BS_3,HAP_0,140.208159,140.018122,0.029393,0.00726,0.266912
2,T2_UAV_1,BS_4,HAP_2,151.892666,151.675361,0.028293,0.034856,0.270781
2,T2_UAV_12,BS_3,LEO_0,217.97182,217.75613,0.047209,0.026691,0.208952
2,T2_UAV_5,HAP_1,HAP_0,164.823188,164.611263,0.031798,0.026743,0.266912
2,T2_UAV_3,HAP_1,HAP_2,174.042603,173.844254,0.031423,0.01277,0.270781
2,T2_UAV_13,HAP_1,LEO_0,251.549528,251.314116,0.046792,0.04683,0.208952
2,T2_UAV_2,HAP_1,LEO_0,256.47735,256.244712,0.046735,0.044113,0.208952
2,T2_UAV_18,BS_3,HAP_1,26.016796,25.790541,0.025539,0.024046,0.383348
2,T2_UAV_16,BS_0,LEO_1,53.47961,53.259357,0.040386,0.013321,0.332725
2,T2_UAV_0,HAP_1,BS_1,56.744355,56.457361,0.024097,0.054442,0.542271
2,T2_UAV_6,BS_0,BS_2,67.466323,67.188619,0.026779,0.078574,0.361752
2,T2_UAV_9,BS_4,LEO_1,98.522702,98.291235,0.040813,0.024108,0.332725
2,T2_UAV_19,BS_1,BS_0,100.836857,100.532117,0.03511,0.084792,0.424189
2,T2_UAV_10,HAP_1,BS_3,114.442807,114.178634,0.03852,0.019756,0.529479
2,T2_UAV_4,HAP_1,BS_4,119.667591,119.325442,0.039806,0.097584,0.523796
3,T3_UAV_8,BS_4,LEO_1,184.449031,184.263141,0.041516,0.005438,0.19468
3,T3_UAV_14,BS_3,LEO_0,189.597695,189.364966,0.04572,0.029594,0.287073
3,T3_UAV_12,BS_3,HAP_0,257.129258,256.917577,0.033036,0.034528,0.22058
3,T3_UAV_9,BS_4,HAP_2,181.871103,181.67716,0.029065,0.020844,0.220172
3,T3_UAV_13,HAP_1,LEO_1,201.948406,201.752879,0.041539,0.015052,0.19468
3,T3_UAV_11,HAP_1,LEO_0,256.881445,256.616997,0.047483,0.05955,0.287073
3,T3_UAV_7,BS_3,BS_2,174.502908,174.275727,0.053537,0.036174,0.18735
3,T3_UAV_10,HAP_1,LEO_1,237.479813,237.293868,0.041614,0.005395,0.19468
3,T3_UAV_0,HAP_1,LEO_1,240.034854,239.835288,0.041695,0.018935,0.19468
3,T3_UAV_2,HAP_1,HAP_1,53.160279,52.954514,0.025725,0.017142,0.314488
3,T3_UAV_15,BS_4,HAP_0,119.619717,119.439007,0.027422,0.009172,0.22058
3,T3_UAV_18,BS_3,HAP_2,86.556783,86.347809,0.02834,0.0366,0.220172
3,T3_UAV_6,BS_0,LEO_0,130.137484,129.900119,0.043841,0.036109,0.287073
3,T3_UAV_3,HAP_1,LEO_0,150.20827,149.967833,0.044495,0.038527,0.287073
3,T3_UAV_19,BS_1,HAP_0,252.860262,252.661823,0.030897,0.023427,0.22058
4,T4_UAV_16,BS_0,LEO_1,142.68755,142.623075,0.00095,0.012872,0.253271
4,T4_UAV_13,HAP_1,LEO_0,175.492507,175.257331,0.045833,0.037423,0.259603
4,T4_UAV_7,BS_3,HAP_2,275.649145,275.59327,0.007964,0.011274,0.183183
4,T4_UAV_3,HAP_1,HAP_0,199.310474,199.1026,0.033262,0.006021,0.342958
4,T4_UAV_11,HAP_1,LEO_1,256.29675,256.235725,0.001582,0.008788,0.253271
4,T4_UAV_2,HAP_1,LEO_0,200.36728,200.117249,0.046465,0.051646,0.259603
4,T4_UAV_15,BS_4,HAP_2,386.963399,386.883894,0.007171,0.035697,0.183183
4,T4_UAV_17,HAP_1,HAP_1,26.188574,25.944951,0.025311,0.045114,0.365988
4,T4_UAV_10,HAP_1,BS_2,53.545939,53.301656,0.023309,0.082521,0.19227
4,T4_UAV_14,BS_3,LEO_1,71.633234,71.556449,0.000412,0.025718,0.253271
4,T4_UAV_5,HAP_1,BS_3,76.722182,76.473833,0.029099,0.054065,0.325926
4,T4_UAV_4,HAP_1,HAP_2,109.660624,109.594581,0.002305,0.027101,0.183183
4,T4_UAV_0,HAP_1,LEO_0,84.451767,84.211008,0.042801,0.046038,0.259603
4,T4_UAV_9,BS_4,HAP_0,101.264913,101.039699,0.027255,0.029367,0.342958
4,T4_UAV_6,BS_0,LEO_1,128.670749,128.604246,0.000811,0.015038,0.253271
4,T4_UAV_18,BS_3,HAP_2,148.057544,147.987718,0.004284,0.028905,0.183183
4,T4_UAV_19,BS_1,BS_1,188.072874,187.802909,0.056917,0.034947,0.390505
5,T5_UAV_5,HAP_1,LEO_1,152.299438,152.208035,0.001153,0.027171,0.315394
5,T5_UAV_6,BS_0,LEO_0,203.303785,203.220524,0.006018,0.031,0.231213
5,T5_UAV_0,HAP_1,HAP_2,237.363845,237.148815,0.031451,0.023973,0.298029
5,T5_UAV_18,BS_3,HAP_0,88.501595,88.280924,0.02984,0.029062,0.308843
5,T5_UAV_7,BS_3,HAP_1,95.087512,94.870164,0.026605,0.019236,0.357534
5,T5_UAV_3,HAP_1,LEO_1,50.202874,50.108363,0.000391,0.031042,0.315394
5,T5_UAV_11,HAP_1,LEO_0,70.175701,70.099323,0.002044,0.028091,0.231213
5,T5_UAV_13,HAP_1,LEO_1,54.133739,54.057549,0.000456,0.012656,0.315394
5,T5_UAV_15,BS_4,LEO_0,85.750045,85.670259,0.00204,0.031503,0.231213
5,T5_UAV_10,HAP_1,BS_2,79.707777,79.503176,0.029856,0.034178,0.202834
5,T5_UAV_1,BS_4,HAP_2,141.599008,141.367385,0.027738,0.044279,0.298029
5,T5_UAV_16,BS_0,BS_0,95.043982,94.791056,0.033676,0.060557,0.293469
5,T5_UAV_19,BS_1,LEO_0,180.256019,180.151503,0.004997,0.053276,0.231213
5,T5_UAV_14,BS_3,HAP_2,256.329228,256.099551,0.032237,0.037835,0.298029
6,T6_UAV_7,BS_3,LEO_1,123.752873,123.672869,0.000827,0.011017,0.340797
6,T6_UAV_4,HAP_1,LEO_0,124.869487,124.783869,0.003602,0.016319,0.328485
6,T6_UAV_9,BS_4,HAP_2,193.431972,193.351362,0.00382,0.031522,0.226346
6,T6_UAV_0,HAP_1,HAP_0,137.991433,137.785404,0.030053,0.034413,0.207812
6,T6_UAV_15,BS_4,HAP_1,190.324978,190.084565,0.029206,0.04771,0.317488
6,T6_UAV_18,BS_3,LEO_1,190.350315,190.276755,0.001197,0.004204,0.340797
6,T6_UAV_17,HAP_1,HAP_2,245.81931,245.749813,0.007203,0.017024,0.226346
6,T6_UAV_6,BS_0,BS_2,176.395825,176.288926,0.04405,0.011789,0.255297
6,T6_UAV_1,BS_4,LEO_0,50.405164,50.331284,0.001428,0.006754,0.328485
6,T6_UAV_2,HAP_1,LEO_1,53.493793,53.421315,0.000435,0.003883,0.340797
6,T6_UAV_10,HAP_1,LEO_0,53.923908,53.823113,0.001991,0.033106,0.328485
6,T6_UAV_3,HAP_1,HAP_0,59.425945,59.232769,0.027459,0.024155,0.207812
6,T6_UAV_13,HAP_1,BS_3,62.40573,62.159963,0.025522,0.0502,0.350223
6,T6_UAV_19,BS_1,BS_1,65.812601,65.579131,0.026377,0.023769,0.416622
6,T6_UAV_12,BS_3,BS_0,68.866624,68.607524,0.027133,0.052471,0.397483
6,T6_UAV_5,HAP_1,BS_4,90.791977,90.533411,0.032612,0.027396,0.492791
6,T6_UAV_16,BS_0,HAP_1,149.062902,148.817506,0.028569,0.05333,0.317488
6,T6_UAV_8,BS_4,HAP_2,174.025805,173.947193,0.003056,0.030286,0.226346
7,T7_UAV_14,BS_3,LEO_1,259.834979,259.665374,0.041348,0.006177,0.110401
7,T7_UAV_1,BS_4,HAP_2,286.813363,286.722853,0.005159,0.029689,0.278314
7,T7_UAV_11,HAP_1,HAP_0,244.95663,244.761174,0.032432,0.020448,0.21288
7,T7_UAV_12,BS_3,LEO_1,273.690083,273.519464,0.041396,0.007143,0.110401
7,T7_UAV_18,BS_3,LEO_1,327.566927,327.394018,0.041712,0.009117,0.110401
7,T7_UAV_5,HAP_1,HAP_2,366.414199,366.339837,0.010362,0.008336,0.278314
7,T7_UAV_16,BS_0,HAP_0,279.104801,278.898241,0.031293,0.032691,0.21288
7,T7_UAV_3,HAP_1,LEO_1,378.153625,377.974603,0.042365,0.014576,0.110401
7,T7_UAV_7,BS_3,LEO_0,30.928055,30.826603,0.003133,0.020099,0.3911
7,T7_UAV_9,BS_4,HAP_2,114.511181,114.447517,0.002089,0.005911,0.278314
7,T7_UAV_2,HAP_1,LEO_1,151.082994,150.914912,0.040979,0.005023,0.110401
7,T7_UAV_10,HAP_1,HAP_0,149.403802,149.205791,0.029997,0.025438,0.21288
7,T7_UAV_15,BS_4,LEO_1,210.99428,210.809558,0.041378,0.021264,0.110401
7,T7_UAV_6,BS_0,HAP_2,327.414949,327.339125,0.008042,0.012118,0.278314
8,T8_UAV_16,BS_0,LEO_1,146.831873,146.596355,0.040978,0.012267,0.411369
8,T8_UAV_12,BS_3,LEO_0,120.583351,120.353577,0.044924,0.02123,0.318099
8,T8_UAV_4,HAP_1,HAP_2,125.56875,125.356004,0.028274,0.024429,0.300213
8,T8_UAV_13,HAP_1,HAP_0,141.507401,141.282791,0.030491,0.028733,0.326931
8,T8_UAV_8,BS_4,HAP_1,145.195991,144.931135,0.028284,0.065876,0.353481
8,T8_UAV_9,BS_4,LEO_1,208.572137,208.315482,0.041576,0.032806,0.411369
8,T8_UAV_5,HAP_1,LEO_0,161.062167,160.822172,0.046108,0.030267,0.318099
8,T8_UAV_14,BS_3,HAP_2,172.71524,172.514303,0.030737,0.010157,0.300213
8,T8_UAV_15,BS_4,HAP_0,189.42459,189.221787,0.029335,0.008082,0.326931
8,T8_UAV_18,BS_3,BS_2,191.211905,190.960596,0.057706,0.031479,0.310619
8,T8_UAV_0,HAP_1,BS_4,58.759401,58.531992,0.024616,0.038291,0.322513
8,T8_UAV_10,HAP_1,BS_3,66.154674,65.886622,0.026453,0.070373,0.356127
8,T8_UAV_3,HAP_1,BS_0,67.511817,67.28363,0.026803,0.024833,0.382759
8,T8_UAV_6,BS_0,BS_1,82.723551,82.45191,0.030593,0.056989,0.420302
8,T8_UAV_7,BS_3,LEO_1,134.137166,133.904474,0.04082,0.009598,0.411369
8,T8_UAV_19,BS_1,LEO_0,112.498293,112.27387,0.043838,0.016965,0.318099
8,T8_UAV_2,HAP_1,HAP_1,118.466107,118.196873,0.026421,0.072116,0.353481
8,T8_UAV_1,BS_4,LEO_1,169.276829,169.023197,0.041281,0.030078,0.411369
9,T9_UAV_10,HAP_1,LEO_0,165.255567,165.167325,0.004928,0.034845,0.242342
9,T9_UAV_12,BS_3,LEO_1,112.107722,111.884632,0.040771,0.019137,0.315914
9,T9_UAV_17,HAP_1,HAP_0,176.710484,176.498873,0.031574,0.032182,0.239275
9,T9_UAV_3,HAP_1,HAP_2,180.438488,180.201969,0.031713,0.037299,0.337538
9,T9_UAV_15,BS_4,HAP_1,94.678346,94.420197,0.027633,0.059774,0.353707
9,T9_UAV_16,BS_0,LEO_0,261.121734,261.052474,0.007449,0.013342,0.242342
9,T9_UAV_18,BS_3,LEO_1,38.290329,38.058739,0.040271,0.028136,0.315914
9,T9_UAV_14,BS_3,LEO_0,97.51283,97.426565,0.002959,0.034838,0.242342
9,T9_UAV_1,BS_4,BS_2,74.313638,74.110401,0.028508,0.02866,0.230339
9,T9_UAV_5,HAP_1,HAP_0,95.541835,95.32693,0.028975,0.038074,0.239275
9,T9_UAV_2,HAP_1,HAP_2,103.468095,103.239657,0.028205,0.032725,0.337538
9,T9_UAV_4,HAP_1,BS_0,122.165851,121.913947,0.040453,0.049556,0.309474
9,T9_UAV_19,BS_1,BS_3,150.350365,150.095249,0.047495,0.035063,0.362791
9,T9_UAV_6,BS_0,LEO_0,182.435682,182.371705,0.005403,0.010106,0.242342
10,T10_UAV_15,BS_4,LEO_1,106.462664,106.257199,0.040876,0.015638,0.244752
10,T10_UAV_4,HAP_1,LEO_0,79.764356,79.538566,0.043089,0.028445,0.271275
10,T10_UAV_5,HAP_1,HAP_0,238.877385,238.807496,0.007354,0.025693,0.184205
10,T10_UAV_7,BS_3,HAP_2,184.305474,184.235648,0.0059,0.026245,0.188408
10,T10_UAV_16,BS_0,HAP_1,68.253806,68.00244,0.027115,0.053359,0.354457
10,T10_UAV_17,HAP_1,LEO_1,136.368147,136.171306,0.040928,0.006962,0.244752
10,T10_UAV_8,BS_4,LEO_0,109.166285,108.939717,0.043814,0.028499,0.271275
10,T10_UAV_18,BS_3,HAP_0,302.971674,302.910547,0.008747,0.015539,0.184205
10,T10_UAV_1,BS_4,HAP_2,275.633829,275.579098,0.005357,0.011692,0.188408
10,T10_UAV_3,HAP_1,BS_2,198.149649,197.928116,0.059447,0.014035,0.240255
10,T10_UAV_12,BS_3,BS_0,73.770006,73.538582,0.028365,0.053696,0.24681
10,T10_UAV_10,HAP_1,BS_4,81.049427,80.790716,0.030178,0.065893,0.313201
10,T10_UAV_9,BS_4,BS_3,90.9908,90.74224,0.032664,0.044588,0.35654
10,T10_UAV_0,HAP_1,HAP_0,146.275287,146.216111,0.004067,0.018268,0.184205
10,T10_UAV_2,HAP_1,HAP_2,118.107473,118.048399,0.003152,0.01824,0.188408
10,T10_UAV_6,BS_0,LEO_1,131.805873,131.602302,0.040895,0.013725,0.244752
10,T10_UAV_11,HAP_1,HAP_0,194.697493,194.629366,0.005315,0.02597,0.184205
11,T11_UAV_17,HAP_1,LEO_1,236.500529,236.449514,0.001322,0.009986,0.198533
11,T11_UAV_5,HAP_1,LEO_0,127.827094,127.73741,0.004869,0.034044,0.25386
11,T11_UAV_1,BS_4,HAP_2,180.33567,180.162944,0.028502,0.007012,0.186061
11,T11_UAV_11,HAP_1,LEO_1,271.299784,271.224989,0.001513,0.033575,0.198533
11,T11_UAV_14,BS_3,LEO_1,274.997053,274.933017,0.001428,0.022901,0.198533
11,T11_UAV_12,BS_3,HAP_2,236.647533,236.471099,0.03251,0.006711,0.186061
11,T11_UAV_10,HAP_1,LEO_1,347.575732,347.516986,0.002118,0.016922,0.198533
11,T11_UAV_0,HAP_1,HAP_2,268.455249,268.261395,0.032357,0.024285,0.186061
11,T11_UAV_6,BS_0,HAP_0,50.893496,50.706962,0.02643,0.014223,0.229404
11,T11_UAV_9,BS_4,LEO_0,54.433234,54.360139,0.001558,0.020766,0.25386
11,T11_UAV_15,BS_4,HAP_1,40.857838,40.591347,0.02613,0.069231,0.355651
11,T11_UAV_18,BS_3,BS_2,90.138185,90.064776,0.022505,0.007893,0.215055
11,T11_UAV_7,BS_3,LEO_0,95.142257,95.064733,0.00378,0.022971,0.25386
11,T11_UAV_4,HAP_1,HAP_0,96.821667,96.614378,0.028106,0.033303,0.229404
11,T11_UAV_3,HAP_1,LEO_1,123.610555,123.555905,0.000773,0.01417,0.198533
11,T11_UAV_13,HAP_1,LEO_1,234.901561,234.839773,0.001557,0.020525,0.198533
12,T12_UAV_10,HAP_1,LEO_1,67.223862,66.97926,0.040586,0.036845,0.335857
12,T12_UAV_18,BS_3,LEO_0,209.242493,209.053441,0.045188,0.0066,0.186318
12,T12_UAV_7,BS_3,HAP_0,190.967542,190.891915,0.006324,0.028318,0.204924
12,T12_UAV_11,HAP_1,HAP_2,214.778654,214.599018,0.031119,0.007626,0.204463
12,T12_UAV_12,BS_3,HAP_1,89.148923,88.92269,0.026998,0.028685,0.352755
12,T12_UAV_4,HAP_1,LEO_0,332.345344,332.134398,0.046061,0.027621,0.186318
12,T12_UAV_1,BS_4,HAP_0,279.341476,279.269649,0.005604,0.025238,0.204924
12,T12_UAV_17,HAP_1,LEO_0,391.237029,391.026291,0.04882,0.024654,0.186318
12,T12_UAV_9,BS_4,LEO_0,399.007941,398.80611,0.047251,0.017316,0.186318
12,T12_UAV_13,HAP_1,LEO_1,41.89145,41.641292,0.040406,0.042581,0.335857
12,T12_UAV_2,HAP_1,BS_2,75.356776,75.273834,0.018809,0.005111,0.29511
12,T12_UAV_19,BS_1,HAP_2,122.061568,121.877838,0.028054,0.014784,0.204463
12,T12_UAV_14,BS_3,BS_3,88.955659,88.684616,0.03215,0.070239,0.343265
12,T12_UAV_0,HAP_1,LEO_0,157.041959,156.837219,0.04326,0.024216,0.186318
12,T12_UAV_15,BS_4,HAP_0,134.758411,134.701937,0.002737,0.012753,0.204924
12,T12_UAV_3,HAP_1,HAP_2,149.032944,148.837412,0.029676,0.024963,0.204463
12,T12_UAV_16,BS_0,LEO_0,325.839179,325.646512,0.04707,0.008333,0.186318
13,T13_UAV_8,BS_4,LEO_1,136.007616,135.777507,0.041249,0.026836,0.310119
13,T13_UAV_15,BS_4,LEO_0,145.91446,145.69052,0.04419,0.019323,0.302133
13,T13_UAV_7,BS_3,HAP_2,216.808167,216.736586,0.006169,0.019454,0.229794
13,T13_UAV_3,HAP_1,HAP_0,153.678785,153.599306,0.00643,0.01009,0.314789
13,T13_UAV_6,BS_0,HAP_1,90.433898,90.203456,0.027566,0.031374,0.357507
13,T13_UAV_11,HAP_1,LEO_1,176.357953,176.135455,0.0412,0.019274,0.310119
13,T13_UAV_10,HAP_1,HAP_2,253.332802,253.264874,0.006939,0.015029,0.229794
13,T13_UAV_5,HAP_1,BS_4,150.720498,150.479567,0.047591,0.036287,0.285266
13,T13_UAV_17,HAP_1,HAP_2,375.366984,375.283837,0.00995,0.027238,0.229794
13,T13_UAV_12,BS_3,LEO_0,61.301076,61.066107,0.042479,0.032063,0.302133
13,T13_UAV_0,HAP_1,HAP_0,69.200635,69.120254,0.002561,0.014862,0.314789
13,T13_UAV_14,BS_3,BS_2,70.829462,70.707741,0.017668,0.02772,0.381662
13,T13_UAV_4,HAP_1,BS_3,76.448318,76.203528,0.029031,0.045924,0.349171
13,T13_UAV_16,BS_0,BS_1,82.184788,81.945945,0.030466,0.01964,0.443681
13,T13_UAV_13,HAP_1,BS_0,86.402103,86.120892,0.031509,0.054775,0.474635
13,T13_UAV_9,BS_4,LEO_1,101.992169,101.747839,0.04086,0.041446,0.310119
13,T13_UAV_1,BS_4,HAP_2,139.339936,139.277107,0.002514,0.014355,0.229794
13,T13_UAV_19,BS_1,LEO_0,147.830446,147.593737,0.04506,0.031222,0.302133
14,T14_UAV_3,HAP_1,LEO_1,111.303896,111.230232,0.000868,0.022603,0.250966
14,T14_UAV_1,BS_4,LEO_0,77.966429,77.762112,0.042988,0.018642,0.213436
14,T14_UAV_8,BS_4,HAP_2,336.850024,336.675435,0.030246,0.006227,0.190586
14,T14_UAV_5,HAP_1,HAP_0,82.169658,81.96764,0.030017,0.02072,0.256406
14,T14_UAV_15,BS_4,HAP_1,88.481153,88.238139,0.027457,0.044366,0.355955
14,T14_UAV_18,BS_3,HAP_2,391.936598,391.747695,0.035495,0.015292,0.190586
14,T14_UAV_2,HAP_1,BS_2,399.568743,399.302224,0.109766,0.017651,0.195511
14,T14_UAV_17,HAP_1,LEO_1,103.959659,103.89324,0.000706,0.01552,0.250966
14,T14_UAV_9,BS_4,LEO_0,71.211454,71.000451,0.04273,0.025586,0.213436
14,T14_UAV_11,HAP_1,HAP_2,176.260215,176.081541,0.0292,0.011357,0.190586
14,T14_UAV_14,BS_3,HAP_2,222.608983,222.428937,0.030297,0.011631,0.190586
14,T14_UAV_19,BS_1,LEO_1,191.211036,191.126987,0.001294,0.032562,0.250966
14,T14_UAV_13,HAP_1,BS_2,217.101116,216.891783,0.064186,0.006045,0.195511
14,T14_UAV_6,BS_0,HAP_2,423.075385,422.866492,0.034676,0.0361,0.190586
15,T15_UAV_17,HAP_1,LEO_1,192.418771,192.340139,0.001197,0.023118,0.271582
15,T15_UAV_16,BS_0,LEO_0,147.21474,147.142137,0.005204,0.018307,0.24546
15,T15_UAV_14,BS_3,HAP_0,159.720529,159.510191,0.030009,0.02756,0.263848
15,T15_UAV_15,BS_4,HAP_2,160.474338,160.260758,0.028554,0.030079,0.274735
15,T15_UAV_11,HAP_1,LEO_1,226.923385,226.843563,0.001423,0.024083,0.271582
15,T15_UAV_0,HAP_1,LEO_0,175.328929,175.255397,0.005898,0.018542,0.24546
15,T15_UAV_7,HAP_1,LEO_1,245.027,244.934817,0.001496,0.03637,0.271582
15,T15_UAV_2,HAP_1,LEO_0,196.267163,196.201516,0.006375,0.010179,0.24546
15,T15_UAV_12,BS_3,HAP_1,26.573955,26.334955,0.025588,0.039992,0.367099
15,T15_UAV_13,HAP_1,BS_2,58.07913,57.901438,0.024458,0.010011,0.216115
15,T15_UAV_18,BS_3,BS_3,69.280472,69.039289,0.027241,0.0598,0.270708
15,T15_UAV_3,HAP_1,BS_4,76.454353,76.227848,0.029037,0.026173,0.356472
15,T15_UAV_6,BS_0,HAP_0,84.254141,84.06323,0.027384,0.010757,0.263848
15,T15_UAV_9,BS_4,HAP_2,88.187163,87.968192,0.026911,0.037113,0.274735
15,T15_UAV_4,HAP_1,BS_0,90.441778,90.163929,0.03252,0.072637,0.363463
15,T15_UAV_19,BS_1,BS_1,142.185089,141.908182,0.045449,0.05072,0.403688
15,T15_UAV_10,HAP_1,LEO_1,147.923078,147.84667,0.001023,0.021068,0.271582
16,T16_UAV_12,BS_3,LEO_1,140.663166,140.467378,0.040787,0.017543,0.187283
16,T16_UAV_3,HAP_1,LEO_0,122.859622,122.650282,0.044605,0.019105,0.228146
16,T16_UAV_2,HAP_1,HAP_0,139.505575,139.309844,0.030143,0.027535,0.190264
16,T16_UAV_7,HAP_1,HAP_2,148.35458,148.157054,0.030585,0.016114,0.254134
16,T16_UAV_16,BS_0,LEO_1,188.99949,188.800951,0.041268,0.019815,0.187283
16,T16_UAV_4,HAP_1,LEO_0,165.855841,165.656996,0.044742,0.008473,0.228146
16,T16_UAV_13,HAP_1,HAP_0,187.960976,187.76201,0.032299,0.028614,0.190264
16,T16_UAV_9,BS_4,HAP_1,29.358968,29.07233,0.02585,0.089949,0.354195
16,T16_UAV_11,HAP_1,BS_2,58.297227,58.101681,0.024508,0.025885,0.225763
16,T16_UAV_18,BS_3,HAP_2,59.09367,58.891319,0.027295,0.024229,0.254134
16,T16_UAV_5,HAP_1,BS_0,67.990789,67.783993,0.026928,0.018921,0.304734
16,T16_UAV_14,BS_3,LEO_1,95.192719,95.000027,0.040547,0.014688,0.187283
16,T16_UAV_8,BS_4,LEO_0,94.309655,94.108856,0.04245,0.012719,0.228146
16,T16_UAV_19,BS_1,BS_3,97.825208,97.569873,0.03437,0.056032,0.324665
16,T16_UAV_10,HAP_1,BS_4,101.397344,101.1325,0.03526,0.053005,0.382892
16,T16_UAV_6,BS_0,LEO_1,167.086964,166.881484,0.041033,0.026991,0.187283
17,T17_UAV_14,BS_0,LEO_1,116.146029,116.076568,0.000726,0.021468,0.236335
17,T17_UAV_1,BS_4,LEO_0,127.183408,126.963108,0.043621,0.032746,0.219666
17,T17_UAV_12,BS_3,HAP_0,143.602425,143.548002,0.005213,0.005668,0.217708
17,T17_UAV_8,BS_4,HAP_2,161.119929,160.917367,0.028142,0.027829,0.232957
17,T17_UAV_0,HAP_1,LEO_1,178.059486,177.986952,0.001388,0.023879,0.236335
17,T17_UAV_11,HAP_1,LEO_0,190.617037,190.40252,0.046838,0.023746,0.219666
17,T17_UAV_15,BS_4,HAP_1,25.876664,25.660898,0.025712,0.01722,0.364171
17,T17_UAV_10,HAP_1,LEO_1,61.1703,61.115803,0.000466,0.006764,0.236335
17,T17_UAV_2,HAP_1,HAP_0,62.128556,62.065688,0.002296,0.01703,0.217708
17,T17_UAV_18,BS_3,BS_2,63.032894,62.961954,0.015733,0.01263,0.212884
17,T17_UAV_6,BS_0,HAP_2,90.101211,89.910144,0.027855,0.016621,0.232957
17,T17_UAV_16,BS_0,BS_0,91.105783,90.871698,0.032697,0.042689,0.293497
17,T17_UAV_9,BS_4,LEO_0,95.35022,95.136258,0.042698,0.027331,0.219666
17,T17_UAV_3,HAP_1,BS_4,122.484797,122.248056,0.040537,0.035422,0.30391
17,T17_UAV_19,BS_1,BS_3,136.913924,136.658033,0.044137,0.035068,0.383427
18,T18_UAV_10,HAP_1,LEO_1,92.82909,92.756042,0.000709,0.017651,0.273441
18,T18_UAV_8,BS_4,LEO_0,224.487665,224.430116,0.003776,0.016905,0.184339
18,T18_UAV_11,HAP_1,HAP_2,133.279108,133.213506,0.004471,0.017903,0.21614
18,T18_UAV_7,HAP_1,HAP_0,175.454121,175.379784,0.006895,0.006628,0.304072
18,T18_UAV_6,BS_0,LEO_0,266.110512,266.062106,0.005974,0.005564,0.184339
18,T18_UAV_14,BS_0,LEO_1,138.301007,138.23581,0.000865,0.009644,0.273441
18,T18_UAV_4,HAP_1,LEO_1,156.007842,155.928918,0.001367,0.022869,0.273441
18,T18_UAV_13,HAP_1,HAP_2,162.523642,162.443953,0.00539,0.03107,0.21614
18,T18_UAV_12,BS_3,LEO_0,348.290117,348.227591,0.008499,0.017159,0.184339
18,T18_UAV_15,BS_4,LEO_0,354.215531,354.157397,0.006448,0.014819,0.184339
18,T18_UAV_1,BS_4,LEO_0,392.117607,392.054338,0.007123,0.019278,0.184339
18,T18_UAV_5,HAP_1,HAP_1,32.31672,32.062396,0.025429,0.057692,0.356015
18,T18_UAV_0,HAP_1,BS_3,53.910905,53.700714,0.023408,0.036713,0.250343
18,T18_UAV_3,HAP_1,BS_0,59.267503,59.070332,0.02475,0.014495,0.289628
18,T18_UAV_17,HAP_1,HAP_0,68.178441,68.099426,0.002542,0.015658,0.304072
18,T18_UAV_9,BS_4,BS_2,76.687693,76.595925,0.019139,0.008676,0.319762
18,T18_UAV_16,BS_0,BS_4,80.050361,79.807808,0.029932,0.053685,0.294678
18,T18_UAV_19,BS_1,BS_1,146.412521,146.183334,0.046518,0.012122,0.352739
18,T18_UAV_18,BS_3,LEO_0,215.168269,215.114117,0.00535,0.011935,0.184339
19,T19_UAV_5,HAP_1,LEO_1,133.925508,133.732484,0.04103,0.006268,0.228632
19,T19_UAV_11,HAP_1,LEO_0,90.434451,90.217634,0.044454,0.014905,0.28729
19,T19_UAV_10,HAP_1,HAP_2,164.510338,164.423417,0.00596,0.028448,0.262567
19,T19_UAV_17,HAP_1,BS_2,1022.011673,1021.591595,0.26526,0.016555,0.191315
19,T19_UAV_9,BS_4,BS_2,1479.194912,1478.652613,0.379468,0.024568,0.191315
19,T19_UAV_18,BS_3,BS_2,1531.618057,1531.068975,0.392566,0.018253,0.191315
19,T19_UAV_3,HAP_1,BS_2,1678.751174,1678.164462,0.429321,0.019127,0.191315
19,T19_UAV_1,BS_4,BS_2,1709.941194,1709.357363,0.437116,0.008452,0.191315
19,T19_UAV_8,BS_4,HAP_0,33.085101,33.004421,0.001001,0.007245,0.362168
19,T19_UAV_0,HAP_1,HAP_1,41.174962,40.908309,0.025449,0.069982,0.356115
19,T19_UAV_7,HAP_1,LEO_1,76.727035,76.514835,0.040506,0.025968,0.228632
19,T19_UAV_13,HAP_1,LEO_0,57.444443,57.226001,0.042628,0.018356,0.28729
19,T19_UAV_2,HAP_1,HAP_2,86.737293,86.672949,0.002727,0.009104,0.262567
19,T19_UAV_14,BS_0,LEO_1,90.03143,89.832193,0.040561,0.01295,0.228632
19,T19_UAV_16,BS_0,BS_2,797.510209,797.134258,0.209174,0.028514,0.191315
19,T19_UAV_15,BS_4,BS_2,841.835654,841.46815,0.220252,0.008989,0.191315
19,T19_UAV_19,BS_1,BS_2,1210.953154,1210.498188,0.312463,0.004239,0.191315
19,T19_UAV_12,BS_3,BS_2,1525.114253,1524.569841,0.390942,0.015207,0.191315
20,T20_UAV_1,BS_4,LEO_1,151.947914,151.873549,0.001146,0.029513,0.21853
20,T20_UAV_5,HAP_1,LEO_0,153.737489,153.526276,0.044719,0.008389,0.290527
20,T20_UAV_11,HAP_1,HAP_2,130.359935,130.267452,0.004374,0.013748,0.371802
20,T20_UAV_9,BS_4,HAP_0,200.195126,199.991052,0.028893,0.0247,0.252404
20,T20_UAV_6,BS_0,LEO_1,200.389026,200.327725,0.001234,0.016361,0.21853
20,T20_UAV_8,BS_4,HAP_1,95.286159,95.036546,0.027701,0.05034,0.35786
20,T20_UAV_4,HAP_1,LEO_0,214.079113,213.859129,0.045011,0.016869,0.290527
20,T20_UAV_13,HAP_1,LEO_1,240.535167,240.46559,0.001796,0.024075,0.21853
20,T20_UAV_3,HAP_1,HAP_2,189.219885,189.121744,0.007141,0.01664,0.371802
20,T20_UAV_7,HAP_1,HAP_0,286.902536,286.711854,0.034391,0.00581,0.252404
20,T20_UAV_12,BS_3,LEO_0,68.651855,68.44385,0.042213,0.007686,0.290527
20,T20_UAV_2,HAP_1,BS_0,59.151844,58.918543,0.024712,0.044205,0.321914
20,T20_UAV_16,BS_0,BS_4,63.373487,63.164843,0.025773,0.014874,0.339983
20,T20_UAV_18,BS_3,BS_2,76.754625,76.508448,0.029108,0.02786,0.446045
20,T20_UAV_17,HAP_1,BS_3,86.673802,86.449707,0.031592,0.0119,0.403019
20,T20_UAV_0,HAP_1,LEO_1,93.947209,93.896481,0.000666,0.006356,0.21853
20,T20_UAV_14,BS_0,BS_1,99.966661,99.678996,0.034897,0.061784,0.454917
20,T20_UAV_15,BS_4,LEO_0,113.673155,113.456437,0.042657,0.015956,0.290527
20,T20_UAV_10,HAP_1,HAP_0,157.747625,157.553532,0.030318,0.013295,0.252404
21,T21_UAV_0,HAP_1,LEO_0,138.092873,138.036469,0.003793,0.015476,0.185675
21,T21_UAV_18,BS_3,LEO_1,205.045003,204.849544,0.041193,0.015305,0.194804
21,T21_UAV_10,HAP_1,HAP_2,192.85841,192.668793,0.031981,0.014219,0.217083
21,T21_UAV_8,BS_4,LEO_1,211.773216,211.565874,0.041751,0.026631,0.194804
21,T21_UAV_15,BS_4,HAP_0,31.975097,31.765852,0.025925,0.020464,0.314277
21,T21_UAV_2,HAP_1,LEO_0,67.110843,67.050093,0.001778,0.021837,0.185675
21,T21_UAV_6,BS_0,BS_0,56.587449,56.382124,0.024078,0.02506,0.280929
21,T21_UAV_14,BS_0,HAP_1,56.997651,56.775865,0.026413,0.018472,0.384499
21,T21_UAV_5,HAP_1,LEO_0,91.943774,91.885874,0.002824,0.017941,0.185675
21,T21_UAV_4,HAP_1,LEO_1,92.922631,92.736784,0.040731,0.006156,0.194804
21,T21_UAV_7,HAP_1,HAP_2,76.26863,76.077181,0.027836,0.020196,0.217083
21,T21_UAV_11,HAP_1,BS_1,89.031328,88.814412,0.032183,0.026615,0.290591
21,T21_UAV_9,BS_4,LEO_0,112.270788,112.204581,0.002603,0.026469,0.185675
21,T21_UAV_12,BS_3,LEO_1,148.671841,148.486785,0.040829,0.005265,0.194804
22,T22_UAV_17,HAP_1,LEO_1,123.260068,123.213389,0.000829,0.004622,0.206141
22,T22_UAV_0,HAP_1,LEO_0,117.586738,117.515926,0.005456,0.008973,0.281916
22,T22_UAV_3,HAP_1,HAP_2,307.775825,307.725479,0.008059,0.004356,0.189653
22,T22_UAV_14,BS_0,HAP_0,270.110543,269.926745,0.031583,0.013954,0.191303
22,T22_UAV_6,BS_0,HAP_2,365.579041,365.509842,0.00838,0.022889,0.189653
22,T22_UAV_13,HAP_1,HAP_0,321.553368,321.352087,0.034329,0.028691,0.191303
22,T22_UAV_1,BS_4,HAP_2,479.827791,479.76489,0.008236,0.016735,0.189653
22,T22_UAV_7,HAP_1,HAP_1,30.691264,30.479635,0.025471,0.015491,0.353337
22,T22_UAV_18,BS_3,LEO_1,73.901859,73.854763,0.000467,0.0054,0.206141
22,T22_UAV_9,BS_4,LEO_0,52.361045,52.294676,0.00199,0.007996,0.281916
22,T22_UAV_11,HAP_1,LEO_1,80.214338,80.148988,0.000555,0.023568,0.206141
22,T22_UAV_16,BS_0,HAP_0,107.063656,106.890565,0.027205,0.007625,0.191303
22,T22_UAV_2,HAP_1,HAP_2,141.734185,141.687686,0.003229,0.00534,0.189653
22,T22_UAV_4,HAP_1,HAP_0,156.150381,155.951375,0.028843,0.031903,0.191303
22,T22_UAV_19,BS_1,BS_4,165.916172,165.66017,0.051384,0.049387,0.276156
22,T22_UAV_15,BS_4,HAP_2,210.306039,210.254272,0.0036,0.010237,0.189653
23,T23_UAV_8,BS_4,LEO_0,174.847215,174.658547,0.043263,0.005104,0.201508
23,T23_UAV_16,BS_0,LEO_1,126.889441,126.81659,0.000941,0.006519,0.326949
23,T23_UAV_3,HAP_1,HAP_0,153.472086,153.238988,0.03147,0.033221,0.342036
23,T23_UAV_0,HAP_1,LEO_0,227.651485,227.446259,0.045371,0.019554,0.201508
23,T23_UAV_12,BS_3,HAP_2,191.095963,190.832894,0.032067,0.034266,0.483686
23,T23_UAV_1,BS_4,BS_2,302.201138,301.96228,0.085443,0.011271,0.210719
23,T23_UAV_2,HAP_1,LEO_0,277.321183,277.113871,0.046323,0.020688,0.201508
23,T23_UAV_11,HAP_1,LEO_0,308.711596,308.491093,0.047665,0.032536,0.201508
23,T23_UAV_17,HAP_1,HAP_1,28.069126,27.806977,0.025376,0.066206,0.352832
23,T23_UAV_15,BS_4,LEO_1,81.308452,81.221324,0.000682,0.021056,0.326949
23,T23_UAV_4,BS_4,LEO_0,100.300911,100.099262,0.042026,0.019322,0.201508
23,T23_UAV_6,BS_0,LEO_1,105.382851,105.30723,0.000703,0.009528,0.326949
23,T23_UAV_10,HAP_1,HAP_0,114.936339,114.719435,0.029658,0.018839,0.342036
23,T23_UAV_7,HAP_1,BS_4,116.4701,116.212201,0.039029,0.053487,0.32692
23,T23_UAV_18,BS_3,HAP_2,170.151941,169.89683,0.03166,0.026714,0.483686
23,T23_UAV_19,BS_1,BS_2,281.548672,281.306336,0.080281,0.01991,0.210719
24,T24_UAV_8,BS_4,LEO_0,70.367425,70.14934,0.042437,0.026147,0.247507
24,T24_UAV_13,HAP_1,LEO_1,148.681318,148.58702,0.001224,0.016986,0.380437
24,T24_UAV_17,HAP_1,HAP_0,156.477496,156.293491,0.030837,0.007478,0.22845
24,T24_UAV_16,BS_0,HAP_2,167.714942,167.469394,0.030081,0.042002,0.367327
24,T24_UAV_1,BS_4,HAP_1,88.837686,88.561335,0.027549,0.069889,0.394568
24,T24_UAV_15,BS_4,LEO_0,128.843074,128.613867,0.044937,0.034769,0.247507
24,T24_UAV_6,BS_0,LEO_1,62.317473,62.227528,0.000415,0.013443,0.380437
24,T24_UAV_2,HAP_1,LEO_1,65.608554,65.519175,0.00054,0.012751,0.380437
24,T24_UAV_5,HAP_1,BS_0,71.458826,71.228751,0.027788,0.062159,0.200639
24,T24_UAV_11,HAP_1,BS_3,75.001206,74.767996,0.028673,0.044587,0.299757
24,T24_UAV_12,BS_3,HAP_0,85.674301,85.472996,0.028062,0.027552,0.22845
24,T24_UAV_4,BS_4,BS_4,88.204296,87.986714,0.031976,0.017246,0.341805
24,T24_UAV_19,BS_1,HAP_2,197.451324,197.232895,0.030785,0.014178,0.367327
25,T25_UAV_18,BS_3,LEO_1,141.933254,141.726046,0.040896,0.023318,0.214969
25,T25_UAV_8,BS_4,LEO_0,119.279128,119.067879,0.044139,0.024369,0.213707
25,T25_UAV_16,BS_0,HAP_2,551.991011,551.804159,0.03606,0.023035,0.138782
25,T25_UAV_11,HAP_1,HAP_0,183.285004,183.21385,0.006698,0.016669,0.238936
25,T25_UAV_17,HAP_1,LEO_1,190.029803,189.834983,0.04127,0.010557,0.214969
25,T25_UAV_15,BS_4,HAP_2,615.237394,615.064483,0.0347,0.010455,0.138782
25,T25_UAV_13,HAP_1,HAP_2,626.372268,626.172172,0.038389,0.03395,0.138782
25,T25_UAV_10,HAP_1,HAP_2,643.344541,643.168776,0.039604,0.008405,0.138782
25,T25_UAV_0,HAP_1,HAP_1,36.49333,36.296888,0.02539,0.015392,0.278295
25,T25_UAV_12,BS_3,LEO_0,67.600988,67.407104,0.04374,0.007403,0.213707
25,T25_UAV_4,BS_4,HAP_0,121.458281,121.379347,0.003855,0.027291,0.238936
25,T25_UAV_19,BS_1,LEO_1,192.273463,192.074911,0.041277,0.014281,0.214969
25,T25_UAV_14,BS_0,HAP_2,318.565981,318.384661,0.03188,0.021684,0.138782
25,T25_UAV_3,HAP_1,HAP_2,323.910482,323.729242,0.03259,0.020894,0.138782
25,T25_UAV_7,HAP_1,HAP_2,548.724481,548.530432,0.037636,0.028658,0.138782
26,T26_UAV_15,BS_4,LEO_1,125.144353,125.083179,0.001055,0.015506,0.223068
26,T26_UAV_13,HAP_1,LEO_0,131.605737,131.38499,0.044436,0.032875,0.217182
26,T26_UAV_8,BS_4,HAP_0,142.7076,142.645646,0.003415,0.006014,0.262623
26,T26_UAV_6,BS_0,HAP_2,83.250618,82.981454,0.028614,0.054487,0.430314
26,T26_UAV_4,BS_4,LEO_1,145.302958,145.247939,0.001278,0.009127,0.223068
26,T26_UAV_2,HAP_1,LEO_0,176.988665,176.780975,0.04577,0.018484,0.217182
26,T26_UAV_1,BS_4,HAP_1,28.084349,27.85999,0.025802,0.03322,0.326686
26,T26_UAV_17,HAP_1,LEO_1,60.328978,60.278729,0.000403,0.005232,0.223068
26,T26_UAV_19,BS_1,HAP_0,69.937013,69.872379,0.001947,0.010162,0.262623
26,T26_UAV_9,BS_4,BS_2,94.418802,94.211027,0.033531,0.030691,0.217761
26,T26_UAV_14,BS_0,BS_0,103.781264,103.535488,0.035861,0.053664,0.281251
26,T26_UAV_12,BS_3,BS_3,108.004416,107.759074,0.036916,0.052729,0.278483
26,T26_UAV_11,HAP_1,BS_4,121.231507,120.969477,0.040217,0.050425,0.356938
26,T26_UAV_5,HAP_1,LEO_0,123.637684,123.429151,0.044673,0.020424,0.217182
27,T27_UAV_4,BS_4,LEO_1,158.082873,158.018079,0.001159,0.011013,0.263105
27,T27_UAV_8,BS_4,LEO_0,396.689725,396.493901,0.045339,0.010593,0.199461
27,T27_UAV_6,BS_0,LEO_1,227.250917,227.185335,0.001303,0.011658,0.263105
27,T27_UAV_12,BS_3,LEO_0,409.53748,409.329162,0.047638,0.020788,0.199461
27,T27_UAV_10,HAP_1,HAP_0,196.626173,196.536187,0.00801,0.008084,0.369459
27,T27_UAV_2,HAP_1,LEO_1,239.117688,239.043621,0.001662,0.019783,0.263105
27,T27_UAV_13,HAP_1,BS_2,157.268028,157.056284,0.049234,0.016943,0.227838
27,T27_UAV_0,HAP_1,LEO_0,508.936209,508.723469,0.048391,0.024456,0.199461
27,T27_UAV_14,BS_0,LEO_1,301.891869,301.82178,0.001648,0.015819,0.263105
27,T27_UAV_3,HAP_1,LEO_0,580.755197,580.549483,0.050408,0.015413,0.199461
27,T27_UAV_9,BS_4,LEO_1,324.286874,324.211615,0.002354,0.020284,0.263105
27,T27_UAV_5,HAP_1,HAP_2,54.836069,54.58896,0.027911,0.023533,0.478327
27,T27_UAV_17,HAP_1,HAP_1,56.303428,56.054007,0.025777,0.061064,0.312895
27,T27_UAV_18,BS_3,LEO_0,185.000645,184.790796,0.043542,0.026414,0.199461
27,T27_UAV_16,BS_0,HAP_0,128.331535,128.237032,0.003292,0.017318,0.369459
27,T27_UAV_15,BS_4,LEO_0,214.380245,214.187658,0.043078,0.009616,0.199461
27,T27_UAV_19,BS_1,LEO_0,220.124359,219.921096,0.043669,0.019702,0.199461
27,T27_UAV_1,BS_4,LEO_0,232.820852,232.632237,0.043377,0.005346,0.199461
27,T27_UAV_11,HAP_1,LEO_0,299.527155,299.326947,0.045135,0.01518,0.199461
28,T28_UAV_1,BS_4,LEO_1,112.287171,112.041349,0.040935,0.026759,0.390641
28,T28_UAV_14,BS_0,LEO_0,159.275943,159.050444,0.04607,0.010937,0.342461
28,T28_UAV_5,HAP_1,HAP_0,129.389962,129.186011,0.030371,0.021698,0.259407
28,T28_UAV_9,BS_4,HAP_2,132.182209,131.965314,0.027779,0.032864,0.281262
28,T28_UAV_3,HAP_1,LEO_1,190.54746,190.305083,0.041483,0.022766,0.390641
28,T28_UAV_2,HAP_1,HAP_0,174.596946,174.397428,0.031546,0.016091,0.259407
28,T28_UAV_4,BS_4,HAP_2,185.237571,185.013924,0.029718,0.037677,0.281262
28,T28_UAV_12,BS_3,BS_2,196.112641,195.886318,0.058937,0.024944,0.212211
28,T28_UAV_6,BS_0,HAP_1,29.335584,29.133533,0.025793,0.01315,0.315546
28,T28_UAV_7,HAP_1,LEO_0,60.020896,59.785139,0.042304,0.024961,0.342461
28,T28_UAV_11,HAP_1,BS_0,63.644341,63.430606,0.02584,0.029595,0.291506
28,T28_UAV_18,BS_3,BS_3,90.297943,90.036034,0.032488,0.067546,0.309375
28,T28_UAV_15,BS_4,BS_4,92.241581,92.015936,0.032982,0.022239,0.352116
28,T28_UAV_13,HAP_1,BS_1,97.982537,97.701825,0.034403,0.059806,0.432512
28,T28_UAV_0,HAP_1,LEO_1,101.551814,101.301227,0.040794,0.031666,0.390641
28,T28_UAV_19,BS_1,LEO_0,191.452413,191.222959,0.046609,0.014353,0.342461
29,T29_UAV_7,HAP_1,LEO_1,95.384901,95.165882,0.040714,0.023849,0.272275
29,T29_UAV_6,BS_0,LEO_0,117.804506,117.583602,0.04595,0.028039,0.234578
29,T29_UAV_0,HAP_1,HAP_2,578.601469,578.429459,0.037279,0.013527,0.106022
29,T29_UAV_5,HAP_1,HAP_0,176.661588,176.473751,0.032329,0.013529,0.20989
29,T29_UAV_15,BS_4,HAP_1,92.564276,92.304937,0.027563,0.060774,0.355013
29,T29_UAV_18,BS_3,HAP_2,602.381123,602.199372,0.039482,0.021065,0.106022
29,T29_UAV_4,BS_4,HAP_2,697.448778,697.276339,0.037314,0.01392,0.106022
29,T29_UAV_14,BS_0,LEO_1,36.685355,36.457573,0.040258,0.033069,0.272275
29,T29_UAV_9,BS_4,LEO_0,39.258199,39.063699,0.041464,0.006121,0.234578
29,T29_UAV_11,HAP_1,BS_2,74.625346,74.549221,0.018628,0.008362,0.245675
29,T29_UAV_16,BS_0,BS_3,74.974012,74.778642,0.028675,0.019845,0.234253
29,T29_UAV_3,HAP_1,HAP_2,180.624955,180.443596,0.029229,0.030926,0.106022
29,T29_UAV_19,BS_1,HAP_0,134.651839,134.458977,0.028763,0.022121,0.20989
29,T29_UAV_12,BS_3,BS_0,157.868765,157.599315,0.04937,0.059577,0.302516
29,T29_UAV_8,BS_4,HAP_2,221.95843,221.759913,0.028218,0.049095,0.106022
29,T29_UAV_1,BS_4,HAP_2,225.514214,225.346792,0.028587,0.017631,0.106022
29,T29_UAV_13,HAP_1,HAP_2,305.055007,304.894018,0.031527,0.008258,0.106022
30,T30_UAV_2,HAP_1,LEO_1,103.426504,103.213558,0.040856,0.022484,0.248035
30,T30_UAV_5,HAP_1,LEO_0,97.516083,97.288846,0.045065,0.034772,0.237006
30,T30_UAV_0,HAP_1,HAP_0,182.573194,182.514489,0.006922,0.005361,0.232108
30,T30_UAV_18,BS_3,HAP_2,187.772443,187.477354,0.032383,0.056135,0.532855
30,T30_UAV_1,BS_4,LEO_1,185.153351,184.944685,0.041544,0.017514,0.248035
30,T30_UAV_7,HAP_1,LEO_0,132.398461,132.177442,0.047035,0.026584,0.237006
30,T30_UAV_13,HAP_1,HAP_1,36.197508,35.995234,0.025448,0.012552,0.321372
30,T30_UAV_11,HAP_1,HAP_0,51.098438,51.031765,0.001874,0.018377,0.232108
30,T30_UAV_19,BS_1,BS_2,75.07567,74.985723,0.018737,0.012876,0.291674
30,T30_UAV_17,HAP_1,BS_3,92.548216,92.283123,0.033049,0.071713,0.301656
30,T30_UAV_3,HAP_1,LEO_1,100.996256,100.777375,0.040783,0.028491,0.248035
30,T30_UAV_8,BS_4,BS_1,124.707126,124.437733,0.041084,0.04118,0.435649
30,T30_UAV_12,BS_3,HAP_2,163.389288,163.114261,0.030963,0.037493,0.532855
31,T31_UAV_16,BS_0,LEO_1,169.721212,169.650114,0.001156,0.02701,0.214662
31,T31_UAV_9,BS_4,LEO_0,145.163679,144.966751,0.044038,0.006152,0.233684
31,T31_UAV_18,BS_3,HAP_0,146.144993,145.96028,0.030757,0.01174,0.211082
31,T31_UAV_11,HAP_1,HAP_2,161.437062,161.232407,0.030423,0.012758,0.307371
31,T31_UAV_4,BS_4,HAP_1,87.440624,87.230893,0.026773,0.012503,0.352273
31,T31_UAV_10,HAP_1,LEO_1,245.804578,245.751709,0.001739,0.008198,0.214662
31,T31_UAV_15,BS_4,LEO_0,186.967676,186.741978,0.045268,0.033693,0.233684
31,T31_UAV_12,BS_3,LEO_1,264.031573,263.965608,0.001471,0.021563,0.214662
31,T31_UAV_6,BS_0,BS_2,67.214792,67.126123,0.016773,0.004298,0.337992
31,T31_UAV_5,HAP_1,BS_3,79.056346,78.850165,0.029693,0.025554,0.254666
31,T31_UAV_0,HAP_1,BS_4,91.357861,91.153286,0.032767,0.012822,0.294934
31,T31_UAV_17,BS_3,HAP_0,95.174706,94.989873,0.028552,0.014065,0.211082
31,T31_UAV_14,BS_0,LEO_0,108.78334,108.560706,0.044151,0.031746,0.233684
31,T31_UAV_1,BS_4,HAP_2,119.376621,119.16158,0.02764,0.025927,0.307371
31,T31_UAV_7,HAP_1,BS_1,131.037367,130.777423,0.042668,0.036138,0.405691
31,T31_UAV_19,BS_1,LEO_1,144.917757,144.851259,0.000878,0.022688,0.214662
32,T32_UAV_9,BS_4,LEO_0,121.517452,121.310998,0.042777,0.025841,0.189177
32,T32_UAV_1,BS_4,HAP_2,115.018373,114.81492,0.027545,0.035956,0.199765
32,T32_UAV_15,BS_4,LEO_0,248.210784,248.015909,0.045742,0.011298,0.189177
32,T32_UAV_2,HAP_1,LEO_1,37.739718,37.646925,0.000367,0.026634,0.328962
32,T32_UAV_4,BS_4,HAP_0,62.70504,62.650182,0.001977,0.006846,0.23018
32,T32_UAV_8,BS_4,HAP_1,33.967336,33.752436,0.025948,0.020294,0.343292
32,T32_UAV_10,HAP_1,HAP_2,63.205542,63.017912,0.027284,0.020394,0.199765
32,T32_UAV_13,HAP_1,LEO_1,72.603777,72.517784,0.000695,0.019506,0.328962
32,T32_UAV_12,BS_3,HAP_0,83.999267,83.928641,0.002969,0.021621,0.23018
32,T32_UAV_3,HAP_1,BS_2,86.694389,86.509639,0.031607,0.007978,0.225823
32,T32_UAV_16,BS_0,LEO_0,131.961173,131.761685,0.043807,0.017846,0.189177
32,T32_UAV_19,BS_1,LEO_0,262.851446,262.643888,0.047376,0.022347,0.189177
33,T33_UAV_10,HAP_1,LEO_1,134.220425,134.137842,0.001049,0.01383,0.338529
33,T33_UAV_4,BS_4,LEO_0,178.226049,178.013323,0.044139,0.017354,0.256169
33,T33_UAV_15,BS_4,HAP_2,189.581045,189.409493,0.028642,0.013886,0.145122
33,T33_UAV_11,HAP_1,HAP_0,142.337624,142.254364,0.005239,0.020133,0.28944
33,T33_UAV_17,BS_3,HAP_1,152.662386,152.405253,0.026914,0.070873,0.296732
33,T33_UAV_14,BS_0,LEO_1,168.478991,168.390682,0.00106,0.019543,0.338529
33,T33_UAV_7,HAP_1,LEO_0,227.30707,227.088954,0.047009,0.019873,0.256169
33,T33_UAV_12,BS_3,HAP_2,221.557349,221.387791,0.031788,0.008745,0.145122
33,T33_UAV_5,HAP_1,LEO_1,176.636124,176.55234,0.001346,0.014732,0.338529
33,T33_UAV_8,BS_4,HAP_0,88.563947,88.492301,0.002142,0.011616,0.28944
33,T33_UAV_13,HAP_1,BS_2,93.464451,93.371419,0.023331,0.021632,0.240342
33,T33_UAV_2,HAP_1,LEO_0,142.743115,142.530076,0.043798,0.018007,0.256169
33,T33_UAV_18,BS_3,HAP_1,110.329686,110.080498,0.02687,0.062972,0.296732
33,T33_UAV_19,BS_1,BS_1,135.535216,135.246996,0.043785,0.053615,0.454099
33,T33_UAV_0,HAP_1,LEO_0,153.895163,153.668335,0.044263,0.031331,0.256169
33,T33_UAV_16,BS_0,HAP_2,196.997544,196.819238,0.030181,0.019101,0.145122
34,T34_UAV_9,BS_4,LEO_1,205.914692,205.733256,0.041614,0.010628,0.145971
34,T34_UAV_16,BS_0,LEO_0,209.312055,209.255914,0.006062,0.011971,0.190541
34,T34_UAV_2,HAP_1,HAP_2,252.889059,252.673709,0.031924,0.042394,0.205158
34,T34_UAV_5,HAP_1,LEO_1,237.502473,237.309919,0.041644,0.021717,0.145971
34,T34_UAV_18,BS_3,LEO_0,237.766469,237.702627,0.007915,0.017818,0.190541
34,T34_UAV_10,HAP_1,LEO_1,74.614484,74.433428,0.040528,0.011334,0.145971
34,T34_UAV_12,BS_3,LEO_0,94.422439,94.361831,0.003008,0.019491,0.190541
34,T34_UAV_6,BS_0,BS_3,95.519099,95.30912,0.033805,0.033501,0.213365
34,T34_UAV_17,BS_3,HAP_2,154.293282,154.094429,0.029623,0.028198,0.205158
34,T34_UAV_1,BS_4,LEO_1,161.967892,161.78362,0.04122,0.013858,0.145971
34,T34_UAV_19,BS_1,LEO_0,179.999128,179.946593,0.005062,0.009365,0.190541
34,T34_UAV_7,HAP_1,HAP_2,219.005323,218.805537,0.031701,0.027054,0.205158
35,T35_UAV_17,BS_3,LEO_1,259.933161,259.736461,0.041413,0.018509,0.183889
35,T35_UAV_1,BS_4,LEO_0,117.103861,117.035593,0.004573,0.005666,0.290144
35,T35_UAV_3,HAP_1,LEO_1,270.640419,270.447801,0.04168,0.01416,0.183889
35,T35_UAV_10,HAP_1,HAP_2,195.961421,195.767024,0.032105,0.016839,0.227263
35,T35_UAV_2,HAP_1,LEO_1,290.810157,290.626116,0.041923,0.00534,0.183889
35,T35_UAV_8,BS_4,LEO_1,310.457557,310.274278,0.042249,0.004252,0.183889
35,T35_UAV_18,BS_3,HAP_0,50.594563,50.393947,0.026993,0.017863,0.278799
35,T35_UAV_19,BS_1,LEO_0,51.275975,51.211229,0.002441,0.004276,0.290144
35,T35_UAV_6,BS_0,HAP_1,47.814598,47.563929,0.026271,0.062675,0.308614
35,T35_UAV_14,BS_0,LEO_1,106.319598,106.126079,0.040554,0.016187,0.183889
35,T35_UAV_13,HAP_1,HAP_0,98.546659,98.343962,0.028823,0.018113,0.278799
35,T35_UAV_9,BS_4,LEO_1,107.126269,106.944134,0.040732,0.004625,0.183889
35,T35_UAV_15,BS_4,HAP_2,115.097314,114.886503,0.02747,0.037889,0.227263
35,T35_UAV_11,HAP_1,BS_2,120.889809,120.668327,0.040142,0.013435,0.339523
35,T35_UAV_5,HAP_1,BS_3,132.743656,132.531788,0.043106,0.014956,0.269029
36,T36_UAV_15,BS_4,LEO_1,68.258576,68.039903,0.040679,0.023187,0.274035
36,T36_UAV_2,HAP_1,LEO_0,82.871717,82.653003,0.043705,0.020683,0.271633
36,T36_UAV_10,HAP_1,HAP_0,174.400685,174.193159,0.032141,0.022912,0.262368
36,T36_UAV_18,BS_3,HAP_2,91.915103,91.708229,0.030209,0.017988,0.293387
36,T36_UAV_1,BS_4,HAP_1,97.797264,97.548097,0.027854,0.067593,0.268601
36,T36_UAV_17,BS_3,LEO_1,130.711266,130.508644,0.040979,0.006836,0.274035
36,T36_UAV_5,HAP_1,LEO_0,131.856874,131.639793,0.046806,0.015948,0.271633
36,T36_UAV_16,BS_0,BS_2,1382.078568,1381.579047,0.355212,0.004978,0.196651
36,T36_UAV_8,BS_4,BS_2,1396.877164,1396.37433,0.358909,0.004595,0.196651
36,T36_UAV_9,BS_4,HAP_0,95.075195,94.867698,0.027077,0.027946,0.262368
36,T36_UAV_7,HAP_1,BS_3,120.626553,120.409952,0.040077,0.027417,0.245534
36,T36_UAV_0,HAP_1,BS_2,780.217065,779.839552,0.204852,0.03333,0.196651
36,T36_UAV_11,HAP_1,BS_2,865.076942,864.695973,0.226056,0.015582,0.196651
36,T36_UAV_12,BS_3,BS_2,1016.617765,1016.182519,0.263909,0.032006,0.196651
36,T36_UAV_14,BS_0,BS_2,1153.983119,1153.514408,0.298224,0.031156,0.196651
36,T36_UAV_19,BS_1,BS_2,1209.364731,1208.898338,0.312064,0.014999,0.196651
37,T37_UAV_10,HAP_1,LEO_0,169.917048,169.864478,0.005011,0.00936,0.190994
37,T37_UAV_1,BS_4,LEO_1,107.048568,106.819353,0.041045,0.02487,0.316502
37,T37_UAV_7,HAP_1,HAP_0,199.079686,199.022343,0.006373,0.0116,0.196847
37,T37_UAV_4,BS_4,HAP_2,210.818136,210.614582,0.029661,0.020072,0.269102
37,T37_UAV_8,BS_4,HAP_1,179.539484,179.31143,0.028983,0.040739,0.291659
37,T37_UAV_17,BS_3,LEO_0,223.164016,223.093265,0.006815,0.025738,0.190994
37,T37_UAV_14,BS_0,LEO_1,125.145012,124.925174,0.040891,0.015646,0.316502
37,T37_UAV_11,HAP_1,HAP_0,256.358518,256.290387,0.007972,0.020789,0.196847
37,T37_UAV_2,HAP_1,LEO_0,247.3999,247.351148,0.006613,0.00394,0.190994
37,T37_UAV_12,BS_3,LEO_0,264.128671,264.062779,0.008389,0.019304,0.190994
37,T37_UAV_9,BS_4,BS_3,59.240009,59.031013,0.02474,0.031086,0.265851
37,T37_UAV_5,HAP_1,BS_0,61.331872,61.097231,0.025257,0.053674,0.278554
37,T37_UAV_13,HAP_1,HAP_2,179.778763,179.548522,0.030115,0.046306,0.269102
37,T37_UAV_3,HAP_1,BS_4,125.752899,125.472115,0.041342,0.069765,0.348384
37,T37_UAV_18,BS_3,BS_1,132.652585,132.416967,0.043078,0.014451,0.390444
37,T37_UAV_6,BS_0,HAP_1,140.191867,139.968813,0.027976,0.036746,0.291659
37,T37_UAV_15,BS_4,HAP_0,157.754579,157.703134,0.003221,0.008855,0.196847
37,T37_UAV_19,BS_1,HAP_2,285.778123,285.576529,0.032318,0.015455,0.269102
38,T38_UAV_15,BS_4,LEO_1,189.249287,189.04842,0.041454,0.02185,0.187817
38,T38_UAV_0,HAP_1,LEO_0,118.941017,118.733262,0.045595,0.006303,0.279285
38,T38_UAV_6,BS_0,HAP_0,183.564495,183.371294,0.030364,0.013732,0.245523
38,T38_UAV_2,HAP_1,LEO_1,220.764841,220.5628,0.041668,0.022809,0.187817
38,T38_UAV_19,BS_1,HAP_2,25.938292,25.739481,0.026028,0.027481,0.226509
38,T38_UAV_14,BS_0,HAP_1,73.379441,73.089777,0.026908,0.081823,0.404667
38,T38_UAV_4,BS_4,LEO_1,112.545659,112.338867,0.040895,0.028333,0.187817
38,T38_UAV_13,HAP_1,LEO_0,99.325459,99.09506,0.044627,0.029914,0.279285
38,T38_UAV_5,HAP_1,LEO_1,116.476106,116.288934,0.040802,0.008807,0.187817
38,T38_UAV_18,BS_3,HAP_0,167.631757,167.428767,0.031652,0.022233,0.245523
39,T39_UAV_1,BS_4,LEO_1,120.405606,120.189712,0.041004,0.028558,0.231656
39,T39_UAV_9,BS_4,LEO_0,124.026304,123.814875,0.043449,0.018254,0.24863
39,T39_UAV_7,HAP_1,HAP_0,129.880313,129.819622,0.004943,0.00795,0.238986
39,T39_UAV_2,HAP_1,HAP_2,133.14103,132.938483,0.029285,0.025995,0.236337
39,T39_UAV_6,BS_0,HAP_1,135.267663,135.07931,0.027859,0.015442,0.225262
39,T39_UAV_13,HAP_1,LEO_1,139.377904,139.180916,0.041135,0.009522,0.231656
39,T39_UAV_12,BS_3,LEO_0,169.240533,169.024907,0.04665,0.01925,0.24863
39,T39_UAV_4,BS_4,HAP_0,196.516552,196.454594,0.006157,0.008004,0.238986
39,T39_UAV_14,BS_0,BS_2,58.873135,58.656341,0.024647,0.033105,0.29521
39,T39_UAV_18,BS_3,BS_4,59.595916,59.361591,0.024823,0.053823,0.278392
39,T39_UAV_16,BS_0,HAP_2,70.876113,70.663438,0.027176,0.038232,0.236337
39,T39_UAV_17,BS_3,BS_0,78.517901,78.267364,0.029547,0.047656,0.36667
39,T39_UAV_10,HAP_1,LEO_1,91.918139,91.709689,0.040722,0.021397,0.231656
39,T39_UAV_8,BS_4,BS_1,101.704615,101.423688,0.035333,0.0531,0.462468
39,T39_UAV_19,BS_1,BS_3,102.599783,102.272029,0.035545,0.091921,0.501437
39,T39_UAV_11,HAP_1,LEO_0,111.776403,111.559973,0.04398,0.022724,0.24863
39,T39_UAV_5,HAP_1,HAP_1,115.11085,114.909199,0.026222,0.030376,0.225262
40,T40_UAV_6,BS_0,LEO_1,169.121382,169.056756,0.001014,0.017782,0.22915
40,T40_UAV_9,BS_4,LEO_0,129.336409,129.278348,0.003606,0.009292,0.22581
40,T40_UAV_1,BS_4,HAP_2,140.106575,140.038667,0.003128,0.014101,0.2534
40,T40_UAV_8,BS_4,HAP_0,140.712521,140.523232,0.028435,0.01678,0.220375
40,T40_UAV_4,BS_4,HAP_1,144.561568,144.335635,0.027483,0.042766,0.278421
40,T40_UAV_0,HAP_1,LEO_1,200.521168,200.455428,0.001438,0.018472,0.22915
40,T40_UAV_10,HAP_1,LEO_0,160.243696,160.166401,0.005838,0.026295,0.22581
40,T40_UAV_17,BS_3,LEO_1,235.360053,235.280048,0.001419,0.032756,0.22915
40,T40_UAV_3,HAP_1,HAP_2,180.113233,180.027796,0.006759,0.027997,0.2534
40,T40_UAV_13,HAP_1,BS_3,56.969487,56.774919,0.024177,0.016917,0.267368
40,T40_UAV_2,HAP_1,BS_2,60.821415,60.625389,0.025139,0.010123,0.303822
40,T40_UAV_19,BS_1,HAP_0,61.373396,61.190997,0.026744,0.011581,0.220375
40,T40_UAV_18,BS_3,BS_4,64.597443,64.358471,0.026072,0.051165,0.308671
40,T40_UAV_5,HAP_1,LEO_0,64.15681,64.088591,0.002392,0.020665,0.22581
40,T40_UAV_15,BS_4,BS_0,67.728104,67.477801,0.026851,0.053673,0.348892
40,T40_UAV_11,HAP_1,BS_1,70.039363,69.754082,0.02742,0.071734,0.430635
40,T40_UAV_12,BS_3,HAP_1,92.467891,92.235718,0.026661,0.049828,0.278421
40,T40_UAV_14,BS_0,LEO_1,141.117028,141.05177,0.000822,0.018607,0.22915
41,T41_UAV_15,BS_4,LEO_1,140.176819,140.095954,0.0012,0.022809,0.284281
41,T41_UAV_4,BS_4,LEO_0,104.07446,103.985862,0.003958,0.021762,0.314393
41,T41_UAV_13,HAP_1,HAP_0,158.225119,158.174486,0.006158,0.003879,0.202979
41,T41_UAV_2,HAP_1,HAP_2,341.118992,340.941632,0.03351,0.006576,0.186368
41,T41_UAV_17,BS_3,HAP_1,97.753943,97.513625,0.026458,0.048745,0.325576
41,T41_UAV_14,BS_0,HAP_2,354.81738,354.610084,0.034296,0.035727,0.186368
41,T41_UAV_11,HAP_1,BS_2,199.512096,199.317162,0.059794,0.014652,0.102433
41,T41_UAV_3,HAP_1,LEO_1,50.388087,50.303797,0.000387,0.027047,0.284281
41,T41_UAV_9,BS_4,LEO_0,35.228699,35.151217,0.001322,0.013281,0.314393
41,T41_UAV_10,HAP_1,HAP_0,54.278046,54.223412,0.002232,0.011806,0.202979
41,T41_UAV_1,BS_4,LEO_1,86.135912,86.064415,0.00072,0.013921,0.284281
41,T41_UAV_16,BS_0,BS_0,87.448804,87.25144,0.031792,0.027779,0.188964
41,T41_UAV_5,HAP_1,BS_3,104.31699,104.080952,0.035997,0.046844,0.265988
41,T41_UAV_19,BS_1,HAP_2,237.14457,236.963593,0.030538,0.013165,0.186368
41,T41_UAV_18,BS_3,HAP_2,380.530098,380.343595,0.036224,0.013005,0.186368
42,T42_UAV_18,BS_3,LEO_1,109.329074,109.235256,0.000701,0.022414,0.353517
42,T42_UAV_12,BS_3,LEO_0,119.910646,119.819449,0.004701,0.017395,0.345501
42,T42_UAV_11,HAP_1,HAP_0,215.378632,215.31076,0.006724,0.004931,0.281084
42,T42_UAV_6,BS_0,HAP_2,157.608643,157.395935,0.030041,0.009798,0.36434
42,T42_UAV_1,BS_4,HAP_1,158.620265,158.376663,0.028668,0.044816,0.350591
42,T42_UAV_8,BS_4,LEO_1,159.386651,159.297807,0.001493,0.016647,0.353517
42,T42_UAV_3,HAP_1,LEO_0,175.486886,175.395919,0.006604,0.015262,0.345501
42,T42_UAV_2,HAP_1,HAP_0,231.487132,231.414953,0.007426,0.008536,0.281084
42,T42_UAV_15,BS_4,LEO_1,180.359868,180.269872,0.001545,0.017747,0.353517
42,T42_UAV_10,HAP_1,HAP_2,180.933595,180.692217,0.031565,0.036945,0.36434
42,T42_UAV_5,HAP_1,BS_0,194.34482,194.104064,0.058492,0.030427,0.259182
42,T42_UAV_7,HAP_1,BS_3,56.9681,56.710977,0.024161,0.078625,0.271687
42,T42_UAV_0,HAP_1,BS_4,71.911908,71.680164,0.027901,0.034738,0.345523
42,T42_UAV_16,BS_0,BS_1,92.623774,92.336716,0.033063,0.049635,0.521802
42,T42_UAV_17,BS_3,HAP_0,131.562404,131.488814,0.004147,0.013227,0.281084
42,T42_UAV_9,BS_4,BS_2,137.624376,137.328022,0.044305,0.028289,0.618801
42,T42_UAV_13,HAP_1,LEO_0,142.834941,142.750437,0.004883,0.010521,0.345501
42,T42_UAV_19,BS_2,HAP_1,159.630787,159.399511,0.028077,0.033081,0.350591
43,T43_UAV_16,BS_0,LEO_1,379.96241,379.785272,0.042091,0.015311,0.098681
43,T43_UAV_13,HAP_1,LEO_0,210.25612,210.057641,0.04583,0.016704,0.17973
43,T43_UAV_10,HAP_1,HAP_2,237.139308,237.060883,0.007268,0.022252,0.244523
43,T43_UAV_8,BS_4,LEO_1,464.951668,464.780381,0.042982,0.008569,0.098681
43,T43_UAV_9,BS_4,LEO_0,221.035713,220.842936,0.045061,0.011769,0.17973
43,T43_UAV_18,BS_3,LEO_1,499.813056,499.645401,0.042411,0.005507,0.098681
43,T43_UAV_11,HAP_1,HAP_2,267.584776,267.504403,0.007679,0.023789,0.244523
43,T43_UAV_5,HAP_1,BS_1,195.414858,195.189946,0.058763,0.019524,0.233129
43,T43_UAV_2,HAP_1,LEO_0,261.695009,261.489483,0.04701,0.02257,0.17973
43,T43_UAV_14,BS_0,LEO_1,543.867623,543.695408,0.042593,0.009885,0.098681
43,T43_UAV_15,BS_4,LEO_1,578.177068,578.009685,0.043472,0.004175,0.098681
43,T43_UAV_1,BS_4,LEO_1,584.93228,584.762034,0.043447,0.007062,0.098681
43,T43_UAV_6,BS_0,BS_0,69.248868,69.01644,0.027235,0.051736,0.267283
43,T43_UAV_0,HAP_1,BS_3,92.908559,92.681336,0.033149,0.034731,0.296717
43,T43_UAV_17,BS_3,LEO_0,103.269077,103.082541,0.043163,0.007426,0.17973
43,T43_UAV_12,BS_3,LEO_1,224.712354,224.539839,0.041031,0.011747,0.098681
43,T43_UAV_3,HAP_1,HAP_2,202.643459,202.576088,0.006372,0.012095,0.244523
43,T43_UAV_4,BS_4,LEO_1,238.23387,238.064973,0.04147,0.007691,0.098681
43,T43_UAV_7,HAP_1,LEO_1,316.446614,316.279656,0.041572,0.00565,0.098681
44,T44_UAV_7,HAP_1,LEO_0,194.446728,194.237268,0.045035,0.015892,0.242666
44,T44_UAV_11,HAP_1,LEO_1,120.614692,120.37657,0.040859,0.029639,0.338121
44,T44_UAV_0,HAP_1,HAP_2,257.24297,257.152278,0.006641,0.025128,0.294617
44,T44_UAV_4,BS_4,HAP_0,133.201387,132.969724,0.029144,0.024196,0.391608
44,T44_UAV_17,BS_3,HAP_1,71.942328,71.691547,0.026088,0.054258,0.35217
44,T44_UAV_3,HAP_1,LEO_1,146.094996,145.878739,0.041116,0.007517,0.338121
44,T44_UAV_6,BS_0,LEO_0,246.284208,246.072207,0.046254,0.017214,0.242666
44,T44_UAV_16,BS_0,HAP_2,296.263574,296.191901,0.007144,0.005605,0.294617
44,T44_UAV_18,BS_3,HAP_0,178.80797,178.560165,0.032138,0.037345,0.391608
44,T44_UAV_15,BS_4,BS_1,180.855786,180.643844,0.055128,0.012291,0.222615
44,T44_UAV_9,BS_4,BS_3,199.075746,198.837671,0.059675,0.022679,0.27861
44,T44_UAV_13,HAP_1,LEO_0,86.702499,86.506971,0.042059,0.004936,0.242666
44,T44_UAV_12,BS_3,BS_0,66.100873,65.879904,0.026452,0.033453,0.305317
44,T44_UAV_1,BS_4,BS_4,69.13265,68.875739,0.0272,0.05486,0.374254
44,T44_UAV_14,BS_0,LEO_0,89.054777,88.843198,0.042358,0.020689,0.242666
44,T44_UAV_2,HAP_1,HAP_2,114.725947,114.627047,0.002871,0.037105,0.294617
44,T44_UAV_5,HAP_1,LEO_0,168.467832,168.246254,0.044309,0.028736,0.242666
44,T44_UAV_19,BS_2,LEO_1,176.36729,176.122804,0.04114,0.035722,0.338121
44,T44_UAV_10,HAP_1,HAP_2,212.339418,212.247945,0.005834,0.026716,0.294617
45,T45_UAV_5,HAP_1,LEO_0,127.6582,127.596897,0.004735,0.011254,0.226567
45,T45_UAV_4,BS_4,LEO_1,98.70834,98.481622,0.041037,0.014217,0.357322
45,T45_UAV_12,BS_3,HAP_2,372.92865,372.747959,0.034311,0.008268,0.190564
45,T45_UAV_10,HAP_1,HAP_0,151.30322,151.087876,0.031233,0.034091,0.250099
45,T45_UAV_9,BS_4,LEO_0,169.29354,169.229136,0.004721,0.014369,0.226567
45,T45_UAV_11,HAP_1,LEO_1,129.329807,129.10846,0.041061,0.008822,0.357322
45,T45_UAV_1,BS_4,HAP_2,478.527181,478.334508,0.03333,0.02123,0.190564
45,T45_UAV_13,HAP_1,HAP_1,30.136375,29.887653,0.025349,0.053056,0.351586
45,T45_UAV_2,HAP_1,BS_1,119.586597,119.392623,0.039823,0.022656,0.15747
45,T45_UAV_6,BS_0,BS_0,85.389317,85.15593,0.031268,0.058088,0.220153
45,T45_UAV_3,HAP_1,HAP_0,95.901086,95.708445,0.028971,0.013651,0.250099
45,T45_UAV_14,BS_0,HAP_2,170.1022,169.92567,0.029139,0.009278,0.190564
45,T45_UAV_0,HAP_1,LEO_0,111.590481,111.524877,0.00386,0.016431,0.226567
45,T45_UAV_18,BS_3,HAP_2,249.903216,249.706107,0.031793,0.027203,0.190564
45,T45_UAV_19,BS_2,BS_1,257.256564,257.01987,0.074213,0.030988,0.15747
45,T45_UAV_15,BS_4,HAP_2,325.920213,325.726334,0.030421,0.025345,0.190564
46,T46_UAV_18,BS_3,LEO_1,121.938593,121.734109,0.040785,0.02077,0.214648
46,T46_UAV_11,HAP_1,LEO_0,131.777078,131.559316,0.044686,0.028073,0.225021
46,T46_UAV_7,HAP_1,HAP_0,144.859264,144.79412,0.005456,0.013311,0.231887
46,T46_UAV_9,BS_4,HAP_2,146.922224,146.714808,0.028098,0.026485,0.264167
46,T46_UAV_4,BS_4,LEO_1,149.83256,149.639417,0.041335,0.008879,0.214648
46,T46_UAV_2,HAP_1,LEO_0,150.937454,150.729911,0.044974,0.017565,0.225021
46,T46_UAV_1,BS_4,HAP_0,160.913915,160.852223,0.003518,0.011797,0.231887
46,T46_UAV_14,BS_0,HAP_2,175.905863,175.680642,0.031057,0.04133,0.264167
46,T46_UAV_12,BS_3,BS_1,195.548344,195.331342,0.058798,0.012927,0.226384
46,T46_UAV_5,HAP_1,HAP_1,53.369438,53.144038,0.025541,0.028197,0.358312
46,T46_UAV_10,HAP_1,BS_0,60.486153,60.266613,0.025049,0.039647,0.274222
46,T46_UAV_6,BS_0,BS_2,64.498223,64.26501,0.026048,0.034407,0.363791
46,T46_UAV_16,BS_0,BS_3,68.957021,68.676173,0.02715,0.080401,0.36648
46,T46_UAV_3,HAP_1,BS_4,99.49278,99.24511,0.034789,0.041878,0.355016
46,T46_UAV_17,BS_3,LEO_1,112.092862,111.894701,0.040727,0.014504,0.214648
46,T46_UAV_19,BS_2,LEO_0,122.676941,122.464811,0.044272,0.022854,0.225021
46,T46_UAV_15,BS_4,HAP_1,139.644003,139.39235,0.028069,0.051922,0.358312
47,T47_UAV_12,BS_3,LEO_1,105.661075,105.596579,0.000637,0.021952,0.20953
47,T47_UAV_14,BS_0,LEO_0,361.891646,361.694539,0.046592,0.01121,0.19653
47,T47_UAV_4,BS_4,HAP_0,126.169729,126.101291,0.003922,0.008504,0.280055
47,T47_UAV_0,HAP_1,HAP_2,147.925973,147.705381,0.029995,0.02013,0.352339
47,T47_UAV_2,HAP_1,LEO_0,390.788111,390.574372,0.0463,0.028133,0.19653
47,T47_UAV_11,HAP_1,LEO_1,132.229502,132.153681,0.000948,0.032966,0.20953
47,T47_UAV_8,BS_4,LEO_0,409.026702,408.827358,0.045474,0.014564,0.19653
47,T47_UAV_6,BS_0,LEO_0,415.609175,415.408702,0.047277,0.013889,0.19653
47,T47_UAV_10,HAP_1,LEO_0,462.798655,462.6028,0.048022,0.008527,0.19653
47,T47_UAV_18,BS_3,LEO_0,474.784828,474.580634,0.049147,0.01574,0.19653
47,T47_UAV_9,BS_4,HAP_1,34.315714,34.065002,0.025975,0.056931,0.339028
47,T47_UAV_16,BS_0,LEO_1,72.591022,72.523514,0.000555,0.025046,0.20953
47,T47_UAV_5,HAP_1,HAP_0,79.468677,79.395361,0.003223,0.014082,0.280055
47,T47_UAV_15,BS_4,BS_3,91.114867,90.92714,0.03271,0.010851,0.220826
47,T47_UAV_19,BS_2,HAP_2,134.658707,134.412669,0.029035,0.046536,0.352339
47,T47_UAV_7,HAP_1,LEO_0,219.995004,219.789349,0.043899,0.022449,0.19653
47,T47_UAV_17,BS_3,LEO_0,304.935207,304.7366,0.045496,0.013805,0.19653
47,T47_UAV_3,HAP_1,LEO_0,326.688215,326.48481,0.045804,0.018295,0.19653
48,T48_UAV_17,BS_3,LEO_1,162.110471,162.032468,0.000968,0.019145,0.289453
48,T48_UAV_13,HAP_1,LEO_0,176.234466,175.983764,0.046037,0.014714,0.449757
48,T48_UAV_4,BS_4,HAP_2,125.574186,125.377198,0.028119,0.020304,0.242829
48,T48_UAV_8,BS_4,HAP_0,188.463904,188.368858,0.004665,0.016143,0.371191
48,T48_UAV_14,BS_0,LEO_1,202.806388,202.734017,0.001186,0.013294,0.289453
48,T48_UAV_1,BS_4,HAP_1,95.096275,94.854283,0.027823,0.038036,0.380664
48,T48_UAV_12,BS_3,LEO_0,190.393551,190.128553,0.047397,0.027649,0.449757
48,T48_UAV_15,BS_4,LEO_1,261.200281,261.114756,0.002029,0.025606,0.289453
48,T48_UAV_2,HAP_1,HAP_0,198.578133,198.487651,0.007661,0.008583,0.371191
48,T48_UAV_0,HAP_1,BS_3,54.92709,54.72714,0.023665,0.02167,0.273075
48,T48_UAV_7,HAP_1,BS_1,59.001416,58.787825,0.02468,0.020987,0.339626
48,T48_UAV_5,HAP_1,HAP_2,63.071115,62.855806,0.027285,0.039458,0.242829
48,T48_UAV_19,BS_2,LEO_1,88.631252,88.553503,0.000526,0.019332,0.289453
48,T48_UAV_18,BS_3,BS_2,94.503008,94.270978,0.033546,0.028175,0.351547
48,T48_UAV_9,BS_4,BS_4,114.7965,114.538107,0.03861,0.04623,0.36776
48,T48_UAV_11,HAP_1,BS_0,122.481612,122.22844,0.040532,0.031773,0.40434
48,T48_UAV_16,BS_0,LEO_0,141.285097,141.036366,0.045053,0.013727,0.449757
49,T49_UAV_3,HAP_1,LEO_1,200.676931,200.469413,0.041387,0.008428,0.288516
49,T49_UAV_4,BS_4,HAP_0,613.642705,613.480275,0.037027,0.005629,0.098868
49,T49_UAV_8,BS_4,HAP_2,250.123979,250.051625,0.004424,0.023398,0.222664
49,T49_UAV_10,HAP_1,LEO_1,243.125966,242.91247,0.041763,0.01403,0.288516
49,T49_UAV_0,HAP_1,HAP_0,646.108848,645.941274,0.039763,0.008038,0.098868
49,T49_UAV_1,BS_4,BS_1,348.76063,348.499879,0.097071,0.028132,0.177739
49,T49_UAV_12,BS_3,HAP_2,290.718235,290.651016,0.008687,0.013999,0.222664
49,T49_UAV_13,HAP_1,HAP_0,734.238025,734.062621,0.041787,0.013843,0.098868
49,T49_UAV_18,BS_3,HAP_0,745.33759,745.160205,0.042408,0.015204,0.098868
49,T49_UAV_17,BS_3,LEO_1,82.076961,81.867956,0.040488,0.010814,0.288516
49,T49_UAV_15,BS_4,BS_1,127.242035,127.026154,0.041731,0.038602,0.177739
49,T49_UAV_5,HAP_1,LEO_1,133.359395,133.136452,0.040912,0.024327,0.288516
49,T49_UAV_11,HAP_1,HAP_0,214.892734,214.723293,0.029774,0.019894,0.098868
49,T49_UAV_9,BS_4,HAP_2,149.668047,149.590877,0.002827,0.02981,0.222664
49,T49_UAV_7,HAP_1,HAP_0,242.267199,242.10903,0.030397,0.007998,0.098868
49,T49_UAV_16,BS_0,HAP_0,490.851636,490.68061,0.033373,0.017879,0.098868
49,T49_UAV_19,BS_2,HAP_0,690.768419,690.600807,0.037913,0.009924,0.098868
50,T50_UAV_9,BS_4,LEO_1,347.102418,347.05679,0.002095,0.004622,0.194556
50,T50_UAV_3,HAP_1,LEO_0,103.193854,102.957899,0.045322,0.02393,0.33352
50,T50_UAV_14,BS_0,HAP_2,280.008808,279.938343,0.008221,0.006458,0.278933
50,T50_UAV_11,HAP_1,HAP_0,94.89899,94.650182,0.030019,0.025539,0.466253
50,T50_UAV_12,BS_3,LEO_1,436.522209,436.466352,0.002009,0.014937,0.194556
50,T50_UAV_13,HAP_1,LEO_1,482.545377,482.490809,0.002763,0.012894,0.194556
50,T50_UAV_8,BS_4,LEO_1,555.241177,555.188573,0.003576,0.010117,0.194556
50,T50_UAV_5,HAP_1,LEO_1,565.965289,565.895558,0.003085,0.027734,0.194556
50,T50_UAV_17,BS_3,LEO_0,34.312467,34.092386,0.041801,0.011576,0.33352
50,T50_UAV_0,HAP_1,HAP_2,75.344218,75.280541,0.002174,0.005716,0.278933
50,T50_UAV_10,HAP_1,BS_0,88.320493,88.083811,0.032,0.045931,0.293758
50,T50_UAV_18,BS_3,BS_3,102.80654,102.58021,0.035622,0.033039,0.288347
50,T50_UAV_6,BS_0,LEO_1,192.942324,192.889165,0.000932,0.013315,0.194556
50,T50_UAV_1,BS_4,LEO_1,205.932606,205.862204,0.001215,0.030276,0.194556
50,T50_UAV_15,BS_4,LEO_1,217.44409,217.398136,0.001313,0.005729,0.194556
50,T50_UAV_19,BS_2,HAP_2,201.014377,200.933214,0.005213,0.020163,0.278933
50,T50_UAV_2,HAP_1,LEO_1,273.051873,272.987446,0.001629,0.023887,0.194556
51,T51_UAV_4,BS_4,LEO_1,79.807193,79.579744,0.040838,0.010703,0.379543
51,T51_UAV_9,BS_4,LEO_0,394.063595,393.862284,0.045594,0.016348,0.196845
51,T51_UAV_7,HAP_1,HAP_2,155.114887,155.000995,0.005435,0.034202,0.371275
51,T51_UAV_12,BS_3,HAP_0,77.984681,77.750968,0.028694,0.02366,0.406797
51,T51_UAV_1,BS_4,LEO_0,402.429973,402.205726,0.04591,0.038967,0.196845
51,T51_UAV_0,HAP_1,LEO_0,414.331921,414.130319,0.046945,0.015288,0.196845
51,T51_UAV_18,BS_3,LEO_0,448.39637,448.199883,0.048648,0.00847,0.196845
51,T51_UAV_6,BS_0,LEO_0,568.222107,568.026112,0.049956,0.006669,0.196845
51,T51_UAV_17,BS_3,LEO_1,36.685946,36.43808,0.040267,0.031691,0.379543
51,T51_UAV_8,BS_4,HAP_1,28.027473,27.770321,0.025769,0.056753,0.37315
51,T51_UAV_16,BS_0,HAP_2,64.725253,64.639627,0.001976,0.009395,0.371275
51,T51_UAV_2,HAP_1,BS_1,77.903372,77.673866,0.029399,0.03108,0.34514
51,T51_UAV_15,BS_4,BS_3,104.067373,103.817461,0.035931,0.048575,0.32703
51,T51_UAV_19,BS_2,LEO_0,173.807517,173.614778,0.042925,0.010444,0.196845
51,T51_UAV_5,HAP_1,LEO_0,267.430593,267.235925,0.044683,0.010617,0.196845
51,T51_UAV_14,BS_0,LEO_0,270.572827,270.356381,0.044938,0.032139,0.196845
51,T51_UAV_10,HAP_1,LEO_0,294.892886,294.690715,0.045103,0.017699,0.196845
52,T52_UAV_10,HAP_1,HAP_2,170.375649,170.218469,0.030223,0.004784,0.110859
52,T52_UAV_9,BS_4,LEO_1,115.503592,115.251767,0.041168,0.029156,0.407503
52,T52_UAV_8,BS_4,HAP_0,185.303597,185.122273,0.02905,0.008245,0.220141
52,T52_UAV_12,BS_3,LEO_0,122.1426,121.889881,0.046529,0.024492,0.408494
52,T52_UAV_14,BS_0,HAP_1,187.272286,187.068965,0.029042,0.016907,0.28686
52,T52_UAV_0,HAP_1,HAP_2,210.607426,210.436339,0.03109,0.017825,0.110859
52,T52_UAV_6,BS_0,HAP_0,291.677834,291.457287,0.032491,0.044028,0.220141
52,T52_UAV_4,BS_4,LEO_1,48.151415,47.922264,0.040504,0.007147,0.407503
52,T52_UAV_2,HAP_1,LEO_0,53.417625,53.167546,0.042403,0.025977,0.408494
52,T52_UAV_11,HAP_1,HAP_1,87.074954,86.855679,0.025705,0.036197,0.28686
52,T52_UAV_18,BS_3,BS_1,120.306616,120.080614,0.039995,0.025043,0.304821
52,T52_UAV_15,BS_4,HAP_2,120.351878,120.17937,0.027252,0.023084,0.110859
52,T52_UAV_16,BS_0,BS_2,153.244107,152.984687,0.048217,0.043278,0.339625
52,T52_UAV_7,HAP_1,HAP_0,157.367069,157.184848,0.029931,0.008261,0.220141
53,T53_UAV_18,BS_3,LEO_1,112.418828,112.191342,0.040731,0.037027,0.24864
53,T53_UAV_16,BS_0,LEO_0,93.316951,93.070139,0.044554,0.035808,0.332255
53,T53_UAV_1,BS_4,HAP_0,128.075971,127.99915,0.002782,0.030628,0.217057
53,T53_UAV_17,BS_3,HAP_2,152.776311,152.563421,0.030521,0.033627,0.243708
53,T53_UAV_14,BS_0,HAP_1,189.325489,189.123241,0.029095,0.024567,0.242928
53,T53_UAV_13,HAP_1,LEO_1,192.033712,191.811585,0.041535,0.030864,0.24864
53,T53_UAV_6,BS_0,HAP_0,50.16424,50.110645,0.001497,0.008687,0.217057
53,T53_UAV_15,BS_4,LEO_0,52.708148,52.487275,0.04194,0.012482,0.332255
53,T53_UAV_10,HAP_1,BS_1,131.954603,131.767836,0.042916,0.021444,0.112035
53,T53_UAV_12,BS_3,HAP_2,71.220448,71.030018,0.027487,0.014201,0.243708
53,T53_UAV_8,BS_4,BS_0,89.604988,89.389902,0.032326,0.022275,0.302426
53,T53_UAV_2,HAP_1,BS_1,154.304048,154.123966,0.048502,0.009174,0.112035
53,T53_UAV_19,BS_2,LEO_1,158.119134,157.906052,0.041015,0.022339,0.24864
53,T53_UAV_5,HAP_1,HAP_1,162.578113,162.3703,0.026582,0.032645,0.242928
54,T54_UAV_4,BS_4,LEO_1,98.279205,98.208068,0.000878,0.028923,0.20668
54,T54_UAV_6,BS_0,LEO_0,334.108597,333.896826,0.046278,0.028775,0.183589
54,T54_UAV_1,BS_4,HAP_0,128.974991,128.911113,0.0028,0.007588,0.26745
54,T54_UAV_16,BS_0,HAP_2,168.216314,168.016989,0.030102,0.017513,0.258548
54,T54_UAV_13,HAP_1,LEO_0,369.413372,369.192571,0.046582,0.0375,0.183589
54,T54_UAV_8,BS_4,HAP_1,192.479305,192.227736,0.029229,0.068013,0.271637
54,T54_UAV_7,HAP_1,LEO_1,183.943438,183.877084,0.001243,0.023776,0.20668
54,T54_UAV_12,BS_3,LEO_0,508.189179,507.971404,0.049916,0.031141,0.183589
54,T54_UAV_10,HAP_1,LEO_1,199.073803,199.02157,0.001611,0.009286,0.20668
54,T54_UAV_2,HAP_1,LEO_0,532.157464,531.944636,0.049205,0.026905,0.183589
54,T54_UAV_11,HAP_1,HAP_0,63.058878,62.981038,0.002365,0.021985,0.26745
54,T54_UAV_18,BS_3,HAP_2,71.095546,70.879729,0.027834,0.036273,0.258548
54,T54_UAV_14,BS_0,BS_3,82.663643,82.409609,0.030582,0.067164,0.281441
54,T54_UAV_9,BS_4,BS_0,90.984637,90.758186,0.032668,0.029511,0.321358
54,T54_UAV_0,HAP_1,LEO_0,159.698322,159.510256,0.042869,0.008479,0.183589
54,T54_UAV_19,BS_2,HAP_1,95.722831,95.497603,0.026796,0.044104,0.271637
54,T54_UAV_15,BS_4,LEO_0,202.129717,201.914065,0.043019,0.035915,0.183589
54,T54_UAV_5,HAP_1,LEO_0,226.385529,226.18367,0.04424,0.020901,0.183589
54,T54_UAV_17,BS_3,LEO_0,266.606132,266.414481,0.045188,0.009745,0.183589
55,T55_UAV_11,HAP_1,LEO_1,148.299646,148.234589,0.000982,0.005752,0.291612
55,T55_UAV_10,HAP_1,LEO_0,82.263432,81.974514,0.044084,0.053891,0.454718
55,T55_UAV_3,HAP_1,HAP_2,171.057474,170.977169,0.00532,0.02858,0.232026
55,T55_UAV_8,BS_4,LEO_1,173.871229,173.786306,0.001471,0.02513,0.291612
55,T55_UAV_13,HAP_1,HAP_0,191.645496,191.560581,0.007464,0.00967,0.338905
55,T55_UAV_14,BS_0,HAP_1,98.498454,98.284978,0.027687,0.023037,0.313757
55,T55_UAV_9,BS_4,HAP_2,212.999663,212.939587,0.004037,0.009634,0.232026
55,T55_UAV_18,BS_3,LEO_1,259.536423,259.439025,0.001562,0.037513,0.291612
55,T55_UAV_1,BS_4,LEO_0,48.727358,48.46734,0.041915,0.027159,0.454718
55,T55_UAV_7,HAP_1,HAP_0,74.568891,74.483502,0.00277,0.014839,0.338905
55,T55_UAV_2,HAP_1,BS_4,80.112798,79.873366,0.029948,0.043232,0.331263
55,T55_UAV_19,BS_2,BS_0,106.387774,106.121478,0.036507,0.055577,0.371063
55,T55_UAV_0,HAP_1,BS_3,107.681967,107.444166,0.036838,0.026498,0.372326
55,T55_UAV_6,BS_0,BS_2,111.441305,111.172596,0.037769,0.051061,0.399396
55,T55_UAV_12,BS_3,LEO_1,121.878407,121.813021,0.000682,0.006382,0.291612
55,T55_UAV_15,BS_4,HAP_2,149.331476,149.257,0.002787,0.025283,0.232026
56,T56_UAV_16,BS_0,LEO_1,150.577396,150.362606,0.041049,0.021637,0.260522
56,T56_UAV_8,BS_4,LEO_0,86.543597,86.300461,0.042961,0.035701,0.322371
56,T56_UAV_9,BS_4,HAP_2,182.136148,182.073687,0.003453,0.004506,0.272508
56,T56_UAV_6,BS_0,HAP_0,267.521011,267.354293,0.031273,0.005712,0.148669
56,T56_UAV_4,BS_4,HAP_1,82.565663,82.285088,0.026748,0.07508,0.393731
56,T56_UAV_11,HAP_1,LEO_1,199.83648,199.615351,0.041323,0.027701,0.260522
56,T56_UAV_12,BS_3,HAP_0,333.900969,333.72154,0.033659,0.016036,0.148669
56,T56_UAV_3,HAP_1,HAP_2,264.759482,264.674098,0.008227,0.022655,0.272508
56,T56_UAV_10,HAP_1,BS_3,50.444437,50.197591,0.022533,0.075103,0.246053
56,T56_UAV_7,HAP_1,BS_0,64.198272,63.958165,0.025972,0.058933,0.276014
56,T56_UAV_15,BS_4,LEO_0,64.133829,63.888391,0.042353,0.03861,0.322371
56,T56_UAV_5,HAP_1,LEO_1,95.27932,95.078273,0.040652,0.00829,0.260522
56,T56_UAV_14,BS_0,HAP_0,132.356801,132.170094,0.028238,0.028735,0.148669
56,T56_UAV_13,HAP_1,LEO_1,156.275992,156.076973,0.041127,0.005788,0.260522
56,T56_UAV_19,BS_2,HAP_0,242.980314,242.815755,0.030594,0.004232,0.148669
56,T56_UAV_18,BS_3,HAP_2,243.568982,243.483171,0.008141,0.023169,0.272508
57,T57_UAV_6,BS_0,LEO_1,147.82477,147.761017,0.000869,0.012331,0.252763
57,T57_UAV_17,BS_3,LEO_0,143.038617,142.812346,0.045514,0.030233,0.252614
57,T57_UAV_3,HAP_1,HAP_2,156.761633,156.667251,0.00578,0.019732,0.344351
57,T57_UAV_9,BS_4,HAP_1,165.039326,164.829257,0.028656,0.028947,0.262332
57,T57_UAV_15,BS_4,HAP_0,193.290054,193.081653,0.029486,0.014413,0.322506
57,T57_UAV_8,BS_4,LEO_1,224.549221,224.476255,0.001903,0.020511,0.252763
57,T57_UAV_14,BS_0,LEO_0,181.152276,180.901564,0.047065,0.053123,0.252614
57,T57_UAV_18,BS_3,BS_1,649.513252,649.179268,0.172204,0.028938,0.164212
57,T57_UAV_7,HAP_1,LEO_1,244.852883,244.776021,0.001523,0.024786,0.252763
57,T57_UAV_10,HAP_1,BS_1,843.433614,843.058029,0.220649,0.022093,0.164212
57,T57_UAV_5,HAP_1,BS_1,972.331244,971.894026,0.252842,0.051533,0.164212
57,T57_UAV_0,HAP_1,BS_1,981.093826,980.669893,0.255035,0.036056,0.164212
57,T57_UAV_1,BS_4,BS_3,68.118301,67.92082,0.026962,0.017917,0.263009
57,T57_UAV_16,BS_0,LEO_0,70.008081,69.788916,0.042467,0.026176,0.252614
57,T57_UAV_2,HAP_1,HAP_2,74.195022,74.112296,0.002445,0.01141,0.344351
57,T57_UAV_19,BS_2,HAP_1,79.885183,79.672223,0.026488,0.034006,0.262332
57,T57_UAV_12,BS_3,HAP_0,98.238798,98.016449,0.028313,0.029534,0.322506
57,T57_UAV_13,HAP_1,LEO_1,190.268389,190.18947,0.001373,0.026994,0.252763
57,T57_UAV_4,BS_4,BS_1,494.557569,494.258774,0.133493,0.032459,0.164212
58,T58_UAV_8,BS_4,LEO_1,102.156059,102.06409,0.000968,0.030867,0.300666
58,T58_UAV_17,BS_3,LEO_0,118.20088,117.994195,0.04456,0.037081,0.125225
58,T58_UAV_15,BS_4,HAP_2,137.888367,137.71523,0.027863,0.02406,0.106077
58,T58_UAV_9,BS_4,HAP_0,151.370724,151.162744,0.028471,0.025142,0.271835
58,T58_UAV_0,HAP_1,LEO_0,162.606329,162.400717,0.045677,0.034889,0.125225
58,T58_UAV_6,BS_0,HAP_2,183.809667,183.647555,0.030923,0.009974,0.106077
58,T58_UAV_4,BS_4,HAP_1,40.28015,40.038099,0.025853,0.051808,0.321952
58,T58_UAV_3,HAP_1,LEO_1,84.893509,84.819817,0.000639,0.01292,0.300666
58,T58_UAV_12,BS_3,BS_3,75.49273,75.274873,0.028799,0.032817,0.281199
58,T58_UAV_18,BS_3,LEO_1,94.525431,94.438629,0.000621,0.026047,0.300666
58,T58_UAV_1,BS_4,HAP_0,95.484481,95.274071,0.02706,0.028984,0.271835
58,T58_UAV_2,HAP_1,BS_4,118.768611,118.502009,0.039601,0.056223,0.35389
58,T58_UAV_7,HAP_1,BS_2,119.223285,118.95759,0.039715,0.0374,0.442902
58,T58_UAV_19,BS_2,LEO_0,144.674365,144.469041,0.045076,0.035203,0.125225
58,T58_UAV_16,BS_0,BS_0,163.898949,163.571126,0.050862,0.083626,0.466676
59,T59_UAV_4,BS_4,LEO_1,155.202834,155.118645,0.001387,0.009279,0.36761
59,T59_UAV_3,HAP_1,LEO_0,215.173981,214.97726,0.04647,0.012699,0.187761
59,T59_UAV_8,BS_4,HAP_0,244.706554,244.64721,0.005408,0.01419,0.198728
59,T59_UAV_5,HAP_1,HAP_2,253.329852,253.150729,0.03265,0.008694,0.188894
59,T59_UAV_17,BS_3,HAP_1,96.658764,96.440436,0.026572,0.037646,0.270548
59,T59_UAV_13,HAP_1,LEO_0,226.761285,226.555937,0.046346,0.021449,0.187761
59,T59_UAV_11,HAP_1,LEO_1,178.630904,178.529755,0.001303,0.026324,0.36761
59,T59_UAV_16,BS_0,HAP_0,272.593026,272.516907,0.005991,0.030383,0.198728
59,T59_UAV_7,HAP_1,LEO_1,192.59673,192.507076,0.001309,0.014824,0.36761
59,T59_UAV_0,HAP_1,HAP_2,106.52153,106.339593,0.028104,0.016055,0.188894
59,T59_UAV_14,BS_0,LEO_0,97.90513,97.710566,0.043074,0.013938,0.187761
59,T59_UAV_15,BS_4,BS_2,93.073251,92.853,0.033192,0.018589,0.342353
59,T59_UAV_1,BS_4,LEO_0,105.356388,105.149319,0.042525,0.026992,0.187761
59,T59_UAV_10,HAP_1,BS_4,107.228391,106.986768,0.036723,0.033335,0.357823
59,T59_UAV_6,BS_0,HAP_0,126.198142,126.131561,0.003271,0.023565,0.198728
59,T59_UAV_2,HAP_1,HAP_2,145.923511,145.732603,0.029104,0.024025,0.188894
59,T59_UAV_18,BS_3,BS_0,177.555655,177.299097,0.054293,0.026035,0.381151
60,T60_UAV_17,BS_3,LEO_1,155.961586,155.755031,0.040996,0.014294,0.25632
60,T60_UAV_4,BS_4,LEO_0,108.376049,108.300243,0.004062,0.023169,0.242875
60,T60_UAV_7,HAP_1,HAP_0,162.824961,162.749126,0.006007,0.00927,0.302793
60,T60_UAV_14,BS_0,HAP_2,185.109509,184.92392,0.031467,0.005594,0.242639
60,T60_UAV_16,BS_0,HAP_1,94.459104,94.213877,0.028149,0.051922,0.325779
60,T60_UAV_18,BS_3,LEO_1,189.939065,189.718272,0.041247,0.028282,0.25632
60,T60_UAV_9,BS_4,LEO_0,35.291203,35.232199,0.001326,0.009103,0.242875
60,T60_UAV_2,HAP_1,HAP_0,57.870019,57.795934,0.002267,0.011259,0.302793
60,T60_UAV_0,HAP_1,BS_1,69.297858,69.086555,0.027253,0.028512,0.277692
60,T60_UAV_12,BS_3,BS_3,77.037661,76.828715,0.029188,0.022278,0.287404
60,T60_UAV_6,BS_0,HAP_2,94.955275,94.764303,0.028057,0.014388,0.242639
60,T60_UAV_8,BS_4,BS_0,102.86171,102.631226,0.035635,0.036807,0.290213
60,T60_UAV_13,HAP_1,BS_4,103.961321,103.702527,0.035903,0.051577,0.356569
60,T60_UAV_19,BS_2,LEO_1,195.373508,195.173214,0.041248,0.007781,0.25632
61,T61_UAV_2,HAP_1,LEO_1,101.602415,101.550934,0.00087,0.005567,0.225221
61,T61_UAV_5,HAP_1,LEO_0,77.63716,77.552917,0.003899,0.023024,0.2866
61,T61_UAV_3,HAP_1,HAP_0,122.796577,122.708282,0.005004,0.016278,0.335064
61,T61_UAV_6,BS_0,HAP_2,131.422708,131.239335,0.029237,0.006853,0.236419
61,T61_UAV_18,BS_3,HAP_1,90.147194,89.897966,0.026798,0.064757,0.288373
61,T61_UAV_12,BS_3,LEO_1,187.757156,187.683992,0.00114,0.026979,0.225221
61,T61_UAV_7,HAP_1,LEO_0,36.835433,36.740353,0.001854,0.035905,0.2866
61,T61_UAV_1,BS_4,LEO_1,71.940112,71.874464,0.000603,0.020001,0.225221
61,T61_UAV_10,HAP_1,HAP_0,74.265272,74.188484,0.0031,0.006676,0.335064
61,T61_UAV_15,BS_4,BS_3,78.449468,78.25282,0.029543,0.013028,0.270382
61,T61_UAV_0,HAP_1,BS_0,80.494097,80.293319,0.030053,0.014642,0.280418
61,T61_UAV_11,HAP_1,HAP_2,93.658497,93.463603,0.028169,0.01944,0.236419
61,T61_UAV_16,BS_0,BS_2,117.188928,116.95589,0.039214,0.026991,0.334159
61,T61_UAV_17,BS_3,BS_1,123.930935,123.700087,0.0409,0.019612,0.351684
62,T62_UAV_18,BS_3,HAP_2,263.810481,263.624946,0.032236,0.016191,0.185541
62,T62_UAV_7,HAP_1,LEO_1,160.842207,160.751088,0.001094,0.024574,0.327254
62,T62_UAV_3,HAP_1,LEO_0,159.961722,159.739721,0.045945,0.022047,0.270049
62,T62_UAV_15,BS_4,HAP_0,176.386796,176.204887,0.029104,0.012638,0.200836
62,T62_UAV_12,BS_3,HAP_1,184.884304,184.678404,0.028291,0.01988,0.288646
62,T62_UAV_1,BS_4,HAP_2,314.22806,314.052185,0.030536,0.008231,0.185541
62,T62_UAV_5,HAP_1,LEO_0,192.398407,192.183983,0.046996,0.013418,0.270049
62,T62_UAV_4,BS_4,LEO_1,194.805397,194.711451,0.001742,0.026753,0.327254
62,T62_UAV_9,BS_4,HAP_2,327.385594,327.204122,0.030473,0.01389,0.185541
62,T62_UAV_14,BS_0,HAP_2,364.688211,364.502354,0.034,0.014749,0.185541
62,T62_UAV_13,HAP_1,LEO_1,51.44468,51.371611,0.000406,0.007212,0.327254
62,T62_UAV_10,HAP_1,BS_1,85.382162,85.183762,0.031275,0.023514,0.218053
62,T62_UAV_17,BS_3,HAP_0,95.370026,95.187866,0.028591,0.013401,0.200836
62,T62_UAV_19,BS_2,BS_3,112.81047,112.5715,0.038119,0.044295,0.282782
62,T62_UAV_16,BS_0,LEO_0,120.931814,120.701524,0.044243,0.032037,0.270049
62,T62_UAV_2,HAP_1,HAP_1,124.358747,124.125356,0.02655,0.049112,0.288646
62,T62_UAV_8,BS_4,HAP_2,167.999727,167.82142,0.027641,0.013557,0.185541
63,T63_UAV_8,BS_4,LEO_1,114.152333,114.063877,0.001086,0.019564,0.33903
63,T63_UAV_3,HAP_1,LEO_0,95.301813,95.10894,0.04488,0.006743,0.206253
63,T63_UAV_7,HAP_1,HAP_0,161.213578,161.012725,0.030913,0.024644,0.226478
63,T63_UAV_15,BS_4,HAP_2,165.523997,165.292291,0.028411,0.018755,0.4227
63,T63_UAV_12,BS_3,HAP_1,84.020847,83.81832,0.026805,0.010783,0.324695
63,T63_UAV_2,HAP_1,LEO_1,167.473741,167.384139,0.001437,0.020359,0.33903
63,T63_UAV_11,HAP_1,LEO_0,56.815606,56.61236,0.042756,0.019239,0.206253
63,T63_UAV_17,BS_3,LEO_1,94.38761,94.302542,0.000602,0.016659,0.33903
63,T63_UAV_18,BS_3,BS_1,96.330324,96.141771,0.034013,0.013937,0.203009
63,T63_UAV_9,BS_4,HAP_0,103.73952,103.561471,0.027402,0.005351,0.226478
63,T63_UAV_19,BS_2,BS_3,108.630101,108.392302,0.037075,0.033722,0.335013
63,T63_UAV_5,HAP_1,BS_4,133.357107,133.117994,0.043253,0.024111,0.358742
63,T63_UAV_13,HAP_1,HAP_2,136.788104,136.529337,0.029633,0.044595,0.4227
63,T63_UAV_16,BS_0,BS_2,150.418921,150.098694,0.047496,0.078596,0.470674
64,T64_UAV_11,HAP_1,LEO_1,217.131509,216.956886,0.041454,0.009177,0.119959
64,T64_UAV_8,BS_4,LEO_1,239.207002,239.035855,0.042035,0.00512,0.119959
64,T64_UAV_7,HAP_1,LEO_1,239.8283,239.652973,0.041496,0.009839,0.119959
64,T64_UAV_12,BS_3,BS_1,180.080349,179.875359,0.054936,0.027433,0.113101
64,T64_UAV_2,HAP_1,LEO_0,34.118399,34.055121,0.001554,0.020933,0.203955
64,T64_UAV_5,HAP_1,HAP_0,51.751082,51.549163,0.027042,0.028557,0.231601
64,T64_UAV_10,HAP_1,HAP_2,31.529439,31.310138,0.026608,0.029462,0.31616
64,T64_UAV_17,BS_3,HAP_1,40.464419,40.240477,0.02567,0.029339,0.344668
64,T64_UAV_15,BS_4,LEO_0,57.297714,57.234975,0.002093,0.019856,0.203955
64,T64_UAV_18,BS_3,HAP_0,94.755932,94.559832,0.028856,0.020924,0.231601
64,T64_UAV_1,BS_4,BS_4,100.731484,100.515575,0.035106,0.023421,0.286908
64,T64_UAV_13,HAP_1,BS_3,103.098506,102.8695,0.035695,0.033071,0.301202
64,T64_UAV_14,BS_0,LEO_1,204.743542,204.562665,0.04121,0.015674,0.119959
65,T65_UAV_13,HAP_1,LEO_0,188.397195,188.206277,0.044538,0.007675,0.193528
65,T65_UAV_1,BS_4,LEO_1,195.096345,194.903821,0.041473,0.006132,0.224592
65,T65_UAV_3,HAP_1,HAP_0,148.863943,148.803096,0.00604,0.00613,0.243384
65,T65_UAV_2,HAP_1,HAP_2,162.988663,162.764264,0.03042,0.029213,0.323825
65,T65_UAV_17,BS_3,LEO_0,253.10438,252.889551,0.046764,0.029359,0.193528
65,T65_UAV_15,BS_4,LEO_1,215.388281,215.194061,0.0417,0.007602,0.224592
65,T65_UAV_9,BS_4,HAP_1,95.640801,95.398137,0.02762,0.042396,0.363241
65,T65_UAV_4,BS_4,LEO_0,292.766542,292.552832,0.045782,0.029222,0.193528
65,T65_UAV_11,HAP_1,HAP_0,79.965271,79.896976,0.003031,0.016588,0.243384
65,T65_UAV_0,HAP_1,BS_1,93.153918,92.930636,0.033211,0.041929,0.240712
65,T65_UAV_5,HAP_1,LEO_1,140.894052,140.687276,0.040966,0.020891,0.224592
65,T65_UAV_10,HAP_1,LEO_0,162.481389,162.274871,0.044052,0.023761,0.193528
65,T65_UAV_8,BS_4,LEO_1,156.806083,156.609274,0.041334,0.010557,0.224592
65,T65_UAV_14,BS_0,HAP_2,160.498142,160.276634,0.030633,0.02611,0.323825
65,T65_UAV_12,BS_3,LEO_0,202.782979,202.582558,0.04531,0.016406,0.193528
66,T66_UAV_13,HAP_1,LEO_1,134.219467,134.164329,0.001058,0.013523,0.202782
66,T66_UAV_4,BS_4,LEO_0,92.391406,92.147818,0.043433,0.031309,0.344232
66,T66_UAV_17,BS_3,HAP_2,140.876771,140.815937,0.005169,0.006319,0.246726
66,T66_UAV_0,HAP_1,HAP_0,426.766003,426.577373,0.036609,0.014494,0.187633
66,T66_UAV_15,BS_4,HAP_1,90.03752,89.776791,0.027499,0.051589,0.408205
66,T66_UAV_1,BS_4,LEO_1,191.482216,191.424316,0.001604,0.01574,0.202782
66,T66_UAV_19,BS_2,LEO_0,130.637601,130.407102,0.046329,0.015323,0.344232
66,T66_UAV_8,BS_4,HAP_0,474.306564,474.11438,0.034131,0.020526,0.187633
66,T66_UAV_2,HAP_1,LEO_1,96.576042,96.523462,0.00083,0.011193,0.202782
66,T66_UAV_11,HAP_1,HAP_2,102.583057,102.492179,0.003486,0.038047,0.246726
66,T66_UAV_3,HAP_1,BS_1,116.266248,116.172976,0.029029,0.014361,0.249408
66,T66_UAV_14,BS_0,HAP_0,198.371586,198.192754,0.029528,0.011777,0.187633
66,T66_UAV_18,BS_3,HAP_0,210.259642,210.082873,0.030836,0.008406,0.187633
66,T66_UAV_6,BS_2,BS_4,176.434933,176.19072,0.054016,0.020883,0.346571
66,T66_UAV_9,BS_4,HAP_0,239.341089,239.158818,0.029302,0.015442,0.187633
67,T67_UAV_10,HAP_1,LEO_1,199.311367,199.118727,0.041386,0.014994,0.181299
67,T67_UAV_4,BS_4,LEO_0,198.266545,198.069717,0.044505,0.005329,0.234966
67,T67_UAV_8,BS_4,HAP_2,163.98789,163.896166,0.003251,0.025214,0.316296
67,T67_UAV_17,BS_3,LEO_1,230.550054,230.35203,0.041271,0.020494,0.181299
67,T67_UAV_6,BS_2,HAP_0,97.787178,97.542782,0.029018,0.029449,0.429644
67,T67_UAV_9,BS_4,HAP_1,172.172928,171.933721,0.028738,0.050738,0.298657
67,T67_UAV_0,HAP_1,LEO_0,201.313892,201.091032,0.045738,0.030129,0.234966
67,T67_UAV_18,BS_3,LEO_1,250.075485,249.876452,0.041424,0.021349,0.181299
67,T67_UAV_3,HAP_1,BS_3,192.359239,192.147612,0.058003,0.014727,0.194485
67,T67_UAV_11,HAP_1,BS_2,66.045915,65.830761,0.026439,0.047664,0.205255
67,T67_UAV_2,HAP_1,LEO_0,92.925732,92.728674,0.042511,0.007554,0.234966
67,T67_UAV_1,BS_4,HAP_2,91.657028,91.583221,0.002095,0.008453,0.316296
67,T67_UAV_12,BS_3,HAP_1,126.712577,126.486934,0.027251,0.038661,0.298657
67,T67_UAV_13,HAP_1,LEO_1,186.144743,185.94988,0.041238,0.017366,0.181299
67,T67_UAV_14,BS_0,LEO_0,205.071173,204.871229,0.046491,0.00646,0.234966
67,T67_UAV_19,BS_2,LEO_1,252.697672,252.508606,0.041397,0.011409,0.181299
68,T68_UAV_17,BS_3,LEO_1,119.326141,119.120097,0.040756,0.024317,0.204858
68,T68_UAV_13,HAP_1,LEO_0,134.600966,134.38233,0.044669,0.031264,0.213508
68,T68_UAV_18,BS_3,HAP_2,184.185161,184.077955,0.007442,0.027541,0.361116
68,T68_UAV_8,BS_4,HAP_0,184.754304,184.520413,0.02971,0.027378,0.384014
68,T68_UAV_3,HAP_1,LEO_1,159.390755,159.20343,0.041188,0.005166,0.204858
68,T68_UAV_19,BS_2,HAP_1,189.951614,189.701774,0.028462,0.064512,0.28433
68,T68_UAV_15,BS_4,LEO_0,198.094845,197.898088,0.04535,0.008705,0.213508
68,T68_UAV_5,HAP_1,LEO_1,198.271952,198.071105,0.041496,0.01838,0.204858
68,T68_UAV_11,HAP_1,HAP_2,57.030776,56.940529,0.001938,0.016087,0.361116
68,T68_UAV_6,BS_2,BS_1,57.412383,57.229375,0.02429,0.00629,0.262138
68,T68_UAV_10,HAP_1,BS_3,60.573737,60.355569,0.025071,0.034118,0.294898
68,T68_UAV_14,BS_0,BS_0,61.592947,61.326849,0.025314,0.061391,0.39696
68,T68_UAV_16,BS_0,BS_4,62.995062,62.718172,0.025662,0.075206,0.380108
68,T68_UAV_4,BS_4,BS_2,64.376165,64.105913,0.026008,0.060959,0.416422
68,T68_UAV_12,BS_3,HAP_0,73.229572,73.00866,0.027419,0.01669,0.384014
68,T68_UAV_2,HAP_1,LEO_0,83.784826,83.570741,0.042785,0.028598,0.213508
68,T68_UAV_7,HAP_1,HAP_1,92.850888,92.654465,0.026013,0.013545,0.28433
69,T69_UAV_8,BS_4,LEO_1,171.630173,171.439141,0.041463,0.01094,0.193144
69,T69_UAV_18,BS_3,LEO_0,93.825225,93.751854,0.005477,0.022272,0.228109
69,T69_UAV_11,HAP_1,HAP_0,160.565299,160.511373,0.006113,0.006458,0.206784
69,T69_UAV_1,BS_4,HAP_2,163.101985,162.924542,0.028732,0.012233,0.182389
69,T69_UAV_17,BS_3,LEO_1,236.578786,236.394796,0.041382,0.003979,0.193144
69,T69_UAV_13,HAP_1,LEO_0,125.778496,125.71013,0.006011,0.016733,0.228109
69,T69_UAV_9,BS_4,HAP_1,27.824215,27.593552,0.025748,0.026642,0.391359
69,T69_UAV_7,HAP_1,HAP_2,58.345147,58.153239,0.026959,0.028471,0.182389
69,T69_UAV_12,BS_3,LEO_1,80.86856,80.682468,0.040454,0.007009,0.193144
69,T69_UAV_16,BS_0,HAP_0,68.365781,68.309946,0.001684,0.012795,0.206784
69,T69_UAV_2,HAP_1,BS_3,72.364606,72.17082,0.028024,0.013451,0.261557
69,T69_UAV_4,BS_4,LEO_1,88.27535,88.087424,0.040707,0.00859,0.193144
69,T69_UAV_10,HAP_1,BS_1,107.248285,107.016896,0.036731,0.027855,0.334016
69,T69_UAV_6,BS_2,BS_0,152.060247,151.828863,0.047928,0.026093,0.286816
70,T70_UAV_18,BS_3,LEO_1,120.90564,120.848939,0.000798,0.006943,0.244796
70,T70_UAV_2,HAP_1,LEO_0,136.845819,136.615595,0.044561,0.025824,0.299198
70,T70_UAV_1,BS_4,HAP_0,138.399959,138.316566,0.002964,0.02601,0.272092
70,T70_UAV_17,BS_3,HAP_2,141.559386,141.372464,0.030208,0.012287,0.222138
70,T70_UAV_8,BS_4,HAP_1,73.682852,73.453964,0.027017,0.047867,0.270017
70,T70_UAV_3,HAP_1,LEO_1,169.938842,169.881441,0.001267,0.007175,0.244796
70,T70_UAV_16,BS_0,LEO_0,183.820609,183.607923,0.046383,0.006464,0.299198
70,T70_UAV_7,HAP_1,LEO_1,195.526899,195.470942,0.001335,0.005662,0.244796
70,T70_UAV_12,BS_3,HAP_0,65.11804,65.044139,0.002151,0.017332,0.272092
70,T70_UAV_9,BS_4,BS_1,76.582605,76.484391,0.019112,0.027485,0.258091
70,T70_UAV_13,HAP_1,HAP_2,82.143446,81.940072,0.027789,0.031157,0.222138
70,T70_UAV_10,HAP_1,BS_3,95.884171,95.661393,0.033893,0.03562,0.266323
70,T70_UAV_15,BS_4,BS_4,96.277601,96.025724,0.033984,0.048482,0.34705
70,T70_UAV_11,HAP_1,LEO_0,116.680524,116.454828,0.044121,0.021735,0.299198
70,T70_UAV_14,BS_0,BS_2,121.829559,121.589042,0.040372,0.023396,0.383742
70,T70_UAV_6,BS_2,BS_0,171.03715,170.765792,0.05266,0.035463,0.416175
71,T71_UAV_4,BS_4,LEO_1,158.350219,158.267262,0.001419,0.022186,0.296757
71,T71_UAV_9,BS_4,LEO_0,116.675676,116.602472,0.004388,0.020059,0.243784
71,T71_UAV_17,BS_3,HAP_2,421.781547,421.591748,0.034689,0.018577,0.182661
71,T71_UAV_16,BS_0,HAP_1,90.510343,90.306508,0.027979,0.017398,0.292287
71,T71_UAV_13,HAP_1,LEO_1,191.98626,191.914089,0.001509,0.01131,0.296757
71,T71_UAV_10,HAP_1,HAP_2,588.661636,588.472443,0.038439,0.014222,0.182661
71,T71_UAV_12,BS_3,HAP_2,694.44752,694.2591,0.040039,0.011848,0.182661
71,T71_UAV_2,HAP_1,HAP_0,52.131231,52.036515,0.002982,0.018651,0.365422
71,T71_UAV_7,HAP_1,LEO_0,58.389434,58.324932,0.00289,0.012856,0.243784
71,T71_UAV_11,HAP_1,LEO_1,96.997891,96.921417,0.00072,0.016403,0.296757
71,T71_UAV_8,BS_4,BS_1,104.13618,104.031057,0.025995,0.0245,0.273145
71,T71_UAV_15,BS_4,HAP_2,189.856123,189.685179,0.027842,0.006569,0.182661
71,T71_UAV_14,BS_0,BS_3,125.865547,125.642193,0.041385,0.026976,0.274965
71,T71_UAV_18,BS_3,HAP_2,218.502562,218.317414,0.030353,0.018263,0.182661
71,T71_UAV_3,HAP_1,HAP_2,223.269257,223.091098,0.030073,0.011553,0.182661
71,T71_UAV_6,BS_2,HAP_2,534.851926,534.674543,0.036229,0.004622,0.182661
72,T72_UAV_8,BS_4,LEO_1,69.370562,69.296642,0.000791,0.006357,0.333859
72,T72_UAV_2,HAP_1,LEO_0,128.942175,128.859285,0.004312,0.022303,0.281372
72,T72_UAV_11,HAP_1,HAP_0,133.350014,133.171643,0.030082,0.00618,0.210548
72,T72_UAV_13,HAP_1,HAP_2,68.901106,68.657771,0.028251,0.01571,0.496869
72,T72_UAV_16,BS_0,HAP_1,77.400774,77.189173,0.027543,0.017514,0.332718
72,T72_UAV_7,HAP_1,LEO_0,195.793956,195.715268,0.00703,0.015383,0.281372
72,T72_UAV_12,BS_3,BS_1,1204.467074,1204.010365,0.310842,0.009038,0.184141
72,T72_UAV_0,HAP_1,BS_1,1328.554206,1328.059504,0.341839,0.016034,0.184141
72,T72_UAV_5,HAP_1,HAP_0,69.673793,69.498843,0.027726,0.005115,0.210548
72,T72_UAV_10,HAP_1,LEO_0,78.435605,78.361474,0.002822,0.015034,0.281372
72,T72_UAV_18,BS_3,LEO_1,107.920288,107.83793,0.000812,0.014774,0.333859
72,T72_UAV_1,BS_4,BS_1,422.568887,422.292317,0.11551,0.024232,0.184141
72,T72_UAV_14,BS_0,BS_1,595.91102,595.594483,0.158814,0.020894,0.184141
72,T72_UAV_3,HAP_1,BS_1,622.614056,622.294121,0.165486,0.017621,0.184141
72,T72_UAV_4,BS_4,BS_1,704.773458,704.417549,0.186006,0.033075,0.184141
72,T72_UAV_19,BS_2,BS_1,1279.721658,1279.240883,0.32964,0.014307,0.184141
73,T73_UAV_5,HAP_1,LEO_1,320.593479,320.404766,0.041751,0.012121,0.174203
73,T73_UAV_18,BS_3,LEO_0,63.44843,63.357644,0.006809,0.008741,0.376185
73,T73_UAV_3,HAP_1,HAP_0,300.964485,300.902694,0.008978,0.007344,0.227348
73,T73_UAV_4,BS_4,LEO_1,393.786957,393.590917,0.042446,0.018754,0.174203
73,T73_UAV_1,BS_4,LEO_1,433.70629,433.524624,0.042556,0.00427,0.174203
73,T73_UAV_8,BS_4,HAP_0,331.134995,331.066098,0.006846,0.016581,0.227348
73,T73_UAV_16,BS_0,LEO_1,528.891042,528.69694,0.042922,0.016339,0.174203
73,T73_UAV_2,HAP_1,BS_0,146.135646,145.867116,0.046439,0.063102,0.294947
73,T73_UAV_17,BS_3,HAP_0,157.247996,157.190412,0.00447,0.007644,0.227348
73,T73_UAV_12,BS_3,LEO_1,258.48181,258.290999,0.0412,0.01477,0.174203
73,T73_UAV_7,HAP_1,LEO_1,279.83862,279.656055,0.041416,0.006309,0.174203
73,T73_UAV_13,HAP_1,HAP_0,196.438145,196.377265,0.005717,0.009694,0.227348
73,T73_UAV_0,HAP_1,BS_0,201.449436,201.178612,0.06026,0.051575,0.294947
73,T73_UAV_9,BS_4,LEO_1,304.806826,304.622402,0.04182,0.007764,0.174203
73,T73_UAV_6,BS_2,LEO_1,321.35779,321.17483,0.041522,0.006597,0.174203
73,T73_UAV_14,BS_0,LEO_1,380.428268,380.232212,0.041848,0.019367,0.174203
74,T74_UAV_0,HAP_1,LEO_1,69.151727,68.904394,0.040638,0.010044,0.483251
74,T74_UAV_15,BS_4,LEO_0,289.902032,289.715865,0.044257,0.013828,0.140412
74,T74_UAV_9,BS_4,HAP_2,179.901572,179.697405,0.028863,0.007284,0.340098
74,T74_UAV_17,BS_3,HAP_0,90.43186,90.19966,0.029866,0.022587,0.398735
74,T74_UAV_4,BS_4,LEO_0,371.869718,371.686129,0.045568,0.009939,0.140412
74,T74_UAV_19,BS_2,LEO_0,445.68385,445.49608,0.048134,0.011553,0.140412
74,T74_UAV_12,BS_3,LEO_0,483.728179,483.528665,0.049252,0.022179,0.140412
74,T74_UAV_11,HAP_1,LEO_0,488.093128,487.894182,0.048887,0.021976,0.140412
74,T74_UAV_8,BS_4,LEO_1,39.588791,39.328455,0.040448,0.023238,0.483251
74,T74_UAV_5,HAP_1,HAP_1,33.666888,33.410932,0.025296,0.06055,0.350554
74,T74_UAV_3,HAP_1,BS_3,213.675419,213.438796,0.063323,0.013975,0.296627
74,T74_UAV_10,HAP_1,LEO_0,159.145307,158.953785,0.042932,0.020508,0.140412
74,T74_UAV_1,BS_4,LEO_0,165.893916,165.714351,0.042625,0.008859,0.140412
74,T74_UAV_6,BS_2,HAP_2,158.501614,158.279697,0.030143,0.023755,0.340098
74,T74_UAV_13,HAP_1,BS_3,243.852046,243.59121,0.070857,0.030653,0.296627
74,T74_UAV_14,BS_0,LEO_0,244.343279,244.166048,0.044862,0.004287,0.140412
74,T74_UAV_18,BS_3,BS_3,309.569976,309.262366,0.087267,0.061017,0.296627
75,T75_UAV_12,BS_3,LEO_1,59.518638,59.293214,0.040521,0.018195,0.333539
75,T75_UAV_4,BS_4,HAP_0,266.908806,266.720566,0.031948,0.008102,0.240954
75,T75_UAV_1,BS_4,HAP_2,291.115814,290.897719,0.030937,0.034387,0.263854
75,T75_UAV_7,HAP_1,HAP_0,294.772685,294.577119,0.033975,0.013401,0.240954
75,T75_UAV_5,HAP_1,HAP_2,297.922251,297.698701,0.0338,0.036979,0.263854
75,T75_UAV_2,HAP_1,LEO_0,52.377723,52.095713,0.044284,0.03722,0.502535
75,T75_UAV_17,BS_3,BS_2,54.193242,54.013117,0.023487,0.016467,0.200856
75,T75_UAV_0,HAP_1,BS_1,70.887366,70.684979,0.027652,0.016241,0.29247
75,T75_UAV_9,BS_4,HAP_1,88.991042,88.706106,0.027378,0.058246,0.496559
75,T75_UAV_19,BS_2,HAP_0,152.920922,152.714141,0.028977,0.029613,0.240954
75,T75_UAV_16,BS_0,HAP_2,206.341207,206.14806,0.030182,0.010194,0.263854
76,T76_UAV_2,HAP_1,LEO_1,150.41252,150.185462,0.0413,0.018509,0.336242
76,T76_UAV_3,HAP_1,LEO_0,155.460423,155.203252,0.045735,0.025777,0.428295
76,T76_UAV_13,HAP_1,HAP_0,146.163858,146.075668,0.005701,0.032701,0.248942
76,T76_UAV_15,BS_4,HAP_2,166.266924,166.086328,0.028366,0.010547,0.208409
76,T76_UAV_14,BS_0,HAP_1,189.198387,188.952715,0.029303,0.051579,0.323949
76,T76_UAV_5,HAP_1,LEO_1,169.435773,169.196012,0.04128,0.031232,0.336242
76,T76_UAV_7,HAP_1,LEO_0,175.470692,175.203381,0.046243,0.035409,0.428295
76,T76_UAV_17,BS_3,HAP_0,171.102528,171.037763,0.006493,0.008484,0.248942
76,T76_UAV_6,BS_2,HAP_2,189.551563,189.365726,0.03116,0.012996,0.208409
76,T76_UAV_1,BS_4,BS_1,195.659816,195.430514,0.058823,0.020572,0.24953
76,T76_UAV_11,HAP_1,BS_4,199.910363,199.656206,0.059879,0.031548,0.313652
76,T76_UAV_4,BS_4,BS_0,78.76778,78.51841,0.02961,0.044153,0.378037
76,T76_UAV_10,HAP_1,BS_2,82.986085,82.718555,0.030659,0.046002,0.454344
76,T76_UAV_12,BS_3,BS_3,86.22519,85.937247,0.031464,0.059105,0.486874
76,T76_UAV_19,BS_2,LEO_1,110.638319,110.382695,0.040699,0.047676,0.336242
76,T76_UAV_0,HAP_1,LEO_0,144.20398,143.939475,0.045111,0.033735,0.428295
76,T76_UAV_16,BS_0,HAP_1,150.982,150.748303,0.028809,0.040098,0.323949
77,T77_UAV_8,BS_4,LEO_0,141.39634,141.229018,0.042329,0.005882,0.095555
77,T77_UAV_3,HAP_1,LEO_1,122.734238,122.664789,0.000909,0.028686,0.199264
77,T77_UAV_6,BS_2,HAP_2,144.638067,144.565351,0.004708,0.026634,0.20687
77,T77_UAV_1,BS_4,HAP_0,159.597602,159.508159,0.003401,0.027521,0.292609
77,T77_UAV_5,HAP_1,LEO_1,175.221821,175.169213,0.001327,0.011428,0.199264
77,T77_UAV_9,BS_4,LEO_0,372.41201,372.238263,0.04663,0.008005,0.095555
77,T77_UAV_13,HAP_1,LEO_1,188.631708,188.572135,0.001478,0.018242,0.199264
77,T77_UAV_17,BS_3,HAP_1,27.506735,27.276631,0.02548,0.046733,0.289454
77,T77_UAV_15,BS_4,HAP_2,61.914241,61.848533,0.001253,0.023081,0.20687
77,T77_UAV_7,HAP_1,HAP_0,62.931413,62.862345,0.002264,0.008283,0.292609
77,T77_UAV_19,BS_2,LEO_0,129.475639,129.276775,0.042823,0.036929,0.095555
77,T77_UAV_10,HAP_1,BS_1,81.340951,81.111708,0.030258,0.042671,0.281569
77,T77_UAV_2,HAP_1,BS_0,88.019133,87.80478,0.03193,0.032812,0.248059
77,T77_UAV_18,BS_3,BS_3,92.845457,92.594549,0.033127,0.066403,0.256894
77,T77_UAV_4,BS_4,LEO_0,136.83336,136.644376,0.042402,0.027472,0.095555
77,T77_UAV_0,HAP_1,LEO_0,147.24238,147.046127,0.043212,0.03393,0.095555
77,T77_UAV_14,BS_0,LEO_0,168.108727,167.925173,0.044031,0.020412,0.095555
78,T78_UAV_1,BS_4,LEO_1,111.319797,111.234379,0.00093,0.021304,0.315918
78,T78_UAV_15,BS_4,LEO_0,89.816673,89.579825,0.043214,0.031498,0.310683
78,T78_UAV_9,BS_4,HAP_2,167.453023,167.247291,0.028214,0.031227,0.231457
78,T78_UAV_4,BS_4,HAP_0,151.64833,151.556208,0.004577,0.016644,0.35451
78,T78_UAV_5,HAP_1,LEO_1,154.661344,154.588384,0.001171,0.008605,0.315918
78,T78_UAV_16,BS_0,HAP_1,93.75836,93.528869,0.028062,0.035886,0.327714
78,T78_UAV_11,HAP_1,LEO_0,111.772901,111.543738,0.045417,0.021609,0.310683
78,T78_UAV_3,HAP_1,HAP_2,246.609057,246.401315,0.032504,0.028947,0.231457
78,T78_UAV_7,HAP_1,BS_1,181.810111,181.557236,0.055357,0.048176,0.246711
78,T78_UAV_12,BS_3,LEO_1,57.267038,57.174305,0.000351,0.029198,0.315918
78,T78_UAV_8,BS_4,BS_0,76.739642,76.520981,0.029111,0.035655,0.269472
78,T78_UAV_18,BS_3,BS_3,84.231709,84.0385,0.030989,0.010627,0.257962
78,T78_UAV_14,BS_0,HAP_0,94.306309,94.20612,0.002998,0.02629,0.35451
78,T78_UAV_6,BS_2,BS_4,122.170281,121.895316,0.040449,0.065174,0.346711
78,T78_UAV_2,HAP_1,BS_2,148.048797,147.754762,0.04691,0.057112,0.450063
78,T78_UAV_13,HAP_1,HAP_2,183.008846,182.815167,0.03031,0.017077,0.231457
79,T79_UAV_8,BS_4,LEO_0,102.895543,102.671931,0.04349,0.026299,0.269112
79,T79_UAV_4,BS_4,HAP_0,311.800732,311.603809,0.032347,0.029639,0.174688
79,T79_UAV_12,BS_3,HAP_2,260.975071,260.788958,0.032413,0.014747,0.194761
79,T79_UAV_15,BS_4,HAP_0,349.226808,349.037492,0.031694,0.022684,0.174688
79,T79_UAV_5,HAP_1,HAP_2,268.974736,268.776311,0.032901,0.026572,0.194761
79,T79_UAV_11,HAP_1,LEO_1,30.589784,30.491442,0.000355,0.030095,0.339461
79,T79_UAV_3,HAP_1,LEO_0,57.530218,57.325806,0.042912,0.007677,0.269112
79,T79_UAV_1,BS_4,HAP_1,56.247283,56.012088,0.026744,0.038874,0.347887
79,T79_UAV_13,HAP_1,BS_1,87.773287,87.574325,0.031873,0.029957,0.185662
79,T79_UAV_18,BS_3,BS_0,91.996606,91.790203,0.032926,0.017086,0.281956
79,T79_UAV_10,HAP_1,HAP_0,184.230769,184.047811,0.030726,0.017295,0.174688
79,T79_UAV_6,BS_2,HAP_2,209.522582,209.335667,0.030821,0.017141,0.194761
79,T79_UAV_16,BS_0,HAP_0,373.011551,372.816137,0.032343,0.028133,0.174688
80,T80_UAV_12,BS_3,LEO_1,241.602384,241.40917,0.041238,0.022185,0.148955
80,T80_UAV_7,HAP_1,LEO_0,147.53617,147.455708,0.005223,0.02534,0.249499
80,T80_UAV_18,BS_3,HAP_2,150.217258,150.017023,0.031049,0.00663,0.312779
80,T80_UAV_6,BS_2,HAP_0,187.864417,187.627884,0.030814,0.035454,0.351327
80,T80_UAV_8,BS_4,LEO_1,311.570125,311.392631,0.042316,0.005387,0.148955
80,T80_UAV_2,HAP_1,LEO_0,167.911773,167.829327,0.005638,0.026908,0.249499
80,T80_UAV_14,BS_0,HAP_1,98.556354,98.27296,0.027865,0.084506,0.355113
80,T80_UAV_15,BS_4,LEO_1,369.307574,369.116035,0.042589,0.019158,0.148955
80,T80_UAV_1,BS_4,BS_1,192.141309,192.020061,0.047981,0.031741,0.20763
80,T80_UAV_5,HAP_1,LEO_1,377.529252,377.343448,0.042302,0.013711,0.148955
80,T80_UAV_3,HAP_1,BS_3,104.288047,104.097415,0.036001,0.010618,0.220065
80,T80_UAV_4,BS_4,HAP_2,115.736031,115.510918,0.02776,0.034797,0.312779
80,T80_UAV_13,HAP_1,HAP_0,134.795507,134.568293,0.03025,0.026699,0.351327
80,T80_UAV_17,BS_3,LEO_1,162.93236,162.739919,0.040849,0.0218,0.148955
80,T80_UAV_16,BS_0,LEO_0,190.912911,190.831081,0.006544,0.025386,0.249499
80,T80_UAV_19,BS_2,LEO_1,267.199514,267.021516,0.041403,0.006804,0.148955
81,T81_UAV_5,HAP_1,LEO_0,144.848922,144.783047,0.005169,0.007501,0.266022
81,T81_UAV_16,BS_0,LEO_1,102.700206,102.471916,0.04091,0.0162,0.3559
81,T81_UAV_2,HAP_1,HAP_0,159.41948,159.221134,0.031418,0.017141,0.248935
81,T81_UAV_4,BS_4,HAP_2,163.868557,163.667533,0.028907,0.00809,0.320131
81,T81_UAV_10,HAP_1,LEO_1,113.018986,112.775666,0.041127,0.031013,0.3559
81,T81_UAV_8,BS_4,LEO_0,198.011669,197.922987,0.005036,0.030442,0.266022
81,T81_UAV_3,HAP_1,HAP_1,28.746835,28.490033,0.025301,0.065248,0.331262
81,T81_UAV_17,BS_3,BS_1,75.384908,75.301983,0.018816,0.009125,0.27492
81,T81_UAV_18,BS_3,BS_0,76.550459,76.351595,0.029068,0.012191,0.288018
81,T81_UAV_14,BS_0,BS_2,96.690512,96.471295,0.034096,0.026594,0.292632
81,T81_UAV_15,BS_4,HAP_0,112.159881,111.972978,0.027634,0.009482,0.248935
81,T81_UAV_11,HAP_1,BS_3,112.192227,111.981058,0.037971,0.015458,0.288699
81,T81_UAV_0,HAP_1,LEO_0,142.313284,142.245481,0.00508,0.009518,0.266022
81,T81_UAV_6,BS_2,HAP_2,192.586546,192.381484,0.031274,0.009761,0.320131
82,T82_UAV_1,BS_4,LEO_1,127.04674,126.835338,0.041059,0.025012,0.226655
82,T82_UAV_10,HAP_1,HAP_2,132.016055,131.9361,0.004839,0.025665,0.247259
82,T82_UAV_0,HAP_1,HAP_0,136.498308,136.300602,0.030538,0.018028,0.245699
82,T82_UAV_18,BS_3,LEO_1,169.37427,169.166047,0.041109,0.021783,0.226655
82,T82_UAV_19,BS_2,LEO_0,41.827398,41.73691,0.00205,0.021067,0.336857
82,T82_UAV_14,BS_0,HAP_2,53.20347,53.133933,0.001892,0.018194,0.247259
82,T82_UAV_12,BS_3,HAP_1,54.995163,54.735661,0.026175,0.071207,0.310603
82,T82_UAV_5,HAP_1,LEO_0,74.286629,74.188051,0.00364,0.027567,0.336857
82,T82_UAV_7,HAP_1,BS_3,87.635166,87.42687,0.031836,0.020638,0.279109
82,T82_UAV_15,BS_4,HAP_0,97.324024,97.122397,0.027286,0.025202,0.245699
82,T82_UAV_13,HAP_1,LEO_1,112.914398,112.705959,0.04088,0.022228,0.226655
83,T83_UAV_15,BS_4,LEO_1,107.272027,107.198763,0.000965,0.02473,0.237845
83,T83_UAV_4,BS_4,LEO_0,141.746699,141.573479,0.04319,0.006643,0.116935
83,T83_UAV_19,BS_2,HAP_2,118.318185,118.252888,0.003693,0.006692,0.27456
83,T83_UAV_10,HAP_1,HAP_0,135.770112,135.569862,0.030757,0.024611,0.224409
83,T83_UAV_9,BS_4,LEO_1,140.792318,140.735586,0.001193,0.007969,0.237845
83,T83_UAV_12,BS_3,LEO_0,208.492029,208.311105,0.04626,0.011277,0.116935
83,T83_UAV_3,HAP_1,LEO_0,210.372424,210.185602,0.046255,0.01718,0.116935
83,T83_UAV_13,HAP_1,LEO_0,241.228355,241.053507,0.046866,0.004595,0.116935
83,T83_UAV_8,BS_4,HAP_1,51.9666,51.718257,0.026411,0.056455,0.327381
83,T83_UAV_2,HAP_1,LEO_1,71.32482,71.255433,0.000621,0.021196,0.237845
83,T83_UAV_11,HAP_1,HAP_2,75.898457,75.821,0.002595,0.01995,0.27456
83,T83_UAV_6,BS_2,BS_3,84.8433,84.610387,0.031132,0.0516,0.250909
83,T83_UAV_0,HAP_1,BS_4,94.811975,94.607263,0.03363,0.011796,0.296425
83,T83_UAV_14,BS_0,HAP_0,119.724086,119.522209,0.028794,0.028202,0.224409
83,T83_UAV_17,BS_3,BS_1,138.866161,138.62118,0.044628,0.035327,0.32513
84,T84_UAV_4,BS_4,LEO_1,162.068012,161.993592,0.001318,0.013714,0.296941
84,T84_UAV_0,HAP_1,LEO_0,139.556948,139.506266,0.004997,0.005385,0.201506
84,T84_UAV_2,HAP_1,HAP_0,149.495889,149.415058,0.006051,0.033947,0.204165
84,T84_UAV_3,HAP_1,HAP_2,153.215548,153.129866,0.005495,0.010929,0.34629
84,T84_UAV_12,BS_3,HAP_1,82.705376,82.437885,0.026771,0.070381,0.351697
84,T84_UAV_9,BS_4,LEO_1,222.124419,222.047865,0.001698,0.015469,0.296941
84,T84_UAV_8,BS_4,LEO_0,169.232271,169.182466,0.004299,0.005204,0.201506
84,T84_UAV_18,BS_3,LEO_1,239.052532,238.979547,0.001442,0.012156,0.296941
84,T84_UAV_5,HAP_1,HAP_0,183.286859,183.217425,0.007084,0.021517,0.204165
84,T84_UAV_10,HAP_1,BS_1,183.901961,183.683591,0.055888,0.013599,0.244416
84,T84_UAV_6,BS_3,HAP_2,198.340789,198.253213,0.00648,0.011838,0.34629
84,T84_UAV_13,HAP_1,BS_4,50.69417,50.455081,0.022597,0.051852,0.323199
84,T84_UAV_1,BS_4,BS_0,51.421754,51.189398,0.022781,0.031167,0.392045
84,T84_UAV_11,HAP_1,LEO_0,71.14468,71.094222,0.002511,0.007646,0.201506
84,T84_UAV_17,BS_3,BS_3,82.414795,82.126225,0.030511,0.076965,0.405464
84,T84_UAV_14,BS_0,BS_2,138.226288,137.907221,0.04445,0.047233,0.636919
84,T84_UAV_7,HAP_1,LEO_1,172.876855,172.804237,0.001092,0.012137,0.296941
85,T85_UAV_12,BS_3,LEO_1,77.01978,76.936835,0.000538,0.008023,0.371915
85,T85_UAV_14,BS_0,LEO_0,98.409004,98.325003,0.005398,0.023744,0.274299
85,T85_UAV_1,BS_4,HAP_2,357.047649,356.860185,0.031405,0.025097,0.154813
85,T85_UAV_4,BS_4,HAP_0,154.167609,154.089231,0.004622,0.02041,0.266728
85,T85_UAV_2,HAP_1,LEO_1,106.453314,106.362918,0.001093,0.01492,0.371915
85,T85_UAV_0,HAP_1,LEO_0,110.392448,110.316415,0.005444,0.01573,0.274299
85,T85_UAV_18,BS_3,HAP_2,139.133575,138.968805,0.028803,0.005005,0.154813
85,T85_UAV_11,HAP_1,HAP_1,40.216125,39.984679,0.025332,0.023399,0.413571
85,T85_UAV_16,BS_0,HAP_0,85.723951,85.654785,0.002062,0.013759,0.266728
85,T85_UAV_17,BS_3,HAP_2,149.423091,149.255177,0.028877,0.008074,0.154813
85,T85_UAV_5,HAP_1,BS_1,91.176609,91.093724,0.022762,0.015044,0.225398
85,T85_UAV_7,HAP_1,BS_3,114.661254,114.420937,0.038581,0.045144,0.28296
85,T85_UAV_19,BS_2,HAP_2,163.728884,163.537807,0.028699,0.031415,0.154813
85,T85_UAV_8,BS_4,HAP_2,212.809925,212.646093,0.028383,0.004486,0.154813
86,T86_UAV_12,BS_3,LEO_1,219.162576,218.965349,0.041128,0.019978,0.180602
86,T86_UAV_4,BS_4,LEO_0,83.491918,83.405152,0.003071,0.007296,0.381997
86,T86_UAV_5,HAP_1,HAP_0,153.688071,153.592885,0.005923,0.017954,0.356546
86,T86_UAV_13,HAP_1,HAP_2,164.270014,164.019151,0.030637,0.031927,0.441492
86,T86_UAV_14,BS_0,HAP_1,167.935956,167.728516,0.028801,0.028325,0.251567
86,T86_UAV_8,BS_4,LEO_1,333.731845,333.547796,0.042488,0.005441,0.180602
86,T86_UAV_6,BS_3,LEO_0,112.405879,112.312035,0.005746,0.011699,0.381997
86,T86_UAV_3,HAP_1,HAP_0,176.193281,176.093796,0.006976,0.0212,0.356546
86,T86_UAV_1,BS_4,LEO_1,381.184443,380.999068,0.042523,0.006731,0.180602
86,T86_UAV_2,HAP_1,BS_1,81.092619,80.992365,0.020238,0.018354,0.308312
86,T86_UAV_17,BS_3,BS_3,83.4037,83.170406,0.030772,0.036988,0.327675
86,T86_UAV_18,BS_3,LEO_1,140.763238,140.567627,0.04076,0.018731,0.180602
86,T86_UAV_0,HAP_1,HAP_1,111.274455,111.017948,0.02619,0.080004,0.251567
86,T86_UAV_16,BS_0,BS_0,131.899476,131.67203,0.042892,0.013467,0.355437
86,T86_UAV_15,BS_4,LEO_1,166.571958,166.3787,0.041176,0.015963,0.180602
86,T86_UAV_19,BS_2,HAP_2,145.381491,145.137722,0.029545,0.025926,0.441492
86,T86_UAV_9,BS_4,LEO_1,188.533637,188.3334,0.041261,0.022856,0.180602
87,T87_UAV_8,BS_4,LEO_0,175.395233,175.209325,0.043676,0.004589,0.188212
87,T87_UAV_15,BS_4,LEO_1,125.696308,125.471355,0.041343,0.020011,0.317994
87,T87_UAV_10,HAP_1,HAP_0,197.526349,197.357577,0.031964,0.016233,0.102875
87,T87_UAV_18,BS_3,HAP_2,191.009692,190.794125,0.03263,0.012171,0.353831
87,T87_UAV_11,HAP_1,LEO_0,205.393631,205.19175,0.04586,0.018378,0.188212
87,T87_UAV_4,BS_4,HAP_0,240.377598,240.217317,0.031194,0.008511,0.102875
87,T87_UAV_12,BS_3,LEO_0,247.461205,247.262214,0.047394,0.013954,0.188212
87,T87_UAV_0,HAP_1,LEO_0,264.897957,264.706519,0.047687,0.006108,0.188212
87,T87_UAV_16,BS_0,LEO_1,41.915844,41.69019,0.040369,0.021686,0.317994
87,T87_UAV_3,HAP_1,HAP_1,32.276771,32.079508,0.02533,0.013395,0.292686
87,T87_UAV_9,BS_4,BS_1,69.181333,68.986173,0.027228,0.013983,0.269748
87,T87_UAV_19,BS_2,BS_0,73.601961,73.408286,0.028333,0.016699,0.243216
87,T87_UAV_7,HAP_1,HAP_2,116.63551,116.408958,0.028777,0.027009,0.353831
87,T87_UAV_6,BS_3,BS_3,135.831006,135.553602,0.043861,0.067447,0.330472
87,T87_UAV_2,HAP_1,HAP_0,160.952102,160.791964,0.030432,0.009131,0.102875
88,T88_UAV_8,BS_4,LEO_1,112.253009,112.034049,0.041081,0.024427,0.26726
88,T88_UAV_17,BS_3,LEO_0,121.06191,120.86722,0.044818,0.010069,0.199015
88,T88_UAV_14,BS_0,HAP_0,120.825929,120.76369,0.003824,0.017571,0.204221
88,T88_UAV_0,HAP_1,HAP_2,175.235858,175.033595,0.031281,0.016544,0.272192
88,T88_UAV_7,HAP_1,LEO_0,137.930719,137.732437,0.044805,0.013674,0.199015
88,T88_UAV_12,BS_3,HAP_1,182.856146,182.634523,0.028249,0.037093,0.281406
88,T88_UAV_2,HAP_1,LEO_1,184.747068,184.528465,0.041607,0.023544,0.26726
88,T88_UAV_15,BS_4,BS_1,191.649066,191.44919,0.057828,0.004617,0.187154
88,T88_UAV_11,HAP_1,HAP_0,63.768281,63.718348,0.002472,0.006617,0.204221
88,T88_UAV_10,HAP_1,BS_0,67.584492,67.38076,0.026827,0.031666,0.226194
88,T88_UAV_4,BS_4,BS_4,71.647298,71.40236,0.027832,0.056924,0.300914
88,T88_UAV_1,BS_4,HAP_2,80.078587,79.84941,0.026863,0.047876,0.272192
88,T88_UAV_13,HAP_1,LEO_0,78.734131,78.547439,0.042767,0.004123,0.199015
88,T88_UAV_6,BS_3,LEO_1,80.506025,80.279618,0.040497,0.032459,0.26726
88,T88_UAV_3,HAP_1,BS_3,87.263242,87.026891,0.031736,0.036145,0.342348
88,T88_UAV_16,BS_0,BS_2,90.638461,90.357275,0.032568,0.061407,0.436057
88,T88_UAV_19,BS_2,HAP_1,113.546625,113.310329,0.026979,0.053036,0.281406
89,T89_UAV_7,HAP_1,LEO_1,149.31099,149.251269,0.000948,0.008056,0.253583
89,T89_UAV_11,HAP_1,LEO_0,187.815823,187.765449,0.004597,0.006465,0.196565
89,T89_UAV_9,BS_4,HAP_2,136.52948,136.470466,0.002971,0.006629,0.247069
89,T89_UAV_2,HAP_1,HAP_0,141.347618,141.280264,0.005744,0.008288,0.266609
89,T89_UAV_15,BS_4,LEO_0,193.215916,193.158708,0.003665,0.01423,0.196565
89,T89_UAV_5,HAP_1,LEO_1,204.768088,204.710528,0.001405,0.005438,0.253583
89,T89_UAV_18,BS_3,HAP_1,91.432977,91.226778,0.026755,0.018201,0.30621
89,T89_UAV_1,BS_4,BS_1,271.133222,270.900692,0.077681,0.015559,0.196447
89,T89_UAV_8,BS_4,LEO_0,227.86855,227.819319,0.004167,0.005751,0.196565
89,T89_UAV_6,BS_3,LEO_0,319.592056,319.541317,0.008182,0.003243,0.196565
89,T89_UAV_3,HAP_1,HAP_0,64.26204,64.188456,0.002534,0.017729,0.266609
89,T89_UAV_17,BS_3,LEO_1,107.974699,107.90658,0.000624,0.016778,0.253583
89,T89_UAV_4,BS_4,HAP_2,85.68609,85.62458,0.002025,0.010072,0.247069
89,T89_UAV_0,HAP_1,LEO_0,84.161355,84.104831,0.002096,0.015116,0.196565
89,T89_UAV_13,HAP_1,BS_0,106.449361,106.227616,0.036534,0.038125,0.235428
89,T89_UAV_10,HAP_1,BS_1,153.601385,153.392974,0.048319,0.020803,0.196447
89,T89_UAV_16,BS_0,BS_4,163.237377,162.982742,0.050715,0.036224,0.338482
89,T89_UAV_19,BS_2,LEO_1,233.861743,233.801481,0.001362,0.008183,0.253583
90,T90_UAV_8,BS_4,LEO_1,145.327195,145.126113,0.041252,0.020563,0.196337
90,T90_UAV_2,HAP_1,LEO_0,160.671629,160.466377,0.044411,0.021301,0.197701
90,T90_UAV_9,BS_4,HAP_0,61.885162,61.80944,0.001959,0.007728,0.330175
90,T90_UAV_15,BS_4,HAP_2,186.895655,186.704334,0.028336,0.023154,0.199153
90,T90_UAV_12,BS_3,LEO_1,240.697212,240.511291,0.041379,0.005275,0.196337
90,T90_UAV_13,HAP_1,LEO_0,261.845878,261.643251,0.047484,0.015603,0.197701
90,T90_UAV_5,HAP_1,HAP_2,85.688182,85.492611,0.027472,0.028268,0.199153
90,T90_UAV_14,BS_0,BS_1,63.215259,63.010974,0.025735,0.024845,0.268526
90,T90_UAV_7,HAP_1,LEO_1,94.473342,94.280069,0.040599,0.013407,0.196337
90,T90_UAV_6,BS_3,LEO_0,106.525052,106.337306,0.043181,0.005025,0.197701
90,T90_UAV_17,BS_3,BS_0,87.369119,87.129113,0.031761,0.057386,0.254293
90,T90_UAV_4,BS_4,LEO_1,132.49331,132.2987,0.04108,0.014262,0.196337
90,T90_UAV_10,HAP_1,LEO_0,152.801087,152.610779,0.044415,0.006352,0.197701
90,T90_UAV_19,BS_2,HAP_2,224.243503,224.052684,0.03104,0.019948,0.199153
91,T91_UAV_15,BS_4,LEO_1,301.271898,301.227028,0.001959,0.005492,0.187092
91,T91_UAV_12,BS_3,LEO_0,116.114822,115.910324,0.044267,0.016529,0.218509
91,T91_UAV_11,HAP_1,HAP_0,160.019315,159.83927,0.031214,0.007913,0.204588
91,T91_UAV_17,BS_3,HAP_2,173.52157,173.309861,0.031533,0.020873,0.296508
91,T91_UAV_0,HAP_1,LEO_1,400.42833,400.364973,0.002377,0.023563,0.187092
91,T91_UAV_14,BS_0,HAP_1,92.500635,92.260676,0.027619,0.057931,0.272042
91,T91_UAV_8,BS_4,LEO_0,186.786769,186.572784,0.044724,0.02556,0.218509
91,T91_UAV_3,HAP_1,LEO_1,430.671311,430.618997,0.002368,0.012527,0.187092
91,T91_UAV_10,HAP_1,LEO_1,489.530981,489.467912,0.00307,0.022581,0.187092
91,T91_UAV_1,BS_4,LEO_1,490.128019,490.068193,0.002983,0.019425,0.187092
91,T91_UAV_18,BS_3,LEO_1,498.086813,498.030984,0.002511,0.0159,0.187092
91,T91_UAV_13,HAP_1,BS_1,96.972523,96.769201,0.03417,0.026955,0.210982
91,T91_UAV_6,BS_3,HAP_0,107.101291,106.923499,0.028364,0.00851,0.204588
91,T91_UAV_5,HAP_1,BS_0,120.53459,120.313118,0.040053,0.025716,0.27851
91,T91_UAV_7,HAP_1,HAP_2,138.166089,137.971294,0.029439,0.006055,0.296508
91,T91_UAV_16,BS_0,LEO_1,180.203024,180.147291,0.001027,0.017288,0.187092
91,T91_UAV_19,BS_2,LEO_0,164.116359,163.911323,0.045876,0.015458,0.218509
91,T91_UAV_4,BS_4,LEO_1,263.914406,263.84661,0.001717,0.02866,0.187092
92,T92_UAV_11,HAP_1,LEO_1,68.485721,68.262494,0.040606,0.016754,0.329331
92,T92_UAV_5,HAP_1,LEO_0,138.464588,138.41713,0.003952,0.004892,0.193071
92,T92_UAV_1,BS_4,HAP_0,109.429188,109.364431,0.002309,0.01326,0.245941
92,T92_UAV_3,HAP_1,HAP_2,140.375767,140.194627,0.029986,0.008334,0.2141
92,T92_UAV_18,BS_3,LEO_0,155.492308,155.433321,0.005161,0.015212,0.193071
92,T92_UAV_15,BS_4,HAP_1,178.202934,177.95418,0.028959,0.05993,0.299328
92,T92_UAV_17,BS_3,LEO_0,188.642272,188.586677,0.006077,0.010903,0.193071
92,T92_UAV_16,BS_0,LEO_1,35.067923,34.840685,0.040309,0.021063,0.329331
92,T92_UAV_0,HAP_1,HAP_0,64.968821,64.898393,0.002674,0.018566,0.245941
92,T92_UAV_12,BS_3,BS_1,65.683864,65.482983,0.026353,0.008649,0.3294
92,T92_UAV_6,BS_3,BS_0,74.496511,74.291279,0.028554,0.014314,0.311822
92,T92_UAV_13,HAP_1,HAP_2,80.287829,80.111386,0.027761,0.005862,0.2141
92,T92_UAV_14,BS_0,BS_3,82.139091,81.901024,0.030455,0.045434,0.310887
92,T92_UAV_4,BS_4,BS_4,85.529838,85.299166,0.031304,0.030264,0.345518
92,T92_UAV_2,HAP_1,HAP_1,98.82132,98.615603,0.026271,0.01958,0.299328
92,T92_UAV_7,HAP_1,LEO_0,134.190272,134.133761,0.003773,0.014124,0.193071
93,T93_UAV_14,BS_0,LEO_1,81.55739,81.336458,0.040593,0.007666,0.363368
93,T93_UAV_12,BS_3,LEO_0,83.405917,83.312044,0.004225,0.024546,0.325511
93,T93_UAV_17,BS_3,HAP_2,615.555594,615.474491,0.013312,0.028864,0.194639
93,T93_UAV_0,HAP_1,HAP_0,89.22283,89.136917,0.005337,0.016999,0.317882
93,T93_UAV_9,BS_4,HAP_2,668.399861,668.337154,0.009978,0.013801,0.194639
93,T93_UAV_5,HAP_1,BS_1,196.682053,196.466785,0.059082,0.01487,0.206582
93,T93_UAV_4,BS_4,HAP_2,785.242533,785.161994,0.012345,0.029265,0.194639
93,T93_UAV_7,HAP_1,HAP_2,796.45839,796.374734,0.015452,0.029277,0.194639
93,T93_UAV_2,HAP_1,HAP_2,814.256246,814.169496,0.016583,0.031239,0.194639
93,T93_UAV_3,HAP_1,HAP_2,835.776135,835.707346,0.017363,0.012498,0.194639
93,T93_UAV_15,BS_4,LEO_1,43.146803,42.899287,0.040463,0.034379,0.363368
93,T93_UAV_18,BS_3,LEO_0,53.008568,52.924133,0.003043,0.016291,0.325511
93,T93_UAV_16,BS_0,BS_0,60.365043,60.175003,0.025026,0.01235,0.263316
93,T93_UAV_10,HAP_1,BS_2,72.358734,72.123797,0.028012,0.05283,0.270476
93,T93_UAV_1,BS_4,HAP_2,386.583488,386.514679,0.006074,0.023807,0.194639
93,T93_UAV_13,HAP_1,HAP_2,449.652469,449.581543,0.009162,0.022836,0.194639
93,T93_UAV_11,HAP_1,HAP_2,560.125463,560.044406,0.011379,0.03075,0.194639
94,T94_UAV_4,BS_4,LEO_1,272.966195,272.762377,0.042066,0.016914,0.224195
94,T94_UAV_9,BS_4,HAP_0,587.467168,587.290622,0.034337,0.005213,0.184978
94,T94_UAV_7,HAP_1,LEO_1,279.784369,279.587911,0.041679,0.00994,0.224195
94,T94_UAV_13,HAP_1,HAP_0,599.986008,599.793641,0.037845,0.017527,0.184978
94,T94_UAV_6,BS_3,BS_1,390.126578,389.961091,0.097442,0.021171,0.234374
94,T94_UAV_18,BS_3,HAP_0,732.793294,732.61136,0.041033,0.003906,0.184978
94,T94_UAV_2,HAP_1,HAP_0,914.997533,914.810677,0.045133,0.004728,0.184978
94,T94_UAV_15,BS_4,HAP_0,942.545186,942.364532,0.039566,0.004092,0.184978
94,T94_UAV_17,BS_3,HAP_0,945.288871,945.096207,0.044958,0.01071,0.184978
94,T94_UAV_3,HAP_1,HAP_0,978.653589,978.463857,0.046005,0.006731,0.184978
94,T94_UAV_0,HAP_1,BS_0,51.513919,51.294432,0.022807,0.038247,0.292165
94,T94_UAV_14,BS_0,LEO_1,96.295295,96.078008,0.040535,0.031913,0.224195
94,T94_UAV_19,BS_2,LEO_1,101.865504,101.648047,0.040556,0.032062,0.224195
94,T94_UAV_5,HAP_1,LEO_1,174.939343,174.746028,0.041118,0.007358,0.224195
94,T94_UAV_12,BS_3,BS_1,233.756965,233.614254,0.058374,0.037461,0.234374
94,T94_UAV_11,HAP_1,HAP_0,442.569267,442.388486,0.034461,0.009324,0.184978
94,T94_UAV_1,BS_4,HAP_0,444.782574,444.604352,0.031342,0.009885,0.184978
94,T94_UAV_8,BS_4,HAP_0,472.30491,472.122245,0.032871,0.012797,0.184978
95,T95_UAV_15,BS_4,LEO_1,73.368852,73.14434,0.040669,0.019901,0.319714
95,T95_UAV_17,BS_3,LEO_0,130.373578,130.155015,0.045227,0.010579,0.313786
95,T95_UAV_8,BS_4,HAP_0,142.588085,142.329003,0.028786,0.025188,0.525545
95,T95_UAV_6,BS_3,HAP_2,144.679905,144.408882,0.029746,0.042114,0.495815
95,T95_UAV_18,BS_3,HAP_1,162.49487,162.223112,0.027597,0.070482,0.368397
95,T95_UAV_13,HAP_1,LEO_1,162.878043,162.643409,0.04125,0.029441,0.319714
95,T95_UAV_2,HAP_1,LEO_0,170.7119,170.494284,0.045806,0.009053,0.313786
95,T95_UAV_4,BS_4,HAP_2,196.004297,195.753304,0.029591,0.022239,0.495815
95,T95_UAV_0,HAP_1,BS_1,51.82484,51.608402,0.022886,0.030476,0.315383
95,T95_UAV_19,BS_2,BS_0,54.042037,53.830453,0.023441,0.026488,0.308271
95,T95_UAV_1,BS_4,BS_3,54.131656,53.910861,0.023461,0.02663,0.35352
95,T95_UAV_12,BS_3,BS_4,57.655158,57.410531,0.024335,0.049815,0.352386
95,T95_UAV_9,BS_4,BS_2,63.504903,63.248882,0.025794,0.043557,0.433351
95,T95_UAV_11,HAP_1,HAP_0,71.23075,70.955942,0.027767,0.041932,0.525545
95,T95_UAV_5,HAP_1,LEO_1,94.161575,93.930789,0.040706,0.026137,0.319714
95,T95_UAV_10,HAP_1,LEO_0,104.816021,104.593803,0.043732,0.015729,0.313786
95,T95_UAV_16,BS_0,HAP_1,181.521755,181.262347,0.029509,0.05622,0.368397
96,T96_UAV_6,BS_3,LEO_1,110.948923,110.870574,0.000684,0.028418,0.246233
96,T96_UAV_1,BS_4,LEO_0,86.937649,86.72091,0.043535,0.021967,0.256185
96,T96_UAV_8,BS_4,HAP_2,358.422788,358.218764,0.030506,0.039326,0.170963
96,T96_UAV_4,BS_4,HAP_0,79.663844,79.457446,0.028171,0.012445,0.328913
96,T96_UAV_3,HAP_1,HAP_2,419.993491,419.796271,0.034844,0.028183,0.170963
96,T96_UAV_7,HAP_1,HAP_2,475.468555,475.271038,0.035305,0.02802,0.170963
96,T96_UAV_9,BS_4,HAP_2,525.416448,525.227469,0.033598,0.021188,0.170963
96,T96_UAV_18,BS_3,HAP_2,566.491971,566.286793,0.039391,0.031596,0.170963
96,T96_UAV_0,HAP_1,LEO_1,63.967365,63.906806,0.000519,0.010793,0.246233
96,T96_UAV_16,BS_0,LEO_0,53.28044,53.074263,0.042428,0.012512,0.256185
96,T96_UAV_17,BS_3,HAP_1,43.522328,43.291402,0.025823,0.033448,0.358273
96,T96_UAV_15,BS_4,LEO_1,97.780019,97.7144,0.000897,0.015475,0.246233
96,T96_UAV_14,BS_0,BS_1,104.234547,104.028539,0.035984,0.018525,0.257492
96,T96_UAV_13,HAP_1,BS_2,127.817983,127.608354,0.041876,0.017235,0.252584
96,T96_UAV_5,HAP_1,HAP_2,332.778444,332.589763,0.032527,0.021961,0.170963
97,T97_UAV_9,BS_4,LEO_0,288.106499,288.05453,0.004365,0.010524,0.185403
97,T97_UAV_5,HAP_1,LEO_1,119.902037,119.815682,0.001042,0.024553,0.303795
97,T97_UAV_4,BS_4,LEO_0,310.542459,310.484004,0.004602,0.016773,0.185403
97,T97_UAV_17,BS_3,LEO_0,361.993476,361.944542,0.007308,0.004546,0.185403
97,T97_UAV_12,BS_3,BS_1,495.29077,495.095057,0.123712,0.026304,0.228488
97,T97_UAV_0,HAP_1,LEO_0,428.612957,428.556859,0.007956,0.011062,0.185403
97,T97_UAV_13,HAP_1,LEO_0,491.393593,491.332169,0.008971,0.015373,0.185403
97,T97_UAV_1,BS_4,LEO_0,492.228083,492.168394,0.007903,0.014705,0.185403
97,T97_UAV_6,BS_3,HAP_0,29.632097,29.395401,0.026272,0.043332,0.335461
97,T97_UAV_10,HAP_1,HAP_2,36.149988,35.904049,0.026865,0.027117,0.459783
97,T97_UAV_15,BS_4,LEO_1,51.345912,51.269202,0.000559,0.015391,0.303795
97,T97_UAV_19,BS_2,HAP_1,59.154219,58.931971,0.026211,0.032849,0.315945
97,T97_UAV_3,HAP_1,LEO_0,186.845032,186.791494,0.003494,0.012963,0.185403
97,T97_UAV_8,BS_4,LEO_0,188.460747,188.415044,0.002643,0.00598,0.185403
97,T97_UAV_18,BS_3,BS_1,299.911573,299.781984,0.074908,0.008984,0.228488
97,T97_UAV_2,HAP_1,BS_1,331.880957,331.733546,0.082892,0.018821,0.228488
98,T98_UAV_8,BS_4,LEO_1,114.507987,114.29795,0.040991,0.015783,0.266317
98,T98_UAV_15,BS_4,HAP_0,562.485664,562.302844,0.03337,0.030122,0.096645
98,T98_UAV_17,BS_3,LEO_1,145.146974,144.934507,0.040837,0.018366,0.266317
98,T98_UAV_6,BS_3,HAP_0,840.310517,840.127752,0.040037,0.023399,0.096645
98,T98_UAV_13,HAP_1,LEO_1,189.856581,189.644101,0.04132,0.017897,0.266317
98,T98_UAV_0,HAP_1,LEO_1,193.816607,193.603102,0.041425,0.018816,0.266317
98,T98_UAV_1,BS_4,HAP_0,992.805872,992.619685,0.038674,0.028184,0.096645
98,T98_UAV_14,BS_0,HAP_0,1067.998497,1067.818202,0.043987,0.01698,0.096645
98,T98_UAV_12,BS_3,HAP_0,1185.444402,1185.262052,0.046059,0.016962,0.096645
98,T98_UAV_19,BS_3,HAP_1,48.891223,48.679169,0.025997,0.026726,0.296657
98,T98_UAV_4,BS_4,HAP_0,317.941267,317.764821,0.03044,0.026676,0.096645
98,T98_UAV_18,BS_3,HAP_0,356.475534,356.299504,0.032369,0.024332,0.096645
98,T98_UAV_2,HAP_1,HAP_0,360.545787,360.386756,0.032526,0.007175,0.096645
98,T98_UAV_11,HAP_1,HAP_0,477.799963,477.632279,0.034712,0.013643,0.096645
98,T98_UAV_9,BS_4,HAP_0,500.887687,500.709241,0.032685,0.026432,0.096645
98,T98_UAV_16,BS_0,HAP_0,602.740735,602.563359,0.033922,0.024125,0.096645
98,T98_UAV_7,HAP_1,HAP_0,789.525445,789.350644,0.039983,0.01549,0.096645
99,T99_UAV_0,HAP_1,LEO_1,139.897511,139.68173,0.041029,0.020536,0.271084
99,T99_UAV_12,BS_3,LEO_0,151.597909,151.342535,0.044457,0.019106,0.459055
99,T99_UAV_3,HAP_1,HAP_2,128.777673,128.56788,0.029539,0.014044,0.331051
99,T99_UAV_6,BS_3,HAP_0,151.178721,150.919237,0.029803,0.026411,0.516347
99,T99_UAV_4,BS_4,LEO_1,203.462805,203.245334,0.041666,0.021588,0.271084
99,T99_UAV_17,BS_3,HAP_1,196.209779,195.99468,0.028176,0.019378,0.337724
99,T99_UAV_10,HAP_1,LEO_0,233.81108,233.563751,0.046742,0.008777,0.459055
99,T99_UAV_9,BS_4,BS_2,157.109924,156.839641,0.04918,0.067749,0.266766
99,T99_UAV_18,BS_3,HAP_2,197.302552,197.07544,0.032767,0.028136,0.331051
99,T99_UAV_14,BS_0,BS_3,55.542339,55.273371,0.023801,0.074822,0.351724
99,T99_UAV_13,HAP_1,LEO_1,83.02177,82.817477,0.040575,0.009501,0.271084
99,T99_UAV_5,HAP_1,BS_4,76.35292,76.098221,0.029005,0.054709,0.354926
99,T99_UAV_11,HAP_1,BS_0,76.963528,76.722292,0.029161,0.037798,0.371387
99,T99_UAV_16,BS_0,BS_1,78.114699,77.845592,0.029442,0.036367,0.516489
99,T99_UAV_7,HAP_1,HAP_0,80.862808,80.592048,0.027812,0.039679,0.516347
99,T99_UAV_8,BS_4,LEO_0,114.456785,114.193485,0.042384,0.029105,0.459055
99,T99_UAV_2,HAP_1,LEO_1,91.059726,90.832961,0.04071,0.031839,0.271084
99,T99_UAV_19,BS_3,HAP_1,90.296639,90.018866,0.026535,0.083694,0.337724
99,T99_UAV_1,BS_4,LEO_0,130.26058,130.018339,0.043206,0.007224,0.459055
100,T100_UAV_2,HAP_1,LEO_1,205.301286,205.240608,0.001489,0.022635,0.182769
100,T100_UAV_6,BS_3,LEO_0,192.094759,191.901574,0.045755,0.011071,0.181797
100,T100_UAV_18,BS_3,HAP_2,187.970441,187.769205,0.032391,0.024566,0.2214
100,T100_UAV_8,BS_4,LEO_1,247.164912,247.109738,0.001978,0.016641,0.182769
100,T100_UAV_15,BS_4,LEO_0,229.685468,229.494496,0.044949,0.009664,0.181797
100,T100_UAV_19,BS_3,LEO_1,294.069241,294.021975,0.001607,0.009105,0.182769
100,T100_UAV_16,BS_0,LEO_0,256.472893,256.246327,0.046937,0.043269,0.181797
100,T100_UAV_12,BS_3,HAP_0,47.819177,47.583985,0.027026,0.039057,0.345542
100,T100_UAV_3,HAP_1,BS_1,84.58096,84.373022,0.031073,0.035066,0.208995
100,T100_UAV_1,BS_4,HAP_2,87.809654,87.604926,0.027083,0.033365,0.2214
100,T100_UAV_0,HAP_1,LEO_1,123.155897,123.104701,0.000845,0.013796,0.182769
100,T100_UAV_13,HAP_1,LEO_0,134.563292,134.360129,0.043863,0.02294,0.181797
100,T100_UAV_14,BS_0,LEO_1,168.889497,168.821553,0.000938,0.030452,0.182769
101,T101_UAV_15,BS_4,LEO_1,86.594262,86.384854,0.040798,0.02211,0.232499
101,T101_UAV_1,BS_4,LEO_0,120.947861,120.751034,0.042984,0.026935,0.134539
101,T101_UAV_19,BS_3,HAP_2,134.538158,134.331693,0.029278,0.043398,0.168951
101,T101_UAV_5,HAP_1,HAP_0,153.213222,153.007729,0.030781,0.016841,0.289355
101,T101_UAV_10,HAP_1,LEO_0,202.951948,202.759498,0.045848,0.019694,0.134539
101,T101_UAV_2,HAP_1,LEO_1,159.034959,158.809639,0.041379,0.037441,0.232499
101,T101_UAV_13,HAP_1,HAP_2,194.153417,193.945938,0.031723,0.041965,0.168951
101,T101_UAV_0,HAP_1,HAP_1,74.263887,74.063807,0.025842,0.015044,0.295972
101,T101_UAV_9,BS_4,BS_1,58.110194,57.927939,0.024465,0.022746,0.175216
101,T101_UAV_8,BS_4,LEO_0,94.28553,94.106882,0.041963,0.009778,0.134539
101,T101_UAV_7,HAP_1,HAP_0,78.697668,78.486969,0.027731,0.025097,0.289355
101,T101_UAV_18,BS_3,LEO_1,88.367359,88.172,0.040578,0.008282,0.232499
101,T101_UAV_11,HAP_1,HAP_1,116.96006,116.755297,0.026073,0.019495,0.295972
101,T101_UAV_12,BS_2,LEO_0,143.30804,143.10354,0.044204,0.033388,0.134539
102,T102_UAV_17,BS_3,LEO_1,81.516125,81.288422,0.040576,0.020825,0.33151
102,T102_UAV_0,HAP_1,LEO_0,179.65959,179.588825,0.005288,0.019706,0.22886
102,T102_UAV_9,BS_4,HAP_0,188.706212,188.538541,0.029162,0.018129,0.101897
102,T102_UAV_13,HAP_1,HAP_2,216.530287,216.351847,0.031361,0.011205,0.179366
102,T102_UAV_15,BS_4,LEO_0,199.197531,199.131311,0.004288,0.01616,0.22886
102,T102_UAV_10,HAP_1,HAP_0,235.223864,235.038671,0.033382,0.031431,0.101897
102,T102_UAV_2,HAP_1,LEO_1,43.295874,43.083044,0.040439,0.00609,0.33151
102,T102_UAV_19,BS_3,BS_1,52.853873,52.688924,0.023156,0.01505,0.13372
102,T102_UAV_5,HAP_1,HAP_1,35.131195,34.92983,0.025279,0.012812,0.316367
102,T102_UAV_6,BS_3,HAP_2,101.738648,101.544353,0.027856,0.030566,0.179366
102,T102_UAV_8,BS_4,LEO_0,106.593841,106.53533,0.002225,0.010514,0.22886
102,T102_UAV_16,BS_0,BS_2,85.956715,85.750293,0.031417,0.009752,0.326263
102,T102_UAV_3,HAP_1,LEO_0,117.779165,117.697509,0.003473,0.03241,0.22886
102,T102_UAV_7,HAP_1,HAP_0,141.506904,141.319506,0.029163,0.037855,0.101897
102,T102_UAV_1,BS_4,HAP_2,159.174863,158.980612,0.028349,0.030029,0.179366
103,T103_UAV_3,HAP_1,LEO_0,205.771696,205.570838,0.045183,0.018319,0.186782
103,T103_UAV_7,HAP_1,LEO_1,144.466451,144.396056,0.001028,0.022967,0.232
103,T103_UAV_9,BS_4,HAP_2,207.121553,206.957683,0.029058,0.006909,0.139515
103,T103_UAV_1,BS_4,HAP_0,157.704957,157.507217,0.028346,0.022906,0.232446
103,T103_UAV_10,HAP_1,LEO_1,160.055998,159.999419,0.001422,0.008757,0.232
103,T103_UAV_14,BS_0,LEO_0,317.990245,317.793279,0.048487,0.011122,0.186782
103,T103_UAV_17,BS_3,HAP_2,286.53113,286.342241,0.034174,0.026812,0.139515
103,T103_UAV_4,BS_4,LEO_0,333.645888,333.45433,0.046448,0.007754,0.186782
103,T103_UAV_11,HAP_1,HAP_1,25.406674,25.173985,0.025259,0.03864,0.343953
103,T103_UAV_0,HAP_1,LEO_1,71.710199,71.655338,0.000586,0.007875,0.232
103,T103_UAV_15,BS_4,BS_1,102.557804,102.462247,0.025603,0.022442,0.237562
103,T103_UAV_5,HAP_1,HAP_0,111.722913,111.526734,0.029201,0.020488,0.232446
103,T103_UAV_16,BS_0,LEO_0,222.925452,222.722045,0.045161,0.020889,0.186782
103,T103_UAV_18,BS_3,HAP_2,270.730929,270.536373,0.03387,0.032783,0.139515
103,T103_UAV_12,BS_2,LEO_0,303.605503,303.412108,0.047613,0.008426,0.186782
104,T104_UAV_9,BS_4,LEO_1,156.531469,156.462096,0.001317,0.009289,0.293835
104,T104_UAV_5,HAP_1,LEO_0,113.531952,113.320399,0.045402,0.024369,0.208915
104,T104_UAV_19,BS_3,HAP_0,274.510095,274.453013,0.006755,0.011689,0.193187
104,T104_UAV_3,HAP_1,HAP_2,172.88938,172.676928,0.031066,0.040108,0.206383
104,T104_UAV_10,HAP_1,LEO_1,189.506073,189.439713,0.001687,0.005906,0.293835
104,T104_UAV_6,BS_3,HAP_0,368.478407,368.422112,0.009138,0.00852,0.193187
104,T104_UAV_18,BS_3,LEO_0,39.067731,38.874311,0.042202,0.009434,0.208915
104,T104_UAV_15,BS_4,HAP_1,29.609012,29.378101,0.025829,0.03498,0.35051
104,T104_UAV_14,BS_0,LEO_1,74.1304,74.056226,0.000473,0.014934,0.293835
104,T104_UAV_1,BS_4,BS_1,84.289191,84.092007,0.031003,0.016723,0.24729
104,T104_UAV_13,HAP_1,BS_3,84.594692,84.36595,0.031071,0.057821,0.19925
104,T104_UAV_0,HAP_1,HAP_2,139.143078,138.955286,0.0301,0.016414,0.206383
104,T104_UAV_12,BS_2,HAP_0,197.502156,197.425426,0.004772,0.03332,0.193187
104,T104_UAV_11,HAP_1,HAP_0,260.864457,260.792316,0.007653,0.02585,0.193187
105,T105_UAV_18,BS_3,LEO_1,126.639176,126.552072,0.000831,0.018285,0.339941
105,T105_UAV_4,BS_4,LEO_0,86.411923,86.181226,0.043122,0.025542,0.310166
105,T105_UAV_9,BS_4,HAP_2,253.992612,253.918142,0.004623,0.024491,0.22678
105,T105_UAV_13,HAP_1,HAP_0,196.706896,196.525434,0.03143,0.006737,0.216474
105,T105_UAV_15,BS_4,HAP_1,69.606135,69.325794,0.026961,0.070008,0.416861
105,T105_UAV_2,HAP_1,LEO_1,158.715284,158.639787,0.001378,0.006132,0.339941
105,T105_UAV_0,HAP_1,LEO_0,106.164172,105.947093,0.045324,0.009721,0.310166
105,T105_UAV_17,BS_3,HAP_2,327.257356,327.197277,0.009385,0.005339,0.22678
105,T105_UAV_6,BS_3,LEO_1,190.88033,190.786981,0.001172,0.024189,0.339941
105,T105_UAV_10,HAP_1,BS_1,56.333655,56.247344,0.014055,0.024366,0.239453
105,T105_UAV_3,HAP_1,HAP_0,109.541436,109.350108,0.028543,0.01949,0.216474
105,T105_UAV_11,HAP_1,BS_4,97.422634,97.175583,0.034272,0.045833,0.334733
105,T105_UAV_14,BS_0,HAP_2,162.462303,162.382197,0.004281,0.030469,0.22678
105,T105_UAV_19,BS_3,HAP_0,145.931993,145.733673,0.028967,0.026058,0.216474
105,T105_UAV_12,BS_2,BS_3,167.417005,167.146211,0.051756,0.048512,0.352632
105,T105_UAV_8,BS_4,HAP_2,247.56481,247.508546,0.0042,0.006708,0.22678
106,T106_UAV_18,BS_3,LEO_1,220.196025,220.014632,0.041146,0.006769,0.167388
106,T106_UAV_19,BS_3,LEO_0,106.993316,106.931704,0.005332,0.00502,0.256296
106,T106_UAV_13,HAP_1,HAP_0,165.014815,164.949703,0.00646,0.007113,0.257698
106,T106_UAV_2,HAP_1,HAP_2,175.021935,174.84012,0.031125,0.00629,0.221996
106,T106_UAV_15,BS_4,LEO_1,342.346149,342.163042,0.042361,0.007269,0.167388
106,T106_UAV_8,BS_4,HAP_1,91.697884,91.498098,0.027482,0.022209,0.250473
106,T106_UAV_7,HAP_1,LEO_1,370.83852,370.645353,0.042072,0.017617,0.167388
106,T106_UAV_9,BS_4,LEO_1,409.603091,409.422119,0.042603,0.004892,0.167388
106,T106_UAV_16,BS_0,LEO_0,38.503629,38.416727,0.001737,0.033905,0.256296
106,T106_UAV_3,HAP_1,HAP_0,60.802214,60.711895,0.002349,0.03643,0.257698
106,T106_UAV_17,BS_3,BS_1,62.432442,62.320019,0.015572,0.032627,0.32112
106,T106_UAV_6,BS_3,HAP_2,82.390059,82.19493,0.027718,0.023012,0.221996
106,T106_UAV_1,BS_4,LEO_1,119.364295,119.171608,0.040748,0.018461,0.167388
106,T106_UAV_11,HAP_1,BS_3,94.402151,94.189199,0.033526,0.020259,0.295835
106,T106_UAV_0,HAP_1,BS_4,120.462691,120.236192,0.040034,0.018437,0.340137
106,T106_UAV_12,BS_2,LEO_1,230.944803,230.759838,0.041159,0.010329,0.167388
106,T106_UAV_4,BS_4,LEO_1,258.247797,258.056805,0.041755,0.015759,0.167388
107,T107_UAV_15,BS_4,LEO_1,69.187309,68.951646,0.040764,0.010108,0.423958
107,T107_UAV_2,HAP_1,LEO_0,154.227391,154.026993,0.04431,0.007242,0.244227
107,T107_UAV_6,BS_3,HAP_0,186.82263,186.601152,0.030134,0.03351,0.289169
107,T107_UAV_5,HAP_1,HAP_2,129.706875,129.482196,0.029293,0.022023,0.366814
107,T107_UAV_10,HAP_1,LEO_1,88.196742,87.948156,0.040929,0.022865,0.423958
107,T107_UAV_17,BS_3,HAP_1,134.126728,133.926589,0.027226,0.015223,0.288444
107,T107_UAV_18,BS_3,LEO_0,191.371734,191.161423,0.046263,0.015203,0.244227
107,T107_UAV_14,BS_0,HAP_0,245.300038,245.078793,0.031574,0.031837,0.289169
107,T107_UAV_8,BS_4,BS_1,175.140777,174.995344,0.043727,0.029603,0.360514
107,T107_UAV_13,HAP_1,BS_3,77.697713,77.441907,0.029341,0.066991,0.297367
107,T107_UAV_19,BS_3,LEO_0,107.578379,107.360868,0.043139,0.025526,0.244227
107,T107_UAV_1,BS_4,HAP_2,97.229151,96.998554,0.027335,0.029899,0.366814
107,T107_UAV_0,HAP_1,HAP_1,86.306083,86.094646,0.026001,0.027747,0.288444
107,T107_UAV_12,BS_2,BS_4,128.869605,128.629665,0.042131,0.02429,0.367591
107,T107_UAV_11,HAP_1,LEO_0,131.799532,131.574176,0.043741,0.03277,0.244227
107,T107_UAV_16,BS_0,HAP_0,243.47156,243.265117,0.030017,0.018592,0.289169
108,T108_UAV_6,BS_3,LEO_1,124.208038,123.958889,0.04076,0.028337,0.400264
108,T108_UAV_3,HAP_1,LEO_0,175.535043,175.327428,0.045155,0.019444,0.215077
108,T108_UAV_0,HAP_1,HAP_0,284.734262,284.672129,0.008813,0.015609,0.188557
108,T108_UAV_14,BS_0,HAP_2,147.535913,147.459414,0.005077,0.031081,0.201703
108,T108_UAV_1,BS_4,HAP_1,91.300175,91.064873,0.027913,0.041842,0.327736
108,T108_UAV_18,BS_3,LEO_0,252.298305,252.092083,0.048254,0.014953,0.215077
108,T108_UAV_8,BS_4,LEO_1,194.625375,194.365694,0.041902,0.037727,0.400264
108,T108_UAV_7,HAP_1,HAP_0,333.21192,333.15092,0.008774,0.014515,0.188557
108,T108_UAV_15,BS_4,BS_1,167.608593,167.420295,0.051827,0.010592,0.129396
108,T108_UAV_5,HAP_1,HAP_0,386.800245,386.73751,0.01089,0.014134,0.188557
108,T108_UAV_10,HAP_1,HAP_2,53.534005,53.484582,0.001977,0.007105,0.201703
108,T108_UAV_9,BS_4,BS_2,77.444237,77.177712,0.029275,0.074069,0.315908
108,T108_UAV_13,HAP_1,BS_4,86.589516,86.363285,0.03157,0.034492,0.300849
108,T108_UAV_2,HAP_1,BS_3,97.059718,96.843419,0.034189,0.016962,0.325739
108,T108_UAV_11,HAP_1,BS_0,99.912306,99.639393,0.034887,0.06694,0.355428
108,T108_UAV_17,BS_3,LEO_1,107.353019,107.113464,0.040671,0.018831,0.400264
108,T108_UAV_12,BS_2,LEO_0,190.69584,190.502246,0.045549,0.005029,0.215077
108,T108_UAV_4,BS_4,HAP_0,145.999516,145.93915,0.003364,0.019291,0.188557
108,T108_UAV_16,BS_0,LEO_0,194.412508,194.203365,0.045202,0.020925,0.215077
109,T109_UAV_3,HAP_1,LEO_1,153.734473,153.67786,0.001015,0.011801,0.218986
109,T109_UAV_18,BS_3,LEO_0,191.370193,191.309017,0.006262,0.005044,0.249351
109,T109_UAV_7,HAP_1,HAP_2,146.752396,146.684441,0.004542,0.008161,0.276262
109,T109_UAV_4,BS_4,HAP_0,166.107724,165.860685,0.029859,0.041862,0.376589
109,T109_UAV_0,HAP_1,LEO_1,222.403309,222.344614,0.001649,0.013249,0.218986
109,T109_UAV_10,HAP_1,LEO_0,222.808069,222.732461,0.006414,0.019323,0.249351
109,T109_UAV_19,BS_3,LEO_1,255.595599,255.522821,0.001472,0.027508,0.218986
109,T109_UAV_8,BS_4,HAP_2,197.510551,197.431487,0.004028,0.019783,0.276262
109,T109_UAV_1,BS_4,HAP_1,28.254008,28.003155,0.025894,0.053688,0.356355
109,T109_UAV_9,BS_4,BS_1,59.509318,59.429705,0.01485,0.014173,0.252947
109,T109_UAV_15,BS_4,BS_0,63.062403,62.852235,0.025695,0.033001,0.257357
109,T109_UAV_13,HAP_1,BS_4,63.817768,63.597664,0.025881,0.028187,0.330178
109,T109_UAV_2,HAP_1,BS_3,86.201854,85.952842,0.031467,0.049889,0.338281
109,T109_UAV_5,HAP_1,LEO_0,114.285146,114.202194,0.003201,0.02988,0.249351
109,T109_UAV_11,HAP_1,HAP_0,106.297883,106.066983,0.029197,0.026385,0.376589
109,T109_UAV_17,BS_3,BS_2,107.613262,107.387389,0.036823,0.013839,0.37605
109,T109_UAV_12,BS_2,LEO_1,134.377153,134.322746,0.000779,0.009831,0.218986
109,T109_UAV_14,BS_0,LEO_0,201.589579,201.510143,0.006279,0.023287,0.249351
110,T110_UAV_5,HAP_1,LEO_1,108.012881,107.797067,0.040809,0.024457,0.25274
110,T110_UAV_10,HAP_1,LEO_0,128.294795,128.097004,0.04455,0.007691,0.227747
110,T110_UAV_19,BS_3,HAP_0,144.721456,144.658739,0.004643,0.010664,0.237056
110,T110_UAV_4,BS_4,HAP_2,177.911892,177.812928,0.004092,0.021022,0.369251
110,T110_UAV_11,HAP_1,LEO_1,193.15863,192.937745,0.041528,0.028809,0.25274
110,T110_UAV_3,HAP_1,LEO_0,195.05098,194.839809,0.047081,0.01854,0.227747
110,T110_UAV_6,BS_3,HAP_0,52.369287,52.306692,0.001692,0.013492,0.237056
110,T110_UAV_17,BS_3,HAP_1,32.273282,32.057906,0.025642,0.018286,0.357243
110,T110_UAV_8,BS_4,HAP_2,68.184887,68.102344,0.001391,0.007303,0.369251
110,T110_UAV_12,BS_2,BS_1,70.124809,70.037664,0.017501,0.005294,0.321751
110,T110_UAV_15,BS_4,LEO_1,78.305743,78.069708,0.040731,0.044756,0.25274
110,T110_UAV_2,HAP_1,LEO_0,87.154103,86.937289,0.043008,0.028257,0.227747
110,T110_UAV_13,HAP_1,BS_0,103.182235,102.9459,0.035714,0.030531,0.350449
110,T110_UAV_0,HAP_1,BS_3,107.114274,106.882275,0.036697,0.024648,0.353268
110,T110_UAV_14,BS_0,BS_4,160.348494,160.081073,0.04999,0.046916,0.352577
111,T111_UAV_14,BS_0,LEO_1,229.587063,229.384129,0.041266,0.014513,0.23577
111,T111_UAV_13,HAP_1,LEO_0,190.54623,190.354247,0.045514,0.00525,0.206092
111,T111_UAV_18,BS_3,HAP_2,318.489012,318.324061,0.033504,0.006596,0.124259
111,T111_UAV_11,HAP_1,HAP_0,91.153622,90.953814,0.030186,0.006693,0.31464
111,T111_UAV_19,BS_3,LEO_1,249.838537,249.626425,0.041354,0.023605,0.23577
111,T111_UAV_5,HAP_1,LEO_0,238.07709,237.883128,0.04665,0.006093,0.206092
111,T111_UAV_10,HAP_1,HAP_2,342.571659,342.389025,0.033813,0.02397,0.124259
111,T111_UAV_8,BS_4,LEO_1,308.428213,308.211115,0.042482,0.027462,0.23577
111,T111_UAV_9,BS_4,HAP_2,356.730261,356.552887,0.031168,0.021355,0.124259
111,T111_UAV_1,BS_4,HAP_1,26.552896,26.330927,0.025841,0.033866,0.311311
111,T111_UAV_17,BS_3,LEO_0,68.991599,68.798237,0.042254,0.00989,0.206092
111,T111_UAV_0,HAP_1,LEO_1,113.904731,113.703325,0.040783,0.013469,0.23577
111,T111_UAV_6,BS_3,BS_1,103.672458,103.552759,0.025875,0.019943,0.369401
111,T111_UAV_7,HAP_1,LEO_0,128.548595,128.351193,0.043499,0.012685,0.206092
111,T111_UAV_2,HAP_1,LEO_1,178.631687,178.421491,0.041291,0.02175,0.23577
111,T111_UAV_16,BS_0,HAP_2,300.206115,300.04064,0.031047,0.009576,0.124259
111,T111_UAV_12,BS_2,HAP_2,399.138286,398.972259,0.034053,0.007122,0.124259
112,T112_UAV_9,BS_4,LEO_1,126.93394,126.711469,0.041063,0.026361,0.275236
112,T112_UAV_8,BS_4,LEO_0,143.328973,143.270691,0.003602,0.006489,0.240954
112,T112_UAV_0,HAP_1,HAP_0,188.014857,187.808905,0.03294,0.0232,0.249058
112,T112_UAV_5,HAP_1,HAP_2,193.008228,192.787068,0.031342,0.01537,0.372239
112,T112_UAV_11,HAP_1,LEO_1,200.394749,200.156156,0.041591,0.041955,0.275236
112,T112_UAV_18,BS_3,BS_1,138.199891,137.992061,0.044471,0.025946,0.187068
112,T112_UAV_10,HAP_1,LEO_0,52.205012,52.1392,0.001857,0.015764,0.240954
112,T112_UAV_4,BS_4,HAP_1,41.790536,41.538433,0.025971,0.054626,0.35753
112,T112_UAV_15,BS_4,HAP_0,67.539416,67.33251,0.026618,0.030477,0.249058
112,T112_UAV_19,BS_3,BS_4,110.76077,110.524805,0.037607,0.032085,0.331368
112,T112_UAV_13,HAP_1,HAP_2,114.236768,114.019551,0.028976,0.013793,0.372239
112,T112_UAV_12,BS_2,LEO_1,164.37,164.129316,0.041034,0.044604,0.275236
112,T112_UAV_16,BS_0,LEO_0,174.493086,174.419245,0.005719,0.019931,0.240954
113,T113_UAV_4,BS_4,LEO_1,165.929396,165.742129,0.041363,0.008513,0.186958
113,T113_UAV_16,BS_0,HAP_0,154.898213,154.706586,0.028578,0.021858,0.205957
113,T113_UAV_17,BS_3,HAP_2,168.474236,168.270172,0.031502,0.014823,0.288692
113,T113_UAV_18,BS_3,LEO_1,213.932243,213.744935,0.041281,0.008636,0.186958
113,T113_UAV_8,BS_4,LEO_1,262.330773,262.127805,0.042295,0.023282,0.186958
113,T113_UAV_10,HAP_1,LEO_0,38.947971,38.862985,0.001906,0.022437,0.303215
113,T113_UAV_9,BS_4,BS_1,73.044863,72.969802,0.018233,0.01627,0.202785
113,T113_UAV_12,BS_2,LEO_0,75.947524,75.864814,0.003739,0.018328,0.303215
113,T113_UAV_0,HAP_1,HAP_1,57.302912,57.084823,0.02577,0.011875,0.402222
113,T113_UAV_6,BS_3,HAP_0,92.870779,92.674743,0.028008,0.026837,0.205957
113,T113_UAV_19,BS_3,LEO_1,115.621303,115.411772,0.040662,0.031478,0.186958
113,T113_UAV_14,BS_0,HAP_2,116.170125,115.959872,0.028964,0.02355,0.288692
113,T113_UAV_3,HAP_1,BS_0,131.422209,131.195625,0.042773,0.029986,0.269121
114,T114_UAV_9,BS_4,LEO_1,162.303242,162.23874,0.00123,0.025539,0.188664
114,T114_UAV_5,HAP_1,LEO_0,172.178243,171.975155,0.044792,0.020868,0.187141
114,T114_UAV_10,HAP_1,HAP_0,238.899038,238.818128,0.008563,0.022014,0.25166
114,T114_UAV_15,BS_4,HAP_2,171.458665,171.259784,0.028311,0.026982,0.217943
114,T114_UAV_8,BS_4,LEO_1,201.722029,201.655506,0.001768,0.027022,0.188664
114,T114_UAV_1,BS_4,LEO_0,241.704218,241.514192,0.046058,0.00654,0.187141
114,T114_UAV_13,HAP_1,LEO_1,241.724683,241.658924,0.00166,0.026367,0.188664
114,T114_UAV_14,BS_0,HAP_1,26.784425,26.550271,0.02571,0.039815,0.343144
114,T114_UAV_11,HAP_1,HAP_0,80.922344,80.841139,0.002686,0.028187,0.25166
114,T114_UAV_7,HAP_1,BS_1,58.959932,58.875534,0.014712,0.008465,0.306107
114,T114_UAV_4,BS_4,HAP_2,79.307771,79.125981,0.026809,0.011393,0.217943
114,T114_UAV_16,BS_0,LEO_0,110.724243,110.526852,0.042936,0.017027,0.187141
114,T114_UAV_2,HAP_1,BS_4,97.875059,97.632285,0.034386,0.038188,0.351002
114,T114_UAV_3,HAP_1,LEO_1,113.538079,113.480722,0.000747,0.018878,0.188664
114,T114_UAV_12,BS_2,LEO_0,137.692883,137.496031,0.043974,0.01545,0.187141
114,T114_UAV_6,BS_3,HAP_0,193.220259,193.138711,0.005365,0.025851,0.25166
115,T115_UAV_5,HAP_1,LEO_1,146.580308,146.518296,0.001104,0.008087,0.264107
115,T115_UAV_19,BS_3,LEO_0,113.508676,113.305248,0.045673,0.015092,0.213312
115,T115_UAV_2,HAP_1,HAP_2,172.071337,172.007726,0.006097,0.005778,0.258677
115,T115_UAV_0,HAP_1,HAP_0,174.029647,173.841497,0.032378,0.014205,0.207836
115,T115_UAV_4,BS_4,HAP_1,90.153263,89.928096,0.027115,0.039471,0.292905
115,T115_UAV_15,BS_4,LEO_1,194.805022,194.726095,0.001842,0.024263,0.264107
115,T115_UAV_18,BS_3,LEO_0,132.669739,132.448471,0.047443,0.031162,0.213312
115,T115_UAV_9,BS_4,LEO_1,55.587353,55.507807,0.000466,0.026259,0.264107
115,T115_UAV_11,HAP_1,HAP_2,60.333078,60.246761,0.002092,0.03249,0.258677
115,T115_UAV_6,BS_3,BS_1,61.681972,61.581682,0.015388,0.009425,0.377386
115,T115_UAV_13,HAP_1,HAP_0,68.010957,67.826199,0.027655,0.015536,0.207836
115,T115_UAV_3,HAP_1,BS_4,105.290825,105.043349,0.036238,0.038198,0.365202
115,T115_UAV_10,HAP_1,BS_2,105.993793,105.743295,0.036413,0.028934,0.425757
115,T115_UAV_16,BS_0,BS_0,140.984466,140.694869,0.045146,0.058932,0.427594
116,T116_UAV_4,BS_4,LEO_1,93.185172,93.089792,0.001014,0.020314,0.370257
116,T116_UAV_3,HAP_1,LEO_0,158.537283,158.47571,0.005747,0.012665,0.215808
116,T116_UAV_17,BS_3,HAP_0,183.157914,183.077601,0.007075,0.022968,0.251352
116,T116_UAV_7,HAP_1,HAP_2,194.05012,193.959912,0.005916,0.023288,0.30502
116,T116_UAV_1,BS_4,BS_1,689.885011,689.566973,0.182298,0.003226,0.16257
116,T116_UAV_15,BS_4,LEO_0,196.19664,196.139321,0.005039,0.009118,0.215808
116,T116_UAV_18,BS_3,BS_1,886.110459,885.732455,0.231315,0.014175,0.16257
116,T116_UAV_6,BS_3,BS_1,1212.762403,1212.309789,0.312918,0.007181,0.16257
116,T116_UAV_10,HAP_1,BS_1,1237.534587,1237.059737,0.319103,0.023233,0.16257
116,T116_UAV_5,HAP_1,BS_1,1253.890441,1253.423503,0.323192,0.011231,0.16257
116,T116_UAV_2,HAP_1,LEO_1,41.455023,41.374224,0.000421,0.006326,0.370257
116,T116_UAV_16,BS_0,HAP_1,31.448625,31.18495,0.025983,0.069878,0.339073
116,T116_UAV_9,BS_4,HAP_0,80.772912,80.694111,0.002089,0.026442,0.251352
116,T116_UAV_8,BS_4,HAP_2,96.497634,96.423405,0.001979,0.011246,0.30502
116,T116_UAV_19,BS_3,LEO_0,110.389551,110.336488,0.004018,0.005884,0.215808
116,T116_UAV_13,HAP_1,BS_1,1097.487547,1097.053088,0.284119,0.017826,0.16257
116,T116_UAV_12,BS_2,BS_1,1104.709499,1104.281002,0.285925,0.010058,0.16257
117,T117_UAV_6,BS_3,LEO_0,246.185786,245.998063,0.045071,0.005962,0.183449
117,T117_UAV_9,BS_4,LEO_1,81.117902,80.910075,0.040795,0.006808,0.301117
117,T117_UAV_7,HAP_1,HAP_0,275.488684,275.273291,0.032177,0.029827,0.266944
117,T117_UAV_1,BS_4,HAP_2,75.11249,75.014791,0.002374,0.026299,0.345127
117,T117_UAV_13,HAP_1,LEO_0,345.777851,345.581662,0.046917,0.012583,0.183449
117,T117_UAV_17,BS_3,HAP_1,79.710735,79.502479,0.026637,0.012097,0.347611
117,T117_UAV_0,HAP_1,HAP_0,394.737338,394.523992,0.037328,0.02263,0.266944
117,T117_UAV_19,BS_3,LEO_0,149.88491,149.691947,0.043024,0.013249,0.183449
117,T117_UAV_5,HAP_1,LEO_0,152.16736,151.959524,0.042921,0.028226,0.183449
117,T117_UAV_16,BS_0,LEO_1,114.99021,114.767556,0.041047,0.021383,0.301117
117,T117_UAV_2,HAP_1,LEO_0,189.303104,189.118292,0.043692,0.00443,0.183449
117,T117_UAV_18,BS_3,HAP_0,205.117132,204.909728,0.031023,0.022992,0.266944
117,T117_UAV_15,BS_4,LEO_0,255.420567,255.219371,0.043887,0.02062,0.183449
117,T117_UAV_11,HAP_1,HAP_0,230.442306,230.251492,0.031826,0.005599,0.266944
117,T117_UAV_12,BS_2,LEO_0,318.537608,318.334377,0.046317,0.020224,0.183449
118,T118_UAV_17,BS_3,LEO_1,253.941024,253.894611,0.001326,0.005587,0.1975
118,T118_UAV_19,BS_3,LEO_0,92.11029,91.864707,0.044607,0.012989,0.439935
118,T118_UAV_4,BS_4,HAP_2,213.088032,212.88195,0.029296,0.028877,0.239544
118,T118_UAV_2,HAP_1,HAP_0,167.542817,167.306387,0.031959,0.032869,0.35801
118,T118_UAV_18,BS_3,LEO_1,325.169499,325.12191,0.001743,0.006346,0.1975
118,T118_UAV_10,HAP_1,LEO_0,127.681266,127.434762,0.046269,0.012249,0.439935
118,T118_UAV_1,BS_4,LEO_1,325.682438,325.628509,0.002133,0.012297,0.1975
118,T118_UAV_15,BS_4,HAP_2,296.101603,295.902899,0.030133,0.020662,0.239544
118,T118_UAV_7,HAP_1,HAP_1,30.600383,30.330368,0.025402,0.075185,0.347142
118,T118_UAV_16,BS_0,LEO_1,108.048345,107.99517,0.00068,0.012995,0.1975
118,T118_UAV_3,HAP_1,LEO_1,112.351068,112.283461,0.000656,0.027451,0.1975
118,T118_UAV_9,BS_4,BS_4,95.07463,94.8578,0.033693,0.014061,0.345384
118,T118_UAV_5,HAP_1,HAP_0,117.382845,117.15093,0.029327,0.030986,0.35801
118,T118_UAV_14,BS_0,HAP_2,141.368159,141.168838,0.029074,0.022338,0.239544
118,T118_UAV_6,BS_3,LEO_1,214.290258,214.24537,0.001093,0.004296,0.1975
119,T119_UAV_19,BS_3,LEO_1,75.263219,75.029482,0.040465,0.02092,0.361765
119,T119_UAV_2,HAP_1,LEO_0,68.724424,68.491128,0.043285,0.023605,0.332034
119,T119_UAV_5,HAP_1,HAP_0,207.853711,207.782032,0.005782,0.017733,0.240824
119,T119_UAV_7,HAP_1,HAP_2,168.003257,167.79885,0.029372,0.022447,0.262942
119,T119_UAV_15,BS_4,LEO_1,118.856359,118.635159,0.041128,0.00772,0.361765
119,T119_UAV_6,BS_3,HAP_1,67.359189,67.148623,0.026399,0.012484,0.358417
119,T119_UAV_1,BS_4,LEO_0,97.089298,96.872127,0.044066,0.006698,0.332034
119,T119_UAV_0,HAP_1,HAP_0,251.298731,251.210275,0.007868,0.032423,0.240824
119,T119_UAV_9,BS_4,HAP_2,278.571436,278.363582,0.030541,0.024725,0.262942
119,T119_UAV_14,BS_0,BS_1,188.453366,188.226529,0.057023,0.010511,0.296512
119,T119_UAV_11,HAP_1,BS_0,51.981515,51.75933,0.022923,0.043549,0.278562
119,T119_UAV_17,BS_3,BS_2,55.434402,55.167559,0.023775,0.079917,0.315756
119,T119_UAV_18,BS_3,BS_4,55.586018,55.337778,0.023818,0.05409,0.351663
119,T119_UAV_3,HAP_1,BS_3,64.817535,64.587029,0.026129,0.033594,0.353915
119,T119_UAV_4,BS_4,HAP_0,123.197368,123.109351,0.002813,0.037038,0.240824
119,T119_UAV_10,HAP_1,HAP_2,105.455518,105.262001,0.028283,0.012646,0.262942
119,T119_UAV_16,BS_0,LEO_1,122.192569,121.957376,0.040959,0.021882,0.361765
119,T119_UAV_13,HAP_1,HAP_0,161.650634,161.590554,0.004725,0.00719,0.240824
120,T120_UAV_6,BS_3,LEO_1,210.656528,210.467175,0.041188,0.008718,0.197231
120,T120_UAV_15,BS_4,LEO_0,163.784245,163.558693,0.044179,0.036317,0.225275
120,T120_UAV_9,BS_4,HAP_2,166.283438,166.226587,0.003732,0.012098,0.205102
120,T120_UAV_19,BS_3,HAP_0,196.457386,196.246594,0.031398,0.03591,0.21742
120,T120_UAV_0,HAP_1,LEO_1,241.742404,241.532439,0.041798,0.028722,0.197231
120,T120_UAV_16,BS_0,LEO_1,262.211134,262.014009,0.041872,0.015807,0.197231
120,T120_UAV_5,HAP_1,LEO_0,53.732903,53.514211,0.041823,0.031814,0.225275
120,T120_UAV_12,BS_2,HAP_1,59.204663,58.950081,0.026287,0.048407,0.399444
120,T120_UAV_7,HAP_1,LEO_1,93.994971,93.793352,0.040628,0.021545,0.197231
120,T120_UAV_17,BS_3,HAP_2,132.909539,132.842722,0.005178,0.020619,0.205102
120,T120_UAV_1,BS_4,HAP_0,146.749,146.557944,0.028151,0.01942,0.21742
120,T120_UAV_2,HAP_1,BS_1,170.269203,170.044477,0.05248,0.030294,0.209763
120,T120_UAV_14,BS_0,LEO_0,171.384056,171.174572,0.046544,0.017884,0.225275
121,T121_UAV_0,HAP_1,LEO_1,111.584431,111.375157,0.040916,0.021937,0.232107
121,T121_UAV_13,HAP_1,LEO_0,123.78494,123.710365,0.004466,0.027803,0.211532
121,T121_UAV_15,BS_4,HAP_2,126.781181,126.602338,0.027429,0.010169,0.206225
121,T121_UAV_2,HAP_1,HAP_0,178.648858,178.413614,0.032439,0.030835,0.359849
121,T121_UAV_1,BS_4,HAP_1,192.115802,191.849258,0.029775,0.083003,0.268832
121,T121_UAV_11,HAP_1,LEO_1,191.483926,191.288326,0.041547,0.007632,0.232107
121,T121_UAV_17,BS_3,LEO_0,197.766845,197.70448,0.008172,0.011887,0.211532
121,T121_UAV_7,HAP_1,BS_1,55.827133,55.64348,0.023894,0.015797,0.219808
121,T121_UAV_4,BS_4,HAP_2,62.368357,62.177003,0.026408,0.0237,0.206225
121,T121_UAV_19,BS_3,BS_3,68.228262,67.991801,0.026979,0.052656,0.284129
121,T121_UAV_9,BS_4,BS_4,71.794138,71.529505,0.027863,0.06799,0.343897
121,T121_UAV_18,BS_3,LEO_1,79.033774,78.831786,0.040508,0.015058,0.232107
121,T121_UAV_14,BS_0,LEO_0,90.743583,90.683363,0.003467,0.014446,0.211532
121,T121_UAV_3,HAP_1,HAP_0,106.832112,106.596925,0.029048,0.034169,0.359849
121,T121_UAV_5,HAP_1,HAP_1,94.142768,93.936355,0.025851,0.026795,0.268832
121,T121_UAV_12,BS_2,BS_2,136.509015,136.24647,0.044035,0.045513,0.364984
122,T122_UAV_7,HAP_1,LEO_1,73.2238,73.019553,0.04062,0.008025,0.278011
122,T122_UAV_14,BS_0,LEO_0,103.962498,103.895722,0.005488,0.008576,0.263562
122,T122_UAV_18,BS_3,HAP_2,84.577408,84.381268,0.029611,0.024335,0.21097
122,T122_UAV_0,HAP_1,BS_1,1005.926689,1005.626308,0.251281,0.010906,0.190971
122,T122_UAV_19,BS_3,BS_1,1024.611377,1024.297646,0.255946,0.01959,0.190971
122,T122_UAV_3,HAP_1,BS_1,1368.010236,1367.594167,0.341728,0.036147,0.190971
122,T122_UAV_17,BS_3,HAP_0,34.133101,33.956666,0.026877,0.006914,0.213218
122,T122_UAV_2,HAP_1,LEO_1,51.18191,50.979057,0.040515,0.006736,0.278011
122,T122_UAV_12,BS_2,LEO_0,82.845694,82.764977,0.004027,0.023978,0.263562
122,T122_UAV_16,BS_0,BS_1,445.836722,445.672781,0.111363,0.014385,0.190971
122,T122_UAV_10,HAP_1,BS_1,461.110277,460.946518,0.115179,0.010386,0.190971
122,T122_UAV_11,HAP_1,BS_1,568.478413,568.291969,0.142002,0.006248,0.190971
122,T122_UAV_5,HAP_1,BS_1,763.977168,763.716049,0.190834,0.03209,0.190971
123,T123_UAV_19,BS_3,LEO_1,132.667844,132.462129,0.040819,0.020012,0.224418
123,T123_UAV_10,HAP_1,LEO_0,221.393575,221.189766,0.0455,0.020713,0.187977
123,T123_UAV_6,BS_3,HAP_0,133.327269,133.261891,0.004393,0.020314,0.203356
123,T123_UAV_17,BS_3,HAP_2,159.763362,159.556347,0.031236,0.021652,0.270638
123,T123_UAV_11,HAP_1,LEO_0,263.53705,263.341839,0.046407,0.011209,0.187977
123,T123_UAV_15,BS_4,LEO_1,174.62066,174.416581,0.041667,0.017528,0.224418
123,T123_UAV_8,BS_4,HAP_1,97.533239,97.317998,0.027601,0.020136,0.337525
123,T123_UAV_0,HAP_1,BS_0,162.387398,162.186084,0.050516,0.011368,0.197154
123,T123_UAV_13,HAP_1,HAP_0,94.798067,94.731936,0.003719,0.021741,0.203356
123,T123_UAV_1,BS_4,HAP_2,95.644932,95.437279,0.027363,0.026162,0.270638
123,T123_UAV_18,BS_3,LEO_1,103.355251,103.156154,0.040664,0.013549,0.224418
123,T123_UAV_3,HAP_1,LEO_0,194.931058,194.722981,0.044867,0.025615,0.187977
123,T123_UAV_12,BS_2,BS_3,165.472999,165.240995,0.05128,0.012799,0.339625
123,T123_UAV_5,HAP_1,LEO_0,214.122375,213.918331,0.045071,0.021378,0.187977
123,T123_UAV_14,BS_0,LEO_0,284.449303,284.244814,0.04746,0.019434,0.187977
124,T124_UAV_1,BS_4,LEO_1,319.154399,318.969865,0.042084,0.005287,0.185814
124,T124_UAV_3,HAP_1,LEO_0,109.512356,109.267545,0.045428,0.023495,0.379437
124,T124_UAV_10,HAP_1,HAP_0,87.393538,87.316674,0.005545,0.010966,0.301761
124,T124_UAV_17,BS_3,HAP_2,285.599749,285.396882,0.03434,0.019035,0.24746
124,T124_UAV_5,HAP_1,LEO_1,394.499239,394.291087,0.042407,0.028581,0.185814
124,T124_UAV_6,BS_3,LEO_1,395.384392,395.19799,0.042014,0.007226,0.185814
124,T124_UAV_11,HAP_1,BS_0,67.832964,67.595278,0.02688,0.053436,0.28685
124,T124_UAV_13,HAP_1,LEO_0,66.436223,66.196239,0.04329,0.020806,0.379437
124,T124_UAV_14,BS_0,HAP_2,144.65261,144.469001,0.029142,0.004976,0.24746
124,T124_UAV_8,BS_4,LEO_1,168.604252,168.41818,0.041261,0.007648,0.185814
124,T124_UAV_15,BS_4,LEO_1,173.490206,173.29218,0.041283,0.019579,0.185814
124,T124_UAV_19,BS_3,HAP_2,163.82198,163.62743,0.029565,0.015492,0.24746
124,T124_UAV_2,HAP_1,LEO_1,267.495537,267.288056,0.041813,0.028505,0.185814
125,T125_UAV_6,BS_3,LEO_1,71.269781,71.031811,0.040489,0.015718,0.40882
125,T125_UAV_8,BS_4,HAP_2,172.622021,172.55178,0.00297,0.019386,0.239423
125,T125_UAV_1,BS_4,LEO_0,93.350487,93.115901,0.043938,0.027848,0.314003
125,T125_UAV_0,HAP_1,HAP_0,146.878215,146.790361,0.006311,0.011662,0.349411
125,T125_UAV_5,HAP_1,LEO_1,105.843663,105.587055,0.040925,0.033919,0.40882
125,T125_UAV_13,HAP_1,HAP_2,253.735562,253.670092,0.006786,0.010799,0.239423
125,T125_UAV_7,HAP_1,BS_1,287.362153,287.084899,0.081725,0.035824,0.298527
125,T125_UAV_4,BS_4,LEO_0,45.418052,45.177233,0.041609,0.03641,0.314003
125,T125_UAV_9,BS_4,HAP_1,41.150266,40.937255,0.025974,0.016345,0.353458
125,T125_UAV_2,HAP_1,HAP_2,140.510578,140.441487,0.003818,0.017389,0.239423
125,T125_UAV_17,BS_3,HAP_0,106.031142,105.938791,0.004113,0.018356,0.349411
125,T125_UAV_3,HAP_1,BS_0,112.327044,112.079367,0.037996,0.033471,0.381056
125,T125_UAV_12,BS_2,BS_4,127.911965,127.677178,0.041893,0.021232,0.358305
125,T125_UAV_11,HAP_1,HAP_2,229.50247,229.427708,0.006096,0.020782,0.239423
125,T125_UAV_14,BS_0,BS_1,328.346676,328.057437,0.091963,0.03757,0.298527
126,T126_UAV_9,BS_4,LEO_0,227.38096,227.309989,0.004541,0.029224,0.186033
126,T126_UAV_8,BS_4,LEO_1,101.124459,100.878996,0.041163,0.022348,0.409763
126,T126_UAV_5,HAP_1,HAP_0,216.1275,215.946192,0.031653,0.026346,0.116546
126,T126_UAV_6,BS_3,HAP_2,156.086204,155.906918,0.030228,0.005148,0.219551
126,T126_UAV_0,HAP_1,LEO_0,261.540489,261.477589,0.006694,0.019,0.186033
126,T126_UAV_11,HAP_1,LEO_1,110.219366,109.986863,0.041049,0.009502,0.409763
126,T126_UAV_17,BS_3,HAP_1,96.993187,96.778217,0.027058,0.017652,0.3513
126,T126_UAV_13,HAP_1,HAP_0,254.971431,254.798758,0.033361,0.016002,0.116546
126,T126_UAV_19,BS_3,LEO_0,311.022457,310.967732,0.007872,0.009647,0.186033
126,T126_UAV_4,BS_4,HAP_2,191.793484,191.601672,0.029315,0.018587,0.219551
126,T126_UAV_12,BS_2,BS_1,200.332256,200.062508,0.059981,0.029662,0.40053
126,T126_UAV_10,HAP_1,LEO_0,316.076549,316.016045,0.00788,0.015418,0.186033
126,T126_UAV_18,BS_3,BS_4,96.981339,96.718833,0.034158,0.060409,0.3397
126,T126_UAV_2,HAP_1,BS_3,141.385335,141.117974,0.045252,0.048708,0.367001
126,T126_UAV_16,BS_0,BS_2,162.716104,162.463352,0.050586,0.012769,0.446985
126,T126_UAV_3,HAP_1,HAP_0,187.091826,186.921501,0.030928,0.016089,0.116546
126,T126_UAV_15,BS_4,LEO_0,222.979644,222.916738,0.004083,0.021617,0.186033
127,T127_UAV_17,BS_3,LEO_1,191.028421,190.835345,0.041046,0.01912,0.164551
127,T127_UAV_19,BS_3,LEO_0,159.280291,159.081516,0.044706,0.015447,0.193108
127,T127_UAV_5,HAP_1,HAP_2,189.157895,188.968063,0.030186,0.019331,0.201572
127,T127_UAV_3,HAP_1,HAP_0,193.96762,193.779244,0.031138,0.013149,0.220444
127,T127_UAV_8,BS_4,LEO_1,213.012271,212.816708,0.041691,0.020962,0.164551
127,T127_UAV_6,BS_3,LEO_0,182.389068,182.191339,0.045494,0.013613,0.193108
127,T127_UAV_16,BS_0,HAP_1,69.204016,68.950978,0.027161,0.055573,0.351518
127,T127_UAV_15,BS_4,BS_1,138.743102,138.517621,0.044602,0.045862,0.175082
127,T127_UAV_4,BS_4,HAP_2,259.724565,259.534437,0.030182,0.019632,0.201572
127,T127_UAV_10,HAP_1,LEO_1,292.093475,291.881865,0.04213,0.03657,0.164551
127,T127_UAV_9,BS_4,HAP_0,285.613848,285.427916,0.031592,0.010251,0.220444
127,T127_UAV_13,HAP_1,LEO_0,67.993914,67.804926,0.041983,0.008384,0.193108
127,T127_UAV_12,BS_2,BS_3,66.462435,66.2161,0.026536,0.058805,0.304974
127,T127_UAV_14,BS_0,LEO_1,103.306821,103.113594,0.040565,0.019752,0.164551
127,T127_UAV_11,HAP_1,LEO_0,91.695262,91.49754,0.042592,0.016508,0.193108
127,T127_UAV_2,HAP_1,BS_0,96.779685,96.49701,0.034102,0.072307,0.381329
127,T127_UAV_1,BS_4,HAP_2,103.117877,102.937613,0.027255,0.012695,0.201572
127,T127_UAV_18,BS_3,HAP_0,113.330091,113.140429,0.028697,0.016876,0.220444
127,T127_UAV_0,HAP_1,LEO_1,167.57121,167.390157,0.041158,0.006985,0.164551
128,T128_UAV_1,BS_4,LEO_1,62.783808,62.557288,0.040599,0.016933,0.344939
128,T128_UAV_19,BS_3,LEO_0,193.396468,193.342162,0.005728,0.009001,0.197881
128,T128_UAV_2,HAP_1,HAP_0,253.960404,253.901469,0.008838,0.011338,0.193795
128,T128_UAV_7,HAP_1,HAP_2,185.319178,185.24616,0.005504,0.021637,0.229388
128,T128_UAV_14,BS_0,HAP_1,93.406094,93.136753,0.027415,0.070809,0.35559
128,T128_UAV_4,BS_4,LEO_0,255.375535,255.324056,0.005597,0.006306,0.197881
128,T128_UAV_18,BS_3,LEO_1,39.090958,38.85522,0.040282,0.026468,0.344939
128,T128_UAV_8,BS_4,HAP_0,79.636423,79.58319,0.00189,0.012584,0.193795
128,T128_UAV_13,HAP_1,BS_1,61.223001,61.025296,0.025239,0.038319,0.170738
128,T128_UAV_15,BS_4,HAP_2,61.251129,61.188745,0.001167,0.01534,0.229388
128,T128_UAV_6,BS_3,BS_0,112.947594,112.752204,0.038164,0.025913,0.156567
128,T128_UAV_3,HAP_1,LEO_0,150.512065,150.448511,0.004387,0.019591,0.197881
128,T128_UAV_16,BS_0,LEO_0,153.002029,152.934359,0.003993,0.024101,0.197881
128,T128_UAV_0,HAP_1,HAP_0,236.495406,236.422879,0.00838,0.025387,0.193795
129,T129_UAV_1,BS_4,LEO_0,74.508576,74.420913,0.003169,0.029096,0.276993
129,T129_UAV_4,BS_4,LEO_1,114.259103,114.002269,0.041255,0.048033,0.337731
129,T129_UAV_3,HAP_1,HAP_2,241.156921,240.962654,0.032005,0.022816,0.19723
129,T129_UAV_11,HAP_1,HAP_0,193.076422,192.868427,0.032791,0.028958,0.231228
129,T129_UAV_16,BS_0,HAP_2,296.337298,296.154032,0.031721,0.012099,0.19723
129,T129_UAV_14,BS_0,LEO_0,42.355428,42.274079,0.002217,0.023733,0.276993
129,T129_UAV_8,BS_4,BS_1,51.100341,50.915702,0.022713,0.034769,0.135783
129,T129_UAV_9,BS_4,LEO_1,63.769041,63.541909,0.040623,0.018964,0.337731
129,T129_UAV_19,BS_3,HAP_0,71.529527,71.329714,0.027357,0.02621,0.231228
129,T129_UAV_10,HAP_1,HAP_1,49.500959,49.265677,0.025753,0.039198,0.351657
129,T129_UAV_13,HAP_1,BS_0,104.197033,103.935132,0.035961,0.072849,0.26546
129,T129_UAV_12,BS_2,HAP_2,104.469662,104.295401,0.027719,0.007097,0.19723
129,T129_UAV_0,HAP_1,BS_4,136.860969,136.584776,0.044119,0.061773,0.351503
130,T130_UAV_16,BS_0,LEO_1,280.585599,280.514046,0.001699,0.030478,0.19688
130,T130_UAV_4,BS_4,LEO_0,102.414049,102.311242,0.003646,0.02386,0.376509
130,T130_UAV_9,BS_4,HAP_2,132.477224,132.420828,0.003007,0.012861,0.202641
130,T130_UAV_8,BS_4,HAP_0,161.16914,160.98798,0.029387,0.011352,0.202111
130,T130_UAV_0,HAP_1,LEO_1,283.861457,283.810419,0.001771,0.009891,0.19688
130,T130_UAV_2,HAP_1,LEO_0,133.257987,133.167867,0.006481,0.008336,0.376509
130,T130_UAV_6,BS_3,LEO_1,346.819036,346.771158,0.001704,0.006798,0.19688
130,T130_UAV_18,BS_3,LEO_1,349.170709,349.097346,0.001784,0.032204,0.19688
130,T130_UAV_14,BS_0,HAP_2,54.430121,54.382125,0.001821,0.005647,0.202641
130,T130_UAV_15,BS_4,HAP_1,33.88907,33.659459,0.025968,0.032048,0.357978
130,T130_UAV_3,HAP_1,BS_1,101.163878,101.05802,0.025252,0.031121,0.247426
130,T130_UAV_5,HAP_1,HAP_0,115.95804,115.767657,0.029208,0.020753,0.202111
130,T130_UAV_1,BS_4,LEO_1,194.841664,194.772917,0.001215,0.028157,0.19688
130,T130_UAV_13,HAP_1,LEO_1,201.474757,201.397747,0.001167,0.036467,0.19688
130,T130_UAV_12,BS_2,BS_0,197.415693,197.199097,0.059265,0.011678,0.228269
130,T130_UAV_17,BS_3,LEO_1,287.601046,287.553389,0.001453,0.006828,0.19688
131,T131_UAV_1,BS_4,LEO_0,131.886578,131.688811,0.044122,0.014205,0.197195
131,T131_UAV_5,HAP_1,LEO_1,127.311376,127.060303,0.041119,0.034036,0.379591
131,T131_UAV_15,BS_4,HAP_0,181.847652,181.792949,0.004445,0.005644,0.223071
131,T131_UAV_7,HAP_1,LEO_0,170.476196,170.278488,0.045517,0.012752,0.197195
131,T131_UAV_6,BS_3,HAP_2,56.808378,56.731612,0.00191,0.020039,0.274078
131,T131_UAV_17,BS_3,LEO_1,55.344378,55.118014,0.040394,0.010052,0.379591
131,T131_UAV_0,HAP_1,HAP_0,69.140097,69.062482,0.002947,0.030054,0.223071
131,T131_UAV_10,HAP_1,HAP_1,46.322759,46.092526,0.0257,0.020868,0.418324
131,T131_UAV_2,HAP_1,HAP_2,84.115401,84.045766,0.003038,0.011781,0.274078
131,T131_UAV_8,BS_4,BS_1,86.794364,86.688861,0.021661,0.026649,0.285965
131,T131_UAV_3,HAP_1,BS_3,98.799053,98.544543,0.034614,0.072179,0.238585
131,T131_UAV_12,BS_2,LEO_0,122.359062,122.168972,0.044264,0.006387,0.197195
132,T132_UAV_16,BS_0,LEO_1,119.687728,119.454605,0.040945,0.019559,0.363095
132,T132_UAV_7,HAP_1,LEO_0,133.821897,133.74905,0.00433,0.018407,0.25055
132,T132_UAV_15,BS_4,HAP_2,136.766045,136.673499,0.002595,0.015553,0.371987
132,T132_UAV_5,HAP_1,HAP_0,148.973955,148.772126,0.030395,0.025361,0.230368
132,T132_UAV_9,BS_4,HAP_1,84.984152,84.734805,0.026987,0.073599,0.243807
132,T132_UAV_13,HAP_1,LEO_0,181.925772,181.864506,0.006617,0.004539,0.25055
132,T132_UAV_14,BS_0,LEO_1,195.670097,195.414687,0.041232,0.041559,0.363095
132,T132_UAV_2,HAP_1,HAP_0,187.843631,187.657218,0.032896,0.007444,0.230368
132,T132_UAV_1,BS_0,HAP_2,70.900179,70.818215,0.001783,0.005783,0.371987
132,T132_UAV_8,BS_4,BS_1,74.131092,74.037259,0.0185,0.006064,0.346348
132,T132_UAV_3,HAP_1,BS_3,75.950509,75.746183,0.028917,0.015904,0.297526
132,T132_UAV_4,BS_4,BS_4,96.298642,96.045613,0.033989,0.055575,0.317328
132,T132_UAV_0,HAP_1,BS_2,106.21296,105.941713,0.036462,0.048373,0.432062
132,T132_UAV_12,BS_2,BS_0,108.046249,107.780272,0.036922,0.01742,0.558182
132,T132_UAV_19,BS_3,LEO_1,112.672548,112.449806,0.040693,0.00943,0.363095
132,T132_UAV_10,HAP_1,LEO_0,122.929928,122.864914,0.004445,0.010458,0.25055
133,T133_UAV_4,BS_4,LEO_1,112.471758,112.272104,0.041044,0.036783,0.109137
133,T133_UAV_19,BS_3,LEO_0,114.365541,114.291341,0.004203,0.010369,0.298137
133,T133_UAV_16,BS_0,HAP_0,129.267597,129.081726,0.02791,0.018971,0.194953
133,T133_UAV_6,BS_3,HAP_2,130.053207,129.861859,0.029376,0.021804,0.200842
133,T133_UAV_10,HAP_1,LEO_1,138.156204,137.978479,0.041195,0.014702,0.109137
133,T133_UAV_17,BS_3,LEO_0,143.369678,143.29464,0.005999,0.009411,0.298137
133,T133_UAV_5,HAP_1,HAP_2,185.88419,185.708748,0.030904,0.00437,0.200842
133,T133_UAV_14,BS_0,HAP_0,62.61625,62.436786,0.026924,0.013549,0.194953
133,T133_UAV_0,HAP_1,HAP_1,36.534766,36.324746,0.025497,0.030111,0.272056
133,T133_UAV_18,BS_3,BS_1,91.268768,91.077157,0.032748,0.006534,0.26164
133,T133_UAV_8,BS_4,BS_0,97.11643,96.885562,0.034199,0.043329,0.266699
133,T133_UAV_9,BS_4,BS_2,97.20225,96.963168,0.034219,0.044789,0.300377
133,T133_UAV_11,HAP_1,BS_4,104.835303,104.565448,0.036118,0.066327,0.337047
133,T133_UAV_1,BS_0,BS_3,108.039213,107.782881,0.036922,0.036909,0.412506
133,T133_UAV_2,HAP_1,LEO_1,116.882265,116.71174,0.040998,0.0077,0.109137
133,T133_UAV_12,BS_2,LEO_0,173.040138,172.962031,0.00603,0.012449,0.298137
134,T134_UAV_15,BS_4,LEO_1,256.976489,256.907996,0.001925,0.01977,0.233989
134,T134_UAV_7,HAP_1,LEO_0,99.785748,99.699882,0.00439,0.008106,0.36685
134,T134_UAV_8,BS_4,HAP_2,308.694294,308.644888,0.005349,0.007057,0.185002
134,T134_UAV_17,BS_3,HAP_0,242.752907,242.693539,0.007921,0.006484,0.224819
134,T134_UAV_3,HAP_1,LEO_1,325.533156,325.465327,0.001886,0.019146,0.233989
134,T134_UAV_10,HAP_1,LEO_0,132.451635,132.348268,0.006607,0.02339,0.36685
134,T134_UAV_9,BS_4,HAP_2,321.985874,321.929749,0.006019,0.013106,0.185002
134,T134_UAV_19,BS_3,LEO_1,345.533346,345.450295,0.001775,0.034478,0.233989
134,T134_UAV_11,HAP_1,HAP_0,294.904157,294.83386,0.009973,0.01536,0.224819
134,T134_UAV_13,HAP_1,HAP_1,34.269746,34.037859,0.025324,0.040591,0.329864
134,T134_UAV_6,BS_3,BS_3,78.682356,78.468015,0.029597,0.024416,0.30164
134,T134_UAV_2,HAP_1,BS_2,81.778412,81.528329,0.030362,0.052699,0.335107
134,T134_UAV_18,BS_3,LEO_1,126.135779,126.058934,0.00067,0.029377,0.233989
134,T134_UAV_5,HAP_1,HAP_2,140.122092,140.07139,0.003446,0.010256,0.185002
134,T134_UAV_16,BS_1,BS_4,156.047625,155.772599,0.048914,0.056783,0.346647
134,T134_UAV_0,HAP_1,HAP_0,167.965664,167.903733,0.005912,0.011055,0.224819
134,T134_UAV_4,BS_4,HAP_2,246.252657,246.198978,0.004515,0.012163,0.185002
134,T134_UAV_14,BS_0,LEO_1,306.611472,306.533674,0.001605,0.029395,0.233989
134,T134_UAV_12,BS_2,LEO_1,340.918416,340.850729,0.001818,0.019072,0.233989
135,T135_UAV_5,HAP_1,LEO_1,88.150861,87.918974,0.040776,0.021369,0.348706
135,T135_UAV_10,HAP_1,LEO_0,272.10233,271.913496,0.04604,0.004358,0.192177
135,T135_UAV_9,BS_4,HAP_0,162.776257,162.56677,0.029368,0.016207,0.319563
135,T135_UAV_2,HAP_1,HAP_2,182.30738,182.092589,0.031611,0.009915,0.366321
135,T135_UAV_8,BS_4,LEO_0,306.307248,306.114618,0.045088,0.009106,0.192177
135,T135_UAV_6,BS_3,HAP_1,93.077452,92.867499,0.02684,0.014699,0.342073
135,T135_UAV_18,BS_3,LEO_1,128.504581,128.257571,0.040934,0.036335,0.348706
135,T135_UAV_15,BS_4,LEO_0,322.313868,322.111676,0.045257,0.0185,0.192177
135,T135_UAV_11,HAP_1,BS_2,68.304997,68.058674,0.026996,0.055938,0.316942
135,T135_UAV_14,BS_0,LEO_0,159.797742,159.606956,0.043665,0.008685,0.192177
135,T135_UAV_17,BS_3,HAP_0,114.638771,114.430156,0.029463,0.01524,0.319563
135,T135_UAV_4,BS_4,HAP_2,116.274839,116.056631,0.027582,0.017362,0.366321
135,T135_UAV_12,BS_2,BS_3,120.499401,120.241666,0.040035,0.051571,0.330648
135,T135_UAV_3,HAP_1,LEO_0,191.134486,190.933671,0.044207,0.018172,0.192177
135,T135_UAV_0,HAP_1,LEO_0,241.399161,241.211166,0.045421,0.004139,0.192177
136,T136_UAV_6,BS_3,LEO_1,147.180299,146.967811,0.040829,0.017352,0.271535
136,T136_UAV_11,HAP_1,LEO_0,77.388847,77.166715,0.043701,0.008338,0.35046
136,T136_UAV_17,BS_3,HAP_0,124.417156,124.226899,0.029848,0.010904,0.247527
136,T136_UAV_1,BS_0,HAP_2,149.781011,149.584812,0.02879,0.013785,0.26812
136,T136_UAV_5,HAP_1,LEO_1,231.504609,231.299729,0.041606,0.008967,0.271535
136,T136_UAV_2,HAP_1,LEO_0,120.760446,120.518783,0.045896,0.025675,0.35046
136,T136_UAV_8,BS_4,HAP_0,52.769736,52.580452,0.026427,0.013351,0.247527
136,T136_UAV_10,HAP_1,HAP_1,40.382854,40.13764,0.025602,0.05001,0.348009
136,T136_UAV_13,HAP_1,HAP_2,68.481756,68.274996,0.027414,0.025722,0.26812
136,T136_UAV_14,BS_0,BS_2,83.053629,82.832449,0.030688,0.028465,0.310132
136,T136_UAV_16,BS_1,LEO_1,122.294231,122.089859,0.040877,0.009188,0.271535
136,T136_UAV_7,HAP_1,BS_3,104.943505,104.697437,0.036151,0.039141,0.35388
136,T136_UAV_18,BS_3,LEO_1,124.146798,123.9443,0.040732,0.007459,0.271535
136,T136_UAV_12,BS_2,BS_1,157.266207,156.974925,0.049214,0.037132,0.524684
137,T137_UAV_15,BS_4,LEO_1,123.803101,123.731074,0.001206,0.024414,0.232034
137,T137_UAV_6,BS_3,LEO_0,91.244867,91.037738,0.044705,0.005287,0.285687
137,T137_UAV_2,HAP_1,HAP_0,161.825185,161.768137,0.006839,0.008512,0.208486
137,T137_UAV_4,BS_4,HAP_2,162.486794,162.414806,0.003607,0.022226,0.23078
137,T137_UAV_14,BS_0,HAP_1,86.591207,86.315536,0.027188,0.057285,0.455986
137,T137_UAV_0,HAP_1,LEO_1,184.592072,184.514738,0.001511,0.029417,0.232034
137,T137_UAV_17,BS_3,LEO_0,56.72907,56.505633,0.043297,0.023002,0.285687
137,T137_UAV_12,BS_2,HAP_0,91.306829,91.244407,0.002668,0.018056,0.208486
137,T137_UAV_1,BS_0,HAP_2,108.628098,108.555652,0.002758,0.023533,0.23078
137,T137_UAV_13,HAP_1,LEO_1,109.696392,109.624011,0.000813,0.025161,0.232034
137,T137_UAV_5,HAP_1,BS_0,117.595662,117.380132,0.03932,0.035306,0.204518
137,T137_UAV_9,BS_4,BS_4,122.143229,121.924482,0.040456,0.034901,0.216948
137,T137_UAV_10,HAP_1,BS_2,142.698873,142.473307,0.045591,0.019615,0.301806
138,T138_UAV_14,BS_0,LEO_0,358.410547,358.359216,0.006381,0.005954,0.194982
138,T138_UAV_15,BS_4,LEO_1,135.042836,134.972262,0.001317,0.007692,0.307826
138,T138_UAV_11,HAP_1,HAP_0,166.047977,165.976405,0.006771,0.00505,0.298754
138,T138_UAV_4,BS_4,HAP_2,93.062225,92.877367,0.027598,0.005994,0.256333
138,T138_UAV_0,HAP_1,LEO_0,433.290746,433.214992,0.007565,0.029192,0.194982
138,T138_UAV_7,HAP_1,LEO_0,439.468776,439.408177,0.006923,0.014679,0.194982
138,T138_UAV_3,HAP_1,LEO_0,480.374884,480.318356,0.00825,0.009282,0.194982
138,T138_UAV_19,BS_3,LEO_0,578.965,578.898907,0.010156,0.01694,0.194982
138,T138_UAV_8,BS_4,LEO_1,86.762601,86.680776,0.000824,0.019435,0.307826
138,T138_UAV_12,BS_2,HAP_1,49.200034,48.997117,0.026088,0.017826,0.295015
138,T138_UAV_18,BS_3,LEO_1,110.497002,110.412496,0.00071,0.022231,0.307826
138,T138_UAV_5,HAP_1,LEO_0,186.680131,186.624933,0.003043,0.013159,0.194982
138,T138_UAV_13,HAP_1,HAP_0,139.078952,139.007387,0.00547,0.006345,0.298754
138,T138_UAV_1,BS_0,LEO_0,188.246032,188.181708,0.002934,0.022394,0.194982
138,T138_UAV_17,BS_3,LEO_0,195.050868,195.000332,0.003788,0.007751,0.194982
138,T138_UAV_10,HAP_1,LEO_0,397.779549,397.72682,0.0069,0.006833,0.194982
139,T139_UAV_19,BS_3,LEO_1,151.887822,151.809834,0.000935,0.01092,0.330666
139,T139_UAV_17,BS_3,LEO_0,155.740747,155.48982,0.046544,0.010447,0.469682
139,T139_UAV_11,HAP_1,HAP_0,167.730618,167.633175,0.006846,0.021983,0.343071
139,T139_UAV_0,HAP_1,HAP_2,170.9515,170.745014,0.031323,0.027273,0.239449
139,T139_UAV_5,HAP_1,LEO_1,170.887198,170.800653,0.001305,0.019106,0.330666
139,T139_UAV_14,BS_0,HAP_1,180.120374,179.884277,0.02866,0.047915,0.297608
139,T139_UAV_2,HAP_1,LEO_0,199.69585,199.438588,0.047118,0.016208,0.469682
139,T139_UAV_6,BS_3,HAP_2,181.117478,180.930669,0.031125,0.007795,0.239449
139,T139_UAV_3,HAP_1,LEO_1,199.561308,199.475768,0.001415,0.017992,0.330666
139,T139_UAV_12,BS_2,HAP_0,62.685277,62.598607,0.001824,0.016231,0.343071
139,T139_UAV_10,HAP_1,BS_0,72.565851,72.332115,0.028064,0.052549,0.265612
139,T139_UAV_16,BS_1,BS_4,86.967549,86.690847,0.031652,0.08227,0.313901
139,T139_UAV_9,BS_4,BS_3,94.028209,93.787802,0.033425,0.038524,0.342293
139,T139_UAV_8,BS_4,BS_2,96.767469,96.503888,0.034104,0.048148,0.406647
139,T139_UAV_7,HAP_1,BS_1,110.32141,110.050983,0.037489,0.039124,0.46907
139,T139_UAV_18,BS_3,HAP_1,92.000251,91.76925,0.026348,0.045131,0.297608
139,T139_UAV_1,BS_0,LEO_0,151.269225,151.012127,0.04477,0.018393,0.469682
140,T140_UAV_19,BS_3,LEO_1,205.323007,205.151724,0.041052,0.008434,0.108988
140,T140_UAV_13,HAP_1,HAP_0,265.830741,265.656666,0.032786,0.012841,0.142237
140,T140_UAV_9,BS_4,LEO_1,275.718469,275.540217,0.041829,0.014625,0.108988
140,T140_UAV_10,HAP_1,HAP_0,338.130278,337.957924,0.03568,0.008227,0.142237
140,T140_UAV_18,BS_3,LEO_1,359.048586,358.860292,0.04191,0.024586,0.108988
140,T140_UAV_6,BS_3,LEO_1,368.79251,368.598417,0.041879,0.030417,0.108988
140,T140_UAV_11,HAP_1,LEO_0,42.791136,42.548919,0.042036,0.031566,0.343073
140,T140_UAV_4,BS_4,HAP_2,102.160606,102.089056,0.002008,0.01896,0.252909
140,T140_UAV_17,BS_3,LEO_0,65.30566,65.063871,0.043811,0.029363,0.343073
140,T140_UAV_3,HAP_1,HAP_0,129.048517,128.869773,0.028603,0.021693,0.142237
140,T140_UAV_14,BS_0,HAP_2,149.047123,148.983315,0.004199,0.009027,0.252909
140,T140_UAV_0,HAP_1,LEO_1,141.014043,140.834615,0.040916,0.016714,0.108988
140,T140_UAV_8,BS_4,HAP_0,196.548672,196.387076,0.029245,0.003903,0.142237
140,T140_UAV_12,BS_2,LEO_1,212.644383,212.459431,0.041139,0.022016,0.108988
140,T140_UAV_16,BS_1,HAP_2,213.854529,213.777718,0.00475,0.02148,0.252909
141,T141_UAV_18,BS_3,LEO_1,104.130712,103.925984,0.040615,0.006405,0.288544
141,T141_UAV_17,BS_3,LEO_0,105.387384,105.168753,0.044433,0.028544,0.22827
141,T141_UAV_9,BS_4,HAP_0,115.827577,115.627609,0.028143,0.022384,0.247208
141,T141_UAV_8,BS_4,HAP_2,121.413893,121.196128,0.027541,0.027844,0.311898
141,T141_UAV_7,HAP_1,LEO_1,176.431353,176.201979,0.041215,0.030451,0.288544
141,T141_UAV_13,HAP_1,LEO_0,158.642857,158.440347,0.045791,0.011065,0.22827
141,T141_UAV_14,BS_0,HAP_1,185.202531,184.99727,0.028749,0.022304,0.271044
141,T141_UAV_2,HAP_1,HAP_0,184.510103,184.308215,0.032813,0.019633,0.247208
141,T141_UAV_5,HAP_1,LEO_1,255.491238,255.256132,0.041772,0.035625,0.288544
141,T141_UAV_6,BS_3,BS_0,53.10767,52.895458,0.023207,0.029804,0.296007
141,T141_UAV_19,BS_3,BS_2,53.945105,53.709074,0.023411,0.054612,0.290046
141,T141_UAV_10,HAP_1,BS_4,67.257261,67.056494,0.026746,0.012357,0.308321
141,T141_UAV_3,HAP_1,HAP_2,71.950862,71.729688,0.027424,0.031371,0.311898
141,T141_UAV_4,BS_4,BS_3,85.450643,85.226488,0.031286,0.023023,0.349232
141,T141_UAV_11,HAP_1,LEO_0,83.829043,83.619742,0.042917,0.02073,0.22827
141,T141_UAV_16,BS_1,BS_1,133.008313,132.762936,0.043164,0.01217,0.450214
141,T141_UAV_1,BS_0,HAP_1,173.297034,173.066776,0.029349,0.046701,0.271044
141,T141_UAV_12,BS_2,LEO_1,237.949563,237.716138,0.041421,0.034295,0.288544
142,T142_UAV_18,BS_3,LEO_1,240.059332,239.997231,0.00134,0.02167,0.195451
142,T142_UAV_2,HAP_1,LEO_0,192.42424,192.350436,0.005576,0.031286,0.184707
142,T142_UAV_13,HAP_1,HAP_2,155.781955,155.717782,0.005535,0.01467,0.219842
142,T142_UAV_6,BS_3,HAP_0,160.366367,160.1893,0.030424,0.006578,0.200326
142,T142_UAV_14,BS_0,LEO_1,275.556913,275.484729,0.001509,0.031584,0.195451
142,T142_UAV_7,HAP_1,LEO_0,226.543476,226.485977,0.005868,0.014689,0.184707
142,T142_UAV_9,BS_4,HAP_1,89.888386,89.66132,0.027056,0.039612,0.301992
142,T142_UAV_17,BS_3,LEO_1,290.612138,290.555234,0.001607,0.016207,0.195451
142,T142_UAV_0,HAP_1,HAP_2,176.894857,176.829444,0.006524,0.014921,0.219842
142,T142_UAV_11,HAP_1,HAP_0,185.492956,185.315618,0.032587,0.004685,0.200326
142,T142_UAV_10,HAP_1,LEO_0,113.052091,112.985145,0.00333,0.026674,0.184707
142,T142_UAV_3,HAP_1,BS_4,104.293964,104.074197,0.035996,0.016293,0.337397
142,T142_UAV_19,BS_3,BS_3,111.837053,111.586915,0.037873,0.041851,0.352073
142,T142_UAV_5,HAP_1,LEO_1,163.287592,163.234919,0.001059,0.012524,0.195451
142,T142_UAV_1,BS_0,LEO_0,157.171615,157.113367,0.004063,0.017244,0.184707
142,T142_UAV_4,BS_4,LEO_1,243.589087,243.532612,0.001889,0.015495,0.195451
143,T143_UAV_0,HAP_1,LEO_1,192.676491,192.471128,0.041323,0.023643,0.20198
143,T143_UAV_6,BS_3,LEO_0,98.545859,98.456049,0.005106,0.023207,0.307483
143,T143_UAV_7,HAP_1,HAP_2,189.045614,188.959407,0.004701,0.029286,0.261098
143,T143_UAV_11,HAP_1,HAP_0,211.862905,211.681959,0.032216,0.007701,0.205143
143,T143_UAV_16,BS_4,LEO_1,236.055533,235.868396,0.041586,0.005156,0.20198
143,T143_UAV_1,BS_0,HAP_1,99.9233,99.672701,0.028252,0.055237,0.335551
143,T143_UAV_13,HAP_1,HAP_2,220.798742,220.726527,0.006635,0.01336,0.261098
143,T143_UAV_18,BS_3,HAP_0,253.636437,253.43958,0.033166,0.022663,0.205143
143,T143_UAV_10,HAP_1,LEO_1,300.953604,300.763893,0.042146,0.00717,0.20198
143,T143_UAV_2,HAP_1,LEO_0,57.46385,57.376999,0.002833,0.022522,0.307483
143,T143_UAV_4,BS_4,LEO_1,87.659579,87.454301,0.040677,0.024205,0.20198
143,T143_UAV_5,HAP_1,BS_0,92.834537,92.596726,0.033128,0.040296,0.321937
143,T143_UAV_8,BS_4,BS_4,99.63223,99.413789,0.034831,0.019401,0.321044
143,T143_UAV_3,HAP_1,HAP_2,149.72316,149.65706,0.004298,0.009583,0.261098
143,T143_UAV_19,BS_3,HAP_0,151.267147,151.086397,0.029345,0.010377,0.205143
143,T143_UAV_14,BS_0,BS_3,156.068645,155.817896,0.048925,0.027978,0.369225
143,T143_UAV_12,BS_2,LEO_1,248.17168,247.956039,0.041398,0.033847,0.20198
144,T144_UAV_11,HAP_1,LEO_1,175.512687,175.292162,0.041336,0.034649,0.222698
144,T144_UAV_15,BS_4,LEO_0,157.332132,157.254786,0.003913,0.004366,0.345332
144,T144_UAV_10,HAP_1,HAP_0,139.89745,139.700494,0.031022,0.021471,0.22231
144,T144_UAV_6,BS_3,HAP_2,165.068184,164.986649,0.005609,0.006028,0.349485
144,T144_UAV_8,BS_4,LEO_1,198.164134,197.971896,0.041667,0.006032,0.222698
144,T144_UAV_0,HAP_1,LEO_0,168.573034,168.474358,0.006143,0.023467,0.345332
144,T144_UAV_13,HAP_1,HAP_0,157.15881,156.957081,0.031178,0.026089,0.22231
144,T144_UAV_5,HAP_1,HAP_2,169.478789,169.389904,0.005291,0.013697,0.349485
144,T144_UAV_16,BS_4,BS_0,181.387301,181.143297,0.055253,0.044879,0.219361
144,T144_UAV_1,BS_0,HAP_1,68.330586,68.0871,0.026712,0.047016,0.348791
144,T144_UAV_9,BS_4,BS_1,65.076884,64.872339,0.0262,0.031335,0.235046
144,T144_UAV_17,BS_3,BS_2,75.763556,75.553081,0.028869,0.01966,0.309732
144,T144_UAV_3,HAP_1,BS_4,87.409234,87.171271,0.031772,0.047042,0.295744
144,T144_UAV_19,BS_3,BS_3,90.038093,89.749127,0.032416,0.087033,0.347587
144,T144_UAV_14,BS_0,LEO_1,122.628591,122.422066,0.04071,0.021274,0.222698
144,T144_UAV_7,HAP_1,LEO_0,99.097411,99.004584,0.003136,0.020625,0.345332
144,T144_UAV_4,BS_4,HAP_1,111.361609,111.098836,0.027219,0.065796,0.348791
144,T144_UAV_2,HAP_1,LEO_1,161.758778,161.562182,0.041238,0.010818,0.222698
145,T145_UAV_8,BS_4,LEO_1,145.864481,145.790096,0.001227,0.025762,0.236977
145,T145_UAV_7,HAP_1,LEO_0,182.703854,182.517952,0.044702,0.021065,0.100675
145,T145_UAV_9,BS_4,HAP_0,222.206061,222.142567,0.005298,0.019475,0.193605
145,T145_UAV_4,BS_4,HAP_2,230.622829,230.447114,0.029503,0.018171,0.140205
145,T145_UAV_15,BS_4,LEO_1,207.667762,207.609777,0.001823,0.008767,0.236977
145,T145_UAV_11,HAP_1,LEO_0,235.584225,235.40073,0.046662,0.016699,0.100675
145,T145_UAV_0,HAP_1,LEO_1,250.608144,250.526304,0.001852,0.032592,0.236977
145,T145_UAV_19,BS_3,HAP_0,296.230439,296.160561,0.008547,0.02261,0.193605
145,T145_UAV_6,BS_3,HAP_2,78.363023,78.197404,0.027258,0.01032,0.140205
145,T145_UAV_18,BS_3,LEO_0,70.43827,70.264066,0.042224,0.011845,0.100675
145,T145_UAV_5,HAP_1,HAP_1,35.212256,34.967757,0.025417,0.044571,0.372558
145,T145_UAV_2,HAP_1,LEO_0,86.016789,85.849254,0.042493,0.004907,0.100675
145,T145_UAV_16,BS_4,BS_1,90.826836,90.577675,0.032623,0.056587,0.299756
145,T145_UAV_12,BS_2,BS_4,115.626266,115.359391,0.038815,0.056389,0.358352
145,T145_UAV_14,BS_0,HAP_0,131.434211,131.375292,0.003466,0.016732,0.193605
145,T145_UAV_1,BS_0,HAP_2,141.145531,140.979608,0.028177,0.009704,0.140205
145,T145_UAV_10,HAP_1,LEO_1,159.401156,159.339832,0.001222,0.012707,0.236977
146,T146_UAV_9,BS_4,LEO_0,105.222174,105.164811,0.002958,0.011955,0.212244
146,T146_UAV_16,BS_4,LEO_1,152.547555,152.47305,0.001217,0.007765,0.327614
146,T146_UAV_11,HAP_1,HAP_2,109.195626,109.014155,0.028844,0.010862,0.208825
146,T146_UAV_13,HAP_1,HAP_0,165.425184,165.246574,0.031507,0.004506,0.212985
146,T146_UAV_7,HAP_1,LEO_0,166.907405,166.847263,0.005266,0.012428,0.212244
146,T146_UAV_17,BS_3,HAP_1,182.383703,182.148464,0.028401,0.049574,0.286315
146,T146_UAV_0,HAP_1,LEO_1,183.438527,183.351032,0.001498,0.020475,0.327614
146,T146_UAV_8,BS_4,HAP_2,195.565164,195.368632,0.029118,0.025649,0.208825
146,T146_UAV_18,BS_3,LEO_1,60.75153,60.672169,0.000391,0.013447,0.327614
146,T146_UAV_12,BS_2,BS_1,66.046463,65.845203,0.026443,0.031639,0.215888
146,T146_UAV_19,BS_3,HAP_0,70.529505,70.327427,0.027389,0.032092,0.212985
146,T146_UAV_3,HAP_1,BS_3,83.254354,83.049209,0.030742,0.018828,0.277873
146,T146_UAV_15,BS_4,BS_4,85.126722,84.834796,0.031188,0.085223,0.377575
146,T146_UAV_2,HAP_1,BS_0,87.996755,87.746202,0.031916,0.036625,0.410063
146,T146_UAV_10,HAP_1,BS_2,102.167275,101.913672,0.035456,0.036582,0.407824
146,T146_UAV_5,HAP_1,LEO_0,107.576404,107.525169,0.003569,0.005217,0.212244
146,T146_UAV_14,BS_0,HAP_1,121.976561,121.733588,0.027441,0.05827,0.286315
147,T147_UAV_1,BS_0,LEO_1,192.006445,191.775161,0.041409,0.037795,0.2604
147,T147_UAV_11,HAP_1,LEO_0,130.960927,130.872255,0.00628,0.017479,0.324563
147,T147_UAV_13,HAP_1,HAP_2,150.926663,150.868512,0.005379,0.004219,0.242766
147,T147_UAV_3,HAP_1,HAP_0,331.618349,331.438663,0.034207,0.008368,0.185554
147,T147_UAV_10,HAP_1,HAP_0,397.875281,397.681575,0.037555,0.019039,0.185554
147,T147_UAV_16,BS_4,BS_1,200.076277,199.884813,0.059936,0.007989,0.117696
147,T147_UAV_14,BS_0,LEO_1,85.455309,85.249197,0.040494,0.013538,0.2604
147,T147_UAV_0,HAP_1,LEO_0,45.884069,45.80986,0.002295,0.007001,0.324563
147,T147_UAV_19,BS_3,HAP_2,82.805369,82.741844,0.002782,0.01219,0.242766
147,T147_UAV_12,BS_2,HAP_0,114.301256,114.125625,0.027581,0.01094,0.185554
147,T147_UAV_18,BS_3,BS_0,101.802636,101.571488,0.03537,0.038095,0.288414
147,T147_UAV_2,HAP_1,LEO_1,151.932588,151.723894,0.041163,0.015451,0.2604
147,T147_UAV_7,HAP_1,LEO_1,174.296344,174.088988,0.041212,0.014064,0.2604
147,T147_UAV_9,BS_4,HAP_0,227.316445,227.144096,0.029964,0.005274,0.185554
148,T148_UAV_4,BS_4,LEO_1,189.08544,189.038085,0.001469,0.006127,0.198796
148,T148_UAV_7,HAP_1,LEO_0,195.008616,194.808983,0.044303,0.015365,0.199827
148,T148_UAV_1,BS_0,HAP_2,145.261209,145.065917,0.028753,0.019292,0.236231
148,T148_UAV_11,HAP_1,HAP_0,153.733291,153.528496,0.031324,0.023302,0.250842
148,T148_UAV_6,BS_3,LEO_1,262.691703,262.631627,0.001403,0.018914,0.198796
148,T148_UAV_18,BS_3,LEO_0,290.44484,290.241723,0.047821,0.01533,0.199827
148,T148_UAV_17,BS_3,LEO_1,93.985722,93.916436,0.00052,0.029007,0.198796
148,T148_UAV_15,BS_4,LEO_0,95.771165,95.578314,0.041709,0.011177,0.199827
148,T148_UAV_2,HAP_1,HAP_1,37.794854,37.558278,0.025543,0.042146,0.344436
148,T148_UAV_16,BS_4,LEO_1,101.569449,101.507903,0.000685,0.021102,0.198796
148,T148_UAV_5,HAP_1,LEO_0,102.09425,101.891409,0.042354,0.020522,0.199827
148,T148_UAV_13,HAP_1,HAP_2,111.264822,111.077816,0.028959,0.010801,0.236231
148,T148_UAV_3,HAP_1,LEO_1,165.761671,165.694773,0.001003,0.026136,0.198796
148,T148_UAV_14,BS_0,LEO_0,168.404061,168.213982,0.044318,0.005795,0.199827
148,T148_UAV_12,BS_1,HAP_0,190.414594,190.21807,0.030446,0.015909,0.250842
149,T149_UAV_19,BS_3,LEO_1,141.614554,141.410083,0.040802,0.017848,0.229101
149,T149_UAV_15,BS_4,LEO_0,118.014178,117.78498,0.04291,0.011842,0.372226
149,T149_UAV_16,BS_4,HAP_2,128.71365,128.649734,0.003195,0.019378,0.206713
149,T149_UAV_17,BS_3,HAP_0,135.198733,135.011924,0.03031,0.005718,0.253909
149,T149_UAV_8,BS_4,LEO_1,186.139131,185.946496,0.041555,0.00526,0.229101
149,T149_UAV_1,BS_0,LEO_0,143.578031,143.340695,0.044576,0.018315,0.372226
149,T149_UAV_6,BS_3,HAP_1,88.05011,87.80477,0.026663,0.048219,0.352289
149,T149_UAV_7,HAP_1,HAP_2,191.198599,191.1463,0.005423,0.005534,0.206713
149,T149_UAV_3,HAP_1,HAP_0,192.073931,191.866477,0.032051,0.024621,0.253909
149,T149_UAV_10,HAP_1,LEO_1,258.811388,258.602671,0.041971,0.020926,0.229101
149,T149_UAV_0,HAP_1,BS_0,60.232549,60.042231,0.024993,0.013594,0.258652
149,T149_UAV_9,BS_4,BS_2,64.566471,64.365884,0.026073,0.019665,0.274241
149,T149_UAV_5,HAP_1,BS_4,78.401486,78.141182,0.029516,0.07155,0.296189
149,T149_UAV_18,BS_3,BS_3,87.206459,86.947141,0.031716,0.072004,0.277989
149,T149_UAV_2,HAP_1,BS_1,88.586601,88.332824,0.032062,0.030374,0.456705
149,T149_UAV_12,BS_1,LEO_0,153.501466,153.264559,0.045223,0.017238,0.372226
149,T149_UAV_14,BS_0,LEO_1,160.384843,160.17413,0.04093,0.023963,0.229101
150,T150_UAV_4,BS_4,LEO_1,146.615763,146.551298,0.001235,0.015319,0.239555
150,T150_UAV_16,BS_4,LEO_0,148.728964,148.6471,0.003764,0.031819,0.231404
150,T150_UAV_17,BS_3,HAP_0,189.633748,189.568338,0.006238,0.00988,0.246459
150,T150_UAV_10,HAP_1,HAP_2,198.078658,197.99932,0.006249,0.015421,0.28834
150,T150_UAV_8,BS_4,LEO_1,197.600814,197.539222,0.001651,0.012029,0.239555
150,T150_UAV_15,BS_4,LEO_0,221.231628,221.152203,0.00453,0.028615,0.231404
150,T150_UAV_18,BS_3,HAP_1,97.733711,97.45822,0.026636,0.084491,0.321817
150,T150_UAV_3,HAP_1,LEO_1,221.479405,221.408308,0.001428,0.021758,0.239555
150,T150_UAV_2,HAP_1,HAP_0,257.609893,257.53615,0.009112,0.01534,0.246459
150,T150_UAV_7,HAP_1,HAP_2,294.545218,294.47091,0.007226,0.009415,0.28834
150,T150_UAV_14,BS_0,BS_2,67.09868,66.859892,0.026697,0.063043,0.245242
150,T150_UAV_0,HAP_1,LEO_0,95.568763,95.501817,0.0028,0.017866,0.231404
150,T150_UAV_1,BS_0,BS_0,97.308108,97.066742,0.034245,0.045164,0.309791
150,T150_UAV_9,BS_4,LEO_1,104.405422,104.345218,0.000792,0.011501,0.239555
150,T150_UAV_13,HAP_1,LEO_0,130.448956,130.376871,0.003875,0.021929,0.231404
150,T150_UAV_12,BS_1,BS_3,133.692648,133.454394,0.043337,0.030685,0.321164
150,T150_UAV_19,BS_3,HAP_2,155.68327,155.600272,0.004465,0.020865,0.28834
150,T150_UAV_5,HAP_1,HAP_0,194.893479,194.809545,0.005837,0.028806,0.246459
151,T151_UAV_17,BS_3,LEO_0,313.185954,312.990303,0.047208,0.01191,0.182667
151,T151_UAV_0,HAP_1,LEO_1,103.536194,103.452766,0.000987,0.016631,0.329056
151,T151_UAV_8,BS_4,HAP_2,375.393813,375.208548,0.031244,0.006893,0.235641
151,T151_UAV_4,BS_4,LEO_0,332.865619,332.673423,0.045149,0.010513,0.182667
151,T151_UAV_13,HAP_1,LEO_0,382.202931,381.994666,0.04779,0.023942,0.182667
151,T151_UAV_19,BS_3,LEO_0,390.244766,390.036021,0.048018,0.024193,0.182667
151,T151_UAV_18,BS_3,LEO_0,418.516448,418.317812,0.048982,0.013121,0.182667
151,T151_UAV_16,BS_4,LEO_0,438.416517,438.200575,0.047763,0.031646,0.182667
151,T151_UAV_10,HAP_1,HAP_0,26.938984,26.850094,0.001696,0.025869,0.30663
151,T151_UAV_2,HAP_1,LEO_1,51.755293,51.675861,0.000516,0.013105,0.329056
151,T151_UAV_1,BS_0,HAP_2,145.992347,145.806738,0.027855,0.010625,0.235641
151,T151_UAV_11,HAP_1,HAP_2,158.556289,158.369266,0.028938,0.010956,0.235641
151,T151_UAV_12,BS_1,HAP_1,89.216466,88.969714,0.027011,0.051635,0.34053
151,T151_UAV_9,BS_4,LEO_0,164.380816,164.194711,0.042692,0.006879,0.182667
151,T151_UAV_6,BS_3,HAP_2,308.307272,308.117782,0.03246,0.009902,0.235641
151,T151_UAV_14,BS_2,HAP_2,332.585492,332.388976,0.032765,0.016622,0.235641
152,T152_UAV_5,HAP_1,LEO_1,180.339397,180.120577,0.041251,0.025558,0.260054
152,T152_UAV_9,BS_4,LEO_0,181.732405,181.498492,0.044195,0.031458,0.291299
152,T152_UAV_11,HAP_1,HAP_0,210.032634,209.823811,0.032212,0.016714,0.29948
152,T152_UAV_8,BS_4,HAP_2,144.717654,144.497106,0.028063,0.024759,0.338631
152,T152_UAV_3,HAP_1,LEO_1,208.126506,207.917227,0.041339,0.015929,0.260054
152,T152_UAV_4,BS_4,LEO_0,230.875189,230.63406,0.044978,0.037891,0.291299
152,T152_UAV_18,BS_3,HAP_1,88.914573,88.671447,0.026482,0.046304,0.351698
152,T152_UAV_19,BS_3,HAP_0,278.163097,277.942496,0.033098,0.027607,0.29948
152,T152_UAV_0,HAP_1,HAP_2,185.61933,185.395129,0.031739,0.024735,0.338631
152,T152_UAV_6,BS_3,BS_0,51.32273,51.109537,0.022761,0.025517,0.324571
152,T152_UAV_10,HAP_1,BS_1,55.352677,55.091074,0.023756,0.058734,0.395567
152,T152_UAV_7,HAP_1,BS_4,78.879516,78.651514,0.029643,0.026349,0.360052
152,T152_UAV_13,HAP_1,BS_3,87.700961,87.479372,0.031849,0.01826,0.3574
152,T152_UAV_1,BS_0,LEO_1,120.05735,119.841528,0.040877,0.022934,0.260054
152,T152_UAV_15,BS_4,LEO_0,123.086758,122.877,0.042508,0.008989,0.291299
152,T152_UAV_2,HAP_1,LEO_1,124.471025,124.266816,0.040952,0.011246,0.260054
152,T152_UAV_17,BS_3,LEO_0,139.339541,139.096561,0.044752,0.039968,0.291299
152,T152_UAV_14,BS_2,HAP_0,281.30322,281.077346,0.032392,0.033586,0.29948
153,T153_UAV_0,HAP_1,LEO_1,94.098008,93.903541,0.040893,0.006374,0.235997
153,T153_UAV_4,BS_4,LEO_0,97.036015,96.837763,0.043387,0.007311,0.237763
153,T153_UAV_9,BS_4,HAP_0,333.840218,333.655295,0.031549,0.016463,0.184555
153,T153_UAV_16,BS_4,HAP_2,191.031064,190.838195,0.029694,0.005963,0.286059
153,T153_UAV_6,BS_3,HAP_0,511.496644,511.308793,0.036739,0.014201,0.184555
153,T153_UAV_19,BS_3,HAP_0,588.405099,588.207266,0.038497,0.022425,0.184555
153,T153_UAV_8,BS_4,HAP_0,597.311827,597.125937,0.036467,0.012512,0.184555
153,T153_UAV_1,BS_0,LEO_1,43.815927,43.594005,0.04041,0.034313,0.235997
153,T153_UAV_5,HAP_1,LEO_0,53.101722,52.903384,0.042374,0.008411,0.237763
153,T153_UAV_18,BS_3,HAP_1,46.754255,46.492307,0.025775,0.052919,0.416272
153,T153_UAV_11,HAP_1,BS_1,81.959294,81.71053,0.030407,0.068538,0.249092
153,T153_UAV_15,BS_4,HAP_2,95.334943,95.123236,0.026772,0.027722,0.286059
153,T153_UAV_3,HAP_1,BS_0,107.371363,107.160753,0.036767,0.016967,0.284378
153,T153_UAV_17,BS_3,HAP_0,245.506952,245.324166,0.031219,0.014657,0.184555
153,T153_UAV_14,BS_2,HAP_0,568.264418,568.074341,0.036958,0.016208,0.184555
154,T154_UAV_16,BS_4,LEO_1,78.708952,78.48135,0.040631,0.034865,0.260529
154,T154_UAV_15,BS_4,LEO_0,116.827481,116.616927,0.042865,0.023229,0.222301
154,T154_UAV_9,BS_4,HAP_2,117.99179,117.91902,0.002757,0.021761,0.241263
154,T154_UAV_19,BS_3,HAP_0,132.517688,132.281081,0.029555,0.01176,0.476464
154,T154_UAV_5,HAP_1,LEO_1,170.491979,170.27695,0.041301,0.021622,0.260529
154,T154_UAV_6,BS_3,HAP_1,178.548833,178.341031,0.027811,0.036332,0.218293
154,T154_UAV_2,HAP_1,LEO_0,179.326691,179.119203,0.046496,0.016532,0.222301
154,T154_UAV_0,HAP_1,HAP_2,193.334039,193.258109,0.007009,0.020668,0.241263
154,T154_UAV_10,HAP_1,BS_1,198.511029,198.26322,0.059531,0.043023,0.22627
154,T154_UAV_4,BS_4,LEO_1,51.447042,51.236166,0.040481,0.018288,0.260529
154,T154_UAV_8,BS_4,LEO_0,62.716069,62.50383,0.041638,0.026141,0.222301
154,T154_UAV_17,BS_3,BS_0,86.295625,86.069728,0.031497,0.033971,0.30215
154,T154_UAV_18,BS_3,BS_2,88.30923,88.074912,0.031998,0.033516,0.344023
154,T154_UAV_14,BS_2,BS_3,121.261239,121.027023,0.040232,0.023631,0.351766
154,T154_UAV_3,HAP_1,HAP_0,149.658613,149.407897,0.030457,0.024967,0.476464
154,T154_UAV_13,HAP_1,BS_4,158.532763,158.257337,0.049535,0.053917,0.359874
154,T154_UAV_1,BS_0,HAP_1,131.844982,131.658331,0.028332,0.014661,0.218293
155,T155_UAV_18,BS_3,LEO_1,389.983275,389.787519,0.041891,0.017295,0.182856
155,T155_UAV_4,BS_4,LEO_0,90.910933,90.845921,0.003178,0.02126,0.202867
155,T155_UAV_10,HAP_1,HAP_2,159.229552,159.031469,0.030984,0.023759,0.216704
155,T155_UAV_15,BS_4,LEO_1,403.166161,402.977062,0.042707,0.009822,0.182856
155,T155_UAV_8,BS_4,HAP_0,96.165274,95.948171,0.028414,0.034374,0.271576
155,T155_UAV_6,BS_3,LEO_1,513.567664,513.367266,0.042391,0.021435,0.182856
155,T155_UAV_3,HAP_1,LEO_1,537.021103,536.812788,0.042776,0.028969,0.182856
155,T155_UAV_11,HAP_1,LEO_0,33.649097,33.582258,0.00161,0.024655,0.202867
155,T155_UAV_12,BS_1,HAP_2,56.217802,56.039808,0.02661,0.008043,0.216704
155,T155_UAV_17,BS_3,LEO_1,194.858591,194.675321,0.040936,0.005764,0.182856
155,T155_UAV_2,HAP_1,LEO_1,196.767481,196.583738,0.041173,0.005999,0.182856
155,T155_UAV_0,HAP_1,LEO_1,266.678469,266.47927,0.041541,0.021087,0.182856
155,T155_UAV_16,BS_4,LEO_1,299.246268,299.03623,0.041714,0.031753,0.182856
155,T155_UAV_14,BS_2,LEO_1,404.046598,403.853345,0.04192,0.014762,0.182856
156,T156_UAV_16,BS_4,LEO_1,120.275996,120.006471,0.040876,0.029771,0.494394
156,T156_UAV_2,HAP_1,LEO_0,114.318949,114.112625,0.044145,0.022051,0.200638
156,T156_UAV_3,HAP_1,HAP_2,121.893331,121.815054,0.00406,0.025668,0.242743
156,T156_UAV_13,HAP_1,HAP_0,141.196411,140.957937,0.03056,0.031169,0.383728
156,T156_UAV_4,BS_4,LEO_1,192.135596,191.869799,0.041618,0.0253,0.494394
156,T156_UAV_7,HAP_1,LEO_0,143.954083,143.756264,0.044454,0.013238,0.200638
156,T156_UAV_17,BS_3,HAP_1,145.475076,145.280347,0.027788,0.01248,0.272306
156,T156_UAV_19,BS_3,HAP_2,159.809525,159.73589,0.00543,0.019656,0.242743
156,T156_UAV_10,HAP_1,HAP_0,193.525276,193.27173,0.033319,0.043482,0.383728
156,T156_UAV_9,BS_4,BS_2,65.662376,65.43652,0.026341,0.03083,0.343423
156,T156_UAV_6,BS_3,BS_4,65.800031,65.56444,0.026373,0.038901,0.351583
156,T156_UAV_15,BS_4,BS_3,72.688017,72.441745,0.028091,0.046125,0.360281
156,T156_UAV_14,BS_2,LEO_0,84.237738,84.037603,0.0431,0.016908,0.200638
156,T156_UAV_5,HAP_1,BS_0,103.05694,102.815948,0.035681,0.019269,0.430212
156,T156_UAV_0,HAP_1,BS_1,105.922629,105.673652,0.036395,0.022807,0.448871
156,T156_UAV_12,BS_1,LEO_1,160.994042,160.747106,0.040979,0.007078,0.494394
156,T156_UAV_11,HAP_1,HAP_1,92.343222,92.119832,0.026163,0.042766,0.272306
156,T156_UAV_1,BS_0,LEO_1,217.847529,217.588152,0.04159,0.018909,0.494394
157,T157_UAV_9,BS_4,LEO_1,120.935604,120.697781,0.040917,0.040778,0.280643
157,T157_UAV_5,HAP_1,LEO_0,162.172144,162.097639,0.005311,0.018497,0.253483
157,T157_UAV_2,HAP_1,HAP_0,394.041353,393.848531,0.036367,0.02923,0.136125
157,T157_UAV_15,BS_4,HAP_2,173.882568,173.798789,0.003232,0.021132,0.29707
157,T157_UAV_7,HAP_1,LEO_1,249.139008,248.912043,0.041773,0.029064,0.280643
157,T157_UAV_4,BS_4,HAP_1,97.354756,97.143923,0.02745,0.020333,0.315254
157,T157_UAV_11,HAP_1,LEO_0,197.558423,197.472214,0.006889,0.028624,0.253483
157,T157_UAV_18,BS_3,HAP_0,422.968419,422.789717,0.036088,0.015388,0.136125
157,T157_UAV_13,HAP_1,HAP_2,54.757385,54.673949,0.001961,0.02206,0.29707
157,T157_UAV_14,BS_2,BS_2,66.486764,66.249879,0.026544,0.041961,0.3419
157,T157_UAV_3,HAP_1,LEO_1,102.122821,101.882219,0.040654,0.04382,0.280643
157,T157_UAV_17,BS_3,LEO_0,77.973959,77.897277,0.003343,0.022642,0.253483
157,T157_UAV_8,BS_4,BS_3,80.891407,80.639664,0.03014,0.052296,0.346536
157,T157_UAV_19,BS_3,HAP_0,163.781036,163.596927,0.028999,0.027885,0.136125
157,T157_UAV_16,BS_4,HAP_0,199.075096,198.899003,0.028405,0.020463,0.136125
157,T157_UAV_1,BS_0,BS_4,190.536369,190.295737,0.05754,0.012724,0.351842
157,T157_UAV_12,BS_1,LEO_1,214.578787,214.34998,0.041308,0.031369,0.280643
157,T157_UAV_0,HAP_1,HAP_0,280.938374,280.750727,0.032855,0.027567,0.136125
158,T158_UAV_17,BS_3,LEO_1,158.397916,158.31439,0.00088,0.037412,0.226172
158,T158_UAV_10,HAP_1,LEO_0,191.941154,191.861412,0.004893,0.017196,0.28827
158,T158_UAV_8,BS_4,HAP_2,126.163258,126.07791,0.002691,0.011808,0.35424
158,T158_UAV_9,BS_4,HAP_0,85.976909,85.721582,0.028202,0.038282,0.444217
158,T158_UAV_16,BS_4,LEO_1,278.824109,278.770401,0.001902,0.006572,0.226172
158,T158_UAV_15,BS_4,LEO_0,293.643007,293.571971,0.005207,0.008175,0.28827
158,T158_UAV_2,HAP_1,LEO_1,303.553487,303.480884,0.002162,0.025206,0.226172
158,T158_UAV_3,HAP_1,LEO_0,318.574325,318.492751,0.007848,0.016072,0.28827
158,T158_UAV_6,BS_3,HAP_2,55.560522,55.480769,0.001907,0.006999,0.35424
158,T158_UAV_14,BS_2,LEO_1,83.422407,83.36043,0.000457,0.016286,0.226172
158,T158_UAV_5,HAP_1,HAP_1,42.85376,42.619169,0.025548,0.040412,0.343154
158,T158_UAV_4,BS_4,BS_3,91.44698,91.202537,0.032779,0.041244,0.352097
158,T158_UAV_7,HAP_1,LEO_0,117.590919,117.516392,0.002558,0.014315,0.28827
158,T158_UAV_1,BS_0,BS_4,118.923067,118.665619,0.039642,0.046677,0.355653
158,T158_UAV_19,BS_3,LEO_1,134.17602,134.105934,0.000722,0.02413,0.226172
158,T158_UAV_13,HAP_1,LEO_0,136.860542,136.794598,0.003495,0.004794,0.28827
159,T159_UAV_16,BS_4,LEO_1,180.466642,180.39608,0.001324,0.01666,0.262892
159,T159_UAV_18,BS_3,LEO_0,215.785801,215.565418,0.046747,0.015019,0.293091
159,T159_UAV_4,BS_4,HAP_2,605.532548,605.369659,0.034177,0.006159,0.112762
159,T159_UAV_9,BS_4,HAP_0,88.181933,87.970697,0.028294,0.018698,0.321222
159,T159_UAV_6,BS_3,LEO_1,218.15762,218.067065,0.001239,0.036737,0.262892
159,T159_UAV_13,HAP_1,LEO_0,247.773269,247.540076,0.047399,0.027176,0.293091
159,T159_UAV_11,HAP_1,HAP_2,606.918015,606.746704,0.038051,0.010708,0.112762
159,T159_UAV_5,HAP_1,LEO_1,256.077995,256.013509,0.001782,0.010126,0.262892
159,T159_UAV_8,BS_4,LEO_0,261.857627,261.64108,0.045701,0.012227,0.293091
159,T159_UAV_7,HAP_1,HAP_2,685.295453,685.13172,0.037429,0.003751,0.112762
159,T159_UAV_14,BS_2,LEO_1,123.711384,123.640164,0.000719,0.017923,0.262892
159,T159_UAV_17,BS_3,LEO_0,134.957104,134.731567,0.044634,0.022285,0.293091
159,T159_UAV_3,HAP_1,HAP_2,279.281444,279.11399,0.030732,0.014169,0.112762
159,T159_UAV_10,HAP_1,HAP_2,383.396071,383.230913,0.033576,0.00903,0.112762
159,T159_UAV_15,BS_4,HAP_2,516.760995,516.59645,0.03202,0.009972,0.112762
159,T159_UAV_0,HAP_1,HAP_2,553.253235,553.078608,0.036996,0.015079,0.112762
159,T159_UAV_1,BS_0,HAP_2,663.084327,662.907348,0.036607,0.01782,0.112762
160,T160_UAV_8,BS_4,LEO_1,131.063586,130.989084,0.001205,0.006891,0.332029
160,T160_UAV_7,HAP_1,LEO_0,124.193902,124.143533,0.003824,0.004628,0.209588
160,T160_UAV_5,HAP_1,HAP_0,174.410645,174.185482,0.031087,0.039255,0.274106
160,T160_UAV_0,HAP_1,LEO_0,188.384328,188.313477,0.006767,0.022166,0.209588
160,T160_UAV_4,BS_4,HAP_0,189.513958,189.29426,0.030282,0.034595,0.274106
160,T160_UAV_13,HAP_1,HAP_2,75.051195,74.805292,0.027685,0.027393,0.454124
160,T160_UAV_9,BS_4,LEO_1,84.982397,84.890802,0.000716,0.024474,0.332029
160,T160_UAV_12,BS_1,HAP_1,44.579295,44.307869,0.026013,0.075317,0.350485
160,T160_UAV_3,HAP_1,LEO_1,99.946264,99.844923,0.0007,0.034234,0.332029
160,T160_UAV_11,HAP_1,LEO_0,115.448272,115.387994,0.004024,0.014337,0.209588
160,T160_UAV_14,BS_2,BS_2,130.593377,130.335883,0.042558,0.05031,0.32313
160,T160_UAV_18,BS_3,HAP_2,139.578302,139.337299,0.03009,0.020088,0.454124
161,T161_UAV_18,BS_3,LEO_1,297.766255,297.57188,0.041585,0.007382,0.22704
161,T161_UAV_17,BS_3,LEO_0,108.440331,108.343745,0.006511,0.024277,0.328992
161,T161_UAV_15,BS_4,HAP_0,467.564732,467.366314,0.033499,0.037052,0.139338
161,T161_UAV_4,BS_4,HAP_2,93.419452,93.174192,0.027509,0.040597,0.385767
161,T161_UAV_5,HAP_1,LEO_1,371.067372,370.861751,0.042284,0.017929,0.22704
161,T161_UAV_3,HAP_1,LEO_0,131.011028,130.920128,0.00639,0.018711,0.328992
161,T161_UAV_0,HAP_1,HAP_0,151.829881,151.645212,0.028957,0.027845,0.139338
161,T161_UAV_6,BS_3,HAP_0,176.34868,176.183001,0.029078,0.008734,0.139338
161,T161_UAV_16,BS_4,LEO_1,220.885819,220.685207,0.041428,0.013776,0.22704
161,T161_UAV_9,BS_4,HAP_0,180.77506,180.612191,0.028585,0.006416,0.139338
161,T161_UAV_7,HAP_1,LEO_1,267.86829,267.645086,0.041696,0.036099,0.22704
161,T161_UAV_14,BS_2,LEO_1,308.0674,307.858545,0.041611,0.021835,0.22704
161,T161_UAV_12,BS_1,HAP_0,318.634277,318.431296,0.031267,0.043846,0.139338
161,T161_UAV_1,BS_0,LEO_1,364.635612,364.413241,0.042339,0.034624,0.22704
161,T161_UAV_13,HAP_1,HAP_0,452.19768,452.026312,0.036473,0.007027,0.139338
162,T162_UAV_18,BS_3,LEO_1,84.617564,84.410267,0.040542,0.023614,0.215709
162,T162_UAV_19,BS_3,LEO_0,105.696288,105.504933,0.043945,0.004674,0.213678
162,T162_UAV_10,HAP_1,HAP_2,144.316319,144.123746,0.03044,0.009993,0.260698
162,T162_UAV_11,HAP_1,HAP_0,150.569586,150.303501,0.031283,0.035107,0.498479
162,T162_UAV_4,BS_4,LEO_1,159.61279,159.413462,0.041505,0.014682,0.215709
162,T162_UAV_0,HAP_1,LEO_0,52.352498,52.154814,0.041865,0.013084,0.213678
162,T162_UAV_16,BS_4,HAP_2,62.04686,61.831193,0.026489,0.037039,0.260698
162,T162_UAV_14,BS_2,HAP_1,42.237958,41.968728,0.025999,0.071071,0.360801
162,T162_UAV_6,BS_3,LEO_1,80.07323,79.872651,0.040491,0.016946,0.215709
162,T162_UAV_17,BS_3,LEO_0,84.212314,84.008217,0.043617,0.017745,0.213678
162,T162_UAV_2,HAP_1,BS_3,109.733446,109.500092,0.037351,0.031021,0.324908
162,T162_UAV_13,HAP_1,BS_2,130.600862,130.301985,0.042549,0.070506,0.429111
162,T162_UAV_1,BS_0,HAP_0,135.744922,135.486403,0.028023,0.0308,0.498479
162,T162_UAV_12,BS_1,BS_1,136.790904,136.54503,0.044109,0.016221,0.42772
163,T163_UAV_8,BS_4,LEO_1,108.431971,108.235894,0.04099,0.0076,0.237438
163,T163_UAV_6,BS_3,LEO_0,125.371776,125.312522,0.004731,0.011968,0.212773
163,T163_UAV_4,BS_4,HAP_2,139.688581,139.62722,0.002993,0.013029,0.226696
163,T163_UAV_11,HAP_1,HAP_0,158.909286,158.700771,0.031641,0.02052,0.281769
163,T163_UAV_16,BS_4,LEO_1,166.565889,166.345387,0.041355,0.031659,0.237438
163,T163_UAV_3,HAP_1,LEO_0,197.112233,197.047766,0.006985,0.014927,0.212773
163,T163_UAV_5,HAP_1,HAP_2,53.364028,53.297891,0.001613,0.019186,0.226696
163,T163_UAV_9,BS_4,BS_0,57.11495,56.914568,0.024212,0.013228,0.314713
163,T163_UAV_15,BS_4,BS_3,58.269878,58.057339,0.024497,0.023985,0.320282
163,T163_UAV_14,BS_2,BS_2,62.565521,62.324738,0.025563,0.035648,0.39786
163,T163_UAV_10,HAP_1,HAP_0,63.375421,63.171214,0.027713,0.02014,0.281769
163,T163_UAV_1,BS_0,BS_4,63.550494,63.321613,0.025812,0.0257,0.386845
163,T163_UAV_12,BS_1,HAP_1,34.519454,34.275339,0.025786,0.069157,0.245854
163,T163_UAV_18,BS_3,BS_1,81.841218,81.584501,0.030376,0.039253,0.435443
163,T163_UAV_17,BS_3,LEO_1,101.352161,101.129931,0.040648,0.034093,0.237438
163,T163_UAV_7,HAP_1,LEO_0,132.707884,132.6427,0.004064,0.018566,0.212773
164,T164_UAV_5,HAP_1,LEO_1,118.797764,118.737482,0.00091,0.016406,0.214828
164,T164_UAV_7,HAP_1,LEO_0,119.778964,119.71335,0.003662,0.004486,0.287329
164,T164_UAV_10,HAP_1,HAP_2,125.186087,125.114719,0.004727,0.013534,0.26554
164,T164_UAV_9,BS_4,HAP_0,147.92837,147.709576,0.029199,0.029807,0.298939
164,T164_UAV_4,BS_4,LEO_1,164.038359,163.979583,0.001551,0.014259,0.214828
164,T164_UAV_17,BS_3,LEO_0,171.92021,171.82718,0.007428,0.028137,0.287329
164,T164_UAV_13,HAP_1,LEO_1,172.32321,172.27071,0.00125,0.008285,0.214828
164,T164_UAV_3,HAP_1,HAP_1,42.942454,42.730674,0.025487,0.027426,0.294338
164,T164_UAV_0,HAP_1,HAP_2,106.4156,106.344946,0.003802,0.013744,0.26554
164,T164_UAV_2,HAP_1,HAP_0,111.246511,111.041508,0.029798,0.015417,0.298939
164,T164_UAV_15,BS_4,BS_1,131.532868,131.27257,0.042792,0.051158,0.331739
164,T164_UAV_19,BS_3,LEO_0,162.479185,162.393423,0.00609,0.022207,0.287329
164,T164_UAV_12,BS_1,BS_4,178.22826,177.962738,0.054458,0.043254,0.339049
164,T164_UAV_1,BS_0,BS_0,198.736824,198.430828,0.059573,0.062694,0.418645
165,T165_UAV_18,BS_3,LEO_1,195.509742,195.304188,0.041087,0.025938,0.192646
165,T165_UAV_17,BS_3,LEO_0,79.691653,79.59876,0.004804,0.021744,0.331726
165,T165_UAV_8,BS_4,HAP_2,131.423536,131.342112,0.002825,0.005035,0.367824
165,T165_UAV_10,HAP_1,HAP_0,203.836623,203.662562,0.032235,0.017043,0.123913
165,T165_UAV_11,HAP_1,LEO_1,236.359904,236.155113,0.04173,0.024532,0.192646
165,T165_UAV_7,HAP_1,LEO_0,94.57163,94.494805,0.003921,0.006559,0.331726
165,T165_UAV_15,BS_4,HAP_1,92.675725,92.472893,0.027753,0.015075,0.300022
165,T165_UAV_0,HAP_1,HAP_0,264.136577,263.959211,0.033972,0.018612,0.123913
165,T165_UAV_16,BS_4,LEO_1,304.895509,304.696766,0.042096,0.018118,0.192646
165,T165_UAV_9,BS_4,HAP_2,60.975108,60.894757,0.001444,0.005342,0.367824
165,T165_UAV_5,HAP_1,BS_0,77.141465,76.900409,0.029205,0.053446,0.292025
165,T165_UAV_2,HAP_1,LEO_1,101.325149,101.140616,0.04072,0.005284,0.192646
165,T165_UAV_13,HAP_1,BS_3,99.000455,98.780923,0.034673,0.031645,0.266071
165,T165_UAV_1,BS_0,BS_4,111.799722,111.566918,0.037868,0.037632,0.286517
165,T165_UAV_12,BS_1,HAP_0,136.537694,136.350942,0.028283,0.033686,0.123913
165,T165_UAV_19,BS_3,LEO_1,188.081881,187.877977,0.041015,0.02436,0.192646
166,T166_UAV_9,BS_4,LEO_0,161.60925,161.418041,0.043741,0.009338,0.190652
166,T166_UAV_13,HAP_1,LEO_1,105.055436,104.852884,0.040874,0.016904,0.223868
166,T166_UAV_19,BS_3,HAP_2,247.710095,247.545689,0.032223,0.005747,0.132178
166,T166_UAV_7,HAP_1,HAP_0,177.334147,177.161625,0.030694,0.010643,0.155924
166,T166_UAV_3,HAP_1,LEO_1,119.854793,119.634216,0.040957,0.034846,0.223868
166,T166_UAV_10,HAP_1,LEO_0,246.348755,246.147854,0.04737,0.0154,0.190652
166,T166_UAV_16,BS_4,HAP_2,292.187609,292.017583,0.031156,0.012434,0.132178
166,T166_UAV_12,BS_1,BS_2,51.300158,51.074149,0.022752,0.053508,0.248744
166,T166_UAV_17,BS_3,HAP_1,39.989236,39.772206,0.025965,0.023543,0.337614
166,T166_UAV_5,HAP_1,HAP_0,103.125129,102.937162,0.028567,0.028216,0.155924
166,T166_UAV_4,BS_4,LEO_0,155.686782,155.493332,0.043323,0.011997,0.190652
166,T166_UAV_2,HAP_1,LEO_0,187.715138,187.520308,0.045565,0.011135,0.190652
166,T166_UAV_1,BS_0,HAP_2,231.566055,231.398243,0.030386,0.010991,0.132178
167,T167_UAV_9,BS_4,LEO_1,105.899357,105.686261,0.040805,0.020879,0.257059
167,T167_UAV_8,BS_4,LEO_0,155.593833,155.401339,0.043414,0.006527,0.212768
167,T167_UAV_19,BS_3,HAP_0,143.201474,143.125714,0.005035,0.022319,0.242031
167,T167_UAV_3,HAP_1,HAP_2,148.259245,148.071873,0.029877,0.011339,0.230774
167,T167_UAV_11,HAP_1,LEO_1,197.976756,197.772431,0.041569,0.011344,0.257059
167,T167_UAV_4,BS_4,LEO_0,221.735993,221.539302,0.044733,0.009404,0.212768
167,T167_UAV_2,HAP_1,HAP_0,178.874356,178.800887,0.007734,0.017329,0.242031
167,T167_UAV_7,HAP_1,HAP_2,51.135339,50.941256,0.026386,0.021542,0.230774
167,T167_UAV_5,HAP_1,LEO_1,78.49133,78.268681,0.040545,0.030692,0.257059
167,T167_UAV_16,BS_4,LEO_0,80.874957,80.684142,0.041994,0.006268,0.212768
167,T167_UAV_15,BS_4,BS_3,63.959866,63.752776,0.02592,0.02036,0.304049
167,T167_UAV_14,BS_2,HAP_1,46.991549,46.743514,0.026099,0.059971,0.309825
167,T167_UAV_0,HAP_1,BS_4,97.209161,96.952999,0.034216,0.058793,0.315767
167,T167_UAV_10,HAP_1,LEO_1,140.897959,140.688618,0.041043,0.016886,0.257059
167,T167_UAV_17,BS_3,LEO_0,167.121164,166.927293,0.045788,0.00553,0.212768
168,T168_UAV_9,BS_4,LEO_1,104.081771,103.877331,0.040878,0.021611,0.209754
168,T168_UAV_16,BS_4,LEO_0,125.115588,125.046317,0.003782,0.020606,0.224415
168,T168_UAV_15,BS_4,HAP_2,135.314911,135.250001,0.002498,0.012611,0.249005
168,T168_UAV_5,HAP_1,HAP_0,139.044828,138.966952,0.004808,0.01992,0.26574
168,T168_UAV_3,HAP_1,LEO_1,143.890563,143.690339,0.041002,0.017271,0.209754
168,T168_UAV_19,BS_3,LEO_0,168.975381,168.903173,0.006351,0.020974,0.224415
168,T168_UAV_7,HAP_1,HAP_2,169.976299,169.91546,0.004623,0.006416,0.249005
168,T168_UAV_10,HAP_1,HAP_0,178.536094,178.469505,0.007651,0.00579,0.26574
168,T168_UAV_13,HAP_1,LEO_1,182.480172,182.262067,0.04132,0.034834,0.209754
168,T168_UAV_17,BS_3,HAP_1,45.097086,44.88959,0.026096,0.014379,0.335105
168,T168_UAV_4,BS_4,BS_3,89.488138,89.252081,0.032292,0.04885,0.274574
168,T168_UAV_8,BS_4,BS_1,103.212272,103.00289,0.035728,0.012035,0.308096
168,T168_UAV_2,HAP_1,LEO_0,131.981664,131.921006,0.004846,0.010928,0.224415
168,T168_UAV_0,HAP_1,BS_4,136.746175,136.496227,0.044097,0.036923,0.344642
168,T168_UAV_1,BS_0,BS_2,139.739464,139.483186,0.044843,0.03501,0.38212
169,T169_UAV_9,BS_4,LEO_1,169.146697,168.954835,0.041289,0.009859,0.203571
169,T169_UAV_13,HAP_1,LEO_0,133.809989,133.617169,0.044979,0.00777,0.200354
169,T169_UAV_18,BS_3,HAP_2,145.400659,145.321196,0.005253,0.011927,0.311417
169,T169_UAV_5,HAP_1,HAP_0,170.936891,170.842711,0.005903,0.016606,0.358352
169,T169_UAV_16,BS_4,LEO_1,189.767326,189.577154,0.041409,0.008048,0.203571
169,T169_UAV_3,HAP_1,LEO_0,147.187622,146.985231,0.045189,0.017131,0.200354
169,T169_UAV_11,HAP_1,HAP_2,190.074332,189.983828,0.006799,0.021421,0.311417
169,T169_UAV_7,HAP_1,HAP_0,50.623007,50.527214,0.00162,0.022503,0.358352
169,T169_UAV_14,BS_2,BS_3,60.723024,60.522116,0.025113,0.012592,0.316009
169,T169_UAV_4,BS_4,HAP_1,38.423487,38.157953,0.02598,0.066877,0.363386
169,T169_UAV_6,BS_3,LEO_1,100.414378,100.214345,0.040571,0.018748,0.203571
169,T169_UAV_0,HAP_1,BS_4,85.272309,85.045474,0.031241,0.022242,0.366761
169,T169_UAV_1,BS_0,LEO_0,84.507772,84.313651,0.042748,0.011303,0.200354
169,T169_UAV_2,HAP_1,LEO_1,123.479285,123.288224,0.040943,0.009404,0.203571
169,T169_UAV_12,BS_1,BS_2,177.444346,177.169484,0.05426,0.028131,0.462358
170,T170_UAV_8,BS_4,LEO_1,180.602027,180.386712,0.041355,0.021026,0.264669
170,T170_UAV_15,BS_4,LEO_0,146.127337,146.070737,0.002931,0.014292,0.196883
170,T170_UAV_7,HAP_1,HAP_0,210.245713,210.068255,0.03075,0.015812,0.154476
170,T170_UAV_18,BS_3,HAP_2,251.585738,251.393431,0.032655,0.017992,0.2083
170,T170_UAV_4,BS_4,LEO_0,218.574801,218.524359,0.004664,0.006401,0.196883
170,T170_UAV_0,HAP_1,LEO_1,311.464652,311.246609,0.042123,0.022986,0.264669
170,T170_UAV_10,HAP_1,HAP_0,283.28496,283.113748,0.035029,0.005288,0.154476
170,T170_UAV_3,HAP_1,HAP_2,289.328646,289.147239,0.0331,0.006648,0.2083
170,T170_UAV_5,HAP_1,BS_3,197.769214,197.5237,0.059346,0.036379,0.248946
170,T170_UAV_11,HAP_1,BS_4,56.539264,56.299665,0.024058,0.045404,0.350681
170,T170_UAV_16,BS_4,LEO_1,99.566466,99.356047,0.040687,0.016798,0.264669
170,T170_UAV_2,HAP_1,LEO_0,86.20052,86.144026,0.002554,0.014563,0.196883
170,T170_UAV_12,BS_1,HAP_1,47.10783,46.852032,0.026088,0.059588,0.350616
170,T170_UAV_13,HAP_1,BS_0,94.096611,93.865137,0.033445,0.019198,0.394155
170,T170_UAV_6,BS_3,LEO_0,92.076766,92.018157,0.002807,0.016426,0.196883
170,T170_UAV_9,BS_4,LEO_1,150.382594,150.16243,0.041064,0.026166,0.264669
170,T170_UAV_19,BS_3,HAP_0,122.637602,122.471781,0.028659,0.006267,0.154476
170,T170_UAV_14,BS_2,HAP_2,226.60787,226.421383,0.031175,0.013651,0.2083
170,T170_UAV_1,BS_0,LEO_1,280.400573,280.197231,0.041892,0.008516,0.264669
171,T171_UAV_4,BS_4,LEO_0,211.039906,210.844174,0.043913,0.014101,0.188589
171,T171_UAV_5,HAP_1,LEO_1,97.219651,97.012434,0.040866,0.00841,0.289704
171,T171_UAV_3,HAP_1,HAP_0,181.136336,181.082535,0.006484,0.005977,0.206699
171,T171_UAV_10,HAP_1,HAP_2,190.004373,189.811137,0.032157,0.0141,0.2349
171,T171_UAV_14,BS_2,LEO_1,40.904563,40.678338,0.04029,0.027994,0.289704
171,T171_UAV_1,BS_0,LEO_0,114.14936,113.965413,0.042606,0.003624,0.188589
171,T171_UAV_9,BS_4,HAP_1,36.458997,36.203649,0.02578,0.056518,0.365251
171,T171_UAV_12,BS_1,HAP_0,82.418425,82.356333,0.002259,0.018493,0.206699
171,T171_UAV_19,BS_3,LEO_0,158.601206,158.411864,0.044108,0.007516,0.188589
171,T171_UAV_17,BS_3,HAP_2,98.91581,98.719231,0.029081,0.020518,0.2349
171,T171_UAV_13,HAP_1,BS_3,119.860945,119.650169,0.039888,0.022893,0.239977
171,T171_UAV_11,HAP_1,LEO_0,174.940288,174.751698,0.044225,0.006647,0.188589
171,T171_UAV_0,HAP_1,LEO_0,195.764178,195.561477,0.044816,0.020167,0.188589
172,T172_UAV_8,BS_4,LEO_1,162.084246,161.845739,0.04131,0.040012,0.285924
172,T172_UAV_7,HAP_1,LEO_0,143.534961,143.332228,0.044318,0.011521,0.234466
172,T172_UAV_5,HAP_1,HAP_2,143.22327,143.151887,0.004266,0.023922,0.215974
172,T172_UAV_2,HAP_1,HAP_0,145.635459,145.553411,0.006256,0.011289,0.322517
172,T172_UAV_19,BS_3,LEO_1,218.817377,218.596844,0.041259,0.02209,0.285924
172,T172_UAV_11,HAP_1,LEO_0,181.285787,181.06831,0.046301,0.024283,0.234466
172,T172_UAV_16,BS_4,HAP_1,90.98925,90.753153,0.027792,0.037581,0.353622
172,T172_UAV_13,HAP_1,HAP_2,52.124666,52.058691,0.001885,0.020895,0.215974
172,T172_UAV_18,BS_3,HAP_0,62.06848,61.995556,0.002316,0.006104,0.322517
172,T172_UAV_1,BS_0,BS_3,63.427445,63.206784,0.025784,0.045166,0.248555
172,T172_UAV_10,HAP_1,LEO_1,120.538131,120.328689,0.040885,0.011372,0.285924
172,T172_UAV_17,BS_3,BS_4,106.803881,106.558228,0.036616,0.045858,0.315895
172,T172_UAV_4,BS_4,LEO_0,117.275636,117.066261,0.043016,0.019465,0.234466
172,T172_UAV_3,HAP_1,BS_1,120.265809,120.010313,0.039978,0.034666,0.404258
172,T172_UAV_12,BS_1,LEO_1,172.092084,171.877971,0.041077,0.015851,0.285924
173,T173_UAV_11,HAP_1,LEO_0,238.016527,237.829714,0.045108,0.005246,0.182292
173,T173_UAV_9,BS_4,LEO_1,188.130418,188.078827,0.001439,0.006111,0.220205
173,T173_UAV_4,BS_4,HAP_2,162.809684,162.613632,0.028435,0.021612,0.230025
173,T173_UAV_7,HAP_1,LEO_0,284.785851,284.575871,0.0454,0.028122,0.182292
173,T173_UAV_5,HAP_1,HAP_0,199.717977,199.529162,0.031854,0.00565,0.25655
173,T173_UAV_2,HAP_1,LEO_0,393.710082,393.497024,0.048822,0.027778,0.182292
173,T173_UAV_1,BS_0,LEO_1,73.429636,73.359292,0.000532,0.025772,0.220205
173,T173_UAV_16,BS_4,HAP_1,43.155925,42.930508,0.026319,0.027953,0.355726
173,T173_UAV_3,HAP_1,LEO_0,121.264497,121.070799,0.042625,0.014616,0.182292
173,T173_UAV_10,HAP_1,LEO_1,118.586389,118.514937,0.000872,0.026539,0.220205
173,T173_UAV_18,BS_3,HAP_2,132.642444,132.446855,0.029759,0.019825,0.230025
173,T173_UAV_13,HAP_1,LEO_0,156.814937,156.613908,0.043572,0.020998,0.182292
173,T173_UAV_14,BS_2,HAP_0,158.7719,158.565215,0.029814,0.025561,0.25655
173,T173_UAV_15,BS_4,LEO_0,202.823589,202.629945,0.043191,0.013995,0.182292
173,T173_UAV_12,BS_1,LEO_1,256.922622,256.852481,0.001613,0.024487,0.220205
174,T174_UAV_16,BS_4,LEO_1,124.012126,123.931548,0.000928,0.023769,0.279405
174,T174_UAV_15,BS_4,LEO_0,124.548367,124.474543,0.002996,0.020295,0.252665
174,T174_UAV_5,HAP_1,HAP_0,268.411234,268.34848,0.00652,0.01727,0.194816
174,T174_UAV_6,BS_3,HAP_2,150.100692,150.039051,0.005225,0.015925,0.202457
174,T174_UAV_8,BS_4,LEO_1,210.496674,210.43388,0.001699,0.005214,0.279405
174,T174_UAV_19,BS_3,HAP_1,98.495124,98.238603,0.026681,0.057595,0.36123
174,T174_UAV_12,BS_1,LEO_0,50.69775,50.639903,0.001671,0.005643,0.252665
174,T174_UAV_2,HAP_1,HAP_0,146.915578,146.867122,0.004231,0.005262,0.194816
174,T174_UAV_18,BS_3,HAP_2,61.525199,61.475403,0.002208,0.007096,0.202457
174,T174_UAV_4,BS_4,LEO_1,108.291465,108.225428,0.000923,0.009233,0.279405
174,T174_UAV_9,BS_4,BS_3,84.497164,84.228464,0.031037,0.067597,0.350331
174,T174_UAV_14,BS_2,HAP_0,147.660686,147.60261,0.003263,0.015849,0.194816
174,T174_UAV_13,HAP_1,LEO_0,86.887154,86.819848,0.003251,0.013521,0.252665
174,T174_UAV_17,BS_3,BS_4,100.796619,100.560392,0.035118,0.026165,0.37472
174,T174_UAV_7,HAP_1,LEO_1,139.665366,139.590498,0.001034,0.017953,0.279405
174,T174_UAV_3,HAP_1,HAP_0,252.152232,252.092232,0.00631,0.014727,0.194816
174,T174_UAV_1,BS_0,HAP_0,472.449527,472.388129,0.00828,0.014155,0.194816
175,T175_UAV_4,BS_4,LEO_1,79.128937,79.033424,0.000755,0.01996,0.37399
175,T175_UAV_18,BS_3,LEO_0,107.914796,107.838839,0.004129,0.018355,0.267366
175,T175_UAV_11,HAP_1,HAP_2,127.54424,127.477396,0.004579,0.0066,0.278317
175,T175_UAV_19,BS_3,HAP_0,174.356036,174.113371,0.031199,0.018456,0.46505
175,T175_UAV_5,HAP_1,LEO_0,149.254109,149.179494,0.00479,0.016352,0.267366
175,T175_UAV_10,HAP_1,LEO_1,176.574756,176.46928,0.00143,0.029248,0.37399
175,T175_UAV_3,HAP_1,HAP_2,177.315326,177.241906,0.005795,0.011961,0.278317
175,T175_UAV_9,BS_4,LEO_1,50.747545,50.662775,0.00043,0.009542,0.37399
175,T175_UAV_15,BS_4,BS_3,59.484834,59.259225,0.024797,0.043228,0.287917
175,T175_UAV_16,BS_4,BS_0,59.593039,59.356574,0.024822,0.035398,0.381224
175,T175_UAV_7,HAP_1,BS_4,67.172898,66.933154,0.026715,0.038746,0.371414
175,T175_UAV_2,HAP_1,HAP_1,38.443347,38.18481,0.025543,0.070605,0.311946
175,T175_UAV_6,BS_3,BS_2,92.227045,91.978234,0.032973,0.03849,0.386734
175,T175_UAV_13,HAP_1,BS_1,96.406689,96.149491,0.034015,0.044659,0.392621
175,T175_UAV_14,BS_2,HAP_0,114.056726,113.817305,0.028452,0.017959,0.46505
175,T175_UAV_12,BS_1,LEO_0,121.324802,121.259965,0.003997,0.007367,0.267366
176,T176_UAV_17,BS_3,LEO_1,225.761122,225.560268,0.041206,0.022066,0.187913
176,T176_UAV_7,HAP_1,LEO_0,93.446463,93.353798,0.003793,0.02146,0.337061
176,T176_UAV_19,BS_3,HAP_0,207.498314,207.298135,0.031247,0.021194,0.238695
176,T176_UAV_11,HAP_1,HAP_2,159.231225,159.147338,0.005721,0.009343,0.344116
176,T176_UAV_6,BS_3,LEO_1,296.057774,295.870912,0.041529,0.00775,0.187913
176,T176_UAV_15,BS_4,LEO_0,116.387129,116.306655,0.003714,0.009348,0.337061
176,T176_UAV_0,HAP_1,LEO_1,314.198184,313.999205,0.042019,0.019377,0.187913
176,T176_UAV_4,BS_4,LEO_1,318.8834,318.688054,0.042357,0.015406,0.187913
176,T176_UAV_10,HAP_1,HAP_1,41.21936,40.991823,0.025558,0.031689,0.351456
176,T176_UAV_16,BS_4,HAP_2,82.504156,82.4277,0.001926,0.005707,0.344116
176,T176_UAV_18,BS_3,HAP_0,144.17624,143.979349,0.029501,0.01965,0.238695
176,T176_UAV_3,HAP_1,BS_3,124.527252,124.262517,0.04104,0.057846,0.329247
176,T176_UAV_12,BS_1,BS_1,157.755716,157.510832,0.049348,0.029282,0.331267
176,T176_UAV_9,BS_4,LEO_1,210.506408,210.32229,0.041411,0.005124,0.187913
176,T176_UAV_13,HAP_1,LEO_1,266.470453,266.269143,0.04156,0.022168,0.187913
176,T176_UAV_14,BS_2,HAP_0,287.877,287.676076,0.032509,0.020676,0.238695
177,T177_UAV_8,BS_4,LEO_1,114.042889,113.839437,0.040913,0.008944,0.267973
177,T177_UAV_9,BS_4,LEO_0,86.599525,86.403427,0.042442,0.010842,0.21407
177,T177_UAV_3,HAP_1,HAP_2,228.265485,228.087565,0.030327,0.009778,0.189068
177,T177_UAV_16,BS_4,HAP_0,102.235695,102.175284,0.002203,0.008297,0.249558
177,T177_UAV_18,BS_3,LEO_1,163.297531,163.089735,0.040957,0.013245,0.267973
177,T177_UAV_6,BS_3,LEO_0,159.366223,159.161073,0.046026,0.016311,0.21407
177,T177_UAV_10,HAP_1,HAP_2,335.589634,335.41077,0.033753,0.007298,0.189068
177,T177_UAV_0,HAP_1,HAP_0,174.428586,174.356201,0.007017,0.015456,0.249558
177,T177_UAV_7,HAP_1,BS_0,50.640909,50.440205,0.022594,0.015517,0.312966
177,T177_UAV_5,HAP_1,HAP_1,36.867336,36.635328,0.025519,0.051373,0.27558
177,T177_UAV_13,HAP_1,LEO_1,103.370137,103.162252,0.040678,0.013612,0.267973
177,T177_UAV_11,HAP_1,LEO_0,82.513164,82.315798,0.042875,0.011677,0.21407
177,T177_UAV_15,BS_4,HAP_2,152.362917,152.194236,0.027256,0.003611,0.189068
177,T177_UAV_4,BS_4,LEO_1,113.748429,113.537264,0.040969,0.016602,0.267973
177,T177_UAV_17,BS_3,HAP_2,176.735604,176.557124,0.029976,0.01069,0.189068
177,T177_UAV_14,BS_2,HAP_2,209.113095,208.921079,0.029764,0.024439,0.189068
178,T178_UAV_8,BS_4,LEO_1,94.243232,94.17571,0.000841,0.016383,0.251492
178,T178_UAV_4,BS_4,LEO_0,337.588225,337.530955,0.005152,0.0122,0.199595
178,T178_UAV_17,BS_3,HAP_0,159.027729,158.831162,0.031364,0.024067,0.205681
178,T178_UAV_0,HAP_1,LEO_0,360.973437,360.917492,0.007113,0.008912,0.199595
178,T178_UAV_5,HAP_1,LEO_1,177.035037,176.975539,0.001374,0.007825,0.251492
178,T178_UAV_9,BS_4,LEO_0,420.434847,420.370248,0.006933,0.017746,0.199595
178,T178_UAV_3,HAP_1,LEO_0,427.839341,427.78699,0.00841,0.004022,0.199595
178,T178_UAV_13,HAP_1,LEO_0,456.368469,456.314774,0.009459,0.004316,0.199595
178,T178_UAV_16,BS_4,LEO_1,53.202478,53.145591,0.000443,0.006146,0.251492
178,T178_UAV_12,BS_1,HAP_2,56.629169,56.365848,0.027043,0.03796,0.49159
178,T178_UAV_15,BS_4,BS_0,78.259226,78.056523,0.029494,0.02591,0.236496
178,T178_UAV_18,BS_3,HAP_1,59.720695,59.468318,0.025942,0.062103,0.32166
178,T178_UAV_11,HAP_1,HAP_0,125.318183,125.125266,0.030285,0.021496,0.205681
178,T178_UAV_7,HAP_1,LEO_0,252.707773,252.65832,0.004345,0.005189,0.199595
178,T178_UAV_2,HAP_1,LEO_0,286.023091,285.958022,0.0058,0.019351,0.199595
179,T179_UAV_15,BS_4,HAP_0,287.072565,286.859714,0.030909,0.032014,0.24964
179,T179_UAV_17,BS_3,BS_0,870.38839,870.024631,0.227387,0.016781,0.097951
179,T179_UAV_6,BS_3,HAP_0,323.261099,323.067867,0.033757,0.009548,0.24964
179,T179_UAV_2,HAP_1,BS_2,324.908504,324.642267,0.09111,0.018442,0.283423
179,T179_UAV_8,BS_4,BS_0,871.442864,871.053263,0.227644,0.042366,0.097951
179,T179_UAV_18,BS_3,BS_0,1377.915904,1377.395525,0.354167,0.046622,0.097951
179,T179_UAV_13,HAP_1,HAP_0,130.515154,130.305005,0.02884,0.031381,0.24964
179,T179_UAV_10,HAP_1,HAP_0,205.016805,204.827954,0.031393,0.007529,0.24964
179,T179_UAV_7,HAP_1,BS_0,399.993757,399.728009,0.109872,0.036286,0.097951
179,T179_UAV_9,BS_4,BS_2,245.894565,245.624223,0.071365,0.042292,0.283423
179,T179_UAV_19,BS_3,BS_0,555.678016,555.401621,0.148771,0.008034,0.097951
179,T179_UAV_5,HAP_1,BS_0,579.857035,579.552594,0.154806,0.030045,0.097951
179,T179_UAV_12,BS_1,BS_0,930.006718,929.627829,0.242281,0.017018,0.097951
180,T180_UAV_6,BS_3,LEO_1,134.168553,133.957412,0.040834,0.008681,0.308129
180,T180_UAV_15,BS_4,LEO_0,94.648041,94.407584,0.042995,0.01549,0.409858
180,T180_UAV_7,HAP_1,HAP_2,154.450531,154.242827,0.029084,0.014375,0.321228
180,T180_UAV_11,HAP_1,HAP_0,176.600398,176.386894,0.032452,0.011972,0.345404
180,T180_UAV_9,BS_4,LEO_1,186.897838,186.661616,0.041588,0.033008,0.308129
180,T180_UAV_0,HAP_1,LEO_0,125.595468,125.33464,0.046061,0.032795,0.409858
180,T180_UAV_3,HAP_1,BS_3,56.124673,55.888273,0.023955,0.051767,0.303388
180,T180_UAV_18,BS_3,BS_4,57.383521,57.184279,0.024279,0.01283,0.310664
180,T180_UAV_5,HAP_1,HAP_2,60.532082,60.290799,0.026769,0.050268,0.321228
180,T180_UAV_19,BS_3,HAP_1,50.287816,50.061489,0.025846,0.038273,0.311043
180,T180_UAV_13,HAP_1,HAP_0,103.559017,103.342061,0.029095,0.01878,0.345404
180,T180_UAV_14,BS_2,BS_1,107.848614,107.558535,0.036866,0.059818,0.466974
180,T180_UAV_16,BS_4,LEO_1,129.124098,128.882129,0.041075,0.039269,0.308129
180,T180_UAV_1,BS_0,BS_0,136.626683,136.319177,0.044053,0.040893,0.612804
180,T180_UAV_12,BS_1,BS_2,166.195148,165.893395,0.051443,0.023195,0.635576
181,T181_UAV_3,HAP_1,LEO_1,170.091018,169.887739,0.041076,0.012985,0.246087
181,T181_UAV_9,BS_4,LEO_0,128.094878,128.042991,0.00363,0.008089,0.200844
181,T181_UAV_16,BS_4,HAP_0,202.165568,201.984753,0.028868,0.014658,0.186447
181,T181_UAV_8,BS_4,HAP_2,146.077254,145.8794,0.028191,0.021433,0.241149
181,T181_UAV_7,HAP_1,LEO_1,207.109345,206.897786,0.04155,0.020792,0.246087
181,T181_UAV_6,BS_3,LEO_0,167.060002,166.992523,0.006337,0.020974,0.200844
181,T181_UAV_4,BS_4,HAP_0,203.697996,203.513497,0.029842,0.017367,0.186447
181,T181_UAV_2,HAP_1,HAP_2,167.844263,167.635782,0.031212,0.029038,0.241149
181,T181_UAV_13,HAP_1,BS_1,167.886124,167.658463,0.051884,0.023163,0.263074
181,T181_UAV_17,BS_3,LEO_1,236.971353,236.755653,0.041414,0.025068,0.246087
181,T181_UAV_15,BS_4,BS_0,56.772101,56.514159,0.024111,0.061094,0.363682
181,T181_UAV_19,BS_3,BS_3,64.899322,64.669742,0.026149,0.036663,0.333836
181,T181_UAV_0,HAP_1,HAP_1,37.456077,37.233282,0.025429,0.02919,0.34088
181,T181_UAV_18,BS_3,LEO_0,80.844401,80.79302,0.003076,0.008136,0.200844
181,T181_UAV_10,HAP_1,LEO_1,133.675383,133.469203,0.04097,0.015993,0.246087
181,T181_UAV_11,HAP_1,HAP_0,154.425936,154.24109,0.030401,0.017156,0.186447
182,T182_UAV_19,BS_3,LEO_1,88.323459,88.097482,0.040554,0.030763,0.2733
182,T182_UAV_4,BS_4,LEO_0,123.892269,123.685869,0.043168,0.020458,0.213874
182,T182_UAV_8,BS_4,HAP_0,128.486335,128.421069,0.003448,0.012105,0.248565
182,T182_UAV_3,HAP_1,HAP_2,326.775408,326.596325,0.0326,0.017169,0.14657
182,T182_UAV_5,HAP_1,LEO_1,143.783255,143.574849,0.041118,0.012629,0.2733
182,T182_UAV_10,HAP_1,LEO_0,150.639105,150.440223,0.045612,0.010495,0.213874
182,T182_UAV_15,BS_4,HAP_2,398.161236,397.969859,0.030897,0.031166,0.14657
182,T182_UAV_0,HAP_1,HAP_0,172.006757,171.931119,0.006875,0.01905,0.248565
182,T182_UAV_13,HAP_1,BS_1,357.447852,357.181088,0.099241,0.034668,0.164273
182,T182_UAV_9,BS_4,LEO_1,70.255273,70.036428,0.040595,0.02359,0.2733
182,T182_UAV_11,HAP_1,LEO_0,78.787284,78.582027,0.042757,0.019725,0.213874
182,T182_UAV_6,BS_3,HAP_2,164.713998,164.528179,0.029061,0.027444,0.14657
182,T182_UAV_17,BS_3,HAP_2,182.571104,182.394593,0.030164,0.017033,0.14657
182,T182_UAV_7,HAP_1,BS_1,180.726192,180.524642,0.055099,0.013597,0.164273
182,T182_UAV_2,HAP_1,HAP_2,285.995844,285.794527,0.03236,0.039644,0.14657
183,T183_UAV_8,BS_4,LEO_1,123.076168,123.00284,0.000979,0.024529,0.239097
183,T183_UAV_9,BS_4,LEO_0,132.290487,132.222508,0.00375,0.019495,0.223671
183,T183_UAV_11,HAP_1,HAP_0,145.463904,145.37191,0.006146,0.025367,0.302402
183,T183_UAV_15,BS_4,HAP_2,146.573155,146.385309,0.027688,0.01008,0.250392
183,T183_UAV_0,HAP_1,LEO_1,203.498835,203.421087,0.00148,0.028448,0.239097
183,T183_UAV_19,BS_3,LEO_0,168.848854,168.781898,0.00641,0.015812,0.223671
183,T183_UAV_2,HAP_1,LEO_1,227.052637,226.994369,0.001709,0.008739,0.239097
183,T183_UAV_3,HAP_1,HAP_0,193.955819,193.878008,0.006841,0.010489,0.302402
183,T183_UAV_17,BS_3,BS_1,64.910975,64.719299,0.026162,0.024393,0.205606
183,T183_UAV_7,BS_4,HAP_1,40.512112,40.262364,0.025745,0.052454,0.357744
183,T183_UAV_14,BS_2,HAP_2,88.894662,88.700333,0.027782,0.016469,0.250392
183,T183_UAV_13,HAP_1,BS_4,92.50441,92.219327,0.033033,0.077729,0.371605
183,T183_UAV_4,BS_4,LEO_0,91.441796,91.380887,0.002342,0.013833,0.223671
183,T183_UAV_1,BS_0,BS_2,192.139375,191.835428,0.057925,0.05335,0.463363
183,T183_UAV_10,HAP_1,LEO_1,193.044986,192.96557,0.0014,0.030197,0.239097
184,T184_UAV_8,BS_4,LEO_1,40.207823,40.141131,0.000584,0.005711,0.301982
184,T184_UAV_6,BS_3,LEO_0,192.113662,192.038135,0.005881,0.011587,0.290295
184,T184_UAV_19,BS_3,HAP_0,451.145115,450.961294,0.036396,0.008202,0.196115
184,T184_UAV_0,HAP_1,HAP_2,283.312206,283.113215,0.033329,0.01018,0.277415
184,T184_UAV_5,HAP_1,HAP_0,496.780237,496.579438,0.036941,0.024635,0.196115
184,T184_UAV_1,BS_0,LEO_0,76.941964,76.856941,0.002075,0.024889,0.290295
184,T184_UAV_18,BS_3,HAP_0,153.934809,153.742993,0.028946,0.023647,0.196115
184,T184_UAV_17,BS_3,HAP_2,144.760964,144.549763,0.030037,0.025681,0.277415
184,T184_UAV_12,BS_1,LEO_0,133.436261,133.361209,0.003535,0.013458,0.290295
184,T184_UAV_7,BS_4,HAP_0,187.203389,187.01354,0.029256,0.021369,0.196115
184,T184_UAV_13,HAP_1,LEO_0,169.033945,168.957569,0.005136,0.013181,0.290295
184,T184_UAV_14,BS_2,HAP_2,244.0177,243.811001,0.031553,0.019663,0.277415
184,T184_UAV_10,HAP_1,HAP_0,459.708139,459.508003,0.03812,0.022793,0.196115
185,T185_UAV_6,BS_3,LEO_1,127.788288,127.57688,0.040798,0.01043,0.300899
185,T185_UAV_8,BS_4,LEO_0,139.311769,139.10865,0.043778,0.013973,0.22684
185,T185_UAV_15,BS_4,HAP_2,141.300928,141.089877,0.027593,0.030728,0.263644
185,T185_UAV_16,BS_4,HAP_0,155.025617,154.795673,0.028313,0.018378,0.416263
185,T185_UAV_7,BS_4,LEO_0,149.380048,149.177206,0.044388,0.013087,0.22684
185,T185_UAV_5,HAP_1,LEO_1,155.771726,155.551659,0.041215,0.018672,0.300899
185,T185_UAV_9,BS_4,HAP_2,149.568481,149.346678,0.028638,0.040437,0.263644
185,T185_UAV_11,HAP_1,HAP_0,186.874685,186.622537,0.032887,0.036008,0.416263
185,T185_UAV_0,HAP_1,HAP_1,42.94862,42.723466,0.025488,0.024929,0.373688
185,T185_UAV_2,HAP_1,BS_3,110.423205,110.180665,0.037521,0.046811,0.291035
185,T185_UAV_18,BS_3,BS_4,124.036495,123.769646,0.040917,0.064713,0.306095
185,T185_UAV_4,BS_4,BS_0,133.502941,133.267948,0.04329,0.01634,0.376812
185,T185_UAV_13,HAP_1,LEO_0,144.087098,143.884344,0.045419,0.011967,0.22684
185,T185_UAV_12,BS_1,BS_2,147.7751,147.500702,0.046847,0.045315,0.411185
185,T185_UAV_1,BS_0,LEO_1,164.737296,164.497857,0.041315,0.037943,0.300899
186,T186_UAV_7,BS_4,LEO_1,196.52669,196.47869,0.001304,0.008812,0.18942
186,T186_UAV_8,BS_4,LEO_0,182.126342,181.926245,0.043537,0.018584,0.189878
186,T186_UAV_17,BS_3,HAP_2,176.856804,176.798707,0.006179,0.005812,0.230528
186,T186_UAV_3,HAP_1,LEO_1,249.08454,249.037066,0.001407,0.008184,0.18942
186,T186_UAV_4,BS_4,LEO_0,250.323008,250.118945,0.044607,0.02148,0.189878
186,T186_UAV_0,HAP_1,LEO_1,344.074177,344.027958,0.002201,0.006133,0.18942
186,T186_UAV_18,BS_3,LEO_0,300.829207,300.634473,0.047842,0.008916,0.189878
186,T186_UAV_19,BS_3,HAP_2,285.06366,284.983092,0.0085,0.025963,0.230528
186,T186_UAV_9,BS_4,LEO_1,368.310502,368.241371,0.002484,0.028763,0.18942
186,T186_UAV_10,HAP_1,LEO_0,327.368419,327.160325,0.048435,0.021682,0.189878
186,T186_UAV_16,BS_4,HAP_0,30.832303,30.598821,0.025818,0.028105,0.397797
186,T186_UAV_11,HAP_1,BS_0,64.209675,63.983564,0.025978,0.036187,0.319727
186,T186_UAV_13,HAP_1,HAP_1,43.221918,42.987963,0.025524,0.037885,0.352734
186,T186_UAV_15,BS_4,BS_3,88.598947,88.361442,0.032069,0.041444,0.319958
186,T186_UAV_6,BS_3,HAP_2,93.744798,93.678461,0.002789,0.017442,0.230528
186,T186_UAV_2,HAP_1,LEO_1,230.824035,230.764023,0.00152,0.020609,0.18942
186,T186_UAV_12,BS_1,LEO_0,277.251375,277.050739,0.046299,0.016362,0.189878
186,T186_UAV_14,BS_2,LEO_1,346.502151,346.44328,0.001828,0.019159,0.18942
187,T187_UAV_5,HAP_1,LEO_0,182.10204,181.904272,0.044695,0.014253,0.194102
187,T187_UAV_16,BS_4,LEO_1,113.209885,112.978411,0.041112,0.012158,0.391024
187,T187_UAV_3,HAP_1,HAP_2,242.587777,242.40723,0.031687,0.011498,0.18681
187,T187_UAV_17,BS_3,HAP_0,276.400796,276.185887,0.03428,0.024902,0.278632
187,T187_UAV_4,BS_4,LEO_0,220.322208,220.114651,0.044651,0.024085,0.194102
187,T187_UAV_0,HAP_1,LEO_1,132.417984,132.164444,0.041232,0.034103,0.391024
187,T187_UAV_13,HAP_1,BS_3,55.211691,54.986279,0.02373,0.035197,0.332427
187,T187_UAV_2,HAP_1,HAP_1,40.950224,40.709768,0.025549,0.054821,0.300432
187,T187_UAV_10,HAP_1,HAP_2,118.458181,118.285056,0.028735,0.007028,0.18681
187,T187_UAV_8,BS_4,HAP_0,128.918563,128.723804,0.028008,0.011024,0.278632
187,T187_UAV_7,BS_4,LEO_0,135.87832,135.674709,0.043257,0.021534,0.194102
187,T187_UAV_11,HAP_1,BS_4,116.646954,116.368258,0.039068,0.071118,0.342549
187,T187_UAV_14,BS_2,LEO_0,156.686387,156.491895,0.044537,0.011136,0.194102
187,T187_UAV_1,BS_0,HAP_2,180.68122,180.477739,0.029334,0.036785,0.18681
187,T187_UAV_6,BS_3,HAP_0,228.351032,228.133504,0.031961,0.02984,0.278632
188,T188_UAV_9,BS_4,LEO_1,79.857784,79.635155,0.040799,0.019386,0.312219
188,T188_UAV_5,HAP_1,LEO_0,90.910655,90.854738,0.00392,0.011906,0.200457
188,T188_UAV_4,BS_4,HAP_2,296.743956,296.671543,0.004649,0.0311,0.183322
188,T188_UAV_13,HAP_1,HAP_0,138.78587,138.562125,0.030501,0.03487,0.291866
188,T188_UAV_18,BS_3,LEO_1,97.775928,97.564553,0.04071,0.008221,0.312219
188,T188_UAV_8,BS_4,LEO_0,105.840174,105.772271,0.003883,0.023928,0.200457
188,T188_UAV_15,BS_4,HAP_1,90.076193,89.817239,0.027698,0.063055,0.341003
188,T188_UAV_19,BS_3,HAP_2,411.100729,411.043831,0.009621,0.010613,0.183322
188,T188_UAV_2,HAP_1,BS_3,64.936202,64.721719,0.026162,0.033061,0.276304
188,T188_UAV_6,BS_3,BS_2,71.960234,71.718684,0.027911,0.047782,0.329286
188,T188_UAV_7,BS_4,HAP_2,209.773021,209.726065,0.003914,0.006377,0.183322
188,T188_UAV_11,HAP_1,HAP_0,134.667539,134.470402,0.030682,0.008082,0.291866
188,T188_UAV_12,BS_1,HAP_2,219.795498,219.730988,0.004201,0.023644,0.183322
188,T188_UAV_1,BS_0,BS_4,187.159928,186.907363,0.056693,0.026309,0.347812
188,T188_UAV_16,BS_4,HAP_2,251.170384,251.114276,0.004228,0.015217,0.183322
188,T188_UAV_0,HAP_1,HAP_2,266.219623,266.165573,0.006124,0.011262,0.183322
189,T189_UAV_7,BS_4,LEO_1,136.459512,136.393128,0.001037,0.020742,0.223021
189,T189_UAV_6,BS_3,LEO_0,189.725277,189.514619,0.044958,0.027156,0.19272
189,T189_UAV_19,BS_3,HAP_0,215.733778,215.660252,0.006621,0.020082,0.234116
189,T189_UAV_15,BS_4,LEO_0,192.616991,192.425594,0.043365,0.009487,0.19272
189,T189_UAV_13,HAP_1,HAP_2,81.058571,80.817324,0.029173,0.034562,0.387555
189,T189_UAV_9,BS_4,LEO_1,248.54842,248.471786,0.001917,0.030113,0.223021
189,T189_UAV_16,BS_4,LEO_0,230.966086,230.762961,0.044792,0.019789,0.19272
189,T189_UAV_10,HAP_1,LEO_1,256.558827,256.49425,0.001845,0.018128,0.223021
189,T189_UAV_0,HAP_1,HAP_0,296.343989,296.267333,0.009804,0.02003,0.234116
189,T189_UAV_1,BS_0,BS_1,58.864976,58.672218,0.024651,0.011882,0.281123
189,T189_UAV_4,BS_4,BS_3,62.839407,62.628281,0.025639,0.021798,0.31844
189,T189_UAV_17,BS_3,BS_4,71.506468,71.25808,0.027796,0.050044,0.352744
189,T189_UAV_14,BS_2,LEO_1,80.323323,80.252887,0.000471,0.02536,0.223021
189,T189_UAV_5,HAP_1,HAP_1,44.459064,44.209461,0.025662,0.054625,0.346582
189,T189_UAV_2,HAP_1,LEO_0,101.86179,101.66846,0.042551,0.012235,0.19272
189,T189_UAV_8,BS_4,LEO_0,158.354725,158.149179,0.043083,0.023919,0.19272
189,T189_UAV_3,HAP_1,HAP_0,230.702146,230.627467,0.00684,0.021015,0.234116
190,T190_UAV_16,BS_4,LEO_1,119.022636,118.933953,0.001002,0.024369,0.316556
190,T190_UAV_3,HAP_1,LEO_0,84.032934,83.823262,0.04402,0.018566,0.23543
190,T190_UAV_10,HAP_1,HAP_0,147.342047,147.242728,0.006216,0.035207,0.289481
190,T190_UAV_15,BS_4,HAP_2,189.508259,189.24825,0.028487,0.035544,0.479886
190,T190_UAV_4,BS_4,LEO_0,113.117892,112.909947,0.043848,0.01701,0.23543
190,T190_UAV_2,HAP_1,LEO_1,61.242563,61.163278,0.000504,0.01547,0.316556
190,T190_UAV_8,BS_4,LEO_1,76.924062,76.838582,0.000672,0.021497,0.316556
190,T190_UAV_9,BS_4,HAP_1,50.283579,50.041001,0.026041,0.038056,0.392406
190,T190_UAV_12,BS_1,HAP_0,96.244224,96.15089,0.002543,0.032894,0.289481
190,T190_UAV_1,BS_0,BS_0,105.15832,104.943416,0.036213,0.017338,0.306767
190,T190_UAV_0,HAP_1,BS_4,113.033982,112.780039,0.038171,0.044842,0.354654
190,T190_UAV_5,HAP_1,HAP_2,114.214571,113.965858,0.02829,0.024446,0.479886
190,T190_UAV_14,BS_2,BS_2,140.144339,139.841434,0.044933,0.061618,0.481773
190,T190_UAV_19,BS_3,BS_3,149.825031,149.529926,0.047354,0.051886,0.479327
191,T191_UAV_8,BS_4,HAP_2,310.29025,310.108579,0.030117,0.02559,0.12982
191,T191_UAV_7,BS_4,LEO_0,152.121618,151.893746,0.044417,0.023485,0.299848
191,T191_UAV_2,HAP_1,LEO_1,162.479077,162.401519,0.001337,0.005115,0.355528
191,T191_UAV_11,HAP_1,HAP_2,447.842491,447.651626,0.035681,0.02922,0.12982
191,T191_UAV_19,BS_3,HAP_2,538.681549,538.497994,0.037635,0.019956,0.12982
191,T191_UAV_9,BS_4,HAP_0,27.457274,27.365742,0.001106,0.011858,0.392843
191,T191_UAV_0,HAP_1,LEO_0,50.879342,50.661192,0.041759,0.016421,0.299848
191,T191_UAV_4,BS_4,LEO_1,75.309487,75.224928,0.000729,0.012725,0.355528
191,T191_UAV_12,BS_1,HAP_1,55.705676,55.498958,0.026336,0.032242,0.240697
191,T191_UAV_10,HAP_1,HAP_2,170.33581,170.131248,0.029164,0.049434,0.12982
191,T191_UAV_1,BS_0,LEO_0,182.733987,182.512842,0.046104,0.015071,0.299848
191,T191_UAV_14,BS_2,LEO_1,198.775413,198.696569,0.001266,0.006472,0.355528
191,T191_UAV_6,BS_3,HAP_2,374.859171,374.675947,0.033767,0.023493,0.12982
191,T191_UAV_3,HAP_1,HAP_2,388.820839,388.652308,0.033488,0.009079,0.12982
192,T192_UAV_8,BS_4,LEO_1,306.762827,306.58678,0.041862,0.012081,0.110514
192,T192_UAV_2,HAP_1,LEO_0,155.974797,155.918229,0.004573,0.004484,0.237555
192,T192_UAV_4,BS_4,HAP_0,134.735591,134.546978,0.02864,0.014781,0.22596
192,T192_UAV_5,HAP_1,LEO_1,447.765502,447.595396,0.042522,0.005482,0.110514
192,T192_UAV_7,BS_4,LEO_1,499.054323,498.878157,0.042968,0.011095,0.110514
192,T192_UAV_15,BS_4,LEO_1,542.375953,542.200721,0.04371,0.009419,0.110514
192,T192_UAV_3,HAP_1,LEO_1,544.998505,544.812514,0.04277,0.021119,0.110514
192,T192_UAV_6,BS_3,LEO_1,561.801105,561.61683,0.04267,0.019502,0.110514
192,T192_UAV_19,BS_3,LEO_0,101.801131,101.735195,0.003133,0.015291,0.237555
192,T192_UAV_13,HAP_1,HAP_1,82.455847,82.233027,0.025914,0.040059,0.284235
192,T192_UAV_10,HAP_1,HAP_0,82.807624,82.606909,0.028478,0.027045,0.22596
192,T192_UAV_17,BS_3,LEO_0,114.56005,114.502493,0.004071,0.005975,0.237555
192,T192_UAV_12,BS_1,LEO_1,157.202322,157.030247,0.040819,0.009154,0.110514
192,T192_UAV_16,BS_4,LEO_0,130.10885,130.04198,0.003111,0.016247,0.237555
192,T192_UAV_11,HAP_1,HAP_1,98.742224,98.540278,0.02626,0.018839,0.284235
192,T192_UAV_0,HAP_1,LEO_1,232.632399,232.461866,0.041323,0.007108,0.110514
192,T192_UAV_14,BS_2,LEO_1,349.647467,349.466258,0.041675,0.017431,0.110514
193,T193_UAV_11,HAP_1,LEO_0,190.880546,190.671901,0.044161,0.008977,0.277533
193,T193_UAV_18,BS_3,LEO_1,94.516358,94.261487,0.040689,0.033996,0.400931
193,T193_UAV_8,BS_4,HAP_0,227.808095,227.732171,0.00487,0.022517,0.242681
193,T193_UAV_3,HAP_1,HAP_2,153.976932,153.690284,0.029931,0.0569,0.499082
193,T193_UAV_17,BS_3,LEO_0,240.664529,240.448247,0.046372,0.014403,0.277533
193,T193_UAV_6,BS_3,HAP_0,259.939417,259.857974,0.007165,0.025741,0.242681
193,T193_UAV_7,BS_4,LEO_0,286.970352,286.755589,0.045273,0.013984,0.277533
193,T193_UAV_15,BS_4,LEO_0,399.376626,399.148408,0.046318,0.026393,0.277533
193,T193_UAV_2,HAP_1,LEO_1,47.910298,47.673475,0.040456,0.016181,0.400931
193,T193_UAV_4,BS_4,HAP_1,44.125199,43.889921,0.026171,0.046846,0.311301
193,T193_UAV_13,HAP_1,HAP_0,113.493852,113.4148,0.003354,0.027163,0.242681
193,T193_UAV_0,HAP_1,BS_3,95.393274,95.114507,0.033757,0.082601,0.312046
193,T193_UAV_5,HAP_1,LEO_0,122.898237,122.68826,0.042415,0.012055,0.277533
193,T193_UAV_19,BS_3,BS_4,109.915213,109.685842,0.037398,0.02151,0.352318
193,T193_UAV_9,BS_4,HAP_0,130.648553,130.576358,0.003071,0.020588,0.242681
193,T193_UAV_1,BS_0,HAP_2,148.037111,147.74581,0.029123,0.062361,0.499082
193,T193_UAV_12,BS_1,LEO_0,359.58126,359.373626,0.047214,0.004913,0.277533
194,T194_UAV_3,HAP_1,LEO_1,83.44256,83.212656,0.040653,0.018114,0.355686
194,T194_UAV_5,HAP_1,LEO_0,118.5234,118.313991,0.043715,0.022914,0.213902
194,T194_UAV_2,HAP_1,HAP_2,256.714758,256.538243,0.032075,0.015808,0.143159
194,T194_UAV_4,BS_4,HAP_0,128.660612,128.461072,0.028469,0.016667,0.272019
194,T194_UAV_6,BS_3,LEO_1,99.274386,99.055363,0.040708,0.007178,0.355686
194,T194_UAV_7,BS_4,LEO_0,176.056145,175.832884,0.045085,0.035395,0.213902
194,T194_UAV_0,HAP_1,HAP_2,312.312256,312.12369,0.03316,0.026774,0.143159
194,T194_UAV_8,BS_4,HAP_0,61.250808,61.044171,0.026633,0.0256,0.272019
194,T194_UAV_13,HAP_1,BS_0,72.233156,71.999491,0.027981,0.03107,0.373073
194,T194_UAV_1,BS_0,HAP_1,42.9654,42.700354,0.026449,0.071827,0.333852
194,T194_UAV_18,BS_3,BS_4,100.428923,100.202159,0.035028,0.019804,0.35966
194,T194_UAV_11,HAP_1,BS_3,100.471358,100.216289,0.035032,0.040563,0.397373
194,T194_UAV_16,BS_4,HAP_2,154.398251,154.215669,0.027838,0.026112,0.143159
194,T194_UAV_12,BS_1,BS_1,171.81639,171.52788,0.052851,0.052899,0.413801
194,T194_UAV_14,BS_2,LEO_0,186.027013,185.830984,0.046614,0.006635,0.213902
194,T194_UAV_10,HAP_1,HAP_2,206.305617,206.111101,0.030817,0.035067,0.143159
195,T195_UAV_8,BS_4,LEO_1,262.548332,262.344057,0.041641,0.025703,0.184651
195,T195_UAV_6,BS_3,LEO_0,275.626437,275.42452,0.04722,0.013809,0.204443
195,T195_UAV_17,BS_3,LEO_1,292.905139,292.702346,0.041478,0.024385,0.184651
195,T195_UAV_0,HAP_1,HAP_0,255.514287,255.30855,0.033387,0.017593,0.273787
195,T195_UAV_13,HAP_1,HAP_2,89.253176,89.019135,0.02962,0.040827,0.31797
195,T195_UAV_10,HAP_1,LEO_1,410.677346,410.475447,0.042382,0.022587,0.184651
195,T195_UAV_2,HAP_1,LEO_1,444.371381,444.165338,0.042659,0.026454,0.184651
195,T195_UAV_4,BS_4,LEO_1,484.026247,483.814701,0.0433,0.031316,0.184651
195,T195_UAV_19,BS_3,LEO_0,85.862194,85.661745,0.042252,0.017309,0.204443
195,T195_UAV_18,BS_3,BS_3,59.642324,59.402174,0.024833,0.060425,0.274464
195,T195_UAV_15,BS_4,HAP_0,93.51742,93.317328,0.027069,0.018266,0.273787
195,T195_UAV_9,BS_4,LEO_0,104.628148,104.437034,0.04211,0.008115,0.204443
195,T195_UAV_7,BS_4,LEO_0,105.11387,104.916827,0.042148,0.014006,0.204443
195,T195_UAV_1,BS_0,LEO_1,202.360247,202.173465,0.04119,0.008662,0.184651
195,T195_UAV_3,HAP_1,HAP_0,166.736289,166.526054,0.029904,0.025575,0.273787
195,T195_UAV_11,HAP_1,LEO_0,220.874605,220.658609,0.045441,0.029666,0.204443
195,T195_UAV_5,HAP_1,LEO_1,363.092183,362.888732,0.042114,0.024408,0.184651
195,T195_UAV_14,BS_2,LEO_1,528.77152,528.582592,0.042606,0.009392,0.184651
196,T196_UAV_17,BS_3,LEO_1,72.056722,71.792961,0.040537,0.031761,0.457312
196,T196_UAV_7,BS_4,LEO_0,192.57837,192.520372,0.003942,0.014734,0.19661
196,T196_UAV_16,BS_4,HAP_0,284.995225,284.922412,0.005019,0.031429,0.181826
196,T196_UAV_10,HAP_1,HAP_2,74.752616,74.533777,0.028974,0.014389,0.377382
196,T196_UAV_8,BS_4,LEO_1,105.548036,105.304009,0.04107,0.011494,0.457312
196,T196_UAV_11,HAP_1,LEO_0,259.142436,259.091629,0.006399,0.005087,0.19661
196,T196_UAV_5,HAP_1,HAP_0,366.175605,366.115354,0.009373,0.014513,0.181826
196,T196_UAV_1,BS_0,BS_0,56.257908,56.053652,0.023996,0.014849,0.327055
196,T196_UAV_3,HAP_1,LEO_0,102.647418,102.585461,0.002486,0.020149,0.19661
196,T196_UAV_0,HAP_1,HAP_1,41.129356,40.891066,0.025459,0.04537,0.337305
196,T196_UAV_14,BS_2,BS_4,89.218896,88.970765,0.032222,0.045569,0.351699
196,T196_UAV_4,BS_4,LEO_0,120.18753,120.140798,0.002201,0.005209,0.19661
196,T196_UAV_13,HAP_1,BS_2,99.817157,99.590234,0.034875,0.015586,0.382308
196,T196_UAV_9,BS_4,HAP_0,199.123459,199.058847,0.004703,0.023544,0.181826
196,T196_UAV_18,BS_3,LEO_0,168.500796,168.435624,0.004361,0.021488,0.19661
196,T196_UAV_12,BS_1,HAP_0,226.048553,226.002733,0.004736,0.004719,0.181826
197,T197_UAV_4,BS_4,LEO_0,226.087534,225.892836,0.043716,0.014611,0.181854
197,T197_UAV_0,HAP_1,LEO_1,61.205479,60.975813,0.04077,0.011514,0.386912
197,T197_UAV_19,BS_3,HAP_2,247.598568,247.419396,0.031701,0.016211,0.156303
197,T197_UAV_18,BS_3,LEO_0,281.331914,281.142823,0.04643,0.00629,0.181854
197,T197_UAV_9,BS_4,HAP_2,307.885876,307.689666,0.031165,0.033784,0.156303
197,T197_UAV_10,HAP_1,BS_3,350.487158,350.187767,0.097493,0.046874,0.275119
197,T197_UAV_5,HAP_1,LEO_0,346.855289,346.667014,0.046803,0.005101,0.181854
197,T197_UAV_6,BS_3,HAP_0,44.891785,44.672792,0.027313,0.027534,0.32073
197,T197_UAV_12,BS_1,LEO_0,143.292101,143.09839,0.042858,0.014482,0.181854
197,T197_UAV_15,BS_4,HAP_2,148.007126,147.819567,0.027313,0.028985,0.156303
197,T197_UAV_3,HAP_1,LEO_0,149.440082,149.233833,0.043204,0.026674,0.181854
197,T197_UAV_8,BS_4,HAP_2,178.427574,178.249181,0.028268,0.018865,0.156303
197,T197_UAV_13,HAP_1,BS_3,237.48469,237.191166,0.069258,0.069242,0.275119
197,T197_UAV_14,BS_2,LEO_0,266.516176,266.322435,0.045812,0.011559,0.181854
198,T198_UAV_15,BS_4,LEO_1,123.932394,123.709899,0.041254,0.030333,0.254544
198,T198_UAV_2,HAP_1,LEO_0,137.710206,137.465971,0.044964,0.040674,0.292978
198,T198_UAV_16,BS_4,HAP_2,141.036714,140.836536,0.028125,0.010406,0.30823
198,T198_UAV_9,BS_4,HAP_0,147.728266,147.50993,0.029474,0.016063,0.363995
198,T198_UAV_4,BS_4,LEO_1,169.924117,169.699518,0.041647,0.032043,0.254544
198,T198_UAV_3,HAP_1,LEO_0,177.82791,177.597932,0.046182,0.0252,0.292978
198,T198_UAV_6,BS_3,HAP_1,97.744465,97.530444,0.026584,0.013282,0.37078
198,T198_UAV_11,HAP_1,HAP_2,192.660989,192.428735,0.032013,0.038595,0.30823
198,T198_UAV_1,BS_0,BS_1,57.254508,57.032827,0.024241,0.040274,0.285834
198,T198_UAV_8,BS_4,BS_3,66.185179,65.984404,0.026478,0.019248,0.275251
198,T198_UAV_17,BS_3,BS_4,71.33903,71.104739,0.027757,0.036159,0.35187
198,T198_UAV_0,HAP_1,HAP_0,85.135811,84.890693,0.028321,0.043997,0.363995
198,T198_UAV_19,BS_3,LEO_1,91.526205,91.324875,0.040584,0.009838,0.254544
198,T198_UAV_13,HAP_1,LEO_0,108.936907,108.707633,0.044127,0.026551,0.292978
198,T198_UAV_5,HAP_1,BS_0,120.787863,120.504951,0.040101,0.060253,0.412791
198,T198_UAV_12,BS_1,BS_2,172.068061,171.783937,0.052915,0.04067,0.452699
199,T199_UAV_4,BS_4,LEO_1,131.121824,130.896401,0.041134,0.038973,0.226581
199,T199_UAV_16,BS_4,HAP_0,111.336467,111.276295,0.002367,0.016362,0.207213
199,T199_UAV_9,BS_4,HAP_2,287.302496,287.121714,0.030426,0.02184,0.142576
199,T199_UAV_2,HAP_1,LEO_0,108.507165,108.266776,0.04538,0.019631,0.376887
199,T199_UAV_13,HAP_1,LEO_1,162.976056,162.759428,0.041048,0.030263,0.226581
199,T199_UAV_10,HAP_1,HAP_2,300.055161,299.873376,0.032807,0.020463,0.142576
199,T199_UAV_15,BS_4,LEO_0,129.951417,129.705552,0.044208,0.02628,0.376887
199,T199_UAV_18,BS_3,HAP_0,173.474774,173.416315,0.006302,0.010714,0.207213
199,T199_UAV_14,BS_2,HAP_2,135.606573,135.432241,0.028027,0.017789,0.142576
199,T199_UAV_3,HAP_1,LEO_1,110.913988,110.708803,0.040694,0.019175,0.226581
199,T199_UAV_8,BS_4,HAP_1,43.377735,43.134072,0.026028,0.054487,0.31574
199,T199_UAV_7,BS_4,BS_1,92.996413,92.773863,0.033172,0.017859,0.357593
199,T199_UAV_0,HAP_1,BS_3,95.037007,94.804249,0.033679,0.024951,0.370636
199,T199_UAV_5,HAP_1,HAP_2,169.316692,169.129454,0.028552,0.030172,0.142576
199,T199_UAV_12,BS_1,BS_4,184.602395,184.300377,0.056042,0.073534,0.362208
199,T199_UAV_1,BS_0,LEO_1,242.461808,242.260443,0.041758,0.014291,0.226581
199,T199_UAV_17,BS_3,HAP_2,398.515426,398.306175,0.036461,0.044275,0.142576
200,T200_UAV_18,BS_3,LEO_1,105.204325,104.984872,0.04068,0.038533,0.2012
200,T200_UAV_5,HAP_1,HAP_0,421.62377,421.425766,0.033643,0.025953,0.192045
200,T200_UAV_9,BS_4,LEO_0,115.815316,115.591723,0.044442,0.027574,0.257879
200,T200_UAV_7,BS_4,HAP_2,187.977679,187.746593,0.029756,0.034218,0.335562
200,T200_UAV_10,HAP_1,HAP_0,439.798729,439.609987,0.035562,0.014771,0.192045
200,T200_UAV_15,BS_4,LEO_1,193.07302,192.855172,0.041951,0.035658,0.2012
200,T200_UAV_17,BS_3,HAP_0,559.93603,559.724091,0.038186,0.035344,0.192045
200,T200_UAV_0,HAP_1,LEO_0,34.311613,34.092308,0.041609,0.026121,0.257879
200,T200_UAV_3,HAP_1,HAP_1,43.169268,42.948275,0.02557,0.027965,0.337288
200,T200_UAV_12,BS_1,BS_3,87.734163,87.481896,0.03185,0.06629,0.270636
200,T200_UAV_6,BS_3,BS_0,100.957201,100.726879,0.035159,0.032503,0.313303
200,T200_UAV_8,BS_4,HAP_0,215.856608,215.670774,0.028815,0.01861,0.192045
200,T200_UAV_16,BS_4,LEO_1,114.031297,113.814724,0.040964,0.035369,0.2012
200,T200_UAV_13,HAP_1,HAP_0,221.424586,221.237691,0.030135,0.01835,0.192045
200,T200_UAV_14,BS_2,HAP_2,172.881057,172.671639,0.030314,0.011992,0.335562
200,T200_UAV_19,BS_3,HAP_0,241.937462,241.734967,0.030343,0.033742,0.192045
200,T200_UAV_2,HAP_1,HAP_0,273.088733,272.903493,0.031507,0.015323,0.192045
200,T200_UAV_1,BS_0,HAP_0,674.523311,674.325556,0.035796,0.023551,0.192045
201,T201_UAV_6,BS_3,LEO_1,180.620687,180.547618,0.001058,0.02436,0.23825
201,T201_UAV_0,HAP_1,LEO_0,181.909457,181.844653,0.00509,0.013558,0.230781
201,T201_UAV_9,BS_4,HAP_2,142.741974,142.538028,0.028552,0.011926,0.317342
201,T201_UAV_4,BS_4,HAP_0,76.100544,75.858827,0.027676,0.019723,0.471585
201,T201_UAV_10,HAP_1,LEO_1,236.458729,236.378512,0.001672,0.030895,0.23825
201,T201_UAV_8,BS_4,LEO_0,259.60215,259.524603,0.005906,0.025485,0.230781
201,T201_UAV_2,HAP_1,LEO_1,260.369207,260.295614,0.001911,0.024032,0.23825
201,T201_UAV_5,HAP_1,BS_2,56.111237,55.867886,0.02395,0.049485,0.34958
201,T201_UAV_13,HAP_1,BS_0,63.41549,63.172027,0.025775,0.046371,0.356584
201,T201_UAV_7,BS_4,HAP_2,72.968652,72.72967,0.026837,0.048677,0.317342
201,T201_UAV_19,BS_3,HAP_1,46.307195,46.078636,0.025754,0.036844,0.329804
201,T201_UAV_3,HAP_1,LEO_0,148.131164,148.054289,0.004175,0.026544,0.230781
201,T201_UAV_1,BS_0,LEO_1,172.666574,172.594002,0.001253,0.023669,0.23825
201,T201_UAV_14,BS_2,LEO_0,243.283303,243.19824,0.006967,0.031941,0.230781
202,T202_UAV_18,BS_3,LEO_1,155.553029,155.48639,0.000929,0.008243,0.287332
202,T202_UAV_19,BS_3,LEO_0,132.039773,131.960885,0.005076,0.019001,0.274054
202,T202_UAV_6,BS_3,HAP_2,149.375624,149.172473,0.03032,0.029221,0.218046
202,T202_UAV_3,HAP_1,HAP_0,160.118417,159.85715,0.030507,0.043063,0.438484
202,T202_UAV_10,HAP_1,LEO_1,216.767673,216.693816,0.00153,0.01486,0.287332
202,T202_UAV_2,HAP_1,LEO_0,176.865482,176.784584,0.006378,0.019708,0.274054
202,T202_UAV_9,BS_4,HAP_1,91.019449,90.788541,0.026853,0.031266,0.363943
202,T202_UAV_4,BS_4,LEO_1,237.193667,237.116279,0.002059,0.017862,0.287332
202,T202_UAV_0,HAP_1,HAP_2,188.523322,188.333368,0.031365,0.014979,0.218046
202,T202_UAV_15,BS_4,HAP_0,199.23467,198.972195,0.029997,0.044781,0.438484
202,T202_UAV_17,BS_3,LEO_0,82.280351,82.198914,0.003694,0.022933,0.274054
202,T202_UAV_11,HAP_1,BS_1,110.816586,110.568571,0.037618,0.047763,0.313171
202,T202_UAV_13,HAP_1,BS_4,148.956932,148.711084,0.047149,0.027552,0.355732
202,T202_UAV_7,BS_4,BS_0,174.727387,174.453009,0.053581,0.038281,0.412576
202,T202_UAV_1,BS_0,LEO_1,191.970658,191.891748,0.001394,0.02005,0.287332
202,T202_UAV_14,BS_2,BS_3,192.46965,192.19351,0.058014,0.037849,0.401384
203,T203_UAV_7,BS_4,LEO_1,112.368823,112.170713,0.04097,0.016685,0.202276
203,T203_UAV_10,HAP_1,LEO_0,87.736358,87.643212,0.004562,0.018894,0.348454
203,T203_UAV_15,BS_4,HAP_0,469.42393,469.246701,0.032933,0.020067,0.121145
203,T203_UAV_6,BS_3,HAP_2,137.12866,136.937653,0.029888,0.020525,0.20297
203,T203_UAV_19,BS_3,LEO_1,140.725577,140.53905,0.040903,0.005168,0.202276
203,T203_UAV_16,BS_4,HAP_1,72.337792,72.068599,0.027191,0.082616,0.296933
203,T203_UAV_3,HAP_1,LEO_0,122.711332,122.611454,0.005852,0.024335,0.348454
203,T203_UAV_5,HAP_1,HAP_0,673.258886,673.07558,0.038767,0.02031,0.121145
203,T203_UAV_11,HAP_1,HAP_0,748.982971,748.794559,0.04311,0.021073,0.121145
203,T203_UAV_13,HAP_1,BS_3,93.943972,93.748731,0.033415,0.013093,0.243662
203,T203_UAV_12,BS_1,HAP_2,95.969463,95.788653,0.027491,0.012725,0.20297
203,T203_UAV_8,BS_4,HAP_0,237.861545,237.670903,0.029203,0.037209,0.121145
203,T203_UAV_18,BS_3,LEO_1,126.059908,125.858204,0.040816,0.020433,0.202276
203,T203_UAV_1,BS_0,HAP_0,350.271526,350.094608,0.030618,0.022071,0.121145
203,T203_UAV_9,BS_4,HAP_0,367.71325,367.518863,0.032138,0.03802,0.121145
203,T203_UAV_0,HAP_1,HAP_0,433.69661,433.50621,0.034908,0.031263,0.121145
203,T203_UAV_2,HAP_1,HAP_0,465.674578,465.50418,0.036073,0.010096,0.121145
204,T204_UAV_7,BS_4,LEO_1,216.011866,215.816427,0.041473,0.017335,0.183151
204,T204_UAV_3,BS_3,LEO_0,207.108293,206.936083,0.044994,0.004029,0.115929
204,T204_UAV_6,BS_3,HAP_2,204.388203,204.31448,0.006172,0.026238,0.206569
204,T204_UAV_15,BS_4,HAP_0,74.985131,74.753523,0.027427,0.01264,0.457702
204,T204_UAV_9,BS_4,LEO_1,299.662046,299.467647,0.042038,0.01573,0.183151
204,T204_UAV_17,BS_3,LEO_0,271.246366,271.057611,0.048258,0.017311,0.115929
204,T204_UAV_16,BS_4,HAP_2,289.567954,289.501543,0.005685,0.019413,0.206569
204,T204_UAV_5,HAP_1,LEO_1,390.169438,389.979346,0.042472,0.01099,0.183151
204,T204_UAV_13,HAP_1,BS_3,54.159809,53.900105,0.023458,0.082628,0.268093
204,T204_UAV_8,BS_4,LEO_0,120.349467,120.176608,0.042377,0.007296,0.115929
204,T204_UAV_18,BS_3,LEO_1,147.854371,147.645115,0.040791,0.031835,0.183151
204,T204_UAV_0,HAP_1,HAP_1,64.094178,63.828444,0.025715,0.060025,0.399969
204,T204_UAV_2,HAP_1,LEO_0,138.113673,137.929538,0.043439,0.017511,0.115929
204,T204_UAV_4,BS_4,HAP_2,156.191837,156.130425,0.002832,0.017266,0.206569
204,T204_UAV_1,BS_0,LEO_1,255.825901,255.64216,0.041636,0.005475,0.183151
204,T204_UAV_14,BS_2,LEO_0,247.240526,247.054132,0.046044,0.017164,0.115929
204,T204_UAV_12,BS_1,LEO_1,382.617955,382.405252,0.04226,0.033813,0.183151
205,T205_UAV_9,BS_4,LEO_1,74.622795,74.395744,0.040642,0.009487,0.384609
205,T205_UAV_7,BS_4,LEO_0,124.654345,124.423251,0.042893,0.029665,0.292677
205,T205_UAV_17,BS_3,HAP_2,94.035196,93.832456,0.029043,0.023025,0.253362
205,T205_UAV_16,BS_4,HAP_0,157.392756,157.121374,0.028368,0.051689,0.456627
205,T205_UAV_11,HAP_1,LEO_1,194.096318,193.86998,0.041643,0.007773,0.384609
205,T205_UAV_19,BS_3,LEO_0,259.396799,259.173625,0.048042,0.016598,0.292677
205,T205_UAV_4,BS_4,HAP_1,97.718562,97.486451,0.027655,0.059981,0.222375
205,T205_UAV_6,BS_3,HAP_2,52.724236,52.521117,0.026876,0.025571,0.253362
205,T205_UAV_8,BS_4,BS_3,52.938713,52.734457,0.023167,0.019611,0.307389
205,T205_UAV_0,HAP_1,BS_2,64.489311,64.280867,0.026052,0.015042,0.33675
205,T205_UAV_15,BS_4,BS_4,70.692695,70.453772,0.027595,0.040991,0.351691
205,T205_UAV_14,BS_2,BS_0,80.753125,80.498149,0.030104,0.041728,0.41572
205,T205_UAV_18,BS_3,LEO_0,122.88165,122.669937,0.043683,0.009495,0.292677
205,T205_UAV_1,BS_0,HAP_0,133.643796,133.360234,0.028116,0.064121,0.456627
205,T205_UAV_5,HAP_1,LEO_0,131.970627,131.755783,0.043334,0.012975,0.292677
205,T205_UAV_2,HAP_1,LEO_1,146.038856,145.776207,0.041173,0.044554,0.384609
206,T206_UAV_2,HAP_1,LEO_1,167.629411,167.427825,0.041219,0.015302,0.225323
206,T206_UAV_6,BS_3,LEO_0,180.263547,180.204096,0.005555,0.011481,0.212079
206,T206_UAV_17,BS_3,HAP_0,169.399787,169.201371,0.030753,0.043953,0.118552
206,T206_UAV_19,BS_3,HAP_2,246.277394,246.213022,0.007507,0.014317,0.212742
206,T206_UAV_9,BS_4,HAP_1,205.812115,205.615254,0.028173,0.031289,0.186996
206,T206_UAV_15,BS_4,LEO_1,227.204831,227.00438,0.042028,0.013359,0.225323
206,T206_UAV_16,BS_4,LEO_0,243.681885,243.620916,0.005748,0.012805,0.212079
206,T206_UAV_10,HAP_1,HAP_2,278.486907,278.420168,0.008782,0.015408,0.212742
206,T206_UAV_4,BS_4,HAP_0,82.057487,81.858597,0.026905,0.048275,0.118552
206,T206_UAV_3,BS_3,BS_3,72.141869,71.899842,0.027956,0.044995,0.345377
206,T206_UAV_18,BS_3,LEO_1,103.546148,103.351406,0.040616,0.009061,0.225323
206,T206_UAV_7,BS_4,LEO_0,104.057501,103.999154,0.002417,0.013514,0.212079
206,T206_UAV_12,BS_1,HAP_0,85.686159,85.526397,0.026919,0.009132,0.118552
206,T206_UAV_1,BS_0,HAP_1,130.729336,130.516941,0.027993,0.047003,0.186996
206,T206_UAV_11,HAP_1,LEO_1,156.500171,156.299501,0.041193,0.014412,0.225323
206,T206_UAV_5,HAP_1,LEO_0,156.488799,156.436633,0.003959,0.005791,0.212079
206,T206_UAV_0,HAP_1,HAP_1,162.440793,162.24364,0.026546,0.033208,0.186996
206,T206_UAV_14,BS_2,HAP_2,272.121794,272.048756,0.007152,0.023337,0.212742
207,T207_UAV_16,BS_4,LEO_1,214.167038,214.098907,0.001635,0.021217,0.226394
207,T207_UAV_2,HAP_1,HAP_0,227.922249,227.757359,0.031913,0.008617,0.121797
207,T207_UAV_17,BS_3,LEO_0,170.409439,170.332935,0.007694,0.012398,0.282061
207,T207_UAV_18,BS_3,HAP_2,184.613557,184.544754,0.006355,0.006081,0.281833
207,T207_UAV_7,BS_4,HAP_1,185.222658,184.986526,0.027894,0.068647,0.197953
207,T207_UAV_6,BS_3,HAP_0,284.356442,284.166483,0.032966,0.032634,0.121797
207,T207_UAV_9,BS_4,HAP_1,221.548134,221.33454,0.028412,0.045592,0.197953
207,T207_UAV_13,HAP_1,HAP_0,350.27711,350.091408,0.035378,0.025965,0.121797
207,T207_UAV_10,HAP_1,HAP_0,387.672371,387.497601,0.036913,0.013498,0.121797
207,T207_UAV_0,HAP_1,LEO_1,118.535889,118.464259,0.000858,0.025493,0.226394
207,T207_UAV_11,HAP_1,LEO_0,92.745288,92.661587,0.003336,0.023953,0.282061
207,T207_UAV_5,HAP_1,LEO_1,124.62275,124.541771,0.000896,0.034803,0.226394
207,T207_UAV_15,BS_4,HAP_2,116.078371,116.014037,0.002162,0.005806,0.281833
207,T207_UAV_1,BS_0,LEO_0,163.611366,163.533207,0.005575,0.016172,0.282061
207,T207_UAV_3,BS_3,HAP_1,166.937636,166.758375,0.026874,0.012797,0.197953
207,T207_UAV_12,BS_1,LEO_1,235.089487,235.029053,0.001572,0.013584,0.226394
208,T208_UAV_17,BS_3,LEO_1,149.820192,149.744239,0.000918,0.016445,0.292948
208,T208_UAV_3,BS_3,LEO_0,82.235585,82.135894,0.00391,0.017711,0.390345
208,T208_UAV_10,HAP_1,HAP_2,127.913866,127.827365,0.004799,0.00897,0.36366
208,T208_UAV_8,BS_4,HAP_0,201.41639,201.223115,0.029693,0.02096,0.213115
208,T208_UAV_15,BS_4,LEO_1,195.040166,194.960329,0.001738,0.01951,0.292948
208,T208_UAV_7,BS_4,LEO_0,108.026078,107.931673,0.004108,0.012228,0.390345
208,T208_UAV_18,BS_3,HAP_1,194.96872,194.741956,0.027557,0.056893,0.21157
208,T208_UAV_16,BS_4,LEO_1,73.035043,72.968091,0.000557,0.007806,0.292948
208,T208_UAV_9,BS_4,HAP_2,59.141564,59.037473,0.001487,0.029871,0.36366
208,T208_UAV_2,HAP_1,BS_2,70.044282,69.832653,0.027439,0.030873,0.266585
208,T208_UAV_13,HAP_1,HAP_0,128.767284,128.57817,0.029279,0.017213,0.213115
208,T208_UAV_19,BS_3,BS_0,86.397044,86.137846,0.031514,0.0591,0.342919
208,T208_UAV_5,HAP_1,BS_3,97.277327,97.052123,0.034241,0.020638,0.351626
208,T208_UAV_6,BS_3,LEO_1,119.603871,119.514566,0.000706,0.03001,0.292948
208,T208_UAV_1,BS_0,HAP_1,137.929019,137.745196,0.028621,0.012888,0.21157
208,T208_UAV_12,BS_1,HAP_0,244.062835,243.8501,0.030458,0.039654,0.213115
209,T209_UAV_16,BS_4,LEO_0,205.876293,205.679528,0.04484,0.004797,0.235642
209,T209_UAV_17,BS_3,HAP_2,192.708514,192.519859,0.031895,0.026133,0.153133
209,T209_UAV_3,BS_3,LEO_1,195.434907,195.345523,0.001332,0.015293,0.363798
209,T209_UAV_6,BS_3,HAP_0,169.280978,169.101567,0.031317,0.021045,0.135241
209,T209_UAV_11,HAP_1,LEO_0,232.464949,232.259035,0.046771,0.012014,0.235642
209,T209_UAV_4,BS_4,HAP_1,91.597919,91.353946,0.027504,0.061005,0.277325
209,T209_UAV_9,BS_4,HAP_2,297.575942,297.405413,0.031581,0.008321,0.153133
209,T209_UAV_8,BS_4,LEO_1,76.345487,76.25422,0.000645,0.017863,0.363798
209,T209_UAV_10,HAP_1,HAP_0,52.063968,51.889616,0.027158,0.020146,0.135241
209,T209_UAV_7,BS_4,BS_2,67.735744,67.52696,0.026863,0.032704,0.246081
209,T209_UAV_18,BS_3,LEO_0,94.552406,94.339505,0.04282,0.022953,0.235642
209,T209_UAV_12,BS_1,LEO_1,114.017233,113.923569,0.000839,0.020066,0.363798
209,T209_UAV_2,HAP_1,LEO_0,137.920236,137.713695,0.044,0.015412,0.235642
209,T209_UAV_0,HAP_1,HAP_2,145.793571,145.614883,0.029145,0.018916,0.153133
209,T209_UAV_1,BS_0,BS_3,185.822812,185.580477,0.056362,0.012872,0.365504
210,T210_UAV_4,BS_4,LEO_1,180.02375,179.84332,0.041442,0.018248,0.103701
210,T210_UAV_18,BS_3,LEO_0,172.732024,172.522798,0.045157,0.022465,0.208021
210,T210_UAV_9,BS_4,LEO_1,183.614599,183.430109,0.041329,0.022422,0.103701
210,T210_UAV_15,BS_4,HAP_2,147.582752,147.518187,0.002755,0.019881,0.209646
210,T210_UAV_19,BS_3,HAP_0,176.48191,176.289074,0.031629,0.014296,0.234554
210,T210_UAV_5,HAP_1,LEO_1,321.652813,321.475177,0.042158,0.014738,0.103701
210,T210_UAV_3,BS_3,LEO_0,75.155328,74.965509,0.042101,0.006114,0.208021
210,T210_UAV_0,HAP_1,HAP_2,64.696164,64.640079,0.00216,0.011996,0.209646
210,T210_UAV_8,BS_4,HAP_0,79.508514,79.30215,0.027119,0.032334,0.234554
210,T210_UAV_7,BS_4,HAP_1,86.038069,85.821874,0.026491,0.050909,0.193973
210,T210_UAV_12,BS_1,LEO_0,177.801868,177.598532,0.044553,0.017179,0.208021
210,T210_UAV_1,BS_0,HAP_1,131.485346,131.271942,0.028456,0.046153,0.193973
210,T210_UAV_2,HAP_1,LEO_1,236.02077,235.853954,0.041595,0.004481,0.103701
210,T210_UAV_13,HAP_1,LEO_0,198.83988,198.642465,0.046136,0.009675,0.208021
210,T210_UAV_14,BS_2,LEO_1,260.570233,260.396231,0.041449,0.011812,0.103701
211,T211_UAV_7,BS_4,LEO_1,175.302856,175.220574,0.001392,0.030832,0.250288
211,T211_UAV_18,BS_3,LEO_0,140.660728,140.591702,0.005204,0.01754,0.231413
211,T211_UAV_17,BS_3,HAP_2,143.482265,143.402301,0.006233,0.016754,0.284881
211,T211_UAV_2,HAP_1,HAP_0,163.298307,163.080896,0.031663,0.039341,0.232034
211,T211_UAV_15,BS_4,LEO_1,245.007797,244.93845,0.002174,0.017116,0.250288
211,T211_UAV_6,BS_3,LEO_0,193.882684,193.81307,0.007424,0.015908,0.231413
211,T211_UAV_8,BS_4,LEO_1,67.664234,67.587082,0.000514,0.026581,0.250288
211,T211_UAV_4,BS_4,HAP_2,59.429206,59.366097,0.001189,0.004945,0.284881
211,T211_UAV_11,HAP_1,BS_3,66.871484,66.650035,0.026644,0.042731,0.260368
211,T211_UAV_14,BS_2,HAP_0,71.080541,70.879974,0.027131,0.027029,0.232034
211,T211_UAV_1,BS_0,BS_0,80.193726,79.944136,0.029966,0.055626,0.319992
211,T211_UAV_0,HAP_1,HAP_1,44.984353,44.769822,0.025504,0.037201,0.259128
211,T211_UAV_12,BS_1,LEO_0,91.276586,91.220235,0.002866,0.007202,0.231413
211,T211_UAV_10,HAP_1,BS_4,99.713788,99.489001,0.03485,0.019501,0.352183
211,T211_UAV_3,BS_3,LEO_1,137.98608,137.93069,0.000862,0.004471,0.250288
212,T212_UAV_7,BS_4,LEO_1,362.98242,362.784945,0.04223,0.016552,0.193461
212,T212_UAV_17,BS_3,HAP_0,396.84497,396.781708,0.010362,0.015431,0.187347
212,T212_UAV_10,HAP_1,LEO_1,494.092384,493.889623,0.042725,0.021344,0.193461
212,T212_UAV_0,HAP_1,HAP_0,531.792413,531.718855,0.01324,0.022848,0.187347
212,T212_UAV_4,BS_4,LEO_1,550.205904,550.002932,0.043637,0.020643,0.193461
212,T212_UAV_16,BS_4,LEO_1,565.355929,565.147818,0.043362,0.026057,0.193461
212,T212_UAV_19,BS_3,HAP_0,574.628399,574.558905,0.014109,0.017915,0.187347
212,T212_UAV_11,HAP_1,LEO_1,575.888493,575.700523,0.043403,0.005875,0.193461
212,T212_UAV_13,HAP_1,LEO_0,43.450783,43.372214,0.004202,0.010363,0.32002
212,T212_UAV_15,BS_4,HAP_0,191.661674,191.595342,0.003456,0.025406,0.187347
212,T212_UAV_5,HAP_1,LEO_1,213.683353,213.497786,0.041212,0.005663,0.193461
212,T212_UAV_9,BS_4,LEO_1,217.528801,217.327721,0.041317,0.02107,0.193461
212,T212_UAV_6,BS_3,HAP_0,241.375986,241.318421,0.005903,0.014192,0.187347
212,T212_UAV_3,BS_3,LEO_1,273.467193,273.277987,0.041378,0.009135,0.193461
212,T212_UAV_2,HAP_1,HAP_0,309.816384,309.75014,0.008054,0.020721,0.187347
212,T212_UAV_12,BS_1,LEO_1,375.528144,375.331668,0.042019,0.015764,0.193461
213,T213_UAV_12,BS_4,LEO_1,125.21858,124.991514,0.040927,0.011377,0.373806
213,T213_UAV_7,BS_4,LEO_0,126.530079,126.303236,0.043526,0.015882,0.337175
213,T213_UAV_8,BS_4,HAP_2,135.306295,135.091266,0.028069,0.020539,0.332099
213,T213_UAV_15,BS_4,HAP_0,141.17044,140.942543,0.028501,0.007799,0.457983
213,T213_UAV_16,BS_4,LEO_1,142.204293,141.980131,0.041201,0.008199,0.373806
213,T213_UAV_3,BS_3,LEO_0,159.863944,159.635455,0.045516,0.015538,0.337175
213,T213_UAV_19,BS_3,HAP_1,80.103841,79.87225,0.026291,0.014167,0.455669
213,T213_UAV_6,BS_3,HAP_2,161.05556,160.839591,0.030796,0.018754,0.332099
213,T213_UAV_17,BS_3,HAP_0,168.389432,168.146071,0.031908,0.019857,0.457983
213,T213_UAV_5,HAP_1,BS_3,186.503076,186.223128,0.056523,0.054308,0.345588
213,T213_UAV_9,BS_4,BS_4,67.704724,67.450692,0.026844,0.05248,0.373535
213,T213_UAV_1,BS_0,BS_0,69.418341,69.161989,0.027272,0.046213,0.41434
213,T213_UAV_14,BS_2,BS_2,121.625247,121.358336,0.040314,0.041758,0.424197
213,T213_UAV_13,HAP_1,BS_1,126.875784,126.574045,0.041618,0.060637,0.497422
213,T213_UAV_18,BS_3,LEO_1,127.95522,127.725823,0.040825,0.01381,0.373806
213,T213_UAV_10,HAP_1,LEO_0,140.337701,140.104715,0.045294,0.020257,0.337175
214,T214_UAV_4,BS_4,LEO_1,78.585142,78.334555,0.040914,0.030986,0.393432
214,T214_UAV_7,BS_4,LEO_0,170.875312,170.801189,0.003917,0.024994,0.226059
214,T214_UAV_3,BS_3,HAP_2,150.064385,149.882298,0.029708,0.004678,0.238504
214,T214_UAV_6,BS_3,HAP_0,170.052665,169.860727,0.031392,0.00945,0.255482
214,T214_UAV_16,BS_4,LEO_1,121.426802,121.173703,0.041204,0.033208,0.393432
214,T214_UAV_12,BS_4,LEO_0,246.261938,246.206219,0.006286,0.004221,0.226059
214,T214_UAV_5,HAP_1,HAP_2,194.66439,194.466794,0.030386,0.019509,0.238504
214,T214_UAV_10,HAP_1,HAP_0,197.841974,197.6377,0.033207,0.019971,0.255482
214,T214_UAV_11,HAP_1,BS_0,62.886787,62.664741,0.025648,0.042161,0.271189
214,T214_UAV_13,HAP_1,LEO_0,87.015681,86.962693,0.002696,0.00508,0.226059
214,T214_UAV_17,BS_3,BS_1,69.493098,69.267327,0.027298,0.027508,0.35482
214,T214_UAV_0,HAP_1,BS_3,74.955063,74.698942,0.028655,0.053139,0.371633
214,T214_UAV_15,BS_4,LEO_0,96.121385,96.055607,0.001975,0.018591,0.226059
214,T214_UAV_14,BS_2,HAP_1,81.393538,81.175148,0.026707,0.019588,0.360469
215,T215_UAV_17,BS_3,LEO_1,80.621021,80.379465,0.040616,0.039414,0.307631
215,T215_UAV_5,HAP_1,LEO_0,187.304184,187.087334,0.045732,0.02283,0.241442
215,T215_UAV_18,BS_3,HAP_0,188.200216,188.113129,0.006727,0.0371,0.216301
215,T215_UAV_16,BS_4,HAP_2,292.650504,292.465754,0.030691,0.01753,0.182646
215,T215_UAV_13,HAP_1,LEO_1,133.265364,133.026672,0.041073,0.036093,0.307631
215,T215_UAV_6,BS_3,LEO_0,61.811459,61.60692,0.042356,0.013895,0.241442
215,T215_UAV_19,BS_3,HAP_0,62.303936,62.249612,0.002361,0.008703,0.216301
215,T215_UAV_14,BS_2,BS_1,68.945683,68.741354,0.027167,0.044054,0.165543
215,T215_UAV_11,HAP_1,HAP_2,107.045258,106.870608,0.028316,0.009804,0.182646
215,T215_UAV_1,BS_0,HAP_1,56.198989,55.978487,0.026939,0.034531,0.295157
215,T215_UAV_0,HAP_1,BS_2,126.741639,126.519836,0.041604,0.016948,0.316248
215,T215_UAV_8,BS_4,LEO_0,184.801678,184.579218,0.04518,0.028991,0.241442
215,T215_UAV_10,HAP_1,HAP_2,219.132058,218.937132,0.031898,0.026499,0.182646
216,T216_UAV_19,BS_3,LEO_1,69.094361,68.879847,0.040507,0.02999,0.220084
216,T216_UAV_9,BS_4,LEO_0,183.011154,182.952362,0.003721,0.015258,0.199066
216,T216_UAV_7,BS_4,HAP_2,132.810338,132.629179,0.028243,0.005314,0.238006
216,T216_UAV_6,BS_3,HAP_0,142.130115,141.937255,0.030357,0.017048,0.227276
216,T216_UAV_12,BS_4,LEO_0,223.852152,223.781675,0.004913,0.02575,0.199066
216,T216_UAV_8,BS_4,LEO_1,98.663833,98.443193,0.040962,0.035662,0.220084
216,T216_UAV_4,BS_4,BS_1,313.428798,313.188471,0.088248,0.022795,0.146418
216,T216_UAV_2,HAP_1,LEO_0,262.257118,262.191526,0.00651,0.019269,0.199066
216,T216_UAV_17,BS_3,HAP_2,181.562881,181.357925,0.032897,0.024457,0.238006
216,T216_UAV_13,HAP_1,HAP_0,188.205834,188.010029,0.032517,0.017833,0.227276
216,T216_UAV_11,HAP_1,LEO_0,91.156895,91.107263,0.002289,0.00753,0.199066
216,T216_UAV_18,BS_3,HAP_1,50.469151,50.226167,0.02575,0.050894,0.331705
216,T216_UAV_16,BS_4,BS_3,103.623267,103.394688,0.035826,0.022007,0.353734
216,T216_UAV_14,BS_2,LEO_0,119.122006,119.063693,0.002884,0.015616,0.199066
216,T216_UAV_10,HAP_1,BS_2,124.999502,124.735565,0.041158,0.032296,0.452415
216,T216_UAV_5,HAP_1,BS_1,168.694107,168.494708,0.052093,0.018023,0.146418
217,T217_UAV_17,BS_3,LEO_1,165.985976,165.928569,0.001024,0.010907,0.227377
217,T217_UAV_16,BS_4,LEO_0,170.287448,170.074441,0.043984,0.018152,0.254358
217,T217_UAV_12,BS_4,HAP_2,128.591112,128.528528,0.003247,0.014637,0.223498
217,T217_UAV_19,BS_3,HAP_0,142.100542,141.895362,0.030393,0.025612,0.245873
217,T217_UAV_9,BS_4,LEO_1,196.719761,196.654286,0.001545,0.018454,0.227377
217,T217_UAV_2,HAP_1,LEO_0,205.801042,205.590021,0.045954,0.014195,0.254358
217,T217_UAV_7,BS_4,HAP_1,154.489932,154.282489,0.02775,0.036361,0.216657
217,T217_UAV_10,HAP_1,LEO_1,214.315383,214.243462,0.001483,0.024963,0.227377
217,T217_UAV_6,BS_3,HAP_2,184.581268,184.514567,0.006678,0.015323,0.223498
217,T217_UAV_13,HAP_1,HAP_0,190.72446,190.516477,0.032619,0.02619,0.245873
217,T217_UAV_18,BS_3,BS_1,198.472003,198.206074,0.059517,0.030187,0.38113
217,T217_UAV_0,HAP_1,BS_4,50.42611,50.224201,0.02254,0.016948,0.31211
217,T217_UAV_4,BS_4,LEO_0,99.497396,99.29789,0.042055,0.00658,0.254358
217,T217_UAV_15,BS_4,BS_2,96.460809,96.212807,0.034031,0.044027,0.349721
217,T217_UAV_11,HAP_1,BS_3,99.216662,98.981672,0.034723,0.023966,0.381505
217,T217_UAV_3,BS_3,LEO_1,139.93686,139.867159,0.000872,0.023354,0.227377
217,T217_UAV_5,HAP_1,LEO_0,149.806345,149.58672,0.043734,0.025019,0.254358
217,T217_UAV_14,BS_2,BS_0,195.040255,194.709709,0.058643,0.083858,0.440224
217,T217_UAV_1,BS_0,HAP_1,169.351365,169.118004,0.029479,0.06055,0.216657
218,T218_UAV_18,BS_3,LEO_1,48.071861,47.830741,0.04035,0.025878,0.374461
218,T218_UAV_8,BS_4,LEO_0,125.275855,125.213225,0.003529,0.018043,0.205289
218,T218_UAV_9,BS_4,HAP_0,138.082046,138.007894,0.004347,0.027567,0.211186
218,T218_UAV_3,BS_3,HAP_2,424.407086,424.216561,0.034082,0.018276,0.190839
218,T218_UAV_4,BS_4,LEO_0,149.543942,149.476375,0.003739,0.02277,0.205289
218,T218_UAV_16,BS_4,HAP_1,82.013817,81.808271,0.027417,0.02874,0.246947
218,T218_UAV_5,HAP_1,LEO_1,125.160126,124.914814,0.041161,0.029259,0.374461
218,T218_UAV_7,BS_4,HAP_2,485.492208,485.28899,0.033615,0.031436,0.190839
218,T218_UAV_0,HAP_1,HAP_0,197.71203,197.640747,0.007545,0.021501,0.211186
218,T218_UAV_11,HAP_1,HAP_2,537.749683,537.559417,0.038002,0.014096,0.190839
218,T218_UAV_15,BS_4,HAP_2,549.134591,548.946147,0.032976,0.0173,0.190839
218,T218_UAV_17,BS_3,BS_1,66.50047,66.310751,0.026559,0.008768,0.271959
218,T218_UAV_12,BS_4,BS_0,78.490101,78.269102,0.029548,0.038484,0.264838
218,T218_UAV_2,HAP_1,LEO_0,98.60512,98.54761,0.003529,0.012924,0.205289
218,T218_UAV_14,BS_2,BS_3,121.654002,121.40313,0.040326,0.037418,0.365641
218,T218_UAV_19,BS_3,HAP_2,197.655067,197.474364,0.029746,0.012789,0.190839
218,T218_UAV_10,HAP_1,HAP_2,395.117666,394.925653,0.034652,0.019193,0.190839
219,T219_UAV_4,BS_4,LEO_1,118.360526,118.161161,0.04116,0.010478,0.238634
219,T219_UAV_8,BS_4,LEO_0,90.94246,90.871635,0.003461,0.00718,0.300918
219,T219_UAV_9,BS_4,HAP_0,126.126225,126.049083,0.003978,0.016963,0.281007
219,T219_UAV_19,BS_3,HAP_2,142.428917,142.172862,0.030217,0.037708,0.440647
219,T219_UAV_5,HAP_1,LEO_1,135.517748,135.309671,0.04108,0.01927,0.238634
219,T219_UAV_7,BS_4,HAP_1,82.518077,82.288357,0.026788,0.054891,0.240202
219,T219_UAV_13,HAP_1,HAP_0,185.43503,185.363028,0.007421,0.00838,0.281007
219,T219_UAV_17,BS_3,LEO_0,37.585459,37.504473,0.00238,0.018422,0.300918
219,T219_UAV_11,HAP_1,BS_1,50.791651,50.588532,0.022631,0.031909,0.242896
219,T219_UAV_0,HAP_1,BS_4,63.775513,63.51276,0.02586,0.067446,0.347234
219,T219_UAV_6,BS_3,BS_3,74.572466,74.323867,0.028562,0.046161,0.369379
219,T219_UAV_2,HAP_1,LEO_1,105.867166,105.63702,0.040839,0.04158,0.238634
219,T219_UAV_12,BS_4,HAP_2,114.215298,113.973971,0.027864,0.025334,0.440647
219,T219_UAV_1,BS_0,BS_0,194.515449,194.204729,0.058517,0.057794,0.472047
220,T220_UAV_16,BS_4,LEO_1,279.896256,279.845436,0.001793,0.012051,0.184879
220,T220_UAV_4,BS_4,LEO_0,93.000093,92.768447,0.043088,0.030704,0.289273
220,T220_UAV_12,BS_4,HAP_0,140.581215,140.396665,0.028503,0.015936,0.20056
220,T220_UAV_17,BS_3,LEO_1,301.2722,301.22822,0.001599,0.005406,0.184879
220,T220_UAV_2,HAP_1,HAP_2,86.506828,86.290818,0.029288,0.023454,0.316338
220,T220_UAV_18,BS_3,LEO_0,116.542539,116.326257,0.045875,0.012553,0.289273
220,T220_UAV_7,BS_4,LEO_1,309.793248,309.727772,0.002085,0.026414,0.184879
220,T220_UAV_15,BS_4,BS_1,271.438524,271.21686,0.07776,0.015986,0.139592
220,T220_UAV_10,HAP_1,BS_3,53.671527,53.458164,0.023348,0.024616,0.326996
220,T220_UAV_9,BS_4,HAP_0,73.478258,73.293402,0.027314,0.01743,0.20056
220,T220_UAV_6,BS_3,LEO_1,188.325911,188.25767,0.000974,0.030291,0.184879
220,T220_UAV_8,BS_4,LEO_1,201.779354,201.729901,0.00127,0.011206,0.184879
220,T220_UAV_1,BS_0,LEO_1,316.31717,316.260174,0.001934,0.018087,0.184879
220,T220_UAV_11,HAP_1,BS_1,290.499839,290.251658,0.082517,0.037746,0.139592
220,T220_UAV_13,HAP_1,LEO_1,355.127049,355.058423,0.001951,0.029698,0.184879
221,T221_UAV_16,BS_4,LEO_0,79.537226,79.476604,0.002265,0.007544,0.254065
221,T221_UAV_4,BS_4,LEO_1,69.271959,69.024083,0.040811,0.02725,0.399073
221,T221_UAV_10,HAP_1,HAP_0,455.477054,455.406389,0.011335,0.021961,0.186844
221,T221_UAV_19,BS_3,HAP_2,77.378562,77.152587,0.029011,0.020289,0.383376
221,T221_UAV_13,HAP_1,HAP_0,639.733742,639.665725,0.015569,0.01508,0.186844
221,T221_UAV_3,BS_3,HAP_0,667.456095,667.386342,0.014386,0.017998,0.186844
221,T221_UAV_8,BS_4,LEO_0,51.313524,51.235213,0.001449,0.026049,0.254065
221,T221_UAV_1,BS_0,LEO_1,48.832323,48.601539,0.040452,0.010518,0.399073
221,T221_UAV_5,HAP_1,LEO_0,72.40233,72.336885,0.002202,0.012429,0.254065
221,T221_UAV_2,HAP_1,HAP_1,59.473793,59.263214,0.025667,0.025372,0.297703
221,T221_UAV_11,HAP_1,HAP_0,206.158307,206.10512,0.005221,0.010597,0.186844
221,T221_UAV_12,BS_4,HAP_0,235.683546,235.637575,0.004094,0.004509,0.186844
221,T221_UAV_17,BS_3,HAP_0,318.747157,318.683926,0.007905,0.017957,0.186844
221,T221_UAV_14,BS_2,HAP_0,560.502854,560.43654,0.011151,0.017795,0.186844
222,T222_UAV_6,BS_3,LEO_1,72.713925,72.459188,0.040537,0.048077,0.330616
222,T222_UAV_0,HAP_1,LEO_0,189.605507,189.543154,0.005209,0.004394,0.263754
222,T222_UAV_17,BS_3,HAP_2,213.341809,213.263107,0.007653,0.029769,0.206401
222,T222_UAV_5,HAP_1,HAP_0,71.914148,71.683035,0.028163,0.008442,0.472544
222,T222_UAV_4,BS_4,HAP_1,255.769169,255.55695,0.029221,0.046519,0.182394
222,T222_UAV_8,BS_4,LEO_0,215.434988,215.360472,0.005008,0.016758,0.263754
222,T222_UAV_12,BS_4,LEO_1,112.406958,112.159901,0.040978,0.039955,0.330616
222,T222_UAV_15,BS_4,HAP_1,355.930111,355.725929,0.031017,0.036686,0.182394
222,T222_UAV_19,BS_3,HAP_1,361.586551,361.390381,0.029111,0.03058,0.182394
222,T222_UAV_3,BS_3,HAP_1,547.625243,547.436765,0.030761,0.021239,0.182394
222,T222_UAV_16,BS_4,HAP_1,584.954275,584.766942,0.034955,0.0159,0.182394
222,T222_UAV_7,BS_4,HAP_2,98.450308,98.372508,0.002094,0.034426,0.206401
222,T222_UAV_13,HAP_1,LEO_0,100.324192,100.248952,0.003124,0.019365,0.263754
222,T222_UAV_2,HAP_1,BS_2,80.046869,79.810576,0.029933,0.039561,0.333998
222,T222_UAV_18,BS_3,BS_3,106.056733,105.780175,0.036422,0.064021,0.380576
222,T222_UAV_9,BS_4,LEO_0,104.429271,104.367541,0.002456,0.006524,0.263754
222,T222_UAV_1,BS_0,HAP_2,178.410213,178.335314,0.004512,0.029108,0.206401
222,T222_UAV_11,HAP_1,HAP_1,416.826482,416.612671,0.029233,0.048099,0.182394
223,T223_UAV_3,BS_3,LEO_1,81.936781,81.722077,0.040631,0.013232,0.304203
223,T223_UAV_13,HAP_1,LEO_0,83.184488,83.081646,0.004452,0.024515,0.369381
223,T223_UAV_19,BS_3,HAP_2,192.022937,191.795205,0.030955,0.038365,0.292063
223,T223_UAV_17,BS_3,HAP_0,143.263048,143.010556,0.030883,0.034146,0.437313
223,T223_UAV_7,BS_4,LEO_1,102.015985,101.803511,0.041097,0.010536,0.304203
223,T223_UAV_0,HAP_1,LEO_0,106.534046,106.444878,0.004933,0.010359,0.369381
223,T223_UAV_15,BS_4,HAP_2,201.990394,201.792675,0.028436,0.010871,0.292063
223,T223_UAV_5,HAP_1,HAP_0,189.48559,189.230314,0.031084,0.03673,0.437313
223,T223_UAV_14,BS_2,HAP_1,45.452286,45.242875,0.025931,0.021142,0.311688
223,T223_UAV_18,BS_3,BS_1,95.4579,95.226515,0.033785,0.040919,0.283408
223,T223_UAV_11,HAP_1,BS_3,96.329218,96.066973,0.033995,0.057913,0.351686
223,T223_UAV_2,HAP_1,BS_4,100.941296,100.668183,0.035144,0.050782,0.435934
223,T223_UAV_4,BS_4,BS_0,113.27234,112.999654,0.038226,0.03882,0.478202
223,T223_UAV_10,HAP_1,HAP_2,147.838737,147.622752,0.029648,0.027924,0.292063
224,T224_UAV_7,BS_4,LEO_1,160.234144,160.163848,0.001312,0.024797,0.220934
224,T224_UAV_18,BS_3,LEO_0,211.890984,211.710018,0.045344,0.00741,0.141059
224,T224_UAV_9,HAP_1,HAP_0,254.695717,254.498913,0.031273,0.03167,0.169303
224,T224_UAV_5,HAP_1,HAP_2,130.822816,130.744744,0.003559,0.033755,0.203786
224,T224_UAV_2,HAP_1,LEO_0,217.790285,217.595584,0.045383,0.021107,0.141059
224,T224_UAV_3,BS_3,LEO_1,211.922465,211.859531,0.001317,0.01743,0.220934
224,T224_UAV_4,BS_4,HAP_1,83.375285,83.161625,0.027333,0.029249,0.285393
224,T224_UAV_12,BS_4,HAP_0,386.392222,386.180889,0.032734,0.044738,0.169303
224,T224_UAV_6,BS_3,LEO_0,328.579998,328.386303,0.048684,0.016799,0.141059
224,T224_UAV_8,BS_4,HAP_2,54.688669,54.620716,0.001259,0.025937,0.203786
224,T224_UAV_14,BS_2,LEO_1,83.465781,83.383177,0.000497,0.03792,0.220934
224,T224_UAV_13,HAP_1,LEO_0,113.627196,113.435355,0.043016,0.020613,0.141059
224,T224_UAV_1,BS_0,BS_4,103.784331,103.572981,0.03587,0.017242,0.291185
224,T224_UAV_15,BS_4,HAP_0,175.432979,175.251018,0.028488,0.019612,0.169303
224,T224_UAV_19,BS_3,LEO_1,146.593016,146.511392,0.000879,0.036558,0.220934
224,T224_UAV_11,HAP_1,LEO_0,162.528981,162.348003,0.044103,0.008664,0.141059
224,T224_UAV_0,HAP_1,HAP_0,211.589032,211.390429,0.031004,0.033739,0.169303
225,T225_UAV_6,BS_3,LEO_1,138.49202,138.261085,0.040905,0.034063,0.27984
225,T225_UAV_16,BS_4,LEO_0,101.760584,101.535391,0.043892,0.025858,0.277212
225,T225_UAV_7,BS_4,HAP_2,152.944019,152.740715,0.028663,0.023006,0.258179
225,T225_UAV_17,BS_3,HAP_0,154.833322,154.623658,0.031363,0.023151,0.275747
225,T225_UAV_4,BS_4,LEO_1,160.142343,159.913546,0.04158,0.031249,0.27984
225,T225_UAV_15,BS_4,LEO_0,115.157692,114.94989,0.043846,0.008514,0.277212
225,T225_UAV_5,HAP_1,HAP_2,190.056361,189.85079,0.030156,0.02378,0.258179
225,T225_UAV_10,HAP_1,BS_0,52.989236,52.796974,0.023183,0.012455,0.28312
225,T225_UAV_11,HAP_1,BS_1,66.548855,66.323103,0.026562,0.037719,0.307354
225,T225_UAV_3,BS_3,BS_4,71.224772,71.017896,0.027736,0.014711,0.322152
225,T225_UAV_13,HAP_1,HAP_0,72.525602,72.294391,0.027894,0.048167,0.275747
225,T225_UAV_8,BS_4,BS_3,73.95841,73.700025,0.028406,0.057351,0.363145
225,T225_UAV_19,BS_3,LEO_1,83.07135,82.86729,0.04054,0.007552,0.27984
225,T225_UAV_9,HAP_1,HAP_1,56.012496,55.772491,0.026102,0.047802,0.330503
225,T225_UAV_14,BS_2,BS_2,149.130832,148.886563,0.047193,0.018685,0.391955
226,T226_UAV_15,BS_4,LEO_1,133.131439,132.938314,0.041291,0.008641,0.21596
226,T226_UAV_6,BS_3,LEO_0,94.653308,94.434495,0.045022,0.026004,0.238938
226,T226_UAV_3,BS_3,HAP_2,337.609168,337.427347,0.032588,0.010055,0.195894
226,T226_UAV_9,HAP_1,HAP_0,154.869428,154.677968,0.029941,0.01267,0.244241
226,T226_UAV_8,BS_4,LEO_1,168.803186,168.600696,0.041388,0.01791,0.21596
226,T226_UAV_17,BS_3,LEO_0,121.870525,121.655266,0.047679,0.019793,0.238938
226,T226_UAV_12,BS_4,HAP_2,418.190453,417.983777,0.032875,0.034623,0.195894
226,T226_UAV_13,HAP_1,BS_1,339.680841,339.440986,0.094808,0.013247,0.158997
226,T226_UAV_5,HAP_1,HAP_0,199.66244,199.467324,0.031388,0.014879,0.244241
226,T226_UAV_16,BS_4,HAP_2,468.247484,468.066703,0.032934,0.008669,0.195894
226,T226_UAV_19,BS_3,HAP_2,483.411879,483.210997,0.037446,0.024257,0.195894
226,T226_UAV_7,BS_4,BS_4,60.199536,59.933462,0.024966,0.071042,0.350326
226,T226_UAV_1,BS_0,BS_3,80.139205,79.897708,0.029954,0.038405,0.365686
226,T226_UAV_18,BS_3,BS_2,80.50478,80.236066,0.030039,0.049503,0.445859
226,T226_UAV_10,HAP_1,HAP_1,65.240612,65.050224,0.025827,0.011669,0.264465
226,T226_UAV_4,BS_4,BS_1,134.818326,134.614371,0.043627,0.028529,0.158997
226,T226_UAV_14,BS_2,LEO_1,151.364263,151.171578,0.040979,0.008514,0.21596
226,T226_UAV_2,HAP_1,HAP_2,385.212841,385.014648,0.034544,0.02447,0.195894
227,T227_UAV_3,BS_3,LEO_1,154.3354,154.276621,0.000958,0.009301,0.2426
227,T227_UAV_6,BS_3,LEO_0,167.761001,167.699627,0.005204,0.010516,0.228268
227,T227_UAV_4,BS_4,HAP_0,133.018096,132.925217,0.003481,0.041361,0.240185
227,T227_UAV_7,BS_4,HAP_2,138.830728,138.589279,0.028309,0.034639,0.392502
227,T227_UAV_12,BS_4,LEO_1,187.840406,187.764866,0.001301,0.025719,0.2426
227,T227_UAV_5,HAP_1,LEO_0,191.145218,191.072055,0.004724,0.022786,0.228268
227,T227_UAV_8,BS_4,HAP_1,89.39471,89.177737,0.02706,0.02794,0.309861
227,T227_UAV_9,HAP_1,LEO_1,217.632969,217.550433,0.001722,0.032294,0.2426
227,T227_UAV_13,HAP_1,HAP_0,59.542744,59.473368,0.002386,0.018953,0.240185
227,T227_UAV_11,HAP_1,LEO_0,81.131702,81.070774,0.002403,0.012871,0.228268
227,T227_UAV_19,BS_3,BS_1,76.480982,76.241606,0.029041,0.034315,0.380101
227,T227_UAV_16,BS_4,BS_2,80.995636,80.741673,0.030165,0.053013,0.353922
227,T227_UAV_15,BS_4,BS_3,95.330379,95.066277,0.033745,0.059532,0.354123
227,T227_UAV_10,HAP_1,HAP_2,126.477101,126.238178,0.02973,0.030693,0.392502
227,T227_UAV_17,BS_3,LEO_1,140.65331,140.576923,0.000864,0.027003,0.2426
227,T227_UAV_14,BS_2,LEO_0,166.281299,166.204578,0.004648,0.026419,0.228268
227,T227_UAV_1,BS_0,BS_4,186.998173,186.727191,0.056648,0.042383,0.359755
228,T228_UAV_16,BS_4,LEO_1,215.548269,215.357137,0.041533,0.010602,0.194978
228,T228_UAV_9,HAP_1,LEO_0,110.992089,110.789617,0.044296,0.016567,0.208046
228,T228_UAV_11,HAP_1,HAP_0,169.479993,169.392889,0.007195,0.02259,0.286593
228,T228_UAV_3,BS_3,HAP_2,182.185047,181.999341,0.030638,0.008423,0.233228
228,T228_UAV_8,BS_4,LEO_1,237.883206,237.696428,0.041641,0.006142,0.194978
228,T228_UAV_0,HAP_1,LEO_0,131.87933,131.671518,0.046061,0.020142,0.208046
228,T228_UAV_13,HAP_1,HAP_0,59.268321,59.20371,0.002376,0.004916,0.286593
228,T228_UAV_7,BS_4,BS_1,68.543648,68.351039,0.027069,0.019948,0.22796
228,T228_UAV_15,BS_4,BS_4,70.577134,70.359876,0.027571,0.017261,0.36213
228,T228_UAV_10,HAP_1,LEO_1,127.650632,127.452774,0.04081,0.018052,0.194978
228,T228_UAV_6,HAP_1,HAP_2,79.466278,79.262319,0.027895,0.029418,0.233228
228,T228_UAV_17,BS_3,HAP_1,50.52614,50.30739,0.02636,0.042137,0.251263
228,T228_UAV_1,BS_0,LEO_1,146.175102,145.975491,0.040984,0.019631,0.194978
228,T228_UAV_14,BS_2,LEO_1,260.687488,260.475121,0.041465,0.031906,0.194978
229,T229_UAV_17,BS_3,LEO_1,70.846497,70.646686,0.040538,0.017613,0.208303
229,T229_UAV_12,BS_4,LEO_0,84.604759,84.391956,0.043509,0.017805,0.257447
229,T229_UAV_6,HAP_1,HAP_2,164.376036,164.16388,0.031007,0.038325,0.214121
229,T229_UAV_10,HAP_1,HAP_0,198.062531,197.965451,0.008148,0.01241,0.382612
229,T229_UAV_19,BS_3,LEO_1,131.391057,131.173714,0.040977,0.034705,0.208303
229,T229_UAV_9,HAP_1,LEO_0,131.57655,131.369988,0.045097,0.009975,0.257447
229,T229_UAV_7,BS_4,BS_1,211.011888,210.793412,0.062662,0.020679,0.175668
229,T229_UAV_1,BS_0,BS_3,55.175597,54.934976,0.023717,0.059271,0.288166
229,T229_UAV_11,HAP_1,HAP_0,76.372837,76.280577,0.00324,0.012497,0.382612
229,T229_UAV_14,BS_2,HAP_1,65.621354,65.408461,0.026329,0.035081,0.257417
229,T229_UAV_18,BS_3,BS_1,273.600148,273.369424,0.078298,0.017291,0.175668
229,T229_UAV_5,HAP_1,HAP_2,156.719163,156.520841,0.02922,0.026277,0.214121
229,T229_UAV_16,BS_4,BS_1,290.808515,290.576344,0.082598,0.014439,0.175668
229,T229_UAV_3,BS_3,BS_1,385.763388,385.487788,0.106314,0.034152,0.175668
230,T230_UAV_18,BS_3,LEO_1,143.191639,142.988185,0.040852,0.0131,0.247513
230,T230_UAV_8,BS_4,LEO_0,112.864531,112.808317,0.003224,0.014558,0.192164
230,T230_UAV_17,BS_3,HAP_0,117.726756,117.567595,0.029841,0.009186,0.100673
230,T230_UAV_7,BS_4,HAP_2,132.18461,132.105187,0.003136,0.029665,0.23311
230,T230_UAV_11,HAP_1,LEO_1,199.226286,199.011777,0.041474,0.023532,0.247513
230,T230_UAV_16,BS_4,LEO_0,150.55765,150.507501,0.004266,0.007449,0.192164
230,T230_UAV_3,BS_3,HAP_1,180.319977,180.066723,0.027328,0.06533,0.302978
230,T230_UAV_12,BS_4,HAP_2,161.293011,161.216971,0.003957,0.025461,0.23311
230,T230_UAV_9,HAP_1,HAP_0,163.198911,163.031466,0.030248,0.017063,0.100673
230,T230_UAV_13,HAP_1,LEO_1,226.28981,226.093727,0.041434,0.005147,0.247513
230,T230_UAV_2,HAP_1,BS_0,191.235397,191.003654,0.057717,0.013927,0.300491
230,T230_UAV_19,BS_3,BS_3,86.280977,86.053269,0.031493,0.035998,0.301089
230,T230_UAV_15,BS_4,LEO_0,85.600284,85.546874,0.002158,0.012818,0.192164
230,T230_UAV_5,HAP_1,BS_2,115.440394,115.188238,0.038773,0.043106,0.351385
230,T230_UAV_6,HAP_1,BS_4,143.87928,143.648359,0.045884,0.014173,0.354319
230,T230_UAV_1,BS_0,BS_1,156.417484,156.148029,0.049008,0.036191,0.421285
230,T230_UAV_10,HAP_1,LEO_1,170.515422,170.31936,0.041155,0.005405,0.247513
230,T230_UAV_14,BS_2,HAP_1,197.63757,197.424958,0.028344,0.023673,0.302978
231,T231_UAV_10,HAP_1,LEO_1,183.784445,183.581119,0.041243,0.011299,0.25392
231,T231_UAV_8,BS_4,LEO_0,192.170682,192.089718,0.00451,0.0193,0.285769
231,T231_UAV_19,BS_3,HAP_0,149.788338,149.721856,0.005819,0.01389,0.233868
231,T231_UAV_0,HAP_1,HAP_2,158.226924,158.042711,0.030114,0.008619,0.227404
231,T231_UAV_7,BS_4,LEO_1,223.080679,222.873847,0.041853,0.014195,0.25392
231,T231_UAV_17,BS_3,LEO_0,234.536864,234.46518,0.008441,0.006088,0.285769
231,T231_UAV_12,BS_4,HAP_1,94.970866,94.729497,0.027467,0.046062,0.339202
231,T231_UAV_3,BS_3,HAP_0,179.42384,179.359786,0.005964,0.011317,0.233868
231,T231_UAV_5,HAP_1,HAP_2,190.469882,190.272934,0.030112,0.021355,0.227404
231,T231_UAV_11,HAP_1,LEO_1,264.286061,264.059257,0.041954,0.034066,0.25392
231,T231_UAV_6,HAP_1,BS_1,50.541747,50.317908,0.022563,0.041288,0.299937
231,T231_UAV_13,HAP_1,LEO_0,78.856285,78.772598,0.002468,0.024066,0.285769
231,T231_UAV_2,HAP_1,BS_3,91.998577,91.757131,0.032918,0.041543,0.334928
231,T231_UAV_18,BS_3,BS_2,119.07849,118.827507,0.039682,0.037764,0.367681
231,T231_UAV_9,HAP_1,BS_4,119.491928,119.255326,0.039789,0.026236,0.352884
231,T231_UAV_1,BS_0,BS_0,126.3295,126.072171,0.041492,0.031416,0.422102
231,T231_UAV_15,BS_4,LEO_1,173.122697,172.892777,0.041488,0.037648,0.25392
231,T231_UAV_14,BS_2,LEO_0,203.804149,203.730584,0.005676,0.010734,0.285769
232,T232_UAV_13,HAP_1,LEO_1,133.513916,133.450576,0.000923,0.016303,0.230571
232,T232_UAV_4,BS_4,LEO_0,104.075368,103.860476,0.043431,0.016775,0.273432
232,T232_UAV_0,HAP_1,HAP_2,291.22061,291.158371,0.007268,0.016047,0.194621
232,T232_UAV_18,BS_3,HAP_0,156.102553,156.012702,0.005484,0.022268,0.310489
232,T232_UAV_17,BS_3,LEO_1,158.922764,158.854458,0.001061,0.021131,0.230571
232,T232_UAV_15,BS_4,LEO_0,117.611442,117.408058,0.04396,0.004738,0.273432
232,T232_UAV_7,BS_4,HAP_1,93.131611,92.915092,0.027122,0.014235,0.375807
232,T232_UAV_5,HAP_1,HAP_2,149.899837,149.828205,0.003208,0.029501,0.194621
232,T232_UAV_9,HAP_1,LEO_1,83.972498,83.911711,0.000742,0.013931,0.230571
232,T232_UAV_1,BS_0,BS_1,91.517607,91.308316,0.032806,0.027096,0.246941
232,T232_UAV_6,HAP_1,HAP_0,111.542908,111.471506,0.004311,0.004994,0.310489
232,T232_UAV_16,BS_4,BS_0,112.699206,112.458637,0.038091,0.045468,0.285056
232,T232_UAV_14,BS_2,HAP_2,171.043816,170.974329,0.003983,0.026579,0.194621
232,T232_UAV_19,BS_3,HAP_2,188.132925,188.082234,0.00528,0.006486,0.194621
233,T233_UAV_16,BS_4,LEO_1,99.28653,99.202667,0.000994,0.026538,0.281657
233,T233_UAV_5,HAP_1,BS_1,991.408715,991.005899,0.257618,0.007117,0.190412
233,T233_UAV_6,HAP_1,BS_1,1132.919429,1132.461292,0.292964,0.02709,0.190412
233,T233_UAV_2,HAP_1,BS_1,1177.542984,1177.065163,0.304109,0.03563,0.190412
233,T233_UAV_3,BS_3,BS_1,1514.335552,1513.795753,0.38825,0.013468,0.190412
233,T233_UAV_7,BS_4,BS_1,1514.93941,1514.377081,0.388395,0.035852,0.190412
233,T233_UAV_1,BS_0,LEO_0,17.294762,17.091221,0.041472,0.014547,0.23761
233,T233_UAV_15,BS_4,HAP_0,38.55798,38.485664,0.001211,0.003946,0.335795
233,T233_UAV_9,HAP_1,HAP_2,45.604458,45.391358,0.026549,0.02415,0.312008
233,T233_UAV_12,BS_4,LEO_1,64.652108,64.585646,0.000577,0.009554,0.281657
233,T233_UAV_18,BS_3,BS_1,579.673917,579.350045,0.154755,0.031034,0.190412
233,T233_UAV_0,HAP_1,BS_1,892.899016,892.505156,0.233005,0.022773,0.190412
233,T233_UAV_17,BS_3,BS_1,949.347676,948.948182,0.247108,0.014303,0.190412
233,T233_UAV_10,HAP_1,BS_1,974.171281,973.755646,0.253307,0.024246,0.190412
234,T234_UAV_18,BS_3,LEO_1,161.495347,161.274471,0.040965,0.030398,0.247567
234,T234_UAV_12,BS_4,LEO_0,136.530332,136.318108,0.044144,0.025622,0.212291
234,T234_UAV_10,HAP_1,HAP_0,145.467501,145.276446,0.030957,0.007479,0.263098
234,T234_UAV_15,BS_4,HAP_2,178.406196,178.189973,0.028397,0.020619,0.336036
234,T234_UAV_16,BS_4,LEO_1,246.411014,246.190012,0.041893,0.029595,0.247567
234,T234_UAV_5,HAP_1,LEO_0,193.108504,192.90733,0.045783,0.012933,0.212291
234,T234_UAV_2,HAP_1,HAP_0,194.119474,193.912006,0.03269,0.022159,0.263098
234,T234_UAV_13,HAP_1,BS_3,65.756271,65.52375,0.026363,0.048538,0.288105
234,T234_UAV_0,HAP_1,LEO_1,95.425921,95.210409,0.040687,0.025311,0.247567
234,T234_UAV_19,BS_3,HAP_2,90.800744,90.56844,0.028385,0.036712,0.336036
234,T234_UAV_17,BS_3,LEO_0,93.595461,93.403232,0.044195,0.005575,0.212291
234,T234_UAV_4,BS_4,HAP_1,54.158634,53.89266,0.026534,0.078383,0.305288
234,T234_UAV_1,BS_0,BS_4,164.404608,164.170797,0.051012,0.01242,0.351896
234,T234_UAV_9,HAP_1,LEO_1,178.475267,178.258175,0.041418,0.026161,0.247567
234,T234_UAV_14,BS_2,BS_1,186.621621,186.335798,0.056551,0.038418,0.454273
235,T235_UAV_6,HAP_1,LEO_1,141.500297,141.296769,0.040938,0.017339,0.226253
235,T235_UAV_8,BS_4,LEO_0,219.498441,219.311946,0.044473,0.005206,0.184081
235,T235_UAV_17,BS_3,HAP_2,280.574298,280.505676,0.008861,0.022534,0.186132
235,T235_UAV_0,HAP_1,HAP_0,171.904534,171.703218,0.031407,0.022814,0.235469
235,T235_UAV_4,BS_4,LEO_1,174.413546,174.219129,0.041738,0.007428,0.226253
235,T235_UAV_5,HAP_1,LEO_0,304.801123,304.601075,0.046449,0.016783,0.184081
235,T235_UAV_7,BS_4,HAP_1,92.186266,91.931482,0.027111,0.059661,0.340062
235,T235_UAV_19,BS_3,HAP_2,373.789371,373.715613,0.010524,0.026008,0.186132
235,T235_UAV_12,BS_4,HAP_0,195.73508,195.543406,0.029739,0.014841,0.235469
235,T235_UAV_18,BS_3,LEO_0,322.385783,322.183711,0.048059,0.017197,0.184081
235,T235_UAV_15,BS_4,BS_1,53.584441,53.346488,0.02332,0.05628,0.291765
235,T235_UAV_11,HAP_1,BS_3,71.729033,71.487247,0.027853,0.048262,0.328355
235,T235_UAV_3,BS_3,LEO_0,91.511536,91.326607,0.042172,0.005941,0.184081
235,T235_UAV_16,BS_4,LEO_1,99.865869,99.672946,0.04085,0.006823,0.226253
235,T235_UAV_14,BS_2,HAP_2,172.111582,172.042426,0.003998,0.027932,0.186132
235,T235_UAV_13,HAP_1,LEO_0,146.769421,146.566642,0.04392,0.022043,0.184081
235,T235_UAV_9,HAP_1,HAP_2,244.224221,244.17299,0.005129,0.008876,0.186132
236,T236_UAV_16,BS_4,LEO_1,126.961393,126.901829,0.001084,0.010318,0.24081
236,T236_UAV_8,BS_4,HAP_0,73.749262,73.553814,0.027583,0.026526,0.206692
236,T236_UAV_15,BS_4,LEO_1,195.308472,195.227962,0.001868,0.030479,0.24081
236,T236_UAV_5,HAP_1,BS_1,1086.268376,1085.832759,0.281313,0.017478,0.184134
236,T236_UAV_3,BS_3,BS_1,1163.201264,1162.721412,0.300525,0.0425,0.184134
236,T236_UAV_13,HAP_1,BS_1,1288.195588,1287.692254,0.331752,0.034755,0.184134
236,T236_UAV_1,BS_0,LEO_0,17.705759,17.478017,0.041511,0.019995,0.331183
236,T236_UAV_7,BS_4,LEO_1,91.945878,91.875429,0.000851,0.021436,0.24081
236,T236_UAV_14,BS_2,HAP_1,49.053743,48.841365,0.025977,0.027113,0.296442
236,T236_UAV_6,HAP_1,BS_1,476.50813,476.233816,0.128989,0.008499,0.184134
236,T236_UAV_19,BS_3,BS_1,656.612804,656.266817,0.173975,0.035185,0.184134
236,T236_UAV_12,BS_4,BS_1,723.669263,723.317273,0.190729,0.024434,0.184134
236,T236_UAV_0,HAP_1,BS_1,982.025553,981.621514,0.255273,0.011939,0.184134
236,T236_UAV_11,HAP_1,BS_1,1058.872299,1058.453633,0.274471,0.007368,0.184134
237,T237_UAV_8,BS_4,LEO_1,115.503293,115.289363,0.040934,0.015118,0.289388
237,T237_UAV_19,BS_3,LEO_0,129.542405,129.30666,0.04508,0.031841,0.294121
237,T237_UAV_15,BS_4,HAP_0,356.967328,356.781433,0.031325,0.014624,0.199731
237,T237_UAV_7,BS_4,HAP_2,172.049895,171.827919,0.029014,0.013135,0.399133
237,T237_UAV_12,BS_4,LEO_1,142.37286,142.156894,0.041101,0.016988,0.289388
237,T237_UAV_18,BS_3,LEO_0,144.604871,144.394311,0.045206,0.006529,0.294121
237,T237_UAV_16,BS_4,HAP_1,184.133323,183.875077,0.029144,0.072775,0.281631
237,T237_UAV_0,HAP_1,HAP_0,448.068018,447.874964,0.035889,0.01722,0.199731
237,T237_UAV_9,HAP_1,BS_3,167.171166,166.912937,0.051697,0.052185,0.271732
237,T237_UAV_5,HAP_1,LEO_1,190.946738,190.719159,0.041554,0.028148,0.289388
237,T237_UAV_4,BS_4,LEO_0,63.619992,63.412256,0.041564,0.007347,0.294121
237,T237_UAV_17,BS_3,HAP_0,168.396406,168.206286,0.029402,0.020771,0.199731
237,T237_UAV_2,HAP_1,HAP_2,146.158508,145.931431,0.030076,0.017174,0.399133
237,T237_UAV_14,BS_2,HAP_0,254.798126,254.614437,0.030286,0.013457,0.199731
237,T237_UAV_1,BS_0,HAP_1,195.292505,195.080821,0.030257,0.025102,0.281631
237,T237_UAV_10,HAP_1,HAP_0,309.776939,309.599132,0.033065,0.004796,0.199731
237,T237_UAV_11,HAP_1,HAP_0,381.971314,381.774277,0.035222,0.021868,0.199731
238,T238_UAV_10,HAP_1,LEO_1,331.876504,331.819165,0.001829,0.017151,0.191797
238,T238_UAV_16,BS_4,LEO_0,180.562276,180.503533,0.004182,0.009159,0.227009
238,T238_UAV_3,BS_3,HAP_2,150.532,150.462815,0.004618,0.013779,0.253942
238,T238_UAV_8,BS_4,LEO_1,442.278988,442.227408,0.002629,0.010591,0.191797
238,T238_UAV_4,BS_4,LEO_0,227.030571,226.966777,0.004651,0.013742,0.227009
238,T238_UAV_0,HAP_1,LEO_1,450.664636,450.61142,0.002644,0.012212,0.191797
238,T238_UAV_15,BS_4,HAP_2,194.175,194.095314,0.003717,0.02518,0.253942
238,T238_UAV_13,HAP_1,LEO_1,472.043954,471.984033,0.002468,0.019094,0.191797
238,T238_UAV_19,BS_3,LEO_1,508.727853,508.675424,0.002579,0.011491,0.191797
238,T238_UAV_6,HAP_1,LEO_1,510.012196,509.962799,0.002607,0.008432,0.191797
238,T238_UAV_5,BS_4,HAP_0,29.429606,29.179754,0.026252,0.015186,0.54207
238,T238_UAV_12,BS_4,BS_3,61.30676,61.086388,0.025254,0.032489,0.313149
238,T238_UAV_9,HAP_1,BS_0,85.609213,85.347617,0.031316,0.059927,0.351761
238,T238_UAV_2,HAP_1,LEO_0,111.263322,111.192473,0.003195,0.022253,0.227009
238,T238_UAV_14,BS_2,HAP_1,79.538336,79.30663,0.026581,0.039774,0.326758
238,T238_UAV_11,HAP_1,LEO_0,156.574174,156.516818,0.004686,0.007268,0.227009
238,T238_UAV_17,BS_3,LEO_1,352.069648,352.015858,0.001798,0.013632,0.191797
238,T238_UAV_1,BS_0,LEO_1,448.343443,448.275864,0.002635,0.026585,0.191797
239,T239_UAV_7,BS_4,LEO_1,79.862825,79.591984,0.040871,0.044089,0.429405
239,T239_UAV_4,BS_4,LEO_0,172.630778,172.570133,0.003534,0.004726,0.26192
239,T239_UAV_0,HAP_1,HAP_2,139.948346,139.878977,0.004474,0.005307,0.297937
239,T239_UAV_5,BS_4,HAP_0,198.961264,198.740572,0.031257,0.01563,0.369021
239,T239_UAV_2,HAP_1,LEO_0,217.877472,217.805556,0.006255,0.013277,0.26192
239,T239_UAV_13,HAP_1,LEO_1,133.564257,133.309439,0.041045,0.027891,0.429405
239,T239_UAV_15,BS_4,HAP_2,172.596934,172.518331,0.003307,0.015709,0.297937
239,T239_UAV_18,BS_3,BS_2,77.126693,76.899922,0.029205,0.041433,0.280665
239,T239_UAV_8,BS_4,BS_1,77.928779,77.673063,0.029399,0.064506,0.309058
239,T239_UAV_6,HAP_1,BS_4,85.320605,85.085744,0.031251,0.034095,0.347573
239,T239_UAV_9,HAP_1,HAP_1,50.09595,49.888764,0.025973,0.01238,0.344166
239,T239_UAV_1,BS_0,LEO_0,129.902833,129.827203,0.003708,0.019538,0.26192
239,T239_UAV_10,HAP_1,HAP_0,104.058061,103.840451,0.029244,0.014562,0.369021
239,T239_UAV_3,BS_3,BS_0,105.303098,105.031957,0.036235,0.048855,0.430255
239,T239_UAV_14,BS_2,LEO_0,234.92654,234.860884,0.006495,0.006777,0.26192
240,T240_UAV_4,BS_4,LEO_1,51.842106,51.614091,0.040618,0.017559,0.349188
240,T240_UAV_8,BS_4,HAP_0,150.73719,150.54675,0.028213,0.040712,0.10758
240,T240_UAV_5,BS_4,HAP_2,118.948374,118.763708,0.02774,0.006664,0.251308
240,T240_UAV_9,HAP_1,LEO_0,81.658764,81.574934,0.003181,0.005777,0.374359
240,T240_UAV_7,BS_4,HAP_0,204.49674,204.319255,0.029743,0.026226,0.10758
240,T240_UAV_13,HAP_1,LEO_1,123.203473,122.972987,0.040964,0.019683,0.349188
240,T240_UAV_10,HAP_1,LEO_0,126.664803,126.565887,0.006697,0.017347,0.374359
240,T240_UAV_3,BS_3,HAP_1,95.466125,95.187515,0.026459,0.081237,0.354571
240,T240_UAV_15,BS_4,BS_1,309.830568,309.572694,0.087345,0.035248,0.17641
240,T240_UAV_6,HAP_1,HAP_2,264.992948,264.801804,0.033244,0.007638,0.251308
240,T240_UAV_12,BS_4,BS_3,69.871084,69.640832,0.027392,0.051691,0.255849
240,T240_UAV_2,HAP_1,HAP_0,113.171783,113.005059,0.02831,0.016897,0.10758
240,T240_UAV_11,HAP_1,BS_4,86.102659,85.88215,0.03145,0.018856,0.351017
240,T240_UAV_0,HAP_1,BS_0,99.807699,99.531815,0.034861,0.067896,0.365636
240,T240_UAV_16,BS_4,HAP_2,107.974912,107.773485,0.027063,0.024103,0.251308
240,T240_UAV_19,HAP_1,HAP_0,145.142665,144.97363,0.02925,0.018268,0.10758
240,T240_UAV_17,BS_3,BS_1,189.948028,189.741861,0.057402,0.013483,0.17641
241,T241_UAV_8,BS_4,LEO_1,150.645508,150.570704,0.001101,0.02608,0.238117
241,T241_UAV_4,BS_4,LEO_0,304.621438,304.448396,0.044495,0.006818,0.108648
241,T241_UAV_5,BS_4,HAP_2,168.654515,168.59338,0.004451,0.016411,0.201363
241,T241_UAV_9,HAP_1,HAP_0,175.859742,175.627419,0.030767,0.045266,0.281454
241,T241_UAV_3,BS_3,LEO_1,235.036795,234.968006,0.001453,0.019713,0.238117
241,T241_UAV_2,HAP_1,LEO_0,417.387831,417.211916,0.048247,0.00594,0.108648
241,T241_UAV_13,HAP_1,LEO_0,433.430599,433.237841,0.049296,0.021732,0.108648
241,T241_UAV_15,BS_4,LEO_0,438.513682,438.327543,0.046651,0.017759,0.108648
241,T241_UAV_17,BS_3,HAP_2,61.120966,61.070063,0.002627,0.008004,0.201363
241,T241_UAV_11,HAP_1,LEO_1,102.991621,102.91188,0.000753,0.031364,0.238117
241,T241_UAV_10,HAP_1,BS_3,88.526953,88.282734,0.03205,0.064799,0.23685
241,T241_UAV_12,BS_4,HAP_0,93.846565,93.630276,0.027241,0.032756,0.281454
241,T241_UAV_19,HAP_1,LEO_0,159.827101,159.65008,0.043444,0.011848,0.108648
241,T241_UAV_0,HAP_1,LEO_0,187.668366,187.487557,0.043513,0.015566,0.108648
241,T241_UAV_14,BS_2,LEO_1,240.186381,240.129505,0.00145,0.007802,0.238117
241,T241_UAV_1,BS_0,LEO_0,258.181389,258.005846,0.04508,0.008733,0.108648
242,T242_UAV_17,BS_3,LEO_1,168.257462,168.180511,0.00103,0.023064,0.264286
242,T242_UAV_12,BS_4,LEO_0,87.997722,87.75353,0.043578,0.021226,0.396944
242,T242_UAV_8,BS_4,HAP_2,206.196107,206.110201,0.004296,0.02643,0.275898
242,T242_UAV_9,HAP_1,HAP_0,142.367025,142.170047,0.029676,0.020853,0.232246
242,T242_UAV_15,BS_4,LEO_1,191.02339,190.937142,0.001618,0.031772,0.264286
242,T242_UAV_0,HAP_1,LEO_0,127.666265,127.422586,0.045775,0.018515,0.396944
242,T242_UAV_5,BS_4,HAP_1,97.600199,97.373644,0.02679,0.02497,0.373978
242,T242_UAV_18,BS_3,LEO_1,205.414788,205.336944,0.00124,0.023747,0.264286
242,T242_UAV_13,HAP_1,HAP_2,84.715551,84.652865,0.002694,0.004812,0.275898
242,T242_UAV_6,HAP_1,HAP_0,57.094723,56.8782,0.027228,0.042846,0.232246
242,T242_UAV_1,BS_0,BS_1,60.793236,60.559047,0.025122,0.038084,0.354914
242,T242_UAV_4,BS_4,BS_3,62.251795,62.043522,0.025493,0.012481,0.351495
242,T242_UAV_16,BS_4,BS_4,103.189677,102.970641,0.03572,0.012756,0.352797
242,T242_UAV_3,BS_3,LEO_1,111.806755,111.747903,0.000691,0.005305,0.264286
242,T242_UAV_14,BS_2,BS_0,119.841132,119.549921,0.039863,0.072248,0.395503
242,T242_UAV_2,HAP_1,BS_2,120.573747,120.326361,0.040057,0.013685,0.468223
242,T242_UAV_19,HAP_1,HAP_2,142.421321,142.341284,0.004516,0.020341,0.275898
243,T243_UAV_18,BS_3,LEO_1,109.552202,109.46358,0.00072,0.012171,0.378655
243,T243_UAV_16,BS_4,HAP_0,271.871568,271.684768,0.029571,0.013717,0.217558
243,T243_UAV_11,HAP_1,LEO_0,106.261813,106.011479,0.045444,0.039751,0.325695
243,T243_UAV_4,BS_4,HAP_2,196.507074,196.419045,0.003749,0.012353,0.359634
243,T243_UAV_12,BS_4,HAP_0,356.131777,355.937118,0.031221,0.019927,0.217558
243,T243_UAV_15,BS_4,HAP_0,430.937631,430.726478,0.032607,0.035034,0.217558
243,T243_UAV_10,HAP_1,HAP_0,436.055751,435.868232,0.036326,0.007682,0.217558
243,T243_UAV_19,HAP_1,HAP_0,446.211741,446.014405,0.036334,0.01749,0.217558
243,T243_UAV_2,HAP_1,LEO_1,62.229366,62.1368,0.000483,0.016352,0.378655
243,T243_UAV_7,BS_4,LEO_0,49.682656,49.461531,0.041783,0.014203,0.325695
243,T243_UAV_5,BS_4,HAP_2,77.791467,77.705783,0.002044,0.011713,0.359634
243,T243_UAV_0,HAP_1,LEO_1,78.767931,78.686438,0.000626,0.005136,0.378655
243,T243_UAV_14,BS_2,BS_1,92.530453,92.297317,0.033053,0.037249,0.314169
243,T243_UAV_3,BS_3,HAP_1,53.129911,52.895054,0.025818,0.046899,0.310699
243,T243_UAV_1,BS_0,BS_3,193.365636,193.133218,0.058249,0.010773,0.316981
243,T243_UAV_9,HAP_1,HAP_0,342.43444,342.250144,0.032612,0.008173,0.217558
244,T244_UAV_15,BS_4,LEO_1,129.046833,128.879558,0.041004,0.004262,0.110043
244,T244_UAV_4,BS_4,HAP_2,141.1712,141.008563,0.027422,0.007691,0.13762
244,T244_UAV_17,BS_3,LEO_0,175.664285,175.45135,0.047844,0.019618,0.227369
244,T244_UAV_2,HAP_1,LEO_1,208.088675,207.905018,0.041366,0.020281,0.110043
244,T244_UAV_12,BS_4,HAP_0,93.770272,93.501556,0.027853,0.047574,0.466441
244,T244_UAV_9,HAP_1,LEO_0,187.961396,187.756734,0.045418,0.01377,0.227369
244,T244_UAV_7,BS_4,HAP_1,99.520969,99.288799,0.027318,0.037879,0.334872
244,T244_UAV_16,BS_4,HAP_2,221.514032,221.346835,0.02923,0.010443,0.13762
244,T244_UAV_8,BS_4,BS_1,50.465573,50.309207,0.022561,0.011942,0.109318
244,T244_UAV_5,BS_4,BS_3,50.845794,50.60666,0.022635,0.061441,0.275289
244,T244_UAV_0,HAP_1,LEO_1,86.679049,86.496141,0.04058,0.02032,0.110043
244,T244_UAV_6,HAP_1,LEO_0,56.082428,55.873495,0.042158,0.021302,0.227369
244,T244_UAV_18,BS_3,LEO_1,133.158978,132.990923,0.040757,0.005289,0.110043
244,T244_UAV_10,HAP_1,HAP_2,141.459046,141.280867,0.029448,0.021207,0.13762
244,T244_UAV_13,HAP_1,LEO_1,190.015529,189.831099,0.041121,0.021301,0.110043
245,T245_UAV_8,BS_4,LEO_1,142.683996,142.480661,0.041035,0.026031,0.181344
245,T245_UAV_15,BS_4,LEO_0,155.362726,155.28953,0.003981,0.032404,0.184053
245,T245_UAV_13,HAP_1,HAP_2,170.174964,170.118045,0.006465,0.006024,0.22215
245,T245_UAV_6,HAP_1,LEO_1,240.875261,240.67076,0.041489,0.026743,0.181344
245,T245_UAV_4,BS_4,LEO_0,51.648524,51.593396,0.001269,0.017048,0.184053
245,T245_UAV_19,HAP_1,HAP_0,45.220946,44.980132,0.027563,0.026064,0.435937
245,T245_UAV_5,BS_4,BS_1,77.145898,76.978392,0.029225,0.017253,0.105139
245,T245_UAV_2,HAP_1,HAP_2,138.417991,138.362466,0.004773,0.006322,0.22215
245,T245_UAV_0,HAP_1,LEO_1,191.662783,191.479649,0.041379,0.005486,0.181344
245,T245_UAV_1,BS_0,LEO_0,187.34956,187.298974,0.006589,0.007186,0.184053
245,T245_UAV_14,BS_2,LEO_1,254.578503,254.396152,0.04154,0.004541,0.181344
246,T246_UAV_8,BS_4,LEO_1,121.122795,121.073212,0.000971,0.005041,0.21786
246,T246_UAV_12,BS_4,LEO_0,113.142588,113.063768,0.004591,0.01921,0.275097
246,T246_UAV_5,BS_4,HAP_2,171.390336,171.308636,0.004482,0.011287,0.329659
246,T246_UAV_9,HAP_1,HAP_0,356.529991,356.319778,0.034056,0.036637,0.197602
246,T246_UAV_15,BS_4,HAP_0,366.712884,366.488755,0.032183,0.052425,0.197602
246,T246_UAV_0,HAP_1,BS_1,193.748225,193.526611,0.058347,0.025916,0.186754
246,T246_UAV_10,HAP_1,LEO_1,64.575718,64.514037,0.000467,0.017642,0.21786
246,T246_UAV_19,HAP_1,LEO_0,51.319296,51.251555,0.002812,0.00991,0.275097
246,T246_UAV_7,BS_4,LEO_1,82.943275,82.889662,0.000762,0.009279,0.21786
246,T246_UAV_3,BS_2,HAP_0,113.795822,113.618964,0.027855,0.009483,0.197602
246,T246_UAV_17,BS_3,HAP_1,56.407059,56.151085,0.026448,0.073965,0.277805
246,T246_UAV_6,HAP_1,HAP_2,125.310118,125.220102,0.004663,0.019421,0.329659
246,T246_UAV_1,BS_0,HAP_0,145.435633,145.247561,0.027865,0.020687,0.197602
247,T247_UAV_7,BS_4,LEO_1,108.121739,107.920387,0.04099,0.015465,0.224481
247,T247_UAV_12,BS_4,LEO_0,116.033708,115.952359,0.003466,0.010377,0.337527
247,T247_UAV_11,HAP_1,HAP_2,123.575204,123.389537,0.029659,0.01204,0.219845
247,T247_UAV_16,BS_4,HAP_0,141.05804,140.803079,0.028216,0.044113,0.413163
247,T247_UAV_19,HAP_1,LEO_1,154.539698,154.329873,0.041027,0.023902,0.224481
247,T247_UAV_2,HAP_1,LEO_0,161.101014,161.007678,0.005688,0.020143,0.337527
247,T247_UAV_15,BS_4,HAP_1,82.445161,82.195451,0.02734,0.056215,0.330775
247,T247_UAV_18,BS_3,HAP_2,178.089793,177.902376,0.030811,0.012638,0.219845
247,T247_UAV_10,HAP_1,HAP_0,197.27051,197.043156,0.033019,0.011703,0.413163
247,T247_UAV_0,HAP_1,LEO_1,50.744131,50.545252,0.0404,0.013583,0.224481
247,T247_UAV_17,BS_3,BS_1,83.273079,83.052038,0.030743,0.030135,0.300819
247,T247_UAV_14,BS_2,BS_2,86.730858,86.465562,0.031596,0.059599,0.370508
247,T247_UAV_4,BS_4,BS_4,88.877141,88.658454,0.032144,0.016212,0.351659
247,T247_UAV_8,BS_4,BS_3,103.007163,102.736339,0.035661,0.041561,0.468008
247,T247_UAV_9,HAP_1,BS_0,114.798235,114.491177,0.038598,0.071018,0.487209
247,T247_UAV_6,HAP_1,LEO_0,115.622574,115.535733,0.004481,0.014855,0.337527
248,T248_UAV_8,BS_4,LEO_1,148.048942,147.991512,0.001072,0.01218,0.220889
248,T248_UAV_4,BS_4,LEO_0,180.428824,180.228058,0.043664,0.020578,0.18262
248,T248_UAV_13,HAP_1,HAP_2,225.663413,225.611982,0.007206,0.00654,0.188423
248,T248_UAV_6,HAP_1,HAP_0,165.742076,165.530137,0.03155,0.037766,0.213119
248,T248_UAV_0,HAP_1,LEO_0,203.043807,202.83795,0.045433,0.023899,0.18262
248,T248_UAV_19,HAP_1,LEO_1,221.821124,221.760716,0.001359,0.014872,0.220889
248,T248_UAV_14,BS_2,HAP_1,176.439945,176.22315,0.02789,0.032345,0.282798
248,T248_UAV_5,BS_4,LEO_1,260.920176,260.863122,0.001951,0.010926,0.220889
248,T248_UAV_11,HAP_1,HAP_2,86.656033,86.604384,0.002749,0.011215,0.188423
248,T248_UAV_18,BS_3,BS_1,63.601624,63.417883,0.025837,0.018628,0.196385
248,T248_UAV_3,BS_2,HAP_0,67.307752,67.108794,0.027181,0.029153,0.213119
248,T248_UAV_15,BS_4,LEO_0,96.011964,95.82807,0.042034,0.005337,0.18262
248,T248_UAV_12,BS_4,LEO_0,105.000593,104.808251,0.042556,0.013261,0.18262
248,T248_UAV_2,HAP_1,LEO_1,182.047118,181.982868,0.001276,0.018796,0.220889
248,T248_UAV_10,HAP_1,HAP_1,142.985684,142.776279,0.026664,0.026182,0.282798
248,T248_UAV_1,BS_0,HAP_2,298.575282,298.520346,0.007691,0.00956,0.188423
249,T249_UAV_16,BS_4,LEO_1,110.322619,110.240112,0.000941,0.020264,0.306514
249,T249_UAV_15,BS_4,LEO_0,159.603126,159.546815,0.003395,0.007831,0.225422
249,T249_UAV_19,HAP_1,HAP_2,187.809013,187.615272,0.030996,0.017815,0.224651
249,T249_UAV_13,HAP_1,HAP_0,221.429665,221.217618,0.032437,0.033689,0.229606
249,T249_UAV_4,BS_4,LEO_1,151.803192,151.736,0.001528,0.004361,0.306514
249,T249_UAV_2,HAP_1,LEO_0,213.656095,213.594024,0.006104,0.010883,0.225422
249,T249_UAV_5,BS_4,HAP_1,85.308114,85.109703,0.026602,0.011524,0.301424
249,T249_UAV_17,BS_3,LEO_1,180.300236,180.214262,0.0012,0.023471,0.306514
249,T249_UAV_7,BS_4,BS_1,193.502219,193.382318,0.048321,0.030254,0.206631
249,T249_UAV_6,HAP_1,HAP_2,298.835592,298.646442,0.034373,0.009847,0.224651
249,T249_UAV_9,HAP_1,BS_0,58.656376,58.431104,0.02459,0.031176,0.347524
249,T249_UAV_18,BS_3,HAP_0,100.040688,99.819677,0.027922,0.047168,0.229606
249,T249_UAV_8,BS_4,LEO_0,95.860974,95.793686,0.002292,0.019912,0.225422
249,T249_UAV_1,BS_0,BS_4,83.281429,83.033053,0.030738,0.04316,0.372394
249,T249_UAV_11,HAP_1,BS_2,95.349563,95.060432,0.033743,0.072511,0.414388
249,T249_UAV_3,BS_2,BS_3,97.584611,97.336561,0.034312,0.021679,0.460294
249,T249_UAV_12,BS_4,LEO_0,110.727555,110.668096,0.0027,0.011675,0.225422
249,T249_UAV_10,HAP_1,HAP_2,142.416903,142.221797,0.029477,0.020699,0.224651
249,T249_UAV_14,BS_2,HAP_0,149.588813,149.375825,0.028861,0.038205,0.229606
250,T250_UAV_4,BS_4,LEO_0,115.645273,115.577168,0.003772,0.007278,0.285279
250,T250_UAV_15,BS_4,HAP_0,312.484463,312.308133,0.030752,0.018168,0.137049
250,T250_UAV_17,BS_3,LEO_1,131.640017,131.549659,0.000999,0.016602,0.363789
250,T250_UAV_14,BS_2,HAP_2,188.914616,188.734182,0.030503,0.008674,0.206289
250,T250_UAV_0,HAP_1,HAP_0,376.061764,375.871265,0.034595,0.028495,0.137049
250,T250_UAV_5,BS_4,HAP_0,423.843757,423.654193,0.034526,0.027628,0.137049
250,T250_UAV_13,HAP_1,LEO_0,64.201345,64.128103,0.003503,0.012683,0.285279
250,T250_UAV_2,HAP_1,LEO_1,73.090404,72.998786,0.000651,0.018209,0.363789
250,T250_UAV_3,BS_2,HAP_1,60.49931,60.265624,0.025954,0.030934,0.383994
250,T250_UAV_9,HAP_1,HAP_2,127.728403,127.541404,0.028419,0.017323,0.206289
250,T250_UAV_16,BS_4,HAP_0,306.466371,306.28404,0.030436,0.024486,0.137049
250,T250_UAV_18,BS_3,HAP_0,437.627728,437.441908,0.035674,0.022736,0.137049
251,T251_UAV_17,BS_3,LEO_1,150.209463,150.009022,0.040916,0.018191,0.20667
251,T251_UAV_7,BS_4,LEO_0,87.100736,87.01996,0.003133,0.004103,0.367702
251,T251_UAV_0,HAP_1,HAP_2,211.177704,210.968547,0.030676,0.021833,0.28324
251,T251_UAV_6,HAP_1,HAP_0,75.688755,75.441607,0.029312,0.043261,0.372878
251,T251_UAV_3,BS_2,LEO_1,224.758329,224.564401,0.041385,0.011209,0.20667
251,T251_UAV_10,HAP_1,LEO_0,117.808982,117.712885,0.006259,0.016298,0.367702
251,T251_UAV_15,BS_4,HAP_1,95.319014,95.086899,0.0277,0.050452,0.269817
251,T251_UAV_8,BS_4,BS_0,50.734389,50.516526,0.022613,0.038073,0.285888
251,T251_UAV_18,BS_3,HAP_2,94.275749,94.084026,0.027608,0.007466,0.28324
251,T251_UAV_13,HAP_1,LEO_1,89.151251,88.958311,0.040559,0.011047,0.20667
251,T251_UAV_19,HAP_1,BS_1,67.559822,67.351545,0.026819,0.017548,0.319551
251,T251_UAV_9,HAP_1,LEO_1,100.514989,100.314889,0.040793,0.017973,0.20667
251,T251_UAV_14,BS_2,BS_4,109.300278,109.050197,0.037239,0.041528,0.356569
251,T251_UAV_5,BS_4,HAP_2,136.283244,136.074416,0.028084,0.024097,0.28324
252,T252_UAV_12,BS_4,LEO_1,106.969812,106.764864,0.040849,0.01026,0.269193
252,T252_UAV_5,BS_4,LEO_0,144.292254,144.097372,0.043467,0.0139,0.187574
252,T252_UAV_0,HAP_1,HAP_2,84.036499,83.81573,0.028579,0.027876,0.321572
252,T252_UAV_15,BS_4,HAP_0,94.506947,94.28148,0.027906,0.024483,0.365389
252,T252_UAV_6,HAP_1,LEO_0,202.318034,202.120992,0.04632,0.013207,0.187574
252,T252_UAV_16,BS_4,LEO_1,186.68181,186.470863,0.04159,0.015518,0.269193
252,T252_UAV_8,BS_4,BS_1,162.243733,162.154507,0.040518,0.010945,0.188816
252,T252_UAV_11,HAP_1,LEO_0,228.650871,228.459024,0.046922,0.007411,0.187574
252,T252_UAV_7,BS_4,BS_0,57.115667,56.935035,0.024217,0.008635,0.2389
252,T252_UAV_13,HAP_1,BS_2,80.033907,79.770088,0.029923,0.077183,0.28357
252,T252_UAV_4,BS_4,HAP_1,98.730173,98.521801,0.027267,0.021922,0.295916
252,T252_UAV_9,HAP_1,LEO_1,151.748913,151.54756,0.04133,0.006183,0.269193
252,T252_UAV_17,BS_3,LEO_0,196.098908,195.899934,0.046971,0.014488,0.187574
252,T252_UAV_3,BS_2,HAP_1,161.256657,161.02548,0.027217,0.044777,0.295916
253,T253_UAV_7,BS_4,LEO_1,277.60017,277.541274,0.001887,0.018306,0.193517
253,T253_UAV_8,BS_4,LEO_0,163.984143,163.782889,0.043932,0.01489,0.212161
253,T253_UAV_9,HAP_1,HAP_0,223.818052,223.61065,0.031318,0.032937,0.21573
253,T253_UAV_11,HAP_1,HAP_2,78.03311,77.798884,0.029192,0.03149,0.367714
253,T253_UAV_15,BS_4,LEO_1,379.427136,379.380131,0.002615,0.005686,0.193517
253,T253_UAV_12,BS_4,LEO_0,222.295986,222.087982,0.045385,0.020187,0.212161
253,T253_UAV_10,HAP_1,LEO_1,410.609561,410.551622,0.002295,0.016941,0.193517
253,T253_UAV_0,HAP_1,BS_1,199.023957,198.901947,0.049701,0.012917,0.296963
253,T253_UAV_17,BS_3,LEO_1,418.651814,418.588153,0.002206,0.022751,0.193517
253,T253_UAV_16,BS_4,HAP_0,79.420926,79.215578,0.026617,0.035586,0.21573
253,T253_UAV_14,BS_2,LEO_0,89.367944,89.178517,0.04243,0.004564,0.212161
253,T253_UAV_19,HAP_1,BS_4,77.935036,77.671947,0.029398,0.06219,0.3575
253,T253_UAV_18,BS_3,LEO_0,105.839079,105.633428,0.043036,0.020183,0.212161
253,T253_UAV_13,HAP_1,HAP_0,126.119167,125.905329,0.029235,0.041457,0.21573
253,T253_UAV_2,HAP_1,LEO_1,177.390131,177.336087,0.001047,0.014294,0.193517
253,T253_UAV_3,BS_2,LEO_1,231.285847,231.230436,0.001228,0.01548,0.193517
253,T253_UAV_1,BS_0,LEO_1,437.813394,437.749405,0.00264,0.022646,0.193517
254,T254_UAV_16,BS_4,LEO_1,177.042766,176.830661,0.04136,0.014328,0.282087
254,T254_UAV_2,HAP_1,LEO_0,149.568519,149.504034,0.005262,0.016007,0.216078
254,T254_UAV_19,HAP_1,HAP_2,153.474822,153.411563,0.005886,0.006065,0.256538
254,T254_UAV_8,BS_4,HAP_0,161.222687,160.993568,0.02931,0.037207,0.313012
254,T254_UAV_13,HAP_1,LEO_1,219.126515,218.91011,0.041379,0.018608,0.282087
254,T254_UAV_12,BS_4,LEO_0,171.485878,171.424177,0.005074,0.013412,0.216078
254,T254_UAV_5,BS_4,HAP_1,89.403513,89.164028,0.026707,0.043688,0.345447
254,T254_UAV_18,BS_3,HAP_2,177.722042,177.628141,0.005752,0.036841,0.256538
254,T254_UAV_14,BS_2,BS_1,194.177696,193.954083,0.058454,0.007655,0.287516
254,T254_UAV_9,HAP_1,BS_3,75.043504,74.811142,0.028683,0.049442,0.271181
254,T254_UAV_4,BS_4,BS_2,76.1872,75.948847,0.028968,0.047273,0.310563
254,T254_UAV_6,HAP_1,BS_4,76.43286,76.17042,0.029023,0.062817,0.353003
254,T254_UAV_10,HAP_1,BS_0,93.492077,93.268249,0.033295,0.014351,0.380905
254,T254_UAV_7,BS_4,HAP_0,106.034875,105.813625,0.028023,0.030625,0.313012
254,T254_UAV_17,BS_3,LEO_1,214.866584,214.660719,0.041312,0.008136,0.282087
254,T254_UAV_3,BS_2,LEO_0,169.268621,169.215414,0.00574,0.004251,0.216078
254,T254_UAV_1,BS_0,LEO_1,245.618127,245.413409,0.04175,0.00655,0.282087
255,T255_UAV_12,BS_4,LEO_1,131.201632,131.138375,0.000952,0.017883,0.222109
255,T255_UAV_16,BS_4,LEO_0,132.972953,132.8874,0.003705,0.020183,0.308327
255,T255_UAV_2,HAP_1,HAP_0,177.911308,177.837607,0.005749,0.021106,0.234234
255,T255_UAV_13,HAP_1,HAP_2,211.706892,211.61988,0.006788,0.022353,0.289355
255,T255_UAV_8,BS_4,LEO_1,189.437395,189.374265,0.001361,0.017347,0.222109
255,T255_UAV_5,BS_4,LEO_0,184.968437,184.886022,0.005418,0.015332,0.308327
255,T255_UAV_15,BS_4,HAP_1,97.988715,97.751768,0.027769,0.045105,0.320368
255,T255_UAV_0,HAP_1,LEO_1,203.85173,203.792789,0.001468,0.01305,0.222109
255,T255_UAV_17,BS_3,HAP_0,246.148111,246.058563,0.008457,0.034244,0.234234
255,T255_UAV_3,BS_2,HAP_2,265.908354,265.825024,0.006906,0.018553,0.289355
255,T255_UAV_9,HAP_1,BS_1,187.540913,187.441043,0.046837,0.009766,0.216341
255,T255_UAV_1,BS_0,BS_3,58.212552,57.975607,0.024477,0.052533,0.299678
255,T255_UAV_19,HAP_1,BS_4,87.75727,87.534428,0.031863,0.01849,0.362444
255,T255_UAV_4,BS_4,BS_0,89.151755,88.904883,0.032205,0.038938,0.378647
255,T255_UAV_7,BS_4,BS_2,92.992578,92.763286,0.033169,0.018232,0.389453
255,T255_UAV_14,BS_2,LEO_0,113.873027,113.80199,0.003818,0.005553,0.308327
255,T255_UAV_6,HAP_1,LEO_1,155.863651,155.790763,0.000979,0.027488,0.222109
255,T255_UAV_10,HAP_1,HAP_2,176.397302,176.309245,0.005556,0.02463,0.289355
255,T255_UAV_18,BS_3,HAP_0,182.091233,182.017115,0.005306,0.021965,0.234234
256,T256_UAV_14,BS_2,LEO_1,306.396148,306.19261,0.041614,0.023548,0.191882
256,T256_UAV_11,HAP_1,LEO_0,115.129143,115.04095,0.005977,0.012776,0.347207
256,T256_UAV_0,HAP_1,LEO_1,341.968448,341.776153,0.042077,0.011842,0.191882
256,T256_UAV_12,BS_4,BS_1,298.289188,298.143243,0.074499,0.019608,0.259189
256,T256_UAV_6,HAP_1,LEO_1,389.611592,389.424433,0.042103,0.006679,0.191882
256,T256_UAV_7,BS_4,BS_2,363.545563,363.260667,0.10076,0.035079,0.245286
256,T256_UAV_5,BS_4,LEO_1,466.524488,466.332415,0.042945,0.010751,0.191882
256,T256_UAV_13,HAP_1,HAP_0,29.259066,29.172983,0.001705,0.019073,0.326525
256,T256_UAV_2,HAP_1,HAP_2,39.89929,39.679991,0.026873,0.030586,0.309198
256,T256_UAV_16,BS_4,LEO_0,66.016272,65.927227,0.002477,0.017127,0.347207
256,T256_UAV_4,BS_4,LEO_1,132.217431,132.020657,0.040969,0.017428,0.191882
256,T256_UAV_19,HAP_1,BS_1,115.217637,115.111986,0.028764,0.025049,0.259189
256,T256_UAV_1,BS_0,BS_2,171.816636,171.603801,0.05287,0.010908,0.245286
256,T256_UAV_17,BS_3,LEO_1,213.290877,213.08976,0.041122,0.021618,0.191882
256,T256_UAV_3,BS_2,LEO_1,236.135081,235.928423,0.041251,0.027031,0.191882
257,T257_UAV_12,BS_4,LEO_1,110.1702,109.951241,0.0408,0.026995,0.255824
257,T257_UAV_4,BS_4,LEO_0,119.757068,119.560523,0.042415,0.011584,0.212728
257,T257_UAV_8,BS_4,HAP_2,107.194625,106.982997,0.027572,0.023898,0.300789
257,T257_UAV_5,BS_4,HAP_0,107.330618,107.129747,0.028293,0.010691,0.309433
257,T257_UAV_13,HAP_1,LEO_1,153.746547,153.530169,0.040967,0.024246,0.255824
257,T257_UAV_2,HAP_1,LEO_0,164.116264,163.922174,0.044662,0.006883,0.212728
257,T257_UAV_3,BS_2,LEO_1,200.243573,200.036272,0.041232,0.014904,0.255824
257,T257_UAV_6,HAP_1,HAP_2,155.522391,155.320881,0.030845,0.010508,0.300789
257,T257_UAV_19,HAP_1,BS_2,157.600804,157.378026,0.049315,0.025337,0.240631
257,T257_UAV_15,BS_4,LEO_0,255.85674,255.663347,0.045482,0.005364,0.212728
257,T257_UAV_10,HAP_1,BS_1,52.586128,52.377285,0.023078,0.022174,0.317959
257,T257_UAV_7,BS_4,HAP_0,52.941585,52.715653,0.026493,0.037552,0.309433
257,T257_UAV_9,HAP_1,BS_4,54.487939,54.245253,0.023545,0.042757,0.38192
257,T257_UAV_16,BS_4,LEO_1,68.774,68.565832,0.040526,0.016476,0.255824
257,T257_UAV_17,BS_3,BS_3,72.602875,72.354757,0.02807,0.037006,0.415214
257,T257_UAV_11,HAP_1,BS_0,89.095794,88.847929,0.032191,0.027836,0.43919
257,T257_UAV_14,BS_2,HAP_1,108.683594,108.449442,0.026752,0.035715,0.358425
257,T257_UAV_0,HAP_1,LEO_0,136.99763,136.797082,0.043633,0.014369,0.212728
257,T257_UAV_1,BS_0,HAP_1,115.826266,115.592734,0.028037,0.03381,0.358425
258,T258_UAV_4,BS_4,LEO_1,77.462056,77.230162,0.040779,0.038791,0.26162
258,T258_UAV_0,HAP_1,LEO_0,157.789121,157.587545,0.04514,0.008627,0.239046
258,T258_UAV_8,BS_4,HAP_0,163.335079,163.264467,0.004376,0.025128,0.205537
258,T258_UAV_3,BS_2,HAP_2,169.84279,169.76657,0.005108,0.023528,0.237923
258,T258_UAV_10,HAP_1,LEO_1,178.554408,178.334256,0.041265,0.026563,0.26162
258,T258_UAV_13,HAP_1,LEO_0,180.512139,180.306044,0.047142,0.011143,0.239046
258,T258_UAV_17,BS_3,HAP_0,193.589949,193.514131,0.008009,0.026701,0.205537
258,T258_UAV_15,BS_4,HAP_2,51.447042,51.389714,0.001006,0.008737,0.237923
258,T258_UAV_12,BS_4,BS_1,51.908287,51.828104,0.012951,0.018337,0.244471
258,T258_UAV_7,BS_4,BS_2,62.837636,62.644866,0.025643,0.018539,0.242939
258,T258_UAV_14,BS_2,BS_4,85.833091,85.577547,0.031374,0.053672,0.352492
258,T258_UAV_2,HAP_1,BS_3,87.31317,87.04317,0.03174,0.034724,0.517677
258,T258_UAV_19,HAP_1,BS_0,90.153032,89.900357,0.032454,0.013273,0.534741
258,T258_UAV_1,BS_0,HAP_1,62.401664,62.118264,0.027133,0.067768,0.442494
258,T258_UAV_6,HAP_1,LEO_1,126.728351,126.494996,0.04087,0.040161,0.26162
258,T258_UAV_18,BS_3,LEO_0,185.060533,184.861861,0.046534,0.00433,0.239046
259,T259_UAV_16,BS_4,LEO_1,157.839137,157.632799,0.041212,0.009503,0.278111
259,T259_UAV_5,BS_4,LEO_0,159.403811,159.338518,0.003808,0.01318,0.241526
259,T259_UAV_4,BS_4,HAP_2,134.482996,134.409474,0.002503,0.015888,0.275657
259,T259_UAV_0,HAP_1,HAP_0,145.818807,145.745624,0.005274,0.009849,0.290305
259,T259_UAV_6,HAP_1,LEO_1,203.668391,203.459653,0.041285,0.011831,0.278111
259,T259_UAV_15,BS_4,LEO_0,216.080406,216.020272,0.004645,0.007184,0.241526
259,T259_UAV_18,BS_3,HAP_1,170.557554,170.311899,0.027177,0.061907,0.282854
259,T259_UAV_10,HAP_1,HAP_2,173.747884,173.665391,0.006515,0.020847,0.275657
259,T259_UAV_2,HAP_1,HAP_0,180.529133,180.442352,0.006928,0.021792,0.290305
259,T259_UAV_7,BS_4,LEO_1,266.585692,266.367817,0.042179,0.020074,0.278111
259,T259_UAV_12,BS_4,BS_2,51.54331,51.348867,0.022821,0.015213,0.282045
259,T259_UAV_14,BS_2,BS_1,64.142762,63.936463,0.025966,0.013242,0.335453
259,T259_UAV_17,BS_3,LEO_0,127.256073,127.190537,0.004514,0.012716,0.241526
259,T259_UAV_13,HAP_1,BS_4,103.304041,103.083394,0.035748,0.01319,0.358547
259,T259_UAV_3,BS_2,LEO_1,146.775842,146.560105,0.040902,0.019213,0.278111
259,T259_UAV_11,HAP_1,LEO_0,153.368337,153.304459,0.004654,0.010918,0.241526
259,T259_UAV_19,HAP_1,HAP_1,139.502821,139.26303,0.026942,0.056279,0.282854
259,T259_UAV_1,BS_0,BS_0,197.754353,197.485509,0.059337,0.036054,0.367267
260,T260_UAV_16,BS_4,LEO_1,215.935486,215.722955,0.041454,0.015656,0.277105
260,T260_UAV_8,BS_4,LEO_0,92.394869,92.315963,0.003699,0.010434,0.323864
260,T260_UAV_2,HAP_1,HAP_0,147.959231,147.881348,0.005671,0.00547,0.33371
260,T260_UAV_12,BS_4,LEO_1,221.519864,221.317057,0.041426,0.00596,0.277105
260,T260_UAV_10,HAP_1,HAP_2,170.461945,170.369833,0.006392,0.014515,0.356026
260,T260_UAV_4,BS_4,LEO_0,114.539881,114.452934,0.003705,0.018469,0.323864
260,T260_UAV_0,HAP_1,BS_1,251.162013,251.031885,0.062727,0.017037,0.25182
260,T260_UAV_18,BS_3,BS_2,143.622807,143.411692,0.045825,0.02194,0.216753
260,T260_UAV_14,BS_2,LEO_1,362.993095,362.771444,0.041996,0.024234,0.277105
260,T260_UAV_19,HAP_1,HAP_0,192.891506,192.80646,0.00783,0.010475,0.33371
260,T260_UAV_5,BS_4,LEO_1,376.144403,375.939451,0.042492,0.00704,0.277105
260,T260_UAV_9,HAP_1,HAP_2,76.060722,75.969299,0.002069,0.018148,0.356026
260,T260_UAV_7,BS_4,HAP_1,51.473156,51.238346,0.026235,0.047939,0.303175
260,T260_UAV_17,BS_3,BS_4,111.160646,110.91919,0.037706,0.031487,0.361317
260,T260_UAV_13,HAP_1,LEO_1,134.53021,134.306554,0.040756,0.02748,0.277105
260,T260_UAV_6,HAP_1,BS_0,115.629575,115.367614,0.038817,0.047681,0.377318
260,T260_UAV_11,HAP_1,BS_1,200.21961,200.097287,0.049999,0.02196,0.25182
260,T260_UAV_3,BS_2,LEO_1,353.181035,352.941745,0.041946,0.041923,0.277105
261,T261_UAV_4,BS_4,LEO_1,68.068265,67.843578,0.040823,0.021477,0.311936
261,T261_UAV_8,BS_4,LEO_0,175.600229,175.410622,0.043671,0.008106,0.189149
261,T261_UAV_0,HAP_1,HAP_2,183.075259,182.911399,0.029854,0.005879,0.140636
261,T261_UAV_16,BS_4,HAP_0,248.240238,248.062948,0.029734,0.020775,0.133902
261,T261_UAV_2,HAP_1,LEO_1,85.383275,85.171382,0.040746,0.00876,0.311936
261,T261_UAV_15,BS_4,LEO_0,230.851412,230.645249,0.044322,0.02401,0.189149
261,T261_UAV_9,HAP_1,HAP_2,250.156149,249.983268,0.030933,0.01382,0.140636
261,T261_UAV_6,HAP_1,HAP_0,336.753055,336.574265,0.035069,0.016941,0.133902
261,T261_UAV_3,BS_2,LEO_0,282.472973,282.284553,0.04665,0.00394,0.189149
261,T261_UAV_18,BS_3,BS_2,188.059341,187.801589,0.056917,0.062821,0.190072
261,T261_UAV_19,HAP_1,BS_1,60.484749,60.244412,0.025044,0.025994,0.446497
261,T261_UAV_10,HAP_1,LEO_0,91.335248,91.149272,0.042414,0.005732,0.189149
261,T261_UAV_14,BS_2,BS_4,88.016983,87.779357,0.031924,0.035163,0.352695
261,T261_UAV_13,HAP_1,BS_3,100.990054,100.743798,0.035163,0.029817,0.406375
261,T261_UAV_1,BS_0,HAP_1,64.142096,63.916192,0.027182,0.031047,0.338378
261,T261_UAV_5,BS_4,HAP_2,134.985737,134.816112,0.028006,0.013492,0.140636
261,T261_UAV_11,HAP_1,HAP_0,180.914791,180.734617,0.030616,0.022778,0.133902
261,T261_UAV_12,BS_4,LEO_0,157.213215,157.020572,0.043257,0.011556,0.189149
261,T261_UAV_17,BS_3,HAP_0,278.833653,278.661178,0.033513,0.012181,0.133902
262,T262_UAV_7,BS_4,LEO_1,47.652555,47.389231,0.04051,0.045728,0.385431
262,T262_UAV_15,BS_4,LEO_0,51.228067,51.035115,0.041781,0.007901,0.216348
262,T262_UAV_4,BS_4,HAP_2,106.77579,106.569517,0.026973,0.026997,0.261519
262,T262_UAV_16,BS_4,HAP_0,139.405361,139.186019,0.028258,0.033104,0.289896
262,T262_UAV_11,HAP_1,LEO_1,122.902263,122.639266,0.04112,0.044791,0.385431
262,T262_UAV_10,HAP_1,LEO_0,125.700498,125.481816,0.046697,0.028715,0.216348
262,T262_UAV_5,BS_4,BS_2,65.355074,65.131063,0.026265,0.04204,0.278528
262,T262_UAV_8,BS_4,BS_1,66.182809,65.959032,0.026472,0.02301,0.371479
262,T262_UAV_6,HAP_1,BS_3,75.771745,75.56057,0.028871,0.015876,0.33214
262,T262_UAV_17,BS_3,HAP_2,78.097444,77.897262,0.028314,0.019564,0.261519
262,T262_UAV_13,HAP_1,HAP_0,100.629675,100.42804,0.029065,0.014591,0.289896
262,T262_UAV_14,BS_2,BS_0,101.635822,101.390361,0.035325,0.041106,0.345148
262,T262_UAV_1,BS_0,HAP_1,88.687354,88.399267,0.028013,0.057004,0.51535
263,T263_UAV_7,BS_4,LEO_1,347.853765,347.662102,0.042354,0.012094,0.186073
263,T263_UAV_5,BS_4,LEO_0,101.791146,101.568808,0.043981,0.023349,0.275038
263,T263_UAV_6,HAP_1,HAP_2,162.57483,162.508615,0.006158,0.019821,0.201184
263,T263_UAV_2,HAP_1,HAP_0,163.852413,163.644354,0.031246,0.021013,0.279
263,T263_UAV_15,BS_4,LEO_1,363.56884,363.364109,0.042479,0.025036,0.186073
263,T263_UAV_16,BS_4,LEO_0,124.143133,123.923365,0.044625,0.020135,0.275038
263,T263_UAV_9,HAP_1,LEO_1,392.519279,392.329082,0.042542,0.01044,0.186073
263,T263_UAV_8,BS_4,LEO_1,449.18202,448.966415,0.042698,0.035692,0.186073
263,T263_UAV_18,BS_3,HAP_2,67.467934,67.42001,0.002157,0.00553,0.201184
263,T263_UAV_12,BS_4,BS_1,82.653803,82.429597,0.030587,0.041339,0.261402
263,T263_UAV_3,BS_2,HAP_0,95.785781,95.574502,0.028049,0.02743,0.279
263,T263_UAV_17,BS_3,LEO_1,136.933434,136.747963,0.04072,0.007536,0.186073
263,T263_UAV_1,BS_0,HAP_1,52.616075,52.416354,0.026781,0.030029,0.214553
263,T263_UAV_0,HAP_1,BS_3,112.934604,112.717841,0.038155,0.015007,0.318005
263,T263_UAV_10,HAP_1,LEO_1,148.001244,147.78951,0.040814,0.033705,0.186073
263,T263_UAV_13,HAP_1,LEO_1,176.888362,176.702846,0.040955,0.007346,0.186073
264,T264_UAV_13,HAP_1,LEO_0,173.826478,173.629437,0.044732,0.015088,0.186106
264,T264_UAV_15,BS_4,LEO_1,93.525782,93.30759,0.041015,0.015059,0.310591
264,T264_UAV_12,BS_4,HAP_0,194.172741,193.969821,0.028936,0.033146,0.204188
264,T264_UAV_7,BS_4,HAP_2,231.770551,231.580366,0.02954,0.011839,0.244033
264,T264_UAV_17,BS_3,LEO_0,272.36545,272.163268,0.048166,0.016795,0.186106
264,T264_UAV_2,HAP_1,LEO_1,121.004807,120.763299,0.041053,0.038337,0.310591
264,T264_UAV_5,BS_4,BS_1,373.902441,373.753397,0.093392,0.019298,0.181773
264,T264_UAV_6,HAP_1,HAP_0,281.711489,281.512521,0.034501,0.02363,0.204188
264,T264_UAV_10,HAP_1,HAP_2,283.768094,283.558536,0.033936,0.026815,0.244033
264,T264_UAV_4,BS_4,LEO_0,318.591464,318.392435,0.045598,0.01621,0.186106
264,T264_UAV_0,HAP_1,BS_4,82.774447,82.533653,0.030613,0.039797,0.35192
264,T264_UAV_11,HAP_1,BS_2,94.324782,94.096396,0.033502,0.012938,0.409731
264,T264_UAV_3,BS_2,LEO_0,114.606267,114.404846,0.042689,0.021511,0.186106
264,T264_UAV_8,BS_4,BS_0,101.670145,101.420626,0.035332,0.030325,0.419308
264,T264_UAV_9,HAP_1,LEO_0,120.753705,120.55617,0.04253,0.017784,0.186106
264,T264_UAV_19,HAP_1,HAP_0,143.2913,143.10479,0.029861,0.015811,0.204188
264,T264_UAV_1,BS_0,HAP_2,196.239387,196.056036,0.029974,0.004571,0.244033
264,T264_UAV_18,BS_3,BS_1,311.235993,311.100465,0.077736,0.021437,0.181773
265,T265_UAV_14,BS_2,LEO_1,110.584986,110.367248,0.040742,0.020366,0.283149
265,T265_UAV_5,BS_4,LEO_0,85.759114,85.500884,0.043341,0.037748,0.385702
265,T265_UAV_10,HAP_1,HAP_2,129.785314,129.593356,0.029859,0.005675,0.282119
265,T265_UAV_17,BS_3,HAP_0,88.305879,88.084309,0.030297,0.027113,0.320802
265,T265_UAV_7,BS_4,LEO_1,174.786879,174.573688,0.041589,0.014972,0.283149
265,T265_UAV_15,BS_4,BS_3,706.813539,706.435667,0.186511,0.052127,0.196168
265,T265_UAV_0,HAP_1,LEO_0,132.128689,131.875617,0.045835,0.030097,0.385702
265,T265_UAV_8,BS_4,BS_3,740.640899,740.293689,0.194971,0.013005,0.196168
265,T265_UAV_1,BS_0,HAP_2,88.594558,88.402911,0.027593,0.00763,0.282119
265,T265_UAV_11,HAP_1,LEO_1,102.257564,102.034926,0.040797,0.025211,0.283149
265,T265_UAV_18,BS_3,HAP_1,78.751617,78.502956,0.026151,0.062628,0.29941
265,T265_UAV_12,BS_4,BS_3,524.264195,523.931078,0.140907,0.052977,0.196168
265,T265_UAV_13,HAP_1,BS_3,585.155712,584.84373,0.156128,0.01662,0.196168
265,T265_UAV_3,BS_2,BS_3,602.523107,602.207217,0.160467,0.01619,0.196168
265,T265_UAV_2,HAP_1,BS_3,611.069046,610.68961,0.162586,0.077616,0.196168
266,T266_UAV_8,BS_4,LEO_1,134.033059,133.983039,0.000949,0.008483,0.202942
266,T266_UAV_5,BS_4,LEO_0,181.369833,181.157114,0.044291,0.024391,0.220186
266,T266_UAV_11,HAP_1,HAP_2,373.251423,373.17321,0.009745,0.028971,0.197486
266,T266_UAV_16,BS_4,HAP_0,248.686602,248.480874,0.030175,0.030377,0.225877
266,T266_UAV_15,BS_4,LEO_1,237.450497,237.400316,0.001951,0.007642,0.202942
266,T266_UAV_0,HAP_1,LEO_0,265.286014,265.077453,0.046989,0.017534,0.220186
266,T266_UAV_10,HAP_1,HAP_2,397.246303,397.190706,0.010336,0.005764,0.197486
266,T266_UAV_18,BS_3,HAP_2,475.70472,475.648903,0.010914,0.005405,0.197486
266,T266_UAV_17,BS_3,LEO_1,77.740929,77.659172,0.000475,0.040694,0.202942
266,T266_UAV_7,BS_4,BS_3,59.671787,59.457598,0.024847,0.035987,0.266777
266,T266_UAV_4,BS_4,HAP_0,108.12992,107.938181,0.027388,0.019177,0.225877
266,T266_UAV_3,BS_2,LEO_0,108.555363,108.352877,0.042964,0.015485,0.220186
266,T266_UAV_14,BS_2,LEO_1,113.516652,113.439795,0.000702,0.035567,0.202942
266,T266_UAV_19,HAP_1,HAP_2,163.376805,163.322466,0.004373,0.01047,0.197486
266,T266_UAV_9,HAP_1,LEO_0,169.840041,169.628929,0.044132,0.022943,0.220186
266,T266_UAV_1,BS_0,HAP_0,240.440787,240.240097,0.030136,0.025379,0.225877
266,T266_UAV_2,HAP_1,HAP_2,349.391459,349.314986,0.008368,0.028608,0.197486
267,T267_UAV_15,BS_4,LEO_1,97.916151,97.708223,0.040893,0.019854,0.235902
267,T267_UAV_16,BS_4,LEO_0,207.342031,207.281926,0.003666,0.018773,0.188329
267,T267_UAV_2,HAP_1,HAP_0,131.288942,131.073899,0.029976,0.038879,0.230943
267,T267_UAV_8,BS_4,LEO_0,217.751808,217.696392,0.004097,0.013654,0.188329
267,T267_UAV_7,BS_4,LEO_1,145.339468,145.136041,0.041321,0.014925,0.235902
267,T267_UAV_18,BS_3,HAP_0,145.383071,145.177334,0.029924,0.029625,0.230943
267,T267_UAV_6,HAP_1,LEO_0,324.97048,324.919654,0.007699,0.00546,0.188329
267,T267_UAV_9,HAP_1,LEO_0,328.378874,328.316316,0.006186,0.018707,0.188329
267,T267_UAV_5,BS_4,HAP_2,30.438964,30.207597,0.025983,0.027829,0.38778
267,T267_UAV_0,HAP_1,BS_3,50.323219,50.11679,0.022513,0.041577,0.211694
267,T267_UAV_4,BS_4,BS_1,52.000045,51.808067,0.022936,0.012095,0.284741
267,T267_UAV_19,HAP_1,BS_2,88.723661,88.471605,0.032097,0.063175,0.283924
267,T267_UAV_17,BS_3,LEO_0,115.546492,115.472919,0.003043,0.032863,0.188329
267,T267_UAV_1,BS_0,HAP_1,77.975224,77.746127,0.027623,0.032104,0.346847
267,T267_UAV_3,BS_2,LEO_1,151.247353,151.025306,0.041012,0.033854,0.235902
267,T267_UAV_13,HAP_1,LEO_0,175.901854,175.841331,0.00424,0.018618,0.188329
268,T268_UAV_16,BS_4,LEO_1,187.018986,186.960862,0.001339,0.016102,0.203411
268,T268_UAV_15,BS_4,HAP_0,357.776962,357.720663,0.006229,0.010484,0.197933
268,T268_UAV_11,HAP_1,LEO_1,308.931683,308.879594,0.002037,0.00937,0.203411
268,T268_UAV_19,HAP_1,HAP_0,485.10828,485.028313,0.012671,0.027709,0.197933
268,T268_UAV_5,BS_4,BS_1,371.579887,371.314106,0.102772,0.035768,0.136207
268,T268_UAV_12,BS_4,HAP_0,569.695135,569.637308,0.009596,0.008645,0.197933
268,T268_UAV_10,HAP_1,LEO_0,28.339603,28.106623,0.042731,0.022861,0.336938
268,T268_UAV_3,BS_2,HAP_2,43.776821,43.55319,0.026744,0.016359,0.402639
268,T268_UAV_7,BS_4,LEO_1,158.015551,157.946364,0.001194,0.027311,0.203411
268,T268_UAV_2,HAP_1,HAP_0,216.686104,216.636294,0.00534,0.004883,0.197933
268,T268_UAV_0,HAP_1,BS_1,154.412426,154.214069,0.048524,0.022592,0.136207
268,T268_UAV_6,HAP_1,HAP_0,245.216295,245.157504,0.006368,0.012836,0.197933
268,T268_UAV_18,BS_3,LEO_1,273.007224,272.947543,0.001564,0.017435,0.203411
268,T268_UAV_1,BS_0,LEO_1,274.773466,274.706597,0.001812,0.024375,0.203411
268,T268_UAV_4,BS_4,HAP_0,285.527309,285.461002,0.005199,0.021521,0.197933
269,T269_UAV_3,BS_2,LEO_1,149.737747,149.675172,0.001005,0.007435,0.270678
269,T269_UAV_17,BS_3,LEO_0,101.429495,101.189764,0.04623,0.018335,0.375827
269,T269_UAV_9,HAP_1,HAP_2,159.433576,159.239788,0.029395,0.010134,0.271293
269,T269_UAV_12,BS_4,HAP_0,173.266384,173.0191,0.028924,0.036235,0.410623
269,T269_UAV_10,HAP_1,LEO_1,179.478113,179.393609,0.00125,0.029118,0.270678
269,T269_UAV_0,HAP_1,LEO_0,36.556328,36.306267,0.041595,0.033301,0.375827
269,T269_UAV_18,BS_3,LEO_1,58.753703,58.693396,0.000389,0.005782,0.270678
269,T269_UAV_8,BS_4,BS_3,64.285982,64.060474,0.025997,0.040663,0.294234
269,T269_UAV_6,HAP_1,HAP_2,73.930802,73.727752,0.027807,0.020984,0.271293
269,T269_UAV_14,BS_2,BS_1,95.606119,95.361559,0.033818,0.040265,0.352383
269,T269_UAV_2,HAP_1,HAP_1,67.158394,66.949361,0.02552,0.014628,0.344423
269,T269_UAV_1,BS_0,HAP_0,160.185903,159.949679,0.02888,0.025219,0.410623
270,T270_UAV_7,BS_4,LEO_1,86.632518,86.528877,0.000935,0.027127,0.377898
270,T270_UAV_10,HAP_1,LEO_0,212.418057,212.211743,0.045645,0.020914,0.198774
270,T270_UAV_5,BS_4,HAP_2,247.20483,247.141656,0.005431,0.0112,0.232717
270,T270_UAV_12,BS_4,HAP_0,83.402762,83.181053,0.027387,0.022179,0.36072
270,T270_UAV_6,HAP_1,LEO_0,245.732861,245.520938,0.046589,0.025579,0.198774
270,T270_UAV_15,BS_4,LEO_1,114.173621,114.076124,0.001232,0.020685,0.377898
270,T270_UAV_3,BS_2,HAP_1,288.7093,288.472113,0.028843,0.053425,0.274595
270,T270_UAV_8,BS_4,BS_1,153.58071,153.385202,0.048317,0.021339,0.129262
270,T270_UAV_13,HAP_1,HAP_2,292.412573,292.334553,0.009463,0.022013,0.232717
270,T270_UAV_18,BS_3,BS_2,72.190215,71.968064,0.027973,0.037794,0.281919
270,T270_UAV_0,HAP_1,LEO_0,124.914741,124.726471,0.042818,0.005697,0.198774
270,T270_UAV_4,BS_4,LEO_0,131.587654,131.38405,0.042307,0.021542,0.198774
270,T270_UAV_19,HAP_1,HAP_2,149.73143,149.658324,0.004899,0.021663,0.232717
270,T270_UAV_14,BS_2,HAP_1,151.66932,151.435935,0.027197,0.051269,0.274595
270,T270_UAV_9,HAP_1,LEO_0,163.469232,163.267062,0.043454,0.018962,0.198774
270,T270_UAV_1,BS_0,HAP_1,295.377517,295.177731,0.031654,0.013213,0.274595
271,T271_UAV_8,BS_4,LEO_1,78.478546,78.246784,0.040701,0.028148,0.314564
271,T271_UAV_7,BS_4,LEO_0,115.697769,115.496631,0.043066,0.006691,0.2569
271,T271_UAV_17,BS_3,HAP_2,125.445525,125.253561,0.030311,0.019237,0.212082
271,T271_UAV_9,HAP_1,HAP_0,92.729311,92.507755,0.029293,0.018218,0.370225
271,T271_UAV_13,HAP_1,LEO_0,168.287385,168.052507,0.046713,0.036785,0.2569
271,T271_UAV_5,BS_4,HAP_1,94.161111,93.943774,0.0269,0.034942,0.277476
271,T271_UAV_11,HAP_1,BS_1,944.04915,943.667701,0.245789,0.007189,0.142353
271,T271_UAV_19,HAP_1,HAP_2,193.967108,193.784254,0.032592,0.007845,0.212082
271,T271_UAV_3,BS_2,BS_1,982.778628,982.374494,0.255461,0.020203,0.142353
271,T271_UAV_18,BS_3,BS_3,76.612801,76.396597,0.02908,0.030356,0.283844
271,T271_UAV_0,HAP_1,LEO_0,103.80894,103.607679,0.043337,0.006544,0.2569
271,T271_UAV_14,BS_2,LEO_1,128.992351,128.774906,0.040996,0.013537,0.314564
271,T271_UAV_2,HAP_1,BS_1,374.599156,374.335105,0.103527,0.032054,0.142353
271,T271_UAV_12,BS_4,BS_1,426.650141,426.386124,0.116533,0.019013,0.142353
271,T271_UAV_10,HAP_1,BS_1,635.899533,635.58587,0.168807,0.016385,0.142353
272,T272_UAV_15,BS_4,LEO_1,146.670917,146.614406,0.001197,0.013879,0.207175
272,T272_UAV_12,BS_4,LEO_0,191.486073,191.422678,0.00453,0.020786,0.190391
272,T272_UAV_10,HAP_1,HAP_2,146.672179,146.622985,0.005506,0.007006,0.183408
272,T272_UAV_8,BS_4,HAP_0,158.090397,157.925447,0.02924,0.006286,0.147117
272,T272_UAV_5,BS_4,LEO_0,235.726821,235.675214,0.00555,0.007979,0.190391
272,T272_UAV_18,BS_3,LEO_1,252.992143,252.922579,0.001542,0.026587,0.207175
272,T272_UAV_0,HAP_1,LEO_1,255.189966,255.140368,0.001852,0.006311,0.207175
272,T272_UAV_3,BS_2,HAP_2,62.622413,62.572154,0.001857,0.011721,0.183408
272,T272_UAV_4,BS_4,HAP_0,71.079202,70.88739,0.02679,0.035598,0.147117
272,T272_UAV_19,HAP_1,BS_1,83.569662,83.294473,0.030803,0.054099,0.451432
272,T272_UAV_6,HAP_1,HAP_1,57.147788,56.93707,0.025826,0.018299,0.332965
272,T272_UAV_13,HAP_1,LEO_0,154.870096,154.807928,0.00498,0.01911,0.190391
272,T272_UAV_1,BS_0,LEO_0,219.729975,219.677544,0.00616,0.008193,0.190391
272,T272_UAV_17,BS_3,LEO_1,246.597528,246.530208,0.001506,0.024379,0.207175
273,T273_UAV_7,BS_4,LEO_1,159.335104,159.117215,0.04145,0.016924,0.297573
273,T273_UAV_19,HAP_1,HAP_2,481.282143,481.085335,0.037163,0.023038,0.183029
273,T273_UAV_8,BS_4,HAP_0,174.381381,174.167052,0.029678,0.03248,0.260855
273,T273_UAV_9,HAP_1,LEO_1,185.213007,184.996996,0.041564,0.014933,0.297573
273,T273_UAV_13,HAP_1,HAP_2,527.322611,527.141515,0.03819,0.0063,0.183029
273,T273_UAV_2,HAP_1,HAP_0,186.284387,186.072946,0.032009,0.027261,0.260855
273,T273_UAV_11,HAP_1,BS_0,197.925019,197.692766,0.059388,0.028818,0.220231
273,T273_UAV_14,BS_2,HAP_2,540.393197,540.19993,0.035794,0.020867,0.183029
273,T273_UAV_4,BS_4,HAP_2,557.534282,557.353635,0.033004,0.011037,0.183029
273,T273_UAV_16,BS_4,LEO_0,49.367136,49.267834,0.00183,0.033547,0.319624
273,T273_UAV_10,HAP_1,LEO_0,78.62966,78.531305,0.004218,0.030213,0.319624
273,T273_UAV_3,BS_2,HAP_1,77.650743,77.45487,0.026315,0.014735,0.274114
273,T273_UAV_18,BS_3,LEO_1,180.022934,179.817122,0.041192,0.005105,0.297573
273,T273_UAV_6,HAP_1,HAP_2,235.583688,235.406148,0.030839,0.010095,0.183029
273,T273_UAV_12,BS_4,HAP_2,266.391438,266.202062,0.029406,0.023364,0.183029
274,T274_UAV_16,BS_4,LEO_1,262.520767,262.473941,0.001634,0.007686,0.187529
274,T274_UAV_15,BS_4,LEO_0,139.950615,139.746915,0.043697,0.011794,0.241042
274,T274_UAV_7,BS_4,LEO_1,262.704179,262.643368,0.00171,0.021595,0.187529
274,T274_UAV_9,HAP_1,HAP_0,161.2686,161.070797,0.030411,0.023744,0.218237
274,T274_UAV_13,HAP_1,LEO_1,340.195579,340.14021,0.001764,0.0161,0.187529
274,T274_UAV_17,BS_3,LEO_0,185.152097,184.931293,0.048124,0.024472,0.241042
274,T274_UAV_19,HAP_1,HAP_0,194.609782,194.41478,0.03305,0.018304,0.218237
274,T274_UAV_8,BS_4,LEO_1,510.272793,510.205901,0.002915,0.026472,0.187529
274,T274_UAV_3,BS_2,HAP_2,33.295181,33.068404,0.026314,0.008609,0.459268
274,T274_UAV_6,HAP_1,BS_3,69.483193,69.276911,0.027301,0.026937,0.260221
274,T274_UAV_5,BS_4,LEO_1,149.731563,149.667022,0.00092,0.026115,0.187529
274,T274_UAV_10,HAP_1,LEO_0,115.958278,115.75883,0.044486,0.006754,0.241042
274,T274_UAV_18,BS_3,HAP_1,75.815263,75.607313,0.026114,0.01629,0.327731
274,T274_UAV_12,BS_4,LEO_1,221.813061,221.761971,0.001344,0.01224,0.187529
274,T274_UAV_11,HAP_1,LEO_1,300.393165,300.321648,0.001719,0.032293,0.187529
274,T274_UAV_1,BS_0,LEO_1,472.760562,472.69769,0.002717,0.022649,0.187529
275,T275_UAV_5,BS_4,LEO_1,70.795428,70.559035,0.0407,0.016691,0.395009
275,T275_UAV_15,BS_4,LEO_0,284.348585,284.289069,0.004448,0.015372,0.19848
275,T275_UAV_9,HAP_1,HAP_0,229.114657,228.914794,0.031547,0.020321,0.239975
275,T275_UAV_13,HAP_1,HAP_2,88.096351,87.871312,0.029873,0.018435,0.383652
275,T275_UAV_12,BS_4,LEO_0,296.674211,296.613306,0.004948,0.016261,0.19848
275,T275_UAV_16,BS_4,LEO_0,395.039124,394.987061,0.006372,0.005996,0.19848
275,T275_UAV_10,HAP_1,LEO_0,413.136775,413.059096,0.008804,0.029179,0.19848
275,T275_UAV_2,HAP_1,LEO_0,414.285926,414.21775,0.008078,0.020402,0.19848
275,T275_UAV_8,BS_4,LEO_0,446.334194,446.270481,0.007718,0.016299,0.19848
275,T275_UAV_14,BS_2,LEO_1,52.030319,51.766527,0.040402,0.044387,0.395009
275,T275_UAV_4,BS_4,BS_1,104.391714,104.189865,0.036024,0.021142,0.223413
275,T275_UAV_1,BS_0,HAP_0,158.145121,157.939465,0.028374,0.029287,0.239975
275,T275_UAV_19,HAP_1,LEO_0,168.751863,168.692661,0.003706,0.0158,0.19848
275,T275_UAV_6,HAP_1,HAP_0,217.417087,217.207364,0.032436,0.029293,0.239975
276,T276_UAV_15,BS_4,LEO_1,52.936132,52.684525,0.040563,0.027208,0.419182
276,T276_UAV_11,HAP_1,LEO_0,91.628986,91.385079,0.04476,0.014781,0.421833
276,T276_UAV_0,HAP_1,HAP_0,198.398518,198.179944,0.032008,0.040649,0.229589
276,T276_UAV_6,HAP_1,BS_1,1104.040488,1103.588751,0.285749,0.029285,0.183513
276,T276_UAV_8,BS_4,BS_1,1173.774779,1173.310687,0.303171,0.024218,0.183513
276,T276_UAV_4,BS_4,BS_1,1549.65207,1549.085976,0.397068,0.032324,0.183513
276,T276_UAV_3,BS_2,BS_1,1754.742066,1754.140401,0.448306,0.016657,0.183513
276,T276_UAV_13,HAP_1,HAP_2,50.632423,50.414917,0.026953,0.031983,0.292846
276,T276_UAV_16,BS_4,LEO_1,37.56784,37.332175,0.040377,0.011452,0.419182
276,T276_UAV_12,BS_4,HAP_0,65.033634,64.842511,0.026449,0.018756,0.229589
276,T276_UAV_2,HAP_1,HAP_2,74.914073,74.705781,0.027486,0.022236,0.292846
276,T276_UAV_1,BS_0,LEO_0,121.286018,121.049192,0.045723,0.006736,0.421833
276,T276_UAV_5,BS_4,BS_1,518.069831,517.771032,0.139368,0.022729,0.183513
276,T276_UAV_9,HAP_1,BS_1,745.502117,745.142478,0.196183,0.026754,0.183513
276,T276_UAV_10,HAP_1,BS_1,1048.968613,1048.533135,0.271992,0.026784,0.183513
276,T276_UAV_17,BS_3,BS_1,1107.579126,1107.135514,0.286636,0.020274,0.183513
276,T276_UAV_14,BS_2,BS_1,1201.101263,1200.633368,0.309998,0.021194,0.183513
277,T277_UAV_11,HAP_1,LEO_1,120.869988,120.664192,0.040925,0.021902,0.214846
277,T277_UAV_16,BS_4,LEO_0,153.998076,153.784316,0.044228,0.009563,0.299837
277,T277_UAV_15,BS_4,HAP_0,177.864657,177.786194,0.003708,0.0367,0.190274
277,T277_UAV_3,BS_2,HAP_2,141.402834,141.215575,0.029168,0.025194,0.164484
277,T277_UAV_12,BS_4,LEO_1,173.994318,173.782141,0.04145,0.027757,0.214846
277,T277_UAV_19,HAP_1,LEO_0,180.073746,179.833956,0.047219,0.032604,0.299837
277,T277_UAV_5,BS_4,HAP_1,98.829715,98.586453,0.027031,0.046023,0.351039
277,T277_UAV_10,HAP_1,HAP_0,299.87327,299.788607,0.010013,0.036594,0.190274
277,T277_UAV_7,BS_4,BS_0,67.91886,67.705745,0.026908,0.02638,0.299133
277,T277_UAV_0,HAP_1,HAP_2,74.339982,74.153471,0.027233,0.026381,0.164484
277,T277_UAV_9,HAP_1,BS_4,75.578943,75.32373,0.028812,0.055887,0.352576
277,T277_UAV_2,HAP_1,BS_2,101.859562,101.608947,0.03538,0.035003,0.401161
277,T277_UAV_6,HAP_1,LEO_1,107.092767,106.874753,0.040759,0.034285,0.214846
277,T277_UAV_18,BS_3,LEO_0,113.60124,113.37362,0.043929,0.023725,0.299837
277,T277_UAV_1,BS_0,BS_3,156.370976,156.101808,0.048996,0.034967,0.426023
277,T277_UAV_14,BS_2,HAP_0,197.496429,197.41772,0.005118,0.035536,0.190274
278,T278_UAV_4,BS_4,LEO_1,199.034594,198.840279,0.041543,0.013596,0.195883
278,T278_UAV_15,BS_4,LEO_0,103.517746,103.444486,0.002753,0.026615,0.219461
278,T278_UAV_7,BS_4,HAP_2,117.965876,117.900777,0.002526,0.012606,0.249834
278,T278_UAV_19,HAP_1,LEO_1,201.845404,201.650585,0.04114,0.014503,0.195883
278,T278_UAV_10,HAP_1,HAP_0,143.544828,143.457469,0.005743,0.024369,0.286236
278,T278_UAV_14,BS_2,LEO_0,149.663811,149.593599,0.004908,0.021412,0.219461
278,T278_UAV_11,HAP_1,HAP_2,180.60711,180.518487,0.006775,0.031881,0.249834
278,T278_UAV_12,BS_4,LEO_1,398.595761,398.387936,0.042641,0.026007,0.195883
278,T278_UAV_16,BS_4,HAP_0,59.648887,59.570461,0.001434,0.019745,0.286236
278,T278_UAV_2,HAP_1,BS_0,75.738983,75.527573,0.028862,0.028728,0.269098
278,T278_UAV_9,HAP_1,BS_4,83.324734,83.056601,0.030744,0.066773,0.353083
278,T278_UAV_13,HAP_1,BS_2,83.827984,83.601294,0.03088,0.012855,0.414776
278,T278_UAV_8,BS_4,LEO_1,125.851211,125.64182,0.040772,0.029443,0.195883
278,T278_UAV_3,BS_2,HAP_1,71.005765,70.783531,0.026219,0.024258,0.358786
278,T278_UAV_18,BS_3,LEO_1,173.365045,173.147119,0.04095,0.0378,0.195883
278,T278_UAV_1,BS_0,LEO_0,172.740105,172.673262,0.005949,0.017001,0.219461
278,T278_UAV_0,HAP_1,LEO_1,185.185775,184.995825,0.041185,0.009588,0.195883
279,T279_UAV_19,HAP_1,LEO_1,135.43159,135.177737,0.040933,0.04462,0.3415
279,T279_UAV_7,BS_4,LEO_0,144.073648,144.006149,0.003819,0.007001,0.283396
279,T279_UAV_12,BS_4,HAP_0,158.263025,158.065095,0.028516,0.022642,0.233857
279,T279_UAV_10,HAP_1,HAP_2,166.651858,166.448285,0.031251,0.026155,0.230839
279,T279_UAV_0,HAP_1,LEO_0,182.345401,182.259892,0.005836,0.022993,0.283396
279,T279_UAV_5,BS_4,LEO_1,193.624914,193.385042,0.041642,0.02993,0.3415
279,T279_UAV_13,HAP_1,HAP_0,183.110592,182.911101,0.032447,0.020273,0.233857
279,T279_UAV_6,HAP_1,HAP_2,187.6384,187.433748,0.032218,0.026266,0.230839
279,T279_UAV_8,BS_4,BS_1,58.083359,57.885158,0.024454,0.016437,0.286554
279,T279_UAV_2,HAP_1,BS_0,63.41875,63.211474,0.025785,0.013203,0.341439
279,T279_UAV_18,BS_3,LEO_0,67.930827,67.853553,0.00235,0.018245,0.283396
279,T279_UAV_4,BS_4,BS_4,88.054816,87.821505,0.031934,0.030913,0.352317
279,T279_UAV_9,HAP_1,HAP_1,58.991078,58.746261,0.025991,0.048495,0.35165
279,T279_UAV_3,BS_2,BS_2,120.704267,120.448334,0.040087,0.033498,0.411737
279,T279_UAV_11,HAP_1,BS_3,130.589589,130.342764,0.042559,0.019489,0.423885
279,T279_UAV_1,BS_0,LEO_1,159.764233,159.50322,0.041232,0.051481,0.3415
280,T280_UAV_13,HAP_1,HAP_0,246.106637,246.044282,0.00742,0.014581,0.20177
280,T280_UAV_19,HAP_1,LEO_1,62.367424,62.134754,0.040643,0.020628,0.356995
280,T280_UAV_7,BS_4,HAP_2,445.897285,445.695213,0.031904,0.033661,0.182533
280,T280_UAV_12,BS_4,HAP_0,255.994335,255.938503,0.00468,0.010798,0.20177
280,T280_UAV_9,HAP_1,HAP_2,609.414294,609.229959,0.036544,0.011285,0.182533
280,T280_UAV_16,BS_4,BS_1,548.458287,548.158678,0.146961,0.020746,0.159513
280,T280_UAV_17,BS_3,HAP_0,398.506053,398.439985,0.012143,0.013572,0.20177
280,T280_UAV_0,HAP_1,LEO_0,36.099296,36.00647,0.002811,0.012916,0.385497
280,T280_UAV_3,BS_2,HAP_2,186.425856,186.231414,0.028649,0.029287,0.182533
280,T280_UAV_15,BS_4,BS_1,170.973117,170.780977,0.052664,0.007573,0.159513
280,T280_UAV_6,HAP_1,HAP_2,263.174526,262.989309,0.031233,0.017477,0.182533
280,T280_UAV_10,HAP_1,HAP_0,176.801875,176.74743,0.005249,0.008841,0.20177
280,T280_UAV_2,HAP_1,HAP_2,277.177173,276.978573,0.030906,0.031188,0.182533
280,T280_UAV_1,BS_0,HAP_2,355.639789,355.443056,0.031877,0.02835,0.182533
280,T280_UAV_4,BS_4,BS_1,316.325679,316.091929,0.088973,0.012874,0.159513
280,T280_UAV_18,BS_3,HAP_2,525.065014,524.867714,0.035736,0.025057,0.182533
281,T281_UAV_15,BS_4,LEO_1,96.163588,95.941434,0.040774,0.029219,0.2608
281,T281_UAV_4,BS_4,LEO_0,116.673563,116.4504,0.042843,0.02668,0.268198
281,T281_UAV_11,HAP_1,HAP_0,151.191115,151.109478,0.006278,0.023205,0.260772
281,T281_UAV_0,HAP_1,HAP_2,156.922061,156.665833,0.029693,0.039148,0.436935
281,T281_UAV_10,HAP_1,LEO_1,240.009362,239.776742,0.041501,0.038959,0.2608
281,T281_UAV_14,BS_2,LEO_0,192.701994,192.467516,0.046291,0.034547,0.268198
281,T281_UAV_17,BS_3,HAP_1,100.192431,99.945805,0.027334,0.04892,0.35186
281,T281_UAV_3,BS_2,HAP_0,52.629153,52.557669,0.00164,0.01769,0.260772
281,T281_UAV_12,BS_4,LEO_1,95.267272,95.04864,0.040721,0.025751,0.2608
281,T281_UAV_8,BS_4,BS_3,71.654346,71.405137,0.027832,0.050945,0.352158
281,T281_UAV_19,HAP_1,BS_4,100.220098,99.990379,0.034975,0.016938,0.389034
281,T281_UAV_13,HAP_1,LEO_0,115.09675,114.889981,0.044616,0.008513,0.268198
281,T281_UAV_18,BS_3,HAP_2,167.226396,166.999502,0.030213,0.009295,0.436935
281,T281_UAV_6,HAP_1,LEO_1,198.610467,198.409734,0.041298,0.007274,0.2608
282,T282_UAV_16,BS_4,LEO_1,150.554493,150.354943,0.041087,0.019169,0.196471
282,T282_UAV_17,BS_3,LEO_0,210.902891,210.692069,0.046234,0.026201,0.191942
282,T282_UAV_0,HAP_1,HAP_0,138.374547,138.278443,0.004854,0.02513,0.3306
282,T282_UAV_14,BS_2,HAP_2,157.41706,157.198784,0.029443,0.036038,0.263973
282,T282_UAV_5,BS_4,LEO_1,215.004352,214.795153,0.041532,0.028373,0.196471
282,T282_UAV_11,HAP_1,LEO_0,295.222291,295.021176,0.04768,0.015047,0.191942
282,T282_UAV_19,HAP_1,LEO_1,326.789871,326.581106,0.041937,0.027533,0.196471
282,T282_UAV_8,BS_4,HAP_0,54.662005,54.583086,0.00147,0.011329,0.3306
282,T282_UAV_15,BS_4,BS_2,62.669964,62.418153,0.025587,0.06066,0.327821
282,T282_UAV_9,HAP_1,LEO_0,97.710909,97.507679,0.042092,0.02275,0.191942
282,T282_UAV_12,BS_4,BS_4,68.047035,67.832425,0.02694,0.016435,0.356176
282,T282_UAV_1,BS_0,HAP_2,88.336444,88.149307,0.027542,0.006801,0.263973
282,T282_UAV_10,HAP_1,BS_3,98.021455,97.795931,0.034427,0.015811,0.376429
282,T282_UAV_2,HAP_1,LEO_1,136.351039,136.128603,0.040862,0.04228,0.196471
282,T282_UAV_13,HAP_1,LEO_0,186.917909,186.70729,0.04514,0.02709,0.191942
282,T282_UAV_18,BS_3,LEO_1,188.466753,188.247862,0.041089,0.038508,0.196471
282,T282_UAV_3,BS_2,LEO_0,189.856507,189.663648,0.04443,0.01004,0.191942
283,T283_UAV_5,BS_4,LEO_1,130.018375,129.800912,0.040998,0.037158,0.196536
283,T283_UAV_16,BS_4,LEO_0,133.667301,133.438277,0.043657,0.031038,0.271641
283,T283_UAV_13,HAP_1,HAP_0,177.017787,176.836653,0.031,0.015845,0.171442
283,T283_UAV_2,HAP_1,HAP_2,172.062097,171.868407,0.030679,0.018978,0.220166
283,T283_UAV_0,HAP_1,LEO_1,252.868535,252.658046,0.041842,0.02934,0.196536
283,T283_UAV_19,HAP_1,LEO_0,195.450496,195.236463,0.047786,0.011919,0.271641
283,T283_UAV_7,BS_4,HAP_0,299.367157,299.186377,0.03193,0.014562,0.171442
283,T283_UAV_3,BS_2,BS_1,64.778505,64.564272,0.026123,0.030715,0.286978
283,T283_UAV_8,BS_4,HAP_2,83.072284,82.863415,0.027062,0.037773,0.220166
283,T283_UAV_14,BS_2,LEO_1,120.392064,120.19788,0.040758,0.014119,0.196536
283,T283_UAV_15,BS_4,LEO_0,90.812517,90.587197,0.04242,0.028572,0.271641
283,T283_UAV_9,HAP_1,BS_2,103.013753,102.765234,0.035668,0.052562,0.301444
283,T283_UAV_10,HAP_1,HAP_1,59.4081,59.150549,0.025868,0.059442,0.361208
283,T283_UAV_6,HAP_1,LEO_1,137.980287,137.777575,0.040904,0.0225,0.196536
283,T283_UAV_17,BS_3,HAP_0,171.588846,171.406775,0.030869,0.016914,0.171442
283,T283_UAV_1,BS_0,BS_3,195.154706,194.900579,0.058691,0.028652,0.333915
284,T284_UAV_7,BS_4,LEO_1,148.332182,148.273056,0.001216,0.013824,0.220429
284,T284_UAV_18,BS_3,LEO_0,149.39188,149.196847,0.044167,0.013228,0.18819
284,T284_UAV_4,BS_4,HAP_2,127.858184,127.792816,0.002408,0.026189,0.183859
284,T284_UAV_0,HAP_1,HAP_0,137.584692,137.524236,0.004815,0.015015,0.203131
284,T284_UAV_8,BS_4,LEO_0,184.874862,184.661748,0.044575,0.0309,0.18819
284,T284_UAV_5,BS_4,LEO_1,197.932749,197.859476,0.001526,0.027662,0.220429
284,T284_UAV_15,BS_4,HAP_1,90.24335,90.001114,0.027513,0.05105,0.31837
284,T284_UAV_6,HAP_1,HAP_2,161.086829,161.025259,0.006233,0.018565,0.183859
284,T284_UAV_19,HAP_1,HAP_0,64.015255,63.960853,0.002613,0.011163,0.203131
284,T284_UAV_12,BS_4,LEO_1,88.286924,88.217417,0.000675,0.024746,0.220429
284,T284_UAV_3,BS_2,BS_2,69.218705,69.008749,0.027234,0.046389,0.181665
284,T284_UAV_14,BS_2,BS_1,95.93899,95.738331,0.033913,0.024704,0.210212
284,T284_UAV_17,BS_3,LEO_0,134.439757,134.235268,0.044669,0.022182,0.18819
284,T284_UAV_2,HAP_1,BS_3,113.107452,112.877508,0.038195,0.037114,0.273172
284,T284_UAV_10,HAP_1,LEO_1,181.667859,181.614933,0.001134,0.007706,0.220429
284,T284_UAV_1,BS_0,LEO_0,235.441794,235.250046,0.046546,0.007563,0.18819
285,T285_UAV_12,BS_4,LEO_0,223.491532,223.435082,0.004031,0.013464,0.194776
285,T285_UAV_7,BS_4,LEO_1,266.961396,266.74565,0.041903,0.027245,0.232995
285,T285_UAV_13,HAP_1,HAP_0,75.48969,75.407442,0.004456,0.015388,0.312024
285,T285_UAV_5,BS_4,HAP_2,84.239045,84.151132,0.002636,0.024836,0.302206
285,T285_UAV_0,HAP_1,LEO_1,271.558201,271.330672,0.041742,0.039188,0.232995
285,T285_UAV_9,HAP_1,LEO_0,307.470912,307.415466,0.005916,0.010574,0.194776
285,T285_UAV_18,BS_3,HAP_1,95.329194,95.124466,0.026416,0.013562,0.32375
285,T285_UAV_15,BS_4,BS_1,358.031367,357.770936,0.099388,0.024931,0.180565
285,T285_UAV_11,HAP_1,LEO_1,381.680134,381.464574,0.04233,0.026631,0.232995
285,T285_UAV_4,BS_4,LEO_0,109.131487,109.064359,0.001745,0.026429,0.194776
285,T285_UAV_1,BS_0,LEO_1,110.618866,110.422472,0.040683,0.009112,0.232995
285,T285_UAV_3,BS_2,LEO_0,142.181126,142.132656,0.00295,0.006565,0.194776
285,T285_UAV_10,HAP_1,LEO_0,173.537064,173.467858,0.004104,0.026147,0.194776
285,T285_UAV_19,HAP_1,LEO_1,185.333268,185.126821,0.041044,0.018803,0.232995
285,T285_UAV_2,HAP_1,BS_1,174.89851,174.669744,0.053636,0.039017,0.180565
285,T285_UAV_17,BS_3,LEO_0,202.184634,202.116201,0.00525,0.024228,0.194776
285,T285_UAV_16,BS_4,LEO_1,219.848981,219.643948,0.041501,0.016934,0.232995
286,T286_UAV_0,HAP_1,LEO_1,159.419549,159.200648,0.04116,0.026574,0.255837
286,T286_UAV_15,BS_4,LEO_0,101.196072,100.983967,0.043638,0.006872,0.307975
286,T286_UAV_13,HAP_1,HAP_2,195.986648,195.785574,0.031398,0.013808,0.279343
286,T286_UAV_14,BS_2,HAP_0,151.620848,151.415645,0.029562,0.01254,0.315507
286,T286_UAV_12,BS_4,LEO_1,207.059023,206.851411,0.041587,0.014857,0.255837
286,T286_UAV_18,BS_3,LEO_0,126.781498,126.56761,0.045969,0.006324,0.307975
286,T286_UAV_7,BS_4,HAP_1,100.21797,99.941043,0.027561,0.08103,0.341676
286,T286_UAV_2,HAP_1,HAP_2,91.477164,91.284635,0.027562,0.009099,0.279343
286,T286_UAV_19,HAP_1,LEO_1,94.358808,94.138618,0.040593,0.028429,0.255837
286,T286_UAV_11,HAP_1,BS_0,80.610481,80.371568,0.030073,0.040874,0.339833
286,T286_UAV_10,HAP_1,HAP_0,101.194633,100.993445,0.029022,0.009065,0.315507
286,T286_UAV_1,BS_0,LEO_1,106.51275,106.309623,0.040743,0.011217,0.255837
286,T286_UAV_5,BS_4,BS_2,126.248972,126.013966,0.041478,0.018091,0.377181
286,T286_UAV_3,BS_2,HAP_2,143.228067,143.021715,0.028614,0.021869,0.279343
286,T286_UAV_17,BS_3,BS_1,145.978584,145.708647,0.046399,0.036258,0.436398
287,T287_UAV_12,BS_4,LEO_1,207.401304,207.211111,0.041479,0.007059,0.208275
287,T287_UAV_16,BS_4,LEO_0,93.133441,92.889405,0.043418,0.03258,0.340192
287,T287_UAV_2,HAP_1,HAP_0,304.530307,304.459696,0.008485,0.012569,0.247782
287,T287_UAV_10,HAP_1,HAP_2,79.077097,78.84799,0.029209,0.034497,0.327009
287,T287_UAV_11,HAP_1,LEO_1,270.354205,270.129568,0.041735,0.041247,0.208275
287,T287_UAV_5,BS_4,LEO_0,129.772632,129.529898,0.044922,0.029774,0.340192
287,T287_UAV_4,BS_4,HAP_1,99.288884,99.006204,0.027884,0.084927,0.349342
287,T287_UAV_7,BS_4,HAP_0,332.749377,332.669788,0.006997,0.023036,0.247782
287,T287_UAV_6,HAP_1,LEO_1,282.300495,282.074169,0.041737,0.042934,0.208275
287,T287_UAV_9,HAP_1,BS_1,51.397817,51.156796,0.022773,0.045088,0.365803
287,T287_UAV_19,HAP_1,BS_2,61.7519,61.528874,0.025365,0.036546,0.305579
287,T287_UAV_15,BS_4,BS_0,67.834439,67.617691,0.026886,0.01397,0.379461
287,T287_UAV_18,BS_3,LEO_1,93.033675,92.824797,0.04054,0.026682,0.208275
287,T287_UAV_0,HAP_1,HAP_0,215.372345,215.304316,0.005718,0.012754,0.247782
287,T287_UAV_3,BS_2,LEO_1,247.407442,247.206549,0.041436,0.017802,0.208275
287,T287_UAV_1,BS_0,HAP_0,344.391948,344.317385,0.00678,0.018227,0.247782
288,T288_UAV_16,BS_4,LEO_1,134.184514,134.117714,0.001052,0.026215,0.197666
288,T288_UAV_6,HAP_1,LEO_0,207.72418,207.52815,0.04653,0.00604,0.217298
288,T288_UAV_15,BS_4,LEO_1,147.815016,147.745352,0.001185,0.028945,0.197666
288,T288_UAV_19,HAP_1,HAP_2,183.991067,183.765152,0.032062,0.042168,0.25842
288,T288_UAV_8,BS_4,HAP_0,94.568457,94.344758,0.028349,0.009152,0.430995
288,T288_UAV_13,HAP_1,LEO_1,252.134238,252.060975,0.001562,0.032167,0.197666
288,T288_UAV_1,BS_0,LEO_0,87.565316,87.37049,0.042422,0.008945,0.217298
288,T288_UAV_14,BS_2,BS_1,73.862112,73.671874,0.028399,0.020296,0.207716
288,T288_UAV_9,HAP_1,HAP_2,94.708624,94.497311,0.027685,0.031944,0.25842
288,T288_UAV_12,BS_4,BS_3,95.217214,94.984356,0.033724,0.031686,0.337235
288,T288_UAV_5,BS_4,LEO_1,112.731721,112.666571,0.000874,0.024743,0.197666
288,T288_UAV_10,HAP_1,LEO_0,199.533595,199.311033,0.046262,0.03284,0.217298
288,T288_UAV_17,BS_3,LEO_0,259.513703,259.281058,0.048989,0.040197,0.217298
289,T289_UAV_13,HAP_1,LEO_1,154.561634,154.468701,0.001043,0.030543,0.306736
289,T289_UAV_7,BS_4,LEO_0,209.092557,208.886505,0.044554,0.016358,0.225698
289,T289_UAV_0,HAP_1,HAP_2,160.956269,160.77672,0.029755,0.007559,0.211172
289,T289_UAV_8,BS_4,HAP_0,85.899302,85.676548,0.028042,0.019709,0.375018
289,T289_UAV_19,HAP_1,LEO_0,223.216138,223.015106,0.047107,0.008786,0.225698
289,T289_UAV_17,BS_3,BS_1,874.252866,873.872953,0.228349,0.026871,0.123461
289,T289_UAV_4,BS_4,BS_1,908.916397,908.546255,0.237013,0.008437,0.123461
289,T289_UAV_12,BS_4,BS_1,1003.963228,1003.568798,0.260757,0.00898,0.123461
289,T289_UAV_5,BS_4,BS_1,1011.238923,1010.805824,0.262565,0.045841,0.123461
289,T289_UAV_10,HAP_1,LEO_1,75.221075,75.144748,0.000509,0.014471,0.306736
289,T289_UAV_2,HAP_1,HAP_2,78.374418,78.17264,0.027564,0.03198,0.211172
289,T289_UAV_3,BS_2,LEO_0,109.277069,109.057194,0.042955,0.03178,0.225698
289,T289_UAV_1,BS_0,LEO_1,90.72182,90.637733,0.000696,0.022043,0.306736
289,T289_UAV_15,BS_4,LEO_0,126.963446,126.736513,0.042811,0.038983,0.225698
289,T289_UAV_9,HAP_1,BS_1,593.374054,593.059292,0.158181,0.031889,0.123461
289,T289_UAV_18,BS_3,BS_1,747.049191,746.708968,0.196574,0.018957,0.123461
290,T290_UAV_8,BS_4,LEO_1,65.344152,65.113359,0.040563,0.021296,0.344676
290,T290_UAV_11,HAP_1,LEO_0,116.697335,116.624431,0.004418,0.021062,0.237122
290,T290_UAV_13,HAP_1,HAP_2,119.374324,119.186181,0.029669,0.016265,0.211049
290,T290_UAV_2,HAP_1,HAP_0,137.641963,137.427602,0.030059,0.040141,0.220799
290,T290_UAV_7,BS_4,LEO_1,121.150996,120.931268,0.041312,0.009481,0.344676
290,T290_UAV_3,BS_2,LEO_0,183.984802,183.925995,0.006141,0.005242,0.237122
290,T290_UAV_12,BS_4,HAP_1,98.735997,98.509329,0.027918,0.039505,0.29623
290,T290_UAV_9,HAP_1,HAP_2,62.46779,62.281675,0.026774,0.017131,0.211049
290,T290_UAV_4,BS_4,HAP_0,77.598327,77.418927,0.026988,0.008252,0.220799
290,T290_UAV_5,BS_4,BS_2,91.112406,90.870522,0.032696,0.038867,0.351604
290,T290_UAV_14,BS_2,BS_4,93.001122,92.77129,0.033171,0.025994,0.35333
290,T290_UAV_10,HAP_1,LEO_0,98.602721,98.52388,0.003852,0.027564,0.237122
290,T290_UAV_6,HAP_1,BS_0,105.312008,105.073173,0.036245,0.022852,0.398693
290,T290_UAV_17,BS_3,BS_3,105.524213,105.28444,0.036298,0.014192,0.446412
291,T291_UAV_0,HAP_1,LEO_1,171.198426,171.129361,0.001099,0.028295,0.198357
291,T291_UAV_7,BS_4,LEO_0,90.730678,90.649852,0.003215,0.017067,0.302721
291,T291_UAV_12,BS_4,HAP_2,247.293431,247.230996,0.004361,0.021517,0.182788
291,T291_UAV_4,BS_4,HAP_0,209.713225,209.630491,0.004724,0.026363,0.25823
291,T291_UAV_19,HAP_1,LEO_1,308.471626,308.409526,0.001737,0.020692,0.198357
291,T291_UAV_6,HAP_1,LEO_0,120.88388,120.802262,0.006519,0.014554,0.302721
291,T291_UAV_8,BS_4,HAP_1,91.832806,91.582057,0.027027,0.057679,0.330215
291,T291_UAV_5,BS_4,LEO_1,373.806964,373.74642,0.002545,0.018327,0.198357
291,T291_UAV_2,HAP_1,HAP_2,104.68112,104.631664,0.002641,0.010256,0.182788
291,T291_UAV_9,HAP_1,HAP_0,84.022758,83.950917,0.002425,0.01777,0.25823
291,T291_UAV_13,HAP_1,BS_2,63.593429,63.374808,0.025826,0.042602,0.250963
291,T291_UAV_16,BS_4,BS_3,70.229467,69.983196,0.027477,0.053331,0.327316
291,T291_UAV_11,HAP_1,LEO_1,152.783602,152.716742,0.000926,0.026263,0.198357
291,T291_UAV_10,HAP_1,HAP_2,167.049728,166.988719,0.00472,0.019732,0.182788
291,T291_UAV_15,BS_4,LEO_1,205.110239,205.062501,0.00143,0.006637,0.198357
291,T291_UAV_3,BS_2,HAP_0,232.677964,232.612097,0.006155,0.008067,0.25823
291,T291_UAV_1,BS_0,LEO_1,307.376027,307.31816,0.001894,0.016301,0.198357
291,T291_UAV_18,BS_3,HAP_2,323.360652,323.298182,0.007759,0.018153,0.182788
292,T292_UAV_5,BS_4,LEO_1,79.719783,79.507188,0.040808,0.008903,0.314418
292,T292_UAV_6,HAP_1,LEO_0,210.208123,209.985728,0.045608,0.034478,0.211544
292,T292_UAV_15,BS_4,HAP_2,126.326416,126.12086,0.027578,0.014726,0.316259
292,T292_UAV_8,BS_4,HAP_0,145.096937,144.881491,0.028909,0.01426,0.361384
292,T292_UAV_11,HAP_1,LEO_0,211.717734,211.517788,0.045516,0.012121,0.211544
292,T292_UAV_9,HAP_1,LEO_1,102.679059,102.469166,0.040979,0.006031,0.314418
292,T292_UAV_19,HAP_1,BS_1,142.352506,142.135495,0.045506,0.013023,0.292408
292,T292_UAV_3,BS_2,HAP_1,86.985054,86.720116,0.026554,0.070886,0.337489
292,T292_UAV_4,BS_4,LEO_0,260.116344,259.920734,0.044631,0.00867,0.211544
292,T292_UAV_16,BS_4,HAP_2,175.268793,175.059016,0.028705,0.01782,0.316259
292,T292_UAV_7,BS_4,BS_3,70.157898,69.930512,0.027464,0.030884,0.345191
292,T292_UAV_13,HAP_1,LEO_0,84.110543,83.897494,0.042322,0.028418,0.211544
292,T292_UAV_0,HAP_1,BS_4,81.420329,81.166306,0.030271,0.053129,0.353114
292,T292_UAV_17,BS_3,BS_2,97.165519,96.934055,0.034211,0.017107,0.400729
292,T292_UAV_10,HAP_1,HAP_0,117.105055,116.887929,0.029642,0.015207,0.361384
292,T292_UAV_14,BS_2,LEO_0,165.560807,165.360246,0.043747,0.014505,0.211544
292,T292_UAV_1,BS_0,BS_0,171.558637,171.304371,0.052795,0.014704,0.433842
293,T293_UAV_4,BS_4,LEO_1,118.856189,118.632345,0.041187,0.02223,0.302132
293,T293_UAV_12,BS_4,LEO_0,88.433031,88.209557,0.043328,0.014112,0.330174
293,T293_UAV_17,BS_3,HAP_0,175.063152,175.006476,0.007171,0.008779,0.203626
293,T293_UAV_9,HAP_1,HAP_2,178.160733,177.956541,0.030099,0.027866,0.231135
293,T293_UAV_8,BS_4,LEO_1,187.356118,187.135153,0.041394,0.019144,0.302132
293,T293_UAV_3,BS_2,HAP_0,191.551791,191.498736,0.005884,0.006446,0.203626
293,T293_UAV_5,BS_4,HAP_2,199.739199,199.53093,0.029776,0.032266,0.231135
293,T293_UAV_13,HAP_1,BS_1,56.153822,55.943975,0.023969,0.037754,0.240621
293,T293_UAV_18,BS_3,LEO_0,52.539709,52.322567,0.042446,0.008662,0.330174
293,T293_UAV_0,HAP_1,BS_2,65.925389,65.700334,0.026407,0.05128,0.236844
293,T293_UAV_7,BS_4,BS_0,85.908348,85.660422,0.031394,0.050048,0.33242
293,T293_UAV_16,BS_4,BS_4,87.649087,87.412232,0.031832,0.034028,0.354977
293,T293_UAV_6,HAP_1,BS_3,90.565777,90.283869,0.03255,0.051816,0.487711
293,T293_UAV_14,BS_2,LEO_1,101.500283,101.27256,0.040708,0.026588,0.302132
294,T294_UAV_8,BS_4,LEO_1,114.816331,114.745863,0.000854,0.020886,0.243636
294,T294_UAV_12,BS_4,HAP_2,123.752715,123.575972,0.02733,0.011851,0.187807
294,T294_UAV_17,BS_3,LEO_0,90.765259,90.556193,0.045428,0.006531,0.285537
294,T294_UAV_7,BS_4,HAP_0,225.164018,224.968722,0.030076,0.025253,0.199837
294,T294_UAV_9,HAP_1,LEO_1,169.87951,169.801778,0.001385,0.02762,0.243636
294,T294_UAV_16,BS_4,LEO_0,115.839273,115.618467,0.04424,0.01946,0.285537
294,T294_UAV_0,HAP_1,HAP_2,255.684147,255.495807,0.031474,0.019305,0.187807
294,T294_UAV_2,HAP_1,LEO_1,180.234608,180.153479,0.001332,0.03107,0.243636
294,T294_UAV_13,HAP_1,HAP_0,298.525913,298.318163,0.035156,0.032627,0.199837
294,T294_UAV_15,BS_4,BS_1,51.609907,51.417045,0.022838,0.027459,0.212829
294,T294_UAV_3,BS_2,BS_2,63.306134,63.099561,0.025757,0.040873,0.199715
294,T294_UAV_19,HAP_1,BS_0,92.433002,92.215765,0.033032,0.029198,0.275032
294,T294_UAV_6,HAP_1,BS_4,94.121291,93.83041,0.033436,0.086892,0.352763
294,T294_UAV_18,BS_3,BS_3,95.584186,95.335109,0.033812,0.044247,0.355089
294,T294_UAV_14,BS_2,HAP_2,104.309574,104.116969,0.027526,0.027518,0.187807
294,T294_UAV_4,BS_4,HAP_0,116.737319,116.545658,0.02763,0.024062,0.199837
294,T294_UAV_10,HAP_1,HAP_1,63.314163,63.056621,0.025961,0.070455,0.305627
295,T295_UAV_16,BS_4,LEO_1,117.530908,117.455117,0.001029,0.019351,0.27705
295,T295_UAV_6,HAP_1,LEO_0,237.838008,237.778497,0.006333,0.016624,0.182772
295,T295_UAV_13,HAP_1,HAP_0,145.246363,145.184173,0.005946,0.015399,0.204226
295,T295_UAV_10,HAP_1,HAP_2,176.853448,176.66112,0.031649,0.009865,0.254067
295,T295_UAV_15,BS_4,LEO_0,260.775677,260.717172,0.00506,0.01689,0.182772
295,T295_UAV_17,BS_3,LEO_1,180.039215,179.964005,0.001175,0.018625,0.27705
295,T295_UAV_14,BS_2,HAP_1,96.776079,96.519865,0.026748,0.066335,0.315655
295,T295_UAV_12,BS_4,BS_1,185.922366,185.73187,0.0564,0.010117,0.119891
295,T295_UAV_19,HAP_1,HAP_0,54.508942,54.45859,0.002191,0.007315,0.204226
295,T295_UAV_7,BS_4,LEO_1,61.443237,61.366456,0.000562,0.020809,0.27705
295,T295_UAV_11,HAP_1,BS_2,70.833664,70.651793,0.027644,0.010896,0.216654
295,T295_UAV_18,BS_3,LEO_0,114.660339,114.59902,0.002724,0.02204,0.182772
295,T295_UAV_3,BS_2,BS_3,83.477412,83.250845,0.030792,0.044796,0.254895
295,T295_UAV_1,BS_0,HAP_2,101.394235,101.189491,0.027881,0.026049,0.254067
295,T295_UAV_2,HAP_1,LEO_0,167.959893,167.902861,0.004036,0.016442,0.182772
295,T295_UAV_8,BS_4,LEO_0,185.018319,184.957755,0.004001,0.020008,0.182772
296,T296_UAV_15,BS_4,LEO_1,76.149676,76.043665,0.000794,0.030279,0.374694
296,T296_UAV_7,BS_4,LEO_0,95.116417,94.910812,0.043353,0.011999,0.251271
296,T296_UAV_13,HAP_1,HAP_2,156.881184,156.814104,0.006175,0.018411,0.212473
296,T296_UAV_17,BS_3,HAP_0,161.129135,161.049284,0.006589,0.017604,0.278288
296,T296_UAV_11,HAP_1,LEO_1,125.611713,125.51579,0.001082,0.019903,0.374694
296,T296_UAV_3,BS_2,BS_1,770.90539,770.559548,0.202534,0.016953,0.131778
296,T296_UAV_1,BS_0,LEO_0,34.091549,33.874098,0.041574,0.025623,0.251271
296,T296_UAV_6,HAP_1,HAP_2,57.237964,57.170987,0.002171,0.022311,0.212473
296,T296_UAV_2,HAP_1,HAP_0,64.766097,64.681348,0.002364,0.026728,0.278288
296,T296_UAV_9,HAP_1,BS_2,73.832254,73.624394,0.028387,0.030214,0.246297
296,T296_UAV_12,BS_4,BS_1,305.005342,304.757872,0.086141,0.034972,0.131778
296,T296_UAV_14,BS_2,BS_3,166.415426,166.184669,0.051515,0.031682,0.237796
296,T296_UAV_18,BS_3,BS_1,370.919526,370.650976,0.102606,0.039588,0.131778
296,T296_UAV_4,BS_4,BS_1,400.5343,400.269052,0.110007,0.028885,0.131778
297,T297_UAV_11,HAP_1,LEO_1,128.236672,128.035826,0.040952,0.010774,0.245601
297,T297_UAV_8,BS_4,LEO_0,129.376306,129.155808,0.043968,0.031052,0.227388
297,T297_UAV_5,BS_4,HAP_2,137.579291,137.500494,0.003268,0.022078,0.267254
297,T297_UAV_14,BS_2,HAP_0,160.864459,160.770121,0.004859,0.015132,0.371734
297,T297_UAV_17,BS_3,LEO_1,173.425833,173.21046,0.041129,0.025125,0.245601
297,T297_UAV_13,HAP_1,LEO_0,193.664657,193.461633,0.047867,0.00968,0.227388
297,T297_UAV_12,BS_4,HAP_1,100.334241,100.097461,0.027979,0.043861,0.324701
297,T297_UAV_9,HAP_1,HAP_2,195.231362,195.164724,0.00563,0.007557,0.267254
297,T297_UAV_19,HAP_1,HAP_0,60.139797,60.057112,0.002409,0.00593,0.371734
297,T297_UAV_3,BS_2,BS_2,79.022441,78.794123,0.029679,0.035597,0.315213
297,T297_UAV_6,HAP_1,BS_3,98.366358,98.129233,0.03451,0.037276,0.326693
297,T297_UAV_15,BS_4,BS_4,102.697391,102.478082,0.035597,0.012582,0.355653
297,T297_UAV_1,BS_0,BS_1,115.324295,115.033131,0.038734,0.05428,0.490749
297,T297_UAV_2,HAP_1,LEO_1,122.076257,121.867685,0.040899,0.018554,0.245601
297,T297_UAV_18,BS_3,LEO_0,142.821912,142.622916,0.044853,0.008666,0.227388
298,T298_UAV_17,BS_3,LEO_1,193.887788,193.83055,0.001094,0.004868,0.256379
298,T298_UAV_4,BS_4,LEO_0,176.211677,176.148456,0.00315,0.021825,0.191226
298,T298_UAV_13,HAP_1,HAP_2,125.939377,125.838406,0.004962,0.02434,0.358346
298,T298_UAV_3,BS_2,HAP_0,209.370066,209.190874,0.030489,0.022993,0.128555
298,T298_UAV_19,HAP_1,LEO_1,265.900836,265.843046,0.00157,0.004945,0.256379
298,T298_UAV_0,HAP_1,LEO_0,305.851486,305.781542,0.006752,0.024947,0.191226
298,T298_UAV_12,BS_4,HAP_0,291.259201,291.091438,0.030638,0.011413,0.128555
298,T298_UAV_10,HAP_1,LEO_1,332.232683,332.166418,0.001922,0.013067,0.256379
298,T298_UAV_9,HAP_1,BS_1,53.338295,53.136321,0.023267,0.026491,0.261078
298,T298_UAV_1,BS_0,HAP_2,54.729771,54.642811,0.001553,0.013738,0.358346
298,T298_UAV_5,BS_4,BS_2,68.453813,68.255597,0.027045,0.015659,0.277561
298,T298_UAV_16,BS_4,LEO_0,119.314858,119.247142,0.002321,0.027149,0.191226
298,T298_UAV_14,BS_2,LEO_0,136.950225,136.893727,0.003089,0.015163,0.191226
298,T298_UAV_2,HAP_1,LEO_1,149.706377,149.641736,0.000942,0.012424,0.256379
298,T298_UAV_18,BS_3,HAP_0,126.913087,126.740138,0.028556,0.018683,0.128555
298,T298_UAV_6,HAP_1,LEO_1,173.280928,173.205361,0.001068,0.023224,0.256379
298,T298_UAV_11,HAP_1,LEO_0,173.76362,173.70354,0.004539,0.017296,0.191226
299,T299_UAV_4,BS_4,LEO_1,68.894329,68.670996,0.040818,0.013683,0.344162
299,T299_UAV_12,BS_4,LEO_0,113.477075,113.253355,0.044273,0.016159,0.316439
299,T299_UAV_19,HAP_1,HAP_2,554.785601,554.600073,0.037427,0.016263,0.159196
299,T299_UAV_18,BS_3,HAP_0,359.795197,359.728556,0.009108,0.016149,0.206919
299,T299_UAV_6,HAP_1,LEO_1,129.171898,128.938342,0.041068,0.023655,0.344162
299,T299_UAV_2,HAP_1,HAP_2,655.525433,655.331593,0.038254,0.023746,0.159196
299,T299_UAV_11,HAP_1,HAP_0,395.441901,395.383762,0.011959,0.004797,0.206919
299,T299_UAV_14,BS_2,HAP_2,743.702399,743.519234,0.038526,0.012801,0.159196
299,T299_UAV_5,BS_4,HAP_2,764.126111,763.948529,0.03739,0.008352,0.159196
299,T299_UAV_16,BS_4,HAP_2,781.31736,781.129188,0.036695,0.019638,0.159196
299,T299_UAV_0,HAP_1,LEO_0,57.200084,56.975388,0.042428,0.01898,0.316439
299,T299_UAV_13,HAP_1,BS_2,87.764101,87.535226,0.031863,0.056639,0.201866
299,T299_UAV_17,BS_3,HAP_1,74.464957,74.228309,0.026632,0.034896,0.375602
299,T299_UAV_10,HAP_1,HAP_0,196.379614,196.322444,0.005786,0.009999,0.206919
299,T299_UAV_1,BS_0,BS_1,161.945955,161.707103,0.050397,0.027018,0.307184
299,T299_UAV_15,BS_4,HAP_2,219.465691,219.299851,0.028223,0.005777,0.159196
299,T299_UAV_3,BS_2,HAP_0,249.080657,249.024317,0.005924,0.009032,0.206919
299,T299_UAV_9,HAP_1,HAP_2,294.036796,293.860635,0.030488,0.013834,0.159196
299,T299_UAV_8,BS_4,HAP_2,296.672336,296.490249,0.030065,0.020183,0.159196
300,T300_UAV_13,HAP_1,LEO_1,74.666099,74.464804,0.040576,0.011269,0.247252
300,T300_UAV_12,BS_4,LEO_0,90.879206,90.644507,0.043421,0.031675,0.298018
300,T300_UAV_14,BS_2,HAP_0,148.082984,147.854921,0.029468,0.026695,0.359494
300,T300_UAV_18,BS_3,HAP_2,95.913261,95.665938,0.028939,0.028754,0.448152
300,T300_UAV_16,BS_4,BS_1,816.602748,816.241564,0.213948,0.021108,0.130636
300,T300_UAV_10,HAP_1,BS_1,961.291507,960.905328,0.250096,0.009956,0.130636
300,T300_UAV_15,BS_4,BS_1,1045.123422,1044.701768,0.271035,0.024491,0.130636
300,T300_UAV_7,BS_4,BS_1,1392.207828,1391.694117,0.35774,0.029844,0.130636
300,T300_UAV_6,HAP_1,LEO_1,57.178332,56.982023,0.040471,0.006387,0.247252
300,T300_UAV_5,BS_4,LEO_0,71.881694,71.655338,0.042677,0.024075,0.298018
300,T300_UAV_9,HAP_1,BS_2,107.745294,107.51414,0.036855,0.047722,0.23288
300,T300_UAV_1,BS_0,HAP_1,62.797459,62.55672,0.026976,0.041583,0.360898
300,T300_UAV_3,BS_2,HAP_0,143.705034,143.480093,0.029366,0.023676,0.359494
300,T300_UAV_19,HAP_1,BS_1,375.426597,375.167398,0.103735,0.029337,0.130636
300,T300_UAV_2,HAP_1,BS_1,762.81205,762.451129,0.200508,0.034286,0.130636
300,T300_UAV_17,BS_3,BS_1,1329.22265,1328.726572,0.342006,0.027945,0.130636
301,T301_UAV_11,HAP_1,LEO_1,185.702532,185.636714,0.001253,0.020508,0.220288
301,T301_UAV_12,BS_4,LEO_0,195.397278,195.189531,0.044494,0.020075,0.215892
301,T301_UAV_4,BS_4,HAP_0,147.596508,147.385783,0.028826,0.021158,0.303711
301,T301_UAV_8,BS_4,HAP_2,150.066995,149.823779,0.028825,0.035694,0.39349
301,T301_UAV_13,HAP_1,LEO_1,211.398284,211.326987,0.001316,0.025923,0.220288
301,T301_UAV_5,BS_4,LEO_0,218.53598,218.32898,0.044979,0.018843,0.215892
301,T301_UAV_18,BS_3,HAP_1,87.695194,87.447095,0.026328,0.050381,0.356949
301,T301_UAV_6,HAP_1,LEO_1,222.150552,222.099783,0.001463,0.005248,0.220288
301,T301_UAV_15,BS_4,BS_2,198.546754,198.298974,0.05954,0.036777,0.257316
301,T301_UAV_17,BS_3,BS_0,57.169302,56.960776,0.024223,0.010464,0.369195
301,T301_UAV_19,HAP_1,HAP_0,78.837458,78.612607,0.028131,0.035978,0.303711
301,T301_UAV_16,BS_4,LEO_0,105.892623,105.700734,0.042362,0.006349,0.215892
301,T301_UAV_1,BS_0,HAP_2,107.454038,107.21452,0.028035,0.032785,0.39349
301,T301_UAV_2,HAP_1,BS_1,126.091048,125.825218,0.041431,0.035809,0.442952
301,T301_UAV_0,HAP_1,LEO_1,158.597824,158.539072,0.001156,0.013538,0.220288
301,T301_UAV_14,BS_2,LEO_0,171.683298,171.484731,0.04448,0.010908,0.215892
302,T302_UAV_4,BS_4,LEO_1,171.656194,171.451691,0.041242,0.024332,0.194644
302,T302_UAV_5,BS_4,LEO_0,116.559677,116.345777,0.043221,0.025261,0.227089
302,T302_UAV_8,BS_4,LEO_1,215.109075,214.907845,0.041226,0.021075,0.194644
302,T302_UAV_9,HAP_1,HAP_0,155.187516,155.113811,0.005317,0.020528,0.239299
302,T302_UAV_10,HAP_1,HAP_2,157.893024,157.692775,0.030941,0.021801,0.237536
302,T302_UAV_18,BS_2,LEO_0,166.960844,166.74822,0.045645,0.021561,0.227089
302,T302_UAV_3,BS_2,LEO_1,291.61079,291.396584,0.041557,0.03372,0.194644
302,T302_UAV_6,HAP_1,HAP_0,177.750132,177.664981,0.00726,0.030031,0.239299
302,T302_UAV_15,BS_4,LEO_1,431.431296,431.216229,0.042835,0.033304,0.194644
302,T302_UAV_12,BS_4,BS_2,51.814174,51.583361,0.022879,0.039409,0.342626
302,T302_UAV_0,HAP_1,HAP_2,56.104138,55.895731,0.026617,0.034283,0.237536
302,T302_UAV_14,BS_2,BS_1,57.180136,56.964716,0.024224,0.016206,0.374952
302,T302_UAV_7,BS_4,LEO_1,145.440172,145.255443,0.040987,0.004814,0.194644
302,T302_UAV_11,HAP_1,LEO_0,111.418246,111.214408,0.044218,0.014202,0.227089
302,T302_UAV_2,HAP_1,LEO_1,148.741522,148.54697,0.040847,0.014776,0.194644
302,T302_UAV_1,BS_0,HAP_1,68.986913,68.740748,0.027163,0.031257,0.438722
302,T302_UAV_17,BS_3,LEO_1,252.128828,251.922431,0.041302,0.026166,0.194644
303,T303_UAV_9,HAP_1,LEO_1,90.022844,89.79323,0.04084,0.018927,0.349232
303,T303_UAV_8,BS_4,LEO_0,89.236858,89.15561,0.003755,0.028709,0.243923
303,T303_UAV_5,BS_4,HAP_2,144.146221,144.084565,0.003384,0.006873,0.256996
303,T303_UAV_11,HAP_1,HAP_0,145.966775,145.772644,0.030937,0.011478,0.258582
303,T303_UAV_18,BS_2,LEO_1,126.746063,126.499127,0.040993,0.036095,0.349232
303,T303_UAV_10,HAP_1,LEO_0,129.70067,129.612022,0.007068,0.032795,0.243923
303,T303_UAV_15,BS_4,BS_1,412.757386,412.504791,0.113065,0.007717,0.159068
303,T303_UAV_13,HAP_1,HAP_2,59.31686,59.241756,0.002344,0.021361,0.256996
303,T303_UAV_2,HAP_1,BS_2,63.781399,63.584056,0.025878,0.024984,0.232403
303,T303_UAV_16,BS_4,BS_3,90.474218,90.266851,0.032545,0.01441,0.302058
303,T303_UAV_1,BS_0,HAP_0,98.50255,98.316578,0.027387,0.006869,0.258582
303,T303_UAV_14,BS_2,HAP_1,59.648236,59.398315,0.026066,0.067069,0.283929
303,T303_UAV_7,BS_4,BS_1,196.546577,196.314509,0.059044,0.041211,0.159068
303,T303_UAV_6,HAP_1,BS_4,133.117361,132.848914,0.043186,0.051989,0.366364
303,T303_UAV_17,BS_3,BS_1,462.466905,462.190315,0.12548,0.019297,0.159068
304,T304_UAV_0,HAP_1,LEO_1,78.486665,78.247829,0.040733,0.035366,0.313686
304,T304_UAV_7,BS_4,LEO_0,79.255491,79.173934,0.002793,0.013193,0.327858
304,T304_UAV_10,HAP_1,HAP_0,208.20725,208.144425,0.006871,0.007939,0.240068
304,T304_UAV_4,BS_4,HAP_2,150.583961,150.504683,0.002924,0.022462,0.269459
304,T304_UAV_15,BS_4,LEO_1,103.679081,103.448977,0.041065,0.026302,0.313686
304,T304_UAV_12,BS_4,LEO_0,108.516215,108.420301,0.004109,0.026233,0.327858
304,T304_UAV_5,BS_4,HAP_1,195.906448,195.648585,0.028596,0.069616,0.298252
304,T304_UAV_19,HAP_1,HAP_0,284.534969,284.470091,0.009432,0.007432,0.240068
304,T304_UAV_14,BS_2,HAP_2,198.457744,198.385459,0.005504,0.012889,0.269459
304,T304_UAV_8,BS_4,BS_2,64.179265,63.981485,0.025977,0.027914,0.219439
304,T304_UAV_6,HAP_1,BS_3,79.562739,79.320402,0.02981,0.04162,0.354538
304,T304_UAV_9,HAP_1,BS_4,81.491419,81.265523,0.030296,0.019422,0.380889
304,T304_UAV_17,BS_3,BS_0,103.111667,102.858405,0.035692,0.037411,0.400797
304,T304_UAV_16,BS_4,BS_1,109.917951,109.661846,0.037392,0.033672,0.425203
304,T304_UAV_13,HAP_1,HAP_0,163.743951,163.684308,0.005592,0.006038,0.240068
304,T304_UAV_18,BS_2,HAP_1,136.56607,136.32313,0.026807,0.056483,0.298252
305,T305_UAV_5,BS_4,LEO_1,80.385579,80.164779,0.040706,0.036121,0.219865
305,T305_UAV_13,HAP_1,LEO_0,118.840917,118.636524,0.04485,0.018046,0.207489
305,T305_UAV_7,BS_4,HAP_0,128.67172,128.48638,0.028214,0.006235,0.254459
305,T305_UAV_2,HAP_1,HAP_2,137.265966,137.185494,0.004428,0.00699,0.34527
305,T305_UAV_6,HAP_1,LEO_1,134.265383,134.064258,0.040967,0.016186,0.219865
305,T305_UAV_3,BS_2,LEO_0,140.546929,140.333076,0.04465,0.027705,0.207489
305,T305_UAV_14,BS_2,HAP_0,166.181898,165.992009,0.030023,0.008974,0.254459
305,T305_UAV_8,BS_4,BS_2,174.951262,174.723707,0.053649,0.025341,0.242826
305,T305_UAV_9,HAP_1,HAP_2,181.439336,181.345893,0.005298,0.019091,0.34527
305,T305_UAV_15,BS_4,BS_1,59.72242,59.507344,0.024859,0.039448,0.253845
305,T305_UAV_16,BS_4,LEO_1,60.087332,59.893787,0.040526,0.009047,0.219865
305,T305_UAV_19,HAP_1,BS_4,75.988485,75.747489,0.028917,0.039665,0.362068
305,T305_UAV_18,BS_2,LEO_0,71.781625,71.576049,0.042412,0.021666,0.207489
305,T305_UAV_0,HAP_1,BS_3,92.465201,92.205686,0.03303,0.026836,0.498243
305,T305_UAV_1,BS_0,BS_0,101.841415,101.55061,0.035365,0.030469,0.624857
305,T305_UAV_10,HAP_1,HAP_1,56.639312,56.385568,0.025893,0.060723,0.335638
306,T306_UAV_8,BS_4,LEO_1,128.644593,128.597917,0.000857,0.005083,0.20368
306,T306_UAV_13,HAP_1,LEO_0,200.595732,200.528176,0.005612,0.023813,0.190656
306,T306_UAV_14,BS_2,HAP_2,243.460945,243.302405,0.030345,0.006605,0.107943
306,T306_UAV_12,BS_4,HAP_0,132.618392,132.436634,0.027936,0.011003,0.214099
306,T306_UAV_11,HAP_1,LEO_1,190.121668,190.064078,0.001274,0.01558,0.20368
306,T306_UAV_9,HAP_1,LEO_0,241.373304,241.325783,0.005342,0.004047,0.190656
306,T306_UAV_15,BS_4,HAP_1,92.373485,92.122661,0.027558,0.053001,0.351326
306,T306_UAV_16,BS_4,HAP_2,343.081217,342.911733,0.031028,0.016867,0.107943
306,T306_UAV_7,BS_4,LEO_1,251.001507,250.951753,0.00206,0.006957,0.20368
306,T306_UAV_0,HAP_1,LEO_0,318.858363,318.794365,0.006988,0.018878,0.190656
306,T306_UAV_18,BS_2,BS_1,71.618316,71.421725,0.027837,0.018961,0.248964
306,T306_UAV_5,BS_4,BS_2,73.370313,73.169926,0.028273,0.023,0.245573
306,T306_UAV_4,BS_4,HAP_0,78.874346,78.691919,0.027051,0.012556,0.214099
306,T306_UAV_3,BS_2,LEO_0,110.142284,110.078221,0.00255,0.023382,0.190656
306,T306_UAV_10,HAP_1,HAP_2,142.579271,142.406623,0.029031,0.022029,0.107943
306,T306_UAV_2,HAP_1,LEO_0,141.849546,141.783477,0.003393,0.024544,0.190656
306,T306_UAV_6,HAP_1,HAP_2,207.134227,206.970768,0.030814,0.011056,0.107943
306,T306_UAV_17,BS_3,LEO_1,209.07651,209.019182,0.001249,0.015343,0.20368
307,T307_UAV_7,BS_4,LEO_1,115.671803,115.587846,0.001058,0.021192,0.308536
307,T307_UAV_12,BS_4,LEO_0,120.31324,120.061905,0.044552,0.031325,0.377291
307,T307_UAV_16,BS_4,HAP_0,286.630108,286.556722,0.005845,0.020974,0.232835
307,T307_UAV_17,BS_3,HAP_2,183.992073,183.774732,0.032486,0.021525,0.31665
307,T307_UAV_10,HAP_1,HAP_0,292.965429,292.895042,0.008607,0.015213,0.232835
307,T307_UAV_19,HAP_1,HAP_0,299.749807,299.675695,0.00882,0.018725,0.232835
307,T307_UAV_5,BS_4,LEO_1,81.348391,81.276323,0.000719,0.009642,0.308536
307,T307_UAV_2,HAP_1,LEO_0,57.076037,56.833219,0.042672,0.024688,0.377291
307,T307_UAV_11,HAP_1,LEO_1,94.873642,94.784496,0.000696,0.026744,0.308536
307,T307_UAV_0,HAP_1,HAP_2,111.687086,111.472245,0.028202,0.023308,0.31665
307,T307_UAV_13,BS_3,HAP_1,65.77751,65.506022,0.026168,0.058456,0.434321
307,T307_UAV_1,BS_0,HAP_0,375.504127,375.443859,0.007404,0.006297,0.232835
308,T308_UAV_5,BS_4,LEO_1,104.700032,104.623365,0.000928,0.00523,0.352549
308,T308_UAV_2,HAP_1,LEO_0,76.728276,76.505773,0.043598,0.013442,0.32731
308,T308_UAV_14,BS_2,HAP_2,165.464839,165.266023,0.028969,0.012908,0.284694
308,T308_UAV_8,BS_4,HAP_0,231.812032,231.617737,0.030471,0.006626,0.285991
308,T308_UAV_6,HAP_1,LEO_1,186.325404,186.228729,0.001345,0.02482,0.352549
308,T308_UAV_18,BS_2,HAP_1,99.468116,99.232402,0.026523,0.055025,0.270826
308,T308_UAV_11,HAP_1,LEO_0,35.609763,35.37815,0.041852,0.024299,0.32731
308,T308_UAV_17,BS_3,BS_1,51.412103,51.225094,0.02279,0.009688,0.272656
308,T308_UAV_0,HAP_1,LEO_1,57.945865,57.852108,0.000466,0.022782,0.352549
308,T308_UAV_7,BS_4,BS_3,63.928207,63.682778,0.025903,0.063878,0.278248
308,T308_UAV_9,HAP_1,HAP_2,97.02467,96.811698,0.027451,0.028583,0.284694
308,T308_UAV_10,HAP_1,BS_4,71.390297,71.172035,0.027774,0.019806,0.353412
308,T308_UAV_13,BS_3,HAP_0,122.147291,121.942846,0.029167,0.01808,0.285991
308,T308_UAV_12,BS_4,BS_0,85.860556,85.630468,0.031387,0.012254,0.43224
308,T308_UAV_19,HAP_1,BS_2,96.579631,96.294909,0.034052,0.064539,0.430652
308,T308_UAV_3,BS_2,HAP_2,132.319523,132.113799,0.028276,0.020508,0.284694
308,T308_UAV_1,BS_0,HAP_0,140.702675,140.499563,0.028007,0.017906,0.285991
309,T309_UAV_16,BS_4,LEO_1,136.414803,136.239728,0.04108,0.007649,0.13173
309,T309_UAV_5,BS_4,LEO_0,153.645918,153.446326,0.043469,0.019018,0.185523
309,T309_UAV_2,HAP_1,HAP_2,238.47903,238.430751,0.00655,0.004784,0.18472
309,T309_UAV_3,BS_2,HAP_0,251.708252,251.507338,0.031515,0.017894,0.257523
309,T309_UAV_7,BS_4,LEO_1,233.099287,232.91488,0.041911,0.01615,0.13173
309,T309_UAV_13,BS_3,LEO_0,234.997364,234.80331,0.047731,0.009219,0.185523
309,T309_UAV_12,BS_4,HAP_2,268.070758,268.015595,0.005128,0.013091,0.18472
309,T309_UAV_17,BS_3,LEO_1,246.030847,245.851805,0.041466,0.01123,0.13173
309,T309_UAV_9,HAP_1,LEO_0,255.302583,255.10493,0.046575,0.013974,0.185523
309,T309_UAV_15,BS_4,BS_1,75.939827,75.727885,0.028913,0.023125,0.299523
309,T309_UAV_1,BS_0,HAP_0,117.579014,117.391525,0.027512,0.008472,0.257523
309,T309_UAV_4,BS_4,LEO_1,80.709339,80.523926,0.040707,0.018361,0.13173
309,T309_UAV_18,BS_2,BS_2,85.549842,85.288594,0.031301,0.062136,0.339054
309,T309_UAV_14,BS_2,BS_4,100.39236,100.13324,0.035011,0.051989,0.360602
309,T309_UAV_10,BS_3,LEO_0,130.016413,129.815509,0.044117,0.019682,0.185523
309,T309_UAV_6,HAP_1,HAP_2,193.329878,193.279709,0.006045,0.00718,0.18472
309,T309_UAV_19,HAP_1,HAP_0,221.423148,221.215118,0.032285,0.024241,0.257523
310,T310_UAV_15,BS_4,LEO_1,106.868071,106.821115,0.000927,0.00507,0.204793
310,T310_UAV_11,HAP_1,LEO_0,74.197215,73.953813,0.043882,0.027984,0.35768
310,T310_UAV_7,BS_4,HAP_0,111.785658,111.72582,0.002759,0.016084,0.20498
310,T310_UAV_18,BS_2,HAP_2,171.496194,171.408835,0.005147,0.023151,0.295304
310,T310_UAV_8,BS_4,BS_1,576.874818,576.537382,0.154052,0.045428,0.18978
310,T310_UAV_4,BS_4,LEO_1,175.597543,175.544193,0.001729,0.010662,0.204793
310,T310_UAV_17,BS_3,LEO_0,132.405002,132.161426,0.047788,0.024252,0.35768
310,T310_UAV_9,HAP_1,BS_1,593.753473,593.424719,0.158272,0.032525,0.18978
310,T310_UAV_13,BS_3,BS_1,807.98799,807.611427,0.211792,0.026814,0.18978
310,T310_UAV_14,BS_2,BS_1,908.746371,908.364617,0.236968,0.00683,0.18978
310,T310_UAV_1,BS_0,LEO_1,61.774115,61.716177,0.000464,0.016515,0.204793
310,T310_UAV_19,HAP_1,HAP_0,73.903574,73.839043,0.002908,0.020626,0.20498
310,T310_UAV_10,BS_3,HAP_2,89.979351,89.912217,0.003395,0.004678,0.295304
310,T310_UAV_0,HAP_1,BS_3,100.47406,100.236913,0.035037,0.047697,0.272063
310,T310_UAV_6,HAP_1,BS_2,101.1705,100.933146,0.035211,0.043536,0.293035
310,T310_UAV_5,BS_4,HAP_1,53.571895,53.334674,0.026211,0.053094,0.289577
310,T310_UAV_3,BS_2,BS_1,322.679646,322.423558,0.090556,0.027577,0.18978
311,T311_UAV_3,BS_2,LEO_1,107.156109,107.080243,0.000728,0.014033,0.305525
311,T311_UAV_17,BS_3,LEO_0,175.421875,175.19494,0.045937,0.02368,0.28659
311,T311_UAV_2,HAP_1,HAP_0,162.601309,162.505134,0.00582,0.025337,0.325089
311,T311_UAV_9,HAP_1,HAP_2,163.021481,162.938595,0.004805,0.005973,0.36054
311,T311_UAV_8,BS_4,LEO_0,177.655675,177.435856,0.044516,0.017985,0.28659
311,T311_UAV_7,BS_4,LEO_1,163.049112,162.976655,0.001492,0.009859,0.305525
311,T311_UAV_13,BS_3,HAP_1,294.255352,294.080668,0.028909,0.018447,0.136647
311,T311_UAV_11,HAP_1,LEO_1,168.117879,168.045315,0.001225,0.010234,0.305525
311,T311_UAV_12,BS_4,LEO_0,261.400592,261.186225,0.046046,0.011003,0.28659
311,T311_UAV_10,BS_3,HAP_0,76.087066,76.013494,0.002995,0.005559,0.325089
311,T311_UAV_14,BS_2,HAP_2,78.15311,78.057765,0.002153,0.021084,0.36054
311,T311_UAV_6,HAP_1,LEO_0,74.332673,74.1018,0.042263,0.031292,0.28659
311,T311_UAV_15,BS_4,HAP_1,140.670698,140.470768,0.027549,0.045051,0.136647
311,T311_UAV_16,BS_4,HAP_1,171.780155,171.594534,0.027946,0.030346,0.136647
311,T311_UAV_19,HAP_1,HAP_1,317.754623,317.585659,0.028565,0.01307,0.136647
312,T312_UAV_16,BS_4,LEO_1,140.927899,140.851139,0.001244,0.004267,0.356249
312,T312_UAV_5,BS_4,LEO_0,263.534767,263.473247,0.004623,0.015307,0.207946
312,T312_UAV_15,BS_4,HAP_0,162.277429,162.18783,0.00376,0.013972,0.359339
312,T312_UAV_0,HAP_1,HAP_2,493.991048,493.808474,0.034868,0.016516,0.155948
312,T312_UAV_18,BS_2,LEO_1,177.37115,177.289918,0.001222,0.00876,0.356249
312,T312_UAV_11,HAP_1,LEO_0,344.582723,344.527651,0.007983,0.005499,0.207946
312,T312_UAV_10,BS_3,HAP_1,97.929125,97.68779,0.026586,0.045564,0.345922
312,T312_UAV_6,HAP_1,HAP_2,507.321326,507.142634,0.037275,0.010227,0.155948
312,T312_UAV_4,BS_4,LEO_0,363.974485,363.891362,0.005902,0.035631,0.207946
312,T312_UAV_7,BS_4,LEO_0,369.423209,369.342574,0.006248,0.032797,0.207946
312,T312_UAV_13,BS_3,HAP_2,593.883736,593.706699,0.040158,0.00569,0.155948
312,T312_UAV_2,HAP_1,LEO_1,116.854954,116.774445,0.000848,0.008411,0.356249
312,T312_UAV_9,HAP_1,HAP_0,153.577054,153.493957,0.005302,0.005928,0.359339
312,T312_UAV_14,BS_2,LEO_0,187.68547,187.615522,0.003728,0.024631,0.207946
312,T312_UAV_19,HAP_1,HAP_2,283.290036,283.103314,0.031851,0.023681,0.155948
312,T312_UAV_8,BS_4,HAP_2,284.622281,284.442703,0.030293,0.018095,0.155948
312,T312_UAV_1,BS_0,LEO_0,239.926618,239.869351,0.005007,0.01067,0.207946
312,T312_UAV_17,BS_3,HAP_2,430.390521,430.201835,0.036124,0.021371,0.155948
313,T313_UAV_18,BS_2,LEO_1,112.167998,111.982316,0.040771,0.003449,0.207307
313,T313_UAV_3,BS_2,LEO_0,94.692373,94.455648,0.044265,0.030621,0.309197
313,T313_UAV_15,BS_4,HAP_0,414.324528,414.147209,0.032076,0.011376,0.169332
313,T313_UAV_12,BS_4,HAP_2,152.827211,152.61033,0.028289,0.006267,0.411625
313,T313_UAV_4,BS_4,LEO_1,162.062706,161.869598,0.041591,0.010055,0.207307
313,T313_UAV_2,HAP_1,LEO_0,109.609923,109.392983,0.045135,0.009965,0.309197
313,T313_UAV_10,BS_3,HAP_1,97.792709,97.529918,0.026589,0.070711,0.327455
313,T313_UAV_7,BS_4,HAP_0,516.281706,516.09174,0.034197,0.021902,0.169332
313,T313_UAV_19,HAP_1,HAP_2,188.879052,188.646264,0.031966,0.018497,0.411625
313,T313_UAV_16,BS_4,HAP_0,527.460336,527.284329,0.034713,0.007427,0.169332
313,T313_UAV_14,BS_2,BS_2,88.393467,88.169076,0.032021,0.04768,0.223448
313,T313_UAV_8,BS_4,LEO_1,119.40878,119.207827,0.04086,0.018632,0.207307
313,T313_UAV_0,HAP_1,BS_1,146.278393,146.039724,0.046482,0.031523,0.303321
313,T313_UAV_11,HAP_1,HAP_0,246.638527,246.447717,0.031358,0.025585,0.169332
313,T313_UAV_9,HAP_1,HAP_0,410.82146,410.641594,0.034455,0.011544,0.169332
313,T313_UAV_17,BS_3,HAP_0,554.972699,554.794579,0.039352,0.004902,0.169332
314,T314_UAV_5,BS_4,LEO_1,126.461474,126.259802,0.041011,0.022811,0.189251
314,T314_UAV_9,HAP_1,LEO_0,195.931725,195.716626,0.045076,0.015989,0.270173
314,T314_UAV_11,HAP_1,HAP_0,148.527714,148.345795,0.030986,0.005545,0.226942
314,T314_UAV_17,BS_3,HAP_2,75.394438,75.152117,0.029385,0.033554,0.396907
314,T314_UAV_8,BS_4,LEO_1,226.004085,225.811958,0.041487,0.01279,0.189251
314,T314_UAV_0,HAP_1,LEO_0,236.139902,235.909881,0.045949,0.030037,0.270173
314,T314_UAV_15,BS_4,HAP_1,191.303876,191.057754,0.029207,0.058189,0.29363
314,T314_UAV_7,BS_4,BS_3,60.044223,59.811648,0.024935,0.067649,0.199949
314,T314_UAV_4,BS_4,HAP_0,63.078549,62.90152,0.026651,0.00499,0.226942
314,T314_UAV_18,BS_2,LEO_1,84.089933,83.896396,0.040529,0.015158,0.189251
314,T314_UAV_2,HAP_1,LEO_0,89.467009,89.226401,0.042475,0.044098,0.270173
314,T314_UAV_6,HAP_1,LEO_1,128.072342,127.88519,0.040844,0.008458,0.189251
314,T314_UAV_1,BS_0,BS_1,133.387889,133.134042,0.043257,0.046375,0.321079
314,T314_UAV_19,HAP_1,LEO_0,168.358269,168.122636,0.045216,0.036383,0.270173
314,T314_UAV_10,BS_3,HAP_1,131.29848,131.089673,0.026845,0.023236,0.29363
315,T315_UAV_16,BS_4,LEO_1,228.544042,228.475181,0.001586,0.015463,0.259056
315,T315_UAV_9,HAP_1,LEO_0,382.969596,382.918638,0.006015,0.006542,0.192004
315,T315_UAV_4,BS_4,HAP_0,71.393098,71.197472,0.027451,0.006724,0.307257
315,T315_UAV_5,BS_4,HAP_2,74.065604,73.824684,0.02715,0.047702,0.330334
315,T315_UAV_14,BS_2,LEO_0,453.999753,453.944175,0.007095,0.010082,0.192004
315,T315_UAV_13,BS_3,LEO_1,323.913778,323.848402,0.001794,0.011771,0.259056
315,T315_UAV_12,BS_4,HAP_1,88.225899,88.01895,0.027488,0.015234,0.321135
315,T315_UAV_10,BS_3,LEO_0,581.94904,581.882223,0.010778,0.017637,0.192004
315,T315_UAV_0,HAP_1,LEO_0,589.08755,589.013892,0.009028,0.026228,0.192004
315,T315_UAV_8,BS_4,LEO_0,598.428982,598.345387,0.009279,0.035915,0.192004
315,T315_UAV_2,HAP_1,LEO_1,123.386249,123.314892,0.000725,0.018822,0.259056
315,T315_UAV_17,BS_3,BS_1,64.609307,64.430849,0.02609,0.010866,0.20751
315,T315_UAV_19,HAP_1,LEO_1,141.257949,141.193351,0.000789,0.011998,0.259056
315,T315_UAV_7,BS_4,LEO_0,163.879568,163.821783,0.002222,0.017163,0.192004
315,T315_UAV_11,HAP_1,LEO_1,166.870715,166.8129,0.000981,0.005023,0.259056
315,T315_UAV_3,BS_2,LEO_1,198.098518,198.033822,0.001106,0.011779,0.259056
315,T315_UAV_1,BS_0,LEO_0,250.451094,250.399225,0.004093,0.009375,0.192004
315,T315_UAV_18,BS_2,LEO_0,272.415114,272.340816,0.004433,0.031465,0.192004
315,T315_UAV_15,BS_4,LEO_0,304.44275,304.382417,0.004306,0.017627,0.192004
316,T316_UAV_15,BS_4,LEO_1,99.316988,99.109324,0.041001,0.005449,0.306069
316,T316_UAV_3,BS_2,LEO_0,107.201583,106.962408,0.044824,0.012048,0.411515
316,T316_UAV_0,HAP_1,HAP_2,273.867592,273.79148,0.006725,0.028417,0.20485
316,T316_UAV_14,BS_2,HAP_0,187.012028,186.819788,0.030673,0.020833,0.203667
316,T316_UAV_12,BS_4,LEO_1,126.712718,126.487608,0.041255,0.022641,0.306069
316,T316_UAV_10,BS_3,LEO_0,129.604839,129.365555,0.047094,0.009886,0.411515
316,T316_UAV_9,HAP_1,HAP_2,91.137523,91.080797,0.002334,0.013422,0.20485
316,T316_UAV_5,BS_4,HAP_0,63.227299,63.024251,0.026795,0.03552,0.203667
316,T316_UAV_19,HAP_1,BS_3,70.072001,69.850553,0.027444,0.040969,0.265173
316,T316_UAV_8,BS_1,BS_2,74.534166,74.324102,0.028562,0.01733,0.32086
316,T316_UAV_13,BS_3,BS_4,94.237049,93.952271,0.033466,0.076636,0.37338
316,T316_UAV_11,HAP_1,HAP_1,62.862844,62.63265,0.025796,0.021379,0.415093
316,T316_UAV_18,BS_2,BS_0,148.397093,148.122353,0.047002,0.035235,0.462513
316,T316_UAV_4,BS_4,HAP_2,164.289994,164.209627,0.002918,0.036479,0.20485
317,T317_UAV_11,HAP_1,LEO_1,159.998345,159.796908,0.041052,0.006352,0.270166
317,T317_UAV_15,BS_4,LEO_0,166.139128,165.872749,0.043787,0.045703,0.384447
317,T317_UAV_12,BS_4,HAP_0,225.127254,225.051277,0.004545,0.023821,0.238052
317,T317_UAV_18,BS_2,HAP_2,168.471379,168.259318,0.030001,0.027677,0.271917
317,T317_UAV_17,BS_3,LEO_1,228.673896,228.465887,0.041358,0.012618,0.270166
317,T317_UAV_0,HAP_1,LEO_0,240.922601,240.661192,0.046053,0.038467,0.384447
317,T317_UAV_7,BS_4,HAP_1,186.906263,186.66314,0.029111,0.033436,0.40288
317,T317_UAV_6,HAP_1,HAP_0,270.639931,270.577604,0.009062,0.005654,0.238052
317,T317_UAV_4,BS_4,HAP_2,185.388429,185.180994,0.028665,0.024386,0.271917
317,T317_UAV_14,BS_2,BS_3,196.737521,196.487043,0.059087,0.042848,0.242715
317,T317_UAV_16,BS_4,BS_2,53.053481,52.819221,0.023188,0.049413,0.308292
317,T317_UAV_19,HAP_1,LEO_1,74.127841,73.913875,0.04046,0.019473,0.270166
317,T317_UAV_5,BS_4,BS_4,57.795402,57.532108,0.024366,0.068169,0.353796
317,T317_UAV_1,BS_0,BS_1,88.0813,87.800081,0.031929,0.060143,0.445734
317,T317_UAV_9,HAP_1,BS_0,91.113337,90.820309,0.032684,0.041465,0.594396
317,T317_UAV_13,BS_3,LEO_1,92.446823,92.245119,0.040569,0.007102,0.270166
317,T317_UAV_8,BS_1,LEO_0,121.446496,121.184764,0.043102,0.041741,0.384447
317,T317_UAV_2,HAP_1,LEO_0,124.661269,124.424096,0.043449,0.016835,0.384447
317,T317_UAV_10,BS_3,HAP_0,148.551561,148.484995,0.004877,0.014079,0.238052
317,T317_UAV_3,BS_2,HAP_1,136.640578,136.414063,0.027201,0.018738,0.40288
318,T318_UAV_5,BS_4,LEO_1,80.907357,80.826271,0.000724,0.032364,0.239985
318,T318_UAV_4,BS_4,LEO_0,170.953517,170.752798,0.043087,0.033665,0.119834
318,T318_UAV_15,BS_4,HAP_2,157.254856,157.182251,0.00298,0.032735,0.184449
318,T318_UAV_11,HAP_1,HAP_0,144.384101,144.176661,0.030798,0.029447,0.235972
318,T318_UAV_13,BS_3,LEO_0,231.25009,231.042192,0.046505,0.037426,0.119834
318,T318_UAV_0,HAP_1,HAP_2,226.786834,226.721604,0.005553,0.022787,0.184449
318,T318_UAV_12,BS_4,LEO_1,59.500864,59.424514,0.000502,0.027851,0.239985
318,T318_UAV_17,BS_3,LEO_1,62.225601,62.17066,0.000402,0.006542,0.239985
318,T318_UAV_7,BS_4,BS_3,80.994909,80.806134,0.030181,0.012475,0.230589
318,T318_UAV_18,BS_2,LEO_0,135.293967,135.111381,0.04314,0.015479,0.119834
318,T318_UAV_9,HAP_1,HAP_0,94.844664,94.662135,0.028281,0.007053,0.235972
318,T318_UAV_2,HAP_1,LEO_0,173.082672,172.875452,0.044112,0.039141,0.119834
318,T318_UAV_8,BS_1,HAP_1,93.549837,93.307087,0.027059,0.064567,0.25562
318,T318_UAV_19,HAP_1,HAP_2,196.018008,195.95393,0.00605,0.021138,0.184449
318,T318_UAV_1,BS_0,LEO_0,315.768933,315.563766,0.047384,0.033816,0.119834
319,T319_UAV_11,HAP_1,LEO_1,171.534305,171.457388,0.001126,0.019502,0.281448
319,T319_UAV_15,BS_4,LEO_0,179.041893,178.965148,0.004098,0.022769,0.249395
319,T319_UAV_17,BS_3,HAP_0,142.23391,142.160362,0.005749,0.022031,0.228839
319,T319_UAV_16,BS_4,HAP_2,173.634896,173.552881,0.003694,0.019642,0.293394
319,T319_UAV_4,BS_4,LEO_1,232.495913,232.420816,0.002033,0.016775,0.281448
319,T319_UAV_14,BS_2,LEO_0,242.82454,242.724188,0.006248,0.044225,0.249395
319,T319_UAV_19,HAP_1,LEO_1,247.964709,247.894918,0.001545,0.011956,0.281448
319,T319_UAV_9,HAP_1,HAP_0,190.398855,190.319902,0.00661,0.026576,0.228839
319,T319_UAV_6,HAP_1,HAP_2,53.931972,53.856729,0.001971,0.014592,0.293394
319,T319_UAV_18,BS_2,BS_3,58.136161,57.896014,0.024457,0.044154,0.357685
319,T319_UAV_12,BS_4,BS_2,61.41757,61.148376,0.025269,0.076924,0.335001
319,T319_UAV_7,BS_4,BS_4,72.035778,71.795533,0.02793,0.041939,0.351878
319,T319_UAV_0,HAP_1,BS_0,86.237343,85.978267,0.031474,0.041269,0.431668
319,T319_UAV_2,HAP_1,LEO_0,115.888905,115.802592,0.003211,0.033223,0.249395
319,T319_UAV_3,BS_2,BS_1,99.065344,98.764949,0.034669,0.066509,0.496084
319,T319_UAV_10,BS_3,HAP_1,52.226341,51.996027,0.025864,0.049019,0.277157
319,T319_UAV_8,BS_1,LEO_1,150.451755,150.370019,0.000986,0.02446,0.281448
319,T319_UAV_1,BS_0,LEO_0,161.510183,161.438646,0.004397,0.017261,0.249395
320,T320_UAV_5,BS_4,LEO_1,131.565705,131.474887,0.001181,0.013259,0.381889
320,T320_UAV_3,BS_2,LEO_0,84.110642,83.89939,0.043775,0.021888,0.227946
320,T320_UAV_12,BS_4,HAP_0,377.218859,377.034847,0.032081,0.013545,0.191927
320,T320_UAV_17,BS_3,HAP_2,97.939931,97.854423,0.005673,0.013474,0.331812
320,T320_UAV_4,BS_4,HAP_0,124.752039,124.566409,0.027632,0.019613,0.191927
320,T320_UAV_10,BS_3,LEO_1,98.023424,97.933766,0.000644,0.012636,0.381889
320,T320_UAV_18,BS_2,LEO_0,79.808312,79.60893,0.043615,0.010178,0.227946
320,T320_UAV_7,BS_4,HAP_0,144.705079,144.534617,0.027819,0.004256,0.191927
320,T320_UAV_11,HAP_1,HAP_1,82.271964,82.016142,0.026051,0.020547,0.54612
320,T320_UAV_1,BS_0,BS_3,180.584919,180.357111,0.055057,0.02687,0.229406
320,T320_UAV_9,HAP_1,LEO_1,195.177384,195.09056,0.001524,0.008923,0.381889
320,T320_UAV_8,BS_1,HAP_0,213.893602,213.719806,0.029633,0.005777,0.191927
321,T321_UAV_18,BS_2,LEO_1,197.939013,197.761357,0.041119,0.015514,0.105115
321,T321_UAV_15,BS_4,LEO_0,108.190169,107.953179,0.044057,0.035635,0.28649
321,T321_UAV_0,HAP_1,HAP_2,185.880288,185.683178,0.030217,0.010925,0.279838
321,T321_UAV_10,BS_3,HAP_0,94.572048,94.358334,0.030305,0.026538,0.284357
321,T321_UAV_17,BS_3,LEO_1,389.810931,389.621992,0.04208,0.025835,0.105115
321,T321_UAV_19,HAP_1,LEO_0,132.673527,132.444174,0.046993,0.025062,0.28649
321,T321_UAV_5,BS_4,LEO_1,101.765224,101.597379,0.040714,0.006109,0.105115
321,T321_UAV_3,BS_2,BS_2,84.98852,84.762304,0.03117,0.040834,0.27106
321,T321_UAV_14,BS_2,LEO_1,130.37321,130.19324,0.040774,0.018173,0.105115
321,T321_UAV_13,BS_3,HAP_1,100.127638,99.918694,0.026429,0.047603,0.174559
321,T321_UAV_1,BS_0,HAP_2,107.610887,107.410465,0.027984,0.016471,0.279838
321,T321_UAV_9,HAP_1,LEO_1,138.007448,137.826089,0.040861,0.019475,0.105115
321,T321_UAV_2,HAP_1,HAP_1,154.178973,153.967167,0.026499,0.050395,0.174559
321,T321_UAV_4,BS_4,LEO_1,222.420648,222.242603,0.041678,0.015345,0.105115
321,T321_UAV_8,BS_1,HAP_1,251.887607,251.713125,0.029147,0.010424,0.174559
322,T322_UAV_16,BS_4,LEO_1,75.491053,75.28197,0.040788,0.007257,0.30519
322,T322_UAV_4,BS_4,LEO_0,147.769998,147.561139,0.043067,0.020807,0.224927
322,T322_UAV_19,HAP_1,HAP_2,197.642935,197.457139,0.031058,0.013182,0.207782
322,T322_UAV_11,HAP_1,HAP_0,139.803698,139.601349,0.030595,0.005863,0.329455
322,T322_UAV_5,BS_4,LEO_1,119.515994,119.288917,0.041268,0.024771,0.30519
322,T322_UAV_6,HAP_1,LEO_0,76.294995,76.097687,0.042292,0.01003,0.224927
322,T322_UAV_2,HAP_1,HAP_2,88.718325,88.532925,0.027399,0.016444,0.207782
322,T322_UAV_18,BS_2,LEO_0,83.146533,82.935854,0.042233,0.023461,0.224927
322,T322_UAV_12,BS_4,BS_0,75.022177,74.770094,0.028673,0.05517,0.341202
322,T322_UAV_0,HAP_1,BS_1,86.967008,86.753226,0.031667,0.01382,0.341477
322,T322_UAV_8,BS_1,LEO_0,106.140275,105.934526,0.042725,0.018037,0.224927
322,T322_UAV_3,BS_2,HAP_2,119.93079,119.740219,0.027935,0.021079,0.207782
322,T322_UAV_1,BS_0,HAP_1,74.256851,73.970546,0.027237,0.075576,0.417458
322,T322_UAV_10,BS_3,HAP_0,167.012776,166.799956,0.031537,0.015392,0.329455
323,T323_UAV_12,BS_4,LEO_1,132.20337,131.99732,0.041,0.007606,0.28722
323,T323_UAV_16,BS_4,LEO_0,134.315488,134.121901,0.042962,0.009716,0.204539
323,T323_UAV_5,BS_4,HAP_0,101.853168,101.797127,0.002879,0.008194,0.224844
323,T323_UAV_4,BS_4,HAP_2,130.963512,130.781747,0.027611,0.005131,0.245113
323,T323_UAV_17,BS_3,LEO_1,188.740146,188.528861,0.041119,0.012722,0.28722
323,T323_UAV_18,BS_2,LEO_0,191.572838,191.352477,0.045153,0.0343,0.204539
323,T323_UAV_13,BS_3,HAP_1,85.632672,85.422055,0.026578,0.034471,0.247836
323,T323_UAV_0,HAP_1,HAP_0,184.396243,184.334787,0.006127,0.01036,0.224844
323,T323_UAV_19,HAP_1,HAP_2,193.306623,193.112969,0.032016,0.012616,0.245113
323,T323_UAV_9,HAP_1,BS_2,195.250159,195.015653,0.05872,0.028489,0.236488
323,T323_UAV_1,BS_0,BS_4,52.677052,52.463983,0.023099,0.017088,0.36441
323,T323_UAV_7,BS_4,BS_1,79.136686,78.87356,0.029699,0.048394,0.425166
323,T323_UAV_15,BS_4,BS_0,91.31628,91.058972,0.032743,0.030787,0.468885
323,T323_UAV_3,BS_2,BS_3,101.896034,101.64603,0.035389,0.01986,0.473777
323,T323_UAV_10,BS_3,LEO_1,150.924465,150.721034,0.040908,0.005079,0.28722
323,T323_UAV_8,BS_1,LEO_0,189.860313,189.66825,0.044888,0.006267,0.204539
323,T323_UAV_2,HAP_1,LEO_1,206.810721,206.584008,0.041353,0.027915,0.28722
323,T323_UAV_11,HAP_1,LEO_0,225.493183,225.267791,0.046925,0.03756,0.204539
324,T324_UAV_9,HAP_1,LEO_1,136.277857,136.22318,0.001057,0.011288,0.211657
324,T324_UAV_4,BS_4,LEO_0,110.502199,110.281812,0.043701,0.02698,0.248529
324,T324_UAV_2,HAP_1,HAP_2,176.562898,176.479543,0.00558,0.027563,0.251062
324,T324_UAV_15,BS_4,HAP_0,179.486626,179.302023,0.029135,0.009218,0.231249
324,T324_UAV_12,BS_4,LEO_1,181.09367,181.044266,0.001519,0.005554,0.211657
324,T324_UAV_18,BS_2,LEO_0,123.492361,123.288155,0.045579,0.008921,0.248529
324,T324_UAV_8,BS_1,LEO_1,56.798993,56.735735,0.000405,0.020522,0.211657
324,T324_UAV_19,HAP_1,HAP_2,62.37341,62.304089,0.002261,0.016847,0.251062
324,T324_UAV_7,BS_4,BS_1,62.667797,62.447325,0.025594,0.032972,0.309528
324,T324_UAV_13,BS_3,HAP_0,75.674659,75.477039,0.028105,0.023266,0.231249
324,T324_UAV_11,HAP_1,BS_0,83.885301,83.64343,0.03089,0.043534,0.337234
324,T324_UAV_17,BS_3,BS_4,101.080745,100.858727,0.035192,0.015882,0.354717
324,T324_UAV_6,HAP_1,BS_2,122.587571,122.343164,0.040561,0.028027,0.3791
324,T324_UAV_1,BS_0,HAP_1,65.516995,65.317455,0.026967,0.018045,0.272638
324,T324_UAV_14,BS_2,BS_3,181.697565,181.414361,0.055321,0.05525,0.36316
325,T325_UAV_19,HAP_1,LEO_1,137.999566,137.796634,0.040932,0.018945,0.215271
325,T325_UAV_3,BS_2,LEO_0,110.280062,110.059713,0.044944,0.019139,0.281334
325,T325_UAV_12,BS_4,HAP_2,212.523557,212.344339,0.029138,0.013117,0.184812
325,T325_UAV_17,BS_3,HAP_0,182.423585,182.351154,0.007354,0.02172,0.216784
325,T325_UAV_10,BS_3,LEO_1,185.434833,185.229787,0.041211,0.020781,0.215271
325,T325_UAV_11,HAP_1,LEO_0,50.135336,49.918446,0.042627,0.017996,0.281334
325,T325_UAV_5,BS_4,HAP_2,107.489593,107.298324,0.027139,0.027168,0.184812
325,T325_UAV_7,BS_4,HAP_0,83.265491,83.195953,0.00197,0.024212,0.216784
325,T325_UAV_9,HAP_1,HAP_1,124.939283,124.742267,0.026388,0.032511,0.190582
325,T325_UAV_0,HAP_1,HAP_2,135.903015,135.716099,0.028288,0.021666,0.184812
325,T325_UAV_18,BS_2,LEO_1,142.617497,142.405473,0.04099,0.027981,0.215271
325,T325_UAV_8,BS_1,HAP_1,167.328671,167.12817,0.027754,0.034631,0.190582
325,T325_UAV_13,BS_3,BS_3,175.710717,175.428901,0.053825,0.069678,0.291561
325,T325_UAV_1,BS_0,HAP_1,277.170457,276.981191,0.030759,0.02039,0.190582
326,T326_UAV_4,BS_4,LEO_1,139.279294,139.089653,0.041212,0.008169,0.2013
326,T326_UAV_0,HAP_1,LEO_0,145.594062,145.367117,0.043626,0.040286,0.215169
326,T326_UAV_18,BS_2,HAP_2,197.05632,196.990109,0.004996,0.012634,0.242901
326,T326_UAV_7,BS_4,HAP_0,131.534567,131.47329,0.003105,0.006308,0.25932
326,T326_UAV_17,BS_3,LEO_1,207.711921,207.503243,0.041231,0.027187,0.2013
326,T326_UAV_12,BS_4,LEO_0,209.1336,208.907731,0.044874,0.037961,0.215169
326,T326_UAV_14,BS_2,HAP_2,237.039643,236.973315,0.005623,0.012125,0.242901
326,T326_UAV_10,BS_3,HAP_0,165.175363,165.092539,0.006463,0.024497,0.25932
326,T326_UAV_2,HAP_1,LEO_1,249.088423,248.890654,0.041625,0.015884,0.2013
326,T326_UAV_19,HAP_1,BS_4,56.356642,56.125121,0.024014,0.05351,0.269986
326,T326_UAV_6,HAP_1,BS_2,59.444303,59.197837,0.024782,0.057704,0.3199
326,T326_UAV_9,HAP_1,LEO_0,120.62216,120.422669,0.04317,0.013287,0.215169
326,T326_UAV_16,BS_4,BS_3,101.615293,101.367874,0.035319,0.049043,0.315283
326,T326_UAV_3,BS_2,BS_1,108.036848,107.796706,0.036926,0.026992,0.381122
326,T326_UAV_11,HAP_1,LEO_1,132.529131,132.329362,0.040858,0.018651,0.2013
326,T326_UAV_13,BS_3,HAP_1,69.651351,69.424462,0.026288,0.035798,0.324009
326,T326_UAV_8,BS_1,LEO_0,218.024485,217.811382,0.045632,0.024438,0.215169
326,T326_UAV_1,BS_0,HAP_2,249.874875,249.79926,0.006009,0.021025,0.242901
327,T327_UAV_13,BS_3,LEO_1,170.519585,170.476241,0.000979,0.005806,0.182797
327,T327_UAV_14,BS_2,LEO_0,85.55984,85.329861,0.043634,0.024028,0.311583
327,T327_UAV_15,BS_4,HAP_2,138.541816,138.339127,0.027976,0.024894,0.249093
327,T327_UAV_16,BS_4,LEO_1,235.559389,235.51671,0.00175,0.00437,0.182797
327,T327_UAV_6,HAP_1,LEO_1,279.831136,279.781314,0.001739,0.011524,0.182797
327,T327_UAV_17,BS_3,HAP_2,178.112027,177.918184,0.032092,0.011932,0.249093
327,T327_UAV_2,HAP_1,LEO_1,292.871427,292.815235,0.001791,0.017841,0.182797
327,T327_UAV_10,BS_3,HAP_0,93.752553,93.652513,0.003665,0.022708,0.368337
327,T327_UAV_19,HAP_1,BS_2,52.104934,51.914817,0.022962,0.020634,0.232603
327,T327_UAV_7,BS_4,BS_3,71.872794,71.652836,0.027894,0.037449,0.273076
327,T327_UAV_8,BS_1,LEO_0,75.484975,75.252442,0.043253,0.026962,0.311583
327,T327_UAV_5,BS_4,BS_0,91.505368,91.254501,0.032792,0.058251,0.299116
327,T327_UAV_1,BS_0,HAP_1,64.684322,64.424518,0.026928,0.050501,0.411874
327,T327_UAV_11,HAP_1,HAP_0,148.274427,148.186742,0.00592,0.008098,0.368337
327,T327_UAV_18,BS_2,LEO_1,206.377619,206.318559,0.001236,0.021264,0.182797
328,T328_UAV_13,BS_3,HAP_0,442.091182,441.928988,0.035953,0.006871,0.096846
328,T328_UAV_10,BS_3,HAP_2,363.519314,363.332788,0.034525,0.012762,0.196193
328,T328_UAV_2,HAP_1,HAP_0,578.070052,577.909386,0.037797,0.0035,0.096846
328,T328_UAV_7,BS_4,HAP_2,476.695731,476.518166,0.032427,0.0059,0.196193
328,T328_UAV_15,BS_4,HAP_0,687.732881,687.568891,0.036281,0.00834,0.096846
328,T328_UAV_19,HAP_1,HAP_0,688.775603,688.589773,0.041269,0.025192,0.096846
328,T328_UAV_17,BS_3,LEO_1,34.918337,34.708459,0.040253,0.020914,0.243553
328,T328_UAV_4,BS_4,LEO_0,74.564438,74.36526,0.042502,0.012543,0.220664
328,T328_UAV_5,BS_4,HAP_2,146.534374,146.342644,0.02754,0.024951,0.196193
328,T328_UAV_11,HAP_1,LEO_1,93.110351,92.908747,0.040753,0.01214,0.243553
328,T328_UAV_1,BS_0,LEO_0,131.587244,131.37946,0.045988,0.017663,0.220664
328,T328_UAV_3,BS_2,HAP_2,203.868855,203.69284,0.029242,0.007535,0.196193
328,T328_UAV_6,HAP_1,HAP_0,234.699435,234.529795,0.03067,0.019601,0.096846
328,T328_UAV_8,BS_1,HAP_2,232.059163,231.875136,0.02961,0.015179,0.196193
328,T328_UAV_18,BS_2,HAP_0,361.532771,361.377454,0.03251,0.003437,0.096846
328,T328_UAV_0,HAP_1,HAP_0,424.24577,424.087194,0.034014,0.005193,0.096846
329,T329_UAV_15,BS_4,LEO_1,114.20129,113.964612,0.040962,0.034033,0.308414
329,T329_UAV_10,BS_3,LEO_0,118.223053,118.147844,0.00471,0.027932,0.212834
329,T329_UAV_12,BS_4,HAP_0,120.712076,120.484757,0.027821,0.019331,0.400837
329,T329_UAV_13,BS_3,HAP_2,140.592435,140.352915,0.03061,0.022589,0.431604
329,T329_UAV_6,HAP_1,LEO_1,172.267345,172.034924,0.041251,0.029487,0.308414
329,T329_UAV_4,BS_4,LEO_0,181.943111,181.879068,0.004596,0.01688,0.212834
329,T329_UAV_16,BS_4,HAP_1,95.07607,94.871758,0.027392,0.024299,0.263106
329,T329_UAV_11,HAP_1,HAP_0,184.838353,184.61481,0.032358,0.011017,0.400837
329,T329_UAV_5,BS_4,BS_0,57.069056,56.845447,0.024194,0.046837,0.262885
329,T329_UAV_9,HAP_1,BS_3,60.354682,60.136681,0.025017,0.045539,0.237228
329,T329_UAV_3,BS_2,BS_1,62.624363,62.389849,0.02558,0.049992,0.294713
329,T329_UAV_17,BS_3,BS_4,80.82542,80.558274,0.03012,0.0669,0.350635
329,T329_UAV_7,BS_4,HAP_2,97.805169,97.54795,0.026901,0.043997,0.431604
329,T329_UAV_0,HAP_1,LEO_1,112.60783,112.372857,0.040916,0.032373,0.308414
329,T329_UAV_1,BS_0,BS_2,152.075728,151.751853,0.047909,0.067365,0.543006
329,T329_UAV_8,BS_1,LEO_0,184.453738,184.389069,0.005873,0.016229,0.212834
330,T330_UAV_12,BS_4,LEO_1,233.616127,233.551555,0.001635,0.018553,0.221925
330,T330_UAV_7,BS_4,LEO_0,239.300364,239.235158,0.00449,0.007506,0.266048
330,T330_UAV_3,BS_2,HAP_0,151.79016,151.575923,0.029434,0.022911,0.309462
330,T330_UAV_13,BS_3,HAP_2,76.980551,76.736973,0.029417,0.034025,0.400682
330,T330_UAV_10,BS_3,LEO_1,248.710729,248.656108,0.001404,0.008832,0.221925
330,T330_UAV_9,HAP_1,LEO_0,255.182366,255.097288,0.005815,0.026053,0.266048
330,T330_UAV_19,HAP_1,LEO_1,283.380499,283.308277,0.00165,0.026187,0.221925
330,T330_UAV_5,BS_4,BS_3,199.736805,199.493969,0.059839,0.034272,0.24363
330,T330_UAV_16,BS_4,BS_0,50.944334,50.725996,0.022665,0.042157,0.267576
330,T330_UAV_14,BS_2,BS_1,56.414882,56.214971,0.024037,0.016934,0.294707
330,T330_UAV_6,HAP_1,HAP_0,78.018422,77.797429,0.028076,0.031024,0.309462
330,T330_UAV_18,BS_2,BS_4,86.320778,86.031965,0.031487,0.08583,0.357475
330,T330_UAV_4,BS_4,LEO_0,138.69036,138.622057,0.002529,0.012565,0.266048
330,T330_UAV_11,HAP_1,LEO_1,147.12938,147.07626,0.000889,0.007845,0.221925
330,T330_UAV_17,BS_3,HAP_1,72.573118,72.320639,0.026423,0.053542,0.36257
330,T330_UAV_0,HAP_1,LEO_0,235.995423,235.930648,0.005068,0.006497,0.266048
330,T330_UAV_1,BS_0,LEO_1,319.036557,318.966578,0.002014,0.02358,0.221925
330,T330_UAV_8,BS_1,LEO_0,332.245553,332.166195,0.007433,0.018716,0.266048
331,T331_UAV_16,BS_4,LEO_1,82.929822,82.72285,0.040741,0.015246,0.254926
331,T331_UAV_12,BS_4,LEO_0,72.174633,71.981064,0.042767,0.007581,0.216108
331,T331_UAV_3,BS_2,HAP_0,148.759968,148.54865,0.02934,0.026801,0.275891
331,T331_UAV_17,BS_3,LEO_1,157.770483,157.565743,0.041015,0.012739,0.254926
331,T331_UAV_11,HAP_1,LEO_0,108.12853,107.920516,0.045697,0.019096,0.216108
331,T331_UAV_14,BS_2,HAP_1,456.630591,456.452841,0.030751,0.010457,0.182714
331,T331_UAV_6,HAP_1,HAP_0,167.453845,167.239896,0.031611,0.027161,0.275891
331,T331_UAV_1,BS_0,HAP_2,51.920033,51.699514,0.026883,0.024811,0.344127
331,T331_UAV_10,BS_3,BS_3,59.610193,59.384108,0.024829,0.058112,0.215726
331,T331_UAV_4,BS_4,BS_2,68.028582,67.788621,0.026929,0.055475,0.287788
331,T331_UAV_7,BS_4,LEO_1,80.811146,80.605752,0.040744,0.013666,0.254926
331,T331_UAV_8,BS_1,HAP_1,176.951625,176.733639,0.027602,0.05384,0.182714
331,T331_UAV_9,HAP_1,HAP_1,203.346161,203.149648,0.027036,0.032934,0.182714
331,T331_UAV_0,HAP_1,HAP_1,277.899457,277.680976,0.028379,0.053559,0.182714
331,T331_UAV_18,BS_2,HAP_1,362.001783,361.819935,0.02923,0.016076,0.182714
332,T332_UAV_16,BS_4,LEO_1,162.794424,162.594203,0.041311,0.020152,0.193795
332,T332_UAV_11,HAP_1,LEO_0,148.722798,148.524757,0.045673,0.005068,0.236497
332,T332_UAV_18,BS_2,HAP_0,148.67091,148.596636,0.004735,0.031791,0.18874
332,T332_UAV_0,HAP_1,HAP_2,151.871437,151.682316,0.029185,0.039776,0.100808
332,T332_UAV_12,BS_4,LEO_1,202.576375,202.391315,0.04152,0.004781,0.193795
332,T332_UAV_4,BS_4,LEO_0,152.421486,152.225333,0.043851,0.005003,0.236497
332,T332_UAV_14,BS_4,HAP_1,177.681836,177.460521,0.027678,0.041267,0.261855
332,T332_UAV_17,BS_3,HAP_0,172.2793,172.225965,0.006924,0.008663,0.18874
332,T332_UAV_5,BS_4,HAP_2,178.68334,178.519255,0.028954,0.01497,0.100808
332,T332_UAV_7,BS_4,BS_3,52.215334,52.033152,0.022992,0.015198,0.219963
332,T332_UAV_15,BS_4,LEO_1,85.368899,85.156088,0.040646,0.033406,0.193795
332,T332_UAV_1,BS_0,BS_2,67.795622,67.583558,0.026877,0.037938,0.236245
332,T332_UAV_19,HAP_1,BS_4,78.022799,77.793213,0.029429,0.025967,0.370954
332,T332_UAV_6,HAP_1,BS_1,100.964932,100.730679,0.03516,0.011251,0.439208
332,T332_UAV_2,HAP_1,BS_0,106.145693,105.904552,0.036453,0.015747,0.444705
332,T332_UAV_10,BS_3,LEO_0,103.365366,103.156654,0.044112,0.017301,0.236497
332,T332_UAV_3,BS_2,LEO_1,168.068568,167.866828,0.041056,0.021925,0.193795
332,T332_UAV_8,BS_1,HAP_1,184.473502,184.260802,0.028358,0.031972,0.261855
333,T333_UAV_7,BS_4,LEO_1,120.137883,120.056503,0.000996,0.029155,0.256147
333,T333_UAV_14,BS_4,LEO_0,175.902883,175.847601,0.004472,0.005857,0.224763
333,T333_UAV_0,HAP_1,HAP_0,143.911846,143.843358,0.004718,0.005661,0.290547
333,T333_UAV_4,BS_4,HAP_2,149.138888,148.928262,0.028017,0.035402,0.23603
333,T333_UAV_10,BS_3,LEO_1,210.757517,210.699263,0.001262,0.005762,0.256147
333,T333_UAV_5,BS_4,LEO_0,227.647742,227.568112,0.00501,0.029667,0.224763
333,T333_UAV_13,BS_3,HAP_1,90.128284,89.921308,0.026688,0.029311,0.254887
333,T333_UAV_19,HAP_1,LEO_1,228.983847,228.901548,0.001418,0.029652,0.256147
333,T333_UAV_2,HAP_1,HAP_0,51.214461,51.143854,0.001777,0.01072,0.290547
333,T333_UAV_18,BS_2,BS_2,55.054786,54.823839,0.023689,0.064926,0.211659
333,T333_UAV_12,BS_4,BS_3,55.932581,55.687882,0.023905,0.058213,0.312906
333,T333_UAV_6,HAP_1,HAP_2,60.158948,59.955351,0.027141,0.02925,0.23603
333,T333_UAV_17,BS_3,BS_4,72.898781,72.648963,0.028143,0.05109,0.352922
333,T333_UAV_1,BS_0,LEO_0,90.448223,90.382431,0.002442,0.018397,0.224763
333,T333_UAV_16,BS_4,BS_1,81.456999,81.18776,0.030277,0.058333,0.403145
333,T333_UAV_3,BS_2,LEO_1,116.810822,116.745318,0.000735,0.013538,0.256147
333,T333_UAV_11,HAP_1,LEO_0,138.791291,138.729561,0.004277,0.012501,0.224763
333,T333_UAV_8,BS_1,BS_0,182.011245,181.754164,0.055406,0.014002,0.438365
334,T334_UAV_13,BS_3,LEO_1,155.353768,155.144067,0.040946,0.025522,0.216169
334,T334_UAV_9,HAP_1,LEO_0,133.602765,133.534493,0.004373,0.007902,0.279989
334,T334_UAV_15,BS_4,HAP_2,136.817524,136.747161,0.002976,0.026098,0.206445
334,T334_UAV_17,BS_3,HAP_0,156.340472,156.251582,0.006276,0.014552,0.340313
334,T334_UAV_2,HAP_1,LEO_1,226.734398,226.536916,0.041472,0.012776,0.216169
334,T334_UAV_14,BS_4,LEO_0,184.229445,184.154929,0.005734,0.012785,0.279989
334,T334_UAV_3,BS_2,HAP_1,93.913109,93.692919,0.026875,0.034374,0.294712
334,T334_UAV_11,HAP_1,HAP_2,185.174564,185.088526,0.006835,0.037914,0.206445
334,T334_UAV_16,BS_4,HAP_0,59.110994,59.036945,0.001568,0.004419,0.340313
334,T334_UAV_18,BS_2,BS_2,68.272816,68.04208,0.026992,0.050361,0.266912
334,T334_UAV_0,HAP_1,BS_3,78.524803,78.323615,0.029561,0.015682,0.279725
334,T334_UAV_19,HAP_1,BS_4,86.686796,86.459273,0.031594,0.019444,0.382428
334,T334_UAV_10,BS_3,BS_0,92.522215,92.258845,0.033043,0.044006,0.431606
334,T334_UAV_5,BS_4,BS_1,103.542551,103.267336,0.035794,0.037737,0.50842
334,T334_UAV_6,HAP_1,LEO_1,157.768591,157.563598,0.041048,0.020711,0.216169
334,T334_UAV_1,BS_0,LEO_0,126.63968,126.555084,0.004205,0.024394,0.279989
334,T334_UAV_8,BS_1,LEO_1,237.702786,237.509584,0.041533,0.008435,0.216169
335,T335_UAV_16,BS_4,LEO_1,171.904824,171.859017,0.001213,0.00593,0.19332
335,T335_UAV_12,BS_4,LEO_0,59.822591,59.736329,0.002308,0.007487,0.38234
335,T335_UAV_5,BS_4,HAP_2,187.257218,187.192299,0.003398,0.005453,0.280334
335,T335_UAV_7,BS_4,HAP_0,225.96545,225.788015,0.029602,0.018578,0.146277
335,T335_UAV_4,BS_4,LEO_1,326.45007,326.392557,0.002451,0.016398,0.19332
335,T335_UAV_13,BS_3,LEO_1,345.023367,344.967168,0.001887,0.015648,0.19332
335,T335_UAV_0,HAP_1,HAP_0,275.629293,275.450473,0.032685,0.016879,0.146277
335,T335_UAV_14,BS_4,LEO_0,33.532129,33.43468,0.001416,0.019566,0.38234
335,T335_UAV_15,BS_4,HAP_2,119.814616,119.737613,0.002154,0.018782,0.280334
335,T335_UAV_2,HAP_1,BS_3,126.586092,126.338797,0.041559,0.032397,0.366696
335,T335_UAV_11,HAP_1,LEO_1,190.807411,190.749382,0.001089,0.018276,0.19332
335,T335_UAV_19,HAP_1,HAP_2,196.579818,196.500711,0.005313,0.017727,0.280334
335,T335_UAV_17,BS_3,HAP_0,169.419009,169.253183,0.030663,0.005908,0.146277
335,T335_UAV_1,BS_0,LEO_1,281.445132,281.396616,0.001685,0.008167,0.19332
335,T335_UAV_8,BS_1,LEO_1,325.67268,325.609749,0.001873,0.022394,0.19332
335,T335_UAV_18,BS_2,HAP_2,366.035391,365.948884,0.008356,0.022084,0.280334
336,T336_UAV_5,BS_4,LEO_1,70.765004,70.688518,0.000765,0.013315,0.312031
336,T336_UAV_13,BS_3,LEO_0,245.688064,245.505423,0.045518,0.015861,0.106312
336,T336_UAV_10,BS_3,HAP_0,113.75945,113.564131,0.029424,0.021125,0.223849
336,T336_UAV_3,BS_1,LEO_0,285.259896,285.083362,0.045284,0.009987,0.106312
336,T336_UAV_12,BS_4,HAP_2,88.997525,88.769454,0.027492,0.037381,0.315989
336,T336_UAV_9,HAP_1,HAP_0,153.132902,152.951579,0.030382,0.006172,0.223849
336,T336_UAV_2,HAP_1,LEO_0,446.684899,446.500706,0.048517,0.014414,0.106312
336,T336_UAV_8,BS_1,LEO_1,66.207385,66.123738,0.000535,0.020706,0.312031
336,T336_UAV_4,BS_4,BS_3,82.207974,82.000259,0.03048,0.023837,0.266992
336,T336_UAV_14,BS_4,LEO_0,174.905534,174.719593,0.043103,0.021576,0.106312
336,T336_UAV_17,BS_3,HAP_1,49.281232,49.086044,0.025943,0.020344,0.244502
336,T336_UAV_18,BS_2,LEO_0,241.799294,241.622977,0.044478,0.010577,0.106312
336,T336_UAV_19,HAP_1,LEO_0,274.516764,274.342282,0.045687,0.007533,0.106312
336,T336_UAV_6,HAP_1,LEO_0,327.985234,327.809434,0.04667,0.007867,0.106312
337,T337_UAV_5,BS_4,LEO_1,149.072317,148.873322,0.041219,0.008994,0.243913
337,T337_UAV_12,BS_4,LEO_0,90.762086,90.512174,0.043494,0.024363,0.410269
337,T337_UAV_17,BS_3,HAP_0,168.109271,167.924884,0.030613,0.011439,0.211679
337,T337_UAV_19,HAP_1,HAP_2,185.888008,185.667832,0.031593,0.016576,0.360036
337,T337_UAV_8,BS_1,LEO_1,201.311919,201.104723,0.041294,0.017119,0.243913
337,T337_UAV_4,BS_4,HAP_0,235.674165,235.483226,0.030511,0.018093,0.211679
337,T337_UAV_14,BS_4,BS_1,194.114924,193.89164,0.058439,0.016151,0.243476
337,T337_UAV_7,BS_4,LEO_0,46.103477,45.854684,0.041599,0.025141,0.410269
337,T337_UAV_11,HAP_1,LEO_1,70.862189,70.654546,0.04045,0.018411,0.243913
337,T337_UAV_9,HAP_1,BS_0,77.639642,77.407634,0.029332,0.04074,0.309676
337,T337_UAV_0,HAP_1,LEO_1,84.52952,84.331671,0.040626,0.008441,0.243913
337,T337_UAV_3,BS_1,BS_3,93.157636,92.901657,0.033204,0.049688,0.365438
337,T337_UAV_2,HAP_1,BS_4,101.568027,101.341837,0.035313,0.019251,0.358129
337,T337_UAV_13,BS_3,HAP_2,105.962098,105.742567,0.029225,0.018298,0.360036
337,T337_UAV_16,BS_4,HAP_0,140.925303,140.739462,0.028276,0.01523,0.211679
338,T338_UAV_17,BS_3,LEO_1,278.095529,277.908116,0.041486,0.007154,0.193865
338,T338_UAV_2,HAP_1,LEO_0,128.165424,127.916997,0.045934,0.02964,0.364263
338,T338_UAV_6,HAP_1,HAP_0,145.558811,145.49662,0.005711,0.009735,0.233725
338,T338_UAV_5,BS_4,HAP_2,190.042027,189.965483,0.004159,0.02606,0.231622
338,T338_UAV_8,BS_1,LEO_1,311.908047,311.708204,0.041788,0.019282,0.193865
338,T338_UAV_7,BS_4,LEO_0,131.051419,130.823854,0.044582,0.01013,0.364263
338,T338_UAV_4,BS_4,LEO_1,393.338823,393.139963,0.042943,0.017144,0.193865
338,T338_UAV_1,BS_0,HAP_0,61.795848,61.716752,0.001511,0.03084,0.233725
338,T338_UAV_19,HAP_1,HAP_2,66.375231,66.305152,0.002352,0.021403,0.231622
338,T338_UAV_10,BS_3,BS_3,82.801099,82.552978,0.030618,0.059368,0.290672
338,T338_UAV_13,BS_3,BS_1,89.919459,89.679083,0.032399,0.048318,0.298297
338,T338_UAV_9,HAP_1,LEO_1,151.746584,151.541254,0.040928,0.025629,0.193865
338,T338_UAV_0,HAP_1,HAP_1,55.478749,55.262424,0.025955,0.03044,0.29965
338,T338_UAV_18,BS_2,LEO_1,152.333882,152.14743,0.040879,0.0068,0.193865
338,T338_UAV_3,BS_1,BS_4,133.561888,133.277464,0.043293,0.070268,0.354315
338,T338_UAV_12,BS_4,LEO_1,254.255005,254.055504,0.041667,0.01906,0.193865
339,T339_UAV_7,BS_4,LEO_1,126.397324,126.170789,0.041043,0.036913,0.242891
339,T339_UAV_12,BS_4,LEO_0,99.124244,99.067111,0.002839,0.007078,0.23608
339,T339_UAV_13,BS_3,HAP_2,121.082318,120.992264,0.004839,0.028336,0.28439
339,T339_UAV_10,BS_3,HAP_0,136.291676,136.210113,0.005305,0.013083,0.315871
339,T339_UAV_8,BS_1,LEO_1,199.772729,199.577042,0.041282,0.005827,0.242891
339,T339_UAV_15,BS_4,LEO_0,152.193717,152.122688,0.00433,0.019483,0.23608
339,T339_UAV_19,HAP_1,HAP_2,171.029316,170.937181,0.006053,0.029204,0.28439
339,T339_UAV_0,HAP_1,HAP_0,192.43387,192.351176,0.006258,0.013262,0.315871
339,T339_UAV_9,HAP_1,LEO_1,264.268159,264.052638,0.041825,0.025118,0.242891
339,T339_UAV_18,BS_2,BS_3,56.125507,55.910164,0.023961,0.032933,0.292247
339,T339_UAV_11,HAP_1,BS_1,76.805969,76.56084,0.029121,0.05078,0.326138
339,T339_UAV_5,BS_4,LEO_0,77.971789,77.889867,0.002064,0.032642,0.23608
339,T339_UAV_17,BS_3,BS_4,86.481801,86.239144,0.031539,0.040084,0.35517
339,T339_UAV_2,HAP_1,BS_2,106.90889,106.648604,0.036639,0.042323,0.406621
339,T339_UAV_14,BS_4,LEO_1,122.183126,121.979382,0.040841,0.014326,0.242891
339,T339_UAV_3,BS_1,HAP_1,69.701859,69.467612,0.026407,0.035654,0.360936
340,T340_UAV_11,HAP_1,LEO_1,242.86877,242.655698,0.041445,0.015352,0.281376
340,T340_UAV_0,HAP_1,LEO_0,198.842869,198.758486,0.004903,0.026798,0.263406
340,T340_UAV_3,BS_1,HAP_2,168.840992,168.741275,0.004697,0.025941,0.345394
340,T340_UAV_16,BS_4,HAP_0,172.93637,172.839857,0.004641,0.016585,0.376433
340,T340_UAV_15,BS_4,LEO_1,251.793658,251.566749,0.041757,0.028877,0.281376
340,T340_UAV_17,BS_3,LEO_0,217.131318,217.039638,0.007158,0.031842,0.263406
340,T340_UAV_14,BS_4,HAP_1,92.790435,92.593849,0.026642,0.014581,0.276815
340,T340_UAV_13,BS_3,HAP_2,191.408278,191.326239,0.007653,0.005308,0.345394
340,T340_UAV_6,HAP_1,LEO_1,320.983078,320.769963,0.042004,0.014835,0.281376
340,T340_UAV_12,BS_4,HAP_0,194.753302,194.667841,0.004679,0.005495,0.376433
340,T340_UAV_9,HAP_1,BS_1,51.007408,50.811191,0.022686,0.011545,0.309927
340,T340_UAV_7,BS_4,LEO_0,70.969668,70.907411,0.001537,0.008039,0.263406
340,T340_UAV_8,BS_1,LEO_1,100.2124,100.005839,0.040601,0.009684,0.281376
340,T340_UAV_19,HAP_1,BS_2,84.012847,83.800433,0.03093,0.016919,0.322828
340,T340_UAV_10,BS_3,BS_3,87.214603,86.986713,0.031726,0.024279,0.359425
340,T340_UAV_5,BS_4,LEO_0,82.541702,82.466746,0.001801,0.020474,0.263406
340,T340_UAV_2,HAP_1,BS_4,96.187844,95.967582,0.03397,0.015877,0.352077
340,T340_UAV_18,BS_2,LEO_1,104.542993,104.323607,0.040635,0.022475,0.281376
340,T340_UAV_1,BS_0,BS_0,111.971858,111.712949,0.037904,0.036338,0.423334
341,T341_UAV_4,BS_4,LEO_1,151.80069,151.600769,0.041308,0.019459,0.195775
341,T341_UAV_16,BS_4,LEO_0,160.014185,159.802694,0.043505,0.03049,0.187481
341,T341_UAV_8,BS_1,HAP_2,310.389246,310.217855,0.031258,0.020381,0.098762
341,T341_UAV_14,BS_4,HAP_0,140.33332,140.158022,0.029296,0.022637,0.116827
341,T341_UAV_2,HAP_1,LEO_1,191.99744,191.779932,0.041244,0.037109,0.195775
341,T341_UAV_7,BS_4,LEO_0,220.220526,220.020627,0.044775,0.017628,0.187481
341,T341_UAV_10,BS_3,HAP_1,95.525189,95.303926,0.026708,0.039527,0.27514
341,T341_UAV_12,BS_4,HAP_2,461.479595,461.31231,0.033029,0.014504,0.098762
341,T341_UAV_15,BS_4,HAP_0,51.698994,51.54546,0.026182,0.003987,0.116827
341,T341_UAV_18,BS_2,BS_1,55.377361,55.204477,0.023784,0.011336,0.188815
341,T341_UAV_5,BS_4,LEO_1,83.121157,82.932969,0.040682,0.008351,0.195775
341,T341_UAV_1,BS_0,LEO_0,104.107797,103.922929,0.042791,0.004581,0.187481
341,T341_UAV_6,HAP_1,HAP_2,163.929873,163.763699,0.029066,0.017357,0.098762
341,T341_UAV_11,HAP_1,LEO_1,108.858155,108.654147,0.040688,0.024164,0.195775
341,T341_UAV_3,BS_1,LEO_0,121.721176,121.512801,0.043227,0.027651,0.187481
341,T341_UAV_9,HAP_1,HAP_2,178.722546,178.557707,0.029001,0.016086,0.098762
341,T341_UAV_17,BS_3,HAP_2,405.800863,405.619333,0.035931,0.025847,0.098762
342,T342_UAV_5,BS_4,LEO_1,166.353331,166.165418,0.041266,0.009163,0.187425
342,T342_UAV_4,BS_4,LEO_0,147.192615,146.974689,0.043095,0.031092,0.2187
342,T342_UAV_3,BS_1,HAP_0,157.896822,157.708008,0.029541,0.012403,0.234349
342,T342_UAV_10,BS_3,HAP_2,169.119109,168.888666,0.031422,0.010903,0.440588
342,T342_UAV_14,BS_4,LEO_1,215.460788,215.254213,0.041393,0.027698,0.187425
342,T342_UAV_12,BS_4,LEO_0,234.962952,234.746264,0.045525,0.027423,0.2187
342,T342_UAV_16,BS_4,LEO_1,291.727311,291.524815,0.0422,0.022811,0.187425
342,T342_UAV_2,HAP_1,HAP_0,177.859046,177.671327,0.031095,0.009755,0.234349
342,T342_UAV_11,HAP_1,BS_3,53.796293,53.576662,0.023377,0.053581,0.213366
342,T342_UAV_7,BS_4,BS_1,69.68207,69.457826,0.027346,0.049637,0.236306
342,T342_UAV_13,BS_3,BS_4,72.779128,72.546741,0.028118,0.033937,0.351661
342,T342_UAV_18,BS_2,HAP_2,86.40405,86.146797,0.027472,0.041664,0.440588
342,T342_UAV_15,BS_4,LEO_1,109.61314,109.428373,0.040762,0.006521,0.187425
342,T342_UAV_19,HAP_1,LEO_0,109.949654,109.748063,0.043299,0.014552,0.2187
342,T342_UAV_8,BS_1,HAP_1,55.256265,55.015413,0.02622,0.064134,0.252491
342,T342_UAV_9,HAP_1,LEO_1,131.756148,131.546957,0.040846,0.03086,0.187425
342,T342_UAV_1,BS_0,LEO_0,193.644402,193.434418,0.045196,0.021048,0.2187
343,T343_UAV_12,BS_4,LEO_1,100.766902,100.698945,0.000829,0.021741,0.226932
343,T343_UAV_13,BS_3,LEO_0,382.907958,382.702398,0.046898,0.018796,0.199329
343,T343_UAV_15,BS_4,HAP_0,123.293387,123.098577,0.027824,0.024568,0.212087
343,T343_UAV_5,BS_4,HAP_2,163.646015,163.454779,0.028539,0.014883,0.23907
343,T343_UAV_7,BS_4,LEO_0,429.752162,429.536746,0.045555,0.029995,0.199329
343,T343_UAV_0,HAP_1,LEO_1,166.937782,166.882593,0.001378,0.008424,0.226932
343,T343_UAV_4,BS_4,LEO_0,554.7286,554.530408,0.046992,0.011334,0.199329
343,T343_UAV_2,HAP_1,LEO_1,197.341014,197.284932,0.0014,0.009295,0.226932
343,T343_UAV_11,HAP_1,LEO_0,601.683194,601.469098,0.050216,0.024014,0.199329
343,T343_UAV_16,BS_4,BS_3,55.006649,54.808364,0.023685,0.018434,0.280828
343,T343_UAV_6,HAP_1,HAP_0,60.773467,60.581294,0.027361,0.022395,0.212087
343,T343_UAV_17,BS_3,HAP_2,84.426071,84.225212,0.028299,0.024746,0.23907
343,T343_UAV_19,HAP_1,LEO_0,197.037727,196.849291,0.043271,0.0053,0.199329
343,T343_UAV_14,BS_4,LEO_0,269.783468,269.578262,0.043902,0.021438,0.199329
343,T343_UAV_1,BS_0,LEO_0,415.517328,415.303682,0.046319,0.027462,0.199329
343,T343_UAV_9,HAP_1,LEO_0,439.473009,439.271325,0.0467,0.015119,0.199329
343,T343_UAV_18,BS_2,LEO_0,484.631359,484.437687,0.047287,0.006519,0.199329
343,T343_UAV_3,BS_1,LEO_0,574.563652,574.368131,0.048665,0.00699,0.199329
344,T344_UAV_15,BS_4,LEO_1,138.904182,138.699203,0.041037,0.013701,0.251198
344,T344_UAV_10,BS_3,LEO_0,108.757427,108.522753,0.044352,0.006585,0.418685
344,T344_UAV_5,BS_4,HAP_0,190.981753,190.912674,0.004573,0.016769,0.238685
344,T344_UAV_16,BS_4,HAP_2,148.865965,148.672811,0.028201,0.009626,0.276635
344,T344_UAV_12,BS_4,LEO_1,217.712679,217.51196,0.041615,0.008864,0.251198
344,T344_UAV_6,HAP_1,LEO_0,168.770967,168.509966,0.046115,0.031148,0.418685
344,T344_UAV_7,BS_4,HAP_0,249.480184,249.415546,0.005098,0.011803,0.238685
344,T344_UAV_11,HAP_1,BS_1,61.140268,60.917016,0.025212,0.029766,0.341371
344,T344_UAV_2,HAP_1,HAP_2,70.545061,70.347143,0.027174,0.015418,0.276635
344,T344_UAV_17,BS_3,BS_4,77.680268,77.468111,0.029347,0.012286,0.352619
344,T344_UAV_3,BS_1,BS_2,86.27271,86.035293,0.031488,0.028919,0.385048
344,T344_UAV_4,BS_4,BS_3,88.027001,87.786081,0.031926,0.020989,0.440029
344,T344_UAV_0,HAP_1,BS_0,89.829303,89.531117,0.032362,0.070066,0.478797
344,T344_UAV_13,BS_3,LEO_1,127.345463,127.147296,0.040775,0.007152,0.251198
344,T344_UAV_19,HAP_1,LEO_0,97.936322,97.680566,0.043628,0.028391,0.418685
344,T344_UAV_18,BS_2,LEO_1,137.427363,137.215664,0.040897,0.020562,0.251198
344,T344_UAV_1,BS_0,HAP_0,285.203522,285.126757,0.006156,0.022872,0.238685
345,T345_UAV_16,BS_4,LEO_1,261.597826,261.393056,0.041979,0.025153,0.188184
345,T345_UAV_7,BS_4,LEO_0,114.594785,114.345897,0.044065,0.03081,0.370069
345,T345_UAV_6,HAP_1,HAP_2,247.011974,246.804489,0.032329,0.036838,0.191594
345,T345_UAV_12,BS_4,HAP_0,182.485717,182.293442,0.02943,0.015127,0.238593
345,T345_UAV_2,HAP_1,LEO_1,302.157746,301.973069,0.041835,0.005205,0.188184
345,T345_UAV_15,BS_4,HAP_2,283.239289,283.056831,0.030568,0.013571,0.191594
345,T345_UAV_14,BS_4,LEO_1,331.787107,331.598239,0.042156,0.009075,0.188184
345,T345_UAV_8,BS_1,LEO_1,333.277338,333.078071,0.041997,0.019633,0.188184
345,T345_UAV_17,BS_3,BS_3,65.868471,65.663259,0.026398,0.025412,0.26701
345,T345_UAV_4,BS_4,LEO_0,62.327651,62.071396,0.042114,0.040128,0.370069
345,T345_UAV_10,BS_3,HAP_0,71.380814,71.191245,0.027762,0.014088,0.238593
345,T345_UAV_9,HAP_1,BS_1,100.794748,100.533217,0.035111,0.059207,0.336071
345,T345_UAV_0,HAP_1,HAP_1,76.182764,75.939939,0.026342,0.033484,0.414994
345,T345_UAV_19,HAP_1,HAP_2,144.596242,144.412028,0.029284,0.016611,0.191594
345,T345_UAV_18,BS_2,BS_0,173.421277,173.139367,0.053253,0.056437,0.361096
345,T345_UAV_1,BS_0,LEO_1,189.166666,188.957524,0.041189,0.030317,0.188184
346,T346_UAV_7,BS_4,LEO_1,123.203394,123.140746,0.00112,0.017654,0.219368
346,T346_UAV_15,BS_4,LEO_0,91.000699,90.756783,0.043512,0.039146,0.306293
346,T346_UAV_14,BS_4,HAP_0,410.743474,410.565132,0.034157,0.005268,0.194583
346,T346_UAV_16,BS_4,HAP_2,179.099295,178.920915,0.028858,0.006985,0.212684
346,T346_UAV_11,HAP_1,LEO_1,192.930703,192.863217,0.001323,0.022288,0.219368
346,T346_UAV_5,BS_4,HAP_0,448.270937,448.083564,0.034163,0.014294,0.194583
346,T346_UAV_8,BS_1,HAP_0,455.727898,455.549204,0.034341,0.005435,0.194583
346,T346_UAV_3,BS_1,HAP_0,499.490778,499.295834,0.035549,0.020478,0.194583
346,T346_UAV_1,BS_1,LEO_1,58.570874,58.52079,0.000432,0.005778,0.219368
346,T346_UAV_13,BS_3,LEO_0,53.246633,53.022223,0.043053,0.020097,0.306293
346,T346_UAV_9,HAP_1,BS_3,68.32589,68.108078,0.027009,0.035219,0.277926
346,T346_UAV_4,BS_4,HAP_2,78.270248,78.07489,0.026611,0.02621,0.212684
346,T346_UAV_2,HAP_1,HAP_1,53.20337,52.97277,0.025696,0.048943,0.279801
346,T346_UAV_0,HAP_1,BS_0,120.729204,120.473456,0.040093,0.048907,0.333737
346,T346_UAV_17,BS_3,HAP_0,152.564614,152.380241,0.029158,0.016299,0.194583
347,T347_UAV_12,BS_4,LEO_1,70.64086,70.440106,0.040672,0.008209,0.259367
347,T347_UAV_9,HAP_1,LEO_0,186.565095,186.50579,0.004342,0.018272,0.183455
347,T347_UAV_15,BS_4,HAP_2,134.884501,134.700203,0.027989,0.010038,0.231355
347,T347_UAV_14,BS_4,LEO_0,229.166509,229.082048,0.004966,0.042804,0.183455
347,T347_UAV_3,BS_1,LEO_1,97.764256,97.550367,0.040773,0.021242,0.259367
347,T347_UAV_6,HAP_1,HAP_0,39.588261,39.36322,0.027185,0.017709,0.400736
347,T347_UAV_11,HAP_1,LEO_0,89.866989,89.80286,0.00237,0.025067,0.183455
347,T347_UAV_19,HAP_1,BS_0,74.226023,74.008189,0.028483,0.044656,0.223477
347,T347_UAV_16,BS_4,HAP_2,104.609327,104.419092,0.027252,0.016712,0.231355
347,T347_UAV_8,BS_1,LEO_0,167.912548,167.833966,0.003819,0.038073,0.183455
347,T347_UAV_10,BS_3,HAP_1,83.803487,83.579605,0.026527,0.04211,0.276224
347,T347_UAV_0,HAP_1,LEO_0,168.59549,168.545289,0.003568,0.009942,0.183455
348,T348_UAV_17,BS_3,LEO_1,156.282247,156.088766,0.040934,0.014726,0.189108
348,T348_UAV_2,HAP_1,LEO_0,102.801166,102.54457,0.044737,0.044712,0.335736
348,T348_UAV_19,HAP_1,HAP_2,155.853709,155.655906,0.030427,0.030711,0.183326
348,T348_UAV_13,BS_3,HAP_0,161.179596,160.940836,0.03156,0.01926,0.439702
348,T348_UAV_5,BS_4,LEO_1,219.108837,218.919701,0.041821,0.009494,0.189108
348,T348_UAV_14,BS_4,LEO_0,111.522326,111.29742,0.044644,0.013115,0.335736
348,T348_UAV_9,HAP_1,HAP_2,197.74777,197.5742,0.031174,0.00573,0.183326
348,T348_UAV_0,HAP_1,BS_0,66.7354,66.540754,0.026617,0.037235,0.153972
348,T348_UAV_10,BS_3,LEO_1,138.656947,138.457659,0.040818,0.020648,0.189108
348,T348_UAV_18,BS_2,BS_3,105.097792,104.879986,0.036197,0.015984,0.328126
348,T348_UAV_6,HAP_1,BS_4,116.742856,116.490768,0.039098,0.041584,0.357027
348,T348_UAV_4,BS_4,HAP_1,68.498346,68.276712,0.026805,0.036051,0.293884
348,T348_UAV_11,HAP_1,HAP_0,138.225677,137.962461,0.030415,0.044861,0.439702
348,T348_UAV_8,BS_1,LEO_1,146.255187,146.067968,0.040931,0.008467,0.189108
349,T349_UAV_15,BS_4,LEO_1,71.508877,71.310328,0.040587,0.008022,0.249701
349,T349_UAV_11,HAP_1,HAP_0,241.325456,241.13951,0.03205,0.028196,0.128499
349,T349_UAV_9,HAP_1,LEO_0,122.97357,122.730341,0.04561,0.032134,0.327423
349,T349_UAV_5,BS_4,HAP_2,170.498106,170.420145,0.003646,0.031352,0.214814
349,T349_UAV_7,BS_4,LEO_1,53.474829,53.266494,0.04048,0.017915,0.249701
349,T349_UAV_16,BS_4,HAP_0,130.622263,130.453358,0.02783,0.015376,0.128499
349,T349_UAV_6,HAP_1,LEO_0,60.386152,60.159045,0.042981,0.018641,0.327423
349,T349_UAV_17,BS_3,HAP_0,136.825626,136.63534,0.029049,0.035538,0.128499
349,T349_UAV_19,HAP_1,HAP_2,102.801111,102.746522,0.003579,0.008047,0.214814
349,T349_UAV_2,HAP_1,BS_0,114.062028,113.822042,0.038431,0.057582,0.219863
349,T349_UAV_18,BS_2,LEO_1,171.591885,171.384628,0.041232,0.016084,0.249701
349,T349_UAV_8,BS_1,HAP_0,294.769608,294.584916,0.031458,0.027535,0.128499
350,T350_UAV_4,BS_4,LEO_1,176.555924,176.500909,0.001309,0.016247,0.187297
350,T350_UAV_7,BS_4,LEO_0,90.390342,90.332208,0.00325,0.014132,0.203758
350,T350_UAV_15,BS_4,HAP_2,147.410776,147.340166,0.003287,0.014438,0.264423
350,T350_UAV_0,HAP_1,HAP_0,160.223203,160.021067,0.030126,0.028992,0.215087
350,T350_UAV_13,BS_3,LEO_1,275.327542,275.271742,0.001504,0.016836,0.187297
350,T350_UAV_3,BS_1,LEO_0,108.887449,108.810965,0.004842,0.030891,0.203758
350,T350_UAV_6,HAP_1,LEO_1,335.115624,335.047727,0.002,0.028437,0.187297
350,T350_UAV_10,BS_3,BS_0,189.358692,189.140741,0.057252,0.024408,0.181459
350,T350_UAV_17,BS_3,HAP_2,53.655596,53.580804,0.002086,0.019822,0.264423
350,T350_UAV_18,BS_2,LEO_1,100.683036,100.638755,0.000589,0.006232,0.187297
350,T350_UAV_12,BS_4,HAP_0,79.829266,79.623017,0.026955,0.036276,0.215087
350,T350_UAV_5,BS_4,BS_1,86.099376,85.855913,0.031443,0.042293,0.34863
350,T350_UAV_19,HAP_1,LEO_1,120.574347,120.508526,0.000665,0.027697,0.187297
350,T350_UAV_9,HAP_1,HAP_1,70.065398,69.778399,0.025807,0.055886,0.526531
350,T350_UAV_8,BS_1,LEO_1,218.696929,218.64299,0.001243,0.015236,0.187297
351,T351_UAV_3,BS_1,LEO_1,129.006077,128.79752,0.040818,0.028757,0.194908
351,T351_UAV_10,BS_3,LEO_0,148.181036,147.961845,0.045957,0.032483,0.203758
351,T351_UAV_19,HAP_1,HAP_2,178.229423,178.034372,0.031177,0.024819,0.195277
351,T351_UAV_6,HAP_1,HAP_0,187.606116,187.416391,0.032249,0.018123,0.196763
351,T351_UAV_14,BS_4,LEO_1,250.170292,249.960012,0.041759,0.029539,0.194908
351,T351_UAV_16,BS_4,LEO_0,193.842088,193.616675,0.04513,0.039531,0.203758
351,T351_UAV_9,HAP_1,BS_0,56.822417,56.654874,0.024147,0.007502,0.179471
351,T351_UAV_4,BS_4,BS_3,69.771897,69.572577,0.027374,0.014238,0.288539
351,T351_UAV_17,BS_3,HAP_2,82.283418,82.096899,0.028188,0.019276,0.195277
351,T351_UAV_8,BS_1,HAP_0,82.80395,82.604798,0.027281,0.032518,0.196763
351,T351_UAV_1,BS_1,LEO_1,114.430475,114.230814,0.040768,0.019911,0.194908
351,T351_UAV_7,BS_4,BS_2,91.616289,91.398169,0.032828,0.0133,0.359955
351,T351_UAV_2,HAP_1,BS_4,106.270506,106.018952,0.036481,0.041815,0.366291
351,T351_UAV_13,BS_3,LEO_0,102.541566,102.329751,0.044248,0.026817,0.203758
351,T351_UAV_11,HAP_1,LEO_1,178.994288,178.797195,0.041115,0.016996,0.194908
352,T352_UAV_17,BS_3,LEO_1,140.590021,140.524937,0.000917,0.012642,0.25763
352,T352_UAV_3,BS_1,LEO_0,255.199076,254.979213,0.045806,0.035694,0.191811
352,T352_UAV_15,BS_4,HAP_0,156.95657,156.898908,0.003598,0.011596,0.212342
352,T352_UAV_0,HAP_1,HAP_2,195.06323,194.871565,0.030201,0.018209,0.216272
352,T352_UAV_10,BS_3,LEO_1,195.251581,195.19187,0.001249,0.006937,0.25763
352,T352_UAV_9,HAP_1,LEO_0,321.594653,321.39405,0.047524,0.014716,0.191811
352,T352_UAV_5,BS_4,HAP_1,99.592228,99.391285,0.027535,0.031552,0.209281
352,T352_UAV_1,BS_1,BS_0,150.93031,150.831931,0.037689,0.02393,0.183796
352,T352_UAV_7,BS_4,LEO_0,126.028606,125.823898,0.042418,0.023928,0.191811
352,T352_UAV_13,BS_3,LEO_1,117.830826,117.759327,0.000779,0.019195,0.25763
352,T352_UAV_18,BS_2,LEO_0,153.507351,153.308752,0.04346,0.016777,0.191811
352,T352_UAV_11,HAP_1,HAP_0,143.191495,143.135319,0.005605,0.008103,0.212342
352,T352_UAV_2,HAP_1,HAP_2,158.045761,157.858042,0.029841,0.014624,0.216272
352,T352_UAV_8,BS_1,LEO_0,153.916038,153.726051,0.043511,0.008114,0.191811
352,T352_UAV_12,BS_4,BS_0,201.439807,201.330731,0.050308,0.022009,0.183796
353,T353_UAV_12,BS_4,LEO_1,110.421693,110.211918,0.040895,0.019717,0.245823
353,T353_UAV_8,BS_1,LEO_0,78.644815,78.443096,0.043499,0.012508,0.228555
353,T353_UAV_13,BS_3,HAP_2,144.334568,144.252111,0.00577,0.029418,0.236351
353,T353_UAV_14,BS_4,HAP_0,160.924992,160.828182,0.004958,0.033272,0.292899
353,T353_UAV_9,HAP_1,LEO_1,168.699518,168.49434,0.041258,0.014757,0.245823
353,T353_UAV_2,HAP_1,LEO_0,126.388819,126.177695,0.045818,0.019595,0.228555
353,T353_UAV_15,BS_4,HAP_1,98.31906,98.109258,0.027736,0.027734,0.271658
353,T353_UAV_3,BS_1,HAP_2,51.362062,51.309045,0.001411,0.004335,0.236351
353,T353_UAV_1,BS_1,HAP_0,74.666688,74.58834,0.001836,0.017932,0.292899
353,T353_UAV_19,HAP_1,BS_0,84.246759,84.026718,0.030986,0.015849,0.36603
353,T353_UAV_18,BS_2,BS_1,88.030294,87.817441,0.031933,0.019884,0.305179
353,T353_UAV_16,BS_4,BS_4,88.147377,87.921046,0.031959,0.019702,0.373349
353,T353_UAV_11,HAP_1,BS_2,90.083993,89.847323,0.032441,0.0159,0.441647
353,T353_UAV_10,BS_3,LEO_1,136.699018,136.495473,0.040871,0.013509,0.245823
354,T354_UAV_13,BS_3,LEO_1,128.445429,128.387172,0.000847,0.015796,0.20807
354,T354_UAV_5,BS_4,LEO_0,138.508207,138.30194,0.043599,0.022194,0.202367
354,T354_UAV_15,BS_4,HAP_2,180.228183,180.156595,0.004045,0.01126,0.281414
354,T354_UAV_14,BS_4,BS_0,502.055322,501.87202,0.125405,0.021247,0.183252
354,T354_UAV_17,BS_3,LEO_1,191.919543,191.858497,0.001253,0.018179,0.20807
354,T354_UAV_1,BS_1,BS_3,395.336375,395.033076,0.108699,0.0648,0.148999
354,T354_UAV_7,BS_4,BS_0,634.403463,634.189334,0.158468,0.019011,0.183252
354,T354_UAV_11,HAP_1,BS_3,502.815073,502.507357,0.135554,0.042362,0.148999
354,T354_UAV_4,BS_4,HAP_0,27.923212,27.828534,0.001003,0.024113,0.347806
354,T354_UAV_8,BS_1,LEO_0,109.745826,109.556779,0.043582,0.004991,0.202367
354,T354_UAV_10,BS_3,LEO_1,113.05023,112.985558,0.000721,0.022337,0.20807
354,T354_UAV_19,HAP_1,HAP_2,133.060457,132.98364,0.004594,0.015941,0.281414
354,T354_UAV_6,HAP_1,LEO_0,136.525722,136.325348,0.04488,0.015021,0.202367
354,T354_UAV_16,BS_4,BS_0,240.958471,240.842051,0.06018,0.01959,0.183252
354,T354_UAV_2,HAP_1,BS_3,385.338832,385.091162,0.106215,0.011656,0.148999
354,T354_UAV_18,BS_2,BS_0,681.708128,681.477078,0.170284,0.024115,0.183252
355,T355_UAV_5,BS_4,LEO_1,270.227355,270.038186,0.041734,0.007947,0.197436
355,T355_UAV_10,BS_3,LEO_0,95.637751,95.570115,0.005358,0.019194,0.215417
355,T355_UAV_7,BS_4,LEO_1,324.935398,324.724811,0.042001,0.029099,0.197436
355,T355_UAV_15,BS_4,LEO_0,105.928102,105.859622,0.00415,0.021246,0.215417
355,T355_UAV_4,BS_4,LEO_1,379.082084,378.883682,0.042461,0.016455,0.197436
355,T355_UAV_3,BS_1,LEO_1,513.248279,513.044983,0.042634,0.021175,0.197436
355,T355_UAV_12,BS_4,LEO_1,541.014926,540.825551,0.043114,0.006774,0.197436
355,T355_UAV_8,BS_1,HAP_2,97.380091,97.275903,0.00268,0.027162,0.371729
355,T355_UAV_13,BS_3,HAP_0,58.13939,57.945265,0.028402,0.005257,0.302325
355,T355_UAV_14,BS_4,LEO_1,154.610485,154.425876,0.040864,0.004259,0.197436
355,T355_UAV_11,HAP_1,BS_1,103.207099,102.960838,0.035717,0.054847,0.278485
355,T355_UAV_19,HAP_1,HAP_1,80.684264,80.439765,0.026033,0.02989,0.442881
355,T355_UAV_16,BS_4,LEO_1,211.006204,210.801007,0.041337,0.024372,0.197436
355,T355_UAV_18,BS_2,HAP_2,196.287983,196.198163,0.005534,0.00994,0.371729
355,T355_UAV_1,BS_1,LEO_1,233.299638,233.113104,0.04125,0.005797,0.197436
355,T355_UAV_9,HAP_1,LEO_1,247.877855,247.690205,0.041338,0.006825,0.197436
356,T356_UAV_16,BS_4,LEO_0,137.686943,137.605431,0.003003,0.026638,0.259357
356,T356_UAV_1,BS_1,LEO_1,90.582804,90.317325,0.040768,0.026377,0.491672
356,T356_UAV_7,BS_4,HAP_0,106.090893,106.02218,0.002482,0.025083,0.205736
356,T356_UAV_4,BS_4,HAP_2,314.990795,314.832639,0.030191,0.00411,0.119274
356,T356_UAV_13,BS_3,LEO_1,91.461741,91.189234,0.040682,0.033491,0.491672
356,T356_UAV_15,BS_4,LEO_0,195.201022,195.139166,0.004642,0.005343,0.259357
356,T356_UAV_11,HAP_1,HAP_2,339.781568,339.615651,0.0337,0.008363,0.119274
356,T356_UAV_0,HAP_1,HAP_0,158.689269,158.638345,0.005044,0.004733,0.205736
356,T356_UAV_14,BS_4,BS_3,362.532167,362.283414,0.100516,0.009806,0.192159
356,T356_UAV_5,BS_4,BS_1,51.295264,51.055545,0.022748,0.049346,0.338128
356,T356_UAV_6,HAP_1,HAP_2,130.891844,130.732155,0.028185,0.007649,0.119274
356,T356_UAV_12,BS_4,LEO_0,97.501723,97.443688,0.002312,0.003852,0.259357
356,T356_UAV_3,BS_1,BS_4,88.224149,88.005301,0.03198,0.016532,0.351679
356,T356_UAV_18,BS_2,BS_2,101.371012,101.099489,0.035252,0.054641,0.408149
356,T356_UAV_2,HAP_1,HAP_2,147.906775,147.746641,0.02828,0.007999,0.119274
356,T356_UAV_9,HAP_1,BS_3,128.951042,128.733829,0.042157,0.036624,0.192159
356,T356_UAV_17,BS_3,LEO_0,160.726591,160.662888,0.005219,0.006613,0.259357
356,T356_UAV_19,HAP_1,HAP_2,265.90824,265.733586,0.03147,0.019329,0.119274
357,T357_UAV_0,HAP_1,LEO_1,143.181783,142.965071,0.041185,0.007174,0.341769
357,T357_UAV_11,HAP_1,LEO_0,125.712977,125.508954,0.044822,0.011623,0.237894
357,T357_UAV_13,BS_3,HAP_0,139.718826,139.532447,0.030666,0.012889,0.214123
357,T357_UAV_16,BS_4,HAP_2,176.563941,176.325307,0.028831,0.01835,0.457262
357,T357_UAV_12,BS_4,LEO_0,160.050536,159.845717,0.044622,0.012617,0.237894
357,T357_UAV_8,BS_1,LEO_1,189.524298,189.290208,0.041307,0.024429,0.341769
357,T357_UAV_14,BS_4,HAP_1,89.205346,89.010074,0.026592,0.013865,0.274078
357,T357_UAV_2,HAP_1,HAP_0,191.751068,191.568017,0.031437,0.00879,0.214123
357,T357_UAV_7,BS_4,HAP_2,199.72605,199.468201,0.029101,0.037296,0.457262
357,T357_UAV_9,HAP_1,BS_3,53.18018,52.997249,0.023233,0.010279,0.24709
357,T357_UAV_17,BS_3,BS_0,60.21969,60.008894,0.024985,0.023921,0.309452
357,T357_UAV_6,HAP_1,BS_1,102.321306,102.076715,0.035496,0.050427,0.293337
357,T357_UAV_15,BS_4,BS_4,114.807429,114.565216,0.038617,0.032632,0.354823
357,T357_UAV_19,HAP_1,LEO_0,108.97975,108.774784,0.043979,0.013408,0.237894
357,T357_UAV_3,BS_1,BS_2,129.895647,129.600004,0.042374,0.055142,0.49064
357,T357_UAV_18,BS_2,LEO_1,193.355485,193.121774,0.041395,0.023961,0.341769
358,T358_UAV_3,BS_1,LEO_1,267.631117,267.440714,0.041464,0.010948,0.189955
358,T358_UAV_16,BS_4,LEO_0,178.701263,178.501557,0.043888,0.014698,0.205602
358,T358_UAV_6,HAP_1,HAP_0,200.918022,200.855197,0.006465,0.009466,0.234475
358,T358_UAV_8,BS_1,HAP_2,170.321344,170.111418,0.029703,0.015675,0.322743
358,T358_UAV_12,BS_4,LEO_1,357.481935,357.28016,0.0422,0.021584,0.189955
358,T358_UAV_4,BS_4,LEO_0,247.258154,247.058657,0.045252,0.013124,0.205602
358,T358_UAV_11,HAP_1,LEO_1,411.297662,411.103373,0.042185,0.014114,0.189955
358,T358_UAV_14,BS_4,HAP_0,284.063738,283.982916,0.007535,0.026391,0.234475
358,T358_UAV_19,HAP_1,HAP_2,190.687348,190.461922,0.031532,0.029346,0.322743
358,T358_UAV_13,BS_3,BS_0,198.982943,198.728332,0.059647,0.046393,0.242857
358,T358_UAV_5,BS_4,LEO_1,460.193022,459.994189,0.043204,0.017638,0.189955
358,T358_UAV_9,HAP_1,BS_3,52.104264,51.883745,0.022954,0.046135,0.257146
358,T358_UAV_0,HAP_1,BS_2,73.186571,72.976521,0.028225,0.020174,0.308257
358,T358_UAV_2,HAP_1,LEO_0,107.387102,107.190495,0.042924,0.012562,0.205602
358,T358_UAV_1,BS_1,LEO_1,139.374741,139.17994,0.040796,0.016013,0.189955
358,T358_UAV_17,BS_3,LEO_0,117.658734,117.4574,0.043803,0.016411,0.205602
358,T358_UAV_10,BS_3,HAP_0,142.275223,142.217363,0.004606,0.006359,0.234475
358,T358_UAV_15,BS_4,LEO_1,263.147666,262.950628,0.041635,0.017413,0.189955
358,T358_UAV_18,BS_2,LEO_1,357.461534,357.270212,0.042013,0.011318,0.189955
359,T359_UAV_12,BS_4,LEO_0,149.990325,149.942001,0.003563,0.005906,0.194276
359,T359_UAV_2,HAP_1,LEO_1,133.394161,133.1573,0.040942,0.033594,0.311628
359,T359_UAV_8,BS_1,HAP_2,137.576818,137.514325,0.00381,0.01415,0.22267
359,T359_UAV_1,BS_1,HAP_0,160.189822,159.970038,0.028945,0.022599,0.341199
359,T359_UAV_13,BS_3,LEO_1,160.488998,160.253005,0.04105,0.032618,0.311628
359,T359_UAV_10,BS_3,LEO_0,214.316043,214.264074,0.006966,0.006147,0.194276
359,T359_UAV_15,BS_4,HAP_1,87.731709,87.487888,0.027444,0.031792,0.422927
359,T359_UAV_4,BS_4,BS_0,187.623117,187.407541,0.056818,0.024786,0.169857
359,T359_UAV_9,HAP_1,HAP_2,187.935911,187.874349,0.005978,0.01105,0.22267
359,T359_UAV_5,BS_4,BS_1,189.326318,189.069799,0.057234,0.04329,0.279976
359,T359_UAV_7,BS_4,LEO_0,265.914936,265.852118,0.005959,0.018004,0.194276
359,T359_UAV_3,BS_1,BS_3,71.26456,71.035578,0.02774,0.040823,0.302099
359,T359_UAV_11,HAP_1,HAP_0,82.199943,81.975268,0.028188,0.028247,0.341199
359,T359_UAV_6,HAP_1,BS_4,95.1065,94.839136,0.033688,0.061603,0.360365
359,T359_UAV_14,BS_4,BS_2,111.997511,111.730872,0.037909,0.037931,0.453996
359,T359_UAV_17,BS_3,LEO_1,146.584229,146.334795,0.040959,0.046151,0.311628
359,T359_UAV_19,HAP_1,LEO_0,174.016755,173.965206,0.005139,0.007556,0.194276
360,T360_UAV_13,BS_3,LEO_1,109.154419,108.923851,0.040712,0.039655,0.251005
360,T360_UAV_19,HAP_1,LEO_0,95.780341,95.695354,0.004815,0.019231,0.3047
360,T360_UAV_7,BS_4,HAP_2,115.767049,115.583054,0.027397,0.007724,0.244367
360,T360_UAV_16,BS_4,HAP_0,117.792083,117.584207,0.02827,0.019923,0.298416
360,T360_UAV_15,BS_4,LEO_1,136.943868,136.743386,0.041116,0.009164,0.251005
360,T360_UAV_12,BS_4,BS_0,472.516553,472.255005,0.127995,0.00828,0.12637
360,T360_UAV_5,BS_4,LEO_0,112.946715,112.869903,0.003911,0.011961,0.3047
360,T360_UAV_1,BS_1,HAP_1,85.008631,84.798493,0.027378,0.021951,0.304048
360,T360_UAV_4,BS_4,HAP_2,195.980047,195.787005,0.029123,0.015047,0.244367
360,T360_UAV_2,HAP_1,HAP_0,199.736635,199.507054,0.031676,0.038221,0.298416
360,T360_UAV_8,BS_1,BS_0,517.281213,517.009764,0.139178,0.006997,0.12637
360,T360_UAV_9,HAP_1,BS_0,565.938662,565.650655,0.151332,0.011401,0.12637
360,T360_UAV_0,HAP_1,BS_1,53.199626,52.968003,0.023225,0.049053,0.296719
360,T360_UAV_14,BS_4,BS_2,57.241281,57.00236,0.024233,0.047908,0.333901
360,T360_UAV_3,BS_1,BS_3,63.116609,62.887113,0.025704,0.03213,0.358309
360,T360_UAV_10,BS_3,BS_4,88.027533,87.772706,0.031922,0.049317,0.36794
360,T360_UAV_11,HAP_1,LEO_1,127.736339,127.50732,0.040854,0.037965,0.251005
360,T360_UAV_6,HAP_1,BS_0,411.77162,411.517373,0.112818,0.016155,0.12637
361,T361_UAV_4,BS_4,LEO_1,130.905881,130.680677,0.041023,0.040278,0.219517
361,T361_UAV_16,BS_4,LEO_0,55.872998,55.787319,0.001975,0.005957,0.388739
361,T361_UAV_17,BS_3,HAP_0,292.507753,292.452757,0.007951,0.009819,0.186131
361,T361_UAV_1,BS_1,HAP_2,206.057268,205.998271,0.004826,0.007144,0.235134
361,T361_UAV_12,BS_4,LEO_1,238.532402,238.30885,0.041617,0.03803,0.219517
361,T361_UAV_0,BS_4,HAP_0,367.560345,367.508505,0.008375,0.006239,0.186131
361,T361_UAV_8,BS_1,HAP_2,246.444571,246.380918,0.005945,0.010681,0.235134
361,T361_UAV_9,HAP_1,BS_1,196.302358,196.074661,0.058984,0.014909,0.269024
361,T361_UAV_13,BS_3,HAP_0,416.406395,416.330356,0.011499,0.027313,0.186131
361,T361_UAV_11,HAP_1,HAP_0,479.320854,479.26063,0.012814,0.010183,0.186131
361,T361_UAV_10,BS_3,LEO_0,47.066637,46.965416,0.002642,0.020831,0.388739
361,T361_UAV_14,BS_4,LEO_1,112.999052,112.779232,0.040752,0.035165,0.219517
361,T361_UAV_2,HAP_1,BS_3,77.959876,77.732848,0.029414,0.028986,0.343146
361,T361_UAV_5,BS_4,LEO_1,120.096421,119.86846,0.040937,0.04312,0.219517
361,T361_UAV_19,HAP_1,HAP_0,125.237649,125.164164,0.003197,0.033063,0.186131
361,T361_UAV_3,BS_1,HAP_2,199.581783,199.510229,0.004741,0.019786,0.235134
361,T361_UAV_18,BS_2,LEO_1,300.412622,300.188765,0.041859,0.038095,0.219517
362,T362_UAV_5,BS_4,LEO_1,95.885643,95.682942,0.040812,0.02007,0.209095
362,T362_UAV_16,BS_4,LEO_0,119.3914,119.187074,0.04259,0.010217,0.257594
362,T362_UAV_0,BS_4,HAP_2,91.374677,91.195555,0.027392,0.005751,0.229897
362,T362_UAV_4,BS_4,HAP_0,111.758665,111.547017,0.028064,0.024093,0.297454
362,T362_UAV_13,BS_3,LEO_1,151.319762,151.110905,0.040907,0.026131,0.209095
362,T362_UAV_10,BS_3,LEO_0,158.366937,158.153426,0.045143,0.01685,0.257594
362,T362_UAV_1,BS_1,HAP_2,134.849638,134.664831,0.028614,0.010213,0.229897
362,T362_UAV_7,BS_4,HAP_1,152.011776,151.798628,0.028305,0.028627,0.281081
362,T362_UAV_15,BS_4,HAP_0,173.553474,173.33992,0.028969,0.025094,0.297454
362,T362_UAV_6,HAP_1,LEO_1,242.11345,241.885417,0.041639,0.044576,0.209095
362,T362_UAV_19,HAP_1,BS_3,198.584907,198.306214,0.059542,0.060358,0.293967
362,T362_UAV_14,BS_4,BS_1,55.558578,55.33833,0.023818,0.034853,0.307884
362,T362_UAV_9,HAP_1,LEO_0,83.513964,83.302089,0.042297,0.01806,0.257594
362,T362_UAV_8,BS_1,BS_4,86.116727,85.895341,0.031453,0.014799,0.375673
362,T362_UAV_12,BS_4,LEO_1,94.679465,94.478678,0.040687,0.018281,0.209095
362,T362_UAV_2,HAP_1,BS_0,106.538779,106.27525,0.036546,0.029671,0.48656
362,T362_UAV_18,BS_2,BS_2,147.422953,147.124471,0.046753,0.058047,0.468413
362,T362_UAV_17,BS_3,LEO_0,143.551327,143.34254,0.044625,0.012644,0.257594
362,T362_UAV_11,HAP_1,HAP_1,155.954644,155.760386,0.026984,0.011058,0.281081
363,T363_UAV_10,BS_3,LEO_1,111.585675,111.511599,0.000706,0.025602,0.238843
363,T363_UAV_13,BS_3,LEO_0,114.286096,114.074125,0.044745,0.014096,0.265653
363,T363_UAV_4,BS_4,HAP_2,135.715554,135.659176,0.00287,0.007293,0.231071
363,T363_UAV_14,BS_4,HAP_0,145.607808,145.410354,0.029502,0.025527,0.212125
363,T363_UAV_7,BS_4,LEO_1,153.957319,153.883128,0.001338,0.025085,0.238843
363,T363_UAV_9,HAP_1,LEO_0,155.863192,155.645084,0.045299,0.019678,0.265653
363,T363_UAV_15,BS_4,HAP_1,93.342128,93.102285,0.027605,0.033152,0.395431
363,T363_UAV_0,BS_4,HAP_2,60.137122,60.058677,0.001574,0.030657,0.231071
363,T363_UAV_16,BS_4,LEO_1,66.153377,66.088505,0.000615,0.016488,0.238843
363,T363_UAV_2,HAP_1,BS_0,73.368784,73.14578,0.028267,0.053665,0.205357
363,T363_UAV_17,BS_3,BS_3,75.859683,75.651282,0.028893,0.021582,0.289628
363,T363_UAV_18,BS_2,HAP_0,86.643708,86.44441,0.027672,0.029201,0.212125
363,T363_UAV_1,BS_1,BS_1,88.352773,88.085682,0.032,0.059056,0.380171
363,T363_UAV_3,BS_1,BS_4,101.778851,101.549291,0.035365,0.014618,0.397886
363,T363_UAV_11,HAP_1,BS_2,150.583784,150.328528,0.047553,0.021018,0.433425
363,T363_UAV_6,HAP_1,LEO_0,150.600172,150.392993,0.045319,0.00873,0.265653
364,T364_UAV_12,BS_4,LEO_1,102.914063,102.839072,0.000826,0.01565,0.292578
364,T364_UAV_15,BS_4,LEO_0,128.755208,128.686991,0.003768,0.023655,0.203966
364,T364_UAV_0,BS_4,HAP_0,135.56021,135.366486,0.029255,0.021334,0.215679
364,T364_UAV_16,BS_4,HAP_2,152.737908,152.533068,0.028332,0.023918,0.26295
364,T364_UAV_6,HAP_1,LEO_1,173.861275,173.784648,0.001295,0.016816,0.292578
364,T364_UAV_2,HAP_1,LEO_0,194.119016,194.053046,0.006513,0.018664,0.203966
364,T364_UAV_4,BS_4,LEO_1,50.671083,50.601841,0.00048,0.010247,0.292578
364,T364_UAV_11,HAP_1,BS_0,54.7518,54.56378,0.023624,0.019818,0.222885
364,T364_UAV_1,BS_1,BS_1,58.286307,58.075321,0.024502,0.03973,0.233772
364,T364_UAV_14,BS_4,HAP_0,70.652736,70.461281,0.027181,0.021138,0.215679
364,T364_UAV_17,BS_3,HAP_2,75.081875,74.866705,0.027869,0.034711,0.26295
364,T364_UAV_9,HAP_1,BS_4,93.769592,93.528906,0.033361,0.036968,0.351789
364,T364_UAV_13,BS_3,BS_3,97.669969,97.428541,0.034335,0.020099,0.43497
364,T364_UAV_8,BS_1,LEO_0,105.467905,105.418432,0.00349,0.00519,0.203966
364,T364_UAV_19,HAP_1,BS_2,127.011786,126.753072,0.041662,0.019853,0.485995
364,T364_UAV_18,BS_2,HAP_1,72.584125,72.384191,0.02624,0.029575,0.220591
365,T365_UAV_13,BS_3,LEO_1,144.558259,144.459731,0.00094,0.025869,0.3586
365,T365_UAV_10,BS_3,HAP_0,290.209463,290.145206,0.007714,0.018987,0.187779
365,T365_UAV_15,BS_4,LEO_0,109.409482,109.323411,0.00434,0.016725,0.325034
365,T365_UAV_0,BS_4,HAP_2,133.244017,133.194991,0.003479,0.004924,0.203112
365,T365_UAV_4,BS_4,HAP_0,317.23231,317.16918,0.006504,0.01907,0.187779
365,T365_UAV_2,HAP_1,HAP_2,176.336825,176.277194,0.005336,0.013673,0.203112
365,T365_UAV_9,HAP_1,BS_0,365.543605,365.27815,0.101264,0.028559,0.178163
365,T365_UAV_7,BS_4,HAP_0,486.148831,486.081279,0.008843,0.021154,0.187779
365,T365_UAV_5,BS_4,HAP_0,489.272255,489.218504,0.009829,0.006365,0.187779
365,T365_UAV_17,BS_3,LEO_1,87.495991,87.393665,0.000576,0.030029,0.3586
365,T365_UAV_8,BS_1,LEO_0,64.261385,64.179734,0.00291,0.013735,0.325034
365,T365_UAV_6,HAP_1,BS_3,72.082398,71.821602,0.027936,0.075387,0.287364
365,T365_UAV_19,HAP_1,LEO_1,104.922104,104.838527,0.000703,0.011154,0.3586
365,T365_UAV_14,BS_4,BS_0,129.910758,129.705679,0.0424,0.027047,0.178163
365,T365_UAV_18,BS_2,HAP_1,70.146894,69.957447,0.026201,0.011778,0.257341
365,T365_UAV_11,HAP_1,BS_1,149.31173,149.025148,0.047228,0.063226,0.380641
365,T365_UAV_12,BS_4,HAP_0,221.010782,220.954337,0.004252,0.014636,0.187779
366,T366_UAV_14,BS_4,LEO_1,117.962053,117.755135,0.040937,0.023139,0.214215
366,T366_UAV_10,BS_3,LEO_0,123.014907,122.815577,0.04498,0.006454,0.239484
366,T366_UAV_15,BS_4,HAP_2,123.72916,123.655377,0.00283,0.013179,0.288871
366,T366_UAV_1,BS_1,HAP_0,182.659293,182.416328,0.029513,0.02898,0.422362
366,T366_UAV_8,BS_1,LEO_1,157.187992,156.986394,0.041073,0.017683,0.214215
366,T366_UAV_13,BS_3,LEO_0,177.730744,177.508458,0.047391,0.026998,0.239484
366,T366_UAV_4,BS_4,HAP_1,91.625262,91.399756,0.027348,0.042409,0.278753
366,T366_UAV_12,BS_4,BS_0,710.442121,710.091423,0.187424,0.040831,0.112213
366,T366_UAV_5,BS_4,HAP_2,198.517974,198.429585,0.004095,0.02652,0.288871
366,T366_UAV_19,HAP_1,BS_0,789.482837,789.141259,0.207177,0.011959,0.112213
366,T366_UAV_3,BS_1,BS_3,73.000844,72.783402,0.028177,0.03374,0.277625
366,T366_UAV_17,BS_3,LEO_1,100.908784,100.718573,0.040663,0.006705,0.214215
366,T366_UAV_2,HAP_1,LEO_0,128.64852,128.449746,0.044301,0.006575,0.239484
366,T366_UAV_9,HAP_1,HAP_0,159.676021,159.452273,0.03076,0.008515,0.422362
366,T366_UAV_0,BS_4,BS_0,269.425984,269.216244,0.07726,0.010036,0.112213
366,T366_UAV_18,BS_2,BS_0,320.445424,320.216651,0.090004,0.016326,0.112213
367,T367_UAV_16,BS_4,LEO_1,191.516477,191.471937,0.001479,0.006444,0.183081
367,T367_UAV_12,BS_4,LEO_0,155.214663,155.138676,0.003702,0.021599,0.253433
367,T367_UAV_4,BS_4,HAP_2,127.796392,127.705917,0.002717,0.018195,0.347813
367,T367_UAV_14,BS_4,HAP_0,151.988335,151.767415,0.029708,0.030847,0.301822
367,T367_UAV_10,BS_3,LEO_1,258.318765,258.263849,0.001416,0.016884,0.183081
367,T367_UAV_15,BS_4,LEO_0,218.044649,217.983875,0.005247,0.00484,0.253433
367,T367_UAV_17,BS_3,HAP_1,176.579322,176.377495,0.027562,0.029518,0.223732
367,T367_UAV_9,HAP_1,LEO_1,284.669442,284.622748,0.001785,0.008293,0.183081
367,T367_UAV_8,BS_1,LEO_1,288.306859,288.252083,0.001696,0.016464,0.183081
367,T367_UAV_5,BS_4,HAP_2,52.746152,52.658522,0.001084,0.016984,0.347813
367,T367_UAV_7,BS_4,BS_3,54.548407,54.312815,0.023561,0.047928,0.320512
367,T367_UAV_19,HAP_1,LEO_0,96.427477,96.355694,0.002821,0.018275,0.253433
367,T367_UAV_13,BS_3,HAP_0,87.175744,86.958995,0.028515,0.027869,0.301822
367,T367_UAV_11,HAP_1,BS_0,93.998802,93.737136,0.033413,0.039529,0.443628
367,T367_UAV_2,BS_2,LEO_0,124.957109,124.892331,0.003401,0.010691,0.253433
367,T367_UAV_1,BS_1,LEO_1,152.888886,152.837216,0.000959,0.014094,0.183081
367,T367_UAV_6,HAP_1,HAP_1,115.787304,115.562378,0.025703,0.054475,0.223732
368,T368_UAV_14,BS_4,LEO_1,112.216054,112.003297,0.040811,0.031389,0.202782
368,T368_UAV_18,BS_2,LEO_0,152.946204,152.738976,0.043941,0.017788,0.227495
368,T368_UAV_12,BS_4,HAP_2,170.710153,170.539834,0.028517,0.010022,0.158896
368,T368_UAV_4,BS_4,HAP_0,124.965274,124.781512,0.028447,0.012458,0.214283
368,T368_UAV_7,BS_4,LEO_1,176.286144,176.097404,0.041359,0.006824,0.202782
368,T368_UAV_1,BS_1,LEO_0,183.227309,183.017853,0.044846,0.01911,0.227495
368,T368_UAV_0,BS_4,HAP_1,190.211313,189.986815,0.028039,0.038116,0.291713
368,T368_UAV_16,BS_4,HAP_2,249.054516,248.888405,0.029857,0.004475,0.158896
368,T368_UAV_19,HAP_1,HAP_0,197.164902,196.962254,0.032138,0.027654,0.214283
368,T368_UAV_2,BS_2,BS_1,67.055262,66.841442,0.026692,0.049146,0.189908
368,T368_UAV_5,BS_4,LEO_1,94.634721,94.436084,0.040808,0.017272,0.202782
368,T368_UAV_3,BS_1,LEO_0,103.029527,102.824263,0.042703,0.017062,0.227495
368,T368_UAV_15,BS_4,LEO_1,108.976912,108.765394,0.040798,0.030163,0.202782
368,T368_UAV_11,HAP_1,LEO_0,144.731921,144.528942,0.044486,0.012993,0.227495
368,T368_UAV_13,BS_3,HAP_1,144.018551,143.786617,0.027393,0.046198,0.291713
368,T368_UAV_6,HAP_1,HAP_2,243.00672,242.831471,0.031976,0.011494,0.158896
369,T369_UAV_7,BS_4,LEO_1,209.562039,209.500475,0.001498,0.021086,0.194897
369,T369_UAV_1,BS_1,LEO_0,181.647282,181.592341,0.00481,0.006444,0.218437
369,T369_UAV_8,BS_1,HAP_0,196.53248,196.453386,0.004763,0.036946,0.186925
369,T369_UAV_10,BS_3,HAP_2,208.403921,208.208119,0.031692,0.006248,0.28931
369,T369_UAV_12,BS_4,LEO_1,264.128362,264.073328,0.00178,0.014274,0.194897
369,T369_UAV_11,HAP_1,LEO_0,218.165866,218.10496,0.00678,0.010439,0.218437
369,T369_UAV_15,BS_4,HAP_1,90.695751,90.508158,0.027539,0.01063,0.247123
369,T369_UAV_4,BS_4,LEO_1,272.349832,272.302136,0.002128,0.006589,0.194897
369,T369_UAV_14,BS_4,HAP_0,269.702593,269.62818,0.00719,0.029838,0.186925
369,T369_UAV_0,BS_4,HAP_2,273.594039,273.392459,0.031203,0.012515,0.28931
369,T369_UAV_6,HAP_1,LEO_0,243.587907,243.51899,0.006928,0.018302,0.218437
369,T369_UAV_13,BS_3,BS_0,195.255976,194.995723,0.058715,0.033081,0.342287
369,T369_UAV_17,BS_3,BS_2,80.931471,80.726929,0.030162,0.012873,0.30754
369,T369_UAV_5,BS_4,LEO_1,108.001119,107.9369,0.000854,0.024386,0.194897
369,T369_UAV_19,HAP_1,BS_4,101.113993,100.882439,0.035198,0.025907,0.352244
369,T369_UAV_2,BS_2,LEO_0,97.259047,97.200337,0.002644,0.012379,0.218437
369,T369_UAV_16,BS_4,HAP_0,104.269891,104.209809,0.002556,0.020141,0.186925
369,T369_UAV_3,BS_1,LEO_1,173.054228,172.991188,0.001043,0.023018,0.194897
369,T369_UAV_9,HAP_1,HAP_2,203.673665,203.478531,0.030617,0.006655,0.28931
370,T370_UAV_8,BS_1,LEO_1,144.540792,144.473289,0.000902,0.007804,0.293986
370,T370_UAV_12,BS_4,LEO_0,99.597121,99.502077,0.003928,0.028479,0.313188
370,T370_UAV_15,BS_4,HAP_2,185.992276,185.922632,0.003792,0.028189,0.188316
370,T370_UAV_4,BS_4,HAP_0,218.502212,218.321737,0.030252,0.013866,0.181782
370,T370_UAV_1,BS_1,LEO_1,203.234705,203.153442,0.001361,0.021105,0.293986
370,T370_UAV_17,BS_3,HAP_1,196.289134,196.079837,0.027817,0.048428,0.165264
370,T370_UAV_9,HAP_1,HAP_2,271.611887,271.550133,0.007511,0.01658,0.188316
370,T370_UAV_2,BS_2,HAP_0,296.045798,295.870765,0.033323,0.005353,0.181782
370,T370_UAV_19,HAP_1,LEO_0,43.899762,43.829398,0.002178,0.005549,0.313188
370,T370_UAV_3,BS_1,LEO_1,106.32961,106.262047,0.000684,0.008082,0.293986
370,T370_UAV_16,BS_4,BS_0,81.920068,81.730741,0.030412,0.018026,0.204443
370,T370_UAV_6,HAP_1,LEO_1,111.82307,111.744552,0.000763,0.018958,0.293986
370,T370_UAV_18,BS_2,BS_3,130.829529,130.605816,0.042625,0.020768,0.301595
370,T370_UAV_14,BS_4,HAP_2,154.586846,154.525435,0.003575,0.020172,0.188316
370,T370_UAV_11,HAP_1,HAP_1,158.722248,158.506005,0.027071,0.056119,0.165264
370,T370_UAV_13,BS_3,HAP_0,291.452718,291.251348,0.034806,0.030208,0.181782
371,T371_UAV_2,BS_2,LEO_1,123.45931,123.384705,0.000866,0.007648,0.330457
371,T371_UAV_5,BS_4,LEO_0,91.143101,91.0456,0.003111,0.021175,0.366075
371,T371_UAV_0,BS_4,HAP_2,163.542989,163.454634,0.004226,0.026202,0.289633
371,T371_UAV_3,BS_1,HAP_0,181.100742,180.896786,0.030009,0.023031,0.254578
371,T371_UAV_4,BS_4,LEO_1,182.266457,182.188721,0.001724,0.009921,0.330457
371,T371_UAV_16,BS_4,BS_0,469.271121,468.992385,0.12718,0.028881,0.11338
371,T371_UAV_17,BS_3,BS_2,474.239286,473.955312,0.12842,0.025941,0.148068
371,T371_UAV_6,HAP_1,BS_0,498.227833,497.93679,0.134412,0.033956,0.11338
371,T371_UAV_14,BS_4,BS_2,555.566045,555.268305,0.148738,0.019389,0.148068
371,T371_UAV_13,BS_3,BS_0,590.772167,590.46567,0.157533,0.026288,0.11338
371,T371_UAV_7,BS_4,LEO_0,36.228437,36.128467,0.001355,0.0254,0.366075
371,T371_UAV_8,BS_1,HAP_2,64.984344,64.905868,0.001829,0.01872,0.289633
371,T371_UAV_18,BS_2,BS_3,68.231334,67.985736,0.026978,0.069658,0.244814
371,T371_UAV_1,BS_1,HAP_0,72.074916,71.886755,0.026781,0.010465,0.254578
371,T371_UAV_19,HAP_1,LEO_1,96.249956,96.172762,0.000647,0.010455,0.330457
371,T371_UAV_10,BS_3,HAP_1,97.871384,97.653852,0.026614,0.033529,0.286949
371,T371_UAV_9,HAP_1,HAP_1,150.980545,150.782333,0.026371,0.014451,0.286949
371,T371_UAV_11,HAP_1,BS_2,382.561412,382.250849,0.105505,0.075445,0.148068
372,T372_UAV_14,BS_4,LEO_1,154.83647,154.663401,0.04105,0.011024,0.104973
372,T372_UAV_17,BS_3,LEO_0,175.270318,175.080921,0.04477,0.018559,0.130336
372,T372_UAV_4,BS_4,HAP_2,113.299272,113.106322,0.027421,0.013098,0.262157
372,T372_UAV_19,HAP_1,HAP_0,165.010767,164.804443,0.030938,0.020095,0.276456
372,T372_UAV_5,BS_4,LEO_1,254.730787,254.561803,0.042019,0.005971,0.104973
372,T372_UAV_7,BS_4,LEO_0,277.874047,277.698383,0.045516,0.00408,0.130336
372,T372_UAV_8,BS_1,LEO_1,279.81632,279.632844,0.041635,0.020847,0.104973
372,T372_UAV_6,HAP_1,HAP_2,168.149084,167.942016,0.030637,0.024,0.262157
372,T372_UAV_12,BS_4,LEO_0,292.678481,292.500622,0.046052,0.005739,0.130336
372,T372_UAV_10,BS_3,BS_1,59.375661,59.159987,0.024773,0.033062,0.289195
372,T372_UAV_11,HAP_1,LEO_1,88.041326,87.864027,0.040499,0.015805,0.104973
372,T372_UAV_13,BS_3,HAP_0,81.12391,80.900175,0.028264,0.04018,0.276456
372,T372_UAV_18,BS_2,BS_3,90.138159,89.915556,0.032458,0.032134,0.290058
372,T372_UAV_0,BS_4,LEO_0,122.57117,122.382418,0.04253,0.020156,0.130336
372,T372_UAV_3,BS_1,HAP_1,50.136461,49.931315,0.026094,0.0199,0.295762
372,T372_UAV_16,BS_4,LEO_1,131.52269,131.341654,0.041018,0.019023,0.104973
372,T372_UAV_9,HAP_1,LEO_0,232.419247,232.242924,0.045572,0.004683,0.130336
373,T373_UAV_16,BS_4,LEO_1,121.538149,121.47607,0.001142,0.011367,0.247846
373,T373_UAV_4,BS_4,LEO_0,123.671874,123.46588,0.04321,0.012549,0.251171
373,T373_UAV_12,BS_4,HAP_0,127.674878,127.608026,0.003302,0.019388,0.220809
373,T373_UAV_1,BS_1,HAP_2,150.701345,150.632075,0.004011,0.015468,0.248951
373,T373_UAV_10,BS_3,LEO_1,160.812558,160.750145,0.001009,0.011836,0.247846
373,T373_UAV_14,BS_4,LEO_0,167.384386,167.185263,0.045017,0.003871,0.251171
373,T373_UAV_2,BS_2,HAP_1,89.783767,89.536194,0.026326,0.041322,0.399626
373,T373_UAV_7,BS_4,LEO_1,177.842213,177.775189,0.001503,0.015952,0.247846
373,T373_UAV_8,BS_1,HAP_0,69.441941,69.373742,0.001942,0.022096,0.220809
373,T373_UAV_19,HAP_1,HAP_2,77.800134,77.739391,0.002601,0.008352,0.248951
373,T373_UAV_15,BS_4,BS_1,79.684084,79.468519,0.029847,0.029813,0.279521
373,T373_UAV_13,BS_3,BS_3,93.586655,93.299505,0.033303,0.080082,0.368825
373,T373_UAV_9,HAP_1,LEO_0,114.324124,114.111228,0.043937,0.018725,0.251171
373,T373_UAV_18,BS_2,BS_0,128.649569,128.365121,0.042065,0.050486,0.459481
374,T374_UAV_13,BS_3,LEO_1,123.149392,123.079305,0.000795,0.00631,0.314909
374,T374_UAV_1,BS_1,LEO_0,85.976396,85.915044,0.003807,0.010565,0.234901
374,T374_UAV_12,BS_4,HAP_2,133.952655,133.859415,0.003152,0.025788,0.321498
374,T374_UAV_7,BS_4,HAP_0,137.51892,137.444442,0.003295,0.006712,0.322354
374,T374_UAV_8,BS_1,LEO_1,152.784944,152.717201,0.001034,0.003726,0.314909
374,T374_UAV_6,HAP_1,LEO_0,106.089497,106.031956,0.005081,0.00548,0.234901
374,T374_UAV_16,BS_4,HAP_1,88.697112,88.472226,0.027187,0.040563,0.285682
374,T374_UAV_9,HAP_1,LEO_1,58.737359,58.660063,0.000428,0.013886,0.314909
374,T374_UAV_4,BS_4,HAP_2,73.074037,73.000117,0.001568,0.008052,0.321498
374,T374_UAV_10,BS_3,HAP_0,97.376635,97.293067,0.003745,0.015353,0.322354
374,T374_UAV_3,BS_1,BS_0,117.44044,117.238079,0.039285,0.021603,0.207369
374,T374_UAV_19,HAP_1,BS_1,139.960201,139.751156,0.04491,0.022828,0.206535
374,T374_UAV_2,BS_2,BS_3,182.113308,181.882454,0.055438,0.034969,0.202234
375,T375_UAV_14,BS_4,LEO_1,95.822554,95.618319,0.040773,0.016458,0.235024
375,T375_UAV_5,BS_4,LEO_0,94.728244,94.51164,0.043206,0.023489,0.249547
375,T375_UAV_7,BS_4,HAP_2,153.065226,152.87666,0.028319,0.018525,0.208611
375,T375_UAV_3,BS_1,HAP_0,166.494794,166.418644,0.004586,0.004834,0.333651
375,T375_UAV_15,BS_4,BS_1,429.232818,428.952562,0.117177,0.034664,0.142077
375,T375_UAV_13,BS_3,LEO_1,189.564769,189.359345,0.041223,0.017196,0.235024
375,T375_UAV_12,BS_4,BS_0,536.651961,536.352327,0.144011,0.026768,0.144272
375,T375_UAV_1,BS_1,BS_0,706.280245,705.946489,0.186388,0.018513,0.144272
375,T375_UAV_10,BS_3,BS_1,709.887577,709.528157,0.187286,0.043719,0.142077
375,T375_UAV_11,BS_3,BS_1,765.936581,765.565349,0.201288,0.041528,0.142077
375,T375_UAV_16,BS_4,LEO_0,40.624433,40.405837,0.041414,0.027273,0.249547
375,T375_UAV_8,BS_1,HAP_0,83.897646,83.815619,0.002349,0.012948,0.333651
375,T375_UAV_9,HAP_1,HAP_2,89.442629,89.267519,0.02791,0.005478,0.208611
375,T375_UAV_19,HAP_1,HAP_1,81.573236,81.324155,0.026034,0.06787,0.275883
375,T375_UAV_6,HAP_1,BS_0,219.545196,219.318134,0.064792,0.033415,0.144272
375,T375_UAV_18,BS_2,LEO_1,191.787091,191.590351,0.041408,0.008327,0.235024
375,T375_UAV_4,BS_4,BS_1,227.863767,227.646562,0.066876,0.021914,0.142077
375,T375_UAV_17,BS_3,BS_0,676.430304,676.10471,0.178932,0.017808,0.144272
376,T376_UAV_5,BS_4,LEO_1,109.720114,109.662726,0.001062,0.015893,0.202161
376,T376_UAV_0,BS_4,LEO_0,84.872646,84.679182,0.043325,0.006223,0.219581
376,T376_UAV_7,BS_4,HAP_0,236.018743,235.823606,0.029605,0.025646,0.199435
376,T376_UAV_17,BS_3,HAP_2,138.557912,138.49938,0.005252,0.00921,0.220351
376,T376_UAV_4,BS_4,LEO_1,160.226448,160.177102,0.001513,0.007401,0.202161
376,T376_UAV_15,BS_4,LEO_0,118.120831,117.915126,0.044739,0.01705,0.219581
376,T376_UAV_3,BS_1,HAP_1,95.32856,95.110607,0.027105,0.042647,0.241005
376,T376_UAV_1,BS_1,HAP_0,336.900023,336.716931,0.031766,0.01144,0.199435
376,T376_UAV_19,HAP_1,LEO_1,50.254755,50.202146,0.000339,0.011839,0.202161
376,T376_UAV_16,BS_4,HAP_2,91.109122,91.059072,0.002012,0.003967,0.220351
376,T376_UAV_13,BS_3,HAP_0,137.607068,137.430931,0.029107,0.007143,0.199435
376,T376_UAV_18,BS_2,BS_1,137.798481,137.584296,0.044369,0.013595,0.281107
376,T376_UAV_8,BS_1,BS_2,142.940022,142.707928,0.045649,0.017953,0.342461
376,T376_UAV_6,HAP_1,HAP_0,333.342929,333.149539,0.034426,0.019077,0.199435
377,T377_UAV_15,BS_4,LEO_1,154.847012,154.78193,0.001131,0.008798,0.275765
377,T377_UAV_14,BS_4,LEO_0,180.385814,180.318968,0.004416,0.018646,0.218922
377,T377_UAV_13,BS_3,HAP_2,139.12316,139.053175,0.005564,0.006645,0.288874
377,T377_UAV_11,BS_3,HAP_0,140.982034,140.759412,0.030404,0.023724,0.342471
377,T377_UAV_12,BS_4,LEO_1,197.388651,197.328656,0.001417,0.003424,0.275765
377,T377_UAV_18,BS_2,LEO_0,204.019967,203.954979,0.005225,0.015979,0.218922
377,T377_UAV_4,BS_4,HAP_1,78.561165,78.361,0.026976,0.016336,0.284264
377,T377_UAV_16,BS_4,LEO_1,209.889353,209.808349,0.001771,0.02408,0.275765
377,T377_UAV_1,BS_1,HAP_2,181.851925,181.784754,0.004826,0.00457,0.288874
377,T377_UAV_10,BS_3,HAP_0,182.949992,182.734837,0.032024,0.014638,0.342471
377,T377_UAV_19,HAP_1,BS_1,192.227091,191.956349,0.057955,0.048597,0.320951
377,T377_UAV_5,BS_4,BS_3,50.949972,50.737792,0.022668,0.02526,0.321264
377,T377_UAV_7,BS_4,BS_4,82.230711,81.997744,0.030479,0.031129,0.356794
377,T377_UAV_17,BS_3,LEO_0,118.568337,118.503796,0.003774,0.016983,0.218922
377,T377_UAV_2,BS_2,BS_0,99.011232,98.747758,0.034665,0.029952,0.494286
377,T377_UAV_6,HAP_1,BS_2,114.843048,114.580529,0.038621,0.03049,0.467039
377,T377_UAV_8,BS_1,LEO_1,142.030048,141.964522,0.000879,0.009494,0.275765
377,T377_UAV_9,HAP_1,LEO_0,191.481873,191.418032,0.005391,0.014666,0.218922
378,T378_UAV_5,BS_4,LEO_1,144.28618,144.083555,0.041247,0.021815,0.197818
378,T378_UAV_8,BS_1,HAP_0,114.98051,114.80801,0.02822,0.005452,0.19414
378,T378_UAV_0,BS_4,LEO_0,165.934619,165.71364,0.044805,0.022754,0.267104
378,T378_UAV_11,BS_3,HAP_2,183.594412,183.501184,0.006732,0.00934,0.385782
378,T378_UAV_10,BS_3,LEO_1,206.123644,205.933002,0.041187,0.009892,0.197818
378,T378_UAV_4,BS_4,LEO_0,191.041219,190.819134,0.044982,0.023682,0.267104
378,T378_UAV_2,BS_2,HAP_1,96.294714,96.091406,0.026452,0.029874,0.234911
378,T378_UAV_6,HAP_1,BS_0,61.160282,60.954189,0.025221,0.047082,0.168952
378,T378_UAV_3,BS_1,BS_1,61.969917,61.782392,0.025428,0.023976,0.190606
378,T378_UAV_13,BS_3,HAP_2,64.379774,64.294636,0.002573,0.005409,0.385782
378,T378_UAV_14,BS_4,HAP_0,70.950621,70.767281,0.027207,0.017304,0.19414
378,T378_UAV_1,BS_1,BS_3,82.055582,81.8058,0.030431,0.058539,0.304063
378,T378_UAV_15,BS_4,LEO_1,113.504523,113.29941,0.040826,0.024724,0.197818
378,T378_UAV_18,BS_2,LEO_0,96.189643,95.978943,0.043007,0.014272,0.267104
378,T378_UAV_19,HAP_1,BS_4,115.87438,115.628238,0.038883,0.034009,0.366246
378,T378_UAV_9,HAP_1,LEO_1,140.681381,140.488539,0.040931,0.012347,0.197818
379,T379_UAV_14,BS_4,LEO_1,146.379464,146.328179,0.001193,0.005645,0.22223
379,T379_UAV_4,BS_4,LEO_0,116.633095,116.580209,0.004087,0.004179,0.2231
379,T379_UAV_5,BS_4,HAP_2,183.623668,183.425018,0.028677,0.021621,0.241761
379,T379_UAV_6,HAP_1,HAP_0,196.606725,196.398046,0.032377,0.029051,0.236261
379,T379_UAV_11,BS_3,LEO_1,199.585397,199.520663,0.001299,0.018989,0.22223
379,T379_UAV_3,BS_1,BS_0,582.73648,582.420012,0.155522,0.03357,0.136878
379,T379_UAV_12,BS_4,BS_0,598.518625,598.216697,0.159469,0.015082,0.136878
379,T379_UAV_7,BS_4,LEO_0,40.965056,40.908191,0.001559,0.010686,0.2231
379,T379_UAV_13,BS_3,LEO_1,71.947405,71.889389,0.000465,0.013105,0.22223
379,T379_UAV_17,HAP_1,BS_1,95.422633,95.219786,0.033783,0.025054,0.22005
379,T379_UAV_9,HAP_1,HAP_2,100.716882,100.530772,0.028299,0.009459,0.241761
379,T379_UAV_1,BS_1,HAP_0,157.535327,157.32428,0.028916,0.034878,0.236261
379,T379_UAV_2,BS_2,BS_0,508.32141,508.044302,0.136938,0.012794,0.136878
380,T380_UAV_5,BS_4,HAP_2,127.319422,127.263627,0.002286,0.016041,0.187343
380,T380_UAV_0,BS_4,HAP_0,87.913107,87.856724,0.002704,0.013979,0.198501
380,T380_UAV_15,BS_4,LEO_1,198.063143,197.991883,0.001444,0.013798,0.280093
380,T380_UAV_3,BS_1,LEO_0,126.237305,126.143586,0.00554,0.024648,0.317655
380,T380_UAV_4,BS_4,LEO_1,228.115169,228.050236,0.001924,0.00699,0.280093
380,T380_UAV_7,BS_4,LEO_0,127.705275,127.615357,0.004873,0.021513,0.317655
380,T380_UAV_13,BS_3,HAP_2,259.89957,259.836693,0.008673,0.016736,0.187343
380,T380_UAV_19,HAP_1,HAP_0,179.526163,179.465632,0.006396,0.014435,0.198501
380,T380_UAV_9,HAP_1,LEO_1,258.937319,258.864861,0.001714,0.014724,0.280093
380,T380_UAV_14,BS_4,BS_1,52.258551,52.078422,0.023006,0.02495,0.160871
380,T380_UAV_2,BS_2,BS_3,57.122795,56.879536,0.024203,0.063882,0.275876
380,T380_UAV_1,BS_1,BS_4,58.520903,58.309048,0.02456,0.014562,0.363669
380,T380_UAV_18,BS_2,BS_0,63.811858,63.526793,0.025864,0.053512,0.528446
380,T380_UAV_6,HAP_1,BS_2,94.970753,94.63898,0.033638,0.084069,0.570329
380,T380_UAV_16,BS_4,HAP_2,119.942747,119.892524,0.002364,0.010391,0.187343
380,T380_UAV_10,BS_3,HAP_1,60.031043,59.83671,0.026213,0.026295,0.209124
380,T380_UAV_17,HAP_1,LEO_1,189.507051,189.431429,0.001163,0.018441,0.280093
381,T381_UAV_16,BS_4,LEO_1,104.267581,104.181207,0.000987,0.015238,0.350743
381,T381_UAV_0,BS_4,LEO_0,176.622824,176.42379,0.04362,0.016756,0.193292
381,T381_UAV_4,BS_4,HAP_2,132.882763,132.805936,0.002881,0.010376,0.317848
381,T381_UAV_11,BS_3,HAP_0,75.860389,75.764791,0.004142,0.028499,0.314781
381,T381_UAV_7,BS_4,LEO_0,197.183857,196.982618,0.043968,0.018613,0.193292
381,T381_UAV_18,BS_2,BS_1,248.711875,248.463299,0.072077,0.043764,0.163673
381,T381_UAV_9,HAP_1,LEO_1,196.128377,196.053269,0.001421,0.003539,0.350743
381,T381_UAV_10,BS_3,HAP_1,76.576077,76.382814,0.026553,0.024071,0.21319
381,T381_UAV_12,BS_4,LEO_0,239.568645,239.378927,0.044975,0.006085,0.193292
381,T381_UAV_8,BS_1,BS_0,170.452194,170.215601,0.052523,0.038458,0.228065
381,T381_UAV_17,HAP_1,LEO_1,92.176182,92.102066,0.000616,0.003351,0.350743
381,T381_UAV_13,BS_3,BS_2,103.22103,103.002234,0.035728,0.028574,0.272471
381,T381_UAV_2,BS_2,LEO_0,127.136602,126.93429,0.042949,0.020705,0.193292
381,T381_UAV_1,BS_1,HAP_2,128.118742,128.040038,0.003389,0.011745,0.317848
381,T381_UAV_15,BS_4,LEO_0,152.480706,152.275815,0.043212,0.023021,0.193292
381,T381_UAV_6,HAP_1,BS_1,333.823474,333.57147,0.093344,0.025926,0.163673
382,T382_UAV_15,BS_4,LEO_1,211.705142,211.528358,0.041356,0.005568,0.149302
382,T382_UAV_0,BS_4,LEO_0,113.892583,113.691518,0.043282,0.008493,0.246451
382,T382_UAV_4,BS_4,HAP_0,119.722106,119.539672,0.028346,0.008677,0.227053
382,T382_UAV_7,BS_4,HAP_2,142.981654,142.899206,0.00317,0.013265,0.330064
382,T382_UAV_12,BS_4,LEO_1,233.458281,233.275334,0.041471,0.011614,0.149302
382,T382_UAV_10,BS_3,LEO_0,180.683651,180.466778,0.047379,0.020203,0.246451
382,T382_UAV_5,BS_4,HAP_1,96.515467,96.322434,0.027654,0.016155,0.246121
382,T382_UAV_6,HAP_1,LEO_1,371.655174,371.476409,0.042268,0.006636,0.149302
382,T382_UAV_17,HAP_1,HAP_0,194.444629,194.247423,0.032664,0.019131,0.227053
382,T382_UAV_18,BS_4,HAP_2,62.685294,62.594104,0.001699,0.023479,0.330064
382,T382_UAV_14,BS_4,BS_0,85.07233,84.842004,0.03119,0.036532,0.313018
382,T382_UAV_9,HAP_1,LEO_0,101.794795,101.586965,0.043548,0.014992,0.246451
382,T382_UAV_8,BS_1,BS_1,122.78476,122.560852,0.040615,0.022231,0.305312
382,T382_UAV_11,BS_3,LEO_1,215.721411,215.545774,0.041156,0.004621,0.149302
382,T382_UAV_19,HAP_1,LEO_1,311.676684,311.500338,0.041731,0.004755,0.149302
382,T382_UAV_2,BS_2,LEO_1,395.240396,395.051516,0.042248,0.016772,0.149302
383,T383_UAV_12,BS_4,LEO_1,94.27728,94.223587,0.000742,0.009718,0.216164
383,T383_UAV_5,BS_4,LEO_0,94.925375,94.725141,0.042379,0.012829,0.225127
383,T383_UAV_16,BS_4,HAP_0,125.165142,125.095489,0.003619,0.019893,0.230702
383,T383_UAV_4,BS_4,HAP_2,130.478993,130.303733,0.027832,0.0055,0.209637
383,T383_UAV_3,BS_1,LEO_1,145.38931,145.321724,0.001029,0.023324,0.216164
383,T383_UAV_8,BS_1,LEO_0,148.261298,148.058257,0.044994,0.013022,0.225127
383,T383_UAV_0,BS_4,HAP_1,75.290155,75.066823,0.026487,0.044418,0.262135
383,T383_UAV_13,BS_3,BS_0,651.382069,651.045319,0.17267,0.024245,0.199174
383,T383_UAV_17,HAP_1,LEO_1,189.075944,189.018358,0.001268,0.013086,0.216164
383,T383_UAV_18,BS_4,HAP_0,191.746575,191.690598,0.005824,0.004012,0.230702
383,T383_UAV_7,BS_4,BS_3,53.491383,53.279797,0.023303,0.018848,0.347169
383,T383_UAV_14,BS_4,HAP_2,69.780182,69.590084,0.02683,0.021342,0.209637
383,T383_UAV_10,BS_3,LEO_0,71.291376,71.093727,0.042904,0.009719,0.225127
383,T383_UAV_1,BS_1,BS_4,123.155881,122.906337,0.040701,0.037703,0.355698
383,T383_UAV_11,BS_3,BS_0,352.509928,352.233313,0.098004,0.038777,0.199174
383,T383_UAV_9,HAP_1,BS_0,381.843391,381.58765,0.105339,0.010567,0.199174
383,T383_UAV_19,HAP_1,BS_0,715.139385,714.80244,0.188601,0.008509,0.199174
384,T384_UAV_0,BS_4,LEO_1,116.340844,116.274751,0.000887,0.004256,0.304754
384,T384_UAV_5,BS_4,LEO_0,123.847717,123.790006,0.002576,0.004988,0.250734
384,T384_UAV_4,BS_4,HAP_2,138.255429,138.199076,0.00301,0.010015,0.216641
384,T384_UAV_13,BS_3,HAP_0,162.0578,161.98021,0.006514,0.010366,0.303551
384,T384_UAV_14,BS_4,LEO_1,225.179389,225.09791,0.001674,0.018855,0.304754
384,T384_UAV_1,BS_1,LEO_0,227.00476,226.935482,0.005958,0.013174,0.250734
384,T384_UAV_10,BS_3,HAP_1,90.766794,90.533112,0.026859,0.034134,0.36345
384,T384_UAV_3,BS_1,HAP_2,182.919055,182.850453,0.004894,0.020379,0.216641
384,T384_UAV_19,HAP_1,LEO_1,253.421658,253.353895,0.001575,0.005237,0.304754
384,T384_UAV_15,BS_4,HAP_0,191.671523,191.600069,0.004393,0.006351,0.303551
384,T384_UAV_17,HAP_1,BS_1,197.518236,197.269404,0.059283,0.033462,0.280438
384,T384_UAV_8,BS_1,LEO_0,69.468208,69.395823,0.001905,0.020333,0.250734
384,T384_UAV_16,BS_4,BS_3,64.744736,64.498031,0.026106,0.05942,0.305891
384,T384_UAV_6,HAP_1,BS_0,69.640333,69.374331,0.027325,0.055088,0.417947
384,T384_UAV_18,BS_4,BS_4,74.004526,73.771656,0.028424,0.033762,0.35342
384,T384_UAV_9,HAP_1,BS_2,112.249637,111.958227,0.037966,0.060703,0.463706
384,T384_UAV_11,BS_3,LEO_1,211.412585,211.345655,0.00126,0.004719,0.304754
384,T384_UAV_2,BS_2,LEO_0,244.441712,244.366835,0.006607,0.018123,0.250734
385,T385_UAV_16,BS_4,LEO_1,148.182909,147.988472,0.041247,0.016742,0.18224
385,T385_UAV_10,BS_3,LEO_0,195.37383,195.159165,0.046418,0.019782,0.242327
385,T385_UAV_14,BS_4,HAP_0,177.458551,177.281216,0.029763,0.010234,0.186692
385,T385_UAV_12,BS_4,LEO_1,208.304006,208.114038,0.041483,0.012037,0.18224
385,T385_UAV_5,BS_4,HAP_0,248.581841,248.398066,0.030693,0.015744,0.186692
385,T385_UAV_15,BS_4,LEO_1,241.952941,241.754743,0.041756,0.019993,0.18224
385,T385_UAV_7,BS_4,HAP_2,63.307495,63.232934,0.001415,0.010593,0.312766
385,T385_UAV_3,BS_1,LEO_0,81.64834,81.433823,0.042126,0.023925,0.242327
385,T385_UAV_6,HAP_1,LEO_0,92.390672,92.174524,0.042564,0.025118,0.242327
385,T385_UAV_18,BS_4,LEO_1,87.150083,86.963033,0.040591,0.010012,0.18224
385,T385_UAV_19,HAP_1,LEO_0,120.149034,119.933387,0.043439,0.023742,0.242327
385,T385_UAV_2,BS_2,HAP_2,129.687959,129.605245,0.003843,0.016318,0.312766
385,T385_UAV_13,BS_3,HAP_0,144.323986,144.14765,0.029827,0.009171,0.186692
386,T386_UAV_0,BS_4,LEO_1,70.147216,70.092899,0.000594,0.012255,0.207343
386,T386_UAV_12,BS_4,LEO_0,82.731499,82.680769,0.002434,0.004383,0.219563
386,T386_UAV_11,BS_3,HAP_0,135.822295,135.619088,0.030173,0.025763,0.236359
386,T386_UAV_15,BS_4,HAP_2,191.292731,191.199039,0.004519,0.01709,0.36042
386,T386_UAV_19,HAP_1,LEO_1,191.944854,191.892874,0.001302,0.009209,0.207343
386,T386_UAV_3,BS_1,LEO_0,195.965745,195.898758,0.006288,0.016786,0.219563
386,T386_UAV_16,BS_4,HAP_1,98.893938,98.674299,0.027415,0.017807,0.372087
386,T386_UAV_13,BS_3,LEO_1,197.240583,197.177178,0.001277,0.020659,0.207343
386,T386_UAV_7,BS_4,HAP_2,55.777724,55.69131,0.00125,0.01308,0.36042
386,T386_UAV_18,BS_4,BS_3,56.880269,56.657535,0.024147,0.045233,0.266769
386,T386_UAV_5,BS_4,BS_1,65.839495,65.608074,0.026384,0.045724,0.296567
386,T386_UAV_8,BS_1,HAP_0,78.770381,78.574035,0.027214,0.02186,0.236359
386,T386_UAV_9,HAP_1,BS_0,81.635193,81.389281,0.030327,0.039936,0.378246
386,T386_UAV_6,HAP_1,BS_4,106.214606,105.97591,0.036471,0.031534,0.353457
386,T386_UAV_10,BS_3,LEO_0,128.869374,128.802337,0.005283,0.017842,0.219563
386,T386_UAV_2,BS_2,BS_2,147.757608,147.509503,0.046849,0.024864,0.381965
387,T387_UAV_3,BS_1,LEO_1,137.836203,137.641324,0.040892,0.014244,0.198713
387,T387_UAV_18,BS_4,LEO_0,92.999332,92.922043,0.003935,0.013128,0.30113
387,T387_UAV_12,BS_4,HAP_2,207.331744,207.154519,0.029389,0.014527,0.166542
387,T387_UAV_9,HAP_1,HAP_0,214.008605,213.934112,0.00664,0.024815,0.215196
387,T387_UAV_0,BS_4,LEO_1,192.055064,191.856907,0.041466,0.016949,0.198713
387,T387_UAV_5,BS_4,LEO_0,105.767519,105.675065,0.003532,0.028696,0.30113
387,T387_UAV_4,BS_4,HAP_1,85.385508,85.145429,0.027112,0.029864,0.415507
387,T387_UAV_16,BS_4,HAP_0,256.283843,256.227632,0.0064,0.006772,0.215196
387,T387_UAV_14,BS_4,HAP_2,277.384267,277.212291,0.031365,0.007303,0.166542
387,T387_UAV_6,HAP_1,BS_0,51.858959,51.700427,0.022909,0.00949,0.130671
387,T387_UAV_19,HAP_1,LEO_1,88.854318,88.657512,0.040551,0.016513,0.198713
387,T387_UAV_17,HAP_1,BS_1,68.807341,68.575385,0.027125,0.040971,0.319299
387,T387_UAV_1,BS_1,BS_4,90.163269,89.888333,0.032451,0.07194,0.352726
387,T387_UAV_15,BS_4,LEO_1,111.006107,110.817249,0.040803,0.008313,0.198713
387,T387_UAV_8,BS_1,HAP_0,144.070086,144.010411,0.003525,0.01311,0.215196
387,T387_UAV_13,BS_3,HAP_2,293.714081,293.524933,0.034797,0.021042,0.166542
388,T388_UAV_18,BS_4,LEO_1,91.319546,91.271071,0.000686,0.00411,0.218395
388,T388_UAV_14,BS_4,LEO_0,102.060628,101.974894,0.003021,0.004116,0.392983
388,T388_UAV_3,BS_1,HAP_2,150.812883,150.755212,0.004021,0.009188,0.222307
388,T388_UAV_19,HAP_1,HAP_0,182.908584,182.834239,0.006442,0.014034,0.269341
388,T388_UAV_16,BS_4,LEO_1,193.428662,193.374665,0.001813,0.008505,0.218395
388,T388_UAV_9,HAP_1,LEO_0,195.103957,194.996281,0.006877,0.022202,0.392983
388,T388_UAV_11,BS_3,HAP_1,100.031872,99.806653,0.026597,0.01222,0.43201
388,T388_UAV_4,BS_4,LEO_1,197.698693,197.645497,0.001852,0.007665,0.218395
388,T388_UAV_6,HAP_1,HAP_2,61.090411,61.031797,0.001997,0.012156,0.222307
388,T388_UAV_13,BS_3,HAP_0,70.830834,70.767745,0.002842,0.00638,0.269341
388,T388_UAV_10,BS_3,BS_0,75.688728,75.510305,0.028858,0.00909,0.202378
388,T388_UAV_5,BS_4,BS_1,79.6144,79.408301,0.029832,0.016341,0.299629
388,T388_UAV_17,HAP_1,BS_4,80.798677,80.573307,0.030123,0.01928,0.379829
388,T388_UAV_12,BS_4,BS_2,81.218781,80.944372,0.030216,0.054315,0.44939
388,T388_UAV_8,BS_1,BS_3,140.142223,139.835035,0.044931,0.069332,0.464618
388,T388_UAV_2,BS_2,LEO_0,183.627379,183.53074,0.006095,0.011948,0.392983
389,T389_UAV_5,BS_4,LEO_1,143.900778,143.831017,0.001414,0.013094,0.276261
389,T389_UAV_7,BS_4,LEO_0,258.944907,258.750248,0.045285,0.018306,0.155338
389,T389_UAV_14,BS_4,HAP_2,158.555693,158.480566,0.004162,0.011935,0.29515
389,T389_UAV_19,HAP_1,HAP_0,160.517645,160.440097,0.005645,0.003457,0.34223
389,T389_UAV_4,BS_4,LEO_1,159.989849,159.923841,0.001497,0.009259,0.276261
389,T389_UAV_17,HAP_1,LEO_0,300.294656,300.095129,0.048055,0.020404,0.155338
389,T389_UAV_8,BS_1,LEO_0,96.895811,96.701038,0.042287,0.021419,0.155338
389,T389_UAV_10,BS_3,LEO_1,76.08958,76.027346,0.000472,0.006509,0.276261
389,T389_UAV_3,BS_1,LEO_0,106.522902,106.330003,0.042388,0.019444,0.155338
389,T389_UAV_9,HAP_1,HAP_2,104.240671,104.172491,0.003477,0.005673,0.29515
389,T389_UAV_2,BS_2,HAP_0,104.970416,104.881802,0.003372,0.016796,0.34223
389,T389_UAV_6,HAP_1,HAP_1,74.218561,73.982019,0.025731,0.069149,0.208308
389,T389_UAV_16,BS_4,LEO_0,165.311694,165.123796,0.043126,0.013704,0.155338
390,T390_UAV_7,BS_4,LEO_0,160.827597,160.60177,0.043794,0.028335,0.268489
390,T390_UAV_13,BS_3,LEO_1,158.781622,158.684449,0.001029,0.018197,0.389734
390,T390_UAV_12,BS_4,HAP_0,331.035489,330.844871,0.031318,0.022865,0.182175
390,T390_UAV_16,BS_4,HAP_2,164.68197,164.606608,0.003686,0.00414,0.337679
390,T390_UAV_18,BS_4,LEO_1,172.278686,172.190273,0.001298,0.009167,0.389734
390,T390_UAV_3,BS_1,HAP_0,353.691714,353.509043,0.031778,0.014458,0.182175
390,T390_UAV_15,BS_4,LEO_0,248.48923,248.284615,0.046121,0.004797,0.268489
390,T390_UAV_5,BS_4,HAP_1,195.19473,194.989101,0.02934,0.034417,0.209356
390,T390_UAV_19,HAP_1,LEO_1,197.691449,197.597034,0.001345,0.015124,0.389734
390,T390_UAV_17,HAP_1,HAP_0,577.701103,577.50923,0.039626,0.015811,0.182175
390,T390_UAV_9,HAP_1,HAP_2,67.616734,67.526908,0.002257,0.020033,0.337679
390,T390_UAV_1,BS_1,LEO_0,131.872434,131.647602,0.043439,0.027694,0.268489
390,T390_UAV_8,BS_1,HAP_0,221.989274,221.809905,0.029404,0.01353,0.182175
390,T390_UAV_10,BS_3,LEO_0,168.186458,167.97039,0.045536,0.016834,0.268489
390,T390_UAV_6,HAP_1,HAP_1,172.805918,172.569433,0.026568,0.068045,0.209356
390,T390_UAV_4,BS_4,HAP_0,326.054871,325.870576,0.03146,0.0164,0.182175
390,T390_UAV_2,BS_2,HAP_0,533.188202,533.009026,0.036624,0.006117,0.182175
391,T391_UAV_5,BS_4,LEO_1,118.022756,117.846783,0.041034,0.011073,0.119331
391,T391_UAV_7,BS_4,LEO_0,99.956418,99.766351,0.042877,0.010614,0.182879
391,T391_UAV_4,BS_4,HAP_2,442.818863,442.664926,0.032013,0.002791,0.095659
391,T391_UAV_3,BS_1,LEO_1,193.330491,193.159344,0.041255,0.006025,0.119331
391,T391_UAV_15,BS_4,LEO_0,169.336402,169.141437,0.045103,0.013287,0.182879
391,T391_UAV_1,BS_1,HAP_2,481.61502,481.45414,0.033695,0.008053,0.095659
391,T391_UAV_17,HAP_1,LEO_1,252.672204,252.49468,0.041567,0.012092,0.119331
391,T391_UAV_0,BS_4,HAP_2,680.802858,680.632655,0.036844,0.014227,0.095659
391,T391_UAV_18,BS_4,LEO_0,86.00501,85.821388,0.042655,0.004391,0.182879
391,T391_UAV_9,HAP_1,HAP_2,194.226029,194.074908,0.029165,0.002824,0.095659
391,T391_UAV_19,HAP_1,BS_0,137.198072,136.988719,0.04422,0.024063,0.205351
391,T391_UAV_10,BS_3,HAP_1,72.2387,72.064981,0.026511,0.015839,0.156844
391,T391_UAV_14,BS_4,HAP_2,220.611095,220.455967,0.028976,0.00702,0.095659
391,T391_UAV_6,HAP_1,LEO_1,212.910413,212.730382,0.041479,0.014687,0.119331
391,T391_UAV_8,BS_1,HAP_2,347.219018,347.065242,0.031724,0.002919,0.095659
391,T391_UAV_2,BS_2,HAP_2,462.363673,462.196565,0.034063,0.013913,0.095659
392,T392_UAV_5,BS_4,LEO_1,83.731724,83.535465,0.040733,0.010658,0.224342
392,T392_UAV_14,BS_4,LEO_0,87.913167,87.711881,0.042584,0.012612,0.230452
392,T392_UAV_13,BS_3,HAP_2,122.223226,121.996994,0.029881,0.005666,0.453427
392,T392_UAV_8,BS_1,HAP_0,136.676711,136.402695,0.028861,0.044788,0.501841
392,T392_UAV_3,BS_1,LEO_1,195.064604,194.868541,0.041267,0.009928,0.224342
392,T392_UAV_19,HAP_1,LEO_0,153.256912,153.040428,0.045379,0.025015,0.230452
392,T392_UAV_15,BS_4,HAP_1,81.244575,81.026706,0.027303,0.036788,0.268889
392,T392_UAV_0,BS_4,BS_0,172.528619,172.312724,0.053047,0.018121,0.22364
392,T392_UAV_10,BS_3,BS_2,50.453928,50.215564,0.022538,0.060025,0.279002
392,T392_UAV_4,BS_4,BS_1,55.297788,55.04681,0.023745,0.061064,0.330849
392,T392_UAV_9,HAP_1,BS_3,57.223225,56.973728,0.024226,0.054248,0.355113
392,T392_UAV_12,BS_4,LEO_1,76.4563,76.262839,0.04054,0.008053,0.224342
392,T392_UAV_16,BS_4,BS_4,61.291154,61.067435,0.025249,0.028121,0.351744
392,T392_UAV_17,HAP_1,HAP_2,63.492561,63.266237,0.027358,0.00828,0.453427
392,T392_UAV_1,BS_1,HAP_0,90.157156,89.888696,0.027252,0.04084,0.501841
392,T392_UAV_6,HAP_1,LEO_0,129.492147,129.272147,0.044394,0.029516,0.230452
392,T392_UAV_2,BS_2,LEO_1,253.598821,253.396068,0.041605,0.01628,0.224342
393,T393_UAV_15,BS_4,LEO_1,69.837366,69.774756,0.000556,0.014156,0.239493
393,T393_UAV_13,BS_3,LEO_0,95.032397,94.961847,0.003984,0.019275,0.236457
393,T393_UAV_4,BS_4,HAP_0,353.378823,353.197431,0.031303,0.029919,0.100854
393,T393_UAV_8,BS_1,HAP_2,158.564814,158.36198,0.029599,0.018276,0.274794
393,T393_UAV_16,BS_4,HAP_0,525.50859,525.312802,0.034485,0.041131,0.100854
393,T393_UAV_3,BS_1,LEO_1,178.09061,178.021102,0.001268,0.020341,0.239493
393,T393_UAV_0,BS_4,LEO_0,180.396583,180.33062,0.005161,0.013511,0.236457
393,T393_UAV_12,BS_4,HAP_0,755.510643,755.319846,0.038062,0.032565,0.100854
393,T393_UAV_9,HAP_1,HAP_0,869.414322,869.225694,0.043561,0.024897,0.100854
393,T393_UAV_10,BS_3,LEO_1,61.127079,61.070496,0.000378,0.008306,0.239493
393,T393_UAV_19,HAP_1,BS_0,66.727073,66.53402,0.026615,0.01551,0.254637
393,T393_UAV_2,BS_2,HAP_2,70.091713,69.897401,0.027053,0.0123,0.274794
393,T393_UAV_11,BS_3,LEO_0,89.81702,89.746186,0.003487,0.020055,0.236457
393,T393_UAV_6,HAP_1,HAP_0,248.101423,247.94103,0.03029,0.009932,0.100854
393,T393_UAV_18,BS_4,HAP_0,266.645823,266.450201,0.029956,0.045495,0.100854
393,T393_UAV_5,BS_4,HAP_0,290.200633,290.039768,0.029885,0.01081,0.100854
393,T393_UAV_1,BS_1,HAP_0,297.338747,297.158777,0.029885,0.029914,0.100854
393,T393_UAV_17,HAP_1,HAP_0,529.182533,529.019201,0.036745,0.006416,0.100854
394,T394_UAV_13,BS_3,LEO_0,105.630488,105.559805,0.003552,0.01194,0.275953
394,T394_UAV_14,BS_4,LEO_1,142.719836,142.643398,0.001078,0.009653,0.328533
394,T394_UAV_12,BS_4,HAP_2,222.300843,222.097922,0.029753,0.023385,0.248917
394,T394_UAV_15,BS_4,HAP_0,148.61835,148.358824,0.028404,0.033565,0.487786
394,T394_UAV_19,HAP_1,LEO_1,210.833103,210.756564,0.001319,0.009514,0.328533
394,T394_UAV_3,BS_1,LEO_0,211.996261,211.918718,0.005524,0.016829,0.275953
394,T394_UAV_7,BS_4,HAP_1,79.949758,79.733253,0.027017,0.038624,0.254322
394,T394_UAV_9,HAP_1,LEO_1,225.885852,225.814047,0.001478,0.00462,0.328533
394,T394_UAV_16,BS_4,HAP_2,266.697622,266.49734,0.030317,0.020181,0.248917
394,T394_UAV_5,BS_4,BS_0,179.197257,178.969253,0.05471,0.02614,0.235773
394,T394_UAV_1,BS_1,HAP_0,196.087317,195.822334,0.029916,0.03751,0.487786
394,T394_UAV_10,BS_3,BS_2,53.103466,52.883763,0.023204,0.043046,0.267267
394,T394_UAV_11,BS_3,BS_3,63.121412,62.903131,0.025708,0.042292,0.251406
394,T394_UAV_8,BS_1,BS_1,89.439941,89.225554,0.032285,0.018727,0.316875
394,T394_UAV_4,BS_4,BS_4,92.111806,91.879926,0.032949,0.027866,0.355323
394,T394_UAV_17,HAP_1,LEO_0,125.501187,125.436427,0.003931,0.005638,0.275953
394,T394_UAV_18,BS_4,LEO_1,128.731535,128.650482,0.000888,0.014458,0.328533
394,T394_UAV_2,BS_2,LEO_0,140.508328,140.431218,0.003782,0.018137,0.275953
394,T394_UAV_6,HAP_1,HAP_2,172.539562,172.320608,0.029766,0.039405,0.248917
395,T395_UAV_13,BS_3,LEO_1,167.383151,167.186155,0.040937,0.017977,0.190411
395,T395_UAV_8,BS_1,LEO_0,166.783816,166.572076,0.044616,0.02878,0.191723
395,T395_UAV_16,BS_4,HAP_2,197.1664,197.105492,0.003938,0.018032,0.19469
395,T395_UAV_12,BS_4,HAP_0,82.93742,82.693964,0.027957,0.039898,0.378007
395,T395_UAV_18,BS_4,LEO_1,220.269476,220.065881,0.041419,0.024094,0.190411
395,T395_UAV_0,BS_4,LEO_0,189.849184,189.652065,0.044442,0.014332,0.191723
395,T395_UAV_5,BS_4,HAP_1,174.953585,174.74124,0.028929,0.030027,0.266944
395,T395_UAV_1,BS_1,HAP_2,266.742761,266.690447,0.006109,0.007267,0.19469
395,T395_UAV_9,HAP_1,BS_0,181.810696,181.602592,0.055368,0.006933,0.229018
395,T395_UAV_15,BS_4,LEO_1,304.802334,304.610776,0.042044,0.011432,0.190411
395,T395_UAV_4,BS_4,LEO_0,259.156737,258.951189,0.045641,0.021562,0.191723
395,T395_UAV_3,BS_1,LEO_1,84.522078,84.337843,0.040514,0.005639,0.190411
395,T395_UAV_14,BS_4,BS_3,94.936236,94.680719,0.033648,0.060124,0.308724
395,T395_UAV_10,BS_3,BS_2,100.000595,99.736671,0.034912,0.05615,0.36431
395,T395_UAV_17,HAP_1,LEO_0,152.892214,152.689406,0.044775,0.019688,0.191723
395,T395_UAV_6,HAP_1,HAP_2,181.847621,181.782379,0.005023,0.021281,0.19469
395,T395_UAV_19,HAP_1,LEO_1,203.665421,203.481456,0.041196,0.004687,0.190411
395,T395_UAV_2,BS_2,HAP_1,152.441828,152.23013,0.027115,0.031194,0.266944
396,T396_UAV_15,BS_4,LEO_1,55.670593,55.462139,0.040511,0.006288,0.308273
396,T396_UAV_4,BS_4,LEO_0,111.799979,111.751792,0.002438,0.007678,0.190356
396,T396_UAV_5,BS_4,HAP_2,208.7078,208.626445,0.003627,0.01938,0.291738
396,T396_UAV_7,BS_4,HAP_0,143.027864,142.808759,0.028534,0.032847,0.288625
396,T396_UAV_16,BS_4,LEO_0,210.050166,209.990197,0.004618,0.017279,0.190356
396,T396_UAV_18,BS_4,LEO_1,118.135172,117.909064,0.041036,0.023418,0.308273
396,T396_UAV_9,HAP_1,HAP_2,276.456378,276.365338,0.00793,0.024763,0.291738
396,T396_UAV_3,BS_1,BS_0,50.987638,50.911262,0.012721,0.027213,0.182204
396,T396_UAV_10,BS_3,BS_3,55.435222,55.242789,0.023794,0.022081,0.232792
396,T396_UAV_0,BS_4,HAP_0,56.786905,56.54466,0.0267,0.05782,0.288625
396,T396_UAV_8,BS_1,LEO_0,71.414494,71.356677,0.001981,0.017765,0.190356
396,T396_UAV_6,HAP_1,BS_4,65.031035,64.799021,0.026182,0.0355,0.351662
396,T396_UAV_14,BS_4,BS_2,75.424107,75.201535,0.028781,0.014925,0.394326
396,T396_UAV_17,HAP_1,LEO_0,72.468498,72.42342,0.002265,0.004742,0.190356
396,T396_UAV_11,BS_3,HAP_1,91.696334,91.491422,0.026294,0.03419,0.222141
396,T396_UAV_19,HAP_1,HAP_2,183.276166,183.194095,0.005038,0.018686,0.291738
396,T396_UAV_2,BS_2,HAP_1,183.890317,183.687035,0.027561,0.031293,0.222141
397,T397_UAV_15,BS_4,LEO_1,79.416156,79.192045,0.04073,0.01785,0.327656
397,T397_UAV_7,BS_4,HAP_0,325.889232,325.702999,0.030459,0.031294,0.122405
397,T397_UAV_12,BS_4,LEO_0,90.429029,90.352989,0.00363,0.015937,0.282367
397,T397_UAV_5,BS_4,HAP_2,143.50745,143.414549,0.002762,0.01524,0.374494
397,T397_UAV_14,BS_4,BS_0,291.842488,291.603512,0.082854,0.019689,0.18216
397,T397_UAV_16,BS_4,HAP_0,418.404104,418.24012,0.032776,0.006726,0.122405
397,T397_UAV_11,BS_3,LEO_1,105.023671,104.794562,0.04076,0.022818,0.327656
397,T397_UAV_13,BS_3,LEO_0,108.211135,108.135068,0.006319,0.013274,0.282367
397,T397_UAV_2,BS_2,HAP_1,100.016343,99.830817,0.02662,0.016543,0.211818
397,T397_UAV_6,HAP_1,HAP_2,186.732565,186.632139,0.006017,0.01951,0.374494
397,T397_UAV_4,BS_4,HAP_0,650.748585,650.563445,0.036997,0.023661,0.122405
397,T397_UAV_17,HAP_1,HAP_0,716.108427,715.904623,0.041477,0.037846,0.122405
397,T397_UAV_3,BS_1,BS_0,595.487735,595.181328,0.158711,0.011264,0.18216
397,T397_UAV_18,BS_4,BS_1,68.20326,67.984665,0.026978,0.050216,0.207003
397,T397_UAV_0,BS_4,HAP_0,232.456639,232.278539,0.029454,0.024165,0.122405
397,T397_UAV_9,HAP_1,HAP_0,300.75742,300.572816,0.031666,0.028458,0.122405
397,T397_UAV_19,HAP_1,BS_0,403.420019,403.160836,0.11073,0.012021,0.18216
397,T397_UAV_10,BS_3,HAP_0,623.976084,623.770886,0.039094,0.041623,0.122405
397,T397_UAV_1,BS_1,HAP_0,692.811297,692.627223,0.03673,0.022863,0.122405
398,T398_UAV_5,BS_4,LEO_1,204.997855,204.810438,0.041485,0.007823,0.190545
398,T398_UAV_15,BS_4,LEO_0,167.111877,166.90911,0.043579,0.01056,0.243137
398,T398_UAV_11,BS_3,HAP_2,235.552679,235.378009,0.031507,0.016502,0.133307
398,T398_UAV_18,BS_4,HAP_0,64.093624,63.840038,0.027578,0.027271,0.493687
398,T398_UAV_0,BS_4,LEO_1,293.023976,292.837993,0.04189,0.005983,0.190545
398,T398_UAV_14,BS_4,LEO_0,272.271734,272.056179,0.045654,0.021273,0.243137
398,T398_UAV_12,BS_4,HAP_1,85.448613,85.199445,0.02686,0.049142,0.365829
398,T398_UAV_1,BS_1,HAP_2,378.092939,377.914942,0.03292,0.018416,0.133307
398,T398_UAV_4,BS_4,LEO_1,442.637211,442.43861,0.04304,0.017453,0.190545
398,T398_UAV_8,BS_1,LEO_0,318.256436,318.048734,0.047589,0.011485,0.243137
398,T398_UAV_17,HAP_1,LEO_1,453.138831,452.944332,0.042429,0.013961,0.190545
398,T398_UAV_16,BS_4,BS_0,60.048534,59.805574,0.024934,0.035419,0.413032
398,T398_UAV_7,BS_4,HAP_2,127.189018,127.018691,0.02741,0.016256,0.133307
398,T398_UAV_6,HAP_1,LEO_1,152.494139,152.30056,0.040902,0.014568,0.190545
398,T398_UAV_10,BS_3,LEO_0,168.295554,168.085152,0.044731,0.017044,0.243137
398,T398_UAV_13,BS_3,HAP_2,165.807066,165.628229,0.029923,0.022252,0.133307
398,T398_UAV_2,BS_2,LEO_1,324.85429,324.656593,0.041766,0.017822,0.190545
398,T398_UAV_9,HAP_1,LEO_0,320.228214,320.020097,0.047923,0.011566,0.243137
398,T398_UAV_3,BS_1,LEO_1,362.199223,362.005734,0.042019,0.013361,0.190545
399,T399_UAV_0,BS_4,LEO_1,62.398261,62.179981,0.040626,0.01002,0.338166
399,T399_UAV_14,BS_4,LEO_0,93.330697,93.12364,0.042726,0.008037,0.281471
399,T399_UAV_15,BS_4,HAP_2,94.66329,94.459029,0.027277,0.005865,0.35559
399,T399_UAV_5,BS_4,HAP_0,118.664761,118.430645,0.028056,0.032054,0.370031
399,T399_UAV_10,BS_3,LEO_1,94.104661,93.885021,0.040654,0.011352,0.338166
399,T399_UAV_13,BS_3,LEO_0,143.245728,143.015624,0.045999,0.027811,0.281471
399,T399_UAV_11,BS_3,BS_0,52.013693,51.809963,0.022936,0.01944,0.306768
399,T399_UAV_2,BS_2,BS_2,60.350296,60.099521,0.025007,0.049854,0.379566
399,T399_UAV_9,HAP_1,BS_3,67.7933,67.528095,0.026864,0.063959,0.37191
399,T399_UAV_19,HAP_1,HAP_2,84.688089,84.459349,0.0277,0.029923,0.35559
399,T399_UAV_16,BS_4,BS_4,87.765453,87.529901,0.031862,0.028558,0.37566
399,T399_UAV_4,BS_4,LEO_0,83.891238,83.684924,0.042212,0.007808,0.281471
399,T399_UAV_3,BS_1,HAP_0,111.741893,111.500524,0.02797,0.039394,0.370031
399,T399_UAV_6,HAP_1,HAP_1,74.268398,74.022259,0.025808,0.051998,0.341664
400,T400_UAV_8,BS_1,LEO_1,81.607564,81.380962,0.040607,0.022469,0.317637
400,T400_UAV_13,BS_3,HAP_0,224.450106,224.249139,0.031656,0.047621,0.108454
400,T400_UAV_3,BS_1,LEO_0,103.513803,103.439152,0.004503,0.018359,0.258941
400,T400_UAV_7,BS_4,HAP_0,283.50731,283.308218,0.030701,0.046701,0.108454
400,T400_UAV_9,HAP_1,BS_1,168.489427,168.267969,0.052036,0.03253,0.184458
400,T400_UAV_0,BS_4,HAP_0,362.90883,362.727271,0.033503,0.026366,0.108454
400,T400_UAV_17,HAP_1,HAP_0,379.693474,379.521573,0.036108,0.014102,0.108454
400,T400_UAV_1,BS_1,LEO_0,37.31234,37.235388,0.001621,0.023543,0.258941
400,T400_UAV_10,BS_3,HAP_2,96.972685,96.74743,0.028753,0.031413,0.325442
400,T400_UAV_6,HAP_1,LEO_1,65.22041,65.004337,0.040581,0.011964,0.317637
400,T400_UAV_19,HAP_1,BS_0,124.354589,124.122613,0.041005,0.032464,0.292536
400,T400_UAV_14,BS_4,HAP_2,138.970228,138.761504,0.028626,0.01501,0.325442
400,T400_UAV_2,BS_2,HAP_1,94.156322,93.937506,0.02654,0.014356,0.389599
401,T401_UAV_4,BS_4,LEO_1,144.817804,144.759609,0.00134,0.006451,0.252025
401,T401_UAV_0,BS_4,LEO_0,122.369852,122.142818,0.044679,0.017728,0.323138
401,T401_UAV_5,BS_4,HAP_2,160.104059,159.900709,0.028049,0.030029,0.226356
401,T401_UAV_18,BS_4,HAP_0,186.040145,185.824259,0.030552,0.028789,0.282719
401,T401_UAV_12,BS_4,BS_0,311.23757,310.979703,0.087696,0.030394,0.198882
401,T401_UAV_3,BS_1,LEO_1,197.137693,197.078279,0.001411,0.007598,0.252025
401,T401_UAV_10,BS_3,HAP_1,361.469282,361.271003,0.030236,0.037935,0.150542
401,T401_UAV_13,BS_3,HAP_1,421.13973,420.968457,0.030986,0.010178,0.150542
401,T401_UAV_6,HAP_1,BS_0,443.3747,443.098325,0.120709,0.015889,0.198882
401,T401_UAV_19,HAP_1,BS_0,511.748968,511.448041,0.137788,0.023362,0.198882
401,T401_UAV_14,BS_4,LEO_0,52.723415,52.510472,0.042074,0.006241,0.323138
401,T401_UAV_2,BS_2,LEO_1,107.649362,107.56562,0.000745,0.032591,0.252025
401,T401_UAV_9,HAP_1,HAP_2,127.223454,127.029277,0.029317,0.019589,0.226356
401,T401_UAV_17,HAP_1,HAP_0,130.189389,129.959074,0.030101,0.04367,0.282719
401,T401_UAV_11,BS_3,HAP_1,131.05431,130.835824,0.026581,0.061797,0.150542
401,T401_UAV_15,BS_4,HAP_1,167.041325,166.872437,0.027922,0.010858,0.150542
401,T401_UAV_8,BS_1,HAP_1,188.814029,188.624016,0.027869,0.032037,0.150542
402,T402_UAV_4,BS_4,LEO_1,127.656819,127.569473,0.001057,0.024093,0.310981
402,T402_UAV_0,BS_4,LEO_0,133.042169,132.98513,0.003099,0.011497,0.212213
402,T402_UAV_3,BS_1,HAP_2,125.236008,125.159977,0.003299,0.021473,0.256293
402,T402_UAV_12,BS_4,HAP_0,143.662483,143.433487,0.028947,0.035879,0.320851
402,T402_UAV_10,BS_3,LEO_0,187.739399,187.663937,0.006228,0.026791,0.212213
402,T402_UAV_17,HAP_1,LEO_1,214.610075,214.540807,0.001343,0.005729,0.310981
402,T402_UAV_5,BS_4,HAP_1,80.893239,80.659326,0.027335,0.030212,0.381825
402,T402_UAV_19,HAP_1,LEO_1,225.238807,225.154296,0.001417,0.020897,0.310981
402,T402_UAV_7,BS_4,HAP_2,192.081458,192.009215,0.004512,0.016472,0.256293
402,T402_UAV_1,BS_1,BS_3,67.586498,67.375029,0.026825,0.027817,0.284135
402,T402_UAV_14,HAP_1,BS_0,73.313275,73.055027,0.028245,0.046184,0.419097
402,T402_UAV_18,BS_4,HAP_0,79.614004,79.383122,0.027368,0.039343,0.320851
402,T402_UAV_2,BS_2,BS_4,91.883875,91.621629,0.032884,0.05897,0.351957
402,T402_UAV_8,BS_1,LEO_0,117.060085,116.995201,0.003268,0.019174,0.212213
402,T402_UAV_16,BS_4,BS_1,95.754446,95.496573,0.033852,0.040334,0.418435
402,T402_UAV_13,BS_3,BS_2,117.822775,117.565124,0.039367,0.030829,0.437273
402,T402_UAV_9,HAP_1,LEO_1,156.740937,156.671458,0.001019,0.006264,0.310981
402,T402_UAV_6,HAP_1,LEO_0,157.691235,157.631746,0.004298,0.012748,0.212213
403,T403_UAV_15,BS_4,LEO_1,163.156047,162.944706,0.041165,0.0314,0.193883
403,T403_UAV_8,BS_1,LEO_0,85.181362,84.956816,0.044011,0.021948,0.292936
403,T403_UAV_3,BS_1,HAP_2,132.927225,132.844361,0.003499,0.020962,0.292012
403,T403_UAV_11,BS_3,HAP_0,205.886941,205.708519,0.031512,0.019871,0.135197
403,T403_UAV_13,BS_3,LEO_1,185.176248,184.988455,0.041092,0.007924,0.193883
403,T403_UAV_16,BS_4,LEO_0,92.903346,92.684385,0.04335,0.017024,0.292936
403,T403_UAV_12,BS_4,HAP_0,240.014405,239.818913,0.03075,0.037703,0.135197
403,T403_UAV_19,HAP_1,HAP_2,198.912318,198.820949,0.006319,0.026648,0.292012
403,T403_UAV_1,BS_1,BS_2,53.143628,52.902625,0.023209,0.059942,0.289256
403,T403_UAV_4,BS_4,BS_1,62.056619,61.835146,0.025441,0.036565,0.297331
403,T403_UAV_14,HAP_1,LEO_1,98.292071,98.080966,0.04075,0.031579,0.193883
403,T403_UAV_10,BS_3,LEO_1,140.34242,140.142162,0.040799,0.020682,0.193883
403,T403_UAV_6,HAP_1,HAP_0,297.311353,297.130976,0.034178,0.01916,0.135197
404,T404_UAV_7,BS_4,LEO_1,107.578276,107.526935,0.000769,0.005165,0.227038
404,T404_UAV_8,BS_1,LEO_0,165.216504,165.008895,0.044613,0.018886,0.220549
404,T404_UAV_3,BS_1,HAP_2,133.896595,133.794531,0.003521,0.030542,0.340001
404,T404_UAV_12,BS_4,HAP_0,151.678379,151.477639,0.029186,0.030335,0.206098
404,T404_UAV_19,HAP_1,LEO_1,222.504992,222.440867,0.001402,0.017316,0.227038
404,T404_UAV_13,BS_3,LEO_0,231.981507,231.773616,0.047805,0.015975,0.220549
404,T404_UAV_5,BS_4,HAP_1,97.941036,97.758344,0.027845,0.010388,0.2223
404,T404_UAV_15,BS_4,LEO_1,263.41002,263.329759,0.001883,0.032971,0.227038
404,T404_UAV_16,BS_4,HAP_2,58.346244,58.271206,0.001324,0.005714,0.340001
404,T404_UAV_1,BS_1,HAP_0,65.048502,64.838753,0.026636,0.041894,0.206098
404,T404_UAV_6,HAP_1,LEO_0,89.584655,89.372479,0.042426,0.025641,0.220549
404,T404_UAV_18,BS_4,LEO_1,92.470785,92.404406,0.000642,0.020329,0.227038
404,T404_UAV_10,BS_3,BS_1,125.640324,125.414131,0.041328,0.0199,0.324824
404,T404_UAV_14,HAP_1,LEO_0,137.671228,137.477437,0.043284,0.006397,0.220549
404,T404_UAV_2,BS_2,BS_0,175.989909,175.726872,0.0539,0.027437,0.408501
405,T405_UAV_18,BS_4,LEO_1,86.994093,86.793744,0.040768,0.019334,0.201234
405,T405_UAV_7,BS_4,HAP_2,287.463737,287.295366,0.029993,0.016786,0.107955
405,T405_UAV_13,BS_3,LEO_0,92.149824,91.943532,0.045371,0.014381,0.2327
405,T405_UAV_5,BS_4,HAP_0,144.656884,144.458366,0.028703,0.025965,0.219247
405,T405_UAV_11,BS_3,LEO_1,103.061018,102.853458,0.04074,0.026574,0.201234
405,T405_UAV_8,BS_1,LEO_0,107.858684,107.651629,0.045097,0.015418,0.2327
405,T405_UAV_16,BS_4,HAP_2,402.334345,402.169948,0.031777,0.01103,0.107955
405,T405_UAV_3,BS_1,HAP_1,89.293136,89.067473,0.027103,0.04843,0.250646
405,T405_UAV_6,HAP_1,HAP_0,181.869115,181.668736,0.031648,0.024882,0.219247
405,T405_UAV_12,BS_4,BS_0,545.92422,545.629875,0.146329,0.011534,0.182405
405,T405_UAV_9,HAP_1,HAP_2,552.098392,551.931584,0.037619,0.007598,0.107955
405,T405_UAV_17,HAP_1,BS_3,64.179144,63.917089,0.025961,0.076127,0.299828
405,T405_UAV_0,BS_4,BS_1,75.820838,75.602558,0.028881,0.019232,0.350831
405,T405_UAV_1,BS_1,BS_4,120.941912,120.686397,0.040147,0.045038,0.351656
405,T405_UAV_10,BS_3,HAP_2,190.509218,190.351338,0.029778,0.006511,0.107955
405,T405_UAV_19,HAP_1,BS_0,206.288934,206.06623,0.061481,0.024742,0.182405
405,T405_UAV_2,BS_2,HAP_2,274.429058,274.271585,0.030556,0.005325,0.107955
405,T405_UAV_4,BS_4,HAP_2,286.28988,286.133219,0.029764,0.005306,0.107955
405,T405_UAV_14,HAP_1,BS_0,376.104355,375.846761,0.103905,0.017208,0.182405
406,T406_UAV_0,BS_4,LEO_1,114.21482,114.013174,0.040983,0.007441,0.266108
406,T406_UAV_4,BS_4,LEO_0,134.587948,134.373094,0.04357,0.027183,0.220501
406,T406_UAV_13,BS_3,HAP_0,137.250871,137.07314,0.030464,0.006658,0.203046
406,T406_UAV_14,HAP_1,HAP_2,169.175253,168.946177,0.029406,0.020589,0.395407
406,T406_UAV_7,BS_4,LEO_1,141.833505,141.632835,0.041111,0.006338,0.266108
406,T406_UAV_6,HAP_1,LEO_0,172.092305,171.867853,0.045732,0.034619,0.220501
406,T406_UAV_16,BS_4,HAP_1,90.178081,89.989825,0.027104,0.01191,0.246212
406,T406_UAV_19,HAP_1,HAP_0,179.956636,179.766141,0.031168,0.018717,0.203046
406,T406_UAV_11,BS_3,HAP_2,196.861355,196.619728,0.032199,0.030346,0.395407
406,T406_UAV_18,BS_4,BS_3,52.29081,52.057495,0.022998,0.050619,0.298492
406,T406_UAV_9,HAP_1,LEO_1,76.561654,76.344422,0.040541,0.023469,0.266108
406,T406_UAV_10,BS_3,BS_4,79.771172,79.518117,0.02986,0.05281,0.351928
406,T406_UAV_5,BS_4,BS_2,102.912669,102.629364,0.035635,0.065357,0.411573
406,T406_UAV_17,HAP_1,BS_0,147.212795,146.944312,0.046708,0.021064,0.503554
406,T406_UAV_1,BS_1,BS_1,159.913876,159.636483,0.049879,0.020346,0.535839
406,T406_UAV_2,BS_2,LEO_0,173.999804,173.778229,0.045728,0.031746,0.220501
407,T407_UAV_0,BS_4,LEO_1,136.913569,136.857332,0.001065,0.013288,0.209424
407,T407_UAV_12,BS_4,LEO_0,166.936116,166.872462,0.004073,0.022043,0.187689
407,T407_UAV_5,BS_4,HAP_0,127.146507,127.071541,0.003253,0.028289,0.217125
407,T407_UAV_16,BS_4,HAP_2,131.87074,131.671107,0.028,0.013532,0.290503
407,T407_UAV_8,BS_1,LEO_0,172.416841,172.351691,0.004837,0.022775,0.187689
407,T407_UAV_13,BS_3,LEO_1,186.950075,186.878591,0.0011,0.028498,0.209424
407,T407_UAV_3,BS_1,HAP_1,84.407743,84.228721,0.026998,0.009551,0.212367
407,T407_UAV_4,BS_4,LEO_1,234.727892,234.66414,0.001937,0.019931,0.209424
407,T407_UAV_17,HAP_1,HAP_0,179.413186,179.335011,0.007036,0.027713,0.217125
407,T407_UAV_19,HAP_1,LEO_0,251.704436,251.647854,0.007056,0.011989,0.187689
407,T407_UAV_11,BS_3,BS_3,73.248127,73.023682,0.028237,0.026855,0.346766
407,T407_UAV_2,BS_2,BS_4,73.89124,73.668428,0.028398,0.021456,0.364786
407,T407_UAV_1,BS_1,HAP_2,85.066853,84.8736,0.027205,0.007948,0.290503
407,T407_UAV_14,HAP_1,BS_0,88.939107,88.679159,0.032149,0.049071,0.39364
407,T407_UAV_10,BS_3,LEO_1,124.305396,124.237729,0.00071,0.025072,0.209424
407,T407_UAV_9,HAP_1,BS_1,129.914501,129.63684,0.042383,0.053434,0.409217
407,T407_UAV_18,BS_4,LEO_0,135.671454,135.611435,0.003377,0.019105,0.187689
408,T408_UAV_5,BS_4,LEO_1,57.814501,57.733751,0.000701,0.01533,0.323598
408,T408_UAV_16,BS_4,LEO_0,58.253022,58.169581,0.002123,0.022876,0.29221
408,T408_UAV_12,BS_4,HAP_2,484.617513,484.562966,0.007918,0.007974,0.193276
408,T408_UAV_10,BS_3,LEO_0,78.920522,78.851412,0.004551,0.006116,0.29221
408,T408_UAV_4,BS_4,HAP_0,97.562631,97.486064,0.00374,0.00735,0.327386
408,T408_UAV_13,BS_3,HAP_2,607.40819,607.344958,0.013646,0.01093,0.193276
408,T408_UAV_15,BS_4,HAP_2,768.587085,768.515319,0.012426,0.020685,0.193276
408,T408_UAV_8,BS_2,LEO_1,35.623769,35.551192,0.000263,0.007594,0.323598
408,T408_UAV_18,BS_4,BS_3,73.081651,72.890147,0.028203,0.010493,0.264037
408,T408_UAV_11,BS_3,HAP_2,227.953735,227.88648,0.004828,0.023772,0.193276
408,T408_UAV_14,HAP_1,BS_0,118.418645,118.172167,0.039518,0.049428,0.287655
408,T408_UAV_7,BS_4,HAP_2,228.473129,228.406932,0.003631,0.023911,0.193276
408,T408_UAV_6,HAP_1,HAP_2,405.866807,405.785661,0.007809,0.034683,0.193276
408,T408_UAV_3,BS_1,HAP_2,448.532672,448.471088,0.007601,0.015328,0.193276
408,T408_UAV_2,BS_2,HAP_2,504.14945,504.077489,0.00914,0.024165,0.193276
408,T408_UAV_19,HAP_1,HAP_2,517.501111,517.42946,0.009925,0.023071,0.193276
409,T409_UAV_16,BS_4,LEO_1,41.414326,41.324243,0.000619,0.015098,0.371837
409,T409_UAV_12,BS_4,LEO_0,47.804828,47.712153,0.00343,0.017094,0.360755
409,T409_UAV_4,BS_4,HAP_0,549.363922,549.188183,0.034902,0.004411,0.182133
409,T409_UAV_13,BS_3,HAP_2,77.87173,77.647817,0.029481,0.011886,0.41273
409,T409_UAV_2,BS_2,HAP_0,583.860212,583.66515,0.036132,0.022504,0.182133
409,T409_UAV_11,BS_3,HAP_1,92.989692,92.796751,0.026597,0.015742,0.253012
409,T409_UAV_6,HAP_1,BS_0,175.758789,175.528918,0.05385,0.027139,0.244406
409,T409_UAV_0,BS_4,HAP_0,826.726702,826.528054,0.0402,0.022021,0.182133
409,T409_UAV_18,BS_4,HAP_0,895.528243,895.328048,0.0415,0.022268,0.182133
409,T409_UAV_17,HAP_1,HAP_0,245.739452,245.559377,0.030437,0.01321,0.182133
409,T409_UAV_14,HAP_1,BS_3,159.387445,159.158223,0.04976,0.034188,0.226373
409,T409_UAV_8,BS_2,HAP_0,308.824043,308.636268,0.030553,0.020796,0.182133
409,T409_UAV_15,BS_4,HAP_0,333.294769,333.108467,0.03016,0.019715,0.182133
409,T409_UAV_10,BS_3,HAP_0,640.456205,640.268147,0.038931,0.0127,0.182133
409,T409_UAV_3,BS_1,HAP_0,890.313062,890.131275,0.040109,0.00525,0.182133
410,T410_UAV_16,BS_4,LEO_1,100.592237,100.396885,0.04081,0.009508,0.22517
410,T410_UAV_18,BS_4,LEO_0,79.794485,79.583501,0.042412,0.012756,0.279084
410,T410_UAV_13,BS_3,HAP_2,62.092461,61.848596,0.028568,0.02401,0.456435
410,T410_UAV_12,BS_4,LEO_1,171.168848,170.972989,0.041197,0.009628,0.22517
410,T410_UAV_5,BS_4,LEO_0,160.222127,160.013211,0.043893,0.009206,0.279084
410,T410_UAV_3,BS_1,BS_0,373.996331,373.744347,0.103379,0.025444,0.115801
410,T410_UAV_2,BS_2,BS_0,402.262619,401.996709,0.110439,0.032311,0.115801
410,T410_UAV_4,BS_4,HAP_0,35.21187,34.934582,0.026339,0.043969,0.534897
410,T410_UAV_1,BS_1,BS_3,60.270628,60.061231,0.024998,0.038384,0.23008
410,T410_UAV_8,BS_2,LEO_1,95.163965,94.965385,0.040566,0.01298,0.22517
410,T410_UAV_0,BS_4,BS_2,72.148666,71.935519,0.027965,0.016721,0.342308
410,T410_UAV_6,HAP_1,BS_4,110.533929,110.252551,0.037539,0.073494,0.351721
410,T410_UAV_17,HAP_1,LEO_0,115.953152,115.724849,0.044423,0.028063,0.279084
410,T410_UAV_14,HAP_1,LEO_1,186.532809,186.333575,0.041443,0.012757,0.22517
410,T410_UAV_11,BS_3,BS_0,243.511603,243.303322,0.070785,0.014335,0.115801
411,T411_UAV_18,BS_4,LEO_1,138.457152,138.252453,0.040965,0.014449,0.246427
411,T411_UAV_5,BS_4,LEO_0,96.469798,96.273069,0.042338,0.016212,0.190894
411,T411_UAV_7,BS_4,HAP_2,104.62599,104.407634,0.027513,0.044902,0.229704
411,T411_UAV_15,BS_4,HAP_0,146.075491,145.84381,0.02836,0.0159,0.437102
411,T411_UAV_13,BS_3,LEO_0,122.485914,122.27989,0.045139,0.022707,0.190894
411,T411_UAV_12,BS_4,LEO_1,214.7608,214.53822,0.041502,0.031792,0.246427
411,T411_UAV_4,BS_4,HAP_1,96.892464,96.698924,0.027304,0.024383,0.209266
411,T411_UAV_14,HAP_1,HAP_2,178.732336,178.521289,0.029648,0.035458,0.229704
411,T411_UAV_19,HAP_1,HAP_0,186.091585,185.826429,0.031331,0.046405,0.437102
411,T411_UAV_16,BS_4,LEO_1,71.79319,71.577127,0.040576,0.026201,0.246427
411,T411_UAV_9,HAP_1,BS_2,60.682475,60.445832,0.025094,0.050031,0.307595
411,T411_UAV_0,BS_4,BS_3,66.513469,66.277612,0.026551,0.044009,0.326485
411,T411_UAV_10,BS_3,BS_0,80.493661,80.225621,0.030036,0.048637,0.446838
411,T411_UAV_6,HAP_1,BS_4,119.103445,118.818949,0.03968,0.072235,0.362908
411,T411_UAV_2,BS_2,LEO_0,114.318098,114.129134,0.043754,0.007031,0.190894
411,T411_UAV_3,BS_1,BS_1,169.785846,169.493721,0.052342,0.044816,0.474839
411,T411_UAV_17,HAP_1,LEO_1,195.592203,195.382106,0.041231,0.019581,0.246427
412,T412_UAV_15,BS_4,LEO_1,75.36028,75.298727,0.000589,0.017423,0.217707
412,T412_UAV_7,BS_4,LEO_0,82.334768,82.281819,0.003354,0.006418,0.215889
412,T412_UAV_10,BS_3,HAP_2,301.160213,300.964184,0.033762,0.037961,0.121525
412,T412_UAV_2,BS_2,HAP_0,324.621216,324.445268,0.032846,0.020239,0.114313
412,T412_UAV_6,HAP_1,LEO_1,185.731273,185.681224,0.001455,0.005053,0.217707
412,T412_UAV_14,HAP_1,HAP_2,330.822444,330.649537,0.031903,0.016699,0.121525
412,T412_UAV_19,HAP_1,HAP_0,344.634353,344.436647,0.033966,0.040878,0.114313
412,T412_UAV_18,BS_4,HAP_2,390.51528,390.328675,0.033135,0.029166,0.121525
412,T412_UAV_4,BS_4,LEO_0,41.42243,41.362882,0.001485,0.014886,0.215889
412,T412_UAV_16,BS_4,LEO_1,67.858806,67.792532,0.000607,0.022125,0.217707
412,T412_UAV_13,BS_3,HAP_0,103.00525,102.812314,0.028039,0.042035,0.114313
412,T412_UAV_8,BS_2,BS_3,77.830066,77.751344,0.019428,0.013521,0.228865
412,T412_UAV_17,HAP_1,BS_0,149.137475,148.867955,0.047188,0.049111,0.366106
412,T412_UAV_1,BS_1,HAP_1,82.582476,82.331318,0.027084,0.056618,0.337277
412,T412_UAV_11,BS_3,HAP_2,163.680771,163.490903,0.029518,0.036045,0.121525
412,T412_UAV_9,HAP_1,HAP_0,229.409283,229.24201,0.031497,0.012913,0.114313
413,T413_UAV_1,BS_1,LEO_1,109.288714,109.219281,0.000796,0.008559,0.30039
413,T413_UAV_16,BS_4,LEO_0,116.740534,116.676682,0.003188,0.007727,0.264687
413,T413_UAV_11,BS_3,HAP_0,119.066107,118.843705,0.029449,0.038375,0.27289
413,T413_UAV_7,BS_4,HAP_2,128.714942,128.511073,0.028112,0.018223,0.287672
413,T413_UAV_4,BS_4,LEO_1,144.999822,144.920723,0.001332,0.017688,0.30039
413,T413_UAV_10,BS_3,LEO_0,152.583092,152.509151,0.006346,0.014657,0.264687
413,T413_UAV_15,BS_4,HAP_1,79.564749,79.32759,0.02729,0.034989,0.3744
413,T413_UAV_6,HAP_1,HAP_2,172.32124,172.101027,0.030402,0.032277,0.287672
413,T413_UAV_12,BS_4,HAP_0,181.42455,181.216033,0.030104,0.023836,0.27289
413,T413_UAV_19,BS_3,LEO_1,194.144868,194.065437,0.001346,0.018007,0.30039
413,T413_UAV_13,BS_3,BS_3,61.944527,61.689905,0.025405,0.069477,0.298705
413,T413_UAV_18,BS_4,BS_0,69.055457,68.855843,0.027195,0.011386,0.305168
413,T413_UAV_9,HAP_1,BS_2,73.51045,73.24231,0.028291,0.064628,0.376102
413,T413_UAV_3,BS_1,BS_4,95.733631,95.460788,0.033843,0.067865,0.355676
413,T413_UAV_17,HAP_1,BS_1,109.38873,109.126192,0.037258,0.04459,0.403451
413,T413_UAV_2,BS_2,LEO_0,183.426046,183.362014,0.006036,0.005058,0.264687
414,T414_UAV_0,BS_4,LEO_1,120.660083,120.572825,0.001046,0.017604,0.343038
414,T414_UAV_12,BS_4,LEO_0,126.109013,125.904103,0.043768,0.020438,0.203516
414,T414_UAV_15,BS_4,HAP_0,197.354784,197.159288,0.029026,0.027476,0.194969
414,T414_UAV_19,BS_3,HAP_2,147.02721,146.813562,0.029574,0.042902,0.205856
414,T414_UAV_9,HAP_1,LEO_0,162.899295,162.698647,0.045937,0.014008,0.203516
414,T414_UAV_11,BS_3,LEO_1,181.226236,181.1387,0.001143,0.017785,0.343038
414,T414_UAV_18,BS_4,HAP_1,234.421656,234.210329,0.028461,0.05106,0.159038
414,T414_UAV_13,BS_3,HAP_0,237.556838,237.371946,0.032878,0.013019,0.194969
414,T414_UAV_1,BS_1,HAP_2,193.067573,192.877582,0.029992,0.018828,0.205856
414,T414_UAV_16,BS_4,BS_0,73.360736,73.164606,0.028272,0.027593,0.201328
414,T414_UAV_5,BS_4,BS_3,75.583229,75.327538,0.028812,0.067963,0.294576
414,T414_UAV_8,BS_2,LEO_1,86.88547,86.804179,0.000563,0.012121,0.343038
414,T414_UAV_2,BS_2,BS_1,87.845254,87.602345,0.03188,0.053778,0.286257
414,T414_UAV_17,HAP_1,BS_4,93.685271,93.4682,0.033345,0.013366,0.351799
414,T414_UAV_10,BS_3,HAP_0,152.383166,152.19058,0.029862,0.02373,0.194969
414,T414_UAV_3,BS_1,LEO_0,146.152854,145.953655,0.044627,0.013868,0.203516
414,T414_UAV_6,HAP_1,HAP_1,161.081046,160.889261,0.026655,0.033323,0.159038
414,T414_UAV_14,HAP_1,HAP_1,234.248573,234.068712,0.028488,0.019565,0.159038
415,T415_UAV_0,BS_4,LEO_1,132.084195,131.91013,0.04103,0.00544,0.137974
415,T415_UAV_12,BS_4,LEO_0,68.781299,68.720857,0.002796,0.011021,0.233125
415,T415_UAV_18,BS_4,HAP_2,157.940949,157.88075,0.003575,0.018611,0.190066
415,T415_UAV_8,BS_2,HAP_0,127.260776,127.177665,0.00366,0.02935,0.250507
415,T415_UAV_10,BS_3,LEO_1,161.296371,161.116262,0.040922,0.011593,0.137974
415,T415_UAV_5,BS_4,LEO_0,93.647147,93.592889,0.003016,0.004618,0.233125
415,T415_UAV_19,BS_3,HAP_2,221.712878,221.65405,0.005919,0.014896,0.190066
415,T415_UAV_16,BS_4,HAP_1,97.991464,97.773438,0.027241,0.033914,0.284355
415,T415_UAV_2,BS_2,BS_0,59.17793,59.012738,0.024736,0.010237,0.151093
415,T415_UAV_15,BS_4,LEO_1,79.267729,79.095522,0.040559,0.004053,0.137974
415,T415_UAV_11,BS_3,HAP_0,66.070813,65.994092,0.002469,0.02415,0.250507
415,T415_UAV_4,BS_4,BS_2,71.312648,71.079046,0.027751,0.046361,0.297453
415,T415_UAV_9,HAP_1,BS_1,84.462886,84.260637,0.031045,0.012047,0.295788
415,T415_UAV_14,HAP_1,LEO_1,117.204759,117.031945,0.040913,0.004305,0.137974
415,T415_UAV_3,BS_1,HAP_2,142.683566,142.616127,0.003252,0.026173,0.190066
415,T415_UAV_17,HAP_1,BS_3,158.396914,158.157126,0.04951,0.024207,0.33036
416,T416_UAV_16,BS_4,LEO_1,143.225847,143.164768,0.001142,0.010574,0.246819
416,T416_UAV_2,BS_2,LEO_0,255.526629,255.33728,0.044747,0.005408,0.195968
416,T416_UAV_19,BS_3,HAP_0,118.976416,118.879031,0.004023,0.038021,0.276708
416,T416_UAV_18,BS_4,HAP_2,130.291026,130.220014,0.003364,0.007756,0.299457
416,T416_UAV_4,BS_4,LEO_0,289.976969,289.779542,0.04457,0.013663,0.195968
416,T416_UAV_0,BS_4,LEO_1,193.374129,193.30428,0.001512,0.018974,0.246819
416,T416_UAV_15,BS_4,LEO_0,321.219432,321.020763,0.045694,0.013782,0.195968
416,T416_UAV_3,BS_1,HAP_1,83.411169,83.212952,0.027013,0.019278,0.259634
416,T416_UAV_5,BS_4,LEO_1,249.110368,249.043,0.002267,0.015737,0.246819
416,T416_UAV_17,HAP_1,LEO_0,429.975607,429.762536,0.049003,0.024873,0.195968
416,T416_UAV_7,BS_4,HAP_0,60.606106,60.530975,0.001548,0.018242,0.276708
416,T416_UAV_8,BS_2,HAP_2,99.189346,99.098184,0.002975,0.028295,0.299457
416,T416_UAV_6,HAP_1,BS_0,106.629689,106.530649,0.026619,0.026036,0.231919
416,T416_UAV_12,BS_4,LEO_0,162.072019,161.86494,0.042793,0.025092,0.195968
416,T416_UAV_14,HAP_1,BS_1,127.595292,127.365809,0.041816,0.045093,0.212869
416,T416_UAV_1,BS_1,LEO_1,174.890313,174.835691,0.001165,0.004093,0.246819
416,T416_UAV_11,BS_3,LEO_0,207.943222,207.745206,0.044454,0.014368,0.195968
416,T416_UAV_9,HAP_1,LEO_0,292.615361,292.408832,0.045936,0.021399,0.195968
417,T417_UAV_12,BS_4,LEO_1,170.244183,170.04444,0.041188,0.014727,0.219138
417,T417_UAV_0,BS_4,LEO_0,100.061223,99.776693,0.043753,0.042702,0.490378
417,T417_UAV_19,BS_3,HAP_2,150.319644,150.229295,0.00466,0.013972,0.358582
417,T417_UAV_7,BS_4,HAP_0,169.535361,169.440937,0.00434,0.019326,0.353794
417,T417_UAV_4,BS_4,LEO_1,177.259233,177.061442,0.041456,0.012508,0.219138
417,T417_UAV_13,BS_3,LEO_0,118.188544,117.911098,0.046908,0.032463,0.490378
417,T417_UAV_15,BS_4,HAP_1,92.369647,92.125019,0.027669,0.038015,0.39472
417,T417_UAV_16,BS_4,HAP_2,58.935056,58.839772,0.001358,0.02221,0.358582
417,T417_UAV_18,BS_4,HAP_0,70.314663,70.210614,0.00207,0.031221,0.353794
417,T417_UAV_10,BS_3,BS_0,71.206531,71.10534,0.017767,0.022462,0.304806
417,T417_UAV_14,HAP_1,BS_3,86.450772,86.238227,0.031539,0.02062,0.30193
417,T417_UAV_17,HAP_1,LEO_1,176.924289,176.724448,0.04112,0.014894,0.219138
417,T417_UAV_3,BS_1,BS_4,146.448328,146.196514,0.046521,0.034751,0.352709
417,T417_UAV_2,BS_2,LEO_1,250.373168,250.179874,0.041594,0.007872,0.219138
418,T418_UAV_4,BS_4,LEO_1,210.134909,210.091933,0.001598,0.004924,0.182275
418,T418_UAV_0,BS_4,LEO_0,86.362144,86.141231,0.043235,0.00662,0.355288
418,T418_UAV_2,BS_2,HAP_2,225.091536,224.917391,0.030584,0.01447,0.145458
418,T418_UAV_19,BS_3,HAP_0,290.135475,289.932949,0.033316,0.026342,0.214341
418,T418_UAV_12,BS_4,LEO_1,254.951236,254.900727,0.001663,0.012391,0.182275
418,T418_UAV_18,BS_4,LEO_1,288.074514,288.031203,0.001888,0.004968,0.182275
418,T418_UAV_17,HAP_1,LEO_0,40.274562,40.04103,0.042092,0.020382,0.355288
418,T418_UAV_9,HAP_1,HAP_2,85.305516,85.132765,0.027517,0.016142,0.145458
418,T418_UAV_15,BS_4,BS_2,67.019763,66.804574,0.026683,0.039057,0.247249
418,T418_UAV_1,BS_1,HAP_0,111.535683,111.331854,0.027486,0.033474,0.214341
418,T418_UAV_3,BS_1,LEO_1,110.531208,110.482329,0.000684,0.011741,0.182275
418,T418_UAV_14,HAP_1,BS_0,90.220652,90.11369,0.022517,0.017579,0.334328
418,T418_UAV_13,BS_3,BS_3,99.850509,99.631799,0.034886,0.021069,0.313777
418,T418_UAV_6,HAP_1,BS_4,120.073678,119.834742,0.039934,0.028662,0.351701
418,T418_UAV_5,BS_4,HAP_2,121.764218,121.591625,0.027019,0.016483,0.145458
418,T418_UAV_8,BS_2,HAP_0,145.602628,145.41021,0.028625,0.020925,0.214341
418,T418_UAV_10,BS_3,LEO_1,165.521502,165.479113,0.000894,0.00504,0.182275
419,T419_UAV_16,BS_4,LEO_1,72.135237,71.942654,0.040746,0.004183,0.238268
419,T419_UAV_3,BS_1,LEO_0,94.554448,94.346168,0.044066,0.018909,0.226527
419,T419_UAV_10,BS_3,HAP_2,144.146061,144.083474,0.005644,0.016391,0.202763
419,T419_UAV_13,BS_3,HAP_0,159.842691,159.639234,0.031336,0.016287,0.279168
419,T419_UAV_7,BS_4,BS_0,346.994822,346.763252,0.09664,0.00877,0.130799
419,T419_UAV_0,BS_4,BS_1,410.246233,409.931673,0.112422,0.065053,0.185429
419,T419_UAV_6,HAP_1,LEO_1,121.294456,121.090443,0.041112,0.015248,0.238268
419,T419_UAV_15,BS_4,LEO_0,126.712525,126.488829,0.045351,0.033039,0.226527
419,T419_UAV_5,BS_4,BS_0,494.717325,494.437079,0.13354,0.020546,0.130799
419,T419_UAV_19,BS_3,BS_1,657.185774,656.829567,0.174115,0.045005,0.185429
419,T419_UAV_17,HAP_1,BS_0,730.308713,729.978994,0.192396,0.011164,0.130799
419,T419_UAV_4,BS_4,HAP_2,70.064754,70.009219,0.001598,0.013385,0.202763
419,T419_UAV_9,HAP_1,HAP_0,121.766313,121.571862,0.029622,0.008995,0.279168
419,T419_UAV_1,BS_1,BS_3,127.432836,127.190368,0.041772,0.037952,0.313723
419,T419_UAV_14,HAP_1,HAP_1,82.414267,82.230682,0.026611,0.009102,0.239368
419,T419_UAV_12,BS_4,BS_1,317.652251,317.389439,0.089298,0.036428,0.185429
419,T419_UAV_11,BS_3,BS_0,516.912189,516.632235,0.139086,0.014708,0.130799
419,T419_UAV_2,BS_2,BS_1,761.171378,760.769494,0.200087,0.06471,0.185429
420,T420_UAV_19,BS_3,LEO_0,402.517113,402.302421,0.046637,0.031502,0.182769
420,T420_UAV_4,BS_4,LEO_1,112.37875,112.157445,0.041218,0.01608,0.320041
420,T420_UAV_7,BS_4,HAP_0,70.090672,70.024972,0.00235,0.014834,0.242578
420,T420_UAV_18,BS_4,HAP_2,85.403569,85.333749,0.002856,0.011428,0.277675
420,T420_UAV_15,BS_4,LEO_0,174.501987,174.304028,0.042687,0.018718,0.182769
420,T420_UAV_10,BS_3,LEO_0,215.469063,215.27677,0.044154,0.011585,0.182769
420,T420_UAV_14,HAP_1,LEO_1,91.059794,90.845876,0.040935,0.008974,0.320041
420,T420_UAV_3,BS_1,LEO_0,217.563145,217.345696,0.043393,0.037503,0.182769
420,T420_UAV_9,HAP_1,LEO_0,257.545164,257.358511,0.044506,0.005594,0.182769
420,T420_UAV_13,BS_3,LEO_0,264.612469,264.423558,0.045141,0.007217,0.182769
420,T420_UAV_5,BS_4,LEO_0,297.795228,297.609139,0.043803,0.005733,0.182769
420,T420_UAV_17,HAP_1,LEO_0,316.700457,316.500588,0.045665,0.017651,0.182769
420,T420_UAV_2,BS_2,LEO_0,475.767781,475.570404,0.047635,0.013188,0.182769
421,T421_UAV_1,BS_1,LEO_1,124.822349,124.767816,0.000913,0.012294,0.20663
421,T421_UAV_19,BS_3,LEO_0,94.90074,94.643589,0.044404,0.009935,0.514061
421,T421_UAV_0,BS_4,HAP_2,157.594598,157.496133,0.003728,0.019975,0.373814
421,T421_UAV_12,BS_4,LEO_1,146.253722,146.200687,0.001124,0.010585,0.20663
421,T421_UAV_8,BS_2,LEO_1,160.208124,160.155877,0.001035,0.009886,0.20663
421,T421_UAV_16,BS_4,HAP_0,55.977479,55.769341,0.026588,0.014222,0.336637
421,T421_UAV_4,BS_4,LEO_0,39.986513,39.705507,0.04143,0.036765,0.514061
421,T421_UAV_6,HAP_1,BS_1,52.681032,52.466814,0.0231,0.039597,0.257604
421,T421_UAV_3,BS_1,HAP_2,106.536312,106.448238,0.002763,0.010548,0.373814
421,T421_UAV_9,HAP_1,HAP_0,107.406532,107.19236,0.029083,0.017762,0.336637
421,T421_UAV_2,BS_2,BS_4,111.17426,110.936736,0.03771,0.029483,0.351658
421,T421_UAV_11,BS_3,BS_0,113.626534,113.335918,0.03831,0.055013,0.486462
422,T422_UAV_18,BS_4,LEO_1,98.723121,98.650065,0.000892,0.009304,0.314297
422,T422_UAV_5,BS_4,HAP_0,200.843673,200.794894,0.004486,0.00714,0.185762
422,T422_UAV_2,BS_2,HAP_2,158.150935,157.982033,0.029513,0.012072,0.136588
422,T422_UAV_11,BS_3,HAP_0,266.331985,266.264785,0.008339,0.021709,0.185762
422,T422_UAV_12,BS_4,HAP_2,183.823546,183.651063,0.029673,0.015493,0.136588
422,T422_UAV_19,BS_3,LEO_0,17.699026,17.433275,0.041447,0.046142,0.390808
422,T422_UAV_8,BS_2,BS_0,70.706104,70.507301,0.027608,0.040817,0.151893
422,T422_UAV_0,BS_4,LEO_1,78.88814,78.811512,0.00081,0.012958,0.314297
422,T422_UAV_1,BS_1,BS_3,89.406404,89.206971,0.032281,0.012404,0.273745
422,T422_UAV_6,HAP_1,BS_2,109.777613,109.514033,0.037355,0.068156,0.290341
422,T422_UAV_14,HAP_1,HAP_0,245.63855,245.589286,0.006745,0.005366,0.185762
423,T423_UAV_19,BS_3,LEO_1,120.120699,120.021019,0.000836,0.021444,0.386998
423,T423_UAV_15,BS_4,HAP_2,185.274037,185.221848,0.003752,0.011367,0.185348
423,T423_UAV_18,BS_4,LEO_0,173.27765,173.064476,0.044238,0.009672,0.296323
423,T423_UAV_3,BS_1,HAP_0,143.837684,143.652409,0.028701,0.011939,0.223176
423,T423_UAV_11,BS_3,LEO_0,248.960611,248.739804,0.04785,0.013692,0.296323
423,T423_UAV_7,BS_4,HAP_2,378.063314,377.999799,0.007606,0.018839,0.185348
423,T423_UAV_9,HAP_1,HAP_0,190.604754,190.420869,0.032271,0.006979,0.223176
423,T423_UAV_10,BS_3,LEO_1,73.716878,73.614857,0.000458,0.024164,0.386998
423,T423_UAV_12,BS_4,BS_0,55.623772,55.421962,0.023839,0.033423,0.222744
423,T423_UAV_16,BS_4,LEO_1,74.521108,74.42646,0.00065,0.016598,0.386998
423,T423_UAV_13,BS_3,HAP_2,130.66833,130.61063,0.00389,0.01674,0.185348
423,T423_UAV_2,BS_2,BS_2,102.049198,101.7832,0.035423,0.07004,0.302674
423,T423_UAV_6,HAP_1,LEO_0,132.009148,131.780616,0.043492,0.025776,0.296323
423,T423_UAV_14,HAP_1,LEO_0,213.472632,213.249814,0.045014,0.018539,0.296323
423,T423_UAV_1,BS_1,HAP_2,255.78314,255.726455,0.005292,0.014323,0.185348
424,T424_UAV_7,BS_4,LEO_1,104.719814,104.539221,0.040711,0.012426,0.137279
424,T424_UAV_18,BS_4,LEO_0,132.809946,132.611556,0.043243,0.009924,0.226119
424,T424_UAV_19,BS_3,HAP_0,130.48023,130.42502,0.003714,0.012655,0.194207
424,T424_UAV_12,BS_4,HAP_2,111.132796,110.925407,0.02783,0.005489,0.370353
424,T424_UAV_9,HAP_1,LEO_1,220.50045,220.31365,0.041413,0.017932,0.137279
424,T424_UAV_15,BS_4,LEO_0,229.567611,229.341743,0.045851,0.034794,0.226119
424,T424_UAV_11,BS_3,HAP_1,197.435613,197.246832,0.028032,0.022038,0.193558
424,T424_UAV_1,BS_1,HAP_0,78.242107,78.184038,0.001754,0.017473,0.194207
424,T424_UAV_6,HAP_1,BS_0,52.948929,52.774748,0.023177,0.013073,0.189655
424,T424_UAV_3,BS_1,LEO_1,72.41251,72.240394,0.040479,0.004181,0.137279
424,T424_UAV_4,BS_4,BS_1,57.822478,57.597723,0.024382,0.040926,0.297233
424,T424_UAV_17,HAP_1,LEO_0,87.550939,87.335824,0.042653,0.027239,0.226119
424,T424_UAV_16,BS_4,LEO_1,84.503061,84.326853,0.04066,0.008093,0.137279
424,T424_UAV_10,BS_3,LEO_0,101.89731,101.667669,0.043408,0.041009,0.226119
424,T424_UAV_14,HAP_1,HAP_2,129.763762,129.549502,0.02836,0.01183,0.370353
424,T424_UAV_13,BS_3,HAP_0,130.409602,130.341391,0.004315,0.025055,0.194207
424,T424_UAV_2,BS_2,HAP_1,117.935523,117.73527,0.026782,0.034759,0.193558
425,T425_UAV_12,BS_4,LEO_1,137.284986,137.223547,0.000958,0.022214,0.191338
425,T425_UAV_7,BS_4,LEO_0,141.564228,141.35882,0.043544,0.025577,0.181437
425,T425_UAV_13,BS_3,HAP_0,119.066302,118.883766,0.029708,0.013298,0.197654
425,T425_UAV_19,BS_3,HAP_2,148.077939,147.887449,0.029519,0.005918,0.275264
425,T425_UAV_4,BS_4,LEO_1,165.296686,165.242249,0.001357,0.014812,0.191338
425,T425_UAV_5,BS_4,LEO_0,234.352302,234.136889,0.044719,0.034407,0.181437
425,T425_UAV_10,BS_3,LEO_1,234.009611,233.953773,0.001344,0.016227,0.191338
425,T425_UAV_16,BS_4,HAP_0,192.140405,191.951211,0.030467,0.019195,0.197654
425,T425_UAV_14,HAP_1,BS_0,199.626075,199.506122,0.049852,0.020955,0.245733
425,T425_UAV_11,BS_3,HAP_2,61.221291,61.01052,0.027232,0.028487,0.275264
425,T425_UAV_18,BS_4,LEO_0,85.863835,85.674548,0.042092,0.010908,0.181437
425,T425_UAV_0,BS_4,BS_1,89.813777,89.555121,0.032368,0.058655,0.338167
425,T425_UAV_6,HAP_1,LEO_1,92.509369,92.459269,0.000668,0.011165,0.191338
425,T425_UAV_8,BS_2,HAP_1,61.870281,61.651057,0.026468,0.039517,0.266191
425,T425_UAV_17,HAP_1,BS_3,193.295915,193.035043,0.058225,0.03714,0.327543
425,T425_UAV_3,BS_1,LEO_0,205.310117,205.093263,0.04528,0.035286,0.181437
426,T426_UAV_2,BS_2,LEO_1,105.719336,105.652608,0.000736,0.003916,0.310372
426,T426_UAV_7,BS_4,LEO_0,121.516312,121.447952,0.003738,0.023521,0.205503
426,T426_UAV_5,BS_4,HAP_0,121.772921,121.708943,0.003123,0.02057,0.201427
426,T426_UAV_18,BS_4,HAP_2,140.639186,140.571232,0.003579,0.01805,0.231623
426,T426_UAV_0,BS_4,LEO_1,146.886011,146.809948,0.001284,0.012704,0.310372
426,T426_UAV_1,BS_1,LEO_0,157.792574,157.734862,0.004966,0.011646,0.205503
426,T426_UAV_10,BS_3,HAP_1,85.880581,85.643459,0.026988,0.062307,0.23913
426,T426_UAV_19,BS_3,HAP_0,178.068124,178.013835,0.005938,0.008065,0.201427
426,T426_UAV_17,HAP_1,LEO_1,195.999277,195.911563,0.001369,0.02427,0.310372
426,T426_UAV_3,BS_1,HAP_2,58.754496,58.684488,0.001517,0.022167,0.231623
426,T426_UAV_16,BS_4,BS_0,63.962745,63.77212,0.025925,0.023844,0.204283
426,T426_UAV_12,BS_4,BS_1,67.365435,67.08936,0.026754,0.071605,0.388584
426,T426_UAV_6,HAP_1,BS_4,79.601408,79.387692,0.029827,0.012308,0.357906
426,T426_UAV_8,BS_2,LEO_0,97.104187,97.044583,0.003429,0.015074,0.205503
426,T426_UAV_9,HAP_1,BS_3,108.658484,108.36511,0.037068,0.083608,0.36349
426,T426_UAV_13,BS_3,BS_2,133.324384,133.086348,0.043245,0.014043,0.403746
427,T427_UAV_4,BS_4,LEO_1,117.332495,117.254219,0.001073,0.008405,0.343985
427,T427_UAV_18,BS_4,LEO_0,81.08833,80.998699,0.003278,0.026332,0.300099
427,T427_UAV_12,BS_4,HAP_0,148.95136,148.869691,0.004318,0.021273,0.280386
427,T427_UAV_15,BS_1,HAP_2,152.505906,152.427305,0.003852,0.013902,0.304239
427,T427_UAV_13,BS_3,HAP_1,314.122732,313.902815,0.029604,0.058937,0.156879
427,T427_UAV_2,BS_2,HAP_0,163.17298,163.095248,0.004967,0.016687,0.280386
427,T427_UAV_16,BS_4,HAP_1,424.941705,424.745891,0.031304,0.033134,0.156879
427,T427_UAV_3,BS_1,BS_0,50.534298,50.465069,0.01261,0.012962,0.218289
427,T427_UAV_17,HAP_1,LEO_1,84.192491,84.107115,0.000588,0.01599,0.343985
427,T427_UAV_9,HAP_1,BS_2,60.359355,60.113065,0.025011,0.069507,0.258857
427,T427_UAV_0,BS_4,LEO_0,60.6344,60.54312,0.002255,0.029005,0.300099
427,T427_UAV_14,HAP_1,BS_1,71.644896,71.445258,0.027842,0.013058,0.293687
427,T427_UAV_19,BS_3,LEO_1,91.361194,91.281849,0.000637,0.00991,0.343985
427,T427_UAV_7,BS_4,HAP_2,91.787785,91.715559,0.002309,0.009068,0.304239
427,T427_UAV_6,HAP_1,HAP_1,148.958959,148.76124,0.026518,0.039825,0.156879
427,T427_UAV_10,BS_3,HAP_1,198.190728,198.0113,0.028021,0.020032,0.156879
427,T427_UAV_8,BS_2,HAP_1,404.15115,403.976847,0.031274,0.011653,0.156879
428,T428_UAV_15,BS_1,LEO_1,160.206086,160.025132,0.041121,0.0032,0.183166
428,T428_UAV_12,BS_4,LEO_0,154.036284,153.835234,0.04465,0.00704,0.246802
428,T428_UAV_4,BS_4,HAP_0,81.883333,81.790958,0.003211,0.018331,0.354162
428,T428_UAV_16,BS_4,LEO_1,173.154558,172.960142,0.041343,0.01644,0.183166
428,T428_UAV_19,BS_3,HAP_2,182.303851,182.110858,0.030536,0.014935,0.237609
428,T428_UAV_13,BS_3,LEO_0,191.454952,191.242887,0.048076,0.014629,0.246802
428,T428_UAV_17,HAP_1,BS_0,78.9963,78.791632,0.029678,0.024096,0.254465
428,T428_UAV_5,BS_4,BS_1,86.195234,85.992244,0.031477,0.020147,0.256825
428,T428_UAV_18,BS_4,LEO_1,117.71979,117.533595,0.040838,0.008723,0.183166
428,T428_UAV_8,BS_2,HAP_2,125.694492,125.510823,0.028829,0.007317,0.237609
428,T428_UAV_14,HAP_1,LEO_0,128.162312,127.935892,0.043648,0.033412,0.246802
428,T428_UAV_3,BS_1,LEO_1,146.272841,146.090069,0.040971,0.005167,0.183166
428,T428_UAV_10,BS_3,HAP_1,86.990505,86.773624,0.027026,0.029882,0.299867
429,T429_UAV_2,BS_2,LEO_1,146.82651,146.629843,0.040934,0.014633,0.205499
429,T429_UAV_4,BS_4,LEO_0,154.042239,153.851526,0.043427,0.008769,0.19259
429,T429_UAV_0,BS_4,HAP_2,178.231639,178.179526,0.003676,0.011895,0.182715
429,T429_UAV_16,BS_4,HAP_0,181.093003,180.893378,0.029459,0.011903,0.291312
429,T429_UAV_7,BS_4,LEO_1,176.137243,175.942914,0.041182,0.012047,0.205499
429,T429_UAV_10,BS_3,LEO_0,183.117159,182.913958,0.046153,0.01853,0.19259
429,T429_UAV_19,BS_3,HAP_2,211.986833,211.925124,0.005536,0.01963,0.182715
429,T429_UAV_11,BS_3,HAP_1,78.587737,78.34506,0.026442,0.037935,0.391504
429,T429_UAV_3,BS_1,LEO_0,247.303012,247.095045,0.046353,0.023095,0.19259
429,T429_UAV_5,BS_4,BS_0,195.06734,194.947967,0.048713,0.02658,0.220404
429,T429_UAV_18,BS_4,HAP_0,293.304747,293.108907,0.032386,0.005192,0.291312
429,T429_UAV_13,BS_3,LEO_1,84.769076,84.581994,0.040496,0.005486,0.205499
429,T429_UAV_6,HAP_1,BS_1,77.536203,77.322484,0.029311,0.021402,0.315029
429,T429_UAV_8,BS_2,BS_3,89.485682,89.262066,0.032294,0.023854,0.33734
429,T429_UAV_9,HAP_1,LEO_1,140.290215,140.097973,0.040895,0.010248,0.205499
429,T429_UAV_12,BS_4,LEO_0,133.355247,133.149572,0.043292,0.023865,0.19259
429,T429_UAV_14,HAP_1,HAP_2,206.777147,206.724719,0.00469,0.011195,0.182715
429,T429_UAV_1,BS_1,HAP_0,236.495357,236.302167,0.030316,0.004612,0.291312
430,T430_UAV_13,BS_3,LEO_1,272.569096,272.505791,0.001441,0.022678,0.195934
430,T430_UAV_19,BS_3,LEO_0,95.783496,95.711209,0.00441,0.026146,0.208658
430,T430_UAV_3,BS_1,HAP_2,153.418106,153.227491,0.028946,0.020532,0.205689
430,T430_UAV_16,BS_4,HAP_0,156.968738,156.7668,0.02946,0.018559,0.269599
430,T430_UAV_10,BS_3,LEO_1,314.56972,314.51975,0.001632,0.009151,0.195934
430,T430_UAV_14,HAP_1,LEO_0,120.08899,120.03263,0.004621,0.010008,0.208658
430,T430_UAV_5,BS_4,LEO_1,341.609708,341.557707,0.00266,0.010155,0.195934
430,T430_UAV_12,BS_4,HAP_1,95.433529,95.220325,0.026859,0.026876,0.297343
430,T430_UAV_8,BS_2,BS_0,197.104267,196.986389,0.049222,0.014094,0.272805
430,T430_UAV_18,BS_4,LEO_1,382.280216,382.233848,0.002415,0.004766,0.195934
430,T430_UAV_0,BS_4,BS_2,51.380856,51.170683,0.022776,0.044371,0.215128
430,T430_UAV_17,HAP_1,BS_1,57.064372,56.880074,0.024203,0.015602,0.222463
430,T430_UAV_11,BS_3,HAP_2,72.362895,72.171408,0.027642,0.022708,0.205689
430,T430_UAV_6,HAP_1,HAP_0,156.952167,156.752843,0.030601,0.014803,0.269599
430,T430_UAV_2,BS_2,LEO_1,264.391583,264.341943,0.001504,0.008949,0.195934
430,T430_UAV_15,BS_1,LEO_1,288.946586,288.893486,0.001789,0.012124,0.195934
431,T431_UAV_12,BS_4,LEO_1,157.195765,157.002482,0.041093,0.010794,0.206979
431,T431_UAV_10,BS_3,LEO_0,132.828853,132.741079,0.00558,0.020362,0.309164
431,T431_UAV_8,BS_2,HAP_0,134.356118,134.167832,0.028904,0.015775,0.218035
431,T431_UAV_0,BS_4,HAP_2,137.964547,137.769007,0.028199,0.019642,0.238492
431,T431_UAV_13,BS_3,LEO_1,193.571557,193.362647,0.041136,0.026379,0.206979
431,T431_UAV_18,BS_4,LEO_0,159.768396,159.675061,0.004747,0.026756,0.309164
431,T431_UAV_4,BS_4,HAP_0,158.107704,157.921542,0.02963,0.012925,0.218035
431,T431_UAV_19,BS_2,HAP_1,82.704288,82.474139,0.0262,0.020377,0.417866
431,T431_UAV_7,BS_4,HAP_2,179.004735,178.808527,0.029548,0.018961,0.238492
431,T431_UAV_1,BS_1,BS_0,198.347976,198.121429,0.059496,0.020899,0.230761
431,T431_UAV_15,BS_1,BS_1,52.400108,52.150184,0.023021,0.070317,0.282929
431,T431_UAV_2,BS_2,BS_4,55.472181,55.249536,0.023795,0.028252,0.352991
431,T431_UAV_3,BS_1,LEO_1,92.537999,92.345954,0.040615,0.010034,0.206979
431,T431_UAV_16,BS_4,BS_2,99.916769,99.671373,0.034895,0.035087,0.377068
431,T431_UAV_11,BS_3,BS_3,113.430862,113.163872,0.038267,0.050966,0.388788
431,T431_UAV_5,BS_4,LEO_1,123.505581,123.313941,0.041113,0.009131,0.206979
431,T431_UAV_17,HAP_1,LEO_0,120.174125,120.097956,0.004499,0.009837,0.309164
432,T432_UAV_12,BS_4,LEO_1,70.145752,70.088822,0.000537,0.0047,0.258463
432,T432_UAV_18,BS_4,HAP_2,265.50177,265.45002,0.004655,0.010509,0.18293
432,T432_UAV_15,BS_1,LEO_0,82.849048,82.762437,0.00356,0.006508,0.382713
432,T432_UAV_13,BS_3,HAP_0,111.35932,111.299751,0.004402,0.004997,0.250847
432,T432_UAV_8,BS_2,LEO_1,118.043787,117.975815,0.000761,0.015519,0.258463
432,T432_UAV_5,BS_4,HAP_2,375.625325,375.56907,0.005326,0.014342,0.18293
432,T432_UAV_4,BS_4,HAP_2,390.911476,390.86299,0.006448,0.005452,0.18293
432,T432_UAV_16,BS_4,LEO_0,44.382299,44.292676,0.001674,0.011406,0.382713
432,T432_UAV_11,BS_3,LEO_1,67.628716,67.559228,0.000422,0.017374,0.258463
432,T432_UAV_2,BS_2,HAP_0,83.216314,83.14434,0.002514,0.01929,0.250847
432,T432_UAV_0,BS_4,HAP_2,231.023121,230.962427,0.003808,0.020301,0.18293
432,T432_UAV_10,BS_3,HAP_2,284.933685,284.863105,0.006856,0.027137,0.18293
432,T432_UAV_3,BS_1,HAP_2,345.204656,345.147321,0.006139,0.014611,0.18293
432,T432_UAV_14,HAP_1,HAP_2,562.797255,562.743618,0.010062,0.00699,0.18293
433,T433_UAV_5,BS_4,LEO_1,74.313692,74.238108,0.000753,0.009156,0.328377
433,T433_UAV_2,BS_2,LEO_0,123.760014,123.561531,0.043281,0.00441,0.253957
433,T433_UAV_0,BS_4,HAP_0,93.795353,93.728571,0.002685,0.011149,0.264739
433,T433_UAV_4,BS_4,HAP_2,112.18875,111.939432,0.0276,0.026447,0.476359
433,T433_UAV_3,BS_1,LEO_1,129.572273,129.487021,0.000948,0.018629,0.328377
433,T433_UAV_16,BS_4,LEO_0,174.142412,173.919894,0.044005,0.027722,0.253957
433,T433_UAV_7,BS_4,HAP_0,152.501889,152.427902,0.004012,0.017027,0.264739
433,T433_UAV_10,BS_3,BS_0,190.911109,190.690243,0.057639,0.007261,0.279834
433,T433_UAV_13,BS_3,BS_1,191.199205,190.929636,0.057699,0.056745,0.27563
433,T433_UAV_18,BS_4,BS_2,64.886675,64.67255,0.02615,0.02838,0.29797
433,T433_UAV_19,BS_2,LEO_1,67.066294,66.981938,0.000469,0.018211,0.328377
433,T433_UAV_1,BS_4,BS_3,70.036068,69.82988,0.027439,0.017189,0.3078
433,T433_UAV_17,HAP_1,BS_4,89.253367,89.01326,0.032232,0.032911,0.374816
433,T433_UAV_8,BS_2,LEO_0,121.105468,120.904188,0.043479,0.007009,0.253957
433,T433_UAV_15,BS_1,HAP_2,126.653955,126.415378,0.028223,0.015082,0.476359
433,T433_UAV_11,BS_3,HAP_1,68.850329,68.593046,0.026279,0.045965,0.425201
433,T433_UAV_6,HAP_1,LEO_0,219.464689,219.24673,0.045737,0.021431,0.253957
434,T434_UAV_7,BS_4,LEO_1,99.26207,99.075284,0.040657,0.005669,0.202303
434,T434_UAV_4,BS_4,LEO_0,93.178626,92.989009,0.042521,0.006055,0.205205
434,T434_UAV_16,BS_4,HAP_0,104.269947,104.187975,0.002964,0.005149,0.369291
434,T434_UAV_12,BS_4,HAP_2,136.933294,136.71987,0.028548,0.011352,0.367623
434,T434_UAV_19,BS_2,LEO_1,154.442137,154.248047,0.040989,0.012641,0.202303
434,T434_UAV_0,BS_4,LEO_0,167.965612,167.750485,0.044601,0.029485,0.205205
434,T434_UAV_13,BS_3,HAP_1,86.682311,86.424051,0.026923,0.016773,0.572826
434,T434_UAV_6,HAP_1,HAP_0,170.167038,170.082948,0.006059,0.004172,0.369291
434,T434_UAV_10,BS_3,BS_0,197.126135,197.021197,0.049231,0.012479,0.216144
434,T434_UAV_1,BS_4,BS_3,50.466485,50.222093,0.022539,0.05585,0.330009
434,T434_UAV_8,BS_2,BS_1,57.267849,57.02852,0.02424,0.040563,0.372629
434,T434_UAV_18,BS_4,LEO_1,87.474999,87.276573,0.040628,0.017338,0.202303
434,T434_UAV_14,HAP_1,BS_4,107.992026,107.760391,0.036917,0.020526,0.370961
434,T434_UAV_17,HAP_1,LEO_0,121.605269,121.39669,0.044527,0.023011,0.205205
434,T434_UAV_3,BS_1,HAP_2,158.422459,158.204526,0.029061,0.015347,0.367623
434,T434_UAV_11,BS_3,LEO_1,202.180877,201.984901,0.041161,0.014354,0.202303
435,T435_UAV_12,BS_4,LEO_1,117.797337,117.740927,0.000902,0.010762,0.223732
435,T435_UAV_0,BS_4,LEO_0,130.848,130.782941,0.003587,0.010071,0.257003
435,T435_UAV_2,BS_2,HAP_0,136.363572,136.164763,0.029096,0.017717,0.259978
435,T435_UAV_15,BS_1,HAP_2,152.668571,152.461115,0.028901,0.025757,0.263987
435,T435_UAV_4,BS_4,LEO_1,182.009867,181.953026,0.001656,0.010438,0.223732
435,T435_UAV_19,BS_2,LEO_0,184.379889,184.3125,0.006162,0.009826,0.257003
435,T435_UAV_8,BS_2,LEO_1,50.704895,50.640205,0.000326,0.019617,0.223732
435,T435_UAV_18,BS_4,BS_0,57.908215,57.723554,0.024414,0.004323,0.279623
435,T435_UAV_17,HAP_1,BS_2,59.991249,59.78716,0.024929,0.02728,0.2594
435,T435_UAV_9,HAP_1,HAP_0,84.53869,84.332102,0.028258,0.026334,0.259978
435,T435_UAV_16,BS_4,HAP_2,87.816799,87.589306,0.027064,0.047632,0.263987
435,T435_UAV_3,BS_1,BS_1,92.806402,92.594326,0.033127,0.012004,0.334724
435,T435_UAV_14,HAP_1,BS_4,106.001226,105.779716,0.036422,0.014427,0.353308
435,T435_UAV_6,HAP_1,LEO_0,112.997887,112.918981,0.00362,0.023885,0.257003
435,T435_UAV_13,BS_3,BS_3,140.521704,140.241303,0.045033,0.028373,0.534977
436,T436_UAV_1,BS_4,LEO_1,108.836855,108.75084,0.000802,0.026431,0.293904
436,T436_UAV_0,BS_4,LEO_0,75.811971,75.733798,0.002794,0.019987,0.276964
436,T436_UAV_16,BS_4,HAP_2,225.031481,224.837607,0.029327,0.024947,0.198002
436,T436_UAV_15,BS_1,HAP_0,69.702521,69.516967,0.027061,0.014333,0.220799
436,T436_UAV_18,BS_4,LEO_1,194.401332,194.336505,0.00155,0.004497,0.293904
436,T436_UAV_10,BS_3,LEO_0,132.934231,132.850957,0.007798,0.020083,0.276964
436,T436_UAV_19,BS_2,HAP_2,349.428188,349.213421,0.033193,0.041974,0.198002
436,T436_UAV_5,BS_4,BS_0,102.141584,101.961146,0.035468,0.008659,0.181556
436,T436_UAV_7,BS_4,LEO_1,56.646928,56.573714,0.00041,0.014024,0.293904
436,T436_UAV_6,HAP_1,BS_1,81.155469,80.937717,0.030214,0.044148,0.216946
436,T436_UAV_3,BS_1,HAP_2,156.128166,155.939397,0.028213,0.020956,0.198002
436,T436_UAV_17,HAP_1,HAP_1,89.564934,89.283569,0.026032,0.069632,0.428504
436,T436_UAV_8,BS_2,HAP_2,178.661021,178.467408,0.029288,0.024725,0.198002
436,T436_UAV_13,BS_3,BS_0,287.653288,287.411898,0.081807,0.023272,0.181556
437,T437_UAV_4,BS_4,LEO_1,67.28816,67.205935,0.000723,0.012964,0.34269
437,T437_UAV_18,BS_4,HAP_0,286.466781,286.280319,0.030787,0.017824,0.189257
437,T437_UAV_19,BS_2,LEO_0,86.92024,86.827424,0.003963,0.020497,0.341778
437,T437_UAV_6,HAP_1,HAP_2,228.112379,227.906489,0.03092,0.018526,0.282221
437,T437_UAV_10,BS_3,LEO_1,110.099604,110.02331,0.00078,0.006975,0.34269
437,T437_UAV_12,BS_4,LEO_0,111.281402,111.192434,0.0046,0.016012,0.341778
437,T437_UAV_11,BS_3,HAP_1,93.016822,92.804017,0.026753,0.013423,0.363141
437,T437_UAV_15,BS_1,HAP_0,583.906209,583.715909,0.035013,0.017435,0.189257
437,T437_UAV_13,BS_3,BS_1,51.934541,51.726296,0.022915,0.031632,0.26849
437,T437_UAV_14,HAP_1,BS_2,62.958264,62.726453,0.025664,0.051261,0.274432
437,T437_UAV_0,BS_4,BS_3,74.084931,73.87835,0.02845,0.018391,0.298696
437,T437_UAV_1,BS_4,HAP_2,119.641842,119.450867,0.027674,0.006858,0.282221
437,T437_UAV_17,HAP_1,HAP_0,188.534875,188.358213,0.029738,0.009072,0.189257
437,T437_UAV_2,BS_2,HAP_0,200.006651,199.834114,0.029146,0.00554,0.189257
437,T437_UAV_8,BS_2,HAP_0,224.999257,224.8138,0.029576,0.018029,0.189257
437,T437_UAV_7,BS_1,HAP_2,234.713972,234.506368,0.030305,0.020855,0.282221
437,T437_UAV_9,HAP_1,HAP_0,455.294857,455.101308,0.036392,0.019305,0.189257
438,T438_UAV_12,BS_4,LEO_1,132.834238,132.647704,0.040923,0.008549,0.185309
438,T438_UAV_2,BS_2,LEO_0,161.089882,160.900207,0.044267,0.014491,0.154589
438,T438_UAV_8,BS_2,HAP_2,182.338408,182.286219,0.004846,0.009139,0.19102
438,T438_UAV_5,BS_4,HAP_0,147.086409,146.846509,0.02884,0.024799,0.431303
438,T438_UAV_13,BS_3,LEO_1,185.684994,185.490312,0.041092,0.016528,0.185309
438,T438_UAV_9,HAP_1,LEO_0,227.443675,227.243209,0.046906,0.022642,0.154589
438,T438_UAV_11,BS_3,HAP_1,93.39558,93.205084,0.026767,0.023458,0.201357
438,T438_UAV_3,BS_1,HAP_2,261.134791,261.064429,0.005857,0.026301,0.19102
438,T438_UAV_7,BS_1,LEO_1,241.276993,241.094395,0.041587,0.00395,0.185309
438,T438_UAV_14,HAP_1,BS_1,183.803188,183.56411,0.055858,0.029186,0.270168
438,T438_UAV_6,HAP_1,LEO_0,80.287043,80.108986,0.042081,0.005058,0.154589
438,T438_UAV_16,BS_4,BS_2,73.227166,73.009617,0.028233,0.027356,0.309794
438,T438_UAV_10,BS_3,BS_0,86.924779,86.690242,0.031652,0.022259,0.403129
438,T438_UAV_18,BS_4,LEO_1,105.179235,104.987446,0.04076,0.013967,0.185309
438,T438_UAV_15,BS_1,HAP_0,115.749378,115.50732,0.027689,0.028108,0.431303
438,T438_UAV_19,BS_2,LEO_0,135.504994,135.309057,0.043659,0.02136,0.154589
438,T438_UAV_17,HAP_1,HAP_2,232.94777,232.896435,0.007045,0.006086,0.19102
439,T439_UAV_18,BS_4,LEO_1,203.928875,203.743893,0.041246,0.007453,0.181416
439,T439_UAV_4,BS_4,LEO_0,71.731537,71.667215,0.002627,0.009899,0.258978
439,T439_UAV_13,BS_3,HAP_2,108.112781,107.898097,0.029332,0.031772,0.267904
439,T439_UAV_11,BS_3,HAP_0,54.71438,54.489401,0.027835,0.035969,0.305873
439,T439_UAV_5,BS_4,LEO_1,283.510562,283.32175,0.042077,0.010452,0.181416
439,T439_UAV_0,BS_4,LEO_0,96.748878,96.682381,0.003556,0.011145,0.258978
439,T439_UAV_3,BS_1,LEO_1,340.189435,339.99828,0.041942,0.01293,0.181416
439,T439_UAV_16,BS_4,HAP_1,307.604374,307.412911,0.029708,0.029828,0.159638
439,T439_UAV_17,HAP_1,LEO_1,452.314846,452.127698,0.042508,0.008357,0.181416
439,T439_UAV_12,BS_4,BS_0,80.198013,80.120672,0.02002,0.014798,0.212612
439,T439_UAV_19,BS_2,LEO_1,135.02634,134.824348,0.040742,0.024966,0.181416
439,T439_UAV_7,BS_1,BS_3,98.370916,98.163046,0.034519,0.019683,0.268344
439,T439_UAV_10,BS_3,HAP_2,104.873006,104.657617,0.029136,0.032673,0.267904
439,T439_UAV_6,HAP_1,LEO_1,136.921701,136.732276,0.040844,0.012298,0.181416
439,T439_UAV_1,BS_4,HAP_1,121.597656,121.394121,0.026992,0.044615,0.159638
439,T439_UAV_8,BS_2,LEO_1,190.165716,189.973856,0.040974,0.014603,0.181416
439,T439_UAV_14,HAP_1,HAP_1,180.216611,180.02543,0.027582,0.031671,0.159638
439,T439_UAV_9,HAP_1,HAP_1,332.591249,332.415905,0.02839,0.015026,0.159638
440,T440_UAV_0,BS_4,LEO_1,78.942701,78.726143,0.040822,0.013008,0.31364
440,T440_UAV_11,BS_3,LEO_0,90.572049,90.50233,0.004952,0.003272,0.307473
440,T440_UAV_13,BS_3,HAP_2,333.139749,333.070688,0.008562,0.023556,0.184717
440,T440_UAV_15,BS_1,HAP_0,150.4628,150.254451,0.028502,0.019692,0.300779
440,T440_UAV_19,BS_2,LEO_1,112.465956,112.256639,0.040905,0.005683,0.31364
440,T440_UAV_2,BS_2,HAP_2,359.008468,358.939667,0.007093,0.024765,0.184717
440,T440_UAV_17,HAP_1,LEO_0,132.377347,132.289906,0.006775,0.019171,0.307473
440,T440_UAV_4,BS_4,HAP_2,417.502777,417.433924,0.007201,0.024709,0.184717
440,T440_UAV_16,BS_4,HAP_2,439.73978,439.673076,0.007657,0.022103,0.184717
440,T440_UAV_12,BS_4,HAP_2,566.720433,566.665307,0.010639,0.007545,0.184717
440,T440_UAV_1,BS_4,BS_2,115.396535,115.191579,0.038774,0.010624,0.277794
440,T440_UAV_10,BS_3,BS_3,140.816086,140.556258,0.045112,0.057012,0.288521
440,T440_UAV_6,HAP_1,BS_0,100.420897,100.306723,0.025064,0.025724,0.316926
440,T440_UAV_3,BS_1,HAP_0,106.570852,106.354986,0.027674,0.028037,0.300779
440,T440_UAV_8,BS_2,HAP_2,180.742949,180.686855,0.003846,0.015304,0.184717
440,T440_UAV_9,HAP_1,BS_2,208.033548,207.766655,0.061906,0.049429,0.277794
440,T440_UAV_14,HAP_1,BS_3,277.627403,277.326741,0.079287,0.063671,0.288521
441,T441_UAV_15,BS_1,LEO_1,120.680892,120.457726,0.040922,0.020179,0.310322
441,T441_UAV_4,BS_4,LEO_0,85.808604,85.723882,0.003146,0.013452,0.340617
441,T441_UAV_19,BS_2,HAP_0,219.465257,219.398301,0.006112,0.00963,0.256064
441,T441_UAV_5,BS_4,HAP_2,175.814773,175.593216,0.028398,0.018687,0.37236
441,T441_UAV_6,HAP_1,LEO_1,182.265452,182.02616,0.04148,0.035748,0.310322
441,T441_UAV_13,BS_3,LEO_0,124.947942,124.855223,0.007375,0.017221,0.340617
441,T441_UAV_3,BS_1,HAP_0,240.691693,240.60497,0.005308,0.030203,0.256064
441,T441_UAV_16,BS_4,BS_0,175.131671,174.90308,0.053694,0.023198,0.258495
441,T441_UAV_18,BS_4,BS_1,64.285546,64.08314,0.026003,0.018832,0.287852
441,T441_UAV_10,BS_3,BS_2,64.579998,64.378244,0.026077,0.017976,0.288509
441,T441_UAV_11,BS_3,BS_3,69.871844,69.629125,0.027389,0.052866,0.312321
441,T441_UAV_0,BS_4,HAP_2,84.128166,83.883017,0.026911,0.043766,0.37236
441,T441_UAV_7,BS_1,BS_4,84.51027,84.246627,0.031041,0.06227,0.351656
441,T441_UAV_8,BS_2,LEO_1,92.742433,92.505393,0.040594,0.034382,0.310322
441,T441_UAV_9,HAP_1,HAP_0,126.992514,126.928782,0.004134,0.008385,0.256064
441,T441_UAV_14,HAP_1,HAP_1,80.424128,80.189084,0.026596,0.014367,0.470404
442,T442_UAV_5,BS_4,LEO_1,173.874859,173.814675,0.001555,0.02062,0.190042
442,T442_UAV_16,BS_4,LEO_0,163.06721,162.877022,0.044622,0.019772,0.128967
442,T442_UAV_4,BS_4,HAP_0,163.878167,163.657795,0.029848,0.030706,0.299089
442,T442_UAV_18,BS_4,HAP_2,91.138482,90.9083,0.027921,0.032649,0.348063
442,T442_UAV_8,BS_2,LEO_1,254.863345,254.798009,0.00151,0.025818,0.190042
442,T442_UAV_13,BS_3,LEO_0,200.184882,199.999175,0.048477,0.011437,0.128967
442,T442_UAV_6,HAP_1,LEO_1,81.472577,81.428351,0.000601,0.005617,0.190042
442,T442_UAV_7,BS_1,BS_0,69.706856,69.498927,0.027356,0.033415,0.235786
442,T442_UAV_17,HAP_1,BS_1,78.899247,78.688601,0.029652,0.010547,0.35223
442,T442_UAV_1,BS_4,HAP_0,110.012453,109.803846,0.027847,0.020941,0.299089
442,T442_UAV_11,BS_3,LEO_0,132.539897,132.3559,0.045223,0.01298,0.128967
442,T442_UAV_9,HAP_1,HAP_1,68.586457,68.381433,0.02589,0.030379,0.243772
442,T442_UAV_19,BS_2,LEO_1,195.851734,195.791409,0.001263,0.021054,0.190042
443,T443_UAV_19,BS_2,LEO_1,142.952194,142.887398,0.000922,0.006626,0.286241
443,T443_UAV_16,BS_4,LEO_0,291.339849,291.280694,0.004819,0.015561,0.193878
443,T443_UAV_12,BS_4,HAP_0,158.614022,158.552402,0.004751,0.015814,0.205274
443,T443_UAV_5,BS_4,HAP_2,169.401566,169.195846,0.028288,0.010752,0.333393
443,T443_UAV_0,BS_4,LEO_0,383.767327,383.719744,0.006131,0.002677,0.193878
443,T443_UAV_7,BS_1,LEO_1,248.380286,248.294199,0.001621,0.027218,0.286241
443,T443_UAV_15,BS_1,LEO_0,383.770306,383.717001,0.006975,0.007555,0.193878
443,T443_UAV_10,BS_3,HAP_1,98.920221,98.643448,0.027401,0.054586,0.473926
443,T443_UAV_8,BS_2,LEO_0,421.233593,421.182101,0.008434,0.004282,0.193878
443,T443_UAV_17,HAP_1,LEO_0,450.651935,450.594346,0.00923,0.009583,0.193878
443,T443_UAV_18,BS_4,HAP_0,70.332215,70.264243,0.002026,0.024891,0.205274
443,T443_UAV_6,HAP_1,LEO_1,123.471479,123.402641,0.000911,0.010679,0.286241
443,T443_UAV_2,BS_2,BS_0,105.621334,105.43463,0.036335,0.005737,0.223159
443,T443_UAV_13,BS_3,HAP_2,127.756254,127.520566,0.030123,0.038886,0.333393
443,T443_UAV_14,HAP_1,BS_2,142.311978,142.054458,0.045486,0.049764,0.31135
443,T443_UAV_3,BS_1,LEO_1,148.211894,148.14208,0.000997,0.011568,0.286241
443,T443_UAV_4,BS_4,LEO_0,224.319827,224.266252,0.003592,0.011208,0.193878
443,T443_UAV_9,HAP_1,LEO_0,314.186845,314.132682,0.006569,0.008818,0.193878
444,T444_UAV_12,BS_4,LEO_1,97.621413,97.432349,0.040745,0.004672,0.218236
444,T444_UAV_3,BS_1,LEO_0,113.997529,113.784467,0.043564,0.004625,0.324364
444,T444_UAV_13,BS_3,HAP_2,153.739105,153.653376,0.006179,0.037433,0.210586
444,T444_UAV_18,BS_4,HAP_0,159.282898,159.19483,0.004586,0.022202,0.306399
444,T444_UAV_17,HAP_1,LEO_1,171.899986,171.704476,0.041225,0.010638,0.218236
444,T444_UAV_8,BS_2,HAP_1,88.169409,87.93578,0.027149,0.048521,0.289797
444,T444_UAV_0,BS_4,LEO_0,59.227652,59.015959,0.041601,0.005219,0.324364
444,T444_UAV_11,BS_3,HAP_2,70.724283,70.66365,0.002593,0.015923,0.210586
444,T444_UAV_6,HAP_1,HAP_0,71.100144,71.019006,0.002507,0.01735,0.306399
444,T444_UAV_19,BS_2,BS_0,74.879992,74.799239,0.01869,0.020904,0.205791
444,T444_UAV_15,BS_1,BS_3,75.760209,75.511149,0.028858,0.074592,0.228047
444,T444_UAV_2,BS_2,BS_1,77.142231,76.92512,0.029212,0.030445,0.287273
444,T444_UAV_1,BS_4,BS_2,85.069079,84.838036,0.031189,0.040244,0.298045
444,T444_UAV_7,BS_1,BS_4,91.682129,91.427958,0.032836,0.048513,0.364109
444,T444_UAV_10,BS_3,LEO_1,101.72383,101.524021,0.040638,0.015524,0.218236
444,T444_UAV_9,HAP_1,LEO_0,165.735304,165.514439,0.046281,0.009711,0.324364
445,T445_UAV_2,BS_2,LEO_1,89.271665,89.055266,0.040705,0.01906,0.283169
445,T445_UAV_18,BS_4,LEO_0,96.763091,96.553833,0.043826,0.005684,0.298741
445,T445_UAV_1,BS_4,HAP_0,151.151727,151.054536,0.00393,0.0248,0.342304
445,T445_UAV_11,BS_3,HAP_2,176.547015,176.457888,0.006477,0.017977,0.323363
445,T445_UAV_12,BS_4,LEO_1,42.735766,42.532145,0.040376,0.006611,0.283169
445,T445_UAV_4,BS_4,LEO_0,52.42274,52.199624,0.041915,0.021453,0.298741
445,T445_UAV_10,BS_3,HAP_0,82.988401,82.892107,0.003146,0.024687,0.342304
445,T445_UAV_8,BS_2,HAP_2,84.164336,84.089597,0.00263,0.007436,0.323363
445,T445_UAV_14,HAP_1,BS_0,95.784438,95.672199,0.023906,0.029254,0.295398
445,T445_UAV_17,HAP_1,BS_3,104.637726,104.413146,0.03608,0.026508,0.309962
445,T445_UAV_15,BS_1,BS_4,112.459383,112.226957,0.038033,0.021154,0.3662
446,T446_UAV_19,BS_2,LEO_1,190.233799,190.039577,0.041151,0.01587,0.186008
446,T446_UAV_3,BS_1,LEO_0,92.760465,92.545622,0.043944,0.027715,0.215922
446,T446_UAV_1,BS_4,HAP_0,182.442405,182.271099,0.029149,0.009607,0.16275
446,T446_UAV_14,HAP_1,HAP_2,169.389395,169.294052,0.004377,0.024988,0.329894
446,T446_UAV_12,BS_4,LEO_1,226.866177,226.67424,0.041472,0.013263,0.186008
446,T446_UAV_15,BS_1,LEO_0,101.586667,101.389193,0.044429,0.009861,0.215922
446,T446_UAV_16,BS_4,HAP_1,97.519988,97.263722,0.027097,0.053557,0.378059
446,T446_UAV_4,BS_4,HAP_0,290.549701,290.354701,0.032447,0.030004,0.16275
446,T446_UAV_11,BS_3,LEO_1,325.392027,325.18558,0.041757,0.027489,0.186008
446,T446_UAV_5,BS_4,HAP_2,55.84073,55.759397,0.001092,0.014263,0.329894
446,T446_UAV_0,BS_4,BS_3,57.562058,57.339182,0.024318,0.045332,0.266132
446,T446_UAV_6,HAP_1,BS_0,70.348821,70.251334,0.017554,0.004451,0.37741
446,T446_UAV_2,BS_2,LEO_1,112.672073,112.474468,0.040668,0.019735,0.186008
446,T446_UAV_7,BS_1,BS_1,100.759598,100.507836,0.035104,0.052444,0.321066
446,T446_UAV_8,BS_2,BS_4,105.564215,105.334327,0.03631,0.02196,0.358087
446,T446_UAV_17,HAP_1,BS_2,132.358879,132.087445,0.042995,0.052408,0.380155
446,T446_UAV_9,HAP_1,HAP_0,151.822638,151.651124,0.02996,0.009004,0.16275
446,T446_UAV_10,BS_3,LEO_1,201.421767,201.223374,0.041102,0.020089,0.186008
447,T447_UAV_5,BS_4,LEO_1,126.714542,126.509062,0.041264,0.011087,0.265648
447,T447_UAV_19,BS_2,LEO_0,149.894192,149.834335,0.004014,0.019035,0.184045
447,T447_UAV_11,BS_3,HAP_0,133.039875,132.843689,0.029868,0.026578,0.198702
447,T447_UAV_13,BS_3,HAP_2,142.888281,142.686591,0.030736,0.022684,0.241352
447,T447_UAV_1,BS_4,LEO_1,161.835078,161.614517,0.041193,0.026239,0.265648
447,T447_UAV_4,BS_4,LEO_0,241.532536,241.470106,0.005441,0.020181,0.184045
447,T447_UAV_3,BS_1,HAP_0,187.197218,187.015225,0.029657,0.012596,0.198702
447,T447_UAV_12,BS_4,BS_0,189.395622,189.195481,0.057268,0.014457,0.142079
447,T447_UAV_14,HAP_1,BS_1,50.474536,50.268699,0.022551,0.033554,0.248659
447,T447_UAV_7,BS_1,BS_2,57.881782,57.685936,0.024404,0.012301,0.295705
447,T447_UAV_17,HAP_1,HAP_2,77.613606,77.415731,0.027748,0.021857,0.241352
447,T447_UAV_15,BS_1,BS_3,86.410086,86.166038,0.031521,0.04829,0.321188
447,T447_UAV_0,BS_4,BS_4,86.883929,86.644864,0.03164,0.036761,0.353316
447,T447_UAV_6,HAP_1,LEO_1,93.183945,92.969539,0.040762,0.020515,0.265648
447,T447_UAV_10,BS_3,LEO_0,124.54609,124.483026,0.004232,0.022023,0.184045
447,T447_UAV_8,BS_2,LEO_0,148.843716,148.785967,0.004349,0.01659,0.184045
448,T448_UAV_12,BS_4,LEO_1,54.537487,54.326348,0.040481,0.024493,0.230826
448,T448_UAV_5,BS_4,LEO_0,107.009796,106.794469,0.043514,0.021398,0.252072
448,T448_UAV_16,BS_4,BS_0,561.197551,561.013661,0.140183,0.004919,0.193935
448,T448_UAV_9,HAP_1,HAP_2,187.65769,187.45204,0.031864,0.031968,0.209087
448,T448_UAV_7,BS_1,HAP_0,94.328417,94.133817,0.028349,0.019041,0.236053
448,T448_UAV_2,BS_2,LEO_1,126.530222,126.324976,0.041,0.018081,0.230826
448,T448_UAV_8,BS_2,LEO_0,132.054704,131.838875,0.046562,0.018853,0.252072
448,T448_UAV_11,BS_3,BS_0,824.580971,824.326751,0.205979,0.009454,0.193935
448,T448_UAV_0,BS_4,BS_0,1094.252801,1093.93441,0.273347,0.006258,0.193935
448,T448_UAV_4,BS_4,BS_0,1323.673771,1323.283514,0.330656,0.020815,0.193935
448,T448_UAV_19,BS_2,BS_1,64.689789,64.496908,0.026106,0.026155,0.203102
448,T448_UAV_1,BS_4,BS_2,75.412144,75.206313,0.028782,0.019737,0.286561
448,T448_UAV_14,HAP_1,HAP_2,80.733573,80.543668,0.027079,0.021008,0.209087
448,T448_UAV_15,BS_1,HAP_1,84.291241,84.073839,0.02751,0.04422,0.228359
448,T448_UAV_18,BS_4,BS_0,484.549237,484.385891,0.121036,0.003523,0.193935
448,T448_UAV_17,HAP_1,BS_0,695.166417,694.948143,0.17365,0.005837,0.193935
448,T448_UAV_13,BS_3,BS_0,818.756852,818.509779,0.204525,0.00376,0.193935
449,T449_UAV_3,BS_4,LEO_1,132.825159,132.776429,0.000898,0.010064,0.188842
449,T449_UAV_1,BS_4,LEO_0,109.96984,109.906311,0.003416,0.015572,0.222706
449,T449_UAV_4,BS_4,HAP_2,183.470545,183.42156,0.003843,0.006478,0.193318
449,T449_UAV_13,BS_3,HAP_0,194.611858,194.433168,0.031388,0.008706,0.192982
449,T449_UAV_10,BS_3,LEO_1,185.634136,185.589027,0.001081,0.006259,0.188842
449,T449_UAV_9,HAP_1,LEO_0,146.94574,146.874585,0.005616,0.020999,0.222706
449,T449_UAV_5,BS_4,LEO_1,204.6695,204.615667,0.001819,0.014245,0.188842
449,T449_UAV_7,BS_1,HAP_2,236.993743,236.935065,0.005517,0.014498,0.193318
449,T449_UAV_0,BS_4,HAP_1,81.71475,81.49231,0.026928,0.057901,0.188048
449,T449_UAV_6,HAP_1,HAP_0,258.209821,258.0185,0.032673,0.020052,0.192982
449,T449_UAV_2,BS_2,BS_1,54.017409,53.838644,0.023443,0.020757,0.172824
449,T449_UAV_8,BS_2,BS_2,69.740569,69.506603,0.027358,0.042474,0.32067
449,T449_UAV_11,BS_3,LEO_1,80.220884,80.176893,0.000459,0.005764,0.188842
449,T449_UAV_18,BS_4,BS_0,84.019292,83.754909,0.030918,0.038176,0.476443
449,T449_UAV_12,BS_4,HAP_2,113.1799,113.112017,0.002629,0.02659,0.193318
449,T449_UAV_14,HAP_1,LEO_0,131.038812,130.966374,0.003763,0.024134,0.222706
449,T449_UAV_17,HAP_1,BS_3,140.285758,139.99725,0.044972,0.07822,0.326582
449,T449_UAV_15,BS_1,HAP_0,212.103411,211.929977,0.029389,0.005449,0.192982
450,T450_UAV_4,BS_4,LEO_1,147.463596,147.260524,0.041187,0.015548,0.231689
450,T450_UAV_3,BS_4,LEO_0,148.873687,148.681597,0.043792,0.008653,0.198221
450,T450_UAV_10,BS_3,HAP_0,129.85089,129.655853,0.029914,0.028108,0.185079
450,T450_UAV_12,BS_4,HAP_2,158.26975,158.183723,0.004221,0.015907,0.329495
450,T450_UAV_7,BS_1,LEO_1,229.681696,229.477192,0.04148,0.016687,0.231689
450,T450_UAV_14,HAP_1,LEO_0,220.694846,220.493442,0.045196,0.016564,0.198221
450,T450_UAV_1,BS_4,HAP_1,91.017521,90.791032,0.027141,0.040832,0.292576
450,T450_UAV_9,HAP_1,HAP_0,181.823549,181.637038,0.032135,0.01736,0.185079
450,T450_UAV_13,BS_3,BS_1,195.09764,194.875276,0.058684,0.030479,0.166007
450,T450_UAV_18,BS_4,LEO_1,84.243096,84.040076,0.040616,0.016067,0.231689
450,T450_UAV_15,BS_1,HAP_2,73.957858,73.880993,0.001939,0.009027,0.329495
450,T450_UAV_5,BS_4,BS_0,78.972137,78.743531,0.029666,0.028485,0.352269
450,T450_UAV_11,BS_3,LEO_0,163.344423,163.143501,0.045193,0.016085,0.198221
450,T450_UAV_17,HAP_1,BS_3,163.048113,162.817892,0.050674,0.016961,0.312926
450,T450_UAV_6,HAP_1,LEO_1,189.743671,189.543305,0.041411,0.012616,0.231689
450,T450_UAV_19,BS_2,LEO_0,231.752358,231.554694,0.046177,0.011842,0.198221
451,T451_UAV_11,BS_3,LEO_1,159.28272,159.215225,0.000859,0.027425,0.196056
451,T451_UAV_1,BS_4,LEO_0,155.27261,155.080987,0.043926,0.005943,0.208772
451,T451_UAV_4,BS_4,HAP_0,197.444704,197.393542,0.005085,0.004552,0.207629
451,T451_UAV_12,BS_4,HAP_2,143.28709,143.189396,0.003827,0.022235,0.358156
451,T451_UAV_2,BS_2,LEO_1,201.990068,201.93126,0.001201,0.018396,0.196056
451,T451_UAV_5,BS_4,LEO_0,219.948311,219.753846,0.04451,0.008202,0.208772
451,T451_UAV_0,BS_4,LEO_1,249.966396,249.902315,0.001867,0.023002,0.196056
451,T451_UAV_7,BS_1,HAP_1,186.56392,186.380221,0.02847,0.017841,0.18694
451,T451_UAV_16,BS_4,HAP_0,284.01135,283.947627,0.006985,0.015212,0.207629
451,T451_UAV_18,BS_4,HAP_2,189.409122,189.30617,0.004642,0.026678,0.358156
451,T451_UAV_9,HAP_1,BS_0,51.951713,51.877107,0.012963,0.019299,0.211719
451,T451_UAV_17,HAP_1,LEO_1,93.144652,93.097373,0.000574,0.007494,0.196056
451,T451_UAV_10,BS_3,BS_1,85.436464,85.234126,0.031288,0.030734,0.201582
451,T451_UAV_3,BS_4,LEO_0,119.221439,119.021811,0.043034,0.014839,0.208772
451,T451_UAV_8,BS_2,LEO_1,110.092625,110.031362,0.000614,0.021437,0.196056
451,T451_UAV_13,BS_3,LEO_0,122.456152,122.250849,0.044156,0.019393,0.208772
451,T451_UAV_15,BS_1,HAP_1,161.738363,161.56261,0.02879,0.009576,0.18694
451,T451_UAV_14,HAP_1,HAP_0,243.004123,242.939963,0.006608,0.016026,0.207629
452,T452_UAV_16,BS_4,LEO_1,129.481025,129.41055,0.000961,0.011017,0.292479
452,T452_UAV_3,BS_4,LEO_0,143.541064,143.487644,0.003662,0.005147,0.223056
452,T452_UAV_15,BS_1,HAP_2,177.1052,176.935364,0.029067,0.007779,0.164947
452,T452_UAV_10,BS_3,HAP_0,127.777991,127.699025,0.004843,0.010672,0.317257
452,T452_UAV_5,BS_4,LEO_1,178.625227,178.539515,0.001583,0.025634,0.292479
452,T452_UAV_13,BS_3,LEO_0,188.616166,188.540862,0.00642,0.024273,0.223056
452,T452_UAV_2,BS_2,HAP_1,82.294809,82.094425,0.026591,0.020904,0.264446
452,T452_UAV_12,BS_4,LEO_1,226.883169,226.795042,0.00158,0.028051,0.292479
452,T452_UAV_14,BS_4,HAP_2,285.262053,285.07297,0.031444,0.02465,0.164947
452,T452_UAV_17,HAP_1,HAP_0,60.825342,60.743488,0.002369,0.016034,0.317257
452,T452_UAV_4,BS_4,BS_1,71.771598,71.59124,0.027879,0.012459,0.200095
452,T452_UAV_11,BS_3,LEO_0,108.360793,108.308011,0.003453,0.004718,0.223056
452,T452_UAV_7,BS_1,BS_3,111.631413,111.379551,0.037821,0.052929,0.305558
452,T452_UAV_0,BS_4,HAP_2,140.367881,140.183841,0.02778,0.023271,0.164947
452,T452_UAV_19,BS_2,LEO_1,143.863984,143.792278,0.000934,0.012277,0.292479
452,T452_UAV_9,HAP_1,BS_2,195.881357,195.615007,0.058869,0.036698,0.353909
452,T452_UAV_8,BS_0,LEO_0,261.773233,261.702765,0.007688,0.018168,0.223056
453,T453_UAV_16,BS_4,LEO_0,61.695597,61.630036,0.002404,0.005138,0.290091
453,T453_UAV_0,BS_4,HAP_2,217.876543,217.815694,0.003777,0.020198,0.184371
453,T453_UAV_12,BS_4,HAP_0,160.754052,160.546679,0.029904,0.025849,0.2581
453,T453_UAV_18,BS_4,HAP_2,344.859702,344.808557,0.006433,0.007838,0.184371
453,T453_UAV_19,BS_2,LEO_0,131.960055,131.890308,0.005894,0.005835,0.290091
453,T453_UAV_5,BS_4,LEO_1,61.579305,61.506316,0.000612,0.004868,0.33755
453,T453_UAV_7,BS_1,LEO_1,69.607717,69.518682,0.000488,0.021037,0.33755
453,T453_UAV_9,HAP_1,LEO_1,80.856312,80.77636,0.000556,0.011886,0.33755
453,T453_UAV_15,BS_1,HAP_2,170.941385,170.88978,0.003384,0.011347,0.184371
453,T453_UAV_8,BS_0,BS_1,123.053259,122.853507,0.040688,0.018195,0.204347
453,T453_UAV_6,HAP_1,HAP_0,133.908071,133.708326,0.02968,0.018445,0.2581
453,T453_UAV_4,BS_4,HAP_2,213.156187,213.109225,0.003899,0.006189,0.184371
453,T453_UAV_2,BS_2,HAP_1,97.982089,97.780345,0.026902,0.01105,0.318965
453,T453_UAV_10,BS_3,HAP_2,407.178922,407.12669,0.011092,0.004266,0.184371
454,T454_UAV_12,BS_4,LEO_1,106.686471,106.482903,0.040741,0.01685,0.229886
454,T454_UAV_4,BS_4,LEO_0,59.221158,59.135127,0.00219,0.013109,0.353667
454,T454_UAV_14,BS_4,HAP_0,96.243724,96.164232,0.003047,0.029269,0.23588
454,T454_UAV_0,BS_4,HAP_2,109.558331,109.31485,0.027431,0.031855,0.420975
454,T454_UAV_1,BS_4,LEO_1,157.541614,157.340843,0.041059,0.013735,0.229886
454,T454_UAV_16,BS_4,HAP_0,176.194556,176.130812,0.004999,0.011569,0.23588
454,T454_UAV_11,BS_3,LEO_1,266.961212,266.764859,0.041521,0.008855,0.229886
454,T454_UAV_5,BS_4,LEO_0,43.018467,42.937411,0.001422,0.0089,0.353667
454,T454_UAV_18,BS_4,BS_1,77.255212,77.037124,0.02924,0.031794,0.285273
454,T454_UAV_8,BS_0,BS_3,104.876881,104.677262,0.036146,0.014252,0.246106
454,T454_UAV_13,BS_3,HAP_2,119.743321,119.508309,0.029807,0.02101,0.420975
454,T454_UAV_6,HAP_1,BS_4,130.065351,129.821595,0.042429,0.030619,0.353538
454,T454_UAV_19,BS_2,LEO_1,145.231545,145.028641,0.040942,0.015984,0.229886
454,T454_UAV_9,HAP_1,BS_0,156.604794,156.333776,0.049054,0.039168,0.413984
454,T454_UAV_7,BS_1,BS_2,161.006471,160.73425,0.050153,0.018107,0.519799
455,T455_UAV_18,BS_4,LEO_1,134.661047,134.44303,0.04099,0.025498,0.257642
455,T455_UAV_16,BS_4,LEO_0,106.819052,106.623628,0.04308,0.008735,0.218045
455,T455_UAV_12,BS_4,HAP_0,111.885978,111.696717,0.028425,0.018279,0.212787
455,T455_UAV_19,BS_2,HAP_2,122.138366,121.925835,0.02853,0.020805,0.315975
455,T455_UAV_14,BS_4,LEO_1,161.801426,161.600935,0.041251,0.007712,0.257642
455,T455_UAV_5,BS_4,LEO_0,134.13452,133.935018,0.043325,0.012568,0.218045
455,T455_UAV_10,BS_3,HAP_0,143.860011,143.66512,0.030443,0.02189,0.212787
455,T455_UAV_15,BS_0,BS_1,170.080271,169.847814,0.052431,0.036368,0.21829
455,T455_UAV_13,BS_3,HAP_1,91.685047,91.432203,0.027109,0.043322,0.412068
455,T455_UAV_4,BS_4,BS_3,73.388568,73.125543,0.028262,0.067993,0.333847
455,T455_UAV_1,BS_4,HAP_2,85.181137,84.963212,0.027152,0.027579,0.315975
455,T455_UAV_2,BS_2,BS_4,103.973919,103.75047,0.035915,0.016875,0.353292
455,T455_UAV_11,BS_3,BS_2,114.225064,113.948853,0.038463,0.053405,0.421716
455,T455_UAV_17,HAP_1,LEO_1,161.087969,160.870972,0.041064,0.024405,0.257642
455,T455_UAV_9,HAP_1,BS_0,129.816667,129.529652,0.042356,0.040442,0.521082
455,T455_UAV_8,BS_0,LEO_0,157.402751,157.202754,0.045725,0.010664,0.218045
455,T455_UAV_7,BS_1,LEO_1,218.641222,218.434094,0.041398,0.014202,0.257642
456,T456_UAV_1,BS_4,LEO_1,164.078886,164.025634,0.001034,0.015045,0.185867
456,T456_UAV_3,BS_4,LEO_0,133.488328,133.287805,0.043392,0.02042,0.183551
456,T456_UAV_12,BS_4,HAP_0,265.661928,265.580524,0.007016,0.024061,0.251636
456,T456_UAV_17,HAP_1,HAP_2,186.176399,185.996946,0.031559,0.007248,0.203225
456,T456_UAV_13,BS_3,LEO_1,252.949518,252.897099,0.001384,0.013861,0.185867
456,T456_UAV_8,BS_0,LEO_0,204.27989,204.086966,0.046015,0.010199,0.183551
456,T456_UAV_4,BS_4,LEO_1,275.616821,275.560365,0.00205,0.017232,0.185867
456,T456_UAV_18,BS_4,HAP_1,97.147544,96.918882,0.027044,0.014289,0.436648
456,T456_UAV_11,BS_3,HAP_0,280.5567,280.490806,0.008626,0.006941,0.251636
456,T456_UAV_16,BS_4,LEO_0,83.446567,83.243769,0.041974,0.024114,0.183551
456,T456_UAV_10,BS_3,HAP_2,87.406078,87.206677,0.028477,0.030279,0.203225
456,T456_UAV_15,BS_0,BS_3,108.525366,108.286229,0.037048,0.040821,0.306337
456,T456_UAV_0,BS_4,LEO_1,141.960931,141.898338,0.001066,0.024354,0.185867
456,T456_UAV_9,HAP_1,LEO_0,147.704082,147.501042,0.044579,0.021751,0.183551
456,T456_UAV_6,HAP_1,HAP_0,247.446007,247.364162,0.00732,0.024198,0.251636
456,T456_UAV_2,BS_2,LEO_1,315.404548,315.353187,0.001877,0.012311,0.185867
457,T457_UAV_12,BS_4,LEO_1,159.115719,159.040601,0.001108,0.017144,0.284334
457,T457_UAV_4,BS_4,LEO_0,171.563085,171.367894,0.043882,0.004793,0.23258
457,T457_UAV_16,BS_4,HAP_2,133.039253,132.960316,0.003233,0.026947,0.243786
457,T457_UAV_5,BS_4,HAP_0,146.283787,146.09398,0.028942,0.014019,0.23423
457,T457_UAV_11,BS_3,LEO_1,206.278462,206.207104,0.001174,0.013317,0.284334
457,T457_UAV_1,BS_4,LEO_0,206.890426,206.688535,0.045216,0.010159,0.23258
457,T457_UAV_8,BS_0,HAP_1,87.871837,87.619208,0.027182,0.057096,0.341757
457,T457_UAV_7,BS_1,LEO_1,238.648951,238.570724,0.001523,0.019838,0.284334
457,T457_UAV_18,BS_4,HAP_2,192.020007,191.948093,0.004665,0.018492,0.243786
457,T457_UAV_9,HAP_1,HAP_0,52.012831,51.830877,0.027048,0.00806,0.23423
457,T457_UAV_10,BS_3,BS_0,89.496038,89.264515,0.032295,0.031004,0.341123
457,T457_UAV_15,BS_0,LEO_0,137.127405,136.930291,0.043615,0.006983,0.23258
457,T457_UAV_17,HAP_1,BS_4,113.778731,113.502146,0.038351,0.06745,0.353919
457,T457_UAV_14,BS_4,BS_1,114.807592,114.52105,0.038606,0.062127,0.429046
457,T457_UAV_2,BS_1,LEO_1,178.454823,178.391588,0.001132,0.005236,0.284334
457,T457_UAV_19,BS_2,LEO_0,188.056362,187.847203,0.04497,0.017673,0.23258
458,T458_UAV_4,BS_4,LEO_1,179.15946,179.063716,0.001439,0.017631,0.38337
458,T458_UAV_5,BS_4,LEO_0,158.963788,158.765313,0.043274,0.015141,0.200301
458,T458_UAV_16,BS_4,HAP_0,142.764729,142.706263,0.00405,0.005286,0.245653
458,T458_UAV_14,BS_4,HAP_2,162.899468,162.825585,0.004204,0.009401,0.301385
458,T458_UAV_13,BS_3,LEO_1,225.7742,225.685581,0.001309,0.010637,0.38337
458,T458_UAV_12,BS_4,LEO_0,232.37062,232.171487,0.045856,0.013217,0.200301
458,T458_UAV_18,BS_4,HAP_0,174.73444,174.66292,0.004974,0.017416,0.245653
458,T458_UAV_2,BS_1,HAP_1,95.476699,95.222747,0.026879,0.048486,0.392934
458,T458_UAV_11,BS_3,BS_0,198.73514,198.49445,0.059589,0.029946,0.255778
458,T458_UAV_1,BS_4,BS_3,74.785721,74.540343,0.028616,0.059993,0.283848
458,T458_UAV_0,BS_4,HAP_2,82.856344,82.78788,0.001829,0.006359,0.301385
458,T458_UAV_6,HAP_1,LEO_1,115.705341,115.623947,0.000871,0.003849,0.38337
458,T458_UAV_17,HAP_1,BS_4,91.687474,91.421896,0.032834,0.062348,0.351976
458,T458_UAV_9,HAP_1,BS_2,109.227,108.977564,0.037221,0.037314,0.374508
458,T458_UAV_10,BS_3,BS_1,109.881744,109.613828,0.03738,0.032345,0.490955
458,T458_UAV_19,BS_2,LEO_0,166.408562,166.212562,0.044392,0.011548,0.200301
458,T458_UAV_15,BS_0,LEO_1,180.435983,180.345549,0.001254,0.012506,0.38337
458,T458_UAV_7,BS_1,LEO_0,247.099223,246.890988,0.046546,0.021628,0.200301
459,T459_UAV_16,BS_4,LEO_1,158.672531,158.500812,0.041082,0.006819,0.119084
459,T459_UAV_0,BS_4,LEO_0,74.177384,74.117988,0.002671,0.007237,0.247442
459,T459_UAV_12,BS_4,LEO_1,181.05499,180.878657,0.041176,0.011341,0.119084
459,T459_UAV_4,BS_4,HAP_0,146.248563,146.0558,0.029396,0.013948,0.247089
459,T459_UAV_13,BS_3,LEO_0,111.218976,111.140988,0.006589,0.021911,0.247442
459,T459_UAV_1,BS_4,LEO_1,216.682501,216.496126,0.041365,0.021193,0.119084
459,T459_UAV_5,BS_4,LEO_1,222.147592,221.964551,0.041802,0.017422,0.119084
459,T459_UAV_11,BS_3,HAP_2,59.049156,58.952547,0.002167,0.017295,0.385734
459,T459_UAV_6,HAP_1,HAP_2,61.348319,61.236772,0.001783,0.032616,0.385734
459,T459_UAV_18,BS_4,BS_0,65.047558,64.806061,0.026183,0.060803,0.272556
459,T459_UAV_7,BS_1,BS_3,73.125862,72.90453,0.028207,0.034841,0.291424
459,T459_UAV_15,BS_0,HAP_0,80.824954,80.642128,0.026899,0.006509,0.247089
459,T459_UAV_17,HAP_1,BS_1,112.062416,111.784217,0.037922,0.075261,0.325082
459,T459_UAV_3,BS_4,LEO_1,127.912885,127.726351,0.040813,0.021904,0.119084
460,T460_UAV_4,BS_4,LEO_1,124.26236,124.208611,0.000998,0.011886,0.204329
460,T460_UAV_16,BS_4,HAP_2,300.80452,300.638047,0.030146,0.012348,0.119898
460,T460_UAV_12,BS_4,LEO_0,78.42128,78.340267,0.0033,0.01306,0.323266
460,T460_UAV_17,HAP_1,HAP_0,172.5616,172.475077,0.006723,0.031149,0.243255
460,T460_UAV_15,BS_0,LEO_1,230.514018,230.446218,0.001602,0.025333,0.204329
460,T460_UAV_1,BS_4,HAP_2,417.936188,417.773693,0.032339,0.006176,0.119898
460,T460_UAV_5,BS_4,HAP_2,571.257615,571.081399,0.033489,0.018747,0.119898
460,T460_UAV_14,BS_4,HAP_2,683.969716,683.777554,0.037191,0.030992,0.119898
460,T460_UAV_18,BS_4,LEO_1,67.33254,67.271049,0.000498,0.020127,0.204329
460,T460_UAV_9,HAP_1,HAP_0,54.864673,54.788003,0.002177,0.025842,0.243255
460,T460_UAV_13,BS_3,BS_3,71.991003,71.771219,0.027924,0.038496,0.266819
460,T460_UAV_6,HAP_1,LEO_0,65.432178,65.346142,0.002751,0.018631,0.323266
460,T460_UAV_10,BS_3,HAP_2,175.866094,175.700695,0.029271,0.012149,0.119898
460,T460_UAV_3,BS_4,HAP_2,178.322299,178.165892,0.028119,0.004309,0.119898
460,T460_UAV_8,BS_0,LEO_1,159.506316,159.458958,0.000944,0.005548,0.204329
460,T460_UAV_2,BS_1,HAP_2,186.339886,186.183047,0.02848,0.00438,0.119898
461,T461_UAV_5,BS_4,LEO_1,143.305841,143.237083,0.001263,0.009588,0.289535
461,T461_UAV_16,BS_4,LEO_0,150.840497,150.64112,0.043599,0.006777,0.245009
461,T461_UAV_15,BS_0,HAP_0,126.055212,125.974527,0.002974,0.017976,0.298673
461,T461_UAV_1,BS_4,HAP_2,155.874118,155.641134,0.028934,0.015674,0.441881
461,T461_UAV_18,BS_4,LEO_1,226.152573,226.080679,0.001676,0.012311,0.289535
461,T461_UAV_12,BS_4,LEO_0,238.965937,238.752536,0.046034,0.018365,0.245009
461,T461_UAV_4,BS_4,LEO_1,77.400831,77.326877,0.000621,0.015426,0.289535
461,T461_UAV_10,BS_3,HAP_0,63.425847,63.35848,0.002401,0.005231,0.298673
461,T461_UAV_14,BS_4,LEO_0,115.579234,115.369737,0.042736,0.01776,0.245009
461,T461_UAV_8,BS_0,BS_0,104.279229,104.021002,0.035982,0.047774,0.372353
461,T461_UAV_6,HAP_1,HAP_2,153.984855,153.737089,0.02946,0.02993,0.441881
461,T461_UAV_2,BS_1,HAP_1,88.83758,88.627865,0.026764,0.01017,0.363906
461,T461_UAV_9,HAP_1,LEO_1,186.291451,186.218867,0.001171,0.013506,0.289535
461,T461_UAV_19,BS_2,LEO_0,255.412803,255.212526,0.046722,0.004553,0.245009
462,T462_UAV_14,BS_4,LEO_1,123.035247,122.948199,0.001044,0.01362,0.361919
462,T462_UAV_8,BS_0,LEO_0,143.804572,143.607421,0.045268,0.011296,0.202935
462,T462_UAV_10,BS_3,HAP_0,169.496221,169.410436,0.00642,0.008806,0.352791
462,T462_UAV_4,BS_4,HAP_2,198.691095,198.458486,0.029785,0.040148,0.313379
462,T462_UAV_3,BS_4,LEO_0,168.006835,167.804933,0.045224,0.016091,0.202935
462,T462_UAV_16,BS_4,LEO_1,200.029128,199.944397,0.001614,0.010733,0.361919
462,T462_UAV_5,BS_4,LEO_1,65.696671,65.617301,0.000649,0.006337,0.361919
462,T462_UAV_2,BS_1,BS_0,77.772151,77.533951,0.029364,0.058145,0.253457
462,T462_UAV_15,BS_0,HAP_0,78.595588,78.51916,0.001855,0.004016,0.352791
462,T462_UAV_9,HAP_1,BS_3,93.348479,93.120462,0.033258,0.039323,0.277176
462,T462_UAV_13,BS_3,HAP_2,95.016856,94.783861,0.028816,0.041503,0.313379
462,T462_UAV_0,BS_4,BS_4,98.767719,98.522583,0.034608,0.039116,0.35706
462,T462_UAV_19,BS_2,HAP_1,88.688755,88.433361,0.026433,0.048601,0.401802
462,T462_UAV_6,HAP_1,LEO_0,180.571111,180.366274,0.045561,0.018689,0.202935
463,T463_UAV_3,BS_4,LEO_1,108.678011,108.477592,0.040813,0.009347,0.251295
463,T463_UAV_19,BS_2,LEO_0,115.287322,115.225078,0.003721,0.012577,0.229732
463,T463_UAV_0,BS_4,HAP_0,235.912693,235.750075,0.030148,0.004706,0.138819
463,T463_UAV_18,BS_4,HAP_2,331.023833,330.836642,0.03147,0.018624,0.185488
463,T463_UAV_6,HAP_1,LEO_1,189.75098,189.553337,0.041591,0.005793,0.251295
463,T463_UAV_5,BS_4,LEO_0,199.389164,199.315432,0.00499,0.022796,0.229732
463,T463_UAV_10,BS_3,HAP_0,126.747047,126.586271,0.028596,0.004417,0.138819
463,T463_UAV_13,BS_3,BS_3,66.050571,65.806726,0.026433,0.068853,0.24279
463,T463_UAV_7,BS_1,HAP_2,133.411112,133.237823,0.027924,0.008267,0.185488
463,T463_UAV_14,BS_4,LEO_1,82.293396,82.08734,0.040695,0.015103,0.251295
463,T463_UAV_9,HAP_1,BS_0,84.157065,83.929868,0.030962,0.028791,0.337222
463,T463_UAV_12,BS_2,HAP_0,143.236017,143.063427,0.028465,0.016361,0.138819
463,T463_UAV_15,BS_0,HAP_2,162.857159,162.652752,0.028477,0.038833,0.185488
463,T463_UAV_17,HAP_1,LEO_0,131.625131,131.559888,0.00477,0.014527,0.229732
463,T463_UAV_8,BS_0,HAP_0,167.893088,167.730514,0.028923,0.005887,0.138819
463,T463_UAV_2,BS_1,HAP_2,208.579665,208.386503,0.029551,0.026513,0.185488
464,T464_UAV_18,BS_4,LEO_1,99.163892,99.10588,0.000814,0.015248,0.209749
464,T464_UAV_10,BS_3,LEO_0,123.808683,123.736946,0.0053,0.011504,0.274666
464,T464_UAV_16,BS_4,HAP_2,159.690471,159.487821,0.028914,0.016488,0.286243
464,T464_UAV_13,BS_3,LEO_1,172.861675,172.807751,0.001089,0.010885,0.209749
464,T464_UAV_0,BS_4,HAP_0,52.055665,51.846307,0.026421,0.014923,0.340069
464,T464_UAV_11,BS_3,LEO_0,54.463766,54.391463,0.002165,0.015205,0.274666
464,T464_UAV_5,BS_4,LEO_1,89.232961,89.17229,0.000881,0.01784,0.209749
464,T464_UAV_17,HAP_1,BS_1,92.852979,92.614486,0.033132,0.049644,0.278589
464,T464_UAV_19,BS_2,BS_2,94.438272,94.234175,0.033537,0.016545,0.270074
464,T464_UAV_9,HAP_1,HAP_2,94.555542,94.353079,0.028541,0.016674,0.286243
464,T464_UAV_6,HAP_1,HAP_0,121.762604,121.536639,0.029214,0.028738,0.340069
464,T464_UAV_2,BS_1,LEO_0,118.458205,118.378472,0.003825,0.020975,0.274666
464,T464_UAV_15,BS_0,HAP_1,98.853013,98.599393,0.027999,0.050146,0.377378
465,T465_UAV_16,BS_4,LEO_1,124.834327,124.758492,0.001002,0.021144,0.268442
465,T465_UAV_12,BS_2,LEO_0,95.92419,95.832625,0.004052,0.011254,0.381296
465,T465_UAV_18,BS_4,HAP_0,150.053541,149.85187,0.02924,0.020596,0.259176
465,T465_UAV_3,BS_4,HAP_2,154.663227,154.439807,0.028874,0.035907,0.293197
465,T465_UAV_8,BS_0,LEO_1,162.861576,162.796706,0.001044,0.010137,0.268442
465,T465_UAV_13,BS_3,LEO_0,116.867363,116.780603,0.006936,0.003565,0.381296
465,T465_UAV_0,BS_4,LEO_1,173.788032,173.712525,0.001587,0.020232,0.268442
465,T465_UAV_14,BS_4,HAP_0,178.008197,177.814796,0.030569,0.010997,0.259176
465,T465_UAV_19,BS_2,BS_3,73.535638,73.313993,0.028309,0.043274,0.250309
465,T465_UAV_6,HAP_1,HAP_2,74.774301,74.563953,0.027147,0.024561,0.293197
465,T465_UAV_11,BS_3,BS_0,79.666955,79.430709,0.029838,0.043266,0.315711
465,T465_UAV_1,BS_4,BS_4,86.458796,86.202127,0.03153,0.055683,0.34728
465,T465_UAV_15,BS_0,BS_2,87.795935,87.545539,0.031865,0.034528,0.420016
465,T465_UAV_10,BS_3,BS_1,101.610459,101.321689,0.035308,0.061625,0.459186
465,T465_UAV_17,HAP_1,HAP_1,80.644097,80.40009,0.025717,0.055054,0.316181
466,T466_UAV_16,BS_4,LEO_0,159.208025,159.026443,0.043308,0.01537,0.114514
466,T466_UAV_8,BS_0,LEO_1,141.710865,141.62222,0.000908,0.011091,0.383226
466,T466_UAV_13,BS_3,HAP_0,180.616054,180.428535,0.030901,0.01902,0.187988
466,T466_UAV_0,BS_4,HAP_2,183.349621,183.162247,0.028546,0.015071,0.218786
466,T466_UAV_7,BS_1,LEO_1,159.316579,159.235509,0.001093,0.003332,0.383226
466,T466_UAV_5,BS_4,LEO_0,274.69761,274.51341,0.044974,0.016324,0.114514
466,T466_UAV_4,BS_4,HAP_0,279.444067,279.255896,0.032282,0.018291,0.187988
466,T466_UAV_14,BS_4,HAP_2,279.62819,279.435338,0.031311,0.017783,0.218786
466,T466_UAV_19,BS_2,LEO_0,330.302233,330.117999,0.047444,0.013888,0.114514
466,T466_UAV_2,BS_1,LEO_1,74.897799,74.815022,0.000522,0.00561,0.383226
466,T466_UAV_9,HAP_1,BS_0,77.795842,77.556699,0.029369,0.058814,0.254798
466,T466_UAV_1,BS_4,BS_2,91.957142,91.749401,0.032916,0.027299,0.237628
466,T466_UAV_3,BS_4,BS_3,92.425924,92.186618,0.033025,0.047208,0.295364
466,T466_UAV_15,BS_0,BS_4,114.042218,113.779444,0.038421,0.057223,0.335647
466,T466_UAV_10,BS_3,LEO_0,151.530552,151.34783,0.044411,0.015408,0.114514
466,T466_UAV_12,BS_2,HAP_0,157.991046,157.792601,0.029239,0.031608,0.187988
466,T466_UAV_6,HAP_1,HAP_2,179.259378,179.076767,0.029458,0.009395,0.218786
466,T466_UAV_17,HAP_1,LEO_0,250.911115,250.738175,0.046271,0.003766,0.114514
467,T467_UAV_18,BS_4,LEO_1,186.42855,186.252305,0.04122,0.012005,0.115097
467,T467_UAV_14,BS_4,HAP_0,107.98417,107.931651,0.003376,0.005181,0.219811
467,T467_UAV_2,BS_1,LEO_0,93.861015,93.642133,0.04412,0.00609,0.343358
467,T467_UAV_10,BS_3,HAP_2,132.361163,132.153704,0.030303,0.026773,0.251918
467,T467_UAV_16,BS_4,LEO_1,391.632298,391.459777,0.042501,0.007,0.115097
467,T467_UAV_17,HAP_1,LEO_0,39.036154,38.81033,0.041922,0.015231,0.343358
467,T467_UAV_13,BS_3,LEO_1,101.304842,101.128739,0.04053,0.012554,0.115097
467,T467_UAV_7,BS_1,HAP_0,60.648862,60.591638,0.001695,0.011567,0.219811
467,T467_UAV_6,HAP_1,LEO_1,102.983238,102.815587,0.040687,0.003944,0.115097
467,T467_UAV_19,BS_2,BS_2,78.022201,77.771069,0.029423,0.072391,0.246587
467,T467_UAV_3,BS_4,LEO_1,128.389593,128.216167,0.040779,0.009628,0.115097
467,T467_UAV_9,HAP_1,HAP_2,110.407692,110.19867,0.029156,0.029482,0.251918
467,T467_UAV_15,BS_0,BS_0,132.665211,132.453039,0.043087,0.009515,0.297852
467,T467_UAV_0,BS_4,LEO_1,133.030221,132.855683,0.040948,0.010571,0.115097
468,T468_UAV_5,BS_4,LEO_1,60.814909,60.611618,0.040713,0.008256,0.271614
468,T468_UAV_8,BS_0,LEO_0,86.792898,86.567469,0.044404,0.012021,0.34502
468,T468_UAV_4,BS_4,HAP_0,390.093451,389.917388,0.033164,0.006308,0.182957
468,T468_UAV_10,BS_3,HAP_2,66.230353,66.040039,0.028822,0.008149,0.26671
468,T468_UAV_1,BS_4,LEO_1,113.395733,113.189969,0.040967,0.010474,0.271614
468,T468_UAV_18,BS_4,LEO_0,123.116856,122.887098,0.044739,0.016015,0.34502
468,T468_UAV_9,HAP_1,HAP_0,552.860412,552.678358,0.039173,0.006289,0.182957
468,T468_UAV_0,BS_4,BS_2,50.644009,50.442973,0.022594,0.031877,0.23282
468,T468_UAV_11,BS_3,BS_3,77.56705,77.349166,0.029318,0.031469,0.285487
468,T468_UAV_3,BS_4,BS_1,86.701272,86.472977,0.031597,0.037846,0.294253
468,T468_UAV_7,BS_1,HAP_0,198.453746,198.267538,0.028909,0.020708,0.182957
468,T468_UAV_19,BS_2,HAP_1,92.12737,91.911633,0.026521,0.029923,0.296468
468,T468_UAV_15,BS_0,HAP_0,302.074142,301.899085,0.030249,0.008216,0.182957
468,T468_UAV_6,HAP_1,HAP_0,337.244385,337.049247,0.032763,0.025784,0.182957
468,T468_UAV_17,HAP_1,HAP_0,433.281688,433.077187,0.035882,0.032028,0.182957
469,T469_UAV_18,BS_4,LEO_1,82.246452,82.033714,0.040678,0.013596,0.292325
469,T469_UAV_1,BS_4,LEO_0,102.269709,102.20924,0.00314,0.014708,0.213107
469,T469_UAV_10,BS_3,HAP_2,105.534879,105.320679,0.02923,0.033455,0.257569
469,T469_UAV_19,BS_2,HAP_0,146.23249,145.995013,0.029574,0.021094,0.434042
469,T469_UAV_16,BS_4,LEO_1,146.456515,146.250531,0.041164,0.006355,0.292325
469,T469_UAV_2,BS_1,LEO_0,185.167303,185.103897,0.005973,0.014812,0.213107
469,T469_UAV_4,BS_4,HAP_1,99.997892,99.754538,0.027147,0.055776,0.302154
469,T469_UAV_3,BS_4,HAP_2,188.387903,188.18358,0.029708,0.023102,0.257569
469,T469_UAV_0,BS_4,LEO_1,74.696932,74.475702,0.040681,0.022084,0.292325
469,T469_UAV_7,BS_1,BS_2,82.929758,82.706718,0.030656,0.024364,0.340096
469,T469_UAV_13,BS_3,BS_3,85.41972,85.193894,0.031278,0.022045,0.362517
469,T469_UAV_5,BS_4,LEO_0,80.676066,80.614179,0.002031,0.017235,0.213107
469,T469_UAV_15,BS_0,BS_4,91.201087,90.923119,0.032709,0.07469,0.352844
469,T469_UAV_17,HAP_1,BS_0,101.748346,101.49221,0.03535,0.031805,0.444907
469,T469_UAV_6,HAP_1,HAP_0,123.748502,123.500711,0.029264,0.031719,0.434042
469,T469_UAV_12,BS_2,BS_1,134.979234,134.681692,0.043644,0.061984,0.459573
470,T470_UAV_7,BS_1,LEO_1,123.788353,123.729681,0.000841,0.015271,0.212803
470,T470_UAV_8,BS_0,LEO_0,115.15487,115.073914,0.005879,0.014902,0.300872
470,T470_UAV_3,BS_4,HAP_2,162.668032,162.454034,0.029061,0.039117,0.229102
470,T470_UAV_12,BS_2,HAP_0,96.3428,96.099542,0.029144,0.041622,0.362458
470,T470_UAV_5,BS_4,BS_2,681.993822,681.650628,0.180317,0.037631,0.126224
470,T470_UAV_13,BS_3,BS_2,1395.059129,1394.554966,0.358455,0.020464,0.126224
470,T470_UAV_6,HAP_1,LEO_1,94.671198,94.602044,0.000803,0.02579,0.212803
470,T470_UAV_2,BS_1,LEO_0,65.284796,65.210927,0.002872,0.010823,0.300872
470,T470_UAV_9,HAP_1,LEO_1,123.166008,123.109047,0.000843,0.013558,0.212803
470,T470_UAV_19,BS_2,HAP_2,146.318516,146.119271,0.029116,0.024308,0.229102
470,T470_UAV_16,BS_4,BS_2,402.988713,402.689323,0.110612,0.063533,0.126224
470,T470_UAV_15,BS_0,BS_2,440.698641,440.423588,0.120041,0.029767,0.126224
470,T470_UAV_0,BS_4,BS_2,610.477573,610.131592,0.162447,0.058289,0.126224
470,T470_UAV_10,BS_3,BS_2,995.079244,994.656433,0.25853,0.039036,0.126224
470,T470_UAV_17,HAP_1,BS_2,998.408771,997.959573,0.259355,0.064598,0.126224
471,T471_UAV_14,BS_4,LEO_1,116.892286,116.823738,0.000883,0.007713,0.299759
471,T471_UAV_3,BS_4,LEO_0,147.756507,147.569876,0.043737,0.005036,0.18929
471,T471_UAV_2,BS_1,HAP_2,130.875145,130.81618,0.003573,0.018903,0.182447
471,T471_UAV_16,BS_4,HAP_0,174.276975,174.089446,0.029938,0.008855,0.243677
471,T471_UAV_1,BS_4,LEO_1,245.649596,245.57505,0.00166,0.012934,0.299759
471,T471_UAV_11,BS_3,LEO_0,251.023267,250.815991,0.04804,0.021378,0.18929
471,T471_UAV_0,BS_4,HAP_2,189.830904,189.770389,0.004088,0.019938,0.182447
471,T471_UAV_6,HAP_1,LEO_1,82.570318,82.498861,0.000633,0.010872,0.299759
471,T471_UAV_15,BS_0,BS_2,66.121111,65.931138,0.026465,0.013188,0.251601
471,T471_UAV_4,BS_4,LEO_0,80.250327,80.057157,0.041829,0.013483,0.18929
471,T471_UAV_17,HAP_1,HAP_0,71.850832,71.633579,0.027787,0.04073,0.243677
471,T471_UAV_18,BS_4,BS_1,74.037496,73.797209,0.02843,0.049014,0.314217
471,T471_UAV_8,BS_0,BS_3,89.678491,89.434827,0.032338,0.042715,0.343058
471,T471_UAV_9,HAP_1,LEO_1,105.396493,105.317989,0.000661,0.017892,0.299759
471,T471_UAV_10,BS_3,BS_0,107.607396,107.354864,0.036815,0.046741,0.344876
471,T471_UAV_7,BS_1,BS_4,126.386869,126.146549,0.041511,0.020965,0.389222
471,T471_UAV_12,BS_2,LEO_0,187.387167,187.1978,0.044762,0.006747,0.18929
472,T472_UAV_5,BS_4,LEO_1,120.54187,120.449224,0.001182,0.016387,0.375384
472,T472_UAV_11,BS_3,LEO_0,96.641425,96.43787,0.045329,0.01625,0.209883
472,T472_UAV_14,BS_4,HAP_2,167.926256,167.854458,0.004333,0.014482,0.264916
472,T472_UAV_0,BS_4,BS_3,667.276891,666.940576,0.176642,0.030031,0.148208
472,T472_UAV_15,BS_0,BS_3,715.126643,714.797794,0.1886,0.010607,0.148208
472,T472_UAV_3,BS_4,BS_3,780.368729,779.972919,0.204886,0.061283,0.148208
472,T472_UAV_2,BS_1,BS_3,1130.878517,1130.406019,0.29245,0.050406,0.148208
472,T472_UAV_6,HAP_1,HAP_0,59.202394,59.006454,0.02703,0.027949,0.204804
472,T472_UAV_4,BS_4,LEO_1,67.211862,67.12078,0.000599,0.015407,0.375384
472,T472_UAV_16,BS_4,LEO_0,41.845011,41.635716,0.041665,0.025654,0.209883
472,T472_UAV_8,BS_0,HAP_2,96.212117,96.135024,0.003123,0.020987,0.264916
472,T472_UAV_19,BS_2,LEO_1,102.668507,102.57123,0.000743,0.021457,0.375384
472,T472_UAV_12,HAP_1,HAP_0,121.305067,121.104308,0.02884,0.030959,0.204804
472,T472_UAV_7,BS_1,BS_1,149.357521,149.132046,0.047254,0.031767,0.232269
472,T472_UAV_10,BS_3,BS_3,418.86785,418.567488,0.11458,0.05614,0.148208
472,T472_UAV_9,HAP_1,BS_3,456.554908,456.266239,0.124,0.035028,0.148208
473,T473_UAV_7,BS_1,LEO_1,138.605191,138.399881,0.040933,0.022822,0.207778
473,T473_UAV_0,BS_4,LEO_0,119.946277,119.886517,0.004253,0.006767,0.243698
473,T473_UAV_5,BS_4,HAP_2,186.722387,186.633594,0.003875,0.015684,0.346167
473,T473_UAV_16,BS_4,HAP_0,191.568479,191.367663,0.030429,0.021689,0.243488
473,T473_UAV_1,BS_4,LEO_1,197.275901,197.069515,0.041462,0.023368,0.207778
473,T473_UAV_17,HAP_1,LEO_0,35.012125,34.954021,0.001728,0.007637,0.243698
473,T473_UAV_19,BS_2,HAP_2,75.982054,75.882072,0.002127,0.028621,0.346167
473,T473_UAV_13,BS_3,BS_1,78.214748,78.026495,0.029487,0.016342,0.21212
473,T473_UAV_14,BS_4,HAP_0,79.864832,79.669829,0.027474,0.018831,0.243488
473,T473_UAV_8,BS_0,BS_3,89.864541,89.655107,0.032393,0.014234,0.314041
473,T473_UAV_2,BS_1,LEO_1,102.835581,102.633788,0.040718,0.019519,0.207778
473,T473_UAV_9,HAP_1,HAP_1,91.605552,91.413761,0.026402,0.009119,0.281349
474,T474_UAV_11,BS_3,LEO_1,158.401699,158.3324,0.000894,0.017721,0.253423
474,T474_UAV_1,BS_4,LEO_0,220.965396,220.772921,0.045521,0.00824,0.193563
474,T474_UAV_8,BS_0,HAP_2,254.352007,254.173148,0.032065,0.013797,0.164986
474,T474_UAV_0,BS_4,HAP_0,174.24323,174.052827,0.029711,0.019522,0.205846
474,T474_UAV_17,HAP_1,LEO_0,243.840326,243.643596,0.047065,0.010952,0.193563
474,T474_UAV_13,BS_3,HAP_2,284.50663,284.31403,0.034561,0.025042,0.164986
474,T474_UAV_3,BS_4,LEO_1,83.54358,83.487809,0.000577,0.00451,0.253423
474,T474_UAV_16,BS_4,LEO_0,68.901037,68.710268,0.041667,0.01039,0.193563
474,T474_UAV_6,HAP_1,LEO_1,83.944119,83.875622,0.000646,0.017167,0.253423
474,T474_UAV_10,BS_3,BS_1,71.931755,71.740438,0.027916,0.021324,0.210385
474,T474_UAV_4,BS_4,LEO_0,86.510803,86.321994,0.041977,0.008119,0.193563
474,T474_UAV_15,BS_0,HAP_0,114.118698,113.923116,0.02771,0.026702,0.205846
474,T474_UAV_9,HAP_1,LEO_1,173.964318,173.905238,0.00109,0.007305,0.253423
474,T474_UAV_2,BS_1,HAP_2,188.485628,188.309777,0.029463,0.013392,0.164986
475,T475_UAV_18,BS_4,LEO_1,117.055408,116.984371,0.000978,0.008661,0.306988
475,T475_UAV_12,HAP_1,LEO_0,233.015148,232.816953,0.04512,0.01586,0.186078
475,T475_UAV_10,BS_3,HAP_0,153.178918,152.968983,0.03079,0.032288,0.234288
475,T475_UAV_8,BS_0,HAP_2,161.023003,160.827475,0.030243,0.005182,0.300513
475,T475_UAV_5,BS_4,LEO_0,284.365184,284.176913,0.045199,0.005857,0.186078
475,T475_UAV_1,BS_4,HAP_0,171.161981,170.960938,0.029558,0.024627,0.234288
475,T475_UAV_14,BS_4,BS_1,187.806214,187.555321,0.056855,0.041766,0.261358
475,T475_UAV_7,BS_1,LEO_1,74.44354,74.359672,0.000499,0.021971,0.306988
475,T475_UAV_4,BS_4,BS_2,57.021226,56.788684,0.02418,0.053827,0.272672
475,T475_UAV_6,HAP_1,BS_0,73.458349,73.253153,0.028294,0.023895,0.265036
475,T475_UAV_0,BS_4,LEO_0,143.945476,143.761771,0.042719,0.003771,0.186078
475,T475_UAV_17,HAP_1,LEO_1,101.986395,101.904281,0.000765,0.01995,0.306988
475,T475_UAV_15,BS_0,HAP_2,106.78192,106.588998,0.027911,0.004908,0.300513
475,T475_UAV_9,HAP_1,LEO_0,203.185699,202.987788,0.045497,0.015198,0.186078
475,T475_UAV_13,BS_3,LEO_0,239.239619,239.037239,0.046947,0.018218,0.186078
476,T476_UAV_5,BS_4,LEO_1,72.82879,72.736607,0.000711,0.02062,0.354261
476,T476_UAV_1,BS_4,LEO_0,68.843349,68.616787,0.042847,0.026058,0.288283
476,T476_UAV_11,BS_3,HAP_0,143.613283,143.559492,0.005182,0.008009,0.203001
476,T476_UAV_16,BS_4,HAP_2,150.070709,149.844278,0.028742,0.034892,0.313983
476,T476_UAV_18,BS_4,LEO_1,170.412509,170.329571,0.001427,0.010659,0.354261
476,T476_UAV_2,BS_1,LEO_0,124.750679,124.525561,0.045466,0.021995,0.288283
476,T476_UAV_4,BS_4,HAP_0,52.781863,52.725571,0.001614,0.014078,0.203001
476,T476_UAV_14,BS_4,LEO_1,69.509259,69.429594,0.000576,0.008237,0.354261
476,T476_UAV_7,BS_1,BS_3,73.781898,73.563575,0.028372,0.033807,0.280726
476,T476_UAV_6,HAP_1,BS_1,75.691378,75.481366,0.028851,0.016414,0.323735
476,T476_UAV_13,BS_3,HAP_2,97.422693,97.207742,0.028921,0.023233,0.313983
476,T476_UAV_9,HAP_1,BS_0,143.234148,142.97518,0.045716,0.045944,0.336535
476,T476_UAV_8,BS_0,HAP_1,90.265112,90.025074,0.027307,0.031033,0.408489
477,T477_UAV_14,BS_4,LEO_1,256.101463,255.928558,0.041683,0.009869,0.106764
477,T477_UAV_10,BS_3,LEO_0,102.299016,102.079733,0.046131,0.01056,0.312956
477,T477_UAV_8,BS_0,HAP_2,217.106383,217.052002,0.006058,0.007798,0.202627
477,T477_UAV_16,BS_4,HAP_0,160.762877,160.689745,0.004563,0.016554,0.260076
477,T477_UAV_1,BS_4,LEO_1,300.161204,299.982593,0.041803,0.015454,0.106764
477,T477_UAV_4,BS_4,LEO_0,132.606179,132.367859,0.044989,0.03074,0.312956
477,T477_UAV_5,BS_4,LEO_1,353.405146,353.23058,0.042658,0.010555,0.106764
477,T477_UAV_6,HAP_1,HAP_2,84.754205,84.685516,0.002076,0.026088,0.202627
477,T477_UAV_2,BS_1,HAP_0,69.421467,69.360529,0.001964,0.006959,0.260076
477,T477_UAV_15,BS_0,LEO_1,107.495322,107.31761,0.04066,0.015699,0.106764
477,T477_UAV_12,HAP_1,BS_3,78.940277,78.742121,0.029666,0.014777,0.268569
477,T477_UAV_9,HAP_1,HAP_1,43.625976,43.414358,0.025678,0.027037,0.29452
477,T477_UAV_19,BS_2,BS_4,127.287793,127.022685,0.04173,0.052077,0.356502
477,T477_UAV_3,BS_4,HAP_2,135.52872,135.477072,0.002963,0.008159,0.202627
477,T477_UAV_18,BS_4,LEO_1,174.811319,174.635551,0.04116,0.013255,0.106764
477,T477_UAV_13,BS_3,LEO_1,230.012831,229.842424,0.041212,0.007842,0.106764
478,T478_UAV_1,BS_4,LEO_1,168.093416,167.889707,0.041138,0.010924,0.258231
478,T478_UAV_5,BS_4,LEO_0,138.055625,137.988353,0.003517,0.018843,0.224564
478,T478_UAV_7,BS_1,HAP_0,166.972335,166.890727,0.004765,0.010736,0.330531
478,T478_UAV_4,BS_4,HAP_2,178.431443,178.218401,0.029384,0.024337,0.296603
478,T478_UAV_11,BS_3,LEO_1,258.379838,258.167306,0.041454,0.019433,0.258231
478,T478_UAV_12,HAP_1,LEO_0,196.841302,196.769307,0.00617,0.020912,0.224564
478,T478_UAV_18,BS_4,HAP_0,53.49077,53.412834,0.001497,0.010333,0.330531
478,T478_UAV_10,BS_3,BS_3,54.623522,54.396491,0.023582,0.049715,0.268666
478,T478_UAV_9,HAP_1,HAP_2,55.063428,54.863442,0.027103,0.013563,0.296603
478,T478_UAV_15,BS_0,BS_0,57.232012,57.012837,0.024236,0.022873,0.360332
478,T478_UAV_6,HAP_1,BS_4,86.413506,86.186109,0.031526,0.021801,0.370354
478,T478_UAV_17,HAP_1,LEO_1,122.284281,122.080835,0.040838,0.010962,0.258231
478,T478_UAV_16,BS_4,BS_1,99.755973,99.52536,0.034859,0.015797,0.399789
478,T478_UAV_19,BS_2,LEO_0,119.082181,119.002554,0.003775,0.030939,0.224564
478,T478_UAV_2,BS_1,LEO_1,212.021727,211.822897,0.041363,0.00582,0.258231
479,T479_UAV_16,BS_4,LEO_1,124.359748,124.293069,0.000879,0.027315,0.192431
479,T479_UAV_1,BS_4,LEO_0,104.488976,104.271437,0.043181,0.025146,0.246061
479,T479_UAV_11,BS_3,HAP_0,118.386031,118.222832,0.029258,0.004491,0.14725
479,T479_UAV_5,BS_4,HAP_2,145.183899,144.998019,0.028046,0.019333,0.192501
479,T479_UAV_18,BS_4,LEO_1,199.811423,199.750469,0.001518,0.02095,0.192431
479,T479_UAV_0,BS_4,LEO_0,153.593351,153.39068,0.044026,0.009433,0.246061
479,T479_UAV_4,BS_4,HAP_1,93.769845,93.460058,0.026976,0.068867,0.569723
479,T479_UAV_8,BS_0,LEO_1,72.643618,72.594853,0.000427,0.009852,0.192431
479,T479_UAV_3,BS_4,HAP_0,55.180067,55.019194,0.026307,0.005116,0.14725
479,T479_UAV_15,BS_0,BS_1,55.401012,55.211425,0.023786,0.01513,0.253356
479,T479_UAV_13,BS_3,HAP_2,65.415916,65.218954,0.027631,0.030832,0.192501
479,T479_UAV_14,BS_4,BS_3,75.437202,75.208107,0.028783,0.042182,0.290651
479,T479_UAV_2,BS_1,LEO_0,129.785134,129.574422,0.044164,0.017337,0.246061
479,T479_UAV_17,HAP_1,BS_4,138.742407,138.503874,0.044599,0.018275,0.378296
479,T479_UAV_10,BS_3,LEO_1,144.898056,144.847049,0.000855,0.011665,0.192431
480,T480_UAV_0,BS_4,LEO_1,98.893331,98.820721,0.000819,0.018725,0.265332
480,T480_UAV_16,BS_4,LEO_0,102.479124,102.412575,0.002509,0.018742,0.226489
480,T480_UAV_13,BS_3,HAP_0,156.284827,156.216093,0.005094,0.012451,0.255944
480,T480_UAV_1,BS_4,HAP_2,141.353443,141.294703,0.00355,0.007065,0.240623
480,T480_UAV_5,BS_4,LEO_1,203.560014,203.495438,0.001766,0.009743,0.265332
480,T480_UAV_18,BS_4,LEO_0,220.851235,220.77022,0.005121,0.030596,0.226489
480,T480_UAV_3,BS_4,HAP_1,90.956089,90.647229,0.027504,0.079771,0.507923
480,T480_UAV_7,BS_1,LEO_1,242.388754,242.326017,0.001478,0.008193,0.265332
480,T480_UAV_6,HAP_1,HAP_2,182.042381,181.980972,0.005121,0.008163,0.240623
480,T480_UAV_17,HAP_1,HAP_0,284.669081,284.599899,0.009279,0.008714,0.255944
480,T480_UAV_2,BS_1,BS_3,52.227315,51.99974,0.022983,0.039861,0.323653
480,T480_UAV_4,BS_4,LEO_0,70.599985,70.546902,0.001625,0.00616,0.226489
480,T480_UAV_14,BS_4,LEO_1,74.874331,74.814534,0.000558,0.006173,0.265332
480,T480_UAV_11,BS_3,BS_1,84.916041,84.692663,0.031153,0.01807,0.370776
480,T480_UAV_10,BS_3,BS_4,96.144376,95.898627,0.033953,0.040665,0.355653
480,T480_UAV_12,HAP_1,BS_2,105.893092,105.604104,0.036378,0.074613,0.389989
480,T480_UAV_9,HAP_1,BS_0,151.511384,151.216951,0.047775,0.067168,0.397443
480,T480_UAV_19,BS_2,LEO_0,206.267643,206.202201,0.00532,0.014824,0.226489
480,T480_UAV_8,BS_0,HAP_0,276.745673,276.679045,0.007218,0.00822,0.255944
481,T481_UAV_5,BS_4,LEO_1,92.316944,92.236694,0.000896,0.011644,0.338551
481,T481_UAV_18,BS_4,LEO_0,68.125402,68.055097,0.002592,0.004392,0.316608
481,T481_UAV_0,BS_4,HAP_2,306.850661,306.667484,0.029879,0.006494,0.234021
481,T481_UAV_4,BS_4,HAP_0,178.919853,178.696038,0.030492,0.02637,0.334765
481,T481_UAV_10,BS_3,HAP_2,358.429062,358.215386,0.034255,0.032618,0.234021
481,T481_UAV_1,BS_4,BS_3,369.25743,368.965369,0.102185,0.0362,0.268383
481,T481_UAV_7,BS_2,BS_0,314.729171,314.456262,0.088565,0.032338,0.260033
481,T481_UAV_8,BS_0,HAP_2,424.026388,423.827711,0.03441,0.017462,0.234021
481,T481_UAV_16,BS_4,HAP_2,489.095293,488.908045,0.033898,0.006546,0.234021
481,T481_UAV_6,HAP_1,LEO_1,59.867111,59.795285,0.000516,0.0036,0.338551
481,T481_UAV_19,BS_2,LEO_0,55.998333,55.906538,0.002408,0.026065,0.316608
481,T481_UAV_14,BS_4,LEO_1,87.359727,87.278722,0.000719,0.012575,0.338551
481,T481_UAV_12,HAP_1,HAP_0,107.170296,106.955449,0.028451,0.019444,0.334765
481,T481_UAV_2,BS_1,BS_1,117.743639,117.518834,0.039355,0.01689,0.342803
481,T481_UAV_11,BS_3,BS_3,197.709384,197.476064,0.059334,0.020309,0.268383
481,T481_UAV_9,HAP_1,BS_0,134.145194,133.89295,0.043447,0.056791,0.260033
481,T481_UAV_3,BS_4,HAP_2,240.088773,239.894277,0.029318,0.018374,0.234021
481,T481_UAV_13,BS_3,HAP_2,262.357773,262.168316,0.031763,0.01089,0.234021
481,T481_UAV_15,BS_0,BS_3,362.881091,362.60399,0.100596,0.022829,0.268383
482,T482_UAV_13,BS_3,LEO_1,140.859826,140.66054,0.040826,0.022019,0.182204
482,T482_UAV_0,BS_4,LEO_0,109.571726,109.34698,0.04286,0.030839,0.255233
482,T482_UAV_3,BS_4,HAP_0,148.68035,148.597023,0.003519,0.029767,0.250204
482,T482_UAV_11,BS_3,HAP_2,168.705163,168.456465,0.031214,0.024129,0.466773
482,T482_UAV_19,BS_2,LEO_1,213.200152,213.000058,0.041426,0.022227,0.182204
482,T482_UAV_16,BS_4,LEO_0,169.782259,169.564133,0.045085,0.021994,0.255233
482,T482_UAV_18,BS_4,HAP_1,94.883736,94.674666,0.027114,0.018155,0.318999
482,T482_UAV_1,BS_4,HAP_0,193.35057,193.268236,0.005188,0.027105,0.250204
482,T482_UAV_5,BS_4,BS_3,77.86418,77.642318,0.029391,0.034221,0.291251
482,T482_UAV_17,HAP_1,BS_1,89.371612,89.133284,0.032262,0.044814,0.306261
482,T482_UAV_12,HAP_1,BS_0,92.173052,91.932062,0.032962,0.036911,0.355587
482,T482_UAV_7,BS_2,LEO_1,127.761155,127.563866,0.040773,0.020075,0.182204
482,T482_UAV_8,BS_0,BS_4,107.447342,107.222721,0.036782,0.015928,0.359555
482,T482_UAV_10,BS_3,LEO_1,128.15716,127.968763,0.040756,0.0112,0.182204
482,T482_UAV_9,HAP_1,HAP_2,140.876692,140.617201,0.03043,0.035707,0.466773
482,T482_UAV_2,BS_1,LEO_0,188.493786,188.272469,0.046047,0.024224,0.255233
483,T483_UAV_11,BS_3,LEO_1,157.677423,157.630872,0.000887,0.004885,0.203897
483,T483_UAV_4,BS_4,LEO_0,121.915389,121.854605,0.003423,0.005667,0.258472
483,T483_UAV_5,BS_4,HAP_0,131.61207,131.42316,0.028668,0.01732,0.214611
483,T483_UAV_9,HAP_1,LEO_1,235.075854,235.023833,0.001472,0.009769,0.203897
483,T483_UAV_3,BS_4,LEO_0,182.69264,182.629595,0.00565,0.005701,0.258472
483,T483_UAV_12,HAP_1,HAP_2,50.057541,49.829618,0.026868,0.021115,0.399704
483,T483_UAV_17,HAP_1,LEO_1,82.683935,82.638892,0.000573,0.003691,0.203897
483,T483_UAV_2,BS_1,BS_3,66.341732,66.121311,0.026512,0.038218,0.278456
483,T483_UAV_13,BS_3,HAP_0,71.253211,71.077684,0.027764,0.00484,0.214611
483,T483_UAV_6,HAP_1,LEO_0,92.233054,92.16674,0.00276,0.011859,0.258472
483,T483_UAV_0,BS_4,BS_0,109.545111,109.312515,0.037304,0.023725,0.357833
483,T483_UAV_19,BS_2,HAP_1,87.98106,87.79757,0.026529,0.011032,0.229644
483,T483_UAV_15,BS_0,LEO_1,250.073781,250.019204,0.001736,0.012062,0.203897
484,T484_UAV_13,BS_3,LEO_1,129.57557,129.509339,0.000825,0.010695,0.273553
484,T484_UAV_11,BS_3,LEO_0,87.074492,87.005044,0.004838,0.012505,0.260527
484,T484_UAV_6,HAP_1,HAP_0,186.126255,186.063946,0.006354,0.00772,0.241176
484,T484_UAV_9,HAP_1,HAP_2,187.737664,187.530291,0.032266,0.016122,0.294928
484,T484_UAV_4,BS_4,LEO_1,194.829466,194.769249,0.001726,0.00378,0.273553
484,T484_UAV_15,BS_0,HAP_1,372.925321,372.745863,0.032333,0.016043,0.15541
484,T484_UAV_3,BS_4,HAP_1,383.39822,383.221544,0.031972,0.013622,0.15541
484,T484_UAV_5,BS_4,LEO_0,37.931912,37.867975,0.001301,0.01053,0.260527
484,T484_UAV_14,BS_4,HAP_0,57.504433,57.44392,0.001768,0.01051,0.241176
484,T484_UAV_10,BS_3,LEO_1,72.838421,72.760199,0.000468,0.023044,0.273553
484,T484_UAV_12,HAP_1,HAP_2,162.299352,162.077732,0.029579,0.033055,0.294928
484,T484_UAV_17,HAP_1,BS_3,168.49319,168.222778,0.052025,0.059177,0.296054
484,T484_UAV_7,BS_2,HAP_1,201.827271,201.632402,0.028102,0.035685,0.15541
484,T484_UAV_8,BS_0,HAP_1,238.104177,237.90419,0.02912,0.039785,0.15541
485,T485_UAV_16,BS_4,LEO_1,143.211712,143.01908,0.040997,0.014914,0.183604
485,T485_UAV_8,BS_0,LEO_0,102.766386,102.672429,0.005332,0.021938,0.333433
485,T485_UAV_4,BS_4,HAP_0,180.186297,180.116547,0.004774,0.011253,0.268615
485,T485_UAV_19,BS_2,HAP_2,131.882244,131.708882,0.028608,0.016706,0.140246
485,T485_UAV_1,BS_4,LEO_1,199.762648,199.577235,0.041361,0.007332,0.183604
485,T485_UAV_13,BS_3,LEO_0,119.457185,119.366054,0.007131,0.017313,0.333433
485,T485_UAV_6,HAP_1,HAP_0,296.723893,296.655392,0.008596,0.006183,0.268615
485,T485_UAV_5,BS_4,HAP_2,65.493507,65.316599,0.026388,0.022471,0.140246
485,T485_UAV_9,HAP_1,LEO_1,136.550058,136.365499,0.040853,0.006985,0.183604
485,T485_UAV_7,BS_2,BS_0,103.51141,103.292191,0.0358,0.031055,0.261814
485,T485_UAV_18,BS_4,BS_3,105.19947,104.948936,0.036214,0.045658,0.343307
485,T485_UAV_12,HAP_1,BS_4,144.937866,144.680501,0.046142,0.040821,0.352012
485,T485_UAV_15,BS_0,HAP_1,75.089727,74.858135,0.027336,0.047447,0.284044
485,T485_UAV_2,BS_1,LEO_1,160.22779,160.036224,0.041035,0.01381,0.183604
485,T485_UAV_10,BS_3,HAP_0,247.376685,247.297579,0.00786,0.017523,0.268615
486,T486_UAV_16,BS_4,LEO_1,154.399578,154.341553,0.001075,0.00627,0.253407
486,T486_UAV_1,BS_4,LEO_0,148.640851,148.462964,0.043692,0.006297,0.139489
486,T486_UAV_13,BS_3,HAP_2,121.792675,121.609842,0.029914,0.010576,0.211713
486,T486_UAV_18,BS_4,HAP_0,162.547781,162.455005,0.004525,0.011199,0.385255
486,T486_UAV_11,BS_3,LEO_1,189.477099,189.416658,0.001065,0.008695,0.253407
486,T486_UAV_0,BS_4,LEO_0,214.129725,213.948035,0.044606,0.009186,0.139489
486,T486_UAV_3,BS_4,LEO_0,227.41431,227.236611,0.045731,0.00407,0.139489
486,T486_UAV_5,BS_4,LEO_1,72.773584,72.705843,0.000627,0.016433,0.253407
486,T486_UAV_2,BS_1,HAP_0,58.04587,57.940911,0.001619,0.026289,0.385255
486,T486_UAV_9,HAP_1,BS_3,60.760706,60.545611,0.025119,0.047696,0.211398
486,T486_UAV_14,BS_4,BS_2,87.245717,87.03046,0.031737,0.042968,0.202767
486,T486_UAV_10,BS_3,HAP_2,93.677821,93.479271,0.028792,0.027415,0.211713
486,T486_UAV_17,HAP_1,BS_0,118.058193,117.794624,0.039424,0.051052,0.365467
486,T486_UAV_15,BS_0,HAP_1,95.697753,95.42534,0.027982,0.072283,0.360735
486,T486_UAV_7,BS_2,LEO_1,209.081832,209.020784,0.001258,0.009109,0.253407
486,T486_UAV_6,HAP_1,LEO_0,204.24169,204.059961,0.044977,0.008855,0.139489
487,T487_UAV_14,BS_4,LEO_1,217.403048,217.217982,0.04141,0.007282,0.181872
487,T487_UAV_0,BS_4,LEO_0,205.819983,205.76687,0.003854,0.011278,0.189907
487,T487_UAV_1,BS_4,HAP_2,139.268605,139.219374,0.003491,0.005249,0.202457
487,T487_UAV_19,BS_2,HAP_0,151.006744,150.824741,0.029604,0.010977,0.207108
487,T487_UAV_16,BS_4,LEO_1,373.681745,373.475483,0.042295,0.027592,0.181872
487,T487_UAV_11,BS_3,LEO_0,315.661814,315.606776,0.008668,0.008389,0.189907
487,T487_UAV_15,BS_0,HAP_1,98.076844,97.81314,0.028061,0.072866,0.313891
487,T487_UAV_6,HAP_1,HAP_2,196.443449,196.378813,0.005464,0.01868,0.202457
487,T487_UAV_13,BS_3,LEO_1,396.555802,396.367556,0.042089,0.009782,0.181872
487,T487_UAV_18,BS_4,BS_3,79.720524,79.506799,0.029857,0.029656,0.271055
487,T487_UAV_12,HAP_1,HAP_0,81.541815,81.351233,0.027654,0.021507,0.207108
487,T487_UAV_4,BS_4,LEO_0,139.759062,139.703923,0.002801,0.014357,0.189907
487,T487_UAV_10,BS_3,LEO_1,169.014522,168.822444,0.040899,0.014804,0.181872
487,T487_UAV_8,BS_0,LEO_0,170.820969,170.764139,0.004433,0.014416,0.189907
487,T487_UAV_2,BS_1,BS_0,175.621634,175.339929,0.053803,0.067041,0.304304
487,T487_UAV_17,HAP_1,LEO_1,225.963436,225.778246,0.041393,0.007422,0.181872
487,T487_UAV_7,BS_2,LEO_0,210.459259,210.403427,0.00502,0.012831,0.189907
487,T487_UAV_9,HAP_1,LEO_1,320.714566,320.514787,0.041794,0.02161,0.181872
488,T488_UAV_5,BS_4,LEO_1,142.848961,142.654036,0.041225,0.014057,0.198216
488,T488_UAV_19,BS_2,LEO_0,116.361343,116.153298,0.043635,0.012688,0.258605
488,T488_UAV_4,BS_4,HAP_0,128.524723,128.477071,0.003977,0.005659,0.190083
488,T488_UAV_13,BS_3,HAP_2,174.974379,174.892521,0.007076,0.017999,0.28391
488,T488_UAV_11,BS_3,LEO_1,228.881043,228.684531,0.041284,0.015585,0.198216
488,T488_UAV_1,BS_4,HAP_0,57.679532,57.627487,0.001555,0.012473,0.190083
488,T488_UAV_12,HAP_1,LEO_0,96.284731,96.075873,0.043029,0.014109,0.258605
488,T488_UAV_7,BS_2,BS_2,94.491178,94.26387,0.033544,0.055978,0.188925
488,T488_UAV_17,HAP_1,LEO_1,132.813878,132.616869,0.040926,0.016439,0.198216
488,T488_UAV_15,BS_0,HAP_2,131.455353,131.379504,0.003669,0.015398,0.28391
488,T488_UAV_3,BS_4,HAP_1,51.874583,51.695515,0.026449,0.012755,0.19932
488,T488_UAV_9,HAP_1,LEO_0,139.044306,138.829364,0.045573,0.017648,0.258605
488,T488_UAV_2,BS_1,BS_1,150.176118,149.904731,0.047447,0.051554,0.361925
488,T488_UAV_10,BS_3,LEO_1,197.685962,197.488199,0.041171,0.016948,0.198216
489,T489_UAV_15,BS_0,LEO_1,159.549714,159.35393,0.041103,0.010559,0.220608
489,T489_UAV_16,BS_4,LEO_0,342.673489,342.6162,0.005525,0.014327,0.187183
489,T489_UAV_10,BS_3,HAP_0,142.697248,142.617137,0.005401,0.016005,0.293523
489,T489_UAV_3,BS_4,HAP_2,147.906874,147.804171,0.00365,0.024976,0.370388
489,T489_UAV_5,BS_4,LEO_0,344.351195,344.289762,0.004909,0.019087,0.187183
489,T489_UAV_18,BS_4,LEO_1,207.410655,207.210314,0.041598,0.014622,0.220608
489,T489_UAV_6,HAP_1,HAP_0,158.534989,158.452439,0.00539,0.018455,0.293523
489,T489_UAV_19,BS_2,LEO_0,457.632655,457.570268,0.00757,0.017381,0.187183
489,T489_UAV_1,BS_4,HAP_1,94.691343,94.489193,0.027087,0.034098,0.204829
489,T489_UAV_4,BS_4,LEO_0,463.558506,463.497688,0.00707,0.016311,0.187183
489,T489_UAV_14,BS_4,LEO_0,494.747532,494.691424,0.007825,0.010846,0.187183
489,T489_UAV_17,HAP_1,BS_2,73.99318,73.778874,0.028426,0.033421,0.262298
489,T489_UAV_11,BS_3,HAP_2,75.474607,75.389769,0.002787,0.007973,0.370388
489,T489_UAV_9,HAP_1,LEO_1,102.599827,102.390264,0.04064,0.024801,0.220608
489,T489_UAV_8,BS_0,LEO_1,106.107786,105.908428,0.04062,0.014617,0.220608
489,T489_UAV_0,BS_4,BS_4,109.203533,108.927339,0.037208,0.065528,0.367287
489,T489_UAV_7,BS_2,LEO_0,161.949986,161.892239,0.002883,0.017427,0.187183
489,T489_UAV_12,HAP_1,LEO_0,300.561941,300.502997,0.005008,0.0165,0.187183
489,T489_UAV_2,BS_1,LEO_0,524.719105,524.664252,0.008846,0.00857,0.187183
490,T490_UAV_4,BS_4,LEO_1,219.494591,219.428472,0.001449,0.024822,0.199244
490,T490_UAV_1,BS_4,LEO_0,90.217612,89.988551,0.043709,0.015845,0.347538
490,T490_UAV_18,BS_4,HAP_2,258.985001,258.808648,0.029889,0.013386,0.165393
490,T490_UAV_8,BS_0,LEO_1,426.949934,426.902232,0.002167,0.005686,0.199244
490,T490_UAV_11,BS_3,HAP_1,193.131554,192.914786,0.028529,0.04661,0.208146
490,T490_UAV_13,BS_3,LEO_1,435.250536,435.182953,0.002207,0.025527,0.199244
490,T490_UAV_14,BS_4,HAP_2,374.508828,374.33325,0.032767,0.009732,0.165393
490,T490_UAV_7,BS_2,LEO_1,438.773079,438.708957,0.002263,0.02201,0.199244
490,T490_UAV_0,BS_4,HAP_2,376.7631,376.576255,0.031496,0.02227,0.165393
490,T490_UAV_16,BS_4,LEO_1,446.380825,446.324664,0.002613,0.013699,0.199244
490,T490_UAV_15,BS_0,HAP_0,50.504989,50.412535,0.001215,0.016417,0.37411
490,T490_UAV_3,BS_4,LEO_0,38.595251,38.373335,0.041604,0.010804,0.347538
490,T490_UAV_6,HAP_1,BS_0,123.836842,123.601418,0.040875,0.051712,0.214185
490,T490_UAV_5,BS_4,HAP_0,86.494841,86.393728,0.002432,0.023859,0.37411
490,T490_UAV_17,HAP_1,LEO_1,151.057514,151.001216,0.000897,0.015552,0.199244
490,T490_UAV_10,BS_3,BS_1,159.341147,159.090356,0.049743,0.032844,0.341019
490,T490_UAV_9,HAP_1,HAP_1,116.870702,116.678742,0.026662,0.023669,0.208146
490,T490_UAV_12,HAP_1,HAP_2,210.276568,210.095486,0.029735,0.018269,0.165393
490,T490_UAV_2,BS_1,LEO_1,313.403558,313.35164,0.001736,0.010333,0.199244
490,T490_UAV_19,BS_2,BS_0,315.825859,315.560958,0.088841,0.033223,0.214185
491,T491_UAV_0,BS_4,LEO_1,77.917667,77.685889,0.04086,0.017849,0.365341
491,T491_UAV_3,BS_4,LEO_0,79.17715,78.941496,0.043306,0.015595,0.383763
491,T491_UAV_18,BS_4,HAP_0,435.617872,435.440367,0.033178,0.00803,0.18149
491,T491_UAV_1,BS_4,HAP_2,133.319654,133.103095,0.028332,0.013171,0.375287
491,T491_UAV_16,BS_4,LEO_1,115.389934,115.159999,0.041007,0.01586,0.365341
491,T491_UAV_5,BS_4,HAP_0,441.688575,441.507723,0.033385,0.011169,0.18149
491,T491_UAV_11,BS_3,HAP_1,157.571106,157.384755,0.027886,0.010591,0.239371
491,T491_UAV_12,HAP_1,BS_3,379.215498,378.932511,0.104676,0.03741,0.204504
491,T491_UAV_4,BS_4,HAP_0,605.933212,605.734061,0.037325,0.025527,0.18149
491,T491_UAV_6,HAP_1,HAP_0,674.777352,674.591994,0.039628,0.009433,0.18149
491,T491_UAV_14,BS_4,HAP_0,676.317462,676.131268,0.038612,0.011285,0.18149
491,T491_UAV_19,BS_4,LEO_0,38.34791,38.094338,0.041613,0.035207,0.383763
491,T491_UAV_17,HAP_1,BS_1,65.119876,64.873739,0.0262,0.058732,0.306019
491,T491_UAV_9,HAP_1,HAP_2,181.696065,181.477454,0.032108,0.011445,0.375287
491,T491_UAV_10,BS_3,HAP_0,254.297653,254.107482,0.030946,0.022927,0.18149
491,T491_UAV_2,BS_1,HAP_1,136.933466,136.732113,0.027446,0.026033,0.239371
491,T491_UAV_15,BS_0,BS_3,316.929924,316.683792,0.089121,0.01611,0.204504
491,T491_UAV_7,BS_2,HAP_0,460.467773,460.279469,0.033978,0.018029,0.18149
492,T492_UAV_16,BS_4,LEO_1,144.661243,144.401658,0.040991,0.038823,0.398854
492,T492_UAV_14,BS_4,LEO_0,163.81262,163.597479,0.043963,0.024334,0.234222
492,T492_UAV_15,BS_0,HAP_2,144.280985,144.104816,0.029048,0.006039,0.205407
492,T492_UAV_5,BS_4,HAP_0,156.037257,155.811506,0.029394,0.00745,0.444536
492,T492_UAV_18,BS_4,LEO_1,220.122604,219.892904,0.041701,0.008227,0.398854
492,T492_UAV_1,BS_4,LEO_0,221.309555,221.111431,0.045485,0.005794,0.234222
492,T492_UAV_6,HAP_1,HAP_2,169.848849,169.649092,0.029679,0.028997,0.205407
492,T492_UAV_4,BS_4,HAP_1,88.909471,88.716834,0.026831,0.022183,0.218115
492,T492_UAV_17,HAP_1,LEO_0,230.116072,229.903486,0.046556,0.019185,0.234222
492,T492_UAV_11,BS_3,HAP_0,186.197818,185.951532,0.031655,0.025724,0.444536
492,T492_UAV_19,BS_4,BS_3,188.510433,188.254654,0.05703,0.034825,0.319616
492,T492_UAV_2,BS_1,BS_1,70.455613,70.213058,0.027534,0.044925,0.350479
492,T492_UAV_9,HAP_1,BS_4,77.175103,76.918828,0.02921,0.056436,0.353142
492,T492_UAV_3,BS_4,BS_0,78.546051,78.288566,0.029552,0.050038,0.389471
492,T492_UAV_12,HAP_1,BS_2,84.754136,84.481502,0.0311,0.037722,0.51906
492,T492_UAV_8,BS_0,LEO_1,126.278572,126.048993,0.040737,0.00907,0.398854
492,T492_UAV_0,BS_4,LEO_0,94.539243,94.318996,0.042016,0.031386,0.234222
492,T492_UAV_10,BS_3,LEO_1,134.807302,134.541651,0.040799,0.04508,0.398854
493,T493_UAV_0,BS_4,LEO_1,130.24795,130.17932,0.001218,0.026089,0.206616
493,T493_UAV_4,BS_4,HAP_2,436.682808,436.605716,0.007378,0.030309,0.197027
493,T493_UAV_18,BS_4,LEO_0,156.291141,156.08867,0.044345,0.017745,0.201901
493,T493_UAV_16,BS_4,HAP_2,496.778851,496.719954,0.008527,0.010965,0.197027
493,T493_UAV_11,BS_3,LEO_1,199.542938,199.485001,0.001211,0.015403,0.206616
493,T493_UAV_1,BS_4,HAP_2,528.612165,528.558033,0.008922,0.005805,0.197027
493,T493_UAV_19,BS_4,HAP_2,613.217043,613.148143,0.010915,0.01858,0.197027
493,T493_UAV_13,BS_3,HAP_2,632.136288,632.077389,0.014839,0.004655,0.197027
493,T493_UAV_12,HAP_1,HAP_2,728.386332,728.328492,0.013531,0.004904,0.197027
493,T493_UAV_17,HAP_1,HAP_0,30.915099,30.687132,0.026709,0.032111,0.345735
493,T493_UAV_14,BS_4,LEO_0,62.58586,62.391336,0.041844,0.0123,0.201901
493,T493_UAV_2,BS_1,LEO_1,69.389816,69.336305,0.000491,0.011696,0.206616
493,T493_UAV_7,BS_2,BS_0,76.656204,76.449566,0.029093,0.015527,0.31009
493,T493_UAV_5,BS_4,BS_3,89.465627,89.207886,0.032281,0.06162,0.319205
493,T493_UAV_10,BS_3,LEO_0,131.350954,131.143151,0.045692,0.02173,0.201901
493,T493_UAV_6,HAP_1,HAP_2,439.601716,439.541507,0.007935,0.012868,0.197027
493,T493_UAV_15,BS_0,HAP_2,688.578073,688.508022,0.01262,0.018027,0.197027
494,T494_UAV_10,BS_3,LEO_1,79.812994,79.713022,0.000514,0.035739,0.318594
494,T494_UAV_4,BS_4,LEO_0,93.150064,93.077643,0.002162,0.02877,0.207441
494,T494_UAV_18,BS_4,HAP_0,92.716559,92.501055,0.027558,0.028011,0.299675
494,T494_UAV_16,BS_4,HAP_2,129.094935,128.865442,0.028307,0.014812,0.431872
494,T494_UAV_5,BS_4,LEO_1,137.581261,137.480013,0.001311,0.036218,0.318594
494,T494_UAV_12,HAP_1,LEO_0,221.078416,221.021443,0.005714,0.009771,0.207441
494,T494_UAV_0,BS_4,HAP_1,89.913419,89.677967,0.027369,0.038518,0.347824
494,T494_UAV_11,BS_3,LEO_1,51.37149,51.292903,0.000311,0.014558,0.318594
494,T494_UAV_3,BS_4,BS_0,52.395205,52.179967,0.023028,0.045246,0.234819
494,T494_UAV_13,BS_3,BS_3,57.630436,57.41358,0.024336,0.030571,0.309748
494,T494_UAV_9,HAP_1,HAP_0,63.659935,63.432586,0.027612,0.039802,0.299675
494,T494_UAV_8,BS_0,BS_4,71.201598,70.982436,0.027727,0.020905,0.352645
494,T494_UAV_1,BS_4,LEO_0,89.894934,89.844357,0.002228,0.006861,0.207441
494,T494_UAV_15,BS_0,BS_1,80.434538,80.183615,0.030026,0.038285,0.41306
494,T494_UAV_6,HAP_1,HAP_2,143.944917,143.701111,0.02895,0.028482,0.431872
494,T494_UAV_7,BS_2,LEO_0,236.252691,236.19907,0.006641,0.005492,0.207441
495,T495_UAV_18,BS_4,LEO_0,212.778,212.707686,0.004218,0.007911,0.290932
495,T495_UAV_5,BS_4,HAP_0,309.237491,309.176484,0.006146,0.014866,0.199979
495,T495_UAV_8,BS_0,LEO_1,169.904394,169.805294,0.001078,0.023884,0.370684
495,T495_UAV_6,HAP_1,HAP_2,96.710971,96.478639,0.028501,0.028276,0.377776
495,T495_UAV_1,BS_4,HAP_0,386.701989,386.641084,0.007452,0.013458,0.199979
495,T495_UAV_0,BS_4,HAP_0,434.774807,434.70097,0.008182,0.025659,0.199979
495,T495_UAV_10,BS_3,HAP_0,531.331089,531.262282,0.013059,0.015753,0.199979
495,T495_UAV_17,HAP_1,LEO_1,66.897403,66.798043,0.000521,0.024702,0.370684
495,T495_UAV_16,BS_4,LEO_0,133.766757,133.697922,0.002879,0.007771,0.290932
495,T495_UAV_3,BS_4,LEO_1,85.399384,85.314446,0.000664,0.010138,0.370684
495,T495_UAV_9,HAP_1,BS_0,131.82797,131.566079,0.042865,0.059675,0.296757
495,T495_UAV_15,BS_0,LEO_0,235.474705,235.40159,0.005557,0.009371,0.290932
495,T495_UAV_11,BS_3,LEO_0,242.704391,242.617697,0.006681,0.021827,0.290932
495,T495_UAV_12,HAP_1,LEO_0,250.195451,250.122651,0.005574,0.009039,0.290932
495,T495_UAV_2,BS_1,HAP_0,323.640207,323.572368,0.006304,0.021539,0.199979
495,T495_UAV_7,BS_2,HAP_0,393.198294,393.143586,0.008052,0.00666,0.199979
496,T496_UAV_5,BS_4,LEO_1,400.451418,400.269007,0.042515,0.020545,0.096754
496,T496_UAV_1,BS_4,LEO_0,132.163308,131.963985,0.043995,0.009412,0.229584
496,T496_UAV_19,BS_4,HAP_2,137.392636,137.176463,0.02868,0.033467,0.270127
496,T496_UAV_18,BS_4,LEO_1,419.855574,419.688638,0.042458,0.005127,0.096754
496,T496_UAV_0,BS_4,LEO_0,139.78251,139.577574,0.0436,0.015418,0.229584
496,T496_UAV_16,BS_4,LEO_1,466.767372,466.586086,0.042462,0.019473,0.096754
496,T496_UAV_4,BS_4,HAP_2,160.081647,159.872944,0.029021,0.025657,0.270127
496,T496_UAV_9,HAP_1,LEO_0,195.764603,195.564392,0.047933,0.006362,0.229584
496,T496_UAV_15,BS_0,LEO_1,536.994891,536.810579,0.042868,0.022094,0.096754
496,T496_UAV_3,BS_4,LEO_1,217.952844,217.778137,0.041183,0.014173,0.096754
496,T496_UAV_14,BS_4,LEO_1,237.979033,237.805855,0.041324,0.012502,0.096754
496,T496_UAV_10,BS_3,HAP_1,99.179274,98.9651,0.027712,0.026682,0.298894
496,T496_UAV_8,BS_0,LEO_1,356.037166,355.854675,0.041662,0.021479,0.096754
496,T496_UAV_7,BS_2,LEO_1,495.498889,495.31917,0.042331,0.018038,0.096754
496,T496_UAV_17,HAP_1,LEO_1,556.936921,556.755879,0.043033,0.018659,0.096754
496,T496_UAV_6,HAP_1,LEO_1,644.711533,644.543863,0.043842,0.004478,0.096754
497,T497_UAV_10,BS_3,LEO_0,251.870534,251.795182,0.006517,0.031997,0.184193
497,T497_UAV_19,BS_4,LEO_1,100.757535,100.520504,0.040871,0.00665,0.447544
497,T497_UAV_1,BS_4,HAP_2,196.639194,196.571387,0.004318,0.017154,0.231672
497,T497_UAV_8,BS_0,HAP_0,189.004979,188.759278,0.030808,0.024373,0.452601
497,T497_UAV_3,BS_4,LEO_0,281.276229,281.220445,0.005442,0.013504,0.184193
497,T497_UAV_12,HAP_1,LEO_0,298.369932,298.306555,0.005928,0.02061,0.184193
497,T497_UAV_0,BS_4,HAP_1,87.985967,87.791481,0.027336,0.02439,0.213803
497,T497_UAV_13,BS_3,HAP_2,265.775465,265.696427,0.008966,0.023736,0.231672
497,T497_UAV_14,BS_4,LEO_0,317.862038,317.792926,0.005969,0.026305,0.184193
497,T497_UAV_18,BS_4,LEO_0,327.432939,327.35935,0.005803,0.030948,0.184193
497,T497_UAV_5,BS_4,LEO_1,40.284815,40.024311,0.040451,0.030544,0.447544
497,T497_UAV_9,HAP_1,BS_0,77.537648,77.314476,0.029309,0.043869,0.249974
497,T497_UAV_17,HAP_1,BS_4,78.404158,78.129644,0.029513,0.073408,0.357968
497,T497_UAV_6,HAP_1,BS_1,103.630228,103.360631,0.035817,0.043016,0.453824
497,T497_UAV_2,BS_1,BS_2,104.49461,104.252349,0.03604,0.016003,0.451089
497,T497_UAV_15,BS_0,HAP_0,106.218498,105.972957,0.027566,0.027455,0.452601
497,T497_UAV_11,BS_3,LEO_0,123.163396,123.118002,0.002993,0.005563,0.184193
497,T497_UAV_4,BS_4,HAP_2,135.255651,135.188181,0.002989,0.018146,0.231672
498,T498_UAV_0,BS_4,LEO_1,75.565376,75.328056,0.040843,0.018819,0.38829
498,T498_UAV_10,BS_3,LEO_0,188.355691,188.162952,0.04651,0.006569,0.198299
498,T498_UAV_12,HAP_1,HAP_0,223.324256,223.132361,0.031335,0.031801,0.143798
498,T498_UAV_18,BS_4,HAP_2,160.737162,160.518683,0.02866,0.030499,0.296603
498,T498_UAV_3,BS_4,LEO_0,227.81585,227.613438,0.045719,0.017034,0.198299
498,T498_UAV_19,BS_4,LEO_1,127.835958,127.587371,0.041108,0.02982,0.38829
498,T498_UAV_14,BS_4,HAP_1,96.402738,96.171195,0.02682,0.052191,0.262666
498,T498_UAV_6,HAP_1,HAP_0,88.135173,87.954979,0.027518,0.023917,0.143798
498,T498_UAV_11,BS_3,BS_3,65.81496,65.572396,0.026375,0.044946,0.356219
498,T498_UAV_9,HAP_1,BS_4,70.297386,70.057233,0.027496,0.041648,0.355047
498,T498_UAV_4,BS_4,HAP_2,78.846711,78.640341,0.026981,0.020068,0.296603
498,T498_UAV_16,BS_4,BS_2,84.287266,84.047139,0.030991,0.017654,0.457411
498,T498_UAV_17,HAP_1,LEO_0,115.957176,115.767378,0.043281,0.006857,0.198299
498,T498_UAV_7,BS_2,LEO_0,222.201052,222.010018,0.046279,0.005095,0.198299
498,T498_UAV_2,BS_1,HAP_0,251.655038,251.464595,0.030999,0.030685,0.143798
499,T499_UAV_5,BS_4,LEO_1,129.223844,129.008117,0.04122,0.016097,0.292052
499,T499_UAV_1,BS_4,LEO_0,132.785672,132.57601,0.044008,0.020534,0.225601
499,T499_UAV_3,BS_4,HAP_2,141.741579,141.56211,0.02847,0.008369,0.213146
499,T499_UAV_14,BS_4,HAP_0,150.833915,150.630615,0.02957,0.017458,0.28136
499,T499_UAV_12,HAP_1,LEO_1,157.180112,156.93092,0.041206,0.049576,0.292052
499,T499_UAV_10,BS_3,LEO_0,168.935025,168.727911,0.047284,0.01471,0.225601
499,T499_UAV_16,BS_4,HAP_2,169.941064,169.759426,0.029391,0.009617,0.213146
499,T499_UAV_0,BS_4,HAP_1,93.91575,93.694939,0.027505,0.030647,0.313295
499,T499_UAV_13,BS_3,BS_3,64.148733,63.91586,0.025961,0.04342,0.317459
499,T499_UAV_17,HAP_1,HAP_0,88.880305,88.684002,0.028456,0.011575,0.28136
499,T499_UAV_7,BS_2,BS_0,95.786968,95.512182,0.033856,0.06864,0.361449
499,T499_UAV_18,BS_4,BS_4,108.431624,108.203187,0.037027,0.021063,0.351735
499,T499_UAV_2,BS_1,BS_1,127.511873,127.215481,0.041778,0.070383,0.421153
499,T499_UAV_8,BS_0,LEO_1,141.603887,141.364529,0.040896,0.040051,0.292052
499,T499_UAV_6,HAP_1,LEO_0,142.496204,142.270937,0.044172,0.035975,0.225601
500,T500_UAV_18,BS_4,LEO_1,122.44853,122.376439,0.00106,0.028291,0.213702
500,T500_UAV_10,BS_3,LEO_0,182.519777,182.308066,0.045344,0.026367,0.199999
500,T500_UAV_16,BS_4,HAP_0,134.354482,134.296375,0.003828,0.008997,0.226413
500,T500_UAV_6,HAP_1,HAP_2,169.382637,169.177029,0.029605,0.030196,0.229032
500,T500_UAV_4,BS_4,LEO_1,177.826164,177.765971,0.001555,0.015897,0.213702
500,T500_UAV_3,BS_4,LEO_0,313.182809,312.961758,0.046781,0.03427,0.199999
500,T500_UAV_19,BS_4,HAP_1,196.574252,196.380766,0.028066,0.027922,0.187486
500,T500_UAV_11,BS_3,LEO_1,196.938598,196.875557,0.001194,0.019107,0.213702
500,T500_UAV_8,BS_0,LEO_0,327.527378,327.324638,0.048593,0.014147,0.199999
500,T500_UAV_2,BS_1,HAP_0,51.602432,51.533461,0.00141,0.022279,0.226413
500,T500_UAV_9,HAP_1,BS_3,56.892942,56.652908,0.024146,0.061275,0.273063
500,T500_UAV_17,HAP_1,HAP_2,63.879314,63.674894,0.027172,0.031442,0.229032
500,T500_UAV_14,BS_4,BS_4,81.717273,81.454396,0.030343,0.059212,0.36661
500,T500_UAV_13,BS_3,LEO_0,147.279132,147.067217,0.044294,0.027622,0.199999
500,T500_UAV_15,BS_0,LEO_0,175.262905,175.071809,0.044149,0.006948,0.199999
500,T500_UAV_12,HAP_1,HAP_1,107.244396,107.037346,0.026379,0.043174,0.187486
