slot,ap_id,tier,fidelity,trust,mismatch,uncertainty,twin_age,sync_triggered,coordination_triggered,queue_size,local_load
1,BS_0,BS,0.347384,0.724174,0.957324,0.412411,1,1,1,2,0.0
1,BS_1,BS,0.904837,0.91859,0.0,0.0,1,0,0,0,0.0
1,BS_2,BS,0.904837,0.763831,0.0,0.0,1,0,0,0,0.0
1,BS_3,BS,0.332871,0.861484,1.0,0.53939,1,1,1,2,0.0
1,BS_4,BS,0.332871,0.777702,1.0,0.567114,1,1,1,3,0.0
1,HAP_0,HAP,0.904837,0.924044,0.0,0.0,1,0,0,0,0.0
1,HAP_1,HAP,0.332871,0.789093,1.0,0.938879,1,1,1,6,0.0
1,HAP_2,HAP,0.904837,0.879443,0.0,0.0,1,0,0,0,0.0
1,LEO_0,LEO,0.904837,0.835385,0.0,0.0,1,0,0,0,0.0
1,LEO_1,LEO,0.904837,0.948381,0.0,0.0,1,0,0,0,0.0
2,BS_0,BS,0.575811,0.742753,0.451975,0.421855,1,1,1,2,0.0
2,BS_1,BS,0.457729,0.888085,0.681479,0.208986,1,1,1,1,0.482472
2,BS_2,BS,0.638248,0.784888,0.349029,0.054819,1,1,1,0,0.654429
2,BS_3,BS,0.470521,0.836158,0.653915,0.623934,1,1,1,3,0.0
2,BS_4,BS,0.476204,0.769825,0.64191,0.639113,1,1,1,3,0.0
2,HAP_0,HAP,0.733088,0.923449,0.210489,0.019938,1,1,1,0,0.394667
2,HAP_1,HAP,0.616652,0.793589,0.38345,0.817268,1,1,1,8,0.0
2,HAP_2,HAP,0.729219,0.887371,0.215781,0.020953,1,1,1,0,0.40459
2,LEO_0,LEO,0.791048,0.858228,0.134396,0.008128,1,1,1,0,0.251993
2,LEO_1,LEO,0.667275,0.935863,0.304554,0.041739,1,1,1,0,0.571038
3,BS_0,BS,0.658985,0.768474,0.317055,0.38272,1,1,1,1,0.25486
3,BS_1,BS,0.488187,0.865749,0.617056,0.33853,1,1,1,1,0.215848
3,BS_2,BS,0.81265,0.815663,0.107454,0.049051,1,1,1,0,0.594134
3,BS_3,BS,0.680096,0.837036,0.285521,0.535832,1,1,1,4,0.413867
3,BS_4,BS,0.695378,0.785297,0.2633,0.542487,1,1,1,3,0.614835
3,HAP_0,HAP,0.77942,0.925043,0.149205,0.025968,1,1,1,0,0.51656
3,HAP_1,HAP,0.685512,0.80328,0.27759,0.68849,1,1,1,6,0.313376
3,HAP_2,HAP,0.779828,0.896156,0.148682,0.02671,1,1,1,0,0.521534
3,LEO_0,LEO,0.712927,0.867092,0.238377,0.032073,1,1,1,0,0.598152
3,LEO_1,LEO,0.80532,0.936297,0.116515,0.0395,1,1,1,0,0.561088
4,BS_0,BS,0.603865,0.781377,0.404405,0.379771,1,1,1,2,0.0
4,BS_1,BS,0.609495,0.864063,0.395124,0.341079,1,1,1,1,0.0
4,BS_2,BS,0.80773,0.838538,0.113527,0.045041,1,1,1,0,0.752584
4,BS_3,BS,0.674074,0.837012,0.294416,0.467672,1,1,1,3,0.0
4,BS_4,BS,0.589368,0.791679,0.428705,0.516694,1,1,1,2,0.0
4,HAP_0,HAP,0.657042,0.911717,0.320008,0.066857,1,1,1,0,1.020457
4,HAP_1,HAP,0.634012,0.806296,0.355687,0.607723,1,1,1,9,0.378135
4,HAP_2,HAP,0.816817,0.912376,0.002341,0.021371,2,0,0,0,0.430594
4,LEO_0,LEO,0.740397,0.874157,0.200568,0.043761,1,1,1,0,0.805515
4,LEO_1,LEO,0.746729,0.937081,0.092053,0.035413,2,0,0,0,0.669143
5,BS_0,BS,0.706531,0.804021,0.247388,0.331357,1,1,1,2,0.0
5,BS_1,BS,0.603392,0.859424,0.405188,0.346743,1,1,1,1,0.411225
5,BS_2,BS,0.797166,0.858289,0.126693,0.043256,1,1,1,0,0.437949
5,BS_3,BS,0.655346,0.835264,0.322592,0.420967,1,1,1,3,0.305528
5,BS_4,BS,0.557636,0.797743,0.484048,0.518792,1,1,1,2,0.0
5,HAP_0,HAP,0.691157,0.909095,0.269388,0.086142,1,1,1,0,0.286538
5,HAP_1,HAP,0.642466,0.809493,0.342442,0.538948,1,1,1,6,0.300546
5,HAP_2,HAP,0.701971,0.906487,0.253864,0.046098,1,1,1,0,0.912474
5,LEO_0,LEO,0.768787,0.889613,0.062942,0.036791,2,0,0,0,0.554951
5,LEO_1,LEO,0.684606,0.938694,0.078912,0.031133,3,0,0,0,0.618723
6,BS_0,BS,0.602517,0.807722,0.406639,0.339496,1,1,1,2,0.265765
6,BS_1,BS,0.583378,0.853527,0.43892,0.364088,1,1,1,1,0.0
6,BS_2,BS,0.744703,0.877047,0.094769,0.038646,2,0,0,0,0.363791
6,BS_3,BS,0.649777,0.833345,0.331126,0.386114,1,1,1,3,0.0
6,BS_4,BS,0.507209,0.790153,0.578833,0.565805,1,1,1,4,0.0
6,HAP_0,HAP,0.792188,0.916369,0.132957,0.076868,1,1,1,0,0.263286
6,HAP_1,HAP,0.682512,0.815676,0.281975,0.466938,1,1,1,8,0.387354
6,HAP_2,HAP,0.773654,0.915222,0.05663,0.038321,2,0,0,0,0.616772
6,LEO_0,LEO,0.671515,0.900391,0.09822,0.033774,3,0,0,0,0.527451
6,LEO_1,LEO,0.659203,0.945149,0.016724,0.025032,4,0,0,0,0.444333
7,BS_0,BS,0.583419,0.805627,0.438849,0.358261,1,1,1,2,0.76926
7,BS_1,BS,0.574606,0.847867,0.454071,0.384051,1,1,1,0,0.771837
7,BS_2,BS,0.698509,0.891907,0.058808,0.032473,3,0,0,0,0.677784
7,BS_3,BS,0.647799,0.831626,0.334175,0.359144,1,1,1,4,0.558117
7,BS_4,BS,0.686294,0.800874,0.276449,0.487035,1,1,1,3,0.722491
7,HAP_0,HAP,0.78712,0.919314,0.139374,0.070236,1,1,1,0,0.604126
7,HAP_1,HAP,0.655821,0.818229,0.321867,0.42017,1,1,1,5,0.532033
7,HAP_2,HAP,0.721686,0.922795,0.026166,0.030965,3,0,0,0,0.81229
7,LEO_0,LEO,0.6089,0.909108,0.096101,0.031175,4,0,0,0,0.544652
7,LEO_1,LEO,0.889599,0.949793,0.016984,0.020156,1,1,0,0,0.543399
8,BS_0,BS,0.617241,0.812183,0.382495,0.352445,1,1,1,2,0.0
8,BS_1,BS,0.579698,0.845395,0.445248,0.396452,1,1,1,1,0.0
8,BS_2,BS,0.689381,0.895968,0.271962,0.059262,1,1,1,0,0.0
8,BS_3,BS,0.643873,0.829886,0.340254,0.339413,1,1,1,4,0.0
8,BS_4,BS,0.677487,0.808405,0.289364,0.427307,1,1,1,4,0.0
8,HAP_0,HAP,0.673069,0.908257,0.295907,0.095591,1,1,1,0,1.044449
8,HAP_1,HAP,0.646519,0.819414,0.336153,0.386985,1,1,1,7,0.0
8,HAP_2,HAP,0.699787,0.911543,0.256979,0.054489,1,1,1,0,1.214017
8,LEO_0,LEO,0.681901,0.907677,0.28287,0.060947,1,1,1,0,0.193665
8,LEO_1,LEO,0.588631,0.922331,0.429955,0.099312,1,1,1,0,1.330556
9,BS_0,BS,0.690526,0.819654,0.270302,0.314834,1,1,1,2,0.739251
9,BS_1,BS,0.558348,0.836605,0.482772,0.422043,1,1,1,1,0.438738
9,BS_2,BS,0.769661,0.902582,0.161805,0.059191,1,1,1,0,0.529409
9,BS_3,BS,0.637209,0.827869,0.350657,0.326862,1,1,1,3,0.555749
9,BS_4,BS,0.635355,0.810523,0.353571,0.398101,1,1,1,2,0.782938
9,HAP_0,HAP,0.760725,0.910247,0.173483,0.090016,1,1,1,0,0.507691
9,HAP_1,HAP,0.646293,0.820341,0.336503,0.360544,1,1,1,6,0.600177
9,HAP_2,HAP,0.662462,0.9047,0.311792,0.087338,1,1,1,0,0.446485
9,LEO_0,LEO,0.757658,0.916842,0.077524,0.051462,2,0,0,0,0.515137
9,LEO_1,LEO,0.684086,0.914864,0.279672,0.114647,1,1,1,0,0.484978
10,BS_0,BS,0.75319,0.829942,0.183438,0.26701,1,1,1,2,0.259041
10,BS_1,BS,0.454284,0.825793,0.689032,0.551278,1,1,1,0,0.0
10,BS_2,BS,0.759745,0.90496,0.174772,0.061098,1,1,1,0,0.715356
10,BS_3,BS,0.64346,0.826842,0.340895,0.313784,1,1,1,3,0.749803
10,BS_4,BS,0.686799,0.816878,0.275713,0.352689,1,1,1,4,0.0
10,HAP_0,HAP,0.815795,0.921566,0.003592,0.072019,2,0,0,0,0.653261
10,HAP_1,HAP,0.645543,0.821013,0.337663,0.339742,1,1,1,8,0.317453
10,HAP_2,HAP,0.811592,0.916341,0.008758,0.069905,2,0,0,0,0.716024
10,LEO_0,LEO,0.728725,0.913753,0.216458,0.062254,1,1,1,0,0.725353
10,LEO_1,LEO,0.755248,0.916699,0.180709,0.106413,1,1,1,0,0.38815
11,BS_0,BS,0.650746,0.831492,0.329636,0.262505,1,1,1,1,0.427661
11,BS_1,BS,0.674528,0.84258,0.293741,0.47985,1,1,1,0,0.0
11,BS_2,BS,0.784945,0.915977,0.042141,0.049678,2,0,0,0,0.517397
11,BS_3,BS,0.656384,0.827213,0.321009,0.297398,1,1,1,4,0.236203
11,BS_4,BS,0.660566,0.819624,0.314658,0.326706,1,1,1,3,0.513521
11,HAP_0,HAP,0.770596,0.918739,0.160591,0.06922,1,1,1,0,0.94944
11,HAP_1,HAP,0.644349,0.82144,0.339514,0.323665,1,1,1,8,0.371687
11,HAP_2,HAP,0.813939,0.91837,0.10587,0.060968,1,1,1,0,0.87144
11,LEO_0,LEO,0.74614,0.920742,0.092842,0.053682,2,0,0,0,0.418002
11,LEO_1,LEO,0.801467,0.926869,0.021311,0.085335,2,0,0,0,0.542665
12,BS_0,BS,0.529864,0.826854,0.535134,0.33887,1,1,1,1,0.0
12,BS_1,BS,0.521169,0.837461,0.551681,0.520839,1,1,1,1,0.0
12,BS_2,BS,0.70489,0.924449,0.049713,0.040854,3,0,0,0,0.53211
12,BS_3,BS,0.656735,0.827542,0.320475,0.284135,1,1,1,4,0.0
12,BS_4,BS,0.639934,0.822281,0.34639,0.315358,1,1,1,3,0.0
12,HAP_0,HAP,0.795076,0.925275,0.029318,0.055763,2,0,0,0,0.772679
12,HAP_1,HAP,0.647245,0.82205,0.335031,0.309443,1,1,1,8,0.341716
12,HAP_2,HAP,0.795537,0.92087,0.128738,0.056232,1,1,1,0,0.553939
12,LEO_0,LEO,0.813682,0.925732,0.106186,0.04802,1,1,1,0,0.444032
12,LEO_1,LEO,0.664143,0.91341,0.309258,0.111306,1,1,1,0,1.061019
13,BS_0,BS,0.525365,0.816955,0.543662,0.404102,1,1,1,2,0.0
13,BS_1,BS,0.556319,0.835813,0.486414,0.52314,1,1,1,1,0.0
13,BS_2,BS,0.618338,0.929832,0.08072,0.035615,4,0,0,0,0.476813
13,BS_3,BS,0.650829,0.827263,0.329508,0.276167,1,1,1,3,0.658773
13,BS_4,BS,0.714734,0.829147,0.235844,0.277317,1,1,1,4,0.0
13,HAP_0,HAP,0.685211,0.928312,0.078028,0.04735,3,0,0,0,0.704386
13,HAP_1,HAP,0.642493,0.822096,0.3424,0.300311,1,1,1,8,0.128171
13,HAP_2,HAP,0.770206,0.927459,0.061097,0.046665,2,0,0,0,0.543876
13,LEO_0,LEO,0.697867,0.916297,0.259727,0.068772,1,1,1,0,0.975843
13,LEO_1,LEO,0.689881,0.909919,0.271236,0.122151,1,1,1,0,0.3285
14,BS_0,BS,0.627887,0.822543,0.365395,0.383363,1,1,1,1,0.418249
14,BS_1,BS,0.561845,0.830778,0.476529,0.520698,1,1,1,1,0.645067
14,BS_2,BS,0.804489,0.93248,0.117548,0.03471,1,1,1,0,0.419386
14,BS_3,BS,0.611954,0.823345,0.391098,0.289765,1,1,1,2,0.558206
14,BS_4,BS,0.679774,0.831253,0.285995,0.25866,1,1,1,4,0.779053
14,HAP_0,HAP,0.743594,0.925421,0.19626,0.055213,1,1,1,0,0.500968
14,HAP_1,HAP,0.644045,0.822277,0.339987,0.292265,1,1,1,6,0.343823
14,HAP_2,HAP,0.809414,0.927121,0.111444,0.042921,1,1,1,0,0.880647
14,LEO_0,LEO,0.786564,0.918808,0.140081,0.063848,1,1,1,0,0.510432
14,LEO_1,LEO,0.749034,0.915915,0.088971,0.101283,2,0,0,0,0.721941
15,BS_0,BS,0.636537,0.825789,0.351712,0.362356,1,1,1,2,0.0
15,BS_1,BS,0.596312,0.832167,0.416991,0.494805,1,1,1,1,0.0
15,BS_2,BS,0.783885,0.930538,0.143492,0.037034,1,1,1,0,0.746326
15,BS_3,BS,0.729292,0.830735,0.215681,0.252745,1,1,1,3,0.0
15,BS_4,BS,0.643528,0.830868,0.34079,0.25919,1,1,1,2,0.0
15,HAP_0,HAP,0.736152,0.92501,0.206319,0.063326,1,1,1,0,0.232054
15,HAP_1,HAP,0.632901,0.821376,0.357441,0.291306,1,1,1,9,0.288024
15,HAP_2,HAP,0.725265,0.917281,0.221217,0.056359,1,1,1,0,1.188935
15,LEO_0,LEO,0.75454,0.925128,0.081648,0.054078,2,0,0,0,0.481883
15,LEO_1,LEO,0.728418,0.926118,0.016881,0.081154,3,0,0,0,0.533066
16,BS_0,BS,0.695266,0.830595,0.263461,0.32112,1,1,1,2,0.73121
16,BS_1,BS,0.558073,0.823345,0.483266,0.50094,1,1,1,1,0.697468
16,BS_2,BS,0.774237,0.931009,0.155877,0.040561,1,1,1,0,0.337621
16,BS_3,BS,0.675335,0.832035,0.292546,0.240708,1,1,1,3,0.299831
16,BS_4,BS,0.617108,0.828389,0.382711,0.273263,1,1,1,2,0.387322
16,HAP_0,HAP,0.809736,0.928114,0.111048,0.05621,1,1,1,0,0.580288
16,HAP_1,HAP,0.645805,0.821865,0.337258,0.284229,1,1,1,8,0.385721
16,HAP_2,HAP,0.745866,0.91465,0.19321,0.061886,1,1,1,0,0.669111
16,LEO_0,LEO,0.771854,0.926704,0.15896,0.054633,1,1,1,0,0.357034
16,LEO_1,LEO,0.812717,0.927494,0.107372,0.070111,1,1,1,0,0.72977
17,BS_0,BS,0.706503,0.834784,0.247427,0.284445,1,1,1,3,0.239838
17,BS_1,BS,0.547389,0.822771,0.502596,0.514423,1,1,1,1,0.0
17,BS_2,BS,0.787116,0.937318,0.03938,0.033147,2,0,0,0,0.539128
17,BS_3,BS,0.616573,0.827613,0.383579,0.258776,1,1,1,2,0.790684
17,BS_4,BS,0.69609,0.832306,0.262276,0.249565,1,1,1,4,0.703437
17,HAP_0,HAP,0.782292,0.934178,0.045527,0.045901,2,0,0,0,0.566892
17,HAP_1,HAP,0.635829,0.821322,0.352826,0.283402,1,1,1,5,0.121935
17,HAP_2,HAP,0.767043,0.916124,0.165212,0.061791,1,1,1,0,0.520837
17,LEO_0,LEO,0.780334,0.925924,0.148033,0.053568,1,1,1,0,0.723198
17,LEO_1,LEO,0.763665,0.930137,0.069626,0.058271,2,0,0,0,0.78612
18,BS_0,BS,0.710372,0.83834,0.241967,0.253902,1,1,1,3,0.530234
18,BS_1,BS,0.647261,0.832131,0.335006,0.462041,1,1,1,1,0.0
18,BS_2,BS,0.680238,0.93892,0.085312,0.029793,3,0,0,0,0.598793
18,BS_3,BS,0.749657,0.835802,0.188139,0.22295,1,1,1,2,0.383902
18,BS_4,BS,0.705322,0.835965,0.2491,0.227575,1,1,1,4,0.672298
18,HAP_0,HAP,0.695928,0.937756,0.062509,0.038479,3,0,0,0,0.589989
18,HAP_1,HAP,0.643985,0.821653,0.340079,0.278766,1,1,1,9,0.387991
18,HAP_2,HAP,0.78386,0.923457,0.043525,0.050285,2,0,0,0,0.711865
18,LEO_0,LEO,0.815661,0.934344,0.003757,0.042861,2,0,0,0,0.607295
18,LEO_1,LEO,0.726559,0.936599,0.019436,0.046786,3,0,0,0,0.601073
19,BS_0,BS,0.576863,0.831675,0.450151,0.294308,1,1,1,2,0.305784
19,BS_1,BS,0.633522,0.835667,0.356461,0.426812,1,1,1,1,0.604356
19,BS_2,BS,0.808685,0.938174,0.112346,0.029514,1,1,1,0,0.632257
19,BS_3,BS,0.552527,0.827101,0.493254,0.287844,1,1,1,2,0.665959
19,BS_4,BS,0.657215,0.834601,0.319745,0.228066,1,1,1,4,0.659828
19,HAP_0,HAP,0.637832,0.94307,0.04968,0.031894,4,0,0,0,0.373266
19,HAP_1,HAP,0.643885,0.821908,0.340235,0.275104,1,1,1,9,0.202078
19,HAP_2,HAP,0.737433,0.932243,0.00458,0.040238,3,0,0,0,0.610131
19,LEO_0,LEO,0.71271,0.923461,0.23868,0.059924,1,1,1,0,1.05747
19,LEO_1,LEO,0.771368,0.935461,0.15959,0.04889,1,1,1,0,0.371681
20,BS_0,BS,0.678086,0.833634,0.288481,0.272896,1,1,1,3,0.0
20,BS_1,BS,0.545083,0.836395,0.506817,0.457038,1,1,1,0,0.0
20,BS_2,BS,0.553955,0.907855,0.490672,0.131953,1,1,1,0,3.394567
20,BS_3,BS,0.596981,0.829574,0.415869,0.308102,1,1,1,2,0.0
20,BS_4,BS,0.660017,0.833754,0.31549,0.227243,1,1,1,4,0.0
20,HAP_0,HAP,0.747596,0.940967,0.190893,0.041913,1,1,1,0,0.150562
20,HAP_1,HAP,0.64214,0.82195,0.342949,0.27301,1,1,1,10,0.116677
20,HAP_2,HAP,0.628198,0.936695,0.0649,0.034086,4,0,0,0,0.494459
20,LEO_0,LEO,0.709473,0.918845,0.243233,0.074562,1,1,1,0,0.423807
20,LEO_1,LEO,0.78147,0.941552,0.046579,0.040088,2,0,0,0,0.39675
21,BS_0,BS,0.719071,0.83824,0.229795,0.242079,1,1,1,2,0.386778
21,BS_1,BS,0.709409,0.848251,0.243323,0.392273,1,1,1,0,0.739873
21,BS_2,BS,0.601123,0.896108,0.408956,0.180823,1,1,1,0,0.373629
21,BS_3,BS,0.603795,0.826542,0.404521,0.320118,1,1,1,2,0.648979
21,BS_4,BS,0.612004,0.828685,0.391017,0.250597,1,1,1,3,0.296119
21,HAP_0,HAP,0.685723,0.92937,0.277281,0.068129,1,1,1,0,0.795004
21,HAP_1,HAP,0.615501,0.819441,0.385319,0.28522,1,1,1,7,0.321404
21,HAP_2,HAP,0.782917,0.936665,0.144729,0.036694,1,1,1,0,0.370836
21,LEO_0,LEO,0.814325,0.928613,0.005396,0.059663,2,0,0,0,0.634251
21,LEO_1,LEO,0.805196,0.93977,0.116669,0.038196,1,1,1,0,0.708338
22,BS_0,BS,0.695472,0.839826,0.263165,0.224829,1,1,1,3,0.760144
22,BS_1,BS,0.435164,0.823075,0.732033,0.554962,1,1,1,1,0.626644
22,BS_2,BS,0.617252,0.89281,0.382478,0.210488,1,1,1,0,0.0
22,BS_3,BS,0.513654,0.822479,0.566205,0.400359,1,1,1,1,0.0
22,BS_4,BS,0.723844,0.834586,0.223179,0.222892,1,1,1,3,0.0
22,HAP_0,HAP,0.808697,0.932506,0.112331,0.060181,1,1,1,0,0.362105
22,HAP_1,HAP,0.646663,0.820397,0.335931,0.278958,1,1,1,8,0.296582
22,HAP_2,HAP,0.810347,0.944427,0.010292,0.029403,2,0,0,0,0.435747
22,LEO_0,LEO,0.718084,0.934494,0.031168,0.048167,3,0,0,0,0.662307
22,LEO_1,LEO,0.793859,0.944307,0.030849,0.030985,2,0,0,0,0.545527
23,BS_0,BS,0.561362,0.832386,0.477389,0.282418,1,1,1,2,0.0
23,BS_1,BS,0.580566,0.82545,0.443752,0.532581,1,1,1,1,0.0
23,BS_2,BS,0.789281,0.905825,0.136633,0.176791,1,1,1,0,0.0
23,BS_3,BS,0.585173,0.824404,0.435849,0.405771,1,1,1,2,0.0
23,BS_4,BS,0.67308,0.834921,0.29589,0.217712,1,1,1,4,0.667211
23,HAP_0,HAP,0.657964,0.917522,0.318605,0.093824,1,1,1,0,1.064534
23,HAP_1,HAP,0.647168,0.821208,0.335149,0.273713,1,1,1,7,0.272183
23,HAP_2,HAP,0.516314,0.909022,0.56104,0.165167,1,1,1,0,1.637019
23,LEO_0,LEO,0.798492,0.93591,0.125031,0.045569,1,1,1,0,0.35977
23,LEO_1,LEO,0.673051,0.945007,0.095935,0.02893,3,0,0,0,0.443811
24,BS_0,BS,0.799361,0.84762,0.123943,0.232847,1,1,1,2,0.0
24,BS_1,BS,0.636081,0.833831,0.352429,0.481958,1,1,1,1,0.0
24,BS_2,BS,0.564637,0.888657,0.471571,0.241504,1,1,1,0,0.957985
24,BS_3,BS,0.700243,0.838427,0.256327,0.354183,1,1,1,1,0.0
24,BS_4,BS,0.658195,0.833843,0.318254,0.219748,1,1,1,4,0.482382
24,HAP_0,HAP,0.77155,0.918436,0.159353,0.086486,1,1,1,0,0.518367
24,HAP_1,HAP,0.605432,0.817858,0.401812,0.291624,1,1,1,5,0.392906
24,HAP_2,HAP,0.632673,0.899942,0.357802,0.189744,1,1,1,0,0.404481
24,LEO_0,LEO,0.752493,0.930342,0.184364,0.05175,1,1,1,0,0.810913
24,LEO_1,LEO,0.619563,0.946341,0.078741,0.025934,4,0,0,0,0.500455
25,BS_0,BS,0.749014,0.853269,0.188998,0.202352,1,1,1,2,0.411616
25,BS_1,BS,0.625248,0.841195,0.369608,0.447041,1,1,1,1,0.0
25,BS_2,BS,0.659132,0.890374,0.316832,0.238375,1,1,1,0,0.0
25,BS_3,BS,0.490726,0.820886,0.611869,0.451819,1,1,1,2,0.596461
25,BS_4,BS,0.638594,0.831165,0.348487,0.230448,1,1,1,3,0.349806
25,HAP_0,HAP,0.761064,0.924964,0.073038,0.07159,2,0,0,0,0.524831
25,HAP_1,HAP,0.721705,0.825718,0.226139,0.256312,1,1,1,7,0.310037
25,HAP_2,HAP,0.861218,0.910849,0.049407,0.152894,1,1,1,0,0.622272
25,LEO_0,LEO,0.786293,0.931183,0.140426,0.050274,1,1,1,0,0.399964
25,LEO_1,LEO,0.785031,0.94456,0.142032,0.029825,1,1,1,0,0.375337
26,BS_0,BS,0.718749,0.859018,0.230244,0.185737,1,1,1,2,0.0
26,BS_1,BS,0.59506,0.842618,0.419092,0.43667,1,1,1,1,0.0
26,BS_2,BS,0.782239,0.903255,0.145595,0.200239,1,1,1,0,0.0
26,BS_3,BS,0.721517,0.834471,0.2264,0.384521,1,1,1,1,0.0
26,BS_4,BS,0.643062,0.829441,0.341514,0.236843,1,1,1,5,0.0
26,HAP_0,HAP,0.737377,0.933124,0.004657,0.057281,3,0,0,0,0.685947
26,HAP_1,HAP,0.673314,0.828393,0.295543,0.244355,1,1,1,5,0.214345
26,HAP_2,HAP,0.569686,0.887691,0.462671,0.218644,1,1,1,0,1.648861
26,LEO_0,LEO,0.782818,0.933342,0.144855,0.049662,1,1,1,0,0.247508
26,LEO_1,LEO,0.776932,0.947301,0.052403,0.025096,2,0,0,0,0.550589
27,BS_0,BS,0.616168,0.850204,0.384236,0.215026,1,1,1,3,0.652282
27,BS_1,BS,0.60446,0.847183,0.40342,0.422572,1,1,1,1,0.0
27,BS_2,BS,0.772162,0.909967,0.158561,0.171505,1,1,1,0,0.382737
27,BS_3,BS,0.667991,0.836054,0.303481,0.349062,1,1,1,2,0.753112
27,BS_4,BS,0.648424,0.82856,0.33321,0.239437,1,1,1,5,0.223855
27,HAP_0,HAP,0.630541,0.937248,0.061177,0.047509,4,0,0,0,0.533373
27,HAP_1,HAP,0.687105,0.831309,0.275268,0.229581,1,1,1,8,0.392262
27,HAP_2,HAP,0.521673,0.873531,0.550715,0.311394,1,1,1,0,0.116701
27,LEO_0,LEO,0.800539,0.934141,0.12247,0.046479,1,1,1,0,0.575249
27,LEO_1,LEO,0.736895,0.953185,0.00531,0.020089,3,0,0,0,0.412074
28,BS_0,BS,0.708494,0.853875,0.244614,0.198947,1,1,1,2,0.0
28,BS_1,BS,0.567488,0.84567,0.466535,0.436003,1,1,1,1,0.0
28,BS_2,BS,0.787789,0.914936,0.138525,0.145839,1,1,1,0,0.51263
28,BS_3,BS,0.690625,0.841173,0.270159,0.312093,1,1,1,2,0.0
28,BS_4,BS,0.647884,0.827806,0.334044,0.241763,1,1,1,4,0.0
28,HAP_0,HAP,0.740593,0.934286,0.200304,0.056062,1,1,1,0,0.297197
28,HAP_1,HAP,0.684454,0.833321,0.279134,0.218727,1,1,1,7,0.101645
28,HAP_2,HAP,0.718738,0.883232,0.230258,0.272974,1,1,1,0,0.132704
28,LEO_0,LEO,0.657539,0.918552,0.319252,0.083048,1,1,1,0,1.071129
28,LEO_1,LEO,0.609359,0.92848,0.395347,0.086406,1,1,1,0,1.184948
29,BS_0,BS,0.697484,0.853161,0.260276,0.189642,1,1,1,3,0.738351
29,BS_1,BS,0.526141,0.83477,0.542186,0.481087,1,1,1,1,0.722446
29,BS_2,BS,0.754325,0.921494,0.081932,0.119692,2,0,0,0,0.574251
29,BS_3,BS,0.765747,0.851152,0.166903,0.26221,1,1,1,2,0.525415
29,BS_4,BS,0.647418,0.827159,0.334763,0.24384,1,1,1,5,0.446082
29,HAP_0,HAP,0.79011,0.933166,0.135583,0.053122,1,1,1,0,0.678702
29,HAP_1,HAP,0.644987,0.83135,0.338525,0.226551,1,1,1,6,0.336979
29,HAP_2,HAP,0.893978,0.903212,0.012074,0.218445,1,1,1,0,0.286732
29,LEO_0,LEO,0.765422,0.918664,0.167327,0.079038,1,1,1,0,0.527137
29,LEO_1,LEO,0.727725,0.923821,0.217832,0.090478,1,1,1,0,0.478011
30,BS_0,BS,0.332871,0.817611,1.0,0.840948,1,1,1,0,0.256734
30,BS_1,BS,0.564351,0.834143,0.472079,0.485156,1,1,1,1,0.0
30,BS_2,BS,0.708326,0.929521,0.04485,0.096659,3,0,0,0,0.484388
30,BS_3,BS,0.698344,0.851281,0.259043,0.239965,1,1,1,2,0.460046
30,BS_4,BS,0.564142,0.821296,0.47245,0.295516,1,1,1,2,0.0
30,HAP_0,HAP,0.767892,0.937926,0.064106,0.044347,2,0,0,0,0.441793
30,HAP_1,HAP,0.678628,0.83282,0.287682,0.218484,1,1,1,8,0.391914
30,HAP_2,HAP,0.467145,0.870372,0.661116,0.371439,1,1,1,0,1.825838
30,LEO_0,LEO,0.762994,0.920618,0.170505,0.076312,1,1,1,0,0.35688
30,LEO_1,LEO,0.751965,0.924182,0.185065,0.087794,1,1,1,0,0.324039
31,BS_0,BS,0.462157,0.801143,0.671851,0.875881,1,1,1,3,0.0
31,BS_1,BS,0.594309,0.834294,0.420356,0.467639,1,1,1,1,0.552216
31,BS_2,BS,0.662008,0.938371,0.012477,0.077397,4,0,0,0,0.437593
31,BS_3,BS,0.745334,0.85457,0.193923,0.208894,1,1,1,3,0.415818
31,BS_4,BS,0.705066,0.827653,0.249464,0.264417,1,1,1,4,0.0
31,HAP_0,HAP,0.788918,0.93845,0.137093,0.043935,1,1,1,0,0.33915
31,HAP_1,HAP,0.647727,0.831199,0.334286,0.225073,1,1,1,5,0.170071
31,HAP_2,HAP,0.692629,0.873725,0.267261,0.329294,1,1,1,0,0.503954
31,LEO_0,LEO,0.766316,0.924423,0.166161,0.073474,1,1,1,0,0.160657
31,LEO_1,LEO,0.785338,0.931896,0.041641,0.071016,2,0,0,0,0.524578
32,BS_0,BS,0.489125,0.799311,0.615138,0.870982,1,1,1,1,0.0
32,BS_1,BS,0.491179,0.818037,0.610946,0.542076,1,1,1,1,0.641261
32,BS_2,BS,0.774177,0.93469,0.155955,0.072863,1,1,1,0,0.718754
32,BS_3,BS,0.540125,0.841772,0.515955,0.28691,1,1,1,1,0.763747
32,BS_4,BS,0.669227,0.829141,0.301631,0.252476,1,1,1,5,0.476819
32,HAP_0,HAP,0.76982,0.943912,0.061598,0.036856,2,0,0,0,0.302434
32,HAP_1,HAP,0.656708,0.830728,0.320516,0.226287,1,1,1,4,0.312889
32,HAP_2,HAP,0.800235,0.886112,0.122849,0.270227,1,1,1,0,0.523641
32,LEO_0,LEO,0.810823,0.92871,0.109705,0.064195,1,1,1,0,0.478188
32,LEO_1,LEO,0.671038,0.933771,0.09893,0.061217,3,0,0,0,0.602499
33,BS_0,BS,0.549083,0.79912,0.499506,0.809064,1,1,1,2,0.0
33,BS_1,BS,0.545901,0.818636,0.505317,0.548567,1,1,1,1,0.0
33,BS_2,BS,0.759658,0.935954,0.074887,0.060814,2,0,0,0,0.74688
33,BS_3,BS,0.492233,0.822704,0.608802,0.396316,1,1,1,3,0.0
33,BS_4,BS,0.523677,0.820519,0.546881,0.336566,1,1,1,3,0.0
33,HAP_0,HAP,0.71056,0.949176,0.041702,0.030267,3,0,0,0,0.352557
33,HAP_1,HAP,0.703268,0.834461,0.252017,0.209611,1,1,1,7,0.140981
33,HAP_2,HAP,0.854878,0.900469,0.056797,0.217633,1,1,1,0,0.489239
33,LEO_0,LEO,0.743831,0.924356,0.195942,0.068633,1,1,1,0,0.750837
33,LEO_1,LEO,0.661471,0.942092,0.013289,0.049053,4,0,0,0,0.370605
34,BS_0,BS,0.69298,0.81661,0.266754,0.679272,1,1,1,2,0.0
34,BS_1,BS,0.598066,0.820702,0.414055,0.516002,1,1,1,1,0.365757
34,BS_2,BS,0.687652,0.936996,0.074472,0.051147,3,0,0,0,0.729716
34,BS_3,BS,0.786635,0.836706,0.13999,0.325872,1,1,1,3,0.0
34,BS_4,BS,0.690986,0.831161,0.269636,0.301969,1,1,1,2,0.0
34,HAP_0,HAP,0.639466,0.953144,0.047122,0.025213,4,0,0,0,0.334933
34,HAP_1,HAP,0.658636,0.833514,0.317585,0.213076,1,1,1,4,0.558565
34,HAP_2,HAP,0.794842,0.90547,0.129611,0.181666,1,1,1,0,0.765644
34,LEO_0,LEO,0.809459,0.932362,0.01139,0.054965,2,0,0,0,0.633464
34,LEO_1,LEO,0.854029,0.945014,0.05779,0.040745,1,1,0,0,0.54596
35,BS_0,BS,0.690295,0.827825,0.270637,0.576377,1,1,1,2,0.0
35,BS_1,BS,0.577736,0.825536,0.448639,0.503376,1,1,1,1,0.0
35,BS_2,BS,0.660477,0.92925,0.314793,0.08551,1,1,1,0,0.0
35,BS_3,BS,0.730971,0.84195,0.213382,0.281187,1,1,1,2,0.301574
35,BS_4,BS,0.576027,0.824017,0.4516,0.33335,1,1,1,4,0.0
35,HAP_0,HAP,0.721201,0.948231,0.226837,0.043325,1,1,1,0,0.0
35,HAP_1,HAP,0.691386,0.837856,0.269056,0.203037,1,1,1,6,0.0
35,HAP_2,HAP,0.772737,0.905801,0.157816,0.156541,1,1,1,0,0.960081
35,LEO_0,LEO,0.709856,0.937701,0.042693,0.044792,3,0,0,0,0.542484
35,LEO_1,LEO,0.816111,0.943251,0.103204,0.037389,1,1,1,0,0.691143
36,BS_0,BS,0.634236,0.828521,0.355335,0.51792,1,1,1,2,0.0
36,BS_1,BS,0.601354,0.830827,0.408572,0.47782,1,1,1,1,0.0
36,BS_2,BS,0.803349,0.932073,0.118966,0.074777,1,1,1,0,0.487082
36,BS_3,BS,0.754466,0.848117,0.181746,0.239813,1,1,1,3,0.276273
36,BS_4,BS,0.694246,0.828555,0.264928,0.298264,1,1,1,4,0.0
36,HAP_0,HAP,0.737632,0.941907,0.20431,0.053444,1,1,1,0,0.535538
36,HAP_1,HAP,0.731399,0.842955,0.212797,0.182806,1,1,1,6,0.195601
36,HAP_2,HAP,0.706613,0.904881,0.247272,0.152747,1,1,1,0,0.387806
36,LEO_0,LEO,0.728367,0.93413,0.21695,0.057014,1,1,1,0,0.236032
36,LEO_1,LEO,0.725965,0.931823,0.220254,0.051742,1,1,1,0,1.031049
37,BS_0,BS,0.721446,0.839581,0.226498,0.437422,1,1,1,2,0.0
37,BS_1,BS,0.609556,0.834152,0.395024,0.452476,1,1,1,1,0.0
37,BS_2,BS,0.496386,0.896797,0.600401,0.222038,1,1,1,0,3.9242
37,BS_3,BS,0.734149,0.851043,0.209044,0.211515,1,1,1,3,0.341405
37,BS_4,BS,0.651616,0.828194,0.3283,0.287113,1,1,1,5,0.0
37,HAP_0,HAP,0.803153,0.948279,0.01921,0.042921,2,0,0,0,0.401312
37,HAP_1,HAP,0.708341,0.844762,0.24483,0.173219,1,1,1,7,0.385574
37,HAP_2,HAP,0.730898,0.908633,0.213481,0.142706,1,1,1,0,0.184818
37,LEO_0,LEO,0.809006,0.942743,0.011949,0.045675,2,0,0,0,0.40514
37,LEO_1,LEO,0.683498,0.923934,0.280532,0.076807,1,1,1,0,0.347602
38,BS_0,BS,0.692764,0.841712,0.267066,0.382033,1,1,1,2,0.659815
38,BS_1,BS,0.613729,0.833657,0.388202,0.429796,1,1,1,1,0.788905
38,BS_2,BS,0.51448,0.880994,0.564598,0.321077,1,1,1,0,0.0
38,BS_3,BS,0.382308,0.822227,0.861528,0.503216,1,1,1,1,0.277282
38,BS_4,BS,0.612585,0.82416,0.390068,0.298159,1,1,1,2,0.378245
38,HAP_0,HAP,0.754477,0.941187,0.18173,0.049199,1,1,1,0,0.714157
38,HAP_1,HAP,0.595333,0.835986,0.418634,0.21744,1,1,1,4,0.555212
38,HAP_2,HAP,0.773491,0.912039,0.156841,0.125234,1,1,1,0,0.620461
38,LEO_0,LEO,0.720715,0.933466,0.227511,0.059833,1,1,1,0,0.788566
38,LEO_1,LEO,0.812183,0.928751,0.10803,0.066698,1,1,1,0,0.371964
39,BS_0,BS,0.63333,0.837178,0.356763,0.362903,1,1,1,3,0.0
39,BS_1,BS,0.537532,0.831396,0.520767,0.465876,1,1,1,1,0.0
39,BS_2,BS,0.70479,0.88929,0.249855,0.284954,1,1,1,0,0.0
39,BS_3,BS,0.498563,0.808658,0.596026,0.562434,1,1,1,3,0.0
39,BS_4,BS,0.721608,0.831983,0.226273,0.261567,1,1,1,4,0.0
39,HAP_0,HAP,0.761014,0.943673,0.073103,0.041764,2,0,0,0,0.447994
39,HAP_1,HAP,0.774738,0.844928,0.155231,0.184795,1,1,1,6,0.104783
39,HAP_2,HAP,0.763663,0.917012,0.169628,0.113136,1,1,1,0,0.168766
39,LEO_0,LEO,0.75137,0.932015,0.185857,0.063411,1,1,1,0,0.273932
39,LEO_1,LEO,0.768344,0.926498,0.163518,0.06539,1,1,1,0,0.738543
40,BS_0,BS,0.651108,0.835307,0.329079,0.339054,1,1,1,2,0.673957
40,BS_1,BS,0.569365,0.83038,0.463233,0.469264,1,1,1,1,0.289758
40,BS_2,BS,0.696178,0.890508,0.262149,0.258889,1,1,1,0,0.636577
40,BS_3,BS,0.732632,0.819588,0.211112,0.470003,1,1,1,3,0.276158
40,BS_4,BS,0.691329,0.834684,0.269139,0.24185,1,1,1,5,0.375391
40,HAP_0,HAP,0.779625,0.942249,0.148942,0.043394,1,1,1,0,0.34684
40,HAP_1,HAP,0.721579,0.847454,0.226313,0.170884,1,1,1,7,0.628684
40,HAP_2,HAP,0.7466,0.923743,0.092225,0.094336,2,0,0,0,0.480673
40,LEO_0,LEO,0.77419,0.93893,0.055937,0.052137,2,0,0,0,0.325505
40,LEO_1,LEO,0.77085,0.932286,0.060261,0.053946,2,0,0,0,0.494813
41,BS_0,BS,0.811036,0.848129,0.109443,0.276633,1,1,1,2,0.363667
41,BS_1,BS,0.542214,0.82205,0.512095,0.49342,1,1,1,1,0.762025
41,BS_2,BS,0.897567,0.907392,0.008068,0.20714,1,1,1,0,0.436353
41,BS_3,BS,0.734012,0.828182,0.209229,0.395702,1,1,1,2,0.652465
41,BS_4,BS,0.670864,0.834845,0.299189,0.233761,1,1,1,4,0.413471
41,HAP_0,HAP,0.797021,0.94839,0.026875,0.03504,2,0,0,0,0.380743
41,HAP_1,HAP,0.674424,0.845347,0.293896,0.175576,1,1,1,6,0.470033
41,HAP_2,HAP,0.813632,0.928075,0.106248,0.080549,1,1,1,0,0.459658
41,LEO_0,LEO,0.685607,0.941171,0.07745,0.044409,3,0,0,0,0.582645
41,LEO_1,LEO,0.715719,0.938077,0.034468,0.043692,3,0,0,0,0.578037
42,BS_0,BS,0.740818,0.851793,0.200001,0.239307,1,1,1,2,0.41579
42,BS_1,BS,0.478198,0.817071,0.63773,0.577751,1,1,1,0,0.0
42,BS_2,BS,0.381199,0.861561,0.864433,0.501972,1,1,1,1,0.6557
42,BS_3,BS,0.728313,0.834537,0.217024,0.337757,1,1,1,3,0.665398
42,BS_4,BS,0.654477,0.833451,0.323919,0.234225,1,1,1,4,0.0
42,HAP_0,HAP,0.718916,0.952262,0.030011,0.028437,3,0,0,0,0.486311
42,HAP_1,HAP,0.649409,0.84138,0.331693,0.18997,1,1,1,8,0.343041
42,HAP_2,HAP,0.63566,0.911753,0.353091,0.120542,1,1,1,0,1.076603
42,LEO_0,LEO,0.654499,0.946981,0.023886,0.035784,4,0,0,0,0.432191
42,LEO_1,LEO,0.646483,0.942632,0.036208,0.035543,4,0,0,0,0.565101
43,BS_0,BS,0.732717,0.853833,0.210996,0.211479,1,1,1,3,0.278718
43,BS_1,BS,0.766871,0.838474,0.165436,0.474517,1,1,1,0,0.599464
43,BS_2,BS,0.533441,0.852673,0.528406,0.527223,1,1,1,0,0.296699
43,BS_3,BS,0.703283,0.837513,0.251995,0.298781,1,1,1,3,0.727257
43,BS_4,BS,0.637719,0.830771,0.349857,0.24246,1,1,1,5,0.448136
43,HAP_0,HAP,0.678236,0.93599,0.28826,0.060142,1,1,1,0,0.949197
43,HAP_1,HAP,0.648925,0.838158,0.332439,0.201708,1,1,1,8,0.638943
43,HAP_2,HAP,0.755477,0.917322,0.080405,0.099343,2,0,0,0,0.668993
43,LEO_0,LEO,0.82027,0.946061,0.098122,0.032959,1,1,0,0,0.59147
43,LEO_1,LEO,0.901319,0.947613,0.003896,0.028441,1,1,0,0,0.640949
44,BS_0,BS,0.694683,0.853365,0.2643,0.200618,1,1,1,3,0.302449
44,BS_1,BS,0.777385,0.854491,0.15182,0.389985,1,1,1,0,0.765878
44,BS_2,BS,0.576135,0.850132,0.451414,0.513477,1,1,1,1,0.0
44,BS_3,BS,0.72139,0.841416,0.226575,0.262126,1,1,1,3,0.530699
44,BS_4,BS,0.625746,0.827489,0.36881,0.255177,1,1,1,4,0.0
44,HAP_0,HAP,0.608392,0.923271,0.396936,0.119015,1,1,1,0,0.0
44,HAP_1,HAP,0.64783,0.835479,0.334127,0.211605,1,1,1,8,0.0
44,HAP_2,HAP,0.705383,0.921719,0.049015,0.080555,3,0,0,0,0.968289
44,LEO_0,LEO,0.757334,0.938161,0.177951,0.040617,1,1,1,0,0.860493
44,LEO_1,LEO,0.661879,0.928392,0.312673,0.066747,1,1,1,0,1.210711
45,BS_0,BS,0.779847,0.859004,0.148658,0.170439,1,1,1,2,0.518848
45,BS_1,BS,0.84253,0.871515,0.071346,0.314279,1,1,1,0,0.795236
45,BS_2,BS,0.586105,0.847797,0.434257,0.495642,1,1,1,1,0.0
45,BS_3,BS,0.618011,0.837111,0.381248,0.275108,1,1,1,2,0.230724
45,BS_4,BS,0.648162,0.826974,0.333615,0.254226,1,1,1,4,0.2295
45,HAP_0,HAP,0.749901,0.921636,0.187814,0.111085,1,1,1,0,0.671473
45,HAP_1,HAP,0.648414,0.83339,0.333225,0.219251,1,1,1,7,0.320015
45,HAP_2,HAP,0.809436,0.920557,0.111417,0.07003,1,1,1,0,1.036761
45,LEO_0,LEO,0.773433,0.94049,0.056917,0.033952,2,0,0,0,0.627671
45,LEO_1,LEO,0.642678,0.917319,0.342112,0.106066,1,1,1,0,0.335039
46,BS_0,BS,0.725778,0.859019,0.220511,0.158232,1,1,1,3,0.51674
46,BS_1,BS,0.773616,0.877875,0.15668,0.26247,1,1,1,0,1.047088
46,BS_2,BS,0.636209,0.853415,0.352229,0.452343,1,1,1,1,0.0
46,BS_3,BS,0.63352,0.838857,0.356464,0.277267,1,1,1,3,0.0
46,BS_4,BS,0.644984,0.826268,0.33853,0.254952,1,1,1,4,0.0
46,HAP_0,HAP,0.768113,0.929287,0.063819,0.090701,2,0,0,0,0.381182
46,HAP_1,HAP,0.641688,0.831093,0.343652,0.228545,1,1,1,6,0.222307
46,HAP_2,HAP,0.735833,0.91114,0.206752,0.07526,1,1,1,0,1.359239
46,LEO_0,LEO,0.774979,0.937943,0.154919,0.037961,1,1,1,0,0.478605
46,LEO_1,LEO,0.785352,0.921588,0.141624,0.093878,1,1,1,0,0.349529
47,BS_0,BS,0.680931,0.855166,0.284294,0.162956,1,1,1,3,0.664367
47,BS_1,BS,0.65933,0.87859,0.316532,0.255063,1,1,1,0,0.341382
47,BS_2,BS,0.544279,0.843589,0.508293,0.478137,1,1,1,1,0.36295
47,BS_3,BS,0.779174,0.851726,0.149521,0.231874,1,1,1,3,0.363164
47,BS_4,BS,0.646442,0.825838,0.336272,0.254847,1,1,1,4,0.310275
47,HAP_0,HAP,0.719945,0.936137,0.028581,0.072928,3,0,0,0,0.592449
47,HAP_1,HAP,0.660972,0.831032,0.314044,0.227216,1,1,1,7,0.659883
47,HAP_2,HAP,0.647661,0.901584,0.334388,0.110525,1,1,1,0,0.585553
47,LEO_0,LEO,0.80347,0.939389,0.118816,0.036722,1,1,1,0,0.350671
47,LEO_1,LEO,0.79047,0.931495,0.035128,0.075658,2,0,0,0,0.364223
48,BS_0,BS,0.59566,0.848925,0.418086,0.209023,1,1,1,2,0.0
48,BS_1,BS,0.660374,0.883031,0.314949,0.248687,1,1,1,0,0.0
48,BS_2,BS,0.648453,0.846959,0.333165,0.432459,1,1,1,1,0.0
48,BS_3,BS,0.726925,0.85638,0.218932,0.207068,1,1,1,3,0.213317
48,BS_4,BS,0.63224,0.824161,0.358486,0.261708,1,1,1,5,0.0
48,HAP_0,HAP,0.628809,0.938966,0.063928,0.060182,4,0,0,0,0.624075
48,HAP_1,HAP,0.619336,0.828091,0.379108,0.246448,1,1,1,6,0.205492
48,HAP_2,HAP,0.757171,0.904982,0.178167,0.102705,1,1,1,0,0.517788
48,LEO_0,LEO,0.550243,0.910014,0.497396,0.140709,1,1,1,0,1.360782
48,LEO_1,LEO,0.710547,0.937872,0.04172,0.06131,3,0,0,0,0.510864
49,BS_0,BS,0.694349,0.853522,0.26478,0.198767,1,1,1,1,0.338943
49,BS_1,BS,0.822261,0.897359,0.095698,0.203071,1,1,1,0,0.391906
49,BS_2,BS,0.683559,0.849985,0.280442,0.381359,1,1,1,1,0.407692
49,BS_3,BS,0.634062,0.849394,0.355609,0.22256,1,1,1,3,0.586954
49,BS_4,BS,0.646848,0.82419,0.335644,0.260062,1,1,1,5,0.500123
49,HAP_0,HAP,0.901132,0.945839,0.004103,0.048153,1,1,0,0,0.483262
49,HAP_1,HAP,0.695443,0.831882,0.263206,0.228334,1,1,1,7,0.309637
49,HAP_2,HAP,0.777336,0.915521,0.051883,0.083375,2,0,0,0,0.529053
49,LEO_0,LEO,0.610394,0.900136,0.39365,0.182299,1,1,1,0,0.24073
49,LEO_1,LEO,0.711484,0.928073,0.240402,0.075055,1,1,1,0,0.854576
50,BS_0,BS,0.706242,0.86061,0.247797,0.186645,1,1,1,2,0.0
50,BS_1,BS,0.691463,0.894679,0.268945,0.195006,1,1,1,0,0.800783
50,BS_2,BS,0.63167,0.85243,0.359388,0.363209,1,1,1,1,0.0
50,BS_3,BS,0.711653,0.850231,0.240165,0.204004,1,1,1,3,0.0
50,BS_4,BS,0.647263,0.824252,0.335002,0.258552,1,1,1,4,0.0
50,HAP_0,HAP,0.533747,0.911983,0.527833,0.163896,1,1,1,0,2.114669
50,HAP_1,HAP,0.681491,0.833538,0.283472,0.218827,1,1,1,7,0.0
50,HAP_2,HAP,0.721067,0.92426,0.027023,0.067029,3,0,0,0,0.683096
50,LEO_0,LEO,0.66648,0.900913,0.305745,0.187905,1,1,1,0,0.0
50,LEO_1,LEO,0.805444,0.934643,0.016362,0.060164,2,0,0,0,0.65924
51,BS_0,BS,0.506309,0.840183,0.580608,0.301014,1,1,1,3,0.209587
51,BS_1,BS,0.65486,0.894929,0.323334,0.20305,1,1,1,0,0.0
51,BS_2,BS,0.596654,0.853793,0.416417,0.368599,1,1,1,1,0.0
51,BS_3,BS,0.67297,0.847446,0.296054,0.202645,1,1,1,3,0.673628
51,BS_4,BS,0.646535,0.824234,0.336128,0.257683,1,1,1,5,0.0
51,HAP_0,HAP,0.593203,0.899153,0.422219,0.211338,1,1,1,0,0.312156
51,HAP_1,HAP,0.62685,0.831817,0.367048,0.235688,1,1,1,5,0.0
51,HAP_2,HAP,0.628725,0.928474,0.064061,0.05547,4,0,0,0,0.722952
51,LEO_0,LEO,0.803155,0.910021,0.119208,0.156719,1,1,1,0,0.4233
51,LEO_1,LEO,0.620457,0.912337,0.377299,0.112191,1,1,1,0,1.421521
52,BS_0,BS,0.677594,0.840101,0.289207,0.278449,1,1,1,3,0.0
52,BS_1,BS,0.695179,0.89379,0.263585,0.193705,1,1,1,0,0.756894
52,BS_2,BS,0.660375,0.863504,0.314947,0.339515,1,1,1,0,0.0
52,BS_3,BS,0.536436,0.831594,0.522808,0.285113,1,1,1,2,0.796243
52,BS_4,BS,0.639877,0.823598,0.346479,0.260168,1,1,1,4,0.0
52,HAP_0,HAP,0.779859,0.906266,0.148642,0.179013,1,1,1,0,0.389705
52,HAP_1,HAP,0.71314,0.837392,0.238077,0.214056,1,1,1,5,0.20044
52,HAP_2,HAP,0.889141,0.935337,0.017499,0.044514,1,1,0,0,0.62176
52,LEO_0,LEO,0.591506,0.892937,0.425083,0.206688,1,1,1,0,1.107994
52,LEO_1,LEO,0.592497,0.899209,0.42341,0.170427,1,1,1,0,0.338517
53,BS_0,BS,0.697574,0.842136,0.260147,0.253214,1,1,1,3,0.0
53,BS_1,BS,0.887965,0.908638,0.018822,0.155123,1,1,1,0,0.499663
53,BS_2,BS,0.441834,0.838944,0.716822,0.502837,1,1,1,1,0.636523
53,BS_3,BS,0.698358,0.834735,0.259024,0.258283,1,1,1,3,0.0
53,BS_4,BS,0.627767,0.823535,0.365585,0.268278,1,1,1,3,0.0
53,HAP_0,HAP,0.782943,0.917077,0.044695,0.144109,2,0,0,0,0.553324
53,HAP_1,HAP,0.757072,0.844461,0.178297,0.185551,1,1,1,4,0.473805
53,HAP_2,HAP,0.756292,0.92848,0.179328,0.050082,1,1,1,0,0.968898
53,LEO_0,LEO,0.667745,0.892376,0.30385,0.206897,1,1,1,0,0.228404
53,LEO_1,LEO,0.75136,0.904477,0.185871,0.151888,1,1,1,0,0.335864
54,BS_0,BS,0.678642,0.841582,0.287661,0.239808,1,1,1,3,0.666966
54,BS_1,BS,0.540622,0.882961,0.515036,0.243466,1,1,1,0,1.499241
54,BS_2,BS,0.571263,0.838495,0.459906,0.497451,1,1,1,1,0.0
54,BS_3,BS,0.718559,0.838957,0.230508,0.230536,1,1,1,3,0.0
54,BS_4,BS,0.686065,0.82754,0.276783,0.249096,1,1,1,5,0.0
54,HAP_0,HAP,0.73255,0.928573,0.011224,0.115344,3,0,0,0,0.420566
54,HAP_1,HAP,0.728363,0.8476,0.216955,0.169622,1,1,1,7,0.422873
54,HAP_2,HAP,0.741452,0.925331,0.199145,0.057912,1,1,1,0,0.462317
54,LEO_0,LEO,0.816411,0.904619,0.102837,0.170276,1,1,1,0,0.295353
54,LEO_1,LEO,0.79332,0.916921,0.031528,0.121958,2,0,0,0,0.502627
55,BS_0,BS,0.628937,0.836469,0.363724,0.25138,1,1,1,2,0.680385
55,BS_1,BS,0.50016,0.86819,0.592828,0.352923,1,1,1,0,0.0
55,BS_2,BS,0.600604,0.841187,0.409819,0.473539,1,1,1,1,0.0
55,BS_3,BS,0.627674,0.834222,0.365735,0.244622,1,1,1,2,0.596397
55,BS_4,BS,0.668737,0.828954,0.302364,0.240418,1,1,1,4,0.0
55,HAP_0,HAP,0.661095,0.937235,0.013858,0.092362,4,0,0,0,0.488564
55,HAP_1,HAP,0.686243,0.846499,0.276524,0.170107,1,1,1,7,0.449433
55,HAP_2,HAP,0.767974,0.929363,0.063999,0.048173,2,0,0,0,0.745124
55,LEO_0,LEO,0.545282,0.882292,0.506452,0.251643,1,1,1,0,1.299289
55,LEO_1,LEO,0.708388,0.925884,0.044763,0.098468,3,0,0,0,0.501679
56,BS_0,BS,0.723986,0.840801,0.222984,0.223478,1,1,1,3,0.500852
56,BS_1,BS,0.69926,0.878566,0.257733,0.31223,1,1,1,0,0.0
56,BS_2,BS,0.608129,0.84144,0.397369,0.449887,1,1,1,1,0.356163
56,BS_3,BS,0.753947,0.84243,0.182433,0.210674,1,1,1,2,0.313436
56,BS_4,BS,0.648208,0.828163,0.333544,0.242398,1,1,1,4,0.588422
56,HAP_0,HAP,0.851331,0.940633,0.060955,0.075561,1,1,0,0,0.567465
56,HAP_1,HAP,0.606269,0.838911,0.400431,0.208241,1,1,1,6,0.396839
56,HAP_2,HAP,0.727492,0.936027,0.018152,0.038687,3,0,0,0,0.620225
56,LEO_0,LEO,0.677629,0.883324,0.289155,0.238939,1,1,1,0,0.369572
56,LEO_1,LEO,0.739478,0.921276,0.20181,0.097102,1,1,1,0,0.79118
57,BS_0,BS,0.676724,0.840213,0.290491,0.216756,1,1,1,3,0.530015
57,BS_1,BS,0.835788,0.897986,0.07938,0.25262,1,1,1,0,0.0
57,BS_2,BS,0.574582,0.842576,0.454112,0.452708,1,1,1,1,0.0
57,BS_3,BS,0.736991,0.846833,0.205179,0.187484,1,1,1,3,0.319325
57,BS_4,BS,0.635887,0.826369,0.352734,0.249908,1,1,1,5,0.0
57,HAP_0,HAP,0.677494,0.925489,0.289355,0.098126,1,1,1,0,1.069486
57,HAP_1,HAP,0.737668,0.844021,0.204262,0.185368,1,1,1,7,0.314518
57,HAP_2,HAP,0.655649,0.94106,0.022129,0.03117,4,0,0,0,0.644874
57,LEO_0,LEO,0.747386,0.892029,0.191174,0.207598,1,1,1,0,0.26597
57,LEO_1,LEO,0.747237,0.926191,0.091373,0.081438,2,0,0,0,0.485284
58,BS_0,BS,0.533324,0.831391,0.528626,0.299155,1,1,1,2,0.0
58,BS_1,BS,0.415382,0.859654,0.778557,0.474864,1,1,1,0,1.949781
58,BS_2,BS,0.557098,0.839701,0.485015,0.468024,1,1,1,1,0.0
58,BS_3,BS,0.718801,0.848696,0.23017,0.173827,1,1,1,3,0.531637
58,BS_4,BS,0.64611,0.825888,0.336786,0.250967,1,1,1,5,0.0
58,HAP_0,HAP,0.728165,0.921829,0.217228,0.099735,1,1,1,0,0.449738
58,HAP_1,HAP,0.678048,0.843376,0.288538,0.185759,1,1,1,4,0.287768
58,HAP_2,HAP,0.893923,0.9462,0.012136,0.025002,1,1,0,0,0.579136
58,LEO_0,LEO,0.874775,0.907356,0.033788,0.166592,1,1,1,0,0.451018
58,LEO_1,LEO,0.699334,0.931643,0.057626,0.066645,3,0,0,0,0.597959
59,BS_0,BS,0.618849,0.828507,0.379894,0.304268,1,1,1,3,0.294716
59,BS_1,BS,0.556882,0.856195,0.485402,0.485918,1,1,1,0,0.0
59,BS_2,BS,0.657647,0.846973,0.319087,0.420236,1,1,1,0,0.573884
59,BS_3,BS,0.567234,0.838612,0.466984,0.237195,1,1,1,2,0.343615
59,BS_4,BS,0.642177,0.825137,0.342892,0.253682,1,1,1,4,0.688766
59,HAP_0,HAP,0.801272,0.929666,0.021555,0.079997,2,0,0,0,0.674776
59,HAP_1,HAP,0.729452,0.846867,0.215462,0.169498,1,1,1,8,0.201721
59,HAP_2,HAP,0.811106,0.946083,0.109356,0.025383,1,1,1,0,0.391494
59,LEO_0,LEO,0.812239,0.913649,0.10796,0.138518,1,1,1,0,0.613764
59,LEO_1,LEO,0.63239,0.935975,0.058249,0.054843,4,0,0,0,0.584136
60,BS_0,BS,0.709787,0.833476,0.24279,0.26994,1,1,1,3,0.413034
60,BS_1,BS,0.722308,0.870957,0.225303,0.411577,1,1,1,0,0.0
60,BS_2,BS,0.581513,0.845678,0.442123,0.424152,1,1,1,1,0.31694
60,BS_3,BS,0.712596,0.842269,0.23884,0.215426,1,1,1,3,0.0
60,BS_4,BS,0.643431,0.824653,0.340941,0.255254,1,1,1,3,0.7998
60,HAP_0,HAP,0.697207,0.933001,0.060673,0.065654,3,0,0,0,0.723747
60,HAP_1,HAP,0.674221,0.845287,0.294197,0.174547,1,1,1,4,0.205055
60,HAP_2,HAP,0.757361,0.938879,0.177915,0.034551,1,1,1,0,0.806191
60,LEO_0,LEO,0.757125,0.919618,0.078227,0.113569,2,0,0,0,0.682004
60,LEO_1,LEO,0.74368,0.933236,0.196145,0.061187,1,1,1,0,0.325816
61,BS_0,BS,0.719582,0.838083,0.229085,0.239568,1,1,1,2,0.264966
61,BS_1,BS,0.648316,0.870606,0.333377,0.379275,1,1,1,0,0.757654
61,BS_2,BS,0.665841,0.857065,0.306705,0.381652,1,1,1,0,0.0
61,BS_3,BS,0.729618,0.846043,0.215235,0.193188,1,1,1,3,0.648791
61,BS_4,BS,0.609097,0.820976,0.395777,0.274691,1,1,1,2,0.56528
61,HAP_0,HAP,0.664936,0.939858,0.008064,0.052553,4,0,0,0,0.580197
61,HAP_1,HAP,0.711627,0.846907,0.240201,0.165601,1,1,1,7,0.315356
61,HAP_2,HAP,0.763581,0.936686,0.169736,0.040605,1,1,1,0,0.346299
61,LEO_0,LEO,0.7134,0.928563,0.037713,0.091495,3,0,0,0,0.443377
61,LEO_1,LEO,0.774779,0.939742,0.055177,0.05032,2,0,0,0,0.347624
62,BS_0,BS,0.696425,0.83998,0.261795,0.222496,1,1,1,2,0.335417
62,BS_1,BS,0.781947,0.884759,0.145968,0.313008,1,1,1,0,0.217034
62,BS_2,BS,0.469906,0.838636,0.655222,0.498513,1,1,1,1,0.615316
62,BS_3,BS,0.717218,0.847921,0.232376,0.17885,1,1,1,3,0.270994
62,BS_4,BS,0.664277,0.823238,0.309056,0.262735,1,1,1,5,0.0
62,HAP_0,HAP,0.799164,0.940117,0.124189,0.048983,1,1,1,0,0.388238
62,HAP_1,HAP,0.711354,0.848108,0.240585,0.158527,1,1,1,6,0.192193
62,HAP_2,HAP,0.814459,0.936714,0.105231,0.037467,1,1,1,0,0.684252
62,LEO_0,LEO,0.729951,0.927751,0.214777,0.093954,1,1,1,0,0.15486
62,LEO_1,LEO,0.672746,0.940201,0.096388,0.044437,3,0,0,0,0.637789
63,BS_0,BS,0.410615,0.818946,0.7901,0.458913,1,1,1,1,0.0
63,BS_1,BS,0.796991,0.894883,0.126912,0.257654,1,1,1,0,0.589474
63,BS_2,BS,0.529326,0.832397,0.536151,0.528167,1,1,1,1,0.0
63,BS_3,BS,0.664987,0.844863,0.307988,0.185765,1,1,1,3,0.320691
63,BS_4,BS,0.641258,0.825241,0.344324,0.26354,1,1,1,3,0.0
63,HAP_0,HAP,0.773522,0.935643,0.156801,0.05025,1,1,1,0,0.772357
63,HAP_1,HAP,0.675305,0.845934,0.292591,0.165346,1,1,1,6,0.464133
63,HAP_2,HAP,0.5773,0.909662,0.449393,0.120853,1,1,1,0,1.435211
63,LEO_0,LEO,0.793747,0.92952,0.130991,0.082885,1,1,1,0,0.547408
63,LEO_1,LEO,0.66097,0.946744,0.014048,0.035638,4,0,0,0,0.426564
64,BS_0,BS,0.6772,0.832346,0.289789,0.404921,1,1,1,1,0.0
64,BS_1,BS,0.886899,0.910077,0.020024,0.206304,1,1,1,0,0.445797
64,BS_2,BS,0.635977,0.840817,0.352592,0.478478,1,1,1,0,0.334542
64,BS_3,BS,0.698798,0.845388,0.258394,0.178657,1,1,1,3,0.600256
64,BS_4,BS,0.713092,0.831366,0.238145,0.236353,1,1,1,3,0.761666
64,HAP_0,HAP,0.768399,0.934587,0.163446,0.052222,1,1,1,0,0.33898
64,HAP_1,HAP,0.655332,0.842391,0.322613,0.179112,1,1,1,6,0.163905
64,HAP_2,HAP,0.68384,0.903731,0.280032,0.13197,1,1,1,0,0.580999
64,LEO_0,LEO,0.796045,0.93708,0.028099,0.066663,2,0,0,0,0.485742
64,LEO_1,LEO,0.880041,0.950947,0.027786,0.028858,1,1,0,0,0.483201
65,BS_0,BS,0.649735,0.841839,0.33119,0.373296,1,1,1,1,0.0
65,BS_1,BS,0.759288,0.91022,0.175374,0.178883,1,1,1,0,0.79916
65,BS_2,BS,0.682267,0.854925,0.282334,0.418653,1,1,1,0,0.0
65,BS_3,BS,0.612321,0.837881,0.390498,0.211546,1,1,1,2,0.786541
65,BS_4,BS,0.634183,0.828861,0.355418,0.245927,1,1,1,5,0.559766
65,HAP_0,HAP,0.756616,0.937142,0.078899,0.044579,2,0,0,0,0.621261
65,HAP_1,HAP,0.636759,0.838329,0.351365,0.198846,1,1,1,7,0.15532
65,HAP_2,HAP,0.676175,0.901839,0.291303,0.143762,1,1,1,0,0.278534
65,LEO_0,LEO,0.806472,0.940056,0.115087,0.059291,1,1,1,0,0.216557
65,LEO_1,LEO,0.775408,0.944483,0.154366,0.033809,1,1,1,0,0.757067
66,BS_0,BS,0.611446,0.844305,0.391928,0.36776,1,1,1,1,0.0
66,BS_1,BS,0.750592,0.917473,0.086893,0.146504,2,0,0,0,0.503202
66,BS_2,BS,0.332871,0.813711,1.0,0.789461,1,1,1,2,0.0
66,BS_3,BS,0.642929,0.839321,0.34172,0.221784,1,1,1,2,0.0
66,BS_4,BS,0.653429,0.828576,0.325521,0.244425,1,1,1,5,0.0
66,HAP_0,HAP,0.812367,0.940252,0.107804,0.040893,1,1,1,0,0.229347
66,HAP_1,HAP,0.591795,0.833502,0.424595,0.240203,1,1,1,5,0.276619
66,HAP_2,HAP,0.753274,0.91318,0.083326,0.118134,2,0,0,0,0.319772
66,LEO_0,LEO,0.655768,0.924851,0.321949,0.094075,1,1,1,0,0.917062
66,LEO_1,LEO,0.797218,0.94704,0.026627,0.027367,2,0,0,0,0.693302
67,BS_0,BS,0.663724,0.851466,0.30989,0.337422,1,1,1,1,0.0
67,BS_1,BS,0.695025,0.915314,0.263807,0.148521,1,1,1,0,0.217226
67,BS_2,BS,0.794745,0.83426,0.129734,0.639143,1,1,1,2,0.0
67,BS_3,BS,0.805515,0.853183,0.116273,0.183511,1,1,1,3,0.0
67,BS_4,BS,0.651097,0.828118,0.329096,0.244277,1,1,1,4,0.643975
67,HAP_0,HAP,0.570356,0.914272,0.461495,0.128554,1,1,1,0,1.205091
67,HAP_1,HAP,0.701343,0.837179,0.254759,0.221368,1,1,1,6,0.189974
67,HAP_2,HAP,0.683704,0.922392,0.08023,0.097404,3,0,0,0,0.334978
67,LEO_0,LEO,0.765034,0.925417,0.167835,0.087936,1,1,1,0,0.352279
67,LEO_1,LEO,0.818701,0.946581,0.100036,0.026396,1,1,1,0,0.4574
68,BS_0,BS,0.60304,0.848631,0.405772,0.344031,1,1,1,2,0.0
68,BS_1,BS,0.737862,0.919444,0.203998,0.137544,1,1,1,0,0.0
68,BS_2,BS,0.583578,0.827309,0.438577,0.597871,1,1,1,2,0.311515
68,BS_3,BS,0.705102,0.853322,0.249412,0.174802,1,1,1,3,0.681658
68,BS_4,BS,0.619892,0.825378,0.37821,0.259791,1,1,1,3,0.0
68,HAP_0,HAP,0.615986,0.905259,0.384531,0.169382,1,1,1,0,0.129889
68,HAP_1,HAP,0.71567,0.840804,0.234535,0.201848,1,1,1,7,0.446604
68,HAP_2,HAP,0.638884,0.93121,0.048032,0.078961,4,0,0,0,0.394187
68,LEO_0,LEO,0.786492,0.924923,0.140173,0.079191,1,1,1,0,0.765126
68,LEO_1,LEO,0.795142,0.942223,0.129235,0.028633,1,1,1,0,0.784728
69,BS_0,BS,0.713184,0.855075,0.238016,0.300718,1,1,1,1,0.458331
69,BS_1,BS,0.665984,0.91139,0.30649,0.152306,1,1,1,0,0.707881
69,BS_2,BS,0.678817,0.831858,0.287404,0.515468,1,1,1,1,0.536127
69,BS_3,BS,0.738443,0.855613,0.203211,0.158424,1,1,1,3,0.51688
69,BS_4,BS,0.656246,0.826145,0.32122,0.254265,1,1,1,4,0.431578
69,HAP_0,HAP,0.793216,0.917592,0.031659,0.135957,2,0,0,0,0.51226
69,HAP_1,HAP,0.608641,0.833878,0.396526,0.232233,1,1,1,5,0.738315
69,HAP_2,HAP,0.817611,0.935865,0.101369,0.067793,1,1,1,0,0.282108
69,LEO_0,LEO,0.771891,0.930709,0.058912,0.064914,2,0,0,0,0.536949
69,LEO_1,LEO,0.806856,0.941721,0.11461,0.028817,1,1,1,0,0.465406
70,BS_0,BS,0.583825,0.843861,0.438155,0.326965,1,1,1,2,0.712348
70,BS_1,BS,0.741909,0.919821,0.098528,0.126213,2,0,0,0,0.277974
70,BS_2,BS,0.616258,0.83481,0.38409,0.47876,1,1,1,1,0.0
70,BS_3,BS,0.733677,0.856939,0.209686,0.146525,1,1,1,3,0.560342
70,BS_4,BS,0.65295,0.826363,0.326255,0.251311,1,1,1,4,0.0
70,HAP_0,HAP,0.727908,0.929042,0.01758,0.108904,3,0,0,0,0.379225
70,HAP_1,HAP,0.729983,0.839224,0.214735,0.206536,1,1,1,6,0.271605
70,HAP_2,HAP,0.777862,0.934026,0.151207,0.064523,1,1,1,0,0.623634
70,LEO_0,LEO,0.700802,0.926489,0.25553,0.081314,1,1,1,0,0.200895
70,LEO_1,LEO,0.755204,0.941795,0.080768,0.025989,2,0,0,0,0.712496
71,BS_0,BS,0.706063,0.845424,0.248051,0.28926,1,1,1,2,0.635266
71,BS_1,BS,0.726855,0.930143,0.019028,0.101134,3,0,0,0,0.486971
71,BS_2,BS,0.670579,0.84161,0.299614,0.423404,1,1,1,1,0.543526
71,BS_3,BS,0.725035,0.857265,0.221536,0.139305,1,1,1,3,0.556278
71,BS_4,BS,0.645659,0.825846,0.337483,0.252302,1,1,1,4,0.787507
71,HAP_0,HAP,0.634578,0.934883,0.054795,0.088475,4,0,0,0,0.533393
71,HAP_1,HAP,0.707713,0.841637,0.245717,0.192399,1,1,1,6,0.256384
71,HAP_2,HAP,0.817339,0.937505,0.101702,0.056273,1,1,1,0,0.311936
71,LEO_0,LEO,0.756216,0.931721,0.079428,0.06789,2,0,0,0,0.519377
71,LEO_1,LEO,0.703243,0.945569,0.052053,0.022011,3,0,0,0,0.424572
72,BS_0,BS,0.590609,0.842378,0.426601,0.313303,1,1,1,2,0.0
72,BS_1,BS,0.815859,0.9346,0.103514,0.085729,1,1,1,0,0.298749
72,BS_2,BS,0.580252,0.841893,0.444292,0.427551,1,1,1,1,0.0
72,BS_3,BS,0.575374,0.84709,0.452736,0.20368,1,1,1,2,0.286301
72,BS_4,BS,0.647756,0.825623,0.334242,0.252114,1,1,1,3,0.0
72,HAP_0,HAP,0.789452,0.937527,0.136416,0.079154,1,1,1,0,0.147732
72,HAP_1,HAP,0.667282,0.840037,0.304542,0.195655,1,1,1,8,0.360845
72,HAP_2,HAP,0.503131,0.902067,0.586905,0.200024,1,1,1,0,1.903485
72,LEO_0,LEO,0.718628,0.940495,0.030412,0.054729,3,0,0,0,0.264479
72,LEO_1,LEO,0.666141,0.950461,0.006254,0.017626,4,0,0,0,0.583707
73,BS_0,BS,0.705053,0.848316,0.249482,0.278651,1,1,1,2,0.0
73,BS_1,BS,0.495064,0.898835,0.603068,0.232244,1,1,1,0,3.133941
73,BS_2,BS,0.593059,0.842515,0.422461,0.422354,1,1,1,1,0.0
73,BS_3,BS,0.66701,0.845063,0.304951,0.204792,1,1,1,3,0.0
73,BS_4,BS,0.648152,0.825481,0.333631,0.25178,1,1,1,4,0.0
73,HAP_0,HAP,0.772652,0.943074,0.057926,0.064833,2,0,0,0,0.379203
73,HAP_1,HAP,0.652325,0.837397,0.327212,0.204704,1,1,1,6,0.109467
73,HAP_2,HAP,0.57793,0.890518,0.448303,0.250458,1,1,1,0,0.211625
73,LEO_0,LEO,0.623815,0.943491,0.071902,0.046109,4,0,0,0,0.497506
73,LEO_1,LEO,0.825797,0.950731,0.091406,0.017861,1,1,0,0,0.378728
74,BS_0,BS,0.658979,0.849942,0.317064,0.268159,1,1,1,1,0.524862
74,BS_1,BS,0.519633,0.883258,0.554632,0.324223,1,1,1,0,0.0
74,BS_2,BS,0.558525,0.835954,0.482455,0.442627,1,1,1,2,0.0
74,BS_3,BS,0.703373,0.846076,0.251868,0.192381,1,1,1,3,0.0
74,BS_4,BS,0.640276,0.824634,0.345856,0.255252,1,1,1,5,0.0
74,HAP_0,HAP,0.601265,0.921201,0.40872,0.12704,1,1,1,0,1.004988
74,HAP_1,HAP,0.649446,0.83502,0.331635,0.213255,1,1,1,6,0.0
74,HAP_2,HAP,0.659902,0.892627,0.315664,0.245207,1,1,1,0,0.0
74,LEO_0,LEO,0.859588,0.948971,0.051303,0.038072,1,1,0,0,0.22813
74,LEO_1,LEO,0.516749,0.914142,0.560198,0.155509,1,1,1,0,1.768749
75,BS_0,BS,0.654469,0.853817,0.323931,0.261746,1,1,1,1,0.0
75,BS_1,BS,0.70753,0.891341,0.245976,0.286605,1,1,1,0,0.0
75,BS_2,BS,0.799144,0.853198,0.124215,0.361045,1,1,1,1,0.0
75,BS_3,BS,0.667335,0.843621,0.304463,0.195618,1,1,1,2,1.578783
75,BS_4,BS,0.635566,0.824753,0.353239,0.260352,1,1,1,3,0.0
75,HAP_0,HAP,0.759046,0.921547,0.175693,0.115523,1,1,1,0,0.390746
75,HAP_1,HAP,0.503441,0.821058,0.586288,0.325285,1,1,1,4,0.381338
75,HAP_2,HAP,0.736146,0.896832,0.206327,0.215322,1,1,1,0,0.589988
75,LEO_0,LEO,0.497465,0.911412,0.598231,0.191504,1,1,1,0,1.415253
75,LEO_1,LEO,0.666461,0.906404,0.305774,0.166481,1,1,1,0,0.49967
76,BS_0,BS,0.621963,0.851305,0.374875,0.272636,1,1,1,2,0.0
76,BS_1,BS,0.75047,0.897799,0.187056,0.245029,1,1,1,0,0.493614
76,BS_2,BS,0.545656,0.83859,0.505767,0.403946,1,1,1,2,0.780053
76,BS_3,BS,0.513126,0.831675,0.567233,0.301284,1,1,1,2,0.0
76,BS_4,BS,0.686348,0.828468,0.27637,0.242652,1,1,1,3,0.0
76,HAP_0,HAP,0.751058,0.925367,0.086272,0.095767,2,0,0,0,0.714931
76,HAP_1,HAP,0.676051,0.825001,0.291486,0.298462,1,1,1,8,0.302791
76,HAP_2,HAP,0.791591,0.903167,0.13371,0.180303,1,1,1,0,0.662274
76,LEO_0,LEO,0.571705,0.898393,0.459132,0.248064,1,1,1,0,0.10186
76,LEO_1,LEO,0.663758,0.9037,0.309838,0.176385,1,1,1,0,0.190069
77,BS_0,BS,0.751941,0.859855,0.185097,0.233526,1,1,1,1,0.304039
77,BS_1,BS,0.718431,0.897449,0.230685,0.219971,1,1,1,0,0.767409
77,BS_2,BS,0.669959,0.840003,0.300539,0.363802,1,1,1,2,0.576056
77,BS_3,BS,0.743106,0.843657,0.196916,0.258476,1,1,1,2,0.317161
77,BS_4,BS,0.644766,0.827492,0.338868,0.245796,1,1,1,5,0.510256
77,HAP_0,HAP,0.707391,0.931431,0.046172,0.077573,3,0,0,0,0.594213
77,HAP_1,HAP,0.710546,0.830626,0.241721,0.265062,1,1,1,7,0.494731
77,HAP_2,HAP,0.79313,0.914276,0.031768,0.144696,2,0,0,0,0.637032
77,LEO_0,LEO,0.904445,0.914115,0.000434,0.198451,1,1,1,0,0.49189
77,LEO_1,LEO,0.800736,0.91753,0.022224,0.14133,2,0,0,0,0.441184
78,BS_0,BS,0.730528,0.863593,0.213988,0.207427,1,1,1,2,0.248243
78,BS_1,BS,0.753289,0.903453,0.183306,0.191097,1,1,1,0,0.264725
78,BS_2,BS,0.549937,0.835813,0.497951,0.402621,1,1,1,1,0.0
78,BS_3,BS,0.742038,0.85324,0.198355,0.224486,1,1,1,2,0.393446
78,BS_4,BS,0.653289,0.82746,0.325736,0.244384,1,1,1,5,0.0
78,HAP_0,HAP,0.64549,0.936914,0.037745,0.0627,4,0,0,0,0.593451
78,HAP_1,HAP,0.672286,0.831702,0.297072,0.251763,1,1,1,6,0.14657
78,HAP_2,HAP,0.768543,0.918199,0.163259,0.127751,1,1,1,0,0.269471
78,LEO_0,LEO,0.689317,0.906317,0.272054,0.192067,1,1,1,0,0.967232
78,LEO_1,LEO,0.684082,0.924285,0.079678,0.115921,3,0,0,0,0.517339
79,BS_0,BS,0.718044,0.868213,0.231224,0.190001,1,1,1,1,0.22111
79,BS_1,BS,0.814338,0.910802,0.10538,0.157875,1,1,1,0,0.617092
79,BS_2,BS,0.632992,0.836161,0.357297,0.379545,1,1,1,1,0.450477
79,BS_3,BS,0.506259,0.833793,0.580707,0.331338,1,1,1,2,0.307038
79,BS_4,BS,0.623602,0.824635,0.372244,0.257861,1,1,1,4,0.468173
79,HAP_0,HAP,0.825312,0.939991,0.091993,0.053968,1,1,0,0,0.353351
79,HAP_1,HAP,0.652113,0.830715,0.327537,0.249687,1,1,1,5,0.237567
79,HAP_2,HAP,0.805239,0.921897,0.116616,0.108321,1,1,1,0,0.622484
79,LEO_0,LEO,0.730888,0.90761,0.213495,0.174165,1,1,1,0,0.362921
79,LEO_1,LEO,0.660539,0.934563,0.014698,0.092834,4,0,0,0,0.373957
80,BS_0,BS,0.520547,0.84764,0.552876,0.289553,1,1,1,2,0.795188
80,BS_1,BS,0.79237,0.920865,0.032726,0.126782,2,0,0,0,0.585672
80,BS_2,BS,0.691802,0.845008,0.268456,0.336066,1,1,1,2,0.0
80,BS_3,BS,0.779935,0.846066,0.148544,0.275,1,1,1,3,0.0
80,BS_4,BS,0.648684,0.82474,0.332809,0.256132,1,1,1,4,0.0
80,HAP_0,HAP,0.648673,0.922735,0.332826,0.093022,1,1,1,0,1.060549
80,HAP_1,HAP,0.644887,0.829252,0.338681,0.251366,1,1,1,5,0.266363
80,HAP_2,HAP,0.687221,0.91157,0.2751,0.120712,1,1,1,0,1.038589
80,LEO_0,LEO,0.750501,0.916898,0.087014,0.142739,2,0,0,0,0.380294
80,LEO_1,LEO,0.851045,0.94113,0.06129,0.075957,1,1,0,0,0.255845
81,BS_0,BS,0.711982,0.853336,0.239703,0.257498,1,1,1,2,0.0
81,BS_1,BS,0.72508,0.929759,0.021474,0.101633,3,0,0,0,0.560204
81,BS_2,BS,0.707368,0.854893,0.246204,0.296131,1,1,1,1,0.0
81,BS_3,BS,0.711301,0.848002,0.24066,0.246063,1,1,1,2,0.726098
81,BS_4,BS,0.645804,0.824556,0.337259,0.25609,1,1,1,3,0.0
81,HAP_0,HAP,0.751065,0.921516,0.186263,0.09003,1,1,1,0,0.454786
81,HAP_1,HAP,0.668738,0.83026,0.302363,0.242233,1,1,1,6,0.374684
81,HAP_2,HAP,0.679869,0.907776,0.285855,0.133341,1,1,1,0,0.305032
81,LEO_0,LEO,0.733978,0.927826,0.009277,0.11423,3,0,0,0,0.54267
81,LEO_1,LEO,0.6441,0.924384,0.339901,0.112756,1,1,1,0,0.94464
82,BS_0,BS,0.690132,0.855293,0.270873,0.239016,1,1,1,1,0.547491
82,BS_1,BS,0.639581,0.936373,0.046942,0.082298,4,0,0,0,0.436144
82,BS_2,BS,0.634093,0.852224,0.355559,0.293794,1,1,1,1,0.34466
82,BS_3,BS,0.720891,0.852218,0.227267,0.220093,1,1,1,2,0.51415
82,BS_4,BS,0.596656,0.822256,0.416414,0.282902,1,1,1,2,0.0
82,HAP_0,HAP,0.754301,0.92297,0.181964,0.086924,1,1,1,0,0.278264
82,HAP_1,HAP,0.689397,0.832892,0.271938,0.227064,1,1,1,5,0.152808
82,HAP_2,HAP,0.752741,0.914732,0.084034,0.109851,2,0,0,0,0.69762
82,LEO_0,LEO,0.663143,0.936502,0.010764,0.091436,4,0,0,0,0.510729
82,LEO_1,LEO,0.773345,0.925335,0.15703,0.101301,1,1,1,0,0.390685
83,BS_0,BS,0.552553,0.849633,0.493205,0.300676,1,1,1,1,0.0
83,BS_1,BS,0.67487,0.93058,0.293236,0.104533,1,1,1,0,0.0
83,BS_2,BS,0.678481,0.853842,0.287899,0.272334,1,1,1,2,0.0
83,BS_3,BS,0.749091,0.855932,0.188895,0.192131,1,1,1,2,0.728064
83,BS_4,BS,0.703575,0.828229,0.251581,0.254804,1,1,1,4,0.0
83,HAP_0,HAP,0.775591,0.922945,0.15413,0.080229,1,1,1,0,0.689762
83,HAP_1,HAP,0.672619,0.833519,0.296576,0.221232,1,1,1,6,0.243463
83,HAP_2,HAP,0.72544,0.925026,0.020977,0.088078,3,0,0,0,0.526437
83,LEO_0,LEO,0.883065,0.942832,0.024357,0.073416,1,1,0,0,0.485802
83,LEO_1,LEO,0.762155,0.931824,0.071606,0.083348,2,0,0,0,0.399689
84,BS_0,BS,0.607955,0.8522,0.397654,0.311699,1,1,1,1,0.0
84,BS_1,BS,0.755584,0.929141,0.180264,0.098249,1,1,1,0,0.540318
84,BS_2,BS,0.363081,0.826153,0.91313,0.59308,1,1,1,0,0.0
84,BS_3,BS,0.594536,0.844645,0.419973,0.233074,1,1,1,4,0.353173
84,BS_4,BS,0.676801,0.830264,0.290377,0.241787,1,1,1,4,0.637358
84,HAP_0,HAP,0.795835,0.931359,0.028364,0.064546,2,0,0,0,0.507335
84,HAP_1,HAP,0.648303,0.831811,0.333397,0.227005,1,1,1,8,0.39157
84,HAP_2,HAP,0.65371,0.933706,0.025092,0.070746,4,0,0,0,0.463703
84,LEO_0,LEO,0.798494,0.947406,0.025028,0.059014,2,0,0,0,0.546959
84,LEO_1,LEO,0.703059,0.936314,0.052314,0.06791,3,0,0,0,0.647114
85,BS_0,BS,0.436936,0.825974,0.727968,0.48783,1,1,1,2,0.537297
85,BS_1,BS,0.774602,0.936853,0.055406,0.07998,2,0,0,0,0.279242
85,BS_2,BS,0.592865,0.827954,0.422788,0.554901,1,1,1,1,0.330668
85,BS_3,BS,0.71704,0.846778,0.232624,0.210811,1,1,1,3,0.568945
85,BS_4,BS,0.653184,0.829679,0.325896,0.241223,1,1,1,3,0.401925
85,HAP_0,HAP,0.733272,0.938906,0.010239,0.051684,3,0,0,0,0.563515
85,HAP_1,HAP,0.586429,0.826431,0.433703,0.266248,1,1,1,5,0.235106
85,HAP_2,HAP,0.845187,0.936664,0.068197,0.05869,1,1,0,0,0.655896
85,LEO_0,LEO,0.725701,0.951397,0.020617,0.047403,3,0,0,0,0.527477
85,LEO_1,LEO,0.628085,0.938948,0.065079,0.056234,4,0,0,0,0.624578
86,BS_0,BS,0.644563,0.828726,0.339183,0.442034,1,1,1,2,0.0
86,BS_1,BS,0.691688,0.94037,0.06862,0.066103,3,0,0,0,0.546086
86,BS_2,BS,0.640837,0.835449,0.344979,0.497476,1,1,1,1,0.0
86,BS_3,BS,0.672325,0.844606,0.297013,0.208346,1,1,1,4,0.288018
86,BS_4,BS,0.641122,0.828075,0.344536,0.246396,1,1,1,5,0.0
86,HAP_0,HAP,0.643454,0.943563,0.040905,0.0421,4,0,0,0,0.499219
86,HAP_1,HAP,0.748433,0.835159,0.189773,0.229205,1,1,1,5,0.167889
86,HAP_2,HAP,0.558508,0.90714,0.482486,0.151709,1,1,1,0,1.573243
86,LEO_0,LEO,0.618003,0.952478,0.081261,0.040894,4,0,0,0,0.338109
86,LEO_1,LEO,0.819398,0.941474,0.099185,0.049414,1,1,0,0,0.311796
87,BS_0,BS,0.756784,0.839154,0.178677,0.367994,1,1,1,1,0.617555
87,BS_1,BS,0.730252,0.932252,0.214365,0.073561,1,1,1,0,0.77285
87,BS_2,BS,0.596527,0.840413,0.416631,0.476092,1,1,1,1,0.0
87,BS_3,BS,0.669528,0.842614,0.301183,0.207497,1,1,1,3,0.437094
87,BS_4,BS,0.620026,0.826703,0.377994,0.261413,1,1,1,4,0.0
87,HAP_0,HAP,0.897125,0.948744,0.008561,0.033713,1,1,0,0,0.571365
87,HAP_1,HAP,0.707314,0.838431,0.24628,0.210658,1,1,1,6,0.507181
87,HAP_2,HAP,0.646169,0.898766,0.336695,0.17238,1,1,1,0,0.511947
87,LEO_0,LEO,0.811788,0.952117,0.108517,0.038014,1,1,1,0,0.32521
87,LEO_1,LEO,0.682006,0.927944,0.282717,0.075499,1,1,1,0,0.940684
88,BS_0,BS,0.773806,0.85029,0.156435,0.305408,1,1,1,2,0.213212
88,BS_1,BS,0.812846,0.934438,0.107214,0.064022,1,1,1,0,0.436783
88,BS_2,BS,0.563943,0.83866,0.472802,0.481468,1,1,1,1,0.0
88,BS_3,BS,0.657652,0.839947,0.319079,0.211813,1,1,1,3,0.751736
88,BS_4,BS,0.699086,0.831268,0.257981,0.239079,1,1,1,4,0.0
88,HAP_0,HAP,0.795779,0.952098,0.028434,0.027334,2,0,0,0,0.509131
88,HAP_1,HAP,0.718594,0.841933,0.230459,0.192427,1,1,1,7,0.238686
88,HAP_2,HAP,0.727808,0.901462,0.217718,0.159235,1,1,1,0,0.392434
88,LEO_0,LEO,0.800985,0.948871,0.121913,0.0371,1,1,1,0,0.604711
88,LEO_1,LEO,0.73274,0.925437,0.210964,0.080427,1,1,1,0,0.325649
89,BS_0,BS,0.764572,0.857313,0.168439,0.257093,1,1,1,1,0.650076
89,BS_1,BS,0.803553,0.933395,0.118713,0.057559,1,1,1,0,0.755856
89,BS_2,BS,0.616472,0.841355,0.383743,0.451441,1,1,1,1,0.474139
89,BS_3,BS,0.646846,0.836819,0.335647,0.220147,1,1,1,3,0.76692
89,BS_4,BS,0.661518,0.831298,0.313217,0.235411,1,1,1,5,0.629439
89,HAP_0,HAP,0.733391,0.955305,0.010077,0.021913,3,0,0,0,0.591361
89,HAP_1,HAP,0.69379,0.842614,0.265586,0.185682,1,1,1,8,0.602007
89,HAP_2,HAP,0.752931,0.909744,0.083781,0.130547,2,0,0,0,0.68756
89,LEO_0,LEO,0.803435,0.952539,0.018859,0.02984,2,0,0,0,0.540498
89,LEO_1,LEO,0.746417,0.928522,0.092471,0.06819,2,0,0,0,0.67846
90,BS_0,BS,0.745707,0.862583,0.193422,0.22251,1,1,1,1,0.487348
90,BS_1,BS,0.731474,0.924087,0.212694,0.066405,1,1,1,0,1.057582
90,BS_2,BS,0.560803,0.838216,0.478386,0.464136,1,1,1,1,0.0
90,BS_3,BS,0.551547,0.828466,0.495029,0.286391,1,1,1,3,0.0
90,BS_4,BS,0.648075,0.830029,0.333749,0.238453,1,1,1,4,0.660356
90,HAP_0,HAP,0.669825,0.958592,0.000738,0.017531,4,0,0,0,0.556641
90,HAP_1,HAP,0.574333,0.833514,0.454546,0.241521,1,1,1,5,0.362034
90,HAP_2,HAP,0.800847,0.91716,0.122086,0.111144,1,1,1,0,0.253812
90,LEO_0,LEO,0.802299,0.947868,0.120274,0.030381,1,1,1,0,0.732722
90,LEO_1,LEO,0.803663,0.929032,0.118575,0.060879,1,1,1,0,0.676905
91,BS_0,BS,0.72149,0.865433,0.226437,0.201081,1,1,1,2,0.395594
91,BS_1,BS,0.789018,0.923877,0.136967,0.061566,1,1,1,0,0.650152
91,BS_2,BS,0.642178,0.843897,0.34289,0.424217,1,1,1,1,0.0
91,BS_3,BS,0.696973,0.832854,0.261009,0.25977,1,1,1,4,0.0
91,BS_4,BS,0.644036,0.829265,0.340001,0.242783,1,1,1,4,0.0
91,HAP_0,HAP,0.795412,0.955456,0.128895,0.021501,1,1,1,0,0.320402
91,HAP_1,HAP,0.727958,0.8391,0.217512,0.214507,1,1,1,7,0.0
91,HAP_2,HAP,0.703492,0.911174,0.251698,0.117424,1,1,1,0,0.848729
91,LEO_0,LEO,0.781491,0.945114,0.146552,0.03397,1,1,1,0,0.374804
91,LEO_1,LEO,0.812908,0.936589,0.007137,0.048726,2,0,0,0,0.609269
92,BS_0,BS,0.688178,0.862993,0.273707,0.194577,1,1,1,2,0.449963
92,BS_1,BS,0.6706,0.918035,0.299582,0.08964,1,1,1,0,0.207113
92,BS_2,BS,0.538925,0.842806,0.51818,0.460203,1,1,1,0,0.0
92,BS_3,BS,0.689113,0.835091,0.27235,0.241194,1,1,1,4,0.0
92,BS_4,BS,0.654482,0.829654,0.323911,0.241439,1,1,1,3,0.0
92,HAP_0,HAP,0.754059,0.954122,0.082285,0.020247,2,0,0,0,0.571081
92,HAP_1,HAP,0.700672,0.841005,0.255716,0.201032,1,1,1,7,0.139445
92,HAP_2,HAP,0.7859,0.915901,0.140926,0.102876,1,1,1,0,0.386563
92,LEO_0,LEO,0.806929,0.950174,0.01452,0.027271,2,0,0,0,0.520964
92,LEO_1,LEO,0.670669,0.920495,0.299479,0.07934,1,1,1,0,1.195744
93,BS_0,BS,0.736684,0.867541,0.205596,0.174683,1,1,1,2,0.353738
93,BS_1,BS,0.793418,0.920582,0.131405,0.079482,1,1,1,0,0.66791
93,BS_2,BS,0.729524,0.861079,0.215363,0.389034,1,1,1,0,0.0
93,BS_3,BS,0.652531,0.833489,0.326897,0.241043,1,1,1,3,0.540628
93,BS_4,BS,0.673911,0.831179,0.294658,0.232222,1,1,1,4,0.407296
93,HAP_0,HAP,0.682118,0.953035,0.082553,0.019265,3,0,0,0,0.53106
93,HAP_1,HAP,0.661884,0.839058,0.312665,0.204817,1,1,1,8,0.36402
93,HAP_2,HAP,0.805361,0.926974,0.016465,0.082423,2,0,0,0,0.480263
93,LEO_0,LEO,0.674489,0.948277,0.0938,0.025776,3,0,0,0,0.653177
93,LEO_1,LEO,0.636632,0.910666,0.351564,0.119091,1,1,1,0,0.309276
94,BS_0,BS,0.707835,0.870217,0.245545,0.166878,1,1,1,1,0.267564
94,BS_1,BS,0.765626,0.925868,0.067062,0.065609,2,0,0,0,0.672629
94,BS_2,BS,0.469021,0.843161,0.657108,0.505533,1,1,1,1,0.369631
94,BS_3,BS,0.661404,0.832993,0.31339,0.23703,1,1,1,4,0.0
94,BS_4,BS,0.649373,0.830066,0.331748,0.235303,1,1,1,5,0.0
94,HAP_0,HAP,0.815022,0.953652,0.10454,0.02033,1,1,1,0,0.18016
94,HAP_1,HAP,0.653284,0.836704,0.325743,0.211603,1,1,1,7,0.0
94,HAP_2,HAP,0.532731,0.896843,0.529739,0.192219,1,1,1,0,2.721405
94,LEO_0,LEO,0.609263,0.949496,0.095505,0.024725,4,0,0,0,0.2685
94,LEO_1,LEO,0.775805,0.915919,0.153854,0.105925,1,1,1,0,0.306933
95,BS_0,BS,0.691729,0.869248,0.268561,0.165959,1,1,1,1,0.440521
95,BS_1,BS,0.684617,0.91421,0.278895,0.08749,1,1,1,0,1.054524
95,BS_2,BS,0.566649,0.842865,0.468015,0.502994,1,1,1,1,0.0
95,BS_3,BS,0.64648,0.831223,0.336213,0.240492,1,1,1,4,0.0
95,BS_4,BS,0.647614,0.82899,0.334461,0.238581,1,1,1,5,0.0
95,HAP_0,HAP,0.474455,0.911686,0.645588,0.203816,1,1,1,0,2.355925
95,HAP_1,HAP,0.631603,0.832794,0.359495,0.227439,1,1,1,6,0.0
95,HAP_2,HAP,0.504185,0.879796,0.584812,0.307677,1,1,1,0,0.0
95,LEO_0,LEO,0.686214,0.942324,0.276566,0.0542,1,1,1,0,0.0
95,LEO_1,LEO,0.680286,0.907498,0.285242,0.121353,1,1,1,0,0.930786
96,BS_0,BS,0.519636,0.847958,0.554627,0.271192,1,1,1,2,0.291029
96,BS_1,BS,0.742508,0.913556,0.197722,0.087584,1,1,1,0,0.499772
96,BS_2,BS,0.747416,0.859663,0.191133,0.418834,1,1,1,0,0.305546
96,BS_3,BS,0.637309,0.828949,0.3505,0.247676,1,1,1,3,0.696602
96,BS_4,BS,0.644048,0.827794,0.339982,0.24288,1,1,1,5,0.72673
96,HAP_0,HAP,0.671087,0.905336,0.298856,0.203245,1,1,1,0,0.447614
96,HAP_1,HAP,0.641727,0.83062,0.343592,0.235076,1,1,1,5,0.713299
96,HAP_2,HAP,0.829037,0.89293,0.08749,0.249586,1,1,1,0,0.642383
96,LEO_0,LEO,0.743815,0.937653,0.195963,0.060641,1,1,1,0,0.539041
96,LEO_1,LEO,0.753767,0.915011,0.082672,0.100158,2,0,0,0,0.550305
97,BS_0,BS,0.332871,0.815534,1.0,0.818487,1,1,1,0,0.0
97,BS_1,BS,0.771512,0.919848,0.059403,0.071655,2,0,0,0,0.780361
97,BS_2,BS,0.474888,0.841079,0.644675,0.52209,1,1,1,1,0.277456
97,BS_3,BS,0.63814,0.827207,0.349197,0.253013,1,1,1,4,0.0
97,BS_4,BS,0.648219,0.827224,0.333527,0.244362,1,1,1,5,0.0
97,HAP_0,HAP,0.664539,0.903402,0.308661,0.205468,1,1,1,0,0.141435
97,HAP_1,HAP,0.684055,0.832713,0.279716,0.223269,1,1,1,6,0.334721
97,HAP_2,HAP,0.540217,0.870266,0.515784,0.319384,1,1,1,0,1.545346
97,LEO_0,LEO,0.814597,0.946035,0.005062,0.048524,2,0,0,0,0.361835
97,LEO_1,LEO,0.696205,0.921947,0.062111,0.081863,3,0,0,0,0.641252
98,BS_0,BS,0.521109,0.809567,0.551797,0.791805,1,1,1,2,0.0
98,BS_1,BS,0.569498,0.894612,0.463,0.15379,1,1,1,0,1.907106
98,BS_2,BS,0.566841,0.843208,0.467677,0.516097,1,1,1,0,0.0
98,BS_3,BS,0.631406,0.825177,0.359806,0.260668,1,1,1,5,0.0
98,BS_4,BS,0.647073,0.826662,0.335296,0.24608,1,1,1,5,0.0
98,HAP_0,HAP,0.903355,0.919374,0.00164,0.164376,1,1,1,0,0.347442
98,HAP_1,HAP,0.703343,0.836056,0.25191,0.207172,1,1,1,5,0.319951
98,HAP_2,HAP,0.534576,0.860946,0.526282,0.380145,1,1,1,0,0.132945
98,LEO_0,LEO,0.541039,0.914398,0.514264,0.15783,1,1,1,0,1.352167
98,LEO_1,LEO,0.733683,0.920855,0.209678,0.085274,1,1,1,0,0.356853
99,BS_0,BS,0.628613,0.813334,0.36424,0.693146,1,1,1,2,0.0
99,BS_1,BS,0.483511,0.875392,0.626681,0.29976,1,1,1,0,0.0
99,BS_2,BS,0.733234,0.86163,0.21029,0.432777,1,1,1,0,0.0
99,BS_3,BS,0.648276,0.825136,0.333439,0.258566,1,1,1,5,0.0
99,BS_4,BS,0.645074,0.826026,0.338391,0.248393,1,1,1,4,0.0
99,HAP_0,HAP,0.483653,0.885266,0.626388,0.308063,1,1,1,0,3.442278
99,HAP_1,HAP,0.662276,0.83512,0.312073,0.209563,1,1,1,8,0.122396
99,HAP_2,HAP,0.668949,0.869896,0.302048,0.345171,1,1,1,0,0.0
99,LEO_0,LEO,0.540945,0.898337,0.514438,0.245355,1,1,1,0,0.0
99,LEO_1,LEO,0.728916,0.915718,0.216197,0.089253,1,1,1,0,0.89619
100,BS_0,BS,0.70981,0.821609,0.242758,0.581036,1,1,1,2,0.629134
100,BS_1,BS,0.791005,0.885652,0.134451,0.247943,1,1,1,0,0.756831
100,BS_2,BS,0.620923,0.86031,0.376548,0.410027,1,1,1,0,0.792199
100,BS_3,BS,0.642059,0.824524,0.343076,0.259818,1,1,1,4,0.557486
100,BS_4,BS,0.630451,0.824141,0.36132,0.257463,1,1,1,3,0.345117
100,HAP_0,HAP,0.654458,0.882864,0.323948,0.293675,1,1,1,0,0.422684
100,HAP_1,HAP,0.641785,0.832486,0.343502,0.220747,1,1,1,4,0.476692
100,HAP_2,HAP,0.7786,0.883003,0.150258,0.286297,1,1,1,0,0.468799
100,LEO_0,LEO,0.818203,0.907263,0.100645,0.200842,1,1,1,0,0.613108
100,LEO_1,LEO,0.817231,0.925147,0.001834,0.071404,2,0,0,0,0.714878
101,BS_0,BS,0.332871,0.794388,1.0,1.03786,1,1,1,0,0.0
101,BS_1,BS,0.824784,0.895383,0.092634,0.202216,1,1,1,0,0.78268
101,BS_2,BS,0.511776,0.849518,0.569869,0.474159,1,1,1,1,0.0
101,BS_3,BS,0.47648,0.811546,0.64133,0.392941,1,1,1,2,0.0
101,BS_4,BS,0.650153,0.82448,0.330548,0.255138,1,1,1,4,0.0
101,HAP_0,HAP,0.710645,0.888537,0.241583,0.261203,1,1,1,0,0.259656
101,HAP_1,HAP,0.704028,0.836319,0.250937,0.204934,1,1,1,7,0.0
101,HAP_2,HAP,0.831049,0.896575,0.085066,0.232294,1,1,1,0,0.492951
101,LEO_0,LEO,0.865461,0.917408,0.044493,0.161564,1,1,1,0,0.582466
101,LEO_1,LEO,0.767501,0.920426,0.164616,0.069317,1,1,1,0,1.043874
102,BS_0,BS,0.658209,0.812852,0.318232,0.87586,1,1,1,1,0.0
102,BS_1,BS,0.86628,0.907045,0.043547,0.162626,1,1,1,0,0.641637
102,BS_2,BS,0.673737,0.861012,0.294915,0.418466,1,1,1,0,0.0
102,BS_3,BS,0.655307,0.815959,0.322652,0.3612,1,1,1,3,0.0
102,BS_4,BS,0.64838,0.824588,0.333279,0.254094,1,1,1,4,0.0
102,HAP_0,HAP,0.898103,0.906509,0.00747,0.208987,1,1,1,0,0.402541
102,HAP_1,HAP,0.683633,0.837313,0.280334,0.199311,1,1,1,7,0.286321
102,HAP_2,HAP,0.820634,0.905466,0.097678,0.190128,1,1,1,0,0.623568
102,LEO_0,LEO,0.77114,0.923835,0.059885,0.130865,2,0,0,0,0.668928
102,LEO_1,LEO,0.66849,0.913397,0.302735,0.096696,1,1,1,0,0.352097
103,BS_0,BS,0.478036,0.803112,0.63807,0.883898,1,1,1,2,0.0
103,BS_1,BS,0.762438,0.915651,0.071234,0.132384,2,0,0,0,0.547682
103,BS_2,BS,0.414742,0.832787,0.780099,0.608623,1,1,1,1,0.373175
103,BS_3,BS,0.66807,0.823532,0.303363,0.330373,1,1,1,2,0.0
103,BS_4,BS,0.647663,0.824607,0.334385,0.253591,1,1,1,4,0.0
103,HAP_0,HAP,0.767554,0.908972,0.164546,0.179374,1,1,1,0,0.698549
103,HAP_1,HAP,0.656047,0.835574,0.321523,0.205969,1,1,1,6,0.317948
103,HAP_2,HAP,0.860485,0.914963,0.050259,0.153239,1,1,1,0,0.650924
103,LEO_0,LEO,0.813218,0.925461,0.106756,0.109821,1,1,1,0,0.737692
103,LEO_1,LEO,0.768,0.922151,0.063966,0.079198,2,0,0,0,0.471558
104,BS_0,BS,0.778781,0.825392,0.150025,0.717247,1,1,1,1,0.0
104,BS_1,BS,0.75271,0.917457,0.184076,0.121155,1,1,1,0,0.35955
104,BS_2,BS,0.595347,0.837307,0.418611,0.565754,1,1,1,1,0.0
104,BS_3,BS,0.80075,0.840769,0.122206,0.271019,1,1,1,3,0.0
104,BS_4,BS,0.641913,0.824955,0.343303,0.255909,1,1,1,3,0.0
104,HAP_0,HAP,0.806813,0.920208,0.014663,0.143596,2,0,0,0,0.602073
104,HAP_1,HAP,0.64949,0.833568,0.331568,0.214247,1,1,1,6,0.191183
104,HAP_2,HAP,0.793617,0.915891,0.131154,0.130332,1,1,1,0,0.86647
104,LEO_0,LEO,0.791085,0.923412,0.13435,0.095979,1,1,1,0,0.931988
104,LEO_1,LEO,0.706165,0.929877,0.047907,0.064391,3,0,0,0,0.502951
105,BS_0,BS,0.615799,0.83302,0.384835,0.640442,1,1,1,1,0.0
105,BS_1,BS,0.760547,0.923866,0.073717,0.099369,2,0,0,0,0.609113
105,BS_2,BS,0.584446,0.83839,0.43709,0.538575,1,1,1,1,0.0
105,BS_3,BS,0.647368,0.838379,0.334841,0.267268,1,1,1,4,0.780997
105,BS_4,BS,0.665267,0.826684,0.307567,0.247296,1,1,1,4,0.0
105,HAP_0,HAP,0.783526,0.919501,0.143951,0.124202,1,1,1,0,0.85133
105,HAP_1,HAP,0.583139,0.827384,0.43933,0.258253,1,1,1,6,0.250368
105,HAP_2,HAP,0.77322,0.922322,0.057192,0.105738,2,0,0,0,0.664639
105,LEO_0,LEO,0.689834,0.918028,0.271304,0.109906,1,1,1,0,0.330537
105,LEO_1,LEO,0.660059,0.937057,0.015425,0.05162,4,0,0,0,0.615677
106,BS_0,BS,0.642201,0.841528,0.342853,0.56525,1,1,1,1,0.0
106,BS_1,BS,0.67888,0.930593,0.087311,0.082926,3,0,0,0,0.265736
106,BS_2,BS,0.634752,0.845175,0.354522,0.487418,1,1,1,1,0.0
106,BS_3,BS,0.704165,0.84083,0.250743,0.242107,1,1,1,4,0.558676
106,BS_4,BS,0.659863,0.827438,0.315723,0.242693,1,1,1,5,0.47644
106,HAP_0,HAP,0.742302,0.923594,0.097999,0.103683,2,0,0,0,0.565117
106,HAP_1,HAP,0.749527,0.835987,0.188314,0.22256,1,1,1,6,0.111645
106,HAP_2,HAP,0.778004,0.918714,0.151024,0.094854,1,1,1,0,1.086327
106,LEO_0,LEO,0.743704,0.92486,0.096113,0.092082,2,0,0,0,0.36388
106,LEO_1,LEO,0.832612,0.940214,0.083188,0.04441,1,1,0,0,0.407028
107,BS_0,BS,0.577002,0.839412,0.44991,0.543289,1,1,1,2,0.0
107,BS_1,BS,0.639486,0.937784,0.047091,0.067339,4,0,0,0,0.401535
107,BS_2,BS,0.59693,0.844936,0.415956,0.467793,1,1,1,1,0.0
107,BS_3,BS,0.702633,0.842523,0.25292,0.222471,1,1,1,4,0.507847
107,BS_4,BS,0.632409,0.825465,0.358219,0.251899,1,1,1,3,0.682459
107,HAP_0,HAP,0.710831,0.920419,0.241321,0.109152,1,1,1,0,0.343934
107,HAP_1,HAP,0.711556,0.839447,0.240301,0.204033,1,1,1,6,0.314329
107,HAP_2,HAP,0.633186,0.909277,0.356991,0.133232,1,1,1,0,0.282254
107,LEO_0,LEO,0.755773,0.92655,0.180014,0.088248,1,1,1,0,0.222259
107,LEO_1,LEO,0.576042,0.913614,0.451575,0.127292,1,1,1,0,1.321906
108,BS_0,BS,0.644572,0.842348,0.339169,0.486397,1,1,1,2,0.0
108,BS_1,BS,0.870604,0.943921,0.038567,0.05454,1,1,0,0,0.402433
108,BS_2,BS,0.684092,0.852797,0.279662,0.409429,1,1,1,1,0.0
108,BS_3,BS,0.674261,0.841377,0.294138,0.21691,1,1,1,3,0.721331
108,BS_4,BS,0.699151,0.8299,0.257888,0.231447,1,1,1,5,0.674163
108,HAP_0,HAP,0.811443,0.930964,0.008941,0.087358,2,0,0,0,0.504939
108,HAP_1,HAP,0.672264,0.838746,0.297104,0.202948,1,1,1,8,0.506477
108,HAP_2,HAP,0.798297,0.920939,0.025275,0.106873,2,0,0,0,0.513933
108,LEO_0,LEO,0.784923,0.9275,0.14217,0.079694,1,1,1,0,0.587796
108,LEO_1,LEO,0.599736,0.902275,0.411266,0.177946,1,1,1,0,0.205863
109,BS_0,BS,0.742643,0.852299,0.19754,0.406678,1,1,1,1,0.29311
109,BS_1,BS,0.747053,0.944157,0.09162,0.04741,2,0,0,0,0.585487
109,BS_2,BS,0.62395,0.850264,0.371684,0.389711,1,1,1,1,0.715602
109,BS_3,BS,0.661719,0.839328,0.312915,0.21759,1,1,1,3,0.51594
109,BS_4,BS,0.669822,0.830876,0.300743,0.225858,1,1,1,5,0.438932
109,HAP_0,HAP,0.623411,0.912129,0.37255,0.132343,1,1,1,0,1.165254
109,HAP_1,HAP,0.643645,0.835564,0.340608,0.214565,1,1,1,8,0.191998
109,HAP_2,HAP,0.723738,0.929656,0.023326,0.085743,3,0,0,0,0.587764
109,LEO_0,LEO,0.750649,0.930705,0.086817,0.067147,2,0,0,0,0.63045
109,LEO_1,LEO,0.781014,0.91311,0.047162,0.143358,2,0,0,0,0.63661
110,BS_0,BS,0.649551,0.851809,0.331475,0.374786,1,1,1,1,0.797664
110,BS_1,BS,0.678249,0.947247,0.088241,0.041432,3,0,0,0,0.210998
110,BS_2,BS,0.588839,0.842364,0.429603,0.39482,1,1,1,1,0.708643
110,BS_3,BS,0.646732,0.836313,0.335823,0.224822,1,1,1,3,0.568457
110,BS_4,BS,0.647423,0.829615,0.334755,0.231114,1,1,1,3,0.235272
110,HAP_0,HAP,0.762944,0.917356,0.070571,0.108116,2,0,0,0,0.756875
110,HAP_1,HAP,0.642757,0.832932,0.341988,0.224282,1,1,1,7,0.294969
110,HAP_2,HAP,0.630749,0.935641,0.060847,0.070261,4,0,0,0,0.411713
110,LEO_0,LEO,0.772253,0.927898,0.158443,0.065014,1,1,1,0,0.742855
110,LEO_1,LEO,0.74726,0.910964,0.191343,0.131162,1,1,1,0,0.858417
111,BS_0,BS,0.453376,0.825957,0.691033,0.514715,1,1,1,2,0.250045
111,BS_1,BS,0.630599,0.949108,0.061086,0.034824,4,0,0,0,0.558434
111,BS_2,BS,0.526834,0.836276,0.54087,0.447499,1,1,1,1,0.0
111,BS_3,BS,0.668079,0.83585,0.303349,0.221267,1,1,1,4,0.281614
111,BS_4,BS,0.699443,0.833244,0.257471,0.214722,1,1,1,3,0.226916
111,HAP_0,HAP,0.68536,0.912212,0.27781,0.121223,1,1,1,0,0.422705
111,HAP_1,HAP,0.688689,0.834968,0.272965,0.212955,1,1,1,7,0.290535
111,HAP_2,HAP,0.875741,0.941697,0.032685,0.056689,1,1,0,0,0.496083
111,LEO_0,LEO,0.793908,0.929748,0.130787,0.059709,1,1,1,0,0.411353
111,LEO_1,LEO,0.76423,0.913702,0.168887,0.117765,1,1,1,0,0.415933
112,BS_0,BS,0.570257,0.825805,0.461667,0.507684,1,1,1,1,0.0
112,BS_1,BS,0.812932,0.947145,0.107108,0.033022,1,1,1,0,0.588727
112,BS_2,BS,0.594905,0.837475,0.419354,0.437135,1,1,1,1,0.0
112,BS_3,BS,0.614296,0.832739,0.387279,0.244507,1,1,1,2,0.0
112,BS_4,BS,0.668632,0.833444,0.302521,0.212961,1,1,1,4,0.0
112,HAP_0,HAP,0.750942,0.915543,0.186428,0.112618,1,1,1,0,0.255047
112,HAP_1,HAP,0.64247,0.832428,0.342434,0.223132,1,1,1,5,0.352417
112,HAP_2,HAP,0.627761,0.920984,0.365595,0.105498,1,1,1,0,1.18327
112,LEO_0,LEO,0.759046,0.933006,0.075693,0.050345,2,0,0,0,0.663251
112,LEO_1,LEO,0.724764,0.908875,0.221909,0.116371,1,1,1,0,0.973029
113,BS_0,BS,0.730879,0.841092,0.213508,0.426661,1,1,1,2,0.0
113,BS_1,BS,0.797215,0.951124,0.026631,0.026737,2,0,0,0,0.48137
113,BS_2,BS,0.649182,0.845697,0.332041,0.399321,1,1,1,1,0.0
113,BS_3,BS,0.699179,0.83618,0.257849,0.225524,1,1,1,4,0.0
113,BS_4,BS,0.648799,0.831797,0.332632,0.220159,1,1,1,3,0.731578
113,HAP_0,HAP,0.794043,0.919038,0.130618,0.097772,1,1,1,0,0.618941
113,HAP_1,HAP,0.597778,0.828716,0.414536,0.255833,1,1,1,3,0.332505
113,HAP_2,HAP,0.711308,0.916618,0.240649,0.110459,1,1,1,0,0.455405
113,LEO_0,LEO,0.696785,0.938532,0.061279,0.041966,3,0,0,0,0.368235
113,LEO_1,LEO,0.813042,0.914181,0.106973,0.098247,1,1,1,0,0.593356
114,BS_0,BS,0.570551,0.832449,0.461152,0.437026,1,1,1,2,0.512633
114,BS_1,BS,0.693893,0.952562,0.065437,0.023316,3,0,0,0,0.426629
114,BS_2,BS,0.624983,0.848904,0.370031,0.381072,1,1,1,1,0.0
114,BS_3,BS,0.418765,0.815961,0.770445,0.447533,1,1,1,1,0.0
114,BS_4,BS,0.648998,0.830498,0.332326,0.225826,1,1,1,5,0.0
114,HAP_0,HAP,0.74834,0.926017,0.089898,0.081854,2,0,0,0,0.338436
114,HAP_1,HAP,0.656856,0.829285,0.320291,0.25083,1,1,1,7,0.272948
114,HAP_2,HAP,0.782057,0.920279,0.145828,0.097937,1,1,1,0,0.389884
114,LEO_0,LEO,0.812859,0.940887,0.107198,0.038744,1,1,1,0,0.333501
114,LEO_1,LEO,0.811336,0.924114,0.009073,0.078634,2,0,0,0,0.673218
115,BS_0,BS,0.572406,0.83261,0.457907,0.443976,1,1,1,1,0.0
115,BS_1,BS,0.622614,0.951119,0.073829,0.021106,4,0,0,0,0.702305
115,BS_2,BS,0.574243,0.850751,0.454703,0.397898,1,1,1,0,0.0
115,BS_3,BS,0.551185,0.809677,0.495685,0.468593,1,1,1,3,0.0
115,BS_4,BS,0.634798,0.828132,0.354448,0.237195,1,1,1,3,0.621595
115,HAP_0,HAP,0.792164,0.925671,0.132987,0.073442,1,1,1,0,0.799854
115,HAP_1,HAP,0.707095,0.833738,0.24659,0.228027,1,1,1,7,0.202255
115,HAP_2,HAP,0.741323,0.924072,0.099319,0.082788,2,0,0,0,0.667429
115,LEO_0,LEO,0.786688,0.938386,0.139923,0.039806,1,1,1,0,0.653277
115,LEO_1,LEO,0.735893,0.931969,0.00667,0.062927,3,0,0,0,0.698114
116,BS_0,BS,0.618383,0.83286,0.380647,0.420383,1,1,1,1,0.415387
116,BS_1,BS,0.83743,0.952018,0.077418,0.019582,1,1,0,0,0.366492
116,BS_2,BS,0.387002,0.817529,0.849324,0.642926,1,1,1,1,0.781655
116,BS_3,BS,0.671546,0.815181,0.298173,0.414882,1,1,1,4,0.0
116,BS_4,BS,0.660537,0.828623,0.314703,0.234323,1,1,1,5,0.467413
116,HAP_0,HAP,0.748648,0.929747,0.089486,0.062357,2,0,0,0,0.498616
116,HAP_1,HAP,0.660927,0.833165,0.314112,0.226822,1,1,1,6,0.148709
116,HAP_2,HAP,0.69498,0.929765,0.063872,0.068067,3,0,0,0,0.552784
116,LEO_0,LEO,0.784192,0.943262,0.043101,0.03268,2,0,0,0,0.459479
116,LEO_1,LEO,0.629743,0.935943,0.062444,0.052097,4,0,0,0,0.562623
117,BS_0,BS,0.588982,0.835672,0.42936,0.419263,1,1,1,1,0.0
117,BS_1,BS,0.517469,0.91524,0.558805,0.156184,1,1,1,0,4.698979
117,BS_2,BS,0.632242,0.824027,0.358483,0.572171,1,1,1,1,0.0
117,BS_3,BS,0.677828,0.819879,0.288862,0.369454,1,1,1,4,0.0
117,BS_4,BS,0.660097,0.828976,0.315368,0.232214,1,1,1,3,0.0
117,HAP_0,HAP,0.733056,0.927559,0.210533,0.069832,1,1,1,0,0.315183
117,HAP_1,HAP,0.652389,0.831909,0.327115,0.229609,1,1,1,6,0.368193
117,HAP_2,HAP,0.654873,0.93806,0.023314,0.054698,4,0,0,0,0.402603
117,LEO_0,LEO,0.816551,0.944481,0.102666,0.030887,1,1,1,0,0.374453
117,LEO_1,LEO,0.698883,0.93031,0.258272,0.071694,1,1,1,0,0.221363
118,BS_0,BS,0.590918,0.835355,0.426078,0.417105,1,1,1,2,0.0
118,BS_1,BS,0.509981,0.895219,0.573381,0.272892,1,1,1,0,0.0
118,BS_2,BS,0.457287,0.816578,0.682443,0.667315,1,1,1,0,0.0
118,BS_3,BS,0.656701,0.821685,0.320526,0.341795,1,1,1,4,0.0
118,BS_4,BS,0.654616,0.828759,0.323706,0.232925,1,1,1,4,0.0
118,HAP_0,HAP,0.64199,0.912071,0.343183,0.108864,1,1,1,0,1.082994
118,HAP_1,HAP,0.652858,0.830944,0.326396,0.231628,1,1,1,5,0.252071
118,HAP_2,HAP,0.760456,0.937922,0.173838,0.057357,1,1,1,0,0.153067
118,LEO_0,LEO,0.560065,0.915332,0.479703,0.128262,1,1,1,0,1.334733
118,LEO_1,LEO,0.8025,0.939624,0.020023,0.057536,2,0,0,0,0.354107
119,BS_0,BS,0.721438,0.848281,0.226509,0.356772,1,1,1,2,0.0
119,BS_1,BS,0.703488,0.900559,0.251705,0.246823,1,1,1,0,0.0
119,BS_2,BS,0.684244,0.836156,0.279441,0.568991,1,1,1,0,0.0
119,BS_3,BS,0.646085,0.822141,0.336824,0.324489,1,1,1,4,0.0
119,BS_4,BS,0.648337,0.828006,0.333345,0.236344,1,1,1,4,0.69843
119,HAP_0,HAP,0.759176,0.917903,0.075522,0.089658,2,0,0,0,0.668214
119,HAP_1,HAP,0.641583,0.829127,0.343817,0.238497,1,1,1,8,0.205663
119,HAP_2,HAP,0.737058,0.93234,0.205089,0.064813,1,1,1,0,0.659244
119,LEO_0,LEO,0.667966,0.908575,0.303518,0.144065,1,1,1,0,0.39816
119,LEO_1,LEO,0.638235,0.921798,0.349049,0.100854,1,1,1,0,1.034255
120,BS_0,BS,0.489283,0.828454,0.614814,0.455516,1,1,1,2,0.37861
120,BS_1,BS,0.790237,0.909022,0.135423,0.205711,1,1,1,0,0.399693
120,BS_2,BS,0.421606,0.814815,0.763685,0.71764,1,1,1,1,0.360927
120,BS_3,BS,0.614987,0.819544,0.386155,0.326693,1,1,1,3,0.451305
120,BS_4,BS,0.647055,0.827286,0.335324,0.239674,1,1,1,3,0.736827
120,HAP_0,HAP,0.78258,0.91508,0.145159,0.081208,1,1,1,0,1.136049
120,HAP_1,HAP,0.600556,0.824359,0.409899,0.266405,1,1,1,4,0.240738
120,HAP_2,HAP,0.794898,0.938578,0.029542,0.052243,2,0,0,0,0.54778
120,LEO_0,LEO,0.774725,0.913483,0.155247,0.126097,1,1,1,0,0.370688
120,LEO_1,LEO,0.802769,0.924141,0.119688,0.08713,1,1,1,0,0.540545
121,BS_0,BS,0.461585,0.817953,0.673089,0.568285,1,1,1,1,0.0
121,BS_1,BS,0.780192,0.913207,0.148216,0.174455,1,1,1,0,0.557152
121,BS_2,BS,0.635016,0.824668,0.354105,0.630537,1,1,1,1,0.0
121,BS_3,BS,0.715871,0.82658,0.234255,0.286048,1,1,1,3,0.0
121,BS_4,BS,0.656103,0.827542,0.321438,0.238234,1,1,1,4,0.0
121,HAP_0,HAP,0.640151,0.906394,0.346051,0.118855,1,1,1,0,0.350014
121,HAP_1,HAP,0.731168,0.831831,0.213112,0.233562,1,1,1,7,0.333322
121,HAP_2,HAP,0.793775,0.939892,0.130955,0.049512,1,1,1,0,0.251152
121,LEO_0,LEO,0.788468,0.923435,0.037664,0.101516,2,0,0,0,0.534979
121,LEO_1,LEO,0.767893,0.92053,0.164104,0.081822,1,1,1,0,0.964185
122,BS_0,BS,0.539937,0.813354,0.516303,0.574584,1,1,1,2,0.0
122,BS_1,BS,0.809029,0.924999,0.011921,0.139628,2,0,0,0,0.478498
122,BS_2,BS,0.630708,0.829953,0.360912,0.563046,1,1,1,1,0.535026
122,BS_3,BS,0.686499,0.829695,0.27615,0.263155,1,1,1,3,0.558605
122,BS_4,BS,0.332871,0.796492,1.0,1.017385,1,1,1,0,0.317712
122,HAP_0,HAP,0.786782,0.912879,0.139804,0.103879,1,1,1,0,0.358308
122,HAP_1,HAP,0.694934,0.834655,0.263939,0.218198,1,1,1,7,0.473943
122,HAP_2,HAP,0.78903,0.938136,0.136951,0.04805,1,1,1,0,0.61723
122,LEO_0,LEO,0.736438,0.933954,0.00593,0.081229,3,0,0,0,0.427472
122,LEO_1,LEO,0.721989,0.917821,0.225746,0.088391,1,1,1,0,0.408856
123,BS_0,BS,0.802846,0.835144,0.119593,0.466103,1,1,1,1,0.0
123,BS_1,BS,0.52039,0.893838,0.553177,0.249404,1,1,1,0,3.435021
123,BS_2,BS,0.578693,0.829207,0.446984,0.540344,1,1,1,1,0.0
123,BS_3,BS,0.660375,0.829859,0.314947,0.25516,1,1,1,4,0.0
123,BS_4,BS,0.474726,0.785384,0.645018,1.00113,1,1,1,3,0.0
123,HAP_0,HAP,0.796644,0.924806,0.027347,0.08344,2,0,0,0,0.38593
123,HAP_1,HAP,0.662475,0.834023,0.311772,0.218299,1,1,1,6,0.0
123,HAP_2,HAP,0.729362,0.935658,0.215585,0.059354,1,1,1,0,0.100474
123,LEO_0,LEO,0.812023,0.937766,0.108227,0.070254,1,1,1,0,0.252015
123,LEO_1,LEO,0.775582,0.921585,0.154141,0.081404,1,1,1,0,0.301459
124,BS_0,BS,0.71315,0.843799,0.238063,0.398386,1,1,1,1,0.546653
124,BS_1,BS,0.506053,0.87761,0.581113,0.351485,1,1,1,0,0.0
124,BS_2,BS,0.486241,0.824516,0.621051,0.605843,1,1,1,0,0.0
124,BS_3,BS,0.648229,0.828877,0.333511,0.254182,1,1,1,3,0.788822
124,BS_4,BS,0.660657,0.794814,0.314521,0.845419,1,1,1,3,0.0
124,HAP_0,HAP,0.698239,0.932914,0.059194,0.068329,3,0,0,0,0.325987
124,HAP_1,HAP,0.654535,0.832789,0.323831,0.221829,1,1,1,6,0.135203
124,HAP_2,HAP,0.75254,0.932141,0.184301,0.062768,1,1,1,0,0.617997
124,LEO_0,LEO,0.620563,0.918699,0.377129,0.120205,1,1,1,0,1.038077
124,LEO_1,LEO,0.814186,0.925465,0.105566,0.070138,1,1,1,0,0.598071
125,BS_0,BS,0.618944,0.8457,0.379741,0.3836,1,1,1,1,0.286603
125,BS_1,BS,0.701473,0.886295,0.254572,0.310351,1,1,1,0,0.0
125,BS_2,BS,0.605451,0.83291,0.401781,0.557317,1,1,1,1,0.0
125,BS_3,BS,0.488906,0.817008,0.615586,0.373871,1,1,1,2,0.0
125,BS_4,BS,0.641695,0.800309,0.343643,0.729476,1,1,1,4,0.0
125,HAP_0,HAP,0.650589,0.940719,0.029877,0.055064,4,0,0,0,0.3929
125,HAP_1,HAP,0.646542,0.831065,0.336117,0.228302,1,1,1,7,0.0
125,HAP_2,HAP,0.760577,0.935413,0.073678,0.052657,2,0,0,0,0.601749
125,LEO_0,LEO,0.685997,0.914746,0.276882,0.130663,1,1,1,0,0.22796
125,LEO_1,LEO,0.59118,0.903297,0.425634,0.137635,1,1,1,0,1.3054
126,BS_0,BS,0.509021,0.829547,0.575266,0.455799,1,1,1,1,0.60799
126,BS_1,BS,0.59947,0.876875,0.41171,0.324558,1,1,1,0,0.919302
126,BS_2,BS,0.553015,0.832923,0.49237,0.554946,1,1,1,1,0.0
126,BS_3,BS,0.632999,0.818338,0.357287,0.356541,1,1,1,4,0.0
126,BS_4,BS,0.6603,0.806358,0.315061,0.628249,1,1,1,4,0.284711
126,HAP_0,HAP,0.883454,0.946514,0.023916,0.044309,1,1,0,0,0.482767
126,HAP_1,HAP,0.6487,0.829885,0.332785,0.232477,1,1,1,7,0.246097
126,HAP_2,HAP,0.780449,0.932465,0.147886,0.051968,1,1,1,0,0.727083
126,LEO_0,LEO,0.813967,0.927103,0.005835,0.104545,2,0,0,0,0.452965
126,LEO_1,LEO,0.590237,0.893152,0.427231,0.192244,1,1,1,0,0.193034
127,BS_0,BS,0.618671,0.828985,0.380181,0.429681,1,1,1,2,0.0
127,BS_1,BS,0.824918,0.891116,0.092471,0.263495,1,1,1,0,0.418043
127,BS_2,BS,0.444187,0.811729,0.71151,0.671767,1,1,1,1,0.79024
127,BS_3,BS,0.695026,0.824076,0.263806,0.31655,1,1,1,4,0.723491
127,BS_4,BS,0.650542,0.810293,0.32995,0.551589,1,1,1,5,0.331445
127,HAP_0,HAP,0.779556,0.94148,0.149031,0.045442,1,1,1,0,0.733059
127,HAP_1,HAP,0.648482,0.82892,0.333122,0.235918,1,1,1,7,0.27059
127,HAP_2,HAP,0.798428,0.933793,0.125111,0.048618,1,1,1,0,0.409214
127,LEO_0,LEO,0.806892,0.928658,0.114565,0.089543,1,1,1,0,0.660138
127,LEO_1,LEO,0.835449,0.905798,0.079786,0.15666,1,1,1,0,0.39578
128,BS_0,BS,0.843433,0.847591,0.070274,0.345967,1,1,1,2,0.209472
128,BS_1,BS,0.829262,0.901238,0.087219,0.214219,1,1,1,0,0.68181
128,BS_2,BS,0.480263,0.808994,0.633422,0.717964,1,1,1,0,0.0
128,BS_3,BS,0.656285,0.825038,0.32116,0.299655,1,1,1,3,0.602995
128,BS_4,BS,0.64668,0.813081,0.335903,0.492046,1,1,1,4,0.0
128,HAP_0,HAP,0.806205,0.946148,0.015417,0.03646,2,0,0,0,0.594173
128,HAP_1,HAP,0.64441,0.827771,0.339421,0.240577,1,1,1,5,0.26537
128,HAP_2,HAP,0.770612,0.937444,0.06057,0.040545,2,0,0,0,0.627707
128,LEO_0,LEO,0.802119,0.935583,0.020498,0.071823,2,0,0,0,0.610459
128,LEO_1,LEO,0.655061,0.896235,0.323027,0.172284,1,1,1,0,1.029253
129,BS_0,BS,0.73454,0.851286,0.20851,0.296338,1,1,1,2,0.759919
129,BS_1,BS,0.864217,0.911385,0.045931,0.172324,1,1,1,0,0.695581
129,BS_2,BS,0.581555,0.817064,0.44205,0.662305,1,1,1,1,0.0
129,BS_3,BS,0.372626,0.800581,0.88718,0.593913,1,1,1,1,0.0
129,BS_4,BS,0.648497,0.815479,0.333098,0.443566,1,1,1,4,0.0
129,HAP_0,HAP,0.768772,0.938354,0.162961,0.041119,1,1,1,0,0.945591
129,HAP_1,HAP,0.648343,0.827217,0.333335,0.242462,1,1,1,5,0.30292
129,HAP_2,HAP,0.80277,0.935931,0.119688,0.038882,1,1,1,0,0.706456
129,LEO_0,LEO,0.723007,0.940835,0.024337,0.057725,3,0,0,0,0.618563
129,LEO_1,LEO,0.662269,0.894892,0.312083,0.181655,1,1,1,0,0.195843
130,BS_0,BS,0.771731,0.856626,0.159119,0.248464,1,1,1,2,0.712565
130,BS_1,BS,0.752574,0.918606,0.084256,0.141054,2,0,0,0,0.509694
130,BS_2,BS,0.560216,0.819547,0.479433,0.633279,1,1,1,1,0.0
130,BS_3,BS,0.537649,0.795988,0.520549,0.597067,1,1,1,3,0.0
130,BS_4,BS,0.642469,0.816837,0.342437,0.407621,1,1,1,5,0.582684
130,HAP_0,HAP,0.797889,0.936724,0.125786,0.040015,1,1,1,0,0.58174
130,HAP_1,HAP,0.642022,0.826185,0.343133,0.246953,1,1,1,5,0.216221
130,HAP_2,HAP,0.797359,0.941071,0.02645,0.031421,2,0,0,0,0.58981
130,LEO_0,LEO,0.623491,0.943603,0.07242,0.04854,4,0,0,0,0.435704
130,LEO_1,LEO,0.80312,0.91074,0.019251,0.145491,2,0,0,0,0.418036
131,BS_0,BS,0.378342,0.825396,0.871958,0.540911,1,1,1,0,0.577032
131,BS_1,BS,0.714035,0.926516,0.036823,0.113454,3,0,0,0,0.633672
131,BS_2,BS,0.639499,0.830605,0.34707,0.560829,1,1,1,1,0.0
131,BS_3,BS,0.761415,0.815041,0.172577,0.491056,1,1,1,2,0.0
131,BS_4,BS,0.618226,0.81699,0.380901,0.391385,1,1,1,3,0.0
131,HAP_0,HAP,0.776929,0.940233,0.052406,0.033248,2,0,0,0,0.590041
131,HAP_1,HAP,0.581676,0.822645,0.441842,0.285413,1,1,1,6,0.179533
131,HAP_2,HAP,0.725922,0.944849,0.020313,0.025322,3,0,0,0,0.696386
131,LEO_0,LEO,0.802805,0.943692,0.119644,0.045274,1,1,1,0,0.383444
131,LEO_1,LEO,0.620409,0.895982,0.377376,0.180478,1,1,1,0,1.145525
132,BS_0,BS,0.441818,0.804247,0.716858,0.663977,1,1,1,3,0.0
132,BS_1,BS,0.653652,0.932613,0.02518,0.091048,4,0,0,0,0.73214
132,BS_2,BS,0.567938,0.829349,0.465743,0.546276,1,1,1,1,0.0
132,BS_3,BS,0.702474,0.826725,0.253147,0.421682,1,1,1,1,0.211934
132,BS_4,BS,0.682672,0.821963,0.281741,0.348828,1,1,1,4,0.0
132,HAP_0,HAP,0.769632,0.938114,0.161842,0.038385,1,1,1,0,0.395065
132,HAP_1,HAP,0.756193,0.83299,0.179459,0.242823,1,1,1,7,0.225227
132,HAP_2,HAP,0.628013,0.946462,0.065194,0.02217,4,0,0,0,0.518525
132,LEO_0,LEO,0.74945,0.946605,0.088416,0.039737,2,0,0,0,0.280239
132,LEO_1,LEO,0.636905,0.892149,0.351134,0.199866,1,1,1,0,0.196897
133,BS_0,BS,0.733301,0.816174,0.210199,0.551065,1,1,1,3,0.793588
133,BS_1,BS,0.73836,0.93023,0.203324,0.091442,1,1,1,0,0.280444
133,BS_2,BS,0.699623,0.840245,0.257213,0.466792,1,1,1,1,0.32086
133,BS_3,BS,0.587494,0.821443,0.43189,0.421284,1,1,1,4,0.628809
133,BS_4,BS,0.662953,0.823962,0.311051,0.322601,1,1,1,3,0.512535
133,HAP_0,HAP,0.805047,0.940387,0.116855,0.036853,1,1,1,0,0.277693
133,HAP_1,HAP,0.727944,0.838469,0.217532,0.215553,1,1,1,5,0.266413
133,HAP_2,HAP,0.799158,0.945097,0.124196,0.024677,1,1,1,0,0.43996
133,LEO_0,LEO,0.701863,0.950482,0.054017,0.033103,3,0,0,0,0.36892
133,LEO_1,LEO,0.890863,0.907929,0.015564,0.160002,1,1,1,0,0.517734
134,BS_0,BS,0.577402,0.813835,0.449217,0.53166,1,1,1,1,0.787704
134,BS_1,BS,0.447471,0.891792,0.704143,0.296271,1,1,1,1,0.751914
134,BS_2,BS,0.664893,0.845255,0.308128,0.416158,1,1,1,1,0.247179
134,BS_3,BS,0.69836,0.826808,0.25902,0.367218,1,1,1,4,0.239791
134,BS_4,BS,0.653353,0.824642,0.325638,0.305799,1,1,1,4,0.590605
134,HAP_0,HAP,0.775181,0.944765,0.054659,0.030827,2,0,0,0,0.455682
134,HAP_1,HAP,0.670136,0.837784,0.300275,0.213016,1,1,1,8,0.189278
134,HAP_2,HAP,0.814998,0.950741,0.004569,0.019751,2,0,0,0,0.517227
134,LEO_0,LEO,0.63315,0.953448,0.057047,0.027946,4,0,0,0,0.350339
134,LEO_1,LEO,0.766011,0.916543,0.066559,0.129995,2,0,0,0,0.604524
135,BS_0,BS,0.5066,0.811074,0.580033,0.576725,1,1,1,1,0.0
135,BS_1,BS,0.55407,0.881977,0.490464,0.345267,1,1,1,0,0.0
135,BS_2,BS,0.683058,0.850317,0.281176,0.368503,1,1,1,1,0.288583
135,BS_3,BS,0.669352,0.828399,0.301445,0.334666,1,1,1,3,0.605349
135,BS_4,BS,0.646392,0.824535,0.33635,0.295548,1,1,1,4,0.424524
135,HAP_0,HAP,0.680437,0.930992,0.285019,0.061218,1,1,1,0,0.858345
135,HAP_1,HAP,0.657927,0.836113,0.318661,0.216108,1,1,1,6,0.289166
135,HAP_2,HAP,0.633679,0.928884,0.356213,0.0729,1,1,1,0,1.16553
135,LEO_0,LEO,0.807823,0.953285,0.113412,0.028145,1,1,1,0,0.245791
135,LEO_1,LEO,0.651294,0.903766,0.328793,0.152643,1,1,1,0,1.072421
136,BS_0,BS,0.492649,0.801795,0.607958,0.627706,1,1,1,2,0.0
136,BS_1,BS,0.475316,0.860225,0.643776,0.462715,1,1,1,1,0.0
136,BS_2,BS,0.689868,0.854123,0.271255,0.327913,1,1,1,1,0.299114
136,BS_3,BS,0.64612,0.827521,0.33677,0.318769,1,1,1,3,0.627043
136,BS_4,BS,0.401351,0.803979,0.812918,0.533815,1,1,1,1,0.0
136,HAP_0,HAP,0.752473,0.929631,0.184391,0.064274,1,1,1,0,0.319346
136,HAP_1,HAP,0.651991,0.834228,0.327725,0.221218,1,1,1,6,0.298164
136,HAP_2,HAP,0.73188,0.924293,0.212138,0.078571,1,1,1,0,0.502325
136,LEO_0,LEO,0.64954,0.934756,0.331491,0.071965,1,1,1,0,0.931003
136,LEO_1,LEO,0.728465,0.904501,0.216816,0.143269,1,1,1,0,0.444255
137,BS_0,BS,0.795482,0.823144,0.128807,0.509631,1,1,1,2,0.0
137,BS_1,BS,0.61921,0.858416,0.379311,0.434916,1,1,1,0,0.707474
137,BS_2,BS,0.698194,0.857971,0.259258,0.292577,1,1,1,1,0.569691
137,BS_3,BS,0.670215,0.829009,0.300156,0.295557,1,1,1,2,0.636546
137,BS_4,BS,0.783052,0.825352,0.144557,0.436455,1,1,1,3,0.0
137,HAP_0,HAP,0.791514,0.936518,0.033808,0.051934,2,0,0,0,0.542404
137,HAP_1,HAP,0.544014,0.824798,0.50878,0.29346,1,1,1,5,0.244778
137,HAP_2,HAP,0.76922,0.929905,0.062378,0.064608,2,0,0,0,0.571186
137,LEO_0,LEO,0.714313,0.930178,0.236435,0.082728,1,1,1,0,0.230564
137,LEO_1,LEO,0.767966,0.912648,0.064009,0.116459,2,0,0,0,0.751545
138,BS_0,BS,0.788268,0.837931,0.137918,0.416264,1,1,1,2,0.277221
138,BS_1,BS,0.606166,0.861296,0.400601,0.42015,1,1,1,0,0.0
138,BS_2,BS,0.62188,0.856502,0.375008,0.297346,1,1,1,1,0.305455
138,BS_3,BS,0.725563,0.834959,0.220808,0.258386,1,1,1,3,0.0
138,BS_4,BS,0.57234,0.818968,0.458023,0.443567,1,1,1,3,0.276576
138,HAP_0,HAP,0.701246,0.942092,0.054897,0.042903,3,0,0,0,0.349577
138,HAP_1,HAP,0.704985,0.830452,0.249579,0.262799,1,1,1,7,0.301591
138,HAP_2,HAP,0.743667,0.928374,0.196162,0.069002,1,1,1,0,0.327822
138,LEO_0,LEO,0.805018,0.939232,0.016891,0.06631,2,0,0,0,0.401082
138,LEO_1,LEO,0.692174,0.920909,0.067919,0.095243,3,0,0,0,0.463915
139,BS_0,BS,0.734388,0.848556,0.208718,0.352615,1,1,1,2,0.0
139,BS_1,BS,0.53093,0.853779,0.533125,0.464019,1,1,1,1,0.0
139,BS_2,BS,0.593353,0.854263,0.421966,0.318002,1,1,1,1,0.0
139,BS_3,BS,0.657707,0.833827,0.318996,0.2525,1,1,1,4,0.0
139,BS_4,BS,0.686099,0.827797,0.276733,0.389315,1,1,1,2,0.0
139,HAP_0,HAP,0.656929,0.947508,0.020179,0.034506,4,0,0,0,0.523608
139,HAP_1,HAP,0.702392,0.834284,0.253264,0.239103,1,1,1,7,0.186031
139,HAP_2,HAP,0.760551,0.930514,0.173712,0.068781,1,1,1,0,0.125842
139,LEO_0,LEO,0.530318,0.907165,0.534278,0.181502,1,1,1,0,1.423123
139,LEO_1,LEO,0.669334,0.930464,0.001473,0.076195,4,0,0,0,0.643496
140,BS_0,BS,0.693146,0.854449,0.266515,0.314056,1,1,1,1,0.269889
140,BS_1,BS,0.541436,0.846238,0.51353,0.489886,1,1,1,1,0.278093
140,BS_2,BS,0.562705,0.844732,0.475,0.355933,1,1,1,1,0.353683
140,BS_3,BS,0.657605,0.832913,0.319151,0.247836,1,1,1,4,0.647216
140,BS_4,BS,0.670781,0.830124,0.299313,0.351767,1,1,1,3,0.373744
140,HAP_0,HAP,0.857763,0.949348,0.053428,0.028889,1,1,0,0,0.557796
140,HAP_1,HAP,0.623283,0.830085,0.372754,0.253808,1,1,1,5,0.567008
140,HAP_2,HAP,0.747091,0.93526,0.091569,0.058798,2,0,0,0,0.413106
140,LEO_0,LEO,0.656927,0.900762,0.320182,0.191334,1,1,1,0,0.415739
140,LEO_1,LEO,0.891012,0.937526,0.015397,0.061063,1,1,0,0,0.585844
141,BS_0,BS,0.703993,0.861496,0.250986,0.279592,1,1,1,2,0.0
141,BS_1,BS,0.549786,0.839878,0.498227,0.503612,1,1,1,1,0.0
141,BS_2,BS,0.709954,0.853052,0.242554,0.311221,1,1,1,1,0.0
141,BS_3,BS,0.650768,0.831554,0.329602,0.247155,1,1,1,4,0.0
141,BS_4,BS,0.691679,0.83315,0.268633,0.313887,1,1,1,3,0.0
141,HAP_0,HAP,0.752792,0.940388,0.183966,0.038341,1,1,1,0,0.870229
141,HAP_1,HAP,0.728956,0.836104,0.216142,0.224069,1,1,1,7,0.0
141,HAP_2,HAP,0.688102,0.925387,0.273818,0.080778,1,1,1,0,0.707457
141,LEO_0,LEO,0.77173,0.90673,0.159121,0.164461,1,1,1,0,0.397595
141,LEO_1,LEO,0.711456,0.92602,0.240441,0.074866,1,1,1,0,1.048771
142,BS_0,BS,0.504077,0.840694,0.585025,0.377688,1,1,1,2,0.651333
142,BS_1,BS,0.592304,0.83901,0.423735,0.483688,1,1,1,0,0.753056
142,BS_2,BS,0.502252,0.842281,0.588654,0.404908,1,1,1,0,0.400627
142,BS_3,BS,0.647927,0.830205,0.333978,0.247918,1,1,1,4,0.64567
142,BS_4,BS,0.662603,0.832859,0.311579,0.294796,1,1,1,2,0.406935
142,HAP_0,HAP,0.799674,0.93925,0.123551,0.037542,1,1,1,0,0.504603
142,HAP_1,HAP,0.698008,0.838313,0.259524,0.209564,1,1,1,8,0.332705
142,HAP_2,HAP,0.780158,0.931121,0.048259,0.06567,2,0,0,0,0.626918
142,LEO_0,LEO,0.815293,0.920258,0.004208,0.131577,2,0,0,0,0.500812
142,LEO_1,LEO,0.804549,0.931176,0.017474,0.06003,2,0,0,0,0.834523
143,BS_0,BS,0.678063,0.846482,0.288514,0.339609,1,1,1,2,0.0
143,BS_1,BS,0.587164,0.843767,0.432451,0.471107,1,1,1,0,0.0
143,BS_2,BS,0.60339,0.846054,0.405191,0.397807,1,1,1,1,0.0
143,BS_3,BS,0.630775,0.827515,0.360807,0.256916,1,1,1,3,0.737901
143,BS_4,BS,0.678956,0.834062,0.287199,0.272955,1,1,1,3,0.630764
143,HAP_0,HAP,0.794857,0.93955,0.129593,0.037591,1,1,1,0,0.368078
143,HAP_1,HAP,0.664449,0.837123,0.308797,0.210561,1,1,1,8,0.300199
143,HAP_2,HAP,0.738902,0.93921,0.00259,0.052539,3,0,0,0,0.534014
143,LEO_0,LEO,0.692517,0.92634,0.067423,0.107307,3,0,0,0,0.605828
143,LEO_1,LEO,0.79802,0.926666,0.125622,0.055125,1,1,1,0,1.127413
144,BS_0,BS,0.780639,0.858634,0.147642,0.281496,1,1,1,2,0.269257
144,BS_1,BS,0.764954,0.864639,0.16794,0.389577,1,1,1,0,0.0
144,BS_2,BS,0.690268,0.85991,0.270676,0.351215,1,1,1,0,0.0
144,BS_3,BS,0.652413,0.827388,0.327077,0.253673,1,1,1,3,0.33074
144,BS_4,BS,0.704256,0.837214,0.250614,0.246627,1,1,1,5,0.309671
144,HAP_0,HAP,0.77769,0.93582,0.151428,0.040391,1,1,1,0,0.739933
144,HAP_1,HAP,0.651209,0.834963,0.328924,0.217135,1,1,1,8,0.214778
144,HAP_2,HAP,0.650515,0.943549,0.029991,0.042436,4,0,0,0,0.614171
144,LEO_0,LEO,0.654668,0.935199,0.023627,0.086097,4,0,0,0,0.411405
144,LEO_1,LEO,0.777302,0.924136,0.151926,0.054487,1,1,1,0,0.741782
145,BS_0,BS,0.557194,0.843878,0.484842,0.330979,1,1,1,2,0.706463
145,BS_1,BS,0.700244,0.871722,0.256327,0.341228,1,1,1,0,0.568722
145,BS_2,BS,0.390646,0.826701,0.839952,0.598456,1,1,1,1,0.770353
145,BS_3,BS,0.629304,0.825122,0.363141,0.262281,1,1,1,3,0.705455
145,BS_4,BS,0.641648,0.834149,0.343716,0.250465,1,1,1,5,0.212119
145,HAP_0,HAP,0.806395,0.941693,0.015182,0.032417,2,0,0,0,0.588177
145,HAP_1,HAP,0.627442,0.831004,0.366104,0.234022,1,1,1,6,0.536193
145,HAP_2,HAP,0.859795,0.946972,0.051062,0.035122,1,1,0,0,0.44998
145,LEO_0,LEO,0.899325,0.943074,0.006111,0.068894,1,1,0,0,0.47839
145,LEO_1,LEO,0.763023,0.9276,0.070467,0.045824,2,0,0,0,0.733023
146,BS_0,BS,0.589937,0.840992,0.427739,0.347116,1,1,1,1,0.0
146,BS_1,BS,0.784112,0.882796,0.143203,0.282211,1,1,1,0,0.633413
146,BS_2,BS,0.592176,0.829017,0.423951,0.559646,1,1,1,1,0.0
146,BS_3,BS,0.722127,0.831564,0.225554,0.232718,1,1,1,3,0.0
146,BS_4,BS,0.622425,0.829871,0.374132,0.26336,1,1,1,4,0.566146
146,HAP_0,HAP,0.787015,0.936611,0.139508,0.034692,1,1,1,0,0.895271
146,HAP_1,HAP,0.713685,0.835564,0.237314,0.212561,1,1,1,8,0.129829
146,HAP_2,HAP,0.791175,0.942553,0.134236,0.036206,1,1,1,0,0.751215
146,LEO_0,LEO,0.787756,0.94683,0.038567,0.055785,2,0,0,0,0.546426
146,LEO_1,LEO,0.672386,0.929181,0.096923,0.040887,3,0,0,0,0.698449
147,BS_0,BS,0.711586,0.845681,0.240259,0.303668,1,1,1,2,0.578742
147,BS_1,BS,0.882304,0.898786,0.025218,0.226055,1,1,1,0,0.59249
147,BS_2,BS,0.654572,0.835323,0.323774,0.49489,1,1,1,1,0.46441
147,BS_3,BS,0.483037,0.815043,0.627661,0.363456,1,1,1,2,0.781922
147,BS_4,BS,0.57192,0.821372,0.458756,0.305394,1,1,1,2,0.740902
147,HAP_0,HAP,0.814446,0.936599,0.105247,0.032738,1,1,1,0,0.587608
147,HAP_1,HAP,0.67586,0.835945,0.291769,0.208357,1,1,1,7,0.535038
147,HAP_2,HAP,0.757234,0.943961,0.078083,0.031709,2,0,0,0,0.500302
147,LEO_0,LEO,0.675437,0.945798,0.092396,0.048469,3,0,0,0,0.632435
147,LEO_1,LEO,0.7396,0.925733,0.201646,0.051007,1,1,1,0,0.512013
148,BS_0,BS,0.706048,0.848043,0.248073,0.270628,1,1,1,2,0.200348
148,BS_1,BS,0.47081,0.86997,0.6533,0.372904,1,1,1,1,0.623917
148,BS_2,BS,0.528871,0.834345,0.537011,0.525683,1,1,1,0,0.0
148,BS_3,BS,0.603605,0.813234,0.404836,0.364516,1,1,1,3,0.0
148,BS_4,BS,0.734389,0.829574,0.208716,0.263918,1,1,1,3,0.0
148,HAP_0,HAP,0.749158,0.928427,0.188805,0.042232,1,1,1,0,1.031016
148,HAP_1,HAP,0.655564,0.834421,0.32226,0.213419,1,1,1,6,0.0
148,HAP_2,HAP,0.763769,0.940974,0.16949,0.038294,1,1,1,0,0.368263
148,LEO_0,LEO,0.800173,0.94637,0.122927,0.045576,1,1,1,0,0.208518
148,LEO_1,LEO,0.801204,0.932846,0.021639,0.041016,2,0,0,0,0.667475
149,BS_0,BS,0.741348,0.85606,0.199285,0.234374,1,1,1,2,0.0
149,BS_1,BS,0.543295,0.859728,0.510102,0.415415,1,1,1,1,0.0
149,BS_2,BS,0.725759,0.853905,0.220537,0.442433,1,1,1,0,0.0
149,BS_3,BS,0.722011,0.822142,0.225715,0.314539,1,1,1,4,0.0
149,BS_4,BS,0.703811,0.833585,0.251246,0.239541,1,1,1,4,0.0
149,HAP_0,HAP,0.746091,0.925104,0.192908,0.050531,1,1,1,0,0.519817
149,HAP_1,HAP,0.647711,0.832478,0.334311,0.221029,1,1,1,6,0.129003
149,HAP_2,HAP,0.793287,0.945878,0.03157,0.031084,2,0,0,0,0.525293
149,LEO_0,LEO,0.627774,0.926417,0.365575,0.096601,1,1,1,0,1.020816
149,LEO_1,LEO,0.770899,0.928144,0.160198,0.044361,1,1,1,0,0.904035
150,BS_0,BS,0.690209,0.854519,0.270761,0.220489,1,1,1,2,0.379848
150,BS_1,BS,0.573106,0.850527,0.456684,0.426185,1,1,1,1,0.710357
150,BS_2,BS,0.754758,0.868718,0.181359,0.368747,1,1,1,0,0.432138
150,BS_3,BS,0.678836,0.825491,0.287376,0.288795,1,1,1,3,0.723097
150,BS_4,BS,0.645256,0.831581,0.338108,0.243075,1,1,1,5,0.661776
150,HAP_0,HAP,0.753541,0.929708,0.082971,0.043523,2,0,0,0,0.523087
150,HAP_1,HAP,0.678183,0.833682,0.288338,0.214235,1,1,1,7,0.219857
150,HAP_2,HAP,0.71166,0.950361,0.040155,0.025593,3,0,0,0,0.366258
150,LEO_0,LEO,0.768596,0.930641,0.063189,0.079078,2,0,0,0,0.618935
150,LEO_1,LEO,0.760445,0.931152,0.073851,0.037943,2,0,0,0,0.65353
151,BS_0,BS,0.523968,0.84084,0.546324,0.310703,1,1,1,1,0.582731
151,BS_1,BS,0.554328,0.846077,0.489999,0.448992,1,1,1,1,0.0
151,BS_2,BS,0.451994,0.844026,0.694087,0.511788,1,1,1,1,0.750912
151,BS_3,BS,0.646563,0.825232,0.336085,0.281865,1,1,1,4,0.380307
151,BS_4,BS,0.651906,0.830594,0.327854,0.24283,1,1,1,4,0.0
151,HAP_0,HAP,0.69337,0.93216,0.066192,0.03679,3,0,0,0,0.819415
151,HAP_1,HAP,0.65947,0.832967,0.316319,0.216414,1,1,1,5,0.193573
151,HAP_2,HAP,0.764359,0.943101,0.168718,0.033284,1,1,1,0,0.784793
151,LEO_0,LEO,0.817333,0.932288,0.101708,0.067917,1,1,1,0,0.597826
151,LEO_1,LEO,0.670944,0.932423,0.09907,0.034772,3,0,0,0,0.645954
152,BS_0,BS,0.675429,0.846919,0.292408,0.287038,1,1,1,1,0.0
152,BS_1,BS,0.604433,0.851664,0.403464,0.432446,1,1,1,0,0.0
152,BS_2,BS,0.509208,0.836723,0.574898,0.558159,1,1,1,1,0.0
152,BS_3,BS,0.6426,0.824652,0.342233,0.278197,1,1,1,4,0.0
152,BS_4,BS,0.639948,0.828763,0.346369,0.248251,1,1,1,4,0.0
152,HAP_0,HAP,0.70052,0.927569,0.255933,0.058908,1,1,1,0,0.159494
152,HAP_1,HAP,0.648302,0.831369,0.333398,0.223151,1,1,1,8,0.185919
152,HAP_2,HAP,0.661369,0.924414,0.313444,0.070838,1,1,1,0,1.230903
152,LEO_0,LEO,0.708701,0.921078,0.244322,0.081196,1,1,1,0,1.108514
152,LEO_1,LEO,0.739946,0.928845,0.201179,0.04603,1,1,1,0,0.463958
153,BS_0,BS,0.715622,0.853216,0.234603,0.254398,1,1,1,1,0.497793
153,BS_1,BS,0.750908,0.865903,0.186473,0.361604,1,1,1,0,0.50529
153,BS_2,BS,0.512434,0.828586,0.568584,0.592007,1,1,1,1,0.0
153,BS_3,BS,0.637608,0.82372,0.350032,0.277693,1,1,1,4,0.771795
153,BS_4,BS,0.630088,0.826311,0.361896,0.257537,1,1,1,5,0.652552
153,HAP_0,HAP,0.815445,0.930683,0.104021,0.051995,1,1,1,0,0.571305
153,HAP_1,HAP,0.583728,0.824733,0.438321,0.264977,1,1,1,4,0.357609
153,HAP_2,HAP,0.713941,0.918548,0.236955,0.081937,1,1,1,0,0.564183
153,LEO_0,LEO,0.762237,0.919786,0.171497,0.078191,1,1,1,0,0.596087
153,LEO_1,LEO,0.764003,0.924761,0.169184,0.049704,1,1,1,0,0.89491
154,BS_0,BS,0.69785,0.857057,0.259751,0.23388,1,1,1,1,0.217733
154,BS_1,BS,0.77373,0.877254,0.156533,0.30031,1,1,1,0,0.653609
154,BS_2,BS,0.655977,0.838931,0.321629,0.520156,1,1,1,1,0.0
154,BS_3,BS,0.648234,0.823966,0.333504,0.272206,1,1,1,4,0.0
154,BS_4,BS,0.640126,0.825286,0.34609,0.25993,1,1,1,5,0.0
154,HAP_0,HAP,0.523536,0.898691,0.54715,0.176314,1,1,1,0,1.710707
154,HAP_1,HAP,0.781707,0.836197,0.146275,0.22161,1,1,1,6,0.336372
154,HAP_2,HAP,0.758737,0.923938,0.076101,0.068156,2,0,0,0,0.622719
154,LEO_0,LEO,0.777699,0.921713,0.151415,0.07287,1,1,1,0,0.459131
154,LEO_1,LEO,0.739471,0.923071,0.20182,0.058093,1,1,1,0,0.374521
155,BS_0,BS,0.497552,0.844406,0.598055,0.348056,1,1,1,0,0.42134
155,BS_1,BS,0.454386,0.85035,0.688808,0.453753,1,1,1,1,0.497626
155,BS_2,BS,0.503487,0.824208,0.586198,0.570757,1,1,1,1,0.617767
155,BS_3,BS,0.642289,0.82361,0.342717,0.270619,1,1,1,3,0.413026
155,BS_4,BS,0.648645,0.825257,0.33287,0.257805,1,1,1,4,0.447448
155,HAP_0,HAP,0.728424,0.897809,0.216872,0.162216,1,1,1,0,0.690804
155,HAP_1,HAP,0.774616,0.844672,0.155387,0.188153,1,1,1,5,0.763794
155,HAP_2,HAP,0.783296,0.925183,0.144245,0.063888,1,1,1,0,0.505715
155,LEO_0,LEO,0.797133,0.930683,0.026733,0.058618,2,0,0,0,0.509705
155,LEO_1,LEO,0.817144,0.928635,0.10194,0.05115,1,1,1,0,0.347438
156,BS_0,BS,0.569788,0.840839,0.462491,0.374699,1,1,1,1,0.0
156,BS_1,BS,0.551129,0.846123,0.495787,0.473615,1,1,1,1,0.0
156,BS_2,BS,0.656577,0.832902,0.320715,0.502892,1,1,1,1,0.0
156,BS_3,BS,0.639719,0.823084,0.346726,0.270594,1,1,1,3,0.0
156,BS_4,BS,0.648417,0.825213,0.333222,0.25621,1,1,1,4,0.0
156,HAP_0,HAP,0.616272,0.892182,0.384067,0.196151,1,1,1,0,0.174369
156,HAP_1,HAP,0.727694,0.847672,0.217875,0.171884,1,1,1,8,0.0
156,HAP_2,HAP,0.757257,0.930889,0.078053,0.053852,2,0,0,0,0.439012
156,LEO_0,LEO,0.799362,0.933484,0.123941,0.053807,1,1,1,0,0.326109
156,LEO_1,LEO,0.505606,0.895247,0.581997,0.193344,1,1,1,0,1.61625
157,BS_0,BS,0.627366,0.84077,0.366226,0.360113,1,1,1,1,0.737019
157,BS_1,BS,0.504565,0.830972,0.584058,0.532397,1,1,1,1,0.617555
157,BS_2,BS,0.6581,0.839748,0.318398,0.447933,1,1,1,1,0.49437
157,BS_3,BS,0.653464,0.823939,0.325468,0.264143,1,1,1,3,0.205935
157,BS_4,BS,0.648158,0.825153,0.33362,0.255054,1,1,1,5,0.213258
157,HAP_0,HAP,0.863875,0.907487,0.046327,0.157887,1,1,1,0,0.35929
157,HAP_1,HAP,0.684746,0.846417,0.278707,0.172462,1,1,1,7,0.728601
157,HAP_2,HAP,0.70293,0.935028,0.052497,0.044321,3,0,0,0,0.702245
157,LEO_0,LEO,0.746517,0.935865,0.092337,0.046882,2,0,0,0,0.582172
157,LEO_1,LEO,0.719357,0.89488,0.229397,0.178356,1,1,1,0,0.625737
158,BS_0,BS,0.585937,0.83996,0.434543,0.373063,1,1,1,1,0.0
158,BS_1,BS,0.48722,0.825458,0.61904,0.598363,1,1,1,0,0.0
158,BS_2,BS,0.59765,0.840285,0.41475,0.435754,1,1,1,1,0.258763
158,BS_3,BS,0.647903,0.82411,0.334015,0.261519,1,1,1,3,0.321162
158,BS_4,BS,0.644347,0.824751,0.339517,0.255916,1,1,1,5,0.330578
158,HAP_0,HAP,0.555783,0.885819,0.487376,0.233201,1,1,1,0,1.279061
158,HAP_1,HAP,0.656846,0.842916,0.320306,0.184138,1,1,1,6,0.125718
158,HAP_2,HAP,0.64576,0.940597,0.037328,0.036084,4,0,0,0,0.484867
158,LEO_0,LEO,0.71173,0.94169,0.040056,0.038228,3,0,0,0,0.440224
158,LEO_1,LEO,0.773828,0.903431,0.056406,0.144116,2,0,0,0,0.947196
159,BS_0,BS,0.639844,0.843948,0.346532,0.352488,1,1,1,1,0.0
159,BS_1,BS,0.691679,0.843813,0.268634,0.511164,1,1,1,0,0.0
159,BS_2,BS,0.577868,0.838548,0.448409,0.439085,1,1,1,1,0.0
159,BS_3,BS,0.643608,0.823848,0.340666,0.261439,1,1,1,3,0.497235
159,BS_4,BS,0.607433,0.82089,0.398514,0.276199,1,1,1,5,0.574704
159,HAP_0,HAP,0.678778,0.886253,0.287461,0.223746,1,1,1,0,0.371065
159,HAP_1,HAP,0.652527,0.839718,0.326903,0.1954,1,1,1,7,0.240104
159,HAP_2,HAP,0.887238,0.945849,0.019642,0.029041,1,1,0,0,0.551711
159,LEO_0,LEO,0.706909,0.930841,0.246853,0.058004,1,1,1,0,0.847573
159,LEO_1,LEO,0.737108,0.914126,0.005021,0.115305,3,0,0,0,0.812491
160,BS_0,BS,0.493759,0.837371,0.605707,0.447087,1,1,1,0,0.0
160,BS_1,BS,0.510489,0.837115,0.572386,0.556363,1,1,1,1,0.0
160,BS_2,BS,0.67687,0.847085,0.290275,0.389185,1,1,1,1,0.0
160,BS_3,BS,0.332871,0.794022,1.0,0.660211,1,1,1,1,0.0
160,BS_4,BS,0.57838,0.817577,0.447524,0.311084,1,1,1,3,0.0
160,HAP_0,HAP,0.725894,0.89307,0.220352,0.200846,1,1,1,0,0.210055
160,HAP_1,HAP,0.649515,0.836883,0.331529,0.20578,1,1,1,6,0.0
160,HAP_2,HAP,0.545876,0.913267,0.505363,0.138159,1,1,1,0,2.142572
160,LEO_0,LEO,0.790412,0.936129,0.035202,0.046961,2,0,0,0,0.611452
160,LEO_1,LEO,0.667971,0.922795,0.00351,0.092249,4,0,0,0,0.828929
161,BS_0,BS,0.594766,0.840967,0.419588,0.436894,1,1,1,1,0.0
161,BS_1,BS,0.573803,0.838268,0.455469,0.538444,1,1,1,1,0.0
161,BS_2,BS,0.63955,0.848778,0.34699,0.365529,1,1,1,1,0.622695
161,BS_3,BS,0.497821,0.786355,0.597514,0.68883,1,1,1,3,0.0
161,BS_4,BS,0.699573,0.824168,0.257285,0.278655,1,1,1,4,0.0
161,HAP_0,HAP,0.860662,0.90733,0.050053,0.161804,1,1,1,0,0.447609
161,HAP_1,HAP,0.637235,0.833469,0.350617,0.219944,1,1,1,5,0.21907
161,HAP_2,HAP,0.614233,0.901607,0.38738,0.178056,1,1,1,0,0.393167
161,LEO_0,LEO,0.671008,0.937489,0.098975,0.041977,3,0,0,0,0.523591
161,LEO_1,LEO,0.77296,0.922905,0.157528,0.084966,1,1,1,0,0.527548
162,BS_0,BS,0.535667,0.83439,0.524243,0.473189,1,1,1,1,0.0
162,BS_1,BS,0.57228,0.836995,0.458127,0.525201,1,1,1,1,0.0
162,BS_2,BS,0.570889,0.844012,0.460561,0.387875,1,1,1,1,0.0
162,BS_3,BS,0.675092,0.796908,0.292907,0.589671,1,1,1,4,0.0
162,BS_4,BS,0.513389,0.81641,0.566722,0.367453,1,1,1,2,0.0
162,HAP_0,HAP,0.501521,0.877633,0.590111,0.286147,1,1,1,0,1.541783
162,HAP_1,HAP,0.639199,0.833954,0.347539,0.230307,1,1,1,5,0.0
162,HAP_2,HAP,0.739302,0.905268,0.202048,0.160815,1,1,1,0,0.342763
162,LEO_0,LEO,0.786322,0.936714,0.140389,0.04245,1,1,1,0,0.469854
162,LEO_1,LEO,0.784291,0.921249,0.142975,0.077172,1,1,1,0,0.915089
163,BS_0,BS,0.685287,0.843235,0.277917,0.413308,1,1,1,1,0.0
163,BS_1,BS,0.564557,0.830005,0.471714,0.520292,1,1,1,1,0.663987
163,BS_2,BS,0.60214,0.838981,0.407265,0.384939,1,1,1,1,0.601904
163,BS_3,BS,0.679718,0.805441,0.286078,0.508565,1,1,1,3,0.398001
163,BS_4,BS,0.613155,0.815996,0.389137,0.362105,1,1,1,5,0.0
163,HAP_0,HAP,0.718231,0.880658,0.230964,0.252923,1,1,1,0,0.628113
163,HAP_1,HAP,0.754146,0.84217,0.18217,0.19918,1,1,1,5,0.36011
163,HAP_2,HAP,0.773304,0.917145,0.057084,0.130118,2,0,0,0,0.358214
163,LEO_0,LEO,0.787227,0.941154,0.039238,0.034653,2,0,0,0,0.611602
163,LEO_1,LEO,0.762562,0.921233,0.171071,0.074907,1,1,1,0,0.475284
164,BS_0,BS,0.581355,0.834666,0.442394,0.418717,1,1,1,1,0.69825
164,BS_1,BS,0.668261,0.835215,0.303077,0.457569,1,1,1,1,0.686501
164,BS_2,BS,0.540301,0.832387,0.51563,0.427595,1,1,1,0,0.687781
164,BS_3,BS,0.614714,0.806173,0.386598,0.474108,1,1,1,2,0.592129
164,BS_4,BS,0.660951,0.819195,0.314075,0.334073,1,1,1,3,0.777078
164,HAP_0,HAP,0.701061,0.884762,0.25516,0.231636,1,1,1,0,0.367169
164,HAP_1,HAP,0.705662,0.844006,0.248619,0.187159,1,1,1,7,0.296895
164,HAP_2,HAP,0.73446,0.928568,0.00862,0.104128,3,0,0,0,0.487661
164,LEO_0,LEO,0.712671,0.944743,0.038735,0.028398,3,0,0,0,0.585416
164,LEO_1,LEO,0.785172,0.929088,0.041853,0.060714,2,0,0,0,0.535836
165,BS_0,BS,0.707975,0.840796,0.245347,0.362062,1,1,1,1,0.783999
165,BS_1,BS,0.610974,0.833498,0.392701,0.435452,1,1,1,1,0.455529
165,BS_2,BS,0.54816,0.834266,0.501189,0.455111,1,1,1,0,0.0
165,BS_3,BS,0.733929,0.817395,0.209343,0.399007,1,1,1,3,0.0
165,BS_4,BS,0.713483,0.826149,0.237597,0.292662,1,1,1,4,0.356792
165,HAP_0,HAP,0.876087,0.901136,0.03229,0.185778,1,1,1,0,0.480674
165,HAP_1,HAP,0.699978,0.84484,0.256707,0.179381,1,1,1,7,0.281591
165,HAP_2,HAP,0.632176,0.935717,0.058587,0.084847,4,0,0,0,0.33701
165,LEO_0,LEO,0.668274,0.950382,0.003057,0.022722,4,0,0,0,0.507244
165,LEO_1,LEO,0.807354,0.932126,0.113994,0.054419,1,1,1,0,0.403437
166,BS_0,BS,0.656563,0.842053,0.320737,0.335942,1,1,1,1,0.419531
166,BS_1,BS,0.634838,0.837591,0.354385,0.404876,1,1,1,1,0.0
166,BS_2,BS,0.751256,0.855938,0.186009,0.379659,1,1,1,0,0.0
166,BS_3,BS,0.653786,0.81942,0.324975,0.36673,1,1,1,2,0.644966
166,BS_4,BS,0.714224,0.831735,0.236559,0.259312,1,1,1,3,0.408473
166,HAP_0,HAP,0.844076,0.910862,0.069513,0.150797,1,1,1,0,0.616091
166,HAP_1,HAP,0.662386,0.842165,0.311906,0.187284,1,1,1,6,0.307683
166,HAP_2,HAP,0.867822,0.94094,0.041768,0.068663,1,1,0,0,0.550378
166,LEO_0,LEO,0.809348,0.950012,0.111526,0.023775,1,1,1,0,0.319536
166,LEO_1,LEO,0.776132,0.929547,0.153433,0.054129,1,1,1,0,0.760925
167,BS_0,BS,0.422532,0.825685,0.76149,0.529694,1,1,1,0,0.0
167,BS_1,BS,0.46461,0.82849,0.666557,0.523835,1,1,1,0,0.0
167,BS_2,BS,0.422389,0.830408,0.761829,0.5649,1,1,1,1,0.715267
167,BS_3,BS,0.695951,0.828157,0.262476,0.324386,1,1,1,2,0.0
167,BS_4,BS,0.684233,0.833623,0.279457,0.242593,1,1,1,5,0.0
167,HAP_0,HAP,0.757969,0.919552,0.077112,0.123313,2,0,0,0,0.416949
167,HAP_1,HAP,0.690175,0.842485,0.27081,0.182829,1,1,1,7,0.302058
167,HAP_2,HAP,0.769226,0.935572,0.162371,0.066794,1,1,1,0,0.801527
167,LEO_0,LEO,0.787232,0.94563,0.139233,0.027744,1,1,1,0,0.663095
167,LEO_1,LEO,0.742941,0.928278,0.197138,0.060791,1,1,1,0,0.267666
168,BS_0,BS,0.589044,0.832689,0.429254,0.506671,1,1,1,1,0.0
168,BS_1,BS,0.691904,0.846376,0.268308,0.451463,1,1,1,0,0.0
168,BS_2,BS,0.61788,0.839713,0.381461,0.517401,1,1,1,0,0.0
168,BS_3,BS,0.725426,0.838324,0.220997,0.281487,1,1,1,2,0.316871
168,BS_4,BS,0.655358,0.832544,0.322574,0.240899,1,1,1,5,0.364858
168,HAP_0,HAP,0.73426,0.929307,0.008892,0.098686,3,0,0,0,0.612339
168,HAP_1,HAP,0.664895,0.840501,0.308126,0.188987,1,1,1,7,0.177942
168,HAP_2,HAP,0.750995,0.937621,0.086356,0.056791,2,0,0,0,0.520964
168,LEO_0,LEO,0.775585,0.946836,0.054137,0.023514,2,0,0,0,0.651814
168,LEO_1,LEO,0.790246,0.928344,0.135411,0.056884,1,1,1,0,0.680924
169,BS_0,BS,0.492903,0.824008,0.607443,0.571381,1,1,1,1,0.0
169,BS_1,BS,0.403624,0.819941,0.807271,0.65443,1,1,1,1,0.339181
169,BS_2,BS,0.537642,0.835975,0.520563,0.535864,1,1,1,1,0.206278
169,BS_3,BS,0.683991,0.839777,0.279811,0.260422,1,1,1,2,0.241135
169,BS_4,BS,0.633239,0.829621,0.356907,0.250041,1,1,1,3,0.345122
169,HAP_0,HAP,0.641648,0.9345,0.043715,0.079809,4,0,0,0,0.64538
169,HAP_1,HAP,0.636614,0.836305,0.351591,0.206817,1,1,1,7,0.207701
169,HAP_2,HAP,0.688583,0.939856,0.07312,0.047839,3,0,0,0,0.590343
169,LEO_0,LEO,0.799646,0.9463,0.123586,0.025684,1,1,1,0,0.308724
169,LEO_1,LEO,0.796429,0.931185,0.127617,0.052836,1,1,1,0,0.325299
170,BS_0,BS,0.605845,0.827793,0.401132,0.529513,1,1,1,1,0.0
170,BS_1,BS,0.601614,0.827807,0.408139,0.598503,1,1,1,1,0.0
170,BS_2,BS,0.492719,0.822774,0.607816,0.594939,1,1,1,1,0.743354
170,BS_3,BS,0.751054,0.845826,0.186278,0.223952,1,1,1,3,0.320685
170,BS_4,BS,0.649319,0.828787,0.331831,0.249583,1,1,1,5,0.375789
170,HAP_0,HAP,0.845524,0.936847,0.067799,0.065916,1,1,0,0,0.677478
170,HAP_1,HAP,0.649384,0.83414,0.331731,0.214974,1,1,1,8,0.282999
170,HAP_2,HAP,0.7917,0.938923,0.133573,0.0463,1,1,1,0,0.472029
170,LEO_0,LEO,0.803117,0.951472,0.019255,0.020714,2,0,0,0,0.457818
170,LEO_1,LEO,0.735331,0.925175,0.207435,0.061632,1,1,1,0,0.820108
171,BS_0,BS,0.659966,0.833971,0.315567,0.468422,1,1,1,1,0.63091
171,BS_1,BS,0.586497,0.832064,0.433587,0.563402,1,1,1,1,0.0
171,BS_2,BS,0.53374,0.818375,0.527846,0.601331,1,1,1,1,0.0
171,BS_3,BS,0.760023,0.851233,0.174406,0.19285,1,1,1,2,0.319469
171,BS_4,BS,0.634298,0.826715,0.355236,0.256453,1,1,1,2,0.455809
171,HAP_0,HAP,0.793301,0.941577,0.031552,0.053181,2,0,0,0,0.583862
171,HAP_1,HAP,0.634749,0.831041,0.354526,0.228539,1,1,1,6,0.119549
171,HAP_2,HAP,0.7651,0.93321,0.167748,0.049703,1,1,1,0,0.859317
171,LEO_0,LEO,0.811411,0.948879,0.108981,0.021916,1,1,1,0,0.609565
171,LEO_1,LEO,0.710296,0.915279,0.242073,0.075675,1,1,1,0,1.108847
172,BS_0,BS,0.579926,0.835693,0.444855,0.463791,1,1,1,1,0.0
172,BS_1,BS,0.595742,0.837603,0.417948,0.529328,1,1,1,1,0.0
172,BS_2,BS,0.491255,0.816417,0.610792,0.648945,1,1,1,0,0.0
172,BS_3,BS,0.751445,0.854848,0.185757,0.169807,1,1,1,3,0.66116
172,BS_4,BS,0.684105,0.829594,0.279643,0.240353,1,1,1,3,0.0
172,HAP_0,HAP,0.677483,0.942759,0.089371,0.046139,3,0,0,0,0.492369
172,HAP_1,HAP,0.646378,0.82965,0.33637,0.233747,1,1,1,7,0.338979
172,HAP_2,HAP,0.784026,0.937258,0.043313,0.040606,2,0,0,0,0.642277
172,LEO_0,LEO,0.765534,0.941133,0.167181,0.03011,1,1,1,0,0.848515
172,LEO_1,LEO,0.714076,0.911959,0.236766,0.085766,1,1,1,0,0.498914
173,BS_0,BS,0.599213,0.839602,0.412139,0.447469,1,1,1,1,0.0
173,BS_1,BS,0.517651,0.828567,0.558455,0.563804,1,1,1,1,0.648047
173,BS_2,BS,0.585109,0.822692,0.435957,0.604682,1,1,1,1,0.0
173,BS_3,BS,0.58255,0.845538,0.44034,0.2231,1,1,1,1,0.365829
173,BS_4,BS,0.646301,0.828486,0.33649,0.243234,1,1,1,4,0.36493
173,HAP_0,HAP,0.74345,0.938885,0.196454,0.054278,1,1,1,0,0.31327
173,HAP_1,HAP,0.644274,0.828342,0.339632,0.238905,1,1,1,7,0.285408
173,HAP_2,HAP,0.769975,0.935183,0.161397,0.044207,1,1,1,0,0.449692
173,LEO_0,LEO,0.817708,0.940911,0.101249,0.028701,1,1,1,0,0.54146
173,LEO_1,LEO,0.779795,0.920606,0.048724,0.069681,2,0,0,0,0.603287
174,BS_0,BS,0.606025,0.843017,0.400835,0.430276,1,1,1,1,0.0
174,BS_1,BS,0.550433,0.827343,0.497049,0.56222,1,1,1,1,0.0
174,BS_2,BS,0.6014,0.828483,0.408496,0.558837,1,1,1,1,0.0
174,BS_3,BS,0.649669,0.842169,0.331292,0.22787,1,1,1,4,0.0
174,BS_4,BS,0.62528,0.825615,0.369555,0.256044,1,1,1,5,0.0
174,HAP_0,HAP,0.805184,0.945733,0.016684,0.043548,2,0,0,0,0.458379
174,HAP_1,HAP,0.63877,0.826781,0.34821,0.245686,1,1,1,5,0.225157
174,HAP_2,HAP,0.797543,0.941543,0.02622,0.035675,2,0,0,0,0.505335
174,LEO_0,LEO,0.747335,0.939663,0.091242,0.026707,2,0,0,0,0.801014
174,LEO_1,LEO,0.720595,0.92764,0.027678,0.05609,3,0,0,0,0.747055
175,BS_0,BS,0.618776,0.85069,0.380012,0.409205,1,1,1,0,0.0
175,BS_1,BS,0.607379,0.831699,0.398602,0.521273,1,1,1,1,0.0
175,BS_2,BS,0.613266,0.832535,0.388957,0.515149,1,1,1,1,0.0
175,BS_3,BS,0.712083,0.844485,0.239561,0.208121,1,1,1,3,0.616829
175,BS_4,BS,0.628586,0.823635,0.364282,0.264551,1,1,1,4,0.20723
175,HAP_0,HAP,0.53495,0.913045,0.525581,0.159144,1,1,1,0,1.39157
175,HAP_1,HAP,0.688054,0.829992,0.273887,0.230305,1,1,1,7,0.206583
175,HAP_2,HAP,0.721683,0.945847,0.02617,0.028848,3,0,0,0,0.601294
175,LEO_0,LEO,0.732634,0.945007,0.01111,0.021421,3,0,0,0,0.567295
175,LEO_1,LEO,0.62601,0.932265,0.06839,0.046977,4,0,0,0,0.538277
176,BS_0,BS,0.649029,0.854354,0.332278,0.377048,1,1,1,0,0.759619
176,BS_1,BS,0.668733,0.840051,0.302371,0.458161,1,1,1,1,0.311242
176,BS_2,BS,0.564444,0.825053,0.471914,0.512336,1,1,1,1,0.764135
176,BS_3,BS,0.670753,0.842651,0.299355,0.206823,1,1,1,4,0.485418
176,BS_4,BS,0.629372,0.822126,0.363032,0.270947,1,1,1,4,0.687506
176,HAP_0,HAP,0.761305,0.912233,0.172721,0.14074,1,1,1,0,0.679788
176,HAP_1,HAP,0.648544,0.829012,0.333025,0.234152,1,1,1,6,0.390657
176,HAP_2,HAP,0.655884,0.949621,0.021771,0.023292,4,0,0,0,0.5734
176,LEO_0,LEO,0.662939,0.949284,0.011072,0.017192,4,0,0,0,0.605748
176,LEO_1,LEO,0.812087,0.934177,0.108148,0.042844,1,1,1,0,0.499756
177,BS_0,BS,0.687034,0.865708,0.275372,0.335762,1,1,1,0,0.0
177,BS_1,BS,0.629462,0.84541,0.36289,0.425789,1,1,1,0,0.427992
177,BS_2,BS,0.61654,0.830111,0.383632,0.476097,1,1,1,1,0.0
177,BS_3,BS,0.601369,0.834613,0.408546,0.240568,1,1,1,3,0.541355
177,BS_4,BS,0.622285,0.82024,0.374358,0.279822,1,1,1,5,0.0
177,HAP_0,HAP,0.750442,0.917509,0.087092,0.116005,2,0,0,0,0.68545
177,HAP_1,HAP,0.72442,0.834866,0.222385,0.209576,1,1,1,7,0.167381
177,HAP_2,HAP,0.810932,0.949342,0.109571,0.024036,1,1,1,0,0.328783
177,LEO_0,LEO,0.78593,0.946864,0.140888,0.022686,1,1,1,0,0.362329
177,LEO_1,LEO,0.732027,0.925975,0.211937,0.054488,1,1,1,0,0.952603
178,BS_0,BS,0.763504,0.877764,0.169837,0.281589,1,1,1,0,0.545257
178,BS_1,BS,0.560784,0.844732,0.47842,0.44363,1,1,1,1,0.0
178,BS_2,BS,0.498258,0.826907,0.596638,0.541067,1,1,1,0,0.0
178,BS_3,BS,0.693327,0.840156,0.266253,0.224355,1,1,1,2,0.0
178,BS_4,BS,0.646677,0.821037,0.335908,0.274633,1,1,1,5,0.0
178,HAP_0,HAP,0.794319,0.919787,0.13027,0.100441,1,1,1,0,0.624198
178,HAP_1,HAP,0.67834,0.835607,0.288106,0.205013,1,1,1,7,0.280157
178,HAP_2,HAP,0.50841,0.91213,0.576466,0.16877,1,1,1,0,1.587073
178,LEO_0,LEO,0.800405,0.95126,0.022638,0.018379,2,0,0,0,0.506289
178,LEO_1,LEO,0.748508,0.92873,0.089674,0.047209,2,0,0,0,0.617401
179,BS_0,BS,0.902049,0.897899,0.003087,0.225276,1,1,1,0,0.400549
179,BS_1,BS,0.539933,0.842583,0.516311,0.474864,1,1,1,1,0.0
179,BS_2,BS,0.716577,0.847253,0.23327,0.45734,1,1,1,0,0.0
179,BS_3,BS,0.665035,0.839338,0.307916,0.222149,1,1,1,4,0.0
179,BS_4,BS,0.622121,0.820737,0.37462,0.28286,1,1,1,3,0.0
179,HAP_0,HAP,0.75036,0.920611,0.187202,0.096123,1,1,1,0,0.338236
179,HAP_1,HAP,0.641928,0.832889,0.343278,0.217039,1,1,1,5,0.380243
179,HAP_2,HAP,0.548245,0.896131,0.501033,0.247981,1,1,1,0,0.119995
179,LEO_0,LEO,0.664043,0.93327,0.309408,0.057783,1,1,1,0,1.024927
179,LEO_1,LEO,0.694109,0.923039,0.265127,0.069399,1,1,1,0,0.337949
180,BS_0,BS,0.387196,0.854564,0.848824,0.504447,1,1,1,1,3.196269
180,BS_1,BS,0.533026,0.839402,0.529186,0.505908,1,1,1,1,0.0
180,BS_2,BS,0.364424,0.811632,0.909439,0.738057,1,1,1,1,0.936434
180,BS_3,BS,0.696612,0.840916,0.261527,0.208498,1,1,1,3,0.0
180,BS_4,BS,0.689336,0.826882,0.272026,0.259587,1,1,1,3,0.0
180,HAP_0,HAP,0.654596,0.90766,0.323737,0.124061,1,1,1,0,1.075875
180,HAP_1,HAP,0.688957,0.834956,0.272576,0.207065,1,1,1,6,0.0
180,HAP_2,HAP,0.678772,0.898954,0.287469,0.235572,1,1,1,0,0.0
180,LEO_0,LEO,0.590142,0.919138,0.427392,0.128426,1,1,1,0,0.0
180,LEO_1,LEO,0.691871,0.921523,0.268356,0.087926,1,1,1,0,0.0
181,BS_0,BS,0.636318,0.855377,0.352057,0.459332,1,1,1,0,0.57319
181,BS_1,BS,0.736926,0.854566,0.205267,0.423687,1,1,1,0,0.507126
181,BS_2,BS,0.622177,0.822045,0.374531,0.653569,1,1,1,0,0.308521
181,BS_3,BS,0.666164,0.839387,0.306219,0.208995,1,1,1,4,0.765299
181,BS_4,BS,0.655951,0.827528,0.321668,0.254231,1,1,1,5,0.37378
181,HAP_0,HAP,0.813553,0.912909,0.106345,0.104338,1,1,1,0,0.619635
181,HAP_1,HAP,0.65912,0.833954,0.31685,0.210829,1,1,1,7,0.360034
181,HAP_2,HAP,0.758851,0.904402,0.17595,0.202389,1,1,1,0,0.507931
181,LEO_0,LEO,0.799156,0.930378,0.024199,0.103004,2,0,0,0,0.389124
181,LEO_1,LEO,0.753913,0.92192,0.182479,0.085325,1,1,1,0,0.52353
182,BS_0,BS,0.672048,0.86262,0.297425,0.407273,1,1,1,0,0.300789
182,BS_1,BS,0.835727,0.874899,0.079453,0.34179,1,1,1,0,0.382381
182,BS_2,BS,0.647966,0.836643,0.333917,0.57303,1,1,1,0,0.0
182,BS_3,BS,0.622479,0.834073,0.374046,0.230156,1,1,1,3,0.642251
182,BS_4,BS,0.646918,0.826955,0.335536,0.254048,1,1,1,4,0.0
182,HAP_0,HAP,0.751435,0.916738,0.085771,0.086781,2,0,0,0,0.884494
182,HAP_1,HAP,0.653034,0.832596,0.326125,0.216524,1,1,1,8,0.223565
182,HAP_2,HAP,0.85343,0.915459,0.058491,0.163451,1,1,1,0,0.46408
182,LEO_0,LEO,0.786126,0.930638,0.140639,0.091304,1,1,1,0,0.566318
182,LEO_1,LEO,0.7267,0.91729,0.219242,0.08989,1,1,1,0,0.777623
183,BS_0,BS,0.488114,0.846877,0.617207,0.497244,1,1,1,1,0.0
183,BS_1,BS,0.794394,0.886146,0.130176,0.281058,1,1,1,0,0.645644
183,BS_2,BS,0.536637,0.835841,0.522433,0.581245,1,1,1,1,0.0
183,BS_3,BS,0.476969,0.821179,0.640305,0.36862,1,1,1,2,0.0
183,BS_4,BS,0.628395,0.824702,0.364586,0.263054,1,1,1,5,0.0
183,HAP_0,HAP,0.697598,0.923528,0.060112,0.071051,3,0,0,0,0.570824
183,HAP_1,HAP,0.642256,0.830511,0.342768,0.22609,1,1,1,6,0.0
183,HAP_2,HAP,0.749608,0.913874,0.188205,0.1467,1,1,1,0,0.786293
183,LEO_0,LEO,0.776329,0.935717,0.053179,0.074316,2,0,0,0,0.569624
183,LEO_1,LEO,0.760903,0.924103,0.073249,0.074327,2,0,0,0,0.489536
184,BS_0,BS,0.617155,0.84776,0.382635,0.463679,1,1,1,1,0.0
184,BS_1,BS,0.517275,0.868725,0.559181,0.365554,1,1,1,1,0.364805
184,BS_2,BS,0.443142,0.816874,0.713865,0.694318,1,1,1,1,0.677376
184,BS_3,BS,0.562807,0.814922,0.474819,0.39635,1,1,1,4,0.0
184,BS_4,BS,0.538115,0.815223,0.519684,0.331975,1,1,1,2,0.37498
184,HAP_0,HAP,0.803885,0.926342,0.118299,0.063138,1,1,1,0,0.51643
184,HAP_1,HAP,0.610525,0.826717,0.393437,0.250529,1,1,1,4,0.258083
184,HAP_2,HAP,0.722585,0.914341,0.22492,0.140125,1,1,1,0,0.227801
184,LEO_0,LEO,0.709705,0.941838,0.042906,0.060281,3,0,0,0,0.380071
184,LEO_1,LEO,0.698018,0.928386,0.059511,0.061055,3,0,0,0,0.782372
185,BS_0,BS,0.623188,0.852364,0.372906,0.43352,1,1,1,1,0.0
185,BS_1,BS,0.526543,0.858923,0.541423,0.424356,1,1,1,1,0.0
185,BS_2,BS,0.588815,0.825927,0.429643,0.638522,1,1,1,0,0.0
185,BS_3,BS,0.708965,0.824798,0.24395,0.34386,1,1,1,2,0.0
185,BS_4,BS,0.693905,0.821582,0.26542,0.297282,1,1,1,6,0.0
185,HAP_0,HAP,0.583737,0.902463,0.438305,0.136961,1,1,1,0,1.404434
185,HAP_1,HAP,0.626312,0.829029,0.367907,0.261333,1,1,1,5,0.0
185,HAP_2,HAP,0.736356,0.912083,0.206041,0.131204,1,1,1,0,0.796934
185,LEO_0,LEO,0.77316,0.936871,0.157269,0.059355,1,1,1,0,0.791431
185,LEO_1,LEO,0.699101,0.924667,0.257961,0.078789,1,1,1,0,0.137328
186,BS_0,BS,0.680273,0.859035,0.285261,0.383434,1,1,1,0,0.630818
186,BS_1,BS,0.534148,0.850042,0.527082,0.464501,1,1,1,1,0.0
186,BS_2,BS,0.529411,0.822826,0.53599,0.640096,1,1,1,1,0.280446
186,BS_3,BS,0.680042,0.828202,0.2856,0.311793,1,1,1,4,0.330835
186,BS_4,BS,0.678614,0.825069,0.287702,0.275073,1,1,1,6,0.606203
186,HAP_0,HAP,0.602203,0.892651,0.40716,0.184169,1,1,1,0,0.303408
186,HAP_1,HAP,0.647266,0.829069,0.334998,0.259567,1,1,1,6,0.119695
186,HAP_2,HAP,0.769472,0.920464,0.062051,0.106696,2,0,0,0,0.509188
186,LEO_0,LEO,0.810122,0.937829,0.110571,0.052986,1,1,1,0,0.450069
186,LEO_1,LEO,0.81058,0.935646,0.010005,0.063076,2,0,0,0,0.371874
187,BS_0,BS,0.545289,0.850354,0.50644,0.422164,1,1,1,1,0.222486
187,BS_1,BS,0.597804,0.85407,0.414493,0.448913,1,1,1,0,0.0
187,BS_2,BS,0.568769,0.826601,0.464282,0.609077,1,1,1,1,0.0
187,BS_3,BS,0.667573,0.829415,0.304106,0.291051,1,1,1,2,0.738193
187,BS_4,BS,0.657451,0.825905,0.319385,0.265961,1,1,1,4,0.0
187,HAP_0,HAP,0.721368,0.897813,0.226606,0.170443,1,1,1,0,0.216764
187,HAP_1,HAP,0.699568,0.833007,0.257292,0.237443,1,1,1,7,0.390875
187,HAP_2,HAP,0.81319,0.921952,0.10679,0.090489,1,1,1,0,0.864487
187,LEO_0,LEO,0.805898,0.936214,0.115798,0.048423,1,1,1,0,0.761913
187,LEO_1,LEO,0.608976,0.915481,0.395976,0.121019,1,1,1,0,1.072471
188,BS_0,BS,0.576333,0.848851,0.45107,0.42929,1,1,1,1,0.0
188,BS_1,BS,0.571921,0.852609,0.458754,0.453835,1,1,1,1,0.0
188,BS_2,BS,0.670714,0.842555,0.299413,0.527603,1,1,1,0,0.0
188,BS_3,BS,0.723696,0.835149,0.223384,0.255296,1,1,1,3,0.692728
188,BS_4,BS,0.652188,0.826081,0.327422,0.261012,1,1,1,6,0.4597
188,HAP_0,HAP,0.708134,0.896474,0.245122,0.163393,1,1,1,0,0.815784
188,HAP_1,HAP,0.658997,0.832421,0.317036,0.235185,1,1,1,5,0.285647
188,HAP_2,HAP,0.816678,0.929682,0.00251,0.072394,2,0,0,0,0.765832
188,LEO_0,LEO,0.799543,0.941149,0.023715,0.038991,2,0,0,0,0.622305
188,LEO_1,LEO,0.687781,0.911952,0.274285,0.13067,1,1,1,0,0.264956
189,BS_0,BS,0.55396,0.842647,0.490663,0.45177,1,1,1,1,0.0
189,BS_1,BS,0.718877,0.867659,0.230065,0.386887,1,1,1,0,0.0
189,BS_2,BS,0.522918,0.836144,0.548331,0.557383,1,1,1,1,0.327875
189,BS_3,BS,0.68156,0.836121,0.283371,0.240371,1,1,1,3,0.744872
189,BS_4,BS,0.647256,0.825765,0.335014,0.259315,1,1,1,6,0.383927
189,HAP_0,HAP,0.765884,0.907843,0.066725,0.132718,2,0,0,0,0.489838
189,HAP_1,HAP,0.653418,0.831412,0.325538,0.235837,1,1,1,6,0.174531
189,HAP_2,HAP,0.612445,0.906782,0.390297,0.126464,1,1,1,0,1.677231
189,LEO_0,LEO,0.80728,0.941031,0.114085,0.03705,1,1,1,0,0.47044
189,LEO_1,LEO,0.776979,0.922408,0.052342,0.105769,2,0,0,0,0.402227
190,BS_0,BS,0.693233,0.85085,0.266388,0.393349,1,1,1,1,0.0
190,BS_1,BS,0.392155,0.833292,0.836098,0.624087,1,1,1,1,0.765042
190,BS_2,BS,0.518227,0.829624,0.557341,0.585689,1,1,1,1,0.0
190,BS_3,BS,0.520673,0.824935,0.552633,0.329729,1,1,1,1,0.533925
190,BS_4,BS,0.645346,0.825334,0.337969,0.258852,1,1,1,5,0.656501
190,HAP_0,HAP,0.710519,0.918062,0.041759,0.106959,3,0,0,0,0.580055
190,HAP_1,HAP,0.607594,0.827245,0.398248,0.26004,1,1,1,5,0.272478
190,HAP_2,HAP,0.520114,0.888134,0.553708,0.239138,1,1,1,0,0.170016
190,LEO_0,LEO,0.76457,0.934806,0.168442,0.042408,1,1,1,0,0.862939
190,LEO_1,LEO,0.683444,0.927083,0.080611,0.087539,3,0,0,0,0.650571
191,BS_0,BS,0.63792,0.850612,0.349543,0.36966,1,1,1,1,0.735638
191,BS_1,BS,0.58609,0.832711,0.434281,0.584139,1,1,1,1,0.0
191,BS_2,BS,0.569688,0.825891,0.462666,0.564878,1,1,1,1,0.606266
191,BS_3,BS,0.612333,0.822358,0.390479,0.332396,1,1,1,2,0.44166
191,BS_4,BS,0.644584,0.824918,0.339151,0.258842,1,1,1,4,0.358206
191,HAP_0,HAP,0.607157,0.923663,0.098968,0.089975,4,0,0,0,0.463426
191,HAP_1,HAP,0.759303,0.836477,0.175355,0.221869,1,1,1,5,0.319904
191,HAP_2,HAP,0.87018,0.903019,0.039055,0.191997,1,1,1,0,0.541341
191,LEO_0,LEO,0.700152,0.928897,0.256458,0.063523,1,1,1,0,0.247192
191,LEO_1,LEO,0.644472,0.933919,0.039323,0.070727,4,0,0,0,0.523299
192,BS_0,BS,0.530095,0.846588,0.534698,0.424384,1,1,1,0,0.0
192,BS_1,BS,0.569591,0.835206,0.462837,0.563709,1,1,1,1,0.0
192,BS_2,BS,0.592704,0.830028,0.42306,0.532444,1,1,1,1,0.0
192,BS_3,BS,0.697044,0.8274,0.260907,0.29655,1,1,1,3,0.0
192,BS_4,BS,0.647062,0.824816,0.335313,0.257669,1,1,1,5,0.0
192,HAP_0,HAP,0.77404,0.925571,0.156132,0.082949,1,1,1,0,0.377697
192,HAP_1,HAP,0.715765,0.840157,0.234403,0.202221,1,1,1,7,0.358249
192,HAP_2,HAP,0.539123,0.878318,0.517811,0.274255,1,1,1,0,1.633842
192,LEO_0,LEO,0.762445,0.935583,0.071226,0.053101,2,0,0,0,0.318621
192,LEO_1,LEO,0.889486,0.941567,0.017112,0.056714,1,1,0,0,0.432966
193,BS_0,BS,0.519297,0.838612,0.555279,0.478258,1,1,1,1,0.0
193,BS_1,BS,0.58932,0.83831,0.428786,0.533703,1,1,1,1,0.0
193,BS_2,BS,0.579785,0.836256,0.445098,0.515106,1,1,1,0,0.0
193,BS_3,BS,0.687954,0.830512,0.274034,0.271032,1,1,1,4,0.0
193,BS_4,BS,0.647682,0.824791,0.334356,0.256443,1,1,1,5,0.0
193,HAP_0,HAP,0.757319,0.930149,0.077971,0.069095,2,0,0,0,0.603878
193,HAP_1,HAP,0.688699,0.840757,0.272951,0.195302,1,1,1,6,0.374233
193,HAP_2,HAP,0.500918,0.86457,0.591313,0.376747,1,1,1,0,0.0
193,LEO_0,LEO,0.722467,0.927256,0.225084,0.065279,1,1,1,0,0.881677
193,LEO_1,LEO,0.599069,0.917733,0.412379,0.121896,1,1,1,0,1.233757
194,BS_0,BS,0.626927,0.843613,0.366925,0.443192,1,1,1,1,0.0
194,BS_1,BS,0.586199,0.838788,0.434097,0.511761,1,1,1,1,0.0
194,BS_2,BS,0.489618,0.825945,0.61413,0.581805,1,1,1,1,0.0
194,BS_3,BS,0.602627,0.826742,0.406456,0.291169,1,1,1,2,0.256882
194,BS_4,BS,0.64034,0.824088,0.345755,0.25895,1,1,1,4,0.496096
194,HAP_0,HAP,0.727981,0.923349,0.217481,0.07656,1,1,1,0,0.824511
194,HAP_1,HAP,0.666148,0.839233,0.306244,0.198445,1,1,1,7,0.227512
194,HAP_2,HAP,0.856841,0.883188,0.054502,0.302735,1,1,1,0,0.584513
194,LEO_0,LEO,0.786098,0.924224,0.140673,0.061128,1,1,1,0,0.949917
194,LEO_1,LEO,0.644314,0.909365,0.339568,0.149405,1,1,1,0,0.286498
195,BS_0,BS,0.494786,0.826135,0.603629,0.518519,1,1,1,1,0.711662
195,BS_1,BS,0.624388,0.84262,0.370983,0.471341,1,1,1,0,0.623564
195,BS_2,BS,0.653963,0.837235,0.324705,0.512889,1,1,1,1,0.0
195,BS_3,BS,0.725536,0.833487,0.220845,0.254883,1,1,1,4,0.784156
195,BS_4,BS,0.640262,0.823517,0.345877,0.260994,1,1,1,5,0.248289
195,HAP_0,HAP,0.726213,0.921713,0.219912,0.083011,1,1,1,0,0.278304
195,HAP_1,HAP,0.65214,0.836737,0.327496,0.20702,1,1,1,7,0.262062
195,HAP_2,HAP,0.68203,0.880316,0.282681,0.278147,1,1,1,0,1.029315
195,LEO_0,LEO,0.795557,0.924869,0.128712,0.056358,1,1,1,0,0.619957
195,LEO_1,LEO,0.815349,0.917339,0.104139,0.124404,1,1,1,0,0.376842
196,BS_0,BS,0.672945,0.834444,0.296092,0.454267,1,1,1,1,0.0
196,BS_1,BS,0.550203,0.837624,0.497469,0.488437,1,1,1,1,0.0
196,BS_2,BS,0.617692,0.841984,0.381765,0.475896,1,1,1,1,0.0
196,BS_3,BS,0.592485,0.826453,0.423429,0.284588,1,1,1,2,0.747491
196,BS_4,BS,0.648301,0.82381,0.3334,0.258815,1,1,1,5,0.0
196,HAP_0,HAP,0.818174,0.932889,0.000681,0.066409,2,0,0,0,0.460826
196,HAP_1,HAP,0.662695,0.835703,0.311441,0.209264,1,1,1,6,0.0
196,HAP_2,HAP,0.622618,0.879005,0.373822,0.285402,1,1,1,0,0.120476
196,LEO_0,LEO,0.80339,0.93187,0.018915,0.045247,2,0,0,0,0.691577
196,LEO_1,LEO,0.542688,0.891313,0.511221,0.21713,1,1,1,0,1.388018
197,BS_0,BS,0.52757,0.827256,0.539474,0.494378,1,1,1,0,0.773851
197,BS_1,BS,0.635088,0.841593,0.353992,0.447139,1,1,1,1,0.0
197,BS_2,BS,0.615412,0.843261,0.385464,0.447579,1,1,1,1,0.234439
197,BS_3,BS,0.724881,0.834044,0.221747,0.249797,1,1,1,3,0.0
197,BS_4,BS,0.622714,0.821628,0.373669,0.269885,1,1,1,4,0.51133
197,HAP_0,HAP,0.67927,0.920375,0.286737,0.090125,1,1,1,0,0.980432
197,HAP_1,HAP,0.658963,0.834537,0.317088,0.212656,1,1,1,5,0.322194
197,HAP_2,HAP,0.843697,0.896115,0.069962,0.230524,1,1,1,0,0.290865
197,LEO_0,LEO,0.818146,0.930769,0.100714,0.040762,1,1,1,0,0.91332
197,LEO_1,LEO,0.613088,0.885183,0.389247,0.241884,1,1,1,0,0.266955
198,BS_0,BS,0.587209,0.830244,0.432375,0.479629,1,1,1,1,0.0
198,BS_1,BS,0.714166,0.853063,0.23664,0.38291,1,1,1,1,0.0
198,BS_2,BS,0.547301,0.843004,0.502757,0.471807,1,1,1,0,0.0
198,BS_3,BS,0.724749,0.839156,0.22193,0.222002,1,1,1,3,1.087982
198,BS_4,BS,0.64813,0.822282,0.333665,0.266007,1,1,1,5,0.0
198,HAP_0,HAP,0.636005,0.912564,0.352549,0.128031,1,1,1,0,0.104605
198,HAP_1,HAP,0.62922,0.832006,0.363274,0.229511,1,1,1,6,0.0
198,HAP_2,HAP,0.69177,0.893654,0.268501,0.216861,1,1,1,0,0.81874
198,LEO_0,LEO,0.707022,0.91773,0.246693,0.059996,1,1,1,0,1.293242
198,LEO_1,LEO,0.745456,0.893747,0.193759,0.210402,1,1,1,0,0.233934
199,BS_0,BS,0.571998,0.827722,0.458619,0.478353,1,1,1,1,0.261653
199,BS_1,BS,0.642407,0.852355,0.342533,0.359126,1,1,1,1,0.504086
199,BS_2,BS,0.423814,0.818124,0.758462,0.636315,1,1,1,1,0.569954
199,BS_3,BS,0.629364,0.835321,0.363046,0.236912,1,1,1,2,0.437715
199,BS_4,BS,0.637792,0.821841,0.349743,0.26785,1,1,1,6,0.367143
199,HAP_0,HAP,0.792787,0.923996,0.032201,0.102892,2,0,0,0,0.450899
199,HAP_1,HAP,0.68426,0.834074,0.279417,0.218742,1,1,1,6,0.398761
199,HAP_2,HAP,0.857424,0.904564,0.053823,0.174792,1,1,1,0,0.713034
199,LEO_0,LEO,0.623113,0.906055,0.373027,0.110614,1,1,1,0,0.416349
199,LEO_1,LEO,0.773419,0.899872,0.156934,0.179404,1,1,1,0,0.644311
200,BS_0,BS,0.686697,0.838545,0.275863,0.416927,1,1,1,1,0.0
200,BS_1,BS,0.644373,0.850161,0.339477,0.339161,1,1,1,1,0.717836
200,BS_2,BS,0.650639,0.827734,0.3298,0.557997,1,1,1,1,0.0
200,BS_3,BS,0.729364,0.840477,0.215582,0.210444,1,1,1,4,0.668488
200,BS_4,BS,0.640171,0.821712,0.346019,0.268158,1,1,1,5,0.538444
200,HAP_0,HAP,0.807955,0.927062,0.113249,0.088085,1,1,1,0,0.564348
200,HAP_1,HAP,0.662712,0.833621,0.311414,0.218634,1,1,1,6,0.278026
200,HAP_2,HAP,0.664438,0.893522,0.308813,0.182748,1,1,1,0,1.27183
200,LEO_0,LEO,0.742121,0.909057,0.198244,0.106176,1,1,1,0,0.342915
200,LEO_1,LEO,0.7988,0.905311,0.124644,0.150515,1,1,1,0,0.745787
201,BS_0,BS,0.643416,0.83949,0.340964,0.385857,1,1,1,1,0.671056
201,BS_1,BS,0.46393,0.837776,0.668022,0.472143,1,1,1,0,0.0
201,BS_2,BS,0.65042,0.83755,0.330137,0.495443,1,1,1,1,0.0
201,BS_3,BS,0.506175,0.826856,0.580872,0.320191,1,1,1,2,0.462976
201,BS_4,BS,0.648201,0.822356,0.333555,0.264593,1,1,1,4,0.0
201,HAP_0,HAP,0.528415,0.896309,0.537874,0.200657,1,1,1,0,2.105939
201,HAP_1,HAP,0.670196,0.833895,0.300185,0.215457,1,1,1,6,0.20255
201,HAP_2,HAP,0.682658,0.891464,0.281761,0.181924,1,1,1,0,0.515955
201,LEO_0,LEO,0.769219,0.919951,0.062379,0.086692,2,0,0,0,0.34666
201,LEO_1,LEO,0.76175,0.914268,0.072137,0.122753,2,0,0,0,0.528817
202,BS_0,BS,0.587424,0.839292,0.432008,0.392669,1,1,1,1,0.31761
202,BS_1,BS,0.686829,0.853227,0.27567,0.411912,1,1,1,0,0.0
202,BS_2,BS,0.561774,0.831284,0.476655,0.498595,1,1,1,1,0.487094
202,BS_3,BS,0.598616,0.822562,0.413135,0.332959,1,1,1,4,0.0
202,BS_4,BS,0.644268,0.822507,0.339641,0.263585,1,1,1,4,0.0
202,HAP_0,HAP,0.561516,0.884123,0.477115,0.262963,1,1,1,0,0.210497
202,HAP_1,HAP,0.636057,0.831866,0.352467,0.22827,1,1,1,6,0.122727
202,HAP_2,HAP,0.781954,0.89931,0.145959,0.155126,1,1,1,0,0.476764
202,LEO_0,LEO,0.725946,0.930561,0.020279,0.069539,3,0,0,0,0.43412
202,LEO_1,LEO,0.712668,0.921775,0.038739,0.098878,3,0,0,0,0.773109
203,BS_0,BS,0.489582,0.822023,0.614204,0.483896,1,1,1,1,0.658601
203,BS_1,BS,0.441542,0.831909,0.717483,0.561181,1,1,1,1,0.375242
203,BS_2,BS,0.479681,0.824918,0.634634,0.580118,1,1,1,0,0.0
203,BS_3,BS,0.756338,0.832466,0.179268,0.280829,1,1,1,3,0.661721
203,BS_4,BS,0.647762,0.822951,0.334232,0.261138,1,1,1,5,0.469888
203,HAP_0,HAP,0.878855,0.900258,0.029135,0.210752,1,1,1,0,0.554046
203,HAP_1,HAP,0.703067,0.835534,0.252303,0.211262,1,1,1,7,0.248676
203,HAP_2,HAP,0.79703,0.908198,0.126863,0.131343,1,1,1,0,0.327233
203,LEO_0,LEO,0.651546,0.93783,0.028407,0.055994,4,0,0,0,0.509621
203,LEO_1,LEO,0.797724,0.925016,0.125993,0.086246,1,1,1,0,0.422659
204,BS_0,BS,0.610033,0.826749,0.394242,0.457059,1,1,1,1,0.0
204,BS_1,BS,0.564999,0.829387,0.470931,0.548744,1,1,1,1,0.0
204,BS_2,BS,0.534102,0.821989,0.527168,0.589152,1,1,1,1,0.0
204,BS_3,BS,0.731907,0.838282,0.212101,0.244907,1,1,1,4,0.489053
204,BS_4,BS,0.633111,0.821935,0.357109,0.266297,1,1,1,6,0.0
204,HAP_0,HAP,0.542298,0.876432,0.511939,0.286539,1,1,1,0,2.142672
204,HAP_1,HAP,0.600031,0.831418,0.410774,0.24494,1,1,1,4,0.169659
204,HAP_2,HAP,0.793431,0.920185,0.031389,0.105518,2,0,0,0,0.470287
204,LEO_0,LEO,0.884071,0.944732,0.023218,0.045038,1,1,0,0,0.394565
204,LEO_1,LEO,0.816849,0.930187,0.102301,0.073706,1,1,1,0,0.339865
205,BS_0,BS,0.58428,0.831559,0.437374,0.451731,1,1,1,1,0.0
205,BS_1,BS,0.490018,0.825134,0.613313,0.608264,1,1,1,0,0.0
205,BS_2,BS,0.66325,0.834512,0.310603,0.514735,1,1,1,1,0.0
205,BS_3,BS,0.692611,0.839595,0.267287,0.228075,1,1,1,4,0.64428
205,BS_4,BS,0.648309,0.822544,0.333388,0.263054,1,1,1,6,0.0
205,HAP_0,HAP,0.543373,0.866675,0.509959,0.346257,1,1,1,0,0.157687
205,HAP_1,HAP,0.777625,0.843904,0.151511,0.206282,1,1,1,4,0.201587
205,HAP_2,HAP,0.746638,0.917716,0.192174,0.101033,1,1,1,0,0.750475
205,LEO_0,LEO,0.707323,0.933107,0.246267,0.063322,1,1,1,0,0.884383
205,LEO_1,LEO,0.615391,0.911243,0.385497,0.125839,1,1,1,0,1.12995
206,BS_0,BS,0.536077,0.824834,0.523478,0.484698,1,1,1,1,0.397476
206,BS_1,BS,0.609537,0.833459,0.395056,0.556842,1,1,1,1,0.0
206,BS_2,BS,0.582229,0.832571,0.440892,0.499262,1,1,1,1,0.551679
206,BS_3,BS,0.654623,0.837256,0.323696,0.229611,1,1,1,5,0.382018
206,BS_4,BS,0.638663,0.822133,0.348378,0.265059,1,1,1,5,0.511285
206,HAP_0,HAP,0.881448,0.886758,0.026189,0.277314,1,1,1,0,0.529447
206,HAP_1,HAP,0.813004,0.855092,0.107019,0.17018,1,1,1,5,0.258721
206,HAP_2,HAP,0.787258,0.926083,0.039199,0.081518,2,0,0,0,0.544617
206,LEO_0,LEO,0.787921,0.937595,0.038358,0.051319,2,0,0,0,0.62602
206,LEO_1,LEO,0.774677,0.913385,0.155309,0.111525,1,1,1,0,0.54195
207,BS_0,BS,0.654399,0.833016,0.324037,0.435008,1,1,1,1,0.0
207,BS_1,BS,0.540486,0.830437,0.515286,0.564958,1,1,1,1,0.0
207,BS_2,BS,0.552566,0.834749,0.493182,0.508862,1,1,1,0,0.0
207,BS_3,BS,0.651864,0.83513,0.32792,0.232078,1,1,1,4,0.264038
207,BS_4,BS,0.647972,0.822672,0.333908,0.262219,1,1,1,4,0.0
207,HAP_0,HAP,0.878203,0.902077,0.029877,0.222253,1,1,1,0,0.566861
207,HAP_1,HAP,0.802047,0.862116,0.120588,0.142687,1,1,1,6,0.651153
207,HAP_2,HAP,0.718167,0.932212,0.031053,0.065648,3,0,0,0,0.705453
207,LEO_0,LEO,0.717939,0.9415,0.031371,0.041498,3,0,0,0,0.671975
207,LEO_1,LEO,0.773606,0.9214,0.056692,0.090667,2,0,0,0,0.581046
208,BS_0,BS,0.657081,0.842361,0.319949,0.394072,1,1,1,1,0.0
208,BS_1,BS,0.617182,0.838202,0.382591,0.517835,1,1,1,1,0.0
208,BS_2,BS,0.733415,0.854853,0.210043,0.426943,1,1,1,0,0.0
208,BS_3,BS,0.648374,0.833107,0.333287,0.235648,1,1,1,5,0.0
208,BS_4,BS,0.632408,0.821644,0.358221,0.26752,1,1,1,5,0.0
208,HAP_0,HAP,0.786885,0.905739,0.139673,0.186581,1,1,1,0,0.804377
208,HAP_1,HAP,0.78843,0.866486,0.137712,0.122684,1,1,1,4,0.784455
208,HAP_2,HAP,0.63634,0.937104,0.052023,0.053737,4,0,0,0,0.52334
208,LEO_0,LEO,0.609655,0.941767,0.094863,0.037248,4,0,0,0,0.550307
208,LEO_1,LEO,0.707052,0.928263,0.046652,0.073513,3,0,0,0,0.609483
209,BS_0,BS,0.621239,0.843189,0.376039,0.37889,1,1,1,1,0.399514
209,BS_1,BS,0.540956,0.83318,0.514417,0.53335,1,1,1,1,0.0
209,BS_2,BS,0.753919,0.869392,0.18247,0.356537,1,1,1,0,0.43429
209,BS_3,BS,0.634496,0.83019,0.354924,0.245205,1,1,1,4,0.676176
209,BS_4,BS,0.63676,0.821234,0.351362,0.269571,1,1,1,5,0.0
209,HAP_0,HAP,0.864759,0.91407,0.045305,0.150189,1,1,1,0,0.786809
209,HAP_1,HAP,0.722675,0.865049,0.224796,0.120887,1,1,1,4,0.571456
209,HAP_2,HAP,0.846867,0.940378,0.066212,0.044962,1,1,0,0,0.527889
209,LEO_0,LEO,0.764358,0.938657,0.168719,0.042608,1,1,1,0,0.435637
209,LEO_1,LEO,0.636202,0.933503,0.05224,0.060038,4,0,0,0,0.595241
210,BS_0,BS,0.635309,0.846649,0.353644,0.359391,1,1,1,1,0.0
210,BS_1,BS,0.611233,0.840012,0.392277,0.495926,1,1,1,1,0.0
210,BS_2,BS,0.409719,0.838384,0.792284,0.567701,1,1,1,1,0.379144
210,BS_3,BS,0.585429,0.823099,0.435411,0.281476,1,1,1,3,0.496238
210,BS_4,BS,0.643176,0.821507,0.341337,0.268087,1,1,1,5,0.0
210,HAP_0,HAP,0.765446,0.916061,0.167296,0.132746,1,1,1,0,0.449626
210,HAP_1,HAP,0.806027,0.871465,0.115639,0.102727,1,1,1,4,0.14707
210,HAP_2,HAP,0.790354,0.944126,0.035275,0.03653,2,0,0,0,0.624179
210,LEO_0,LEO,0.791979,0.935795,0.13322,0.042073,1,1,1,0,0.776389
210,LEO_1,LEO,0.896299,0.939619,0.009481,0.048071,1,1,0,0,0.677509
211,BS_0,BS,0.680008,0.853334,0.28565,0.324231,1,1,1,1,0.0
211,BS_1,BS,0.576284,0.839856,0.451155,0.488334,1,1,1,1,0.0
211,BS_2,BS,0.623763,0.842742,0.371985,0.516428,1,1,1,1,0.0
211,BS_3,BS,0.739632,0.831397,0.201603,0.243471,1,1,1,4,0.0
211,BS_4,BS,0.647817,0.822157,0.334147,0.264714,1,1,1,4,0.0
211,HAP_0,HAP,0.767966,0.919808,0.16401,0.118301,1,1,1,0,0.270977
211,HAP_1,HAP,0.740872,0.871781,0.199927,0.100169,1,1,1,4,0.527949
211,HAP_2,HAP,0.715119,0.948181,0.035307,0.029785,3,0,0,0,0.473645
211,LEO_0,LEO,0.768587,0.939054,0.063201,0.035456,2,0,0,0,0.545318
211,LEO_1,LEO,0.749712,0.938447,0.088066,0.041947,2,0,0,0,0.830154
212,BS_0,BS,0.568343,0.847887,0.465031,0.356699,1,1,1,0,0.688615
212,BS_1,BS,0.598037,0.839877,0.414102,0.467834,1,1,1,1,0.0
212,BS_2,BS,0.562452,0.844537,0.47545,0.514867,1,1,1,0,0.0
212,BS_3,BS,0.696073,0.834383,0.262301,0.225737,1,1,1,4,0.665964
212,BS_4,BS,0.647753,0.82267,0.334246,0.262045,1,1,1,5,0.367138
212,HAP_0,HAP,0.812653,0.93182,0.007451,0.094666,2,0,0,0,0.367466
212,HAP_1,HAP,0.662351,0.864028,0.311959,0.123928,1,1,1,6,0.154494
212,HAP_2,HAP,0.641969,0.95107,0.043215,0.024668,4,0,0,0,0.485286
212,LEO_0,LEO,0.67998,0.940649,0.085692,0.031669,3,0,0,0,0.536841
212,LEO_1,LEO,0.806539,0.935489,0.115003,0.039509,1,1,1,0,0.846924
213,BS_0,BS,0.58566,0.847559,0.435015,0.370516,1,1,1,1,0.0
213,BS_1,BS,0.502578,0.835189,0.588005,0.529854,1,1,1,0,0.0
213,BS_2,BS,0.575803,0.845901,0.45199,0.503826,1,1,1,1,0.0
213,BS_3,BS,0.654412,0.833066,0.324018,0.227834,1,1,1,5,0.0
213,BS_4,BS,0.626465,0.821077,0.367663,0.270465,1,1,1,6,0.0
213,HAP_0,HAP,0.542017,0.90333,0.512458,0.193909,1,1,1,0,1.33279
213,HAP_1,HAP,0.544331,0.852248,0.508198,0.215362,1,1,1,3,0.0
213,HAP_2,HAP,0.667901,0.941662,0.303616,0.061217,1,1,1,0,0.0
213,LEO_0,LEO,0.662825,0.931775,0.311244,0.068928,1,1,1,0,0.122364
213,LEO_1,LEO,0.626194,0.912761,0.368095,0.09258,1,1,1,0,1.483876
214,BS_0,BS,0.728811,0.860863,0.21634,0.317474,1,1,1,0,0.409265
214,BS_1,BS,0.64518,0.841315,0.338227,0.475362,1,1,1,0,0.78202
214,BS_2,BS,0.440711,0.824397,0.719365,0.63593,1,1,1,1,0.29796
214,BS_3,BS,0.628367,0.829575,0.36463,0.242097,1,1,1,3,0.269347
214,BS_4,BS,0.63711,0.820812,0.350814,0.271754,1,1,1,5,0.775973
214,HAP_0,HAP,0.744518,0.904048,0.195018,0.172241,1,1,1,0,0.579993
214,HAP_1,HAP,0.639531,0.847281,0.34702,0.22648,1,1,1,5,0.215931
214,HAP_2,HAP,0.761496,0.938507,0.17247,0.062359,1,1,1,0,0.534887
214,LEO_0,LEO,0.773941,0.938197,0.056259,0.056567,2,0,0,0,0.429149
214,LEO_1,LEO,0.606568,0.899771,0.399939,0.146042,1,1,1,0,0.466544
215,BS_0,BS,0.457367,0.83694,0.68227,0.463451,1,1,1,1,0.699133
215,BS_1,BS,0.834457,0.863239,0.080974,0.38324,1,1,1,0,0.455714
215,BS_2,BS,0.683752,0.835919,0.28016,0.544064,1,1,1,1,0.0
215,BS_3,BS,0.649406,0.828758,0.331697,0.243188,1,1,1,4,0.351442
215,BS_4,BS,0.415612,0.801681,0.778002,0.489782,1,1,1,2,0.0
215,HAP_0,HAP,0.783699,0.91377,0.04373,0.138654,2,0,0,0,0.682696
215,HAP_1,HAP,0.704843,0.848098,0.249781,0.209259,1,1,1,5,0.391029
215,HAP_2,HAP,0.817354,0.939223,0.101683,0.05454,1,1,1,0,0.573419
215,LEO_0,LEO,0.758558,0.934329,0.176337,0.059246,1,1,1,0,0.609853
215,LEO_1,LEO,0.692369,0.900132,0.267636,0.149066,1,1,1,0,0.292288
216,BS_0,BS,0.520191,0.834176,0.553559,0.508653,1,1,1,0,0.0
216,BS_1,BS,0.853582,0.881145,0.058314,0.308122,1,1,1,0,0.619542
216,BS_2,BS,0.547585,0.825243,0.502238,0.54876,1,1,1,1,0.766374
216,BS_3,BS,0.646266,0.827814,0.336544,0.245518,1,1,1,4,0.0
216,BS_4,BS,0.566705,0.799612,0.467916,0.490351,1,1,1,6,0.0
216,HAP_0,HAP,0.772724,0.916413,0.157833,0.122133,1,1,1,0,0.470527
216,HAP_1,HAP,0.668295,0.84657,0.303025,0.208728,1,1,1,5,0.273748
216,HAP_2,HAP,0.761994,0.933315,0.171817,0.056916,1,1,1,0,0.832249
216,LEO_0,LEO,0.800934,0.941355,0.021977,0.047614,2,0,0,0,0.457492
216,LEO_1,LEO,0.779916,0.908991,0.14857,0.129186,1,1,1,0,0.184452
217,BS_0,BS,0.559776,0.834618,0.480219,0.510697,1,1,1,1,0.0
217,BS_1,BS,0.61887,0.870648,0.37986,0.31143,1,1,1,0,1.285971
217,BS_2,BS,0.650279,0.831881,0.330353,0.488118,1,1,1,1,0.265348
217,BS_3,BS,0.618495,0.824423,0.380466,0.261554,1,1,1,5,0.466689
217,BS_4,BS,0.68789,0.808511,0.274126,0.426096,1,1,1,6,0.0
217,HAP_0,HAP,0.754127,0.919325,0.182195,0.112644,1,1,1,0,0.230887
217,HAP_1,HAP,0.783343,0.85393,0.144185,0.176338,1,1,1,6,0.217243
217,HAP_2,HAP,0.776502,0.93703,0.052956,0.046795,2,0,0,0,0.611721
217,LEO_0,LEO,0.745642,0.933452,0.19351,0.054942,1,1,1,0,0.882996
217,LEO_1,LEO,0.772623,0.920199,0.057964,0.104861,2,0,0,0,0.384489
218,BS_0,BS,0.735162,0.850755,0.207665,0.427964,1,1,1,0,0.462197
218,BS_1,BS,0.728041,0.876397,0.217398,0.270412,1,1,1,0,0.597665
218,BS_2,BS,0.614361,0.829623,0.387173,0.457951,1,1,1,1,0.58287
218,BS_3,BS,0.634359,0.82323,0.355141,0.266,1,1,1,4,0.394993
218,BS_4,BS,0.626449,0.809801,0.367689,0.401715,1,1,1,7,0.481555
218,HAP_0,HAP,0.788814,0.930364,0.037224,0.090739,2,0,0,0,0.2859
218,HAP_1,HAP,0.753053,0.857192,0.18362,0.156243,1,1,1,5,0.39091
218,HAP_2,HAP,0.809161,0.937356,0.111757,0.043056,1,1,1,0,0.534212
218,LEO_0,LEO,0.794711,0.93798,0.029776,0.044353,2,0,0,0,0.673792
218,LEO_1,LEO,0.625539,0.905827,0.369142,0.145208,1,1,1,0,0.935067
219,BS_0,BS,0.527953,0.840263,0.538747,0.472983,1,1,1,1,0.60858
219,BS_1,BS,0.757104,0.885367,0.178255,0.230628,1,1,1,0,0.454972
219,BS_2,BS,0.405,0.812936,0.803869,0.657153,1,1,1,0,0.0
219,BS_3,BS,0.630621,0.821921,0.36105,0.27146,1,1,1,3,0.786307
219,BS_4,BS,0.652766,0.813259,0.326536,0.369353,1,1,1,5,0.0
219,HAP_0,HAP,0.718993,0.938628,0.029903,0.072993,3,0,0,0,0.412059
219,HAP_1,HAP,0.759798,0.860285,0.174702,0.138729,1,1,1,5,0.274175
219,HAP_2,HAP,0.559353,0.907914,0.480975,0.138547,1,1,1,0,1.748625
219,LEO_0,LEO,0.699082,0.940333,0.057987,0.036995,3,0,0,0,0.646576
219,LEO_1,LEO,0.761366,0.909816,0.172641,0.129579,1,1,1,0,0.356245
220,BS_0,BS,0.54402,0.834989,0.508769,0.494867,1,1,1,1,0.281396
220,BS_1,BS,0.860408,0.900438,0.050348,0.185643,1,1,1,0,0.477956
220,BS_2,BS,0.646834,0.829703,0.335666,0.576425,1,1,1,0,0.0
220,BS_3,BS,0.673004,0.824777,0.296004,0.256597,1,1,1,3,0.344686
220,BS_4,BS,0.649858,0.815749,0.331001,0.344785,1,1,1,7,0.670293
220,HAP_0,HAP,0.79944,0.938194,0.123843,0.065297,1,1,1,0,0.563023
220,HAP_1,HAP,0.699275,0.858782,0.257711,0.14087,1,1,1,4,0.345667
220,HAP_2,HAP,0.683662,0.902048,0.280292,0.146191,1,1,1,0,0.605339
220,LEO_0,LEO,0.710727,0.933959,0.241467,0.055834,1,1,1,0,0.313129
220,LEO_1,LEO,0.815121,0.922649,0.004419,0.103672,2,0,0,0,0.505126
221,BS_0,BS,0.557858,0.8342,0.483651,0.501157,1,1,1,1,0.0
221,BS_1,BS,0.575126,0.881378,0.453167,0.240927,1,1,1,0,1.352035
221,BS_2,BS,0.502437,0.823984,0.588286,0.616876,1,1,1,1,0.0
221,BS_3,BS,0.64774,0.824765,0.334265,0.255557,1,1,1,3,0.658793
221,BS_4,BS,0.610656,0.814007,0.393222,0.345409,1,1,1,4,0.0
221,HAP_0,HAP,0.813156,0.945137,0.006832,0.052258,2,0,0,0,0.494164
221,HAP_1,HAP,0.702297,0.861027,0.253399,0.141591,1,1,1,5,0.0
221,HAP_2,HAP,0.616624,0.896075,0.383496,0.183134,1,1,1,0,0.132577
221,LEO_0,LEO,0.745935,0.938433,0.093116,0.048569,2,0,0,0,0.297892
221,LEO_1,LEO,0.600927,0.902419,0.409282,0.158318,1,1,1,0,1.269524
222,BS_0,BS,0.571493,0.832979,0.459503,0.49594,1,1,1,1,0.0
222,BS_1,BS,0.528451,0.870477,0.537805,0.322897,1,1,1,0,0.0
222,BS_2,BS,0.666002,0.839903,0.306462,0.535764,1,1,1,0,0.0
222,BS_3,BS,0.619424,0.822074,0.378965,0.269072,1,1,1,5,0.0
222,BS_4,BS,0.603708,0.811926,0.404665,0.350016,1,1,1,7,0.0
222,HAP_0,HAP,0.527456,0.910726,0.53969,0.172876,1,1,1,0,1.528099
222,HAP_1,HAP,0.817606,0.870242,0.101374,0.117897,1,1,1,5,0.117318
222,HAP_2,HAP,0.793599,0.911753,0.031176,0.146944,2,0,0,0,0.340721
222,LEO_0,LEO,0.736246,0.945924,0.006191,0.038872,3,0,0,0,0.477685
222,LEO_1,LEO,0.669384,0.898456,0.301398,0.167532,1,1,1,0,0.395784
223,BS_0,BS,0.521798,0.831992,0.550476,0.533112,1,1,1,0,0.0
223,BS_1,BS,0.716592,0.881915,0.233249,0.2828,1,1,1,0,0.0
223,BS_2,BS,0.440613,0.820186,0.719587,0.661624,1,1,1,1,0.355447
223,BS_3,BS,0.648314,0.822657,0.33338,0.265272,1,1,1,4,0.443555
223,BS_4,BS,0.564066,0.808821,0.472583,0.380514,1,1,1,3,0.0
223,HAP_0,HAP,0.562687,0.895822,0.475032,0.239846,1,1,1,0,0.207109
223,HAP_1,HAP,0.688312,0.865283,0.273514,0.127982,1,1,1,6,1.410505
223,HAP_2,HAP,0.707937,0.907293,0.2454,0.144655,1,1,1,0,0.842232
223,LEO_0,LEO,0.630619,0.947617,0.061053,0.032775,4,0,0,0,0.571171
223,LEO_1,LEO,0.695797,0.900644,0.262697,0.16508,1,1,1,0,0.159973
224,BS_0,BS,0.590662,0.835764,0.426511,0.50835,1,1,1,1,0.291488
224,BS_1,BS,0.643202,0.878764,0.341297,0.278657,1,1,1,0,0.774533
224,BS_2,BS,0.647131,0.82916,0.335207,0.579863,1,1,1,1,0.0
224,BS_3,BS,0.649068,0.823192,0.332218,0.261884,1,1,1,4,0.677911
224,BS_4,BS,0.708815,0.817935,0.24416,0.331237,1,1,1,5,0.398547
224,HAP_0,HAP,0.830697,0.907128,0.08549,0.195166,1,1,1,0,0.443565
224,HAP_1,HAP,0.714607,0.863165,0.236023,0.127454,1,1,1,6,0.346122
224,HAP_2,HAP,0.796214,0.917931,0.027887,0.116074,2,0,0,0,0.594203
224,LEO_0,LEO,0.858941,0.951207,0.052055,0.02744,1,1,0,0,0.333876
224,LEO_1,LEO,0.779066,0.913644,0.04966,0.133174,2,0,0,0,0.427503
225,BS_0,BS,0.71688,0.853793,0.232846,0.431078,1,1,1,0,0.0
225,BS_1,BS,0.692646,0.885719,0.267236,0.255063,1,1,1,0,0.0
225,BS_2,BS,0.608045,0.836084,0.397506,0.534995,1,1,1,1,0.0
225,BS_3,BS,0.636855,0.822559,0.351213,0.265015,1,1,1,4,0.0
225,BS_4,BS,0.677848,0.822123,0.288832,0.302531,1,1,1,5,0.204349
225,HAP_0,HAP,0.724253,0.90435,0.222615,0.178433,1,1,1,0,0.889458
225,HAP_1,HAP,0.669497,0.857501,0.301229,0.142795,1,1,1,5,0.263116
225,HAP_2,HAP,0.741821,0.918756,0.198647,0.110617,1,1,1,0,0.30289
225,LEO_0,LEO,0.722788,0.940199,0.224639,0.04466,1,1,1,0,0.817011
225,LEO_1,LEO,0.72016,0.910647,0.228282,0.12999,1,1,1,0,0.724094
226,BS_0,BS,0.436844,0.831,0.728179,0.583473,1,1,1,1,0.494955
226,BS_1,BS,0.841003,0.901028,0.07316,0.206459,1,1,1,0,0.363199
226,BS_2,BS,0.554141,0.831785,0.490337,0.53619,1,1,1,1,0.252287
226,BS_3,BS,0.634314,0.82175,0.355211,0.26879,1,1,1,5,0.337477
226,BS_4,BS,0.649674,0.822843,0.331284,0.291412,1,1,1,6,0.557842
226,HAP_0,HAP,0.755759,0.908051,0.180033,0.157332,1,1,1,0,0.378523
226,HAP_1,HAP,0.735535,0.85858,0.207157,0.133548,1,1,1,5,0.320621
226,HAP_2,HAP,0.804106,0.921888,0.118024,0.094762,1,1,1,0,0.662712
226,LEO_0,LEO,0.761062,0.937757,0.173041,0.049202,1,1,1,0,0.320176
226,LEO_1,LEO,0.78404,0.916183,0.143295,0.113232,1,1,1,0,0.302827
227,BS_0,BS,0.589823,0.833891,0.427934,0.549185,1,1,1,1,0.0
227,BS_1,BS,0.619899,0.88952,0.378198,0.229532,1,1,1,0,0.997408
227,BS_2,BS,0.646078,0.836912,0.336835,0.480008,1,1,1,1,0.469306
227,BS_3,BS,0.645877,0.822175,0.337145,0.266183,1,1,1,4,0.526742
227,BS_4,BS,0.640245,0.822524,0.345905,0.286972,1,1,1,6,0.590413
227,HAP_0,HAP,0.759815,0.917912,0.074681,0.128375,2,0,0,0,0.390218
227,HAP_1,HAP,0.690139,0.857094,0.270862,0.139853,1,1,1,5,0.243103
227,HAP_2,HAP,0.607498,0.901949,0.398407,0.147237,1,1,1,0,1.306308
227,LEO_0,LEO,0.771732,0.943007,0.059119,0.040935,2,0,0,0,0.355957
227,LEO_1,LEO,0.7574,0.92294,0.077864,0.093314,2,0,0,0,0.573414
228,BS_0,BS,0.60461,0.839271,0.403172,0.512495,1,1,1,1,0.0
228,BS_1,BS,0.77204,0.896998,0.158718,0.194962,1,1,1,0,0.421649
228,BS_2,BS,0.590265,0.832857,0.427184,0.466125,1,1,1,1,0.781801
228,BS_3,BS,0.572203,0.816395,0.458262,0.307448,1,1,1,2,0.3913
228,BS_4,BS,0.63787,0.822043,0.349621,0.284583,1,1,1,4,0.445574
228,HAP_0,HAP,0.713407,0.927466,0.037704,0.10334,3,0,0,0,0.474053
228,HAP_1,HAP,0.748737,0.859609,0.189367,0.128019,1,1,1,6,0.306364
228,HAP_2,HAP,0.766772,0.903646,0.165566,0.130125,1,1,1,0,0.705918
228,LEO_0,LEO,0.791954,0.939874,0.133252,0.040738,1,1,1,0,0.725843
228,LEO_1,LEO,0.805022,0.925419,0.116885,0.080799,1,1,1,0,0.606633
229,BS_0,BS,0.53926,0.833364,0.517557,0.530535,1,1,1,1,0.0
229,BS_1,BS,0.824332,0.905038,0.093182,0.159877,1,1,1,0,0.743769
229,BS_2,BS,0.569567,0.830243,0.462879,0.469315,1,1,1,1,0.0
229,BS_3,BS,0.711834,0.823951,0.239911,0.271859,1,1,1,4,0.0
229,BS_4,BS,0.647258,0.822534,0.33501,0.278171,1,1,1,3,0.257881
229,HAP_0,HAP,0.617388,0.933104,0.082258,0.085717,4,0,0,0,0.376648
229,HAP_1,HAP,0.742583,0.860889,0.19762,0.11999,1,1,1,5,0.250331
229,HAP_2,HAP,0.785879,0.908098,0.140952,0.11304,1,1,1,0,0.595688
229,LEO_0,LEO,0.742553,0.936867,0.197661,0.050172,1,1,1,0,0.23312
229,LEO_1,LEO,0.791697,0.924748,0.133576,0.072668,1,1,1,0,0.798623
230,BS_0,BS,0.699509,0.844323,0.257377,0.454237,1,1,1,1,0.0
230,BS_1,BS,0.578715,0.88382,0.446945,0.217793,1,1,1,0,1.996664
230,BS_2,BS,0.648615,0.838565,0.332915,0.425327,1,1,1,1,0.0
230,BS_3,BS,0.698911,0.828713,0.258232,0.247495,1,1,1,4,0.783571
230,BS_4,BS,0.645681,0.82278,0.33745,0.27378,1,1,1,5,0.0
230,HAP_0,HAP,0.899327,0.940857,0.006109,0.06859,1,1,0,0,0.559043
230,HAP_1,HAP,0.697022,0.858067,0.260938,0.126632,1,1,1,7,0.378837
230,HAP_2,HAP,0.76689,0.916751,0.065411,0.092358,2,0,0,0,0.566339
230,LEO_0,LEO,0.807836,0.944724,0.013396,0.040218,2,0,0,0,0.416477
230,LEO_1,LEO,0.752487,0.924329,0.184372,0.073431,1,1,1,0,0.36151
231,BS_0,BS,0.577898,0.835825,0.448358,0.453851,1,1,1,1,0.719859
231,BS_1,BS,0.700063,0.883457,0.256586,0.203861,1,1,1,0,0.690682
231,BS_2,BS,0.632319,0.840416,0.358361,0.398052,1,1,1,1,0.579293
231,BS_3,BS,0.665072,0.829508,0.30786,0.240646,1,1,1,4,0.508011
231,BS_4,BS,0.647116,0.82311,0.33523,0.269594,1,1,1,4,0.340955
231,HAP_0,HAP,0.766132,0.944457,0.066401,0.056856,2,0,0,0,0.399112
231,HAP_1,HAP,0.660798,0.852598,0.314307,0.14576,1,1,1,8,0.427261
231,HAP_2,HAP,0.772596,0.919507,0.157999,0.08512,1,1,1,0,0.406694
231,LEO_0,LEO,0.714231,0.949272,0.036549,0.032776,3,0,0,0,0.44004
231,LEO_1,LEO,0.74608,0.920034,0.192923,0.075494,1,1,1,0,0.871537
232,BS_0,BS,0.714944,0.842535,0.235551,0.388049,1,1,1,1,0.698502
232,BS_1,BS,0.753059,0.889529,0.183612,0.17826,1,1,1,0,0.572369
232,BS_2,BS,0.610622,0.838363,0.393277,0.388042,1,1,1,1,0.640832
232,BS_3,BS,0.649742,0.828737,0.33118,0.241873,1,1,1,3,0.493639
232,BS_4,BS,0.642502,0.822945,0.342386,0.268428,1,1,1,4,0.748818
232,HAP_0,HAP,0.689511,0.947095,0.071773,0.047803,3,0,0,0,0.414399
232,HAP_1,HAP,0.624193,0.844801,0.371295,0.178645,1,1,1,5,0.162613
232,HAP_2,HAP,0.805379,0.929977,0.016442,0.068218,2,0,0,0,0.469835
232,LEO_0,LEO,0.726568,0.939196,0.219424,0.047887,1,1,1,0,0.774249
232,LEO_1,LEO,0.769429,0.925958,0.062107,0.062131,2,0,0,0,0.596567
233,BS_0,BS,0.67131,0.843492,0.298525,0.350542,1,1,1,1,0.716628
233,BS_1,BS,0.809588,0.899847,0.11123,0.148175,1,1,1,0,0.482279
233,BS_2,BS,0.496151,0.832563,0.600875,0.472906,1,1,1,0,0.0
233,BS_3,BS,0.626683,0.828727,0.367315,0.254212,1,1,1,3,0.0
233,BS_4,BS,0.644128,0.822965,0.339857,0.266719,1,1,1,4,0.0
233,HAP_0,HAP,0.664205,0.952023,0.009165,0.03828,4,0,0,0,0.533804
233,HAP_1,HAP,0.635009,0.839594,0.354116,0.199345,1,1,1,6,0.302408
233,HAP_2,HAP,0.687992,0.918545,0.273977,0.088353,1,1,1,0,1.008688
233,LEO_0,LEO,0.76239,0.93725,0.171298,0.051514,1,1,1,0,0.302204
233,LEO_1,LEO,0.718343,0.932105,0.030808,0.050132,3,0,0,0,0.693012
234,BS_0,BS,0.546172,0.838116,0.504821,0.395113,1,1,1,1,0.0
234,BS_1,BS,0.545727,0.876519,0.505637,0.233591,1,1,1,0,4.048579
234,BS_2,BS,0.525747,0.827834,0.542936,0.510976,1,1,1,1,0.0
234,BS_3,BS,0.711895,0.834147,0.239824,0.229252,1,1,1,3,0.0
234,BS_4,BS,0.648104,0.823349,0.333704,0.263486,1,1,1,4,0.0
234,HAP_0,HAP,0.736902,0.947139,0.2053,0.049591,1,1,1,0,0.142571
234,HAP_1,HAP,0.694712,0.84082,0.264258,0.190901,1,1,1,6,0.0
234,HAP_2,HAP,0.663964,0.912732,0.309527,0.113795,1,1,1,0,0.216675
234,LEO_0,LEO,0.787709,0.939219,0.138626,0.049859,1,1,1,0,0.187209
234,LEO_1,LEO,0.752433,0.930109,0.184444,0.055414,1,1,1,0,0.393208
235,BS_0,BS,0.524278,0.836472,0.545734,0.450112,1,1,1,0,0.0
235,BS_1,BS,0.708235,0.878688,0.24498,0.21388,1,1,1,0,0.653093
235,BS_2,BS,0.644648,0.836843,0.33905,0.46051,1,1,1,1,0.0
235,BS_3,BS,0.671645,0.834547,0.298025,0.22337,1,1,1,4,0.703628
235,BS_4,BS,0.646878,0.823544,0.335597,0.261471,1,1,1,6,0.482845
235,HAP_0,HAP,0.764531,0.942297,0.168493,0.052448,1,1,1,0,0.609034
235,HAP_1,HAP,0.659938,0.839262,0.315609,0.197545,1,1,1,6,0.117253
235,HAP_2,HAP,0.813868,0.925277,0.005957,0.091052,2,0,0,0,0.480539
235,LEO_0,LEO,0.815919,0.940938,0.10344,0.044702,1,1,1,0,0.472281
235,LEO_1,LEO,0.773747,0.927288,0.156511,0.055354,1,1,1,0,0.813445
236,BS_0,BS,0.492698,0.826054,0.60786,0.526361,1,1,1,1,0.0
236,BS_1,BS,0.815866,0.889728,0.103506,0.175925,1,1,1,0,0.680678
236,BS_2,BS,0.609254,0.838439,0.395519,0.438804,1,1,1,1,0.0
236,BS_3,BS,0.622082,0.830179,0.374684,0.241871,1,1,1,2,0.491458
236,BS_4,BS,0.62713,0.823457,0.366601,0.269655,1,1,1,5,0.0
236,HAP_0,HAP,0.793308,0.943119,0.131543,0.049745,1,1,1,0,0.220623
236,HAP_1,HAP,0.703558,0.841422,0.251604,0.186523,1,1,1,5,0.385048
236,HAP_2,HAP,0.67996,0.914331,0.285722,0.109578,1,1,1,0,0.979648
236,LEO_0,LEO,0.668817,0.926161,0.302245,0.07687,1,1,1,0,0.951013
236,LEO_1,LEO,0.75919,0.931493,0.075503,0.046849,2,0,0,0,0.540661
237,BS_0,BS,0.675019,0.836634,0.293014,0.459725,1,1,1,1,0.0
237,BS_1,BS,0.603283,0.874058,0.405369,0.214686,1,1,1,0,4.009178
237,BS_2,BS,0.670606,0.848186,0.299573,0.391428,1,1,1,1,0.0
237,BS_3,BS,0.728268,0.836123,0.217086,0.214703,1,1,1,3,0.0
237,BS_4,BS,0.688202,0.827669,0.273672,0.249427,1,1,1,6,0.0
237,HAP_0,HAP,0.800269,0.945749,0.122808,0.046583,1,1,1,0,0.101653
237,HAP_1,HAP,0.718369,0.844313,0.230771,0.173183,1,1,1,6,0.393028
237,HAP_2,HAP,0.600867,0.905152,0.409382,0.16308,1,1,1,0,0.0
237,LEO_0,LEO,0.705879,0.922207,0.248311,0.089242,1,1,1,0,0.266505
237,LEO_1,LEO,0.710612,0.927381,0.241628,0.063752,1,1,1,0,0.269228
238,BS_0,BS,0.648239,0.84536,0.333496,0.417829,1,1,1,1,0.0
238,BS_1,BS,0.480123,0.858544,0.633712,0.352465,1,1,1,0,0.0
238,BS_2,BS,0.617205,0.848515,0.382554,0.378999,1,1,1,1,0.0
238,BS_3,BS,0.686851,0.837361,0.275638,0.205952,1,1,1,3,0.577552
238,BS_4,BS,0.669082,0.829089,0.301848,0.240542,1,1,1,6,0.0
238,HAP_0,HAP,0.45793,0.903774,0.681039,0.245983,1,1,1,0,1.460842
238,HAP_1,HAP,0.673242,0.842716,0.295651,0.177881,1,1,1,7,0.456862
238,HAP_2,HAP,0.746058,0.914173,0.092952,0.134352,2,0,0,0,0.50275
238,LEO_0,LEO,0.772991,0.928887,0.057487,0.072881,2,0,0,0,0.583195
238,LEO_1,LEO,0.808203,0.936894,0.012942,0.051077,2,0,0,0,0.446401
239,BS_0,BS,0.569745,0.8401,0.462567,0.430549,1,1,1,1,0.643174
239,BS_1,BS,0.690942,0.870117,0.2697,0.314704,1,1,1,0,0.0
239,BS_2,BS,0.719335,0.858948,0.229428,0.326886,1,1,1,1,0.0
239,BS_3,BS,0.517938,0.825367,0.5579,0.304825,1,1,1,2,0.345767
239,BS_4,BS,0.652427,0.828661,0.327056,0.240569,1,1,1,5,0.0
239,HAP_0,HAP,0.630979,0.896878,0.360482,0.255263,1,1,1,0,0.264947
239,HAP_1,HAP,0.655834,0.839863,0.321848,0.188919,1,1,1,6,0.385139
239,HAP_2,HAP,0.702063,0.924331,0.053732,0.108781,3,0,0,0,0.363653
239,LEO_0,LEO,0.73808,0.938264,0.003703,0.058311,3,0,0,0,0.442168
239,LEO_1,LEO,0.570595,0.910895,0.461076,0.136528,1,1,1,0,1.263678
240,BS_0,BS,0.634364,0.84722,0.355132,0.401193,1,1,1,0,0.233168
240,BS_1,BS,0.82359,0.887692,0.094082,0.255746,1,1,1,0,0.33115
240,BS_2,BS,0.575849,0.855408,0.45191,0.353409,1,1,1,0,0.427029
240,BS_3,BS,0.744151,0.836293,0.195511,0.261061,1,1,1,2,0.0
240,BS_4,BS,0.648983,0.82799,0.332349,0.24216,1,1,1,7,0.449956
240,HAP_0,HAP,0.89242,0.911287,0.013819,0.204296,1,1,1,0,0.560477
240,HAP_1,HAP,0.645429,0.83662,0.33784,0.202496,1,1,1,8,0.269117
240,HAP_2,HAP,0.748692,0.92228,0.189427,0.103172,1,1,1,0,0.632789
240,LEO_0,LEO,0.625641,0.94087,0.068979,0.04879,4,0,0,0,0.584729
240,LEO_1,LEO,0.650812,0.904313,0.329535,0.158089,1,1,1,0,0.304846
241,BS_0,BS,0.453814,0.825782,0.690069,0.535242,1,1,1,1,0.58946
241,BS_1,BS,0.641449,0.881878,0.344025,0.257856,1,1,1,0,0.885408
241,BS_2,BS,0.588931,0.85491,0.429447,0.365718,1,1,1,1,0.0
241,BS_3,BS,0.76315,0.846548,0.170301,0.2219,1,1,1,2,0.381276
241,BS_4,BS,0.648229,0.827382,0.333511,0.243781,1,1,1,5,0.270073
241,HAP_0,HAP,0.718546,0.906313,0.230526,0.187351,1,1,1,0,0.976042
241,HAP_1,HAP,0.648347,0.834296,0.333329,0.211995,1,1,1,7,0.394236
241,HAP_2,HAP,0.798637,0.93071,0.024849,0.082815,2,0,0,0,0.557459
241,LEO_0,LEO,0.891352,0.947002,0.015016,0.039133,1,1,0,0,0.45907
241,LEO_1,LEO,0.761883,0.914594,0.071963,0.128802,2,0,0,0,0.451648
242,BS_0,BS,0.604497,0.827912,0.403359,0.501408,1,1,1,1,0.0
242,BS_1,BS,0.645086,0.883673,0.338371,0.257807,1,1,1,0,0.0
242,BS_2,BS,0.531777,0.845798,0.531531,0.419711,1,1,1,1,0.0
242,BS_3,BS,0.648505,0.8428,0.333085,0.227446,1,1,1,3,0.355445
242,BS_4,BS,0.647203,0.8268,0.335096,0.245555,1,1,1,6,0.0
242,HAP_0,HAP,0.767754,0.909463,0.164285,0.162026,1,1,1,0,0.494075
242,HAP_1,HAP,0.626022,0.8319,0.36837,0.230659,1,1,1,6,0.0
242,HAP_2,HAP,0.724102,0.93829,0.022823,0.066487,3,0,0,0,0.472964
242,LEO_0,LEO,0.603056,0.922422,0.405745,0.10539,1,1,1,0,1.234448
242,LEO_1,LEO,0.735714,0.925745,0.006914,0.103063,3,0,0,0,0.575884
243,BS_0,BS,0.680005,0.833843,0.285656,0.437846,1,1,1,1,0.688592
243,BS_1,BS,0.685831,0.883612,0.277124,0.240805,1,1,1,0,0.799188
243,BS_2,BS,0.555063,0.835788,0.488674,0.44323,1,1,1,1,0.689789
243,BS_3,BS,0.683019,0.84439,0.281232,0.217548,1,1,1,2,0.317776
243,BS_4,BS,0.644202,0.826056,0.339743,0.248385,1,1,1,6,0.638701
243,HAP_0,HAP,0.782442,0.914808,0.145336,0.139126,1,1,1,0,0.362074
243,HAP_1,HAP,0.689301,0.834508,0.272077,0.217839,1,1,1,6,0.390501
243,HAP_2,HAP,0.640366,0.941953,0.045715,0.05413,4,0,0,0,0.61935
243,LEO_0,LEO,0.674305,0.915088,0.294073,0.123227,1,1,1,0,0.379878
243,LEO_1,LEO,0.621345,0.929287,0.075869,0.085041,4,0,0,0,0.706711
244,BS_0,BS,0.448027,0.82263,0.702902,0.572609,1,1,1,0,0.0
244,BS_1,BS,0.890682,0.89984,0.015767,0.192756,1,1,1,0,0.595531
244,BS_2,BS,0.457782,0.825442,0.681361,0.563498,1,1,1,0,0.0
244,BS_3,BS,0.724711,0.849791,0.221982,0.196212,1,1,1,2,0.517108
244,BS_4,BS,0.629127,0.824039,0.363422,0.258142,1,1,1,7,0.0
244,HAP_0,HAP,0.533559,0.887754,0.528185,0.236842,1,1,1,0,1.449101
244,HAP_1,HAP,0.665128,0.834203,0.307776,0.216898,1,1,1,6,0.332831
244,HAP_2,HAP,0.86238,0.944707,0.048059,0.044343,1,1,0,0,0.598042
244,LEO_0,LEO,0.772631,0.918874,0.157953,0.109809,1,1,1,0,0.334702
244,LEO_1,LEO,0.889957,0.937065,0.016583,0.068156,1,1,0,0,0.50232
245,BS_0,BS,0.570467,0.82551,0.4613,0.553846,1,1,1,1,0.0
245,BS_1,BS,0.894861,0.913316,0.011087,0.15426,1,1,1,0,0.583701
245,BS_2,BS,0.591365,0.8317,0.425322,0.532203,1,1,1,1,0.0
245,BS_3,BS,0.419702,0.827494,0.76821,0.422536,1,1,1,0,0.470755
245,BS_4,BS,0.624955,0.822027,0.370075,0.268144,1,1,1,4,0.0
245,HAP_0,HAP,0.564063,0.87812,0.472589,0.289976,1,1,1,0,0.155959
245,HAP_1,HAP,0.641432,0.832829,0.344053,0.226786,1,1,1,5,0.362984
245,HAP_2,HAP,0.77785,0.946096,0.051221,0.036655,2,0,0,0,0.67518
245,LEO_0,LEO,0.815947,0.930753,0.003405,0.087852,2,0,0,0,0.424726
245,LEO_1,LEO,0.818656,0.936726,0.100091,0.059033,1,1,1,0,0.730879
246,BS_0,BS,0.582153,0.826913,0.441021,0.530602,1,1,1,1,0.0
246,BS_1,BS,0.813246,0.916725,0.106721,0.128533,1,1,1,0,0.793301
246,BS_2,BS,0.547425,0.830087,0.502531,0.539404,1,1,1,1,0.0
246,BS_3,BS,0.56111,0.8303,0.477839,0.440777,1,1,1,1,0.0
246,BS_4,BS,0.648238,0.822612,0.333498,0.264564,1,1,1,5,0.0
246,HAP_0,HAP,0.802398,0.891943,0.120151,0.238477,1,1,1,0,0.324732
246,HAP_1,HAP,0.722195,0.841638,0.225461,0.204303,1,1,1,5,0.0
246,HAP_2,HAP,0.670341,0.946551,0.099969,0.033821,3,0,0,0,0.376097
246,LEO_0,LEO,0.724903,0.939433,0.021717,0.070494,3,0,0,0,0.379822
246,LEO_1,LEO,0.78214,0.940702,0.045721,0.048167,2,0,0,0,0.568839
247,BS_0,BS,0.512791,0.82605,0.567886,0.569604,1,1,1,0,0.0
247,BS_1,BS,0.699181,0.914573,0.257846,0.132745,1,1,1,0,0.228967
247,BS_2,BS,0.629492,0.836832,0.362842,0.490767,1,1,1,1,0.0
247,BS_3,BS,0.531992,0.827829,0.531128,0.479565,1,1,1,2,0.0
247,BS_4,BS,0.648341,0.823089,0.333339,0.261653,1,1,1,6,0.0
247,HAP_0,HAP,0.586837,0.877375,0.433008,0.275155,1,1,1,0,1.19129
247,HAP_1,HAP,0.669225,0.840993,0.301634,0.204385,1,1,1,7,0.110943
247,HAP_2,HAP,0.780155,0.944742,0.148262,0.036949,1,1,1,0,0.342242
247,LEO_0,LEO,0.662473,0.946824,0.011776,0.056458,4,0,0,0,0.405329
247,LEO_1,LEO,0.775519,0.939001,0.154223,0.049237,1,1,1,0,0.390051
248,BS_0,BS,0.52343,0.82088,0.547352,0.590501,1,1,1,1,0.200514
248,BS_1,BS,0.803615,0.922209,0.118635,0.112529,1,1,1,0,0.207914
248,BS_2,BS,0.544996,0.828088,0.506976,0.508275,1,1,1,2,0.555365
248,BS_3,BS,0.571263,0.827135,0.459905,0.478833,1,1,1,1,0.6096
248,BS_4,BS,0.648344,0.823471,0.333333,0.259322,1,1,1,5,0.216042
248,HAP_0,HAP,0.786881,0.886715,0.139678,0.228903,1,1,1,0,0.595627
248,HAP_1,HAP,0.717202,0.844613,0.232397,0.187812,1,1,1,7,0.138682
248,HAP_2,HAP,0.811577,0.951087,0.008776,0.029594,2,0,0,0,0.432405
248,LEO_0,LEO,0.81738,0.945643,0.101651,0.049816,1,1,1,0,0.614276
248,LEO_1,LEO,0.779111,0.942711,0.049601,0.040497,2,0,0,0,0.581575
249,BS_0,BS,0.652476,0.83172,0.326981,0.520513,1,1,1,1,0.0
249,BS_1,BS,0.793369,0.933665,0.031466,0.090469,2,0,0,0,0.218553
249,BS_2,BS,0.585612,0.824424,0.435098,0.49181,1,1,1,2,0.0
249,BS_3,BS,0.539706,0.824349,0.51673,0.503221,1,1,1,2,0.0
249,BS_4,BS,0.627606,0.821826,0.365843,0.267686,1,1,1,7,0.0
249,HAP_0,HAP,0.770394,0.89491,0.160853,0.194766,1,1,1,0,0.431261
249,HAP_1,HAP,0.698576,0.84532,0.258711,0.180369,1,1,1,7,0.314977
249,HAP_2,HAP,0.775349,0.945238,0.154442,0.034409,1,1,1,0,0.691119
249,LEO_0,LEO,0.774578,0.946944,0.055436,0.041236,2,0,0,0,0.637565
249,LEO_1,LEO,0.693486,0.944447,0.066024,0.034359,3,0,0,0,0.5822
250,BS_0,BS,0.615731,0.839441,0.384945,0.483092,1,1,1,0,0.220578
250,BS_1,BS,0.714481,0.92653,0.236199,0.097481,1,1,1,0,0.723328
250,BS_2,BS,0.735607,0.832727,0.207059,0.412741,1,1,1,2,0.563583
250,BS_3,BS,0.467308,0.806562,0.660767,0.599052,1,1,1,2,0.747184
250,BS_4,BS,0.645175,0.822167,0.338234,0.26563,1,1,1,4,0.49268
250,HAP_0,HAP,0.862951,0.907079,0.047398,0.156824,1,1,1,0,0.630295
250,HAP_1,HAP,0.616006,0.839753,0.384498,0.210823,1,1,1,4,0.314244
250,HAP_2,HAP,0.793711,0.940461,0.131035,0.035253,1,1,1,0,0.82427
250,LEO_0,LEO,0.714721,0.949453,0.035863,0.033567,3,0,0,0,0.587701
250,LEO_1,LEO,0.636211,0.948437,0.052225,0.028715,4,0,0,0,0.354325
251,BS_0,BS,0.714112,0.856783,0.236716,0.411689,1,1,1,0,0.0
251,BS_1,BS,0.680449,0.922878,0.285002,0.114536,1,1,1,0,0.0
251,BS_2,BS,0.547215,0.828833,0.502913,0.444007,1,1,1,2,0.0
251,BS_3,BS,0.654242,0.8119,0.324278,0.526562,1,1,1,2,0.0
251,BS_4,BS,0.643431,0.822277,0.34094,0.264812,1,1,1,4,0.0
251,HAP_0,HAP,0.627122,0.892305,0.366615,0.185942,1,1,1,0,1.270086
251,HAP_1,HAP,0.730183,0.844248,0.21446,0.189355,1,1,1,6,0.327492
251,HAP_2,HAP,0.71676,0.934409,0.233014,0.052636,1,1,1,0,0.300676
251,LEO_0,LEO,0.632298,0.951522,0.058394,0.028388,4,0,0,0,0.418308
251,LEO_1,LEO,0.79333,0.948061,0.131516,0.030755,1,1,1,0,0.249998
252,BS_0,BS,0.7611,0.871409,0.17299,0.342818,1,1,1,0,0.440475
252,BS_1,BS,0.811184,0.935785,0.00926,0.091668,2,0,0,0,0.214103
252,BS_2,BS,0.71643,0.841601,0.233474,0.379736,1,1,1,1,0.0
252,BS_3,BS,0.441905,0.800893,0.716661,0.652371,1,1,1,1,0.0
252,BS_4,BS,0.62914,0.821018,0.363401,0.271277,1,1,1,7,0.228371
252,HAP_0,HAP,0.634611,0.887619,0.354743,0.205383,1,1,1,0,0.333537
252,HAP_1,HAP,0.704084,0.84541,0.250858,0.179802,1,1,1,5,0.351317
252,HAP_2,HAP,0.678428,0.921251,0.287977,0.079428,1,1,1,0,1.025221
252,LEO_0,LEO,0.812426,0.950957,0.10773,0.027933,1,1,1,0,0.361149
252,LEO_1,LEO,0.730807,0.939237,0.213606,0.045136,1,1,1,0,0.729561
253,BS_0,BS,0.383891,0.834289,0.857397,0.605063,1,1,1,1,0.598557
253,BS_1,BS,0.703037,0.942601,0.052346,0.074567,3,0,0,0,0.311712
253,BS_2,BS,0.564278,0.831457,0.472208,0.40413,1,1,1,2,0.792028
253,BS_3,BS,0.619538,0.807594,0.378781,0.586461,1,1,1,2,0.0
253,BS_4,BS,0.6425,0.821271,0.342388,0.269775,1,1,1,5,0.0
253,HAP_0,HAP,0.78427,0.897655,0.143002,0.173508,1,1,1,0,0.358962
253,HAP_1,HAP,0.675144,0.843771,0.29283,0.182429,1,1,1,7,0.637955
253,HAP_2,HAP,0.632286,0.912739,0.358413,0.121349,1,1,1,0,0.119737
253,LEO_0,LEO,0.787839,0.946262,0.138462,0.030974,1,1,1,0,0.679665
253,LEO_1,LEO,0.806483,0.944956,0.015073,0.036211,2,0,0,0,0.531232
254,BS_0,BS,0.619095,0.83618,0.379497,0.548858,1,1,1,1,0.0
254,BS_1,BS,0.712484,0.934055,0.238998,0.085358,1,1,1,0,0.638583
254,BS_2,BS,0.689437,0.840255,0.27188,0.356567,1,1,1,2,0.0
254,BS_3,BS,0.728819,0.825526,0.21633,0.490228,1,1,1,2,0.0
254,BS_4,BS,0.646997,0.821892,0.335414,0.266446,1,1,1,6,0.327851
254,HAP_0,HAP,0.686988,0.893177,0.275438,0.172947,1,1,1,0,0.956055
254,HAP_1,HAP,0.654553,0.841543,0.323803,0.193125,1,1,1,6,0.0
254,HAP_2,HAP,0.743462,0.922019,0.096438,0.101264,2,0,0,0,0.229325
254,LEO_0,LEO,0.783922,0.94797,0.043445,0.025628,2,0,0,0,0.649199
254,LEO_1,LEO,0.717913,0.932854,0.231407,0.053066,1,1,1,0,1.015054
255,BS_0,BS,0.621353,0.840974,0.375856,0.502657,1,1,1,1,0.213037
255,BS_1,BS,0.783659,0.940305,0.043781,0.069149,2,0,0,0,0.396875
255,BS_2,BS,0.610547,0.83488,0.3934,0.354897,1,1,1,2,0.788739
255,BS_3,BS,0.700322,0.833856,0.256215,0.421723,1,1,1,2,0.313946
255,BS_4,BS,0.637556,0.821507,0.350113,0.268318,1,1,1,7,0.566875
255,HAP_0,HAP,0.765766,0.903938,0.066879,0.14037,2,0,0,0,0.613353
255,HAP_1,HAP,0.679632,0.841253,0.286205,0.191361,1,1,1,7,0.373743
255,HAP_2,HAP,0.710645,0.931911,0.041583,0.08179,3,0,0,0,0.34146
255,LEO_0,LEO,0.691673,0.949506,0.068642,0.022623,3,0,0,0,0.433127
255,LEO_1,LEO,0.777891,0.933914,0.051169,0.043631,2,0,0,0,0.931789
256,BS_0,BS,0.611222,0.842439,0.392295,0.471379,1,1,1,1,0.303223
256,BS_1,BS,0.740811,0.947275,1e-05,0.055319,3,0,0,0,0.513288
256,BS_2,BS,0.754714,0.844792,0.181416,0.298728,1,1,1,2,0.407908
256,BS_3,BS,0.569507,0.833148,0.462984,0.433838,1,1,1,1,0.252227
256,BS_4,BS,0.634314,0.820893,0.35521,0.271433,1,1,1,5,0.649784
256,HAP_0,HAP,0.673475,0.911268,0.095304,0.116383,3,0,0,0,0.605793
256,HAP_1,HAP,0.659841,0.839095,0.315757,0.197955,1,1,1,6,0.318221
256,HAP_2,HAP,0.690802,0.921454,0.269902,0.098213,1,1,1,0,0.904925
256,LEO_0,LEO,0.652793,0.952631,0.026495,0.018414,4,0,0,0,0.554186
256,LEO_1,LEO,0.808118,0.933512,0.113047,0.040656,1,1,1,0,0.622051
257,BS_0,BS,0.56081,0.842235,0.478373,0.480081,1,1,1,1,0.0
257,BS_1,BS,0.682041,0.931651,0.282665,0.08021,1,1,1,0,1.02689
257,BS_2,BS,0.759369,0.850872,0.175268,0.252806,1,1,1,2,0.727581
257,BS_3,BS,0.584786,0.836704,0.43651,0.432814,1,1,1,1,0.0
257,BS_4,BS,0.61808,0.818846,0.381137,0.282516,1,1,1,7,0.0
257,HAP_0,HAP,0.690567,0.909259,0.270243,0.125971,1,1,1,0,0.288442
257,HAP_1,HAP,0.641575,0.835654,0.343829,0.211562,1,1,1,8,0.0
257,HAP_2,HAP,0.699211,0.91849,0.257802,0.108478,1,1,1,0,0.203525
257,LEO_0,LEO,0.787272,0.95006,0.139181,0.023449,1,1,1,0,0.327094
257,LEO_1,LEO,0.744176,0.924973,0.195478,0.04972,1,1,1,0,1.092546
258,BS_0,BS,0.465259,0.823735,0.665161,0.583163,1,1,1,1,0.595678
258,BS_1,BS,0.755529,0.933345,0.080338,0.067072,2,0,0,0,0.664254
258,BS_2,BS,0.757061,0.856643,0.178312,0.216553,1,1,1,2,0.295064
258,BS_3,BS,0.482323,0.821808,0.629142,0.52437,1,1,1,2,0.298941
258,BS_4,BS,0.647508,0.819999,0.334624,0.2764,1,1,1,5,0.304854
258,HAP_0,HAP,0.794463,0.921702,0.030089,0.101184,2,0,0,0,0.398969
258,HAP_1,HAP,0.557506,0.826923,0.484282,0.274788,1,1,1,6,0.259894
258,HAP_2,HAP,0.762077,0.925436,0.071707,0.089096,2,0,0,0,0.55157
258,LEO_0,LEO,0.760954,0.942949,0.173183,0.032255,1,1,1,0,0.746262
258,LEO_1,LEO,0.73838,0.921309,0.203296,0.058374,1,1,1,0,0.556278
259,BS_0,BS,0.632733,0.829565,0.357706,0.524109,1,1,1,1,0.267501
259,BS_1,BS,0.664547,0.924426,0.30865,0.096527,1,1,1,0,0.287495
259,BS_2,BS,0.717955,0.856762,0.231349,0.197327,1,1,1,2,0.256996
259,BS_3,BS,0.586802,0.818782,0.433067,0.503892,1,1,1,2,0.231598
259,BS_4,BS,0.641453,0.820358,0.344019,0.274377,1,1,1,6,0.597058
259,HAP_0,HAP,0.709695,0.931079,0.04292,0.081776,3,0,0,0,0.365926
259,HAP_1,HAP,0.717146,0.833081,0.232476,0.24415,1,1,1,7,0.298403
259,HAP_2,HAP,0.724343,0.934684,0.02249,0.071505,3,0,0,0,0.413063
259,LEO_0,LEO,0.758474,0.944729,0.076447,0.028434,2,0,0,0,0.462598
259,LEO_1,LEO,0.721889,0.919801,0.225884,0.06966,1,1,1,0,0.299878
260,BS_0,BS,0.622682,0.835845,0.373719,0.482137,1,1,1,0,0.473984
260,BS_1,BS,0.74818,0.928125,0.090112,0.080876,2,0,0,0,0.657815
260,BS_2,BS,0.783247,0.861881,0.144307,0.167233,1,1,1,2,0.395473
260,BS_3,BS,0.60415,0.823938,0.403932,0.476536,1,1,1,2,0.0
260,BS_4,BS,0.638683,0.820386,0.348346,0.274107,1,1,1,6,0.441438
260,HAP_0,HAP,0.66629,0.940241,0.00603,0.065437,4,0,0,0,0.439905
260,HAP_1,HAP,0.696825,0.83589,0.261222,0.226027,1,1,1,8,0.44701
260,HAP_2,HAP,0.643974,0.941965,0.040097,0.057927,4,0,0,0,0.314169
260,LEO_0,LEO,0.676136,0.942742,0.091362,0.026504,3,0,0,0,0.818896
260,LEO_1,LEO,0.722895,0.914633,0.224491,0.078406,1,1,1,0,0.874966
261,BS_0,BS,0.494831,0.822811,0.603538,0.549626,1,1,1,1,0.27466
261,BS_1,BS,0.553503,0.900981,0.491489,0.173403,1,1,1,0,1.353457
261,BS_2,BS,0.809928,0.868664,0.11081,0.139312,1,1,1,2,0.316388
261,BS_3,BS,0.593625,0.822514,0.421507,0.46118,1,1,1,2,0.0
261,BS_4,BS,0.647305,0.821212,0.334937,0.269768,1,1,1,6,0.223068
261,HAP_0,HAP,0.866098,0.94456,0.043757,0.053211,1,1,0,0,0.519424
261,HAP_1,HAP,0.661622,0.834948,0.313061,0.224925,1,1,1,8,0.348515
261,HAP_2,HAP,0.859364,0.947274,0.051562,0.047538,1,1,0,0,0.316141
261,LEO_0,LEO,0.810851,0.943069,0.109672,0.026615,1,1,1,0,0.37903
261,LEO_1,LEO,0.688064,0.904101,0.273874,0.096478,1,1,1,0,1.20317
262,BS_0,BS,0.654852,0.832569,0.323347,0.48675,1,1,1,1,0.0
262,BS_1,BS,0.628521,0.893833,0.364386,0.198472,1,1,1,0,0.335409
262,BS_2,BS,0.721472,0.867796,0.226461,0.134527,1,1,1,1,0.622049
262,BS_3,BS,0.66786,0.827777,0.303677,0.410443,1,1,1,1,0.736923
262,BS_4,BS,0.641034,0.82129,0.344672,0.269274,1,1,1,6,0.323781
262,HAP_0,HAP,0.710104,0.932596,0.242344,0.068998,1,1,1,0,0.938739
262,HAP_1,HAP,0.48465,0.819092,0.624329,0.355344,1,1,1,4,0.398698
262,HAP_2,HAP,0.738481,0.939223,0.203159,0.056604,1,1,1,0,0.7207
262,LEO_0,LEO,0.783652,0.938798,0.14379,0.030596,1,1,1,0,0.765152
262,LEO_1,LEO,0.614569,0.895522,0.386834,0.144521,1,1,1,0,0.289287
263,BS_0,BS,0.629969,0.834993,0.362084,0.448397,1,1,1,1,0.716654
263,BS_1,BS,0.738598,0.899749,0.203001,0.177322,1,1,1,0,0.264933
263,BS_2,BS,0.581503,0.858444,0.442139,0.195591,1,1,1,1,0.520922
263,BS_3,BS,0.681995,0.835733,0.282733,0.364326,1,1,1,2,0.414183
263,BS_4,BS,0.636696,0.820944,0.351463,0.271006,1,1,1,6,0.0
263,HAP_0,HAP,0.721,0.928072,0.227116,0.07841,1,1,1,0,0.33442
263,HAP_1,HAP,0.785447,0.833089,0.141502,0.293285,1,1,1,6,0.271783
263,HAP_2,HAP,0.798816,0.944474,0.024624,0.045556,2,0,0,0,0.518294
263,LEO_0,LEO,0.724962,0.934466,0.221636,0.046582,1,1,1,0,0.233517
263,LEO_1,LEO,0.813927,0.905943,0.105885,0.120662,1,1,1,0,0.401419
264,BS_0,BS,0.580692,0.834224,0.443535,0.447243,1,1,1,1,0.0
264,BS_1,BS,0.818227,0.916025,0.000616,0.141858,2,0,0,0,0.3887
264,BS_2,BS,0.590269,0.854816,0.427177,0.238589,1,1,1,1,0.0
264,BS_3,BS,0.485166,0.817285,0.623264,0.466267,1,1,1,2,0.605798
264,BS_4,BS,0.64808,0.821731,0.333741,0.266927,1,1,1,6,0.0
264,HAP_0,HAP,0.795812,0.931621,0.128393,0.070146,1,1,1,0,0.282196
264,HAP_1,HAP,0.692828,0.835714,0.266973,0.266702,1,1,1,8,0.146749
264,HAP_2,HAP,0.755967,0.941693,0.179758,0.050985,1,1,1,0,0.251889
264,LEO_0,LEO,0.813894,0.938867,0.105925,0.042315,1,1,1,0,0.211918
264,LEO_1,LEO,0.689409,0.899922,0.271921,0.129803,1,1,1,0,0.961672
265,BS_0,BS,0.609546,0.832359,0.395041,0.428021,1,1,1,1,0.573252
265,BS_1,BS,0.519832,0.887505,0.55425,0.251723,1,1,1,0,1.41408
265,BS_2,BS,0.529138,0.8384,0.536506,0.320398,1,1,1,2,0.797951
265,BS_3,BS,0.803832,0.834051,0.118365,0.379318,1,1,1,2,0.0
265,BS_4,BS,0.646253,0.822191,0.336565,0.264516,1,1,1,5,0.544853
265,HAP_0,HAP,0.679198,0.920265,0.286843,0.093143,1,1,1,0,0.899288
265,HAP_1,HAP,0.70059,0.838273,0.255833,0.242814,1,1,1,5,0.0
265,HAP_2,HAP,0.717881,0.932355,0.231451,0.064895,1,1,1,0,0.811444
265,LEO_0,LEO,0.614298,0.91938,0.387275,0.101344,1,1,1,0,1.00088
265,LEO_1,LEO,0.716851,0.901755,0.232887,0.128249,1,1,1,0,0.313126
266,BS_0,BS,0.622899,0.837045,0.373371,0.405149,1,1,1,1,0.0
266,BS_1,BS,0.53134,0.875651,0.532353,0.328908,1,1,1,0,0.0
266,BS_2,BS,0.649655,0.839705,0.331313,0.305714,1,1,1,2,0.0
266,BS_3,BS,0.733223,0.840087,0.210305,0.323357,1,1,1,2,3.001584
266,BS_4,BS,0.647974,0.822718,0.333905,0.261784,1,1,1,6,0.0
266,HAP_0,HAP,0.774123,0.922231,0.156025,0.085469,1,1,1,0,0.381979
266,HAP_1,HAP,0.662584,0.836933,0.311609,0.237946,1,1,1,6,0.236434
266,HAP_2,HAP,0.802514,0.937967,0.020006,0.052096,2,0,0,0,0.661885
266,LEO_0,LEO,0.779814,0.921497,0.1487,0.091025,1,1,1,0,0.423667
266,LEO_1,LEO,0.797058,0.91529,0.026828,0.102923,2,0,0,0,0.457883
267,BS_0,BS,0.600081,0.841427,0.41069,0.400019,1,1,1,1,0.0
267,BS_1,BS,0.715259,0.885932,0.235111,0.288001,1,1,1,0,0.0
267,BS_2,BS,0.716076,0.849556,0.233968,0.269205,1,1,1,1,0.0
267,BS_3,BS,0.788306,0.848891,0.13787,0.267239,1,1,1,2,0.731
267,BS_4,BS,0.645261,0.822889,0.3381,0.260868,1,1,1,6,0.0
267,HAP_0,HAP,0.769057,0.920502,0.16259,0.080271,1,1,1,0,0.825368
267,HAP_1,HAP,0.653153,0.834992,0.325944,0.238165,1,1,1,6,0.0
267,HAP_2,HAP,0.61222,0.914656,0.390664,0.110355,1,1,1,0,1.366725
267,LEO_0,LEO,0.811671,0.931018,0.00866,0.072854,2,0,0,0,0.580476
267,LEO_1,LEO,0.764098,0.914645,0.169059,0.0952,1,1,1,0,0.817766
268,BS_0,BS,0.588632,0.841972,0.429954,0.403202,1,1,1,1,0.0
268,BS_1,BS,0.863793,0.904076,0.046422,0.231371,1,1,1,0,0.223449
268,BS_2,BS,0.694949,0.852877,0.263917,0.246707,1,1,1,1,0.687383
268,BS_3,BS,0.6496,0.84492,0.331399,0.263213,1,1,1,1,0.714578
268,BS_4,BS,0.648344,0.823311,0.333333,0.258694,1,1,1,6,0.0
268,HAP_0,HAP,0.802067,0.92782,0.020563,0.064407,2,0,0,0,0.730279
268,HAP_1,HAP,0.644638,0.83265,0.339066,0.242266,1,1,1,6,0.142446
268,HAP_2,HAP,0.597361,0.901934,0.415234,0.165873,1,1,1,0,0.302665
268,LEO_0,LEO,0.663062,0.915967,0.310887,0.101776,1,1,1,0,1.132751
268,LEO_1,LEO,0.796589,0.923547,0.027417,0.076498,2,0,0,0,0.629505
269,BS_0,BS,0.642477,0.847127,0.342424,0.375326,1,1,1,1,0.0
269,BS_1,BS,0.647617,0.896432,0.334456,0.235434,1,1,1,0,0.798104
269,BS_2,BS,0.596182,0.845696,0.41721,0.275695,1,1,1,2,0.0
269,BS_3,BS,0.705766,0.849906,0.248472,0.238353,1,1,1,2,0.0
269,BS_4,BS,0.480092,0.810707,0.633778,0.387709,1,1,1,2,0.0
269,HAP_0,HAP,0.589377,0.903065,0.42869,0.134224,1,1,1,0,1.637399
269,HAP_1,HAP,0.655577,0.833871,0.32224,0.240541,1,1,1,5,0.0
269,HAP_2,HAP,0.728707,0.905683,0.216483,0.153787,1,1,1,0,0.237485
269,LEO_0,LEO,0.624173,0.906802,0.371327,0.143469,1,1,1,0,0.206595
269,LEO_1,LEO,0.729322,0.930728,0.01564,0.061309,3,0,0,0,0.733196
270,BS_0,BS,0.678237,0.854375,0.288259,0.337653,1,1,1,1,0.0
270,BS_1,BS,0.870738,0.908506,0.038414,0.189011,1,1,1,0,0.62277
270,BS_2,BS,0.718081,0.854416,0.231173,0.244604,1,1,1,2,0.0
270,BS_3,BS,0.68291,0.853289,0.281392,0.226314,1,1,1,1,0.39856
270,BS_4,BS,0.65353,0.81506,0.325367,0.357806,1,1,1,6,0.0
270,HAP_0,HAP,0.63928,0.894635,0.347413,0.161692,1,1,1,0,0.534795
270,HAP_1,HAP,0.725405,0.839252,0.221026,0.214416,1,1,1,6,0.298243
270,HAP_2,HAP,0.767283,0.916154,0.0649,0.124925,2,0,0,0,0.490392
270,LEO_0,LEO,0.801226,0.915164,0.121612,0.12143,1,1,1,0,0.280384
270,LEO_1,LEO,0.622102,0.934288,0.07465,0.051555,4,0,0,0,0.547756
271,BS_0,BS,0.534682,0.850729,0.526083,0.394666,1,1,1,0,0.0
271,BS_1,BS,0.857647,0.918175,0.053563,0.1525,1,1,1,0,0.518613
271,BS_2,BS,0.625064,0.847685,0.369901,0.257255,1,1,1,2,0.542351
271,BS_3,BS,0.716156,0.859772,0.233857,0.205661,1,1,1,2,0.0
271,BS_4,BS,0.694275,0.821359,0.264888,0.317819,1,1,1,4,0.0
271,HAP_0,HAP,0.629775,0.891386,0.362393,0.188452,1,1,1,0,0.148019
271,HAP_1,HAP,0.722524,0.842985,0.225005,0.194315,1,1,1,7,0.675391
271,HAP_2,HAP,0.787918,0.919022,0.138361,0.108555,1,1,1,0,0.587557
271,LEO_0,LEO,0.7431,0.914015,0.196925,0.114595,1,1,1,0,0.712978
271,LEO_1,LEO,0.685436,0.927998,0.2777,0.075947,1,1,1,0,0.200897
272,BS_0,BS,0.596263,0.8537,0.417074,0.39401,1,1,1,1,0.0
272,BS_1,BS,0.548568,0.89143,0.500445,0.2347,1,1,1,0,2.669806
272,BS_2,BS,0.447828,0.831578,0.703346,0.428417,1,1,1,1,0.0
272,BS_3,BS,0.568071,0.846122,0.465509,0.262043,1,1,1,2,0.36605
272,BS_4,BS,0.666811,0.823813,0.305249,0.296185,1,1,1,5,0.0
272,HAP_0,HAP,0.852883,0.906782,0.059133,0.152335,1,1,1,0,0.282884
272,HAP_1,HAP,0.667035,0.84111,0.304913,0.197289,1,1,1,5,0.321776
272,HAP_2,HAP,0.816592,0.929836,0.002616,0.086847,2,0,0,0,0.51303
272,LEO_0,LEO,0.809609,0.924663,0.011204,0.091732,2,0,0,0,0.57717
272,LEO_1,LEO,0.792825,0.937348,0.032152,0.061222,2,0,0,0,0.320893
273,BS_0,BS,0.779769,0.873663,0.148757,0.325166,1,1,1,0,0.0
273,BS_1,BS,0.646265,0.886418,0.336546,0.238729,1,1,1,0,0.489625
273,BS_2,BS,0.647778,0.840008,0.334208,0.392996,1,1,1,2,0.0
273,BS_3,BS,0.594604,0.843509,0.41986,0.288962,1,1,1,1,0.0
273,BS_4,BS,0.651167,0.824319,0.328989,0.285653,1,1,1,5,0.0
273,HAP_0,HAP,0.739145,0.9073,0.202262,0.140277,1,1,1,0,0.679295
273,HAP_1,HAP,0.725886,0.84467,0.220362,0.179683,1,1,1,7,0.294652
273,HAP_2,HAP,0.816971,0.934087,0.102152,0.074173,1,1,1,0,0.325985
273,LEO_0,LEO,0.680376,0.930191,0.08511,0.076646,3,0,0,0,0.40715
273,LEO_1,LEO,0.702427,0.927284,0.253214,0.077831,1,1,1,0,0.847184
274,BS_0,BS,0.453211,0.85095,0.691398,0.475247,1,1,1,1,0.242459
274,BS_1,BS,0.597041,0.882881,0.41577,0.268772,1,1,1,0,0.0
274,BS_2,BS,0.65061,0.847092,0.329845,0.363356,1,1,1,1,0.0
274,BS_3,BS,0.739779,0.855691,0.201404,0.249423,1,1,1,2,0.0
274,BS_4,BS,0.636896,0.823388,0.35115,0.28401,1,1,1,6,0.0
274,HAP_0,HAP,0.781763,0.913877,0.146204,0.121841,1,1,1,0,0.249031
274,HAP_1,HAP,0.672269,0.842911,0.297096,0.183466,1,1,1,6,0.155582
274,HAP_2,HAP,0.540732,0.904698,0.514832,0.178612,1,1,1,0,1.368891
274,LEO_0,LEO,0.758958,0.930532,0.175809,0.075225,1,1,1,0,0.273207
274,LEO_1,LEO,0.812471,0.934609,0.007675,0.062291,2,0,0,0,0.659607
275,BS_0,BS,0.598937,0.850063,0.412599,0.456804,1,1,1,1,0.0
275,BS_1,BS,0.776587,0.896873,0.152846,0.22553,1,1,1,0,0.0
275,BS_2,BS,0.645303,0.851524,0.338035,0.342105,1,1,1,1,0.0
275,BS_3,BS,0.528501,0.845812,0.537711,0.329648,1,1,1,0,0.634023
275,BS_4,BS,0.645121,0.823412,0.338317,0.278714,1,1,1,6,0.0
275,HAP_0,HAP,0.760025,0.914393,0.174404,0.11116,1,1,1,0,0.70086
275,HAP_1,HAP,0.659199,0.840325,0.316729,0.191916,1,1,1,6,0.233507
275,HAP_2,HAP,0.616348,0.896344,0.383944,0.209226,1,1,1,0,0.25521
275,LEO_0,LEO,0.80152,0.939232,0.021246,0.060383,2,0,0,0,0.412983
275,LEO_1,LEO,0.604991,0.910855,0.402542,0.122751,1,1,1,0,1.416095
276,BS_0,BS,0.643268,0.852822,0.341194,0.41783,1,1,1,1,0.0
276,BS_1,BS,0.816487,0.909073,0.102744,0.185175,1,1,1,0,0.276097
276,BS_2,BS,0.420988,0.822137,0.76515,0.537139,1,1,1,2,0.0
276,BS_3,BS,0.597523,0.846368,0.414963,0.341206,1,1,1,1,0.0
276,BS_4,BS,0.646293,0.823539,0.336503,0.273927,1,1,1,6,0.0
276,HAP_0,HAP,0.770411,0.91373,0.160831,0.100568,1,1,1,0,0.86065
276,HAP_1,HAP,0.65616,0.837979,0.321351,0.200003,1,1,1,7,0.0
276,HAP_2,HAP,0.707154,0.900452,0.246507,0.194725,1,1,1,0,0.119581
276,LEO_0,LEO,0.578167,0.914194,0.447893,0.13858,1,1,1,0,1.191794
276,LEO_1,LEO,0.580818,0.897262,0.443317,0.186639,1,1,1,0,0.285847
277,BS_0,BS,0.700867,0.859531,0.255438,0.363625,1,1,1,1,0.0
277,BS_1,BS,0.449347,0.872808,0.69996,0.368614,1,1,1,0,5.664115
277,BS_2,BS,0.598839,0.825468,0.412763,0.506379,1,1,1,2,0.0
277,BS_3,BS,0.573977,0.842323,0.455167,0.366195,1,1,1,1,0.0
277,BS_4,BS,0.647424,0.823746,0.334753,0.269568,1,1,1,5,0.0
277,HAP_0,HAP,0.809726,0.922835,0.01106,0.08051,2,0,0,0,0.73237
277,HAP_1,HAP,0.648961,0.83544,0.332382,0.209717,1,1,1,7,0.0
277,HAP_2,HAP,0.835516,0.911812,0.079706,0.158639,1,1,1,0,0.425113
277,LEO_0,LEO,0.700163,0.910841,0.256442,0.140458,1,1,1,0,0.383012
277,LEO_1,LEO,0.785154,0.905272,0.141876,0.158369,1,1,1,0,0.382509
278,BS_0,BS,0.730902,0.866472,0.213476,0.311408,1,1,1,1,0.259117
278,BS_1,BS,0.53573,0.864309,0.524126,0.41851,1,1,1,0,0.0
278,BS_2,BS,0.585224,0.820734,0.43576,0.490552,1,1,1,2,0.64274
278,BS_3,BS,0.559228,0.831529,0.481198,0.397154,1,1,1,1,0.756144
278,BS_4,BS,0.646917,0.823865,0.335537,0.266318,1,1,1,6,0.223097
278,HAP_0,HAP,0.713764,0.928942,0.037203,0.06503,3,0,0,0,0.699562
278,HAP_1,HAP,0.641214,0.832689,0.344393,0.221147,1,1,1,7,0.247765
278,HAP_2,HAP,0.750166,0.919362,0.087461,0.130353,2,0,0,0,0.510835
278,LEO_0,LEO,0.780539,0.919193,0.047771,0.113393,2,0,0,0,0.698506
278,LEO_1,LEO,0.804117,0.910917,0.118011,0.132962,1,1,1,0,0.676937
279,BS_0,BS,0.658561,0.867911,0.317698,0.294546,1,1,1,1,0.223867
279,BS_1,BS,0.713446,0.87669,0.237649,0.360223,1,1,1,0,0.0
279,BS_2,BS,0.588263,0.819297,0.43058,0.475872,1,1,1,1,0.776517
279,BS_3,BS,0.576115,0.83176,0.451449,0.409436,1,1,1,1,0.0
279,BS_4,BS,0.647683,0.824031,0.334353,0.263361,1,1,1,5,0.493999
279,HAP_0,HAP,0.766143,0.928014,0.166387,0.064482,1,1,1,0,0.467145
279,HAP_1,HAP,0.64835,0.831151,0.333325,0.226915,1,1,1,8,0.257174
279,HAP_2,HAP,0.769161,0.919777,0.162455,0.116159,1,1,1,0,0.624629
279,LEO_0,LEO,0.716604,0.926965,0.033232,0.091211,3,0,0,0,0.634099
279,LEO_1,LEO,0.6585,0.899033,0.31779,0.151816,1,1,1,0,1.173645
280,BS_0,BS,0.602701,0.861827,0.406334,0.309935,1,1,1,1,0.646814
280,BS_1,BS,0.840487,0.894608,0.073774,0.290627,1,1,1,0,0.277252
280,BS_2,BS,0.585062,0.822083,0.436037,0.466255,1,1,1,1,0.318006
280,BS_3,BS,0.603607,0.829477,0.404832,0.401298,1,1,1,2,0.655678
280,BS_4,BS,0.636291,0.823098,0.3521,0.266477,1,1,1,5,0.594049
280,HAP_0,HAP,0.79823,0.934855,0.025359,0.051875,2,0,0,0,0.625532
280,HAP_1,HAP,0.647688,0.82986,0.334346,0.231836,1,1,1,7,0.368249
280,HAP_2,HAP,0.817467,0.925775,0.101544,0.097567,1,1,1,0,0.34519
280,LEO_0,LEO,0.614503,0.931763,0.086942,0.076371,4,0,0,0,0.414224
280,LEO_1,LEO,0.643005,0.894174,0.341602,0.173964,1,1,1,0,0.303649
281,BS_0,BS,0.577803,0.860926,0.448522,0.338475,1,1,1,0,0.0
281,BS_1,BS,0.453324,0.861754,0.691147,0.44746,1,1,1,0,1.767396
281,BS_2,BS,0.544071,0.818003,0.508676,0.489442,1,1,1,2,0.0
281,BS_3,BS,0.647842,0.833626,0.334109,0.371272,1,1,1,2,0.0
281,BS_4,BS,0.610966,0.819916,0.392714,0.282583,1,1,1,4,0.0
281,HAP_0,HAP,0.739228,0.942132,0.002149,0.041502,3,0,0,0,0.551967
281,HAP_1,HAP,0.64814,0.828869,0.333648,0.235563,1,1,1,6,0.0
281,HAP_2,HAP,0.563065,0.900783,0.474361,0.179312,1,1,1,0,1.322959
281,LEO_0,LEO,0.731802,0.929962,0.212246,0.081368,1,1,1,0,0.224345
281,LEO_1,LEO,0.7392,0.90066,0.202187,0.157567,1,1,1,0,0.204584
282,BS_0,BS,0.524824,0.851799,0.544693,0.404291,1,1,1,1,0.0
282,BS_1,BS,0.534463,0.855321,0.526492,0.482705,1,1,1,0,0.0
282,BS_2,BS,0.672179,0.825776,0.29723,0.431309,1,1,1,2,0.0
282,BS_3,BS,0.623571,0.830581,0.372293,0.359388,1,1,1,2,0.679192
282,BS_4,BS,0.643824,0.820513,0.34033,0.278187,1,1,1,5,0.51129
282,HAP_0,HAP,0.6694,0.947989,0.001373,0.033203,4,0,0,0,0.563736
282,HAP_1,HAP,0.645767,0.827856,0.337317,0.239653,1,1,1,7,0.2921
282,HAP_2,HAP,0.736027,0.901383,0.206489,0.162637,1,1,1,0,0.572405
282,LEO_0,LEO,0.808058,0.932136,0.113121,0.070853,1,1,1,0,0.563028
282,LEO_1,LEO,0.803529,0.908468,0.118742,0.132398,1,1,1,0,0.553244
283,BS_0,BS,0.59059,0.851206,0.426633,0.40534,1,1,1,1,0.0
283,BS_1,BS,0.713022,0.869464,0.238243,0.411706,1,1,1,0,0.0
283,BS_2,BS,0.698556,0.830938,0.25874,0.375173,1,1,1,2,0.448427
283,BS_3,BS,0.666085,0.834177,0.306338,0.32974,1,1,1,1,0.572671
283,BS_4,BS,0.648301,0.821406,0.3334,0.27257,1,1,1,5,0.398654
283,HAP_0,HAP,0.828558,0.946131,0.088068,0.030052,1,1,0,0,0.731148
283,HAP_1,HAP,0.638792,0.82749,0.348177,0.246275,1,1,1,7,0.0
283,HAP_2,HAP,0.779834,0.906943,0.148675,0.140056,1,1,1,0,0.484084
283,LEO_0,LEO,0.728359,0.924729,0.216961,0.077865,1,1,1,0,0.86907
283,LEO_1,LEO,0.803464,0.913284,0.118823,0.112272,1,1,1,0,0.671818
284,BS_0,BS,0.620254,0.85448,0.377626,0.388442,1,1,1,1,0.0
284,BS_1,BS,0.789788,0.884158,0.13599,0.337687,1,1,1,0,0.394177
284,BS_2,BS,0.818335,0.845213,0.100483,0.304682,1,1,1,2,0.20494
284,BS_3,BS,0.726828,0.840198,0.219065,0.285387,1,1,1,2,0.472959
284,BS_4,BS,0.634058,0.820788,0.355615,0.274964,1,1,1,6,0.0
284,HAP_0,HAP,0.796869,0.948975,0.027065,0.024372,2,0,0,0,0.613836
284,HAP_1,HAP,0.68163,0.830215,0.283268,0.233128,1,1,1,5,0.150742
284,HAP_2,HAP,0.816141,0.919627,0.003168,0.112049,2,0,0,0,0.586043
284,LEO_0,LEO,0.81181,0.92759,0.108489,0.067588,1,1,1,0,0.511417
284,LEO_1,LEO,0.779571,0.920946,0.049011,0.090899,2,0,0,0,0.683502
285,BS_0,BS,0.584603,0.85167,0.436821,0.39662,1,1,1,1,0.0
285,BS_1,BS,0.819435,0.897046,0.09914,0.274572,1,1,1,0,0.460204
285,BS_2,BS,0.519469,0.833119,0.554949,0.382331,1,1,1,1,0.669467
285,BS_3,BS,0.652267,0.83772,0.327301,0.276517,1,1,1,2,0.778459
285,BS_4,BS,0.646886,0.821495,0.335585,0.270649,1,1,1,6,0.0
285,HAP_0,HAP,0.687976,0.949138,0.074001,0.021961,3,0,0,0,0.542585
285,HAP_1,HAP,0.67625,0.831744,0.291193,0.224659,1,1,1,7,0.19342
285,HAP_2,HAP,0.697794,0.92732,0.059831,0.09125,3,0,0,0,0.455582
285,LEO_0,LEO,0.805224,0.934815,0.016634,0.054195,2,0,0,0,0.640245
285,LEO_1,LEO,0.767005,0.918357,0.165262,0.085009,1,1,1,0,0.892006
286,BS_0,BS,0.660167,0.857582,0.315262,0.362021,1,1,1,1,0.0
286,BS_1,BS,0.563602,0.878096,0.473407,0.320509,1,1,1,0,1.283687
286,BS_2,BS,0.622819,0.836085,0.3735,0.368641,1,1,1,2,0.0
286,BS_3,BS,0.529209,0.829556,0.536372,0.350676,1,1,1,2,0.0
286,BS_4,BS,0.600695,0.817616,0.409668,0.292042,1,1,1,4,0.0
286,HAP_0,HAP,0.684493,0.94004,0.279077,0.052617,1,1,1,0,0.175668
286,HAP_1,HAP,0.658324,0.831321,0.318058,0.22525,1,1,1,6,0.384349
286,HAP_2,HAP,0.720657,0.925925,0.227592,0.096309,1,1,1,0,0.164655
286,LEO_0,LEO,0.692025,0.921733,0.268134,0.075709,1,1,1,0,1.097432
286,LEO_1,LEO,0.744163,0.912035,0.195495,0.085206,1,1,1,0,1.152991
287,BS_0,BS,0.620539,0.856064,0.377167,0.353632,1,1,1,1,0.37139
287,BS_1,BS,0.634197,0.876769,0.355396,0.313245,1,1,1,0,0.2697
287,BS_2,BS,0.694421,0.842804,0.264677,0.326437,1,1,1,1,0.360526
287,BS_3,BS,0.574509,0.831734,0.454239,0.373391,1,1,1,1,0.0
287,BS_4,BS,0.631564,0.81752,0.359555,0.291809,1,1,1,6,0.0
287,HAP_0,HAP,0.752218,0.942314,0.084729,0.045324,2,0,0,0,0.516092
287,HAP_1,HAP,0.650658,0.830272,0.329771,0.229137,1,1,1,7,0.195785
287,HAP_2,HAP,0.672991,0.915579,0.296023,0.116481,1,1,1,0,0.867956
287,LEO_0,LEO,0.659808,0.913948,0.315806,0.105447,1,1,1,0,0.310432
287,LEO_1,LEO,0.791725,0.913284,0.133541,0.076189,1,1,1,0,0.768375
288,BS_0,BS,0.599112,0.85053,0.412307,0.359404,1,1,1,1,0.672342
288,BS_1,BS,0.792284,0.889986,0.132836,0.258537,1,1,1,0,0.322685
288,BS_2,BS,0.639391,0.84654,0.347239,0.315408,1,1,1,1,0.267981
288,BS_3,BS,0.662765,0.840636,0.311335,0.342331,1,1,1,1,0.0
288,BS_4,BS,0.647994,0.818983,0.333875,0.28361,1,1,1,5,0.0
288,HAP_0,HAP,0.569005,0.915699,0.463866,0.133086,1,1,1,0,1.17427
288,HAP_1,HAP,0.648669,0.829248,0.332832,0.233159,1,1,1,5,0.144378
288,HAP_2,HAP,0.74158,0.916999,0.198972,0.111,1,1,1,0,0.255796
288,LEO_0,LEO,0.782702,0.919196,0.145003,0.09382,1,1,1,0,0.295517
288,LEO_1,LEO,0.802334,0.920985,0.02023,0.061136,2,0,0,0,0.845261
289,BS_0,BS,0.553273,0.845785,0.491905,0.39641,1,1,1,1,0.0
289,BS_1,BS,0.876539,0.906702,0.031775,0.207284,1,1,1,0,0.33608
289,BS_2,BS,0.619013,0.847225,0.379629,0.31718,1,1,1,1,0.0
289,BS_3,BS,0.469182,0.819888,0.656764,0.467967,1,1,1,2,0.715208
289,BS_4,BS,0.637994,0.819221,0.349426,0.281832,1,1,1,6,0.0
289,HAP_0,HAP,0.624982,0.906978,0.370032,0.168085,1,1,1,0,0.164334
289,HAP_1,HAP,0.558199,0.823134,0.483041,0.291525,1,1,1,6,0.0
289,HAP_2,HAP,0.788828,0.919186,0.137207,0.097272,1,1,1,0,0.68449
289,LEO_0,LEO,0.774302,0.919976,0.155793,0.085978,1,1,1,0,0.672696
289,LEO_1,LEO,0.693264,0.925071,0.066344,0.050889,3,0,0,0,0.756369
290,BS_0,BS,0.601307,0.851084,0.40865,0.392276,1,1,1,0,0.0
290,BS_1,BS,0.489995,0.875884,0.613361,0.335122,1,1,1,0,3.409927
290,BS_2,BS,0.648396,0.848727,0.333253,0.30372,1,1,1,2,0.0
290,BS_3,BS,0.553588,0.820397,0.491335,0.483008,1,1,1,1,0.0
290,BS_4,BS,0.64667,0.820222,0.335919,0.276245,1,1,1,5,0.0
290,HAP_0,HAP,0.779201,0.914367,0.149487,0.144524,1,1,1,0,0.196361
290,HAP_1,HAP,0.70377,0.829173,0.251304,0.261639,1,1,1,6,0.0
290,HAP_2,HAP,0.788951,0.923412,0.137051,0.08627,1,1,1,0,0.309691
290,LEO_0,LEO,0.762878,0.925115,0.070657,0.071029,2,0,0,0,0.677458
290,LEO_1,LEO,0.655324,0.916807,0.322625,0.08755,1,1,1,0,0.293135
291,BS_0,BS,0.487091,0.835924,0.619305,0.486413,1,1,1,1,0.542
291,BS_1,BS,0.520282,0.864969,0.553385,0.405903,1,1,1,0,0.0
291,BS_2,BS,0.749037,0.857269,0.188967,0.259045,1,1,1,1,0.445497
291,BS_3,BS,0.672684,0.828568,0.296479,0.425962,1,1,1,1,0.423836
291,BS_4,BS,0.64803,0.821148,0.333818,0.271141,1,1,1,7,0.296004
291,HAP_0,HAP,0.74177,0.921395,0.098716,0.120004,2,0,0,0,0.465815
291,HAP_1,HAP,0.669785,0.830439,0.300798,0.250027,1,1,1,8,0.223307
291,HAP_2,HAP,0.817212,0.934521,0.001857,0.069017,2,0,0,0,0.419288
291,LEO_0,LEO,0.697279,0.929982,0.06057,0.058474,3,0,0,0,0.643733
291,LEO_1,LEO,0.801643,0.927636,0.021092,0.070241,2,0,0,0,0.470678
292,BS_0,BS,0.566158,0.834718,0.468881,0.488063,1,1,1,1,0.0
292,BS_1,BS,0.707592,0.876715,0.245888,0.35193,1,1,1,0,0.0
292,BS_2,BS,0.599271,0.847017,0.412041,0.283636,1,1,1,2,0.789684
292,BS_3,BS,0.654809,0.834972,0.323411,0.387837,1,1,1,1,0.562286
292,BS_4,BS,0.646886,0.821784,0.335585,0.267591,1,1,1,6,0.0
292,HAP_0,HAP,0.638616,0.908287,0.348452,0.150642,1,1,1,0,0.885841
292,HAP_1,HAP,0.662511,0.830678,0.311718,0.243747,1,1,1,7,0.248376
292,HAP_2,HAP,0.683741,0.922479,0.280176,0.090538,1,1,1,0,0.938518
292,LEO_0,LEO,0.788456,0.932224,0.137679,0.055309,1,1,1,0,0.275798
292,LEO_1,LEO,0.685582,0.916437,0.277487,0.090842,1,1,1,0,1.014225
293,BS_0,BS,0.66758,0.844019,0.304097,0.432064,1,1,1,0,0.541485
293,BS_1,BS,0.759379,0.886983,0.175254,0.295365,1,1,1,0,0.471513
293,BS_2,BS,0.763156,0.852642,0.170293,0.239958,1,1,1,2,0.248295
293,BS_3,BS,0.512289,0.820225,0.568866,0.455894,1,1,1,2,0.697394
293,BS_4,BS,0.645023,0.822119,0.338469,0.265625,1,1,1,6,0.555877
293,HAP_0,HAP,0.796374,0.918507,0.027686,0.120858,2,0,0,0,0.609609
293,HAP_1,HAP,0.593678,0.82567,0.421418,0.274915,1,1,1,4,0.226753
293,HAP_2,HAP,0.768865,0.923168,0.16284,0.084363,1,1,1,0,0.422364
293,LEO_0,LEO,0.669826,0.919309,0.300738,0.084947,1,1,1,0,0.965654
293,LEO_1,LEO,0.697868,0.913272,0.259726,0.103029,1,1,1,0,0.311214
294,BS_0,BS,0.724968,0.858924,0.221628,0.367755,1,1,1,0,0.236386
294,BS_1,BS,0.787171,0.895791,0.139309,0.245025,1,1,1,0,0.582836
294,BS_2,BS,0.800285,0.859795,0.122787,0.198751,1,1,1,2,0.641467
294,BS_3,BS,0.644911,0.821138,0.338644,0.416321,1,1,1,2,0.755568
294,BS_4,BS,0.647237,0.822592,0.335043,0.263014,1,1,1,6,0.216318
294,HAP_0,HAP,0.800163,0.922397,0.12294,0.103488,1,1,1,0,0.467523
294,HAP_1,HAP,0.694373,0.829934,0.264746,0.251473,1,1,1,7,0.0
294,HAP_2,HAP,0.812193,0.928141,0.108018,0.072741,1,1,1,0,0.362974
294,LEO_0,LEO,0.714463,0.917294,0.236224,0.093068,1,1,1,0,0.286855
294,LEO_1,LEO,0.756364,0.921979,0.079232,0.085249,2,0,0,0,0.378259
295,BS_0,BS,0.510614,0.846477,0.572142,0.44151,1,1,1,1,0.33351
295,BS_1,BS,0.880109,0.910366,0.02771,0.196366,1,1,1,0,0.439543
295,BS_2,BS,0.783346,0.864195,0.144181,0.168356,1,1,1,2,0.347063
295,BS_3,BS,0.745105,0.833415,0.19423,0.350033,1,1,1,2,0.261878
295,BS_4,BS,0.635758,0.821898,0.352937,0.266465,1,1,1,5,0.441249
295,HAP_0,HAP,0.795774,0.931236,0.02844,0.083154,2,0,0,0,0.49602
295,HAP_1,HAP,0.684345,0.832246,0.279293,0.23628,1,1,1,6,0.164086
295,HAP_2,HAP,0.745933,0.923792,0.193119,0.074976,1,1,1,0,0.793873
295,LEO_0,LEO,0.817228,0.929064,0.001837,0.074456,2,0,0,0,0.483134
295,LEO_1,LEO,0.72295,0.931411,0.024416,0.068467,3,0,0,0,0.491273
296,BS_0,BS,0.556599,0.843822,0.48591,0.459456,1,1,1,1,0.0
296,BS_1,BS,0.868222,0.921747,0.041308,0.157861,1,1,1,0,0.393321
296,BS_2,BS,0.753703,0.865393,0.182758,0.149715,1,1,1,2,0.225929
296,BS_3,BS,0.762204,0.842071,0.17154,0.293268,1,1,1,2,0.797006
296,BS_4,BS,0.632857,0.821068,0.35751,0.270688,1,1,1,4,0.0
296,HAP_0,HAP,0.721712,0.938412,0.026129,0.066831,3,0,0,0,0.501799
296,HAP_1,HAP,0.660907,0.831959,0.314142,0.233432,1,1,1,5,0.272421
296,HAP_2,HAP,0.787527,0.930731,0.038858,0.06066,2,0,0,0,0.568073
296,LEO_0,LEO,0.748729,0.924359,0.189378,0.075704,1,1,1,0,0.824635
296,LEO_1,LEO,0.625306,0.936927,0.069515,0.056948,4,0,0,0,0.386156
297,BS_0,BS,0.55216,0.839094,0.493917,0.477345,1,1,1,1,0.0
297,BS_1,BS,0.509251,0.890095,0.574814,0.274974,1,1,1,0,2.291509
297,BS_2,BS,0.684787,0.860596,0.278647,0.154712,1,1,1,2,0.667541
297,BS_3,BS,0.673307,0.844508,0.295554,0.273923,1,1,1,2,0.604211
297,BS_4,BS,0.644347,0.821483,0.339518,0.268423,1,1,1,4,0.0
297,HAP_0,HAP,0.628266,0.942413,0.064791,0.055354,4,0,0,0,0.42844
297,HAP_1,HAP,0.675299,0.833014,0.2926,0.225273,1,1,1,6,0.0
297,HAP_2,HAP,0.732746,0.937537,0.010956,0.048582,3,0,0,0,0.649445
297,LEO_0,LEO,0.772612,0.925417,0.157979,0.071794,1,1,1,0,0.385703
297,LEO_1,LEO,0.754399,0.936286,0.181834,0.060437,1,1,1,0,0.19247
298,BS_0,BS,0.645295,0.847012,0.338048,0.4333,1,1,1,1,0.0
298,BS_1,BS,0.738922,0.891872,0.202563,0.238443,1,1,1,0,0.685986
298,BS_2,BS,0.722439,0.861591,0.225123,0.146575,1,1,1,2,0.476817
298,BS_3,BS,0.669032,0.844925,0.301923,0.260159,1,1,1,2,0.347821
298,BS_4,BS,0.639831,0.821393,0.346551,0.268782,1,1,1,4,0.399044
298,HAP_0,HAP,0.871445,0.945709,0.037602,0.044919,1,1,0,0,0.634927
298,HAP_1,HAP,0.657304,0.832235,0.319608,0.226185,1,1,1,8,0.39833
298,HAP_2,HAP,0.641654,0.941509,0.043706,0.039725,4,0,0,0,0.577577
298,LEO_0,LEO,0.808774,0.934718,0.012235,0.057502,2,0,0,0,0.495449
298,LEO_1,LEO,0.743621,0.93892,0.096224,0.052516,2,0,0,0,0.483197
299,BS_0,BS,0.601165,0.847157,0.408886,0.421875,1,1,1,1,0.0
299,BS_1,BS,0.692816,0.892825,0.266991,0.222832,1,1,1,0,0.38041
299,BS_2,BS,0.798134,0.867436,0.125478,0.124345,1,1,1,2,0.670807
299,BS_3,BS,0.695237,0.847747,0.263502,0.239372,1,1,1,2,0.0
299,BS_4,BS,0.638305,0.821178,0.348939,0.269817,1,1,1,6,0.0
299,HAP_0,HAP,0.793081,0.948327,0.03183,0.036391,2,0,0,0,0.642109
299,HAP_1,HAP,0.624398,0.82853,0.370968,0.242876,1,1,1,8,0.0
299,HAP_2,HAP,0.840804,0.94335,0.073397,0.034204,1,1,0,0,0.534186
299,LEO_0,LEO,0.683561,0.921676,0.280439,0.081393,1,1,1,0,1.036953
299,LEO_1,LEO,0.655838,0.924107,0.321841,0.088625,1,1,1,0,0.856508
300,BS_0,BS,0.66418,0.854563,0.309202,0.380522,1,1,1,1,0.0
300,BS_1,BS,0.869364,0.905806,0.039993,0.178986,1,1,1,0,0.640449
300,BS_2,BS,0.76712,0.869181,0.165112,0.111744,1,1,1,2,0.591716
300,BS_3,BS,0.740399,0.852521,0.200566,0.2096,1,1,1,2,0.0
300,BS_4,BS,0.647505,0.821865,0.334629,0.266243,1,1,1,5,0.0
300,HAP_0,HAP,0.640506,0.926897,0.345496,0.082829,1,1,1,0,1.221118
300,HAP_1,HAP,0.639102,0.826963,0.347692,0.248701,1,1,1,6,0.258792
300,HAP_2,HAP,0.551848,0.911921,0.494483,0.137395,1,1,1,0,1.896232
300,LEO_0,LEO,0.701982,0.917487,0.253848,0.094112,1,1,1,0,0.346071
300,LEO_1,LEO,0.752748,0.924251,0.184025,0.086139,1,1,1,0,0.306165
301,BS_0,BS,0.630805,0.858253,0.360759,0.362984,1,1,1,1,0.0
301,BS_1,BS,0.557048,0.882328,0.485104,0.249085,1,1,1,0,3.777898
301,BS_2,BS,0.742684,0.869967,0.197485,0.106946,1,1,1,1,0.683137
301,BS_3,BS,0.599509,0.847945,0.411645,0.243933,1,1,1,2,0.0
301,BS_4,BS,0.618233,0.819639,0.38089,0.278279,1,1,1,6,0.0
301,HAP_0,HAP,0.696289,0.91973,0.26199,0.09715,1,1,1,0,0.482701
301,HAP_1,HAP,0.643051,0.826078,0.341531,0.25145,1,1,1,6,0.214168
301,HAP_2,HAP,0.60651,0.899928,0.400034,0.181928,1,1,1,0,0.373569
301,LEO_0,LEO,0.784108,0.922161,0.143208,0.084518,1,1,1,0,0.288975
301,LEO_1,LEO,0.779712,0.932658,0.048831,0.069984,2,0,0,0,0.376764
302,BS_0,BS,0.598925,0.857233,0.41262,0.367002,1,1,1,1,0.217176
302,BS_1,BS,0.625048,0.87746,0.369927,0.260849,1,1,1,0,0.445558
302,BS_2,BS,0.657374,0.862097,0.319501,0.131493,1,1,1,3,0.787512
302,BS_3,BS,0.568086,0.845164,0.465483,0.29265,1,1,1,1,0.0
302,BS_4,BS,0.645841,0.820479,0.337201,0.273791,1,1,1,6,0.0
302,HAP_0,HAP,0.760701,0.925621,0.073515,0.080152,2,0,0,0,0.567265
302,HAP_1,HAP,0.561278,0.819499,0.47754,0.30378,1,1,1,6,0.306682
302,HAP_2,HAP,0.762464,0.905431,0.1712,0.158732,1,1,1,0,0.38968
302,LEO_0,LEO,0.772911,0.922243,0.157591,0.07879,1,1,1,0,0.672826
302,LEO_1,LEO,0.805356,0.932846,0.116471,0.062092,1,1,1,0,0.691214
303,BS_0,BS,0.557947,0.851367,0.483492,0.398796,1,1,1,1,0.0
303,BS_1,BS,0.840932,0.891355,0.073245,0.211093,1,1,1,0,0.622053
303,BS_2,BS,0.767597,0.864867,0.16449,0.11737,1,1,1,2,0.676883
303,BS_3,BS,0.697942,0.853717,0.259619,0.264451,1,1,1,1,0.0
303,BS_4,BS,0.633636,0.820006,0.35628,0.276153,1,1,1,5,0.0
303,HAP_0,HAP,0.741418,0.924679,0.199191,0.081976,1,1,1,0,0.339541
303,HAP_1,HAP,0.716071,0.827018,0.233976,0.267659,1,1,1,6,0.132778
303,HAP_2,HAP,0.743004,0.915225,0.097054,0.131224,2,0,0,0,0.306101
303,LEO_0,LEO,0.756077,0.928655,0.079612,0.065884,2,0,0,0,0.39462
303,LEO_1,LEO,0.650768,0.915614,0.329603,0.098561,1,1,1,0,1.203554
304,BS_0,BS,0.599203,0.855282,0.412155,0.395479,1,1,1,0,0.0
304,BS_1,BS,0.574797,0.872616,0.453738,0.26152,1,1,1,0,1.873898
304,BS_2,BS,0.780561,0.868041,0.147743,0.103719,1,1,1,2,0.723713
304,BS_3,BS,0.645462,0.852323,0.337789,0.262906,1,1,1,1,0.329413
304,BS_4,BS,0.619111,0.818237,0.379471,0.285722,1,1,1,7,0.794902
304,HAP_0,HAP,0.759932,0.929689,0.074526,0.06808,2,0,0,0,0.601103
304,HAP_1,HAP,0.701748,0.831455,0.254181,0.243201,1,1,1,6,0.286681
304,HAP_2,HAP,0.730541,0.926799,0.01397,0.105067,3,0,0,0,0.485438
304,LEO_0,LEO,0.672142,0.932989,0.097285,0.056966,3,0,0,0,0.403155
304,LEO_1,LEO,0.686314,0.910154,0.27642,0.113232,1,1,1,0,0.4468
305,BS_0,BS,0.375143,0.819183,0.880449,0.665218,1,1,1,1,0.797645
305,BS_1,BS,0.746155,0.877534,0.192821,0.225947,1,1,1,0,0.792663
305,BS_2,BS,0.757174,0.868745,0.178163,0.097259,1,1,1,3,0.301582
305,BS_3,BS,0.501757,0.840092,0.58964,0.366779,1,1,1,0,0.538845
305,BS_4,BS,0.637932,0.818618,0.349523,0.283552,1,1,1,5,0.603665
305,HAP_0,HAP,0.745541,0.924764,0.193646,0.071339,1,1,1,0,0.781565
305,HAP_1,HAP,0.664362,0.831647,0.308928,0.237507,1,1,1,7,0.500942
305,HAP_2,HAP,0.65473,0.935628,0.023533,0.084303,4,0,0,0,0.436352
305,LEO_0,LEO,0.792511,0.934869,0.132548,0.053479,1,1,1,0,0.343665
305,LEO_1,LEO,0.780135,0.914869,0.148288,0.100481,1,1,1,0,0.400795
306,BS_0,BS,0.607183,0.82271,0.398926,0.603788,1,1,1,0,0.782166
306,BS_1,BS,0.751036,0.884075,0.186302,0.196376,1,1,1,0,0.621994
306,BS_2,BS,0.754427,0.869089,0.181797,0.092679,1,1,1,3,0.338467
306,BS_3,BS,0.493321,0.822401,0.606595,0.459004,1,1,1,1,0.78037
306,BS_4,BS,0.648239,0.819885,0.333496,0.276891,1,1,1,7,0.244581
306,HAP_0,HAP,0.785901,0.926681,0.140924,0.066008,1,1,1,0,0.400046
306,HAP_1,HAP,0.648674,0.830352,0.332825,0.239853,1,1,1,7,0.243343
306,HAP_2,HAP,0.892057,0.942683,0.014225,0.067533,1,1,0,0,0.510734
306,LEO_0,LEO,0.809344,0.943064,0.011532,0.042843,2,0,0,0,0.428216
306,LEO_1,LEO,0.79632,0.925845,0.027755,0.080731,2,0,0,0,0.43924
307,BS_0,BS,0.553877,0.822942,0.490813,0.591434,1,1,1,1,0.0
307,BS_1,BS,0.678491,0.886972,0.287884,0.194396,1,1,1,0,0.207476
307,BS_2,BS,0.332871,0.826421,1.0,0.65737,1,1,1,0,0.731298
307,BS_3,BS,0.544209,0.814257,0.508423,0.483525,1,1,1,2,0.0
307,BS_4,BS,0.636333,0.819786,0.352033,0.27728,1,1,1,4,0.0
307,HAP_0,HAP,0.767165,0.931369,0.065053,0.054711,2,0,0,0,0.642237
307,HAP_1,HAP,0.565679,0.822698,0.469728,0.291173,1,1,1,5,0.328634
307,HAP_2,HAP,0.68335,0.928167,0.280748,0.089496,1,1,1,0,1.017644
307,LEO_0,LEO,0.622709,0.922459,0.373676,0.09711,1,1,1,0,1.092971
307,LEO_1,LEO,0.691464,0.930703,0.068944,0.066724,3,0,0,0,0.619837
308,BS_0,BS,0.56776,0.827587,0.466057,0.570892,1,1,1,1,0.0
308,BS_1,BS,0.727344,0.895874,0.218355,0.176972,1,1,1,0,0.0
308,BS_2,BS,0.569348,0.821926,0.463264,0.622472,1,1,1,3,0.0
308,BS_3,BS,0.721752,0.827725,0.226074,0.409819,1,1,1,2,0.0
308,BS_4,BS,0.646588,0.820666,0.336046,0.272641,1,1,1,4,0.0
308,HAP_0,HAP,0.714009,0.922234,0.23686,0.069015,1,1,1,0,0.929411
308,HAP_1,HAP,0.729174,0.830528,0.215843,0.253903,1,1,1,7,0.399099
308,HAP_2,HAP,0.715306,0.923665,0.235045,0.096457,1,1,1,0,0.367439
308,LEO_0,LEO,0.67269,0.916175,0.296471,0.117241,1,1,1,0,0.261155
308,LEO_1,LEO,0.647451,0.938199,0.034712,0.053921,4,0,0,0,0.389219
309,BS_0,BS,0.512652,0.819907,0.568159,0.601975,1,1,1,1,0.658125
309,BS_1,BS,0.700477,0.896241,0.255993,0.171067,1,1,1,0,0.622163
309,BS_2,BS,0.660946,0.824413,0.314083,0.542369,1,1,1,3,0.698196
309,BS_3,BS,0.627272,0.826175,0.366374,0.388259,1,1,1,3,0.612095
309,BS_4,BS,0.639398,0.820699,0.347228,0.272368,1,1,1,6,0.556966
309,HAP_0,HAP,0.742477,0.920949,0.197763,0.072811,1,1,1,0,0.405356
309,HAP_1,HAP,0.660055,0.832013,0.315432,0.247896,1,1,1,4,0.275368
309,HAP_2,HAP,0.81528,0.933144,0.004224,0.077174,2,0,0,0,0.572699
309,LEO_0,LEO,0.814477,0.923313,0.105209,0.098774,1,1,1,0,0.314267
309,LEO_1,LEO,0.86827,0.942664,0.041252,0.043903,1,1,0,0,0.570523
310,BS_0,BS,0.534152,0.820301,0.527076,0.606594,1,1,1,1,0.0
310,BS_1,BS,0.81022,0.90438,0.11045,0.142344,1,1,1,0,0.620885
310,BS_2,BS,0.706965,0.829867,0.246774,0.461299,1,1,1,3,0.621895
310,BS_3,BS,0.727937,0.834334,0.217541,0.331903,1,1,1,3,0.0
310,BS_4,BS,0.647413,0.821473,0.33477,0.268326,1,1,1,5,0.458816
310,HAP_0,HAP,0.79502,0.928989,0.029388,0.058638,2,0,0,0,0.626544
310,HAP_1,HAP,0.710423,0.840331,0.241895,0.224648,1,1,1,5,0.0
310,HAP_2,HAP,0.704696,0.938794,0.049989,0.062864,3,0,0,0,0.451837
310,LEO_0,LEO,0.64232,0.90932,0.342668,0.131859,1,1,1,0,1.013441
310,LEO_1,LEO,0.795207,0.946648,0.029153,0.035505,2,0,0,0,0.581229
311,BS_0,BS,0.662678,0.836752,0.311466,0.52893,1,1,1,0,0.0
311,BS_1,BS,0.547276,0.880138,0.502802,0.227639,1,1,1,0,2.117739
311,BS_2,BS,0.69497,0.833089,0.263887,0.400376,1,1,1,2,0.346161
311,BS_3,BS,0.698151,0.837197,0.259321,0.295784,1,1,1,3,0.727522
311,BS_4,BS,0.647714,0.82212,0.334306,0.264953,1,1,1,5,0.0
311,HAP_0,HAP,0.674911,0.933432,0.093175,0.050817,3,0,0,0,0.370887
311,HAP_1,HAP,0.863353,0.857728,0.046931,0.180709,1,1,1,5,0.150489
311,HAP_2,HAP,0.63946,0.943443,0.047131,0.05129,4,0,0,0,0.477526
311,LEO_0,LEO,0.71341,0.909017,0.237699,0.130912,1,1,1,0,0.302863
311,LEO_1,LEO,0.694475,0.949115,0.064599,0.030282,3,0,0,0,0.397606
312,BS_0,BS,0.505723,0.829889,0.581766,0.575448,1,1,1,1,0.0
312,BS_1,BS,0.494951,0.865273,0.603297,0.345897,1,1,1,0,0.0
312,BS_2,BS,0.56108,0.827867,0.477891,0.423072,1,1,1,2,0.0
312,BS_3,BS,0.658723,0.837138,0.317452,0.281976,1,1,1,3,0.0
312,BS_4,BS,0.639105,0.821835,0.347687,0.266361,1,1,1,6,0.0
312,HAP_0,HAP,0.640661,0.939143,0.045254,0.041575,4,0,0,0,0.506699
312,HAP_1,HAP,0.654078,0.852366,0.324528,0.191961,1,1,1,6,1.035424
312,HAP_2,HAP,0.844052,0.944067,0.069542,0.043209,1,1,0,0,0.695216
312,LEO_0,LEO,0.792054,0.919839,0.033126,0.105224,2,0,0,0,0.568949
312,LEO_1,LEO,0.643751,0.952175,0.040443,0.024961,4,0,0,0,0.478055
313,BS_0,BS,0.654826,0.843586,0.323386,0.507419,1,1,1,0,0.0
313,BS_1,BS,0.696679,0.876005,0.261431,0.307473,1,1,1,0,0.0
313,BS_2,BS,0.776552,0.841759,0.152892,0.348976,1,1,1,3,0.0
313,BS_3,BS,0.456414,0.821653,0.684355,0.436334,1,1,1,2,0.0
313,BS_4,BS,0.64024,0.821713,0.345912,0.266934,1,1,1,6,0.0
313,HAP_0,HAP,0.830668,0.939334,0.085525,0.036552,1,1,0,0,0.733941
313,HAP_1,HAP,0.672545,0.851616,0.296686,0.193179,1,1,1,5,0.179962
313,HAP_2,HAP,0.588375,0.916668,0.430391,0.117923,1,1,1,0,1.432369
313,LEO_0,LEO,0.690803,0.910738,0.269901,0.11696,1,1,1,0,0.982653
313,LEO_1,LEO,0.792693,0.950489,0.13232,0.027848,1,1,1,0,0.296727
314,BS_0,BS,0.4919,0.832493,0.609479,0.573094,1,1,1,1,0.0
314,BS_1,BS,0.678921,0.877948,0.287251,0.283109,1,1,1,0,0.689421
314,BS_2,BS,0.507546,0.832685,0.578168,0.429607,1,1,1,1,0.200637
314,BS_3,BS,0.800051,0.841012,0.123079,0.355884,1,1,1,2,0.0
314,BS_4,BS,0.618838,0.819576,0.379912,0.278497,1,1,1,5,0.0
314,HAP_0,HAP,0.773058,0.93307,0.157401,0.04039,1,1,1,0,0.947953
314,HAP_1,HAP,0.70637,0.851941,0.247616,0.182134,1,1,1,6,0.142764
314,HAP_2,HAP,0.603093,0.903608,0.405684,0.1684,1,1,1,0,0.354133
314,LEO_0,LEO,0.729827,0.910789,0.214948,0.114359,1,1,1,0,0.389621
314,LEO_1,LEO,0.810749,0.948448,0.109796,0.027703,1,1,1,0,0.586669
315,BS_0,BS,0.645327,0.839528,0.337998,0.509884,1,1,1,1,0.0
315,BS_1,BS,0.79249,0.887656,0.132575,0.234397,1,1,1,0,0.702954
315,BS_2,BS,0.545114,0.824769,0.50676,0.459248,1,1,1,3,0.0
315,BS_3,BS,0.561537,0.8304,0.477078,0.387129,1,1,1,3,0.432203
315,BS_4,BS,0.634124,0.81933,0.355511,0.279672,1,1,1,7,0.0
315,HAP_0,HAP,0.692743,0.925955,0.267096,0.064415,1,1,1,0,0.335512
315,HAP_1,HAP,0.678865,0.849414,0.287333,0.182859,1,1,1,5,0.489824
315,HAP_2,HAP,0.669666,0.90274,0.300977,0.175484,1,1,1,0,0.126345
315,LEO_0,LEO,0.807996,0.922092,0.013198,0.091566,2,0,0,0,0.595821
315,LEO_1,LEO,0.740944,0.946245,0.09983,0.026647,2,0,0,0,0.681578
316,BS_0,BS,0.537487,0.839134,0.520851,0.529986,1,1,1,0,0.0
316,BS_1,BS,0.416703,0.851522,0.775383,0.458066,1,1,1,1,0.590164
316,BS_2,BS,0.67914,0.829637,0.286928,0.404446,1,1,1,3,0.0
316,BS_3,BS,0.734827,0.839977,0.208121,0.329195,1,1,1,2,0.0
316,BS_4,BS,0.62662,0.818419,0.367416,0.284485,1,1,1,4,0.0
316,HAP_0,HAP,0.796333,0.92974,0.127738,0.058875,1,1,1,0,0.30813
316,HAP_1,HAP,0.584907,0.843337,0.436303,0.23195,1,1,1,4,0.224243
316,HAP_2,HAP,0.79515,0.917886,0.029224,0.140771,2,0,0,0,0.266855
316,LEO_0,LEO,0.588485,0.899859,0.430205,0.156537,1,1,1,0,1.356638
316,LEO_1,LEO,0.693931,0.932066,0.265382,0.05301,1,1,1,0,0.962788
317,BS_0,BS,0.405604,0.811715,0.802377,0.713703,1,1,1,1,0.600199
317,BS_1,BS,0.554266,0.846413,0.49011,0.474546,1,1,1,1,0.0
317,BS_2,BS,0.691708,0.833002,0.268592,0.35602,1,1,1,3,0.751105
317,BS_3,BS,0.757285,0.849067,0.178015,0.277616,1,1,1,3,0.228717
317,BS_4,BS,0.646204,0.819537,0.33664,0.278585,1,1,1,6,0.677806
317,HAP_0,HAP,0.761948,0.934658,0.071877,0.049425,2,0,0,0,0.518671
317,HAP_1,HAP,0.59712,0.835728,0.415638,0.263299,1,1,1,6,0.104026
317,HAP_2,HAP,0.728083,0.915018,0.217341,0.133874,1,1,1,0,0.717551
317,LEO_0,LEO,0.615553,0.891839,0.385234,0.192012,1,1,1,0,0.31662
317,LEO_1,LEO,0.729834,0.92777,0.214938,0.063197,1,1,1,0,0.398179
318,BS_0,BS,0.664314,0.821398,0.309,0.613928,1,1,1,1,0.645733
318,BS_1,BS,0.585325,0.841559,0.435588,0.465018,1,1,1,1,0.799989
318,BS_2,BS,0.540329,0.824045,0.515578,0.404435,1,1,1,1,0.333465
318,BS_3,BS,0.769411,0.855079,0.16213,0.233922,1,1,1,2,0.767124
318,BS_4,BS,0.643532,0.820182,0.340784,0.275128,1,1,1,5,0.495592
318,HAP_0,HAP,0.764028,0.931297,0.169151,0.052415,1,1,1,0,0.664525
318,HAP_1,HAP,0.74438,0.84207,0.195203,0.227786,1,1,1,5,0.540205
318,HAP_2,HAP,0.815551,0.926123,0.003892,0.107106,2,0,0,0,0.550883
318,LEO_0,LEO,0.880166,0.905309,0.027645,0.153953,1,1,1,0,0.689646
318,LEO_1,LEO,0.760015,0.933235,0.074417,0.05305,2,0,0,0,0.439754
319,BS_0,BS,0.568332,0.821427,0.465049,0.588465,1,1,1,1,0.0
319,BS_1,BS,0.503916,0.834631,0.585346,0.526198,1,1,1,1,0.0
319,BS_2,BS,0.664999,0.826473,0.30797,0.366229,1,1,1,3,0.0
319,BS_3,BS,0.642315,0.853004,0.342676,0.239979,1,1,1,2,0.342843
319,BS_4,BS,0.648122,0.821125,0.333676,0.270205,1,1,1,5,0.0
319,HAP_0,HAP,0.771161,0.934775,0.059858,0.043544,2,0,0,0,0.676849
319,HAP_1,HAP,0.722843,0.845222,0.224563,0.204922,1,1,1,6,0.122315
319,HAP_2,HAP,0.706606,0.931754,0.047282,0.086691,3,0,0,0,0.647082
319,LEO_0,LEO,0.750605,0.911311,0.086876,0.126559,2,0,0,0,0.802912
319,LEO_1,LEO,0.718552,0.939583,0.030518,0.042859,3,0,0,0,0.533851
320,BS_0,BS,0.661467,0.831209,0.313295,0.514941,1,1,1,1,0.395882
320,BS_1,BS,0.47281,0.818386,0.649061,0.610535,1,1,1,1,0.768302
320,BS_2,BS,0.72137,0.832725,0.226603,0.31609,1,1,1,2,0.643685
320,BS_3,BS,0.770594,0.861049,0.160594,0.203589,1,1,1,2,0.34705
320,BS_4,BS,0.630635,0.820239,0.361027,0.274818,1,1,1,4,0.451294
320,HAP_0,HAP,0.808073,0.936957,0.113103,0.040592,1,1,1,0,0.342787
320,HAP_1,HAP,0.45388,0.826,0.689924,0.378135,1,1,1,2,0.172861
320,HAP_2,HAP,0.668188,0.939565,0.003185,0.069357,4,0,0,0,0.548128
320,LEO_0,LEO,0.772054,0.910725,0.158701,0.112581,1,1,1,0,0.907079
320,LEO_1,LEO,0.618111,0.942386,0.081088,0.037246,4,0,0,0,0.42257
321,BS_0,BS,0.601785,0.83407,0.407855,0.486808,1,1,1,1,0.0
321,BS_1,BS,0.564883,0.819264,0.471137,0.588315,1,1,1,1,0.0
321,BS_2,BS,0.72894,0.838239,0.216164,0.273899,1,1,1,3,0.0
321,BS_3,BS,0.685127,0.858291,0.278151,0.197687,1,1,1,3,0.301288
321,BS_4,BS,0.648344,0.821191,0.333334,0.269854,1,1,1,3,0.0
321,HAP_0,HAP,0.715643,0.927557,0.234573,0.057235,1,1,1,0,0.889886
321,HAP_1,HAP,0.825441,0.844856,0.091837,0.306303,1,1,1,4,0.201183
321,HAP_2,HAP,0.720162,0.935781,0.22828,0.078936,1,1,1,0,0.130668
321,LEO_0,LEO,0.71351,0.909564,0.237558,0.11546,1,1,1,0,0.37521
321,LEO_1,LEO,0.894885,0.947448,0.01106,0.029852,1,1,0,0,0.614311
322,BS_0,BS,0.658798,0.842892,0.317338,0.434763,1,1,1,1,0.0
322,BS_1,BS,0.658523,0.830003,0.317756,0.516088,1,1,1,1,0.0
322,BS_2,BS,0.615156,0.834561,0.385879,0.286126,1,1,1,2,0.327294
322,BS_3,BS,0.434418,0.837995,0.733748,0.400424,1,1,1,1,0.0
322,BS_4,BS,0.645617,0.8217,0.337548,0.267156,1,1,1,4,0.0
322,HAP_0,HAP,0.670545,0.92133,0.299664,0.086197,1,1,1,0,0.143603
322,HAP_1,HAP,0.582542,0.835376,0.440355,0.332303,1,1,1,5,0.769446
322,HAP_2,HAP,0.792218,0.935796,0.132918,0.071099,1,1,1,0,0.552294
322,LEO_0,LEO,0.775073,0.915211,0.154799,0.103151,1,1,1,0,0.275034
322,LEO_1,LEO,0.69481,0.932385,0.264117,0.055273,1,1,1,0,1.070828
323,BS_0,BS,0.531115,0.830361,0.532776,0.475544,1,1,1,1,0.795313
323,BS_1,BS,0.574834,0.824749,0.453674,0.505489,1,1,1,1,0.684978
323,BS_2,BS,0.763512,0.846494,0.169826,0.241879,1,1,1,2,0.0
323,BS_3,BS,0.526223,0.827448,0.542029,0.452547,1,1,1,3,0.0
323,BS_4,BS,0.63559,0.821168,0.353201,0.269863,1,1,1,6,0.0
323,HAP_0,HAP,0.775156,0.929328,0.05469,0.070304,2,0,0,0,0.488489
323,HAP_1,HAP,0.752164,0.842886,0.184801,0.281211,1,1,1,5,0.252442
323,HAP_2,HAP,0.754887,0.930593,0.181187,0.071652,1,1,1,0,0.775209
323,LEO_0,LEO,0.795461,0.918889,0.128834,0.08999,1,1,1,0,0.614879
323,LEO_1,LEO,0.71278,0.926238,0.238583,0.069833,1,1,1,0,0.426227
324,BS_0,BS,0.662766,0.834853,0.311334,0.424053,1,1,1,1,0.334342
324,BS_1,BS,0.690472,0.833068,0.27038,0.437289,1,1,1,1,0.599781
324,BS_2,BS,0.6209,0.846549,0.376586,0.257321,1,1,1,2,0.231604
324,BS_3,BS,0.63684,0.826799,0.351237,0.417553,1,1,1,2,0.597275
324,BS_4,BS,0.645283,0.82165,0.338067,0.26732,1,1,1,4,0.569789
324,HAP_0,HAP,0.768751,0.927603,0.162988,0.068197,1,1,1,0,0.648562
324,HAP_1,HAP,0.727362,0.848913,0.218331,0.246419,1,1,1,5,0.133076
324,HAP_2,HAP,0.748938,0.933836,0.089099,0.060894,2,0,0,0,0.482228
324,LEO_0,LEO,0.751471,0.916019,0.185722,0.087514,1,1,1,0,0.854873
324,LEO_1,LEO,0.788343,0.933218,0.037822,0.05651,2,0,0,0,0.554056
325,BS_0,BS,0.608282,0.837329,0.397117,0.410208,1,1,1,1,0.25936
325,BS_1,BS,0.63747,0.834029,0.350248,0.405034,1,1,1,1,0.570822
325,BS_2,BS,0.609669,0.840414,0.39484,0.276011,1,1,1,2,0.412321
325,BS_3,BS,0.708439,0.831941,0.244691,0.360985,1,1,1,3,0.218863
325,BS_4,BS,0.573885,0.815588,0.455326,0.307151,1,1,1,3,0.480435
325,HAP_0,HAP,0.783216,0.933166,0.044347,0.055443,2,0,0,0,0.62998
325,HAP_1,HAP,0.809418,0.859404,0.11144,0.202724,1,1,1,4,0.355254
325,HAP_2,HAP,0.815188,0.935745,0.104337,0.053614,1,1,1,0,0.500657
325,LEO_0,LEO,0.718666,0.915057,0.230359,0.09389,1,1,1,0,0.293321
325,LEO_1,LEO,0.784729,0.934095,0.142417,0.054335,1,1,1,0,0.354231
326,BS_0,BS,0.601761,0.838059,0.407894,0.403037,1,1,1,1,0.0
326,BS_1,BS,0.618878,0.836397,0.379847,0.388955,1,1,1,1,0.0
326,BS_2,BS,0.6801,0.841589,0.285516,0.257492,1,1,1,3,0.0
326,BS_3,BS,0.684717,0.833864,0.27875,0.323754,1,1,1,3,0.636311
326,BS_4,BS,0.730014,0.824706,0.214691,0.266462,1,1,1,4,0.0
326,HAP_0,HAP,0.74068,0.940928,0.000187,0.044354,3,0,0,0,0.542774
326,HAP_1,HAP,0.675991,0.855421,0.291576,0.200437,1,1,1,6,0.620781
326,HAP_2,HAP,0.757099,0.93735,0.078261,0.045647,2,0,0,0,0.692237
326,LEO_0,LEO,0.784831,0.921016,0.142287,0.084223,1,1,1,0,0.213231
326,LEO_1,LEO,0.7987,0.933556,0.12477,0.050473,1,1,1,0,0.680804
327,BS_0,BS,0.700884,0.848551,0.255413,0.351785,1,1,1,1,0.0
327,BS_1,BS,0.696305,0.845237,0.261967,0.342046,1,1,1,1,0.405232
327,BS_2,BS,0.767397,0.848978,0.164751,0.218208,1,1,1,2,0.236953
327,BS_3,BS,0.726924,0.838963,0.218933,0.280572,1,1,1,3,0.3783
327,BS_4,BS,0.702028,0.829562,0.253782,0.242152,1,1,1,4,0.517671
327,HAP_0,HAP,0.631663,0.944479,0.0594,0.037071,4,0,0,0,0.44761
327,HAP_1,HAP,0.588126,0.847411,0.430814,0.24387,1,1,1,4,0.276945
327,HAP_2,HAP,0.750907,0.930518,0.186474,0.052165,1,1,1,0,0.857963
327,LEO_0,LEO,0.688417,0.91339,0.273361,0.101005,1,1,1,0,0.815221
327,LEO_1,LEO,0.817203,0.940902,0.001867,0.04038,2,0,0,0,0.573044
328,BS_0,BS,0.666926,0.851238,0.305077,0.323311,1,1,1,1,0.218619
328,BS_1,BS,0.63414,0.847329,0.355486,0.330503,1,1,1,1,0.0
328,BS_2,BS,0.712516,0.852003,0.238952,0.200261,1,1,1,2,0.310884
328,BS_3,BS,0.604957,0.832075,0.402598,0.297396,1,1,1,3,0.618277
328,BS_4,BS,0.664049,0.83009,0.309399,0.236799,1,1,1,4,0.0
328,HAP_0,HAP,0.903154,0.949909,0.001863,0.029658,1,1,0,0,0.577837
328,HAP_1,HAP,0.73417,0.851277,0.209015,0.214755,1,1,1,5,0.319088
328,HAP_2,HAP,0.803807,0.931472,0.118397,0.04804,1,1,1,0,0.525462
328,LEO_0,LEO,0.779336,0.917793,0.149313,0.090837,1,1,1,0,0.319567
328,LEO_1,LEO,0.756447,0.933428,0.179123,0.046742,1,1,1,0,0.922458
329,BS_0,BS,0.737115,0.861328,0.205011,0.277562,1,1,1,1,0.0
329,BS_1,BS,0.705287,0.856153,0.249151,0.292337,1,1,1,1,0.0
329,BS_2,BS,0.456994,0.835702,0.683086,0.370181,1,1,1,1,0.0
329,BS_3,BS,0.762772,0.841441,0.170796,0.251044,1,1,1,3,0.0
329,BS_4,BS,0.649365,0.829167,0.331761,0.238969,1,1,1,6,0.0
329,HAP_0,HAP,0.599163,0.923442,0.412222,0.100194,1,1,1,0,1.329876
329,HAP_1,HAP,0.736894,0.854408,0.205311,0.190773,1,1,1,4,0.0
329,HAP_2,HAP,0.568396,0.904114,0.464936,0.135707,1,1,1,0,1.548954
329,LEO_0,LEO,0.787166,0.928057,0.039316,0.073365,2,0,0,0,0.378336
329,LEO_1,LEO,0.691586,0.92664,0.268768,0.0699,1,1,1,0,0.283476
330,BS_0,BS,0.732424,0.86863,0.211396,0.242159,1,1,1,1,0.212471
330,BS_1,BS,0.705293,0.861776,0.249142,0.261802,1,1,1,1,0.293341
330,BS_2,BS,0.491982,0.819019,0.609312,0.463213,1,1,1,3,0.687822
330,BS_3,BS,0.75637,0.847605,0.179225,0.21529,1,1,1,3,0.750585
330,BS_4,BS,0.642525,0.827793,0.342349,0.243916,1,1,1,5,0.717758
330,HAP_0,HAP,0.690538,0.916076,0.270284,0.113029,1,1,1,0,0.513787
330,HAP_1,HAP,0.63743,0.850883,0.350311,0.207841,1,1,1,5,0.186217
330,HAP_2,HAP,0.599318,0.89298,0.411963,0.184937,1,1,1,0,0.369987
330,LEO_0,LEO,0.733952,0.937618,0.009311,0.058731,3,0,0,0,0.43814
330,LEO_1,LEO,0.778075,0.932708,0.050933,0.057088,2,0,0,0,0.593985
331,BS_0,BS,0.656974,0.865108,0.320112,0.239839,1,1,1,1,0.511613
331,BS_1,BS,0.673571,0.8621,0.295162,0.248646,1,1,1,1,0.29718
331,BS_2,BS,0.712212,0.828209,0.239379,0.396356,1,1,1,3,0.0
331,BS_3,BS,0.784274,0.854545,0.142997,0.181434,1,1,1,2,0.718067
331,BS_4,BS,0.641349,0.826584,0.344182,0.248441,1,1,1,4,0.334094
331,HAP_0,HAP,0.724109,0.915563,0.222813,0.112764,1,1,1,0,0.329643
331,HAP_1,HAP,0.817286,0.861311,0.101767,0.170933,1,1,1,4,0.250865
331,HAP_2,HAP,0.655873,0.893074,0.321789,0.194546,1,1,1,0,0.110476
331,LEO_0,LEO,0.783892,0.934924,0.143484,0.056249,1,1,1,0,0.713379
331,LEO_1,LEO,0.745074,0.926813,0.194272,0.062654,1,1,1,0,0.823489
332,BS_0,BS,0.555295,0.858382,0.488256,0.299149,1,1,1,1,0.0
332,BS_1,BS,0.560792,0.857062,0.478406,0.301909,1,1,1,1,0.0
332,BS_2,BS,0.763755,0.837868,0.169508,0.330015,1,1,1,2,0.348849
332,BS_3,BS,0.780037,0.860707,0.148413,0.155059,1,1,1,2,0.428144
332,BS_4,BS,0.629046,0.824454,0.363551,0.258229,1,1,1,7,0.0
332,HAP_0,HAP,0.81126,0.927165,0.009167,0.090249,2,0,0,0,0.493668
332,HAP_1,HAP,0.738145,0.862174,0.203614,0.155403,1,1,1,5,1.386582
332,HAP_2,HAP,0.899192,0.91121,0.006259,0.155654,1,1,1,0,0.309185
332,LEO_0,LEO,0.763503,0.934166,0.169838,0.05798,1,1,1,0,0.283828
332,LEO_1,LEO,0.806205,0.929142,0.115418,0.056118,1,1,1,0,0.480476
333,BS_0,BS,0.561635,0.848871,0.476903,0.341665,1,1,1,1,0.772678
333,BS_1,BS,0.596855,0.854184,0.416081,0.319433,1,1,1,1,0.276726
333,BS_2,BS,0.788341,0.847527,0.137825,0.27256,1,1,1,2,0.286415
333,BS_3,BS,0.687094,0.857244,0.275285,0.158149,1,1,1,3,0.59354
333,BS_4,BS,0.647078,0.824446,0.335288,0.257171,1,1,1,6,0.728478
333,HAP_0,HAP,0.709453,0.93389,0.043261,0.073041,3,0,0,0,0.537448
333,HAP_1,HAP,0.745113,0.863155,0.19422,0.141297,1,1,1,5,0.352826
333,HAP_2,HAP,0.76397,0.913383,0.169227,0.13741,1,1,1,0,0.607045
333,LEO_0,LEO,0.775237,0.940784,0.054586,0.047724,2,0,0,0,0.319619
333,LEO_1,LEO,0.743853,0.930391,0.095912,0.049034,2,0,0,0,0.761444
334,BS_0,BS,0.568394,0.84341,0.46494,0.370609,1,1,1,1,0.438097
334,BS_1,BS,0.49158,0.833997,0.61013,0.423062,1,1,1,1,0.706173
334,BS_2,BS,0.733088,0.851858,0.21049,0.237986,1,1,1,2,0.466812
334,BS_3,BS,0.720275,0.857147,0.228122,0.149937,1,1,1,3,0.528392
334,BS_4,BS,0.617572,0.821639,0.381959,0.271389,1,1,1,4,0.431385
334,HAP_0,HAP,0.659687,0.941795,0.01599,0.058548,4,0,0,0,0.413565
334,HAP_1,HAP,0.705288,0.860589,0.249148,0.140971,1,1,1,6,0.310583
334,HAP_2,HAP,0.793555,0.924377,0.031232,0.110367,2,0,0,0,0.421095
334,LEO_0,LEO,0.720011,0.946399,0.028488,0.038545,3,0,0,0,0.483116
334,LEO_1,LEO,0.783831,0.927816,0.143562,0.048502,1,1,1,0,0.806166
335,BS_0,BS,0.530991,0.832844,0.53301,0.424331,1,1,1,1,0.327285
335,BS_1,BS,0.580026,0.833777,0.444683,0.427434,1,1,1,1,0.264894
335,BS_2,BS,0.51857,0.840071,0.556681,0.329841,1,1,1,1,0.43818
335,BS_3,BS,0.633304,0.849317,0.356804,0.177239,1,1,1,2,0.680419
335,BS_4,BS,0.642832,0.821799,0.341872,0.269705,1,1,1,7,0.253393
335,HAP_0,HAP,0.853723,0.944477,0.058148,0.04836,1,1,0,0,0.574794
335,HAP_1,HAP,0.562171,0.848505,0.47595,0.214715,1,1,1,4,0.212191
335,HAP_2,HAP,0.719666,0.932406,0.028968,0.088671,3,0,0,0,0.558375
335,LEO_0,LEO,0.61766,0.94689,0.081817,0.033848,4,0,0,0,0.551955
335,LEO_1,LEO,0.80668,0.933688,0.014828,0.0389,2,0,0,0,0.762263
336,BS_0,BS,0.478807,0.826107,0.636458,0.521751,1,1,1,0,0.0
336,BS_1,BS,0.533159,0.82587,0.528935,0.467845,1,1,1,2,0.0
336,BS_2,BS,0.618159,0.842193,0.381009,0.329198,1,1,1,1,0.0
336,BS_3,BS,0.733008,0.851819,0.210599,0.161749,1,1,1,3,0.466288
336,BS_4,BS,0.641229,0.821777,0.344369,0.26913,1,1,1,4,0.0
336,HAP_0,HAP,0.776151,0.93878,0.153408,0.049278,1,1,1,0,0.812827
336,HAP_1,HAP,0.755498,0.858126,0.180378,0.186413,1,1,1,4,0.0
336,HAP_2,HAP,0.684011,0.920018,0.279781,0.106162,1,1,1,0,1.006074
336,LEO_0,LEO,0.893688,0.952862,0.012398,0.027148,1,1,0,0,0.355302
336,LEO_1,LEO,0.687969,0.933947,0.074012,0.033585,3,0,0,0,0.87844
337,BS_0,BS,0.690324,0.844253,0.270595,0.45035,1,1,1,0,0.0
337,BS_1,BS,0.756524,0.840603,0.179021,0.388698,1,1,1,2,0.0
337,BS_2,BS,0.507454,0.837653,0.578349,0.413878,1,1,1,0,0.0
337,BS_3,BS,0.634562,0.846663,0.354821,0.186054,1,1,1,2,0.418553
337,BS_4,BS,0.641871,0.82182,0.343368,0.26836,1,1,1,6,0.0
337,HAP_0,HAP,0.788321,0.937685,0.13785,0.047974,1,1,1,0,0.443663
337,HAP_1,HAP,0.617115,0.849568,0.382701,0.215037,1,1,1,5,0.367635
337,HAP_2,HAP,0.639964,0.912148,0.346344,0.138909,1,1,1,0,0.157706
337,LEO_0,LEO,0.589731,0.926239,0.428089,0.104185,1,1,1,0,1.19795
337,LEO_1,LEO,0.756087,0.931624,0.179599,0.041383,1,1,1,0,0.380726
338,BS_0,BS,0.411187,0.819356,0.788707,0.640207,1,1,1,1,0.385095
338,BS_1,BS,0.701703,0.845249,0.254245,0.340046,1,1,1,2,0.688544
338,BS_2,BS,0.557037,0.836003,0.485123,0.437007,1,1,1,1,0.0
338,BS_3,BS,0.709328,0.848024,0.243437,0.17551,1,1,1,3,0.573606
338,BS_4,BS,0.645685,0.822209,0.337443,0.265928,1,1,1,4,0.777123
338,HAP_0,HAP,0.766275,0.9397,0.066214,0.040352,2,0,0,0,0.682708
338,HAP_1,HAP,0.70035,0.849637,0.256175,0.201561,1,1,1,5,0.0
338,HAP_2,HAP,0.768378,0.920833,0.063474,0.11294,2,0,0,0,0.557461
338,LEO_0,LEO,0.635737,0.916027,0.35297,0.139413,1,1,1,0,0.214135
338,LEO_1,LEO,0.806135,0.931339,0.115504,0.03911,1,1,1,0,0.759749
339,BS_0,BS,0.56216,0.825182,0.47597,0.614112,1,1,1,0,0.0
339,BS_1,BS,0.673862,0.844873,0.29473,0.311127,1,1,1,2,0.418962
339,BS_2,BS,0.593379,0.836539,0.421922,0.429714,1,1,1,1,0.0
339,BS_3,BS,0.707753,0.848739,0.245661,0.167565,1,1,1,3,0.57639
339,BS_4,BS,0.64483,0.822441,0.338769,0.264387,1,1,1,5,0.343396
339,HAP_0,HAP,0.684129,0.940307,0.079609,0.035134,3,0,0,0,0.672654
339,HAP_1,HAP,0.639064,0.844808,0.34775,0.215668,1,1,1,5,0.300719
339,HAP_2,HAP,0.71561,0.929945,0.03462,0.090892,3,0,0,0,0.453582
339,LEO_0,LEO,0.76392,0.924859,0.069293,0.113691,2,0,0,0,0.381045
339,LEO_1,LEO,0.757109,0.92502,0.178248,0.045586,1,1,1,0,0.993866
340,BS_0,BS,0.576666,0.830071,0.450492,0.582614,1,1,1,1,0.0
340,BS_1,BS,0.690073,0.844913,0.270958,0.28194,1,1,1,2,0.711079
340,BS_2,BS,0.677172,0.842834,0.28983,0.381572,1,1,1,1,0.342036
340,BS_3,BS,0.640575,0.84328,0.345389,0.187734,1,1,1,3,0.743254
340,BS_4,BS,0.647923,0.822914,0.333983,0.261704,1,1,1,6,0.770157
340,HAP_0,HAP,0.623567,0.941341,0.072299,0.030459,4,0,0,0,0.653924
340,HAP_1,HAP,0.723185,0.847594,0.22409,0.195132,1,1,1,6,0.298488
340,HAP_2,HAP,0.654606,0.938764,0.023721,0.072966,4,0,0,0,0.355011
340,LEO_0,LEO,0.736594,0.934613,0.005719,0.090967,3,0,0,0,0.521204
340,LEO_1,LEO,0.718624,0.920825,0.230417,0.06036,1,1,1,0,0.436811
341,BS_0,BS,0.447675,0.812146,0.703688,0.68892,1,1,1,1,0.337043
341,BS_1,BS,0.811185,0.855421,0.109259,0.230924,1,1,1,2,0.211063
341,BS_2,BS,0.644064,0.842227,0.339957,0.357264,1,1,1,1,0.797998
341,BS_3,BS,0.635041,0.840981,0.354066,0.206601,1,1,1,2,0.379039
341,BS_4,BS,0.626547,0.821279,0.367531,0.270149,1,1,1,7,0.288034
341,HAP_0,HAP,0.883173,0.945773,0.024234,0.024631,1,1,0,0,0.566544
341,HAP_1,HAP,0.72486,0.850084,0.221777,0.178239,1,1,1,4,0.344696
341,HAP_2,HAP,0.901238,0.946588,0.003986,0.05838,1,1,0,0,0.428841
341,LEO_0,LEO,0.812519,0.934774,0.107616,0.077985,1,1,1,0,0.684132
341,LEO_1,LEO,0.804225,0.921762,0.117876,0.054541,1,1,1,0,0.84401
342,BS_0,BS,0.590413,0.820092,0.426934,0.633159,1,1,1,1,0.0
342,BS_1,BS,0.763694,0.859371,0.169588,0.197681,1,1,1,2,0.432239
342,BS_2,BS,0.575666,0.840253,0.452227,0.377841,1,1,1,1,0.0
342,BS_3,BS,0.786634,0.853349,0.139993,0.1741,1,1,1,2,0.0
342,BS_4,BS,0.648339,0.822023,0.333341,0.266122,1,1,1,7,0.0
342,HAP_0,HAP,0.765651,0.943329,0.167028,0.032259,1,1,1,0,0.262303
342,HAP_1,HAP,0.747509,0.85575,0.19101,0.159009,1,1,1,4,0.115166
342,HAP_2,HAP,0.559412,0.917032,0.480869,0.15076,1,1,1,0,1.318585
342,LEO_0,LEO,0.7813,0.930673,0.146796,0.072085,1,1,1,0,0.880807
342,LEO_1,LEO,0.812575,0.921872,0.107547,0.048837,1,1,1,0,0.939971
343,BS_0,BS,0.593266,0.82765,0.422113,0.586708,1,1,1,1,0.0
343,BS_1,BS,0.532257,0.845781,0.530628,0.28485,1,1,1,1,0.255212
343,BS_2,BS,0.612238,0.844361,0.390634,0.37094,1,1,1,1,0.0
343,BS_3,BS,0.719172,0.859514,0.229655,0.163013,1,1,1,2,0.233206
343,BS_4,BS,0.627714,0.820678,0.36567,0.273069,1,1,1,7,0.310868
343,HAP_0,HAP,0.787913,0.940517,0.138368,0.034423,1,1,1,0,0.648831
343,HAP_1,HAP,0.711491,0.855605,0.240392,0.153212,1,1,1,6,0.356549
343,HAP_2,HAP,0.76093,0.915888,0.173215,0.134109,1,1,1,0,0.633455
343,LEO_0,LEO,0.800671,0.931137,0.122305,0.0644,1,1,1,0,0.549459
343,LEO_1,LEO,0.773068,0.924431,0.057389,0.040552,2,0,0,0,0.975756
344,BS_0,BS,0.521203,0.822368,0.551615,0.606292,1,1,1,1,0.0
344,BS_1,BS,0.658629,0.850658,0.317594,0.273269,1,1,1,1,0.0
344,BS_2,BS,0.614952,0.846981,0.386211,0.363874,1,1,1,1,0.0
344,BS_3,BS,0.559971,0.844942,0.47987,0.234035,1,1,1,3,0.566582
344,BS_4,BS,0.647381,0.821453,0.334821,0.268902,1,1,1,6,0.0
344,HAP_0,HAP,0.761315,0.941532,0.072708,0.029917,2,0,0,0,0.668855
344,HAP_1,HAP,0.698394,0.854117,0.258972,0.152749,1,1,1,5,0.0
344,HAP_2,HAP,0.723365,0.914773,0.223842,0.129835,1,1,1,0,0.379727
344,LEO_0,LEO,0.581315,0.905295,0.442462,0.139617,1,1,1,0,1.481814
344,LEO_1,LEO,0.748802,0.922265,0.189281,0.048564,1,1,1,0,0.499795
345,BS_0,BS,0.638904,0.829423,0.348001,0.539531,1,1,1,1,0.565869
345,BS_1,BS,0.663929,0.852757,0.30958,0.261743,1,1,1,1,0.659862
345,BS_2,BS,0.599311,0.844077,0.411975,0.367475,1,1,1,1,0.616893
345,BS_3,BS,0.73299,0.848541,0.210624,0.207191,1,1,1,2,0.655469
345,BS_4,BS,0.647098,0.822047,0.335258,0.265701,1,1,1,6,0.57492
345,HAP_0,HAP,0.761407,0.934852,0.172587,0.037338,1,1,1,0,0.83924
345,HAP_1,HAP,0.585006,0.845803,0.436133,0.207795,1,1,1,5,0.0
345,HAP_2,HAP,0.808406,0.918189,0.112691,0.109583,1,1,1,0,0.745913
345,LEO_0,LEO,0.629931,0.896199,0.362145,0.170711,1,1,1,0,0.461772
345,LEO_1,LEO,0.811816,0.923185,0.108481,0.044147,1,1,1,0,0.866679
346,BS_0,BS,0.666263,0.840869,0.306071,0.47378,1,1,1,0,0.348381
346,BS_1,BS,0.499189,0.83354,0.594771,0.368583,1,1,1,3,0.316177
346,BS_2,BS,0.546305,0.843229,0.504577,0.408549,1,1,1,0,0.0
346,BS_3,BS,0.722074,0.85034,0.225628,0.188661,1,1,1,2,0.647158
346,BS_4,BS,0.647486,0.822558,0.334658,0.262959,1,1,1,6,0.0
346,HAP_0,HAP,0.805417,0.935144,0.116395,0.035967,1,1,1,0,0.518824
346,HAP_1,HAP,0.720199,0.848684,0.228227,0.189675,1,1,1,4,0.17365
346,HAP_2,HAP,0.787316,0.917586,0.139126,0.096376,1,1,1,0,0.905468
346,LEO_0,LEO,0.693707,0.897609,0.265706,0.168339,1,1,1,0,0.268367
346,LEO_1,LEO,0.780632,0.928611,0.047651,0.036339,2,0,0,0,0.681776
347,BS_0,BS,0.776523,0.856795,0.152929,0.389548,1,1,1,0,0.732853
347,BS_1,BS,0.710585,0.839998,0.241666,0.321148,1,1,1,2,0.0
347,BS_2,BS,0.731707,0.861489,0.212375,0.347136,1,1,1,0,0.0
347,BS_3,BS,0.61666,0.84259,0.383437,0.21709,1,1,1,1,0.67418
347,BS_4,BS,0.64387,0.822631,0.340258,0.262466,1,1,1,4,0.0
347,HAP_0,HAP,0.599264,0.911108,0.412053,0.105178,1,1,1,0,1.391664
347,HAP_1,HAP,0.723776,0.850698,0.223273,0.174173,1,1,1,5,0.358498
347,HAP_2,HAP,0.768645,0.918528,0.163125,0.089075,1,1,1,0,0.503715
347,LEO_0,LEO,0.816545,0.913681,0.002673,0.134674,2,0,0,0,0.445498
347,LEO_1,LEO,0.740633,0.926085,0.20025,0.047116,1,1,1,0,0.421659
348,BS_0,BS,0.846028,0.874128,0.067202,0.313671,1,1,1,0,0.741433
348,BS_1,BS,0.566174,0.836787,0.468854,0.355839,1,1,1,1,0.0
348,BS_2,BS,0.458415,0.842989,0.67998,0.485776,1,1,1,1,0.0
348,BS_3,BS,0.671874,0.841275,0.297684,0.213549,1,1,1,3,0.0
348,BS_4,BS,0.642973,0.822715,0.341653,0.2625,1,1,1,3,0.0
348,HAP_0,HAP,0.560298,0.89627,0.479286,0.187514,1,1,1,0,0.175233
348,HAP_1,HAP,0.706116,0.850709,0.247976,0.16701,1,1,1,6,0.393228
348,HAP_2,HAP,0.816674,0.923967,0.102516,0.07599,1,1,1,0,0.444277
348,LEO_0,LEO,0.664264,0.903559,0.309075,0.150727,1,1,1,0,0.999071
348,LEO_1,LEO,0.810892,0.930546,0.109621,0.043101,1,1,1,0,0.348438
349,BS_0,BS,0.780137,0.885534,0.148286,0.260832,1,1,1,0,0.427009
349,BS_1,BS,0.642401,0.844177,0.342543,0.337472,1,1,1,1,0.0
349,BS_2,BS,0.63138,0.847759,0.359847,0.446892,1,1,1,1,0.0
349,BS_3,BS,0.492093,0.825449,0.609087,0.337783,1,1,1,1,0.66668
349,BS_4,BS,0.650941,0.823434,0.329337,0.258808,1,1,1,4,0.327009
349,HAP_0,HAP,0.871501,0.908904,0.037538,0.150645,1,1,1,0,0.635986
349,HAP_1,HAP,0.688388,0.849169,0.273403,0.167245,1,1,1,5,0.359056
349,HAP_2,HAP,0.785186,0.931023,0.041834,0.061579,2,0,0,0,0.587368
349,LEO_0,LEO,0.672577,0.901584,0.296639,0.160179,1,1,1,0,0.212069
349,LEO_1,LEO,0.750299,0.926316,0.187283,0.050264,1,1,1,0,0.766791
350,BS_0,BS,0.818541,0.898601,0.100232,0.213186,1,1,1,0,0.354767
350,BS_1,BS,0.65137,0.849266,0.328678,0.318591,1,1,1,2,0.0
350,BS_2,BS,0.637273,0.853285,0.350557,0.412814,1,1,1,1,0.0
350,BS_3,BS,0.551632,0.816462,0.494875,0.380432,1,1,1,3,0.0
350,BS_4,BS,0.621114,0.821177,0.376241,0.270747,1,1,1,5,0.0
350,HAP_0,HAP,0.784913,0.910713,0.142183,0.129613,1,1,1,0,0.838479
350,HAP_1,HAP,0.473469,0.832252,0.647668,0.322559,1,1,1,4,0.0
350,HAP_2,HAP,0.735577,0.939487,0.0071,0.049286,3,0,0,0,0.472241
350,LEO_0,LEO,0.796242,0.915659,0.027852,0.128492,2,0,0,0,0.405507
350,LEO_1,LEO,0.812703,0.934399,0.007389,0.040236,2,0,0,0,0.604252
351,BS_0,BS,0.820529,0.910366,0.097806,0.174854,1,1,1,0,0.235436
351,BS_1,BS,0.474139,0.827367,0.646254,0.442812,1,1,1,3,0.545718
351,BS_2,BS,0.640045,0.861077,0.346217,0.384191,1,1,1,0,0.0
351,BS_3,BS,0.711461,0.823902,0.240434,0.33036,1,1,1,3,0.0
351,BS_4,BS,0.633709,0.820573,0.356165,0.273682,1,1,1,4,0.0
351,HAP_0,HAP,0.803237,0.915757,0.119105,0.110075,1,1,1,0,0.511334
351,HAP_1,HAP,0.784034,0.846003,0.143302,0.267288,1,1,1,5,0.130973
351,HAP_2,HAP,0.804723,0.937783,0.117257,0.045616,1,1,1,0,0.72376
351,LEO_0,LEO,0.796242,0.922419,0.127852,0.11015,1,1,1,0,0.206203
351,LEO_1,LEO,0.805092,0.932438,0.116799,0.038328,1,1,1,0,0.853923
352,BS_0,BS,0.816204,0.925122,0.003091,0.139887,2,0,0,0,0.307066
352,BS_1,BS,0.708112,0.834139,0.245154,0.381295,1,1,1,3,0.0
352,BS_2,BS,0.45619,0.839231,0.684845,0.518409,1,1,1,1,0.570949
352,BS_3,BS,0.684863,0.827442,0.278537,0.2992,1,1,1,3,0.302224
352,BS_4,BS,0.643031,0.820965,0.341562,0.271445,1,1,1,4,0.350285
352,HAP_0,HAP,0.787658,0.924841,0.038692,0.088733,2,0,0,0,0.53878
352,HAP_1,HAP,0.790719,0.856838,0.134812,0.222009,1,1,1,4,0.0
352,HAP_2,HAP,0.783728,0.93734,0.143693,0.045784,1,1,1,0,0.36373
352,LEO_0,LEO,0.808189,0.926642,0.11296,0.093862,1,1,1,0,0.503447
352,LEO_1,LEO,0.74237,0.933821,0.097908,0.034976,2,0,0,0,0.579976
353,BS_0,BS,0.63397,0.910477,0.355754,0.168862,1,1,1,0,0.959819
353,BS_1,BS,0.694821,0.836856,0.264101,0.336423,1,1,1,3,0.0
353,BS_2,BS,0.558353,0.834506,0.482763,0.519604,1,1,1,1,0.0
353,BS_3,BS,0.529702,0.820065,0.53544,0.368373,1,1,1,2,0.0
353,BS_4,BS,0.626651,0.81973,0.367366,0.277887,1,1,1,4,0.0
353,HAP_0,HAP,0.707101,0.930355,0.046582,0.071963,3,0,0,0,0.704244
353,HAP_1,HAP,0.728342,0.858076,0.216985,0.198794,1,1,1,4,0.302015
353,HAP_2,HAP,0.763649,0.939954,0.069647,0.03881,2,0,0,0,0.610882
353,LEO_0,LEO,0.771445,0.925176,0.15949,0.086536,1,1,1,0,0.708182
353,LEO_1,LEO,0.754177,0.931138,0.182128,0.042907,1,1,1,0,0.467538
354,BS_0,BS,0.816748,0.920991,0.002424,0.135092,2,0,0,0,0.698707
354,BS_1,BS,0.634758,0.833293,0.354511,0.325694,1,1,1,2,0.775676
354,BS_2,BS,0.629398,0.834039,0.362992,0.474977,1,1,1,1,0.690364
354,BS_3,BS,0.851001,0.842227,0.061342,0.296392,1,1,1,3,0.0
354,BS_4,BS,0.626749,0.818751,0.36721,0.282989,1,1,1,6,0.414502
354,HAP_0,HAP,0.652194,0.936204,0.027414,0.057909,4,0,0,0,0.636327
354,HAP_1,HAP,0.689457,0.857875,0.27185,0.192292,1,1,1,4,0.321162
354,HAP_2,HAP,0.718586,0.944983,0.030469,0.031466,3,0,0,0,0.50053
354,LEO_0,LEO,0.797633,0.928376,0.126107,0.076385,1,1,1,0,0.360586
354,LEO_1,LEO,0.79193,0.937875,0.033283,0.034824,2,0,0,0,0.505013
355,BS_0,BS,0.596882,0.898382,0.416035,0.185962,1,1,1,0,2.256539
355,BS_1,BS,0.721515,0.838066,0.226402,0.283621,1,1,1,3,0.0
355,BS_2,BS,0.524107,0.830103,0.54606,0.514163,1,1,1,1,0.0
355,BS_3,BS,0.670341,0.841755,0.299968,0.277605,1,1,1,2,1.208121
355,BS_4,BS,0.595199,0.814869,0.41886,0.305341,1,1,1,7,0.0
355,HAP_0,HAP,0.697675,0.931239,0.260001,0.076747,1,1,1,0,0.104611
355,HAP_1,HAP,0.557119,0.850684,0.484976,0.259674,1,1,1,3,0.0
355,HAP_2,HAP,0.628271,0.946432,0.064784,0.027061,4,0,0,0,0.579561
355,LEO_0,LEO,0.784583,0.934929,0.042603,0.061925,2,0,0,0,0.547009
355,LEO_1,LEO,0.802564,0.939365,0.119943,0.034333,1,1,1,0,0.341346
356,BS_0,BS,0.479951,0.877971,0.634071,0.32969,1,1,1,0,0.0
356,BS_1,BS,0.661872,0.83869,0.312684,0.270894,1,1,1,2,0.210065
356,BS_2,BS,0.591851,0.834221,0.4245,0.492421,1,1,1,1,0.0
356,BS_3,BS,0.807841,0.853955,0.113391,0.22787,1,1,1,2,0.0
356,BS_4,BS,0.648321,0.816893,0.333369,0.294283,1,1,1,7,0.0
356,HAP_0,HAP,0.794264,0.940722,0.030339,0.061812,2,0,0,0,0.253006
356,HAP_1,HAP,0.491887,0.830673,0.609506,0.374913,1,1,1,6,0.23395
356,HAP_2,HAP,0.880726,0.951235,0.027009,0.021977,1,1,0,0,0.394582
356,LEO_0,LEO,0.740643,0.943356,0.000236,0.04954,3,0,0,0,0.44125
356,LEO_1,LEO,0.508328,0.904147,0.576628,0.177092,1,1,1,0,1.563526
357,BS_0,BS,0.690548,0.885623,0.27027,0.296623,1,1,1,0,0.0
357,BS_1,BS,0.706663,0.844937,0.247202,0.244214,1,1,1,2,0.210631
357,BS_2,BS,0.50936,0.822573,0.5746,0.542511,1,1,1,1,0.439852
357,BS_3,BS,0.75291,0.857607,0.18381,0.1975,1,1,1,2,1.171414
357,BS_4,BS,0.645177,0.818221,0.338231,0.286907,1,1,1,5,0.324456
357,HAP_0,HAP,0.785877,0.939102,0.140955,0.05839,1,1,1,0,0.56606
357,HAP_1,HAP,0.725922,0.8374,0.220312,0.321773,1,1,1,6,0.0
357,HAP_2,HAP,0.542738,0.918282,0.511129,0.135146,1,1,1,0,1.397499
357,LEO_0,LEO,0.762106,0.937233,0.171669,0.052894,1,1,1,0,0.779638
357,LEO_1,LEO,0.658231,0.897981,0.318199,0.187236,1,1,1,0,0.46191
358,BS_0,BS,0.757143,0.893784,0.178203,0.251589,1,1,1,0,0.489278
358,BS_1,BS,0.65343,0.842182,0.32552,0.243055,1,1,1,3,0.707961
358,BS_2,BS,0.691743,0.83159,0.268541,0.46646,1,1,1,1,0.339318
358,BS_3,BS,0.742854,0.859344,0.197256,0.175509,1,1,1,3,0.402248
358,BS_4,BS,0.647659,0.819513,0.33439,0.279843,1,1,1,6,0.696953
358,HAP_0,HAP,0.765525,0.941647,0.067193,0.048744,2,0,0,0,0.574954
358,HAP_1,HAP,0.691259,0.838981,0.26924,0.290039,1,1,1,6,0.103172
358,HAP_2,HAP,0.677257,0.911085,0.289705,0.145884,1,1,1,0,0.468931
358,LEO_0,LEO,0.794398,0.937292,0.130171,0.04994,1,1,1,0,0.406728
358,LEO_1,LEO,0.810045,0.906205,0.110666,0.1553,1,1,1,0,0.536308
359,BS_0,BS,0.830143,0.905078,0.086157,0.204611,1,1,1,0,0.496899
359,BS_1,BS,0.720024,0.847031,0.228471,0.217933,1,1,1,3,0.0
359,BS_2,BS,0.546004,0.826781,0.505129,0.487988,1,1,1,0,0.763988
359,BS_3,BS,0.697901,0.856914,0.259677,0.170752,1,1,1,3,0.448063
359,BS_4,BS,0.639635,0.819799,0.346858,0.278014,1,1,1,6,0.0
359,HAP_0,HAP,0.658801,0.924922,0.317334,0.084311,1,1,1,0,1.029342
359,HAP_1,HAP,0.577073,0.833169,0.449787,0.32307,1,1,1,5,0.0
359,HAP_2,HAP,0.77733,0.919504,0.05189,0.117919,2,0,0,0,0.627249
359,LEO_0,LEO,0.805724,0.944038,0.016015,0.040067,2,0,0,0,0.487204
359,LEO_1,LEO,0.688372,0.898586,0.273425,0.157883,1,1,1,0,1.108115
360,BS_0,BS,0.87363,0.917962,0.035098,0.164243,1,1,1,0,0.379838
360,BS_1,BS,0.703281,0.847904,0.251998,0.202923,1,1,1,3,0.779157
360,BS_2,BS,0.666099,0.837913,0.306316,0.432614,1,1,1,0,0.437042
360,BS_3,BS,0.641691,0.850102,0.343649,0.189744,1,1,1,2,0.274745
360,BS_4,BS,0.63206,0.819313,0.358771,0.280334,1,1,1,7,0.581177
360,HAP_0,HAP,0.701584,0.920086,0.254414,0.096575,1,1,1,0,0.339513
360,HAP_1,HAP,0.695952,0.836581,0.262475,0.289458,1,1,1,6,0.167836
360,HAP_2,HAP,0.755633,0.920466,0.180199,0.108948,1,1,1,0,0.384402
360,LEO_0,LEO,0.6953,0.9454,0.063412,0.033863,3,0,0,0,0.632372
360,LEO_1,LEO,0.748995,0.90121,0.189023,0.142384,1,1,1,0,0.540329
361,BS_0,BS,0.50665,0.886775,0.579934,0.28274,1,1,1,0,2.417308
361,BS_1,BS,0.730976,0.850601,0.213374,0.182826,1,1,1,3,0.584249
361,BS_2,BS,0.486776,0.823235,0.619951,0.519044,1,1,1,1,0.546284
361,BS_3,BS,0.656854,0.847114,0.320293,0.19796,1,1,1,3,0.443512
361,BS_4,BS,0.632623,0.818978,0.35788,0.281902,1,1,1,6,0.78566
361,HAP_0,HAP,0.813869,0.930271,0.005956,0.077276,2,0,0,0,0.565291
361,HAP_1,HAP,0.687404,0.839323,0.274833,0.265556,1,1,1,4,0.125407
361,HAP_2,HAP,0.764866,0.928445,0.068054,0.089242,2,0,0,0,0.372491
361,LEO_0,LEO,0.611261,0.947095,0.092231,0.030919,4,0,0,0,0.310755
361,LEO_1,LEO,0.780483,0.907431,0.147842,0.123743,1,1,1,0,0.425398
362,BS_0,BS,0.51344,0.872863,0.566622,0.37067,1,1,1,0,0.0
362,BS_1,BS,0.692116,0.849416,0.268001,0.178582,1,1,1,2,0.547965
362,BS_2,BS,0.531587,0.822922,0.531888,0.542542,1,1,1,1,0.0
362,BS_3,BS,0.706033,0.848055,0.248093,0.186066,1,1,1,3,0.709109
362,BS_4,BS,0.624327,0.817917,0.371081,0.287487,1,1,1,8,0.0
362,HAP_0,HAP,0.702546,0.919888,0.253045,0.090635,1,1,1,0,1.007268
362,HAP_1,HAP,0.718919,0.842968,0.230006,0.236251,1,1,1,5,0.0
362,HAP_2,HAP,0.770103,0.925798,0.161231,0.083092,1,1,1,0,0.814405
362,LEO_0,LEO,0.742406,0.943698,0.197859,0.042352,1,1,1,0,0.171069
362,LEO_1,LEO,0.790905,0.910741,0.134578,0.107145,1,1,1,0,0.774437
363,BS_0,BS,0.794643,0.884291,0.129863,0.304125,1,1,1,0,0.711955
363,BS_1,BS,0.619829,0.84322,0.378312,0.20727,1,1,1,2,0.667457
363,BS_2,BS,0.566575,0.825217,0.468145,0.532656,1,1,1,1,0.221709
363,BS_3,BS,0.710372,0.848976,0.241966,0.175199,1,1,1,3,0.712652
363,BS_4,BS,0.602114,0.814895,0.407308,0.304645,1,1,1,6,0.725448
363,HAP_0,HAP,0.787875,0.921295,0.138415,0.08113,1,1,1,0,0.560189
363,HAP_1,HAP,0.604569,0.836747,0.40324,0.262172,1,1,1,4,0.444742
363,HAP_2,HAP,0.768929,0.931014,0.062757,0.068246,2,0,0,0,0.550293
363,LEO_0,LEO,0.734347,0.9366,0.208774,0.053495,1,1,1,0,0.676328
363,LEO_1,LEO,0.761157,0.916399,0.072916,0.088108,2,0,0,0,0.799133
364,BS_0,BS,0.777115,0.894767,0.152167,0.253719,1,1,1,0,0.286747
364,BS_1,BS,0.766228,0.849877,0.166276,0.178257,1,1,1,2,0.435738
364,BS_2,BS,0.514005,0.816812,0.565523,0.570042,1,1,1,1,0.512758
364,BS_3,BS,0.56503,0.835938,0.470877,0.239935,1,1,1,2,0.739899
364,BS_4,BS,0.648211,0.816904,0.333539,0.293778,1,1,1,6,0.223976
364,HAP_0,HAP,0.784321,0.923878,0.142937,0.074098,1,1,1,0,0.414971
364,HAP_1,HAP,0.779409,0.845758,0.14922,0.219758,1,1,1,5,0.366756
364,HAP_2,HAP,0.73705,0.928781,0.205099,0.073526,1,1,1,0,0.319028
364,LEO_0,LEO,0.796034,0.941966,0.028113,0.043152,2,0,0,0,0.557621
364,LEO_1,LEO,0.707422,0.924319,0.046127,0.071444,3,0,0,0,0.558676
365,BS_0,BS,0.821837,0.904606,0.096214,0.207141,1,1,1,0,0.591013
365,BS_1,BS,0.619359,0.845039,0.379071,0.207268,1,1,1,1,0.754681
365,BS_2,BS,0.620112,0.820969,0.377855,0.520282,1,1,1,1,0.643019
365,BS_3,BS,0.712636,0.839426,0.238784,0.217606,1,1,1,3,0.522897
365,BS_4,BS,0.64524,0.818235,0.338133,0.286472,1,1,1,7,0.553944
365,HAP_0,HAP,0.812221,0.933732,0.007983,0.059307,2,0,0,0,0.496825
365,HAP_1,HAP,0.742659,0.851876,0.197519,0.193362,1,1,1,5,0.270103
365,HAP_2,HAP,0.796888,0.937469,0.027042,0.05915,2,0,0,0,0.398615
365,LEO_0,LEO,0.674966,0.944178,0.093093,0.038421,3,0,0,0,0.335474
365,LEO_1,LEO,0.6414,0.930745,0.044103,0.058031,4,0,0,0,0.607114
366,BS_0,BS,0.887787,0.917111,0.019024,0.165876,1,1,1,0,0.54311
366,BS_1,BS,0.524749,0.828918,0.544835,0.299395,1,1,1,3,0.332155
366,BS_2,BS,0.541723,0.821124,0.513001,0.534652,1,1,1,1,0.0
366,BS_3,BS,0.722375,0.843028,0.225211,0.196909,1,1,1,3,0.248092
366,BS_4,BS,0.646077,0.819378,0.336837,0.280234,1,1,1,6,0.0
366,HAP_0,HAP,0.577638,0.908315,0.448808,0.138088,1,1,1,0,1.345581
366,HAP_1,HAP,0.721247,0.857362,0.226773,0.177832,1,1,1,3,0.173706
366,HAP_2,HAP,0.711129,0.942568,0.040902,0.048073,3,0,0,0,0.520767
366,LEO_0,LEO,0.760516,0.942317,0.173758,0.044323,1,1,1,0,0.22968
366,LEO_1,LEO,0.785785,0.931523,0.141072,0.05538,1,1,1,0,0.424536
367,BS_0,BS,0.556372,0.89184,0.486318,0.239128,1,1,1,0,1.447905
367,BS_1,BS,0.553772,0.825616,0.491003,0.348003,1,1,1,2,0.0
367,BS_2,BS,0.568758,0.822283,0.4643,0.52473,1,1,1,1,0.0
367,BS_3,BS,0.679488,0.842238,0.286416,0.194443,1,1,1,3,0.736754
367,BS_4,BS,0.647262,0.820402,0.335005,0.27469,1,1,1,7,0.0
367,HAP_0,HAP,0.698178,0.904588,0.259282,0.140723,1,1,1,0,0.519828
367,HAP_1,HAP,0.776268,0.867425,0.153258,0.152835,1,1,1,4,0.104371
367,HAP_2,HAP,0.652187,0.948481,0.027423,0.038797,4,0,0,0,0.367179
367,LEO_0,LEO,0.746567,0.943813,0.09227,0.03929,2,0,0,0,0.498095
367,LEO_1,LEO,0.816919,0.94002,0.002215,0.044306,2,0,0,0,0.517956
368,BS_0,BS,0.56844,0.881343,0.46486,0.288545,1,1,1,0,0.212981
368,BS_1,BS,0.810092,0.844852,0.110608,0.283908,1,1,1,2,0.0
368,BS_2,BS,0.678976,0.834482,0.287169,0.456894,1,1,1,2,0.0
368,BS_3,BS,0.481405,0.822937,0.631046,0.334753,1,1,1,1,0.730963
368,BS_4,BS,0.625998,0.819217,0.368409,0.280828,1,1,1,8,0.0
368,HAP_0,HAP,0.785717,0.910033,0.141159,0.121545,1,1,1,0,0.483277
368,HAP_1,HAP,0.708287,0.866699,0.244907,0.149259,1,1,1,3,0.342375
368,HAP_2,HAP,0.841104,0.948967,0.07304,0.033438,1,1,0,0,0.581169
368,LEO_0,LEO,0.772505,0.940071,0.158117,0.042682,1,1,1,0,0.573925
368,LEO_1,LEO,0.797218,0.937487,0.126627,0.04266,1,1,1,0,0.739816
369,BS_0,BS,0.657713,0.885088,0.318987,0.276625,1,1,1,0,0.0
369,BS_1,BS,0.600679,0.837499,0.409695,0.302659,1,1,1,3,0.29689
369,BS_2,BS,0.69246,0.845697,0.267504,0.397716,1,1,1,1,0.0
369,BS_3,BS,0.643077,0.823262,0.341491,0.320279,1,1,1,3,0.0
369,BS_4,BS,0.647756,0.820319,0.334241,0.274935,1,1,1,8,0.0
369,HAP_0,HAP,0.813075,0.921915,0.006932,0.097257,2,0,0,0,0.582697
369,HAP_1,HAP,0.752877,0.867819,0.183854,0.134618,1,1,1,4,0.524448
369,HAP_2,HAP,0.71069,0.935844,0.24152,0.053,1,1,1,0,0.968954
369,LEO_0,LEO,0.781563,0.943554,0.046459,0.035117,2,0,0,0,0.57705
369,LEO_1,LEO,0.805103,0.942682,0.016785,0.034255,2,0,0,0,0.614204
370,BS_0,BS,0.795557,0.896612,0.128713,0.228755,1,1,1,0,0.445712
370,BS_1,BS,0.692288,0.839174,0.267753,0.274388,1,1,1,3,0.0
370,BS_2,BS,0.455612,0.822223,0.686113,0.530011,1,1,1,2,0.5182
370,BS_3,BS,0.698405,0.831373,0.258956,0.2864,1,1,1,2,0.0
370,BS_4,BS,0.626916,0.819239,0.366942,0.280539,1,1,1,5,0.744128
370,HAP_0,HAP,0.818218,0.924394,0.100626,0.082362,1,1,1,0,0.745188
370,HAP_1,HAP,0.834736,0.876575,0.08064,0.110621,1,1,0,4,0.245698
370,HAP_2,HAP,0.811684,0.939913,0.008644,0.042433,2,0,0,0,0.8095
370,LEO_0,LEO,0.686812,0.944149,0.075694,0.030672,3,0,0,0,0.626301
370,LEO_1,LEO,0.706014,0.943985,0.04812,0.028446,3,0,0,0,0.751694
371,BS_0,BS,0.88662,0.913025,0.020338,0.18319,1,1,1,0,0.287119
371,BS_1,BS,0.680521,0.84161,0.284896,0.256035,1,1,1,3,0.0
371,BS_2,BS,0.851932,0.84284,0.060249,0.425642,1,1,1,2,0.0
371,BS_3,BS,0.755186,0.839911,0.180791,0.243828,1,1,1,3,0.611858
371,BS_4,BS,0.648318,0.820389,0.333374,0.274443,1,1,1,6,0.0
371,HAP_0,HAP,0.745422,0.918181,0.193805,0.082792,1,1,1,0,1.035702
371,HAP_1,HAP,0.713051,0.8724,0.238202,0.11403,1,1,1,4,0.669328
371,HAP_2,HAP,0.710367,0.941927,0.041974,0.034739,3,0,0,0,0.729464
371,LEO_0,LEO,0.633925,0.947789,0.055824,0.02594,4,0,0,0,0.368742
371,LEO_1,LEO,0.669543,0.948549,0.00116,0.022758,4,0,0,0,0.639303
372,BS_0,BS,0.505246,0.883612,0.582709,0.29935,1,1,1,0,1.404606
372,BS_1,BS,0.710805,0.847514,0.241357,0.231042,1,1,1,2,0.0
372,BS_2,BS,0.560013,0.831729,0.479796,0.444105,1,1,1,1,1.17537
372,BS_3,BS,0.709942,0.842507,0.242571,0.221541,1,1,1,3,0.331392
372,BS_4,BS,0.642716,0.820788,0.342053,0.272205,1,1,1,7,0.0
372,HAP_0,HAP,0.723544,0.915359,0.223594,0.088731,1,1,1,0,0.478657
372,HAP_1,HAP,0.704238,0.867968,0.25064,0.119493,1,1,1,4,0.727052
372,HAP_2,HAP,0.737843,0.936247,0.204024,0.046523,1,1,1,0,0.444601
372,LEO_0,LEO,0.869664,0.951429,0.039648,0.021459,1,1,0,0,0.448391
372,LEO_1,LEO,0.895027,0.95147,0.010902,0.01826,1,1,0,0,0.67518
373,BS_0,BS,0.540519,0.873607,0.515226,0.358936,1,1,1,0,0.0
373,BS_1,BS,0.720479,0.850881,0.227839,0.208193,1,1,1,2,0.533263
373,BS_2,BS,0.516295,0.817166,0.561077,0.496948,1,1,1,2,0.0
373,BS_3,BS,0.631175,0.839789,0.360171,0.235608,1,1,1,2,0.260917
373,BS_4,BS,0.625042,0.819434,0.369937,0.279348,1,1,1,6,0.0
373,HAP_0,HAP,0.779191,0.923619,0.0495,0.072087,2,0,0,0,0.568076
373,HAP_1,HAP,0.600374,0.859454,0.410202,0.171314,1,1,1,2,0.366728
373,HAP_2,HAP,0.751049,0.939449,0.086285,0.040569,2,0,0,0,0.420095
373,LEO_0,LEO,0.748829,0.942408,0.189245,0.033284,1,1,1,0,0.812027
373,LEO_1,LEO,0.752154,0.948132,0.084814,0.017845,2,0,0,0,0.826465
374,BS_0,BS,0.792631,0.885041,0.132397,0.295037,1,1,1,0,0.678367
374,BS_1,BS,0.793465,0.858132,0.131346,0.174318,1,1,1,3,0.671722
374,BS_2,BS,0.413322,0.801909,0.783528,0.67382,1,1,1,1,0.0
374,BS_3,BS,0.797766,0.849754,0.12594,0.195624,1,1,1,2,0.445269
374,BS_4,BS,0.648235,0.820537,0.333502,0.273529,1,1,1,4,0.0
374,HAP_0,HAP,0.677646,0.928443,0.08913,0.061245,3,0,0,0,0.495562
374,HAP_1,HAP,0.714318,0.860686,0.236426,0.162205,1,1,1,3,0.398406
374,HAP_2,HAP,0.678502,0.941939,0.087868,0.035929,3,0,0,0,0.434181
374,LEO_0,LEO,0.765099,0.944064,0.06775,0.028692,2,0,0,0,0.540089
374,LEO_1,LEO,0.685091,0.948304,0.078204,0.017028,3,0,0,0,0.489819
375,BS_0,BS,0.855728,0.900018,0.055802,0.237431,1,1,1,0,0.435798
375,BS_1,BS,0.857923,0.868373,0.053241,0.14073,1,1,0,3,0.693715
375,BS_2,BS,0.668709,0.818221,0.302406,0.580209,1,1,1,1,0.0
375,BS_3,BS,0.699029,0.849415,0.258062,0.186467,1,1,1,4,0.237705
375,BS_4,BS,0.647778,0.821377,0.334207,0.269086,1,1,1,7,0.0
375,HAP_0,HAP,0.666349,0.935867,0.005941,0.049012,4,0,0,0,0.688682
375,HAP_1,HAP,0.724117,0.865667,0.222802,0.152102,1,1,1,3,0.108897
375,HAP_2,HAP,0.791389,0.941857,0.133966,0.03682,1,1,1,0,0.348342
375,LEO_0,LEO,0.750453,0.94002,0.187078,0.038703,1,1,1,0,0.355947
375,LEO_1,LEO,0.764976,0.944405,0.167911,0.02631,1,1,1,0,0.38275
376,BS_0,BS,0.527315,0.874684,0.539957,0.321144,1,1,1,0,1.612431
376,BS_1,BS,0.718893,0.865908,0.230042,0.136398,1,1,1,3,1.377811
376,BS_2,BS,0.657539,0.830055,0.319251,0.510032,1,1,1,1,0.0
376,BS_3,BS,0.585913,0.842766,0.434583,0.234162,1,1,1,2,0.0
376,BS_4,BS,0.648239,0.822092,0.333496,0.265317,1,1,1,6,0.0
376,HAP_0,HAP,0.800565,0.936743,0.122437,0.045955,1,1,1,0,0.41232
376,HAP_1,HAP,0.758995,0.872284,0.175761,0.135583,1,1,1,2,0.360018
376,HAP_2,HAP,0.779649,0.945759,0.048912,0.030532,2,0,0,0,0.507576
376,LEO_0,LEO,0.780419,0.940791,0.147925,0.040809,1,1,1,0,0.19349
376,LEO_1,LEO,0.797839,0.948918,0.025849,0.021348,2,0,0,0,0.527823
377,BS_0,BS,0.505714,0.862253,0.581785,0.409228,1,1,1,0,0.0
377,BS_1,BS,0.679049,0.8615,0.287062,0.1462,1,1,1,2,0.541758
377,BS_2,BS,0.532961,0.82077,0.529307,0.5341,1,1,1,2,0.534984
377,BS_3,BS,0.678736,0.842823,0.287523,0.224531,1,1,1,4,0.0
377,BS_4,BS,0.643206,0.822196,0.341291,0.26467,1,1,1,7,0.0
377,HAP_0,HAP,0.657529,0.920478,0.319267,0.082633,1,1,1,0,1.105001
377,HAP_1,HAP,0.715736,0.873392,0.234443,0.1332,1,1,1,3,0.205988
377,HAP_2,HAP,0.711126,0.950708,0.040905,0.025179,3,0,0,0,0.310779
377,LEO_0,LEO,0.781078,0.946309,0.04708,0.033645,2,0,0,0,0.378678
377,LEO_1,LEO,0.724235,0.952769,0.022639,0.017309,3,0,0,0,0.499518
378,BS_0,BS,0.831048,0.881643,0.085067,0.330639,1,1,1,0,0.317334
378,BS_1,BS,0.809394,0.868023,0.111469,0.122552,1,1,1,3,0.534063
378,BS_2,BS,0.628399,0.820438,0.36458,0.487093,1,1,1,2,0.704893
378,BS_3,BS,0.695937,0.843681,0.262496,0.210632,1,1,1,3,0.23555
378,BS_4,BS,0.633754,0.821391,0.356095,0.268797,1,1,1,5,0.327839
378,HAP_0,HAP,0.80586,0.922366,0.115845,0.072146,1,1,1,0,0.639159
378,HAP_1,HAP,0.765089,0.878714,0.167764,0.119225,1,1,1,3,0.347746
378,HAP_2,HAP,0.614218,0.949953,0.087406,0.023581,4,0,0,0,0.585044
378,LEO_0,LEO,0.732896,0.938447,0.210752,0.046903,1,1,1,0,0.656814
378,LEO_1,LEO,0.802182,0.948516,0.120419,0.020373,1,1,1,0,0.68406
379,BS_0,BS,0.863122,0.899879,0.047199,0.265514,1,1,1,0,0.249002
379,BS_1,BS,0.77995,0.870609,0.148525,0.107968,1,1,1,2,0.347746
379,BS_2,BS,0.469036,0.812013,0.657077,0.583962,1,1,1,1,0.0
379,BS_3,BS,0.599715,0.837024,0.4113,0.244631,1,1,1,2,0.254236
379,BS_4,BS,0.647556,0.82204,0.33455,0.265403,1,1,1,5,0.300824
379,HAP_0,HAP,0.763739,0.922851,0.16953,0.07065,1,1,1,0,0.432119
379,HAP_1,HAP,0.639378,0.869607,0.347259,0.149645,1,1,1,3,0.211269
379,HAP_2,HAP,0.758239,0.942648,0.176757,0.032924,1,1,1,0,0.70446
379,LEO_0,LEO,0.7769,0.943076,0.052444,0.03876,2,0,0,0,0.418072
379,LEO_1,LEO,0.77777,0.948851,0.051325,0.017484,2,0,0,0,0.698469
380,BS_0,BS,0.471554,0.868279,0.651722,0.403545,1,1,1,0,1.563713
380,BS_1,BS,0.839129,0.876984,0.075391,0.088932,1,1,0,2,0.778254
380,BS_2,BS,0.429671,0.792261,0.744736,0.716754,1,1,1,2,0.0
380,BS_3,BS,0.724124,0.841603,0.222792,0.218041,1,1,1,2,0.0
380,BS_4,BS,0.636331,0.82151,0.352037,0.268091,1,1,1,7,0.0
380,HAP_0,HAP,0.801499,0.931307,0.021271,0.056723,2,0,0,0,0.590462
380,HAP_1,HAP,0.790876,0.877159,0.134614,0.12787,1,1,1,4,0.0
380,HAP_2,HAP,0.812657,0.947604,0.007446,0.026364,2,0,0,0,0.590709
380,LEO_0,LEO,0.682345,0.945439,0.08222,0.03405,3,0,0,0,0.397715
380,LEO_1,LEO,0.719907,0.951679,0.028633,0.014356,3,0,0,0,0.538333
381,BS_0,BS,0.771935,0.876909,0.158855,0.334191,1,1,1,0,0.709816
381,BS_1,BS,0.836327,0.881867,0.078736,0.073935,1,1,0,2,0.699297
381,BS_2,BS,0.727529,0.80619,0.218101,0.594809,1,1,1,2,0.632533
381,BS_3,BS,0.688944,0.841997,0.272596,0.207872,1,1,1,3,0.750526
381,BS_4,BS,0.646097,0.821999,0.336806,0.26552,1,1,1,6,0.224018
381,HAP_0,HAP,0.685219,0.936156,0.078017,0.048118,3,0,0,0,0.383604
381,HAP_1,HAP,0.78681,0.880542,0.139768,0.111087,1,1,1,3,0.39065
381,HAP_2,HAP,0.682152,0.945716,0.082503,0.024154,3,0,0,0,0.775412
381,LEO_0,LEO,0.806708,0.945863,0.114793,0.03317,1,1,1,0,0.347807
381,LEO_1,LEO,0.649257,0.952836,0.031927,0.011943,4,0,0,0,0.681866
382,BS_0,BS,0.686982,0.880473,0.275447,0.301495,1,1,1,0,0.361373
382,BS_1,BS,0.694688,0.874637,0.264292,0.090581,1,1,1,1,1.115797
382,BS_2,BS,0.553811,0.805344,0.490932,0.584304,1,1,1,1,0.631074
382,BS_3,BS,0.498423,0.828461,0.596305,0.326308,1,1,1,2,0.0
382,BS_4,BS,0.602165,0.818166,0.407224,0.28704,1,1,1,8,0.0
382,HAP_0,HAP,0.772947,0.936457,0.157545,0.049663,1,1,1,0,0.271723
382,HAP_1,HAP,0.753879,0.882528,0.182523,0.103861,1,1,1,4,0.367047
382,HAP_2,HAP,0.669936,0.95035,0.000573,0.019324,4,0,0,0,0.588063
382,LEO_0,LEO,0.753549,0.939024,0.182962,0.0416,1,1,1,0,0.746122
382,LEO_1,LEO,0.850698,0.95338,0.061698,0.011268,1,1,0,0,0.48361
383,BS_0,BS,0.800826,0.889866,0.122112,0.247906,1,1,1,0,0.785004
383,BS_1,BS,0.568149,0.856787,0.465372,0.169922,1,1,1,3,0.537475
383,BS_2,BS,0.444737,0.799628,0.710272,0.694462,1,1,1,0,0.0
383,BS_3,BS,0.652831,0.829311,0.326437,0.308999,1,1,1,3,0.0
383,BS_4,BS,0.644302,0.819158,0.339588,0.281526,1,1,1,8,0.0
383,HAP_0,HAP,0.769298,0.941006,0.062276,0.041476,2,0,0,0,0.477393
383,HAP_1,HAP,0.737865,0.884168,0.203995,0.101815,1,1,1,3,0.296219
383,HAP_2,HAP,0.790363,0.948014,0.135263,0.023692,1,1,1,0,0.364094
383,LEO_0,LEO,0.774873,0.938101,0.155056,0.044099,1,1,1,0,0.309562
383,LEO_1,LEO,0.783836,0.954065,0.043556,0.009868,2,0,0,0,0.623523
384,BS_0,BS,0.582053,0.871984,0.441194,0.285918,1,1,1,0,1.961663
384,BS_1,BS,0.719562,0.859211,0.229112,0.159559,1,1,1,3,0.0
384,BS_2,BS,0.536294,0.802626,0.523072,0.678692,1,1,1,1,0.0
384,BS_3,BS,0.694109,0.832767,0.265126,0.27883,1,1,1,3,0.583122
384,BS_4,BS,0.64658,0.820163,0.336059,0.276042,1,1,1,7,0.341969
384,HAP_0,HAP,0.696449,0.944685,0.061761,0.034897,3,0,0,0,0.441257
384,HAP_1,HAP,0.63655,0.874157,0.351693,0.137112,1,1,1,4,0.136584
384,HAP_2,HAP,0.783359,0.951868,0.044164,0.019831,2,0,0,0,0.382948
384,LEO_0,LEO,0.749266,0.939552,0.088661,0.038816,2,0,0,0,0.605816
384,LEO_1,LEO,0.695246,0.955023,0.063489,0.009708,3,0,0,0,0.401853
385,BS_0,BS,0.576139,0.865161,0.451406,0.32043,1,1,1,0,0.331878
385,BS_1,BS,0.633065,0.852342,0.357183,0.185058,1,1,1,1,0.760549
385,BS_2,BS,0.550821,0.801777,0.496346,0.653815,1,1,1,1,0.492818
385,BS_3,BS,0.616366,0.828224,0.383914,0.28939,1,1,1,2,0.560381
385,BS_4,BS,0.645099,0.820829,0.338351,0.27235,1,1,1,7,0.38508
385,HAP_0,HAP,0.813308,0.944261,0.106646,0.033036,1,1,1,0,0.52561
385,HAP_1,HAP,0.66324,0.871553,0.310619,0.153107,1,1,1,2,0.36233
385,HAP_2,HAP,0.687234,0.95356,0.075081,0.018402,3,0,0,0,0.331396
385,LEO_0,LEO,0.757673,0.934049,0.177503,0.045231,1,1,1,0,0.727516
385,LEO_1,LEO,0.81776,0.951057,0.101187,0.012374,1,1,1,0,0.750762
386,BS_0,BS,0.621754,0.868547,0.375211,0.319696,1,1,1,0,0.0
386,BS_1,BS,0.703433,0.853832,0.251782,0.176574,1,1,1,2,0.0
386,BS_2,BS,0.618035,0.81309,0.38121,0.588446,1,1,1,1,0.0
386,BS_3,BS,0.733231,0.837605,0.210294,0.251412,1,1,1,3,0.0
386,BS_4,BS,0.646543,0.821496,0.336115,0.268718,1,1,1,7,0.0
386,HAP_0,HAP,0.763641,0.937917,0.169658,0.039381,1,1,1,0,0.786894
386,HAP_1,HAP,0.627913,0.869666,0.365353,0.182553,1,1,1,3,0.0
386,HAP_2,HAP,0.63958,0.954771,0.046944,0.015713,4,0,0,0,0.571787
386,LEO_0,LEO,0.780437,0.937237,0.047902,0.037218,2,0,0,0,0.717453
386,LEO_1,LEO,0.792657,0.951832,0.032365,0.010371,2,0,0,0,0.711748
387,BS_0,BS,0.869329,0.889641,0.040033,0.256478,1,1,1,0,0.322616
387,BS_1,BS,0.680701,0.851401,0.284631,0.177716,1,1,1,3,0.757344
387,BS_2,BS,0.629804,0.824289,0.362347,0.52984,1,1,1,0,0.418774
387,BS_3,BS,0.562663,0.831599,0.475074,0.302693,1,1,1,1,0.523367
387,BS_4,BS,0.647274,0.822098,0.334986,0.265472,1,1,1,8,0.345291
387,HAP_0,HAP,0.784804,0.941625,0.042321,0.032311,2,0,0,0,0.588297
387,HAP_1,HAP,0.584493,0.859101,0.437011,0.231983,1,1,1,4,0.325815
387,HAP_2,HAP,0.833458,0.953098,0.082172,0.015609,1,1,0,0,0.59208
387,LEO_0,LEO,0.69887,0.940757,0.05829,0.031303,3,0,0,0,0.513693
387,LEO_1,LEO,0.801287,0.94941,0.121536,0.014943,1,1,1,0,0.418637
388,BS_0,BS,0.797622,0.899579,0.12612,0.21234,1,1,1,0,0.500925
388,BS_1,BS,0.700371,0.850835,0.256146,0.171697,1,1,1,2,0.424568
388,BS_2,BS,0.55061,0.824056,0.496729,0.534905,1,1,1,1,0.0
388,BS_3,BS,0.535382,0.819797,0.524775,0.366079,1,1,1,3,0.0
388,BS_4,BS,0.620171,0.820013,0.377761,0.276594,1,1,1,6,0.78844
388,HAP_0,HAP,0.730659,0.945875,0.013809,0.025935,3,0,0,0,0.670353
388,HAP_1,HAP,0.56799,0.845259,0.465652,0.283161,1,1,1,4,0.351757
388,HAP_2,HAP,0.777693,0.953079,0.051423,0.013677,2,0,0,0,0.644473
388,LEO_0,LEO,0.607017,0.941733,0.099198,0.029471,4,0,0,0,0.476812
388,LEO_1,LEO,0.781605,0.950919,0.046406,0.012924,2,0,0,0,0.608936
389,BS_0,BS,0.782953,0.904624,0.144682,0.179292,1,1,1,0,0.680617
389,BS_1,BS,0.674941,0.848901,0.293129,0.176024,1,1,1,2,0.475857
389,BS_2,BS,0.616233,0.829005,0.384131,0.494324,1,1,1,1,0.2705
389,BS_3,BS,0.49872,0.810836,0.59571,0.452555,1,1,1,1,0.602233
389,BS_4,BS,0.646368,0.820827,0.336386,0.272195,1,1,1,5,0.691725
389,HAP_0,HAP,0.65777,0.949046,0.0189,0.020908,4,0,0,0,0.650115
389,HAP_1,HAP,0.791692,0.853408,0.133583,0.234558,1,1,1,4,0.34913
389,HAP_2,HAP,0.70485,0.953188,0.04977,0.012056,3,0,0,0,0.628253
389,LEO_0,LEO,0.844662,0.94388,0.068818,0.025708,1,1,0,0,0.549115
389,LEO_1,LEO,0.723739,0.953858,0.023324,0.010584,3,0,0,0,0.539141
390,BS_0,BS,0.663539,0.903818,0.310168,0.186726,1,1,1,0,0.0
390,BS_1,BS,0.690321,0.848049,0.270598,0.17377,1,1,1,3,0.0
390,BS_2,BS,0.633809,0.8356,0.356007,0.452493,1,1,1,1,0.0
390,BS_3,BS,0.636307,0.818091,0.352074,0.417824,1,1,1,2,0.0
390,BS_4,BS,0.634676,0.820383,0.354641,0.274353,1,1,1,7,0.0
390,HAP_0,HAP,0.817825,0.947883,0.101106,0.021327,1,1,1,0,0.497887
390,HAP_1,HAP,0.790644,0.861194,0.134908,0.195837,1,1,1,4,0.302237
390,HAP_2,HAP,0.662321,0.956468,0.012005,0.00971,4,0,0,0,0.513045
390,LEO_0,LEO,0.731511,0.933572,0.212643,0.040914,1,1,1,0,0.962235
390,LEO_1,LEO,0.610266,0.953735,0.09386,0.012431,4,0,0,0,0.328076
391,BS_0,BS,0.794649,0.915009,0.129854,0.156968,1,1,1,0,0.0
391,BS_1,BS,0.708191,0.84877,0.245042,0.166036,1,1,1,3,0.0
391,BS_2,BS,0.649345,0.840963,0.33179,0.411532,1,1,1,1,0.0
391,BS_3,BS,0.674795,0.83044,0.293346,0.372983,1,1,1,1,0.0
391,BS_4,BS,0.646007,0.82109,0.336944,0.270571,1,1,1,7,0.0
391,HAP_0,HAP,0.550021,0.915381,0.497798,0.128573,1,1,1,0,1.632436
391,HAP_1,HAP,0.843156,0.871289,0.070604,0.158913,1,1,1,4,0.288869
391,HAP_2,HAP,0.904341,0.959591,0.000549,0.007768,1,1,0,0,0.559748
391,LEO_0,LEO,0.817121,0.934134,0.101968,0.03741,1,1,1,0,0.606401
391,LEO_1,LEO,0.880669,0.955829,0.027073,0.010275,1,1,0,0,0.598769
392,BS_0,BS,0.77636,0.919878,0.153139,0.136128,1,1,1,0,0.361264
392,BS_1,BS,0.669151,0.845917,0.301745,0.173802,1,1,1,3,0.0
392,BS_2,BS,0.720998,0.853124,0.227119,0.352438,1,1,1,1,0.0
392,BS_3,BS,0.644887,0.834784,0.33868,0.350003,1,1,1,2,0.0
392,BS_4,BS,0.648256,0.821864,0.33347,0.266498,1,1,1,7,0.0
392,HAP_0,HAP,0.498159,0.893883,0.596837,0.263154,1,1,1,0,0.0
392,HAP_1,HAP,0.731111,0.869554,0.213189,0.147582,1,1,1,4,0.283832
392,HAP_2,HAP,0.546573,0.924318,0.504088,0.120562,1,1,1,0,1.988194
392,LEO_0,LEO,0.769548,0.933107,0.161952,0.041731,1,1,1,0,0.395165
392,LEO_1,LEO,0.775658,0.947657,0.154043,0.018898,1,1,1,0,0.832099
393,BS_0,BS,0.745363,0.918879,0.193884,0.125818,1,1,1,0,0.600202
393,BS_1,BS,0.645506,0.841472,0.33772,0.190366,1,1,1,3,0.595501
393,BS_2,BS,0.625228,0.850189,0.369638,0.343435,1,1,1,1,0.329089
393,BS_3,BS,0.563765,0.825591,0.473117,0.38073,1,1,1,3,0.668491
393,BS_4,BS,0.621422,0.819946,0.375745,0.276731,1,1,1,7,0.401036
393,HAP_0,HAP,0.899146,0.910421,0.00631,0.210541,1,1,1,0,0.473131
393,HAP_1,HAP,0.673061,0.865478,0.295919,0.157472,1,1,1,4,0.298105
393,HAP_2,HAP,0.725206,0.917898,0.2213,0.118487,1,1,1,0,0.707038
393,LEO_0,LEO,0.763543,0.936283,0.069786,0.035576,2,0,0,0,0.63983
393,LEO_1,LEO,0.760507,0.945291,0.07377,0.017567,2,0,0,0,0.856915
394,BS_0,BS,0.764227,0.917628,0.168891,0.11349,1,1,1,0,0.782945
394,BS_1,BS,0.683125,0.84154,0.281077,0.187845,1,1,1,3,0.0
394,BS_2,BS,0.732733,0.859668,0.210974,0.294778,1,1,1,1,0.0
394,BS_3,BS,0.748594,0.835501,0.189559,0.320754,1,1,1,3,0.0
394,BS_4,BS,0.644677,0.820617,0.339006,0.273101,1,1,1,8,0.0
394,HAP_0,HAP,0.512214,0.881334,0.569013,0.314132,1,1,1,0,1.903808
394,HAP_1,HAP,0.745678,0.870616,0.193462,0.14282,1,1,1,4,0.0
394,HAP_2,HAP,0.751083,0.916995,0.186239,0.110398,1,1,1,0,0.561622
394,LEO_0,LEO,0.724047,0.942341,0.022899,0.028697,3,0,0,0,0.513602
394,LEO_1,LEO,0.671467,0.944509,0.098291,0.018401,3,0,0,0,0.51819
395,BS_0,BS,0.770982,0.920064,0.16009,0.102325,1,1,1,0,0.37065
395,BS_1,BS,0.67343,0.840555,0.295371,0.189535,1,1,1,3,0.538455
395,BS_2,BS,0.63569,0.860391,0.353045,0.29191,1,1,1,1,0.357807
395,BS_3,BS,0.691276,0.837528,0.269216,0.289218,1,1,1,2,0.565617
395,BS_4,BS,0.647113,0.821379,0.335235,0.269053,1,1,1,8,0.23951
395,HAP_0,HAP,0.621993,0.877046,0.374826,0.314528,1,1,1,0,0.369969
395,HAP_1,HAP,0.733056,0.8703,0.210533,0.134201,1,1,1,4,0.322555
395,HAP_2,HAP,0.80531,0.925649,0.016528,0.088441,2,0,0,0,0.715693
395,LEO_0,LEO,0.808277,0.940441,0.112851,0.028688,1,1,1,0,0.699843
395,LEO_1,LEO,0.809589,0.9433,0.111229,0.020288,1,1,1,0,0.558455
396,BS_0,BS,0.817796,0.931086,0.001142,0.081861,2,0,0,0,0.501243
396,BS_1,BS,0.523023,0.829188,0.54813,0.286829,1,1,1,2,0.0
396,BS_2,BS,0.605674,0.857077,0.401413,0.306038,1,1,1,1,0.303805
396,BS_3,BS,0.767208,0.845178,0.164997,0.243625,1,1,1,2,0.671862
396,BS_4,BS,0.648338,0.822103,0.333343,0.265245,1,1,1,8,0.0
396,HAP_0,HAP,0.711375,0.884155,0.240556,0.277663,1,1,1,0,0.242721
396,HAP_1,HAP,0.777859,0.872455,0.15121,0.11765,1,1,1,4,0.452559
396,HAP_2,HAP,0.708262,0.930442,0.044941,0.071662,3,0,0,0,0.748801
396,LEO_0,LEO,0.809644,0.945528,0.01116,0.023007,2,0,0,0,0.602867
396,LEO_1,LEO,0.691727,0.928531,0.268564,0.048688,1,1,1,0,1.108576
397,BS_0,BS,0.81784,0.932373,0.101088,0.070087,1,1,1,0,0.681347
397,BS_1,BS,0.792997,0.84525,0.131936,0.237297,1,1,1,2,0.0
397,BS_2,BS,0.546307,0.844525,0.504574,0.359398,1,1,1,1,0.434778
397,BS_3,BS,0.71449,0.846983,0.236186,0.220003,1,1,1,3,0.329995
397,BS_4,BS,0.624228,0.820408,0.371239,0.274215,1,1,1,9,0.57915
397,HAP_0,HAP,0.877595,0.901262,0.03057,0.222551,1,1,1,0,0.452345
397,HAP_1,HAP,0.788182,0.87474,0.138027,0.102693,1,1,1,4,0.552608
397,HAP_2,HAP,0.625506,0.932456,0.069194,0.059484,4,0,0,0,0.783622
397,LEO_0,LEO,0.717633,0.948669,0.031796,0.01886,3,0,0,0,0.576823
397,LEO_1,LEO,0.672344,0.920271,0.296985,0.07864,1,1,1,0,0.341964
398,BS_0,BS,0.586968,0.907313,0.432785,0.140356,1,1,1,0,1.416574
398,BS_1,BS,0.639434,0.841333,0.347172,0.244075,1,1,1,3,0.748571
398,BS_2,BS,0.678124,0.849772,0.288425,0.324953,1,1,1,1,0.0
398,BS_3,BS,0.699628,0.847156,0.257206,0.205772,1,1,1,3,0.0
398,BS_4,BS,0.647934,0.821288,0.333966,0.269562,1,1,1,9,0.0
398,HAP_0,HAP,0.506313,0.873328,0.5806,0.329734,1,1,1,0,2.425206
398,HAP_1,HAP,0.634171,0.867124,0.355437,0.139006,1,1,1,3,0.372098
398,HAP_2,HAP,0.866693,0.93732,0.04307,0.048422,1,1,0,0,0.564031
398,LEO_0,LEO,0.756863,0.944577,0.178573,0.029438,1,1,1,0,0.309355
398,LEO_1,LEO,0.809455,0.925578,0.111394,0.068496,1,1,1,0,0.375981
399,BS_0,BS,0.693232,0.902543,0.266391,0.144219,1,1,1,0,0.600084
399,BS_1,BS,0.50281,0.830212,0.587542,0.350603,1,1,1,1,0.0
399,BS_2,BS,0.620434,0.852462,0.377336,0.324035,1,1,1,1,0.0
399,BS_3,BS,0.62809,0.843123,0.365071,0.224592,1,1,1,3,0.0
399,BS_4,BS,0.62434,0.819767,0.37106,0.277608,1,1,1,6,0.0
399,HAP_0,HAP,0.629969,0.871264,0.362085,0.322784,1,1,1,0,0.387934
399,HAP_1,HAP,0.658336,0.866459,0.318039,0.156721,1,1,1,3,0.156765
399,HAP_2,HAP,0.64441,0.918209,0.339421,0.090581,1,1,1,0,1.258695
399,LEO_0,LEO,0.718529,0.93419,0.23055,0.047469,1,1,1,0,0.863642
399,LEO_1,LEO,0.661834,0.912718,0.312741,0.09881,1,1,1,0,1.023642
400,BS_0,BS,0.707464,0.902837,0.246069,0.142622,1,1,1,0,0.370957
400,BS_1,BS,0.815542,0.84963,0.103902,0.28534,1,1,1,3,0.0
400,BS_2,BS,0.637256,0.854423,0.350583,0.314537,1,1,1,1,0.375961
400,BS_3,BS,0.688143,0.845663,0.273759,0.213399,1,1,1,2,0.249257
400,BS_4,BS,0.552588,0.811225,0.493142,0.331522,1,1,1,3,0.46768
400,HAP_0,HAP,0.891546,0.889587,0.014798,0.258326,1,1,1,0,0.675297
400,HAP_1,HAP,0.610401,0.857361,0.393639,0.195105,1,1,1,4,0.206535
400,HAP_2,HAP,0.674558,0.911087,0.293698,0.111281,1,1,1,0,0.450215
400,LEO_0,LEO,0.741059,0.935921,0.099675,0.042446,2,0,0,0,0.490445
400,LEO_1,LEO,0.682363,0.909434,0.282193,0.114883,1,1,1,0,0.25162
401,BS_0,BS,0.801118,0.907968,0.121747,0.120768,1,1,1,0,0.763805
401,BS_1,BS,0.741063,0.856818,0.19967,0.246213,1,1,1,2,0.295598
401,BS_2,BS,0.567606,0.85223,0.466328,0.349487,1,1,1,1,0.0
401,BS_3,BS,0.701798,0.846802,0.254109,0.199776,1,1,1,3,0.0
401,BS_4,BS,0.599927,0.809323,0.410948,0.341212,1,1,1,7,0.0
401,HAP_0,HAP,0.717281,0.887666,0.232288,0.230942,1,1,1,0,1.094779
401,HAP_1,HAP,0.849458,0.871261,0.063156,0.157879,1,1,1,4,0.160003
401,HAP_2,HAP,0.773644,0.915081,0.156643,0.100066,1,1,1,0,0.402239
401,LEO_0,LEO,0.676862,0.928727,0.290288,0.071877,1,1,1,0,0.187716
401,LEO_1,LEO,0.747975,0.918824,0.090385,0.095582,2,0,0,0,0.317248
402,BS_0,BS,0.580903,0.886505,0.443171,0.184995,1,1,1,0,1.484986
402,BS_1,BS,0.581565,0.844751,0.442033,0.284897,1,1,1,3,0.0
402,BS_2,BS,0.562727,0.849812,0.474961,0.381104,1,1,1,1,0.0
402,BS_3,BS,0.715865,0.849203,0.234263,0.184516,1,1,1,2,0.0
402,BS_4,BS,0.648043,0.812431,0.333799,0.32311,1,1,1,7,0.0
402,HAP_0,HAP,0.679149,0.887853,0.286915,0.221798,1,1,1,0,0.381488
402,HAP_1,HAP,0.618175,0.859983,0.380983,0.19162,1,1,1,5,1.084957
402,HAP_2,HAP,0.743707,0.922881,0.096108,0.08421,2,0,0,0,0.317492
402,LEO_0,LEO,0.787787,0.936629,0.038527,0.05817,2,0,0,0,0.440293
402,LEO_1,LEO,0.689019,0.927142,0.072487,0.07883,3,0,0,0,0.363538
403,BS_0,BS,0.635267,0.881337,0.35371,0.204296,1,1,1,0,0.498533
403,BS_1,BS,0.702669,0.845793,0.25287,0.256692,1,1,1,3,0.33896
403,BS_2,BS,0.710744,0.859741,0.241442,0.331116,1,1,1,0,0.615945
403,BS_3,BS,0.682508,0.847607,0.281981,0.183394,1,1,1,3,0.523989
403,BS_4,BS,0.619466,0.812211,0.378897,0.323091,1,1,1,4,0.351057
403,HAP_0,HAP,0.864803,0.90232,0.045253,0.17836,1,1,1,0,0.529245
403,HAP_1,HAP,0.560999,0.849761,0.478036,0.256129,1,1,1,3,0.212024
403,HAP_2,HAP,0.707988,0.930046,0.045328,0.068292,3,0,0,0,0.606977
403,LEO_0,LEO,0.707064,0.927343,0.246634,0.073909,1,1,1,0,0.794273
403,LEO_1,LEO,0.806117,0.928394,0.115526,0.06907,1,1,1,0,0.70935
404,BS_0,BS,0.591499,0.878235,0.425095,0.244754,1,1,1,0,0.0
404,BS_1,BS,0.675176,0.8441,0.292782,0.243928,1,1,1,3,0.35119
404,BS_2,BS,0.500765,0.84287,0.591618,0.422398,1,1,1,1,0.555179
404,BS_3,BS,0.557816,0.838244,0.483726,0.252011,1,1,1,2,0.0
404,BS_4,BS,0.642073,0.814185,0.343053,0.311431,1,1,1,6,0.0
404,HAP_0,HAP,0.793902,0.906664,0.130795,0.150386,1,1,1,0,0.786908
404,HAP_1,HAP,0.7777,0.862177,0.151414,0.21522,1,1,1,3,0.0
404,HAP_2,HAP,0.659999,0.938013,0.015517,0.054742,4,0,0,0,0.498043
404,LEO_0,LEO,0.779451,0.92874,0.149165,0.069139,1,1,1,0,0.344061
404,LEO_1,LEO,0.772962,0.932359,0.057525,0.056745,2,0,0,0,0.703382
405,BS_0,BS,0.817595,0.89238,0.101389,0.200429,1,1,1,0,0.482397
405,BS_1,BS,0.649169,0.840363,0.332062,0.244762,1,1,1,3,0.307727
405,BS_2,BS,0.562511,0.840523,0.475345,0.439597,1,1,1,1,0.0
405,BS_3,BS,0.700172,0.84115,0.256429,0.231199,1,1,1,3,0.0
405,BS_4,BS,0.648344,0.816348,0.333333,0.299145,1,1,1,7,0.0
405,HAP_0,HAP,0.780753,0.911742,0.147496,0.130099,1,1,1,0,0.408862
405,HAP_1,HAP,0.749354,0.86742,0.188544,0.188173,1,1,1,5,0.278501
405,HAP_2,HAP,0.892045,0.944483,0.014238,0.043885,1,1,0,0,0.506824
405,LEO_0,LEO,0.7673,0.925993,0.164878,0.067545,1,1,1,0,0.783578
405,LEO_1,LEO,0.798766,0.930493,0.124687,0.052392,1,1,1,0,0.816403
406,BS_0,BS,0.496446,0.865062,0.600281,0.322495,1,1,1,0,1.844813
406,BS_1,BS,0.464161,0.821124,0.667525,0.396325,1,1,1,1,0.582804
406,BS_2,BS,0.588427,0.843105,0.430303,0.435,1,1,1,1,0.0
406,BS_3,BS,0.701508,0.842837,0.254523,0.214111,1,1,1,3,0.265781
406,BS_4,BS,0.648072,0.818053,0.333754,0.289442,1,1,1,6,0.391738
406,HAP_0,HAP,0.796954,0.918498,0.126958,0.111332,1,1,1,0,0.291247
406,HAP_1,HAP,0.753788,0.870847,0.182644,0.16555,1,1,1,5,0.156432
406,HAP_2,HAP,0.604593,0.920316,0.4032,0.108265,1,1,1,0,1.257965
406,LEO_0,LEO,0.779499,0.927474,0.149104,0.06404,1,1,1,0,0.369162
406,LEO_1,LEO,0.733892,0.927434,0.209393,0.061644,1,1,1,0,0.351848
407,BS_0,BS,0.60636,0.863013,0.400281,0.330097,1,1,1,0,0.306867
407,BS_1,BS,0.590783,0.817098,0.426307,0.398842,1,1,1,3,0.43171
407,BS_2,BS,0.513324,0.831715,0.566849,0.492593,1,1,1,1,0.350805
407,BS_3,BS,0.653234,0.840661,0.325819,0.21906,1,1,1,3,0.325562
407,BS_4,BS,0.635214,0.818215,0.353794,0.28788,1,1,1,6,0.424516
407,HAP_0,HAP,0.782875,0.929124,0.044782,0.089968,2,0,0,0,0.291437
407,HAP_1,HAP,0.787633,0.877672,0.138724,0.1411,1,1,1,4,0.172363
407,HAP_2,HAP,0.709497,0.91544,0.243199,0.113227,1,1,1,0,0.500634
407,LEO_0,LEO,0.812311,0.936803,0.007871,0.05126,2,0,0,0,0.478597
407,LEO_1,LEO,0.790576,0.934297,0.034994,0.049867,2,0,0,0,0.583858
408,BS_0,BS,0.712345,0.873426,0.239194,0.289824,1,1,1,0,0.20361
408,BS_1,BS,0.578094,0.815458,0.44802,0.409398,1,1,1,1,0.580835
408,BS_2,BS,0.580144,0.828608,0.44448,0.482978,1,1,1,2,0.0
408,BS_3,BS,0.735963,0.847669,0.206575,0.194451,1,1,1,3,0.227223
408,BS_4,BS,0.623433,0.817221,0.372514,0.292749,1,1,1,7,0.656621
408,HAP_0,HAP,0.672614,0.932397,0.096583,0.076172,3,0,0,0,0.563769
408,HAP_1,HAP,0.741849,0.884102,0.09861,0.117256,2,0,0,3,0.353428
408,HAP_2,HAP,0.806724,0.924294,0.014773,0.09068,2,0,0,0,0.740973
408,LEO_0,LEO,0.70779,0.9412,0.045608,0.041944,3,0,0,0,0.57064
408,LEO_1,LEO,0.676402,0.93559,0.090968,0.043617,3,0,0,0,0.659982
409,BS_0,BS,0.755594,0.881871,0.180251,0.24648,1,1,1,0,0.690956
409,BS_1,BS,0.678261,0.826747,0.288223,0.364901,1,1,1,1,0.0
409,BS_2,BS,0.735465,0.839439,0.207252,0.405711,1,1,1,2,0.0
409,BS_3,BS,0.773627,0.854242,0.156666,0.166606,1,1,1,3,0.499767
409,BS_4,BS,0.645488,0.818512,0.337749,0.285533,1,1,1,6,0.0
409,HAP_0,HAP,0.817867,0.937711,0.101056,0.065533,1,1,1,0,0.140183
409,HAP_1,HAP,0.746988,0.887284,0.191707,0.110343,1,1,1,3,0.0
409,HAP_2,HAP,0.58727,0.900065,0.43227,0.15663,1,1,1,0,1.942543
409,LEO_0,LEO,0.639245,0.946002,0.047468,0.034569,4,0,0,0,0.376067
409,LEO_1,LEO,0.628163,0.940523,0.064955,0.036792,4,0,0,0,0.346636
410,BS_0,BS,0.884199,0.898253,0.023074,0.197423,1,1,1,0,0.581091
410,BS_1,BS,0.526869,0.815284,0.540803,0.423531,1,1,1,2,0.0
410,BS_2,BS,0.657692,0.844943,0.319019,0.370367,1,1,1,2,0.0
410,BS_3,BS,0.76992,0.858807,0.161469,0.145017,1,1,1,2,0.388366
410,BS_4,BS,0.648279,0.819804,0.333434,0.278457,1,1,1,6,0.0
410,HAP_0,HAP,0.465103,0.89781,0.665497,0.251725,1,1,1,0,2.070206
410,HAP_1,HAP,0.688995,0.881348,0.272522,0.121695,1,1,1,3,0.258517
410,HAP_2,HAP,0.543565,0.884982,0.509605,0.242168,1,1,1,0,0.225828
410,LEO_0,LEO,0.720916,0.941755,0.227233,0.050891,1,1,1,0,0.073911
410,LEO_1,LEO,0.77483,0.940413,0.155112,0.040261,1,1,1,0,0.236063
411,BS_0,BS,0.553162,0.875904,0.492104,0.266914,1,1,1,0,1.760989
411,BS_1,BS,0.525161,0.812533,0.54405,0.472021,1,1,1,1,0.0
411,BS_2,BS,0.692405,0.852497,0.267584,0.328514,1,1,1,1,0.33563
411,BS_3,BS,0.673515,0.854351,0.295245,0.15524,1,1,1,2,0.775521
411,BS_4,BS,0.637092,0.819792,0.350842,0.278156,1,1,1,8,0.739279
411,HAP_0,HAP,0.562898,0.886457,0.474657,0.302765,1,1,1,0,0.103317
411,HAP_1,HAP,0.790734,0.886495,0.134794,0.105532,1,1,1,5,0.0
411,HAP_2,HAP,0.770296,0.894719,0.160981,0.205396,1,1,1,0,0.338613
411,LEO_0,LEO,0.809106,0.942922,0.111826,0.04634,1,1,1,0,0.436209
411,LEO_1,LEO,0.753573,0.935447,0.18293,0.047267,1,1,1,0,0.671032
412,BS_0,BS,0.633894,0.873014,0.355873,0.270522,1,1,1,0,0.46539
412,BS_1,BS,0.711688,0.825325,0.240115,0.403562,1,1,1,1,0.539786
412,BS_2,BS,0.639362,0.851451,0.347284,0.317084,1,1,1,2,0.525231
412,BS_3,BS,0.771135,0.865233,0.059892,0.125806,2,0,0,3,0.451691
412,BS_4,BS,0.64513,0.820536,0.338304,0.274027,1,1,1,5,0.608449
412,HAP_0,HAP,0.885687,0.903467,0.021392,0.242418,1,1,1,0,0.469112
412,HAP_1,HAP,0.662723,0.876413,0.311398,0.128061,1,1,1,5,0.260752
412,HAP_2,HAP,0.878475,0.909467,0.029568,0.16471,1,1,1,0,0.476568
412,LEO_0,LEO,0.784111,0.94766,0.043204,0.037912,2,0,0,0,0.416305
412,LEO_1,LEO,0.782293,0.939584,0.045525,0.038746,2,0,0,0,0.607561
413,BS_0,BS,0.694832,0.879102,0.264085,0.247801,1,1,1,0,0.274044
413,BS_1,BS,0.596549,0.823569,0.416593,0.400947,1,1,1,2,0.0
413,BS_2,BS,0.623898,0.851313,0.371768,0.315862,1,1,1,1,0.0
413,BS_3,BS,0.701295,0.861966,0.254827,0.129867,1,1,1,4,0.250916
413,BS_4,BS,0.644324,0.821055,0.339554,0.271105,1,1,1,6,0.0
413,HAP_0,HAP,0.72711,0.901893,0.218678,0.215453,1,1,1,0,0.859577
413,HAP_1,HAP,0.6256,0.868195,0.369044,0.163736,1,1,1,3,0.285383
413,HAP_2,HAP,0.712328,0.905187,0.239217,0.157519,1,1,1,0,0.890851
413,LEO_0,LEO,0.735313,0.954132,0.007459,0.030355,3,0,0,0,0.341469
413,LEO_1,LEO,0.69961,0.942015,0.057232,0.032471,3,0,0,0,0.626159
414,BS_0,BS,0.798672,0.893409,0.124805,0.20525,1,1,1,0,0.211407
414,BS_1,BS,0.713743,0.830282,0.237232,0.346083,1,1,1,2,0.351556
414,BS_2,BS,0.5356,0.83608,0.524368,0.376422,1,1,1,2,0.532768
414,BS_3,BS,0.705424,0.859649,0.248956,0.131784,1,1,1,4,0.255758
414,BS_4,BS,0.648201,0.821831,0.333554,0.26695,1,1,1,6,0.470124
414,HAP_0,HAP,0.805031,0.909151,0.116874,0.178509,1,1,1,0,0.474826
414,HAP_1,HAP,0.840962,0.87931,0.073208,0.133401,1,1,1,4,0.194073
414,HAP_2,HAP,0.794144,0.910962,0.13049,0.133678,1,1,1,0,0.468987
414,LEO_0,LEO,0.796484,0.950303,0.127548,0.031605,1,1,1,0,0.580039
414,LEO_1,LEO,0.656962,0.946744,0.020129,0.026159,4,0,0,0,0.5522
415,BS_0,BS,0.848907,0.907183,0.063806,0.166032,1,1,1,0,0.40484
415,BS_1,BS,0.704212,0.834492,0.250676,0.305144,1,1,1,1,0.748855
415,BS_2,BS,0.702547,0.844829,0.253043,0.329952,1,1,1,2,0.0
415,BS_3,BS,0.66964,0.854661,0.301015,0.146202,1,1,1,3,0.389759
415,BS_4,BS,0.631103,0.820848,0.360287,0.271973,1,1,1,7,0.404176
415,HAP_0,HAP,0.749493,0.914993,0.088358,0.146321,2,0,0,0,0.744553
415,HAP_1,HAP,0.715645,0.875203,0.234571,0.131481,1,1,1,3,0.732051
415,HAP_2,HAP,0.809934,0.922209,0.010803,0.106995,2,0,0,0,0.605051
415,LEO_0,LEO,0.766875,0.950367,0.065431,0.02721,2,0,0,0,0.609859
415,LEO_1,LEO,0.862026,0.949854,0.04847,0.021984,1,1,0,0,0.437492
416,BS_0,BS,0.768081,0.917433,0.063861,0.134661,2,0,0,0,0.467364
416,BS_1,BS,0.787131,0.844293,0.13936,0.252855,1,1,1,2,0.789667
416,BS_2,BS,0.631775,0.840539,0.359222,0.32203,1,1,1,2,0.760972
416,BS_3,BS,0.621554,0.846198,0.375533,0.180423,1,1,1,2,0.564788
416,BS_4,BS,0.647178,0.82157,0.335135,0.26812,1,1,1,8,0.0
416,HAP_0,HAP,0.723292,0.925216,0.023942,0.117315,3,0,0,0,0.492091
416,HAP_1,HAP,0.740366,0.876907,0.200611,0.123295,1,1,1,4,0.125591
416,HAP_2,HAP,0.700543,0.927825,0.055899,0.087002,3,0,0,0,0.675769
416,LEO_0,LEO,0.804032,0.950011,0.118116,0.028046,1,1,1,0,0.250738
416,LEO_1,LEO,0.753181,0.948847,0.083449,0.020721,2,0,0,0,0.63786
417,BS_0,BS,0.695194,0.927562,0.063565,0.109547,3,0,0,0,0.209279
417,BS_1,BS,0.614463,0.841946,0.387006,0.269682,1,1,1,1,0.392633
417,BS_2,BS,0.547734,0.835386,0.501966,0.37101,1,1,1,1,0.0
417,BS_3,BS,0.69807,0.847291,0.259436,0.174626,1,1,1,3,0.0
417,BS_4,BS,0.647291,0.822158,0.334959,0.264985,1,1,1,7,0.0
417,HAP_0,HAP,0.646206,0.931724,0.036636,0.094456,4,0,0,0,0.647787
417,HAP_1,HAP,0.60528,0.870493,0.402064,0.171381,1,1,1,2,0.11634
417,HAP_2,HAP,0.641418,0.933204,0.044074,0.070476,4,0,0,0,0.636685
417,LEO_0,LEO,0.509622,0.913403,0.574087,0.170746,1,1,1,0,1.440274
417,LEO_1,LEO,0.780862,0.943248,0.147357,0.026348,1,1,1,0,0.722759
418,BS_0,BS,0.665672,0.938212,0.006959,0.087659,4,0,0,0,0.3632
418,BS_1,BS,0.574625,0.833853,0.454037,0.308513,1,1,1,2,0.0
418,BS_2,BS,0.752751,0.849732,0.184021,0.312047,1,1,1,2,0.0
418,BS_3,BS,0.686223,0.846419,0.276552,0.174118,1,1,1,3,0.23546
418,BS_4,BS,0.648299,0.822723,0.333403,0.262009,1,1,1,6,0.517392
418,HAP_0,HAP,0.785659,0.933322,0.141232,0.08454,1,1,1,0,0.291567
418,HAP_1,HAP,0.641662,0.865364,0.343694,0.190261,1,1,1,4,0.194347
418,HAP_2,HAP,0.854542,0.93824,0.05719,0.057852,1,1,0,0,0.451251
418,LEO_0,LEO,0.644712,0.90503,0.338951,0.188296,1,1,1,0,0.365317
418,LEO_1,LEO,0.817725,0.947961,0.00123,0.021079,2,0,0,0,0.64584
419,BS_0,BS,0.869201,0.944032,0.04018,0.070854,1,1,0,0,0.430358
419,BS_1,BS,0.814571,0.848716,0.105094,0.25178,1,1,1,2,0.0
419,BS_2,BS,0.644956,0.847497,0.338574,0.301222,1,1,1,1,0.549031
419,BS_3,BS,0.686277,0.845583,0.276474,0.173691,1,1,1,4,0.389834
419,BS_4,BS,0.64794,0.823141,0.333958,0.259795,1,1,1,7,0.686069
419,HAP_0,HAP,0.720832,0.9256,0.227349,0.090892,1,1,1,0,0.83751
419,HAP_1,HAP,0.760632,0.872008,0.173605,0.165772,1,1,1,4,0.0
419,HAP_2,HAP,0.797237,0.943533,0.026603,0.0466,2,0,0,0,0.560551
419,LEO_0,LEO,0.773473,0.910594,0.156865,0.16171,1,1,1,0,0.368465
419,LEO_1,LEO,0.761732,0.938911,0.17216,0.030201,1,1,1,0,0.976925
420,BS_0,BS,0.502611,0.907124,0.587939,0.212236,1,1,1,0,1.86274
420,BS_1,BS,0.688693,0.848183,0.27296,0.234953,1,1,1,1,2.7339
420,BS_2,BS,0.527729,0.841157,0.539173,0.371796,1,1,1,1,0.0
420,BS_3,BS,0.658096,0.842369,0.318405,0.184574,1,1,1,3,0.793478
420,BS_4,BS,0.616208,0.820462,0.38417,0.27425,1,1,1,5,0.0
420,HAP_0,HAP,0.757422,0.930243,0.077835,0.07544,2,0,0,0,0.510466
420,HAP_1,HAP,0.674706,0.866061,0.293479,0.171376,1,1,1,3,0.393468
420,HAP_2,HAP,0.722325,0.948625,0.02528,0.037568,3,0,0,0,0.449005
420,LEO_0,LEO,0.817231,0.919403,0.101833,0.134035,1,1,1,0,0.269755
420,LEO_1,LEO,0.679959,0.929659,0.285723,0.060898,1,1,1,0,0.312536
421,BS_0,BS,0.513538,0.889148,0.566431,0.314169,1,1,1,0,0.0
421,BS_1,BS,0.742396,0.855387,0.197872,0.205581,1,1,1,2,0.0
421,BS_2,BS,0.55588,0.835338,0.487204,0.404252,1,1,1,2,0.0
421,BS_3,BS,0.520937,0.830865,0.552127,0.28484,1,1,1,2,0.0
421,BS_4,BS,0.648342,0.82137,0.333336,0.269401,1,1,1,4,0.0
421,HAP_0,HAP,0.663363,0.92349,0.310433,0.103718,1,1,1,0,0.120584
421,HAP_1,HAP,0.548587,0.855881,0.500409,0.249785,1,1,1,2,0.0
421,HAP_2,HAP,0.626186,0.950771,0.068108,0.032142,4,0,0,0,0.388159
421,LEO_0,LEO,0.485939,0.88563,0.621672,0.281142,1,1,1,0,1.699339
421,LEO_1,LEO,0.79337,0.937128,0.031466,0.049164,2,0,0,0,0.480741
422,BS_0,BS,0.848107,0.902198,0.064748,0.253222,1,1,1,0,0.590322
422,BS_1,BS,0.633981,0.852764,0.355736,0.221411,1,1,1,1,0.613746
422,BS_2,BS,0.709659,0.844232,0.242971,0.349967,1,1,1,2,0.0
422,BS_3,BS,0.726255,0.842855,0.219854,0.249623,1,1,1,2,0.0
422,BS_4,BS,0.643711,0.821665,0.340505,0.267695,1,1,1,4,0.42753
422,HAP_0,HAP,0.814238,0.93537,0.005502,0.082988,2,0,0,0,0.334536
422,HAP_1,HAP,0.678048,0.861892,0.288538,0.237292,1,1,1,2,0.0
422,HAP_2,HAP,0.863412,0.952038,0.046864,0.026702,1,1,0,0,0.619791
422,LEO_0,LEO,0.609192,0.879973,0.395622,0.295346,1,1,1,0,0.284317
422,LEO_1,LEO,0.685703,0.941041,0.077311,0.042021,3,0,0,0,0.385153
423,BS_0,BS,0.777256,0.909878,0.151985,0.212972,1,1,1,0,0.214306
423,BS_1,BS,0.646891,0.852728,0.335578,0.227805,1,1,1,2,0.0
423,BS_2,BS,0.697326,0.847503,0.260502,0.310511,1,1,1,1,0.663041
423,BS_3,BS,0.554317,0.831154,0.490019,0.307752,1,1,1,4,0.379271
423,BS_4,BS,0.641509,0.821696,0.343932,0.267387,1,1,1,5,0.0
423,HAP_0,HAP,0.776824,0.933846,0.152542,0.076861,1,1,1,0,0.58489
423,HAP_1,HAP,0.586483,0.8542,0.433612,0.274442,1,1,1,3,0.0
423,HAP_2,HAP,0.814652,0.95563,0.004995,0.021373,2,0,0,0,0.568468
423,LEO_0,LEO,0.703677,0.886684,0.251436,0.264726,1,1,1,0,0.156216
423,LEO_1,LEO,0.613002,0.943627,0.089387,0.037212,4,0,0,0,0.379702
424,BS_0,BS,0.810345,0.916413,0.110295,0.175852,1,1,1,0,0.539955
424,BS_1,BS,0.702767,0.856115,0.25273,0.210987,1,1,1,2,0.0
424,BS_2,BS,0.624761,0.846544,0.370386,0.310143,1,1,1,1,0.632018
424,BS_3,BS,0.69519,0.834363,0.26357,0.277462,1,1,1,4,0.0
424,BS_4,BS,0.648132,0.822337,0.33366,0.264007,1,1,1,6,0.0
424,HAP_0,HAP,0.805793,0.941043,0.015928,0.061603,2,0,0,0,0.502412
424,HAP_1,HAP,0.806442,0.867252,0.115123,0.225518,1,1,1,4,0.0
424,HAP_2,HAP,0.629647,0.931683,0.362595,0.076262,1,1,1,0,1.240611
424,LEO_0,LEO,0.773881,0.89466,0.156337,0.222779,1,1,1,0,0.608253
424,LEO_1,LEO,0.862721,0.946144,0.047664,0.030792,1,1,0,0,0.641201
425,BS_0,BS,0.754267,0.924899,0.082009,0.143708,2,0,0,0,0.292068
425,BS_1,BS,0.661833,0.85434,0.312742,0.212803,1,1,1,1,0.735887
425,BS_2,BS,0.56633,0.84278,0.468578,0.346919,1,1,1,1,0.0
425,BS_3,BS,0.672457,0.834732,0.296817,0.261615,1,1,1,4,0.0
425,BS_4,BS,0.63898,0.821997,0.347882,0.265666,1,1,1,7,0.0
425,HAP_0,HAP,0.802346,0.938978,0.120215,0.055786,1,1,1,0,0.703418
425,HAP_1,HAP,0.733809,0.869336,0.209507,0.200166,1,1,1,3,0.479855
425,HAP_2,HAP,0.724736,0.925382,0.221947,0.083177,1,1,1,0,0.554386
425,LEO_0,LEO,0.818563,0.903374,0.100205,0.182742,1,1,1,0,0.660026
425,LEO_1,LEO,0.808662,0.950603,0.012374,0.024702,2,0,0,0,0.548732
426,BS_0,BS,0.795717,0.925739,0.128512,0.122398,1,1,1,0,0.725821
426,BS_1,BS,0.611416,0.845596,0.391977,0.239383,1,1,1,2,0.768328
426,BS_2,BS,0.596254,0.841184,0.417089,0.355819,1,1,1,2,0.0
426,BS_3,BS,0.63651,0.831691,0.351755,0.264971,1,1,1,3,0.502178
426,BS_4,BS,0.642094,0.822016,0.34302,0.265481,1,1,1,6,0.0
426,HAP_0,HAP,0.798573,0.94303,0.024929,0.044908,2,0,0,0,0.665971
426,HAP_1,HAP,0.76087,0.872495,0.173293,0.173647,1,1,1,3,0.280812
426,HAP_2,HAP,0.768377,0.930135,0.063475,0.068355,2,0,0,0,0.629026
426,LEO_0,LEO,0.794497,0.914404,0.030046,0.1466,2,0,0,0,0.652934
426,LEO_1,LEO,0.689628,0.951505,0.071604,0.022069,3,0,0,0,0.445891
427,BS_0,BS,0.781711,0.932426,0.04627,0.098882,2,0,0,0,0.511927
427,BS_1,BS,0.706313,0.849497,0.247697,0.219116,1,1,1,2,0.606965
427,BS_2,BS,0.741143,0.852626,0.199561,0.302576,1,1,1,2,0.247111
427,BS_3,BS,0.709924,0.835799,0.242598,0.238461,1,1,1,3,0.632399
427,BS_4,BS,0.61868,0.819803,0.380166,0.277422,1,1,1,6,0.747577
427,HAP_0,HAP,0.719614,0.946835,0.029041,0.036306,3,0,0,0,0.564446
427,HAP_1,HAP,0.843121,0.880779,0.070645,0.141163,1,1,0,4,0.336592
427,HAP_2,HAP,0.695761,0.93397,0.062749,0.056455,3,0,0,0,0.637544
427,LEO_0,LEO,0.699901,0.922926,0.056816,0.118732,3,0,0,0,0.486315
427,LEO_1,LEO,0.656015,0.954478,0.021572,0.017865,4,0,0,0,0.561911
428,BS_0,BS,0.745535,0.931143,0.193653,0.095981,1,1,1,0,0.262574
428,BS_1,BS,0.743175,0.856077,0.196824,0.192725,1,1,1,2,0.414008
428,BS_2,BS,0.638757,0.849579,0.348231,0.29663,1,1,1,1,0.525214
428,BS_3,BS,0.674428,0.836427,0.29389,0.229636,1,1,1,3,0.0
428,BS_4,BS,0.643308,0.820375,0.341131,0.274304,1,1,1,5,0.0
428,HAP_0,HAP,0.645838,0.949511,0.037206,0.029668,4,0,0,0,0.569374
428,HAP_1,HAP,0.700133,0.874638,0.256485,0.142534,1,1,1,2,1.197142
428,HAP_2,HAP,0.762391,0.932154,0.171295,0.058368,1,1,1,0,0.433748
428,LEO_0,LEO,0.753198,0.924045,0.183428,0.110127,1,1,1,0,0.281492
428,LEO_1,LEO,0.816834,0.953223,0.102319,0.019003,1,1,1,0,0.391748
429,BS_0,BS,0.779596,0.937482,0.048979,0.077865,2,0,0,0,0.482298
429,BS_1,BS,0.684971,0.853817,0.278379,0.189053,1,1,1,2,0.699535
429,BS_2,BS,0.631529,0.846005,0.359612,0.295498,1,1,1,2,0.0
429,BS_3,BS,0.66266,0.836697,0.311493,0.227371,1,1,1,4,0.0
429,BS_4,BS,0.630106,0.819588,0.361867,0.27837,1,1,1,7,0.0
429,HAP_0,HAP,0.708688,0.942331,0.24434,0.0506,1,1,1,0,0.18406
429,HAP_1,HAP,0.608496,0.866645,0.396765,0.184867,1,1,1,3,0.161715
429,HAP_2,HAP,0.817285,0.940332,0.001767,0.046696,2,0,0,0,0.542001
429,LEO_0,LEO,0.80741,0.926852,0.113923,0.093942,1,1,1,0,0.611364
429,LEO_1,LEO,0.794501,0.948298,0.130042,0.022812,1,1,1,0,0.704226
430,BS_0,BS,0.727195,0.944834,0.01856,0.062447,3,0,0,0,0.392371
430,BS_1,BS,0.777537,0.860035,0.151623,0.161588,1,1,1,2,0.277555
430,BS_2,BS,0.784872,0.858418,0.142234,0.245502,1,1,1,2,0.0
430,BS_3,BS,0.687891,0.838159,0.274126,0.215712,1,1,1,4,0.734782
430,BS_4,BS,0.642613,0.820137,0.342212,0.275395,1,1,1,5,0.0
430,HAP_0,HAP,0.730401,0.934452,0.214161,0.061119,1,1,1,0,0.754915
430,HAP_1,HAP,0.702657,0.868772,0.252886,0.176672,1,1,1,3,0.162643
430,HAP_2,HAP,0.794311,0.937236,0.130281,0.044995,1,1,1,0,0.769454
430,LEO_0,LEO,0.791342,0.933723,0.034025,0.075674,2,0,0,0,0.57596
430,LEO_1,LEO,0.804066,0.951738,0.018074,0.018397,2,0,0,0,0.565132
431,BS_0,BS,0.769239,0.939931,0.162353,0.061819,1,1,1,0,0.67339
431,BS_1,BS,0.717071,0.859289,0.232581,0.153612,1,1,1,3,0.745868
431,BS_2,BS,0.622932,0.850365,0.373317,0.259117,1,1,1,3,0.718861
431,BS_3,BS,0.611212,0.835022,0.392312,0.241829,1,1,1,3,0.0
431,BS_4,BS,0.647009,0.820986,0.335395,0.270936,1,1,1,7,0.0
431,HAP_0,HAP,0.781965,0.935074,0.145946,0.058481,1,1,1,0,0.302321
431,HAP_1,HAP,0.582134,0.863342,0.441055,0.228876,1,1,1,1,0.201146
431,HAP_2,HAP,0.761508,0.935207,0.172454,0.049379,1,1,1,0,0.349055
431,LEO_0,LEO,0.690836,0.938628,0.069853,0.062735,3,0,0,0,0.376974
431,LEO_1,LEO,0.793021,0.945409,0.131905,0.022547,1,1,1,0,0.862874
432,BS_0,BS,0.797009,0.940528,0.126889,0.0567,1,1,1,0,0.320669
432,BS_1,BS,0.709831,0.85791,0.242729,0.149403,1,1,1,2,0.678712
432,BS_2,BS,0.718866,0.851693,0.23008,0.231115,1,1,1,2,0.368155
432,BS_3,BS,0.722908,0.840156,0.224473,0.216138,1,1,1,3,0.564617
432,BS_4,BS,0.645749,0.821548,0.337344,0.26796,1,1,1,6,0.512011
432,HAP_0,HAP,0.749153,0.939894,0.088812,0.050334,2,0,0,0,0.26132
432,HAP_1,HAP,0.604765,0.860281,0.402915,0.256154,1,1,1,1,0.32311
432,HAP_2,HAP,0.81707,0.943261,0.00203,0.039505,2,0,0,0,0.491973
432,LEO_0,LEO,0.617287,0.941986,0.082422,0.053245,4,0,0,0,0.392362
432,LEO_1,LEO,0.741537,0.944201,0.099031,0.022451,2,0,0,0,0.571485
433,BS_0,BS,0.720166,0.937965,0.228273,0.068809,1,1,1,0,0.0
433,BS_1,BS,0.72437,0.861111,0.222452,0.14179,1,1,1,2,0.0
433,BS_2,BS,0.70203,0.851169,0.253779,0.213874,1,1,1,3,0.0
433,BS_3,BS,0.6922,0.841173,0.26788,0.205202,1,1,1,3,0.0
433,BS_4,BS,0.625184,0.820056,0.36971,0.275876,1,1,1,7,0.0
433,HAP_0,HAP,0.735261,0.947181,0.00753,0.040293,3,0,0,0,0.464319
433,HAP_1,HAP,0.574799,0.856257,0.453735,0.297567,1,1,1,2,0.0
433,HAP_2,HAP,0.523641,0.908835,0.546949,0.166223,1,1,1,0,2.19892
433,LEO_0,LEO,0.746043,0.939698,0.192972,0.059353,1,1,1,0,0.189795
433,LEO_1,LEO,0.671623,0.943277,0.098058,0.022288,3,0,0,0,0.620339
434,BS_0,BS,0.783856,0.945661,0.043531,0.0559,2,0,0,0,0.243308
434,BS_1,BS,0.627371,0.855082,0.366217,0.173784,1,1,1,1,0.704617
434,BS_2,BS,0.570846,0.839158,0.460636,0.266582,1,1,1,2,0.596489
434,BS_3,BS,0.669991,0.839933,0.300491,0.204794,1,1,1,3,0.445765
434,BS_4,BS,0.629039,0.819231,0.363561,0.28018,1,1,1,7,0.64582
434,HAP_0,HAP,0.630709,0.949008,0.060911,0.033904,4,0,0,0,0.528281
434,HAP_1,HAP,0.427174,0.827514,0.750564,0.49156,1,1,1,3,0.306019
434,HAP_2,HAP,0.632377,0.89963,0.358269,0.190739,1,1,1,0,0.418795
434,LEO_0,LEO,0.794795,0.939142,0.129671,0.055049,1,1,1,0,0.546747
434,LEO_1,LEO,0.797697,0.94128,0.126026,0.024977,1,1,1,0,0.567533
435,BS_0,BS,0.720377,0.937985,0.22798,0.068109,1,1,1,0,0.555706
435,BS_1,BS,0.665276,0.851551,0.307553,0.181592,1,1,1,2,0.437162
435,BS_2,BS,0.7406,0.845156,0.200294,0.231319,1,1,1,3,0.0
435,BS_3,BS,0.465023,0.821499,0.665669,0.363237,1,1,1,1,0.389423
435,BS_4,BS,0.646692,0.820232,0.335884,0.274913,1,1,1,5,0.786607
435,HAP_0,HAP,0.740022,0.939957,0.201075,0.045317,1,1,1,0,0.771071
435,HAP_1,HAP,0.732601,0.836045,0.211153,0.413311,1,1,1,4,0.34121
435,HAP_2,HAP,0.736013,0.903395,0.206508,0.171781,1,1,1,0,0.341316
435,LEO_0,LEO,0.742997,0.939586,0.097063,0.048279,2,0,0,0,0.617015
435,LEO_1,LEO,0.776268,0.944469,0.053258,0.021258,2,0,0,0,0.525423
436,BS_0,BS,0.818444,0.941691,0.10035,0.059019,1,1,1,0,0.212889
436,BS_1,BS,0.783054,0.86058,0.144553,0.154677,1,1,1,2,0.350187
436,BS_2,BS,0.751964,0.85019,0.185067,0.200468,1,1,1,2,0.659272
436,BS_3,BS,0.62781,0.821166,0.365518,0.350711,1,1,1,2,0.549651
436,BS_4,BS,0.647367,0.821095,0.334842,0.270384,1,1,1,6,0.613681
436,HAP_0,HAP,0.779201,0.938657,0.149486,0.046309,1,1,1,0,0.36282
436,HAP_1,HAP,0.571496,0.834301,0.459497,0.425661,1,1,1,2,0.0
436,HAP_2,HAP,0.801998,0.909129,0.120649,0.143975,1,1,1,0,0.695543
436,LEO_0,LEO,0.723036,0.946128,0.024296,0.038889,3,0,0,0,0.362793
436,LEO_1,LEO,0.706096,0.945817,0.048004,0.018043,3,0,0,0,0.725808
437,BS_0,BS,0.589324,0.918217,0.42878,0.129948,1,1,1,0,1.109212
437,BS_1,BS,0.73151,0.861307,0.212645,0.144089,1,1,1,2,0.592975
437,BS_2,BS,0.725568,0.851938,0.2208,0.182313,1,1,1,3,0.0
437,BS_3,BS,0.701304,0.826824,0.254814,0.309787,1,1,1,3,0.0
437,BS_4,BS,0.648228,0.821865,0.333513,0.266361,1,1,1,5,0.0
437,HAP_0,HAP,0.810743,0.941196,0.109804,0.042473,1,1,1,0,0.284132
437,HAP_1,HAP,0.636859,0.834732,0.351206,0.396034,1,1,1,4,0.241805
437,HAP_2,HAP,0.717779,0.903947,0.231593,0.139316,1,1,1,0,1.023806
437,LEO_0,LEO,0.658222,0.951635,0.018213,0.03126,4,0,0,0,0.419709
437,LEO_1,LEO,0.65731,0.949613,0.019599,0.014608,4,0,0,0,0.561079
438,BS_0,BS,0.596871,0.907728,0.416054,0.181854,1,1,1,0,0.0
438,BS_1,BS,0.729832,0.86127,0.214941,0.136061,1,1,1,3,0.233662
438,BS_2,BS,0.690206,0.850311,0.270766,0.178842,1,1,1,3,0.467651
438,BS_3,BS,0.624438,0.824241,0.370903,0.309736,1,1,1,3,0.737974
438,BS_4,BS,0.637049,0.821438,0.350908,0.2685,1,1,1,4,0.0
438,HAP_0,HAP,0.568697,0.914656,0.464407,0.131032,1,1,1,0,1.226037
438,HAP_1,HAP,0.798643,0.848034,0.124841,0.323841,1,1,1,4,0.34264
438,HAP_2,HAP,0.80898,0.913494,0.011981,0.111518,2,0,0,0,0.881623
438,LEO_0,LEO,0.845411,0.953804,0.067932,0.027085,1,1,0,0,0.324203
438,LEO_1,LEO,0.814691,0.94881,0.104947,0.016642,1,1,1,0,0.426404
439,BS_0,BS,0.787388,0.921296,0.039034,0.146169,2,0,0,0,0.271011
439,BS_1,BS,0.689887,0.857766,0.271228,0.141953,1,1,1,2,0.764122
439,BS_2,BS,0.633343,0.844953,0.356744,0.200343,1,1,1,2,0.409681
439,BS_3,BS,0.731656,0.831653,0.212445,0.268099,1,1,1,3,0.0
439,BS_4,BS,0.641276,0.821492,0.344295,0.268143,1,1,1,7,0.0
439,HAP_0,HAP,0.694127,0.910752,0.2651,0.13645,1,1,1,0,0.372434
439,HAP_1,HAP,0.840362,0.86202,0.073923,0.261532,1,1,1,4,0.200428
439,HAP_2,HAP,0.732096,0.912497,0.211844,0.109409,1,1,1,0,0.474828
439,LEO_0,LEO,0.741022,0.951931,0.099726,0.026143,2,0,0,0,0.555308
439,LEO_1,LEO,0.818584,0.946635,0.100179,0.01783,1,1,1,0,0.685601
440,BS_0,BS,0.683074,0.927821,0.081153,0.119899,3,0,0,0,0.479794
440,BS_1,BS,0.671362,0.857698,0.298447,0.153644,1,1,1,2,0.0
440,BS_2,BS,0.722206,0.847657,0.225444,0.183146,1,1,1,3,0.0
440,BS_3,BS,0.711479,0.835899,0.24041,0.240487,1,1,1,3,0.282029
440,BS_4,BS,0.647445,0.822111,0.334722,0.264932,1,1,1,5,0.0
440,HAP_0,HAP,0.699221,0.911139,0.257789,0.139065,1,1,1,0,0.122736
440,HAP_1,HAP,0.696235,0.859497,0.262068,0.240131,1,1,1,4,0.934487
440,HAP_2,HAP,0.815283,0.923458,0.00422,0.087535,2,0,0,0,0.646116
440,LEO_0,LEO,0.692527,0.95488,0.067408,0.022959,3,0,0,0,0.199441
440,LEO_1,LEO,0.68636,0.930481,0.276354,0.048631,1,1,1,0,1.120758
441,BS_0,BS,0.741505,0.924196,0.199073,0.113752,1,1,1,0,0.655825
441,BS_1,BS,0.712148,0.858851,0.239469,0.148721,1,1,1,3,0.0
441,BS_2,BS,0.711491,0.848746,0.240393,0.172522,1,1,1,2,1.153467
441,BS_3,BS,0.687679,0.837254,0.274434,0.226281,1,1,1,3,1.410252
441,BS_4,BS,0.648344,0.822688,0.333334,0.261946,1,1,1,5,0.0
441,HAP_0,HAP,0.743936,0.918958,0.0958,0.115382,2,0,0,0,0.47582
441,HAP_1,HAP,0.529596,0.847681,0.535642,0.321215,1,1,1,3,0.0
441,HAP_2,HAP,0.62764,0.905109,0.365789,0.130239,1,1,1,0,1.306588
441,LEO_0,LEO,0.659383,0.959531,0.01645,0.018489,4,0,0,0,0.357662
441,LEO_1,LEO,0.689678,0.922748,0.271531,0.072083,1,1,1,0,0.411886
442,BS_0,BS,0.764214,0.926237,0.168908,0.10384,1,1,1,0,0.220251
442,BS_1,BS,0.64777,0.855621,0.33422,0.169243,1,1,1,1,0.454475
442,BS_2,BS,0.640667,0.845195,0.345246,0.191655,1,1,1,2,0.398862
442,BS_3,BS,0.621278,0.833002,0.375977,0.244636,1,1,1,2,0.377725
442,BS_4,BS,0.647926,0.823112,0.333979,0.25975,1,1,1,5,0.357686
442,HAP_0,HAP,0.700911,0.913244,0.255374,0.121653,1,1,1,0,0.719761
442,HAP_1,HAP,0.756228,0.85976,0.179413,0.271457,1,1,1,3,0.100763
442,HAP_2,HAP,0.651937,0.898723,0.327807,0.152547,1,1,1,0,0.419191
442,LEO_0,LEO,0.871033,0.961137,0.038075,0.015444,1,1,0,0,0.440787
442,LEO_1,LEO,0.809958,0.931555,0.010773,0.057719,2,0,0,0,0.616062
443,BS_0,BS,0.776841,0.926059,0.152519,0.09354,1,1,1,0,0.647835
443,BS_1,BS,0.605719,0.846135,0.40134,0.207878,1,1,1,3,0.254106
443,BS_2,BS,0.68865,0.845157,0.273023,0.186868,1,1,1,3,0.0
443,BS_3,BS,0.583723,0.83104,0.438328,0.282168,1,1,1,2,0.0
443,BS_4,BS,0.639117,0.82263,0.347668,0.262193,1,1,1,6,0.0
443,HAP_0,HAP,0.794726,0.923423,0.029758,0.097721,2,0,0,0,0.50836
443,HAP_1,HAP,0.526074,0.841746,0.542314,0.349513,1,1,1,4,0.230102
443,HAP_2,HAP,0.666607,0.89855,0.305555,0.164051,1,1,1,0,0.119564
443,LEO_0,LEO,0.806122,0.963656,0.01552,0.012463,2,0,0,0,0.435162
443,LEO_1,LEO,0.713759,0.936294,0.03721,0.046798,3,0,0,0,0.689704
444,BS_0,BS,0.794209,0.934157,0.030409,0.075248,2,0,0,0,0.463762
444,BS_1,BS,0.712727,0.847733,0.238656,0.191933,1,1,1,3,0.0
444,BS_2,BS,0.701955,0.845969,0.253885,0.1785,1,1,1,3,0.741361
444,BS_3,BS,0.771953,0.844292,0.158832,0.237087,1,1,1,3,0.0
444,BS_4,BS,0.635891,0.82194,0.352729,0.265742,1,1,1,4,0.0
444,HAP_0,HAP,0.693601,0.929942,0.065859,0.080128,3,0,0,0,0.470983
444,HAP_1,HAP,0.710203,0.84867,0.242204,0.306009,1,1,1,3,0.176085
444,HAP_2,HAP,0.789414,0.913093,0.036464,0.131839,2,0,0,0,0.392515
444,LEO_0,LEO,0.675636,0.944928,0.2921,0.048366,1,1,1,0,0.950786
444,LEO_1,LEO,0.781764,0.931911,0.146202,0.047057,1,1,1,0,0.87607
445,BS_0,BS,0.704602,0.938244,0.050122,0.061329,3,0,0,0,0.637598
445,BS_1,BS,0.445604,0.825604,0.708324,0.379321,1,1,1,1,0.540818
445,BS_2,BS,0.506588,0.828477,0.580058,0.29421,1,1,1,2,0.79179
445,BS_3,BS,0.690038,0.845316,0.271009,0.22272,1,1,1,2,0.743877
445,BS_4,BS,0.6338,0.821191,0.356022,0.269632,1,1,1,4,0.707191
445,HAP_0,HAP,0.657696,0.937265,0.019013,0.064265,4,0,0,0,0.572357
445,HAP_1,HAP,0.633422,0.850229,0.356619,0.302036,1,1,1,2,0.244668
445,HAP_2,HAP,0.676637,0.920665,0.090621,0.109167,3,0,0,0,0.457469
445,LEO_0,LEO,0.701259,0.936879,0.254878,0.067926,1,1,1,0,0.259634
445,LEO_1,LEO,0.716831,0.927134,0.232915,0.062058,1,1,1,0,0.343657
446,BS_0,BS,0.62259,0.941949,0.073867,0.051519,4,0,0,0,0.374921
446,BS_1,BS,0.678934,0.831947,0.287232,0.340583,1,1,1,3,0.0
446,BS_2,BS,0.619845,0.825386,0.378285,0.299763,1,1,1,3,0.0
446,BS_3,BS,0.733868,0.848916,0.209427,0.197913,1,1,1,2,0.453681
446,BS_4,BS,0.641913,0.821354,0.343302,0.268741,1,1,1,6,0.348114
446,HAP_0,HAP,0.83725,0.940485,0.077632,0.054124,1,1,0,0,0.444879
446,HAP_1,HAP,0.621941,0.848112,0.37491,0.30488,1,1,1,4,0.0
446,HAP_2,HAP,0.670106,0.933506,0.000319,0.087334,4,0,0,0,0.266647
446,LEO_0,LEO,0.784078,0.938521,0.143246,0.063575,1,1,1,0,0.204113
446,LEO_1,LEO,0.813992,0.931828,0.105805,0.054684,1,1,1,0,0.330924
447,BS_0,BS,0.857921,0.945841,0.053243,0.042491,1,1,0,0,0.460086
447,BS_1,BS,0.751341,0.840811,0.185895,0.288017,1,1,1,3,0.264322
447,BS_2,BS,0.704295,0.830335,0.250558,0.268061,1,1,1,2,0.583404
447,BS_3,BS,0.678812,0.846934,0.287411,0.195503,1,1,1,3,0.706997
447,BS_4,BS,0.646684,0.82193,0.335897,0.265765,1,1,1,5,0.75148
447,HAP_0,HAP,0.801298,0.938373,0.121522,0.049945,1,1,1,0,0.723827
447,HAP_1,HAP,0.762953,0.856988,0.170559,0.256995,1,1,1,3,0.378098
447,HAP_2,HAP,0.758648,0.930576,0.176217,0.083841,1,1,1,0,0.631755
447,LEO_0,LEO,0.815955,0.947745,0.003397,0.050865,2,0,0,0,0.298801
447,LEO_1,LEO,0.734352,0.925956,0.208766,0.06336,1,1,1,0,0.784246
448,BS_0,BS,0.806065,0.951288,0.01559,0.034102,2,0,0,0,0.443086
448,BS_1,BS,0.796898,0.850964,0.127029,0.237675,1,1,1,2,0.41778
448,BS_2,BS,0.713439,0.835021,0.237658,0.239865,1,1,1,3,0.380004
448,BS_3,BS,0.534291,0.834437,0.526814,0.281292,1,1,1,2,0.568283
448,BS_4,BS,0.651033,0.822792,0.329195,0.261378,1,1,1,7,0.200677
448,HAP_0,HAP,0.763947,0.936722,0.169257,0.052847,1,1,1,0,0.309506
448,HAP_1,HAP,0.771641,0.866589,0.159236,0.217006,1,1,1,3,0.0
448,HAP_2,HAP,0.790913,0.929241,0.134568,0.075221,1,1,1,0,0.751787
448,LEO_0,LEO,0.747928,0.941096,0.190449,0.057014,1,1,1,0,0.637506
448,LEO_1,LEO,0.769174,0.927101,0.162438,0.062561,1,1,1,0,0.315165
449,BS_0,BS,0.523557,0.915314,0.547109,0.161979,1,1,1,0,3.368872
449,BS_1,BS,0.827176,0.86088,0.089738,0.193764,1,1,1,2,0.554585
449,BS_2,BS,0.67933,0.83582,0.286649,0.228868,1,1,1,2,0.697706
449,BS_3,BS,0.673418,0.837329,0.295389,0.264298,1,1,1,3,0.0
449,BS_4,BS,0.648872,0.823282,0.33252,0.258859,1,1,1,7,0.0
449,HAP_0,HAP,0.807018,0.9399,0.114409,0.048168,1,1,1,0,0.231046
449,HAP_1,HAP,0.811952,0.876681,0.108314,0.178884,1,1,1,4,0.269078
449,HAP_2,HAP,0.806682,0.935984,0.014826,0.060276,2,0,0,0,0.636279
449,LEO_0,LEO,0.777294,0.945437,0.051937,0.046825,2,0,0,0,0.398562
449,LEO_1,LEO,0.811158,0.936858,0.009292,0.050088,2,0,0,0,0.435229
450,BS_0,BS,0.647731,0.90596,0.33428,0.179868,1,1,1,0,0.457047
450,BS_1,BS,0.833993,0.870526,0.081531,0.158002,1,1,1,2,0.30629
450,BS_2,BS,0.641004,0.834603,0.34472,0.236569,1,1,1,1,0.69926
450,BS_3,BS,0.687074,0.838844,0.275314,0.245548,1,1,1,3,0.404835
450,BS_4,BS,0.648841,0.823672,0.332568,0.256858,1,1,1,6,0.0
450,HAP_0,HAP,0.814921,0.941115,0.104664,0.043464,1,1,1,0,0.500403
450,HAP_1,HAP,0.707424,0.873864,0.246125,0.170367,1,1,1,4,0.342541
450,HAP_2,HAP,0.670505,0.934566,0.099723,0.052696,3,0,0,0,0.866711
450,LEO_0,LEO,0.801779,0.945806,0.120922,0.04404,1,1,1,0,0.302974
450,LEO_1,LEO,0.768311,0.932815,0.16356,0.052109,1,1,1,0,0.750628
451,BS_0,BS,0.788281,0.915825,0.0379,0.14454,2,0,0,0,0.677727
451,BS_1,BS,0.798418,0.874256,0.125123,0.133447,1,1,1,2,0.77567
451,BS_2,BS,0.58579,0.833828,0.434793,0.274325,1,1,1,2,0.0
451,BS_3,BS,0.693462,0.840212,0.266059,0.228292,1,1,1,3,0.637166
451,BS_4,BS,0.638598,0.823029,0.34848,0.260133,1,1,1,8,0.0
451,HAP_0,HAP,0.792371,0.946226,0.032726,0.035253,2,0,0,0,0.474685
451,HAP_1,HAP,0.81306,0.881574,0.106951,0.141441,1,1,1,3,0.240129
451,HAP_2,HAP,0.641844,0.937656,0.04341,0.043005,4,0,0,0,0.718168
451,LEO_0,LEO,0.791228,0.942931,0.134169,0.043332,1,1,1,0,0.625757
451,LEO_1,LEO,0.803944,0.939064,0.018226,0.041837,2,0,0,0,0.5903
452,BS_0,BS,0.467519,0.882183,0.660314,0.311839,1,1,1,1,0.64484
452,BS_1,BS,0.799905,0.878812,0.123262,0.113595,1,1,1,2,0.327633
452,BS_2,BS,0.646091,0.836329,0.336815,0.27051,1,1,1,2,0.0
452,BS_3,BS,0.694442,0.841311,0.264646,0.214151,1,1,1,3,0.0
452,BS_4,BS,0.64835,0.823424,0.333324,0.258104,1,1,1,7,0.0
452,HAP_0,HAP,0.682743,0.946646,0.081637,0.031202,3,0,0,0,0.561972
452,HAP_1,HAP,0.735554,0.881759,0.207132,0.132459,1,1,1,2,0.572045
452,HAP_2,HAP,0.835053,0.939771,0.08026,0.037303,1,1,0,0,0.507403
452,LEO_0,LEO,0.776944,0.945154,0.052387,0.035901,2,0,0,0,0.614286
452,LEO_1,LEO,0.707521,0.942815,0.045987,0.034421,3,0,0,0,0.557349
453,BS_0,BS,0.529459,0.868678,0.535899,0.378706,1,1,1,1,0.0
453,BS_1,BS,0.795653,0.880694,0.128592,0.098317,1,1,1,2,0.737515
453,BS_2,BS,0.637846,0.833979,0.349658,0.271425,1,1,1,2,0.328368
453,BS_3,BS,0.475185,0.823483,0.644051,0.357981,1,1,1,1,0.441113
453,BS_4,BS,0.648273,0.823732,0.333444,0.256516,1,1,1,6,0.0
453,HAP_0,HAP,0.7419,0.938214,0.19854,0.0427,1,1,1,0,0.762824
453,HAP_1,HAP,0.681035,0.87958,0.284141,0.142299,1,1,1,2,0.239103
453,HAP_2,HAP,0.815629,0.945867,0.003796,0.029849,2,0,0,0,0.57676
453,LEO_0,LEO,0.709909,0.947666,0.042619,0.029538,3,0,0,0,0.586388
453,LEO_1,LEO,0.66245,0.946999,0.01181,0.027599,4,0,0,0,0.676129
454,BS_0,BS,0.586016,0.864208,0.434409,0.387885,1,1,1,1,0.0
454,BS_1,BS,0.714727,0.878721,0.235855,0.103686,1,1,1,1,0.342877
454,BS_2,BS,0.480201,0.822709,0.63355,0.397764,1,1,1,1,0.0
454,BS_3,BS,0.753894,0.835878,0.182504,0.301374,1,1,1,2,0.0
454,BS_4,BS,0.646462,0.823811,0.336241,0.256089,1,1,1,8,0.0
454,HAP_0,HAP,0.76412,0.940871,0.06903,0.036304,2,0,0,0,0.515101
454,HAP_1,HAP,0.64212,0.875784,0.34298,0.166775,1,1,1,2,0.397874
454,HAP_2,HAP,0.579025,0.917435,0.44641,0.113555,1,1,1,0,1.416299
454,LEO_0,LEO,0.646333,0.951232,0.03644,0.024228,4,0,0,0,0.441817
454,LEO_1,LEO,0.770114,0.943977,0.161217,0.033775,1,1,1,0,0.33003
455,BS_0,BS,0.478918,0.842486,0.636226,0.49246,1,1,1,2,0.219687
455,BS_1,BS,0.78171,0.881324,0.146271,0.092577,1,1,1,1,0.564353
455,BS_2,BS,0.578284,0.818013,0.447691,0.408403,1,1,1,2,0.751494
455,BS_3,BS,0.666153,0.835937,0.306236,0.2833,1,1,1,3,0.460891
455,BS_4,BS,0.646708,0.823897,0.335861,0.255633,1,1,1,7,0.37098
455,HAP_0,HAP,0.787213,0.939836,0.139257,0.03777,1,1,1,0,0.424203
455,HAP_1,HAP,0.587932,0.869439,0.431144,0.217068,1,1,1,2,0.0
455,HAP_2,HAP,0.684025,0.910223,0.279761,0.126064,1,1,1,0,0.555516
455,LEO_0,LEO,0.781955,0.949156,0.145958,0.028969,1,1,1,0,0.266117
455,LEO_1,LEO,0.742358,0.935904,0.197923,0.044648,1,1,1,0,0.826477
456,BS_0,BS,0.682548,0.844084,0.281922,0.429734,1,1,1,2,0.752765
456,BS_1,BS,0.463574,0.857692,0.668789,0.275337,1,1,1,0,0.583037
456,BS_2,BS,0.577395,0.81815,0.449229,0.417535,1,1,1,1,0.628995
456,BS_3,BS,0.693663,0.837925,0.265769,0.258425,1,1,1,3,0.225072
456,BS_4,BS,0.646762,0.823971,0.335776,0.255242,1,1,1,7,0.57746
456,HAP_0,HAP,0.748364,0.940206,0.089866,0.03385,2,0,0,0,0.671257
456,HAP_1,HAP,0.563352,0.857567,0.473851,0.274695,1,1,1,3,0.331121
456,HAP_2,HAP,0.796775,0.914677,0.127183,0.10813,1,1,1,0,0.56035
456,LEO_0,LEO,0.816449,0.948106,0.102791,0.02793,1,1,1,0,0.554654
456,LEO_1,LEO,0.814133,0.941493,0.005632,0.035733,2,0,0,0,0.676503
457,BS_0,BS,0.658877,0.84747,0.317219,0.38907,1,1,1,2,0.0
457,BS_1,BS,0.570954,0.851304,0.460446,0.315674,1,1,1,2,0.0
457,BS_2,BS,0.58031,0.822186,0.444193,0.422817,1,1,1,1,0.0
457,BS_3,BS,0.575818,0.83059,0.451963,0.298662,1,1,1,2,0.313976
457,BS_4,BS,0.646081,0.823967,0.336831,0.255248,1,1,1,7,0.0
457,HAP_0,HAP,0.76577,0.934726,0.166873,0.039611,1,1,1,0,0.771503
457,HAP_1,HAP,0.658243,0.860112,0.31818,0.265314,1,1,1,2,0.284058
457,HAP_2,HAP,0.756214,0.921915,0.079431,0.089343,2,0,0,0,0.485822
457,LEO_0,LEO,0.76742,0.941387,0.164721,0.034554,1,1,1,0,0.775466
457,LEO_1,LEO,0.715666,0.944832,0.034541,0.029123,3,0,0,0,0.613911
458,BS_0,BS,0.744222,0.855784,0.195416,0.32844,1,1,1,1,0.397581
458,BS_1,BS,0.509045,0.833085,0.57522,0.401434,1,1,1,2,0.718954
458,BS_2,BS,0.625492,0.829551,0.369217,0.399598,1,1,1,1,0.0
458,BS_3,BS,0.716152,0.835914,0.233862,0.263541,1,1,1,3,0.0
458,BS_4,BS,0.648024,0.824144,0.333827,0.254347,1,1,1,8,0.399931
458,HAP_0,HAP,0.754347,0.93717,0.081902,0.034707,2,0,0,0,0.52648
458,HAP_1,HAP,0.607066,0.855288,0.399117,0.283933,1,1,1,3,0.272476
458,HAP_2,HAP,0.698615,0.92864,0.058655,0.073023,3,0,0,0,0.545024
458,LEO_0,LEO,0.799699,0.940832,0.12352,0.034509,1,1,1,0,0.428035
458,LEO_1,LEO,0.61663,0.945301,0.083486,0.026435,4,0,0,0,0.537205
459,BS_0,BS,0.727444,0.861419,0.218218,0.284181,1,1,1,1,0.432728
459,BS_1,BS,0.674918,0.83793,0.293165,0.359823,1,1,1,1,0.665588
459,BS_2,BS,0.613028,0.83448,0.389344,0.387893,1,1,1,0,0.573914
459,BS_3,BS,0.708576,0.839156,0.244498,0.237733,1,1,1,2,0.327893
459,BS_4,BS,0.648114,0.824294,0.333688,0.253584,1,1,1,8,0.443677
459,HAP_0,HAP,0.752911,0.934539,0.183808,0.042969,1,1,1,0,0.378636
459,HAP_1,HAP,0.678683,0.859319,0.287601,0.264368,1,1,1,2,0.1695
459,HAP_2,HAP,0.614266,0.93273,0.087328,0.06185,4,0,0,0,0.483473
459,LEO_0,LEO,0.752558,0.941107,0.084277,0.030803,2,0,0,0,0.691048
459,LEO_1,LEO,0.880916,0.948227,0.026793,0.021471,1,1,0,0,0.661857
460,BS_0,BS,0.549925,0.845234,0.497974,0.338934,1,1,1,2,0.281624
460,BS_1,BS,0.652398,0.841286,0.327101,0.336006,1,1,1,1,0.460461
460,BS_2,BS,0.634058,0.845087,0.355615,0.367223,1,1,1,0,0.0
460,BS_3,BS,0.733181,0.844025,0.210363,0.2101,1,1,1,2,0.366859
460,BS_4,BS,0.629046,0.822622,0.36355,0.262343,1,1,1,8,0.0
460,HAP_0,HAP,0.756745,0.937006,0.078729,0.037165,2,0,0,0,0.633396
460,HAP_1,HAP,0.646705,0.862035,0.335864,0.262257,1,1,1,3,0.0
460,HAP_2,HAP,0.880102,0.938685,0.027718,0.049826,1,1,0,0,0.605993
460,LEO_0,LEO,0.676734,0.943576,0.090478,0.028326,3,0,0,0,0.322516
460,LEO_1,LEO,0.795671,0.949953,0.028569,0.017544,2,0,0,0,0.704212
461,BS_0,BS,0.627647,0.845934,0.365778,0.331355,1,1,1,2,0.0
461,BS_1,BS,0.53722,0.837565,0.521348,0.391117,1,1,1,1,0.0
461,BS_2,BS,0.539905,0.842495,0.516361,0.413761,1,1,1,1,0.0
461,BS_3,BS,0.6037,0.839421,0.404677,0.241774,1,1,1,1,0.508851
461,BS_4,BS,0.606531,0.819098,0.399999,0.281874,1,1,1,7,0.0
461,HAP_0,HAP,0.701327,0.94242,0.054781,0.031082,3,0,0,0,0.339754
461,HAP_1,HAP,0.636094,0.864271,0.35241,0.265692,1,1,1,2,0.0
461,HAP_2,HAP,0.558119,0.90879,0.483182,0.14492,1,1,1,0,1.694762
461,LEO_0,LEO,0.754991,0.941476,0.181049,0.037411,1,1,1,0,0.218228
461,LEO_1,LEO,0.710465,0.950338,0.041836,0.014823,3,0,0,0,0.716364
462,BS_0,BS,0.746543,0.853878,0.192302,0.281725,1,1,1,2,0.398301
462,BS_1,BS,0.558183,0.834434,0.483069,0.417903,1,1,1,1,0.0
462,BS_2,BS,0.541407,0.839915,0.513583,0.449704,1,1,1,1,0.0
462,BS_3,BS,0.722824,0.847547,0.224589,0.216117,1,1,1,2,0.0
462,BS_4,BS,0.64294,0.819776,0.341704,0.278042,1,1,1,6,0.0
462,HAP_0,HAP,0.647209,0.947637,0.035086,0.02542,4,0,0,0,0.42675
462,HAP_1,HAP,0.598198,0.859876,0.413834,0.28962,1,1,1,2,0.143519
462,HAP_2,HAP,0.686621,0.902895,0.275973,0.150208,1,1,1,0,0.618085
462,LEO_0,LEO,0.797065,0.940604,0.126819,0.037167,1,1,1,0,0.557871
462,LEO_1,LEO,0.638081,0.951566,0.04929,0.012952,4,0,0,0,0.540529
463,BS_0,BS,0.662778,0.850157,0.311315,0.268993,1,1,1,2,0.724702
463,BS_1,BS,0.592815,0.832866,0.422873,0.414792,1,1,1,2,0.0
463,BS_2,BS,0.37516,0.808154,0.880402,0.708562,1,1,1,2,0.0
463,BS_3,BS,0.75721,0.854617,0.178115,0.18717,1,1,1,2,0.62498
463,BS_4,BS,0.64417,0.820433,0.339792,0.27439,1,1,1,5,0.553888
463,HAP_0,HAP,0.861181,0.951165,0.049451,0.021436,1,1,0,0,0.39243
463,HAP_1,HAP,0.657567,0.861813,0.319209,0.277548,1,1,1,3,0.171701
463,HAP_2,HAP,0.814512,0.909178,0.105166,0.125144,1,1,1,0,0.664118
463,LEO_0,LEO,0.770268,0.94332,0.061017,0.031409,2,0,0,0,0.563585
463,LEO_1,LEO,0.748705,0.946243,0.18941,0.026506,1,1,1,0,0.311975
464,BS_0,BS,0.64102,0.850043,0.344695,0.268661,1,1,1,1,0.209952
464,BS_1,BS,0.721411,0.846071,0.226547,0.354929,1,1,1,1,0.0
464,BS_2,BS,0.729926,0.82647,0.214812,0.587614,1,1,1,1,0.0
464,BS_3,BS,0.583989,0.842875,0.437873,0.236016,1,1,1,3,0.413608
464,BS_4,BS,0.633809,0.821293,0.356008,0.276546,1,1,1,4,0.0
464,HAP_0,HAP,0.659931,0.933134,0.315619,0.061976,1,1,1,0,1.008147
464,HAP_1,HAP,0.622622,0.858698,0.373815,0.284921,1,1,1,3,0.0
464,HAP_2,HAP,0.713757,0.902407,0.237212,0.125436,1,1,1,0,1.167066
464,LEO_0,LEO,0.725334,0.948485,0.021123,0.025328,3,0,0,0,0.475414
464,LEO_1,LEO,0.790251,0.951188,0.035405,0.021769,2,0,0,0,0.369165
465,BS_0,BS,0.684289,0.852065,0.279375,0.250051,1,1,1,2,0.0
465,BS_1,BS,0.540814,0.838616,0.514681,0.403147,1,1,1,0,0.754315
465,BS_2,BS,0.579984,0.821058,0.444755,0.559105,1,1,1,2,0.621708
465,BS_3,BS,0.749691,0.849217,0.188094,0.204733,1,1,1,3,0.0
465,BS_4,BS,0.65272,0.8227,0.326607,0.269239,1,1,1,6,0.0
465,HAP_0,HAP,0.740824,0.929593,0.199992,0.067579,1,1,1,0,0.392738
465,HAP_1,HAP,0.683819,0.863232,0.280061,0.263232,1,1,1,2,0.304244
465,HAP_2,HAP,0.706803,0.90082,0.247004,0.127804,1,1,1,0,0.518138
465,LEO_0,LEO,0.618704,0.948192,0.080128,0.023151,4,0,0,0,0.601008
465,LEO_1,LEO,0.731558,0.956171,0.012578,0.017486,3,0,0,0,0.411035
466,BS_0,BS,0.745202,0.859231,0.1941,0.216995,1,1,1,2,0.406373
466,BS_1,BS,0.459513,0.817454,0.677588,0.529124,1,1,1,2,0.389956
466,BS_2,BS,0.762372,0.831881,0.171321,0.460491,1,1,1,2,0.721169
466,BS_3,BS,0.704636,0.84961,0.250074,0.191928,1,1,1,2,0.445975
466,BS_4,BS,0.664353,0.824675,0.308942,0.258342,1,1,1,7,0.306096
466,HAP_0,HAP,0.812012,0.930043,0.108241,0.059336,1,1,1,0,0.769355
466,HAP_1,HAP,0.519007,0.845763,0.555837,0.349615,1,1,1,3,0.104334
466,HAP_2,HAP,0.781214,0.907019,0.146907,0.111955,1,1,1,0,0.445732
466,LEO_0,LEO,0.885486,0.952994,0.021618,0.018731,1,1,0,0,0.388107
466,LEO_1,LEO,0.616774,0.954479,0.083253,0.017108,4,0,0,0,0.582159
467,BS_0,BS,0.702148,0.860343,0.253611,0.202539,1,1,1,1,0.780573
467,BS_1,BS,0.638776,0.825794,0.348201,0.477859,1,1,1,2,0.0
467,BS_2,BS,0.753413,0.841295,0.183141,0.383487,1,1,1,1,0.630158
467,BS_3,BS,0.685725,0.850373,0.277278,0.18814,1,1,1,2,0.31348
467,BS_4,BS,0.644087,0.824356,0.339922,0.258669,1,1,1,5,0.388689
467,HAP_0,HAP,0.780189,0.933605,0.048219,0.048515,2,0,0,0,0.763586
467,HAP_1,HAP,0.60775,0.846859,0.397992,0.350971,1,1,1,3,0.0
467,HAP_2,HAP,0.748082,0.906083,0.190243,0.10585,1,1,1,0,0.894093
467,LEO_0,LEO,0.656642,0.934021,0.320616,0.061243,1,1,1,0,1.035524
467,LEO_1,LEO,0.884903,0.957699,0.022278,0.01391,1,1,0,0,0.431894
468,BS_0,BS,0.60853,0.850822,0.396709,0.232851,1,1,1,2,0.428133
468,BS_1,BS,0.705747,0.83895,0.248498,0.410075,1,1,1,1,0.0
468,BS_2,BS,0.76718,0.849149,0.165034,0.319045,1,1,1,1,0.655315
468,BS_3,BS,0.714513,0.856421,0.236154,0.175608,1,1,1,2,0.0
468,BS_4,BS,0.630496,0.822812,0.361248,0.265661,1,1,1,6,0.0
468,HAP_0,HAP,0.817043,0.935478,0.102063,0.0435,1,1,1,0,0.471842
468,HAP_1,HAP,0.703532,0.855465,0.251642,0.309273,1,1,1,3,0.0
468,HAP_2,HAP,0.73329,0.90786,0.210214,0.104566,1,1,1,0,0.346241
468,LEO_0,LEO,0.65498,0.9245,0.32315,0.095986,1,1,1,0,0.187534
468,LEO_1,LEO,0.728386,0.945409,0.216924,0.032303,1,1,1,0,0.853137
469,BS_0,BS,0.555093,0.844723,0.48862,0.293718,1,1,1,1,0.0
469,BS_1,BS,0.540427,0.826881,0.515396,0.447595,1,1,1,2,0.520489
469,BS_2,BS,0.659904,0.845583,0.315661,0.300075,1,1,1,2,0.452033
469,BS_3,BS,0.637483,0.850181,0.350228,0.195683,1,1,1,2,0.602085
469,BS_4,BS,0.647156,0.82314,0.335168,0.26308,1,1,1,7,0.0
469,HAP_0,HAP,0.565958,0.907602,0.469235,0.133881,1,1,1,0,1.446288
469,HAP_1,HAP,0.697846,0.860208,0.259756,0.277781,1,1,1,2,0.381122
469,HAP_2,HAP,0.742431,0.912362,0.197825,0.101263,1,1,1,0,0.147247
469,LEO_0,LEO,0.786893,0.933518,0.039664,0.077497,2,0,0,0,0.379573
469,LEO_1,LEO,0.707675,0.938184,0.24577,0.053024,1,1,1,0,0.231296
470,BS_0,BS,0.596604,0.838033,0.416502,0.313038,1,1,1,2,0.721351
470,BS_1,BS,0.772283,0.83915,0.158405,0.369367,1,1,1,2,0.623698
470,BS_2,BS,0.873776,0.859411,0.034932,0.240609,1,1,1,2,0.50142
470,BS_3,BS,0.707162,0.850567,0.246495,0.183889,1,1,1,2,0.793321
470,BS_4,BS,0.617171,0.820555,0.382609,0.27634,1,1,1,4,0.485915
470,HAP_0,HAP,0.637542,0.899106,0.350135,0.162273,1,1,1,0,0.430203
470,HAP_1,HAP,0.679471,0.863227,0.286441,0.259147,1,1,1,3,0.167588
470,HAP_2,HAP,0.770898,0.915224,0.160199,0.092559,1,1,1,0,0.580223
470,LEO_0,LEO,0.699128,0.939911,0.057922,0.063507,3,0,0,0,0.335977
470,LEO_1,LEO,0.787197,0.943467,0.039277,0.043113,2,0,0,0,0.505537
471,BS_0,BS,0.655124,0.84244,0.32293,0.297358,1,1,1,2,0.0
471,BS_1,BS,0.685783,0.842997,0.277195,0.330071,1,1,1,2,0.0
471,BS_2,BS,0.748399,0.861148,0.189819,0.208702,1,1,1,1,3.098409
471,BS_3,BS,0.656942,0.851315,0.32016,0.193237,1,1,1,2,0.0
471,BS_4,BS,0.610778,0.817863,0.393022,0.290582,1,1,1,7,0.0
471,HAP_0,HAP,0.756323,0.9042,0.179287,0.144283,1,1,1,0,0.391834
471,HAP_1,HAP,0.660346,0.865924,0.314991,0.251966,1,1,1,3,0.0
471,HAP_2,HAP,0.817553,0.927542,0.001439,0.074048,2,0,0,0,0.442538
471,LEO_0,LEO,0.81071,0.942689,0.109845,0.056235,1,1,1,0,0.245467
471,LEO_1,LEO,0.700241,0.948104,0.056331,0.035918,3,0,0,0,0.293111
472,BS_0,BS,0.710981,0.84827,0.241109,0.264047,1,1,1,2,0.61655
472,BS_1,BS,0.767731,0.8502,0.164316,0.276206,1,1,1,2,0.614837
472,BS_2,BS,0.67063,0.859458,0.299538,0.207337,1,1,1,1,0.501573
472,BS_3,BS,0.851792,0.866105,0.060413,0.156232,1,1,1,2,0.255825
472,BS_4,BS,0.642578,0.818754,0.342268,0.285182,1,1,1,6,0.498751
472,HAP_0,HAP,0.795196,0.912681,0.129167,0.122934,1,1,1,0,0.257851
472,HAP_1,HAP,0.607879,0.860313,0.39778,0.272776,1,1,1,3,0.0
472,HAP_2,HAP,0.735084,0.936879,0.007771,0.059266,3,0,0,0,0.472362
472,LEO_0,LEO,0.790117,0.941004,0.135574,0.053259,1,1,1,0,0.560332
472,LEO_1,LEO,0.624616,0.949052,0.070619,0.030979,4,0,0,0,0.566995
473,BS_0,BS,0.560169,0.844498,0.479517,0.314709,1,1,1,1,0.0
473,BS_1,BS,0.78788,0.85955,0.13841,0.229586,1,1,1,2,0.30789
473,BS_2,BS,0.570014,0.853474,0.462094,0.261958,1,1,1,1,0.0
473,BS_3,BS,0.685959,0.862003,0.276937,0.159498,1,1,1,1,2.205771
473,BS_4,BS,0.647761,0.819949,0.334234,0.278416,1,1,1,5,0.0
473,HAP_0,HAP,0.756512,0.913401,0.179036,0.112772,1,1,1,0,0.676973
473,HAP_1,HAP,0.718651,0.868326,0.230379,0.242104,1,1,1,2,0.0
473,HAP_2,HAP,0.653833,0.94381,0.024903,0.047692,4,0,0,0,0.407646
473,LEO_0,LEO,0.756302,0.944628,0.079315,0.045438,2,0,0,0,0.301698
473,LEO_1,LEO,0.792222,0.945139,0.132913,0.032733,1,1,1,0,0.63619
474,BS_0,BS,0.588558,0.841622,0.43008,0.335003,1,1,1,2,0.0
474,BS_1,BS,0.789615,0.866047,0.136209,0.192018,1,1,1,1,0.586077
474,BS_2,BS,0.512655,0.847417,0.568152,0.354825,1,1,1,0,0.0
474,BS_3,BS,0.555212,0.845445,0.488405,0.234941,1,1,1,3,0.388015
474,BS_4,BS,0.647739,0.820903,0.334267,0.273013,1,1,1,5,0.0
474,HAP_0,HAP,0.794154,0.915471,0.130478,0.097878,1,1,1,0,0.777655
474,HAP_1,HAP,0.657463,0.86596,0.319366,0.239581,1,1,1,3,0.259695
474,HAP_2,HAP,0.835014,0.944452,0.080307,0.041056,1,1,0,0,0.617166
474,LEO_0,LEO,0.806437,0.945916,0.115129,0.042315,1,1,1,0,0.274457
474,LEO_1,LEO,0.746577,0.94623,0.092257,0.030016,2,0,0,0,0.390006
475,BS_0,BS,0.734964,0.854002,0.207934,0.287459,1,1,1,2,0.0
475,BS_1,BS,0.738642,0.869321,0.202942,0.172148,1,1,1,1,0.445066
475,BS_2,BS,0.727328,0.864576,0.218378,0.30532,1,1,1,0,0.0
475,BS_3,BS,0.588697,0.841243,0.429844,0.271098,1,1,1,2,0.0
475,BS_4,BS,0.645358,0.821446,0.337949,0.269805,1,1,1,6,0.0
475,HAP_0,HAP,0.765712,0.917834,0.166949,0.090845,1,1,1,0,0.380194
475,HAP_1,HAP,0.668038,0.863779,0.30341,0.233091,1,1,1,4,0.0
475,HAP_2,HAP,0.699487,0.93072,0.257408,0.062661,1,1,1,0,1.030238
475,LEO_0,LEO,0.813922,0.945567,0.10589,0.038898,1,1,1,0,0.529605
475,LEO_1,LEO,0.693012,0.946251,0.066708,0.026016,3,0,0,0,0.73263
476,BS_0,BS,0.663465,0.857397,0.310279,0.27329,1,1,1,1,0.454931
476,BS_1,BS,0.676265,0.863719,0.29117,0.175869,1,1,1,2,0.788184
476,BS_2,BS,0.632908,0.864193,0.35743,0.301746,1,1,1,0,0.746434
476,BS_3,BS,0.719274,0.846959,0.229513,0.240582,1,1,1,2,0.0
476,BS_4,BS,0.647695,0.822097,0.334335,0.266145,1,1,1,6,0.0
476,HAP_0,HAP,0.796999,0.92803,0.026902,0.073002,2,0,0,0,0.464751
476,HAP_1,HAP,0.591511,0.859873,0.425076,0.267783,1,1,1,2,0.0
476,HAP_2,HAP,0.686017,0.923492,0.276853,0.08462,1,1,1,0,0.324106
476,LEO_0,LEO,0.711717,0.933953,0.240075,0.057055,1,1,1,0,0.891693
476,LEO_1,LEO,0.645739,0.948469,0.03736,0.021441,4,0,0,0,0.61799
477,BS_0,BS,0.457337,0.83154,0.682335,0.428144,1,1,1,2,0.588418
477,BS_1,BS,0.572845,0.855395,0.457139,0.234735,1,1,1,1,0.283653
477,BS_2,BS,0.475437,0.846124,0.64352,0.42775,1,1,1,1,0.0
477,BS_3,BS,0.731431,0.850349,0.212753,0.212835,1,1,1,2,0.551503
477,BS_4,BS,0.643498,0.822227,0.340837,0.265192,1,1,1,7,0.0
477,HAP_0,HAP,0.739924,0.937343,0.001207,0.058402,3,0,0,0,0.510495
477,HAP_1,HAP,0.70548,0.865413,0.248877,0.242099,1,1,1,3,0.136542
477,HAP_2,HAP,0.797373,0.931509,0.026433,0.06801,2,0,0,0,0.600613
477,LEO_0,LEO,0.687044,0.927395,0.275357,0.079763,1,1,1,0,0.203283
477,LEO_1,LEO,0.893236,0.952465,0.012905,0.017227,1,1,0,0,0.53475
478,BS_0,BS,0.639668,0.836901,0.346806,0.396639,1,1,1,1,0.0
478,BS_1,BS,0.600211,0.850298,0.410474,0.263608,1,1,1,2,0.0
478,BS_2,BS,0.59872,0.844521,0.412962,0.418942,1,1,1,1,0.0
478,BS_3,BS,0.731334,0.853707,0.212885,0.190662,1,1,1,2,0.395931
478,BS_4,BS,0.629646,0.821026,0.362598,0.271319,1,1,1,5,0.676828
478,HAP_0,HAP,0.669469,0.94479,0.001271,0.046722,4,0,0,0,0.500741
478,HAP_1,HAP,0.495878,0.842735,0.601425,0.35645,1,1,1,4,0.180045
478,HAP_2,HAP,0.703397,0.921017,0.251834,0.082948,1,1,1,0,0.992564
478,LEO_0,LEO,0.775436,0.9354,0.05433,0.065139,2,0,0,0,0.325939
478,LEO_1,LEO,0.741769,0.941494,0.198717,0.031552,1,1,1,0,0.931033
479,BS_0,BS,0.532931,0.824255,0.529363,0.443412,1,1,1,2,0.604334
479,BS_1,BS,0.746644,0.857521,0.192167,0.227504,1,1,1,1,0.48103
479,BS_2,BS,0.487636,0.837006,0.618187,0.507123,1,1,1,0,0.0
479,BS_3,BS,0.709349,0.853601,0.243408,0.179191,1,1,1,3,0.511817
479,BS_4,BS,0.621704,0.819303,0.375291,0.280434,1,1,1,8,0.570259
479,HAP_0,HAP,0.85275,0.948138,0.059289,0.03896,1,1,0,0,0.391979
479,HAP_1,HAP,0.430277,0.825615,0.743327,0.533801,1,1,1,1,0.0
479,HAP_2,HAP,0.807499,0.923367,0.113813,0.072187,1,1,1,0,0.600201
479,LEO_0,LEO,0.753939,0.930565,0.182443,0.06709,1,1,1,0,0.76961
479,LEO_1,LEO,0.807569,0.944206,0.013726,0.025326,2,0,0,0,0.806765
480,BS_0,BS,0.602557,0.827062,0.406573,0.429115,1,1,1,1,0.0
480,BS_1,BS,0.629224,0.849983,0.363269,0.241387,1,1,1,2,0.739125
480,BS_2,BS,0.610011,0.843823,0.394278,0.475653,1,1,1,1,0.0
480,BS_3,BS,0.676347,0.850466,0.291048,0.181472,1,1,1,3,0.763084
480,BS_4,BS,0.644347,0.820071,0.339518,0.27622,1,1,1,8,0.317833
480,HAP_0,HAP,0.744056,0.947022,0.095639,0.035284,2,0,0,0,0.615292
480,HAP_1,HAP,0.492077,0.812159,0.609119,0.594002,1,1,1,4,0.270112
480,HAP_2,HAP,0.759377,0.928348,0.075256,0.060298,2,0,0,0,0.563342
480,LEO_0,LEO,0.773511,0.935635,0.056816,0.055124,2,0,0,0,0.505874
480,LEO_1,LEO,0.734668,0.94703,0.008337,0.020292,3,0,0,0,0.775152
481,BS_0,BS,0.739967,0.839192,0.20115,0.3615,1,1,1,2,0.492959
481,BS_1,BS,0.657197,0.851092,0.319772,0.239124,1,1,1,1,0.226928
481,BS_2,BS,0.418201,0.818263,0.771793,0.648572,1,1,1,2,0.661402
481,BS_3,BS,0.731617,0.852633,0.212497,0.165497,1,1,1,3,0.396239
481,BS_4,BS,0.646389,0.820876,0.336354,0.271887,1,1,1,8,0.232784
481,HAP_0,HAP,0.665235,0.930231,0.307615,0.070809,1,1,1,0,0.972437
481,HAP_1,HAP,0.674378,0.817907,0.293964,0.514089,1,1,1,3,0.371278
481,HAP_2,HAP,0.765979,0.928222,0.166601,0.060729,1,1,1,0,0.411756
481,LEO_0,LEO,0.683392,0.938616,0.080686,0.047029,3,0,0,0,0.496106
481,LEO_1,LEO,0.661449,0.948666,0.013322,0.016314,4,0,0,0,0.824036
482,BS_0,BS,0.644413,0.837492,0.339415,0.341041,1,1,1,1,0.977688
482,BS_1,BS,0.693739,0.854705,0.26566,0.223058,1,1,1,1,0.630621
482,BS_2,BS,0.492205,0.805865,0.608859,0.685677,1,1,1,2,0.0
482,BS_3,BS,0.708749,0.852453,0.244254,0.159245,1,1,1,3,1.319921
482,BS_4,BS,0.640445,0.820965,0.345592,0.271254,1,1,1,6,0.0
482,HAP_0,HAP,0.749796,0.93222,0.087954,0.060129,2,0,0,0,0.612676
482,HAP_1,HAP,0.681001,0.827758,0.284191,0.447615,1,1,1,3,0.0
482,HAP_2,HAP,0.533227,0.897957,0.528807,0.17442,1,1,1,0,1.784631
482,LEO_0,LEO,0.744767,0.935871,0.194683,0.054679,1,1,1,0,0.291313
482,LEO_1,LEO,0.817796,0.946422,0.101142,0.017654,1,1,1,0,0.601295
483,BS_0,BS,0.642167,0.838028,0.342908,0.325746,1,1,1,1,0.717251
483,BS_1,BS,0.610255,0.84684,0.393878,0.248259,1,1,1,1,0.62127
483,BS_2,BS,0.558662,0.810022,0.482211,0.653179,1,1,1,1,0.0
483,BS_3,BS,0.721544,0.853381,0.226362,0.150454,1,1,1,2,0.558733
483,BS_4,BS,0.59247,0.816365,0.423455,0.297695,1,1,1,4,0.44959
483,HAP_0,HAP,0.785389,0.931399,0.141576,0.057123,1,1,1,0,0.568188
483,HAP_1,HAP,0.770356,0.840344,0.160903,0.369742,1,1,1,4,0.360434
483,HAP_2,HAP,0.600296,0.888595,0.410332,0.215303,1,1,1,0,0.321528
483,LEO_0,LEO,0.741528,0.937344,0.099042,0.048157,2,0,0,0,0.592772
483,LEO_1,LEO,0.796103,0.94829,0.028027,0.014477,2,0,0,0,0.734697
484,BS_0,BS,0.501394,0.820722,0.590364,0.417435,1,1,1,2,0.733949
484,BS_1,BS,0.396097,0.825248,0.826096,0.505703,1,1,1,0,0.0
484,BS_2,BS,0.697485,0.826428,0.260274,0.553027,1,1,1,1,0.0
484,BS_3,BS,0.703946,0.852642,0.251054,0.148726,1,1,1,3,0.784311
484,BS_4,BS,0.642187,0.817519,0.342876,0.29106,1,1,1,4,0.0
484,HAP_0,HAP,0.758824,0.935392,0.075986,0.048296,2,0,0,0,0.498915
484,HAP_1,HAP,0.84459,0.856817,0.068904,0.29793,1,1,1,4,0.205896
484,HAP_2,HAP,0.705072,0.893269,0.249455,0.200245,1,1,1,0,0.201208
484,LEO_0,LEO,0.739473,0.945814,0.001818,0.038527,3,0,0,0,0.358735
484,LEO_1,LEO,0.726447,0.950417,0.01959,0.011754,3,0,0,0,0.700781
485,BS_0,BS,0.738186,0.833035,0.203559,0.352595,1,1,1,2,0.0
485,BS_1,BS,0.596578,0.830363,0.416545,0.482642,1,1,1,1,0.0
485,BS_2,BS,0.602296,0.827431,0.407007,0.516966,1,1,1,2,0.0
485,BS_3,BS,0.656693,0.847881,0.320539,0.165216,1,1,1,2,0.714811
485,BS_4,BS,0.647988,0.818983,0.333882,0.283013,1,1,1,5,0.0
485,HAP_0,HAP,0.731385,0.941429,0.012815,0.038711,3,0,0,0,0.635235
485,HAP_1,HAP,0.715956,0.85714,0.234136,0.263013,1,1,1,3,1.242441
485,HAP_2,HAP,0.859754,0.908927,0.051109,0.161372,1,1,1,0,0.261695
485,LEO_0,LEO,0.666567,0.952306,0.005615,0.030836,4,0,0,0,0.402313
485,LEO_1,LEO,0.816396,0.94896,0.102856,0.014164,1,1,1,0,0.47436
486,BS_0,BS,0.634533,0.834808,0.354865,0.338744,1,1,1,1,0.614063
486,BS_1,BS,0.610954,0.834737,0.392733,0.455521,1,1,1,1,0.0
486,BS_2,BS,0.797233,0.846607,0.126608,0.420786,1,1,1,1,0.0
486,BS_3,BS,0.788602,0.855055,0.137494,0.14068,1,1,1,3,0.42218
486,BS_4,BS,0.630128,0.818476,0.361833,0.285325,1,1,1,7,0.342799
486,HAP_0,HAP,0.614745,0.942941,0.086548,0.034339,4,0,0,0,0.473298
486,HAP_1,HAP,0.639265,0.855561,0.347436,0.264731,1,1,1,3,0.193824
486,HAP_2,HAP,0.788287,0.914025,0.137893,0.137654,1,1,1,0,0.539868
486,LEO_0,LEO,0.860511,0.954153,0.050228,0.025804,1,1,0,0,0.48454
486,LEO_1,LEO,0.746593,0.946739,0.092235,0.01516,2,0,0,0,0.731788
487,BS_0,BS,0.695696,0.840831,0.262842,0.302084,1,1,1,2,0.526564
487,BS_1,BS,0.664843,0.844439,0.308205,0.407163,1,1,1,1,0.0
487,BS_2,BS,0.593218,0.838406,0.422193,0.41684,1,1,1,2,0.55204
487,BS_3,BS,0.728945,0.856075,0.216158,0.13357,1,1,1,3,0.246186
487,BS_4,BS,0.645451,0.819512,0.337807,0.279611,1,1,1,6,0.0
487,HAP_0,HAP,0.792892,0.942102,0.132069,0.035321,1,1,1,0,0.415596
487,HAP_1,HAP,0.686109,0.856929,0.276718,0.246243,1,1,1,4,0.196817
487,HAP_2,HAP,0.797543,0.92561,0.026219,0.110432,2,0,0,0,0.383453
487,LEO_0,LEO,0.810093,0.957999,0.010607,0.020694,2,0,0,0,0.468861
487,LEO_1,LEO,0.818128,0.944324,0.100737,0.016694,1,1,1,0,0.705428
488,BS_0,BS,0.631029,0.842621,0.360403,0.300118,1,1,1,1,0.457548
488,BS_1,BS,0.638075,0.848525,0.349299,0.380635,1,1,1,1,0.0
488,BS_2,BS,0.811075,0.852945,0.109395,0.338857,1,1,1,2,0.0
488,BS_3,BS,0.596647,0.847431,0.41643,0.184892,1,1,1,3,0.260423
488,BS_4,BS,0.63874,0.819714,0.348258,0.278267,1,1,1,4,0.0
488,HAP_0,HAP,0.809917,0.948472,0.010823,0.028309,2,0,0,0,0.461899
488,HAP_1,HAP,0.80068,0.8681,0.122294,0.203724,1,1,1,3,0.132159
488,HAP_2,HAP,0.71609,0.933513,0.033949,0.088865,3,0,0,0,0.516443
488,LEO_0,LEO,0.741395,0.94693,0.199221,0.034415,1,1,1,0,0.822303
488,LEO_1,LEO,0.801784,0.939671,0.120916,0.019935,1,1,1,0,0.89118
489,BS_0,BS,0.452034,0.819694,0.693999,0.45683,1,1,1,2,0.0
489,BS_1,BS,0.525353,0.833529,0.543685,0.437525,1,1,1,1,0.637067
489,BS_2,BS,0.737702,0.86017,0.204215,0.289853,1,1,1,2,0.2669
489,BS_3,BS,0.510297,0.837332,0.572762,0.295539,1,1,1,2,0.0
489,BS_4,BS,0.632713,0.819307,0.357739,0.280203,1,1,1,8,0.0
489,HAP_0,HAP,0.706477,0.950495,0.047465,0.023661,3,0,0,0,0.565343
489,HAP_1,HAP,0.795171,0.875289,0.129198,0.170491,1,1,1,4,0.3731
489,HAP_2,HAP,0.629612,0.939561,0.062651,0.072858,4,0,0,0,0.312755
489,LEO_0,LEO,0.812817,0.950083,0.007249,0.027556,2,0,0,0,0.690457
489,LEO_1,LEO,0.779392,0.93685,0.149241,0.02597,1,1,1,0,0.528222
490,BS_0,BS,0.785815,0.834816,0.141034,0.374415,1,1,1,2,0.0
490,BS_1,BS,0.658981,0.840285,0.317061,0.395257,1,1,1,1,0.0
490,BS_2,BS,0.613692,0.850854,0.388262,0.299719,1,1,1,2,0.212629
490,BS_3,BS,0.495356,0.820467,0.602479,0.399773,1,1,1,3,0.0
490,BS_4,BS,0.635031,0.819201,0.354081,0.28058,1,1,1,8,0.643122
490,HAP_0,HAP,0.62589,0.952587,0.06858,0.021045,4,0,0,0,0.325899
490,HAP_1,HAP,0.791854,0.880944,0.133378,0.144398,1,1,1,4,0.228466
490,HAP_2,HAP,0.834607,0.943584,0.080795,0.061224,1,1,0,0,0.314961
490,LEO_0,LEO,0.652462,0.928623,0.327002,0.070163,1,1,1,0,1.302217
490,LEO_1,LEO,0.800756,0.941434,0.0222,0.020998,2,0,0,0,0.690846
491,BS_0,BS,0.578483,0.827568,0.447347,0.389585,1,1,1,1,0.969874
491,BS_1,BS,0.693981,0.846839,0.265311,0.347881,1,1,1,1,0.487215
491,BS_2,BS,0.469511,0.835618,0.656064,0.433464,1,1,1,1,0.0
491,BS_3,BS,0.795496,0.836415,0.128789,0.327282,1,1,1,2,0.0
491,BS_4,BS,0.63191,0.81882,0.359008,0.282463,1,1,1,9,0.0
491,HAP_0,HAP,0.81851,0.949826,0.100269,0.021361,1,1,1,0,0.68601
491,HAP_1,HAP,0.760629,0.880927,0.17361,0.129082,1,1,1,4,0.524001
491,HAP_2,HAP,0.624713,0.923622,0.370463,0.110738,1,1,1,0,1.046681
491,LEO_0,LEO,0.616237,0.914771,0.384124,0.122529,1,1,1,0,0.339451
491,LEO_1,LEO,0.634659,0.920167,0.354668,0.073404,1,1,1,0,1.294706
492,BS_0,BS,0.610529,0.825053,0.39343,0.381322,1,1,1,2,0.0
492,BS_1,BS,0.649521,0.84711,0.331521,0.327763,1,1,1,1,0.749744
492,BS_2,BS,0.48094,0.829433,0.632013,0.526519,1,1,1,0,0.0
492,BS_3,BS,0.680384,0.83758,0.285098,0.298402,1,1,1,2,0.745171
492,BS_4,BS,0.646858,0.819919,0.335628,0.276661,1,1,1,9,0.0
492,HAP_0,HAP,0.555464,0.917339,0.487952,0.124232,1,1,1,0,1.822511
492,HAP_1,HAP,0.781885,0.881401,0.146048,0.112864,1,1,1,4,0.521777
492,HAP_2,HAP,0.794593,0.925146,0.129925,0.096187,1,1,1,0,0.519164
492,LEO_0,LEO,0.765778,0.918075,0.166862,0.110552,1,1,1,0,0.339203
492,LEO_1,LEO,0.601146,0.907096,0.408918,0.133969,1,1,1,0,0.27031
493,BS_0,BS,0.68991,0.830146,0.271194,0.338154,1,1,1,1,0.798005
493,BS_1,BS,0.56112,0.842504,0.477821,0.364951,1,1,1,1,0.322223
493,BS_2,BS,0.465219,0.814022,0.665246,0.620364,1,1,1,1,0.585035
493,BS_3,BS,0.680795,0.838105,0.284495,0.275143,1,1,1,3,0.271657
493,BS_4,BS,0.603804,0.816664,0.404506,0.29496,1,1,1,8,0.225199
493,HAP_0,HAP,0.654265,0.907498,0.324242,0.146696,1,1,1,0,0.533602
493,HAP_1,HAP,0.774004,0.883552,0.156178,0.101267,1,1,1,3,0.335037
493,HAP_2,HAP,0.802973,0.932312,0.019434,0.07712,2,0,0,0,0.680832
493,LEO_0,LEO,0.798099,0.920816,0.125523,0.095532,1,1,1,0,0.670896
493,LEO_1,LEO,0.793384,0.918532,0.031448,0.10762,2,0,0,0,0.544633
494,BS_0,BS,0.765181,0.840834,0.167643,0.28317,1,1,1,2,0.58768
494,BS_1,BS,0.58694,0.84673,0.432833,0.376266,1,1,1,0,0.0
494,BS_2,BS,0.598345,0.821429,0.413587,0.573266,1,1,1,1,0.0
494,BS_3,BS,0.690252,0.839264,0.270699,0.25309,1,1,1,3,0.636526
494,BS_4,BS,0.647355,0.81824,0.334861,0.286428,1,1,1,7,0.0
494,HAP_0,HAP,0.700325,0.906579,0.25621,0.146896,1,1,1,0,0.332986
494,HAP_1,HAP,0.652176,0.879102,0.327441,0.129262,1,1,1,3,0.0
494,HAP_2,HAP,0.568128,0.904598,0.465408,0.159168,1,1,1,0,2.301702
494,LEO_0,LEO,0.792559,0.928479,0.032489,0.076901,2,0,0,0,0.625155
494,LEO_1,LEO,0.681406,0.925335,0.083597,0.089241,3,0,0,0,0.427978
495,BS_0,BS,0.703243,0.84663,0.252052,0.255124,1,1,1,2,0.418051
495,BS_1,BS,0.504343,0.835484,0.584498,0.45475,1,1,1,1,0.502323
495,BS_2,BS,0.609048,0.828039,0.395857,0.529129,1,1,1,1,0.0
495,BS_3,BS,0.619377,0.83776,0.379041,0.267124,1,1,1,2,0.318752
495,BS_4,BS,0.647171,0.819483,0.335144,0.279687,1,1,1,6,0.222364
495,HAP_0,HAP,0.800021,0.919407,0.023117,0.117757,2,0,0,0,0.457481
495,HAP_1,HAP,0.56779,0.861841,0.466003,0.201131,1,1,1,4,0.133306
495,HAP_2,HAP,0.622224,0.894896,0.374456,0.190432,1,1,1,0,0.456128
495,LEO_0,LEO,0.709068,0.933762,0.043803,0.062384,3,0,0,0,0.643601
495,LEO_1,LEO,0.629316,0.931698,0.063122,0.073186,4,0,0,0,0.485924
496,BS_0,BS,0.601058,0.838578,0.409063,0.279399,1,1,1,2,0.414137
496,BS_1,BS,0.648066,0.846995,0.333763,0.413929,1,1,1,0,0.0
496,BS_2,BS,0.642375,0.835989,0.342584,0.476117,1,1,1,1,0.0
496,BS_3,BS,0.625495,0.841097,0.369212,0.275042,1,1,1,1,0.0
496,BS_4,BS,0.629044,0.818773,0.363553,0.283226,1,1,1,9,0.0
496,HAP_0,HAP,0.600777,0.899994,0.409531,0.169678,1,1,1,0,1.258149
496,HAP_1,HAP,0.701106,0.864497,0.255096,0.190188,1,1,1,3,0.0
496,HAP_2,HAP,0.729873,0.898809,0.214884,0.173124,1,1,1,0,0.368967
496,LEO_0,LEO,0.770416,0.929211,0.160824,0.061546,1,1,1,0,0.858773
496,LEO_1,LEO,0.903246,0.939497,0.00176,0.05855,1,1,0,0,0.5999
497,BS_0,BS,0.750026,0.848587,0.187647,0.239365,1,1,1,2,0.0
497,BS_1,BS,0.546176,0.844891,0.504813,0.445819,1,1,1,1,0.0
497,BS_2,BS,0.548911,0.837625,0.499819,0.493312,1,1,1,0,0.0
497,BS_3,BS,0.48394,0.821939,0.625793,0.396261,1,1,1,3,0.0
497,BS_4,BS,0.642032,0.819432,0.343117,0.279559,1,1,1,8,0.0
497,HAP_0,HAP,0.547399,0.887649,0.502577,0.249405,1,1,1,0,0.0
497,HAP_1,HAP,0.786197,0.870841,0.140549,0.16104,1,1,1,4,0.298521
497,HAP_2,HAP,0.768328,0.911329,0.063538,0.140316,2,0,0,0,0.382911
497,LEO_0,LEO,0.815807,0.935434,0.003577,0.049243,2,0,0,0,0.761288
497,LEO_1,LEO,0.552456,0.908844,0.493382,0.156382,1,1,1,0,1.641405
498,BS_0,BS,0.365812,0.819886,0.905635,0.56057,1,1,1,0,0.305288
498,BS_1,BS,0.450569,0.825685,0.697244,0.575423,1,1,1,1,0.357395
498,BS_2,BS,0.542589,0.833478,0.511403,0.512339,1,1,1,1,0.267903
498,BS_3,BS,0.643781,0.82831,0.340397,0.369151,1,1,1,2,0.0
498,BS_4,BS,0.644953,0.820231,0.338578,0.275233,1,1,1,7,0.671624
498,HAP_0,HAP,0.856202,0.902276,0.055249,0.200898,1,1,1,0,0.511239
498,HAP_1,HAP,0.737334,0.869925,0.204715,0.14769,1,1,1,4,0.362119
498,HAP_2,HAP,0.703397,0.905316,0.251834,0.140792,1,1,1,0,0.981945
498,LEO_0,LEO,0.801701,0.931604,0.12102,0.045985,1,1,1,0,0.992213
498,LEO_1,LEO,0.61171,0.897787,0.391497,0.194077,1,1,1,0,0.396039
499,BS_0,BS,0.638551,0.831067,0.348554,0.503127,1,1,1,1,0.0
499,BS_1,BS,0.578847,0.830362,0.446717,0.550138,1,1,1,1,0.0
499,BS_2,BS,0.521716,0.82439,0.550632,0.546309,1,1,1,1,0.258933
499,BS_3,BS,0.682541,0.832406,0.281933,0.331089,1,1,1,2,0.270885
499,BS_4,BS,0.648265,0.821177,0.333456,0.270223,1,1,1,7,0.692971
499,HAP_0,HAP,0.71864,0.900179,0.230395,0.184605,1,1,1,0,0.864099
499,HAP_1,HAP,0.686705,0.868714,0.27585,0.152394,1,1,1,3,0.116229
499,HAP_2,HAP,0.786854,0.910085,0.139712,0.121417,1,1,1,0,0.507283
499,LEO_0,LEO,0.774399,0.92916,0.155668,0.047692,1,1,1,0,0.610912
499,LEO_1,LEO,0.707948,0.900214,0.245385,0.182358,1,1,1,0,0.266568
500,BS_0,BS,0.423583,0.806528,0.759007,0.661742,1,1,1,2,0.761875
500,BS_1,BS,0.543253,0.826665,0.510179,0.557238,1,1,1,1,0.21308
500,BS_2,BS,0.485684,0.82031,0.622196,0.611255,1,1,1,0,0.0
500,BS_3,BS,0.726937,0.838124,0.218915,0.286437,1,1,1,3,0.642822
500,BS_4,BS,0.63339,0.820542,0.356669,0.273425,1,1,1,6,0.658367
500,HAP_0,HAP,0.773587,0.910463,0.056717,0.149131,2,0,0,0,0.589103
500,HAP_1,HAP,0.812514,0.875671,0.107622,0.127127,1,1,1,4,0.327678
500,HAP_2,HAP,0.770968,0.914658,0.160109,0.10867,1,1,1,0,0.33075
500,LEO_0,LEO,0.800001,0.930536,0.123143,0.044978,1,1,1,0,0.505847
500,LEO_1,LEO,0.786298,0.913111,0.040419,0.146621,2,0,0,0,0.49703
