slot,ap_id,tier,fidelity,trust,mismatch,uncertainty,twin_age,sync_triggered,coordination_triggered,queue_size,local_load
1,BS_0,BS,0.332871,0.763567,1.0,1.116968,1,1,1,3,0.0
1,BS_1,BS,0.332871,0.714619,1.0,0.452517,1,1,1,1,0.0
1,BS_2,BS,0.332871,0.71448,1.0,1.194326,1,1,1,4,0.0
1,BS_3,BS,0.332871,0.716828,1.0,0.655879,1,1,1,2,0.0
1,BS_4,BS,0.332871,0.768926,1.0,0.960275,1,1,1,3,0.0
1,HAP_0,HAP,0.904837,0.764073,0.0,0.0,1,0,0,0,0.0
1,HAP_1,HAP,0.904837,0.7997,0.0,0.0,1,0,0,0,0.0
1,HAP_2,HAP,0.332871,0.880145,1.0,0.696908,1,1,1,4,0.0
1,LEO_0,LEO,0.904837,0.87698,0.0,0.0,1,0,0,0,0.0
1,LEO_1,LEO,0.904837,0.927737,0.0,0.0,1,0,0,0,0.0
2,BS_0,BS,0.658919,0.776825,0.317155,0.938838,1,1,1,3,0.0
2,BS_1,BS,0.702601,0.74966,0.252966,0.39081,1,1,1,1,0.0
2,BS_2,BS,0.661465,0.737786,0.313299,0.999631,1,1,1,5,0.0
2,BS_3,BS,0.674254,0.750249,0.294149,0.563639,1,1,1,1,0.0
2,BS_4,BS,0.695611,0.786028,0.262964,0.799338,1,1,1,3,0.0
2,HAP_0,HAP,0.693476,0.791306,0.266039,0.031849,1,1,1,0,0.498823
2,HAP_1,HAP,0.644501,0.814314,0.339279,0.0518,1,1,1,0,0.636148
2,HAP_2,HAP,0.590203,0.874143,0.427289,0.639686,1,1,1,1,0.0
2,LEO_0,LEO,0.455447,0.850098,0.686475,0.212062,1,1,1,0,1.287141
2,LEO_1,LEO,0.525225,0.901395,0.543928,0.133136,1,1,1,0,1.019865
3,BS_0,BS,0.636321,0.787995,0.352052,0.806844,1,1,1,2,0.0
3,BS_1,BS,0.533862,0.754699,0.527619,0.437919,1,1,1,2,1.669119
3,BS_2,BS,0.66198,0.756478,0.31252,0.843656,1,1,1,6,0.0
3,BS_3,BS,0.635907,0.77038,0.352702,0.506891,1,1,1,2,0.0
3,BS_4,BS,0.711858,0.800058,0.239878,0.665364,1,1,1,2,0.0
3,HAP_0,HAP,0.723628,0.813091,0.223478,0.047954,1,1,1,0,0.718315
3,HAP_1,HAP,0.812894,0.839343,0.107154,0.046607,1,1,1,0,0.582603
3,HAP_2,HAP,0.55376,0.859272,0.491023,0.620245,1,1,1,3,0.486718
3,LEO_0,LEO,0.72884,0.862108,0.216302,0.190703,1,1,1,0,0.366719
3,LEO_1,LEO,0.761086,0.906803,0.173009,0.119978,1,1,1,0,0.287527
4,BS_0,BS,0.692692,0.799897,0.267169,0.677596,1,1,1,3,0.0
4,BS_1,BS,0.736996,0.777097,0.205173,0.369279,1,1,1,1,0.689081
4,BS_2,BS,0.645304,0.7699,0.338034,0.726345,1,1,1,5,0.0
4,BS_3,BS,0.606287,0.78813,0.400402,0.477657,1,1,1,1,0.0
4,BS_4,BS,0.682294,0.808235,0.282294,0.568152,1,1,1,3,0.772136
4,HAP_0,HAP,0.812051,0.83973,0.108192,0.04363,1,1,1,0,0.3678
4,HAP_1,HAP,0.561951,0.830392,0.476341,0.139391,1,1,1,0,1.420823
4,HAP_2,HAP,0.668935,0.857531,0.302068,0.537256,1,1,1,3,0.37929
4,LEO_0,LEO,0.834679,0.880412,0.080708,0.155494,1,1,1,0,0.429103
4,LEO_1,LEO,0.802005,0.911944,0.12064,0.102532,1,1,1,0,0.684279
5,BS_0,BS,0.680633,0.80794,0.284733,0.578559,1,1,1,3,0.0
5,BS_1,BS,0.74563,0.798303,0.193525,0.312276,1,1,1,2,0.302215
5,BS_2,BS,0.649003,0.780981,0.332319,0.630772,1,1,1,5,0.0
5,BS_3,BS,0.616284,0.800564,0.384047,0.448497,1,1,1,1,0.0
5,BS_4,BS,0.562524,0.807062,0.475322,0.55619,1,1,1,2,0.0
5,HAP_0,HAP,0.795985,0.865095,0.028175,0.035262,2,0,0,0,0.518532
5,HAP_1,HAP,0.617803,0.836069,0.381586,0.177036,1,1,1,0,0.356129
5,HAP_2,HAP,0.70937,0.859001,0.243378,0.45646,1,1,1,4,0.185257
5,LEO_0,LEO,0.716509,0.882154,0.233364,0.148902,1,1,1,0,0.91097
5,LEO_1,LEO,0.780633,0.912582,0.14765,0.091836,1,1,1,0,0.857666
6,BS_0,BS,0.653187,0.81182,0.325892,0.51064,1,1,1,3,0.758423
6,BS_1,BS,0.68486,0.807577,0.27854,0.284734,1,1,1,2,0.444688
6,BS_2,BS,0.642011,0.789196,0.343149,0.557606,1,1,1,4,0.0
6,BS_3,BS,0.531696,0.795461,0.531683,0.486007,1,1,1,2,0.500193
6,BS_4,BS,0.68231,0.814512,0.282271,0.480807,1,1,1,3,0.646095
6,HAP_0,HAP,0.686262,0.881763,0.076496,0.030842,3,0,0,0,0.590454
6,HAP_1,HAP,0.800046,0.856822,0.123086,0.148446,1,1,1,0,0.447258
6,HAP_2,HAP,0.785069,0.864455,0.141984,0.37424,1,1,1,3,0.57684
6,LEO_0,LEO,0.799418,0.896459,0.023872,0.119378,2,0,0,0,0.774653
6,LEO_1,LEO,0.767287,0.914975,0.164894,0.085704,1,1,1,0,0.446801
7,BS_0,BS,0.690901,0.818427,0.269758,0.441258,1,1,1,2,0.0
7,BS_1,BS,0.763171,0.824013,0.170273,0.240834,1,1,1,2,0.0
7,BS_2,BS,0.648382,0.79636,0.333275,0.496067,1,1,1,4,0.0
7,BS_3,BS,0.764664,0.815757,0.168319,0.401555,1,1,1,2,0.0
7,BS_4,BS,0.663499,0.821271,0.310228,0.427954,1,1,1,3,0.0
7,HAP_0,HAP,0.629448,0.898003,0.062912,0.026455,4,0,0,0,0.310945
7,HAP_1,HAP,0.53393,0.840878,0.527491,0.243968,1,1,1,0,1.517615
7,HAP_2,HAP,0.656896,0.861222,0.32023,0.345538,1,1,1,3,0.588387
7,LEO_0,LEO,0.700401,0.907168,0.056102,0.096919,3,0,0,0,0.633252
7,LEO_1,LEO,0.759734,0.920679,0.074787,0.07108,2,0,0,0,0.721771
8,BS_0,BS,0.399019,0.798991,0.818746,0.654662,1,1,1,1,0.0
8,BS_1,BS,0.686859,0.828306,0.275626,0.226854,1,1,1,3,0.236647
8,BS_2,BS,0.645623,0.801836,0.33754,0.448124,1,1,1,4,0.0
8,BS_3,BS,0.723213,0.827895,0.224051,0.343833,1,1,1,1,0.570605
8,BS_4,BS,0.635249,0.824051,0.353739,0.398672,1,1,1,1,0.45932
8,HAP_0,HAP,0.827249,0.907103,0.089649,0.024781,1,1,0,0,0.649275
8,HAP_1,HAP,0.704203,0.850075,0.250689,0.223455,1,1,1,0,0.625108
8,HAP_2,HAP,0.695755,0.86181,0.262758,0.307499,1,1,1,3,0.404433
8,LEO_0,LEO,0.607861,0.913859,0.097809,0.08184,4,0,0,0,0.585043
8,LEO_1,LEO,0.727827,0.930056,0.017692,0.057005,3,0,0,0,0.50796
9,BS_0,BS,0.742804,0.817813,0.197324,0.541251,1,1,1,2,0.0
9,BS_1,BS,0.687752,0.831312,0.274327,0.215348,1,1,1,3,0.0
9,BS_2,BS,0.632459,0.80498,0.358141,0.416218,1,1,1,6,0.0
9,BS_3,BS,0.678835,0.831399,0.287377,0.31223,1,1,1,2,0.457146
9,BS_4,BS,0.607538,0.828622,0.398341,0.390342,1,1,1,1,0.0
9,HAP_0,HAP,0.635252,0.893501,0.353733,0.076132,1,1,1,0,1.221695
9,HAP_1,HAP,0.797072,0.866014,0.126811,0.186,1,1,1,0,0.614917
9,HAP_2,HAP,0.695486,0.864201,0.263145,0.27716,1,1,1,2,0.357593
9,LEO_0,LEO,0.654969,0.909071,0.323167,0.112468,1,1,1,0,0.178136
9,LEO_1,LEO,0.660321,0.937225,0.015029,0.045706,4,0,0,0,0.603991
10,BS_0,BS,0.582366,0.813903,0.440657,0.520381,1,1,1,3,1.196455
10,BS_1,BS,0.619676,0.829962,0.378559,0.236766,1,1,1,3,0.0
10,BS_2,BS,0.646068,0.808773,0.33685,0.384035,1,1,1,5,0.0
10,BS_3,BS,0.602294,0.83311,0.40701,0.32433,1,1,1,1,0.0
10,BS_4,BS,0.67833,0.83665,0.288121,0.34963,1,1,1,2,0.0
10,HAP_0,HAP,0.625484,0.888289,0.369229,0.122254,1,1,1,0,0.270814
10,HAP_1,HAP,0.587812,0.853643,0.431348,0.232528,1,1,1,0,1.677907
10,HAP_2,HAP,0.598078,0.852627,0.414035,0.298869,1,1,1,4,0.750694
10,LEO_0,LEO,0.766035,0.920667,0.066527,0.091966,2,0,0,0,0.259095
10,LEO_1,LEO,0.857583,0.940066,0.053637,0.037859,1,1,0,0,0.664112
11,BS_0,BS,0.695251,0.820532,0.263482,0.447545,1,1,1,3,0.0
11,BS_1,BS,0.605199,0.830765,0.402197,0.262206,1,1,1,2,0.0
11,BS_2,BS,0.643753,0.811592,0.34044,0.359383,1,1,1,6,0.0
11,BS_3,BS,0.701296,0.844795,0.254825,0.288685,1,1,1,1,0.0
11,BS_4,BS,0.625372,0.842327,0.369409,0.341112,1,1,1,1,0.0
11,HAP_0,HAP,0.754853,0.90151,0.081232,0.100773,2,0,0,0,0.421955
11,HAP_1,HAP,0.576016,0.850598,0.45162,0.277804,1,1,1,0,0.320191
11,HAP_2,HAP,0.697049,0.8533,0.2609,0.269726,1,1,1,4,0.109355
11,LEO_0,LEO,0.589749,0.900833,0.428058,0.156028,1,1,1,0,1.187151
11,LEO_1,LEO,0.654269,0.9214,0.324236,0.077595,1,1,1,0,1.237463
12,BS_0,BS,0.358915,0.7957,0.92467,0.742793,1,1,1,1,0.0
12,BS_1,BS,0.620531,0.828167,0.37718,0.273784,1,1,1,3,0.710112
12,BS_2,BS,0.647419,0.814188,0.334761,0.337936,1,1,1,4,0.0
12,BS_3,BS,0.518103,0.829101,0.557581,0.370851,1,1,1,2,0.781985
12,BS_4,BS,0.610876,0.841235,0.392862,0.342343,1,1,1,1,0.610659
12,HAP_0,HAP,0.787545,0.90533,0.138835,0.089292,1,1,1,0,0.837352
12,HAP_1,HAP,0.844191,0.870783,0.069376,0.224409,1,1,1,0,0.561176
12,HAP_2,HAP,0.766793,0.858079,0.165539,0.228112,1,1,1,3,0.731447
12,LEO_0,LEO,0.706865,0.900823,0.246916,0.152258,1,1,1,0,0.378193
12,LEO_1,LEO,0.683997,0.914302,0.279802,0.097307,1,1,1,0,0.473679
13,BS_0,BS,0.605233,0.801654,0.402141,0.667007,1,1,1,2,0.0
13,BS_1,BS,0.736618,0.836773,0.205686,0.238065,1,1,1,3,0.0
13,BS_2,BS,0.643432,0.815894,0.340939,0.322656,1,1,1,5,0.0
13,BS_3,BS,0.644636,0.835321,0.339069,0.348417,1,1,1,2,0.0
13,BS_4,BS,0.55553,0.839845,0.487833,0.380966,1,1,1,1,0.0
13,HAP_0,HAP,0.747654,0.913045,0.090815,0.075145,2,0,0,0,0.532486
13,HAP_1,HAP,0.694844,0.87108,0.264068,0.210907,1,1,1,0,1.074464
13,HAP_2,HAP,0.769497,0.864071,0.162018,0.194302,1,1,1,3,0.473463
13,LEO_0,LEO,0.791701,0.912371,0.033571,0.122313,2,0,0,0,0.65843
13,LEO_1,LEO,0.750527,0.916159,0.18698,0.093578,1,1,1,0,0.357261
14,BS_0,BS,0.670036,0.809142,0.300424,0.57422,1,1,1,2,0.502412
14,BS_1,BS,0.701582,0.839615,0.254417,0.21958,1,1,1,2,0.224918
14,BS_2,BS,0.646623,0.817556,0.335992,0.308926,1,1,1,4,0.0
14,BS_3,BS,0.674826,0.838554,0.2933,0.317445,1,1,1,1,0.559746
14,BS_4,BS,0.466988,0.820829,0.661452,0.501656,1,1,1,2,0.63785
14,HAP_0,HAP,0.7229,0.913203,0.224484,0.082793,1,1,1,0,0.326324
14,HAP_1,HAP,0.739733,0.878888,0.201466,0.18699,1,1,1,0,0.49346
14,HAP_2,HAP,0.709969,0.86217,0.242534,0.181912,1,1,1,4,0.427644
14,LEO_0,LEO,0.795934,0.918356,0.128239,0.105251,1,1,1,0,0.323929
14,LEO_1,LEO,0.772209,0.92567,0.0585,0.076402,2,0,0,0,0.366823
15,BS_0,BS,0.75751,0.825432,0.177719,0.473589,1,1,1,2,0.0
15,BS_1,BS,0.719143,0.843003,0.229695,0.199406,1,1,1,3,0.473267
15,BS_2,BS,0.620438,0.817444,0.377329,0.31121,1,1,1,3,0.0
15,BS_3,BS,0.739696,0.846495,0.201517,0.27223,1,1,1,2,0.651271
15,BS_4,BS,0.531995,0.810524,0.531121,0.528265,1,1,1,2,0.558469
15,HAP_0,HAP,0.765703,0.921102,0.06696,0.068252,2,0,0,0,0.586182
15,HAP_1,HAP,0.855784,0.89411,0.055738,0.15099,1,1,1,0,0.559857
15,HAP_2,HAP,0.794549,0.867031,0.12998,0.153132,1,1,1,4,0.494205
15,LEO_0,LEO,0.768422,0.918198,0.163417,0.096218,1,1,1,0,0.739103
15,LEO_1,LEO,0.726249,0.934421,0.019863,0.061299,3,0,0,0,0.521668
16,BS_0,BS,0.685404,0.835226,0.277747,0.413586,1,1,1,2,0.0
16,BS_1,BS,0.677786,0.842085,0.288924,0.197089,1,1,1,3,0.282559
16,BS_2,BS,0.680283,0.822049,0.285246,0.285583,1,1,1,5,0.0
16,BS_3,BS,0.58255,0.836324,0.44034,0.305038,1,1,1,2,0.473948
16,BS_4,BS,0.766939,0.826721,0.165348,0.434915,1,1,1,2,0.0
16,HAP_0,HAP,0.685223,0.926593,0.07801,0.05734,3,0,0,0,0.564954
16,HAP_1,HAP,0.73926,0.894306,0.202105,0.139173,1,1,1,0,0.965498
16,HAP_2,HAP,0.812703,0.8722,0.10739,0.127696,1,1,1,4,0.513376
16,LEO_0,LEO,0.78472,0.926457,0.042429,0.077785,2,0,0,0,0.527369
16,LEO_1,LEO,0.611436,0.936016,0.091945,0.052844,4,0,0,0,0.627436
17,BS_0,BS,0.573204,0.827099,0.456514,0.424651,1,1,1,3,0.0
17,BS_1,BS,0.513928,0.830746,0.565672,0.301665,1,1,1,2,0.0
17,BS_2,BS,0.661171,0.823856,0.313743,0.272762,1,1,1,4,0.0
17,BS_3,BS,0.781416,0.847389,0.146647,0.253708,1,1,1,2,0.0
17,BS_4,BS,0.610973,0.826277,0.392703,0.417329,1,1,1,1,0.799521
17,HAP_0,HAP,0.814904,0.932126,0.104685,0.050804,1,1,1,0,0.218256
17,HAP_1,HAP,0.785323,0.900821,0.14166,0.120369,1,1,1,0,0.544126
17,HAP_2,HAP,0.789662,0.874595,0.13615,0.110498,1,1,1,4,2.155217
17,LEO_0,LEO,0.815425,0.930292,0.104045,0.067099,1,1,1,0,0.440005
17,LEO_1,LEO,0.820097,0.939763,0.098332,0.046626,1,1,0,0,0.243635
18,BS_0,BS,0.732224,0.837382,0.211669,0.359882,1,1,1,3,0.0
18,BS_1,BS,0.696202,0.835073,0.262115,0.272249,1,1,1,2,0.729157
18,BS_2,BS,0.631,0.822466,0.36045,0.276675,1,1,1,6,0.0
18,BS_3,BS,0.529714,0.836899,0.535417,0.331969,1,1,1,1,0.426989
18,BS_4,BS,0.572534,0.820634,0.457683,0.428127,1,1,1,2,0.0
18,HAP_0,HAP,0.737108,0.927142,0.205021,0.059558,1,1,1,0,0.710439
18,HAP_1,HAP,0.746596,0.909957,0.092232,0.100123,2,0,0,0,0.492594
18,HAP_2,HAP,0.763956,0.875619,0.169245,0.101288,1,1,1,4,0.424217
18,LEO_0,LEO,0.75107,0.932821,0.086256,0.057027,2,0,0,0,0.663858
18,LEO_1,LEO,0.753914,0.94218,0.082477,0.040362,2,0,0,0,0.506508
19,BS_0,BS,0.708384,0.8409,0.244769,0.314866,1,1,1,2,0.795713
19,BS_1,BS,0.817308,0.847649,0.10174,0.222457,1,1,1,2,0.420901
19,BS_2,BS,0.649488,0.82308,0.331571,0.270813,1,1,1,5,0.562118
19,BS_3,BS,0.648884,0.836608,0.332502,0.315326,1,1,1,2,0.477468
19,BS_4,BS,0.684647,0.825191,0.278852,0.377493,1,1,1,2,0.57977
19,HAP_0,HAP,0.761912,0.930677,0.071924,0.049974,2,0,0,0,0.68368
19,HAP_1,HAP,0.800627,0.915911,0.12236,0.086836,1,1,1,0,0.460066
19,HAP_2,HAP,0.755161,0.882688,0.080825,0.08397,2,0,0,3,0.263796
19,LEO_0,LEO,0.73887,0.941195,0.002633,0.045625,3,0,0,0,0.457041
19,LEO_1,LEO,0.69422,0.945427,0.064967,0.034189,3,0,0,0,0.435372
20,BS_0,BS,0.773083,0.851154,0.157369,0.263037,1,1,1,2,0.269589
20,BS_1,BS,0.8395,0.858761,0.074948,0.180493,1,1,1,2,1.210632
20,BS_2,BS,0.648476,0.823477,0.333131,0.26659,1,1,1,4,0.0
20,BS_3,BS,0.647059,0.835794,0.335317,0.302858,1,1,1,2,0.0
20,BS_4,BS,0.368574,0.801629,0.898115,0.664968,1,1,1,1,0.0
20,HAP_0,HAP,0.68368,0.935288,0.080266,0.042879,3,0,0,0,0.386728
20,HAP_1,HAP,0.58113,0.894439,0.44278,0.157693,1,1,1,0,1.347462
20,HAP_2,HAP,0.847691,0.887645,0.06524,0.069091,1,1,0,4,0.590754
20,LEO_0,LEO,0.74103,0.933034,0.199715,0.054449,1,1,1,0,0.869777
20,LEO_1,LEO,0.618996,0.949312,0.079657,0.030207,4,0,0,0,0.170769
21,BS_0,BS,0.782481,0.857782,0.145285,0.219928,1,1,1,2,0.660975
21,BS_1,BS,0.638847,0.853252,0.34809,0.19892,1,1,1,2,0.734802
21,BS_2,BS,0.638777,0.822889,0.348201,0.267831,1,1,1,4,0.0
21,BS_3,BS,0.776279,0.847077,0.153243,0.252854,1,1,1,2,0.0
21,BS_4,BS,0.697123,0.818419,0.260793,0.562581,1,1,1,2,0.0
21,HAP_0,HAP,0.631129,0.93807,0.060246,0.035936,4,0,0,0,0.707259
21,HAP_1,HAP,0.607522,0.887231,0.398367,0.197568,1,1,1,0,0.259262
21,HAP_2,HAP,0.850119,0.891455,0.062379,0.057024,1,1,0,4,0.565041
21,LEO_0,LEO,0.761071,0.93361,0.073028,0.045959,2,0,0,0,0.855932
21,LEO_1,LEO,0.89794,0.955431,0.007652,0.024192,1,1,0,0,0.388707
22,BS_0,BS,0.563185,0.848363,0.474146,0.277109,1,1,1,1,0.567353
22,BS_1,BS,0.672409,0.853345,0.296888,0.1988,1,1,1,2,0.0
22,BS_2,BS,0.647462,0.82323,0.334695,0.264674,1,1,1,5,0.0
22,BS_3,BS,0.46323,0.830885,0.669532,0.404006,1,1,1,1,0.287322
22,BS_4,BS,0.701544,0.830773,0.254471,0.479204,1,1,1,2,0.0
22,HAP_0,HAP,0.877084,0.943412,0.031153,0.029186,1,1,0,0,0.483194
22,HAP_1,HAP,0.734139,0.894763,0.209057,0.177721,1,1,1,0,0.199264
22,HAP_2,HAP,0.818602,0.892171,0.100158,0.050134,1,1,1,3,0.718005
22,LEO_0,LEO,0.706793,0.937433,0.047018,0.037762,3,0,0,0,0.618438
22,LEO_1,LEO,0.776113,0.949299,0.153457,0.02995,1,1,1,0,0.640829
23,BS_0,BS,0.505041,0.831171,0.583115,0.374698,1,1,1,2,0.0
23,BS_1,BS,0.486413,0.841095,0.620697,0.332409,1,1,1,1,0.0
23,BS_2,BS,0.646823,0.823443,0.335683,0.262447,1,1,1,6,0.0
23,BS_3,BS,0.58619,0.827302,0.434111,0.408008,1,1,1,2,0.248658
23,BS_4,BS,0.564704,0.823101,0.471454,0.483385,1,1,1,2,0.0
23,HAP_0,HAP,0.755109,0.935895,0.180893,0.038074,1,1,1,0,0.868326
23,HAP_1,HAP,0.786344,0.902179,0.14036,0.151043,1,1,1,0,0.589355
23,HAP_2,HAP,0.800681,0.892649,0.122292,0.046837,1,1,1,3,0.554283
23,LEO_0,LEO,0.762107,0.934881,0.171669,0.043471,1,1,1,0,0.429735
23,LEO_1,LEO,0.818288,0.95402,0.00054,0.02396,2,0,0,0,0.527323
24,BS_0,BS,0.652174,0.830784,0.327444,0.348007,1,1,1,3,0.0
24,BS_1,BS,0.512358,0.828267,0.568732,0.411483,1,1,1,2,0.0
24,BS_2,BS,0.646228,0.824044,0.336602,0.260943,1,1,1,4,0.0
24,BS_3,BS,0.627619,0.826709,0.365822,0.386628,1,1,1,2,0.0
24,BS_4,BS,0.777817,0.836998,0.151264,0.397004,1,1,1,2,0.0
24,HAP_0,HAP,0.756348,0.93771,0.079254,0.033285,2,0,0,0,0.581719
24,HAP_1,HAP,0.788908,0.915284,0.037106,0.121454,2,0,0,0,0.398832
24,HAP_2,HAP,0.740376,0.887334,0.200598,0.055577,1,1,1,2,1.017421
24,LEO_0,LEO,0.789895,0.941012,0.035855,0.035355,2,0,0,0,0.473627
24,LEO_1,LEO,0.697818,0.938353,0.259797,0.049541,1,1,1,0,1.024735
25,BS_0,BS,0.676874,0.832309,0.29027,0.316321,1,1,1,4,0.0
25,BS_1,BS,0.569682,0.820756,0.462676,0.425517,1,1,1,3,0.334735
25,BS_2,BS,0.663204,0.825692,0.310673,0.252187,1,1,1,5,0.0
25,BS_3,BS,0.678368,0.831704,0.288066,0.346644,1,1,1,1,0.538314
25,BS_4,BS,0.570862,0.829697,0.460608,0.413075,1,1,1,1,0.778316
25,HAP_0,HAP,0.727655,0.941923,0.017929,0.026773,3,0,0,0,0.73999
25,HAP_1,HAP,0.674977,0.920457,0.093077,0.101061,3,0,0,0,0.667366
25,HAP_2,HAP,0.651631,0.878708,0.328277,0.092956,1,1,1,4,0.323281
25,LEO_0,LEO,0.7137,0.944733,0.037293,0.02891,3,0,0,0,0.611349
25,LEO_1,LEO,0.717505,0.931748,0.231976,0.063848,1,1,1,0,0.395136
26,BS_0,BS,0.66585,0.832466,0.306691,0.295384,1,1,1,4,0.711451
26,BS_1,BS,0.713845,0.82756,0.237089,0.365709,1,1,1,3,0.422708
26,BS_2,BS,0.654822,0.82617,0.323393,0.248812,1,1,1,5,0.0
26,BS_3,BS,0.721357,0.837375,0.226621,0.300426,1,1,1,2,0.390763
26,BS_4,BS,0.720271,0.838066,0.228127,0.353879,1,1,1,1,0.683935
26,HAP_0,HAP,0.749428,0.937619,0.188445,0.037399,1,1,1,0,0.397276
26,HAP_1,HAP,0.620217,0.92575,0.077686,0.083565,4,0,0,0,0.589689
26,HAP_2,HAP,0.649919,0.868819,0.330908,0.12364,1,1,1,4,0.566071
26,LEO_0,LEO,0.811359,0.942328,0.109044,0.028479,1,1,1,0,0.718453
26,LEO_1,LEO,0.79901,0.937858,0.024382,0.051346,2,0,0,0,0.634319
27,BS_0,BS,0.6046,0.829347,0.403189,0.30946,1,1,1,3,0.0
27,BS_1,BS,0.714803,0.832939,0.235749,0.317577,1,1,1,2,0.56892
27,BS_2,BS,0.647561,0.825867,0.334542,0.249413,1,1,1,5,0.0
27,BS_3,BS,0.568083,0.833416,0.465488,0.337847,1,1,1,1,0.241307
27,BS_4,BS,0.462551,0.826164,0.670999,0.485711,1,1,1,0,0.203433
27,HAP_0,HAP,0.792479,0.943451,0.032589,0.030397,2,0,0,0,0.470782
27,HAP_1,HAP,0.883392,0.934012,0.023987,0.067111,1,1,0,0,0.494775
27,HAP_2,HAP,0.827167,0.874812,0.089749,0.102537,1,1,0,3,0.734906
27,LEO_0,LEO,0.816782,0.939595,0.102383,0.0275,1,1,1,0,0.842621
27,LEO_1,LEO,0.72435,0.942888,0.02248,0.041304,3,0,0,0,0.604212
28,BS_0,BS,0.702609,0.833814,0.252954,0.276361,1,1,1,4,0.0
28,BS_1,BS,0.730324,0.838503,0.214267,0.274721,1,1,1,3,0.367413
28,BS_2,BS,0.644047,0.825296,0.339984,0.251545,1,1,1,5,0.0
28,BS_3,BS,0.639038,0.834938,0.347791,0.324709,1,1,1,2,0.0
28,BS_4,BS,0.54758,0.824403,0.502246,0.502082,1,1,1,1,0.0
28,HAP_0,HAP,0.732251,0.94906,0.011632,0.024378,3,0,0,0,0.508164
28,HAP_1,HAP,0.814225,0.934218,0.105518,0.058699,1,1,1,0,0.703764
28,HAP_2,HAP,0.79299,0.878253,0.131944,0.089864,1,1,1,3,0.590716
28,LEO_0,LEO,0.809086,0.938826,0.11185,0.02763,1,1,1,0,0.564295
28,LEO_1,LEO,0.654052,0.946756,0.024569,0.033315,4,0,0,0,0.60884
29,BS_0,BS,0.679442,0.834965,0.286483,0.258022,1,1,1,3,0.69804
29,BS_1,BS,0.71174,0.841401,0.240043,0.245706,1,1,1,3,0.490408
29,BS_2,BS,0.642,0.824647,0.343167,0.25423,1,1,1,4,0.0
29,BS_3,BS,0.665099,0.835296,0.30782,0.302406,1,1,1,2,0.30706
29,BS_4,BS,0.637525,0.831571,0.350162,0.456842,1,1,1,0,0.707862
29,HAP_0,HAP,0.670285,0.954068,5.2e-05,0.019503,4,0,0,0,0.522016
29,HAP_1,HAP,0.77579,0.929491,0.153874,0.057614,1,1,1,0,0.914937
29,HAP_2,HAP,0.658257,0.873602,0.318159,0.117442,1,1,1,2,0.266256
29,LEO_0,LEO,0.796712,0.943359,0.027261,0.022438,2,0,0,0,0.604745
29,LEO_1,LEO,0.869306,0.94989,0.040061,0.027374,1,1,0,0,0.486877
30,BS_0,BS,0.529113,0.825412,0.536554,0.335968,1,1,1,2,0.0
30,BS_1,BS,0.666908,0.839815,0.305104,0.238455,1,1,1,3,0.556867
30,BS_2,BS,0.647891,0.824675,0.334033,0.253594,1,1,1,4,0.0
30,BS_3,BS,0.736185,0.841473,0.206274,0.261072,1,1,1,2,0.0
30,BS_4,BS,0.55003,0.828457,0.497782,0.476977,1,1,1,1,0.0
30,HAP_0,HAP,0.850525,0.953434,0.061901,0.017326,1,1,0,0,0.633837
30,HAP_1,HAP,0.769523,0.932613,0.061984,0.04782,2,0,0,0,0.691226
30,HAP_2,HAP,0.708005,0.872481,0.245304,0.121032,1,1,1,3,0.333323
30,LEO_0,LEO,0.697641,0.943709,0.06005,0.019573,3,0,0,0,0.77029
30,LEO_1,LEO,0.800358,0.945478,0.122696,0.028674,1,1,1,0,0.756191
31,BS_0,BS,0.666296,0.827895,0.306022,0.310916,1,1,1,4,0.0
31,BS_1,BS,0.568447,0.832541,0.464847,0.288001,1,1,1,2,0.0
31,BS_2,BS,0.640717,0.82403,0.345168,0.256489,1,1,1,5,0.0
31,BS_3,BS,0.63224,0.840516,0.358486,0.266688,1,1,1,2,0.0
31,BS_4,BS,0.599924,0.834667,0.410953,0.457579,1,1,1,1,0.0
31,HAP_0,HAP,0.736553,0.941394,0.205774,0.032915,1,1,1,0,0.973218
31,HAP_1,HAP,0.699952,0.935347,0.056743,0.039705,3,0,0,0,0.735837
31,HAP_2,HAP,0.679489,0.871156,0.286414,0.133741,1,1,1,2,0.518544
31,LEO_0,LEO,0.669404,0.94839,0.001367,0.015659,4,0,0,0,0.627516
31,LEO_1,LEO,0.786663,0.939182,0.139955,0.031753,1,1,1,0,0.923581
32,BS_0,BS,0.379436,0.805449,0.869071,0.588611,1,1,1,1,0.0
32,BS_1,BS,0.440625,0.818112,0.719561,0.463396,1,1,1,1,0.0
32,BS_2,BS,0.647915,0.824184,0.333995,0.25539,1,1,1,4,0.0
32,BS_3,BS,0.547903,0.835805,0.501658,0.326597,1,1,1,1,0.0
32,BS_4,BS,0.566887,0.833775,0.467595,0.464454,1,1,1,1,0.0
32,HAP_0,HAP,0.776142,0.940719,0.05342,0.027617,2,0,0,0,0.923693
32,HAP_1,HAP,0.765301,0.932551,0.167486,0.044387,1,1,1,0,0.526229
32,HAP_2,HAP,0.567287,0.856108,0.466891,0.205087,1,1,1,4,0.243013
32,LEO_0,LEO,0.789961,0.946128,0.135772,0.020823,1,1,1,0,0.392388
32,LEO_1,LEO,0.776628,0.939003,0.052794,0.026657,2,0,0,0,0.926805
33,BS_0,BS,0.459903,0.790811,0.676739,0.676978,1,1,1,4,0.0
33,BS_1,BS,0.521555,0.810073,0.550941,0.507308,1,1,1,3,0.0
33,BS_2,BS,0.648339,0.824347,0.333341,0.254314,1,1,1,5,0.0
33,BS_3,BS,0.597476,0.832223,0.415041,0.338795,1,1,1,2,0.0
33,BS_4,BS,0.628503,0.841776,0.364414,0.431322,1,1,1,1,0.0
33,HAP_0,HAP,0.67149,0.939764,0.098256,0.026438,3,0,0,0,0.634699
33,HAP_1,HAP,0.771906,0.932711,0.158893,0.046871,1,1,1,0,0.33264
33,HAP_2,HAP,0.813071,0.86743,0.106937,0.169215,1,1,1,3,0.223485
33,LEO_0,LEO,0.786077,0.949004,0.0407,0.017404,2,0,0,0,0.571042
33,LEO_1,LEO,0.817534,0.938254,0.101463,0.025958,1,1,1,0,0.628272
34,BS_0,BS,0.596741,0.80007,0.416272,0.619559,1,1,1,2,0.0
34,BS_1,BS,0.786655,0.827639,0.139965,0.414662,1,1,1,2,0.347672
34,BS_2,BS,0.647045,0.824357,0.33534,0.254055,1,1,1,5,0.0
34,BS_3,BS,0.794535,0.84682,0.129998,0.278641,1,1,1,2,0.274895
34,BS_4,BS,0.585206,0.841703,0.435791,0.430519,1,1,1,1,0.251923
34,HAP_0,HAP,0.817309,0.938843,0.101738,0.025808,1,1,1,0,0.68505
34,HAP_1,HAP,0.794326,0.939626,0.030262,0.037909,2,0,0,0,0.495989
34,HAP_2,HAP,0.728415,0.866723,0.216884,0.15654,1,1,1,3,0.88911
34,LEO_0,LEO,0.739197,0.939193,0.202191,0.032319,1,1,1,0,0.848391
34,LEO_1,LEO,0.816693,0.943325,0.002492,0.020769,2,0,0,0,0.719495
35,BS_0,BS,0.558315,0.797678,0.482832,0.600554,1,1,1,3,0.0
35,BS_1,BS,0.792995,0.842564,0.131938,0.339563,1,1,1,2,0.0
35,BS_2,BS,0.648186,0.824471,0.333578,0.253317,1,1,1,5,0.0
35,BS_3,BS,0.674607,0.852322,0.293625,0.261709,1,1,1,2,0.0
35,BS_4,BS,0.634327,0.850937,0.355191,0.401187,1,1,1,0,0.0
35,HAP_0,HAP,0.785702,0.942053,0.041177,0.021409,2,0,0,0,0.6473
35,HAP_1,HAP,0.720916,0.945385,0.027233,0.030661,3,0,0,0,0.467046
35,HAP_2,HAP,0.797949,0.87382,0.12571,0.132343,1,1,1,3,0.30036
35,LEO_0,LEO,0.811708,0.939195,0.108615,0.031164,1,1,1,0,0.508357
35,LEO_1,LEO,0.683324,0.941436,0.080786,0.019552,3,0,0,0,0.868967
36,BS_0,BS,0.753974,0.814156,0.182398,0.495414,1,1,1,2,0.0
36,BS_1,BS,0.671326,0.841815,0.298501,0.311747,1,1,1,2,0.355527
36,BS_2,BS,0.647175,0.824469,0.335138,0.253197,1,1,1,5,0.0
36,BS_3,BS,0.651698,0.849909,0.328175,0.257832,1,1,1,1,0.751153
36,BS_4,BS,0.778208,0.871481,0.150761,0.331178,1,1,1,0,0.0
36,HAP_0,HAP,0.70094,0.943984,0.055333,0.018505,3,0,0,0,0.628569
36,HAP_1,HAP,0.779538,0.940855,0.149054,0.034526,1,1,1,0,0.696596
36,HAP_2,HAP,0.526948,0.859413,0.540654,0.237412,1,1,1,1,0.461631
36,LEO_0,LEO,0.78921,0.943735,0.036723,0.025538,2,0,0,0,0.536127
36,LEO_1,LEO,0.810685,0.941039,0.109875,0.021075,1,1,1,0,0.480247
37,BS_0,BS,0.597877,0.817416,0.41437,0.473598,1,1,1,2,0.0
37,BS_1,BS,0.677472,0.841224,0.289387,0.287083,1,1,1,3,0.0
37,BS_2,BS,0.647142,0.824464,0.335189,0.253116,1,1,1,5,0.0
37,BS_3,BS,0.65937,0.850515,0.31647,0.251335,1,1,1,2,0.0
37,BS_4,BS,0.511087,0.85989,0.571215,0.411771,1,1,1,1,0.0
37,HAP_0,HAP,0.725287,0.938065,0.221188,0.03682,1,1,1,0,0.322899
37,HAP_1,HAP,0.797322,0.94093,0.126496,0.034822,1,1,1,0,0.357837
37,HAP_2,HAP,0.566174,0.849413,0.468854,0.28885,1,1,1,4,0.23489
37,LEO_0,LEO,0.803466,0.943673,0.118821,0.026784,1,1,1,0,0.387819
37,LEO_1,LEO,0.779701,0.93582,0.148844,0.026829,1,1,1,0,0.872031
38,BS_0,BS,0.61288,0.816748,0.389586,0.447178,1,1,1,3,0.0
38,BS_1,BS,0.343243,0.809895,0.969317,0.652475,1,1,1,1,0.0
38,BS_2,BS,0.629876,0.822837,0.362232,0.261538,1,1,1,3,0.0
38,BS_3,BS,0.783704,0.862819,0.143724,0.210363,1,1,1,2,0.0
38,BS_4,BS,0.419012,0.832886,0.769856,0.596122,1,1,1,2,0.0
38,HAP_0,HAP,0.749673,0.941972,0.088118,0.03295,2,0,0,0,0.302819
38,HAP_1,HAP,0.806152,0.947503,0.015482,0.027965,2,0,0,0,0.434859
38,HAP_2,HAP,0.558502,0.836583,0.482498,0.335842,1,1,1,4,0.301481
38,LEO_0,LEO,0.571463,0.915929,0.459555,0.116463,1,1,1,0,1.324829
38,LEO_1,LEO,0.784771,0.934617,0.142363,0.030584,1,1,1,0,0.485227
39,BS_0,BS,0.639764,0.822369,0.346655,0.411819,1,1,1,3,0.0
39,BS_1,BS,0.640801,0.817511,0.345036,0.575552,1,1,1,2,0.0
39,BS_2,BS,0.644635,0.822925,0.339072,0.260967,1,1,1,3,0.0
39,BS_3,BS,0.604692,0.852279,0.403037,0.241388,1,1,1,2,0.583047
39,BS_4,BS,0.718707,0.843237,0.230302,0.500765,1,1,1,2,0.0
39,HAP_0,HAP,0.73236,0.948202,0.011483,0.02642,3,0,0,0,0.506027
39,HAP_1,HAP,0.585986,0.920874,0.43446,0.107312,1,1,1,0,1.274819
39,HAP_2,HAP,0.827538,0.849896,0.089301,0.272262,1,1,1,4,0.495888
39,LEO_0,LEO,0.612506,0.905127,0.390197,0.161685,1,1,1,0,0.239632
39,LEO_1,LEO,0.815964,0.941616,0.003385,0.024472,2,0,0,0,0.596815
40,BS_0,BS,0.808274,0.839832,0.112854,0.335186,1,1,1,2,0.0
40,BS_1,BS,0.81292,0.839163,0.107123,0.465606,1,1,1,2,0.0
40,BS_2,BS,0.604502,0.819139,0.403351,0.281985,1,1,1,6,0.0
40,BS_3,BS,0.597698,0.848678,0.414669,0.270488,1,1,1,2,0.0
40,BS_4,BS,0.63663,0.839644,0.351567,0.456232,1,1,1,2,0.658451
40,HAP_0,HAP,0.659948,0.930377,0.315594,0.065955,1,1,1,0,1.038884
40,HAP_1,HAP,0.599465,0.908414,0.411718,0.16213,1,1,1,0,0.171198
40,HAP_2,HAP,0.747348,0.855459,0.191224,0.234265,1,1,1,2,0.642142
40,LEO_0,LEO,0.719252,0.908398,0.229544,0.153058,1,1,1,0,0.136352
40,LEO_1,LEO,0.745921,0.932883,0.193136,0.036363,1,1,1,0,0.955885
41,BS_0,BS,0.670103,0.839588,0.300324,0.308736,1,1,1,3,1.452697
41,BS_1,BS,0.602122,0.833209,0.407295,0.447135,1,1,1,1,1.556173
41,BS_2,BS,0.648192,0.820297,0.333568,0.275658,1,1,1,5,0.0
41,BS_3,BS,0.692032,0.856448,0.268123,0.248741,1,1,1,1,0.0
41,BS_4,BS,0.759689,0.850921,0.174846,0.378742,1,1,1,2,0.0
41,HAP_0,HAP,0.766662,0.928543,0.165709,0.065121,1,1,1,0,0.49579
41,HAP_1,HAP,0.74442,0.917633,0.09515,0.133778,2,0,0,0,0.334164
41,HAP_2,HAP,0.743644,0.85943,0.196192,0.204733,1,1,1,4,0.367435
41,LEO_0,LEO,0.797683,0.914645,0.126044,0.129596,1,1,1,0,0.515577
41,LEO_1,LEO,0.669314,0.924496,0.301502,0.069997,1,1,1,0,0.244448
42,BS_0,BS,0.57756,0.832342,0.448944,0.337687,1,1,1,1,0.489282
42,BS_1,BS,0.576398,0.824773,0.450956,0.44922,1,1,1,3,0.315913
42,BS_2,BS,0.642463,0.820691,0.342446,0.273298,1,1,1,4,0.0
42,BS_3,BS,0.564455,0.843739,0.471895,0.299201,1,1,1,2,0.594206
42,BS_4,BS,0.805847,0.863285,0.115861,0.309035,1,1,1,2,0.251719
42,HAP_0,HAP,0.788237,0.930313,0.137957,0.060661,1,1,1,0,0.385072
42,HAP_1,HAP,0.729156,0.928575,0.015868,0.107136,3,0,0,0,0.487621
42,HAP_2,HAP,0.816274,0.868268,0.103005,0.168561,1,1,1,3,0.531756
42,LEO_0,LEO,0.800623,0.925905,0.022366,0.103902,2,0,0,0,0.445764
42,LEO_1,LEO,0.812209,0.934373,0.007998,0.056027,2,0,0,0,0.500055
43,BS_0,BS,0.717406,0.838367,0.232114,0.294394,1,1,1,3,0.0
43,BS_1,BS,0.686006,0.828259,0.276869,0.393872,1,1,1,3,0.0
43,BS_2,BS,0.626407,0.819488,0.367755,0.279498,1,1,1,5,0.0
43,BS_3,BS,0.712349,0.846019,0.239187,0.265105,1,1,1,2,0.703408
43,BS_4,BS,0.66719,0.864422,0.30468,0.289001,1,1,1,1,0.261176
43,HAP_0,HAP,0.801016,0.938609,0.021875,0.048744,2,0,0,0,0.435096
43,HAP_1,HAP,0.64599,0.93638,0.036971,0.086324,4,0,0,0,0.418321
43,HAP_2,HAP,0.76756,0.870978,0.164539,0.147032,1,1,1,4,0.40346
43,LEO_0,LEO,0.800708,0.927422,0.122259,0.089848,1,1,1,0,0.63413
43,LEO_1,LEO,0.739304,0.942782,0.002046,0.044823,3,0,0,0,0.455612
44,BS_0,BS,0.714104,0.841774,0.236726,0.260733,1,1,1,3,0.537509
44,BS_1,BS,0.707036,0.833049,0.246674,0.342479,1,1,1,3,0.0
44,BS_2,BS,0.647007,0.820466,0.335398,0.27422,1,1,1,5,0.0
44,BS_3,BS,0.597133,0.842137,0.415615,0.289816,1,1,1,1,0.490492
44,BS_4,BS,0.653406,0.862775,0.325556,0.278895,1,1,1,2,0.0
44,HAP_0,HAP,0.701144,0.943752,0.055042,0.040359,3,0,0,0,0.370763
44,HAP_1,HAP,0.861241,0.942065,0.049381,0.070156,1,1,0,0,0.402966
44,HAP_2,HAP,0.583515,0.861031,0.438685,0.204225,1,1,1,2,0.527991
44,LEO_0,LEO,0.679251,0.91483,0.286764,0.108883,1,1,1,0,1.088505
44,LEO_1,LEO,0.641506,0.946306,0.043937,0.036727,4,0,0,0,0.545595
45,BS_0,BS,0.658575,0.840061,0.317677,0.254,1,1,1,2,0.321366
45,BS_1,BS,0.66389,0.832909,0.309639,0.317128,1,1,1,3,0.310707
45,BS_2,BS,0.647411,0.821286,0.334774,0.269809,1,1,1,6,0.0
45,BS_3,BS,0.514425,0.826546,0.564705,0.375354,1,1,1,2,0.0
45,BS_4,BS,0.739242,0.870928,0.20213,0.241501,1,1,1,1,0.0
45,HAP_0,HAP,0.621699,0.944697,0.0753,0.034839,4,0,0,0,0.627593
45,HAP_1,HAP,0.510315,0.906473,0.572726,0.203732,1,1,1,0,2.119282
45,HAP_2,HAP,0.636558,0.857792,0.35168,0.219035,1,1,1,3,0.148855
45,LEO_0,LEO,0.617695,0.905644,0.381761,0.15269,1,1,1,0,0.166801
45,LEO_1,LEO,0.760671,0.94461,0.173554,0.042936,1,1,1,0,0.120557
46,BS_0,BS,0.745626,0.845895,0.193531,0.220054,1,1,1,3,0.0
46,BS_1,BS,0.707384,0.836566,0.246182,0.280974,1,1,1,3,0.0
46,BS_2,BS,0.624722,0.819802,0.370449,0.277601,1,1,1,5,0.0
46,BS_3,BS,0.685911,0.831886,0.277007,0.334813,1,1,1,1,0.665175
46,BS_4,BS,0.58712,0.857358,0.432526,0.277387,1,1,1,1,0.78469
46,HAP_0,HAP,0.854174,0.948507,0.05762,0.029365,1,1,0,0,0.32949
46,HAP_1,HAP,0.614209,0.896647,0.38742,0.230528,1,1,1,0,0.34034
46,HAP_2,HAP,0.624592,0.850007,0.370656,0.237052,1,1,1,4,0.48073
46,LEO_0,LEO,0.792681,0.91763,0.032334,0.122623,2,0,0,0,0.535255
46,LEO_1,LEO,0.546755,0.915365,0.503755,0.148545,1,1,1,0,1.211739
47,BS_0,BS,0.695599,0.846028,0.262983,0.207165,1,1,1,3,0.594028
47,BS_1,BS,0.662657,0.835565,0.311498,0.268443,1,1,1,2,0.617734
47,BS_2,BS,0.645954,0.82062,0.337026,0.273195,1,1,1,4,0.0
47,BS_3,BS,0.4715,0.822001,0.651837,0.459051,1,1,1,1,0.0
47,BS_4,BS,0.704028,0.860648,0.250937,0.250245,1,1,1,2,0.0
47,HAP_0,HAP,0.527156,0.91432,0.540259,0.154838,1,1,1,0,1.413928
47,HAP_1,HAP,0.776292,0.903975,0.153227,0.194988,1,1,1,0,0.386558
47,HAP_2,HAP,0.802212,0.857986,0.120383,0.196163,1,1,1,4,0.53118
47,LEO_0,LEO,0.792089,0.919663,0.133082,0.106068,1,1,1,0,0.683399
47,LEO_1,LEO,0.681131,0.910925,0.284,0.155131,1,1,1,0,0.288405
48,BS_0,BS,0.650844,0.843595,0.329485,0.214584,1,1,1,3,0.0
48,BS_1,BS,0.586671,0.830049,0.433291,0.299238,1,1,1,3,0.0
48,BS_2,BS,0.647897,0.821455,0.334023,0.268763,1,1,1,6,0.0
48,BS_3,BS,0.561416,0.820877,0.477293,0.469755,1,1,1,2,0.0
48,BS_4,BS,0.653504,0.854958,0.325407,0.247847,1,1,1,2,0.73709
48,HAP_0,HAP,0.776875,0.914145,0.152476,0.134332,1,1,1,0,0.718519
48,HAP_1,HAP,0.856293,0.914435,0.055143,0.157358,1,1,1,0,0.575814
48,HAP_2,HAP,0.790642,0.863334,0.13491,0.165121,1,1,1,4,0.881782
48,LEO_0,LEO,0.759958,0.924087,0.074492,0.087351,2,0,0,0,0.735385
48,LEO_1,LEO,0.80041,0.922543,0.022631,0.124335,2,0,0,0,0.496754
49,BS_0,BS,0.483064,0.828253,0.627607,0.348918,1,1,1,2,0.316509
49,BS_1,BS,0.700175,0.834172,0.256424,0.26898,1,1,1,3,0.316148
49,BS_2,BS,0.648337,0.822163,0.333345,0.265014,1,1,1,6,0.732105
49,BS_3,BS,0.702612,0.83423,0.252951,0.404597,1,1,1,1,0.320644
49,BS_4,BS,0.73352,0.859424,0.209901,0.218104,1,1,1,2,0.279872
49,HAP_0,HAP,0.759008,0.914788,0.175743,0.121364,1,1,1,0,0.543878
49,HAP_1,HAP,0.679793,0.904829,0.285967,0.162687,1,1,1,0,1.059154
49,HAP_2,HAP,0.822626,0.86996,0.095254,0.13618,1,1,1,4,0.444962
49,LEO_0,LEO,0.672881,0.925998,0.096186,0.074044,3,0,0,0,0.758109
49,LEO_1,LEO,0.683838,0.926853,0.080034,0.102351,3,0,0,0,0.676437
50,BS_0,BS,0.676003,0.83345,0.291557,0.317387,1,1,1,2,0.0
50,BS_1,BS,0.672486,0.834635,0.296774,0.254817,1,1,1,3,0.261696
50,BS_2,BS,0.51597,0.813542,0.561707,0.353993,1,1,1,3,0.0
50,BS_3,BS,0.603841,0.832151,0.404444,0.397286,1,1,1,1,0.6503
50,BS_4,BS,0.823244,0.870781,0.094503,0.178502,1,1,1,2,0.20612
50,HAP_0,HAP,0.712223,0.907367,0.239365,0.122875,1,1,1,0,1.113058
50,HAP_1,HAP,0.692663,0.903136,0.267212,0.16228,1,1,1,0,0.347792
50,HAP_2,HAP,0.793199,0.873069,0.131681,0.116747,1,1,1,4,1.286972
50,LEO_0,LEO,0.629466,0.931912,0.062883,0.061015,4,0,0,0,0.451719
50,LEO_1,LEO,0.75545,0.928183,0.180441,0.096532,1,1,1,0,0.149547
51,BS_0,BS,0.655688,0.833104,0.322071,0.300588,1,1,1,3,0.0
51,BS_1,BS,0.471398,0.82085,0.652052,0.395181,1,1,1,2,0.0
51,BS_2,BS,0.679287,0.819534,0.286711,0.320186,1,1,1,6,0.0
51,BS_3,BS,0.607928,0.832,0.397698,0.389003,1,1,1,2,0.0
51,BS_4,BS,0.73102,0.869608,0.213314,0.163278,1,1,1,2,3.658604
51,HAP_0,HAP,0.679237,0.903606,0.286785,0.13531,1,1,1,0,0.382632
51,HAP_1,HAP,0.709325,0.906058,0.243441,0.156493,1,1,1,0,0.113196
51,HAP_2,HAP,0.659776,0.866169,0.315855,0.138291,1,1,1,3,0.507688
51,LEO_0,LEO,0.751038,0.931089,0.186299,0.06443,1,1,1,0,0.279964
51,LEO_1,LEO,0.813755,0.939259,0.006096,0.077243,2,0,0,0,0.303461
52,BS_0,BS,0.711454,0.837842,0.240444,0.266486,1,1,1,2,0.0
52,BS_1,BS,0.790812,0.840137,0.134696,0.324309,1,1,1,3,0.0
52,BS_2,BS,0.689718,0.824519,0.271473,0.289313,1,1,1,5,0.0
52,BS_3,BS,0.702942,0.838717,0.252481,0.339888,1,1,1,1,0.761201
52,BS_4,BS,0.551444,0.857438,0.495216,0.24098,1,1,1,1,0.469076
52,HAP_0,HAP,0.757393,0.913439,0.077873,0.110977,2,0,0,0,0.469661
52,HAP_1,HAP,0.756616,0.916354,0.078899,0.127996,2,0,0,0,0.423672
52,HAP_2,HAP,0.814467,0.87375,0.105221,0.115615,1,1,1,3,0.450853
52,LEO_0,LEO,0.817819,0.941,0.001115,0.051545,2,0,0,0,0.394018
52,LEO_1,LEO,0.539832,0.909656,0.516498,0.18184,1,1,1,0,1.272076
53,BS_0,BS,0.369664,0.811499,0.89516,0.573779,1,1,1,1,0.0
53,BS_1,BS,0.548162,0.828346,0.501184,0.372481,1,1,1,3,0.0
53,BS_2,BS,0.642324,0.824625,0.342663,0.284288,1,1,1,3,0.0
53,BS_3,BS,0.594328,0.833773,0.420324,0.351413,1,1,1,2,0.0
53,BS_4,BS,0.545656,0.845001,0.505766,0.307893,1,1,1,2,0.0
53,HAP_0,HAP,0.785201,0.918427,0.141815,0.097832,1,1,1,0,0.357463
53,HAP_1,HAP,0.694392,0.925655,0.064719,0.104281,3,0,0,0,0.349238
53,HAP_2,HAP,0.74947,0.873122,0.18839,0.108463,1,1,1,4,0.81266
53,LEO_0,LEO,0.688709,0.928508,0.272937,0.074758,1,1,1,0,0.894309
53,LEO_1,LEO,0.705049,0.907286,0.249488,0.173482,1,1,1,0,0.414628
54,BS_0,BS,0.581985,0.811741,0.44131,0.546663,1,1,1,2,0.0
54,BS_1,BS,0.720108,0.834237,0.228355,0.32145,1,1,1,3,0.786396
54,BS_2,BS,0.657088,0.825617,0.319937,0.273492,1,1,1,5,0.0
54,BS_3,BS,0.731477,0.839861,0.212689,0.301487,1,1,1,2,0.794084
54,BS_4,BS,0.692934,0.845871,0.266821,0.278352,1,1,1,2,0.785691
54,HAP_0,HAP,0.764775,0.925389,0.068173,0.080357,2,0,0,0,0.562447
54,HAP_1,HAP,0.629354,0.933219,0.063062,0.085215,4,0,0,0,0.351449
54,HAP_2,HAP,0.760683,0.875312,0.173539,0.100323,1,1,1,2,0.493964
54,LEO_0,LEO,0.743419,0.931368,0.096496,0.063997,2,0,0,0,0.508259
54,LEO_1,LEO,0.781663,0.913027,0.146331,0.148421,1,1,1,0,0.36611
55,BS_0,BS,0.614122,0.811943,0.387562,0.504922,1,1,1,3,0.0
55,BS_1,BS,0.697209,0.836802,0.260671,0.287737,1,1,1,3,0.714227
55,BS_2,BS,0.656715,0.826286,0.320505,0.265019,1,1,1,6,0.0
55,BS_3,BS,0.657733,0.84179,0.318956,0.286969,1,1,1,2,0.358301
55,BS_4,BS,0.774124,0.852937,0.156023,0.233636,1,1,1,1,0.762503
55,HAP_0,HAP,0.671756,0.928732,0.09786,0.068595,3,0,0,0,0.581909
55,HAP_1,HAP,0.799986,0.934764,0.123162,0.074998,1,1,1,0,0.464758
55,HAP_2,HAP,0.808324,0.880277,0.112792,0.085983,1,1,1,3,0.534826
55,LEO_0,LEO,0.713815,0.935213,0.037131,0.051818,3,0,0,0,0.815466
55,LEO_1,LEO,0.809108,0.925073,0.011823,0.1188,2,0,0,0,0.479315
56,BS_0,BS,0.717811,0.822815,0.231549,0.428065,1,1,1,3,0.0
56,BS_1,BS,0.572171,0.830662,0.458317,0.324715,1,1,1,2,0.0
56,BS_2,BS,0.650609,0.826243,0.329847,0.260975,1,1,1,5,0.0
56,BS_3,BS,0.464638,0.825547,0.666496,0.429473,1,1,1,0,0.712906
56,BS_4,BS,0.583031,0.84637,0.439515,0.273836,1,1,1,1,0.586294
56,HAP_0,HAP,0.664998,0.938148,0.007971,0.054905,4,0,0,0,0.402234
56,HAP_1,HAP,0.732504,0.927912,0.211286,0.080087,1,1,1,0,0.792197
56,HAP_2,HAP,0.719762,0.876837,0.228835,0.092351,1,1,1,3,0.915161
56,LEO_0,LEO,0.659595,0.940348,0.016129,0.041571,4,0,0,0,0.665493
56,LEO_1,LEO,0.685442,0.92977,0.077691,0.097756,3,0,0,0,0.587409
57,BS_0,BS,0.704387,0.828657,0.250427,0.370673,1,1,1,3,0.518433
57,BS_1,BS,0.701097,0.834967,0.255109,0.289058,1,1,1,3,0.0
57,BS_2,BS,0.64812,0.825974,0.333679,0.258884,1,1,1,5,0.0
57,BS_3,BS,0.498332,0.812473,0.59649,0.503688,1,1,1,2,0.254865
57,BS_4,BS,0.570304,0.842308,0.461585,0.314947,1,1,1,1,0.0
57,HAP_0,HAP,0.890498,0.94556,0.015975,0.044038,1,1,0,0,0.391044
57,HAP_1,HAP,0.738594,0.926606,0.203007,0.082615,1,1,1,0,0.262331
57,HAP_2,HAP,0.667486,0.871401,0.304237,0.115533,1,1,1,3,0.471894
57,LEO_0,LEO,0.767394,0.937768,0.164755,0.045472,1,1,1,0,0.406792
57,LEO_1,LEO,0.668199,0.939116,0.003169,0.07821,4,0,0,0,0.422979
58,BS_0,BS,0.675947,0.830513,0.29164,0.334813,1,1,1,3,0.334071
58,BS_1,BS,0.685304,0.836449,0.277893,0.265997,1,1,1,3,0.548376
58,BS_2,BS,0.64444,0.825417,0.339373,0.258935,1,1,1,4,0.0
58,BS_3,BS,0.611354,0.819124,0.39208,0.472128,1,1,1,1,0.329783
58,BS_4,BS,0.628661,0.841696,0.364164,0.311634,1,1,1,2,0.366431
58,HAP_0,HAP,0.664936,0.929295,0.308064,0.077937,1,1,1,0,0.983635
58,HAP_1,HAP,0.776841,0.933194,0.05252,0.067333,2,0,0,0,0.528907
58,HAP_2,HAP,0.698438,0.869415,0.258909,0.122591,1,1,1,3,0.476875
58,LEO_0,LEO,0.779924,0.942909,0.048559,0.037439,2,0,0,0,0.433262
58,LEO_1,LEO,0.793757,0.937008,0.130978,0.070287,1,1,1,0,0.690567
59,BS_0,BS,0.608742,0.828942,0.396361,0.338546,1,1,1,2,0.0
59,BS_1,BS,0.661885,0.835429,0.312664,0.256789,1,1,1,3,0.0
59,BS_2,BS,0.647976,0.8253,0.333902,0.257319,1,1,1,4,0.0
59,BS_3,BS,0.448601,0.799735,0.701621,0.599225,1,1,1,2,0.644004
59,BS_4,BS,0.641632,0.846692,0.343741,0.302478,1,1,1,1,0.0
59,HAP_0,HAP,0.799032,0.930095,0.124355,0.069309,1,1,1,0,0.518223
59,HAP_1,HAP,0.655078,0.918178,0.323001,0.100815,1,1,1,0,1.001138
59,HAP_2,HAP,0.711924,0.867787,0.239784,0.123946,1,1,1,3,0.452416
59,LEO_0,LEO,0.732478,0.933359,0.211322,0.050047,1,1,1,0,0.926392
59,LEO_1,LEO,0.75752,0.940076,0.077705,0.058947,2,0,0,0,0.447825
60,BS_0,BS,0.770495,0.842165,0.160722,0.282461,1,1,1,2,0.0
60,BS_1,BS,0.538729,0.82659,0.518543,0.326431,1,1,1,2,0.0
60,BS_2,BS,0.64686,0.825102,0.335625,0.256545,1,1,1,4,0.0
60,BS_3,BS,0.767748,0.817206,0.164294,0.491526,1,1,1,2,0.497533
60,BS_4,BS,0.59647,0.842903,0.416727,0.32013,1,1,1,2,0.0
60,HAP_0,HAP,0.815863,0.937665,0.003508,0.055453,2,0,0,0,0.628016
60,HAP_1,HAP,0.80602,0.92131,0.115646,0.08667,1,1,1,0,0.561746
60,HAP_2,HAP,0.641006,0.863101,0.344717,0.15263,1,1,1,2,0.640946
60,LEO_0,LEO,0.807696,0.938014,0.01357,0.04012,2,0,0,0,0.775134
60,LEO_1,LEO,0.702026,0.941994,0.053785,0.048459,3,0,0,0,0.733331
61,BS_0,BS,0.735522,0.847033,0.207174,0.245283,1,1,1,2,0.570863
61,BS_1,BS,0.692329,0.831082,0.267693,0.293391,1,1,1,3,0.0
61,BS_2,BS,0.647403,0.824995,0.334786,0.255673,1,1,1,4,0.0
61,BS_3,BS,0.807958,0.833243,0.113246,0.398992,1,1,1,2,0.471048
61,BS_4,BS,0.795029,0.856873,0.129377,0.263636,1,1,1,2,0.0
61,HAP_0,HAP,0.796206,0.938124,0.127898,0.051723,1,1,1,0,0.386775
61,HAP_1,HAP,0.797842,0.929245,0.025845,0.069637,2,0,0,0,0.624246
61,HAP_2,HAP,0.584638,0.851078,0.436763,0.207947,1,1,1,3,0.364404
61,LEO_0,LEO,0.791862,0.936754,0.133368,0.0401,1,1,1,0,0.510386
61,LEO_1,LEO,0.613469,0.943573,0.088626,0.042302,4,0,0,0,0.417002
62,BS_0,BS,0.668447,0.845896,0.302798,0.237486,1,1,1,2,0.74061
62,BS_1,BS,0.669733,0.835114,0.300877,0.27545,1,1,1,2,0.0
62,BS_2,BS,0.587724,0.819106,0.431499,0.288324,1,1,1,7,0.0
62,BS_3,BS,0.747987,0.840427,0.190369,0.335502,1,1,1,1,2.458998
62,BS_4,BS,0.742031,0.86301,0.198364,0.228616,1,1,1,1,0.47012
62,HAP_0,HAP,0.709417,0.927533,0.243312,0.068019,1,1,1,0,0.937592
62,HAP_1,HAP,0.733912,0.936053,0.009366,0.055749,3,0,0,0,0.691286
62,HAP_2,HAP,0.566554,0.846289,0.468183,0.264996,1,1,1,2,0.0
62,LEO_0,LEO,0.783207,0.940022,0.044358,0.032966,2,0,0,0,0.698672
62,LEO_1,LEO,0.730389,0.939187,0.214177,0.054484,1,1,1,0,0.234998
63,BS_0,BS,0.670726,0.84574,0.299395,0.230325,1,1,1,2,0.0
63,BS_1,BS,0.68919,0.837417,0.272239,0.253711,1,1,1,3,0.0
63,BS_2,BS,0.645849,0.820053,0.33719,0.281823,1,1,1,6,0.0
63,BS_3,BS,0.741762,0.845996,0.198726,0.286173,1,1,1,2,0.611014
63,BS_4,BS,0.577584,0.849356,0.448901,0.273573,1,1,1,2,0.606336
63,HAP_0,HAP,0.779645,0.932188,0.048917,0.055492,2,0,0,0,0.653796
63,HAP_1,HAP,0.619931,0.938685,0.078147,0.047347,4,0,0,0,0.513994
63,HAP_2,HAP,0.612174,0.841587,0.390738,0.280701,1,1,1,2,0.583205
63,LEO_0,LEO,0.736262,0.9455,0.00617,0.02639,3,0,0,0,0.600432
63,LEO_1,LEO,0.805903,0.947176,0.015792,0.043699,2,0,0,0,0.332786
64,BS_0,BS,0.696272,0.846269,0.262015,0.215154,1,1,1,3,0.0
64,BS_1,BS,0.687072,0.838546,0.275317,0.237079,1,1,1,3,0.0
64,BS_2,BS,0.642657,0.820514,0.342143,0.278136,1,1,1,5,0.0
64,BS_3,BS,0.733926,0.849352,0.209348,0.24866,1,1,1,2,0.762093
64,BS_4,BS,0.78619,0.859053,0.140557,0.227749,1,1,1,2,0.0
64,HAP_0,HAP,0.809701,0.933113,0.11109,0.049947,1,1,1,0,0.573815
64,HAP_1,HAP,0.848045,0.941391,0.064821,0.039769,1,1,0,0,0.571798
64,HAP_2,HAP,0.714572,0.847368,0.236071,0.249639,1,1,1,3,0.680152
64,LEO_0,LEO,0.641116,0.947004,0.044545,0.022005,4,0,0,0,0.686707
64,LEO_1,LEO,0.5563,0.917794,0.486447,0.141444,1,1,1,0,1.264343
65,BS_0,BS,0.562127,0.838759,0.476028,0.274094,1,1,1,2,0.0
65,BS_1,BS,0.629488,0.836323,0.362848,0.248909,1,1,1,2,0.0
65,BS_2,BS,0.640437,0.820675,0.345604,0.276258,1,1,1,7,0.0
65,BS_3,BS,0.803425,0.857372,0.118872,0.205287,1,1,1,2,0.557368
65,BS_4,BS,0.632196,0.853777,0.358556,0.240052,1,1,1,1,0.680612
65,HAP_0,HAP,0.67908,0.91866,0.287016,0.077028,1,1,1,0,1.176943
65,HAP_1,HAP,0.669729,0.924684,0.300883,0.072554,1,1,1,0,1.155263
65,HAP_2,HAP,0.609888,0.839878,0.39448,0.269738,1,1,1,3,0.799642
65,LEO_0,LEO,0.885207,0.950561,0.021934,0.01782,1,1,0,0,0.547668
65,LEO_1,LEO,0.639043,0.909284,0.347784,0.167584,1,1,1,0,0.241491
66,BS_0,BS,0.748687,0.847192,0.189434,0.235424,1,1,1,3,0.0
66,BS_1,BS,0.509847,0.826977,0.573645,0.347208,1,1,1,1,0.0
66,BS_2,BS,0.648297,0.821536,0.333407,0.271029,1,1,1,5,0.0
66,BS_3,BS,0.86588,0.868262,0.044009,0.165101,1,1,1,2,2.297959
66,BS_4,BS,0.713012,0.85805,0.238258,0.217587,1,1,1,2,0.0
66,HAP_0,HAP,0.544192,0.902299,0.508453,0.177958,1,1,1,0,0.0
66,HAP_1,HAP,0.552559,0.908081,0.493194,0.167501,1,1,1,0,0.0
66,HAP_2,HAP,0.693515,0.844809,0.265983,0.247626,1,1,1,3,0.0
66,LEO_0,LEO,0.554201,0.91789,0.490228,0.122402,1,1,1,0,2.027833
66,LEO_1,LEO,0.764334,0.914706,0.16875,0.146882,1,1,1,0,0.222405
67,BS_0,BS,0.693336,0.84729,0.266241,0.220237,1,1,1,3,0.0
67,BS_1,BS,0.553171,0.818524,0.492087,0.386734,1,1,1,3,0.0
67,BS_2,BS,0.648341,0.822228,0.333339,0.266825,1,1,1,6,0.0
67,BS_3,BS,0.687572,0.863135,0.274589,0.16601,1,1,1,2,2.710986
67,BS_4,BS,0.709487,0.857712,0.243214,0.200688,1,1,1,2,0.568894
67,HAP_0,HAP,0.770028,0.913592,0.061328,0.144059,2,0,0,0,0.517856
67,HAP_1,HAP,0.776846,0.916047,0.152513,0.144468,1,1,1,0,0.106501
67,HAP_2,HAP,0.657052,0.84739,0.319992,0.244179,1,1,1,2,0.450447
67,LEO_0,LEO,0.560759,0.901107,0.478463,0.200939,1,1,1,0,0.233566
67,LEO_1,LEO,0.799428,0.919373,0.123859,0.124409,1,1,1,0,0.55512
68,BS_0,BS,0.430006,0.823325,0.743956,0.425251,1,1,1,1,0.647254
68,BS_1,BS,0.696225,0.824388,0.262082,0.340296,1,1,1,2,0.552579
68,BS_2,BS,0.647331,0.822689,0.334897,0.26393,1,1,1,6,0.0
68,BS_3,BS,0.64545,0.856489,0.337808,0.18416,1,1,1,2,0.542554
68,BS_4,BS,0.816498,0.865179,0.102731,0.1653,1,1,1,2,0.562458
68,HAP_0,HAP,0.733753,0.911508,0.209583,0.135013,1,1,1,0,0.734702
68,HAP_1,HAP,0.77834,0.927318,0.050592,0.116726,2,0,0,0,0.278755
68,HAP_2,HAP,0.621998,0.841571,0.374818,0.258563,1,1,1,3,0.778822
68,LEO_0,LEO,0.902653,0.914771,0.002417,0.160753,1,1,1,0,0.633711
68,LEO_1,LEO,0.719997,0.913772,0.228509,0.123024,1,1,1,0,0.878023
69,BS_0,BS,0.532119,0.812833,0.530888,0.467029,1,1,1,3,0.0
69,BS_1,BS,0.671546,0.828456,0.298173,0.312245,1,1,1,3,0.0
69,BS_2,BS,0.599513,0.820292,0.411637,0.287394,1,1,1,4,0.0
69,BS_3,BS,0.771281,0.863784,0.159702,0.158805,1,1,1,2,0.0
69,BS_4,BS,0.801662,0.869913,0.121069,0.138836,1,1,1,2,1.042706
69,HAP_0,HAP,0.778975,0.920804,0.049776,0.109126,2,0,0,0,0.507183
69,HAP_1,HAP,0.815282,0.932314,0.104221,0.098269,1,1,1,0,0.3489
69,HAP_2,HAP,0.615704,0.841958,0.384989,0.273548,1,1,1,3,0.0
69,LEO_0,LEO,0.59199,0.894035,0.424266,0.209603,1,1,1,0,1.391513
69,LEO_1,LEO,0.810612,0.918738,0.109966,0.103861,1,1,1,0,0.509745
70,BS_0,BS,0.597503,0.816847,0.414996,0.451123,1,1,1,2,0.0
70,BS_1,BS,0.657569,0.832635,0.319206,0.295648,1,1,1,3,0.0
70,BS_2,BS,0.696699,0.825918,0.261401,0.260664,1,1,1,4,0.0
70,BS_3,BS,0.787898,0.87162,0.138386,0.135662,1,1,1,2,0.21563
70,BS_4,BS,0.563476,0.855921,0.47363,0.212015,1,1,1,1,0.708623
70,HAP_0,HAP,0.73924,0.930385,0.002132,0.087303,3,0,0,0,0.6309
70,HAP_1,HAP,0.651027,0.918185,0.329204,0.127384,1,1,1,0,0.906964
70,HAP_2,HAP,0.693747,0.848818,0.265648,0.250594,1,1,1,2,0.510674
70,LEO_0,LEO,0.639836,0.88858,0.346543,0.221724,1,1,1,0,0.423727
70,LEO_1,LEO,0.802718,0.928091,0.019752,0.083264,2,0,0,0,0.572323
71,BS_0,BS,0.736022,0.829782,0.206495,0.380087,1,1,1,2,0.0
71,BS_1,BS,0.804924,0.847083,0.117008,0.242679,1,1,1,3,0.0
71,BS_2,BS,0.670086,0.827787,0.30035,0.249126,1,1,1,4,0.0
71,BS_3,BS,0.705013,0.874089,0.249539,0.136551,1,1,1,1,0.0
71,BS_4,BS,0.659541,0.85551,0.316212,0.214607,1,1,1,2,0.0
71,HAP_0,HAP,0.805146,0.932893,0.116731,0.075974,1,1,1,0,0.39816
71,HAP_1,HAP,0.72412,0.917597,0.222798,0.124245,1,1,1,0,0.250131
71,HAP_2,HAP,0.639203,0.848199,0.347534,0.254826,1,1,1,2,0.487309
71,LEO_0,LEO,0.701626,0.892524,0.254355,0.206493,1,1,1,0,0.238539
71,LEO_1,LEO,0.746237,0.922008,0.192712,0.083324,1,1,1,0,0.969852
72,BS_0,BS,0.77625,0.842393,0.15328,0.314642,1,1,1,3,0.0
72,BS_1,BS,0.684702,0.849492,0.278771,0.229114,1,1,1,2,0.359162
72,BS_2,BS,0.652094,0.82759,0.327567,0.247586,1,1,1,5,0.0
72,BS_3,BS,0.755591,0.878517,0.180255,0.123862,1,1,1,2,0.0
72,BS_4,BS,0.509124,0.846124,0.575065,0.320501,1,1,1,1,0.0
72,HAP_0,HAP,0.688897,0.921103,0.272664,0.094235,1,1,1,0,0.996154
72,HAP_1,HAP,0.781864,0.927752,0.046074,0.100351,2,0,0,0,0.355531
72,HAP_2,HAP,0.643157,0.847366,0.341367,0.2563,1,1,1,3,0.417009
72,LEO_0,LEO,0.898079,0.909839,0.007498,0.165219,1,1,1,0,0.389256
72,LEO_1,LEO,0.789793,0.927664,0.035984,0.067242,2,0,0,0,0.75044
73,BS_0,BS,0.428947,0.824836,0.746421,0.502429,1,1,1,1,0.0
73,BS_1,BS,0.632943,0.843861,0.357374,0.240764,1,1,1,3,0.0
73,BS_2,BS,0.649665,0.827197,0.331299,0.24746,1,1,1,5,0.0
73,BS_3,BS,0.675665,0.878604,0.292058,0.137473,1,1,1,2,0.0
73,BS_4,BS,0.526937,0.835378,0.540674,0.387948,1,1,1,2,0.0
73,HAP_0,HAP,0.719758,0.918551,0.22884,0.098953,1,1,1,0,0.353827
73,HAP_1,HAP,0.674976,0.933761,0.093079,0.084179,3,0,0,0,0.267965
73,HAP_2,HAP,0.639071,0.844645,0.34774,0.259456,1,1,1,3,0.301671
73,LEO_0,LEO,0.496798,0.879151,0.599572,0.293944,1,1,1,0,1.632565
73,LEO_1,LEO,0.640161,0.918236,0.346035,0.107676,1,1,1,0,0.197043
74,BS_0,BS,0.434013,0.80293,0.734681,0.644834,1,1,1,3,0.0
74,BS_1,BS,0.594171,0.8404,0.420588,0.272214,1,1,1,2,0.0
74,BS_2,BS,0.607258,0.82283,0.398801,0.269537,1,1,1,6,0.0
74,BS_3,BS,0.738936,0.882727,0.202543,0.12844,1,1,1,2,0.0
74,BS_4,BS,0.779944,0.850395,0.148534,0.320286,1,1,1,2,0.0
74,HAP_0,HAP,0.543976,0.89139,0.50885,0.19568,1,1,1,0,1.837261
74,HAP_1,HAP,0.752871,0.934483,0.183862,0.082556,1,1,1,0,0.115374
74,HAP_2,HAP,0.784433,0.855909,0.142794,0.21674,1,1,1,3,0.425003
74,LEO_0,LEO,0.646552,0.877249,0.336102,0.28599,1,1,1,0,0.419567
74,LEO_1,LEO,0.80885,0.929871,0.012142,0.086207,2,0,0,0,0.420309
75,BS_0,BS,0.663885,0.809193,0.309647,0.559013,1,1,1,3,0.449108
75,BS_1,BS,0.63784,0.837449,0.349668,0.272791,1,1,1,3,0.724452
75,BS_2,BS,0.648433,0.823272,0.333196,0.265589,1,1,1,6,0.0
75,BS_3,BS,0.619007,0.870744,0.379639,0.167608,1,1,1,2,0.364895
75,BS_4,BS,0.770863,0.85993,0.160244,0.267784,1,1,1,1,0.347212
75,HAP_0,HAP,0.688218,0.889404,0.273649,0.190242,1,1,1,0,0.588107
75,HAP_1,HAP,0.792356,0.935585,0.132745,0.073974,1,1,1,0,0.467262
75,HAP_2,HAP,0.752893,0.862645,0.183832,0.188599,1,1,1,2,0.465717
75,LEO_0,LEO,0.746502,0.886229,0.192357,0.245442,1,1,1,0,0.355943
75,LEO_1,LEO,0.73397,0.924029,0.209286,0.088676,1,1,1,0,0.814088
76,BS_0,BS,0.612658,0.809988,0.389948,0.515637,1,1,1,2,0.487484
76,BS_1,BS,0.607628,0.833396,0.398192,0.289584,1,1,1,2,0.579691
76,BS_2,BS,0.644579,0.823269,0.339158,0.264234,1,1,1,6,0.0
76,BS_3,BS,0.72486,0.868757,0.221776,0.15622,1,1,1,2,0.753096
76,BS_4,BS,0.655842,0.854479,0.321836,0.260838,1,1,1,2,0.781957
76,HAP_0,HAP,0.732858,0.893927,0.210803,0.172191,1,1,1,0,0.436252
76,HAP_1,HAP,0.744144,0.937665,0.095521,0.063285,2,0,0,0,0.533016
76,HAP_2,HAP,0.712068,0.865925,0.239581,0.176709,1,1,1,2,0.294982
76,LEO_0,LEO,0.824929,0.897443,0.092457,0.200201,1,1,1,0,0.64836
76,LEO_1,LEO,0.815418,0.927858,0.104055,0.075813,1,1,1,0,0.457468
77,BS_0,BS,0.448643,0.800426,0.701527,0.633973,1,1,1,1,0.0
77,BS_1,BS,0.649068,0.83225,0.332218,0.281333,1,1,1,3,0.0
77,BS_2,BS,0.631781,0.822062,0.359213,0.269452,1,1,1,6,0.0
77,BS_3,BS,0.514563,0.853098,0.564438,0.268341,1,1,1,1,0.334239
77,BS_4,BS,0.763628,0.858572,0.169675,0.221625,1,1,1,2,0.732011
77,HAP_0,HAP,0.813738,0.909286,0.006117,0.137769,2,0,0,0,0.562362
77,HAP_1,HAP,0.709306,0.943233,0.043468,0.051478,3,0,0,0,0.409551
77,HAP_2,HAP,0.71672,0.868179,0.233069,0.165812,1,1,1,2,0.355235
77,LEO_0,LEO,0.841323,0.906781,0.07278,0.162544,1,1,1,0,0.701053
77,LEO_1,LEO,0.794708,0.934619,0.029781,0.06105,2,0,0,0,0.607044
78,BS_0,BS,0.453381,0.785785,0.691023,0.722059,1,1,1,3,0.0
78,BS_1,BS,0.547502,0.827054,0.502389,0.338644,1,1,1,2,0.0
78,BS_2,BS,0.648253,0.822641,0.333474,0.265604,1,1,1,4,0.0
78,BS_3,BS,0.561717,0.842164,0.476757,0.316957,1,1,1,2,0.0
78,BS_4,BS,0.504803,0.844471,0.583587,0.330558,1,1,1,1,0.0
78,HAP_0,HAP,0.744566,0.907227,0.194953,0.127318,1,1,1,0,0.925852
78,HAP_1,HAP,0.648273,0.94844,0.033443,0.041686,4,0,0,0,0.410275
78,HAP_2,HAP,0.68675,0.865026,0.275785,0.166875,1,1,1,3,0.661479
78,LEO_0,LEO,0.761062,0.905858,0.17304,0.14351,1,1,1,0,0.977852
78,LEO_1,LEO,0.682025,0.936059,0.082689,0.051917,3,0,0,0,0.687275
79,BS_0,BS,0.700563,0.80377,0.255871,0.607109,1,1,1,2,0.0
79,BS_1,BS,0.67485,0.83754,0.293264,0.309617,1,1,1,2,0.0
79,BS_2,BS,0.619052,0.820339,0.379567,0.277315,1,1,1,7,0.0
79,BS_3,BS,0.767128,0.851328,0.165102,0.265832,1,1,1,2,0.550734
79,BS_4,BS,0.75925,0.857332,0.175424,0.278295,1,1,1,2,0.0
79,HAP_0,HAP,0.754493,0.914185,0.081709,0.104859,2,0,0,0,0.624139
79,HAP_1,HAP,0.853865,0.950764,0.057982,0.034862,1,1,0,0,0.460044
79,HAP_2,HAP,0.734163,0.867201,0.209024,0.153161,1,1,1,3,0.597714
79,LEO_0,LEO,0.781641,0.913935,0.046359,0.115775,2,0,0,0,0.766607
79,LEO_1,LEO,0.66855,0.943295,0.002644,0.041537,4,0,0,0,0.507435
80,BS_0,BS,0.877003,0.830977,0.031245,0.486127,1,1,1,2,0.0
80,BS_1,BS,0.644855,0.839702,0.33873,0.299326,1,1,1,2,0.0
80,BS_2,BS,0.644926,0.820954,0.33862,0.273451,1,1,1,5,0.0
80,BS_3,BS,0.797917,0.860953,0.125751,0.219781,1,1,1,1,0.49734
80,BS_4,BS,0.51142,0.838088,0.570564,0.36913,1,1,1,3,0.0
80,HAP_0,HAP,0.755482,0.915311,0.180399,0.098532,1,1,1,0,0.484358
80,HAP_1,HAP,0.511122,0.913441,0.571147,0.174683,1,1,1,0,1.504031
80,HAP_2,HAP,0.680229,0.866042,0.285326,0.159164,1,1,1,2,0.523533
80,LEO_0,LEO,0.711329,0.911655,0.240621,0.118674,1,1,1,0,0.43273
80,LEO_1,LEO,0.796424,0.943459,0.127624,0.040559,1,1,1,0,0.305098
81,BS_0,BS,0.655641,0.831421,0.322141,0.4356,1,1,1,1,3.112088
81,BS_1,BS,0.817906,0.855306,0.101008,0.244052,1,1,1,2,0.0
81,BS_2,BS,0.636204,0.820629,0.352236,0.274592,1,1,1,4,0.0
81,BS_3,BS,0.615324,0.858174,0.385606,0.242736,1,1,1,1,0.0
81,BS_4,BS,0.76479,0.847765,0.168153,0.308028,1,1,1,2,0.0
81,HAP_0,HAP,0.784541,0.923294,0.042657,0.079644,2,0,0,0,0.668997
81,HAP_1,HAP,0.60884,0.901736,0.396201,0.210385,1,1,1,0,0.333112
81,HAP_2,HAP,0.649182,0.861941,0.332042,0.176945,1,1,1,3,0.299359
81,LEO_0,LEO,0.810987,0.918619,0.109503,0.100335,1,1,1,0,0.390492
81,LEO_1,LEO,0.792569,0.948429,0.032476,0.032922,2,0,0,0,0.460717
82,BS_0,BS,0.508209,0.824847,0.576862,0.498226,1,1,1,1,0.0
82,BS_1,BS,0.711077,0.85625,0.240975,0.221372,1,1,1,2,0.5495
82,BS_2,BS,0.617226,0.818552,0.382519,0.285518,1,1,1,6,0.0
82,BS_3,BS,0.719324,0.864898,0.229443,0.217879,1,1,1,1,0.0
82,BS_4,BS,0.717253,0.849749,0.232326,0.270711,1,1,1,3,0.617473
82,HAP_0,HAP,0.717596,0.930492,0.031849,0.064172,3,0,0,0,0.619207
82,HAP_1,HAP,0.736699,0.905704,0.205576,0.187326,1,1,1,0,0.287644
82,HAP_2,HAP,0.692397,0.864834,0.267595,0.173779,1,1,1,2,0.29272
82,LEO_0,LEO,0.733353,0.914672,0.210128,0.100137,1,1,1,0,0.848562
82,LEO_1,LEO,0.787014,0.944377,0.139509,0.035095,1,1,1,0,0.639653
83,BS_0,BS,0.633129,0.831305,0.35708,0.455959,1,1,1,2,0.0
83,BS_1,BS,0.650246,0.850468,0.330405,0.226223,1,1,1,3,0.673767
83,BS_2,BS,0.631986,0.818308,0.358888,0.286375,1,1,1,5,0.0
83,BS_3,BS,0.734285,0.869829,0.208857,0.193933,1,1,1,1,0.381321
83,BS_4,BS,0.748297,0.853497,0.189956,0.232807,1,1,1,3,0.321549
83,HAP_0,HAP,0.639239,0.935078,0.047477,0.052352,4,0,0,0,0.652562
83,HAP_1,HAP,0.806764,0.919933,0.014724,0.149958,2,0,0,0,0.384504
83,HAP_2,HAP,0.662421,0.861775,0.311854,0.182787,1,1,1,2,0.621797
83,LEO_0,LEO,0.78445,0.918328,0.142773,0.089283,1,1,1,0,0.415055
83,LEO_1,LEO,0.808769,0.949374,0.012242,0.028144,2,0,0,0,0.524245
84,BS_0,BS,0.647113,0.840551,0.335235,0.415339,1,1,1,1,0.0
84,BS_1,BS,0.714997,0.851304,0.235477,0.205931,1,1,1,3,0.0
84,BS_2,BS,0.645764,0.819407,0.33732,0.280303,1,1,1,6,0.0
84,BS_3,BS,0.710787,0.873364,0.241382,0.181366,1,1,1,1,0.0
84,BS_4,BS,0.728456,0.855411,0.216828,0.207402,1,1,1,3,0.0
84,HAP_0,HAP,0.854672,0.93803,0.057037,0.043345,1,1,0,0,0.664628
84,HAP_1,HAP,0.690641,0.92672,0.070135,0.12218,3,0,0,0,0.533718
84,HAP_2,HAP,0.640594,0.854895,0.345359,0.199902,1,1,1,2,0.728288
84,LEO_0,LEO,0.80194,0.928458,0.020722,0.071619,2,0,0,0,0.499041
84,LEO_1,LEO,0.785814,0.943345,0.141036,0.031466,1,1,1,0,0.826696
85,BS_0,BS,0.463639,0.821436,0.66865,0.533463,1,1,1,2,0.0
85,BS_1,BS,0.590432,0.840441,0.426901,0.246755,1,1,1,2,0.796816
85,BS_2,BS,0.64067,0.819812,0.34524,0.277878,1,1,1,6,0.0
85,BS_3,BS,0.56284,0.856603,0.47476,0.246521,1,1,1,3,0.763002
85,BS_4,BS,0.48169,0.835032,0.630454,0.344784,1,1,1,1,0.676344
85,HAP_0,HAP,0.787524,0.942236,0.038862,0.035356,2,0,0,0,0.566788
85,HAP_1,HAP,0.742641,0.928519,0.197542,0.115305,1,1,1,0,0.0
85,HAP_2,HAP,0.574049,0.848956,0.45504,0.2531,1,1,1,2,0.184314
85,LEO_0,LEO,0.610837,0.908025,0.392925,0.126771,1,1,1,0,1.271691
85,LEO_1,LEO,0.756739,0.939364,0.178737,0.039549,1,1,1,0,0.381196
86,BS_0,BS,0.518915,0.820002,0.556015,0.565889,1,1,1,1,0.0
86,BS_1,BS,0.763677,0.849463,0.169611,0.210349,1,1,1,2,0.0
86,BS_2,BS,0.642674,0.820322,0.342117,0.274973,1,1,1,5,0.0
86,BS_3,BS,0.68367,0.858416,0.280281,0.232568,1,1,1,2,0.401502
86,BS_4,BS,0.641621,0.833107,0.343757,0.329003,1,1,1,3,0.781054
86,HAP_0,HAP,0.699145,0.944744,0.057897,0.029793,3,0,0,0,0.549947
86,HAP_1,HAP,0.764806,0.928609,0.168133,0.104965,1,1,1,0,0.489707
86,HAP_2,HAP,0.642707,0.850868,0.342066,0.255134,1,1,1,2,0.429153
86,LEO_0,LEO,0.683519,0.903811,0.2805,0.136823,1,1,1,0,0.443288
86,LEO_1,LEO,0.818145,0.946335,0.000715,0.031639,2,0,0,0,0.524485
87,BS_0,BS,0.458017,0.803923,0.68085,0.661312,1,1,1,2,0.0
87,BS_1,BS,0.716403,0.851017,0.233512,0.192817,1,1,1,3,0.31734
87,BS_2,BS,0.628073,0.819352,0.365098,0.279962,1,1,1,7,0.0
87,BS_3,BS,0.512388,0.848893,0.568674,0.33158,1,1,1,1,0.0
87,BS_4,BS,0.619021,0.834911,0.379617,0.328052,1,1,1,1,0.0
87,HAP_0,HAP,0.816793,0.944749,0.102369,0.02855,1,1,1,0,0.4737
87,HAP_1,HAP,0.765806,0.934261,0.066827,0.085981,2,0,0,0,0.474092
87,HAP_2,HAP,0.58904,0.844699,0.429261,0.287026,1,1,1,2,0.605673
87,LEO_0,LEO,0.701658,0.904984,0.254309,0.138561,1,1,1,0,0.206304
87,LEO_1,LEO,0.772914,0.940124,0.157587,0.036487,1,1,1,0,0.808165
88,BS_0,BS,0.793888,0.823954,0.130813,0.53675,1,1,1,2,0.0
88,BS_1,BS,0.673212,0.850674,0.295696,0.1936,1,1,1,3,0.0
88,BS_2,BS,0.643473,0.820029,0.340875,0.276257,1,1,1,5,0.0
88,BS_3,BS,0.546971,0.84077,0.503359,0.379281,1,1,1,1,0.23538
88,BS_4,BS,0.727606,0.844316,0.217996,0.283826,1,1,1,3,0.0
88,HAP_0,HAP,0.539026,0.911739,0.517992,0.143582,1,1,1,0,1.606334
88,HAP_1,HAP,0.679299,0.937293,0.086694,0.072167,3,0,0,0,0.498892
88,HAP_2,HAP,0.624466,0.844267,0.370858,0.291512,1,1,1,2,0.428242
88,LEO_0,LEO,0.81456,0.920035,0.005107,0.110861,2,0,0,0,0.385574
88,LEO_1,LEO,0.812968,0.944766,0.007063,0.029212,2,0,0,0,0.676463
89,BS_0,BS,0.526047,0.82125,0.542365,0.561772,1,1,1,1,0.0
89,BS_1,BS,0.706541,0.851217,0.247374,0.182417,1,1,1,3,0.0
89,BS_2,BS,0.648244,0.821014,0.333487,0.271052,1,1,1,6,0.0
89,BS_3,BS,0.55206,0.829836,0.494099,0.413285,1,1,1,2,0.68949
89,BS_4,BS,0.79094,0.855592,0.134533,0.235206,1,1,1,2,0.205537
89,HAP_0,HAP,0.66008,0.903772,0.315394,0.159629,1,1,1,0,0.512464
89,HAP_1,HAP,0.796443,0.93665,0.1276,0.06506,1,1,1,0,0.56814
89,HAP_2,HAP,0.607658,0.840758,0.398143,0.304543,1,1,1,2,0.372313
89,LEO_0,LEO,0.811172,0.924263,0.109275,0.094062,1,1,1,0,0.559901
89,LEO_1,LEO,0.720624,0.947554,0.027638,0.023713,3,0,0,0,0.652353
90,BS_0,BS,0.701341,0.836304,0.254761,0.478624,1,1,1,1,0.0
90,BS_1,BS,0.447726,0.831508,0.703574,0.368691,1,1,1,2,0.0
90,BS_2,BS,0.587408,0.815889,0.432036,0.300837,1,1,1,3,0.0
90,BS_3,BS,0.556763,0.820105,0.485615,0.436748,1,1,1,3,0.462007
90,BS_4,BS,0.655198,0.850747,0.322817,0.235059,1,1,1,3,0.760778
90,HAP_0,HAP,0.743038,0.90651,0.197008,0.145169,1,1,1,0,0.41847
90,HAP_1,HAP,0.756926,0.938288,0.07849,0.054821,2,0,0,0,0.65212
90,HAP_2,HAP,0.702396,0.847369,0.253258,0.272497,1,1,1,2,0.505476
90,LEO_0,LEO,0.790056,0.924356,0.135651,0.08353,1,1,1,0,0.734206
90,LEO_1,LEO,0.610905,0.946851,0.092814,0.022847,4,0,0,0,0.537863
91,BS_0,BS,0.634725,0.840013,0.354563,0.439471,1,1,1,2,0.0
91,BS_1,BS,0.748772,0.843489,0.18932,0.311082,1,1,1,2,0.0
91,BS_2,BS,0.647933,0.817673,0.333968,0.29086,1,1,1,6,0.0
91,BS_3,BS,0.780516,0.83229,0.147799,0.359228,1,1,1,3,0.276941
91,BS_4,BS,0.697521,0.850113,0.260223,0.21852,1,1,1,3,0.542066
91,HAP_0,HAP,0.779097,0.913197,0.14962,0.126209,1,1,1,0,0.262033
91,HAP_1,HAP,0.700979,0.94134,0.055277,0.045232,3,0,0,0,0.588732
91,HAP_2,HAP,0.649403,0.84819,0.331702,0.267509,1,1,1,1,0.673792
91,LEO_0,LEO,0.814725,0.932608,0.004905,0.066835,2,0,0,0,0.64986
91,LEO_1,LEO,0.723621,0.940409,0.223488,0.040754,1,1,1,0,0.317292
92,BS_0,BS,0.705091,0.84801,0.249428,0.379573,1,1,1,2,0.0
92,BS_1,BS,0.611593,0.837218,0.391689,0.317904,1,1,1,3,0.0
92,BS_2,BS,0.628607,0.817284,0.364248,0.292392,1,1,1,7,0.0
92,BS_3,BS,0.745303,0.840089,0.193965,0.304313,1,1,1,2,0.0
92,BS_4,BS,0.669066,0.847003,0.301873,0.215823,1,1,1,3,0.0
92,HAP_0,HAP,0.798007,0.925152,0.025638,0.101263,2,0,0,0,0.407544
92,HAP_1,HAP,0.6092,0.943624,0.095609,0.040299,4,0,0,0,0.314524
92,HAP_2,HAP,0.571357,0.83952,0.45974,0.30912,1,1,1,2,0.455598
92,LEO_0,LEO,0.576919,0.905824,0.450053,0.144614,1,1,1,0,1.492846
92,LEO_1,LEO,0.790521,0.945364,0.035063,0.033156,2,0,0,0,0.515845
93,BS_0,BS,0.686427,0.850796,0.276256,0.338001,1,1,1,1,0.686219
93,BS_1,BS,0.550001,0.827766,0.497835,0.365852,1,1,1,1,0.663989
93,BS_2,BS,0.645731,0.818585,0.337372,0.285133,1,1,1,5,0.734497
93,BS_3,BS,0.700059,0.841854,0.256591,0.273078,1,1,1,2,0.576872
93,BS_4,BS,0.61925,0.839853,0.379247,0.237381,1,1,1,2,0.358601
93,HAP_0,HAP,0.805341,0.927903,0.116489,0.087117,1,1,1,0,0.557054
93,HAP_1,HAP,0.854613,0.945471,0.057106,0.033707,1,1,0,0,0.657449
93,HAP_2,HAP,0.608874,0.840088,0.396144,0.317915,1,1,1,1,0.447304
93,LEO_0,LEO,0.696003,0.900942,0.262401,0.146676,1,1,1,0,0.665143
93,LEO_1,LEO,0.784188,0.941225,0.143106,0.035741,1,1,1,0,0.688517
94,BS_0,BS,0.667071,0.852908,0.30486,0.312224,1,1,1,2,0.0
94,BS_1,BS,0.60177,0.823312,0.40788,0.367546,1,1,1,3,0.0
94,BS_2,BS,0.624459,0.817809,0.370869,0.290001,1,1,1,3,0.0
94,BS_3,BS,0.716206,0.844492,0.233788,0.243058,1,1,1,3,0.0
94,BS_4,BS,0.698288,0.843977,0.259124,0.22012,1,1,1,2,0.0
94,HAP_0,HAP,0.7017,0.918373,0.25425,0.098783,1,1,1,0,0.95602
94,HAP_1,HAP,0.762096,0.93767,0.171683,0.040229,1,1,1,0,0.900671
94,HAP_2,HAP,0.554421,0.837765,0.489831,0.362302,1,1,1,1,0.233723
94,LEO_0,LEO,0.643491,0.896656,0.340847,0.16962,1,1,1,0,0.25661
94,LEO_1,LEO,0.748384,0.942886,0.089839,0.032225,2,0,0,0,0.425887
95,BS_0,BS,0.755969,0.861734,0.179755,0.264319,1,1,1,2,0.0
95,BS_1,BS,0.720219,0.833302,0.2282,0.317471,1,1,1,2,0.0
95,BS_2,BS,0.636307,0.818161,0.352074,0.287781,1,1,1,6,0.0
95,BS_3,BS,0.634271,0.839284,0.355279,0.251247,1,1,1,2,0.799742
95,BS_4,BS,0.710436,0.848531,0.241876,0.202423,1,1,1,2,0.373518
95,HAP_0,HAP,0.734269,0.917367,0.20888,0.09866,1,1,1,0,0.382419
95,HAP_1,HAP,0.774251,0.939732,0.055859,0.033587,2,0,0,0,0.671456
95,HAP_2,HAP,0.473192,0.82002,0.648255,0.478947,1,1,1,2,0.743873
95,LEO_0,LEO,0.790191,0.911058,0.03548,0.136263,2,0,0,0,0.426039
95,LEO_1,LEO,0.680869,0.944461,0.084385,0.028984,3,0,0,0,0.480536
96,BS_0,BS,0.444228,0.838994,0.711418,0.439207,1,1,1,0,0.718378
96,BS_1,BS,0.710043,0.837765,0.24243,0.280424,1,1,1,2,0.557871
96,BS_2,BS,0.619332,0.81679,0.379115,0.294903,1,1,1,7,0.0
96,BS_3,BS,0.758964,0.846812,0.175801,0.214905,1,1,1,3,0.0
96,BS_4,BS,0.751854,0.853285,0.185213,0.177375,1,1,1,2,0.764543
96,HAP_0,HAP,0.816614,0.920775,0.102588,0.083664,1,1,1,0,0.750501
96,HAP_1,HAP,0.770982,0.936691,0.16009,0.038403,1,1,1,0,0.509847
96,HAP_2,HAP,0.608053,0.823815,0.397494,0.454258,1,1,1,1,0.365142
96,LEO_0,LEO,0.691174,0.918974,0.069364,0.111175,3,0,0,0,0.610363
96,LEO_1,LEO,0.754671,0.941352,0.181473,0.038007,1,1,1,0,0.296451
97,BS_0,BS,0.544934,0.831064,0.50709,0.467079,1,1,1,2,0.0
97,BS_1,BS,0.680315,0.838234,0.285199,0.260942,1,1,1,3,0.0
97,BS_2,BS,0.643422,0.817976,0.340954,0.288234,1,1,1,7,0.0
97,BS_3,BS,0.718395,0.848792,0.230735,0.195881,1,1,1,3,0.0
97,BS_4,BS,0.688822,0.85565,0.272773,0.175382,1,1,1,3,0.0
97,HAP_0,HAP,0.585013,0.897255,0.43612,0.152522,1,1,1,0,1.475619
97,HAP_1,HAP,0.791731,0.937374,0.133534,0.038746,1,1,1,0,0.358591
97,HAP_2,HAP,0.604678,0.827129,0.403059,0.436512,1,1,1,1,0.494623
97,LEO_0,LEO,0.624218,0.925165,0.071255,0.091225,4,0,0,0,0.574593
97,LEO_1,LEO,0.775854,0.945174,0.053791,0.031707,2,0,0,0,0.50177
98,BS_0,BS,0.599719,0.835582,0.411295,0.449787,1,1,1,1,0.0
98,BS_1,BS,0.669765,0.837564,0.300829,0.249477,1,1,1,3,0.527964
98,BS_2,BS,0.647143,0.81927,0.335188,0.281146,1,1,1,6,0.0
98,BS_3,BS,0.672237,0.846242,0.297144,0.196438,1,1,1,3,0.546197
98,BS_4,BS,0.674856,0.852802,0.293257,0.179006,1,1,1,3,0.691362
98,HAP_0,HAP,0.673195,0.892607,0.295721,0.16137,1,1,1,0,0.601747
98,HAP_1,HAP,0.777823,0.934188,0.151256,0.041292,1,1,1,0,0.730339
98,HAP_2,HAP,0.705462,0.841159,0.248903,0.377088,1,1,1,0,0.50784
98,LEO_0,LEO,0.86394,0.933381,0.046252,0.073943,1,1,0,0,0.353558
98,LEO_1,LEO,0.647696,0.927191,0.334334,0.075667,1,1,1,0,0.994005
99,BS_0,BS,0.577313,0.83305,0.44937,0.4507,1,1,1,2,0.0
99,BS_1,BS,0.615343,0.83418,0.385576,0.266483,1,1,1,3,0.0
99,BS_2,BS,0.641406,0.81977,0.344092,0.278196,1,1,1,6,0.0
99,BS_3,BS,0.656476,0.842749,0.320869,0.203481,1,1,1,3,0.0
99,BS_4,BS,0.772789,0.860071,0.157749,0.154403,1,1,1,3,0.0
99,HAP_0,HAP,0.708282,0.894724,0.244913,0.156088,1,1,1,0,0.397035
99,HAP_1,HAP,0.783358,0.93468,0.144166,0.042387,1,1,1,0,0.336572
99,HAP_2,HAP,0.538805,0.833398,0.518402,0.422604,1,1,1,2,0.632432
99,LEO_0,LEO,0.507284,0.899188,0.578684,0.209848,1,1,1,0,1.713791
99,LEO_1,LEO,0.788368,0.927667,0.13779,0.069077,1,1,1,0,0.505071
100,BS_0,BS,0.687879,0.843061,0.274143,0.394379,1,1,1,1,0.293766
100,BS_1,BS,0.719288,0.839027,0.229493,0.236886,1,1,1,3,0.353259
100,BS_2,BS,0.64778,0.820764,0.334204,0.272819,1,1,1,6,0.0
100,BS_3,BS,0.633845,0.837844,0.35595,0.2198,1,1,1,2,0.745357
100,BS_4,BS,0.747226,0.862032,0.191388,0.140005,1,1,1,3,0.454339
100,HAP_0,HAP,0.742506,0.903048,0.097724,0.129168,2,0,0,0,0.741774
100,HAP_1,HAP,0.787868,0.94041,0.038425,0.034574,2,0,0,0,0.528087
100,HAP_2,HAP,0.524501,0.824299,0.545307,0.471895,1,1,1,2,0.481571
100,LEO_0,LEO,0.711359,0.897465,0.240578,0.193923,1,1,1,0,0.611434
100,LEO_1,LEO,0.787235,0.93296,0.039229,0.055954,2,0,0,0,0.707042
101,BS_0,BS,0.614616,0.841078,0.386758,0.382815,1,1,1,1,0.428136
101,BS_1,BS,0.572877,0.832304,0.457084,0.283526,1,1,1,1,0.361198
101,BS_2,BS,0.640826,0.820911,0.344997,0.271815,1,1,1,4,0.457776
101,BS_3,BS,0.631224,0.83367,0.360095,0.234191,1,1,1,2,0.583224
101,BS_4,BS,0.664803,0.859113,0.308265,0.154766,1,1,1,2,0.419517
101,HAP_0,HAP,0.675498,0.910114,0.092305,0.107169,3,0,0,0,0.676598
101,HAP_1,HAP,0.722035,0.94672,0.025682,0.027956,3,0,0,0,0.382665
101,HAP_2,HAP,0.60282,0.826913,0.406137,0.451742,1,1,1,1,0.549913
101,LEO_0,LEO,0.819475,0.905341,0.099092,0.159557,1,1,1,0,0.649472
101,LEO_1,LEO,0.6946,0.937238,0.064419,0.046631,3,0,0,0,0.487657
102,BS_0,BS,0.586414,0.842028,0.43373,0.390907,1,1,1,1,0.0
102,BS_1,BS,0.81087,0.848033,0.109647,0.232231,1,1,1,2,0.0
102,BS_2,BS,0.648344,0.821729,0.333334,0.267453,1,1,1,7,0.0
102,BS_3,BS,0.722371,0.838423,0.225217,0.210178,1,1,1,3,0.0
102,BS_4,BS,0.627199,0.850898,0.366492,0.184256,1,1,1,3,0.0
102,HAP_0,HAP,0.780041,0.916011,0.148409,0.095646,1,1,1,0,0.22729
102,HAP_1,HAP,0.676801,0.931146,0.290378,0.060308,1,1,1,0,0.999317
102,HAP_2,HAP,0.528592,0.824937,0.537538,0.49142,1,1,1,1,0.0
102,LEO_0,LEO,0.796014,0.907679,0.128138,0.135035,1,1,1,0,0.946006
102,LEO_1,LEO,0.688157,0.931241,0.273738,0.071024,1,1,1,0,0.134053
103,BS_0,BS,0.613486,0.846166,0.388598,0.380679,1,1,1,1,0.0
103,BS_1,BS,0.743198,0.852372,0.196793,0.203212,1,1,1,2,1.920764
103,BS_2,BS,0.634393,0.821078,0.355087,0.270701,1,1,1,6,0.0
103,BS_3,BS,0.6301,0.835972,0.361877,0.227072,1,1,1,2,0.354709
103,BS_4,BS,0.736228,0.854296,0.206215,0.166541,1,1,1,3,0.0
103,HAP_0,HAP,0.624037,0.901322,0.371545,0.138638,1,1,1,0,1.069859
103,HAP_1,HAP,0.653029,0.922304,0.326133,0.09611,1,1,1,0,0.160403
103,HAP_2,HAP,0.53904,0.820723,0.517965,0.513866,1,1,1,2,0.327656
103,LEO_0,LEO,0.758638,0.911905,0.076231,0.110643,2,0,0,0,0.985404
103,LEO_1,LEO,0.801605,0.936594,0.121139,0.063423,1,1,1,0,0.088063
104,BS_0,BS,0.60656,0.84801,0.399952,0.376526,1,1,1,1,0.0
104,BS_1,BS,0.750122,0.857077,0.18752,0.178393,1,1,1,3,0.0
104,BS_2,BS,0.6456,0.821608,0.337575,0.267842,1,1,1,7,0.0
104,BS_3,BS,0.425353,0.818907,0.754836,0.438058,1,1,1,1,0.0
104,BS_4,BS,0.6864,0.85205,0.276295,0.167585,1,1,1,2,0.397318
104,HAP_0,HAP,0.789209,0.906826,0.136725,0.119322,1,1,1,0,0.523711
104,HAP_1,HAP,0.754628,0.930151,0.08153,0.079879,2,0,0,0,0.273913
104,HAP_2,HAP,0.624873,0.827348,0.370207,0.472766,1,1,1,1,0.447239
104,LEO_0,LEO,0.742343,0.912096,0.197944,0.106146,1,1,1,0,0.452349
104,LEO_1,LEO,0.546569,0.909976,0.504094,0.165088,1,1,1,0,1.103563
105,BS_0,BS,0.614882,0.848745,0.386326,0.368382,1,1,1,1,0.0
105,BS_1,BS,0.761451,0.860596,0.17253,0.156109,1,1,1,2,0.624421
105,BS_2,BS,0.6245,0.820038,0.370804,0.276146,1,1,1,4,0.0
105,BS_3,BS,0.650572,0.828573,0.329903,0.399422,1,1,1,2,0.0
105,BS_4,BS,0.738532,0.855566,0.20309,0.152628,1,1,1,3,0.0
105,HAP_0,HAP,0.789969,0.91634,0.035761,0.096033,2,0,0,0,0.721172
105,HAP_1,HAP,0.710896,0.937005,0.04123,0.064668,3,0,0,0,0.510201
105,HAP_2,HAP,0.539961,0.820675,0.516259,0.498149,1,1,1,2,0.482398
105,LEO_0,LEO,0.757364,0.920025,0.077911,0.087648,2,0,0,0,0.483311
105,LEO_1,LEO,0.801356,0.914973,0.12145,0.138708,1,1,1,0,0.488689
106,BS_0,BS,0.690942,0.857408,0.2697,0.327438,1,1,1,1,0.0
106,BS_1,BS,0.752893,0.862956,0.183833,0.140095,1,1,1,2,0.0
106,BS_2,BS,0.646395,0.82085,0.336344,0.271824,1,1,1,5,0.0
106,BS_3,BS,0.513448,0.81551,0.566606,0.464007,1,1,1,2,0.498205
106,BS_4,BS,0.668981,0.851555,0.302,0.163145,1,1,1,2,0.687302
106,HAP_0,HAP,0.722926,0.9248,0.024448,0.077096,3,0,0,0,0.676295
106,HAP_1,HAP,0.815363,0.937772,0.104122,0.056613,1,1,1,0,0.582089
106,HAP_2,HAP,0.650034,0.826427,0.330731,0.447741,1,1,1,2,0.53918
106,LEO_0,LEO,0.813695,0.925097,0.106169,0.075191,1,1,1,0,0.444697
106,LEO_1,LEO,0.799276,0.920311,0.124049,0.117891,1,1,1,0,0.384991
107,BS_0,BS,0.574896,0.849656,0.453567,0.354526,1,1,1,2,0.0
107,BS_1,BS,0.704808,0.860476,0.24983,0.140163,1,1,1,3,0.648167
107,BS_2,BS,0.642929,0.821177,0.341722,0.270008,1,1,1,6,0.0
107,BS_3,BS,0.645903,0.817749,0.337106,0.422344,1,1,1,2,0.0
107,BS_4,BS,0.717798,0.852394,0.231567,0.154646,1,1,1,3,0.0
107,HAP_0,HAP,0.65591,0.931771,0.021732,0.061889,4,0,0,0,0.675445
107,HAP_1,HAP,0.794908,0.943616,0.029528,0.045683,2,0,0,0,0.464093
107,HAP_2,HAP,0.645602,0.829908,0.337573,0.409473,1,1,1,2,0.623151
107,LEO_0,LEO,0.808701,0.934652,0.012326,0.060221,2,0,0,0,0.471997
107,LEO_1,LEO,0.795337,0.929479,0.028989,0.094691,2,0,0,0,0.523274
108,BS_0,BS,0.735455,0.857149,0.207266,0.302952,1,1,1,2,0.0
108,BS_1,BS,0.634587,0.854387,0.354781,0.168771,1,1,1,3,0.0
108,BS_2,BS,0.622006,0.819453,0.374805,0.279222,1,1,1,4,0.0
108,BS_3,BS,0.724323,0.825962,0.222518,0.360156,1,1,1,3,0.258009
108,BS_4,BS,0.685691,0.850378,0.277329,0.158327,1,1,1,3,0.0
108,HAP_0,HAP,0.770571,0.93175,0.160623,0.061121,1,1,1,0,0.334548
108,HAP_1,HAP,0.711947,0.946639,0.039751,0.037257,3,0,0,0,0.612875
108,HAP_2,HAP,0.627433,0.829292,0.366118,0.387897,1,1,1,2,0.675978
108,LEO_0,LEO,0.528494,0.90252,0.537724,0.178293,1,1,1,0,1.725163
108,LEO_1,LEO,0.81224,0.93089,0.10796,0.080998,1,1,1,0,0.65117
109,BS_0,BS,0.874045,0.873527,0.034623,0.242901,1,1,1,2,0.0
109,BS_1,BS,0.705023,0.856647,0.249524,0.163035,1,1,1,3,0.0
109,BS_2,BS,0.634401,0.819258,0.355074,0.280112,1,1,1,6,0.0
109,BS_3,BS,0.697722,0.830196,0.259934,0.31853,1,1,1,3,0.636549
109,BS_4,BS,0.471526,0.832419,0.651781,0.31783,1,1,1,2,0.0
109,HAP_0,HAP,0.817821,0.940839,0.001111,0.048897,2,0,0,0,0.461081
109,HAP_1,HAP,0.669552,0.951987,0.001146,0.029807,4,0,0,0,0.510212
109,HAP_2,HAP,0.566788,0.827788,0.46777,0.408782,1,1,1,1,0.430497
109,LEO_0,LEO,0.586804,0.891204,0.433064,0.227029,1,1,1,0,0.28009
109,LEO_1,LEO,0.586485,0.9063,0.433609,0.149406,1,1,1,0,1.394087
110,BS_0,BS,0.417029,0.843403,0.774599,0.464322,1,1,1,0,0.864924
110,BS_1,BS,0.69925,0.855475,0.257747,0.160323,1,1,1,3,1.336036
110,BS_2,BS,0.647785,0.820355,0.334197,0.274349,1,1,1,5,0.0
110,BS_3,BS,0.667537,0.830912,0.30416,0.296455,1,1,1,3,0.0
110,BS_4,BS,0.631591,0.830609,0.359513,0.312426,1,1,1,3,0.0
110,HAP_0,HAP,0.557783,0.911876,0.483785,0.144439,1,1,1,0,1.358632
110,HAP_1,HAP,0.75981,0.948456,0.174687,0.037577,1,1,1,0,0.200159
110,HAP_2,HAP,0.577196,0.828191,0.449573,0.417978,1,1,1,2,0.325703
110,LEO_0,LEO,0.743849,0.89802,0.195917,0.198896,1,1,1,0,0.277873
110,LEO_1,LEO,0.612843,0.896411,0.389646,0.187845,1,1,1,0,0.346392
111,BS_0,BS,0.506143,0.838078,0.580935,0.523327,1,1,1,0,0.0
111,BS_1,BS,0.587689,0.844337,0.431557,0.212067,1,1,1,1,0.629686
111,BS_2,BS,0.648342,0.821283,0.333337,0.269481,1,1,1,6,0.0
111,BS_3,BS,0.651659,0.830036,0.328233,0.285646,1,1,1,3,0.20173
111,BS_4,BS,0.717861,0.836743,0.231479,0.274053,1,1,1,2,0.306342
111,HAP_0,HAP,0.774416,0.91218,0.155646,0.126453,1,1,1,0,0.703541
111,HAP_1,HAP,0.766988,0.950692,0.065284,0.03198,2,0,0,0,0.453153
111,HAP_2,HAP,0.574894,0.826024,0.453569,0.426958,1,1,1,1,0.62131
111,LEO_0,LEO,0.740225,0.899579,0.200801,0.177261,1,1,1,0,0.768832
111,LEO_1,LEO,0.763702,0.903078,0.169578,0.163217,1,1,1,0,0.353188
112,BS_0,BS,0.418045,0.815556,0.772167,0.68697,1,1,1,2,0.0
112,BS_1,BS,0.707962,0.846088,0.245365,0.196745,1,1,1,3,0.0
112,BS_2,BS,0.641535,0.821393,0.343892,0.268802,1,1,1,4,0.0
112,BS_3,BS,0.644415,0.828664,0.339413,0.280357,1,1,1,3,0.0
112,BS_4,BS,0.602581,0.832515,0.406533,0.293613,1,1,1,1,0.732805
112,HAP_0,HAP,0.767673,0.913898,0.164392,0.113324,1,1,1,0,0.548324
112,HAP_1,HAP,0.813989,0.949441,0.105808,0.030622,1,1,1,0,0.491552
112,HAP_2,HAP,0.573882,0.825882,0.455331,0.434864,1,1,1,1,0.610483
112,LEO_0,LEO,0.75718,0.909961,0.078154,0.144558,2,0,0,0,0.456999
112,LEO_1,LEO,0.787958,0.915205,0.03831,0.131234,2,0,0,0,0.52298
113,BS_0,BS,0.686481,0.826517,0.276176,0.583899,1,1,1,2,0.0
113,BS_1,BS,0.647937,0.842155,0.333962,0.207585,1,1,1,1,0.686426
113,BS_2,BS,0.645752,0.821874,0.33734,0.266251,1,1,1,5,0.0
113,BS_3,BS,0.565931,0.823012,0.469283,0.323387,1,1,1,2,0.0
113,BS_4,BS,0.690232,0.83893,0.270727,0.267873,1,1,1,2,0.0
113,HAP_0,HAP,0.748105,0.916083,0.190211,0.10694,1,1,1,0,0.303298
113,HAP_1,HAP,0.797867,0.953945,0.025813,0.024797,2,0,0,0,0.388277
113,HAP_2,HAP,0.51288,0.816519,0.567713,0.492925,1,1,1,2,0.649641
113,LEO_0,LEO,0.678566,0.9152,0.087773,0.119113,3,0,0,0,0.812481
113,LEO_1,LEO,0.731878,0.926869,0.012142,0.105053,3,0,0,0,0.44683
114,BS_0,BS,0.835106,0.847392,0.080197,0.470013,1,1,1,2,0.0
114,BS_1,BS,0.666136,0.84515,0.306261,0.208276,1,1,1,2,0.0
114,BS_2,BS,0.639404,0.821666,0.34722,0.267253,1,1,1,7,0.0
114,BS_3,BS,0.717973,0.833847,0.231324,0.28279,1,1,1,3,0.0
114,BS_4,BS,0.710795,0.845113,0.241371,0.240515,1,1,1,3,0.0
114,HAP_0,HAP,0.748429,0.914439,0.189779,0.101759,1,1,1,0,0.789463
114,HAP_1,HAP,0.738908,0.958594,0.002582,0.019841,3,0,0,0,0.449451
114,HAP_2,HAP,0.643569,0.827109,0.340727,0.446582,1,1,1,0,0.454741
114,LEO_0,LEO,0.67029,0.925972,4.5e-05,0.09529,4,0,0,0,0.585599
114,LEO_1,LEO,0.78891,0.926828,0.137103,0.092501,1,1,1,0,0.690944
115,BS_0,BS,0.649919,0.844257,0.330908,0.425286,1,1,1,2,2.804297
115,BS_1,BS,0.611153,0.838536,0.392409,0.235914,1,1,1,3,0.0
115,BS_2,BS,0.634875,0.821073,0.354326,0.270299,1,1,1,4,0.0
115,BS_3,BS,0.771069,0.845203,0.159977,0.237748,1,1,1,3,0.0
115,BS_4,BS,0.728016,0.849671,0.217432,0.213687,1,1,1,3,0.0
115,HAP_0,HAP,0.800908,0.91959,0.122009,0.088106,1,1,1,0,0.404097
115,HAP_1,HAP,0.654774,0.960669,0.023465,0.01612,4,0,0,0,0.489577
115,HAP_2,HAP,0.549793,0.827135,0.498213,0.468963,1,1,1,1,0.138558
115,LEO_0,LEO,0.825579,0.930466,0.09167,0.080014,1,1,0,0,0.446734
115,LEO_1,LEO,0.764276,0.927836,0.168826,0.086827,1,1,1,0,0.276121
116,BS_0,BS,0.671847,0.848832,0.297724,0.380116,1,1,1,2,0.0
116,BS_1,BS,0.683878,0.8429,0.279976,0.224005,1,1,1,3,0.0
116,BS_2,BS,0.624966,0.819655,0.370058,0.277863,1,1,1,7,0.0
116,BS_3,BS,0.722448,0.848201,0.225109,0.213002,1,1,1,3,0.604641
116,BS_4,BS,0.711934,0.851106,0.23977,0.19682,1,1,1,2,0.262364
116,HAP_0,HAP,0.814482,0.922775,0.105203,0.075465,1,1,1,0,0.707093
116,HAP_1,HAP,0.840495,0.96077,0.073765,0.015345,1,1,0,0,0.297505
116,HAP_2,HAP,0.535344,0.82256,0.524845,0.499128,1,1,1,1,0.51448
116,LEO_0,LEO,0.787027,0.928825,0.139493,0.072767,1,1,1,0,0.777019
116,LEO_1,LEO,0.789498,0.928038,0.136358,0.077829,1,1,1,0,0.668695
117,BS_0,BS,0.413061,0.830274,0.78416,0.580801,1,1,1,0,0.0
117,BS_1,BS,0.590484,0.838739,0.426813,0.26118,1,1,1,1,0.527065
117,BS_2,BS,0.640795,0.820021,0.345046,0.275866,1,1,1,7,0.0
117,BS_3,BS,0.531066,0.837215,0.532868,0.298179,1,1,1,2,0.285648
117,BS_4,BS,0.727362,0.852936,0.218331,0.178907,1,1,1,3,0.652283
117,HAP_0,HAP,0.689723,0.911591,0.271465,0.093534,1,1,1,0,1.128036
117,HAP_1,HAP,0.76159,0.959629,0.072347,0.014631,2,0,0,0,0.497279
117,HAP_2,HAP,0.564451,0.822054,0.471901,0.499514,1,1,1,2,0.365982
117,LEO_0,LEO,0.750079,0.927859,0.187577,0.074047,1,1,1,0,0.313818
117,LEO_1,LEO,0.805212,0.931541,0.11665,0.068386,1,1,1,0,0.335046
118,BS_0,BS,0.393968,0.80345,0.831486,0.775757,1,1,1,2,0.0
118,BS_1,BS,0.578808,0.83118,0.446784,0.298772,1,1,1,2,0.0
118,BS_2,BS,0.60525,0.81689,0.402113,0.293456,1,1,1,5,0.0
118,BS_3,BS,0.571393,0.828317,0.459679,0.33363,1,1,1,3,0.0
118,BS_4,BS,0.687412,0.85089,0.274821,0.177112,1,1,1,2,0.441231
118,HAP_0,HAP,0.599391,0.901213,0.411841,0.151153,1,1,1,0,0.160127
118,HAP_1,HAP,0.735178,0.948569,0.207643,0.031107,1,1,1,0,0.718295
118,HAP_2,HAP,0.588671,0.825356,0.429888,0.482772,1,1,1,2,0.177203
118,LEO_0,LEO,0.752798,0.923982,0.183959,0.074466,1,1,1,0,0.809885
118,LEO_1,LEO,0.68982,0.920644,0.271325,0.087837,1,1,1,0,0.941495
119,BS_0,BS,0.821655,0.828596,0.096434,0.624791,1,1,1,1,0.0
119,BS_1,BS,0.747254,0.838862,0.191351,0.255494,1,1,1,3,0.309692
119,BS_2,BS,0.648198,0.818499,0.333559,0.284832,1,1,1,6,0.0
119,BS_3,BS,0.700119,0.832488,0.256505,0.296511,1,1,1,3,0.474753
119,BS_4,BS,0.626336,0.845506,0.367868,0.202587,1,1,1,2,0.448495
119,HAP_0,HAP,0.795828,0.906758,0.128372,0.128338,1,1,1,0,0.730065
119,HAP_1,HAP,0.780441,0.94921,0.047896,0.025918,2,0,0,0,0.679499
119,HAP_2,HAP,0.59537,0.826537,0.418572,0.465059,1,1,1,2,0.67312
119,LEO_0,LEO,0.779683,0.928804,0.048868,0.060648,2,0,0,0,0.749476
119,LEO_1,LEO,0.779338,0.9268,0.04931,0.071364,2,0,0,0,0.636796
120,BS_0,BS,0.622577,0.826768,0.373888,0.562739,1,1,1,2,2.966996
120,BS_1,BS,0.71569,0.842099,0.234509,0.229143,1,1,1,3,0.0
120,BS_2,BS,0.62621,0.817715,0.368069,0.288829,1,1,1,7,0.0
120,BS_3,BS,0.67941,0.833844,0.286531,0.274154,1,1,1,3,0.0
120,BS_4,BS,0.686053,0.84517,0.276801,0.196548,1,1,1,3,0.0
120,HAP_0,HAP,0.748301,0.910733,0.189949,0.118907,1,1,1,0,0.246743
120,HAP_1,HAP,0.730769,0.943701,0.213658,0.041277,1,1,1,0,0.186698
120,HAP_2,HAP,0.55073,0.820664,0.49651,0.482982,1,1,1,2,0.679445
120,LEO_0,LEO,0.683476,0.932701,0.080564,0.051439,3,0,0,0,0.502262
120,LEO_1,LEO,0.697822,0.922253,0.259792,0.087462,1,1,1,0,0.280984
121,BS_0,BS,0.534632,0.823689,0.526177,0.574779,1,1,1,1,0.0
121,BS_1,BS,0.687817,0.842241,0.274232,0.217156,1,1,1,3,0.762358
121,BS_2,BS,0.648115,0.819151,0.333688,0.28117,1,1,1,7,0.0
121,BS_3,BS,0.415615,0.810495,0.777995,0.491697,1,1,1,1,0.531668
121,BS_4,BS,0.55283,0.834857,0.492704,0.266479,1,1,1,1,0.501531
121,HAP_0,HAP,0.674811,0.902741,0.293322,0.133843,1,1,1,0,0.948812
121,HAP_1,HAP,0.540529,0.912832,0.515206,0.152468,1,1,1,0,1.330914
121,HAP_2,HAP,0.601049,0.822308,0.409078,0.461691,1,1,1,1,0.643938
121,LEO_0,LEO,0.772008,0.9323,0.158761,0.052493,1,1,1,0,0.404179
121,LEO_1,LEO,0.750997,0.926948,0.086353,0.073325,2,0,0,0,0.619249
122,BS_0,BS,0.645673,0.829538,0.337462,0.51107,1,1,1,2,0.0
122,BS_1,BS,0.660033,0.839868,0.315465,0.218508,1,1,1,3,0.0
122,BS_2,BS,0.633937,0.818972,0.355806,0.281905,1,1,1,6,0.0
122,BS_3,BS,0.560307,0.80566,0.479271,0.496723,1,1,1,3,0.0
122,BS_4,BS,0.741222,0.84377,0.199455,0.231085,1,1,1,3,0.0
122,HAP_0,HAP,0.772509,0.907712,0.158112,0.118324,1,1,1,0,0.418114
122,HAP_1,HAP,0.707433,0.909519,0.246112,0.149232,1,1,1,0,0.467024
122,HAP_2,HAP,0.56695,0.819053,0.467483,0.467696,1,1,1,2,0.508498
122,LEO_0,LEO,0.813801,0.940576,0.006039,0.042011,2,0,0,0,0.504361
122,LEO_1,LEO,0.75434,0.923536,0.181912,0.073552,1,1,1,0,0.746555
123,BS_0,BS,0.813747,0.848328,0.106105,0.413922,1,1,1,2,0.0
123,BS_1,BS,0.648375,0.836898,0.333286,0.224792,1,1,1,3,0.0
123,BS_2,BS,0.631874,0.818634,0.359066,0.283542,1,1,1,4,0.0
123,BS_3,BS,0.757387,0.821635,0.177881,0.411617,1,1,1,3,0.0
123,BS_4,BS,0.745055,0.848929,0.194297,0.201856,1,1,1,2,0.656658
123,HAP_0,HAP,0.796238,0.918612,0.027857,0.095008,2,0,0,0,0.610928
123,HAP_1,HAP,0.796465,0.915156,0.127573,0.126709,1,1,1,0,0.45105
123,HAP_2,HAP,0.644632,0.824952,0.339076,0.425894,1,1,1,2,0.551795
123,LEO_0,LEO,0.526398,0.907022,0.541697,0.165655,1,1,1,0,1.494548
123,LEO_1,LEO,0.772943,0.929678,0.05755,0.060332,2,0,0,0,0.534597
124,BS_0,BS,0.561617,0.836259,0.476936,0.433498,1,1,1,1,2.943151
124,BS_1,BS,0.611037,0.833103,0.392599,0.249194,1,1,1,3,0.0
124,BS_2,BS,0.643747,0.81948,0.340449,0.278991,1,1,1,5,0.0
124,BS_3,BS,0.761271,0.833893,0.172765,0.342725,1,1,1,2,0.0
124,BS_4,BS,0.761971,0.857,0.171847,0.174774,1,1,1,2,0.0
124,HAP_0,HAP,0.69099,0.926288,0.069629,0.078188,3,0,0,0,0.405837
124,HAP_1,HAP,0.736149,0.917654,0.206323,0.120523,1,1,1,0,0.141416
124,HAP_2,HAP,0.58162,0.826325,0.441938,0.428604,1,1,1,1,0.479026
124,LEO_0,LEO,0.584449,0.894637,0.437085,0.218493,1,1,1,0,0.271006
124,LEO_1,LEO,0.705377,0.934975,0.049023,0.049347,3,0,0,0,0.585809
125,BS_0,BS,0.54319,0.831133,0.510296,0.463979,1,1,1,2,0.0
125,BS_1,BS,0.382895,0.810301,0.859994,0.532171,1,1,1,1,0.0
125,BS_2,BS,0.630612,0.81892,0.361064,0.281858,1,1,1,6,0.0
125,BS_3,BS,0.723715,0.839103,0.223358,0.29663,1,1,1,3,0.324818
125,BS_4,BS,0.67102,0.853296,0.298956,0.180038,1,1,1,3,0.720601
125,HAP_0,HAP,0.799691,0.930003,0.123529,0.069417,1,1,1,0,0.341332
125,HAP_1,HAP,0.818588,0.923899,0.100174,0.100934,1,1,1,0,0.474416
125,HAP_2,HAP,0.542843,0.822091,0.510936,0.460358,1,1,1,2,0.316751
125,LEO_0,LEO,0.823467,0.905403,0.094232,0.178791,1,1,1,0,0.462762
125,LEO_1,LEO,0.62388,0.938187,0.071796,0.041797,4,0,0,0,0.539912
126,BS_0,BS,0.60485,0.831601,0.402775,0.444186,1,1,1,2,0.0
126,BS_1,BS,0.672932,0.825855,0.296112,0.465193,1,1,1,2,0.0
126,BS_2,BS,0.647512,0.820059,0.334618,0.275872,1,1,1,5,0.0
126,BS_3,BS,0.725757,0.843128,0.22054,0.259191,1,1,1,3,0.243196
126,BS_4,BS,0.700928,0.852442,0.25535,0.173372,1,1,1,3,0.0
126,HAP_0,HAP,0.691936,0.919897,0.268262,0.087918,1,1,1,0,0.910859
126,HAP_1,HAP,0.757401,0.921866,0.177863,0.094983,1,1,1,0,0.717304
126,HAP_2,HAP,0.588473,0.826676,0.430224,0.451578,1,1,1,2,0.10655
126,LEO_0,LEO,0.651638,0.894766,0.328266,0.191524,1,1,1,0,1.116153
126,LEO_1,LEO,0.753273,0.935739,0.183328,0.048562,1,1,1,0,0.339331
127,BS_0,BS,0.622296,0.829559,0.374339,0.418407,1,1,1,2,0.262427
127,BS_1,BS,0.413736,0.800809,0.782527,0.647711,1,1,1,2,0.404684
127,BS_2,BS,0.64604,0.820834,0.336893,0.271772,1,1,1,6,0.203213
127,BS_3,BS,0.66924,0.841421,0.301612,0.248289,1,1,1,3,0.448366
127,BS_4,BS,0.639049,0.846113,0.347775,0.193124,1,1,1,3,0.457834
127,HAP_0,HAP,0.76237,0.921003,0.171324,0.083543,1,1,1,0,0.379166
127,HAP_1,HAP,0.793987,0.930064,0.030688,0.07641,2,0,0,0,0.53388
127,HAP_2,HAP,0.560741,0.82345,0.478496,0.464294,1,1,1,3,0.570223
127,LEO_0,LEO,0.695096,0.895071,0.263705,0.184512,1,1,1,0,0.368439
127,LEO_1,LEO,0.793031,0.941837,0.031893,0.039307,2,0,0,0,0.509703
128,BS_0,BS,0.779087,0.840497,0.149632,0.344801,1,1,1,2,0.260129
128,BS_1,BS,0.386605,0.782835,0.850351,0.843562,1,1,1,0,0.525792
128,BS_2,BS,0.605844,0.817599,0.401132,0.289826,1,1,1,4,0.323006
128,BS_3,BS,0.732845,0.845491,0.210821,0.218632,1,1,1,3,0.629817
128,BS_4,BS,0.733047,0.849263,0.210546,0.174447,1,1,1,3,0.774406
128,HAP_0,HAP,0.790065,0.930049,0.035641,0.067406,2,0,0,0,0.460952
128,HAP_1,HAP,0.794136,0.932131,0.1305,0.068792,1,1,1,0,0.37158
128,HAP_2,HAP,0.610047,0.825766,0.394219,0.441369,1,1,1,2,0.453308
128,LEO_0,LEO,0.785978,0.908509,0.040826,0.14836,2,0,0,0,0.514288
128,LEO_1,LEO,0.698571,0.944705,0.058719,0.032997,3,0,0,0,0.534291
129,BS_0,BS,0.597006,0.838762,0.415828,0.353652,1,1,1,2,0.0
129,BS_1,BS,0.429992,0.76827,0.743989,0.923933,1,1,1,3,0.0
129,BS_2,BS,0.643917,0.818668,0.340185,0.283937,1,1,1,6,0.0
129,BS_3,BS,0.673458,0.843673,0.29533,0.214155,1,1,1,2,0.632786
129,BS_4,BS,0.67708,0.847013,0.289965,0.177394,1,1,1,3,0.336704
129,HAP_0,HAP,0.718122,0.936556,0.031115,0.05436,3,0,0,0,0.586635
129,HAP_1,HAP,0.768127,0.936438,0.0638,0.056865,2,0,0,0,0.577572
129,HAP_2,HAP,0.542781,0.816382,0.511049,0.470622,1,1,1,3,0.612162
129,LEO_0,LEO,0.734212,0.920694,0.008958,0.118724,3,0,0,0,0.569574
129,LEO_1,LEO,0.640603,0.948001,0.045345,0.027323,4,0,0,0,0.499157
130,BS_0,BS,0.63005,0.843523,0.361956,0.341877,1,1,1,1,0.0
130,BS_1,BS,0.736409,0.787586,0.20597,0.758237,1,1,1,3,0.782422
130,BS_2,BS,0.643667,0.8195,0.340574,0.279345,1,1,1,4,0.0
130,BS_3,BS,0.706284,0.846348,0.247738,0.198942,1,1,1,2,0.25739
130,BS_4,BS,0.618125,0.840027,0.381064,0.20726,1,1,1,3,0.388805
130,HAP_0,HAP,0.811294,0.935911,0.109125,0.048847,1,1,1,0,0.70787
130,HAP_1,HAP,0.714207,0.926926,0.236582,0.070679,1,1,1,0,0.867826
130,HAP_2,HAP,0.744386,0.828523,0.195195,0.393643,1,1,1,2,0.513186
130,LEO_0,LEO,0.777787,0.919497,0.151303,0.105281,1,1,1,0,0.858112
130,LEO_1,LEO,0.881952,0.952118,0.025617,0.022154,1,1,0,0,0.467181
131,BS_0,BS,0.653932,0.847116,0.324752,0.32096,1,1,1,2,0.0
131,BS_1,BS,0.740848,0.803137,0.19996,0.624583,1,1,1,2,0.764708
131,BS_2,BS,0.632789,0.82026,0.357618,0.281027,1,1,1,3,0.0
131,BS_3,BS,0.801557,0.855061,0.121199,0.165764,1,1,1,2,0.367499
131,BS_4,BS,0.736323,0.844712,0.206087,0.18492,1,1,1,3,0.0
131,HAP_0,HAP,0.777928,0.93547,0.151121,0.049355,1,1,1,0,0.354342
131,HAP_1,HAP,0.80188,0.933284,0.020796,0.056738,2,0,0,0,0.675322
131,HAP_2,HAP,0.739474,0.838925,0.201816,0.333243,1,1,1,3,0.562173
131,LEO_0,LEO,0.762864,0.920391,0.170676,0.097333,1,1,1,0,0.421258
131,LEO_1,LEO,0.754021,0.95085,0.082336,0.020774,2,0,0,0,0.619352
132,BS_0,BS,0.770932,0.859623,0.160155,0.26831,1,1,1,2,0.0
132,BS_1,BS,0.509396,0.799334,0.574529,0.648204,1,1,1,2,0.0
132,BS_2,BS,0.681315,0.824407,0.28373,0.261048,1,1,1,4,0.0
132,BS_3,BS,0.719799,0.855373,0.228784,0.156165,1,1,1,3,0.780481
132,BS_4,BS,0.694452,0.845676,0.264632,0.17945,1,1,1,3,0.0
132,HAP_0,HAP,0.800554,0.942047,0.022452,0.03971,2,0,0,0,0.517964
132,HAP_1,HAP,0.786474,0.928792,0.140196,0.054235,1,1,1,0,1.002724
132,HAP_2,HAP,0.706657,0.843209,0.247209,0.294095,1,1,1,3,0.74007
132,LEO_0,LEO,0.758368,0.927388,0.076587,0.080506,2,0,0,0,0.417012
132,LEO_1,LEO,0.703471,0.952132,0.051729,0.017823,3,0,0,0,0.533011
133,BS_0,BS,0.595571,0.848912,0.418235,0.293362,1,1,1,2,0.633575
133,BS_1,BS,0.573012,0.807129,0.456848,0.612483,1,1,1,1,0.0
133,BS_2,BS,0.641534,0.823937,0.343893,0.262057,1,1,1,6,0.0
133,BS_3,BS,0.698363,0.853767,0.259017,0.155122,1,1,1,3,0.210365
133,BS_4,BS,0.622868,0.840178,0.373421,0.206309,1,1,1,2,0.465491
133,HAP_0,HAP,0.758921,0.935803,0.175858,0.045685,1,1,1,0,0.785847
133,HAP_1,HAP,0.751007,0.925645,0.18634,0.059013,1,1,1,0,0.54039
133,HAP_2,HAP,0.567215,0.837767,0.467018,0.333424,1,1,1,1,0.665954
133,LEO_0,LEO,0.718103,0.934097,0.031142,0.064841,3,0,0,0,0.634924
133,LEO_1,LEO,0.655338,0.956019,0.022604,0.014488,4,0,0,0,0.405112
134,BS_0,BS,0.627328,0.84907,0.366286,0.295064,1,1,1,1,0.0
134,BS_1,BS,0.659055,0.81928,0.316948,0.535191,1,1,1,2,0.0
134,BS_2,BS,0.647639,0.824093,0.334421,0.259972,1,1,1,5,0.0
134,BS_3,BS,0.640561,0.847291,0.345411,0.177787,1,1,1,4,0.398399
134,BS_4,BS,0.666108,0.843132,0.306304,0.207267,1,1,1,1,0.20795
134,HAP_0,HAP,0.809387,0.93687,0.111479,0.04214,1,1,1,0,0.453351
134,HAP_1,HAP,0.814563,0.93352,0.005104,0.047222,2,0,0,0,0.68109
134,HAP_2,HAP,0.557396,0.831717,0.48448,0.372363,1,1,1,2,0.507375
134,LEO_0,LEO,0.641286,0.938478,0.044279,0.052755,4,0,0,0,0.619158
134,LEO_1,LEO,0.871534,0.957334,0.037501,0.012224,1,1,0,0,0.545685
135,BS_0,BS,0.576334,0.838983,0.451068,0.32761,1,1,1,2,0.0
135,BS_1,BS,0.477777,0.803626,0.638612,0.611674,1,1,1,3,0.0
135,BS_2,BS,0.646045,0.824063,0.336886,0.259049,1,1,1,5,0.0
135,BS_3,BS,0.650107,0.842996,0.330618,0.191418,1,1,1,3,0.0
135,BS_4,BS,0.616269,0.837335,0.384071,0.232194,1,1,1,3,0.0
135,HAP_0,HAP,0.815599,0.943791,0.003832,0.033719,2,0,0,0,0.557335
135,HAP_1,HAP,0.73052,0.939419,0.013999,0.037866,3,0,0,0,0.652351
135,HAP_2,HAP,0.577784,0.830944,0.448556,0.388432,1,1,1,2,0.152627
135,LEO_0,LEO,0.874424,0.943766,0.034189,0.04273,1,1,0,0,0.467103
135,LEO_1,LEO,0.742789,0.945947,0.197343,0.027304,1,1,1,0,0.879101
136,BS_0,BS,0.745217,0.848547,0.19408,0.279038,1,1,1,2,0.0
136,BS_1,BS,0.775875,0.821741,0.153764,0.499979,1,1,1,2,0.0
136,BS_2,BS,0.636423,0.823137,0.351892,0.262962,1,1,1,5,0.0
136,BS_3,BS,0.647939,0.83936,0.333959,0.203323,1,1,1,4,0.0
136,BS_4,BS,0.706817,0.840224,0.246984,0.213205,1,1,1,3,0.0
136,HAP_0,HAP,0.606287,0.919585,0.400401,0.09912,1,1,1,0,1.291103
136,HAP_1,HAP,0.756026,0.936683,0.17968,0.044821,1,1,1,0,0.345035
136,HAP_2,HAP,0.63454,0.835248,0.354855,0.36741,1,1,1,1,0.53663
136,LEO_0,LEO,0.605241,0.919785,0.402128,0.106952,1,1,1,0,1.26334
136,LEO_1,LEO,0.750134,0.945333,0.087503,0.025289,2,0,0,0,0.569838
137,BS_0,BS,0.724506,0.851303,0.222265,0.245461,1,1,1,2,0.502104
137,BS_1,BS,0.735954,0.830802,0.206587,0.419188,1,1,1,2,0.386501
137,BS_2,BS,0.641457,0.822869,0.344013,0.263625,1,1,1,5,0.561106
137,BS_3,BS,0.64153,0.835854,0.343899,0.215878,1,1,1,3,0.783289
137,BS_4,BS,0.675691,0.839693,0.292019,0.208938,1,1,1,3,0.533247
137,HAP_0,HAP,0.650424,0.910589,0.330131,0.128339,1,1,1,0,0.373245
137,HAP_1,HAP,0.789012,0.943072,0.036974,0.036472,2,0,0,0,0.405219
137,HAP_2,HAP,0.595499,0.835421,0.418356,0.372688,1,1,1,2,0.417919
137,LEO_0,LEO,0.769181,0.918626,0.162428,0.097434,1,1,1,0,0.654626
137,LEO_1,LEO,0.75196,0.940451,0.185072,0.035644,1,1,1,0,0.43451
138,BS_0,BS,0.649335,0.851257,0.331807,0.245912,1,1,1,2,0.23183
138,BS_1,BS,0.647977,0.833068,0.3339,0.385521,1,1,1,1,0.469936
138,BS_2,BS,0.637837,0.822315,0.349672,0.265922,1,1,1,4,0.0
138,BS_3,BS,0.690632,0.837474,0.270149,0.205544,1,1,1,4,0.371001
138,BS_4,BS,0.442807,0.819184,0.714622,0.396958,1,1,1,2,0.355749
138,HAP_0,HAP,0.774334,0.919701,0.055752,0.10407,2,0,0,0,0.546339
138,HAP_1,HAP,0.738004,0.949561,0.003805,0.029184,3,0,0,0,0.48207
138,HAP_2,HAP,0.559429,0.829487,0.480839,0.402193,1,1,1,2,0.453614
138,LEO_0,LEO,0.758719,0.923531,0.076124,0.080555,2,0,0,0,0.663875
138,LEO_1,LEO,0.758992,0.941413,0.075764,0.031098,2,0,0,0,0.682558
139,BS_0,BS,0.718846,0.85632,0.230109,0.220557,1,1,1,2,0.0
139,BS_1,BS,0.583364,0.82581,0.438943,0.395119,1,1,1,3,0.0
139,BS_2,BS,0.646542,0.822685,0.336118,0.263576,1,1,1,5,0.0
139,BS_3,BS,0.6661,0.8366,0.306316,0.206658,1,1,1,3,0.400971
139,BS_4,BS,0.601573,0.816916,0.408207,0.392551,1,1,1,3,0.617617
139,HAP_0,HAP,0.7393,0.929408,0.002052,0.083258,3,0,0,0,0.643173
139,HAP_1,HAP,0.618674,0.949025,0.080177,0.02624,4,0,0,0,0.609973
139,HAP_2,HAP,0.571656,0.830649,0.459218,0.416651,1,1,1,1,0.232001
139,LEO_0,LEO,0.810034,0.9259,0.110679,0.069957,1,1,1,0,0.615449
139,LEO_1,LEO,0.713087,0.946147,0.038152,0.025534,3,0,0,0,0.426673
140,BS_0,BS,0.744742,0.860508,0.194717,0.193507,1,1,1,1,0.606609
140,BS_1,BS,0.748434,0.836138,0.189773,0.332301,1,1,1,3,0.0
140,BS_2,BS,0.62038,0.820503,0.377423,0.274962,1,1,1,5,0.0
140,BS_3,BS,0.645609,0.834027,0.337561,0.216603,1,1,1,5,0.0
140,BS_4,BS,0.704882,0.827655,0.249724,0.342104,1,1,1,2,0.0
140,HAP_0,HAP,0.801953,0.928212,0.120705,0.073163,1,1,1,0,0.853205
140,HAP_1,HAP,0.862384,0.952447,0.048055,0.022031,1,1,0,0,0.3409
140,HAP_2,HAP,0.568305,0.831419,0.465097,0.430662,1,1,1,1,0.259783
140,LEO_0,LEO,0.793011,0.93171,0.031919,0.056424,2,0,0,0,0.729759
140,LEO_1,LEO,0.695872,0.931957,0.26259,0.051456,1,1,1,0,1.033284
141,BS_0,BS,0.656902,0.854621,0.320221,0.20095,1,1,1,2,0.278101
141,BS_1,BS,0.731892,0.841559,0.212123,0.286089,1,1,1,3,0.384616
141,BS_2,BS,0.475729,0.808156,0.642906,0.405968,1,1,1,2,0.0
141,BS_3,BS,0.646418,0.832043,0.336309,0.224179,1,1,1,4,0.0
141,BS_4,BS,0.732475,0.835265,0.211327,0.29378,1,1,1,2,0.729528
141,HAP_0,HAP,0.781878,0.923906,0.146057,0.06813,1,1,1,0,1.035764
141,HAP_1,HAP,0.651189,0.933252,0.328955,0.06632,1,1,1,0,1.023798
141,HAP_2,HAP,0.553557,0.830846,0.49139,0.453189,1,1,1,1,0.269542
141,LEO_0,LEO,0.818219,0.934224,0.100625,0.049695,1,1,1,0,0.460968
141,LEO_1,LEO,0.667363,0.923449,0.304421,0.082867,1,1,1,0,0.251245
142,BS_0,BS,0.573186,0.847839,0.456545,0.254555,1,1,1,2,0.0
142,BS_1,BS,0.655172,0.840985,0.322858,0.275778,1,1,1,2,0.40278
142,BS_2,BS,0.655917,0.813287,0.32172,0.371351,1,1,1,5,0.0
142,BS_3,BS,0.648792,0.830676,0.332643,0.229136,1,1,1,4,0.0
142,BS_4,BS,0.71251,0.839039,0.238962,0.26072,1,1,1,3,0.329265
142,HAP_0,HAP,0.639777,0.914064,0.346636,0.108574,1,1,1,0,0.285331
142,HAP_1,HAP,0.708801,0.927632,0.244181,0.079887,1,1,1,0,0.315639
142,HAP_2,HAP,0.537387,0.828116,0.521037,0.484717,1,1,1,1,0.215784
142,LEO_0,LEO,0.734627,0.926341,0.208393,0.059299,1,1,1,0,0.939143
142,LEO_1,LEO,0.775149,0.931534,0.0547,0.06764,2,0,0,0,0.396692
143,BS_0,BS,0.699053,0.850244,0.258029,0.233604,1,1,1,2,0.652647
143,BS_1,BS,0.777825,0.849135,0.151253,0.230917,1,1,1,2,0.404722
143,BS_2,BS,0.695065,0.820018,0.263749,0.328385,1,1,1,5,0.0
143,BS_3,BS,0.646789,0.829396,0.335735,0.234032,1,1,1,5,0.704797
143,BS_4,BS,0.701231,0.840969,0.254918,0.237819,1,1,1,4,0.285814
143,HAP_0,HAP,0.755655,0.922341,0.08017,0.089752,2,0,0,0,0.405943
143,HAP_1,HAP,0.807065,0.931908,0.114351,0.069794,1,1,1,0,0.309037
143,HAP_2,HAP,0.548259,0.824861,0.501007,0.500727,1,1,1,1,0.585754
143,LEO_0,LEO,0.805067,0.932406,0.016829,0.047566,2,0,0,0,0.743747
143,LEO_1,LEO,0.712471,0.938707,0.039017,0.054797,3,0,0,0,0.42378
144,BS_0,BS,0.714442,0.856225,0.236253,0.212,1,1,1,2,0.0
144,BS_1,BS,0.730573,0.851556,0.213926,0.205328,1,1,1,3,0.456432
144,BS_2,BS,0.659112,0.822045,0.316861,0.307888,1,1,1,5,0.0
144,BS_3,BS,0.646502,0.828346,0.336178,0.238083,1,1,1,4,0.454113
144,BS_4,BS,0.669448,0.839703,0.301301,0.231107,1,1,1,4,0.247889
144,HAP_0,HAP,0.682812,0.926455,0.081536,0.074793,3,0,0,0,0.713208
144,HAP_1,HAP,0.769121,0.92966,0.162507,0.067719,1,1,1,0,0.681188
144,HAP_2,HAP,0.547119,0.823547,0.503089,0.514476,1,1,1,1,0.369061
144,LEO_0,LEO,0.817888,0.933469,0.10103,0.042646,1,1,1,0,0.60781
144,LEO_1,LEO,0.645223,0.943339,0.03816,0.044493,4,0,0,0,0.562604
145,BS_0,BS,0.679793,0.853863,0.285967,0.2064,1,1,1,2,0.50869
145,BS_1,BS,0.724279,0.852907,0.222578,0.186556,1,1,1,3,0.652744
145,BS_2,BS,0.649548,0.822756,0.331479,0.295756,1,1,1,4,0.0
145,BS_3,BS,0.642747,0.827157,0.342004,0.243101,1,1,1,4,0.0
145,BS_4,BS,0.653457,0.837235,0.325479,0.232557,1,1,1,3,0.0
145,HAP_0,HAP,0.792466,0.925916,0.132605,0.067747,1,1,1,0,0.748323
145,HAP_1,HAP,0.706887,0.919582,0.246885,0.081604,1,1,1,0,1.01364
145,HAP_2,HAP,0.526427,0.817576,0.541642,0.543601,1,1,1,1,0.7098
145,LEO_0,LEO,0.768601,0.92784,0.163183,0.0461,1,1,1,0,0.98324
145,LEO_1,LEO,0.891474,0.949238,0.014879,0.035694,1,1,0,0,0.434216
146,BS_0,BS,0.659774,0.855283,0.315859,0.210015,1,1,1,2,0.0
146,BS_1,BS,0.669338,0.849416,0.301466,0.190141,1,1,1,2,0.0
146,BS_2,BS,0.634326,0.821895,0.355192,0.293377,1,1,1,3,0.0
146,BS_3,BS,0.648234,0.826715,0.333503,0.244532,1,1,1,5,0.0
146,BS_4,BS,0.647208,0.834804,0.335087,0.236573,1,1,1,2,0.0
146,HAP_0,HAP,0.810005,0.928857,0.110715,0.059714,1,1,1,0,0.471856
146,HAP_1,HAP,0.709349,0.91612,0.243408,0.091944,1,1,1,0,0.384274
146,HAP_2,HAP,0.715363,0.834562,0.234965,0.459724,1,1,1,0,0.455956
146,LEO_0,LEO,0.794754,0.927779,0.129722,0.044452,1,1,1,0,0.610046
146,LEO_1,LEO,0.557499,0.918482,0.484295,0.134099,1,1,1,0,1.367738
147,BS_0,BS,0.397476,0.833098,0.822622,0.47253,1,1,1,0,0.0
147,BS_1,BS,0.606202,0.843416,0.400542,0.224309,1,1,1,2,0.0
147,BS_2,BS,0.646671,0.822361,0.335918,0.28548,1,1,1,4,0.0
147,BS_3,BS,0.599921,0.824165,0.410957,0.271624,1,1,1,3,0.0
147,BS_4,BS,0.650304,0.833048,0.330316,0.238357,1,1,1,4,0.0
147,HAP_0,HAP,0.625075,0.909779,0.369884,0.109337,1,1,1,0,1.258369
147,HAP_1,HAP,0.752922,0.920941,0.083794,0.076715,2,0,0,0,0.74246
147,HAP_2,HAP,0.539416,0.83024,0.517268,0.488184,1,1,1,1,0.369508
147,LEO_0,LEO,0.743997,0.930817,0.095719,0.039685,2,0,0,0,0.540104
147,LEO_1,LEO,0.642138,0.908956,0.342952,0.160206,1,1,1,0,0.360365
148,BS_0,BS,0.556046,0.830656,0.486905,0.484708,1,1,1,1,0.0
148,BS_1,BS,0.679545,0.846873,0.286332,0.216341,1,1,1,3,0.0
148,BS_2,BS,0.632841,0.821961,0.357536,0.285909,1,1,1,3,0.0
148,BS_3,BS,0.70553,0.829894,0.248806,0.245156,1,1,1,4,0.0
148,BS_4,BS,0.650094,0.831605,0.330638,0.239881,1,1,1,3,0.0
148,HAP_0,HAP,0.750353,0.909394,0.187211,0.103242,1,1,1,0,0.621632
148,HAP_1,HAP,0.689029,0.925646,0.072472,0.063736,3,0,0,0,0.671553
148,HAP_2,HAP,0.538915,0.825441,0.518198,0.511385,1,1,1,1,0.45787
148,LEO_0,LEO,0.812775,0.932727,0.107301,0.036929,1,1,1,0,0.544552
148,LEO_1,LEO,0.789451,0.919244,0.036417,0.128762,2,0,0,0,0.585619
149,BS_0,BS,0.593869,0.830134,0.421097,0.467562,1,1,1,3,0.0
149,BS_1,BS,0.75205,0.853646,0.184953,0.188466,1,1,1,3,0.0
149,BS_2,BS,0.665735,0.824261,0.306863,0.271101,1,1,1,3,0.0
149,BS_3,BS,0.670129,0.830996,0.300285,0.236702,1,1,1,4,0.779351
149,BS_4,BS,0.612012,0.82863,0.391004,0.260702,1,1,1,4,0.0
149,HAP_0,HAP,0.756003,0.911671,0.179709,0.097126,1,1,1,0,0.452826
149,HAP_1,HAP,0.746007,0.92616,0.19302,0.067754,1,1,1,0,0.178001
149,HAP_2,HAP,0.560247,0.825302,0.479377,0.512519,1,1,1,1,0.47593
149,LEO_0,LEO,0.775693,0.936321,0.053999,0.030855,2,0,0,0,0.690381
149,LEO_1,LEO,0.689624,0.923743,0.071609,0.105317,3,0,0,0,0.776104
150,BS_0,BS,0.539557,0.819262,0.517007,0.494333,1,1,1,3,0.636884
150,BS_1,BS,0.673264,0.850629,0.295618,0.190098,1,1,1,3,0.27491
150,BS_2,BS,0.638552,0.823517,0.348553,0.271551,1,1,1,4,0.0
150,BS_3,BS,0.657589,0.830666,0.319175,0.235205,1,1,1,4,0.237039
150,BS_4,BS,0.691754,0.832153,0.268525,0.241009,1,1,1,4,0.504377
150,HAP_0,HAP,0.811399,0.918831,0.108996,0.083047,1,1,1,0,0.3692
150,HAP_1,HAP,0.796106,0.927972,0.128022,0.061579,1,1,1,0,0.589985
150,HAP_2,HAP,0.51442,0.822132,0.564715,0.553522,1,1,1,1,0.270295
150,LEO_0,LEO,0.736318,0.942972,0.006093,0.024701,3,0,0,0,0.549412
150,LEO_1,LEO,0.651608,0.930589,0.028313,0.084614,4,0,0,0,0.654413
151,BS_0,BS,0.652399,0.825663,0.327099,0.443613,1,1,1,2,0.0
151,BS_1,BS,0.518047,0.838065,0.55769,0.292037,1,1,1,2,0.0
151,BS_2,BS,0.636988,0.822758,0.351004,0.272682,1,1,1,3,0.0
151,BS_3,BS,0.649252,0.82962,0.331935,0.237745,1,1,1,4,0.0
151,BS_4,BS,0.670902,0.832847,0.299132,0.233073,1,1,1,4,0.0
151,HAP_0,HAP,0.513409,0.888271,0.566683,0.210946,1,1,1,0,2.426354
151,HAP_1,HAP,0.745884,0.930498,0.093185,0.05317,2,0,0,0,0.654215
151,HAP_2,HAP,0.484645,0.812185,0.624338,0.618227,1,1,1,1,0.721801
151,LEO_0,LEO,0.664494,0.947912,0.008729,0.019795,4,0,0,0,0.599738
151,LEO_1,LEO,0.755125,0.93005,0.180872,0.082413,1,1,1,0,0.278428
152,BS_0,BS,0.749973,0.840553,0.187718,0.370748,1,1,1,2,0.0
152,BS_1,BS,0.632851,0.835205,0.35752,0.291149,1,1,1,3,0.0
152,BS_2,BS,0.648739,0.823243,0.332725,0.267964,1,1,1,4,0.0
152,BS_3,BS,0.632334,0.827197,0.358338,0.247979,1,1,1,2,0.471945
152,BS_4,BS,0.424481,0.811799,0.756889,0.444255,1,1,1,1,0.275553
152,HAP_0,HAP,0.733711,0.89009,0.20964,0.188534,1,1,1,0,0.673738
152,HAP_1,HAP,0.799058,0.930183,0.124321,0.049491,1,1,1,0,0.687252
152,HAP_2,HAP,0.505064,0.80585,0.583071,0.647568,1,1,1,1,0.526212
152,LEO_0,LEO,0.876582,0.950139,0.031725,0.016289,1,1,0,0,0.637297
152,LEO_1,LEO,0.810796,0.931698,0.109739,0.07135,1,1,1,0,0.630459
153,BS_0,BS,0.65734,0.839527,0.319554,0.34255,1,1,1,2,0.734014
153,BS_1,BS,0.521504,0.827331,0.551038,0.369558,1,1,1,1,0.0
153,BS_2,BS,0.557311,0.817994,0.484631,0.320061,1,1,1,2,0.0
153,BS_3,BS,0.67795,0.829437,0.288681,0.235884,1,1,1,4,0.0
153,BS_4,BS,0.578358,0.808772,0.447562,0.445544,1,1,1,4,0.0
153,HAP_0,HAP,0.811052,0.89857,0.109423,0.156215,1,1,1,0,0.6683
153,HAP_1,HAP,0.756943,0.934233,0.078467,0.042364,2,0,0,0,0.481829
153,HAP_2,HAP,0.562271,0.80607,0.47577,0.619916,1,1,1,1,0.6409
153,LEO_0,LEO,0.746268,0.94975,0.092671,0.016896,2,0,0,0,0.443019
153,LEO_1,LEO,0.755005,0.936284,0.08103,0.060034,2,0,0,0,0.382658
154,BS_0,BS,0.731592,0.846318,0.212532,0.294367,1,1,1,2,0.0
154,BS_1,BS,0.625928,0.827445,0.368521,0.35676,1,1,1,3,0.0
154,BS_2,BS,0.773865,0.832658,0.156358,0.26705,1,1,1,2,0.0
154,BS_3,BS,0.645903,0.828323,0.337105,0.239846,1,1,1,5,0.0
154,BS_4,BS,0.708774,0.817602,0.244219,0.383275,1,1,1,3,0.515464
154,HAP_0,HAP,0.785513,0.908485,0.041419,0.125744,2,0,0,0,0.812305
154,HAP_1,HAP,0.806667,0.935835,0.114844,0.039826,1,1,1,0,0.452372
154,HAP_2,HAP,0.669699,0.820019,0.300928,0.536683,1,1,1,0,0.596079
154,LEO_0,LEO,0.730262,0.952962,0.014351,0.013609,3,0,0,0,0.626999
154,LEO_1,LEO,0.789033,0.937436,0.136947,0.056467,1,1,1,0,0.31643
155,BS_0,BS,0.693824,0.846612,0.265536,0.267223,1,1,1,3,0.0
155,BS_1,BS,0.757888,0.838347,0.177219,0.299541,1,1,1,3,0.0
155,BS_2,BS,0.753175,0.841948,0.183458,0.228786,1,1,1,3,0.0
155,BS_3,BS,0.63888,0.826776,0.348038,0.246385,1,1,1,3,0.0
155,BS_4,BS,0.703768,0.824051,0.251306,0.335039,1,1,1,4,0.0
155,HAP_0,HAP,0.685488,0.916031,0.077624,0.103307,3,0,0,0,0.565361
155,HAP_1,HAP,0.533396,0.904027,0.528491,0.157547,1,1,1,0,1.777827
155,HAP_2,HAP,0.540762,0.817868,0.514777,0.548595,1,1,1,2,0.209326
155,LEO_0,LEO,0.76019,0.94834,0.174186,0.024541,1,1,1,0,0.297939
155,LEO_1,LEO,0.810999,0.945453,0.009489,0.045214,2,0,0,0,0.406546
156,BS_0,BS,0.695451,0.848472,0.263195,0.24495,1,1,1,3,0.0
156,BS_1,BS,0.715986,0.842451,0.234095,0.264293,1,1,1,3,0.0
156,BS_2,BS,0.666793,0.844657,0.305275,0.224966,1,1,1,3,0.0
156,BS_3,BS,0.561747,0.821392,0.476703,0.299369,1,1,1,2,0.0
156,BS_4,BS,0.691529,0.828119,0.26885,0.300558,1,1,1,4,0.226589
156,HAP_0,HAP,0.608492,0.921206,0.096772,0.08686,4,0,0,0,0.5741
156,HAP_1,HAP,0.567957,0.890918,0.465709,0.223636,1,1,1,0,0.221814
156,HAP_2,HAP,0.602717,0.823549,0.406308,0.513164,1,1,1,2,0.323216
156,LEO_0,LEO,0.814187,0.95432,0.005565,0.019647,2,0,0,0,0.412762
156,LEO_1,LEO,0.496565,0.907574,0.60004,0.198193,1,1,1,0,1.691125
157,BS_0,BS,0.621708,0.846262,0.375285,0.259338,1,1,1,2,0.0
157,BS_1,BS,0.535072,0.827603,0.525355,0.335633,1,1,1,1,0.949914
157,BS_2,BS,0.69649,0.846296,0.261702,0.210792,1,1,1,3,0.0
157,BS_3,BS,0.692603,0.826791,0.267298,0.271647,1,1,1,4,0.0
157,BS_4,BS,0.664526,0.828976,0.308681,0.283324,1,1,1,4,0.0
157,HAP_0,HAP,0.63578,0.913819,0.352902,0.125531,1,1,1,0,0.101036
157,HAP_1,HAP,0.74994,0.898527,0.187762,0.194773,1,1,1,0,0.258679
157,HAP_2,HAP,0.573126,0.823698,0.456649,0.504369,1,1,1,2,0.310477
157,LEO_0,LEO,0.528507,0.919027,0.5377,0.145822,1,1,1,0,1.420407
157,LEO_1,LEO,0.560708,0.893539,0.478555,0.261611,1,1,1,0,0.156237
158,BS_0,BS,0.845021,0.862184,0.068393,0.209575,1,1,1,2,0.0
158,BS_1,BS,0.71242,0.834873,0.239088,0.29423,1,1,1,3,0.0
158,BS_2,BS,0.484201,0.832491,0.625254,0.344558,1,1,1,2,0.0
158,BS_3,BS,0.687293,0.830076,0.274995,0.251347,1,1,1,4,0.0
158,BS_4,BS,0.653226,0.828632,0.325832,0.274434,1,1,1,4,0.0
158,HAP_0,HAP,0.797376,0.926044,0.026429,0.100739,2,0,0,0,0.378976
158,HAP_1,HAP,0.493831,0.8699,0.605562,0.320836,1,1,1,0,1.892024
158,HAP_2,HAP,0.611979,0.82838,0.391057,0.472312,1,1,1,1,0.462025
158,LEO_0,LEO,0.711499,0.913851,0.240382,0.14266,1,1,1,0,0.564329
158,LEO_1,LEO,0.769863,0.902319,0.161543,0.221032,1,1,1,0,0.257263
159,BS_0,BS,0.648909,0.855655,0.332462,0.217399,1,1,1,3,4.297499
159,BS_1,BS,0.796781,0.847868,0.127175,0.242662,1,1,1,2,0.0
159,BS_2,BS,0.535689,0.821134,0.524202,0.399301,1,1,1,4,0.0
159,BS_3,BS,0.548694,0.823547,0.500214,0.313674,1,1,1,3,0.0
159,BS_4,BS,0.640481,0.827173,0.345536,0.273275,1,1,1,4,0.0
159,HAP_0,HAP,0.707449,0.934349,0.04609,0.081547,3,0,0,0,0.379463
159,HAP_1,HAP,0.574407,0.864699,0.454417,0.349591,1,1,1,0,0.179714
159,HAP_2,HAP,0.494118,0.815518,0.604982,0.542551,1,1,1,3,0.29124
159,LEO_0,LEO,0.648739,0.908439,0.332725,0.163946,1,1,1,0,0.161083
159,LEO_1,LEO,0.853533,0.915925,0.058371,0.178359,1,1,1,0,0.233084
160,BS_0,BS,0.559023,0.846645,0.481564,0.278276,1,1,1,1,0.0
160,BS_1,BS,0.706871,0.849,0.246908,0.221563,1,1,1,3,0.295075
160,BS_2,BS,0.510334,0.815861,0.57269,0.467029,1,1,1,1,0.0
160,BS_3,BS,0.708713,0.830456,0.244304,0.277797,1,1,1,3,0.0
160,BS_4,BS,0.643105,0.826252,0.341447,0.271084,1,1,1,4,0.0
160,HAP_0,HAP,0.746371,0.93001,0.192532,0.081919,1,1,1,0,0.64667
160,HAP_1,HAP,0.807422,0.881315,0.113909,0.285512,1,1,1,0,0.352365
160,HAP_2,HAP,0.66585,0.820986,0.30669,0.476367,1,1,1,3,0.514055
160,LEO_0,LEO,0.772428,0.911209,0.158216,0.142421,1,1,1,0,0.689253
160,LEO_1,LEO,0.482618,0.882996,0.62853,0.320459,1,1,1,0,1.443239
161,BS_0,BS,0.621379,0.840971,0.375814,0.286177,1,1,1,3,0.0
161,BS_1,BS,0.681655,0.849354,0.283231,0.21335,1,1,1,2,0.0
161,BS_2,BS,0.518232,0.805912,0.557332,0.513402,1,1,1,4,0.0
161,BS_3,BS,0.611451,0.826105,0.39192,0.291359,1,1,1,2,0.793859
161,BS_4,BS,0.648008,0.82597,0.333852,0.267023,1,1,1,3,0.0
161,HAP_0,HAP,0.792258,0.936203,0.032869,0.066021,2,0,0,0,0.581183
161,HAP_1,HAP,0.581462,0.867934,0.44221,0.316407,1,1,1,0,1.232858
161,HAP_2,HAP,0.709499,0.827592,0.243196,0.407709,1,1,1,3,0.587704
161,LEO_0,LEO,0.817153,0.923305,0.001929,0.113939,2,0,0,0,0.54202
161,LEO_1,LEO,0.69346,0.884278,0.266062,0.288223,1,1,1,0,0.468597
162,BS_0,BS,0.740152,0.847694,0.2009,0.247104,1,1,1,2,0.0
162,BS_1,BS,0.53083,0.839627,0.533314,0.29867,1,1,1,2,0.0
162,BS_2,BS,0.680499,0.812966,0.284929,0.447254,1,1,1,3,0.0
162,BS_3,BS,0.698845,0.830436,0.258326,0.263117,1,1,1,3,0.0
162,BS_4,BS,0.648107,0.825754,0.333699,0.263728,1,1,1,3,0.0
162,HAP_0,HAP,0.780779,0.936986,0.147464,0.062602,1,1,1,0,0.245174
162,HAP_1,HAP,0.654549,0.870518,0.323809,0.300309,1,1,1,0,0.285516
162,HAP_2,HAP,0.709596,0.834379,0.243059,0.352752,1,1,1,2,0.728715
162,LEO_0,LEO,0.547562,0.895398,0.502279,0.204679,1,1,1,0,2.109274
162,LEO_1,LEO,0.702071,0.889052,0.253721,0.259547,1,1,1,0,0.239556
163,BS_0,BS,0.710976,0.849083,0.241116,0.223845,1,1,1,3,0.488354
163,BS_1,BS,0.57751,0.831189,0.449029,0.329668,1,1,1,3,0.0
163,BS_2,BS,0.678662,0.818181,0.287632,0.395033,1,1,1,4,0.0
163,BS_3,BS,0.710226,0.834828,0.242171,0.236884,1,1,1,2,0.518128
163,BS_4,BS,0.591985,0.820147,0.424274,0.291986,1,1,1,2,0.697519
163,HAP_0,HAP,0.721496,0.929036,0.226429,0.073153,1,1,1,0,0.792652
163,HAP_1,HAP,0.874229,0.888461,0.034413,0.24078,1,1,1,0,0.626063
163,HAP_2,HAP,0.579896,0.832404,0.444907,0.371275,1,1,1,2,0.426279
163,LEO_0,LEO,0.596723,0.885982,0.416302,0.241731,1,1,1,0,0.342002
163,LEO_1,LEO,0.790553,0.897206,0.135022,0.215841,1,1,1,0,0.663059
164,BS_0,BS,0.624836,0.844893,0.370265,0.240769,1,1,1,1,0.386162
164,BS_1,BS,0.597295,0.831245,0.415344,0.341365,1,1,1,1,0.0
164,BS_2,BS,0.4814,0.8076,0.631057,0.495231,1,1,1,2,0.0
164,BS_3,BS,0.638443,0.832858,0.348723,0.244231,1,1,1,2,0.279903
164,BS_4,BS,0.690562,0.824903,0.27025,0.266455,1,1,1,4,0.0
164,HAP_0,HAP,0.803265,0.936083,0.019071,0.058686,2,0,0,0,0.576013
164,HAP_1,HAP,0.681439,0.883717,0.283549,0.228804,1,1,1,0,1.107622
164,HAP_2,HAP,0.6,0.831019,0.410825,0.37297,1,1,1,3,0.363171
164,LEO_0,LEO,0.84072,0.898872,0.073497,0.195816,1,1,1,0,0.554093
164,LEO_1,LEO,0.818174,0.904685,0.100681,0.177234,1,1,1,0,0.73154
165,BS_0,BS,0.520209,0.836999,0.553524,0.33049,1,1,1,1,0.0
165,BS_1,BS,0.597048,0.834868,0.415758,0.350876,1,1,1,1,0.0
165,BS_2,BS,0.63413,0.810934,0.355502,0.453056,1,1,1,3,0.0
165,BS_3,BS,0.728592,0.838471,0.216642,0.216505,1,1,1,3,0.0
165,BS_4,BS,0.682524,0.828005,0.281958,0.248939,1,1,1,4,0.0
165,HAP_0,HAP,0.749704,0.928474,0.188076,0.062867,1,1,1,0,0.988547
165,HAP_1,HAP,0.688111,0.885464,0.273806,0.21678,1,1,1,0,0.384155
165,HAP_2,HAP,0.656766,0.834648,0.320428,0.34458,1,1,1,3,0.215226
165,LEO_0,LEO,0.803898,0.904501,0.118283,0.162949,1,1,1,0,0.799773
165,LEO_1,LEO,0.783575,0.910536,0.143889,0.151104,1,1,1,0,0.396364
166,BS_0,BS,0.569003,0.831253,0.463869,0.361221,1,1,1,2,0.0
166,BS_1,BS,0.434448,0.810838,0.733678,0.522929,1,1,1,3,0.0
166,BS_2,BS,0.532532,0.808917,0.530113,0.488904,1,1,1,1,0.0
166,BS_3,BS,0.601483,0.831995,0.408357,0.248244,1,1,1,2,0.611381
166,BS_4,BS,0.66131,0.828606,0.313532,0.243387,1,1,1,4,0.0
166,HAP_0,HAP,0.768588,0.92689,0.1632,0.062279,1,1,1,0,0.534338
166,HAP_1,HAP,0.732301,0.892949,0.211563,0.193565,1,1,1,0,0.214095
166,HAP_2,HAP,0.721492,0.845571,0.226434,0.298736,1,1,1,2,0.209653
166,LEO_0,LEO,0.649402,0.891579,0.331704,0.179871,1,1,1,0,1.327493
166,LEO_1,LEO,0.755715,0.917411,0.080092,0.12377,2,0,0,0,0.662003
167,BS_0,BS,0.706595,0.837913,0.247298,0.316497,1,1,1,2,0.0
167,BS_1,BS,0.657464,0.814901,0.319365,0.46424,1,1,1,3,0.0
167,BS_2,BS,0.637571,0.813733,0.350089,0.446276,1,1,1,3,0.0
167,BS_3,BS,0.761326,0.843184,0.172693,0.212015,1,1,1,2,0.0
167,BS_4,BS,0.564586,0.82246,0.471663,0.29482,1,1,1,2,0.0
167,HAP_0,HAP,0.751677,0.931081,0.085448,0.053109,2,0,0,0,0.510628
167,HAP_1,HAP,0.823475,0.903929,0.094222,0.158847,1,1,1,0,0.528897
167,HAP_2,HAP,0.671385,0.847097,0.298412,0.279061,1,1,1,3,0.719629
167,LEO_0,LEO,0.648482,0.887148,0.333121,0.193833,1,1,1,0,0.462985
167,LEO_1,LEO,0.741467,0.913984,0.199125,0.116859,1,1,1,0,0.844365
168,BS_0,BS,0.721293,0.842278,0.22671,0.276326,1,1,1,2,0.50326
168,BS_1,BS,0.604649,0.81676,0.403107,0.444515,1,1,1,2,0.0
168,BS_2,BS,0.724547,0.824123,0.222208,0.37924,1,1,1,3,0.0
168,BS_3,BS,0.728943,0.849333,0.216159,0.190638,1,1,1,2,0.532775
168,BS_4,BS,0.536505,0.819131,0.52268,0.358793,1,1,1,2,0.0
168,HAP_0,HAP,0.680518,0.934458,0.084902,0.045731,3,0,0,0,0.531457
168,HAP_1,HAP,0.575833,0.884753,0.451937,0.218989,1,1,1,0,1.289747
168,HAP_2,HAP,0.611506,0.846679,0.391831,0.292338,1,1,1,2,0.28071
168,LEO_0,LEO,0.684412,0.890028,0.279195,0.190144,1,1,1,0,0.214213
168,LEO_1,LEO,0.806347,0.923102,0.015241,0.093592,2,0,0,0,0.696479
169,BS_0,BS,0.625943,0.841318,0.368496,0.282166,1,1,1,2,0.386338
169,BS_1,BS,0.7043,0.824383,0.25055,0.383861,1,1,1,2,0.0
169,BS_2,BS,0.668884,0.826463,0.302145,0.344474,1,1,1,4,0.365525
169,BS_3,BS,0.449569,0.829471,0.699466,0.372674,1,1,1,0,0.697345
169,BS_4,BS,0.556873,0.812684,0.485417,0.393068,1,1,1,4,0.0
169,HAP_0,HAP,0.710237,0.930084,0.242156,0.062972,1,1,1,0,0.236399
169,HAP_1,HAP,0.580589,0.877918,0.443711,0.263787,1,1,1,0,0.125901
169,HAP_2,HAP,0.514902,0.831565,0.563779,0.376902,1,1,1,3,0.243048
169,LEO_0,LEO,0.773019,0.90116,0.157452,0.163271,1,1,1,0,0.103403
169,LEO_1,LEO,0.709121,0.927802,0.043729,0.075734,3,0,0,0,0.827698
170,BS_0,BS,0.626268,0.844372,0.367978,0.286666,1,1,1,1,0.0
170,BS_1,BS,0.677318,0.827331,0.289614,0.344833,1,1,1,4,0.77994
170,BS_2,BS,0.671554,0.82834,0.298161,0.315584,1,1,1,4,0.0
170,BS_3,BS,0.497952,0.814136,0.597251,0.458659,1,1,1,2,0.762708
170,BS_4,BS,0.692255,0.81938,0.267801,0.346727,1,1,1,4,0.0
170,HAP_0,HAP,0.782823,0.937023,0.044848,0.051283,2,0,0,0,0.470269
170,HAP_1,HAP,0.859039,0.895404,0.051941,0.212244,1,1,1,0,0.395191
170,HAP_2,HAP,0.721578,0.840835,0.226315,0.32457,1,1,1,2,0.60864
170,LEO_0,LEO,0.673981,0.896949,0.294554,0.16966,1,1,1,0,0.752841
170,LEO_1,LEO,0.623198,0.931561,0.072891,0.062978,4,0,0,0,0.586921
171,BS_0,BS,0.656209,0.847507,0.321275,0.275781,1,1,1,2,0.0
171,BS_1,BS,0.565175,0.822543,0.47062,0.375534,1,1,1,2,0.0
171,BS_2,BS,0.65458,0.828258,0.323761,0.299637,1,1,1,4,0.0
171,BS_3,BS,0.649696,0.822893,0.331251,0.416304,1,1,1,2,0.0
171,BS_4,BS,0.671185,0.822642,0.298711,0.317535,1,1,1,4,0.0
171,HAP_0,HAP,0.740954,0.930952,0.199817,0.058994,1,1,1,0,0.725856
171,HAP_1,HAP,0.57814,0.878758,0.44794,0.260088,1,1,1,0,1.240755
171,HAP_2,HAP,0.623903,0.836194,0.37176,0.321848,1,1,1,3,0.732166
171,LEO_0,LEO,0.808836,0.903725,0.112159,0.141389,1,1,1,0,0.730414
171,LEO_1,LEO,0.748129,0.929291,0.19018,0.066658,1,1,1,0,0.410737
172,BS_0,BS,0.748156,0.856842,0.190143,0.236894,1,1,1,2,0.0
172,BS_1,BS,0.786396,0.838495,0.140295,0.309284,1,1,1,2,0.0
172,BS_2,BS,0.648881,0.827658,0.332506,0.289461,1,1,1,4,0.0
172,BS_3,BS,0.610013,0.820949,0.394275,0.402997,1,1,1,2,0.423707
172,BS_4,BS,0.409297,0.803387,0.793315,0.537235,1,1,1,2,0.0
172,HAP_0,HAP,0.814815,0.933968,0.104794,0.052137,1,1,1,0,0.396323
172,HAP_1,HAP,0.734839,0.884297,0.208104,0.227558,1,1,1,0,0.51071
172,HAP_2,HAP,0.749847,0.845481,0.187886,0.273364,1,1,1,2,0.50631
172,LEO_0,LEO,0.784819,0.905539,0.142302,0.122223,1,1,1,0,0.935203
172,LEO_1,LEO,0.789687,0.928106,0.136118,0.061664,1,1,1,0,0.781259
173,BS_0,BS,0.84236,0.871108,0.071548,0.191819,1,1,1,2,0.0
173,BS_1,BS,0.668208,0.838382,0.303156,0.288784,1,1,1,3,0.0
173,BS_2,BS,0.643827,0.826707,0.340325,0.283689,1,1,1,4,0.0
173,BS_3,BS,0.650256,0.828357,0.33039,0.371518,1,1,1,1,0.0
173,BS_4,BS,0.813881,0.827206,0.105941,0.434838,1,1,1,3,0.0
173,HAP_0,HAP,0.536023,0.903086,0.523578,0.16507,1,1,1,0,1.471613
173,HAP_1,HAP,0.699769,0.889024,0.257005,0.21177,1,1,1,0,0.218498
173,HAP_2,HAP,0.602591,0.843557,0.406517,0.293056,1,1,1,2,0.477016
173,LEO_0,LEO,0.727373,0.906132,0.218316,0.119227,1,1,1,0,0.427546
173,LEO_1,LEO,0.801398,0.930271,0.121398,0.055963,1,1,1,0,0.437286
174,BS_0,BS,0.617283,0.859926,0.382428,0.219268,1,1,1,2,0.254755
174,BS_1,BS,0.700893,0.841187,0.2554,0.26038,1,1,1,3,0.0
174,BS_2,BS,0.648381,0.826369,0.333277,0.276934,1,1,1,4,0.0
174,BS_3,BS,0.746206,0.840652,0.192754,0.313934,1,1,1,2,0.0
174,BS_4,BS,0.616518,0.824915,0.383668,0.414111,1,1,1,3,0.466396
174,HAP_0,HAP,0.6826,0.898682,0.281847,0.167803,1,1,1,0,0.542608
174,HAP_1,HAP,0.903875,0.907408,0.001064,0.169416,1,1,1,0,0.393649
174,HAP_2,HAP,0.614072,0.842494,0.387643,0.302065,1,1,1,3,0.36435
174,LEO_0,LEO,0.774378,0.912043,0.155696,0.10629,1,1,1,0,0.310026
174,LEO_1,LEO,0.746887,0.924534,0.191842,0.061332,1,1,1,0,0.898247
175,BS_0,BS,0.729647,0.861404,0.215194,0.196253,1,1,1,2,0.0
175,BS_1,BS,0.684972,0.842227,0.278377,0.243176,1,1,1,3,0.0
175,BS_2,BS,0.625058,0.823901,0.369911,0.283123,1,1,1,5,0.0
175,BS_3,BS,0.618142,0.835566,0.381036,0.316482,1,1,1,3,0.279357
175,BS_4,BS,0.60146,0.827211,0.408395,0.406343,1,1,1,2,0.0
175,HAP_0,HAP,0.592697,0.892186,0.423073,0.214788,1,1,1,0,0.0
175,HAP_1,HAP,0.496631,0.877182,0.599908,0.297484,1,1,1,0,2.708768
175,HAP_2,HAP,0.607943,0.844287,0.397675,0.312818,1,1,1,2,0.0
175,LEO_0,LEO,0.813106,0.92513,0.006893,0.085053,2,0,0,0,0.423349
175,LEO_1,LEO,0.780752,0.925394,0.147498,0.058856,1,1,1,0,0.468701
176,BS_0,BS,0.680553,0.857891,0.284849,0.193515,1,1,1,2,0.381791
176,BS_1,BS,0.6809,0.841917,0.28434,0.230923,1,1,1,3,0.0
176,BS_2,BS,0.644849,0.823796,0.338739,0.278133,1,1,1,5,0.0
176,BS_3,BS,0.710179,0.839502,0.242239,0.279592,1,1,1,3,0.0
176,BS_4,BS,0.5719,0.820598,0.45879,0.419794,1,1,1,3,0.0
176,HAP_0,HAP,0.82727,0.904383,0.089624,0.175445,1,1,1,0,0.464212
176,HAP_1,HAP,0.653559,0.876157,0.325323,0.285613,1,1,1,0,0.440009
176,HAP_2,HAP,0.586135,0.838691,0.434204,0.335094,1,1,1,2,0.608115
176,LEO_0,LEO,0.506824,0.892647,0.579591,0.219209,1,1,1,0,1.482896
176,LEO_1,LEO,0.801149,0.933511,0.021708,0.047297,2,0,0,0,0.55301
177,BS_0,BS,0.654511,0.856828,0.323867,0.202013,1,1,1,2,0.0
177,BS_1,BS,0.65729,0.839395,0.31963,0.230712,1,1,1,4,0.0
177,BS_2,BS,0.648339,0.824037,0.333341,0.272509,1,1,1,4,0.0
177,BS_3,BS,0.572852,0.829291,0.457128,0.317708,1,1,1,2,1.192813
177,BS_4,BS,0.697642,0.826146,0.26005,0.366267,1,1,1,3,0.0
177,HAP_0,HAP,0.557177,0.883421,0.484872,0.246151,1,1,1,0,1.274398
177,HAP_1,HAP,0.740553,0.884863,0.200359,0.246555,1,1,1,0,0.353322
177,HAP_2,HAP,0.652264,0.842639,0.327307,0.316284,1,1,1,2,0.475094
177,LEO_0,LEO,0.636784,0.887366,0.351324,0.23091,1,1,1,0,0.392054
177,LEO_1,LEO,0.627917,0.913582,0.365347,0.097903,1,1,1,0,1.275817
178,BS_0,BS,0.700975,0.862396,0.255283,0.190937,1,1,1,2,0.0
178,BS_1,BS,0.652662,0.836922,0.326696,0.232598,1,1,1,4,0.290474
178,BS_2,BS,0.648322,0.824227,0.333368,0.268018,1,1,1,5,0.0
178,BS_3,BS,0.692291,0.832391,0.267748,0.286426,1,1,1,2,0.752391
178,BS_4,BS,0.619574,0.823248,0.378722,0.357557,1,1,1,2,0.595897
178,HAP_0,HAP,0.806299,0.89201,0.1153,0.202903,1,1,1,0,0.701278
178,HAP_1,HAP,0.697666,0.883748,0.260015,0.227667,1,1,1,0,0.966719
178,HAP_2,HAP,0.606287,0.842694,0.400402,0.325172,1,1,1,2,0.271562
178,LEO_0,LEO,0.80158,0.897713,0.12117,0.191335,1,1,1,0,0.471823
178,LEO_1,LEO,0.647195,0.905575,0.335107,0.128856,1,1,1,0,0.36534
179,BS_0,BS,0.704627,0.863433,0.250087,0.180894,1,1,1,2,0.521975
179,BS_1,BS,0.647558,0.834466,0.334547,0.236443,1,1,1,4,0.0
179,BS_2,BS,0.639763,0.823582,0.346657,0.268491,1,1,1,4,0.0
179,BS_3,BS,0.718951,0.838918,0.229962,0.252938,1,1,1,3,0.0
179,BS_4,BS,0.735909,0.833285,0.206648,0.305263,1,1,1,3,0.0
179,HAP_0,HAP,0.667948,0.882687,0.303546,0.203786,1,1,1,0,1.393267
179,HAP_1,HAP,0.744308,0.890448,0.195301,0.199298,1,1,1,0,0.390492
179,HAP_2,HAP,0.489668,0.824779,0.614028,0.429801,1,1,1,3,0.291681
179,LEO_0,LEO,0.704812,0.894161,0.249824,0.181154,1,1,1,0,1.004772
179,LEO_1,LEO,0.680478,0.905447,0.28496,0.139626,1,1,1,0,0.109771
180,BS_0,BS,0.70189,0.862041,0.253979,0.173742,1,1,1,2,0.778891
180,BS_1,BS,0.641735,0.831959,0.34358,0.242276,1,1,1,3,0.307337
180,BS_2,BS,0.648324,0.823864,0.333365,0.264802,1,1,1,4,0.780532
180,BS_3,BS,0.727199,0.843381,0.218555,0.223845,1,1,1,2,0.342595
180,BS_4,BS,0.763369,0.841845,0.170013,0.257217,1,1,1,2,0.60658
180,HAP_0,HAP,0.636293,0.878508,0.352096,0.218816,1,1,1,0,0.496781
180,HAP_1,HAP,0.882343,0.905807,0.025175,0.159724,1,1,1,0,0.509266
180,HAP_2,HAP,0.811142,0.841052,0.109312,0.349218,1,1,1,3,0.364722
180,LEO_0,LEO,0.771601,0.89989,0.159288,0.156341,1,1,1,0,0.509651
180,LEO_1,LEO,0.679129,0.900067,0.286943,0.148752,1,1,1,0,0.836377
181,BS_0,BS,0.548086,0.845033,0.501323,0.25209,1,1,1,2,0.0
181,BS_1,BS,0.647109,0.830453,0.33524,0.244394,1,1,1,3,0.0
181,BS_2,BS,0.623162,0.823345,0.372949,0.274433,1,1,1,3,0.0
181,BS_3,BS,0.681718,0.842789,0.28314,0.215152,1,1,1,3,0.713581
181,BS_4,BS,0.725167,0.845278,0.221353,0.227822,1,1,1,2,0.737134
181,HAP_0,HAP,0.769555,0.887947,0.161942,0.186854,1,1,1,0,0.479976
181,HAP_1,HAP,0.74367,0.904818,0.196158,0.145094,1,1,1,0,0.881296
181,HAP_2,HAP,0.745964,0.846814,0.193078,0.29615,1,1,1,3,1.042935
181,LEO_0,LEO,0.789521,0.911918,0.036329,0.125666,2,0,0,0,0.579737
181,LEO_1,LEO,0.77343,0.911279,0.056919,0.120459,2,0,0,0,0.493073
182,BS_0,BS,0.732845,0.85173,0.210821,0.221673,1,1,1,2,0.0
182,BS_1,BS,0.644356,0.828992,0.339503,0.247384,1,1,1,3,0.0
182,BS_2,BS,0.684346,0.827244,0.279292,0.254648,1,1,1,4,0.0
182,BS_3,BS,0.66791,0.841029,0.303602,0.2136,1,1,1,3,0.699275
182,BS_4,BS,0.621459,0.841434,0.375686,0.245771,1,1,1,1,0.686334
182,HAP_0,HAP,0.80284,0.903259,0.0196,0.149656,2,0,0,0,0.611776
182,HAP_1,HAP,0.792909,0.914942,0.032046,0.116537,2,0,0,0,0.672202
182,HAP_2,HAP,0.687187,0.849221,0.275149,0.270988,1,1,1,2,0.599312
182,LEO_0,LEO,0.734672,0.922551,0.008331,0.100564,3,0,0,0,0.665151
182,LEO_1,LEO,0.732305,0.921943,0.011559,0.096428,3,0,0,0,0.664335
183,BS_0,BS,0.794894,0.862592,0.129547,0.18489,1,1,1,2,0.0
183,BS_1,BS,0.644862,0.82787,0.338719,0.249536,1,1,1,3,0.0
183,BS_2,BS,0.668902,0.828734,0.302118,0.244793,1,1,1,4,0.0
183,BS_3,BS,0.636278,0.838227,0.35212,0.226675,1,1,1,3,0.0
183,BS_4,BS,0.636877,0.840145,0.351179,0.252114,1,1,1,3,0.0
183,HAP_0,HAP,0.546775,0.879199,0.503717,0.233904,1,1,1,0,1.87701
183,HAP_1,HAP,0.739349,0.915394,0.201985,0.111589,1,1,1,0,0.380296
183,HAP_2,HAP,0.647014,0.849712,0.335387,0.267408,1,1,1,1,0.533954
183,LEO_0,LEO,0.797981,0.926026,0.125671,0.087558,1,1,1,0,0.397151
183,LEO_1,LEO,0.611213,0.927188,0.09231,0.080977,4,0,0,0,0.443903
184,BS_0,BS,0.612567,0.856275,0.390097,0.216391,1,1,1,1,0.587969
184,BS_1,BS,0.603964,0.825025,0.404241,0.273163,1,1,1,2,0.0
184,BS_2,BS,0.620774,0.825393,0.376789,0.25972,1,1,1,5,0.0
184,BS_3,BS,0.667094,0.838223,0.304825,0.223153,1,1,1,3,0.300205
184,BS_4,BS,0.755075,0.846873,0.180938,0.216423,1,1,1,2,0.731232
184,HAP_0,HAP,0.623126,0.874901,0.373007,0.249733,1,1,1,0,0.430175
184,HAP_1,HAP,0.812048,0.9269,0.008196,0.089301,2,0,0,0,0.504401
184,HAP_2,HAP,0.596856,0.847331,0.41608,0.291832,1,1,1,2,0.431863
184,LEO_0,LEO,0.763322,0.930714,0.070076,0.072256,2,0,0,0,0.625919
184,LEO_1,LEO,0.835373,0.931942,0.079877,0.067652,1,1,0,0,0.506165
185,BS_0,BS,0.672092,0.859655,0.29736,0.212903,1,1,1,2,0.0
185,BS_1,BS,0.70563,0.832748,0.248664,0.246356,1,1,1,3,0.0
185,BS_2,BS,0.647845,0.82527,0.334104,0.258008,1,1,1,5,0.0
185,BS_3,BS,0.75328,0.845261,0.183319,0.193645,1,1,1,3,0.0
185,BS_4,BS,0.722483,0.852455,0.225062,0.195932,1,1,1,1,0.446684
185,HAP_0,HAP,0.689174,0.880472,0.272261,0.233143,1,1,1,0,0.237219
185,HAP_1,HAP,0.725986,0.935564,0.020224,0.071625,3,0,0,0,0.469772
185,HAP_2,HAP,0.558788,0.840701,0.481986,0.338005,1,1,1,2,0.188367
185,LEO_0,LEO,0.706192,0.93613,0.047868,0.058836,3,0,0,0,0.548576
185,LEO_1,LEO,0.751111,0.933834,0.086202,0.057466,2,0,0,0,0.693085
186,BS_0,BS,0.653647,0.858263,0.325188,0.217909,1,1,1,1,0.752298
186,BS_1,BS,0.705714,0.836816,0.248546,0.224883,1,1,1,3,0.636112
186,BS_2,BS,0.332871,0.795039,1.0,0.668871,1,1,1,1,0.0
186,BS_3,BS,0.600979,0.837941,0.409195,0.230264,1,1,1,2,0.641267
186,BS_4,BS,0.548935,0.83767,0.499775,0.269144,1,1,1,3,0.673805
186,HAP_0,HAP,0.874395,0.898907,0.034223,0.187042,1,1,1,0,0.349271
186,HAP_1,HAP,0.77994,0.936721,0.148538,0.067229,1,1,1,0,0.233694
186,HAP_2,HAP,0.619242,0.843144,0.379259,0.335131,1,1,1,1,0.457533
186,LEO_0,LEO,0.648181,0.942542,0.033585,0.047577,4,0,0,0,0.40418
186,LEO_1,LEO,0.730742,0.941196,0.013695,0.046057,3,0,0,0,0.467463
187,BS_0,BS,0.575408,0.851409,0.452676,0.266539,1,1,1,2,0.0
187,BS_1,BS,0.665075,0.838105,0.307856,0.222556,1,1,1,3,0.0
187,BS_2,BS,0.710472,0.81292,0.241825,0.561413,1,1,1,3,0.0
187,BS_3,BS,0.677546,0.838253,0.289278,0.221868,1,1,1,3,0.0
187,BS_4,BS,0.712357,0.840924,0.239177,0.241058,1,1,1,3,0.0
187,HAP_0,HAP,0.758576,0.902383,0.176312,0.163622,1,1,1,0,0.685104
187,HAP_1,HAP,0.815327,0.945926,0.004166,0.053791,2,0,0,0,0.329703
187,HAP_2,HAP,0.540112,0.839724,0.515978,0.38791,1,1,1,1,0.169021
187,LEO_0,LEO,0.788111,0.942967,0.138116,0.046646,1,1,1,0,0.238729
187,LEO_1,LEO,0.657332,0.946235,0.019566,0.037018,4,0,0,0,0.567286
188,BS_0,BS,0.667313,0.853777,0.304496,0.254954,1,1,1,3,0.0
188,BS_1,BS,0.693316,0.839932,0.266269,0.209949,1,1,1,3,0.0
188,BS_2,BS,0.664376,0.820458,0.308906,0.49207,1,1,1,2,0.0
188,BS_3,BS,0.716499,0.841651,0.233378,0.202004,1,1,1,3,0.0
188,BS_4,BS,0.680958,0.840711,0.284254,0.229207,1,1,1,3,0.0
188,HAP_0,HAP,0.76899,0.91345,0.062677,0.132665,2,0,0,0,0.432784
188,HAP_1,HAP,0.484275,0.906594,0.625101,0.218871,1,1,1,0,1.608877
188,HAP_2,HAP,0.467379,0.823384,0.660615,0.506713,1,1,1,2,0.321846
188,LEO_0,LEO,0.810877,0.950457,0.009639,0.037358,2,0,0,0,0.347795
188,LEO_1,LEO,0.840356,0.948407,0.073929,0.032074,1,1,0,0,0.379511
189,BS_0,BS,0.547619,0.839075,0.502175,0.317444,1,1,1,3,0.323654
189,BS_1,BS,0.675748,0.839515,0.291935,0.206311,1,1,1,4,0.0
189,BS_2,BS,0.646006,0.821881,0.336946,0.444746,1,1,1,4,0.0
189,BS_3,BS,0.674625,0.840715,0.293599,0.200393,1,1,1,3,0.563931
189,BS_4,BS,0.65497,0.838185,0.323166,0.230362,1,1,1,3,0.784066
189,HAP_0,HAP,0.721191,0.923917,0.026851,0.106457,3,0,0,0,0.536685
189,HAP_1,HAP,0.701806,0.903076,0.254099,0.204152,1,1,1,0,0.553177
189,HAP_2,HAP,0.625346,0.826545,0.36945,0.466793,1,1,1,2,0.681584
189,LEO_0,LEO,0.723318,0.940379,0.223906,0.052447,1,1,1,0,0.735572
189,LEO_1,LEO,0.800666,0.952684,0.022311,0.025883,2,0,0,0,0.484129
190,BS_0,BS,0.482873,0.827149,0.628001,0.431428,1,1,1,1,0.0
190,BS_1,BS,0.650208,0.836801,0.330462,0.214191,1,1,1,4,0.0
190,BS_2,BS,0.685442,0.825989,0.277691,0.390497,1,1,1,4,0.0
190,BS_3,BS,0.504993,0.827598,0.583211,0.313375,1,1,1,2,0.0
190,BS_4,BS,0.616451,0.834639,0.383777,0.250567,1,1,1,3,0.0
190,HAP_0,HAP,0.650751,0.931276,0.029628,0.08556,4,0,0,0,0.629148
190,HAP_1,HAP,0.683564,0.902125,0.280435,0.198711,1,1,1,0,0.264817
190,HAP_2,HAP,0.57902,0.82806,0.446418,0.463114,1,1,1,2,0.208422
190,LEO_0,LEO,0.777366,0.94409,0.051844,0.043167,2,0,0,0,0.474049
190,LEO_1,LEO,0.510927,0.914915,0.571529,0.167697,1,1,1,0,2.352476
191,BS_0,BS,0.626995,0.828565,0.366816,0.405692,1,1,1,2,0.0
191,BS_1,BS,0.614887,0.833416,0.386317,0.238511,1,1,1,2,0.0
191,BS_2,BS,0.656369,0.826559,0.321032,0.358776,1,1,1,4,0.0
191,BS_3,BS,0.673326,0.83035,0.295525,0.290001,1,1,1,3,0.0
191,BS_4,BS,0.698473,0.837603,0.258859,0.230608,1,1,1,3,0.0
191,HAP_0,HAP,0.762317,0.931673,0.171393,0.081667,1,1,1,0,0.231055
191,HAP_1,HAP,0.846941,0.914374,0.066125,0.160936,1,1,1,0,0.332102
191,HAP_2,HAP,0.555789,0.822846,0.487367,0.477379,1,1,1,2,0.60016
191,LEO_0,LEO,0.596445,0.918134,0.416769,0.112697,1,1,1,0,1.388933
191,LEO_1,LEO,0.647913,0.905677,0.333998,0.184357,1,1,1,0,0.453473
192,BS_0,BS,0.758191,0.83994,0.17682,0.338623,1,1,1,2,0.0
192,BS_1,BS,0.695603,0.836385,0.262977,0.22193,1,1,1,4,0.0
192,BS_2,BS,0.606605,0.824046,0.399878,0.358977,1,1,1,2,0.0
192,BS_3,BS,0.69634,0.833766,0.261918,0.262871,1,1,1,3,0.0
192,BS_4,BS,0.638921,0.834288,0.347975,0.238975,1,1,1,4,0.0
192,HAP_0,HAP,0.49545,0.896588,0.602288,0.228572,1,1,1,0,1.74841
192,HAP_1,HAP,0.492803,0.882369,0.607646,0.294904,1,1,1,0,2.083525
192,HAP_2,HAP,0.632454,0.827603,0.358148,0.439624,1,1,1,2,0.335149
192,LEO_0,LEO,0.579275,0.903556,0.445978,0.179661,1,1,1,0,0.220706
192,LEO_1,LEO,0.639827,0.901728,0.346558,0.201532,1,1,1,0,0.097041
193,BS_0,BS,0.688942,0.841136,0.272599,0.304338,1,1,1,2,6.154668
193,BS_1,BS,0.674642,0.83658,0.293573,0.216327,1,1,1,3,0.0
193,BS_2,BS,0.697829,0.829008,0.259781,0.31755,1,1,1,4,0.0
193,BS_3,BS,0.591313,0.829851,0.425411,0.291735,1,1,1,2,0.0
193,BS_4,BS,0.654606,0.833024,0.323721,0.238338,1,1,1,3,0.0
193,HAP_0,HAP,0.571342,0.885775,0.459767,0.277981,1,1,1,0,0.173366
193,HAP_1,HAP,0.596416,0.87629,0.416816,0.314105,1,1,1,0,0.257775
193,HAP_2,HAP,0.653737,0.833997,0.325051,0.399246,1,1,1,2,0.207504
193,LEO_0,LEO,0.814257,0.912568,0.10548,0.148735,1,1,1,0,0.388673
193,LEO_1,LEO,0.867894,0.916448,0.041686,0.162007,1,1,1,0,0.253748
194,BS_0,BS,0.695522,0.846979,0.263093,0.274618,1,1,1,2,0.0
194,BS_1,BS,0.656268,0.83501,0.321186,0.219484,1,1,1,4,0.0
194,BS_2,BS,0.671075,0.830346,0.298875,0.294237,1,1,1,3,0.0
194,BS_3,BS,0.41977,0.81354,0.768049,0.498843,1,1,1,1,0.0
194,BS_4,BS,0.614555,0.830384,0.386857,0.258017,1,1,1,3,0.0
194,HAP_0,HAP,0.74044,0.894308,0.200511,0.240477,1,1,1,0,0.187405
194,HAP_1,HAP,0.802774,0.889799,0.119683,0.25773,1,1,1,0,0.391556
194,HAP_2,HAP,0.665292,0.837754,0.307529,0.361955,1,1,1,2,0.599007
194,LEO_0,LEO,0.671228,0.903392,0.298646,0.159123,1,1,1,0,0.994295
194,LEO_1,LEO,0.557931,0.894335,0.48352,0.234812,1,1,1,0,1.165621
195,BS_0,BS,0.768762,0.85616,0.162974,0.231647,1,1,1,2,0.0
195,BS_1,BS,0.645117,0.832712,0.338323,0.227095,1,1,1,4,0.0
195,BS_2,BS,0.654143,0.829825,0.32443,0.282754,1,1,1,3,0.0
195,BS_3,BS,0.676306,0.82726,0.29111,0.43721,1,1,1,2,0.0
195,BS_4,BS,0.703753,0.834663,0.251328,0.234838,1,1,1,4,0.0
195,HAP_0,HAP,0.764999,0.899973,0.167881,0.205064,1,1,1,0,0.618082
195,HAP_1,HAP,0.516867,0.865431,0.55997,0.347288,1,1,1,0,1.821455
195,HAP_2,HAP,0.673173,0.842079,0.295753,0.328925,1,1,1,2,0.287226
195,LEO_0,LEO,0.686553,0.902442,0.276072,0.161596,1,1,1,0,0.244765
195,LEO_1,LEO,0.693189,0.895116,0.266453,0.219798,1,1,1,0,0.300256
196,BS_0,BS,0.708132,0.856016,0.245125,0.212356,1,1,1,3,0.665443
196,BS_1,BS,0.64126,0.830511,0.34432,0.235027,1,1,1,3,0.0
196,BS_2,BS,0.647301,0.828766,0.334944,0.276688,1,1,1,3,0.0
196,BS_3,BS,0.436279,0.804818,0.729473,0.589227,1,1,1,3,0.0
196,BS_4,BS,0.670843,0.834864,0.29922,0.22816,1,1,1,3,1.105834
196,HAP_0,HAP,0.709038,0.896793,0.243846,0.190809,1,1,1,0,0.934343
196,HAP_1,HAP,0.687671,0.868864,0.274445,0.311725,1,1,1,0,0.556462
196,HAP_2,HAP,0.704001,0.848697,0.250976,0.291485,1,1,1,2,0.541404
196,LEO_0,LEO,0.794536,0.907669,0.129997,0.136881,1,1,1,0,0.717963
196,LEO_1,LEO,0.831863,0.904623,0.084087,0.17902,1,1,1,0,0.694022
197,BS_0,BS,0.730144,0.858473,0.214514,0.190592,1,1,1,3,0.0
197,BS_1,BS,0.61231,0.825978,0.390516,0.256648,1,1,1,4,0.0
197,BS_2,BS,0.603598,0.826148,0.404846,0.295105,1,1,1,3,0.0
197,BS_3,BS,0.780711,0.822516,0.147551,0.481178,1,1,1,3,0.0
197,BS_4,BS,0.657006,0.833814,0.320062,0.228626,1,1,1,3,0.0
197,HAP_0,HAP,0.710745,0.898746,0.241442,0.178879,1,1,1,0,0.311347
197,HAP_1,HAP,0.643191,0.871895,0.341314,0.301803,1,1,1,0,0.16433
197,HAP_2,HAP,0.638897,0.849785,0.348013,0.287689,1,1,1,1,0.429455
197,LEO_0,LEO,0.802538,0.919141,0.019976,0.109685,2,0,0,0,0.562305
197,LEO_1,LEO,0.563185,0.881964,0.474148,0.244384,1,1,1,0,1.821326
198,BS_0,BS,0.730618,0.862856,0.213865,0.173056,1,1,1,2,0.0
198,BS_1,BS,0.553734,0.819495,0.491071,0.313836,1,1,1,2,0.0
198,BS_2,BS,0.700262,0.831025,0.256301,0.265645,1,1,1,4,0.0
198,BS_3,BS,0.709212,0.830685,0.243601,0.411646,1,1,1,3,0.39113
198,BS_4,BS,0.649857,0.832216,0.331003,0.232204,1,1,1,4,0.0
198,HAP_0,HAP,0.792808,0.912623,0.032175,0.143569,2,0,0,0,0.45039
198,HAP_1,HAP,0.874793,0.892255,0.033768,0.241955,1,1,1,0,0.336416
198,HAP_2,HAP,0.606505,0.846349,0.400043,0.302167,1,1,1,2,0.440338
198,LEO_0,LEO,0.662679,0.905858,0.311465,0.131402,1,1,1,0,1.200997
198,LEO_1,LEO,0.611742,0.876094,0.391444,0.26446,1,1,1,0,0.416738
199,BS_0,BS,0.69989,0.860657,0.256832,0.168128,1,1,1,3,0.332805
199,BS_1,BS,0.712725,0.830008,0.23866,0.2767,1,1,1,2,0.0
199,BS_2,BS,0.677835,0.832586,0.288851,0.250062,1,1,1,3,0.348271
199,BS_3,BS,0.705844,0.835105,0.24836,0.357074,1,1,1,3,0.540272
199,BS_4,BS,0.647378,0.830688,0.334825,0.236212,1,1,1,4,0.0
199,HAP_0,HAP,0.704998,0.922942,0.04956,0.115961,3,0,0,0,0.41175
199,HAP_1,HAP,0.4864,0.863914,0.620723,0.366948,1,1,1,0,1.691677
199,HAP_2,HAP,0.63498,0.847866,0.354162,0.298177,1,1,1,2,0.217353
199,LEO_0,LEO,0.655895,0.900375,0.321755,0.151709,1,1,1,0,0.356617
199,LEO_1,LEO,0.770215,0.886461,0.161086,0.223245,1,1,1,0,0.443846
200,BS_0,BS,0.712487,0.859342,0.238994,0.160206,1,1,1,3,0.450637
200,BS_1,BS,0.642174,0.829179,0.342896,0.27427,1,1,1,4,0.41407
200,BS_2,BS,0.620593,0.828463,0.37708,0.264034,1,1,1,2,0.70433
200,BS_3,BS,0.718152,0.839311,0.231074,0.309687,1,1,1,3,0.309607
200,BS_4,BS,0.502424,0.815693,0.588311,0.344719,1,1,1,2,0.66825
200,HAP_0,HAP,0.663834,0.932698,0.009723,0.092811,4,0,0,0,0.529424
200,HAP_1,HAP,0.686652,0.867929,0.275928,0.32782,1,1,1,0,0.51456
200,HAP_2,HAP,0.632762,0.849033,0.357662,0.296107,1,1,1,1,0.550554
200,LEO_0,LEO,0.770557,0.911599,0.060642,0.123022,2,0,0,0,0.50759
200,LEO_1,LEO,0.904397,0.9039,0.000486,0.178596,1,1,1,0,0.536214
201,BS_0,BS,0.731735,0.859765,0.212338,0.148454,1,1,1,3,0.0
201,BS_1,BS,0.677607,0.833789,0.289188,0.257049,1,1,1,3,0.0
201,BS_2,BS,0.736153,0.835396,0.206317,0.230383,1,1,1,3,0.0
201,BS_3,BS,0.676511,0.839019,0.290806,0.285806,1,1,1,3,0.260069
201,BS_4,BS,0.65584,0.818532,0.321839,0.322386,1,1,1,4,0.0
201,HAP_0,HAP,0.697132,0.929497,0.26078,0.104852,1,1,1,0,0.0
201,HAP_1,HAP,0.600716,0.868436,0.409632,0.337765,1,1,1,0,0.0
201,HAP_2,HAP,0.549901,0.844852,0.498017,0.348495,1,1,1,1,0.0
201,LEO_0,LEO,0.70487,0.921069,0.049741,0.099531,3,0,0,0,0.526637
201,LEO_1,LEO,0.537591,0.878833,0.520657,0.264864,1,1,1,0,1.628086
202,BS_0,BS,0.679009,0.855591,0.287121,0.15586,1,1,1,3,0.708075
202,BS_1,BS,0.746563,0.843003,0.192276,0.222276,1,1,1,2,0.0
202,BS_2,BS,0.6855,0.836661,0.277607,0.218986,1,1,1,3,1.339247
202,BS_3,BS,0.634109,0.836478,0.355535,0.285527,1,1,1,2,0.0
202,BS_4,BS,0.718688,0.826064,0.230328,0.281782,1,1,1,4,0.0
202,HAP_0,HAP,0.746154,0.927339,0.192823,0.100613,1,1,1,0,0.560775
202,HAP_1,HAP,0.893857,0.891275,0.012209,0.270279,1,1,1,0,0.309422
202,HAP_2,HAP,0.57486,0.841623,0.453629,0.371396,1,1,1,1,0.474905
202,LEO_0,LEO,0.706021,0.912276,0.24811,0.107326,1,1,1,0,1.081021
202,LEO_1,LEO,0.602798,0.873303,0.406173,0.286131,1,1,1,0,0.34797
203,BS_0,BS,0.712945,0.855337,0.238351,0.150253,1,1,1,3,0.0
203,BS_1,BS,0.727141,0.847379,0.218636,0.199332,1,1,1,3,0.0
203,BS_2,BS,0.704515,0.839314,0.250245,0.203369,1,1,1,3,0.0
203,BS_3,BS,0.705211,0.840078,0.249258,0.25638,1,1,1,3,0.0
203,BS_4,BS,0.659735,0.827427,0.315917,0.270337,1,1,1,2,0.0
203,HAP_0,HAP,0.769814,0.93314,0.061606,0.082198,2,0,0,0,0.512111
203,HAP_1,HAP,0.469426,0.861097,0.656244,0.410019,1,1,1,0,1.746126
203,HAP_2,HAP,0.568699,0.839835,0.464405,0.394169,1,1,1,1,0.24683
203,LEO_0,LEO,0.75378,0.912652,0.182654,0.100874,1,1,1,0,0.533808
203,LEO_1,LEO,0.701344,0.880566,0.254756,0.25811,1,1,1,0,0.213981
204,BS_0,BS,0.680048,0.852167,0.285592,0.156906,1,1,1,3,0.718841
204,BS_1,BS,0.365616,0.819103,0.906173,0.528982,1,1,1,1,0.0
204,BS_2,BS,0.673915,0.838772,0.294651,0.201764,1,1,1,3,0.0
204,BS_3,BS,0.672664,0.839442,0.296509,0.244667,1,1,1,3,0.584541
204,BS_4,BS,0.673066,0.829293,0.295912,0.255673,1,1,1,3,0.554115
204,HAP_0,HAP,0.708881,0.939097,0.044068,0.066632,3,0,0,0,0.470585
204,HAP_1,HAP,0.676227,0.865193,0.291226,0.366181,1,1,1,0,0.462684
204,HAP_2,HAP,0.535144,0.831598,0.525219,0.43947,1,1,1,2,0.492899
204,LEO_0,LEO,0.802699,0.917975,0.119775,0.087155,1,1,1,0,0.464829
204,LEO_1,LEO,0.775627,0.889342,0.154083,0.217172,1,1,1,0,0.663491
205,BS_0,BS,0.637371,0.848203,0.350403,0.180777,1,1,1,2,0.0
205,BS_1,BS,0.479494,0.804934,0.635024,0.604651,1,1,1,3,0.0
205,BS_2,BS,0.655114,0.836641,0.322946,0.208343,1,1,1,3,0.0
205,BS_3,BS,0.440757,0.82042,0.719262,0.428536,1,1,1,1,0.0
205,BS_4,BS,0.657372,0.829286,0.319505,0.250476,1,1,1,4,0.0
205,HAP_0,HAP,0.625983,0.942034,0.068431,0.055413,4,0,0,0,0.522844
205,HAP_1,HAP,0.753611,0.87684,0.18288,0.307995,1,1,1,0,0.387422
205,HAP_2,HAP,0.589946,0.829569,0.427724,0.433903,1,1,1,2,0.49512
205,LEO_0,LEO,0.759714,0.915949,0.174813,0.083476,1,1,1,0,0.868736
205,LEO_1,LEO,0.848646,0.901261,0.064113,0.175587,1,1,1,0,0.649033
206,BS_0,BS,0.752438,0.85422,0.184436,0.159929,1,1,1,2,0.0
206,BS_1,BS,0.651069,0.809749,0.329139,0.53247,1,1,1,3,0.0
206,BS_2,BS,0.648084,0.834289,0.333735,0.216795,1,1,1,4,0.0
206,BS_3,BS,0.642466,0.830062,0.342441,0.395598,1,1,1,2,0.0
206,BS_4,BS,0.64669,0.82828,0.335889,0.25115,1,1,1,4,0.0
206,HAP_0,HAP,0.822265,0.94234,0.095693,0.048451,1,1,0,0,0.564822
206,HAP_1,HAP,0.87421,0.895032,0.034435,0.246929,1,1,1,0,0.438175
206,HAP_2,HAP,0.639408,0.833961,0.347212,0.401372,1,1,1,1,0.466561
206,LEO_0,LEO,0.75854,0.921906,0.076359,0.069404,2,0,0,0,0.585469
206,LEO_1,LEO,0.75463,0.901221,0.181527,0.155298,1,1,1,0,0.952868
207,BS_0,BS,0.719254,0.854949,0.229541,0.151653,1,1,1,3,0.553283
207,BS_1,BS,0.561858,0.809692,0.476506,0.528153,1,1,1,2,0.0
207,BS_2,BS,0.62569,0.83185,0.368901,0.234676,1,1,1,4,0.0
207,BS_3,BS,0.446261,0.808493,0.706851,0.541316,1,1,1,4,0.0
207,BS_4,BS,0.646193,0.827571,0.336657,0.251922,1,1,1,4,0.0
207,HAP_0,HAP,0.733852,0.932904,0.209448,0.058502,1,1,1,0,0.91143
207,HAP_1,HAP,0.825511,0.904667,0.091753,0.201332,1,1,1,0,0.622322
207,HAP_2,HAP,0.615798,0.8342,0.384836,0.387742,1,1,1,1,0.615344
207,LEO_0,LEO,0.817851,0.925559,0.101075,0.060121,1,1,1,0,0.580873
207,LEO_1,LEO,0.716965,0.902153,0.232728,0.148612,1,1,1,0,0.385166
208,BS_0,BS,0.692871,0.85435,0.266911,0.153381,1,1,1,2,0.282106
208,BS_1,BS,0.703891,0.824873,0.251132,0.450902,1,1,1,2,0.0
208,BS_2,BS,0.698868,0.836864,0.258294,0.217762,1,1,1,4,0.0
208,BS_3,BS,0.667455,0.813908,0.304283,0.474717,1,1,1,3,0.401748
208,BS_4,BS,0.599885,0.822425,0.411018,0.277559,1,1,1,2,0.49972
208,HAP_0,HAP,0.716094,0.928024,0.233944,0.07143,1,1,1,0,0.322875
208,HAP_1,HAP,0.901673,0.917893,0.003504,0.161071,1,1,1,0,0.557494
208,HAP_2,HAP,0.597584,0.833831,0.41486,0.387643,1,1,1,2,0.241214
208,LEO_0,LEO,0.797444,0.932266,0.026343,0.048409,2,0,0,0,0.677438
208,LEO_1,LEO,0.743238,0.908908,0.096739,0.123101,2,0,0,0,0.754712
209,BS_0,BS,0.671847,0.855589,0.297724,0.162593,1,1,1,2,0.0
209,BS_1,BS,0.544817,0.815898,0.507305,0.476533,1,1,1,3,0.278014
209,BS_2,BS,0.571753,0.832708,0.459048,0.269036,1,1,1,2,0.0
209,BS_3,BS,0.674736,0.818595,0.293434,0.41852,1,1,1,4,0.0
209,BS_4,BS,0.7339,0.830546,0.209383,0.241776,1,1,1,3,0.0
209,HAP_0,HAP,0.785821,0.935608,0.041027,0.057901,2,0,0,0,0.437117
209,HAP_1,HAP,0.625848,0.901046,0.368647,0.190012,1,1,1,0,1.252962
209,HAP_2,HAP,0.544047,0.833129,0.508719,0.426572,1,1,1,1,0.0
209,LEO_0,LEO,0.694587,0.934776,0.064438,0.040596,3,0,0,0,0.731407
209,LEO_1,LEO,0.693738,0.918613,0.065661,0.100421,3,0,0,0,0.39648
210,BS_0,BS,0.474017,0.842043,0.646512,0.318164,1,1,1,1,0.0
210,BS_1,BS,0.682516,0.82568,0.28197,0.417005,1,1,1,2,0.0
210,BS_2,BS,0.621262,0.829758,0.376003,0.278849,1,1,1,4,0.0
210,BS_3,BS,0.657854,0.820764,0.318773,0.380543,1,1,1,3,0.0
210,BS_4,BS,0.65344,0.829941,0.325505,0.2411,1,1,1,3,0.759278
210,HAP_0,HAP,0.806686,0.93491,0.114821,0.052254,1,1,1,0,0.727171
210,HAP_1,HAP,0.763946,0.903176,0.169258,0.164901,1,1,1,0,0.659381
210,HAP_2,HAP,0.522754,0.824419,0.548644,0.476713,1,1,1,2,0.631242
210,LEO_0,LEO,0.627611,0.938653,0.065835,0.034427,4,0,0,0,0.472859
210,LEO_1,LEO,0.607906,0.924934,0.097734,0.084635,4,0,0,0,0.397243
211,BS_0,BS,0.630129,0.8463,0.36183,0.313446,1,1,1,2,0.0
211,BS_1,BS,0.66323,0.828092,0.310634,0.377026,1,1,1,3,0.0
211,BS_2,BS,0.697273,0.833402,0.260578,0.253635,1,1,1,4,0.0
211,BS_3,BS,0.643937,0.821205,0.340155,0.356502,1,1,1,4,0.0
211,BS_4,BS,0.737264,0.836671,0.204809,0.211756,1,1,1,4,0.0
211,HAP_0,HAP,0.567616,0.906612,0.466309,0.139653,1,1,1,0,1.91011
211,HAP_1,HAP,0.749076,0.90036,0.188914,0.147981,1,1,1,0,1.168187
211,HAP_2,HAP,0.592536,0.825266,0.423344,0.462019,1,1,1,2,0.340085
211,LEO_0,LEO,0.703892,0.933417,0.25113,0.055921,1,1,1,0,0.174284
211,LEO_1,LEO,0.700408,0.922864,0.256093,0.097221,1,1,1,0,0.112348
212,BS_0,BS,0.62198,0.847157,0.374847,0.313986,1,1,1,1,0.534066
212,BS_1,BS,0.713506,0.833457,0.237565,0.327017,1,1,1,3,0.256365
212,BS_2,BS,0.669314,0.833678,0.301502,0.243814,1,1,1,3,0.289287
212,BS_3,BS,0.645818,0.82173,0.337238,0.33638,1,1,1,3,0.765117
212,BS_4,BS,0.690025,0.838076,0.271027,0.20246,1,1,1,4,0.400575
212,HAP_0,HAP,0.687194,0.90097,0.275138,0.145788,1,1,1,0,0.642995
212,HAP_1,HAP,0.729008,0.900285,0.216071,0.139394,1,1,1,0,0.608673
212,HAP_2,HAP,0.634458,0.829076,0.354984,0.426321,1,1,1,2,0.421455
212,LEO_0,LEO,0.678684,0.921973,0.287599,0.081958,1,1,1,0,0.877192
212,LEO_1,LEO,0.712524,0.917885,0.238942,0.103468,1,1,1,0,0.715783
213,BS_0,BS,0.503948,0.830216,0.585282,0.405339,1,1,1,1,0.669163
213,BS_1,BS,0.711357,0.837378,0.240581,0.287659,1,1,1,3,0.249428
213,BS_2,BS,0.653906,0.832464,0.324792,0.242522,1,1,1,4,0.0
213,BS_3,BS,0.587906,0.816513,0.431187,0.352769,1,1,1,2,0.597717
213,BS_4,BS,0.652041,0.835803,0.327647,0.210276,1,1,1,4,0.365255
213,HAP_0,HAP,0.686158,0.89969,0.276647,0.15107,1,1,1,0,0.365609
213,HAP_1,HAP,0.814956,0.907833,0.104621,0.116441,1,1,1,0,0.588731
213,HAP_2,HAP,0.662233,0.835122,0.312138,0.384901,1,1,1,2,0.515478
213,LEO_0,LEO,0.785615,0.929078,0.041289,0.066334,2,0,0,0,0.565241
213,LEO_1,LEO,0.786035,0.927121,0.040754,0.083522,2,0,0,0,0.440956
214,BS_0,BS,0.567608,0.824544,0.466324,0.422127,1,1,1,3,0.0
214,BS_1,BS,0.476931,0.820312,0.640383,0.414668,1,1,1,1,0.569644
214,BS_2,BS,0.649023,0.831036,0.332287,0.243704,1,1,1,4,0.0
214,BS_3,BS,0.731205,0.825427,0.213061,0.302643,1,1,1,3,0.0
214,BS_4,BS,0.620177,0.83161,0.37775,0.232434,1,1,1,2,0.0
214,HAP_0,HAP,0.796707,0.913208,0.027268,0.121191,2,0,0,0,0.501331
214,HAP_1,HAP,0.575334,0.885875,0.452805,0.185417,1,1,1,0,1.609812
214,HAP_2,HAP,0.604893,0.83723,0.402704,0.380897,1,1,1,1,0.205063
214,LEO_0,LEO,0.789917,0.930508,0.135828,0.061369,1,1,1,0,0.425034
214,LEO_1,LEO,0.71261,0.934597,0.038821,0.067496,3,0,0,0,0.477784
215,BS_0,BS,0.62839,0.830833,0.364594,0.39752,1,1,1,2,0.0
215,BS_1,BS,0.739777,0.834381,0.201406,0.349989,1,1,1,3,0.0
215,BS_2,BS,0.648518,0.829845,0.333065,0.244883,1,1,1,4,0.0
215,BS_3,BS,0.687848,0.82889,0.274188,0.275945,1,1,1,4,0.220097
215,BS_4,BS,0.668705,0.83227,0.302413,0.227101,1,1,1,4,0.452494
215,HAP_0,HAP,0.736401,0.92498,0.00598,0.096969,3,0,0,0,0.530723
215,HAP_1,HAP,0.714779,0.886224,0.235782,0.17335,1,1,1,0,0.710459
215,HAP_2,HAP,0.56327,0.830394,0.473996,0.40582,1,1,1,2,0.559119
215,LEO_0,LEO,0.750099,0.932828,0.087551,0.052545,2,0,0,0,0.675579
215,LEO_1,LEO,0.667543,0.942138,0.004152,0.054004,4,0,0,0,0.542063
216,BS_0,BS,0.72148,0.842253,0.22645,0.341092,1,1,1,3,0.0
216,BS_1,BS,0.685323,0.836876,0.277866,0.314735,1,1,1,2,0.631463
216,BS_2,BS,0.644321,0.828503,0.339559,0.247791,1,1,1,3,0.0
216,BS_3,BS,0.657235,0.828929,0.319713,0.266753,1,1,1,3,0.243302
216,BS_4,BS,0.653681,0.831333,0.325136,0.229252,1,1,1,4,0.735994
216,HAP_0,HAP,0.631531,0.930196,0.059608,0.079174,4,0,0,0,0.645717
216,HAP_1,HAP,0.762167,0.892222,0.17159,0.15193,1,1,1,0,0.599525
216,HAP_2,HAP,0.656559,0.833342,0.320742,0.37095,1,1,1,2,0.493781
216,LEO_0,LEO,0.761191,0.928284,0.172871,0.055484,1,1,1,0,0.792536
216,LEO_1,LEO,0.869846,0.946583,0.039439,0.043903,1,1,0,0,0.4629
217,BS_0,BS,0.815321,0.859021,0.104174,0.277757,1,1,1,2,0.0
217,BS_1,BS,0.63526,0.833487,0.353721,0.308091,1,1,1,3,0.0
217,BS_2,BS,0.621682,0.826805,0.375327,0.261624,1,1,1,3,0.0
217,BS_3,BS,0.624474,0.827644,0.370845,0.275289,1,1,1,2,0.0
217,BS_4,BS,0.646707,0.82992,0.335862,0.234163,1,1,1,3,0.0
217,HAP_0,HAP,0.899525,0.938398,0.005888,0.063355,1,1,0,0,0.520398
217,HAP_1,HAP,0.790787,0.900738,0.134727,0.129712,1,1,1,0,0.457921
217,HAP_2,HAP,0.663381,0.837245,0.310406,0.340118,1,1,1,1,0.788158
217,LEO_0,LEO,0.774245,0.928527,0.155867,0.055319,1,1,1,0,0.403464
217,LEO_1,LEO,0.528256,0.912023,0.538175,0.165457,1,1,1,0,1.515452
218,BS_0,BS,0.626593,0.855025,0.367458,0.282967,1,1,1,1,0.799792
218,BS_1,BS,0.661335,0.836748,0.313495,0.290699,1,1,1,2,0.0
218,BS_2,BS,0.697279,0.831638,0.260569,0.239853,1,1,1,3,0.0
218,BS_3,BS,0.692044,0.832688,0.268105,0.252578,1,1,1,3,0.0
218,BS_4,BS,0.639273,0.828091,0.347424,0.241647,1,1,1,4,0.0
218,HAP_0,HAP,0.746911,0.938445,0.09181,0.054477,2,0,0,0,0.710477
218,HAP_1,HAP,0.725498,0.898664,0.220897,0.125727,1,1,1,0,0.960279
218,HAP_2,HAP,0.58412,0.835491,0.437648,0.358286,1,1,1,2,0.258648
218,LEO_0,LEO,0.803437,0.928691,0.118857,0.050613,1,1,1,0,0.756187
218,LEO_1,LEO,0.588487,0.898922,0.430201,0.215649,1,1,1,0,0.286783
219,BS_0,BS,0.496925,0.835421,0.599317,0.388005,1,1,1,2,0.0
219,BS_1,BS,0.585258,0.836058,0.435702,0.317985,1,1,1,1,0.0
219,BS_2,BS,0.678477,0.833754,0.287904,0.229182,1,1,1,3,0.0
219,BS_3,BS,0.700179,0.836098,0.25642,0.23165,1,1,1,4,0.0
219,BS_4,BS,0.332871,0.797869,1.0,0.677902,1,1,1,1,0.0
219,HAP_0,HAP,0.797026,0.939659,0.126868,0.050825,1,1,1,0,0.266469
219,HAP_1,HAP,0.74441,0.902138,0.195163,0.117722,1,1,1,0,0.418571
219,HAP_2,HAP,0.60639,0.83435,0.400233,0.358713,1,1,1,2,0.391976
219,LEO_0,LEO,0.779657,0.925142,0.148902,0.050467,1,1,1,0,0.934544
219,LEO_1,LEO,0.844389,0.909851,0.069142,0.17467,1,1,1,0,0.520156
220,BS_0,BS,0.699606,0.839236,0.257238,0.340181,1,1,1,3,0.0
220,BS_1,BS,0.772872,0.850499,0.157642,0.265571,1,1,1,2,0.0
220,BS_2,BS,0.637139,0.8311,0.350767,0.238713,1,1,1,4,0.0
220,BS_3,BS,0.663985,0.835375,0.309496,0.228425,1,1,1,4,0.0
220,BS_4,BS,0.480877,0.787446,0.632144,0.722145,1,1,1,4,0.0
220,HAP_0,HAP,0.812777,0.947315,0.007298,0.040684,2,0,0,0,0.409734
220,HAP_1,HAP,0.781107,0.909425,0.147043,0.103907,1,1,1,0,0.305806
220,HAP_2,HAP,0.67002,0.838379,0.300448,0.327591,1,1,1,2,0.49755
220,LEO_0,LEO,0.791755,0.925677,0.133503,0.048394,1,1,1,0,0.581463
220,LEO_1,LEO,0.773956,0.910817,0.156241,0.150721,1,1,1,0,0.832698
221,BS_0,BS,0.721875,0.843102,0.225903,0.295109,1,1,1,3,0.269543
221,BS_1,BS,0.677135,0.854343,0.289885,0.250272,1,1,1,1,0.511859
221,BS_2,BS,0.633764,0.830084,0.356078,0.248026,1,1,1,3,0.0
221,BS_3,BS,0.654945,0.833921,0.323205,0.229747,1,1,1,3,0.622118
221,BS_4,BS,0.660204,0.79646,0.315206,0.622426,1,1,1,4,0.0
221,HAP_0,HAP,0.498921,0.909338,0.595308,0.192023,1,1,1,0,1.686908
221,HAP_1,HAP,0.793001,0.921241,0.031931,0.083585,2,0,0,0,0.461321
221,HAP_2,HAP,0.693339,0.84421,0.266236,0.29397,1,1,1,2,0.258103
221,LEO_0,LEO,0.808952,0.933173,0.012016,0.03878,2,0,0,0,0.670228
221,LEO_1,LEO,0.748744,0.917412,0.089358,0.12417,2,0,0,0,0.542785
222,BS_0,BS,0.67816,0.842233,0.288372,0.273509,1,1,1,2,0.792091
222,BS_1,BS,0.457663,0.828845,0.681621,0.409291,1,1,1,3,0.0
222,BS_2,BS,0.695307,0.833576,0.263401,0.229642,1,1,1,4,0.0
222,BS_3,BS,0.649589,0.832254,0.331415,0.233224,1,1,1,4,0.774967
222,BS_4,BS,0.675353,0.8047,0.292521,0.536446,1,1,1,3,0.0
222,HAP_0,HAP,0.649699,0.901556,0.331246,0.202994,1,1,1,0,0.43517
222,HAP_1,HAP,0.72329,0.931292,0.023945,0.067126,3,0,0,0,0.423344
222,HAP_2,HAP,0.640161,0.846727,0.346036,0.289059,1,1,1,1,0.435878
222,LEO_0,LEO,0.803663,0.930818,0.118575,0.037351,1,1,1,0,0.90958
222,LEO_1,LEO,0.699153,0.924104,0.057886,0.100844,3,0,0,0,0.647024
223,BS_0,BS,0.736768,0.848623,0.205482,0.237807,1,1,1,2,0.0
223,BS_1,BS,0.750072,0.838052,0.187587,0.343268,1,1,1,2,0.0
223,BS_2,BS,0.668206,0.833734,0.303158,0.225071,1,1,1,3,0.0
223,BS_3,BS,0.647815,0.830755,0.33415,0.236825,1,1,1,3,0.0
223,BS_4,BS,0.418842,0.790228,0.770262,0.696144,1,1,1,2,0.0
223,HAP_0,HAP,0.683248,0.90157,0.280897,0.197902,1,1,1,0,0.201571
223,HAP_1,HAP,0.498295,0.896387,0.596564,0.21385,1,1,1,0,1.553977
223,HAP_2,HAP,0.621718,0.84746,0.375269,0.294619,1,1,1,2,0.318034
223,LEO_0,LEO,0.628309,0.90905,0.364724,0.089742,1,1,1,0,1.511509
223,LEO_1,LEO,0.760646,0.924251,0.173587,0.094235,1,1,1,0,0.418282
224,BS_0,BS,0.721375,0.850736,0.226596,0.213351,1,1,1,3,0.28125
224,BS_1,BS,0.720493,0.843485,0.227819,0.29797,1,1,1,3,0.0
224,BS_2,BS,0.651902,0.832328,0.327862,0.228429,1,1,1,3,0.0
224,BS_3,BS,0.643714,0.829174,0.340501,0.241633,1,1,1,4,0.616368
224,BS_4,BS,0.575339,0.791552,0.452796,0.649176,1,1,1,4,0.0
224,HAP_0,HAP,0.776304,0.906102,0.153212,0.168885,1,1,1,0,0.674672
224,HAP_1,HAP,0.652416,0.891329,0.327073,0.21922,1,1,1,0,0.448295
224,HAP_2,HAP,0.59628,0.846103,0.417045,0.313962,1,1,1,1,0.503729
224,LEO_0,LEO,0.658517,0.900313,0.317765,0.117232,1,1,1,0,0.639541
224,LEO_1,LEO,0.776175,0.931862,0.053377,0.07667,2,0,0,0,0.426683
225,BS_0,BS,0.687285,0.849175,0.275007,0.204714,1,1,1,3,0.318363
225,BS_1,BS,0.696781,0.844453,0.261285,0.269097,1,1,1,3,0.364881
225,BS_2,BS,0.640218,0.830786,0.345946,0.236598,1,1,1,3,0.0
225,BS_3,BS,0.647189,0.828232,0.335117,0.243843,1,1,1,4,0.333048
225,BS_4,BS,0.661771,0.799779,0.312835,0.56338,1,1,1,4,0.632618
225,HAP_0,HAP,0.790478,0.916746,0.035118,0.135663,2,0,0,0,0.604541
225,HAP_1,HAP,0.779059,0.89919,0.149669,0.185456,1,1,1,0,0.457713
225,HAP_2,HAP,0.548662,0.839575,0.500273,0.363793,1,1,1,1,0.508888
225,LEO_0,LEO,0.757016,0.90341,0.17837,0.108103,1,1,1,0,0.570775
225,LEO_1,LEO,0.778344,0.929058,0.150586,0.07154,1,1,1,0,0.816111
226,BS_0,BS,0.659327,0.845365,0.316536,0.208859,1,1,1,3,0.263698
226,BS_1,BS,0.46953,0.825723,0.656023,0.408943,1,1,1,2,0.46265
226,BS_2,BS,0.652756,0.830172,0.326552,0.237265,1,1,1,4,0.0
226,BS_3,BS,0.566261,0.819464,0.4687,0.29393,1,1,1,2,0.782406
226,BS_4,BS,0.675152,0.807315,0.292818,0.489288,1,1,1,4,0.714307
226,HAP_0,HAP,0.67345,0.923604,0.095342,0.112621,3,0,0,0,0.358252
226,HAP_1,HAP,0.782366,0.910602,0.045433,0.149294,2,0,0,0,0.630621
226,HAP_2,HAP,0.528085,0.830475,0.538497,0.421525,1,1,1,2,0.459887
226,LEO_0,LEO,0.79557,0.906402,0.128696,0.093935,1,1,1,0,0.922025
226,LEO_1,LEO,0.799563,0.934525,0.02369,0.057485,2,0,0,0,0.727574
227,BS_0,BS,0.619968,0.83861,0.378087,0.231414,1,1,1,2,0.5781
227,BS_1,BS,0.667815,0.828258,0.303744,0.368671,1,1,1,3,0.575997
227,BS_2,BS,0.581227,0.822608,0.442613,0.27797,1,1,1,2,0.696772
227,BS_3,BS,0.72396,0.82719,0.223019,0.257526,1,1,1,4,0.454783
227,BS_4,BS,0.6932,0.814878,0.266437,0.423375,1,1,1,3,0.330398
227,HAP_0,HAP,0.742922,0.924509,0.197164,0.10759,1,1,1,0,0.216256
227,HAP_1,HAP,0.727467,0.921776,0.018187,0.119584,3,0,0,0,0.551272
227,HAP_2,HAP,0.610554,0.836928,0.393389,0.40686,1,1,1,0,0.259199
227,LEO_0,LEO,0.758053,0.908939,0.177001,0.089247,1,1,1,0,0.480248
227,LEO_1,LEO,0.752243,0.932364,0.184695,0.061338,1,1,1,0,0.339262
228,BS_0,BS,0.649031,0.835953,0.332275,0.234814,1,1,1,2,0.736967
228,BS_1,BS,0.730506,0.839334,0.214017,0.315549,1,1,1,2,0.0
228,BS_2,BS,0.735555,0.830664,0.20713,0.241682,1,1,1,4,0.0
228,BS_3,BS,0.332871,0.796529,1.0,0.923409,1,1,1,0,0.277845
228,BS_4,BS,0.698332,0.821362,0.25906,0.368901,1,1,1,3,0.0
228,HAP_0,HAP,0.802768,0.927495,0.119689,0.092518,1,1,1,0,0.552794
228,HAP_1,HAP,0.817248,0.927497,0.101812,0.100332,1,1,1,0,0.336491
228,HAP_2,HAP,0.478187,0.821205,0.637753,0.508516,1,1,1,2,0.535846
228,LEO_0,LEO,0.77075,0.91834,0.060391,0.073038,2,0,0,0,0.509418
228,LEO_1,LEO,0.785794,0.938084,0.041061,0.049829,2,0,0,0,0.563655
229,BS_0,BS,0.726959,0.843565,0.218885,0.209411,1,1,1,2,0.0
229,BS_1,BS,0.646961,0.837252,0.33547,0.303082,1,1,1,3,0.0
229,BS_2,BS,0.70424,0.834494,0.250636,0.221614,1,1,1,4,0.0
229,BS_3,BS,0.65983,0.810435,0.315773,0.783598,1,1,1,3,0.0
229,BS_4,BS,0.674515,0.824827,0.293761,0.333954,1,1,1,3,0.0
229,HAP_0,HAP,0.793486,0.927575,0.13132,0.081775,1,1,1,0,0.694464
229,HAP_1,HAP,0.752118,0.931513,0.084862,0.083506,2,0,0,0,0.578787
229,HAP_2,HAP,0.634617,0.82638,0.354734,0.463439,1,1,1,1,0.54662
229,LEO_0,LEO,0.71913,0.927241,0.029713,0.058828,3,0,0,0,0.576311
229,LEO_1,LEO,0.706681,0.943616,0.047176,0.040865,3,0,0,0,0.368963
230,BS_0,BS,0.836451,0.857294,0.078587,0.170308,1,1,1,3,0.312941
230,BS_1,BS,0.585539,0.834391,0.435223,0.327704,1,1,1,2,0.0
230,BS_2,BS,0.66728,0.834323,0.304545,0.219028,1,1,1,3,0.647886
230,BS_3,BS,0.627036,0.814532,0.366752,0.687407,1,1,1,2,0.330431
230,BS_4,BS,0.64731,0.824839,0.334931,0.317643,1,1,1,2,0.432728
230,HAP_0,HAP,0.791741,0.934403,0.033522,0.065926,2,0,0,0,0.542098
230,HAP_1,HAP,0.727776,0.939758,0.017761,0.066947,3,0,0,0,0.413514
230,HAP_2,HAP,0.592105,0.824282,0.42407,0.451677,1,1,1,2,0.689545
230,LEO_0,LEO,0.648582,0.934216,0.032968,0.047552,4,0,0,0,0.558704
230,LEO_1,LEO,0.647658,0.948617,0.034393,0.033224,4,0,0,0,0.426018
231,BS_0,BS,0.73228,0.858572,0.211592,0.156394,1,1,1,2,1.735016
231,BS_1,BS,0.633628,0.832275,0.356293,0.319288,1,1,1,3,0.0
231,BS_2,BS,0.589644,0.830214,0.428237,0.257746,1,1,1,2,0.0
231,BS_3,BS,0.593677,0.811978,0.42142,0.629843,1,1,1,3,0.0
231,BS_4,BS,0.721359,0.831288,0.226619,0.277225,1,1,1,3,0.0
231,HAP_0,HAP,0.714236,0.938634,0.036542,0.053341,3,0,0,0,0.695887
231,HAP_1,HAP,0.661728,0.947105,0.012901,0.053632,4,0,0,0,0.381185
231,HAP_2,HAP,0.5358,0.822577,0.523994,0.484898,1,1,1,1,0.121549
231,LEO_0,LEO,0.829577,0.937371,0.08684,0.041435,1,1,0,0,0.458914
231,LEO_1,LEO,0.811019,0.94924,0.109464,0.031972,1,1,1,0,0.280467
232,BS_0,BS,0.745992,0.860361,0.19304,0.141884,1,1,1,2,0.749801
232,BS_1,BS,0.422551,0.814681,0.761445,0.51634,1,1,1,1,0.0
232,BS_2,BS,0.769621,0.841376,0.161857,0.217986,1,1,1,3,0.0
232,BS_3,BS,0.707186,0.819922,0.246461,0.531209,1,1,1,3,0.0
232,BS_4,BS,0.614234,0.827132,0.38738,0.289308,1,1,1,2,0.540216
232,HAP_0,HAP,0.633882,0.942244,0.055892,0.044079,4,0,0,0,0.496299
232,HAP_1,HAP,0.863454,0.951457,0.046815,0.043892,1,1,0,0,0.329094
232,HAP_2,HAP,0.561773,0.820361,0.476657,0.49016,1,1,1,2,0.621178
232,LEO_0,LEO,0.756446,0.931411,0.179124,0.047586,1,1,1,0,0.847538
232,LEO_1,LEO,0.771289,0.944,0.159692,0.037053,1,1,1,0,0.64909
233,BS_0,BS,0.640258,0.855896,0.345884,0.167343,1,1,1,2,0.459584
233,BS_1,BS,0.540933,0.808874,0.51446,0.532173,1,1,1,3,0.0
233,BS_2,BS,0.534832,0.833866,0.525802,0.298799,1,1,1,2,0.0
233,BS_3,BS,0.673845,0.823278,0.294756,0.464063,1,1,1,3,0.0
233,BS_4,BS,0.677613,0.833669,0.289179,0.269078,1,1,1,4,0.0
233,HAP_0,HAP,0.683601,0.93503,0.280381,0.070639,1,1,1,0,0.110046
233,HAP_1,HAP,0.585211,0.924923,0.435782,0.120571,1,1,1,0,1.176459
233,HAP_2,HAP,0.549875,0.821453,0.498064,0.503758,1,1,1,1,0.167553
233,LEO_0,LEO,0.741842,0.93349,0.098619,0.042445,2,0,0,0,0.521773
233,LEO_1,LEO,0.773954,0.947338,0.056243,0.031066,2,0,0,0,0.415655
234,BS_0,BS,0.743684,0.859189,0.19614,0.151186,1,1,1,2,0.447841
234,BS_1,BS,0.595268,0.815281,0.418744,0.504644,1,1,1,1,0.0
234,BS_2,BS,0.56954,0.82578,0.462927,0.335475,1,1,1,3,0.0
234,BS_3,BS,0.557506,0.818419,0.484282,0.476789,1,1,1,2,0.0
234,BS_4,BS,0.835445,0.85083,0.079791,0.218127,1,1,1,3,0.0
234,HAP_0,HAP,0.744016,0.938064,0.095692,0.060632,2,0,0,0,0.478795
234,HAP_1,HAP,0.738201,0.921992,0.203539,0.1151,1,1,1,0,0.464477
234,HAP_2,HAP,0.555295,0.821816,0.488255,0.510283,1,1,1,1,0.271477
234,LEO_0,LEO,0.754566,0.931418,0.181612,0.048799,1,1,1,0,0.416576
234,LEO_1,LEO,0.71957,0.950357,0.029102,0.025234,3,0,0,0,0.608745
235,BS_0,BS,0.628323,0.850717,0.364701,0.180802,1,1,1,3,0.0
235,BS_1,BS,0.496644,0.802893,0.599882,0.565652,1,1,1,3,0.0
235,BS_2,BS,0.723698,0.833244,0.223381,0.290834,1,1,1,3,0.0
235,BS_3,BS,0.698964,0.825017,0.258155,0.411421,1,1,1,3,0.0
235,BS_4,BS,0.669939,0.848367,0.300568,0.215155,1,1,1,3,0.374621
235,HAP_0,HAP,0.791896,0.937668,0.133326,0.056505,1,1,1,0,0.492445
235,HAP_1,HAP,0.753621,0.923019,0.182865,0.107128,1,1,1,0,0.306942
235,HAP_2,HAP,0.557285,0.82059,0.484679,0.513938,1,1,1,2,0.266854
235,LEO_0,LEO,0.777468,0.936234,0.051712,0.040242,2,0,0,0,0.612763
235,LEO_1,LEO,0.646791,0.952275,0.035731,0.020762,4,0,0,0,0.589172
236,BS_0,BS,0.722736,0.852514,0.224711,0.167365,1,1,1,2,0.255717
236,BS_1,BS,0.716399,0.813636,0.233517,0.47706,1,1,1,3,0.396376
236,BS_2,BS,0.666688,0.836487,0.305433,0.274648,1,1,1,2,0.0
236,BS_3,BS,0.656125,0.825883,0.321403,0.375622,1,1,1,2,0.593405
236,BS_4,BS,0.664106,0.845282,0.309313,0.215178,1,1,1,5,0.713071
236,HAP_0,HAP,0.78666,0.942754,0.039959,0.045922,2,0,0,0,0.503257
236,HAP_1,HAP,0.765734,0.921745,0.166921,0.09824,1,1,1,0,0.741802
236,HAP_2,HAP,0.650784,0.830721,0.329577,0.46003,1,1,1,0,0.552485
236,LEO_0,LEO,0.693443,0.939009,0.066086,0.034159,3,0,0,0,0.606702
236,LEO_1,LEO,0.886615,0.954963,0.020345,0.016795,1,1,0,0,0.557836
237,BS_0,BS,0.727935,0.854043,0.217543,0.155188,1,1,1,3,0.0
237,BS_1,BS,0.607231,0.817059,0.398846,0.453233,1,1,1,3,0.0
237,BS_2,BS,0.702945,0.839684,0.252476,0.248403,1,1,1,3,0.0
237,BS_3,BS,0.590627,0.825884,0.426571,0.382381,1,1,1,2,0.0
237,BS_4,BS,0.615546,0.840266,0.385245,0.238928,1,1,1,3,0.0
237,HAP_0,HAP,0.759086,0.936647,0.17564,0.05062,1,1,1,0,0.752675
237,HAP_1,HAP,0.79096,0.929689,0.034508,0.079128,2,0,0,0,0.538194
237,HAP_2,HAP,0.574571,0.830123,0.454132,0.46083,1,1,1,1,0.403311
237,LEO_0,LEO,0.661199,0.945569,0.013701,0.027412,4,0,0,0,0.45171
237,LEO_1,LEO,0.806766,0.949791,0.114721,0.019359,1,1,1,0,0.771078
238,BS_0,BS,0.682876,0.851365,0.281442,0.159795,1,1,1,3,0.695916
238,BS_1,BS,0.651446,0.81995,0.32856,0.411165,1,1,1,3,0.0
238,BS_2,BS,0.68284,0.841393,0.281494,0.23438,1,1,1,3,0.0
238,BS_3,BS,0.706543,0.833627,0.247371,0.333441,1,1,1,3,0.0
238,BS_4,BS,0.692122,0.841564,0.267994,0.223462,1,1,1,4,0.0
238,HAP_0,HAP,0.756339,0.93926,0.079266,0.043323,2,0,0,0,0.487306
238,HAP_1,HAP,0.817456,0.933027,0.101558,0.067944,1,1,1,0,0.437935
238,HAP_2,HAP,0.524252,0.820691,0.545783,0.50271,1,1,1,2,0.588933
238,LEO_0,LEO,0.87453,0.9499,0.034069,0.022452,1,1,0,0,0.44344
238,LEO_1,LEO,0.763457,0.947639,0.069899,0.017686,2,0,0,0,0.817624
239,BS_0,BS,0.514913,0.835563,0.563758,0.270856,1,1,1,1,0.4193
239,BS_1,BS,0.69896,0.825673,0.258162,0.358923,1,1,1,3,0.0
239,BS_2,BS,0.689497,0.842114,0.271793,0.220746,1,1,1,4,0.0
239,BS_3,BS,0.701494,0.837298,0.254543,0.29591,1,1,1,2,0.658755
239,BS_4,BS,0.666442,0.840344,0.305802,0.220851,1,1,1,3,0.0
239,HAP_0,HAP,0.728311,0.94364,0.017028,0.034789,3,0,0,0,0.710754
239,HAP_1,HAP,0.804615,0.932682,0.117391,0.060556,1,1,1,0,0.721272
239,HAP_2,HAP,0.629673,0.825742,0.362554,0.461318,1,1,1,2,0.378444
239,LEO_0,LEO,0.691313,0.93512,0.269163,0.050563,1,1,1,0,0.968535
239,LEO_1,LEO,0.789858,0.945044,0.135903,0.02246,1,1,1,0,0.414138
240,BS_0,BS,0.65329,0.834566,0.325734,0.264431,1,1,1,3,0.0
240,BS_1,BS,0.668563,0.827422,0.302625,0.32835,1,1,1,3,0.0
240,BS_2,BS,0.628704,0.839537,0.364095,0.236251,1,1,1,3,0.0
240,BS_3,BS,0.703591,0.839879,0.251559,0.265204,1,1,1,3,0.478769
240,BS_4,BS,0.668693,0.839742,0.302431,0.21784,1,1,1,4,0.0
240,HAP_0,HAP,0.653809,0.947298,0.024939,0.028111,4,0,0,0,0.595956
240,HAP_1,HAP,0.783812,0.929032,0.143586,0.057723,1,1,1,0,0.894835
240,HAP_2,HAP,0.63907,0.82995,0.347741,0.42347,1,1,1,2,0.58549
240,LEO_0,LEO,0.665987,0.926461,0.306485,0.08272,1,1,1,0,0.189449
240,LEO_1,LEO,0.790726,0.948104,0.034803,0.018513,2,0,0,0,0.607534
241,BS_0,BS,0.742633,0.840931,0.197553,0.229107,1,1,1,2,0.721412
241,BS_1,BS,0.651788,0.827623,0.328035,0.311104,1,1,1,3,0.0
241,BS_2,BS,0.708458,0.842488,0.244665,0.215939,1,1,1,3,0.0
241,BS_3,BS,0.721864,0.843375,0.225919,0.235131,1,1,1,3,0.674004
241,BS_4,BS,0.670208,0.838906,0.300167,0.214817,1,1,1,3,0.278436
241,HAP_0,HAP,0.795396,0.945547,0.128915,0.029968,1,1,1,0,0.416739
241,HAP_1,HAP,0.770923,0.927951,0.160167,0.057722,1,1,1,0,0.495637
241,HAP_2,HAP,0.615882,0.830134,0.384699,0.405373,1,1,1,2,0.752731
241,LEO_0,LEO,0.75541,0.930967,0.080495,0.069092,2,0,0,0,0.590428
241,LEO_1,LEO,0.699876,0.948898,0.056853,0.016265,3,0,0,0,0.625632
242,BS_0,BS,0.717559,0.843857,0.2319,0.207486,1,1,1,3,0.603362
242,BS_1,BS,0.611579,0.824571,0.391712,0.31793,1,1,1,2,0.353774
242,BS_2,BS,0.680101,0.841968,0.285513,0.209434,1,1,1,4,0.0
242,BS_3,BS,0.678663,0.842447,0.28763,0.225334,1,1,1,3,0.529399
242,BS_4,BS,0.627058,0.834146,0.366717,0.23237,1,1,1,4,0.580785
242,HAP_0,HAP,0.762476,0.946154,0.071184,0.026254,2,0,0,0,0.637543
242,HAP_1,HAP,0.772437,0.933596,0.058205,0.047702,2,0,0,0,0.517396
242,HAP_2,HAP,0.559484,0.828211,0.48074,0.428298,1,1,1,1,0.364986
242,LEO_0,LEO,0.777608,0.929243,0.151532,0.065607,1,1,1,0,0.670451
242,LEO_1,LEO,0.630227,0.951023,0.061675,0.014724,4,0,0,0,0.395125
243,BS_0,BS,0.665749,0.841681,0.306843,0.208357,1,1,1,2,0.695633
243,BS_1,BS,0.755046,0.834884,0.180977,0.269083,1,1,1,3,0.0
243,BS_2,BS,0.658492,0.839527,0.317802,0.212996,1,1,1,4,0.0
243,BS_3,BS,0.614681,0.83576,0.386652,0.247542,1,1,1,2,0.758983
243,BS_4,BS,0.611805,0.828842,0.391342,0.254813,1,1,1,6,0.42733
243,HAP_0,HAP,0.694749,0.932164,0.264205,0.052415,1,1,1,0,0.963096
243,HAP_1,HAP,0.679207,0.936825,0.086829,0.041555,3,0,0,0,0.47354
243,HAP_2,HAP,0.557161,0.824147,0.484902,0.448447,1,1,1,1,0.625825
243,LEO_0,LEO,0.79162,0.934886,0.033674,0.052996,2,0,0,0,0.650126
243,LEO_1,LEO,0.888729,0.954689,0.017962,0.011924,1,1,0,0,0.521533
244,BS_0,BS,0.487157,0.827161,0.619169,0.339203,1,1,1,1,0.0
244,BS_1,BS,0.711633,0.838713,0.240193,0.241228,1,1,1,3,0.462538
244,BS_2,BS,0.640555,0.836639,0.345421,0.224089,1,1,1,2,0.0
244,BS_3,BS,0.743415,0.843781,0.196501,0.215409,1,1,1,2,0.0
244,BS_4,BS,0.63537,0.826861,0.353547,0.260098,1,1,1,3,0.0
244,HAP_0,HAP,0.758087,0.929654,0.176958,0.056024,1,1,1,0,0.45984
244,HAP_1,HAP,0.722808,0.933207,0.224612,0.055946,1,1,1,0,0.225933
244,HAP_2,HAP,0.569879,0.824134,0.462331,0.454945,1,1,1,2,0.220555
244,LEO_0,LEO,0.717017,0.924476,0.232656,0.066754,1,1,1,0,1.021954
244,LEO_1,LEO,0.655195,0.934434,0.322822,0.056436,1,1,1,0,1.117169
245,BS_0,BS,0.412082,0.806696,0.786533,0.549748,1,1,1,0,0.754281
245,BS_1,BS,0.465271,0.822758,0.665135,0.392064,1,1,1,1,0.0
245,BS_2,BS,0.672728,0.836675,0.296414,0.218809,1,1,1,4,0.0
245,BS_3,BS,0.76752,0.852608,0.164591,0.184518,1,1,1,3,0.0
245,BS_4,BS,0.645059,0.826184,0.338413,0.259614,1,1,1,5,0.0
245,HAP_0,HAP,0.810965,0.937303,0.00953,0.04486,2,0,0,0,0.594505
245,HAP_1,HAP,0.75903,0.929937,0.175714,0.058651,1,1,1,0,0.691295
245,HAP_2,HAP,0.594396,0.82377,0.42021,0.443415,1,1,1,2,0.651261
245,LEO_0,LEO,0.796321,0.925056,0.127753,0.060748,1,1,1,0,0.620553
245,LEO_1,LEO,0.759627,0.930696,0.174927,0.058918,1,1,1,0,0.545716
246,BS_0,BS,0.600068,0.816044,0.410712,0.515706,1,1,1,1,0.0
246,BS_1,BS,0.728413,0.83349,0.216887,0.334819,1,1,1,3,0.0
246,BS_2,BS,0.658098,0.835266,0.318401,0.220668,1,1,1,4,0.0
246,BS_3,BS,0.74129,0.858833,0.199364,0.1655,1,1,1,2,0.0
246,BS_4,BS,0.641726,0.825332,0.343594,0.260817,1,1,1,5,0.0
246,HAP_0,HAP,0.814373,0.935951,0.105336,0.040881,1,1,1,0,0.800181
246,HAP_1,HAP,0.801425,0.93743,0.021364,0.047126,2,0,0,0,0.502606
246,HAP_2,HAP,0.592873,0.826265,0.422775,0.435165,1,1,1,1,0.45331
246,LEO_0,LEO,0.754145,0.929105,0.082171,0.051637,2,0,0,0,0.579747
246,LEO_1,LEO,0.773601,0.935126,0.056699,0.048581,2,0,0,0,0.594812
247,BS_0,BS,0.411084,0.792564,0.788958,0.692669,1,1,1,2,0.481761
247,BS_1,BS,0.69471,0.836596,0.264261,0.299281,1,1,1,3,0.334238
247,BS_2,BS,0.650365,0.833405,0.330222,0.225605,1,1,1,4,0.0
247,BS_3,BS,0.730893,0.859998,0.213488,0.15291,1,1,1,3,0.423149
247,BS_4,BS,0.640857,0.824569,0.344949,0.262199,1,1,1,4,0.0
247,HAP_0,HAP,0.807732,0.940492,0.013525,0.032787,2,0,0,0,0.742964
247,HAP_1,HAP,0.701208,0.941913,0.054951,0.03906,3,0,0,0,0.46082
247,HAP_2,HAP,0.562831,0.823718,0.474776,0.449567,1,1,1,1,0.531813
247,LEO_0,LEO,0.780174,0.929371,0.148238,0.051198,1,1,1,0,0.477104
247,LEO_1,LEO,0.815238,0.936528,0.104275,0.043758,1,1,1,0,0.513751
248,BS_0,BS,0.659433,0.801683,0.316374,0.599177,1,1,1,2,0.0
248,BS_1,BS,0.593454,0.83504,0.421795,0.319485,1,1,1,1,0.0
248,BS_2,BS,0.645921,0.831501,0.337077,0.231613,1,1,1,4,0.0
248,BS_3,BS,0.608461,0.853028,0.396822,0.193188,1,1,1,1,0.560767
248,BS_4,BS,0.627589,0.822703,0.365869,0.269997,1,1,1,6,0.0
248,HAP_0,HAP,0.754326,0.931493,0.181931,0.041124,1,1,1,0,1.061554
248,HAP_1,HAP,0.613158,0.943961,0.089133,0.034823,4,0,0,0,0.409323
248,HAP_2,HAP,0.552436,0.824043,0.493417,0.469211,1,1,1,2,0.234601
248,LEO_0,LEO,0.798073,0.932383,0.125556,0.048052,1,1,1,0,0.322051
248,LEO_1,LEO,0.750339,0.929551,0.18723,0.050781,1,1,1,0,0.921751
249,BS_0,BS,0.746046,0.815091,0.192968,0.496098,1,1,1,2,0.207828
249,BS_1,BS,0.599303,0.829527,0.411988,0.331968,1,1,1,3,0.0
249,BS_2,BS,0.638485,0.829281,0.348657,0.239993,1,1,1,4,0.0
249,BS_3,BS,0.596975,0.843237,0.41588,0.232381,1,1,1,3,0.214228
249,BS_4,BS,0.638101,0.822207,0.349258,0.270889,1,1,1,6,0.0
249,HAP_0,HAP,0.759642,0.927886,0.174907,0.046666,1,1,1,0,0.602226
249,HAP_1,HAP,0.820037,0.945182,0.098406,0.032216,1,1,0,0,0.404755
249,HAP_2,HAP,0.550215,0.823515,0.497446,0.486722,1,1,1,1,0.460583
249,LEO_0,LEO,0.818108,0.934393,0.100761,0.043011,1,1,1,0,0.594028
249,LEO_1,LEO,0.768173,0.930985,0.063741,0.042453,2,0,0,0,0.893021
250,BS_0,BS,0.603876,0.816669,0.404387,0.470467,1,1,1,2,0.280634
250,BS_1,BS,0.738406,0.837644,0.203261,0.284166,1,1,1,3,0.0
250,BS_2,BS,0.648203,0.828412,0.333552,0.24206,1,1,1,4,0.0
250,BS_3,BS,0.775408,0.850843,0.154366,0.196628,1,1,1,2,0.619084
250,BS_4,BS,0.634147,0.821437,0.355474,0.273574,1,1,1,5,0.0
250,HAP_0,HAP,0.799352,0.929391,0.123954,0.044247,1,1,1,0,0.514637
250,HAP_1,HAP,0.668737,0.929091,0.302365,0.066914,1,1,1,0,1.012068
250,HAP_2,HAP,0.489855,0.812276,0.613645,0.55883,1,1,1,2,0.670463
250,LEO_0,LEO,0.776421,0.930869,0.15306,0.044951,1,1,1,0,0.796028
250,LEO_1,LEO,0.72231,0.935774,0.025302,0.034251,3,0,0,0,0.716207
251,BS_0,BS,0.843524,0.836486,0.070167,0.378589,1,1,1,2,0.339923
251,BS_1,BS,0.439225,0.817785,0.722744,0.462395,1,1,1,1,0.559234
251,BS_2,BS,0.539698,0.817382,0.516745,0.31381,1,1,1,2,0.593847
251,BS_3,BS,0.838311,0.861195,0.076366,0.159926,1,1,1,3,0.466404
251,BS_4,BS,0.646467,0.821976,0.336234,0.269733,1,1,1,5,0.499226
251,HAP_0,HAP,0.801709,0.932216,0.121009,0.041987,1,1,1,0,0.367593
251,HAP_1,HAP,0.818258,0.930741,0.100578,0.058083,1,1,1,0,0.589331
251,HAP_2,HAP,0.563551,0.814229,0.473497,0.547954,1,1,1,2,0.265823
251,LEO_0,LEO,0.796674,0.931963,0.12731,0.043254,1,1,1,0,0.450084
251,LEO_1,LEO,0.765828,0.933238,0.166798,0.03992,1,1,1,0,0.484292
252,BS_0,BS,0.692134,0.843672,0.267975,0.335186,1,1,1,1,0.228496
252,BS_1,BS,0.675881,0.828883,0.291738,0.408216,1,1,1,2,0.0
252,BS_2,BS,0.714662,0.82488,0.235946,0.276099,1,1,1,4,0.0
252,BS_3,BS,0.857306,0.871146,0.053961,0.129251,1,1,0,2,0.549444
252,BS_4,BS,0.642205,0.82201,0.342847,0.268681,1,1,1,6,0.0
252,HAP_0,HAP,0.811166,0.940955,0.009283,0.033628,2,0,0,0,0.431648
252,HAP_1,HAP,0.809007,0.932756,0.111947,0.052106,1,1,1,0,0.47754
252,HAP_2,HAP,0.582619,0.816039,0.440223,0.525571,1,1,1,2,0.425487
252,LEO_0,LEO,0.812827,0.939553,0.007237,0.034627,2,0,0,0,0.570616
252,LEO_1,LEO,0.760852,0.932917,0.173316,0.045454,1,1,1,0,0.274934
253,BS_0,BS,0.65353,0.841528,0.325367,0.315787,1,1,1,2,0.610286
253,BS_1,BS,0.560122,0.820763,0.479601,0.43008,1,1,1,2,0.465977
253,BS_2,BS,0.476949,0.813412,0.640346,0.405399,1,1,1,1,0.0
253,BS_3,BS,0.768297,0.879082,0.06358,0.10522,2,0,0,2,0.412206
253,BS_4,BS,0.604021,0.818359,0.404146,0.288445,1,1,1,3,0.0
253,HAP_0,HAP,0.682578,0.942223,0.081878,0.02992,3,0,0,0,0.596981
253,HAP_1,HAP,0.788507,0.937928,0.037615,0.042322,2,0,0,0,0.624485
253,HAP_2,HAP,0.629753,0.823112,0.362428,0.479566,1,1,1,2,0.330616
253,LEO_0,LEO,0.707147,0.942679,0.046517,0.028675,3,0,0,0,0.632002
253,LEO_1,LEO,0.762166,0.93717,0.071591,0.038669,2,0,0,0,0.526645
254,BS_0,BS,0.646637,0.838718,0.335971,0.303424,1,1,1,2,0.0
254,BS_1,BS,0.764189,0.836375,0.16894,0.356908,1,1,1,2,0.0
254,BS_2,BS,0.563621,0.808713,0.473374,0.425156,1,1,1,4,0.0
254,BS_3,BS,0.707742,0.877337,0.245675,0.111336,1,1,1,2,0.0
254,BS_4,BS,0.645973,0.819467,0.336998,0.281862,1,1,1,4,0.0
254,HAP_0,HAP,0.638848,0.947215,0.048089,0.024976,4,0,0,0,0.319106
254,HAP_1,HAP,0.735895,0.944387,0.006668,0.033877,3,0,0,0,0.543959
254,HAP_2,HAP,0.603288,0.82368,0.405361,0.457596,1,1,1,2,0.509856
254,LEO_0,LEO,0.666212,0.948207,0.006148,0.022957,4,0,0,0,0.54158
254,LEO_1,LEO,0.784371,0.935227,0.142873,0.040121,1,1,1,0,0.620452
255,BS_0,BS,0.607212,0.835704,0.398877,0.314336,1,1,1,2,0.407759
255,BS_1,BS,0.622517,0.832641,0.373985,0.348465,1,1,1,3,0.795894
255,BS_2,BS,0.542897,0.808684,0.510836,0.457554,1,1,1,2,0.0
255,BS_3,BS,0.701602,0.872368,0.254388,0.11819,1,1,1,2,0.741447
255,BS_4,BS,0.647407,0.820487,0.334779,0.275924,1,1,1,4,0.0
255,HAP_0,HAP,0.851151,0.948785,0.061166,0.021665,1,1,0,0,0.572697
255,HAP_1,HAP,0.627906,0.945151,0.065366,0.029024,4,0,0,0,0.665621
255,HAP_2,HAP,0.66188,0.82991,0.312671,0.41007,1,1,1,2,0.623773
255,LEO_0,LEO,0.835193,0.947084,0.080092,0.021252,1,1,0,0,0.695365
255,LEO_1,LEO,0.813181,0.942367,0.006802,0.032118,2,0,0,0,0.527391
256,BS_0,BS,0.670471,0.842705,0.299775,0.291908,1,1,1,2,0.0
256,BS_1,BS,0.702693,0.836139,0.252835,0.307538,1,1,1,3,0.0
256,BS_2,BS,0.557721,0.804386,0.483897,0.471413,1,1,1,3,0.0
256,BS_3,BS,0.724876,0.871267,0.221755,0.116681,1,1,1,3,0.0
256,BS_4,BS,0.643231,0.820915,0.341251,0.273143,1,1,1,5,0.0
256,HAP_0,HAP,0.776194,0.949893,0.053353,0.018613,2,0,0,0,0.608825
256,HAP_1,HAP,0.782789,0.944145,0.144892,0.032667,1,1,1,0,0.249377
256,HAP_2,HAP,0.618593,0.832458,0.380308,0.393141,1,1,1,2,0.437885
256,LEO_0,LEO,0.788091,0.94837,0.038142,0.017657,2,0,0,0,0.709118
256,LEO_1,LEO,0.793684,0.938554,0.13107,0.033425,1,1,1,0,0.799167
257,BS_0,BS,0.61194,0.837123,0.39112,0.302365,1,1,1,2,0.525942
257,BS_1,BS,0.647862,0.834854,0.334078,0.296254,1,1,1,2,0.230262
257,BS_2,BS,0.750067,0.820543,0.187592,0.392967,1,1,1,3,0.0
257,BS_3,BS,0.705165,0.86739,0.249323,0.121318,1,1,1,3,0.386216
257,BS_4,BS,0.630273,0.820036,0.361602,0.277354,1,1,1,5,0.317239
257,HAP_0,HAP,0.682555,0.951094,0.081912,0.017909,3,0,0,0,0.339785
257,HAP_1,HAP,0.748226,0.944846,0.09005,0.029782,2,0,0,0,0.551402
257,HAP_2,HAP,0.607257,0.833466,0.398803,0.386083,1,1,1,2,0.539533
257,LEO_0,LEO,0.709687,0.94904,0.042931,0.014955,3,0,0,0,0.7098
257,LEO_1,LEO,0.78916,0.942107,0.036787,0.027349,2,0,0,0,0.629339
258,BS_0,BS,0.785623,0.849539,0.141279,0.250874,1,1,1,1,0.412507
258,BS_1,BS,0.458825,0.819659,0.679087,0.444525,1,1,1,1,0.218823
258,BS_2,BS,0.710906,0.827918,0.241215,0.340556,1,1,1,3,0.0
258,BS_3,BS,0.675268,0.861421,0.292645,0.135593,1,1,1,3,0.343596
258,BS_4,BS,0.647913,0.820988,0.333999,0.272083,1,1,1,5,0.0
258,HAP_0,HAP,0.629614,0.952922,0.062649,0.016094,4,0,0,0,0.426627
258,HAP_1,HAP,0.805775,0.943463,0.115951,0.029876,1,1,1,0,0.555331
258,HAP_2,HAP,0.516878,0.820333,0.559949,0.44996,1,1,1,3,0.650905
258,LEO_0,LEO,0.612207,0.945995,0.090685,0.015664,4,0,0,0,0.797543
258,LEO_1,LEO,0.684621,0.943054,0.07889,0.02468,3,0,0,0,0.57402
259,BS_0,BS,0.723234,0.851854,0.224022,0.223283,1,1,1,1,0.941914
259,BS_1,BS,0.563571,0.815038,0.473461,0.456494,1,1,1,3,0.0
259,BS_2,BS,0.691169,0.831363,0.26937,0.305097,1,1,1,3,0.880211
259,BS_3,BS,0.533521,0.84703,0.528257,0.234049,1,1,1,2,0.0
259,BS_4,BS,0.648235,0.821781,0.333502,0.267717,1,1,1,6,0.0
259,HAP_0,HAP,0.80433,0.951906,0.117746,0.019114,1,1,1,0,0.316097
259,HAP_1,HAP,0.531425,0.909748,0.532194,0.151355,1,1,1,0,1.744266
259,HAP_2,HAP,0.509654,0.816417,0.574023,0.508244,1,1,1,1,0.233715
259,LEO_0,LEO,0.837243,0.946866,0.077641,0.015244,1,1,0,0,0.464025
259,LEO_1,LEO,0.661386,0.933258,0.313417,0.063947,1,1,1,0,0.15007
260,BS_0,BS,0.7029,0.852104,0.252541,0.207326,1,1,1,2,0.242352
260,BS_1,BS,0.664628,0.819063,0.308527,0.408031,1,1,1,3,0.0
260,BS_2,BS,0.448696,0.815079,0.70141,0.465467,1,1,1,2,0.0
260,BS_3,BS,0.692918,0.847658,0.266844,0.219282,1,1,1,3,0.0
260,BS_4,BS,0.629684,0.820672,0.362537,0.273319,1,1,1,5,0.0
260,HAP_0,HAP,0.576965,0.924056,0.449974,0.106405,1,1,1,0,1.224613
260,HAP_1,HAP,0.53372,0.892549,0.527884,0.246481,1,1,1,0,0.119768
260,HAP_2,HAP,0.445815,0.798327,0.707851,0.632069,1,1,1,3,0.392152
260,LEO_0,LEO,0.622896,0.923985,0.373376,0.07493,1,1,1,0,1.256343
260,LEO_1,LEO,0.750894,0.939394,0.086491,0.054524,2,0,0,0,0.193379
261,BS_0,BS,0.837622,0.862207,0.077188,0.168542,1,1,1,2,0.67358
261,BS_1,BS,0.495516,0.808754,0.602155,0.48959,1,1,1,1,0.468682
261,BS_2,BS,0.568024,0.819686,0.465592,0.469923,1,1,1,1,0.0
261,BS_3,BS,0.652715,0.843739,0.326615,0.22343,1,1,1,2,0.741815
261,BS_4,BS,0.633542,0.820152,0.356429,0.275824,1,1,1,4,0.62698
261,HAP_0,HAP,0.785772,0.923775,0.141088,0.094082,1,1,1,0,0.613761
261,HAP_1,HAP,0.888974,0.907552,0.017688,0.197326,1,1,1,0,0.58876
261,HAP_2,HAP,0.72285,0.815317,0.224553,0.528346,1,1,1,2,0.426889
261,LEO_0,LEO,0.723536,0.919141,0.223605,0.082443,1,1,1,0,0.551228
261,LEO_1,LEO,0.751901,0.934308,0.185151,0.059046,1,1,1,0,0.711636
262,BS_0,BS,0.826038,0.869801,0.091114,0.138569,1,1,0,2,0.478044
262,BS_1,BS,0.76104,0.826489,0.173069,0.405151,1,1,1,2,0.0
262,BS_2,BS,0.409789,0.795333,0.792112,0.658287,1,1,1,3,0.0
262,BS_3,BS,0.758399,0.850147,0.176546,0.19277,1,1,1,2,0.0
262,BS_4,BS,0.646837,0.820982,0.335661,0.27136,1,1,1,5,0.0
262,HAP_0,HAP,0.764864,0.92853,0.068058,0.07735,2,0,0,0,0.625718
262,HAP_1,HAP,0.657245,0.896692,0.319699,0.203854,1,1,1,0,1.135339
262,HAP_2,HAP,0.687356,0.825567,0.274904,0.456684,1,1,1,3,0.266358
262,LEO_0,LEO,0.738705,0.918883,0.202857,0.084473,1,1,1,0,0.366578
262,LEO_1,LEO,0.775729,0.934977,0.153952,0.057902,1,1,1,0,0.251679
263,BS_0,BS,0.779289,0.871979,0.149373,0.120896,1,1,1,1,1.889153
263,BS_1,BS,0.767493,0.840259,0.164626,0.336317,1,1,1,1,0.4874
263,BS_2,BS,0.659369,0.802701,0.316472,0.571699,1,1,1,3,0.0
263,BS_3,BS,0.56999,0.840524,0.462137,0.250323,1,1,1,2,0.563389
263,BS_4,BS,0.646409,0.821606,0.336322,0.267989,1,1,1,5,0.0
263,HAP_0,HAP,0.678964,0.931473,0.087187,0.065301,3,0,0,0,0.60479
263,HAP_1,HAP,0.618013,0.890989,0.381246,0.22849,1,1,1,0,0.182056
263,HAP_2,HAP,0.687525,0.834314,0.274657,0.399294,1,1,1,1,0.582536
263,LEO_0,LEO,0.779744,0.919079,0.14879,0.07754,1,1,1,0,0.780932
263,LEO_1,LEO,0.806598,0.943615,0.01493,0.046422,2,0,0,0,0.353035
264,BS_0,BS,0.760042,0.872141,0.174381,0.110401,1,1,1,2,0.665794
264,BS_1,BS,0.581437,0.8321,0.442253,0.357068,1,1,1,3,0.0
264,BS_2,BS,0.684063,0.810463,0.279705,0.492565,1,1,1,3,0.0
264,BS_3,BS,0.573315,0.838595,0.45632,0.293961,1,1,1,1,0.0
264,BS_4,BS,0.645221,0.821995,0.338162,0.26585,1,1,1,6,0.0
264,HAP_0,HAP,0.786096,0.931421,0.140677,0.061146,1,1,1,0,0.511671
264,HAP_1,HAP,0.778361,0.901382,0.150565,0.192993,1,1,1,0,0.209658
264,HAP_2,HAP,0.627203,0.835694,0.366485,0.379875,1,1,1,3,0.347656
264,LEO_0,LEO,0.791729,0.927102,0.033536,0.062538,2,0,0,0,0.591245
264,LEO_1,LEO,0.626097,0.923578,0.36825,0.098161,1,1,1,0,1.065549
265,BS_0,BS,0.665572,0.867591,0.307108,0.130762,1,1,1,1,0.508315
265,BS_1,BS,0.758099,0.840349,0.176941,0.299743,1,1,1,2,0.589404
265,BS_2,BS,0.494246,0.802843,0.604723,0.558612,1,1,1,3,0.0
265,BS_3,BS,0.498417,0.821808,0.596317,0.395186,1,1,1,3,0.515405
265,BS_4,BS,0.64783,0.822549,0.334127,0.262918,1,1,1,6,0.397508
265,HAP_0,HAP,0.806321,0.930752,0.115273,0.054896,1,1,1,0,0.80062
265,HAP_1,HAP,0.885412,0.916651,0.021703,0.154607,1,1,1,0,0.334681
265,HAP_2,HAP,0.631286,0.839205,0.359996,0.362219,1,1,1,1,0.427619
265,LEO_0,LEO,0.709103,0.933059,0.043754,0.050892,3,0,0,0,0.595822
265,LEO_1,LEO,0.741876,0.921813,0.198573,0.096273,1,1,1,0,0.411439
266,BS_0,BS,0.642443,0.863955,0.342477,0.157391,1,1,1,1,0.579045
266,BS_1,BS,0.706421,0.842484,0.247544,0.267369,1,1,1,3,0.0
266,BS_2,BS,0.644552,0.808073,0.3392,0.498665,1,1,1,3,0.0
266,BS_3,BS,0.583748,0.824296,0.438286,0.402592,1,1,1,1,0.0
266,BS_4,BS,0.646374,0.822856,0.336377,0.261252,1,1,1,6,0.0
266,HAP_0,HAP,0.77825,0.933676,0.050707,0.045074,2,0,0,0,0.79869
266,HAP_1,HAP,0.695881,0.91054,0.262577,0.154711,1,1,1,0,0.799443
266,HAP_2,HAP,0.541168,0.828255,0.514025,0.408675,1,1,1,3,0.659904
266,LEO_0,LEO,0.747911,0.931224,0.190471,0.057039,1,1,1,0,0.324559
266,LEO_1,LEO,0.796082,0.930457,0.028053,0.077373,2,0,0,0,0.535387
267,BS_0,BS,0.566888,0.850585,0.467593,0.224302,1,1,1,2,0.385192
267,BS_1,BS,0.712626,0.84467,0.238799,0.239557,1,1,1,3,0.27733
267,BS_2,BS,0.632813,0.81487,0.35758,0.456471,1,1,1,2,0.0
267,BS_3,BS,0.509214,0.811573,0.574886,0.470795,1,1,1,3,0.0
267,BS_4,BS,0.64389,0.822871,0.340228,0.261091,1,1,1,5,0.0
267,HAP_0,HAP,0.782194,0.928894,0.145653,0.045606,1,1,1,0,0.966343
267,HAP_1,HAP,0.749974,0.913747,0.187716,0.139626,1,1,1,0,0.252171
267,HAP_2,HAP,0.608979,0.830422,0.395972,0.397497,1,1,1,1,0.500734
267,LEO_0,LEO,0.806024,0.931938,0.115642,0.051649,1,1,1,0,0.667834
267,LEO_1,LEO,0.804898,0.929857,0.11704,0.068062,1,1,1,0,0.803064
268,BS_0,BS,0.753077,0.856245,0.183588,0.194609,1,1,1,1,0.548759
268,BS_1,BS,0.499022,0.83097,0.595105,0.351013,1,1,1,1,0.0
268,BS_2,BS,0.850646,0.837171,0.061759,0.366893,1,1,1,2,0.0
268,BS_3,BS,0.504011,0.807969,0.585157,0.53072,1,1,1,2,0.0
268,BS_4,BS,0.648242,0.823288,0.333491,0.25892,1,1,1,5,0.0
268,HAP_0,HAP,0.736366,0.924974,0.206028,0.055586,1,1,1,0,0.489816
268,HAP_1,HAP,0.752205,0.920655,0.084747,0.114933,2,0,0,0,0.571551
268,HAP_2,HAP,0.589416,0.828907,0.428623,0.400671,1,1,1,3,0.497474
268,LEO_0,LEO,0.796956,0.930274,0.126956,0.048573,1,1,1,0,0.804859
268,LEO_1,LEO,0.814281,0.936505,0.005449,0.054463,2,0,0,0,0.694546
269,BS_0,BS,0.66489,0.853559,0.308134,0.198413,1,1,1,2,0.0
269,BS_1,BS,0.854856,0.851427,0.056822,0.282263,1,1,1,3,0.0
269,BS_2,BS,0.795793,0.84941,0.128416,0.300935,1,1,1,2,0.229246
269,BS_3,BS,0.59345,0.809694,0.421802,0.504639,1,1,1,3,0.0
269,BS_4,BS,0.647246,0.823528,0.335028,0.257646,1,1,1,4,0.0
269,HAP_0,HAP,0.760841,0.925781,0.173331,0.057989,1,1,1,0,0.330266
269,HAP_1,HAP,0.704602,0.930283,0.050121,0.093077,3,0,0,0,0.272814
269,HAP_2,HAP,0.616448,0.828938,0.383781,0.386816,1,1,1,2,0.658401
269,LEO_0,LEO,0.736597,0.927684,0.205715,0.057901,1,1,1,0,0.3326
269,LEO_1,LEO,0.714327,0.939337,0.036415,0.044167,3,0,0,0,0.783863
270,BS_0,BS,0.5293,0.844031,0.536201,0.28811,1,1,1,1,0.0
270,BS_1,BS,0.547687,0.837031,0.502051,0.339236,1,1,1,1,2.206468
270,BS_2,BS,0.759068,0.858823,0.175663,0.254634,1,1,1,2,0.0
270,BS_3,BS,0.631499,0.811901,0.35966,0.461921,1,1,1,3,0.0
270,BS_4,BS,0.636323,0.8227,0.352049,0.261889,1,1,1,5,0.0
270,HAP_0,HAP,0.797769,0.930639,0.125936,0.053528,1,1,1,0,0.208682
270,HAP_1,HAP,0.656498,0.938678,0.020836,0.074657,4,0,0,0,0.456435
270,HAP_2,HAP,0.635412,0.83073,0.353482,0.36568,1,1,1,3,0.540803
270,LEO_0,LEO,0.765716,0.934325,0.066944,0.048338,2,0,0,0,0.370888
270,LEO_1,LEO,0.621263,0.940914,0.076001,0.037933,4,0,0,0,0.557384
271,BS_0,BS,0.554178,0.832536,0.490269,0.338652,1,1,1,2,0.20619
271,BS_1,BS,0.572479,0.832511,0.457779,0.365691,1,1,1,2,0.0
271,BS_2,BS,0.624038,0.850733,0.371544,0.265828,1,1,1,3,0.352931
271,BS_3,BS,0.712797,0.821745,0.238558,0.395146,1,1,1,3,0.0
271,BS_4,BS,0.645531,0.822899,0.337681,0.260824,1,1,1,3,0.0
271,HAP_0,HAP,0.73822,0.926441,0.203514,0.06146,1,1,1,0,0.671723
271,HAP_1,HAP,0.822859,0.939834,0.09497,0.063784,1,1,0,0,0.568827
271,HAP_2,HAP,0.660702,0.833459,0.314453,0.337041,1,1,1,3,0.642489
271,LEO_0,LEO,0.818376,0.935118,0.100434,0.043209,1,1,1,0,0.694396
271,LEO_1,LEO,0.793514,0.939688,0.131284,0.038102,1,1,1,0,0.495886
272,BS_0,BS,0.737118,0.839074,0.205008,0.289834,1,1,1,2,0.459515
272,BS_1,BS,0.575658,0.824945,0.452241,0.384588,1,1,1,3,0.442229
272,BS_2,BS,0.699166,0.850307,0.257866,0.242585,1,1,1,3,0.0
272,BS_3,BS,0.706559,0.827863,0.247348,0.343648,1,1,1,3,0.475232
272,BS_4,BS,0.640479,0.822587,0.345539,0.262388,1,1,1,5,0.0
272,HAP_0,HAP,0.792619,0.933473,0.032413,0.049641,2,0,0,0,0.570416
272,HAP_1,HAP,0.783951,0.943486,0.043409,0.051875,2,0,0,0,0.586805
272,HAP_2,HAP,0.6803,0.836805,0.285221,0.30624,1,1,1,3,0.602709
272,LEO_0,LEO,0.809806,0.941257,0.010961,0.034622,2,0,0,0,0.614518
272,LEO_1,LEO,0.759582,0.942816,0.074986,0.033012,2,0,0,0,0.425248
273,BS_0,BS,0.751907,0.847466,0.185142,0.247292,1,1,1,2,0.213982
273,BS_1,BS,0.549285,0.819334,0.499138,0.419783,1,1,1,1,0.779359
273,BS_2,BS,0.565895,0.841352,0.469346,0.293197,1,1,1,2,0.0
273,BS_3,BS,0.556736,0.822188,0.485665,0.38106,1,1,1,2,0.375844
273,BS_4,BS,0.640398,0.822329,0.345666,0.263679,1,1,1,6,0.0
273,HAP_0,HAP,0.721241,0.939521,0.026781,0.040036,3,0,0,0,0.562966
273,HAP_1,HAP,0.717469,0.948222,0.032025,0.041962,3,0,0,0,0.436211
273,HAP_2,HAP,0.677215,0.841894,0.289767,0.282777,1,1,1,2,0.415519
273,LEO_0,LEO,0.601461,0.916361,0.408393,0.10275,1,1,1,0,1.363125
273,LEO_1,LEO,0.726044,0.947786,0.020145,0.026592,3,0,0,0,0.546349
274,BS_0,BS,0.542367,0.838307,0.511813,0.315712,1,1,1,1,0.503171
274,BS_1,BS,0.597366,0.816419,0.415225,0.413412,1,1,1,3,0.773166
274,BS_2,BS,0.814857,0.855189,0.104743,0.239494,1,1,1,2,0.0
274,BS_3,BS,0.790928,0.836869,0.134548,0.312995,1,1,1,2,0.294282
274,BS_4,BS,0.629427,0.822149,0.362946,0.270221,1,1,1,3,0.0
274,HAP_0,HAP,0.812743,0.941537,0.10734,0.037213,1,1,1,0,0.3136
274,HAP_1,HAP,0.648082,0.950922,0.033738,0.034082,4,0,0,0,0.587803
274,HAP_2,HAP,0.558757,0.838302,0.482041,0.330785,1,1,1,1,0.426051
274,LEO_0,LEO,0.609272,0.904376,0.39549,0.152586,1,1,1,0,0.319398
274,LEO_1,LEO,0.654861,0.950919,0.023333,0.021519,4,0,0,0,0.607305
275,BS_0,BS,0.645865,0.843213,0.337166,0.303726,1,1,1,2,0.0
275,BS_1,BS,0.538358,0.815321,0.519231,0.45205,1,1,1,1,0.0
275,BS_2,BS,0.706683,0.854999,0.247174,0.219088,1,1,1,2,0.77498
275,BS_3,BS,0.705268,0.844768,0.249178,0.278336,1,1,1,2,0.252648
275,BS_4,BS,0.681726,0.825944,0.283128,0.25225,1,1,1,5,0.0
275,HAP_0,HAP,0.718595,0.931984,0.230457,0.05367,1,1,1,0,0.836255
275,HAP_1,HAP,0.780003,0.948932,0.148457,0.037183,1,1,1,0,0.221527
275,HAP_2,HAP,0.526849,0.83035,0.540842,0.396257,1,1,1,3,0.107263
275,LEO_0,LEO,0.765094,0.909782,0.167757,0.134733,1,1,1,0,0.3321
275,LEO_1,LEO,0.760547,0.947358,0.173717,0.030795,1,1,1,0,0.221533
276,BS_0,BS,0.625356,0.840723,0.369435,0.304398,1,1,1,2,0.703224
276,BS_1,BS,0.466676,0.799197,0.662121,0.558921,1,1,1,3,0.308345
276,BS_2,BS,0.730935,0.857171,0.213431,0.195769,1,1,1,2,0.0
276,BS_3,BS,0.559196,0.832984,0.481256,0.326892,1,1,1,2,0.708757
276,BS_4,BS,0.662808,0.827622,0.311271,0.2454,1,1,1,4,0.0
276,HAP_0,HAP,0.769191,0.936052,0.062416,0.044689,2,0,0,0,0.538332
276,HAP_1,HAP,0.807243,0.954742,0.01413,0.029836,2,0,0,0,0.372016
276,HAP_2,HAP,0.591515,0.827859,0.425069,0.398313,1,1,1,4,0.305359
276,LEO_0,LEO,0.798744,0.921815,0.024715,0.108061,2,0,0,0,0.474596
276,LEO_1,LEO,0.812996,0.954095,0.007029,0.024658,2,0,0,0,0.34739
277,BS_0,BS,0.641487,0.83926,0.343967,0.296759,1,1,1,2,0.377843
277,BS_1,BS,0.685068,0.807997,0.278237,0.481974,1,1,1,3,0.224433
277,BS_2,BS,0.598893,0.850606,0.412672,0.23325,1,1,1,2,0.0
277,BS_3,BS,0.70029,0.83622,0.25626,0.291065,1,1,1,3,0.408031
277,BS_4,BS,0.665896,0.828809,0.306622,0.238628,1,1,1,5,0.0
277,HAP_0,HAP,0.738121,0.932951,0.203647,0.054414,1,1,1,0,0.314213
277,HAP_1,HAP,0.679772,0.954,0.085997,0.027197,3,0,0,0,0.490334
277,HAP_2,HAP,0.715768,0.835726,0.234399,0.343375,1,1,1,3,0.629239
277,LEO_0,LEO,0.736093,0.917816,0.206399,0.105619,1,1,1,0,0.793405
277,LEO_1,LEO,0.766617,0.947368,0.165768,0.032092,1,1,1,0,0.660993
278,BS_0,BS,0.739537,0.848347,0.201732,0.25572,1,1,1,2,0.377408
278,BS_1,BS,0.672695,0.813677,0.296463,0.42513,1,1,1,4,0.672064
278,BS_2,BS,0.739505,0.85537,0.201775,0.204921,1,1,1,2,0.0
278,BS_3,BS,0.63537,0.832812,0.353548,0.2891,1,1,1,2,0.489492
278,BS_4,BS,0.655409,0.828719,0.322495,0.237704,1,1,1,4,0.568038
278,HAP_0,HAP,0.754484,0.935949,0.081722,0.046536,2,0,0,0,0.596771
278,HAP_1,HAP,0.741277,0.944902,0.19938,0.039646,1,1,1,0,0.675977
278,HAP_2,HAP,0.732996,0.84389,0.210615,0.294662,1,1,1,4,0.375387
278,LEO_0,LEO,0.773352,0.923342,0.057021,0.085958,2,0,0,0,0.754789
278,LEO_1,LEO,0.76134,0.946979,0.072675,0.02805,2,0,0,0,0.670296
279,BS_0,BS,0.734703,0.853624,0.208289,0.224099,1,1,1,2,0.57072
279,BS_1,BS,0.653153,0.816398,0.325944,0.387912,1,1,1,4,0.623879
279,BS_2,BS,0.656219,0.851374,0.321261,0.21038,1,1,1,2,0.607398
279,BS_3,BS,0.682792,0.837325,0.281565,0.266956,1,1,1,2,0.272775
279,BS_4,BS,0.649351,0.828073,0.331782,0.239699,1,1,1,5,0.0
279,HAP_0,HAP,0.729542,0.943326,0.015338,0.037335,3,0,0,0,0.426382
279,HAP_1,HAP,0.800701,0.948515,0.022268,0.03194,2,0,0,0,0.600443
279,HAP_2,HAP,0.758964,0.853079,0.175801,0.249637,1,1,1,3,0.322715
279,LEO_0,LEO,0.730441,0.931406,0.014106,0.068856,3,0,0,0,0.615521
279,LEO_1,LEO,0.733482,0.951671,0.009953,0.022485,3,0,0,0,0.500549
280,BS_0,BS,0.722894,0.856265,0.224492,0.201958,1,1,1,1,0.649796
280,BS_1,BS,0.642292,0.818484,0.342713,0.363183,1,1,1,4,0.0
280,BS_2,BS,0.640594,0.851402,0.34536,0.221977,1,1,1,1,0.0
280,BS_3,BS,0.661398,0.83665,0.3134,0.257764,1,1,1,3,0.240704
280,BS_4,BS,0.628993,0.825641,0.363634,0.251262,1,1,1,3,0.0
280,HAP_0,HAP,0.644244,0.947403,0.039678,0.030577,4,0,0,0,0.496914
280,HAP_1,HAP,0.634155,0.926416,0.355463,0.082411,1,1,1,0,1.231786
280,HAP_2,HAP,0.634326,0.846855,0.355192,0.256482,1,1,1,4,0.608832
280,LEO_0,LEO,0.624295,0.93529,0.071133,0.057362,4,0,0,0,0.535269
280,LEO_1,LEO,0.668092,0.955622,0.003329,0.017993,4,0,0,0,0.556438
281,BS_0,BS,0.689362,0.85406,0.271989,0.194856,1,1,1,2,2.672004
281,BS_1,BS,0.665986,0.821584,0.306486,0.332817,1,1,1,4,0.0
281,BS_2,BS,0.707783,0.85503,0.245618,0.20473,1,1,1,2,0.0
281,BS_3,BS,0.659619,0.839357,0.316092,0.251172,1,1,1,2,0.0
281,BS_4,BS,0.643111,0.825027,0.341437,0.253471,1,1,1,5,0.0
281,HAP_0,HAP,0.890602,0.95245,0.015858,0.024574,1,1,0,0,0.443123
281,HAP_1,HAP,0.809463,0.926119,0.111385,0.071512,1,1,1,0,0.764693
281,HAP_2,HAP,0.80587,0.855875,0.115833,0.211224,1,1,1,4,0.478176
281,LEO_0,LEO,0.881315,0.940413,0.02634,0.046202,1,1,0,0,0.640641
281,LEO_1,LEO,0.838525,0.955608,0.076111,0.017001,1,1,0,0,0.402507
282,BS_0,BS,0.534808,0.844655,0.525848,0.280317,1,1,1,2,0.0
282,BS_1,BS,0.656968,0.823097,0.32012,0.312368,1,1,1,4,0.0
282,BS_2,BS,0.605409,0.851011,0.401851,0.236452,1,1,1,1,0.47929
282,BS_3,BS,0.689004,0.840936,0.272508,0.234355,1,1,1,3,0.0
282,BS_4,BS,0.591031,0.822104,0.425888,0.284398,1,1,1,3,0.0
282,HAP_0,HAP,0.763618,0.95226,0.069687,0.021845,2,0,0,0,0.576772
282,HAP_1,HAP,0.78801,0.930509,0.038245,0.057868,2,0,0,0,0.803182
282,HAP_2,HAP,0.592806,0.848277,0.422888,0.249454,1,1,1,2,0.593602
282,LEO_0,LEO,0.770036,0.941414,0.061318,0.038653,2,0,0,0,0.748692
282,LEO_1,LEO,0.794944,0.950224,0.129484,0.021146,1,1,1,0,0.70362
283,BS_0,BS,0.71089,0.852407,0.241238,0.250442,1,1,1,1,0.349564
283,BS_1,BS,0.514152,0.814382,0.565237,0.393666,1,1,1,2,0.0
283,BS_2,BS,0.500959,0.831743,0.591231,0.34646,1,1,1,2,0.0
283,BS_3,BS,0.711035,0.844437,0.241034,0.213628,1,1,1,3,0.0
283,BS_4,BS,0.702493,0.828023,0.253119,0.256349,1,1,1,3,0.0
283,HAP_0,HAP,0.728288,0.956568,0.017059,0.017607,3,0,0,0,0.38918
283,HAP_1,HAP,0.706104,0.924582,0.247993,0.073969,1,1,1,0,0.415893
283,HAP_2,HAP,0.656737,0.849964,0.320472,0.245779,1,1,1,2,0.487016
283,LEO_0,LEO,0.715853,0.944243,0.03428,0.031452,3,0,0,0,0.673027
283,LEO_1,LEO,0.80973,0.953245,0.011054,0.016971,2,0,0,0,0.621526
284,BS_0,BS,0.636501,0.851248,0.351769,0.256037,1,1,1,2,0.0
284,BS_1,BS,0.66355,0.81886,0.310151,0.35822,1,1,1,4,0.0
284,BS_2,BS,0.633071,0.835372,0.357172,0.334576,1,1,1,2,0.0
284,BS_3,BS,0.651272,0.84105,0.328828,0.21956,1,1,1,4,0.0
284,BS_4,BS,0.67566,0.83,0.292065,0.243465,1,1,1,4,0.0
284,HAP_0,HAP,0.644339,0.959002,0.039531,0.014789,4,0,0,0,0.379575
284,HAP_1,HAP,0.77194,0.926828,0.158849,0.07053,1,1,1,0,0.289704
284,HAP_2,HAP,0.593223,0.84353,0.422184,0.276831,1,1,1,3,0.2456
284,LEO_0,LEO,0.651987,0.946997,0.02773,0.025507,4,0,0,0,0.670885
284,LEO_1,LEO,0.746465,0.94206,0.192407,0.030236,1,1,1,0,0.967129
285,BS_0,BS,0.720038,0.85503,0.228452,0.228315,1,1,1,2,0.35624
285,BS_1,BS,0.682928,0.823399,0.281366,0.322201,1,1,1,4,0.508008
285,BS_2,BS,0.689074,0.845452,0.272407,0.301053,1,1,1,2,0.0
285,BS_3,BS,0.615596,0.834776,0.385164,0.242406,1,1,1,2,0.729304
285,BS_4,BS,0.656469,0.829768,0.32088,0.241106,1,1,1,4,0.0
285,HAP_0,HAP,0.893039,0.961745,0.013125,0.011908,1,1,0,0,0.486731
285,HAP_1,HAP,0.733639,0.921949,0.209738,0.07622,1,1,1,0,0.7835
285,HAP_2,HAP,0.72894,0.849008,0.216164,0.242492,1,1,1,3,0.569534
285,LEO_0,LEO,0.832395,0.947525,0.083449,0.023539,1,1,0,0,0.46488
285,LEO_1,LEO,0.787278,0.942296,0.039174,0.02488,2,0,0,0,0.90042
286,BS_0,BS,0.80942,0.864334,0.111438,0.18824,1,1,1,2,0.366218
286,BS_1,BS,0.666375,0.825404,0.305903,0.29987,1,1,1,4,0.0
286,BS_2,BS,0.510425,0.829287,0.572511,0.388339,1,1,1,2,0.0
286,BS_3,BS,0.720452,0.839157,0.227876,0.217292,1,1,1,3,0.0
286,BS_4,BS,0.651231,0.829085,0.328891,0.241561,1,1,1,5,0.0
286,HAP_0,HAP,0.776916,0.953333,0.152423,0.019982,1,1,1,0,0.747858
286,HAP_1,HAP,0.80093,0.93027,0.021982,0.061193,2,0,0,0,0.573067
286,HAP_2,HAP,0.718793,0.850827,0.230182,0.217836,1,1,1,3,0.766653
286,LEO_0,LEO,0.744388,0.945564,0.095193,0.022909,2,0,0,0,0.716352
286,LEO_1,LEO,0.797399,0.939735,0.126401,0.027093,1,1,1,0,0.589708
287,BS_0,BS,0.775958,0.867647,0.153656,0.161217,1,1,1,2,1.301097
287,BS_1,BS,0.648358,0.826162,0.333312,0.28989,1,1,1,4,0.0
287,BS_2,BS,0.505623,0.822931,0.581964,0.463078,1,1,1,1,0.0
287,BS_3,BS,0.676568,0.840429,0.290723,0.211868,1,1,1,3,0.0
287,BS_4,BS,0.646677,0.828115,0.335908,0.244024,1,1,1,4,0.0
287,HAP_0,HAP,0.761966,0.952974,0.071853,0.018309,2,0,0,0,0.4998
287,HAP_1,HAP,0.57144,0.903446,0.459596,0.144008,1,1,1,0,1.824096
287,HAP_2,HAP,0.827593,0.861066,0.089234,0.177852,1,1,1,3,0.576884
287,LEO_0,LEO,0.725691,0.949588,0.020631,0.018519,3,0,0,0,0.534592
287,LEO_1,LEO,0.804717,0.944114,0.017265,0.021809,2,0,0,0,0.666827
288,BS_0,BS,0.783493,0.870558,0.143993,0.138304,1,1,1,2,0.603554
288,BS_1,BS,0.67573,0.828579,0.291962,0.27027,1,1,1,4,0.379513
288,BS_2,BS,0.650701,0.834412,0.329704,0.419379,1,1,1,1,0.0
288,BS_3,BS,0.698404,0.842115,0.258958,0.199671,1,1,1,4,0.757868
288,BS_4,BS,0.64662,0.827332,0.335997,0.246022,1,1,1,5,0.0
288,HAP_0,HAP,0.709375,0.944968,0.243371,0.0413,1,1,1,0,0.21658
288,HAP_1,HAP,0.686268,0.898499,0.276487,0.149606,1,1,1,0,0.628647
288,HAP_2,HAP,0.684519,0.861002,0.279039,0.17732,1,1,1,3,0.474291
288,LEO_0,LEO,0.65597,0.953381,0.021641,0.015026,4,0,0,0,0.483295
288,LEO_1,LEO,0.720482,0.946306,0.027835,0.017796,3,0,0,0,0.748383
289,BS_0,BS,0.619015,0.862059,0.379626,0.175495,1,1,1,2,0.489499
289,BS_1,BS,0.529023,0.820528,0.536723,0.345848,1,1,1,3,0.0
289,BS_2,BS,0.633874,0.841733,0.355906,0.392504,1,1,1,1,0.0
289,BS_3,BS,0.669955,0.840721,0.300544,0.200384,1,1,1,3,0.361179
289,BS_4,BS,0.643313,0.826398,0.341125,0.249182,1,1,1,5,0.0
289,HAP_0,HAP,0.707511,0.933985,0.246001,0.060273,1,1,1,0,0.833416
289,HAP_1,HAP,0.753429,0.902062,0.18312,0.134775,1,1,1,0,0.527132
289,HAP_2,HAP,0.710794,0.861588,0.241373,0.168073,1,1,1,3,0.525708
289,LEO_0,LEO,0.879641,0.95527,0.028241,0.01238,1,1,0,0,0.592674
289,LEO_1,LEO,0.770103,0.938056,0.161231,0.025935,1,1,1,0,0.981589
290,BS_0,BS,0.70992,0.865821,0.242602,0.166881,1,1,1,2,0.0
290,BS_1,BS,0.671864,0.824534,0.2977,0.31656,1,1,1,3,0.0
290,BS_2,BS,0.621718,0.84709,0.375268,0.377375,1,1,1,1,0.0
290,BS_3,BS,0.655293,0.838229,0.322673,0.20716,1,1,1,4,0.0
290,BS_4,BS,0.62081,0.823515,0.37673,0.263212,1,1,1,4,0.0
290,HAP_0,HAP,0.750916,0.936806,0.086461,0.051582,2,0,0,0,0.468548
290,HAP_1,HAP,0.802902,0.913885,0.019522,0.107991,2,0,0,0,0.68034
290,HAP_2,HAP,0.742522,0.863581,0.197702,0.152048,1,1,1,3,0.716627
290,LEO_0,LEO,0.722546,0.941688,0.224974,0.03268,1,1,1,0,0.985204
290,LEO_1,LEO,0.763261,0.933955,0.170155,0.033776,1,1,1,0,0.552062
291,BS_0,BS,0.448789,0.845507,0.701203,0.354763,1,1,1,0,0.402877
291,BS_1,BS,0.719159,0.832633,0.229673,0.276985,1,1,1,2,0.0
291,BS_2,BS,0.599424,0.84965,0.411786,0.378206,1,1,1,1,0.0
291,BS_3,BS,0.650248,0.835762,0.330401,0.214852,1,1,1,3,0.0
291,BS_4,BS,0.641942,0.823216,0.343257,0.263591,1,1,1,5,0.0
291,HAP_0,HAP,0.729457,0.933258,0.215455,0.062155,1,1,1,0,0.277557
291,HAP_1,HAP,0.603718,0.89446,0.404648,0.160076,1,1,1,0,1.381395
291,HAP_2,HAP,0.660062,0.861421,0.315421,0.166409,1,1,1,3,0.528796
291,LEO_0,LEO,0.781202,0.942885,0.046921,0.027134,2,0,0,0,0.730614
291,LEO_1,LEO,0.807086,0.93973,0.014325,0.027113,2,0,0,0,0.664911
292,BS_0,BS,0.557431,0.839299,0.484417,0.389407,1,1,1,2,0.0
292,BS_1,BS,0.713014,0.837168,0.238255,0.247133,1,1,1,3,0.794436
292,BS_2,BS,0.451972,0.828995,0.694135,0.519385,1,1,1,2,0.0
292,BS_3,BS,0.539178,0.826495,0.517709,0.292492,1,1,1,2,0.0
292,BS_4,BS,0.645259,0.823287,0.338104,0.262314,1,1,1,5,0.0
292,HAP_0,HAP,0.781072,0.939169,0.047087,0.050722,2,0,0,0,0.495015
292,HAP_1,HAP,0.547734,0.881823,0.501966,0.241447,1,1,1,0,0.144045
292,HAP_2,HAP,0.650832,0.85849,0.329503,0.181984,1,1,1,2,0.33698
292,LEO_0,LEO,0.721218,0.944746,0.026814,0.022031,3,0,0,0,0.802783
292,LEO_1,LEO,0.717471,0.943553,0.032023,0.022152,3,0,0,0,0.624338
293,BS_0,BS,0.698344,0.849293,0.259043,0.341722,1,1,1,1,0.240198
293,BS_1,BS,0.705279,0.839856,0.249161,0.225643,1,1,1,4,0.0
293,BS_2,BS,0.767306,0.845896,0.16487,0.42774,1,1,1,1,0.0
293,BS_3,BS,0.717055,0.83303,0.232603,0.25834,1,1,1,3,0.579848
293,BS_4,BS,0.63586,0.822463,0.352776,0.265854,1,1,1,3,0.0
293,HAP_0,HAP,0.678702,0.940862,0.087573,0.044028,3,0,0,0,0.537108
293,HAP_1,HAP,0.88806,0.899484,0.018715,0.193315,1,1,1,0,0.515776
293,HAP_2,HAP,0.71689,0.86094,0.232833,0.169983,1,1,1,3,0.543785
293,LEO_0,LEO,0.649978,0.946056,0.030816,0.018052,4,0,0,0,0.787739
293,LEO_1,LEO,0.665789,0.947747,0.006782,0.017742,4,0,0,0,0.678301
294,BS_0,BS,0.567423,0.842027,0.466651,0.371371,1,1,1,2,0.0
294,BS_1,BS,0.645353,0.836622,0.337959,0.231911,1,1,1,3,0.377216
294,BS_2,BS,0.671221,0.847735,0.298657,0.38233,1,1,1,1,0.553397
294,BS_3,BS,0.703539,0.836484,0.251631,0.235166,1,1,1,4,0.408492
294,BS_4,BS,0.646967,0.822843,0.33546,0.263324,1,1,1,4,0.0
294,HAP_0,HAP,0.661714,0.947815,0.012921,0.035298,4,0,0,0,0.381954
294,HAP_1,HAP,0.585493,0.882032,0.4353,0.239921,1,1,1,0,1.308354
294,HAP_2,HAP,0.695081,0.862322,0.263727,0.167284,1,1,1,2,0.533224
294,LEO_0,LEO,0.652963,0.933809,0.326234,0.062335,1,1,1,0,0.235332
294,LEO_1,LEO,0.748897,0.942895,0.189154,0.030295,1,1,1,0,0.326888
295,BS_0,BS,0.628948,0.837918,0.363707,0.356624,1,1,1,2,0.644208
295,BS_1,BS,0.727463,0.841209,0.218193,0.206953,1,1,1,3,0.0
295,BS_2,BS,0.586016,0.839339,0.434408,0.390783,1,1,1,2,0.0
295,BS_3,BS,0.580871,0.829133,0.443227,0.276535,1,1,1,3,0.487783
295,BS_4,BS,0.634255,0.821956,0.355304,0.267467,1,1,1,5,0.0
295,HAP_0,HAP,0.849702,0.949631,0.06287,0.030017,1,1,0,0,0.503602
295,HAP_1,HAP,0.766982,0.888056,0.165292,0.204231,1,1,1,0,0.670553
295,HAP_2,HAP,0.663825,0.860124,0.309737,0.176999,1,1,1,3,0.384924
295,LEO_0,LEO,0.760609,0.937085,0.073635,0.052308,2,0,0,0,0.606518
295,LEO_1,LEO,0.789552,0.939574,0.13629,0.032594,1,1,1,0,0.721754
296,BS_0,BS,0.700987,0.840242,0.255265,0.314622,1,1,1,2,0.38702
296,BS_1,BS,0.669707,0.839913,0.300915,0.20631,1,1,1,3,0.772235
296,BS_2,BS,0.807985,0.853172,0.113212,0.318394,1,1,1,2,0.0
296,BS_3,BS,0.756924,0.838819,0.178492,0.235565,1,1,1,3,0.0
296,BS_4,BS,0.627552,0.820609,0.365929,0.274231,1,1,1,4,0.0
296,HAP_0,HAP,0.671683,0.932697,0.297968,0.063967,1,1,1,0,1.019986
296,HAP_1,HAP,0.816112,0.897653,0.103203,0.168178,1,1,1,0,0.633663
296,HAP_2,HAP,0.717835,0.862393,0.231515,0.165719,1,1,1,3,0.433109
296,LEO_0,LEO,0.705271,0.94154,0.049173,0.042934,3,0,0,0,0.50857
296,LEO_1,LEO,0.800801,0.943843,0.022143,0.026296,2,0,0,0,0.646868
297,BS_0,BS,0.765855,0.847232,0.166762,0.264212,1,1,1,3,0.557874
297,BS_1,BS,0.332871,0.80893,1.0,1.074112,1,1,1,0,0.0
297,BS_2,BS,0.734423,0.855716,0.20867,0.27431,1,1,1,2,0.530036
297,BS_3,BS,0.751402,0.845151,0.185814,0.203989,1,1,1,3,0.487971
297,BS_4,BS,0.644171,0.8211,0.339792,0.271341,1,1,1,3,0.0
297,HAP_0,HAP,0.75696,0.934392,0.078445,0.053943,2,0,0,0,0.65414
297,HAP_1,HAP,0.788177,0.905002,0.138033,0.143116,1,1,1,0,0.439857
297,HAP_2,HAP,0.745595,0.865442,0.193573,0.149437,1,1,1,3,0.559709
297,LEO_0,LEO,0.766494,0.936348,0.165929,0.046737,1,1,1,0,0.73666
297,LEO_1,LEO,0.726233,0.948024,0.019884,0.021215,3,0,0,0,0.569985
298,BS_0,BS,0.722163,0.849265,0.225505,0.234253,1,1,1,3,0.692327
298,BS_1,BS,0.443801,0.791801,0.712379,1.087657,1,1,1,3,0.0
298,BS_2,BS,0.446873,0.837072,0.705481,0.443415,1,1,1,1,0.0
298,BS_3,BS,0.731447,0.848406,0.212731,0.183556,1,1,1,3,0.27427
298,BS_4,BS,0.511976,0.812386,0.569477,0.36301,1,1,1,2,0.0
298,HAP_0,HAP,0.717912,0.928864,0.231409,0.067252,1,1,1,0,0.419098
298,HAP_1,HAP,0.80102,0.917764,0.02187,0.114708,2,0,0,0,0.494636
298,HAP_2,HAP,0.757892,0.869799,0.177214,0.133682,1,1,1,3,0.476627
298,LEO_0,LEO,0.754371,0.938963,0.081871,0.040406,2,0,0,0,0.477145
298,LEO_1,LEO,0.623911,0.949035,0.071747,0.019288,4,0,0,0,0.488502
299,BS_0,BS,0.674497,0.846786,0.293788,0.226242,1,1,1,3,0.288888
299,BS_1,BS,0.669758,0.807239,0.300839,0.910853,1,1,1,1,0.0
299,BS_2,BS,0.669802,0.845491,0.300773,0.395441,1,1,1,1,0.0
299,BS_3,BS,0.660922,0.844887,0.31412,0.191247,1,1,1,4,0.0
299,BS_4,BS,0.683502,0.819012,0.280525,0.32582,1,1,1,4,0.0
299,HAP_0,HAP,0.808687,0.936707,0.012343,0.05387,2,0,0,0,0.586381
299,HAP_1,HAP,0.540386,0.890298,0.515472,0.211337,1,1,1,0,1.619519
299,HAP_2,HAP,0.492072,0.851758,0.60913,0.273913,1,1,1,0,0.643604
299,LEO_0,LEO,0.713672,0.943059,0.037332,0.032952,3,0,0,0,0.603803
299,LEO_1,LEO,0.712681,0.94233,0.238721,0.041075,1,1,1,0,0.194875
300,BS_0,BS,0.398795,0.821616,0.819309,0.483064,1,1,1,1,0.0
300,BS_1,BS,0.555365,0.802873,0.488131,0.835904,1,1,1,3,0.0
300,BS_2,BS,0.576445,0.839527,0.450875,0.407832,1,1,1,2,0.0
300,BS_3,BS,0.635975,0.84099,0.352596,0.208943,1,1,1,2,0.0
300,BS_4,BS,0.678117,0.826167,0.288436,0.298094,1,1,1,3,0.0
300,HAP_0,HAP,0.570789,0.909351,0.460736,0.138621,1,1,1,0,1.405134
300,HAP_1,HAP,0.594583,0.881905,0.419895,0.24841,1,1,1,0,0.317892
300,HAP_2,HAP,0.578444,0.849375,0.447414,0.309211,1,1,1,2,0.186586
300,LEO_0,LEO,0.609876,0.943764,0.0945,0.03038,4,0,0,0,0.47991
300,LEO_1,LEO,0.753621,0.944358,0.082866,0.03595,2,0,0,0,0.502384
301,BS_0,BS,0.547783,0.813849,0.501877,0.499797,1,1,1,3,0.0
301,BS_1,BS,0.659138,0.813415,0.316822,0.713893,1,1,1,2,0.0
301,BS_2,BS,0.846085,0.85861,0.067135,0.328294,1,1,1,2,0.0
301,BS_3,BS,0.684781,0.84132,0.278656,0.202096,1,1,1,4,0.0
301,BS_4,BS,0.739593,0.835218,0.201655,0.256774,1,1,1,3,0.0
301,HAP_0,HAP,0.700471,0.904973,0.256002,0.140388,1,1,1,0,0.584207
301,HAP_1,HAP,0.74578,0.890424,0.193325,0.215546,1,1,1,0,0.308989
301,HAP_2,HAP,0.491688,0.833445,0.60991,0.414764,1,1,1,3,0.273434
301,LEO_0,LEO,0.868126,0.946716,0.041419,0.025076,1,1,0,0,0.600876
301,LEO_1,LEO,0.730402,0.936133,0.214161,0.049399,1,1,1,0,0.699583
302,BS_0,BS,0.684596,0.819677,0.278926,0.434848,1,1,1,3,0.0
302,BS_1,BS,0.679234,0.826082,0.28679,0.608126,1,1,1,2,0.0
302,BS_2,BS,0.754396,0.865902,0.181838,0.277514,1,1,1,1,0.420488
302,BS_3,BS,0.633461,0.836712,0.356557,0.218887,1,1,1,4,0.0
302,BS_4,BS,0.621338,0.830898,0.37588,0.268998,1,1,1,5,0.0
302,HAP_0,HAP,0.753934,0.912353,0.082451,0.11537,2,0,0,0,0.656168
302,HAP_1,HAP,0.771906,0.896343,0.158892,0.183798,1,1,1,0,0.720413
302,HAP_2,HAP,0.649256,0.840163,0.331928,0.381391,1,1,1,2,0.279023
302,LEO_0,LEO,0.662598,0.92807,0.311587,0.06375,1,1,1,0,1.180729
302,LEO_1,LEO,0.817189,0.942961,0.001884,0.039521,2,0,0,0,0.566504
303,BS_0,BS,0.666457,0.822462,0.305779,0.389954,1,1,1,4,0.299734
303,BS_1,BS,0.702701,0.834659,0.252824,0.515265,1,1,1,2,0.298281
303,BS_2,BS,0.688687,0.866334,0.272968,0.255542,1,1,1,1,0.614327
303,BS_3,BS,0.648215,0.834368,0.333532,0.225169,1,1,1,4,0.239338
303,BS_4,BS,0.623171,0.827398,0.372934,0.277785,1,1,1,3,0.0
303,HAP_0,HAP,0.784546,0.915547,0.14265,0.101453,1,1,1,0,0.555013
303,HAP_1,HAP,0.792679,0.909632,0.032338,0.147509,2,0,0,0,0.526112
303,HAP_2,HAP,0.597157,0.83763,0.415576,0.382829,1,1,1,2,0.553083
303,LEO_0,LEO,0.709108,0.921814,0.243747,0.077736,1,1,1,0,0.486906
303,LEO_1,LEO,0.70581,0.944877,0.04841,0.032671,3,0,0,0,0.677574
304,BS_0,BS,0.64691,0.82285,0.335549,0.36263,1,1,1,3,0.548376
304,BS_1,BS,0.598427,0.836224,0.413452,0.489136,1,1,1,1,0.294267
304,BS_2,BS,0.560913,0.859369,0.478189,0.307332,1,1,1,1,0.0
304,BS_3,BS,0.625322,0.830327,0.369488,0.24157,1,1,1,2,0.385016
304,BS_4,BS,0.644313,0.826555,0.339571,0.274117,1,1,1,4,0.0
304,HAP_0,HAP,0.767294,0.923314,0.064885,0.083057,2,0,0,0,0.509422
304,HAP_1,HAP,0.713487,0.920028,0.03759,0.118643,3,0,0,0,0.540306
304,HAP_2,HAP,0.625466,0.838569,0.369258,0.367621,1,1,1,2,0.577632
304,LEO_0,LEO,0.764397,0.925553,0.068668,0.06431,2,0,0,0,0.821838
304,LEO_1,LEO,0.669248,0.94992,0.001601,0.026138,4,0,0,0,0.570948
305,BS_0,BS,0.687732,0.826821,0.274356,0.323976,1,1,1,3,0.0
305,BS_1,BS,0.53458,0.836064,0.526273,0.515942,1,1,1,0,0.0
305,BS_2,BS,0.590252,0.855163,0.427206,0.327993,1,1,1,1,0.0
305,BS_3,BS,0.677692,0.831918,0.289063,0.230857,1,1,1,3,0.0
305,BS_4,BS,0.645617,0.825993,0.337549,0.270566,1,1,1,5,0.0
305,HAP_0,HAP,0.711423,0.930626,0.040488,0.067183,3,0,0,0,0.5688
305,HAP_1,HAP,0.613482,0.926048,0.088604,0.098447,4,0,0,0,0.446625
305,HAP_2,HAP,0.586475,0.835704,0.433626,0.378711,1,1,1,3,0.252006
305,LEO_0,LEO,0.729076,0.932496,0.015977,0.051563,3,0,0,0,0.679011
305,LEO_1,LEO,0.879076,0.951909,0.028884,0.021286,1,1,0,0,0.639656
306,BS_0,BS,0.63854,0.825543,0.348571,0.313856,1,1,1,4,0.0
306,BS_1,BS,0.571074,0.839217,0.460236,0.508072,1,1,1,1,0.0
306,BS_2,BS,0.673703,0.86109,0.294966,0.301547,1,1,1,2,0.0
306,BS_3,BS,0.660004,0.831604,0.31551,0.229481,1,1,1,4,0.0
306,BS_4,BS,0.647516,0.825718,0.334611,0.266837,1,1,1,5,0.0
306,HAP_0,HAP,0.791013,0.932247,0.134441,0.06188,1,1,1,0,0.383489
306,HAP_1,HAP,0.765361,0.927319,0.167407,0.091369,1,1,1,0,0.318
306,HAP_2,HAP,0.627768,0.834449,0.365585,0.363113,1,1,1,3,0.594986
306,LEO_0,LEO,0.626573,0.936212,0.06749,0.0433,4,0,0,0,0.542268
306,LEO_1,LEO,0.690843,0.935081,0.269842,0.049796,1,1,1,0,1.124548
307,BS_0,BS,0.616393,0.822403,0.383871,0.317396,1,1,1,2,0.668076
307,BS_1,BS,0.385634,0.81026,0.852866,0.733779,1,1,1,2,0.22657
307,BS_2,BS,0.510818,0.843916,0.571742,0.388337,1,1,1,2,0.0
307,BS_3,BS,0.56584,0.824741,0.469443,0.282755,1,1,1,3,0.218948
307,BS_4,BS,0.644808,0.825247,0.338802,0.265124,1,1,1,4,0.0
307,HAP_0,HAP,0.742209,0.926348,0.198124,0.067168,1,1,1,0,0.84062
307,HAP_1,HAP,0.696316,0.918231,0.261952,0.103974,1,1,1,0,0.901488
307,HAP_2,HAP,0.664448,0.840306,0.308799,0.333401,1,1,1,3,0.285668
307,LEO_0,LEO,0.8972,0.941586,0.008477,0.034673,1,1,0,0,0.716006
307,LEO_1,LEO,0.805256,0.933373,0.116596,0.045954,1,1,1,0,0.705716
308,BS_0,BS,0.664689,0.825599,0.308436,0.296726,1,1,1,4,0.0
308,BS_1,BS,0.660963,0.823858,0.314058,0.631408,1,1,1,2,0.0
308,BS_2,BS,0.588842,0.84425,0.429597,0.393719,1,1,1,1,0.0
308,BS_3,BS,0.709712,0.830744,0.242896,0.252753,1,1,1,4,0.0
308,BS_4,BS,0.640226,0.824441,0.345934,0.265951,1,1,1,5,0.0
308,HAP_0,HAP,0.795358,0.931938,0.028963,0.054112,2,0,0,0,0.736249
308,HAP_1,HAP,0.789587,0.925832,0.036245,0.08377,2,0,0,0,0.624509
308,HAP_2,HAP,0.581347,0.831955,0.442407,0.354796,1,1,1,3,0.735227
308,LEO_0,LEO,0.811942,0.946044,0.008327,0.027769,2,0,0,0,0.668727
308,LEO_1,LEO,0.777337,0.931817,0.151881,0.047144,1,1,1,0,0.528623
309,BS_0,BS,0.698813,0.831634,0.258371,0.267421,1,1,1,3,0.0
309,BS_1,BS,0.659374,0.834106,0.316465,0.550194,1,1,1,1,0.0
309,BS_2,BS,0.546443,0.834612,0.504325,0.42943,1,1,1,2,0.0
309,BS_3,BS,0.697199,0.834059,0.260685,0.232783,1,1,1,4,0.0
309,BS_4,BS,0.370514,0.799084,0.892865,0.571504,1,1,1,1,0.0
309,HAP_0,HAP,0.730924,0.928977,0.213446,0.063791,1,1,1,0,0.28573
309,HAP_1,HAP,0.799329,0.927966,0.123982,0.073933,1,1,1,0,0.493241
309,HAP_2,HAP,0.585546,0.831426,0.43521,0.369071,1,1,1,2,0.337711
309,LEO_0,LEO,0.655185,0.925773,0.322838,0.069116,1,1,1,0,1.29342
309,LEO_1,LEO,0.743847,0.934913,0.09592,0.041855,2,0,0,0,0.45394
310,BS_0,BS,0.718528,0.837656,0.230551,0.237856,1,1,1,3,0.0
310,BS_1,BS,0.508059,0.821369,0.577157,0.590054,1,1,1,2,0.0
310,BS_2,BS,0.825093,0.853467,0.092259,0.347374,1,1,1,2,0.0
310,BS_3,BS,0.653041,0.834022,0.326115,0.234084,1,1,1,2,0.0
310,BS_4,BS,0.560623,0.797165,0.478706,0.560325,1,1,1,5,0.0
310,HAP_0,HAP,0.746468,0.931845,0.092403,0.054875,2,0,0,0,0.629931
310,HAP_1,HAP,0.804373,0.935943,0.017693,0.059288,2,0,0,0,0.539462
310,HAP_2,HAP,0.621166,0.831796,0.376157,0.358929,1,1,1,3,0.519613
310,LEO_0,LEO,0.682551,0.917208,0.281919,0.091058,1,1,1,0,0.519572
310,LEO_1,LEO,0.694237,0.938784,0.064942,0.035382,3,0,0,0,0.536602
311,BS_0,BS,0.689282,0.839035,0.272104,0.223603,1,1,1,4,0.62811
311,BS_1,BS,0.355087,0.798715,0.935392,0.865775,1,1,1,0,0.0
311,BS_2,BS,0.554941,0.839703,0.488893,0.385457,1,1,1,3,0.76945
311,BS_3,BS,0.699217,0.83753,0.257795,0.217174,1,1,1,3,0.0
311,BS_4,BS,0.747299,0.812758,0.19129,0.464727,1,1,1,3,0.0
311,HAP_0,HAP,0.774522,0.929406,0.155509,0.054783,1,1,1,0,0.697595
311,HAP_1,HAP,0.720192,0.926003,0.228238,0.070872,1,1,1,0,0.997917
311,HAP_2,HAP,0.656936,0.833899,0.320169,0.333272,1,1,1,3,0.651899
311,LEO_0,LEO,0.741387,0.91746,0.199232,0.090709,1,1,1,0,0.381663
311,LEO_1,LEO,0.761401,0.937037,0.172595,0.041711,1,1,1,0,0.323137
312,BS_0,BS,0.60021,0.834711,0.410476,0.254703,1,1,1,3,0.0
312,BS_1,BS,0.660692,0.815488,0.314467,0.73712,1,1,1,1,0.0
312,BS_2,BS,0.69576,0.84125,0.26275,0.339432,1,1,1,3,0.0
312,BS_3,BS,0.672511,0.837376,0.296737,0.213363,1,1,1,4,0.0
312,BS_4,BS,0.700159,0.82012,0.256448,0.401376,1,1,1,3,0.479796
312,HAP_0,HAP,0.783479,0.926451,0.144011,0.053159,1,1,1,0,0.885635
312,HAP_1,HAP,0.720924,0.922205,0.227222,0.079931,1,1,1,0,0.394063
312,HAP_2,HAP,0.621006,0.830069,0.376414,0.330377,1,1,1,3,0.655067
312,LEO_0,LEO,0.783537,0.925723,0.043937,0.073436,2,0,0,0,0.592325
312,LEO_1,LEO,0.805892,0.936791,0.115805,0.039403,1,1,1,0,0.645365
313,BS_0,BS,0.750962,0.843343,0.1864,0.219398,1,1,1,3,0.0
313,BS_1,BS,0.481225,0.804495,0.631421,0.769108,1,1,1,2,0.0
313,BS_2,BS,0.665738,0.839892,0.30686,0.313919,1,1,1,3,0.0
313,BS_3,BS,0.494622,0.824321,0.603961,0.334836,1,1,1,2,0.0
313,BS_4,BS,0.732635,0.82849,0.211108,0.341156,1,1,1,3,0.520509
313,HAP_0,HAP,0.772877,0.926066,0.157636,0.053709,1,1,1,0,0.493723
313,HAP_1,HAP,0.754425,0.928438,0.0818,0.066956,2,0,0,0,0.428223
313,HAP_2,HAP,0.809433,0.844023,0.111421,0.269888,1,1,1,3,0.510067
313,LEO_0,LEO,0.694465,0.930782,0.064614,0.060627,3,0,0,0,0.599676
313,LEO_1,LEO,0.654188,0.919563,0.324361,0.078867,1,1,1,0,1.153743
314,BS_0,BS,0.702437,0.844834,0.253199,0.204368,1,1,1,3,0.0
314,BS_1,BS,0.790473,0.827547,0.135124,0.623503,1,1,1,1,0.0
314,BS_2,BS,0.664408,0.83859,0.308859,0.294062,1,1,1,3,0.0
314,BS_3,BS,0.772953,0.837945,0.157537,0.279037,1,1,1,3,0.0
314,BS_4,BS,0.61873,0.828438,0.380086,0.337934,1,1,1,3,0.0
314,HAP_0,HAP,0.753251,0.928492,0.083357,0.046094,2,0,0,0,0.779044
314,HAP_1,HAP,0.712453,0.926348,0.239041,0.079278,1,1,1,0,0.147028
314,HAP_2,HAP,0.683291,0.843699,0.280835,0.251401,1,1,1,2,1.894338
314,LEO_0,LEO,0.663923,0.938957,0.00959,0.048543,4,0,0,0,0.488751
314,LEO_1,LEO,0.661769,0.912138,0.312839,0.107135,1,1,1,0,0.332584
315,BS_0,BS,0.669457,0.84286,0.301288,0.204343,1,1,1,4,0.750733
315,BS_1,BS,0.615452,0.825325,0.385398,0.565641,1,1,1,2,0.742542
315,BS_2,BS,0.423649,0.817725,0.758851,0.494385,1,1,1,2,0.0
315,BS_3,BS,0.683652,0.839126,0.280307,0.258587,1,1,1,3,0.399603
315,BS_4,BS,0.785086,0.841597,0.141961,0.279416,1,1,1,3,0.0
315,HAP_0,HAP,0.680297,0.932849,0.085225,0.040144,3,0,0,0,0.419872
315,HAP_1,HAP,0.728326,0.922026,0.217006,0.084613,1,1,1,0,0.70252
315,HAP_2,HAP,0.598413,0.839957,0.413474,0.278053,1,1,1,3,0.378712
315,LEO_0,LEO,0.885387,0.944585,0.02173,0.039047,1,1,0,0,0.532149
315,LEO_1,LEO,0.797593,0.918353,0.126157,0.09287,1,1,1,0,0.354997
316,BS_0,BS,0.639429,0.840057,0.34718,0.217715,1,1,1,3,0.0
316,BS_1,BS,0.598115,0.828415,0.413973,0.529631,1,1,1,1,0.0
316,BS_2,BS,0.752068,0.832486,0.184928,0.410897,1,1,1,3,0.0
316,BS_3,BS,0.687577,0.84164,0.274581,0.240797,1,1,1,4,0.0
316,BS_4,BS,0.703633,0.84366,0.251499,0.251996,1,1,1,3,0.410591
316,HAP_0,HAP,0.624368,0.936974,0.071015,0.034384,4,0,0,0,0.509733
316,HAP_1,HAP,0.81603,0.927591,0.103305,0.072493,1,1,1,0,0.328142
316,HAP_2,HAP,0.653095,0.842233,0.326033,0.270277,1,1,1,2,0.59875
316,LEO_0,LEO,0.621651,0.922304,0.375377,0.094646,1,1,1,0,1.223279
316,LEO_1,LEO,0.807759,0.929503,0.013492,0.074378,2,0,0,0,0.451449
317,BS_0,BS,0.68854,0.840974,0.273181,0.207754,1,1,1,4,0.0
317,BS_1,BS,0.688446,0.840217,0.273318,0.457321,1,1,1,1,0.0
317,BS_2,BS,0.706847,0.840875,0.246942,0.356159,1,1,1,1,0.406341
317,BS_3,BS,0.699489,0.843325,0.257405,0.222454,1,1,1,3,0.0
317,BS_4,BS,0.681138,0.842983,0.283991,0.23789,1,1,1,4,1.076617
317,HAP_0,HAP,0.685232,0.93096,0.277998,0.062285,1,1,1,0,0.116313
317,HAP_1,HAP,0.733432,0.92218,0.210021,0.077843,1,1,1,0,0.815684
317,HAP_2,HAP,0.571752,0.840053,0.45905,0.311048,1,1,1,2,0.0
317,LEO_0,LEO,0.628559,0.911734,0.364326,0.135447,1,1,1,0,0.260264
317,LEO_1,LEO,0.687533,0.918837,0.274645,0.093446,1,1,1,0,0.92659
318,BS_0,BS,0.618501,0.835016,0.380456,0.231339,1,1,1,3,0.726151
318,BS_1,BS,0.664463,0.848907,0.308776,0.408761,1,1,1,1,0.0
318,BS_2,BS,0.737613,0.851269,0.204336,0.303716,1,1,1,2,0.312829
318,BS_3,BS,0.67649,0.842391,0.290838,0.216027,1,1,1,3,0.0
318,BS_4,BS,0.636516,0.840134,0.351747,0.245988,1,1,1,3,0.0
318,HAP_0,HAP,0.75067,0.935486,0.08679,0.053217,2,0,0,0,0.460911
318,HAP_1,HAP,0.778665,0.919819,0.150174,0.072423,1,1,1,0,0.931997
318,HAP_2,HAP,0.628558,0.841476,0.364327,0.308569,1,1,1,1,0.573062
318,LEO_0,LEO,0.795215,0.921858,0.029143,0.10874,2,0,0,0,0.616305
318,LEO_1,LEO,0.761903,0.92437,0.071936,0.077085,2,0,0,0,0.590785
319,BS_0,BS,0.582509,0.831911,0.440411,0.272354,1,1,1,3,0.0
319,BS_1,BS,0.526214,0.83712,0.542047,0.459226,1,1,1,2,0.0
319,BS_2,BS,0.494895,0.830977,0.603409,0.406819,1,1,1,3,0.601565
319,BS_3,BS,0.597006,0.837094,0.415829,0.250633,1,1,1,3,0.0
319,BS_4,BS,0.66102,0.838639,0.313971,0.241151,1,1,1,4,0.0
319,HAP_0,HAP,0.778782,0.934364,0.150024,0.052702,1,1,1,0,0.526079
319,HAP_1,HAP,0.659519,0.91316,0.316244,0.102943,1,1,1,0,0.242161
319,HAP_2,HAP,0.499762,0.823877,0.593622,0.40543,1,1,1,3,0.57953
319,LEO_0,LEO,0.695495,0.929302,0.063131,0.088785,3,0,0,0,0.405038
319,LEO_1,LEO,0.727375,0.922209,0.218312,0.083115,1,1,1,0,0.363904
320,BS_0,BS,0.828073,0.849859,0.088654,0.22142,1,1,1,2,0.0
320,BS_1,BS,0.805618,0.854815,0.116146,0.373451,1,1,1,2,0.0
320,BS_2,BS,0.773848,0.843772,0.156379,0.33646,1,1,1,3,0.0
320,BS_3,BS,0.705841,0.8404,0.248365,0.228264,1,1,1,3,0.0
320,BS_4,BS,0.628526,0.836178,0.364379,0.252668,1,1,1,3,0.0
320,HAP_0,HAP,0.77621,0.931417,0.153332,0.052741,1,1,1,0,0.733605
320,HAP_1,HAP,0.788042,0.92414,0.038203,0.083011,2,0,0,0,0.418976
320,HAP_2,HAP,0.716973,0.831446,0.232717,0.348714,1,1,1,3,0.455981
320,LEO_0,LEO,0.816658,0.930408,0.102535,0.075759,1,1,1,0,0.750265
320,LEO_1,LEO,0.692259,0.91284,0.267795,0.098764,1,1,1,0,1.002779
321,BS_0,BS,0.691767,0.849707,0.268506,0.209579,1,1,1,4,0.615246
321,BS_1,BS,0.60174,0.845794,0.407931,0.373644,1,1,1,2,0.781382
321,BS_2,BS,0.688445,0.844293,0.273319,0.302784,1,1,1,3,0.0
321,BS_3,BS,0.505961,0.825204,0.581296,0.334669,1,1,1,1,0.67294
321,BS_4,BS,0.701228,0.839073,0.254922,0.231378,1,1,1,4,0.0
321,HAP_0,HAP,0.770245,0.931473,0.161047,0.053864,1,1,1,0,0.327894
321,HAP_1,HAP,0.723464,0.933577,0.023705,0.066662,3,0,0,0,0.436769
321,HAP_2,HAP,0.808656,0.845128,0.112381,0.284655,1,1,1,3,0.580985
321,LEO_0,LEO,0.794701,0.935518,0.02979,0.061007,2,0,0,0,0.705545
321,LEO_1,LEO,0.713681,0.911536,0.237319,0.104355,1,1,1,0,0.340586
322,BS_0,BS,0.729509,0.852028,0.215384,0.188539,1,1,1,3,0.253715
322,BS_1,BS,0.791612,0.856919,0.133684,0.306957,1,1,1,2,0.0
322,BS_2,BS,0.685406,0.843905,0.277744,0.276941,1,1,1,3,0.0
322,BS_3,BS,0.717228,0.836244,0.232361,0.292031,1,1,1,2,0.0
322,BS_4,BS,0.674553,0.838722,0.293705,0.22392,1,1,1,4,0.253343
322,HAP_0,HAP,0.748493,0.93397,0.089694,0.046712,2,0,0,0,0.628356
322,HAP_1,HAP,0.651025,0.940878,0.029207,0.053713,4,0,0,0,0.421014
322,HAP_2,HAP,0.751942,0.85034,0.185096,0.243141,1,1,1,4,0.987538
322,LEO_0,LEO,0.689927,0.936503,0.071169,0.051085,3,0,0,0,0.77965
322,LEO_1,LEO,0.796878,0.922803,0.027053,0.083813,2,0,0,0,0.487935
323,BS_0,BS,0.695541,0.850876,0.263066,0.181973,1,1,1,3,0.647219
323,BS_1,BS,0.729392,0.858263,0.215544,0.266473,1,1,1,2,0.701891
323,BS_2,BS,0.662817,0.841475,0.311257,0.265149,1,1,1,3,0.0
323,BS_3,BS,0.609422,0.831285,0.395245,0.303923,1,1,1,3,0.544558
323,BS_4,BS,0.653598,0.836479,0.325263,0.226744,1,1,1,4,0.0
323,HAP_0,HAP,0.797164,0.933193,0.126695,0.044593,1,1,1,0,0.652018
323,HAP_1,HAP,0.897511,0.947668,0.00813,0.043,1,1,0,0,0.462599
323,HAP_2,HAP,0.810026,0.859256,0.110689,0.200026,1,1,1,4,0.66609
323,LEO_0,LEO,0.640817,0.939253,0.045011,0.041779,4,0,0,0,0.715087
323,LEO_1,LEO,0.704102,0.929221,0.050832,0.068213,3,0,0,0,0.626316
324,BS_0,BS,0.735712,0.853293,0.206916,0.164845,1,1,1,4,0.470079
324,BS_1,BS,0.740358,0.859706,0.200622,0.23129,1,1,1,2,0.658376
324,BS_2,BS,0.564608,0.833542,0.471623,0.312212,1,1,1,2,0.0
324,BS_3,BS,0.565549,0.828484,0.469959,0.342526,1,1,1,1,0.0
324,BS_4,BS,0.649405,0.834421,0.331698,0.230906,1,1,1,4,0.0
324,HAP_0,HAP,0.79367,0.939154,0.031087,0.036109,2,0,0,0,0.532344
324,HAP_1,HAP,0.746863,0.939172,0.191874,0.050967,1,1,1,0,0.817507
324,HAP_2,HAP,0.771804,0.862988,0.159025,0.171401,1,1,1,3,1.045127
324,LEO_0,LEO,0.7302,0.935179,0.214437,0.054116,1,1,1,0,0.238431
324,LEO_1,LEO,0.631126,0.93365,0.06025,0.056204,4,0,0,0,0.614767
325,BS_0,BS,0.689937,0.851367,0.271155,0.164962,1,1,1,4,0.324526
325,BS_1,BS,0.758127,0.862177,0.176905,0.199115,1,1,1,3,0.693481
325,BS_2,BS,0.721292,0.839321,0.226712,0.272899,1,1,1,2,0.0
325,BS_3,BS,0.640782,0.828414,0.345066,0.327603,1,1,1,2,0.655725
325,BS_4,BS,0.640338,0.831819,0.345759,0.238522,1,1,1,3,0.0
325,HAP_0,HAP,0.767062,0.937889,0.165188,0.041166,1,1,1,0,0.302065
325,HAP_1,HAP,0.798854,0.938858,0.124578,0.047758,1,1,1,0,0.439409
325,HAP_2,HAP,0.676232,0.860748,0.291219,0.175285,1,1,1,3,0.673749
325,LEO_0,LEO,0.74408,0.929472,0.195606,0.060511,1,1,1,0,0.7829
325,LEO_1,LEO,0.846231,0.936689,0.066963,0.046981,1,1,0,0,0.623823
326,BS_0,BS,0.660945,0.847249,0.314085,0.176362,1,1,1,4,0.0
326,BS_1,BS,0.719949,0.861032,0.228575,0.182803,1,1,1,3,0.0
326,BS_2,BS,0.698039,0.841316,0.259481,0.248618,1,1,1,2,0.0
326,BS_3,BS,0.657882,0.834613,0.318729,0.307797,1,1,1,2,0.0
326,BS_4,BS,0.560879,0.82538,0.478251,0.293743,1,1,1,2,0.0
326,HAP_0,HAP,0.762951,0.941,0.070562,0.035174,2,0,0,0,0.546601
326,HAP_1,HAP,0.811158,0.940789,0.109293,0.043581,1,1,1,0,0.342308
326,HAP_2,HAP,0.651336,0.855679,0.32873,0.188856,1,1,1,4,0.290186
326,LEO_0,LEO,0.738031,0.92806,0.203769,0.067093,1,1,1,0,0.238045
326,LEO_1,LEO,0.558763,0.907187,0.48203,0.142144,1,1,1,0,1.808435
327,BS_0,BS,0.582765,0.836401,0.439972,0.228198,1,1,1,3,0.792953
327,BS_1,BS,0.547417,0.846877,0.502545,0.25989,1,1,1,1,0.319749
327,BS_2,BS,0.660803,0.840807,0.3143,0.243347,1,1,1,3,0.0
327,BS_3,BS,0.84552,0.853887,0.067804,0.248306,1,1,1,2,0.0
327,BS_4,BS,0.704315,0.830997,0.25053,0.263239,1,1,1,3,0.0
327,HAP_0,HAP,0.780164,0.937662,0.148251,0.038029,1,1,1,0,0.653419
327,HAP_1,HAP,0.66088,0.925,0.314183,0.079285,1,1,1,0,1.004028
327,HAP_2,HAP,0.699302,0.854444,0.257673,0.180963,1,1,1,4,0.483238
327,LEO_0,LEO,0.775462,0.926973,0.154296,0.064388,1,1,1,0,0.694848
327,LEO_1,LEO,0.659596,0.899727,0.316128,0.158687,1,1,1,0,0.55076
328,BS_0,BS,0.73775,0.841871,0.204151,0.201314,1,1,1,4,0.0
328,BS_1,BS,0.678829,0.845899,0.287386,0.245078,1,1,1,3,0.0
328,BS_2,BS,0.697349,0.843124,0.26047,0.225208,1,1,1,3,0.0
328,BS_3,BS,0.655836,0.849852,0.321844,0.245258,1,1,1,3,3.705089
328,BS_4,BS,0.685177,0.833257,0.278078,0.245389,1,1,1,3,0.0
328,HAP_0,HAP,0.755506,0.940715,0.080368,0.03333,2,0,0,0,0.418002
328,HAP_1,HAP,0.655175,0.917634,0.322853,0.110333,1,1,1,0,0.154845
328,HAP_2,HAP,0.577316,0.846972,0.449365,0.235639,1,1,1,2,0.244262
328,LEO_0,LEO,0.812961,0.927794,0.107072,0.056669,1,1,1,0,0.764603
328,LEO_1,LEO,0.650656,0.896939,0.329774,0.175887,1,1,1,0,0.205683
329,BS_0,BS,0.69785,0.842912,0.259752,0.191413,1,1,1,4,0.785709
329,BS_1,BS,0.538771,0.837032,0.518466,0.317025,1,1,1,2,0.0
329,BS_2,BS,0.60219,0.839348,0.407183,0.254775,1,1,1,2,0.0
329,BS_3,BS,0.775444,0.8587,0.154319,0.206923,1,1,1,3,0.0
329,BS_4,BS,0.590563,0.829389,0.426679,0.278236,1,1,1,2,0.0
329,HAP_0,HAP,0.746738,0.932371,0.192041,0.04326,1,1,1,0,0.970025
329,HAP_1,HAP,0.763591,0.922507,0.169724,0.101229,1,1,1,0,0.102317
329,HAP_2,HAP,0.555032,0.84209,0.488729,0.295996,1,1,1,1,0.384751
329,LEO_0,LEO,0.687989,0.914648,0.273982,0.079115,1,1,1,0,1.209587
329,LEO_1,LEO,0.803183,0.912643,0.019173,0.140875,2,0,0,0,0.393354
330,BS_0,BS,0.663848,0.840748,0.309702,0.196292,1,1,1,3,0.0
330,BS_1,BS,0.816133,0.853845,0.103179,0.258411,1,1,1,3,0.0
330,BS_2,BS,0.581346,0.838087,0.442409,0.291897,1,1,1,2,0.0
330,BS_3,BS,0.797101,0.86877,0.126774,0.17277,1,1,1,2,0.0
330,BS_4,BS,0.706578,0.834348,0.247322,0.250114,1,1,1,3,0.0
330,HAP_0,HAP,0.763639,0.930159,0.169661,0.047561,1,1,1,0,0.477743
330,HAP_1,HAP,0.754675,0.929969,0.081468,0.08397,2,0,0,0,0.358148
330,HAP_2,HAP,0.588857,0.840766,0.429572,0.319836,1,1,1,3,0.211142
330,LEO_0,LEO,0.578849,0.901289,0.446714,0.153091,1,1,1,0,0.174542
330,LEO_1,LEO,0.633394,0.899319,0.356663,0.169944,1,1,1,0,1.080504
331,BS_0,BS,0.652873,0.838016,0.326373,0.204968,1,1,1,4,0.237307
331,BS_1,BS,0.649821,0.849294,0.331058,0.256049,1,1,1,2,1.619143
331,BS_2,BS,0.532125,0.825483,0.530877,0.360341,1,1,1,2,0.0
331,BS_3,BS,0.653096,0.861338,0.326032,0.18605,1,1,1,3,0.0
331,BS_4,BS,0.414629,0.814516,0.780371,0.474132,1,1,1,1,0.0
331,HAP_0,HAP,0.747377,0.933957,0.091186,0.04179,2,0,0,0,0.448417
331,HAP_1,HAP,0.783569,0.931256,0.143897,0.076494,1,1,1,0,0.431922
331,HAP_2,HAP,0.605284,0.839257,0.402057,0.328612,1,1,1,3,0.362508
331,LEO_0,LEO,0.80904,0.915529,0.011907,0.122537,2,0,0,0,0.5078
331,LEO_1,LEO,0.760712,0.903322,0.173501,0.149501,1,1,1,0,0.480503
332,BS_0,BS,0.63723,0.834375,0.350624,0.219296,1,1,1,3,0.0
332,BS_1,BS,0.632134,0.844078,0.358653,0.262723,1,1,1,3,0.0
332,BS_2,BS,0.683839,0.834012,0.280033,0.323561,1,1,1,3,0.0
332,BS_3,BS,0.691765,0.858136,0.268509,0.181284,1,1,1,3,0.0
332,BS_4,BS,0.524553,0.805672,0.545209,0.51307,1,1,1,3,0.0
332,HAP_0,HAP,0.675105,0.936919,0.092887,0.037315,3,0,0,0,0.466697
332,HAP_1,HAP,0.806077,0.932683,0.115576,0.067206,1,1,1,0,0.571255
332,HAP_2,HAP,0.66305,0.842855,0.310904,0.306387,1,1,1,3,0.333542
332,LEO_0,LEO,0.67296,0.905252,0.29607,0.137475,1,1,1,0,1.056219
332,LEO_1,LEO,0.799081,0.915321,0.024293,0.119867,2,0,0,0,0.591829
333,BS_0,BS,0.648539,0.832518,0.333034,0.225347,1,1,1,3,0.0
333,BS_1,BS,0.78447,0.854009,0.142747,0.219348,1,1,1,2,0.0
333,BS_2,BS,0.809502,0.849445,0.111336,0.264427,1,1,1,3,0.0
333,BS_3,BS,0.477926,0.83963,0.6383,0.328369,1,1,1,2,0.0
333,BS_4,BS,0.667256,0.811617,0.304581,0.452202,1,1,1,3,0.0
333,HAP_0,HAP,0.816039,0.938821,0.103294,0.034653,1,1,1,0,0.447824
333,HAP_1,HAP,0.597039,0.909923,0.415774,0.131555,1,1,1,0,1.274941
333,HAP_2,HAP,0.673132,0.844406,0.295815,0.284487,1,1,1,3,0.566316
333,LEO_0,LEO,0.686768,0.903273,0.275758,0.144199,1,1,1,0,0.312654
333,LEO_1,LEO,0.696369,0.906372,0.261876,0.126754,1,1,1,0,1.124492
334,BS_0,BS,0.643321,0.830548,0.341111,0.232638,1,1,1,4,0.0
334,BS_1,BS,0.541902,0.84322,0.512669,0.293752,1,1,1,1,0.400536
334,BS_2,BS,0.712105,0.850967,0.23953,0.23736,1,1,1,2,1.06254
334,BS_3,BS,0.680538,0.847456,0.284872,0.299214,1,1,1,2,0.0
334,BS_4,BS,0.679711,0.817199,0.286088,0.398592,1,1,1,3,0.0
334,HAP_0,HAP,0.528126,0.905848,0.538421,0.158176,1,1,1,0,1.611606
334,HAP_1,HAP,0.58399,0.898205,0.437871,0.191523,1,1,1,0,0.150771
334,HAP_2,HAP,0.689615,0.845705,0.271622,0.26079,1,1,1,3,0.49496
334,LEO_0,LEO,0.795746,0.916127,0.028476,0.115724,2,0,0,0,0.488286
334,LEO_1,LEO,0.672141,0.902334,0.297287,0.141174,1,1,1,0,0.361562
335,BS_0,BS,0.647587,0.829368,0.334503,0.236462,1,1,1,4,0.0
335,BS_1,BS,0.679076,0.850505,0.287023,0.272074,1,1,1,2,0.0
335,BS_2,BS,0.516431,0.839174,0.560813,0.331418,1,1,1,1,0.394484
335,BS_3,BS,0.545999,0.834894,0.505139,0.354195,1,1,1,2,0.0
335,BS_4,BS,0.653772,0.819274,0.324997,0.366404,1,1,1,3,0.0
335,HAP_0,HAP,0.754546,0.905216,0.181639,0.141388,1,1,1,0,0.747865
335,HAP_1,HAP,0.898332,0.913464,0.007215,0.153242,1,1,1,0,0.496829
335,HAP_2,HAP,0.652084,0.846964,0.327582,0.256922,1,1,1,2,0.492614
335,LEO_0,LEO,0.802334,0.918675,0.12023,0.099084,1,1,1,0,0.757106
335,LEO_1,LEO,0.788075,0.914331,0.038162,0.113594,2,0,0,0,0.532615
336,BS_0,BS,0.647837,0.828447,0.334116,0.239404,1,1,1,4,0.0
336,BS_1,BS,0.473124,0.82813,0.648397,0.406847,1,1,1,3,0.0
336,BS_2,BS,0.556138,0.831327,0.486738,0.371746,1,1,1,3,0.0
336,BS_3,BS,0.763446,0.847141,0.169913,0.296348,1,1,1,2,0.0
336,BS_4,BS,0.648847,0.820986,0.332559,0.342891,1,1,1,3,0.0
336,HAP_0,HAP,0.755814,0.906966,0.17996,0.127684,1,1,1,0,0.58705
336,HAP_1,HAP,0.764388,0.913431,0.16868,0.135397,1,1,1,0,0.785675
336,HAP_2,HAP,0.638399,0.848034,0.348792,0.260282,1,1,1,1,0.509517
336,LEO_0,LEO,0.811874,0.927656,0.00841,0.079299,2,0,0,0,0.672024
336,LEO_1,LEO,0.792614,0.919687,0.132419,0.098766,1,1,1,0,0.347897
337,BS_0,BS,0.551127,0.821532,0.49579,0.302137,1,1,1,2,0.0
337,BS_1,BS,0.679874,0.830679,0.285848,0.362247,1,1,1,3,0.0
337,BS_2,BS,0.628021,0.829561,0.365181,0.357407,1,1,1,3,0.0
337,BS_3,BS,0.651105,0.843852,0.329084,0.285812,1,1,1,3,0.0
337,BS_4,BS,0.585373,0.819371,0.435506,0.359663,1,1,1,3,0.0
337,HAP_0,HAP,0.778708,0.911869,0.150119,0.112288,1,1,1,0,0.426924
337,HAP_1,HAP,0.739175,0.914932,0.202221,0.12672,1,1,1,0,0.27946
337,HAP_2,HAP,0.507258,0.832094,0.578735,0.358946,1,1,1,4,0.178108
337,LEO_0,LEO,0.616671,0.906716,0.38342,0.129594,1,1,1,0,1.381031
337,LEO_1,LEO,0.801445,0.92242,0.121339,0.085638,1,1,1,0,0.66041
338,BS_0,BS,0.42463,0.8075,0.756537,0.499266,1,1,1,1,0.0
338,BS_1,BS,0.631612,0.831306,0.359481,0.347949,1,1,1,3,0.0
338,BS_2,BS,0.560614,0.826807,0.478723,0.389055,1,1,1,1,0.0
338,BS_3,BS,0.476284,0.829095,0.64174,0.413973,1,1,1,1,0.0
338,BS_4,BS,0.752121,0.831063,0.184858,0.303108,1,1,1,2,0.0
338,HAP_0,HAP,0.759379,0.911203,0.175255,0.103652,1,1,1,0,0.854619
338,HAP_1,HAP,0.795466,0.917998,0.128827,0.108844,1,1,1,0,0.685326
338,HAP_2,HAP,0.786162,0.84557,0.140593,0.296052,1,1,1,3,0.44908
338,LEO_0,LEO,0.680024,0.901266,0.285627,0.140388,1,1,1,0,0.561069
338,LEO_1,LEO,0.683091,0.911165,0.281128,0.104075,1,1,1,0,1.086589
339,BS_0,BS,0.443031,0.790286,0.714115,0.628895,1,1,1,3,0.0
339,BS_1,BS,0.73201,0.841813,0.211962,0.298577,1,1,1,3,0.0
339,BS_2,BS,0.721503,0.841068,0.226419,0.334314,1,1,1,1,0.0
339,BS_3,BS,0.72842,0.843588,0.216878,0.352345,1,1,1,1,0.0
339,BS_4,BS,0.712551,0.837172,0.238903,0.26817,1,1,1,3,0.254685
339,HAP_0,HAP,0.803704,0.916378,0.118524,0.089243,1,1,1,0,0.489686
339,HAP_1,HAP,0.790779,0.927003,0.034736,0.087618,2,0,0,0,0.508409
339,HAP_2,HAP,0.721793,0.852888,0.226017,0.259829,1,1,1,2,0.404579
339,LEO_0,LEO,0.696678,0.901422,0.261431,0.143066,1,1,1,0,0.313862
339,LEO_1,LEO,0.727367,0.910048,0.218324,0.10471,1,1,1,0,0.475487
340,BS_0,BS,0.650297,0.797836,0.330326,0.552218,1,1,1,4,0.0
340,BS_1,BS,0.800786,0.856365,0.122161,0.245577,1,1,1,2,0.0
340,BS_2,BS,0.490512,0.822757,0.612307,0.436165,1,1,1,3,0.0
340,BS_3,BS,0.606244,0.840063,0.400473,0.354046,1,1,1,2,0.0
340,BS_4,BS,0.746475,0.846986,0.192393,0.231193,1,1,1,2,0.0
340,HAP_0,HAP,0.794202,0.924993,0.030418,0.071811,2,0,0,0,0.648757
340,HAP_1,HAP,0.698613,0.933131,0.058659,0.071643,3,0,0,0,0.486243
340,HAP_2,HAP,0.651341,0.849436,0.328722,0.256489,1,1,1,3,0.553331
340,LEO_0,LEO,0.809799,0.911455,0.110969,0.119994,1,1,1,0,0.280446
340,LEO_1,LEO,0.801484,0.920641,0.02129,0.083972,2,0,0,0,0.620396
341,BS_0,BS,0.684738,0.806631,0.278719,0.476732,1,1,1,4,0.0
341,BS_1,BS,0.664095,0.852581,0.309331,0.23952,1,1,1,2,0.475488
341,BS_2,BS,0.68304,0.826662,0.281201,0.384515,1,1,1,3,0.0
341,BS_3,BS,0.691132,0.848704,0.269425,0.315902,1,1,1,1,0.0
341,BS_4,BS,0.745735,0.852767,0.193385,0.201783,1,1,1,2,0.545753
341,HAP_0,HAP,0.706871,0.930648,0.046907,0.058439,3,0,0,0,0.659378
341,HAP_1,HAP,0.784284,0.934238,0.142984,0.066514,1,1,1,0,0.337104
341,HAP_2,HAP,0.747254,0.856776,0.19135,0.221668,1,1,1,3,0.278647
341,LEO_0,LEO,0.594165,0.894262,0.420598,0.175602,1,1,1,0,1.132687
341,LEO_1,LEO,0.711901,0.927087,0.039816,0.067891,3,0,0,0,0.726578
342,BS_0,BS,0.650157,0.810489,0.330541,0.430552,1,1,1,4,0.628175
342,BS_1,BS,0.723876,0.854243,0.223136,0.214021,1,1,1,3,0.0
342,BS_2,BS,0.67559,0.828865,0.292169,0.346025,1,1,1,3,0.0
342,BS_3,BS,0.653157,0.847796,0.325938,0.300528,1,1,1,2,0.318806
342,BS_4,BS,0.648651,0.847598,0.33286,0.211285,1,1,1,3,0.796403
342,HAP_0,HAP,0.646055,0.937031,0.036871,0.047363,4,0,0,0,0.496111
342,HAP_1,HAP,0.744987,0.936195,0.094388,0.057221,2,0,0,0,0.599323
342,HAP_2,HAP,0.676599,0.857531,0.290677,0.215356,1,1,1,2,0.684377
342,LEO_0,LEO,0.771802,0.899848,0.159027,0.151862,1,1,1,0,0.51074
342,LEO_1,LEO,0.661067,0.934605,0.0139,0.0544,4,0,0,0,0.602947
343,BS_0,BS,0.591,0.808674,0.425939,0.426082,1,1,1,3,0.372275
343,BS_1,BS,0.702477,0.85332,0.253142,0.200054,1,1,1,4,0.626643
343,BS_2,BS,0.593883,0.825887,0.421074,0.356606,1,1,1,2,0.0
343,BS_3,BS,0.795635,0.858545,0.128615,0.247866,1,1,1,2,0.349142
343,BS_4,BS,0.651973,0.847437,0.327752,0.217367,1,1,1,2,0.0
343,HAP_0,HAP,0.843762,0.940652,0.069885,0.040088,1,1,0,0,0.465626
343,HAP_1,HAP,0.732398,0.944326,0.011432,0.045835,3,0,0,0,0.354791
343,HAP_2,HAP,0.62056,0.85094,0.377133,0.236288,1,1,1,4,0.53197
343,LEO_0,LEO,0.802173,0.90435,0.120431,0.128016,1,1,1,0,0.887364
343,LEO_1,LEO,0.869573,0.939456,0.039753,0.044231,1,1,0,0,0.574615
344,BS_0,BS,0.73271,0.819447,0.211006,0.360901,1,1,1,4,0.0
344,BS_1,BS,0.673757,0.849985,0.294885,0.199174,1,1,1,3,0.0
344,BS_2,BS,0.707452,0.831556,0.246086,0.312536,1,1,1,3,0.0
344,BS_3,BS,0.686075,0.855835,0.276769,0.232763,1,1,1,2,0.736045
344,BS_4,BS,0.608781,0.84684,0.396297,0.244567,1,1,1,2,0.0
344,HAP_0,HAP,0.812502,0.939459,0.107637,0.037284,1,1,1,0,0.706034
344,HAP_1,HAP,0.630965,0.946806,0.060505,0.038316,4,0,0,0,0.529355
344,HAP_2,HAP,0.68653,0.854343,0.276105,0.223336,1,1,1,3,0.295251
344,LEO_0,LEO,0.789744,0.909417,0.136046,0.110742,1,1,1,0,0.530027
344,LEO_1,LEO,0.792364,0.944129,0.032734,0.035867,2,0,0,0,0.537841
345,BS_0,BS,0.695841,0.824833,0.262635,0.319761,1,1,1,4,0.647098
345,BS_1,BS,0.629402,0.84495,0.362985,0.21863,1,1,1,3,0.0
345,BS_2,BS,0.676849,0.833046,0.290307,0.287954,1,1,1,2,0.0
345,BS_3,BS,0.706576,0.85495,0.247325,0.213737,1,1,1,2,0.0
345,BS_4,BS,0.628233,0.843888,0.364845,0.255554,1,1,1,3,0.0
345,HAP_0,HAP,0.568772,0.910465,0.464275,0.126825,1,1,1,0,1.490579
345,HAP_1,HAP,0.828031,0.946676,0.088705,0.034193,1,1,0,0,0.555253
345,HAP_2,HAP,0.641358,0.849419,0.344167,0.231972,1,1,1,3,0.541246
345,LEO_0,LEO,0.766568,0.918262,0.065832,0.090544,2,0,0,0,0.517659
345,LEO_1,LEO,0.72775,0.94854,0.017798,0.028836,3,0,0,0,0.57514
346,BS_0,BS,0.663467,0.826256,0.310277,0.299131,1,1,1,4,0.0
346,BS_1,BS,0.712675,0.847782,0.23873,0.200551,1,1,1,3,0.0
346,BS_2,BS,0.633489,0.832269,0.356513,0.287559,1,1,1,2,0.0
346,BS_3,BS,0.424533,0.829817,0.756765,0.428702,1,1,1,1,0.498224
346,BS_4,BS,0.738078,0.853878,0.203705,0.223116,1,1,1,2,0.0
346,HAP_0,HAP,0.613832,0.899058,0.388034,0.169217,1,1,1,0,0.422883
346,HAP_1,HAP,0.58526,0.919483,0.435699,0.11278,1,1,1,0,1.32835
346,HAP_2,HAP,0.790969,0.858863,0.134496,0.193718,1,1,1,3,0.449711
346,LEO_0,LEO,0.80733,0.919749,0.114023,0.078285,1,1,1,0,0.869371
346,LEO_1,LEO,0.650437,0.951515,0.03011,0.023477,4,0,0,0,0.546454
347,BS_0,BS,0.633398,0.825224,0.356657,0.296546,1,1,1,3,0.0
347,BS_1,BS,0.690605,0.847243,0.270188,0.193291,1,1,1,4,0.580133
347,BS_2,BS,0.697838,0.835674,0.259768,0.260413,1,1,1,3,0.0
347,BS_3,BS,0.578662,0.824683,0.447037,0.43289,1,1,1,2,0.0
347,BS_4,BS,0.661989,0.856979,0.312507,0.22244,1,1,1,1,0.221878
347,HAP_0,HAP,0.686521,0.899625,0.276118,0.169682,1,1,1,0,0.231008
347,HAP_1,HAP,0.618361,0.908046,0.380683,0.155438,1,1,1,0,0.294448
347,HAP_2,HAP,0.642102,0.857644,0.343009,0.207919,1,1,1,2,0.351759
347,LEO_0,LEO,0.609503,0.898489,0.395111,0.132879,1,1,1,0,1.561127
347,LEO_1,LEO,0.721635,0.945069,0.226235,0.041814,1,1,1,0,0.183336
348,BS_0,BS,0.573285,0.821781,0.456372,0.330961,1,1,1,2,0.0
348,BS_1,BS,0.665551,0.844412,0.30714,0.197084,1,1,1,3,0.0
348,BS_2,BS,0.587859,0.831823,0.431268,0.292027,1,1,1,2,0.0
348,BS_3,BS,0.781922,0.84108,0.146,0.355905,1,1,1,2,0.0
348,BS_4,BS,0.600292,0.857183,0.410339,0.253722,1,1,1,1,0.0
348,HAP_0,HAP,0.800514,0.914129,0.022502,0.135973,2,0,0,0,0.451184
348,HAP_1,HAP,0.764029,0.917485,0.06915,0.126502,2,0,0,0,0.482981
348,HAP_2,HAP,0.574481,0.845085,0.454289,0.259205,1,1,1,4,0.610855
348,LEO_0,LEO,0.598446,0.887769,0.413419,0.183215,1,1,1,0,0.437058
348,LEO_1,LEO,0.61055,0.923303,0.393394,0.103092,1,1,1,0,1.079336
349,BS_0,BS,0.797429,0.837691,0.126363,0.271954,1,1,1,2,0.0
349,BS_1,BS,0.644679,0.840199,0.339003,0.209382,1,1,1,4,0.0
349,BS_2,BS,0.664638,0.838496,0.308513,0.276453,1,1,1,2,0.0
349,BS_3,BS,0.669753,0.840832,0.300846,0.325452,1,1,1,1,0.954103
349,BS_4,BS,0.396162,0.824199,0.825933,0.509952,1,1,1,2,0.0
349,HAP_0,HAP,0.546028,0.889539,0.505084,0.223578,1,1,1,0,1.32688
349,HAP_1,HAP,0.743097,0.913377,0.196929,0.118653,1,1,1,0,0.979258
349,HAP_2,HAP,0.723932,0.849664,0.223057,0.229754,1,1,1,4,0.14985
349,LEO_0,LEO,0.679677,0.889881,0.286137,0.183415,1,1,1,0,0.240249
349,LEO_1,LEO,0.648012,0.915651,0.333846,0.132628,1,1,1,0,0.141362
350,BS_0,BS,0.662603,0.837027,0.31158,0.26125,1,1,1,2,0.750365
350,BS_1,BS,0.64827,0.837154,0.333449,0.21754,1,1,1,5,0.0
350,BS_2,BS,0.832774,0.856173,0.082993,0.224262,1,1,1,2,0.0
350,BS_3,BS,0.740017,0.845804,0.201082,0.278557,1,1,1,2,0.519434
350,BS_4,BS,0.659336,0.826594,0.316522,0.453045,1,1,1,2,0.0
350,HAP_0,HAP,0.72809,0.891908,0.217331,0.200117,1,1,1,0,0.54901
350,HAP_1,HAP,0.763601,0.919361,0.06971,0.097109,2,0,0,0,0.674924
350,HAP_2,HAP,0.743883,0.853375,0.195872,0.201068,1,1,1,3,0.952484
350,LEO_0,LEO,0.78061,0.904305,0.04768,0.147755,2,0,0,0,0.513245
350,LEO_1,LEO,0.751294,0.922112,0.085958,0.109427,2,0,0,0,0.582421
351,BS_0,BS,0.709172,0.844411,0.243658,0.235716,1,1,1,2,0.0
351,BS_1,BS,0.638645,0.833819,0.348406,0.228656,1,1,1,4,0.0
351,BS_2,BS,0.596863,0.846045,0.416068,0.25731,1,1,1,3,2.32782
351,BS_3,BS,0.71515,0.849001,0.235262,0.247752,1,1,1,2,0.0
351,BS_4,BS,0.613666,0.828371,0.388305,0.430288,1,1,1,2,0.0
351,HAP_0,HAP,0.872376,0.904546,0.036534,0.160695,1,1,1,0,0.681387
351,HAP_1,HAP,0.695287,0.91543,0.263431,0.108916,1,1,1,0,0.352608
351,HAP_2,HAP,0.698606,0.855664,0.258668,0.190963,1,1,1,3,0.497122
351,LEO_0,LEO,0.737682,0.919229,0.004242,0.118212,3,0,0,0,0.376552
351,LEO_1,LEO,0.681095,0.927423,0.084053,0.090721,3,0,0,0,0.521578
352,BS_0,BS,0.834225,0.859789,0.081252,0.191544,1,1,1,2,0.272139
352,BS_1,BS,0.641755,0.831442,0.343549,0.236037,1,1,1,4,0.0
352,BS_2,BS,0.696827,0.846377,0.261218,0.236554,1,1,1,3,0.0
352,BS_3,BS,0.686634,0.850858,0.275954,0.23247,1,1,1,2,0.360222
352,BS_4,BS,0.634163,0.827448,0.35545,0.401085,1,1,1,3,0.0
352,HAP_0,HAP,0.807629,0.916125,0.013652,0.12864,2,0,0,0,0.666889
352,HAP_1,HAP,0.758176,0.921538,0.07684,0.089789,2,0,0,0,0.668115
352,HAP_2,HAP,0.620052,0.847551,0.377951,0.217052,1,1,1,4,0.453122
352,LEO_0,LEO,0.766,0.918867,0.166573,0.107056,1,1,1,0,0.7163
352,LEO_1,LEO,0.774377,0.926299,0.155696,0.083485,1,1,1,0,0.656622
353,BS_0,BS,0.56493,0.845395,0.471053,0.253086,1,1,1,4,0.939038
353,BS_1,BS,0.639468,0.829327,0.347118,0.24305,1,1,1,4,0.0
353,BS_2,BS,0.45435,0.827919,0.688887,0.402797,1,1,1,2,0.0
353,BS_3,BS,0.807772,0.861881,0.113476,0.19177,1,1,1,2,0.43614
353,BS_4,BS,0.530586,0.821916,0.533773,0.449079,1,1,1,3,0.0
353,HAP_0,HAP,0.804253,0.917164,0.117842,0.109161,1,1,1,0,0.915821
353,HAP_1,HAP,0.695802,0.927486,0.06269,0.0736,3,0,0,0,0.593012
353,HAP_2,HAP,0.71537,0.852431,0.234956,0.198483,1,1,1,3,0.441879
353,LEO_0,LEO,0.754333,0.922926,0.081921,0.088665,2,0,0,0,0.743382
353,LEO_1,LEO,0.761008,0.929726,0.073111,0.069194,2,0,0,0,0.708454
354,BS_0,BS,0.740528,0.850256,0.200392,0.220539,1,1,1,3,0.0
354,BS_1,BS,0.440957,0.812046,0.718807,0.426948,1,1,1,2,0.0
354,BS_2,BS,0.625525,0.827198,0.369165,0.383565,1,1,1,3,0.0
354,BS_3,BS,0.756751,0.86538,0.178721,0.16779,1,1,1,1,0.667701
354,BS_4,BS,0.826042,0.842635,0.09111,0.362999,1,1,1,2,0.0
354,HAP_0,HAP,0.794376,0.923155,0.030198,0.087739,2,0,0,0,0.878942
354,HAP_1,HAP,0.663586,0.936492,0.010096,0.058926,4,0,0,0,0.461844
354,HAP_2,HAP,0.762166,0.859719,0.17159,0.172036,1,1,1,2,0.574522
354,LEO_0,LEO,0.735262,0.93198,0.007528,0.070957,3,0,0,0,0.557438
354,LEO_1,LEO,0.722026,0.936794,0.025693,0.055652,3,0,0,0,0.507455
355,BS_0,BS,0.687603,0.848925,0.274543,0.21035,1,1,1,3,0.0
355,BS_1,BS,0.618278,0.813131,0.380817,0.406818,1,1,1,4,0.0
355,BS_2,BS,0.691794,0.831053,0.268467,0.339286,1,1,1,3,0.0
355,BS_3,BS,0.611204,0.854988,0.392324,0.203495,1,1,1,2,0.0
355,BS_4,BS,0.688545,0.844386,0.273174,0.32398,1,1,1,3,0.590528
355,HAP_0,HAP,0.772271,0.923084,0.15842,0.081485,1,1,1,0,0.522796
355,HAP_1,HAP,0.831442,0.940344,0.084594,0.050361,1,1,0,0,0.349455
355,HAP_2,HAP,0.721629,0.861814,0.226245,0.160663,1,1,1,2,0.632655
355,LEO_0,LEO,0.631601,0.936884,0.059498,0.058359,4,0,0,0,0.493538
355,LEO_1,LEO,0.621358,0.940191,0.075849,0.04711,4,0,0,0,0.450466
356,BS_0,BS,0.587988,0.838315,0.431048,0.251891,1,1,1,3,0.729601
356,BS_1,BS,0.697223,0.820134,0.26065,0.356027,1,1,1,4,0.0
356,BS_2,BS,0.687235,0.834246,0.275079,0.305479,1,1,1,3,0.0
356,BS_3,BS,0.759619,0.858739,0.174938,0.176568,1,1,1,2,0.757151
356,BS_4,BS,0.595212,0.843369,0.418838,0.338125,1,1,1,1,0.0
356,HAP_0,HAP,0.754844,0.918463,0.181244,0.07997,1,1,1,0,0.992768
356,HAP_1,HAP,0.75004,0.934175,0.187628,0.056131,1,1,1,0,0.760918
356,HAP_2,HAP,0.683357,0.858543,0.280738,0.163997,1,1,1,3,0.69346
356,LEO_0,LEO,0.860467,0.941222,0.05028,0.047825,1,1,0,0,0.53031
356,LEO_1,LEO,0.868116,0.944458,0.04143,0.038461,1,1,0,0,0.533809
357,BS_0,BS,0.783011,0.847787,0.144609,0.210923,1,1,1,3,0.384298
357,BS_1,BS,0.66921,0.823061,0.301658,0.32577,1,1,1,3,0.0
357,BS_2,BS,0.674678,0.836724,0.29352,0.283153,1,1,1,3,0.0
357,BS_3,BS,0.758021,0.867994,0.077044,0.143925,2,0,0,2,0.542969
357,BS_4,BS,0.538117,0.831322,0.51968,0.39203,1,1,1,3,0.0
357,HAP_0,HAP,0.773133,0.923606,0.057304,0.065454,2,0,0,0,0.737508
357,HAP_1,HAP,0.769666,0.93828,0.061799,0.046623,2,0,0,0,0.497979
357,HAP_2,HAP,0.711626,0.859055,0.240203,0.157161,1,1,1,4,0.413014
357,LEO_0,LEO,0.803458,0.946711,0.018831,0.038419,2,0,0,0,0.5104
357,LEO_1,LEO,0.769523,0.945584,0.061985,0.032498,2,0,0,0,0.65266
358,BS_0,BS,0.696614,0.847701,0.261523,0.199516,1,1,1,4,0.0
358,BS_1,BS,0.64807,0.823435,0.333757,0.310743,1,1,1,4,0.0
358,BS_2,BS,0.698975,0.839279,0.258141,0.256509,1,1,1,3,0.0
358,BS_3,BS,0.627532,0.861706,0.36596,0.175407,1,1,1,2,0.43988
358,BS_4,BS,0.652772,0.831028,0.326528,0.361603,1,1,1,3,0.0
358,HAP_0,HAP,0.678405,0.917339,0.28801,0.08969,1,1,1,0,0.340017
358,HAP_1,HAP,0.809568,0.939338,0.111255,0.042868,1,1,1,0,0.442495
358,HAP_2,HAP,0.667822,0.858935,0.303733,0.167243,1,1,1,3,0.424044
358,LEO_0,LEO,0.592032,0.920135,0.424194,0.111709,1,1,1,0,1.344362
358,LEO_1,LEO,0.671651,0.946724,0.098017,0.030321,3,0,0,0,0.326304
359,BS_0,BS,0.438293,0.827858,0.724867,0.396057,1,1,1,2,0.0
359,BS_1,BS,0.649759,0.823881,0.331153,0.297943,1,1,1,4,0.0
359,BS_2,BS,0.631167,0.837527,0.360185,0.263587,1,1,1,3,0.0
359,BS_3,BS,0.68546,0.863719,0.277665,0.17502,1,1,1,2,0.0
359,BS_4,BS,0.705228,0.836047,0.249234,0.317236,1,1,1,3,0.0
359,HAP_0,HAP,0.784844,0.92234,0.14227,0.080861,1,1,1,0,0.267778
359,HAP_1,HAP,0.531602,0.906637,0.53186,0.161589,1,1,1,0,2.876074
359,HAP_2,HAP,0.684734,0.859284,0.278725,0.168754,1,1,1,4,0.264663
359,LEO_0,LEO,0.608329,0.907731,0.39704,0.160305,1,1,1,0,0.274705
359,LEO_1,LEO,0.790139,0.945946,0.135546,0.032525,1,1,1,0,0.315939
360,BS_0,BS,0.650387,0.829594,0.330187,0.365906,1,1,1,2,0.576713
360,BS_1,BS,0.639135,0.823247,0.347639,0.292738,1,1,1,3,0.257309
360,BS_2,BS,0.724046,0.842619,0.2229,0.233227,1,1,1,3,0.0
360,BS_3,BS,0.698966,0.863213,0.258153,0.170005,1,1,1,2,0.33411
360,BS_4,BS,0.425677,0.815958,0.754074,0.509671,1,1,1,1,0.279179
360,HAP_0,HAP,0.799789,0.933396,0.023408,0.064935,2,0,0,0,0.30899
360,HAP_1,HAP,0.699806,0.90242,0.256952,0.158982,1,1,1,0,0.610976
360,HAP_2,HAP,0.759792,0.866331,0.174711,0.148739,1,1,1,2,0.380048
360,LEO_0,LEO,0.77478,0.916301,0.055177,0.129614,2,0,0,0,0.707756
360,LEO_1,LEO,0.747555,0.946229,0.090947,0.029742,2,0,0,0,0.551368
361,BS_0,BS,0.591182,0.823561,0.425632,0.374248,1,1,1,4,0.329739
361,BS_1,BS,0.692502,0.827551,0.267444,0.266377,1,1,1,3,0.0
361,BS_2,BS,0.679814,0.842133,0.285936,0.223374,1,1,1,3,0.0
361,BS_3,BS,0.750866,0.870212,0.186528,0.151661,1,1,1,2,0.0
361,BS_4,BS,0.675559,0.824842,0.292215,0.446162,1,1,1,2,0.0
361,HAP_0,HAP,0.708268,0.941273,0.044933,0.052857,3,0,0,0,0.266738
361,HAP_1,HAP,0.760573,0.905877,0.173684,0.14076,1,1,1,0,0.517922
361,HAP_2,HAP,0.625339,0.856774,0.369462,0.180417,1,1,1,4,0.69047
361,LEO_0,LEO,0.736061,0.926813,0.006442,0.10371,3,0,0,0,0.565909
361,LEO_1,LEO,0.702753,0.94932,0.05275,0.025046,3,0,0,0,0.435476
362,BS_0,BS,0.723712,0.830532,0.223361,0.321849,1,1,1,3,0.736535
362,BS_1,BS,0.65023,0.827215,0.33043,0.262234,1,1,1,3,0.782631
362,BS_2,BS,0.383691,0.815882,0.857917,0.509909,1,1,1,1,0.0
362,BS_3,BS,0.722188,0.870465,0.22547,0.144205,1,1,1,2,0.64536
362,BS_4,BS,0.61209,0.822863,0.390876,0.425682,1,1,1,3,0.0
362,HAP_0,HAP,0.738673,0.934379,0.2029,0.060811,1,1,1,0,0.739497
362,HAP_1,HAP,0.787265,0.916779,0.03919,0.113299,2,0,0,0,0.555432
362,HAP_2,HAP,0.821868,0.864824,0.096176,0.148496,1,1,0,4,0.548857
362,LEO_0,LEO,0.645736,0.934024,0.037364,0.083596,4,0,0,0,0.502048
362,LEO_1,LEO,0.73222,0.939874,0.211674,0.040199,1,1,1,0,0.747783
363,BS_0,BS,0.66672,0.83112,0.305386,0.299447,1,1,1,4,0.0
363,BS_1,BS,0.718028,0.832897,0.231246,0.233851,1,1,1,4,0.0
363,BS_2,BS,0.540815,0.808555,0.514677,0.527129,1,1,1,3,0.0
363,BS_3,BS,0.696551,0.869915,0.261615,0.146163,1,1,1,2,0.0
363,BS_4,BS,0.698277,0.82803,0.259139,0.370765,1,1,1,3,0.0
363,HAP_0,HAP,0.804183,0.940839,0.017928,0.048794,2,0,0,0,0.536858
363,HAP_1,HAP,0.703518,0.92494,0.051662,0.09184,3,0,0,0,0.533718
363,HAP_2,HAP,0.869808,0.874526,0.039483,0.119498,1,1,0,4,1.24693
363,LEO_0,LEO,0.814046,0.936715,0.105739,0.071908,1,1,1,0,0.390273
363,LEO_1,LEO,0.752224,0.94184,0.084721,0.035389,2,0,0,0,0.449957
364,BS_0,BS,0.657073,0.830701,0.319961,0.285626,1,1,1,3,0.555893
364,BS_1,BS,0.679206,0.834108,0.286831,0.224103,1,1,1,3,0.21095
364,BS_2,BS,0.738435,0.823281,0.203222,0.440288,1,1,1,3,0.0
364,BS_3,BS,0.715652,0.868065,0.234561,0.141689,1,1,1,2,0.784352
364,BS_4,BS,0.538258,0.82141,0.519418,0.41802,1,1,1,2,0.0
364,HAP_0,HAP,0.674858,0.939821,0.093252,0.042948,3,0,0,0,0.767261
364,HAP_1,HAP,0.77073,0.926574,0.160417,0.085052,1,1,1,0,0.334479
364,HAP_2,HAP,0.859252,0.881526,0.051693,0.096801,1,1,0,4,0.577695
364,LEO_0,LEO,0.732376,0.929036,0.211461,0.077649,1,1,1,0,0.852055
364,LEO_1,LEO,0.792061,0.937241,0.133117,0.036286,1,1,1,0,0.90605
365,BS_0,BS,0.650565,0.829767,0.329915,0.27748,1,1,1,4,0.0
365,BS_1,BS,0.576128,0.828646,0.451426,0.270986,1,1,1,2,0.0
365,BS_2,BS,0.681204,0.827318,0.283894,0.388498,1,1,1,3,0.0
365,BS_3,BS,0.730031,0.868607,0.214668,0.134088,1,1,1,1,0.774848
365,BS_4,BS,0.71767,0.830346,0.231746,0.358584,1,1,1,3,0.0
365,HAP_0,HAP,0.650997,0.944683,0.029251,0.034743,4,0,0,0,0.495875
365,HAP_1,HAP,0.785557,0.933923,0.041362,0.068812,2,0,0,0,0.512973
365,HAP_2,HAP,0.757952,0.885594,0.077135,0.080118,2,0,0,4,1.169675
365,LEO_0,LEO,0.781359,0.934113,0.046721,0.063101,2,0,0,0,0.597928
365,LEO_1,LEO,0.73369,0.932514,0.209669,0.048811,1,1,1,0,0.381312
366,BS_0,BS,0.6488,0.828856,0.332631,0.271774,1,1,1,3,0.608881
366,BS_1,BS,0.706439,0.833755,0.247519,0.244358,1,1,1,4,0.500965
366,BS_2,BS,0.589546,0.825815,0.428403,0.393387,1,1,1,2,0.0
366,BS_3,BS,0.686925,0.864775,0.27553,0.141433,1,1,1,1,0.741496
366,BS_4,BS,0.739492,0.838503,0.201791,0.305191,1,1,1,3,0.0
366,HAP_0,HAP,0.788196,0.943679,0.138008,0.036366,1,1,1,0,0.337894
366,HAP_1,HAP,0.740156,0.942838,0.000894,0.05505,3,0,0,0,0.409553
366,HAP_2,HAP,0.777273,0.885739,0.151964,0.074487,1,1,1,3,0.552923
366,LEO_0,LEO,0.727544,0.93892,0.01808,0.050628,3,0,0,0,0.75281
366,LEO_1,LEO,0.811912,0.940306,0.008363,0.03908,2,0,0,0,0.532867
367,BS_0,BS,0.64624,0.82789,0.336584,0.268399,1,1,1,4,0.0
367,BS_1,BS,0.668375,0.836403,0.302905,0.236775,1,1,1,3,0.0
367,BS_2,BS,0.820309,0.84411,0.098074,0.319038,1,1,1,2,0.0
367,BS_3,BS,0.549836,0.854814,0.498134,0.224809,1,1,1,1,0.0
367,BS_4,BS,0.698029,0.840499,0.259495,0.274454,1,1,1,3,0.0
367,HAP_0,HAP,0.778108,0.948453,0.05089,0.030258,2,0,0,0,0.335013
367,HAP_1,HAP,0.663522,0.949272,0.010193,0.044087,4,0,0,0,0.442164
367,HAP_2,HAP,0.803045,0.887159,0.119344,0.065999,1,1,1,3,0.595553
367,LEO_0,LEO,0.784822,0.937719,0.142298,0.049614,1,1,1,0,0.427799
367,LEO_1,LEO,0.55752,0.910598,0.484258,0.136792,1,1,1,0,1.443942
368,BS_0,BS,0.591318,0.824592,0.425402,0.296154,1,1,1,3,0.0
368,BS_1,BS,0.750945,0.844803,0.186423,0.205059,1,1,1,3,0.0
368,BS_2,BS,0.6826,0.846505,0.281846,0.290977,1,1,1,2,0.629065
368,BS_3,BS,0.664291,0.857646,0.309035,0.222823,1,1,1,1,0.0
368,BS_4,BS,0.661644,0.838671,0.313028,0.263657,1,1,1,3,0.0
368,HAP_0,HAP,0.691623,0.949408,0.068714,0.026331,3,0,0,0,0.568003
368,HAP_1,HAP,0.829461,0.95127,0.086979,0.038674,1,1,0,0,0.25648
368,HAP_2,HAP,0.78043,0.885999,0.14791,0.062644,1,1,1,3,0.839715
368,LEO_0,LEO,0.711588,0.92685,0.240257,0.065667,1,1,1,0,0.991785
368,LEO_1,LEO,0.664785,0.903466,0.308291,0.152203,1,1,1,0,0.499566
369,BS_0,BS,0.707571,0.83048,0.245917,0.264137,1,1,1,3,0.0
369,BS_1,BS,0.70172,0.845962,0.25422,0.19313,1,1,1,4,0.318268
369,BS_2,BS,0.569427,0.835042,0.463125,0.3293,1,1,1,3,0.0
369,BS_3,BS,0.673831,0.863265,0.294776,0.21736,1,1,1,1,0.0
369,BS_4,BS,0.654528,0.836517,0.323842,0.258119,1,1,1,3,0.0
369,HAP_0,HAP,0.615774,0.951506,0.084875,0.024307,4,0,0,0,0.235171
369,HAP_1,HAP,0.484607,0.910994,0.624418,0.206393,1,1,1,0,1.49632
369,HAP_2,HAP,0.689272,0.879896,0.272119,0.083437,1,1,1,2,0.672313
369,LEO_0,LEO,0.770126,0.926036,0.161202,0.064227,1,1,1,0,0.498666
369,LEO_1,LEO,0.720215,0.905063,0.228206,0.145197,1,1,1,0,0.339217
370,BS_0,BS,0.665992,0.831107,0.306478,0.253578,1,1,1,2,0.315393
370,BS_1,BS,0.66695,0.843542,0.30504,0.196376,1,1,1,3,0.270006
370,BS_2,BS,0.518361,0.827062,0.557083,0.403093,1,1,1,2,0.0
370,BS_3,BS,0.669633,0.866793,0.301026,0.214666,1,1,1,1,0.0
370,BS_4,BS,0.649844,0.834354,0.331023,0.255804,1,1,1,3,0.0
370,HAP_0,HAP,0.829953,0.950525,0.086386,0.022803,1,1,0,0,0.613882
370,HAP_1,HAP,0.744056,0.909308,0.195639,0.182338,1,1,1,0,0.65466
370,HAP_2,HAP,0.692569,0.874036,0.267348,0.098913,1,1,1,4,0.469735
370,LEO_0,LEO,0.798528,0.9327,0.024985,0.051663,2,0,0,0,0.684434
370,LEO_1,LEO,0.789191,0.909093,0.136746,0.124573,1,1,1,0,0.743649
371,BS_0,BS,0.658958,0.830883,0.317096,0.24811,1,1,1,3,0.0
371,BS_1,BS,0.650013,0.840003,0.330763,0.206333,1,1,1,4,0.0
371,BS_2,BS,0.739369,0.842214,0.201959,0.340829,1,1,1,1,0.0
371,BS_3,BS,0.620118,0.862562,0.377846,0.235978,1,1,1,2,0.0
371,BS_4,BS,0.40788,0.812359,0.796783,0.490332,1,1,1,2,0.0
371,HAP_0,HAP,0.53573,0.915873,0.524126,0.141861,1,1,1,0,1.603254
371,HAP_1,HAP,0.673844,0.905847,0.294757,0.184967,1,1,1,0,0.295552
371,HAP_2,HAP,0.747481,0.87603,0.191046,0.095555,1,1,1,2,0.432018
371,LEO_0,LEO,0.692464,0.936868,0.0675,0.043381,3,0,0,0,0.489566
371,LEO_1,LEO,0.803013,0.92006,0.019385,0.099827,2,0,0,0,0.587628
372,BS_0,BS,0.451126,0.814435,0.696008,0.41648,1,1,1,2,0.0
372,BS_1,BS,0.642519,0.836464,0.342359,0.217811,1,1,1,4,0.0
372,BS_2,BS,0.499935,0.824711,0.593277,0.431053,1,1,1,3,0.0
372,BS_3,BS,0.451802,0.846738,0.694511,0.405838,1,1,1,0,0.0
372,BS_4,BS,0.623603,0.822503,0.372241,0.454619,1,1,1,1,0.0
372,HAP_0,HAP,0.653335,0.906517,0.325666,0.161215,1,1,1,0,0.502761
372,HAP_1,HAP,0.765945,0.914881,0.066645,0.149972,2,0,0,0,0.626905
372,HAP_2,HAP,0.75179,0.878014,0.185299,0.091895,1,1,1,2,0.552178
372,LEO_0,LEO,0.606781,0.938758,0.099587,0.039167,4,0,0,0,0.464083
372,LEO_1,LEO,0.810301,0.92143,0.110349,0.085341,1,1,1,0,0.848404
373,BS_0,BS,0.67042,0.820596,0.299851,0.373644,1,1,1,3,0.0
373,BS_1,BS,0.430807,0.816492,0.742095,0.422066,1,1,1,2,0.0
373,BS_2,BS,0.73052,0.833166,0.213998,0.36545,1,1,1,2,0.0
373,BS_3,BS,0.341123,0.806707,0.975513,0.752901,1,1,1,3,0.0
373,BS_4,BS,0.669043,0.832981,0.301907,0.404712,1,1,1,2,0.0
373,HAP_0,HAP,0.594895,0.898723,0.419371,0.208114,1,1,1,0,0.0
373,HAP_1,HAP,0.786572,0.916601,0.140071,0.128807,1,1,1,0,0.717481
373,HAP_2,HAP,0.684758,0.871478,0.27869,0.108467,1,1,1,3,0.808019
373,LEO_0,LEO,0.726075,0.934847,0.220102,0.053134,1,1,1,0,0.250151
373,LEO_1,LEO,0.753006,0.923201,0.083682,0.071424,2,0,0,0,0.915276
374,BS_0,BS,0.690674,0.830258,0.270088,0.331741,1,1,1,2,0.0
374,BS_1,BS,0.717663,0.827491,0.231755,0.361822,1,1,1,3,0.0
374,BS_2,BS,0.609377,0.832314,0.395319,0.362685,1,1,1,3,0.0
374,BS_3,BS,0.609513,0.80723,0.395094,0.672566,1,1,1,3,0.495484
374,BS_4,BS,0.624441,0.834312,0.370898,0.385674,1,1,1,2,0.0
374,HAP_0,HAP,0.900963,0.91607,0.004291,0.1665,1,1,1,0,0.298149
374,HAP_1,HAP,0.758496,0.923363,0.076418,0.105673,2,0,0,0,0.494135
374,HAP_2,HAP,0.714538,0.870084,0.23612,0.111862,1,1,1,3,0.584365
374,LEO_0,LEO,0.768165,0.931982,0.163751,0.054574,1,1,1,0,0.684915
374,LEO_1,LEO,0.677036,0.926843,0.090031,0.060787,3,0,0,0,0.566461
375,BS_0,BS,0.760747,0.841521,0.173454,0.278932,1,1,1,2,0.0
375,BS_1,BS,0.662881,0.828964,0.31116,0.333027,1,1,1,3,0.0
375,BS_2,BS,0.719791,0.838821,0.228795,0.313704,1,1,1,3,0.0
375,BS_3,BS,0.704497,0.817323,0.250271,0.566239,1,1,1,3,0.0
375,BS_4,BS,0.579396,0.836135,0.445769,0.397959,1,1,1,1,0.0
375,HAP_0,HAP,0.46791,0.880757,0.659479,0.32891,1,1,1,0,2.625584
375,HAP_1,HAP,0.741537,0.923255,0.19903,0.102364,1,1,1,0,0.3034
375,HAP_2,HAP,0.664311,0.867443,0.309005,0.132458,1,1,1,3,0.112685
375,LEO_0,LEO,0.755737,0.936404,0.080062,0.046543,2,0,0,0,0.395477
375,LEO_1,LEO,0.590441,0.914598,0.426886,0.130634,1,1,1,0,0.0
376,BS_0,BS,0.6835,0.841929,0.280528,0.258559,1,1,1,4,0.0
376,BS_1,BS,0.669335,0.830211,0.301471,0.30732,1,1,1,3,0.0
376,BS_2,BS,0.388037,0.815927,0.846655,0.573534,1,1,1,1,0.0
376,BS_3,BS,0.679117,0.822994,0.286961,0.490047,1,1,1,2,0.33488
376,BS_4,BS,0.634498,0.840378,0.354921,0.375053,1,1,1,2,0.0
376,HAP_0,HAP,0.742776,0.885173,0.197361,0.280656,1,1,1,0,0.635661
376,HAP_1,HAP,0.803599,0.933114,0.018655,0.082048,2,0,0,0,0.458994
376,HAP_2,HAP,0.739243,0.869839,0.202128,0.124351,1,1,1,4,0.335702
376,LEO_0,LEO,0.737598,0.943349,0.004356,0.037243,3,0,0,0,0.579731
376,LEO_1,LEO,0.668665,0.906449,0.302473,0.145677,1,1,1,0,0.853539
377,BS_0,BS,0.68313,0.841788,0.281071,0.242397,1,1,1,4,0.0
377,BS_1,BS,0.631423,0.829871,0.35978,0.304104,1,1,1,3,0.0
377,BS_2,BS,0.673509,0.827681,0.295254,0.498056,1,1,1,2,0.0
377,BS_3,BS,0.777581,0.835665,0.151568,0.402375,1,1,1,3,0.0
377,BS_4,BS,0.600676,0.844574,0.4097,0.375577,1,1,1,1,0.0
377,HAP_0,HAP,0.683519,0.887332,0.280501,0.259931,1,1,1,0,0.307204
377,HAP_1,HAP,0.503813,0.898484,0.585551,0.21993,1,1,1,0,1.755188
377,HAP_2,HAP,0.760646,0.874803,0.173588,0.113041,1,1,1,3,0.353552
377,LEO_0,LEO,0.638779,0.946931,0.048196,0.03084,4,0,0,0,0.469141
377,LEO_1,LEO,0.803165,0.913622,0.119195,0.122935,1,1,1,0,0.371178
378,BS_0,BS,0.659211,0.839449,0.316712,0.239056,1,1,1,4,0.0
378,BS_1,BS,0.695952,0.833606,0.262475,0.274285,1,1,1,4,0.0
378,BS_2,BS,0.479319,0.810552,0.63539,0.580119,1,1,1,3,0.0
378,BS_3,BS,0.332871,0.802013,1.0,0.878849,1,1,1,0,0.473932
378,BS_4,BS,0.588521,0.847244,0.430143,0.383722,1,1,1,1,0.0
378,HAP_0,HAP,0.812899,0.900227,0.107148,0.213111,1,1,1,0,0.301875
378,HAP_1,HAP,0.756246,0.899597,0.179388,0.190425,1,1,1,0,0.73148
378,HAP_2,HAP,0.675876,0.868207,0.291745,0.128734,1,1,1,3,0.610026
378,LEO_0,LEO,0.850966,0.949204,0.061383,0.026367,1,1,0,0,0.460857
378,LEO_1,LEO,0.759597,0.913032,0.174968,0.112124,1,1,1,0,0.811324
379,BS_0,BS,0.624729,0.83599,0.370438,0.252995,1,1,1,2,0.0
379,BS_1,BS,0.68115,0.835595,0.283972,0.255717,1,1,1,4,0.0
379,BS_2,BS,0.774302,0.827409,0.155793,0.475017,1,1,1,3,0.0
379,BS_3,BS,0.684336,0.81775,0.279306,0.738184,1,1,1,1,0.0
379,BS_4,BS,0.46814,0.830556,0.658988,0.502397,1,1,1,2,0.0
379,HAP_0,HAP,0.77306,0.904845,0.157398,0.181637,1,1,1,0,0.65632
379,HAP_1,HAP,0.742698,0.901827,0.197466,0.169887,1,1,1,0,0.539688
379,HAP_2,HAP,0.653646,0.864542,0.325189,0.150574,1,1,1,2,0.550279
379,LEO_0,LEO,0.73889,0.939326,0.202607,0.039566,1,1,1,0,0.868708
379,LEO_1,LEO,0.808444,0.923014,0.012644,0.089771,2,0,0,0,0.64745
380,BS_0,BS,0.702946,0.840165,0.252476,0.231081,1,1,1,3,0.0
380,BS_1,BS,0.677714,0.836284,0.289029,0.242165,1,1,1,4,0.0
380,BS_2,BS,0.797819,0.842283,0.125874,0.387144,1,1,1,2,0.0
380,BS_3,BS,0.585779,0.817804,0.434813,0.675626,1,1,1,2,0.0
380,BS_4,BS,0.502881,0.816729,0.587402,0.557186,1,1,1,2,0.0
380,HAP_0,HAP,0.771408,0.91399,0.059538,0.146905,2,0,0,0,0.641869
380,HAP_1,HAP,0.796641,0.909135,0.127352,0.143208,1,1,1,0,0.435549
380,HAP_2,HAP,0.585479,0.851412,0.435325,0.205738,1,1,1,4,0.456523
380,LEO_0,LEO,0.779864,0.941998,0.048636,0.032717,2,0,0,0,0.620956
380,LEO_1,LEO,0.796165,0.92581,0.127948,0.079184,1,1,1,0,0.44912
381,BS_0,BS,0.533158,0.829719,0.528938,0.310764,1,1,1,2,0.45711
381,BS_1,BS,0.65929,0.835062,0.316592,0.238836,1,1,1,4,0.0
381,BS_2,BS,0.688766,0.843037,0.272853,0.343217,1,1,1,2,0.703681
381,BS_3,BS,0.631921,0.818642,0.358991,0.598494,1,1,1,3,0.37591
381,BS_4,BS,0.581084,0.820062,0.44286,0.534005,1,1,1,1,0.0
381,HAP_0,HAP,0.679535,0.921886,0.086347,0.120879,3,0,0,0,0.357813
381,HAP_1,HAP,0.811406,0.917337,0.108986,0.119911,1,1,1,0,0.311904
381,HAP_2,HAP,0.775479,0.85883,0.154274,0.175301,1,1,1,3,0.651319
381,LEO_0,LEO,0.728712,0.945584,0.016477,0.026296,3,0,0,0,0.714689
381,LEO_1,LEO,0.779256,0.924135,0.149416,0.073393,1,1,1,0,0.820494
382,BS_0,BS,0.756955,0.8421,0.178452,0.262941,1,1,1,3,0.0
382,BS_1,BS,0.607037,0.830905,0.399165,0.262769,1,1,1,3,0.0
382,BS_2,BS,0.675813,0.842036,0.291839,0.3129,1,1,1,3,0.0
382,BS_3,BS,0.702185,0.824888,0.253558,0.507726,1,1,1,3,0.0
382,BS_4,BS,0.732159,0.83426,0.211757,0.447383,1,1,1,2,0.0
382,HAP_0,HAP,0.713406,0.921392,0.237704,0.12213,1,1,1,0,0.128725
382,HAP_1,HAP,0.581574,0.896959,0.442018,0.18385,1,1,1,0,1.212875
382,HAP_2,HAP,0.720366,0.859452,0.227996,0.163632,1,1,1,3,0.425293
382,LEO_0,LEO,0.79246,0.943226,0.132613,0.028951,1,1,1,0,0.484873
382,LEO_1,LEO,0.787481,0.925956,0.138916,0.067399,1,1,1,0,0.438368
383,BS_0,BS,0.636577,0.838387,0.35165,0.265999,1,1,1,4,0.484517
383,BS_1,BS,0.666504,0.831962,0.305709,0.252271,1,1,1,2,0.453843
383,BS_2,BS,0.714542,0.844485,0.236114,0.275408,1,1,1,4,0.0
383,BS_3,BS,0.45804,0.807766,0.680798,0.61475,1,1,1,1,0.774489
383,BS_4,BS,0.752011,0.84924,0.185004,0.373308,1,1,1,2,0.0
383,HAP_0,HAP,0.717899,0.917189,0.231426,0.121805,1,1,1,0,0.708546
383,HAP_1,HAP,0.802648,0.903111,0.119839,0.153543,1,1,1,0,0.648489
383,HAP_2,HAP,0.762029,0.862469,0.17177,0.144183,1,1,1,3,0.526239
383,LEO_0,LEO,0.780115,0.946725,0.048314,0.024211,2,0,0,0,0.487566
383,LEO_1,LEO,0.757823,0.929534,0.077305,0.056608,2,0,0,0,0.698709
384,BS_0,BS,0.685356,0.839202,0.277817,0.247531,1,1,1,4,0.0
384,BS_1,BS,0.752437,0.841769,0.184437,0.217125,1,1,1,3,0.0
384,BS_2,BS,0.665424,0.842153,0.30733,0.262829,1,1,1,3,0.0
384,BS_3,BS,0.547367,0.801796,0.502637,0.605489,1,1,1,3,0.0
384,BS_4,BS,0.644362,0.848517,0.339495,0.350512,1,1,1,2,0.0
384,HAP_0,HAP,0.758888,0.92499,0.075901,0.100036,2,0,0,0,0.374835
384,HAP_1,HAP,0.707272,0.896388,0.24634,0.150141,1,1,1,0,1.233407
384,HAP_2,HAP,0.569887,0.851123,0.462317,0.211528,1,1,1,2,0.712957
384,LEO_0,LEO,0.732315,0.950832,0.011544,0.019429,3,0,0,0,0.607972
384,LEO_1,LEO,0.723374,0.936406,0.023829,0.045542,3,0,0,0,0.559033
385,BS_0,BS,0.666035,0.838009,0.306414,0.240275,1,1,1,3,0.252085
385,BS_1,BS,0.707483,0.844106,0.246041,0.200941,1,1,1,3,0.383927
385,BS_2,BS,0.651521,0.839017,0.328446,0.258808,1,1,1,4,0.0
385,BS_3,BS,0.760466,0.816155,0.173824,0.497988,1,1,1,2,0.595769
385,BS_4,BS,0.768195,0.860831,0.163712,0.29247,1,1,1,1,0.0
385,HAP_0,HAP,0.67804,0.930662,0.088548,0.083557,3,0,0,0,0.396941
385,HAP_1,HAP,0.667273,0.892824,0.304556,0.161853,1,1,1,0,0.468623
385,HAP_2,HAP,0.679667,0.851196,0.286152,0.20607,1,1,1,3,0.575062
385,LEO_0,LEO,0.646011,0.952213,0.036939,0.016157,4,0,0,0,0.633139
385,LEO_1,LEO,0.644076,0.940696,0.039938,0.037151,4,0,0,0,0.609292
386,BS_0,BS,0.67106,0.83748,0.298897,0.232423,1,1,1,3,0.0
386,BS_1,BS,0.686385,0.843796,0.276316,0.195111,1,1,1,3,1.11169
386,BS_2,BS,0.577537,0.832505,0.448982,0.29776,1,1,1,3,0.0
386,BS_3,BS,0.547684,0.810242,0.502057,0.511818,1,1,1,1,0.934846
386,BS_4,BS,0.721198,0.865617,0.226842,0.257132,1,1,1,1,0.480223
386,HAP_0,HAP,0.668998,0.939037,0.001974,0.066848,4,0,0,0,0.571412
386,HAP_1,HAP,0.727212,0.897498,0.218537,0.150973,1,1,1,0,0.305757
386,HAP_2,HAP,0.638314,0.850758,0.348924,0.219643,1,1,1,3,0.485785
386,LEO_0,LEO,0.894102,0.955193,0.011935,0.01299,1,1,0,0,0.576735
386,LEO_1,LEO,0.8763,0.94472,0.032047,0.030183,1,1,0,0,0.588454
387,BS_0,BS,0.42137,0.81667,0.764243,0.448769,1,1,1,2,0.0
387,BS_1,BS,0.654569,0.840628,0.323778,0.203263,1,1,1,4,0.0
387,BS_2,BS,0.755725,0.843125,0.180078,0.2528,1,1,1,2,0.0
387,BS_3,BS,0.514235,0.799777,0.565076,0.553144,1,1,1,3,0.263766
387,BS_4,BS,0.587769,0.855009,0.431421,0.289461,1,1,1,2,0.0
387,HAP_0,HAP,0.816191,0.941245,0.103106,0.058262,1,1,1,0,0.340441
387,HAP_1,HAP,0.747544,0.909601,0.090963,0.124502,2,0,0,0,0.276264
387,HAP_2,HAP,0.631901,0.848903,0.359022,0.233718,1,1,1,2,0.620032
387,LEO_0,LEO,0.818556,0.958313,0.000213,0.010392,2,0,0,0,0.582035
387,LEO_1,LEO,0.774985,0.947487,0.054911,0.025504,2,0,0,0,0.476437
388,BS_0,BS,0.581868,0.813354,0.441511,0.446734,1,1,1,3,0.0
388,BS_1,BS,0.641267,0.837819,0.344309,0.215957,1,1,1,3,0.0
388,BS_2,BS,0.716,0.846468,0.234076,0.226896,1,1,1,3,0.0
388,BS_3,BS,0.734364,0.815514,0.208751,0.462125,1,1,1,3,0.0
388,BS_4,BS,0.775112,0.86566,0.154747,0.242345,1,1,1,2,0.0
388,HAP_0,HAP,0.703404,0.930001,0.251824,0.075147,1,1,1,0,0.890682
388,HAP_1,HAP,0.776015,0.916465,0.153584,0.110216,1,1,1,0,0.17657
388,HAP_2,HAP,0.614485,0.846734,0.386971,0.25436,1,1,1,2,0.418665
388,LEO_0,LEO,0.791897,0.950826,0.133324,0.016312,1,1,1,0,0.832434
388,LEO_1,LEO,0.727838,0.951376,0.017676,0.020543,3,0,0,0,0.569247
389,BS_0,BS,0.687883,0.819536,0.274137,0.391205,1,1,1,4,0.39995
389,BS_1,BS,0.679733,0.838287,0.286055,0.209588,1,1,1,4,0.0
389,BS_2,BS,0.583813,0.841072,0.438174,0.267915,1,1,1,2,0.0
389,BS_3,BS,0.667804,0.819829,0.30376,0.411222,1,1,1,4,0.383404
389,BS_4,BS,0.744192,0.873387,0.195456,0.211068,1,1,1,2,0.0
389,HAP_0,HAP,0.814814,0.932155,0.104795,0.065059,1,1,1,0,0.49759
389,HAP_1,HAP,0.750265,0.924161,0.087329,0.091605,2,0,0,0,0.421388
389,HAP_2,HAP,0.616372,0.845905,0.383905,0.269811,1,1,1,1,0.549291
389,LEO_0,LEO,0.79541,0.951935,0.028898,0.013426,2,0,0,0,0.678337
389,LEO_1,LEO,0.663199,0.954802,0.010681,0.016486,4,0,0,0,0.568401
390,BS_0,BS,0.675851,0.823183,0.291782,0.351276,1,1,1,3,0.0
390,BS_1,BS,0.661219,0.836848,0.31367,0.211946,1,1,1,4,0.0
390,BS_2,BS,0.620166,0.836229,0.377769,0.278551,1,1,1,4,0.0
390,BS_3,BS,0.430165,0.804517,0.743585,0.577791,1,1,1,1,0.0
390,BS_4,BS,0.603223,0.862631,0.405469,0.242836,1,1,1,2,0.0
390,HAP_0,HAP,0.558429,0.903655,0.482627,0.156866,1,1,1,0,2.370935
390,HAP_1,HAP,0.813583,0.928895,0.106308,0.07837,1,1,1,0,0.412707
390,HAP_2,HAP,0.579286,0.842575,0.445959,0.305344,1,1,1,2,0.350092
390,LEO_0,LEO,0.76899,0.946802,0.162677,0.022649,1,1,1,0,0.448337
390,LEO_1,LEO,0.785104,0.951637,0.141939,0.022255,1,1,1,0,0.319669
391,BS_0,BS,0.656489,0.824307,0.32085,0.327346,1,1,1,4,0.0
391,BS_1,BS,0.395291,0.812783,0.828132,0.478168,1,1,1,1,0.0
391,BS_2,BS,0.69376,0.838253,0.265629,0.254592,1,1,1,4,0.0
391,BS_3,BS,0.545216,0.799873,0.506573,0.57771,1,1,1,4,0.0
391,BS_4,BS,0.681451,0.859211,0.283531,0.230444,1,1,1,2,0.0
391,HAP_0,HAP,0.67619,0.898153,0.291281,0.163673,1,1,1,0,0.584017
391,HAP_1,HAP,0.564924,0.904049,0.471065,0.162551,1,1,1,0,1.24897
391,HAP_2,HAP,0.555561,0.835245,0.487778,0.351342,1,1,1,2,0.31695
391,LEO_0,LEO,0.814755,0.944104,0.104868,0.023068,1,1,1,0,0.756135
391,LEO_1,LEO,0.748833,0.943002,0.189239,0.033919,1,1,1,0,0.776941
392,BS_0,BS,0.646844,0.824309,0.33565,0.312574,1,1,1,3,0.0
392,BS_1,BS,0.563322,0.808391,0.473905,0.483598,1,1,1,4,0.0
392,BS_2,BS,0.667739,0.837413,0.303858,0.245222,1,1,1,4,0.0
392,BS_3,BS,0.690049,0.80897,0.270993,0.495215,1,1,1,4,0.0
392,BS_4,BS,0.725395,0.861086,0.221038,0.206342,1,1,1,2,0.0
392,HAP_0,HAP,0.76688,0.90291,0.165425,0.143253,1,1,1,0,0.528503
392,HAP_1,HAP,0.638839,0.898185,0.348103,0.18457,1,1,1,0,0.250952
392,HAP_2,HAP,0.602836,0.837892,0.406111,0.355291,1,1,1,1,0.296763
392,LEO_0,LEO,0.579736,0.915163,0.445182,0.107639,1,1,1,0,1.636588
392,LEO_1,LEO,0.771488,0.936058,0.159434,0.038574,1,1,1,0,0.923305
393,BS_0,BS,0.628054,0.824092,0.36513,0.310053,1,1,1,3,0.0
393,BS_1,BS,0.756108,0.822709,0.179572,0.401389,1,1,1,3,0.0
393,BS_2,BS,0.583128,0.831835,0.439349,0.28304,1,1,1,3,0.0
393,BS_3,BS,0.641964,0.812038,0.343223,0.449183,1,1,1,3,0.413395
393,BS_4,BS,0.716892,0.860295,0.23283,0.189468,1,1,1,2,0.657125
393,HAP_0,HAP,0.753435,0.909911,0.083112,0.117711,2,0,0,0,0.786561
393,HAP_1,HAP,0.778234,0.909531,0.050728,0.148814,2,0,0,0,0.642474
393,HAP_2,HAP,0.576721,0.835123,0.450397,0.375518,1,1,1,2,0.444616
393,LEO_0,LEO,0.771021,0.912855,0.16004,0.097637,1,1,1,0,0.873904
393,LEO_1,LEO,0.744159,0.933385,0.0955,0.034963,2,0,0,0,0.996986
394,BS_0,BS,0.669939,0.82655,0.300569,0.288696,1,1,1,3,0.667733
394,BS_1,BS,0.701846,0.828279,0.254041,0.350153,1,1,1,4,0.0
394,BS_2,BS,0.705621,0.836201,0.248677,0.25426,1,1,1,4,0.0
394,BS_3,BS,0.717535,0.820806,0.231934,0.383553,1,1,1,4,0.489281
394,BS_4,BS,0.520155,0.846878,0.553628,0.289501,1,1,1,2,0.0
394,HAP_0,HAP,0.785217,0.915365,0.141795,0.103216,1,1,1,0,0.321285
394,HAP_1,HAP,0.734567,0.922031,0.008474,0.119084,3,0,0,0,0.486339
394,HAP_2,HAP,0.592339,0.836548,0.423677,0.38119,1,1,1,1,0.223102
394,LEO_0,LEO,0.711134,0.90929,0.240894,0.104223,1,1,1,0,0.575646
394,LEO_1,LEO,0.680628,0.934596,0.084739,0.031202,3,0,0,0,0.635182
395,BS_0,BS,0.651758,0.826853,0.328082,0.279394,1,1,1,3,0.254348
395,BS_1,BS,0.668466,0.829528,0.30277,0.321374,1,1,1,4,0.677742
395,BS_2,BS,0.679401,0.837126,0.286544,0.240356,1,1,1,3,0.0
395,BS_3,BS,0.691789,0.825554,0.268475,0.339278,1,1,1,3,0.545341
395,BS_4,BS,0.653315,0.844332,0.325696,0.279336,1,1,1,2,0.69916
395,HAP_0,HAP,0.759832,0.922211,0.074658,0.085081,2,0,0,0,0.598783
395,HAP_1,HAP,0.661089,0.931788,0.013867,0.095353,4,0,0,0,0.498429
395,HAP_2,HAP,0.585811,0.835877,0.434758,0.390009,1,1,1,1,0.486367
395,LEO_0,LEO,0.799396,0.914594,0.123899,0.090286,1,1,1,0,0.512002
395,LEO_1,LEO,0.632608,0.936772,0.057904,0.02647,4,0,0,0,0.753087
396,BS_0,BS,0.686291,0.829955,0.276453,0.257907,1,1,1,4,0.0
396,BS_1,BS,0.646675,0.828482,0.335911,0.307875,1,1,1,3,0.0
396,BS_2,BS,0.66311,0.836124,0.310815,0.235758,1,1,1,4,0.0
396,BS_3,BS,0.648596,0.82547,0.332946,0.321306,1,1,1,3,0.539907
396,BS_4,BS,0.665361,0.84245,0.307426,0.265999,1,1,1,2,0.0
396,HAP_0,HAP,0.694811,0.928479,0.064115,0.069915,3,0,0,0,0.540383
396,HAP_1,HAP,0.893509,0.939651,0.012599,0.076354,1,1,0,0,0.502829
396,HAP_2,HAP,0.560797,0.831658,0.478396,0.414995,1,1,1,2,0.467758
396,LEO_0,LEO,0.791817,0.923393,0.033425,0.072732,2,0,0,0,0.649532
396,LEO_1,LEO,0.809908,0.936132,0.110835,0.026704,1,1,1,0,0.64378
397,BS_0,BS,0.663911,0.830399,0.309607,0.249461,1,1,1,3,0.0
397,BS_1,BS,0.629125,0.825983,0.363426,0.305735,1,1,1,4,0.0
397,BS_2,BS,0.654176,0.83445,0.324379,0.235956,1,1,1,3,0.0
397,BS_3,BS,0.516314,0.817869,0.56104,0.39869,1,1,1,2,0.0
397,BS_4,BS,0.72304,0.84597,0.224291,0.235437,1,1,1,2,0.0
397,HAP_0,HAP,0.666332,0.937854,0.005968,0.055948,4,0,0,0,0.435311
397,HAP_1,HAP,0.691932,0.926539,0.268267,0.093469,1,1,1,0,1.010078
397,HAP_2,HAP,0.58641,0.830376,0.433736,0.416654,1,1,1,1,0.563492
397,LEO_0,LEO,0.678447,0.926343,0.087949,0.061666,3,0,0,0,0.729937
397,LEO_1,LEO,0.76551,0.936895,0.067213,0.023396,2,0,0,0,0.831216
398,BS_0,BS,0.649678,0.829445,0.331278,0.248954,1,1,1,4,0.0
398,BS_1,BS,0.645575,0.825776,0.337613,0.295881,1,1,1,3,0.0
398,BS_2,BS,0.646339,0.832377,0.336431,0.239698,1,1,1,3,0.0
398,BS_3,BS,0.610649,0.816932,0.393233,0.388537,1,1,1,4,0.0
398,BS_4,BS,0.646021,0.841654,0.336923,0.239432,1,1,1,2,0.503805
398,HAP_0,HAP,0.895074,0.944988,0.010848,0.044811,1,1,0,0,0.466267
398,HAP_1,HAP,0.624763,0.916284,0.370383,0.136507,1,1,1,0,0.113466
398,HAP_2,HAP,0.571471,0.82593,0.459542,0.428353,1,1,1,2,0.742055
398,LEO_0,LEO,0.815203,0.927474,0.104318,0.05423,1,1,1,0,0.740184
398,LEO_1,LEO,0.748253,0.928297,0.190014,0.034964,1,1,1,0,1.02795
399,BS_0,BS,0.650875,0.82879,0.329437,0.248001,1,1,1,4,0.0
399,BS_1,BS,0.653411,0.826137,0.325549,0.284396,1,1,1,3,0.0
399,BS_2,BS,0.529242,0.823193,0.536309,0.321191,1,1,1,2,0.0
399,BS_3,BS,0.700902,0.823469,0.255387,0.340179,1,1,1,3,0.330744
399,BS_4,BS,0.49363,0.829456,0.605969,0.356785,1,1,1,2,0.0
399,HAP_0,HAP,0.616812,0.922639,0.38319,0.101925,1,1,1,0,1.178851
399,HAP_1,HAP,0.779637,0.925522,0.048926,0.110283,2,0,0,0,0.50311
399,HAP_2,HAP,0.538155,0.82323,0.519609,0.46418,1,1,1,1,0.419712
399,LEO_0,LEO,0.795721,0.932814,0.028507,0.04375,2,0,0,0,0.748376
399,LEO_1,LEO,0.74693,0.929258,0.091783,0.031762,2,0,0,0,0.738551
400,BS_0,BS,0.648577,0.828054,0.332974,0.248293,1,1,1,4,0.0
400,BS_1,BS,0.332871,0.796253,1.0,0.709761,1,1,1,1,0.0
400,BS_2,BS,0.805345,0.840844,0.116485,0.263058,1,1,1,2,0.0
400,BS_3,BS,0.671944,0.825969,0.297581,0.311993,1,1,1,3,0.607944
400,BS_4,BS,0.659653,0.83324,0.316042,0.330375,1,1,1,2,0.0
400,HAP_0,HAP,0.68115,0.916122,0.283973,0.117828,1,1,1,0,0.359822
400,HAP_1,HAP,0.728875,0.935362,0.016253,0.088345,3,0,0,0,0.395721
400,HAP_2,HAP,0.526208,0.81809,0.542059,0.503566,1,1,1,2,0.473122
400,LEO_0,LEO,0.714192,0.937577,0.036603,0.035603,3,0,0,0,0.623428
400,LEO_1,LEO,0.676265,0.930055,0.09117,0.02915,3,0,0,0,0.78837
401,BS_0,BS,0.648097,0.82742,0.333715,0.248749,1,1,1,4,0.0
401,BS_1,BS,0.480243,0.786063,0.633464,0.748383,1,1,1,3,0.0
401,BS_2,BS,0.71519,0.844418,0.235206,0.235342,1,1,1,3,2.216284
401,BS_3,BS,0.631588,0.825954,0.359519,0.307758,1,1,1,4,0.0
401,BS_4,BS,0.738777,0.841608,0.202759,0.2828,1,1,1,2,0.0
401,HAP_0,HAP,0.730816,0.917484,0.213594,0.114793,1,1,1,0,0.201052
401,HAP_1,HAP,0.63291,0.940147,0.057427,0.07216,4,0,0,0,0.485174
401,HAP_2,HAP,0.549059,0.816954,0.499549,0.51515,1,1,1,2,0.125148
401,LEO_0,LEO,0.65192,0.940946,0.027833,0.028831,4,0,0,0,0.768663
401,LEO_1,LEO,0.589196,0.91549,0.428996,0.106137,1,1,1,0,0.154716
402,BS_0,BS,0.612048,0.82558,0.390945,0.267777,1,1,1,3,0.0
402,BS_1,BS,0.65161,0.794566,0.328309,0.64721,1,1,1,4,0.0
402,BS_2,BS,0.703467,0.845602,0.251735,0.21679,1,1,1,4,0.56676
402,BS_3,BS,0.692702,0.830084,0.267155,0.278324,1,1,1,3,0.440644
402,BS_4,BS,0.647872,0.8395,0.334062,0.276459,1,1,1,2,0.69831
402,HAP_0,HAP,0.715653,0.913156,0.234559,0.116592,1,1,1,0,0.779748
402,HAP_1,HAP,0.814107,0.940357,0.105663,0.062752,1,1,1,0,0.560177
402,HAP_2,HAP,0.63936,0.82432,0.347287,0.466394,1,1,1,2,0.523586
402,LEO_0,LEO,0.783085,0.939226,0.144515,0.032463,1,1,1,0,0.421347
402,LEO_1,LEO,0.791498,0.918254,0.133827,0.092969,1,1,1,0,0.693201
403,BS_0,BS,0.703498,0.830782,0.251691,0.242728,1,1,1,4,0.0
403,BS_1,BS,0.564996,0.79724,0.470936,0.61757,1,1,1,2,0.0
403,BS_2,BS,0.693556,0.84556,0.265924,0.205254,1,1,1,4,0.0
403,BS_3,BS,0.723963,0.835756,0.223014,0.24504,1,1,1,3,0.457282
403,BS_4,BS,0.636725,0.841929,0.351417,0.276739,1,1,1,2,0.0
403,HAP_0,HAP,0.818269,0.919945,0.100564,0.097825,1,1,1,0,0.399252
403,HAP_1,HAP,0.531939,0.90734,0.531227,0.177193,1,1,1,0,1.498515
403,HAP_2,HAP,0.591596,0.823948,0.424931,0.45437,1,1,1,2,0.460387
403,LEO_0,LEO,0.760795,0.940583,0.073391,0.028394,2,0,0,0,0.677779
403,LEO_1,LEO,0.815962,0.924244,0.103387,0.079185,1,1,1,0,0.366804
404,BS_0,BS,0.524327,0.820739,0.545639,0.328157,1,1,1,2,0.340417
404,BS_1,BS,0.487549,0.796266,0.618365,0.666125,1,1,1,1,0.0
404,BS_2,BS,0.640491,0.840724,0.34552,0.217926,1,1,1,4,0.0
404,BS_3,BS,0.683928,0.836825,0.279902,0.231287,1,1,1,3,0.677348
404,BS_4,BS,0.680993,0.845344,0.284204,0.257739,1,1,1,3,0.0
404,HAP_0,HAP,0.748319,0.916864,0.189926,0.094492,1,1,1,0,0.848377
404,HAP_1,HAP,0.567006,0.893361,0.467386,0.240056,1,1,1,0,0.231672
404,HAP_2,HAP,0.612412,0.823248,0.39035,0.432064,1,1,1,2,0.606499
404,LEO_0,LEO,0.729838,0.931053,0.214933,0.043503,1,1,1,0,0.904809
404,LEO_1,LEO,0.794648,0.93269,0.029856,0.06375,2,0,0,0,0.510363
405,BS_0,BS,0.76433,0.833945,0.168755,0.275341,1,1,1,3,0.0
405,BS_1,BS,0.5122,0.791983,0.569039,0.678612,1,1,1,3,0.0
405,BS_2,BS,0.637715,0.836759,0.349864,0.229423,1,1,1,4,0.0
405,BS_3,BS,0.597065,0.833435,0.415729,0.262804,1,1,1,2,0.0
405,BS_4,BS,0.712626,0.848851,0.238799,0.231852,1,1,1,3,0.0
405,HAP_0,HAP,0.768056,0.92349,0.063893,0.077431,2,0,0,0,0.578592
405,HAP_1,HAP,0.811371,0.903912,0.109029,0.197394,1,1,1,0,0.417623
405,HAP_2,HAP,0.58746,0.824974,0.431948,0.429611,1,1,1,1,0.425903
405,LEO_0,LEO,0.811455,0.932069,0.108926,0.040142,1,1,1,0,0.566895
405,LEO_1,LEO,0.792597,0.931752,0.132441,0.058893,1,1,1,0,0.683758
406,BS_0,BS,0.696228,0.836927,0.262078,0.251181,1,1,1,3,0.0
406,BS_1,BS,0.754238,0.81422,0.182047,0.557803,1,1,1,1,0.0
406,BS_2,BS,0.654029,0.834965,0.324603,0.230954,1,1,1,4,0.0
406,BS_3,BS,0.667431,0.834272,0.30432,0.251918,1,1,1,4,0.646269
406,BS_4,BS,0.661211,0.850322,0.313682,0.22976,1,1,1,2,0.0
406,HAP_0,HAP,0.753955,0.923457,0.182422,0.076919,1,1,1,0,0.394554
406,HAP_1,HAP,0.753635,0.904855,0.182846,0.17296,1,1,1,0,0.807178
406,HAP_2,HAP,0.58276,0.82695,0.43998,0.430801,1,1,1,1,0.387616
406,LEO_0,LEO,0.792931,0.933149,0.132019,0.039957,1,1,1,0,0.417173
406,LEO_1,LEO,0.814638,0.939121,0.005012,0.047126,2,0,0,0,0.586226
407,BS_0,BS,0.684887,0.83793,0.278502,0.235848,1,1,1,4,0.0
407,BS_1,BS,0.673019,0.821181,0.295982,0.485665,1,1,1,2,0.20803
407,BS_2,BS,0.6492,0.833058,0.332014,0.234368,1,1,1,5,0.0
407,BS_3,BS,0.697565,0.838845,0.260159,0.231991,1,1,1,4,0.0
407,BS_4,BS,0.638695,0.84537,0.348329,0.238408,1,1,1,3,0.0
407,HAP_0,HAP,0.691547,0.913666,0.268825,0.094056,1,1,1,0,1.011457
407,HAP_1,HAP,0.785771,0.914046,0.041089,0.139128,2,0,0,0,0.738909
407,HAP_2,HAP,0.547858,0.826256,0.501739,0.457925,1,1,1,1,0.380271
407,LEO_0,LEO,0.778567,0.937765,0.0503,0.033104,2,0,0,0,0.602331
407,LEO_1,LEO,0.723755,0.944192,0.023302,0.037945,3,0,0,0,0.563744
408,BS_0,BS,0.57519,0.83195,0.453055,0.281045,1,1,1,3,0.0
408,BS_1,BS,0.696306,0.832736,0.261966,0.419414,1,1,1,1,0.0
408,BS_2,BS,0.631472,0.829866,0.359702,0.245718,1,1,1,5,0.0
408,BS_3,BS,0.696934,0.840819,0.261064,0.216263,1,1,1,3,0.704422
408,BS_4,BS,0.62884,0.84419,0.363878,0.25031,1,1,1,2,0.0
408,HAP_0,HAP,0.754744,0.916667,0.081377,0.078224,2,0,0,0,0.948738
408,HAP_1,HAP,0.764304,0.911822,0.16879,0.124123,1,1,1,0,0.976652
408,HAP_2,HAP,0.50339,0.817621,0.586391,0.521074,1,1,1,1,0.617049
408,LEO_0,LEO,0.676888,0.938462,0.09025,0.030148,3,0,0,0,0.648473
408,LEO_1,LEO,0.66317,0.948816,0.010725,0.030408,4,0,0,0,0.594187
409,BS_0,BS,0.698736,0.835809,0.258483,0.254902,1,1,1,4,0.0
409,BS_1,BS,0.532006,0.830962,0.5311,0.462461,1,1,1,1,0.0
409,BS_2,BS,0.640775,0.828188,0.345077,0.250159,1,1,1,4,0.0
409,BS_3,BS,0.673624,0.840032,0.295084,0.212194,1,1,1,4,0.0
409,BS_4,BS,0.711786,0.847618,0.239978,0.226163,1,1,1,3,0.0
409,HAP_0,HAP,0.704124,0.90636,0.250801,0.090885,1,1,1,0,1.256054
409,HAP_1,HAP,0.780614,0.918531,0.047675,0.100321,2,0,0,0,0.776078
409,HAP_2,HAP,0.540897,0.815049,0.514526,0.535991,1,1,1,1,0.505815
409,LEO_0,LEO,0.66235,0.944892,0.011961,0.024183,4,0,0,0,0.486699
409,LEO_1,LEO,0.801059,0.947515,0.121821,0.031004,1,1,1,0,0.381165
410,BS_0,BS,0.677449,0.837939,0.289421,0.241615,1,1,1,3,0.207892
410,BS_1,BS,0.561838,0.82933,0.476542,0.472161,1,1,1,3,0.0
410,BS_2,BS,0.645076,0.827247,0.338387,0.251655,1,1,1,4,0.0
410,BS_3,BS,0.549364,0.82865,0.498993,0.281802,1,1,1,2,0.48539
410,BS_4,BS,0.745683,0.853269,0.193454,0.197771,1,1,1,2,0.0
410,HAP_0,HAP,0.740752,0.904911,0.200089,0.090724,1,1,1,0,0.723303
410,HAP_1,HAP,0.733557,0.9166,0.20985,0.100074,1,1,1,0,0.502537
410,HAP_2,HAP,0.648642,0.828312,0.332875,0.478655,1,1,1,0,0.264973
410,LEO_0,LEO,0.900477,0.950715,0.004831,0.019357,1,1,0,0,0.484573
410,LEO_1,LEO,0.690761,0.933171,0.269961,0.057599,1,1,1,0,0.974686
411,BS_0,BS,0.72011,0.841982,0.228351,0.216757,1,1,1,4,0.0
411,BS_1,BS,0.447149,0.807802,0.704864,0.601303,1,1,1,3,0.0
411,BS_2,BS,0.648073,0.826773,0.333752,0.25145,1,1,1,3,0.0
411,BS_3,BS,0.716335,0.834217,0.233607,0.249999,1,1,1,3,0.0
411,BS_4,BS,0.659417,0.85293,0.316399,0.203266,1,1,1,2,0.0
411,HAP_0,HAP,0.643992,0.899854,0.340069,0.12462,1,1,1,0,0.25455
411,HAP_1,HAP,0.720811,0.916785,0.227378,0.103324,1,1,1,0,0.215712
411,HAP_2,HAP,0.54073,0.829412,0.514835,0.502199,1,1,1,1,0.0
411,LEO_0,LEO,0.528752,0.915356,0.537236,0.145366,1,1,1,0,1.681719
411,LEO_1,LEO,0.602315,0.92039,0.406975,0.120612,1,1,1,0,0.0
412,BS_0,BS,0.685889,0.842029,0.27704,0.207944,1,1,1,4,0.488385
412,BS_1,BS,0.619885,0.815331,0.378221,0.545415,1,1,1,2,0.0
412,BS_2,BS,0.647712,0.82636,0.33431,0.251453,1,1,1,4,0.0
412,BS_3,BS,0.69391,0.836511,0.265413,0.231699,1,1,1,4,1.24101
412,BS_4,BS,0.676086,0.850718,0.291435,0.200833,1,1,1,3,0.0
412,HAP_0,HAP,0.75995,0.91184,0.074503,0.102194,2,0,0,0,0.354902
412,HAP_1,HAP,0.627787,0.902477,0.365554,0.142793,1,1,1,0,1.055921
412,HAP_2,HAP,0.514447,0.824428,0.564662,0.545239,1,1,1,1,0.474215
412,LEO_0,LEO,0.640137,0.905341,0.346073,0.170188,1,1,1,0,0.447823
412,LEO_1,LEO,0.765383,0.928309,0.067379,0.098533,2,0,0,0,0.451814
413,BS_0,BS,0.608314,0.835671,0.397063,0.237302,1,1,1,2,0.361282
413,BS_1,BS,0.644597,0.818273,0.339131,0.488087,1,1,1,2,0.707088
413,BS_2,BS,0.618684,0.823278,0.380161,0.266198,1,1,1,5,0.0
413,BS_3,BS,0.650365,0.834408,0.330222,0.23443,1,1,1,4,0.766131
413,BS_4,BS,0.70167,0.850597,0.254293,0.189766,1,1,1,2,0.239631
413,HAP_0,HAP,0.701001,0.920637,0.055246,0.083129,3,0,0,0,0.600615
413,HAP_1,HAP,0.702542,0.902673,0.25305,0.14305,1,1,1,0,0.290233
413,HAP_2,HAP,0.497292,0.816937,0.598577,0.597424,1,1,1,2,0.357327
413,LEO_0,LEO,0.807576,0.908527,0.113718,0.141969,1,1,1,0,0.960892
413,LEO_1,LEO,0.778799,0.928447,0.150002,0.088951,1,1,1,0,0.550942
414,BS_0,BS,0.756069,0.844024,0.179623,0.20436,1,1,1,3,0.0
414,BS_1,BS,0.642675,0.819638,0.342116,0.443139,1,1,1,2,0.0
414,BS_2,BS,0.644841,0.823297,0.338751,0.264597,1,1,1,5,0.0
414,BS_3,BS,0.575485,0.830498,0.452543,0.279702,1,1,1,2,0.0
414,BS_4,BS,0.696503,0.852564,0.261683,0.182628,1,1,1,2,0.0
414,HAP_0,HAP,0.663881,0.931385,0.009652,0.066545,4,0,0,0,0.430276
414,HAP_1,HAP,0.798837,0.911647,0.124599,0.121426,1,1,1,0,0.273815
414,HAP_2,HAP,0.544995,0.814689,0.506979,0.593601,1,1,1,1,0.608844
414,LEO_0,LEO,0.803815,0.909361,0.118386,0.119882,1,1,1,0,1.071622
414,LEO_1,LEO,0.793028,0.935616,0.031897,0.071619,2,0,0,0,0.523515
415,BS_0,BS,0.739006,0.850054,0.202449,0.181932,1,1,1,3,0.0
415,BS_1,BS,0.642798,0.82484,0.341925,0.407122,1,1,1,2,0.0
415,BS_2,BS,0.647848,0.823592,0.334099,0.261907,1,1,1,4,0.0
415,BS_3,BS,0.647705,0.830364,0.33432,0.274058,1,1,1,4,0.558271
415,BS_4,BS,0.683193,0.855291,0.280978,0.181629,1,1,1,2,0.0
415,HAP_0,HAP,0.824899,0.93348,0.092495,0.057086,1,1,0,0,0.646137
415,HAP_1,HAP,0.761154,0.912959,0.17292,0.110596,1,1,1,0,0.67251
415,HAP_2,HAP,0.522562,0.80852,0.549011,0.610517,1,1,1,2,0.395995
415,LEO_0,LEO,0.746095,0.913306,0.092902,0.09979,2,0,0,0,0.81717
415,LEO_1,LEO,0.679009,0.937209,0.087121,0.060711,3,0,0,0,0.626348
416,BS_0,BS,0.663641,0.846839,0.310014,0.188794,1,1,1,2,0.698232
416,BS_1,BS,0.817297,0.84192,0.101753,0.330357,1,1,1,2,0.0
416,BS_2,BS,0.5318,0.816268,0.531489,0.336642,1,1,1,3,0.0
416,BS_3,BS,0.693305,0.833519,0.266285,0.251155,1,1,1,3,0.0
416,BS_4,BS,0.81633,0.868756,0.102936,0.150071,1,1,1,2,0.0
416,HAP_0,HAP,0.620411,0.91268,0.377372,0.109753,1,1,1,0,1.280719
416,HAP_1,HAP,0.75714,0.919037,0.078207,0.091229,2,0,0,0,0.680114
416,HAP_2,HAP,0.661166,0.817954,0.313751,0.532711,1,1,1,2,0.55855
416,LEO_0,LEO,0.755774,0.912542,0.180014,0.094414,1,1,1,0,0.697553
416,LEO_1,LEO,0.667955,0.944859,0.003534,0.048574,4,0,0,0,0.435661
417,BS_0,BS,0.658447,0.843478,0.317871,0.196504,1,1,1,4,0.0
417,BS_1,BS,0.658266,0.843992,0.318146,0.309833,1,1,1,1,0.400498
417,BS_2,BS,0.692142,0.822793,0.267965,0.301626,1,1,1,3,0.0
417,BS_3,BS,0.669408,0.833775,0.301361,0.241792,1,1,1,3,0.663846
417,BS_4,BS,0.665651,0.870312,0.30699,0.162467,1,1,1,2,0.0
417,HAP_0,HAP,0.675838,0.906684,0.291803,0.126119,1,1,1,0,0.457497
417,HAP_1,HAP,0.704651,0.926012,0.050053,0.074111,3,0,0,0,0.610965
417,HAP_2,HAP,0.611391,0.823529,0.392019,0.495325,1,1,1,1,0.266187
417,LEO_0,LEO,0.732195,0.912664,0.211708,0.0957,1,1,1,0,0.400772
417,LEO_1,LEO,0.89735,0.950514,0.008309,0.03889,1,1,0,0,0.491862
418,BS_0,BS,0.711781,0.845399,0.239984,0.18312,1,1,1,4,0.0
418,BS_1,BS,0.578965,0.834312,0.446513,0.337585,1,1,1,3,0.0
418,BS_2,BS,0.668444,0.825238,0.302803,0.282561,1,1,1,5,0.0
418,BS_3,BS,0.649453,0.832131,0.331625,0.242923,1,1,1,4,0.0
418,BS_4,BS,0.703079,0.8757,0.252286,0.158615,1,1,1,2,0.0
418,HAP_0,HAP,0.80062,0.916842,0.022369,0.101121,2,0,0,0,0.746593
418,HAP_1,HAP,0.81751,0.930778,0.101492,0.063924,1,1,1,0,0.337377
418,HAP_2,HAP,0.607749,0.826416,0.397994,0.467539,1,1,1,1,0.634014
418,LEO_0,LEO,0.807821,0.923824,0.013415,0.076641,2,0,0,0,0.571204
418,LEO_1,LEO,0.775524,0.943996,0.154217,0.041815,1,1,1,0,0.773462
419,BS_0,BS,0.67002,0.843296,0.300448,0.187117,1,1,1,4,0.0
419,BS_1,BS,0.715238,0.841875,0.23514,0.294949,1,1,1,2,0.0
419,BS_2,BS,0.652888,0.825644,0.32635,0.273976,1,1,1,5,0.0
419,BS_3,BS,0.631223,0.8291,0.360096,0.252689,1,1,1,4,0.498164
419,BS_4,BS,0.670892,0.876199,0.299147,0.167162,1,1,1,2,0.0
419,HAP_0,HAP,0.680173,0.922802,0.085409,0.084179,3,0,0,0,0.514238
419,HAP_1,HAP,0.700458,0.921174,0.256021,0.080635,1,1,1,0,0.912305
419,HAP_2,HAP,0.561569,0.822677,0.477021,0.476429,1,1,1,2,0.63037
419,LEO_0,LEO,0.751219,0.919803,0.186058,0.076891,1,1,1,0,0.874003
419,LEO_1,LEO,0.757178,0.942635,0.078157,0.0362,2,0,0,0,0.804967
420,BS_0,BS,0.640479,0.838905,0.345539,0.203423,1,1,1,3,0.304699
420,BS_1,BS,0.695089,0.843384,0.263715,0.267254,1,1,1,3,0.790043
420,BS_2,BS,0.650841,0.825752,0.32949,0.268034,1,1,1,5,0.416062
420,BS_3,BS,0.641409,0.827635,0.344088,0.25543,1,1,1,3,0.537373
420,BS_4,BS,0.492085,0.851131,0.609104,0.300683,1,1,1,2,0.355315
420,HAP_0,HAP,0.669853,0.931362,0.000697,0.067344,4,0,0,0,0.716102
420,HAP_1,HAP,0.804573,0.924335,0.117443,0.070715,1,1,1,0,0.492471
420,HAP_2,HAP,0.58683,0.822297,0.43302,0.465521,1,1,1,1,0.594407
420,LEO_0,LEO,0.806154,0.927147,0.01548,0.061621,2,0,0,0,0.768516
420,LEO_1,LEO,0.732632,0.946575,0.011111,0.029016,3,0,0,0,0.661513
421,BS_0,BS,0.522628,0.827681,0.548885,0.298312,1,1,1,2,0.0
421,BS_1,BS,0.712891,0.845543,0.238427,0.239385,1,1,1,3,0.0
421,BS_2,BS,0.637865,0.824626,0.349628,0.269435,1,1,1,3,0.0
421,BS_3,BS,0.639562,0.82629,0.346972,0.258519,1,1,1,3,0.0
421,BS_4,BS,0.707072,0.852508,0.246622,0.267917,1,1,1,2,0.0
421,HAP_0,HAP,0.86432,0.934826,0.045812,0.054819,1,1,0,0,0.768404
421,HAP_1,HAP,0.747472,0.926729,0.091059,0.060303,2,0,0,0,0.770491
421,HAP_2,HAP,0.573316,0.820306,0.456318,0.466118,1,1,1,2,0.286387
421,LEO_0,LEO,0.727348,0.917807,0.21835,0.070751,1,1,1,0,1.157044
421,LEO_1,LEO,0.757099,0.93719,0.178262,0.037512,1,1,1,0,1.000062
422,BS_0,BS,0.661483,0.829247,0.313272,0.282812,1,1,1,4,0.0
422,BS_1,BS,0.588225,0.839373,0.430646,0.274963,1,1,1,2,0.0
422,BS_2,BS,0.64828,0.824695,0.333433,0.265578,1,1,1,4,0.0
422,BS_3,BS,0.459844,0.811341,0.676868,0.412983,1,1,1,1,0.0
422,BS_4,BS,0.747726,0.858633,0.190719,0.230702,1,1,1,2,0.0
422,HAP_0,HAP,0.601475,0.909856,0.40837,0.1189,1,1,1,0,2.254215
422,HAP_1,HAP,0.812235,0.930616,0.107966,0.053488,1,1,1,0,0.354364
422,HAP_2,HAP,0.663873,0.828455,0.309664,0.416046,1,1,1,1,0.595356
422,LEO_0,LEO,0.712987,0.913368,0.238292,0.082153,1,1,1,0,0.55229
422,LEO_1,LEO,0.683597,0.928296,0.280387,0.065387,1,1,1,0,0.344808
423,BS_0,BS,0.690359,0.832345,0.270544,0.259187,1,1,1,4,0.0
423,BS_1,BS,0.79657,0.851784,0.12744,0.227279,1,1,1,2,0.0
423,BS_2,BS,0.638974,0.823882,0.347891,0.266925,1,1,1,5,0.0
423,BS_3,BS,0.637504,0.814245,0.350195,0.385573,1,1,1,4,0.0
423,BS_4,BS,0.759162,0.862591,0.17554,0.198428,1,1,1,2,0.282396
423,HAP_0,HAP,0.638648,0.899928,0.348402,0.149743,1,1,1,0,0.543905
423,HAP_1,HAP,0.623415,0.911938,0.372542,0.105245,1,1,1,0,1.168002
423,HAP_2,HAP,0.61342,0.830372,0.388705,0.400828,1,1,1,2,0.385011
423,LEO_0,LEO,0.787395,0.921643,0.039025,0.066408,2,0,0,0,0.674213
423,LEO_1,LEO,0.776675,0.930289,0.152734,0.062807,1,1,1,0,0.282092
424,BS_0,BS,0.607971,0.827054,0.397628,0.278498,1,1,1,3,0.583032
424,BS_1,BS,0.729067,0.854054,0.21599,0.202816,1,1,1,2,0.391048
424,BS_2,BS,0.636231,0.822974,0.352193,0.269358,1,1,1,5,0.0
424,BS_3,BS,0.710204,0.822101,0.242203,0.334856,1,1,1,3,0.780911
424,BS_4,BS,0.777603,0.866224,0.151539,0.169076,1,1,1,2,0.453956
424,HAP_0,HAP,0.777518,0.909522,0.051648,0.120995,2,0,0,0,0.738994
424,HAP_1,HAP,0.724402,0.910458,0.222409,0.106456,1,1,1,0,0.463481
424,HAP_2,HAP,0.630734,0.832459,0.360872,0.379265,1,1,1,2,0.676671
424,LEO_0,LEO,0.69381,0.927069,0.065557,0.05506,3,0,0,0,0.621228
424,LEO_1,LEO,0.760455,0.927552,0.173838,0.063845,1,1,1,0,0.70156
425,BS_0,BS,0.731442,0.833886,0.212738,0.243164,1,1,1,4,0.661934
425,BS_1,BS,0.50951,0.838603,0.574305,0.310675,1,1,1,1,0.675646
425,BS_2,BS,0.636318,0.822256,0.352056,0.271261,1,1,1,5,0.0
425,BS_3,BS,0.697721,0.827132,0.259936,0.29829,1,1,1,4,0.35583
425,BS_4,BS,0.432118,0.842793,0.739057,0.381053,1,1,1,1,0.0
425,HAP_0,HAP,0.718677,0.909155,0.230343,0.120672,1,1,1,0,0.397178
425,HAP_1,HAP,0.817933,0.917407,0.100974,0.089753,1,1,1,0,0.468902
425,HAP_2,HAP,0.606972,0.831738,0.399273,0.375151,1,1,1,2,0.493084
425,LEO_0,LEO,0.75303,0.926096,0.18365,0.059226,1,1,1,0,0.409753
425,LEO_1,LEO,0.804718,0.935019,0.017263,0.05121,2,0,0,0,0.592095
426,BS_0,BS,0.672334,0.83429,0.296999,0.234225,1,1,1,3,0.361468
426,BS_1,BS,0.631953,0.839991,0.35894,0.306517,1,1,1,2,0.0
426,BS_2,BS,0.575096,0.818183,0.453218,0.309442,1,1,1,2,0.0
426,BS_3,BS,0.672326,0.828894,0.297012,0.278329,1,1,1,4,0.419253
426,BS_4,BS,0.677126,0.847796,0.289898,0.342661,1,1,1,2,0.0
426,HAP_0,HAP,0.747737,0.917909,0.090704,0.10024,2,0,0,0,0.380497
426,HAP_1,HAP,0.697297,0.909181,0.260544,0.102349,1,1,1,0,1.016471
426,HAP_2,HAP,0.642397,0.834695,0.342549,0.352923,1,1,1,2,0.560939
426,LEO_0,LEO,0.794523,0.933534,0.030013,0.047786,2,0,0,0,0.579182
426,LEO_1,LEO,0.680164,0.935881,0.085422,0.044252,3,0,0,0,0.726457
427,BS_0,BS,0.664806,0.833937,0.308259,0.230141,1,1,1,4,0.0
427,BS_1,BS,0.748775,0.852217,0.189316,0.261342,1,1,1,2,0.0
427,BS_2,BS,0.686885,0.823525,0.275589,0.281731,1,1,1,4,0.0
427,BS_3,BS,0.606865,0.82415,0.399448,0.294465,1,1,1,2,0.661499
427,BS_4,BS,0.795347,0.862674,0.128977,0.281614,1,1,1,2,0.0
427,HAP_0,HAP,0.761964,0.916105,0.171855,0.093482,1,1,1,0,0.889535
427,HAP_1,HAP,0.70342,0.907683,0.251802,0.110411,1,1,1,0,0.341363
427,HAP_2,HAP,0.626314,0.835366,0.367903,0.343247,1,1,1,2,0.3913
427,LEO_0,LEO,0.797063,0.932225,0.126821,0.045466,1,1,1,0,0.735668
427,LEO_1,LEO,0.664253,0.942568,0.009092,0.035438,4,0,0,0,0.523683
428,BS_0,BS,0.644845,0.831825,0.338745,0.235749,1,1,1,4,0.0
428,BS_1,BS,0.68754,0.85328,0.274635,0.243014,1,1,1,2,0.316168
428,BS_2,BS,0.678825,0.826679,0.287392,0.262552,1,1,1,4,0.0
428,BS_3,BS,0.785472,0.835832,0.141471,0.244578,1,1,1,2,0.668023
428,BS_4,BS,0.687366,0.868076,0.274888,0.259295,1,1,1,1,0.0
428,HAP_0,HAP,0.744422,0.921207,0.095147,0.07886,2,0,0,0,0.548229
428,HAP_1,HAP,0.78213,0.91878,0.045734,0.08927,2,0,0,0,0.464003
428,HAP_2,HAP,0.661777,0.837263,0.312826,0.318635,1,1,1,2,0.624885
428,LEO_0,LEO,0.765863,0.93416,0.066752,0.038378,2,0,0,0,0.776968
428,LEO_1,LEO,0.888913,0.947528,0.017756,0.028493,1,1,0,0,0.54288
429,BS_0,BS,0.639813,0.830659,0.34658,0.242652,1,1,1,3,0.0
429,BS_1,BS,0.647693,0.848657,0.334339,0.244714,1,1,1,2,0.0
429,BS_2,BS,0.515118,0.817574,0.563359,0.352859,1,1,1,2,0.0
429,BS_3,BS,0.715929,0.839616,0.234175,0.22034,1,1,1,4,0.0
429,BS_4,BS,0.484961,0.845009,0.623687,0.382479,1,1,1,2,0.0
429,HAP_0,HAP,0.698073,0.926896,0.059432,0.064677,3,0,0,0,0.663764
429,HAP_1,HAP,0.715795,0.927138,0.034361,0.071948,3,0,0,0,0.612447
429,HAP_2,HAP,0.695944,0.841096,0.262486,0.285912,1,1,1,2,0.66358
429,LEO_0,LEO,0.78247,0.934176,0.1453,0.040203,1,1,1,0,0.363849
429,LEO_1,LEO,0.684134,0.931538,0.279601,0.057974,1,1,1,0,1.07704
430,BS_0,BS,0.67141,0.831823,0.298376,0.234185,1,1,1,2,0.663766
430,BS_1,BS,0.709394,0.853053,0.243344,0.222418,1,1,1,3,0.0
430,BS_2,BS,0.653371,0.820529,0.32561,0.329997,1,1,1,5,0.0
430,BS_3,BS,0.694189,0.840792,0.265012,0.207876,1,1,1,4,0.623023
430,BS_4,BS,0.849867,0.861392,0.062676,0.307751,1,1,1,2,0.0
430,HAP_0,HAP,0.634278,0.931635,0.055268,0.053116,4,0,0,0,0.658178
430,HAP_1,HAP,0.643491,0.934564,0.040847,0.058309,4,0,0,0,0.441396
430,HAP_2,HAP,0.615234,0.840478,0.385753,0.295692,1,1,1,1,0.551992
430,LEO_0,LEO,0.76088,0.936976,0.07328,0.034579,2,0,0,0,0.635256
430,LEO_1,LEO,0.787188,0.930092,0.139288,0.055109,1,1,1,0,0.604842
431,BS_0,BS,0.646817,0.830357,0.335691,0.238058,1,1,1,4,0.0
431,BS_1,BS,0.690611,0.851978,0.270178,0.210783,1,1,1,3,0.561296
431,BS_2,BS,0.667089,0.823334,0.304832,0.305813,1,1,1,5,0.0
431,BS_3,BS,0.663172,0.839041,0.310721,0.209747,1,1,1,3,0.0
431,BS_4,BS,0.613037,0.851583,0.38933,0.314411,1,1,1,2,1.983142
431,HAP_0,HAP,0.727459,0.928094,0.218197,0.063917,1,1,1,0,0.351124
431,HAP_1,HAP,0.811934,0.937467,0.108336,0.051929,1,1,1,0,0.343056
431,HAP_2,HAP,0.560133,0.837629,0.479581,0.340053,1,1,1,1,0.175928
431,LEO_0,LEO,0.767867,0.9324,0.164139,0.039787,1,1,1,0,0.767239
431,LEO_1,LEO,0.811019,0.93195,0.109464,0.04948,1,1,1,0,0.525033
432,BS_0,BS,0.654073,0.829821,0.324536,0.237842,1,1,1,3,0.0
432,BS_1,BS,0.706157,0.85275,0.247918,0.196285,1,1,1,2,0.0
432,BS_2,BS,0.628122,0.821806,0.365021,0.304609,1,1,1,3,0.0
432,BS_3,BS,0.490747,0.822066,0.611826,0.336247,1,1,1,2,0.578248
432,BS_4,BS,0.477722,0.837738,0.638727,0.435117,1,1,1,1,0.0
432,HAP_0,HAP,0.770063,0.934941,0.061283,0.052824,2,0,0,0,0.379142
432,HAP_1,HAP,0.792274,0.936001,0.132848,0.049485,1,1,1,0,0.658081
432,HAP_2,HAP,0.543219,0.82905,0.510243,0.389199,1,1,1,2,0.562912
432,LEO_0,LEO,0.77286,0.936487,0.057657,0.033325,2,0,0,0,0.563508
432,LEO_1,LEO,0.685685,0.918875,0.277337,0.074196,1,1,1,0,1.116691
433,BS_0,BS,0.651622,0.829161,0.32829,0.238772,1,1,1,3,0.0
433,BS_1,BS,0.528177,0.840995,0.538323,0.287434,1,1,1,2,0.0
433,BS_2,BS,0.647791,0.822402,0.334187,0.293944,1,1,1,4,0.0
433,BS_3,BS,0.766954,0.836781,0.165329,0.281298,1,1,1,3,0.0
433,BS_4,BS,0.571254,0.834343,0.459921,0.443281,1,1,1,2,0.0
433,HAP_0,HAP,0.790351,0.93303,0.135279,0.050494,1,1,1,0,0.75431
433,HAP_1,HAP,0.764349,0.940105,0.06873,0.041714,2,0,0,0,0.42145
433,HAP_2,HAP,0.602296,0.831311,0.407007,0.385903,1,1,1,1,0.534187
433,LEO_0,LEO,0.731449,0.941395,0.012728,0.026733,3,0,0,0,0.729411
433,LEO_1,LEO,0.746783,0.917248,0.191981,0.075942,1,1,1,0,0.540515
434,BS_0,BS,0.497575,0.817652,0.59801,0.351945,1,1,1,2,0.0
434,BS_1,BS,0.62277,0.8366,0.373578,0.29275,1,1,1,3,0.0
434,BS_2,BS,0.649298,0.823011,0.331863,0.284715,1,1,1,5,0.0
434,BS_3,BS,0.647184,0.835127,0.335125,0.275577,1,1,1,3,0.543209
434,BS_4,BS,0.638523,0.835879,0.348597,0.409308,1,1,1,2,0.0
434,HAP_0,HAP,0.762543,0.932324,0.171096,0.053569,1,1,1,0,0.309065
434,HAP_1,HAP,0.714343,0.943752,0.036392,0.033967,3,0,0,0,0.654292
434,HAP_2,HAP,0.493332,0.817952,0.606572,0.474291,1,1,1,3,0.271146
434,LEO_0,LEO,0.662545,0.945752,0.011667,0.021448,4,0,0,0,0.657276
434,LEO_1,LEO,0.785344,0.925016,0.041634,0.061534,2,0,0,0,0.627238
435,BS_0,BS,0.724484,0.826824,0.222296,0.303793,1,1,1,2,0.580907
435,BS_1,BS,0.69793,0.838945,0.259636,0.264535,1,1,1,3,0.658257
435,BS_2,BS,0.641235,0.822748,0.344359,0.281134,1,1,1,5,0.0
435,BS_3,BS,0.660386,0.834368,0.314931,0.265093,1,1,1,2,0.634043
435,BS_4,BS,0.800568,0.850022,0.122434,0.334192,1,1,1,2,0.0
435,HAP_0,HAP,0.729609,0.925369,0.215246,0.063704,1,1,1,0,0.851119
435,HAP_1,HAP,0.667476,0.94908,0.004253,0.027182,4,0,0,0,0.55461
435,HAP_2,HAP,0.710795,0.828834,0.241371,0.40565,1,1,1,3,0.546832
435,LEO_0,LEO,0.83595,0.946199,0.079187,0.01998,1,1,0,0,0.539825
435,LEO_1,LEO,0.7156,0.931545,0.034633,0.049767,3,0,0,0,0.641578
436,BS_0,BS,0.684355,0.829911,0.279278,0.278132,1,1,1,3,0.0
436,BS_1,BS,0.339674,0.807699,0.97977,0.643605,1,1,1,1,0.0
436,BS_2,BS,0.626349,0.821128,0.367848,0.285798,1,1,1,3,0.0
436,BS_3,BS,0.504494,0.825345,0.584199,0.365655,1,1,1,2,0.0
436,BS_4,BS,0.716265,0.851991,0.233705,0.291932,1,1,1,2,0.551704
436,HAP_0,HAP,0.792134,0.927379,0.133025,0.058926,1,1,1,0,0.42743
436,HAP_1,HAP,0.885751,0.952702,0.021319,0.02195,1,1,0,0,0.518716
436,HAP_2,HAP,0.62608,0.826762,0.368277,0.385553,1,1,1,3,0.679544
436,LEO_0,LEO,0.711925,0.933086,0.239783,0.041857,1,1,1,0,1.044433
436,LEO_1,LEO,0.784556,0.931908,0.142638,0.048969,1,1,1,0,0.436444
437,BS_0,BS,0.670248,0.834027,0.300108,0.263035,1,1,1,2,0.0
437,BS_1,BS,0.71635,0.825887,0.233586,0.539437,1,1,1,2,0.0
437,BS_2,BS,0.621817,0.820923,0.37511,0.291956,1,1,1,3,0.0
437,BS_3,BS,0.731689,0.839705,0.2124,0.312825,1,1,1,2,0.0
437,BS_4,BS,0.785102,0.861633,0.141942,0.242612,1,1,1,2,0.0
437,HAP_0,HAP,0.759243,0.930912,0.075434,0.049702,2,0,0,0,0.68478
437,HAP_1,HAP,0.595499,0.925438,0.418356,0.09632,1,1,1,0,1.320717
437,HAP_2,HAP,0.647153,0.831318,0.335172,0.358995,1,1,1,2,0.450622
437,LEO_0,LEO,0.649874,0.922809,0.330976,0.082781,1,1,1,0,0.238076
437,LEO_1,LEO,0.807408,0.935203,0.113926,0.045016,1,1,1,0,0.316823
438,BS_0,BS,0.78328,0.84589,0.144265,0.219794,1,1,1,3,0.0
438,BS_1,BS,0.661519,0.833593,0.313217,0.475697,1,1,1,2,0.0
438,BS_2,BS,0.678764,0.824795,0.287481,0.270756,1,1,1,5,0.0
438,BS_3,BS,0.683267,0.843688,0.28087,0.285759,1,1,1,2,0.338757
438,BS_4,BS,0.745669,0.864583,0.193473,0.210934,1,1,1,2,0.0
438,HAP_0,HAP,0.718743,0.937127,0.030251,0.040173,3,0,0,0,0.561799
438,HAP_1,HAP,0.580898,0.91004,0.44318,0.16544,1,1,1,0,0.174389
438,HAP_2,HAP,0.63688,0.831831,0.351174,0.342692,1,1,1,3,0.361025
438,LEO_0,LEO,0.756175,0.925376,0.179483,0.080721,1,1,1,0,0.167761
438,LEO_1,LEO,0.675405,0.922399,0.292443,0.074498,1,1,1,0,0.939901
439,BS_0,BS,0.679701,0.845011,0.286102,0.212669,1,1,1,4,0.685222
439,BS_1,BS,0.667309,0.83786,0.304502,0.422282,1,1,1,3,0.0
439,BS_2,BS,0.667849,0.826676,0.303693,0.258108,1,1,1,4,0.0
439,BS_3,BS,0.729591,0.850172,0.215271,0.249461,1,1,1,1,0.636833
439,BS_4,BS,0.597107,0.854969,0.415659,0.246494,1,1,1,1,0.612166
439,HAP_0,HAP,0.764297,0.931708,0.168799,0.04496,1,1,1,0,0.838519
439,HAP_1,HAP,0.77481,0.918847,0.055137,0.13372,2,0,0,0,0.641532
439,HAP_2,HAP,0.776395,0.84388,0.153095,0.2847,1,1,1,3,0.460342
439,LEO_0,LEO,0.727397,0.921288,0.218283,0.086018,1,1,1,0,0.686832
439,LEO_1,LEO,0.767988,0.9232,0.163981,0.071699,1,1,1,0,0.40456
440,BS_0,BS,0.490288,0.827857,0.612763,0.339101,1,1,1,1,0.565303
440,BS_1,BS,0.745658,0.850531,0.193489,0.354673,1,1,1,2,0.0
440,BS_2,BS,0.654405,0.826911,0.324029,0.253734,1,1,1,4,0.0
440,BS_3,BS,0.710752,0.854481,0.241431,0.225799,1,1,1,2,0.529704
440,BS_4,BS,0.724961,0.860899,0.221637,0.219301,1,1,1,2,0.0
440,HAP_0,HAP,0.744767,0.933747,0.094684,0.040002,2,0,0,0,0.545732
440,HAP_1,HAP,0.74041,0.929987,0.000551,0.106976,3,0,0,0,0.485269
440,HAP_2,HAP,0.619519,0.84351,0.378811,0.292334,1,1,1,1,0.502559
440,LEO_0,LEO,0.751218,0.925316,0.086059,0.072148,2,0,0,0,0.671018
440,LEO_1,LEO,0.744412,0.926051,0.09516,0.061434,2,0,0,0,0.727905
441,BS_0,BS,0.6118,0.824527,0.391351,0.3402,1,1,1,3,0.0
441,BS_1,BS,0.745625,0.861661,0.193532,0.300593,1,1,1,1,0.0
441,BS_2,BS,0.637778,0.825546,0.349765,0.258038,1,1,1,3,0.0
441,BS_3,BS,0.643276,0.854693,0.341182,0.233022,1,1,1,1,0.0
441,BS_4,BS,0.740545,0.865426,0.200368,0.193507,1,1,1,2,0.0
441,HAP_0,HAP,0.772836,0.932542,0.157689,0.043192,1,1,1,0,0.475764
441,HAP_1,HAP,0.622814,0.935633,0.073507,0.088012,4,0,0,0,0.36688
441,HAP_2,HAP,0.614592,0.840994,0.386797,0.301193,1,1,1,3,0.352152
441,LEO_0,LEO,0.809494,0.926642,0.111345,0.063297,1,1,1,0,0.70253
441,LEO_1,LEO,0.722145,0.933554,0.02553,0.04944,3,0,0,0,0.549364
442,BS_0,BS,0.702909,0.829615,0.252528,0.300857,1,1,1,4,0.0
442,BS_1,BS,0.556312,0.847958,0.486426,0.346949,1,1,1,2,0.0
442,BS_2,BS,0.642564,0.8249,0.342288,0.259153,1,1,1,5,0.0
442,BS_3,BS,0.579012,0.845085,0.446433,0.276103,1,1,1,3,0.0
442,BS_4,BS,0.652463,0.858466,0.327001,0.202924,1,1,1,3,0.0
442,HAP_0,HAP,0.741443,0.931605,0.199157,0.052402,1,1,1,0,0.185105
442,HAP_1,HAP,0.818804,0.938961,0.099911,0.074902,1,1,0,0,0.345145
442,HAP_2,HAP,0.692635,0.845199,0.267253,0.273095,1,1,1,3,0.388657
442,LEO_0,LEO,0.575426,0.900769,0.452644,0.142837,1,1,1,0,1.503902
442,LEO_1,LEO,0.80439,0.936177,0.117671,0.045783,1,1,1,0,0.306974
443,BS_0,BS,0.673215,0.830979,0.295691,0.28003,1,1,1,4,0.835239
443,BS_1,BS,0.827876,0.861482,0.088892,0.281115,1,1,1,2,0.0
443,BS_2,BS,0.647757,0.824865,0.334239,0.257594,1,1,1,4,0.0
443,BS_3,BS,0.720465,0.849016,0.227859,0.244246,1,1,1,3,0.0
443,BS_4,BS,0.689544,0.855619,0.271725,0.195565,1,1,1,3,0.0
443,HAP_0,HAP,0.58845,0.909937,0.430263,0.125228,1,1,1,0,1.129389
443,HAP_1,HAP,0.555819,0.91077,0.487312,0.166784,1,1,1,0,1.306223
443,HAP_2,HAP,0.740435,0.854151,0.200517,0.236569,1,1,1,3,0.320098
443,LEO_0,LEO,0.524709,0.884066,0.544911,0.247887,1,1,1,0,0.14716
443,LEO_1,LEO,0.504541,0.901174,0.584106,0.190158,1,1,1,0,1.531747
444,BS_0,BS,0.647615,0.829722,0.334459,0.274363,1,1,1,4,0.0
444,BS_1,BS,0.725779,0.861645,0.22051,0.246773,1,1,1,2,1.688454
444,BS_2,BS,0.643475,0.82444,0.340872,0.258363,1,1,1,4,0.0
444,BS_3,BS,0.529754,0.834253,0.535343,0.324364,1,1,1,1,0.906115
444,BS_4,BS,0.642125,0.850968,0.342972,0.209385,1,1,1,2,0.0
444,HAP_0,HAP,0.773945,0.912678,0.156254,0.111169,1,1,1,0,0.498778
444,HAP_1,HAP,0.616281,0.901636,0.384052,0.199801,1,1,1,0,0.213148
444,HAP_2,HAP,0.645422,0.849054,0.337851,0.24062,1,1,1,3,1.621552
444,LEO_0,LEO,0.766453,0.894294,0.165982,0.210707,1,1,1,0,0.278575
444,LEO_1,LEO,0.631844,0.89381,0.359114,0.210159,1,1,1,0,0.379757
445,BS_0,BS,0.650554,0.828983,0.329932,0.268475,1,1,1,4,0.0
445,BS_1,BS,0.773276,0.865026,0.157119,0.208527,1,1,1,2,0.364184
445,BS_2,BS,0.646274,0.82436,0.336531,0.257654,1,1,1,5,0.0
445,BS_3,BS,0.567119,0.824804,0.467187,0.357709,1,1,1,3,0.0
445,BS_4,BS,0.464752,0.834161,0.666252,0.36726,1,1,1,1,0.0
445,HAP_0,HAP,0.780762,0.92164,0.047485,0.08995,2,0,0,0,0.559203
445,HAP_1,HAP,0.880026,0.914968,0.027803,0.160188,1,1,1,0,0.485604
445,HAP_2,HAP,0.673754,0.849841,0.29489,0.231628,1,1,1,2,0.625075
445,LEO_0,LEO,0.786409,0.901417,0.140278,0.177421,1,1,1,0,0.625214
445,LEO_1,LEO,0.902538,0.908274,0.002544,0.16813,1,1,1,0,0.68813
446,BS_0,BS,0.591926,0.825326,0.424373,0.295822,1,1,1,3,0.0
446,BS_1,BS,0.484238,0.846962,0.625179,0.342703,1,1,1,2,0.0
446,BS_2,BS,0.62864,0.822636,0.364197,0.265811,1,1,1,5,0.0
446,BS_3,BS,0.768324,0.837134,0.163544,0.298204,1,1,1,3,0.0
446,BS_4,BS,0.53603,0.822588,0.523565,0.417162,1,1,1,3,0.0
446,HAP_0,HAP,0.689848,0.918739,0.271284,0.105078,1,1,1,0,0.14567
446,HAP_1,HAP,0.529459,0.887027,0.5359,0.257386,1,1,1,0,1.482466
446,HAP_2,HAP,0.593356,0.846492,0.421961,0.265425,1,1,1,3,0.0
446,LEO_0,LEO,0.774054,0.913428,0.056113,0.143353,2,0,0,0,0.402344
446,LEO_1,LEO,0.579063,0.886514,0.446344,0.224155,1,1,1,0,1.642229
447,BS_0,BS,0.682707,0.83207,0.281689,0.272364,1,1,1,2,0.0
447,BS_1,BS,0.782485,0.860834,0.145281,0.283661,1,1,1,2,0.0
447,BS_2,BS,0.642975,0.82261,0.341649,0.265175,1,1,1,4,0.0
447,BS_3,BS,0.730701,0.842303,0.213751,0.259123,1,1,1,2,1.172752
447,BS_4,BS,0.714928,0.829849,0.235573,0.358702,1,1,1,3,0.0
447,HAP_0,HAP,0.798939,0.930046,0.024471,0.084332,2,0,0,0,0.377209
447,HAP_1,HAP,0.649498,0.883515,0.331556,0.255377,1,1,1,0,0.456788
447,HAP_2,HAP,0.704972,0.852736,0.249597,0.240375,1,1,1,3,0.23545
447,LEO_0,LEO,0.65516,0.901346,0.322876,0.161595,1,1,1,0,1.144513
447,LEO_1,LEO,0.564205,0.875971,0.472337,0.27972,1,1,1,0,0.279419
448,BS_0,BS,0.686612,0.834839,0.275986,0.252167,1,1,1,4,0.0
448,BS_1,BS,0.764568,0.869373,0.168445,0.239697,1,1,1,2,0.0
448,BS_2,BS,0.534906,0.815682,0.525665,0.336485,1,1,1,3,0.0
448,BS_3,BS,0.807133,0.85207,0.114267,0.213174,1,1,1,2,0.481579
448,BS_4,BS,0.39015,0.808196,0.841224,0.605408,1,1,1,1,0.0
448,HAP_0,HAP,0.815801,0.933158,0.103585,0.072294,1,1,1,0,0.496024
448,HAP_1,HAP,0.755256,0.891473,0.180699,0.218995,1,1,1,0,0.406838
448,HAP_2,HAP,0.645218,0.852206,0.338168,0.243761,1,1,1,1,0.767883
448,LEO_0,LEO,0.798593,0.906401,0.124904,0.136296,1,1,1,0,0.647118
448,LEO_1,LEO,0.879716,0.893192,0.028156,0.224133,1,1,1,0,0.614355
449,BS_0,BS,0.652311,0.836243,0.327234,0.249921,1,1,1,2,0.0
449,BS_1,BS,0.619914,0.867665,0.378174,0.256114,1,1,1,1,0.0
449,BS_2,BS,0.678872,0.821133,0.287322,0.306338,1,1,1,4,0.0
449,BS_3,BS,0.710228,0.852143,0.242169,0.19693,1,1,1,3,0.299074
449,BS_4,BS,0.488852,0.796573,0.615696,0.654913,1,1,1,3,0.0
449,HAP_0,HAP,0.767861,0.937363,0.064147,0.059687,2,0,0,0,0.547788
449,HAP_1,HAP,0.885852,0.907184,0.021205,0.175398,1,1,1,0,0.477735
449,HAP_2,HAP,0.571222,0.842617,0.459977,0.290219,1,1,1,3,0.474008
449,LEO_0,LEO,0.716014,0.907031,0.234056,0.133689,1,1,1,0,0.326157
449,LEO_1,LEO,0.883376,0.907494,0.024004,0.179565,1,1,1,0,0.555039
450,BS_0,BS,0.658094,0.835491,0.318407,0.245559,1,1,1,4,0.0
450,BS_1,BS,0.667335,0.868742,0.304463,0.246605,1,1,1,2,0.0
450,BS_2,BS,0.684517,0.82533,0.279041,0.280109,1,1,1,5,0.0
450,BS_3,BS,0.520474,0.837206,0.553016,0.295166,1,1,1,1,0.475122
450,BS_4,BS,0.677032,0.805248,0.290037,0.561785,1,1,1,3,0.0
450,HAP_0,HAP,0.678008,0.938893,0.088597,0.051282,3,0,0,0,0.577345
450,HAP_1,HAP,0.7091,0.902681,0.243758,0.167057,1,1,1,0,0.937133
450,HAP_2,HAP,0.649788,0.841273,0.331109,0.28151,1,1,1,3,0.475883
450,LEO_0,LEO,0.746568,0.913957,0.092268,0.110782,2,0,0,0,0.665334
450,LEO_1,LEO,0.785316,0.917179,0.04167,0.144434,2,0,0,0,0.649061
451,BS_0,BS,0.68467,0.836784,0.278818,0.23143,1,1,1,4,0.592796
451,BS_1,BS,0.686351,0.869629,0.276366,0.231655,1,1,1,2,0.0
451,BS_2,BS,0.657631,0.82615,0.319112,0.269912,1,1,1,6,0.0
451,BS_3,BS,0.727557,0.845553,0.218064,0.257531,1,1,1,1,0.566192
451,BS_4,BS,0.685341,0.813487,0.277839,0.484166,1,1,1,2,0.0
451,HAP_0,HAP,0.723213,0.929957,0.224052,0.063615,1,1,1,0,0.822155
451,HAP_1,HAP,0.77491,0.910309,0.055009,0.135007,2,0,0,0,0.855866
451,HAP_2,HAP,0.71774,0.848724,0.231648,0.249356,1,1,1,2,0.386529
451,LEO_0,LEO,0.793634,0.916583,0.131133,0.096364,1,1,1,0,0.68605
451,LEO_1,LEO,0.707197,0.924568,0.046446,0.116518,3,0,0,0,0.640591
452,BS_0,BS,0.660577,0.835573,0.314642,0.229694,1,1,1,4,0.0
452,BS_1,BS,0.79448,0.880195,0.130068,0.192937,1,1,1,2,0.0
452,BS_2,BS,0.652827,0.82634,0.326443,0.263884,1,1,1,6,0.0
452,BS_3,BS,0.634558,0.840927,0.354827,0.262681,1,1,1,2,0.601111
452,BS_4,BS,0.356963,0.790357,0.930124,0.776642,1,1,1,1,0.0
452,HAP_0,HAP,0.798755,0.927572,0.1247,0.05789,1,1,1,0,0.921153
452,HAP_1,HAP,0.776851,0.913674,0.152506,0.118472,1,1,1,0,0.464429
452,HAP_2,HAP,0.70449,0.85253,0.250281,0.227673,1,1,1,2,0.673599
452,LEO_0,LEO,0.778796,0.924695,0.050007,0.078216,2,0,0,0,0.528538
452,LEO_1,LEO,0.817485,0.926349,0.101523,0.097852,1,1,1,0,0.742069
453,BS_0,BS,0.642332,0.832904,0.342649,0.236589,1,1,1,3,0.0
453,BS_1,BS,0.595862,0.875268,0.417747,0.23288,1,1,1,1,0.0
453,BS_2,BS,0.645742,0.825832,0.337355,0.262321,1,1,1,5,0.0
453,BS_3,BS,0.703004,0.846188,0.252393,0.238811,1,1,1,2,0.0
453,BS_4,BS,0.700294,0.809651,0.256256,0.650863,1,1,1,2,0.0
453,HAP_0,HAP,0.703224,0.922176,0.25208,0.074907,1,1,1,0,0.371782
453,HAP_1,HAP,0.750234,0.916628,0.18737,0.110576,1,1,1,0,0.248117
453,HAP_2,HAP,0.66568,0.851903,0.306946,0.224535,1,1,1,2,0.735088
453,LEO_0,LEO,0.797957,0.927778,0.125701,0.069683,1,1,1,0,0.4152
453,LEO_1,LEO,0.585347,0.901504,0.43555,0.163648,1,1,1,0,1.629371
454,BS_0,BS,0.637704,0.830331,0.349881,0.244359,1,1,1,4,0.0
454,BS_1,BS,0.598928,0.872999,0.412614,0.262916,1,1,1,1,0.0
454,BS_2,BS,0.648533,0.825683,0.333042,0.259769,1,1,1,5,0.0
454,BS_3,BS,0.810134,0.858488,0.110556,0.196549,1,1,1,2,0.413784
454,BS_4,BS,0.732406,0.827123,0.211421,0.540805,1,1,1,2,0.0
454,HAP_0,HAP,0.794038,0.929931,0.030624,0.060347,2,0,0,0,0.627615
454,HAP_1,HAP,0.777984,0.925842,0.05105,0.089633,2,0,0,0,0.472926
454,HAP_2,HAP,0.614442,0.849185,0.387041,0.247038,1,1,1,2,0.386986
454,LEO_0,LEO,0.799813,0.935656,0.023377,0.055993,2,0,0,0,0.534555
454,LEO_1,LEO,0.679446,0.896175,0.286478,0.16785,1,1,1,0,0.643806
455,BS_0,BS,0.646009,0.829049,0.336941,0.246575,1,1,1,4,0.0
455,BS_1,BS,0.53255,0.861218,0.530079,0.336776,1,1,1,1,0.0
455,BS_2,BS,0.641778,0.824936,0.343513,0.260916,1,1,1,5,0.0
455,BS_3,BS,0.687959,0.855984,0.274026,0.19103,1,1,1,3,1.107629
455,BS_4,BS,0.447253,0.817838,0.704631,0.656071,1,1,1,0,0.0
455,HAP_0,HAP,0.707335,0.934963,0.04625,0.04924,3,0,0,0,0.626524
455,HAP_1,HAP,0.71907,0.934807,0.029796,0.072106,3,0,0,0,0.399879
455,HAP_2,HAP,0.632255,0.848461,0.358462,0.255453,1,1,1,2,0.464344
455,LEO_0,LEO,0.693619,0.938775,0.065832,0.046744,3,0,0,0,0.595965
455,LEO_1,LEO,0.747631,0.899654,0.190846,0.15067,1,1,1,0,0.533495
456,BS_0,BS,0.5211,0.819678,0.551814,0.334284,1,1,1,2,0.0
456,BS_1,BS,0.62144,0.859887,0.375716,0.332944,1,1,1,1,0.0
456,BS_2,BS,0.625129,0.823999,0.369798,0.27027,1,1,1,4,0.0
456,BS_3,BS,0.688204,0.853494,0.273669,0.186526,1,1,1,4,0.647349
456,BS_4,BS,0.554785,0.818802,0.489175,0.632538,1,1,1,1,0.0
456,HAP_0,HAP,0.617032,0.936245,0.082835,0.04248,4,0,0,0,0.68926
456,HAP_1,HAP,0.622937,0.938716,0.07331,0.060103,4,0,0,0,0.489438
456,HAP_2,HAP,0.594454,0.841393,0.420113,0.283785,1,1,1,2,0.551222
456,LEO_0,LEO,0.658712,0.945421,0.017469,0.037533,4,0,0,0,0.423854
456,LEO_1,LEO,0.760584,0.909999,0.073668,0.122978,2,0,0,0,0.517015
457,BS_0,BS,0.665634,0.823231,0.307015,0.309844,1,1,1,4,0.0
457,BS_1,BS,0.581378,0.851731,0.442353,0.354409,1,1,1,2,0.0
457,BS_2,BS,0.683471,0.827613,0.280571,0.251641,1,1,1,4,0.0
457,BS_3,BS,0.700137,0.852431,0.256479,0.178823,1,1,1,4,0.718518
457,BS_4,BS,0.513252,0.810371,0.566989,0.650695,1,1,1,2,0.0
457,HAP_0,HAP,0.811425,0.93858,0.108964,0.039327,1,1,1,0,0.315918
457,HAP_1,HAP,0.827708,0.940659,0.089095,0.051655,1,1,0,0,0.502716
457,HAP_2,HAP,0.706743,0.846016,0.247089,0.254502,1,1,1,2,0.680964
457,LEO_0,LEO,0.854219,0.947206,0.057567,0.031518,1,1,0,0,0.595785
457,LEO_1,LEO,0.71139,0.919767,0.040534,0.099122,3,0,0,0,0.592453
458,BS_0,BS,0.691854,0.827664,0.268381,0.280288,1,1,1,4,0.0
458,BS_1,BS,0.68057,0.852417,0.284824,0.320034,1,1,1,2,0.0
458,BS_2,BS,0.627982,0.825225,0.365244,0.261344,1,1,1,6,0.0
458,BS_3,BS,0.663904,0.848373,0.309617,0.186197,1,1,1,4,0.506503
458,BS_4,BS,0.745116,0.824986,0.194215,0.53753,1,1,1,2,0.0
458,HAP_0,HAP,0.692504,0.9266,0.267441,0.063648,1,1,1,0,0.930156
458,HAP_1,HAP,0.805732,0.939126,0.116004,0.04738,1,1,1,0,0.680895
458,HAP_2,HAP,0.685937,0.848651,0.27697,0.238122,1,1,1,2,0.553898
458,LEO_0,LEO,0.679396,0.93077,0.286551,0.062164,1,1,1,0,1.083343
458,LEO_1,LEO,0.618935,0.923424,0.079754,0.08216,4,0,0,0,0.805569
459,BS_0,BS,0.665551,0.828739,0.30714,0.266681,1,1,1,4,0.0
459,BS_1,BS,0.797778,0.863962,0.125925,0.263163,1,1,1,2,0.0
459,BS_2,BS,0.60061,0.820601,0.40981,0.28465,1,1,1,4,0.0
459,BS_3,BS,0.639878,0.843766,0.346478,0.202979,1,1,1,3,0.0
459,BS_4,BS,0.643574,0.825215,0.340719,0.482264,1,1,1,1,1.695141
459,HAP_0,HAP,0.764659,0.930791,0.068325,0.053019,2,0,0,0,0.593293
459,HAP_1,HAP,0.56007,0.909231,0.479694,0.141452,1,1,1,0,2.164748
459,HAP_2,HAP,0.635898,0.849202,0.352717,0.246482,1,1,1,2,0.317144
459,LEO_0,LEO,0.731268,0.926089,0.212975,0.070143,1,1,1,0,0.473419
459,LEO_1,LEO,0.743276,0.92348,0.196688,0.083137,1,1,1,0,0.242131
460,BS_0,BS,0.635161,0.826766,0.353877,0.269698,1,1,1,3,0.0
460,BS_1,BS,0.686464,0.864505,0.276202,0.244859,1,1,1,2,0.44493
460,BS_2,BS,0.649696,0.821608,0.33125,0.277097,1,1,1,5,0.0
460,BS_3,BS,0.671191,0.842261,0.298702,0.202533,1,1,1,4,0.0
460,BS_4,BS,0.68152,0.829777,0.283429,0.421961,1,1,1,2,0.0
460,HAP_0,HAP,0.699886,0.934661,0.056838,0.043869,3,0,0,0,0.660512
460,HAP_1,HAP,0.723536,0.905474,0.223605,0.135661,1,1,1,0,0.72967
460,HAP_2,HAP,0.650542,0.850676,0.329949,0.246176,1,1,1,2,0.407036
460,LEO_0,LEO,0.793713,0.932157,0.031033,0.056548,2,0,0,0,0.712829
460,LEO_1,LEO,0.745771,0.927736,0.093337,0.07043,2,0,0,0,0.594562
461,BS_0,BS,0.648089,0.826391,0.333727,0.265876,1,1,1,3,0.628743
461,BS_1,BS,0.731813,0.869179,0.21223,0.216156,1,1,1,2,0.0
461,BS_2,BS,0.648288,0.822282,0.33342,0.271704,1,1,1,5,0.0
461,BS_3,BS,0.651988,0.83918,0.327729,0.210359,1,1,1,2,0.579399
461,BS_4,BS,0.761799,0.842191,0.172073,0.350893,1,1,1,2,0.0
461,HAP_0,HAP,0.632931,0.937731,0.057394,0.036577,4,0,0,0,0.655161
461,HAP_1,HAP,0.783434,0.91323,0.044068,0.109403,2,0,0,0,0.850724
461,HAP_2,HAP,0.626782,0.847883,0.367157,0.257602,1,1,1,2,0.454555
461,LEO_0,LEO,0.738307,0.939085,0.003396,0.045243,3,0,0,0,0.633398
461,LEO_1,LEO,0.746462,0.92371,0.192411,0.073004,1,1,1,0,0.730573
462,BS_0,BS,0.638095,0.825157,0.349267,0.267596,1,1,1,4,0.630523
462,BS_1,BS,0.780703,0.878217,0.14756,0.182723,1,1,1,1,0.0
462,BS_2,BS,0.639323,0.821985,0.347346,0.271655,1,1,1,5,0.0
462,BS_3,BS,0.693082,0.840354,0.266606,0.200273,1,1,1,3,0.571112
462,BS_4,BS,0.805303,0.854507,0.116537,0.286826,1,1,1,2,0.0
462,HAP_0,HAP,0.752599,0.93448,0.184223,0.044534,1,1,1,0,0.417567
462,HAP_1,HAP,0.746803,0.91278,0.191954,0.104103,1,1,1,0,0.573193
462,HAP_2,HAP,0.580543,0.843813,0.443791,0.294709,1,1,1,0,0.7175
462,LEO_0,LEO,0.668041,0.944728,0.003405,0.0362,4,0,0,0,0.63101
462,LEO_1,LEO,0.77569,0.928561,0.054002,0.059715,2,0,0,0,0.722521
463,BS_0,BS,0.491687,0.813686,0.609912,0.381473,1,1,1,2,0.0
463,BS_1,BS,0.667056,0.872948,0.304882,0.188008,1,1,1,2,0.0
463,BS_2,BS,0.629208,0.821227,0.363294,0.276716,1,1,1,3,0.0
463,BS_3,BS,0.665547,0.838856,0.307146,0.202671,1,1,1,3,0.0
463,BS_4,BS,0.735996,0.856763,0.20653,0.248655,1,1,1,2,3.543144
463,HAP_0,HAP,0.785753,0.93603,0.141112,0.044588,1,1,1,0,0.269625
463,HAP_1,HAP,0.717812,0.912942,0.231548,0.107409,1,1,1,0,0.26648
463,HAP_2,HAP,0.578505,0.842249,0.447308,0.325806,1,1,1,1,0.212393
463,LEO_0,LEO,0.878989,0.948091,0.028983,0.029338,1,1,0,0,0.585603
463,LEO_1,LEO,0.721921,0.934554,0.025839,0.048073,3,0,0,0,0.663894
464,BS_0,BS,0.666163,0.818606,0.30622,0.347376,1,1,1,4,0.0
464,BS_1,BS,0.819265,0.882464,0.099348,0.154848,1,1,1,2,0.0
464,BS_2,BS,0.594311,0.819967,0.420353,0.300887,1,1,1,3,0.0
464,BS_3,BS,0.651559,0.836382,0.328388,0.210664,1,1,1,3,0.0
464,BS_4,BS,0.788403,0.863827,0.137746,0.207462,1,1,1,2,0.0
464,HAP_0,HAP,0.798309,0.935919,0.12526,0.042731,1,1,1,0,0.596505
464,HAP_1,HAP,0.808743,0.921218,0.112275,0.0916,1,1,1,0,0.21523
464,HAP_2,HAP,0.551326,0.835735,0.495428,0.371096,1,1,1,2,0.373703
464,LEO_0,LEO,0.650256,0.927655,0.33039,0.072591,1,1,1,0,1.225544
464,LEO_1,LEO,0.746805,0.932648,0.191952,0.055039,1,1,1,0,0.266098
465,BS_0,BS,0.667863,0.825163,0.303672,0.319398,1,1,1,2,0.0
465,BS_1,BS,0.764249,0.885091,0.168862,0.136709,1,1,1,2,0.351901
465,BS_2,BS,0.706503,0.826769,0.247427,0.268258,1,1,1,3,0.0
465,BS_3,BS,0.473341,0.821118,0.64794,0.357453,1,1,1,3,0.0
465,BS_4,BS,0.612185,0.858335,0.390721,0.234668,1,1,1,2,0.0
465,HAP_0,HAP,0.756099,0.930253,0.179583,0.048697,1,1,1,0,0.828696
465,HAP_1,HAP,0.730367,0.918172,0.214209,0.093928,1,1,1,0,0.683711
465,HAP_2,HAP,0.595132,0.836957,0.418972,0.375869,1,1,1,1,0.484957
465,LEO_0,LEO,0.662956,0.918123,0.311047,0.101611,1,1,1,0,0.392364
465,LEO_1,LEO,0.780986,0.931025,0.147198,0.053781,1,1,1,0,0.695748
466,BS_0,BS,0.683514,0.834061,0.280508,0.290927,1,1,1,2,0.0
466,BS_1,BS,0.788289,0.890248,0.137891,0.117924,1,1,1,2,0.0
466,BS_2,BS,0.652022,0.826883,0.327677,0.262924,1,1,1,4,0.0
466,BS_3,BS,0.635305,0.821853,0.35365,0.342243,1,1,1,4,0.23639
466,BS_4,BS,0.641101,0.859603,0.344568,0.241162,1,1,1,1,0.0
466,HAP_0,HAP,0.744465,0.928255,0.195089,0.056085,1,1,1,0,0.33761
466,HAP_1,HAP,0.818606,0.929219,0.000153,0.075142,2,0,0,0,0.51492
466,HAP_2,HAP,0.511734,0.825411,0.569949,0.446874,1,1,1,2,0.552092
466,LEO_0,LEO,0.801981,0.922797,0.120671,0.087841,1,1,1,0,0.424171
466,LEO_1,LEO,0.817071,0.934409,0.10203,0.047709,1,1,1,0,0.379648
467,BS_0,BS,0.661307,0.83543,0.313536,0.276979,1,1,1,4,0.0
467,BS_1,BS,0.56814,0.879637,0.465387,0.191802,1,1,1,1,0.0
467,BS_2,BS,0.632279,0.825026,0.358425,0.26815,1,1,1,6,0.0
467,BS_3,BS,0.693466,0.826755,0.266053,0.305647,1,1,1,3,0.0
467,BS_4,BS,0.674002,0.865164,0.294522,0.231964,1,1,1,1,0.0
467,HAP_0,HAP,0.815062,0.937439,0.004491,0.044877,2,0,0,0,0.505816
467,HAP_1,HAP,0.81068,0.929827,0.109882,0.065547,1,1,1,0,0.736671
467,HAP_2,HAP,0.605872,0.828339,0.401087,0.429891,1,1,1,2,0.381205
467,LEO_0,LEO,0.812453,0.925338,0.107697,0.075492,1,1,1,0,0.693278
467,LEO_1,LEO,0.807439,0.93439,0.113887,0.044004,1,1,1,0,0.680749
468,BS_0,BS,0.547546,0.830574,0.502308,0.335124,1,1,1,1,0.0
468,BS_1,BS,0.655258,0.877998,0.322726,0.20031,1,1,1,1,0.0
468,BS_2,BS,0.645288,0.824743,0.338058,0.265948,1,1,1,5,0.0
468,BS_3,BS,0.599801,0.822493,0.411157,0.32059,1,1,1,3,0.511156
468,BS_4,BS,0.593389,0.858593,0.421905,0.265673,1,1,1,2,0.0
468,HAP_0,HAP,0.717801,0.943703,0.031563,0.03635,3,0,0,0,0.4219
468,HAP_1,HAP,0.808413,0.936665,0.012682,0.05251,2,0,0,0,0.630538
468,HAP_2,HAP,0.595654,0.828482,0.418095,0.422575,1,1,1,2,0.42057
468,LEO_0,LEO,0.776191,0.931754,0.053356,0.061675,2,0,0,0,0.503412
468,LEO_1,LEO,0.796683,0.940321,0.027298,0.035539,2,0,0,0,0.536496
469,BS_0,BS,0.554225,0.821522,0.490184,0.376225,1,1,1,3,0.0
469,BS_1,BS,0.619058,0.876391,0.379556,0.225077,1,1,1,1,0.0
469,BS_2,BS,0.623279,0.822429,0.372762,0.275286,1,1,1,3,0.0
469,BS_3,BS,0.729119,0.830191,0.215918,0.277452,1,1,1,3,0.0
469,BS_4,BS,0.703069,0.862141,0.2523,0.241183,1,1,1,2,0.0
469,HAP_0,HAP,0.812445,0.945288,0.107707,0.0343,1,1,1,0,0.292651
469,HAP_1,HAP,0.580364,0.909399,0.444099,0.130759,1,1,1,0,1.719105
469,HAP_2,HAP,0.604904,0.832136,0.402686,0.41103,1,1,1,1,0.314413
469,LEO_0,LEO,0.816086,0.934642,0.103236,0.054136,1,1,1,0,0.437974
469,LEO_1,LEO,0.76562,0.938777,0.16707,0.040991,1,1,1,0,0.293203
470,BS_0,BS,0.674749,0.824907,0.293415,0.339722,1,1,1,4,0.0
470,BS_1,BS,0.59503,0.871424,0.419143,0.259118,1,1,1,1,0.0
470,BS_2,BS,0.630754,0.821293,0.36084,0.278821,1,1,1,5,0.0
470,BS_3,BS,0.56159,0.82557,0.476983,0.324342,1,1,1,2,0.0
470,BS_4,BS,0.796901,0.871691,0.127025,0.200207,1,1,1,2,0.0
470,HAP_0,HAP,0.775069,0.948585,0.054803,0.028792,2,0,0,0,0.46435
470,HAP_1,HAP,0.590392,0.896351,0.426969,0.186644,1,1,1,0,0.361602
470,HAP_2,HAP,0.539035,0.823981,0.517974,0.449558,1,1,1,2,0.574709
470,LEO_0,LEO,0.772222,0.930951,0.158483,0.054611,1,1,1,0,0.792548
470,LEO_1,LEO,0.746695,0.940157,0.092098,0.03661,2,0,0,0,0.580954
471,BS_0,BS,0.448297,0.810101,0.7023,0.493729,1,1,1,2,0.0
471,BS_1,BS,0.60228,0.866617,0.407033,0.281848,1,1,1,1,0.0
471,BS_2,BS,0.636601,0.820938,0.351611,0.278691,1,1,1,5,0.0
471,BS_3,BS,0.789819,0.839885,0.135952,0.267791,1,1,1,2,0.391001
471,BS_4,BS,0.394476,0.841664,0.830196,0.470318,1,1,1,0,0.474665
471,HAP_0,HAP,0.733925,0.939632,0.209348,0.042755,1,1,1,0,0.725493
471,HAP_1,HAP,0.826891,0.906196,0.090082,0.152966,1,1,1,0,0.546232
471,HAP_2,HAP,0.634438,0.828992,0.355016,0.416363,1,1,1,1,0.525212
471,LEO_0,LEO,0.810173,0.93301,0.110508,0.049184,1,1,1,0,0.45874
471,LEO_1,LEO,0.743813,0.93347,0.195965,0.046569,1,1,1,0,0.728637
472,BS_0,BS,0.58501,0.808376,0.436126,0.480576,1,1,1,3,0.0
472,BS_1,BS,0.41947,0.833948,0.768763,0.491427,1,1,1,2,0.0
472,BS_2,BS,0.644625,0.821405,0.339087,0.274694,1,1,1,5,0.0
472,BS_3,BS,0.631864,0.835881,0.359081,0.272255,1,1,1,4,0.0
472,BS_4,BS,0.592586,0.845115,0.423259,0.456871,1,1,1,1,0.0
472,HAP_0,HAP,0.76258,0.942461,0.071048,0.036476,2,0,0,0,0.455818
472,HAP_1,HAP,0.726168,0.909308,0.219974,0.144148,1,1,1,0,0.16932
472,HAP_2,HAP,0.591985,0.830149,0.424274,0.414094,1,1,1,2,0.447346
472,LEO_0,LEO,0.811309,0.940546,0.009106,0.039385,2,0,0,0,0.536434
472,LEO_1,LEO,0.797757,0.9393,0.025952,0.037558,2,0,0,0,0.56754
473,BS_0,BS,0.680894,0.814933,0.284349,0.420845,1,1,1,4,0.0
473,BS_1,BS,0.772967,0.845007,0.15752,0.404307,1,1,1,2,0.0
473,BS_2,BS,0.631676,0.820562,0.359378,0.277874,1,1,1,5,0.0
473,BS_3,BS,0.694108,0.8379,0.265128,0.249436,1,1,1,4,0.238875
473,BS_4,BS,0.551507,0.843687,0.4951,0.475802,1,1,1,1,0.0
473,HAP_0,HAP,0.682548,0.941777,0.081923,0.032201,3,0,0,0,0.784982
473,HAP_1,HAP,0.813638,0.916368,0.10624,0.120398,1,1,1,0,0.526744
473,HAP_2,HAP,0.554262,0.824336,0.490119,0.439373,1,1,1,2,0.689201
473,LEO_0,LEO,0.669588,0.924402,0.301093,0.072304,1,1,1,0,1.113184
473,LEO_1,LEO,0.693119,0.942136,0.066554,0.03204,3,0,0,0,0.51584
474,BS_0,BS,0.668122,0.818807,0.303284,0.378068,1,1,1,3,0.0
474,BS_1,BS,0.517599,0.82922,0.558555,0.463838,1,1,1,1,1.082346
474,BS_2,BS,0.648144,0.821431,0.333642,0.272391,1,1,1,6,0.0
474,BS_3,BS,0.37519,0.811417,0.880323,0.548285,1,1,1,1,0.0
474,BS_4,BS,0.513513,0.835367,0.566479,0.525046,1,1,1,2,0.0
474,HAP_0,HAP,0.650862,0.945165,0.029457,0.026151,4,0,0,0,0.629245
474,HAP_1,HAP,0.511522,0.885932,0.570365,0.24271,1,1,1,0,2.279436
474,HAP_2,HAP,0.574779,0.82479,0.453769,0.444156,1,1,1,2,0.141426
474,LEO_0,LEO,0.677249,0.917419,0.289716,0.095614,1,1,1,0,0.340731
474,LEO_1,LEO,0.766212,0.939916,0.166297,0.038077,1,1,1,0,0.344048
475,BS_0,BS,0.599648,0.818257,0.411413,0.378622,1,1,1,3,0.0
475,BS_1,BS,0.630516,0.831858,0.361217,0.429786,1,1,1,2,0.0
475,BS_2,BS,0.640525,0.821417,0.345466,0.271619,1,1,1,6,0.0
475,BS_3,BS,0.517339,0.802374,0.559057,0.579273,1,1,1,4,0.388055
475,BS_4,BS,0.502555,0.822886,0.58805,0.575648,1,1,1,2,0.0
475,HAP_0,HAP,0.871562,0.948399,0.037469,0.021553,1,1,0,0,0.523434
475,HAP_1,HAP,0.744963,0.888767,0.194421,0.211178,1,1,1,0,0.715654
475,HAP_2,HAP,0.637145,0.830273,0.350758,0.410689,1,1,1,2,0.367546
475,LEO_0,LEO,0.814378,0.928107,0.005331,0.076504,2,0,0,0,0.570605
475,LEO_1,LEO,0.760761,0.942112,0.073436,0.032888,2,0,0,0,0.581506
476,BS_0,BS,0.705215,0.825229,0.249252,0.330854,1,1,1,4,0.0
476,BS_1,BS,0.711331,0.840195,0.240617,0.369882,1,1,1,2,0.0
476,BS_2,BS,0.616431,0.819105,0.383808,0.283584,1,1,1,5,0.0
476,BS_3,BS,0.685566,0.810605,0.277511,0.498074,1,1,1,3,0.0
476,BS_4,BS,0.659916,0.833552,0.315643,0.505352,1,1,1,2,0.0
476,HAP_0,HAP,0.653286,0.928691,0.32574,0.06499,1,1,1,0,1.173345
476,HAP_1,HAP,0.860921,0.899878,0.049753,0.170056,1,1,1,0,0.810962
476,HAP_2,HAP,0.639672,0.835701,0.346799,0.382672,1,1,1,2,0.420298
476,LEO_0,LEO,0.69187,0.93177,0.068357,0.063306,3,0,0,0,0.68904
476,LEO_1,LEO,0.701444,0.94528,0.054614,0.027653,3,0,0,0,0.506203
477,BS_0,BS,0.616196,0.822248,0.38419,0.331104,1,1,1,2,0.727218
477,BS_1,BS,0.723163,0.845975,0.22412,0.318509,1,1,1,2,0.0
477,BS_2,BS,0.636014,0.819132,0.352535,0.282794,1,1,1,6,0.0
477,BS_3,BS,0.679028,0.81633,0.287092,0.435549,1,1,1,4,0.0
477,BS_4,BS,0.699689,0.845667,0.25712,0.434032,1,1,1,1,0.0
477,HAP_0,HAP,0.662065,0.919388,0.312391,0.095907,1,1,1,0,0.340497
477,HAP_1,HAP,0.634218,0.88495,0.355363,0.192872,1,1,1,0,2.085497
477,HAP_2,HAP,0.592839,0.836937,0.422833,0.386592,1,1,1,1,0.22342
477,LEO_0,LEO,0.740755,0.930823,0.200085,0.06866,1,1,1,0,0.158077
477,LEO_1,LEO,0.772187,0.940021,0.158529,0.033431,1,1,1,0,0.708102
478,BS_0,BS,0.574674,0.821661,0.453952,0.357616,1,1,1,2,0.0
478,BS_1,BS,0.635836,0.846726,0.352815,0.310823,1,1,1,1,0.0
478,BS_2,BS,0.641599,0.819678,0.343791,0.279422,1,1,1,5,0.0
478,BS_3,BS,0.612642,0.816706,0.389974,0.416875,1,1,1,3,0.0
478,BS_4,BS,0.581038,0.840417,0.442939,0.435513,1,1,1,2,0.0
478,HAP_0,HAP,0.779272,0.918548,0.149396,0.086769,1,1,1,0,0.879338
478,HAP_1,HAP,0.693288,0.883412,0.26631,0.186212,1,1,1,0,0.730416
478,HAP_2,HAP,0.664505,0.847502,0.308713,0.352161,1,1,1,0,0.284218
478,LEO_0,LEO,0.658266,0.91761,0.318146,0.100476,1,1,1,0,0.9303
478,LEO_1,LEO,0.808847,0.93739,0.112145,0.032404,1,1,1,0,0.819958
479,BS_0,BS,0.637393,0.823325,0.350369,0.341334,1,1,1,3,0.0
479,BS_1,BS,0.37015,0.821973,0.893847,0.608192,1,1,1,0,0.0
479,BS_2,BS,0.648241,0.820733,0.333492,0.273585,1,1,1,5,0.0
479,BS_3,BS,0.703433,0.823666,0.251782,0.362027,1,1,1,3,0.0
479,BS_4,BS,0.82453,0.857986,0.092942,0.352298,1,1,1,2,0.0
479,HAP_0,HAP,0.752917,0.913503,0.183801,0.084617,1,1,1,0,1.088488
479,HAP_1,HAP,0.543191,0.874398,0.510293,0.26615,1,1,1,0,0.0
479,HAP_2,HAP,0.486313,0.832355,0.620904,0.455213,1,1,1,2,0.296787
479,LEO_0,LEO,0.674596,0.913869,0.293642,0.119182,1,1,1,0,0.126105
479,LEO_1,LEO,0.685865,0.92157,0.277075,0.06047,1,1,1,0,1.267254
480,BS_0,BS,0.690756,0.827866,0.269969,0.305865,1,1,1,3,0.0
480,BS_1,BS,0.575828,0.823962,0.451947,0.578468,1,1,1,1,0.0
480,BS_2,BS,0.63814,0.820634,0.349198,0.273741,1,1,1,6,0.0
480,BS_3,BS,0.637386,0.822992,0.35038,0.344867,1,1,1,4,1.838164
480,BS_4,BS,0.595675,0.847551,0.41806,0.360487,1,1,1,2,1.025682
480,HAP_0,HAP,0.679079,0.89952,0.287018,0.104765,1,1,1,0,2.073813
480,HAP_1,HAP,0.745675,0.887568,0.193465,0.229763,1,1,1,0,0.0
480,HAP_2,HAP,0.633858,0.835811,0.355931,0.42118,1,1,1,2,0.277259
480,LEO_0,LEO,0.783886,0.921156,0.143492,0.104611,1,1,1,0,0.101151
480,LEO_1,LEO,0.588108,0.906982,0.430845,0.131908,1,1,1,0,0.260025
481,BS_0,BS,0.656114,0.830756,0.321421,0.291182,1,1,1,3,0.0
481,BS_1,BS,0.624056,0.828189,0.371515,0.524885,1,1,1,2,0.0
481,BS_2,BS,0.634644,0.820226,0.354691,0.275605,1,1,1,5,0.0
481,BS_3,BS,0.652,0.824138,0.32771,0.324221,1,1,1,3,0.0
481,BS_4,BS,0.747938,0.852775,0.190435,0.304709,1,1,1,2,0.0
481,HAP_0,HAP,0.571878,0.885768,0.45883,0.178548,1,1,1,0,0.438215
481,HAP_1,HAP,0.530125,0.869033,0.534642,0.312439,1,1,1,0,1.10928
481,HAP_2,HAP,0.665605,0.840094,0.30706,0.379372,1,1,1,2,0.53921
481,LEO_0,LEO,0.58055,0.901882,0.443779,0.172312,1,1,1,0,1.018831
481,LEO_1,LEO,0.803244,0.918437,0.019097,0.105691,2,0,0,0,0.639746
482,BS_0,BS,0.708175,0.835451,0.245065,0.259971,1,1,1,3,0.0
482,BS_1,BS,0.720909,0.838772,0.227243,0.443146,1,1,1,2,0.0
482,BS_2,BS,0.647261,0.82108,0.335005,0.270987,1,1,1,6,0.0
482,BS_3,BS,0.659296,0.826332,0.316583,0.304478,1,1,1,3,0.0
482,BS_4,BS,0.608285,0.843625,0.397111,0.314731,1,1,1,1,1.135699
482,HAP_0,HAP,0.793768,0.895026,0.130964,0.150557,1,1,1,0,0.558307
482,HAP_1,HAP,0.688849,0.875615,0.272734,0.283424,1,1,1,0,0.182413
482,HAP_2,HAP,0.660539,0.843949,0.3147,0.348064,1,1,1,2,0.429014
482,LEO_0,LEO,0.744499,0.905643,0.195044,0.154968,1,1,1,0,0.309527
482,LEO_1,LEO,0.620361,0.900724,0.377454,0.148665,1,1,1,0,1.272191
483,BS_0,BS,0.672022,0.835623,0.297464,0.247795,1,1,1,4,0.741752
483,BS_1,BS,0.823834,0.855721,0.093786,0.358475,1,1,1,2,0.0
483,BS_2,BS,0.647817,0.821816,0.334147,0.267034,1,1,1,5,0.0
483,BS_3,BS,0.668659,0.82812,0.302481,0.284755,1,1,1,3,0.455008
483,BS_4,BS,0.743765,0.850134,0.196031,0.269077,1,1,1,2,0.0
483,HAP_0,HAP,0.80615,0.901237,0.115485,0.126447,1,1,1,0,0.838652
483,HAP_1,HAP,0.791286,0.886368,0.134096,0.234831,1,1,1,0,0.678491
483,HAP_2,HAP,0.636621,0.843416,0.351581,0.334075,1,1,1,2,0.512505
483,LEO_0,LEO,0.810084,0.918974,0.010618,0.124025,2,0,0,0,0.509002
483,LEO_1,LEO,0.71754,0.899897,0.231927,0.143137,1,1,1,0,0.561399
484,BS_0,BS,0.530216,0.826187,0.534471,0.326782,1,1,1,2,0.0
484,BS_1,BS,0.425035,0.83159,0.755583,0.543687,1,1,1,0,0.714788
484,BS_2,BS,0.611563,0.818948,0.391738,0.282683,1,1,1,4,0.0
484,BS_3,BS,0.644276,0.827159,0.339628,0.27971,1,1,1,4,0.0
484,BS_4,BS,0.796425,0.857849,0.127622,0.222591,1,1,1,2,0.503878
484,HAP_0,HAP,0.785306,0.911605,0.041682,0.101939,2,0,0,0,0.664062
484,HAP_1,HAP,0.759758,0.890313,0.174755,0.201607,1,1,1,0,0.885129
484,HAP_2,HAP,0.649243,0.846058,0.331948,0.316846,1,1,1,1,0.459365
484,LEO_0,LEO,0.769205,0.918254,0.162397,0.111088,1,1,1,0,0.774979
484,LEO_1,LEO,0.768572,0.90961,0.063221,0.116309,2,0,0,0,0.645115
485,BS_0,BS,0.704459,0.837168,0.250325,0.289624,1,1,1,2,0.0
485,BS_1,BS,0.59244,0.831251,0.423505,0.51566,1,1,1,2,0.0
485,BS_2,BS,0.63067,0.8185,0.360973,0.284782,1,1,1,5,0.0
485,BS_3,BS,0.647633,0.827152,0.334431,0.274098,1,1,1,3,0.0
485,BS_4,BS,0.63516,0.85542,0.353878,0.234426,1,1,1,2,0.0
485,HAP_0,HAP,0.695884,0.918959,0.062573,0.083313,3,0,0,0,0.649184
485,HAP_1,HAP,0.803666,0.899142,0.118572,0.167612,1,1,1,0,0.541798
485,HAP_2,HAP,0.587482,0.844646,0.43191,0.337422,1,1,1,1,0.315775
485,LEO_0,LEO,0.755717,0.921903,0.080088,0.091757,2,0,0,0,0.807327
485,LEO_1,LEO,0.750097,0.911786,0.187553,0.108876,1,1,1,0,0.418305
486,BS_0,BS,0.582089,0.829514,0.441132,0.319268,1,1,1,4,0.526368
486,BS_1,BS,0.600589,0.836398,0.409844,0.488116,1,1,1,1,0.0
486,BS_2,BS,0.6146,0.816593,0.386784,0.295147,1,1,1,6,0.0
486,BS_3,BS,0.631336,0.827553,0.359918,0.277572,1,1,1,3,0.0
486,BS_4,BS,0.814905,0.86873,0.104684,0.192472,1,1,1,2,0.0
486,HAP_0,HAP,0.725838,0.917739,0.220429,0.088516,1,1,1,0,0.361038
486,HAP_1,HAP,0.801297,0.91135,0.021524,0.134298,2,0,0,0,0.684191
486,HAP_2,HAP,0.556092,0.837931,0.486822,0.376586,1,1,1,2,0.374027
486,LEO_0,LEO,0.732151,0.9303,0.011768,0.073468,3,0,0,0,0.617244
486,LEO_1,LEO,0.817226,0.924079,0.00184,0.087102,2,0,0,0,0.538711
487,BS_0,BS,0.693395,0.832891,0.266155,0.287292,1,1,1,4,0.0
487,BS_1,BS,0.622305,0.842332,0.374326,0.453547,1,1,1,1,0.0
487,BS_2,BS,0.627059,0.816272,0.366714,0.296633,1,1,1,5,0.0
487,BS_3,BS,0.703942,0.832464,0.251059,0.250421,1,1,1,4,0.777351
487,BS_4,BS,0.665228,0.862915,0.307626,0.196563,1,1,1,2,0.286153
487,HAP_0,HAP,0.77979,0.918173,0.14873,0.080767,1,1,1,0,0.781764
487,HAP_1,HAP,0.690304,0.917434,0.070624,0.109683,3,0,0,0,0.759289
487,HAP_2,HAP,0.625001,0.840566,0.370002,0.362874,1,1,1,1,0.361083
487,LEO_0,LEO,0.608084,0.930238,0.097442,0.063047,4,0,0,0,0.856459
487,LEO_1,LEO,0.737836,0.933748,0.004034,0.069689,3,0,0,0,0.528069
488,BS_0,BS,0.672433,0.833552,0.296854,0.269488,1,1,1,3,0.0
488,BS_1,BS,0.473656,0.825168,0.647274,0.551371,1,1,1,2,0.0
488,BS_2,BS,0.64324,0.817543,0.341237,0.289706,1,1,1,5,0.0
488,BS_3,BS,0.60134,0.827941,0.408595,0.275464,1,1,1,2,0.440627
488,BS_4,BS,0.636978,0.860693,0.351021,0.212697,1,1,1,1,0.0
488,HAP_0,HAP,0.75664,0.921975,0.078867,0.067412,2,0,0,0,0.80156
488,HAP_1,HAP,0.666218,0.927322,0.006139,0.087764,4,0,0,0,0.596947
488,HAP_2,HAP,0.585044,0.835979,0.436069,0.37587,1,1,1,1,0.802563
488,LEO_0,LEO,0.885536,0.93588,0.021562,0.050647,1,1,0,0,0.67323
488,LEO_1,LEO,0.645723,0.938983,0.037385,0.05638,4,0,0,0,0.58978
489,BS_0,BS,0.550419,0.825987,0.497075,0.326778,1,1,1,2,0.0
489,BS_1,BS,0.784842,0.844035,0.142273,0.450205,1,1,1,2,0.0
489,BS_2,BS,0.647428,0.81895,0.334748,0.28219,1,1,1,4,0.0
489,BS_3,BS,0.439148,0.813857,0.722919,0.455547,1,1,1,1,0.0
489,BS_4,BS,0.724016,0.868222,0.222942,0.192524,1,1,1,2,0.0
489,HAP_0,HAP,0.733582,0.915196,0.209815,0.07374,1,1,1,0,1.028668
489,HAP_1,HAP,0.69004,0.923313,0.271006,0.103261,1,1,1,0,0.129106
489,HAP_2,HAP,0.571891,0.831701,0.458807,0.395423,1,1,1,2,0.393547
489,LEO_0,LEO,0.657626,0.917818,0.319119,0.086344,1,1,1,0,1.291948
489,LEO_1,LEO,0.888489,0.945154,0.018233,0.045254,1,1,0,0,0.47299
490,BS_0,BS,0.747153,0.836092,0.191485,0.277922,1,1,1,3,0.0
490,BS_1,BS,0.628316,0.840828,0.364712,0.420021,1,1,1,1,0.712223
490,BS_2,BS,0.645465,0.819893,0.337785,0.277096,1,1,1,4,0.0
490,BS_3,BS,0.508569,0.805056,0.576154,0.513816,1,1,1,3,0.0
490,BS_4,BS,0.519653,0.856189,0.554594,0.292428,1,1,1,0,0.465239
490,HAP_0,HAP,0.754902,0.914838,0.181168,0.073762,1,1,1,0,0.561192
490,HAP_1,HAP,0.792686,0.933128,0.032328,0.083079,2,0,0,0,0.390675
490,HAP_2,HAP,0.620945,0.834007,0.376512,0.380131,1,1,1,2,0.20165
490,LEO_0,LEO,0.539298,0.900186,0.517487,0.189582,1,1,1,0,0.083937
490,LEO_1,LEO,0.78862,0.94082,0.13747,0.044707,1,1,1,0,0.75844
491,BS_0,BS,0.574905,0.832829,0.45355,0.314906,1,1,1,2,0.0
491,BS_1,BS,0.549153,0.837378,0.499379,0.448237,1,1,1,1,0.0
491,BS_2,BS,0.638217,0.819969,0.349077,0.276512,1,1,1,6,0.0
491,BS_3,BS,0.700066,0.814358,0.25658,0.440678,1,1,1,2,0.693637
491,BS_4,BS,0.522508,0.843979,0.549116,0.36963,1,1,1,2,0.0
491,HAP_0,HAP,0.762348,0.917167,0.171352,0.072222,1,1,1,0,0.391519
491,HAP_1,HAP,0.706194,0.939815,0.047866,0.067494,3,0,0,0,0.387359
491,HAP_2,HAP,0.666201,0.840329,0.306164,0.346286,1,1,1,2,0.517637
491,LEO_0,LEO,0.89166,0.914477,0.01467,0.151763,1,1,1,0,0.523493
491,LEO_1,LEO,0.80986,0.941023,0.110894,0.0413,1,1,1,0,0.446044
492,BS_0,BS,0.613379,0.829171,0.388772,0.31994,1,1,1,3,0.0
492,BS_1,BS,0.538739,0.829049,0.518525,0.47958,1,1,1,2,0.0
492,BS_2,BS,0.629158,0.819173,0.363373,0.280627,1,1,1,4,0.0
492,BS_3,BS,0.674923,0.819186,0.293157,0.391216,1,1,1,4,0.0
492,BS_4,BS,0.713584,0.853277,0.237456,0.321077,1,1,1,2,0.0
492,HAP_0,HAP,0.743719,0.924474,0.096092,0.061933,2,0,0,0,0.326274
492,HAP_1,HAP,0.78314,0.937922,0.144443,0.063384,1,1,1,0,0.562615
492,HAP_2,HAP,0.604189,0.83749,0.403868,0.350428,1,1,1,2,0.632731
492,LEO_0,LEO,0.774342,0.915153,0.155742,0.132325,1,1,1,0,0.765694
492,LEO_1,LEO,0.791867,0.946005,0.033362,0.033541,2,0,0,0,0.476971
493,BS_0,BS,0.697618,0.832978,0.260084,0.286391,1,1,1,4,0.0
493,BS_1,BS,0.611688,0.826872,0.391533,0.452648,1,1,1,2,0.0
493,BS_2,BS,0.613487,0.817023,0.388597,0.292455,1,1,1,6,0.0
493,BS_3,BS,0.716462,0.826401,0.23343,0.337493,1,1,1,4,0.702643
493,BS_4,BS,0.692196,0.856384,0.267886,0.289155,1,1,1,1,0.556073
493,HAP_0,HAP,0.733582,0.934201,0.009816,0.04959,3,0,0,0,0.511223
493,HAP_1,HAP,0.764375,0.942415,0.068697,0.052831,2,0,0,0,0.343426
493,HAP_2,HAP,0.611147,0.835088,0.392417,0.349639,1,1,1,2,0.49687
493,LEO_0,LEO,0.758776,0.922083,0.076049,0.108463,2,0,0,0,0.507396
493,LEO_1,LEO,0.811324,0.94331,0.109088,0.032188,1,1,1,0,0.748258
494,BS_0,BS,0.664503,0.832909,0.308716,0.272001,1,1,1,4,0.526625
494,BS_1,BS,0.774324,0.839513,0.155765,0.373037,1,1,1,2,0.0
494,BS_2,BS,0.637839,0.817638,0.34967,0.288985,1,1,1,5,0.0
494,BS_3,BS,0.67434,0.828491,0.29402,0.308896,1,1,1,3,0.706993
494,BS_4,BS,0.656062,0.858702,0.321499,0.277837,1,1,1,1,0.0
494,HAP_0,HAP,0.806264,0.933774,0.115344,0.045659,1,1,1,0,0.713544
494,HAP_1,HAP,0.752278,0.935253,0.184649,0.057608,1,1,1,0,0.855044
494,HAP_2,HAP,0.666866,0.837811,0.305166,0.321618,1,1,1,1,0.840977
494,LEO_0,LEO,0.705674,0.928863,0.048603,0.087833,3,0,0,0,0.599057
494,LEO_1,LEO,0.781258,0.945919,0.04685,0.026738,2,0,0,0,0.566088
495,BS_0,BS,0.345563,0.803297,0.96258,0.634552,1,1,1,1,0.0
495,BS_1,BS,0.480115,0.827535,0.63373,0.479156,1,1,1,2,0.0
495,BS_2,BS,0.647625,0.819044,0.334443,0.281522,1,1,1,6,0.0
495,BS_3,BS,0.615652,0.826943,0.385074,0.313844,1,1,1,2,0.0
495,BS_4,BS,0.670572,0.863541,0.299624,0.262668,1,1,1,1,0.0
495,HAP_0,HAP,0.566916,0.905634,0.467544,0.134896,1,1,1,0,1.625359
495,HAP_1,HAP,0.757738,0.937672,0.077417,0.048783,2,0,0,0,0.545639
495,HAP_2,HAP,0.597998,0.836441,0.414167,0.334485,1,1,1,2,0.278339
495,LEO_0,LEO,0.659866,0.935766,0.015719,0.070378,4,0,0,0,0.650422
495,LEO_1,LEO,0.692847,0.947101,0.066945,0.023407,3,0,0,0,0.554159
496,BS_0,BS,0.50081,0.794091,0.591529,0.6651,1,1,1,3,0.0
496,BS_1,BS,0.679247,0.839684,0.286771,0.420331,1,1,1,1,0.0
496,BS_2,BS,0.636214,0.819102,0.352221,0.281044,1,1,1,4,0.0
496,BS_3,BS,0.699416,0.834581,0.25751,0.280915,1,1,1,3,0.0
496,BS_4,BS,0.420671,0.83179,0.765905,0.474109,1,1,1,3,0.0
496,HAP_0,HAP,0.675242,0.899406,0.292684,0.146465,1,1,1,0,0.609211
496,HAP_1,HAP,0.687592,0.939736,0.074559,0.041528,3,0,0,0,0.593878
496,HAP_2,HAP,0.606413,0.838398,0.400194,0.339658,1,1,1,1,0.360343
496,LEO_0,LEO,0.870154,0.940238,0.039085,0.05699,1,1,0,0,0.594279
496,LEO_1,LEO,0.756755,0.943018,0.178716,0.033098,1,1,1,0,0.352125
497,BS_0,BS,0.709634,0.811015,0.243005,0.558653,1,1,1,2,0.0
497,BS_1,BS,0.500541,0.825201,0.592066,0.494009,1,1,1,2,0.0
497,BS_2,BS,0.379902,0.796315,0.867842,0.563753,1,1,1,1,0.0
497,BS_3,BS,0.688174,0.836938,0.273714,0.258446,1,1,1,5,0.0
497,BS_4,BS,0.814126,0.847689,0.10564,0.38431,1,1,1,2,0.0
497,HAP_0,HAP,0.611926,0.893505,0.391143,0.186019,1,1,1,0,0.130396
497,HAP_1,HAP,0.612184,0.92716,0.390722,0.101921,1,1,1,0,0.0
497,HAP_2,HAP,0.668109,0.848358,0.303304,0.313123,1,1,1,0,0.351695
497,LEO_0,LEO,0.634172,0.919385,0.355434,0.102442,1,1,1,0,1.284138
497,LEO_1,LEO,0.641935,0.924193,0.343268,0.079503,1,1,1,0,1.104685
498,BS_0,BS,0.63055,0.813206,0.361162,0.50562,1,1,1,4,1.279545
498,BS_1,BS,0.829893,0.84516,0.086458,0.398571,1,1,1,2,0.0
498,BS_2,BS,0.540147,0.792718,0.515915,0.570778,1,1,1,5,0.0
498,BS_3,BS,0.64462,0.834344,0.339094,0.2585,1,1,1,5,0.0
498,BS_4,BS,0.672621,0.846076,0.296574,0.347028,1,1,1,3,1.736259
498,HAP_0,HAP,0.792905,0.905137,0.132052,0.156662,1,1,1,0,0.154204
498,HAP_1,HAP,0.766327,0.934409,0.066147,0.083506,2,0,0,0,0.389107
498,HAP_2,HAP,0.542765,0.841536,0.51108,0.368039,1,1,1,1,0.336937
498,LEO_0,LEO,0.617734,0.907919,0.381697,0.147515,1,1,1,0,0.298948
498,LEO_1,LEO,0.6191,0.913681,0.379489,0.128408,1,1,1,0,0.122289
499,BS_0,BS,0.73043,0.824651,0.214123,0.425128,1,1,1,3,0.0
499,BS_1,BS,0.64299,0.841668,0.341627,0.371376,1,1,1,2,3.493464
499,BS_2,BS,0.692306,0.803435,0.267728,0.488878,1,1,1,4,0.0
499,BS_3,BS,0.662634,0.833811,0.311533,0.250474,1,1,1,5,0.0
499,BS_4,BS,0.689805,0.845724,0.271347,0.310755,1,1,1,3,0.0
499,HAP_0,HAP,0.498194,0.877212,0.596766,0.285588,1,1,1,0,1.342844
499,HAP_1,HAP,0.662789,0.921822,0.311298,0.110413,1,1,1,0,0.794657
499,HAP_2,HAP,0.564706,0.839928,0.47145,0.394451,1,1,1,2,0.20505
499,LEO_0,LEO,0.788696,0.914321,0.137374,0.126504,1,1,1,0,0.354302
499,LEO_1,LEO,0.78779,0.92517,0.038524,0.103394,2,0,0,0,0.360419
500,BS_0,BS,0.56982,0.821178,0.462435,0.436333,1,1,1,1,0.39074
500,BS_1,BS,0.740395,0.846507,0.200571,0.315203,1,1,1,2,0.659763
500,BS_2,BS,0.676762,0.810387,0.290436,0.429061,1,1,1,4,0.0
500,BS_3,BS,0.480464,0.817246,0.633004,0.380691,1,1,1,1,0.456152
500,BS_4,BS,0.658502,0.843165,0.317788,0.294049,1,1,1,3,0.0
500,HAP_0,HAP,0.872932,0.890853,0.035897,0.22905,1,1,1,0,0.818058
500,HAP_1,HAP,0.747126,0.927246,0.091522,0.092099,2,0,0,0,0.414385
500,HAP_2,HAP,0.532299,0.83171,0.53055,0.442228,1,1,1,1,0.76763
500,LEO_0,LEO,0.742471,0.91244,0.197771,0.118805,1,1,1,0,0.799526
500,LEO_1,LEO,0.682472,0.929941,0.082034,0.085744,3,0,0,0,0.572449
