slot,ap_id,tier,fidelity,trust,mismatch,uncertainty,twin_age,sync_triggered,coordination_triggered,queue_size,local_load
1,BS_0,BS,0.332871,0.713787,1.0,1.156178,1,1,1,5,0.0
1,BS_1,BS,0.445442,0.873876,0.708689,0.226008,1,1,1,1,0.0
1,BS_2,BS,0.401628,0.710223,0.81223,0.296873,1,1,1,1,0.0
1,BS_3,BS,0.332871,0.855458,1.0,1.245047,1,1,1,8,0.0
1,BS_4,BS,0.332871,0.771814,1.0,1.216617,1,1,1,6,0.0
1,HAP_0,HAP,0.904837,0.924044,0.0,0.0,1,0,0,0,0.0
1,HAP_1,HAP,0.332871,0.787486,1.0,1.226133,1,1,1,12,0.0
1,HAP_2,HAP,0.904837,0.879443,0.0,0.0,1,0,0,0,0.0
1,LEO_0,LEO,0.904837,0.835385,0.0,0.0,1,0,0,0,0.0
1,LEO_1,LEO,0.904837,0.948381,0.0,0.0,1,0,0,0,0.0
2,BS_0,BS,0.652455,0.736409,0.327013,0.973064,1,1,1,5,0.0
2,BS_1,BS,0.477765,0.855737,0.638636,0.364341,1,1,1,2,0.0
2,BS_2,BS,0.537811,0.72965,0.520248,0.359294,1,1,1,2,0.0
2,BS_3,BS,0.656445,0.850111,0.320916,1.042382,1,1,1,5,0.0
2,BS_4,BS,0.627817,0.78052,0.365507,1.033411,1,1,1,7,0.0
2,HAP_0,HAP,0.40657,0.879235,0.8,0.288,1,1,1,0,1.886634
2,HAP_1,HAP,0.646276,0.794797,0.336528,1.031869,1,1,1,11,0.0
2,HAP_2,HAP,0.435538,0.848717,0.731173,0.240576,1,1,1,0,1.370949
2,LEO_0,LEO,0.40657,0.808308,0.8,0.288,1,1,1,0,1.601825
2,LEO_1,LEO,0.40657,0.898705,0.8,0.288,1,1,1,0,2.139123
3,BS_0,BS,0.667491,0.755873,0.304229,0.820101,1,1,1,6,0.985501
3,BS_1,BS,0.390713,0.821194,0.839783,0.608829,1,1,1,2,0.791974
3,BS_2,BS,0.502793,0.735003,0.587577,0.442796,1,1,1,2,0.775016
3,BS_3,BS,0.666711,0.846765,0.305398,0.875876,1,1,1,3,0.214718
3,BS_4,BS,0.670851,0.791464,0.299209,0.867016,1,1,1,6,0.423418
3,HAP_0,HAP,0.904319,0.893762,0.000573,0.2304,1,1,1,0,0.898925
3,HAP_1,HAP,0.671145,0.802911,0.29877,0.865664,1,1,1,13,0.716219
3,HAP_2,HAP,0.843919,0.864972,0.069699,0.194647,1,1,1,0,0.953255
3,LEO_0,LEO,0.857177,0.834611,0.054111,0.231718,1,1,1,0,0.798542
3,LEO_1,LEO,0.786016,0.898805,0.140778,0.239318,1,1,1,0,1.163958
4,BS_0,BS,0.653413,0.770166,0.325546,0.703772,1,1,1,5,0.0
4,BS_1,BS,0.865408,0.843567,0.044554,0.487956,1,1,1,2,0.0
4,BS_2,BS,0.825478,0.771734,0.091793,0.358029,1,1,1,2,0.0
4,BS_3,BS,0.660685,0.843543,0.314478,0.745204,1,1,1,5,0.0
4,BS_4,BS,0.645789,0.797934,0.337282,0.744804,1,1,1,6,0.0
4,HAP_0,HAP,0.678179,0.883791,0.288344,0.221734,1,1,1,0,3.580174
4,HAP_1,HAP,0.65306,0.807764,0.326086,0.740381,1,1,1,12,0.0
4,HAP_2,HAP,0.676901,0.8606,0.29023,0.193623,1,1,1,0,1.938957
4,LEO_0,LEO,0.65674,0.834703,0.320467,0.231589,1,1,1,0,1.520755
4,LEO_1,LEO,0.776899,0.896322,0.152445,0.201912,1,1,1,0,1.404209
5,BS_0,BS,0.64878,0.781173,0.332662,0.612817,1,1,1,6,0.739251
5,BS_1,BS,0.637586,0.839707,0.350066,0.445511,1,1,1,2,3.154281
5,BS_2,BS,0.646136,0.783031,0.336745,0.337452,1,1,1,1,2.853579
5,BS_3,BS,0.64409,0.83944,0.339916,0.648158,1,1,1,3,0.704047
5,BS_4,BS,0.594074,0.798102,0.420752,0.675508,1,1,1,9,0.0
5,HAP_0,HAP,0.569714,0.873162,0.462621,0.273695,1,1,1,0,0.416285
5,HAP_1,HAP,0.648416,0.811218,0.333223,0.642271,1,1,1,12,0.30418
5,HAP_2,HAP,0.566513,0.854315,0.468255,0.253566,1,1,1,0,0.409576
5,LEO_0,LEO,0.581641,0.835081,0.441901,0.273145,1,1,1,0,0.427026
5,LEO_1,LEO,0.813479,0.895956,0.106435,0.166628,1,1,1,0,2.14628
6,BS_0,BS,0.647665,0.789875,0.334381,0.540568,1,1,1,4,0.0
6,BS_1,BS,0.715422,0.845264,0.234883,0.381235,1,1,1,2,0.683431
6,BS_2,BS,0.728553,0.801175,0.216695,0.291092,1,1,1,1,0.53211
6,BS_3,BS,0.628249,0.834663,0.364819,0.578418,1,1,1,6,0.0
6,BS_4,BS,0.648062,0.803456,0.333769,0.590537,1,1,1,9,0.0
6,HAP_0,HAP,0.773074,0.883945,0.15738,0.230102,1,1,1,0,0.489789
6,HAP_1,HAP,0.648535,0.813992,0.333039,0.563729,1,1,1,12,0.258698
6,HAP_2,HAP,0.779711,0.869281,0.148832,0.212821,1,1,1,0,0.503476
6,LEO_0,LEO,0.739137,0.851469,0.202272,0.236928,1,1,1,0,0.403227
6,LEO_1,LEO,0.789405,0.899633,0.036476,0.133901,2,0,0,0,4.109696
7,BS_0,BS,0.646416,0.796722,0.336311,0.483352,1,1,1,4,0.880127
7,BS_1,BS,0.654954,0.845265,0.32319,0.351991,1,1,1,1,0.733888
7,BS_2,BS,0.689671,0.810198,0.271541,0.266054,1,1,1,2,1.092026
7,BS_3,BS,0.623826,0.830417,0.371884,0.524968,1,1,1,5,0.916134
7,BS_4,BS,0.642117,0.807185,0.342985,0.525367,1,1,1,7,1.379973
7,HAP_0,HAP,0.772206,0.889655,0.158503,0.195387,1,1,1,0,0.870321
7,HAP_1,HAP,0.646724,0.816043,0.335835,0.501736,1,1,1,11,1.220768
7,HAP_2,HAP,0.688026,0.869192,0.273929,0.204023,1,1,1,0,1.093597
7,LEO_0,LEO,0.733734,0.860388,0.209609,0.209313,1,1,1,0,0.914806
7,LEO_1,LEO,0.792645,0.899353,0.13238,0.115007,1,1,1,0,1.177698
8,BS_0,BS,0.637572,0.801372,0.350087,0.441834,1,1,1,5,0.29237
8,BS_1,BS,0.557637,0.832858,0.484047,0.387029,1,1,1,2,1.517703
8,BS_2,BS,0.677669,0.815923,0.289096,0.250453,1,1,1,2,0.421201
8,BS_3,BS,0.634177,0.828008,0.355427,0.476823,1,1,1,7,0.623299
8,BS_4,BS,0.612194,0.807306,0.390705,0.488986,1,1,1,5,0.576049
8,HAP_0,HAP,0.875479,0.901735,0.032985,0.156799,1,1,1,0,0.801486
8,HAP_1,HAP,0.637271,0.816801,0.350561,0.456691,1,1,1,12,0.891367
8,HAP_2,HAP,0.761234,0.873417,0.172814,0.176658,1,1,1,0,1.201014
8,LEO_0,LEO,0.780045,0.869599,0.148404,0.177361,1,1,1,0,1.020686
8,LEO_1,LEO,0.801443,0.901215,0.121341,0.098631,1,1,1,0,1.063147
9,BS_0,BS,0.64783,0.80605,0.334126,0.403705,1,1,1,5,0.539128
9,BS_1,BS,0.736844,0.839101,0.205379,0.328604,1,1,1,2,1.40732
9,BS_2,BS,0.684308,0.820999,0.279347,0.235478,1,1,1,2,1.442033
9,BS_3,BS,0.645102,0.827106,0.338346,0.432973,1,1,1,7,0.243869
9,BS_4,BS,0.62362,0.808512,0.372214,0.453534,1,1,1,8,0.49054
9,HAP_0,HAP,0.6318,0.886538,0.359183,0.183495,1,1,1,0,1.462104
9,HAP_1,HAP,0.64823,0.81843,0.33351,0.415406,1,1,1,13,0.624504
9,HAP_2,HAP,0.774059,0.875976,0.156107,0.152293,1,1,1,0,1.384649
9,LEO_0,LEO,0.692621,0.866271,0.267272,0.174035,1,1,1,0,1.426239
9,LEO_1,LEO,0.757434,0.896284,0.177818,0.093134,1,1,1,0,1.477634
10,BS_0,BS,0.648286,0.809835,0.333423,0.372991,1,1,1,6,0.536854
10,BS_1,BS,0.690597,0.842251,0.270199,0.295737,1,1,1,1,0.654592
10,BS_2,BS,0.626714,0.823305,0.367265,0.24908,1,1,1,1,0.679694
10,BS_3,BS,0.646129,0.826479,0.336756,0.397411,1,1,1,6,1.236612
10,BS_4,BS,0.617908,0.808925,0.381417,0.428292,1,1,1,8,0.575269
10,HAP_0,HAP,0.75829,0.889058,0.176689,0.160845,1,1,1,0,0.863898
10,HAP_1,HAP,0.64609,0.819535,0.336816,0.383375,1,1,1,11,0.769233
10,HAP_2,HAP,0.804889,0.87908,0.117051,0.127999,1,1,1,0,1.56908
10,LEO_0,LEO,0.762187,0.872727,0.171563,0.152473,1,1,1,0,0.915235
10,LEO_1,LEO,0.804693,0.902764,0.017294,0.074641,2,0,0,0,1.302743
11,BS_0,BS,0.606141,0.808829,0.400643,0.370625,1,1,1,3,0.386778
11,BS_1,BS,0.663025,0.84318,0.310943,0.280098,1,1,1,2,0.465669
11,BS_2,BS,0.60222,0.824833,0.407133,0.273855,1,1,1,1,0.296119
11,BS_3,BS,0.62454,0.823939,0.37074,0.37978,1,1,1,8,0.305443
11,BS_4,BS,0.633815,0.81078,0.355999,0.399664,1,1,1,6,0.724209
11,HAP_0,HAP,0.775491,0.894204,0.154259,0.139384,1,1,1,0,0.734118
11,HAP_1,HAP,0.64809,0.820605,0.333726,0.356818,1,1,1,11,0.584629
11,HAP_2,HAP,0.786175,0.885894,0.040576,0.10314,2,0,0,0,1.510574
11,LEO_0,LEO,0.790114,0.877502,0.135578,0.13025,1,1,1,0,1.318162
11,LEO_1,LEO,0.685684,0.902926,0.077338,0.062405,3,0,0,0,1.604166
12,BS_0,BS,0.691291,0.815912,0.269195,0.32911,1,1,1,2,1.210326
12,BS_1,BS,0.666543,0.841812,0.305651,0.266118,1,1,1,1,1.490494
12,BS_2,BS,0.598736,0.821214,0.412935,0.295816,1,1,1,1,0.926736
12,BS_3,BS,0.616118,0.821092,0.384317,0.370289,1,1,1,5,1.134282
12,BS_4,BS,0.60653,0.809624,0.400001,0.391732,1,1,1,6,0.218711
12,HAP_0,HAP,0.785861,0.89654,0.140975,0.12045,1,1,1,0,1.100889
12,HAP_1,HAP,0.627173,0.819492,0.366533,0.34591,1,1,1,13,0.681171
12,HAP_2,HAP,0.678885,0.881459,0.287304,0.119657,1,1,1,0,0.878788
12,LEO_0,LEO,0.792465,0.883897,0.132608,0.112113,1,1,1,0,0.954972
12,LEO_1,LEO,0.808528,0.903791,0.112539,0.055623,1,1,1,0,1.108493
13,BS_0,BS,0.633107,0.816302,0.357116,0.320677,1,1,1,5,0.42869
13,BS_1,BS,0.631112,0.840349,0.360271,0.271303,1,1,1,2,0.411616
13,BS_2,BS,0.669102,0.828064,0.301818,0.277645,1,1,1,1,0.528882
13,BS_3,BS,0.614561,0.818663,0.386846,0.363574,1,1,1,7,0.596461
13,BS_4,BS,0.647092,0.812583,0.335267,0.363967,1,1,1,6,0.674784
13,HAP_0,HAP,0.793352,0.904929,0.031489,0.096806,2,0,0,0,1.042629
13,HAP_1,HAP,0.648289,0.820588,0.333419,0.326754,1,1,1,13,0.26039
13,HAP_2,HAP,0.587635,0.874864,0.43165,0.17957,1,1,1,0,0.300138
13,LEO_0,LEO,0.716233,0.886052,0.23375,0.114278,1,1,1,0,0.626314
13,LEO_1,LEO,0.78011,0.899775,0.148321,0.054398,1,1,1,0,2.176475
14,BS_0,BS,0.651897,0.81837,0.327869,0.304916,1,1,1,5,1.070647
14,BS_1,BS,0.677049,0.841489,0.290011,0.25489,1,1,1,1,0.616139
14,BS_2,BS,0.656241,0.831575,0.321227,0.26855,1,1,1,1,0.777585
14,BS_3,BS,0.636287,0.818804,0.352106,0.346649,1,1,1,5,0.240483
14,BS_4,BS,0.648153,0.815049,0.333628,0.341262,1,1,1,5,0.661394
14,HAP_0,HAP,0.735758,0.913693,0.006854,0.077466,3,0,0,0,0.969502
14,HAP_1,HAP,0.641104,0.820797,0.344564,0.314829,1,1,1,16,0.453243
14,HAP_2,HAP,0.737714,0.878877,0.204198,0.16242,1,1,1,0,0.9852
14,LEO_0,LEO,0.656918,0.877086,0.320197,0.137559,1,1,1,0,1.39205
14,LEO_1,LEO,0.768968,0.898583,0.162706,0.055431,1,1,1,0,1.075246
15,BS_0,BS,0.645958,0.819474,0.337021,0.295045,1,1,1,5,0.928114
15,BS_1,BS,0.618136,0.83565,0.381048,0.269251,1,1,1,2,1.324182
15,BS_2,BS,0.588868,0.825166,0.429553,0.297872,1,1,1,1,1.268215
15,BS_3,BS,0.556527,0.810881,0.48604,0.383625,1,1,1,3,1.11609
15,BS_4,BS,0.646268,0.816847,0.33654,0.323977,1,1,1,7,0.69721
15,HAP_0,HAP,0.660306,0.920335,0.015052,0.062075,4,0,0,0,0.96851
15,HAP_1,HAP,0.621537,0.819104,0.37556,0.315333,1,1,1,10,0.871085
15,HAP_2,HAP,0.764582,0.88982,0.068426,0.132043,2,0,0,0,0.927975
15,LEO_0,LEO,0.807753,0.889477,0.013499,0.110129,2,0,0,0,1.109061
15,LEO_1,LEO,0.801068,0.901423,0.121809,0.051022,1,1,1,0,0.980007
16,BS_0,BS,0.58676,0.816518,0.433139,0.32046,1,1,1,3,0.218772
16,BS_1,BS,0.706998,0.840809,0.246727,0.242794,1,1,1,1,0.584025
16,BS_2,BS,0.510455,0.816775,0.572453,0.385764,1,1,1,1,0.237543
16,BS_3,BS,0.68099,0.816652,0.284208,0.343249,1,1,1,6,0.718754
16,BS_4,BS,0.638166,0.817528,0.349156,0.314041,1,1,1,6,0.789135
16,HAP_0,HAP,0.818528,0.921816,0.100247,0.054182,1,1,1,0,0.811842
16,HAP_1,HAP,0.640507,0.819553,0.345494,0.305981,1,1,1,11,0.486994
16,HAP_2,HAP,0.691751,0.900622,0.068529,0.107748,3,0,0,0,0.660841
16,LEO_0,LEO,0.706032,0.897834,0.048095,0.089144,3,0,0,0,1.073271
16,LEO_1,LEO,0.790877,0.908042,0.034613,0.041357,2,0,0,0,1.12406
17,BS_0,BS,0.723909,0.825214,0.223089,0.278764,1,1,1,6,0.209891
17,BS_1,BS,0.715899,0.848156,0.234216,0.218921,1,1,1,2,0.298488
17,BS_2,BS,0.573773,0.813017,0.455522,0.401986,1,1,1,1,0.662403
17,BS_3,BS,0.656548,0.819076,0.32076,0.320898,1,1,1,3,0.623285
17,BS_4,BS,0.611681,0.81553,0.391545,0.320221,1,1,1,5,0.281963
17,HAP_0,HAP,0.650555,0.903969,0.329929,0.09233,1,1,1,0,2.654696
17,HAP_1,HAP,0.648285,0.820637,0.333425,0.294813,1,1,1,11,0.182878
17,HAP_2,HAP,0.788547,0.906157,0.137563,0.094714,1,1,1,0,0.58276
17,LEO_0,LEO,0.669125,0.893103,0.301784,0.112299,1,1,1,0,0.610576
17,LEO_1,LEO,0.705414,0.912261,0.04897,0.034164,3,0,0,0,1.128864
18,BS_0,BS,0.680756,0.828175,0.284551,0.259448,1,1,1,7,0.691604
18,BS_1,BS,0.66367,0.845839,0.30997,0.218373,1,1,1,2,1.043361
18,BS_2,BS,0.68862,0.823065,0.273065,0.355143,1,1,1,1,0.254959
18,BS_3,BS,0.692029,0.824173,0.268127,0.28907,1,1,1,4,0.274474
18,BS_4,BS,0.636643,0.816331,0.351547,0.31179,1,1,1,6,0.485698
18,HAP_0,HAP,0.649562,0.895562,0.331457,0.123303,1,1,1,0,0.623552
18,HAP_1,HAP,0.643836,0.821091,0.340312,0.287966,1,1,1,13,0.706373
18,HAP_2,HAP,0.786489,0.907913,0.140176,0.084613,1,1,1,0,0.923064
18,LEO_0,LEO,0.782739,0.904497,0.044955,0.090748,2,0,0,0,0.734588
18,LEO_1,LEO,0.797559,0.909844,0.126199,0.034498,1,1,1,0,1.268285
19,BS_0,BS,0.662261,0.82883,0.312096,0.25139,1,1,1,5,1.395944
19,BS_1,BS,0.779951,0.852942,0.148524,0.184625,1,1,1,2,1.430276
19,BS_2,BS,0.654771,0.82485,0.32347,0.331199,1,1,1,1,1.158541
19,BS_3,BS,0.667818,0.826114,0.303739,0.272772,1,1,1,5,1.061285
19,BS_4,BS,0.634814,0.816799,0.354423,0.305959,1,1,1,4,0.554412
19,HAP_0,HAP,0.780478,0.904141,0.047849,0.099672,2,0,0,0,0.986607
19,HAP_1,HAP,0.648229,0.821862,0.333512,0.280426,1,1,1,11,0.893759
19,HAP_2,HAP,0.801637,0.916567,0.021099,0.067891,2,0,0,0,0.847175
19,LEO_0,LEO,0.760569,0.902608,0.173689,0.086174,1,1,1,0,1.13877
19,LEO_1,LEO,0.79513,0.910044,0.129249,0.035116,1,1,1,0,0.949657
20,BS_0,BS,0.643248,0.827593,0.341225,0.253507,1,1,1,5,0.476238
20,BS_1,BS,0.627069,0.845388,0.366699,0.208211,1,1,1,2,0.324275
20,BS_2,BS,0.612166,0.825898,0.390751,0.333668,1,1,1,1,0.569017
20,BS_3,BS,0.649928,0.826038,0.330893,0.267488,1,1,1,4,0.681431
20,BS_4,BS,0.621046,0.815858,0.37635,0.308505,1,1,1,8,0.673957
20,HAP_0,HAP,0.818544,0.910082,0.100228,0.084258,1,1,1,0,0.66616
20,HAP_1,HAP,0.640797,0.821787,0.345043,0.277915,1,1,1,13,0.249662
20,HAP_2,HAP,0.626326,0.897481,0.367885,0.115215,1,1,1,0,2.251664
20,LEO_0,LEO,0.728734,0.9023,0.216447,0.090022,1,1,1,0,0.585807
20,LEO_1,LEO,0.714722,0.906958,0.235862,0.053127,1,1,1,0,0.613818
21,BS_0,BS,0.637001,0.826016,0.350984,0.258241,1,1,1,7,0.70743
21,BS_1,BS,0.747567,0.851631,0.190932,0.182973,1,1,1,2,0.306095
21,BS_2,BS,0.584794,0.826253,0.436495,0.352672,1,1,1,1,0.504067
21,BS_3,BS,0.649798,0.825965,0.331093,0.263321,1,1,1,4,0.352792
21,BS_4,BS,0.647196,0.81758,0.335106,0.297337,1,1,1,8,0.680556
21,HAP_0,HAP,0.609538,0.890919,0.395054,0.137637,1,1,1,0,2.729041
21,HAP_1,HAP,0.640236,0.821675,0.345918,0.276179,1,1,1,15,0.648286
21,HAP_2,HAP,0.715829,0.894845,0.234314,0.116879,1,1,1,0,0.792659
21,LEO_0,LEO,0.817531,0.90678,0.101467,0.07665,1,1,1,0,0.951419
21,LEO_1,LEO,0.748521,0.903709,0.189656,0.058688,1,1,1,0,1.136626
22,BS_0,BS,0.646135,0.825608,0.336746,0.257622,1,1,1,5,0.394023
22,BS_1,BS,0.821459,0.860859,0.096673,0.150584,1,1,1,2,1.068921
22,BS_2,BS,0.572698,0.824213,0.457396,0.376283,1,1,1,1,0.626867
22,BS_3,BS,0.646753,0.825624,0.335791,0.261396,1,1,1,4,0.914843
22,BS_4,BS,0.647924,0.819025,0.333982,0.288065,1,1,1,7,0.511353
22,HAP_0,HAP,0.724061,0.890447,0.222879,0.132463,1,1,1,0,0.778294
22,HAP_1,HAP,0.643976,0.821934,0.340093,0.272992,1,1,1,15,0.767304
22,HAP_2,HAP,0.8166,0.898396,0.102605,0.098241,1,1,1,0,1.188371
22,LEO_0,LEO,0.642865,0.891121,0.341821,0.113899,1,1,1,0,2.306093
22,LEO_1,LEO,0.709016,0.894767,0.243877,0.073714,1,1,1,0,1.433963
23,BS_0,BS,0.6475,0.825409,0.334637,0.256489,1,1,1,6,0.230724
23,BS_1,BS,0.765496,0.863725,0.167231,0.133052,1,1,1,1,2.31996
23,BS_2,BS,0.569149,0.823945,0.463613,0.397748,1,1,1,1,0.444613
23,BS_3,BS,0.644645,0.825156,0.339056,0.260849,1,1,1,6,0.4934
23,BS_4,BS,0.635855,0.819053,0.352784,0.286457,1,1,1,9,0.799304
23,HAP_0,HAP,0.805437,0.894046,0.116371,0.112065,1,1,1,0,1.193278
23,HAP_1,HAP,0.642885,0.82204,0.34179,0.270963,1,1,1,13,0.283106
23,HAP_2,HAP,0.72861,0.891455,0.216617,0.099708,1,1,1,0,1.865512
23,LEO_0,LEO,0.651812,0.885368,0.327999,0.139532,1,1,1,0,0.636246
23,LEO_1,LEO,0.811507,0.902579,0.008862,0.059007,2,0,0,0,1.248664
24,BS_0,BS,0.645434,0.825057,0.337833,0.256551,1,1,1,6,0.410097
24,BS_1,BS,0.776914,0.866848,0.152425,0.116897,1,1,1,2,0.61317
24,BS_2,BS,0.560093,0.823552,0.479652,0.421728,1,1,1,1,0.410984
24,BS_3,BS,0.647362,0.825034,0.33485,0.259135,1,1,1,5,0.664367
24,BS_4,BS,0.631833,0.818695,0.35913,0.287204,1,1,1,5,0.36295
24,HAP_0,HAP,0.72684,0.887828,0.219049,0.111244,1,1,1,0,1.707776
24,HAP_1,HAP,0.640731,0.821923,0.345146,0.270376,1,1,1,15,0.419398
24,HAP_2,HAP,0.753865,0.893359,0.082543,0.082832,2,0,0,0,1.629139
24,LEO_0,LEO,0.689004,0.887199,0.272509,0.145043,1,1,1,0,0.396928
24,LEO_1,LEO,0.807625,0.900703,0.113657,0.053018,1,1,1,0,1.888586
25,BS_0,BS,0.636534,0.823943,0.351717,0.260908,1,1,1,5,0.788565
25,BS_1,BS,0.688861,0.862119,0.272715,0.126986,1,1,1,2,1.206378
25,BS_2,BS,0.550026,0.821114,0.49779,0.44889,1,1,1,1,0.418383
25,BS_3,BS,0.635761,0.823851,0.352933,0.263361,1,1,1,6,0.203981
25,BS_4,BS,0.647161,0.819846,0.33516,0.280313,1,1,1,8,0.738727
25,HAP_0,HAP,0.755328,0.888527,0.180603,0.103673,1,1,1,0,1.00581
25,HAP_1,HAP,0.620239,0.81988,0.37765,0.28048,1,1,1,11,0.675814
25,HAP_2,HAP,0.676795,0.894293,0.090386,0.069942,3,0,0,0,1.635727
25,LEO_0,LEO,0.742723,0.896889,0.097432,0.120306,2,0,0,0,0.759395
25,LEO_1,LEO,0.787627,0.90462,0.038731,0.04309,2,0,0,0,1.338814
26,BS_0,BS,0.626939,0.82214,0.366906,0.269305,1,1,1,6,1.575652
26,BS_1,BS,0.61504,0.851531,0.386068,0.16866,1,1,1,2,1.189819
26,BS_2,BS,0.534918,0.813846,0.525641,0.483446,1,1,1,1,0.624291
26,BS_3,BS,0.639364,0.823244,0.347282,0.264961,1,1,1,5,0.600866
26,BS_4,BS,0.645057,0.820572,0.338416,0.275787,1,1,1,6,0.946533
26,HAP_0,HAP,0.803149,0.894015,0.119214,0.089334,1,1,1,0,0.934164
26,HAP_1,HAP,0.6456,0.820649,0.337575,0.275665,1,1,1,9,0.770824
26,HAP_2,HAP,0.756852,0.893783,0.178587,0.070306,1,1,1,0,0.992734
26,LEO_0,LEO,0.753365,0.898208,0.183205,0.111349,1,1,1,0,0.863244
26,LEO_1,LEO,0.778705,0.902741,0.150123,0.044613,1,1,1,0,1.153001
27,BS_0,BS,0.64454,0.822359,0.339218,0.267225,1,1,1,5,0.553539
27,BS_1,BS,0.790025,0.858649,0.135691,0.143214,1,1,1,2,0.320665
27,BS_2,BS,0.646685,0.819555,0.335896,0.437529,1,1,1,1,0.43642
27,BS_3,BS,0.647651,0.823531,0.334403,0.26229,1,1,1,5,0.331501
27,BS_4,BS,0.643052,0.820966,0.341529,0.273118,1,1,1,5,0.207972
27,HAP_0,HAP,0.725519,0.888636,0.220869,0.093419,1,1,1,0,1.424158
27,HAP_1,HAP,0.640437,0.820783,0.345604,0.274281,1,1,1,15,0.786493
27,HAP_2,HAP,0.76383,0.900432,0.06941,0.058412,2,0,0,0,1.030425
27,LEO_0,LEO,0.793896,0.900995,0.130803,0.096778,1,1,1,0,1.007633
27,LEO_1,LEO,0.789045,0.903633,0.136932,0.044128,1,1,1,0,0.994323
28,BS_0,BS,0.621297,0.82033,0.375946,0.277381,1,1,1,5,0.883722
28,BS_1,BS,0.734179,0.859492,0.209003,0.134228,1,1,1,3,0.93849
28,BS_2,BS,0.636225,0.820239,0.352203,0.405844,1,1,1,1,1.179139
28,BS_3,BS,0.648158,0.823808,0.333621,0.259918,1,1,1,6,0.632053
28,BS_4,BS,0.611727,0.818285,0.391469,0.287456,1,1,1,8,0.269869
28,HAP_0,HAP,0.809007,0.89771,0.011948,0.0748,2,0,0,0,1.227164
28,HAP_1,HAP,0.628861,0.819796,0.363844,0.278997,1,1,1,14,0.9627
28,HAP_2,HAP,0.682641,0.905193,0.081787,0.04974,3,0,0,0,1.019854
28,LEO_0,LEO,0.777478,0.907588,0.0517,0.078625,2,0,0,0,1.020208
28,LEO_1,LEO,0.766817,0.899738,0.165508,0.047629,1,1,1,0,1.396089
29,BS_0,BS,0.584135,0.815007,0.437624,0.308086,1,1,1,6,0.454019
29,BS_1,BS,0.716096,0.85858,0.233941,0.13201,1,1,1,3,0.785595
29,BS_2,BS,0.603674,0.820716,0.404722,0.398385,1,1,1,1,0.629036
29,BS_3,BS,0.640015,0.82327,0.346264,0.261889,1,1,1,4,0.451442
29,BS_4,BS,0.639876,0.818839,0.346481,0.283987,1,1,1,6,0.236405
29,HAP_0,HAP,0.800643,0.896331,0.122341,0.066575,1,1,1,0,1.882199
29,HAP_1,HAP,0.642405,0.820284,0.342536,0.275996,1,1,1,11,0.560486
29,HAP_2,HAP,0.760122,0.90484,0.174276,0.05346,1,1,1,0,0.851077
29,LEO_0,LEO,0.685692,0.91094,0.077327,0.065591,3,0,0,0,1.058682
29,LEO_1,LEO,0.759711,0.901438,0.074817,0.040622,2,0,0,0,1.40197
30,BS_0,BS,0.64532,0.816725,0.338009,0.297881,1,1,1,5,0.410109
30,BS_1,BS,0.659223,0.852867,0.316693,0.150741,1,1,1,2,0.331608
30,BS_2,BS,0.588932,0.82183,0.429445,0.401699,1,1,1,1,0.457931
30,BS_3,BS,0.646565,0.823451,0.336082,0.260339,1,1,1,4,0.294716
30,BS_4,BS,0.632699,0.818605,0.357761,0.284786,1,1,1,5,0.274176
30,HAP_0,HAP,0.777769,0.899086,0.051326,0.054445,2,0,0,0,2.870614
30,HAP_1,HAP,0.613876,0.81795,0.387963,0.288529,1,1,1,11,0.615084
30,HAP_2,HAP,0.753909,0.908305,0.082484,0.045829,2,0,0,0,1.105772
30,LEO_0,LEO,0.777649,0.912604,0.15148,0.062799,1,1,1,0,0.620059
30,LEO_1,LEO,0.779079,0.901676,0.149642,0.042575,1,1,1,0,0.965466
31,BS_0,BS,0.632154,0.816863,0.358622,0.29618,1,1,1,4,0.37543
31,BS_1,BS,0.332871,0.810314,1.0,0.607386,1,1,1,0,1.122538
31,BS_2,BS,0.602194,0.822971,0.407176,0.395965,1,1,1,1,0.587521
31,BS_3,BS,0.623578,0.821424,0.372281,0.270638,1,1,1,6,0.672144
31,BS_4,BS,0.648318,0.819882,0.333374,0.277841,1,1,1,6,0.630712
31,HAP_0,HAP,0.810327,0.900175,0.110318,0.049033,1,1,1,0,1.186847
31,HAP_1,HAP,0.626042,0.81726,0.368337,0.291876,1,1,1,14,0.71962
31,HAP_2,HAP,0.700031,0.914716,0.056631,0.038107,3,0,0,0,0.800929
31,LEO_0,LEO,0.79294,0.92113,0.032007,0.0507,2,0,0,0,0.702652
31,LEO_1,LEO,0.760822,0.902594,0.173356,0.047583,1,1,1,0,0.780711
32,BS_0,BS,0.648095,0.818467,0.333718,0.287059,1,1,1,4,0.497927
32,BS_1,BS,0.578629,0.80703,0.447093,0.57586,1,1,1,2,0.766215
32,BS_2,BS,0.65294,0.831416,0.32627,0.364676,1,1,1,0,0.671604
32,BS_3,BS,0.644746,0.821805,0.338899,0.268194,1,1,1,4,0.327809
32,BS_4,BS,0.610608,0.817307,0.393301,0.291882,1,1,1,8,0.30454
32,HAP_0,HAP,0.808461,0.898888,0.112623,0.044934,1,1,1,0,2.183569
32,HAP_1,HAP,0.646138,0.818603,0.336742,0.284528,1,1,1,11,0.888275
32,HAP_2,HAP,0.644073,0.919396,0.039944,0.031203,4,0,0,0,1.034174
32,LEO_0,LEO,0.672787,0.922167,0.096327,0.044735,3,0,0,0,0.943921
32,LEO_1,LEO,0.808565,0.912273,0.012494,0.038137,2,0,0,0,0.922932
33,BS_0,BS,0.641687,0.819154,0.343654,0.282791,1,1,1,4,0.250848
33,BS_1,BS,0.780301,0.822421,0.148075,0.470555,1,1,1,2,0.786541
33,BS_2,BS,0.541104,0.824095,0.514144,0.410695,1,1,1,1,0.606505
33,BS_3,BS,0.646159,0.822242,0.336709,0.265573,1,1,1,6,0.557069
33,BS_4,BS,0.64747,0.818765,0.334683,0.283911,1,1,1,7,0.31064
33,HAP_0,HAP,0.77922,0.901244,0.049462,0.037048,2,0,0,0,1.994748
33,HAP_1,HAP,0.63913,0.819024,0.347647,0.282009,1,1,1,9,0.127187
33,HAP_2,HAP,0.727485,0.916319,0.218162,0.04638,1,1,1,0,0.51401
33,LEO_0,LEO,0.709981,0.919307,0.242517,0.062255,1,1,1,0,0.260463
33,LEO_1,LEO,0.650706,0.896226,0.329697,0.079425,1,1,1,0,2.013472
34,BS_0,BS,0.673881,0.822641,0.294702,0.265315,1,1,1,5,0.379948
34,BS_1,BS,0.723449,0.829649,0.223725,0.398968,1,1,1,2,0.863759
34,BS_2,BS,0.581563,0.82548,0.442035,0.416484,1,1,1,1,0.259779
34,BS_3,BS,0.639303,0.821951,0.347377,0.26676,1,1,1,5,1.126483
34,BS_4,BS,0.643442,0.819557,0.340924,0.279432,1,1,1,8,0.478133
34,HAP_0,HAP,0.786368,0.900523,0.14033,0.0385,1,1,1,0,1.134038
34,HAP_1,HAP,0.647747,0.820164,0.334256,0.275884,1,1,1,11,0.778667
34,HAP_2,HAP,0.81593,0.926139,0.003427,0.037109,2,0,0,0,0.686184
34,LEO_0,LEO,0.747223,0.916488,0.191391,0.066288,1,1,1,0,0.837333
34,LEO_1,LEO,0.723454,0.894092,0.223719,0.086062,1,1,1,0,0.83794
35,BS_0,BS,0.64857,0.823134,0.332985,0.262148,1,1,1,6,0.679438
35,BS_1,BS,0.6983,0.837075,0.259106,0.349385,1,1,1,1,0.218388
35,BS_2,BS,0.541007,0.817868,0.514323,0.452225,1,1,1,1,0.54321
35,BS_3,BS,0.641477,0.821922,0.343981,0.266654,1,1,1,4,0.308026
35,BS_4,BS,0.646021,0.82043,0.336923,0.274628,1,1,1,9,0.616565
35,HAP_0,HAP,0.772026,0.900802,0.158737,0.042139,1,1,1,0,0.960203
35,HAP_1,HAP,0.642063,0.820547,0.343069,0.273671,1,1,1,12,0.752332
35,HAP_2,HAP,0.583536,0.90125,0.438649,0.116273,1,1,1,0,2.817017
35,LEO_0,LEO,0.788304,0.924587,0.037872,0.053676,2,0,0,0,0.604591
35,LEO_1,LEO,0.798315,0.904001,0.025252,0.069137,2,0,0,0,0.983109
36,BS_0,BS,0.651557,0.823804,0.32839,0.258246,1,1,1,5,0.962433
36,BS_1,BS,0.670165,0.840814,0.300231,0.320071,1,1,1,1,0.740325
36,BS_2,BS,0.557381,0.817867,0.484506,0.467416,1,1,1,0,0.628209
36,BS_3,BS,0.641344,0.821886,0.344189,0.266633,1,1,1,6,1.164183
36,BS_4,BS,0.648275,0.821337,0.333441,0.269735,1,1,1,8,0.849444
36,HAP_0,HAP,0.749248,0.906083,0.088685,0.03725,2,0,0,0,0.902447
36,HAP_1,HAP,0.643379,0.820976,0.341021,0.271269,1,1,1,12,0.692128
36,HAP_2,HAP,0.720158,0.898701,0.228285,0.11647,1,1,1,0,0.741694
36,LEO_0,LEO,0.668869,0.910107,0.302167,0.084028,1,1,1,0,1.27072
36,LEO_1,LEO,0.728438,0.9118,0.016852,0.055437,3,0,0,0,1.054745
37,BS_0,BS,0.611941,0.820576,0.39112,0.275436,1,1,1,3,1.057268
37,BS_1,BS,0.61458,0.835276,0.386817,0.323389,1,1,1,1,1.386989
37,BS_2,BS,0.683887,0.832578,0.279963,0.409203,1,1,1,0,0.430846
37,BS_3,BS,0.634615,0.821225,0.354737,0.269933,1,1,1,6,0.218934
37,BS_4,BS,0.617643,0.819159,0.381844,0.2814,1,1,1,9,0.759467
37,HAP_0,HAP,0.7904,0.908213,0.135216,0.038028,1,1,1,0,0.836553
37,HAP_1,HAP,0.630468,0.820103,0.361293,0.275755,1,1,1,9,0.82696
37,HAP_2,HAP,0.80596,0.900995,0.115721,0.099202,1,1,1,0,1.162782
37,LEO_0,LEO,0.784362,0.915631,0.042885,0.06805,2,0,0,0,0.949484
37,LEO_1,LEO,0.751118,0.905339,0.186193,0.05995,1,1,1,0,1.35647
38,BS_0,BS,0.451169,0.806117,0.695914,0.438282,1,1,1,2,0.0
38,BS_1,BS,0.615289,0.830248,0.385663,0.325642,1,1,1,2,0.762676
38,BS_2,BS,0.840861,0.85543,0.073329,0.329782,1,1,1,0,0.656115
38,BS_3,BS,0.648074,0.821955,0.33375,0.266072,1,1,1,6,0.706973
38,BS_4,BS,0.6442,0.819943,0.339746,0.277062,1,1,1,10,0.0
38,HAP_0,HAP,0.777103,0.913711,0.052182,0.031648,2,0,0,0,1.002549
38,HAP_1,HAP,0.612643,0.817684,0.389973,0.289039,1,1,1,13,0.152791
38,HAP_2,HAP,0.715146,0.892475,0.235269,0.10427,1,1,1,0,2.534004
38,LEO_0,LEO,0.733863,0.921554,0.009433,0.05448,3,0,0,0,1.050951
38,LEO_1,LEO,0.807767,0.906793,0.113482,0.053755,1,1,1,0,1.010366
39,BS_0,BS,0.565907,0.803017,0.469325,0.449745,1,1,1,5,0.407156
39,BS_1,BS,0.611447,0.825742,0.391927,0.329637,1,1,1,2,0.251234
39,BS_2,BS,0.571515,0.843793,0.459465,0.358824,1,1,1,0,1.467116
39,BS_3,BS,0.622459,0.820119,0.374077,0.275828,1,1,1,4,0.839113
39,BS_4,BS,0.624845,0.818739,0.370251,0.283339,1,1,1,6,0.420655
39,HAP_0,HAP,0.719597,0.919843,0.029064,0.025698,3,0,0,0,0.929494
39,HAP_1,HAP,0.64747,0.819067,0.334682,0.281637,1,1,1,12,0.835623
39,HAP_2,HAP,0.616008,0.883179,0.384496,0.149943,1,1,1,0,0.611297
39,LEO_0,LEO,0.655859,0.925082,0.021809,0.043798,4,0,0,0,1.096985
39,LEO_1,LEO,0.77408,0.910219,0.05608,0.04442,2,0,0,0,1.214592
40,BS_0,BS,0.696151,0.811938,0.262188,0.39073,1,1,1,6,0.275935
40,BS_1,BS,0.664111,0.829952,0.309306,0.306761,1,1,1,1,0.575455
40,BS_2,BS,0.680227,0.850588,0.285329,0.323695,1,1,1,0,0.591202
40,BS_3,BS,0.613859,0.817816,0.387991,0.288404,1,1,1,7,0.22263
40,BS_4,BS,0.640798,0.819289,0.345042,0.280245,1,1,1,8,0.475133
40,HAP_0,HAP,0.651348,0.902276,0.328711,0.069181,1,1,1,0,1.509256
40,HAP_1,HAP,0.626187,0.818167,0.368106,0.286285,1,1,1,9,0.614522
40,HAP_2,HAP,0.741635,0.888708,0.198898,0.137756,1,1,1,0,0.544381
40,LEO_0,LEO,0.735098,0.920191,0.207752,0.054461,1,1,1,0,0.654842
40,LEO_1,LEO,0.723212,0.900362,0.224053,0.058125,1,1,1,0,1.795554
41,BS_0,BS,0.670833,0.816648,0.299235,0.352878,1,1,1,4,0.860046
41,BS_1,BS,0.725716,0.836309,0.220597,0.267307,1,1,1,1,1.174775
41,BS_2,BS,0.478304,0.830409,0.637509,0.441844,1,1,1,1,0.821272
41,BS_3,BS,0.647124,0.81914,0.335218,0.28129,1,1,1,6,0.275322
41,BS_4,BS,0.592841,0.815061,0.42283,0.304649,1,1,1,5,0.971582
41,HAP_0,HAP,0.790313,0.902841,0.135326,0.063586,1,1,1,0,1.01063
41,HAP_1,HAP,0.640088,0.818765,0.34615,0.282947,1,1,1,9,0.664002
41,HAP_2,HAP,0.795206,0.894782,0.129154,0.117711,1,1,1,0,0.906881
41,LEO_0,LEO,0.815286,0.920304,0.104216,0.048456,1,1,1,0,1.014241
41,LEO_1,LEO,0.791849,0.900589,0.133385,0.054507,1,1,1,0,1.102894
42,BS_0,BS,0.689168,0.821992,0.27227,0.315661,1,1,1,4,0.537297
42,BS_1,BS,0.462068,0.821519,0.672043,0.417084,1,1,1,0,0.540318
42,BS_2,BS,0.551423,0.821566,0.495254,0.463849,1,1,1,1,0.726181
42,BS_3,BS,0.644141,0.819922,0.339837,0.277002,1,1,1,6,0.592078
42,BS_4,BS,0.602767,0.812675,0.406225,0.317978,1,1,1,10,0.791434
42,HAP_0,HAP,0.779459,0.904294,0.149155,0.06088,1,1,1,0,0.857112
42,HAP_1,HAP,0.63933,0.819171,0.347335,0.280647,1,1,1,10,0.693706
42,HAP_2,HAP,0.745455,0.900746,0.09376,0.098125,2,0,0,0,0.970898
42,LEO_0,LEO,0.794465,0.917204,0.130086,0.04638,1,1,1,0,1.164409
42,LEO_1,LEO,0.696997,0.89663,0.260974,0.074254,1,1,1,0,0.73041
43,BS_0,BS,0.657181,0.823408,0.319795,0.29855,1,1,1,6,0.936155
43,BS_1,BS,0.599379,0.822449,0.411862,0.410001,1,1,1,1,0.782736
43,BS_2,BS,0.638563,0.82565,0.348535,0.425744,1,1,1,1,0.532791
43,BS_3,BS,0.643676,0.820504,0.340559,0.273793,1,1,1,7,1.361711
43,BS_4,BS,0.603264,0.810816,0.4054,0.328339,1,1,1,5,0.935429
43,HAP_0,HAP,0.804218,0.912618,0.017885,0.048848,2,0,0,0,0.992362
43,HAP_1,HAP,0.637531,0.819328,0.350152,0.27969,1,1,1,12,0.747445
43,HAP_2,HAP,0.677718,0.905872,0.089024,0.082066,3,0,0,0,0.936545
43,LEO_0,LEO,0.764029,0.919807,0.06915,0.039256,2,0,0,0,0.945004
43,LEO_1,LEO,0.780779,0.904779,0.047464,0.060417,2,0,0,0,1.005131
44,BS_0,BS,0.644768,0.823395,0.338865,0.290513,1,1,1,4,0.542546
44,BS_1,BS,0.491147,0.807287,0.611011,0.496001,1,1,1,1,0.783262
44,BS_2,BS,0.604887,0.824689,0.402714,0.413576,1,1,1,2,0.286867
44,BS_3,BS,0.648263,0.821395,0.333459,0.269072,1,1,1,7,0.734058
44,BS_4,BS,0.62567,0.811517,0.368932,0.323922,1,1,1,8,0.248778
44,HAP_0,HAP,0.671549,0.898255,0.298168,0.079085,1,1,1,0,2.235151
44,HAP_1,HAP,0.648249,0.820454,0.33348,0.273796,1,1,1,11,0.9585
44,HAP_2,HAP,0.621317,0.910956,0.075914,0.068246,4,0,0,0,0.913739
44,LEO_0,LEO,0.689475,0.921769,0.071825,0.033726,3,0,0,0,0.975676
44,LEO_1,LEO,0.777587,0.908037,0.151559,0.05867,1,1,1,0,0.594592
45,BS_0,BS,0.640616,0.822997,0.345325,0.286073,1,1,1,4,1.168067
45,BS_1,BS,0.666006,0.81264,0.306457,0.439063,1,1,1,1,1.104252
45,BS_2,BS,0.694416,0.829536,0.264684,0.362387,1,1,1,2,1.003267
45,BS_3,BS,0.630344,0.820427,0.361489,0.274061,1,1,1,6,0.875767
45,BS_4,BS,0.646181,0.814013,0.336676,0.310145,1,1,1,8,1.17688
45,HAP_0,HAP,0.802945,0.904674,0.019469,0.063439,2,0,0,0,1.246576
45,HAP_1,HAP,0.647741,0.821307,0.334265,0.269317,1,1,1,13,0.675095
45,HAP_2,HAP,0.82973,0.914218,0.086655,0.057976,1,1,0,0,0.938796
45,LEO_0,LEO,0.815712,0.918794,0.103694,0.031819,1,1,1,0,1.305778
45,LEO_1,LEO,0.763617,0.906556,0.169689,0.059893,1,1,1,0,1.044227
46,BS_0,BS,0.640717,0.822687,0.345167,0.282471,1,1,1,4,0.278891
46,BS_1,BS,0.538249,0.810614,0.519433,0.472665,1,1,1,1,0.301819
46,BS_2,BS,0.640708,0.828051,0.345182,0.343527,1,1,1,2,0.640805
46,BS_3,BS,0.622936,0.818943,0.373311,0.281961,1,1,1,4,0.3545
46,BS_4,BS,0.648069,0.816185,0.333758,0.298243,1,1,1,9,0.298097
46,HAP_0,HAP,0.670407,0.903194,0.09987,0.055239,3,0,0,0,1.764289
46,HAP_1,HAP,0.647834,0.821998,0.334121,0.26569,1,1,1,13,0.235654
46,HAP_2,HAP,0.772296,0.910408,0.158387,0.05767,1,1,1,0,1.199248
46,LEO_0,LEO,0.809755,0.92212,0.011023,0.02551,2,0,0,0,1.221741
46,LEO_1,LEO,0.792561,0.906125,0.132485,0.055813,1,1,1,0,1.154003
47,BS_0,BS,0.647897,0.823108,0.334024,0.276184,1,1,1,5,0.349607
47,BS_1,BS,0.613201,0.816635,0.389062,0.446249,1,1,1,1,0.353738
47,BS_2,BS,0.693756,0.835074,0.265635,0.306574,1,1,1,1,0.36032
47,BS_3,BS,0.645938,0.819931,0.337051,0.276691,1,1,1,7,0.66791
47,BS_4,BS,0.629148,0.816145,0.363389,0.298018,1,1,1,8,0.55063
47,HAP_0,HAP,0.65728,0.895117,0.319646,0.090169,1,1,1,0,0.668656
47,HAP_1,HAP,0.648216,0.822587,0.333532,0.262611,1,1,1,13,0.478601
47,HAP_2,HAP,0.79715,0.916136,0.026712,0.046457,2,0,0,0,1.036872
47,LEO_0,LEO,0.772993,0.913796,0.157485,0.031569,1,1,1,0,1.958197
47,LEO_1,LEO,0.814849,0.906271,0.104752,0.049588,1,1,1,0,1.263777
48,BS_0,BS,0.644917,0.823169,0.338634,0.27255,1,1,1,5,0.499772
48,BS_1,BS,0.604511,0.822834,0.403335,0.430205,1,1,1,1,0.305546
48,BS_2,BS,0.701688,0.838518,0.254266,0.274353,1,1,1,2,0.554566
48,BS_3,BS,0.638858,0.820061,0.348073,0.275872,1,1,1,5,0.696602
48,BS_4,BS,0.616565,0.8149,0.383591,0.304628,1,1,1,7,0.72673
48,HAP_0,HAP,0.796151,0.904777,0.027967,0.072488,2,0,0,0,0.99828
48,HAP_1,HAP,0.644569,0.822719,0.339173,0.261856,1,1,1,11,0.591017
48,HAP_2,HAP,0.721204,0.919908,0.026834,0.03749,3,0,0,0,1.159167
48,LEO_0,LEO,0.770443,0.9125,0.060789,0.026918,2,0,0,0,1.61728
48,LEO_1,LEO,0.769059,0.900793,0.162587,0.051566,1,1,1,0,1.790679
49,BS_0,BS,0.62441,0.821278,0.370949,0.279962,1,1,1,6,1.389287
49,BS_1,BS,0.567826,0.821536,0.46594,0.441859,1,1,1,1,0.664546
49,BS_2,BS,0.799196,0.848508,0.124149,0.226418,1,1,1,2,1.306975
49,BS_3,BS,0.646335,0.820862,0.336438,0.271633,1,1,1,7,0.28287
49,BS_4,BS,0.648271,0.816914,0.333446,0.293736,1,1,1,8,0.538662
49,HAP_0,HAP,0.722772,0.913493,0.024661,0.058264,3,0,0,0,0.865142
49,HAP_1,HAP,0.646962,0.823047,0.335468,0.260128,1,1,1,12,0.881089
49,HAP_2,HAP,0.670211,0.92493,0.000163,0.029992,4,0,0,0,1.088468
49,LEO_0,LEO,0.773395,0.908958,0.156966,0.032622,1,1,1,0,1.080725
49,LEO_1,LEO,0.798405,0.905522,0.025139,0.041537,2,0,0,0,1.338781
50,BS_0,BS,0.603734,0.817745,0.404622,0.297643,1,1,1,5,1.386438
50,BS_1,BS,0.551958,0.817139,0.494283,0.463429,1,1,1,1,0.689316
50,BS_2,BS,0.753981,0.852892,0.182389,0.196104,1,1,1,1,0.961908
50,BS_3,BS,0.647173,0.821581,0.335141,0.267851,1,1,1,6,1.115591
50,BS_4,BS,0.62622,0.816448,0.368053,0.295947,1,1,1,4,0.598239
50,HAP_0,HAP,0.778436,0.910291,0.150468,0.056799,1,1,1,0,1.213244
50,HAP_1,HAP,0.633847,0.822081,0.355948,0.265117,1,1,1,10,0.839633
50,HAP_2,HAP,0.885754,0.927997,0.021316,0.024198,1,1,0,0,1.05893
50,LEO_0,LEO,0.80317,0.906132,0.119189,0.03249,1,1,1,0,1.444725
50,LEO_1,LEO,0.738163,0.910275,0.003591,0.033236,3,0,0,0,1.400805
51,BS_0,BS,0.648331,0.819195,0.333353,0.28812,1,1,1,4,0.0
51,BS_1,BS,0.552505,0.816241,0.493294,0.480246,1,1,1,1,0.0
51,BS_2,BS,0.621967,0.844827,0.374868,0.22012,1,1,1,2,1.07342
51,BS_3,BS,0.594706,0.817761,0.419688,0.293543,1,1,1,3,0.270907
51,BS_4,BS,0.586292,0.812122,0.433937,0.321494,1,1,1,9,0.0
51,HAP_0,HAP,0.703996,0.905914,0.250982,0.073786,1,1,1,0,0.620553
51,HAP_1,HAP,0.64719,0.822558,0.335115,0.262629,1,1,1,11,0.262166
51,HAP_2,HAP,0.772893,0.927344,0.057615,0.020852,2,0,0,0,1.182884
51,LEO_0,LEO,0.790765,0.909817,0.034754,0.026536,2,0,0,0,1.278397
51,LEO_1,LEO,0.610938,0.910064,0.09276,0.030461,4,0,0,0,1.225531
52,BS_0,BS,0.648342,0.820356,0.333336,0.280497,1,1,1,4,1.324913
52,BS_1,BS,0.654429,0.825792,0.323992,0.431434,1,1,1,1,0.507522
52,BS_2,BS,0.587926,0.839244,0.431155,0.259748,1,1,1,1,0.523687
52,BS_3,BS,0.724795,0.826032,0.221866,0.256985,1,1,1,6,0.756235
52,BS_4,BS,0.645996,0.81448,0.336962,0.30829,1,1,1,8,0.382366
52,HAP_0,HAP,0.738285,0.901462,0.203425,0.077651,1,1,1,0,1.201498
52,HAP_1,HAP,0.642054,0.822461,0.343083,0.263071,1,1,1,10,0.656473
52,HAP_2,HAP,0.716617,0.928651,0.033214,0.017178,3,0,0,0,1.113928
52,LEO_0,LEO,0.715339,0.912754,0.034998,0.02178,3,0,0,0,1.299911
52,LEO_1,LEO,0.719546,0.903759,0.229135,0.047995,1,1,1,0,1.003267
53,BS_0,BS,0.642352,0.820727,0.342619,0.277222,1,1,1,6,0.588934
53,BS_1,BS,0.59444,0.826192,0.420136,0.424578,1,1,1,1,0.681042
53,BS_2,BS,0.715327,0.845333,0.235016,0.232653,1,1,1,1,0.69116
53,BS_3,BS,0.634275,0.824537,0.355272,0.262387,1,1,1,6,1.062644
53,BS_4,BS,0.647985,0.816551,0.333888,0.296798,1,1,1,8,0.558676
53,HAP_0,HAP,0.775774,0.903791,0.153894,0.072778,1,1,1,0,0.741554
53,HAP_1,HAP,0.647045,0.822849,0.33534,0.261061,1,1,1,11,0.741773
53,HAP_2,HAP,0.623718,0.926784,0.072057,0.016079,4,0,0,0,1.195909
53,LEO_0,LEO,0.672181,0.903303,0.297228,0.057179,1,1,1,0,0.808322
53,LEO_1,LEO,0.800252,0.910064,0.022828,0.03863,2,0,0,0,1.183135
54,BS_0,BS,0.647299,0.821485,0.334947,0.272263,1,1,1,5,0.402433
54,BS_1,BS,0.557566,0.821945,0.484174,0.445154,1,1,1,1,0.434518
54,BS_2,BS,0.527378,0.829484,0.539837,0.317263,1,1,1,2,0.538063
54,BS_3,BS,0.659092,0.825621,0.316893,0.255099,1,1,1,5,0.383996
54,BS_4,BS,0.648343,0.81824,0.333335,0.287439,1,1,1,9,0.213324
54,HAP_0,HAP,0.776252,0.90293,0.153278,0.068795,1,1,1,0,1.159628
54,HAP_1,HAP,0.648164,0.823262,0.333612,0.258932,1,1,1,14,0.34371
54,HAP_2,HAP,0.791348,0.924664,0.134018,0.020946,1,1,1,0,0.794952
54,LEO_0,LEO,0.789226,0.906532,0.136702,0.054152,1,1,1,0,0.761802
54,LEO_1,LEO,0.736715,0.901403,0.205554,0.049918,1,1,1,0,2.113069
55,BS_0,BS,0.646555,0.822022,0.336097,0.268643,1,1,1,4,0.456682
55,BS_1,BS,0.572779,0.816129,0.457255,0.45021,1,1,1,1,1.483485
55,BS_2,BS,0.743045,0.836889,0.196998,0.271274,1,1,1,1,1.153944
55,BS_3,BS,0.634652,0.824217,0.354678,0.260687,1,1,1,7,0.557195
55,BS_4,BS,0.647057,0.819473,0.335321,0.280549,1,1,1,8,0.794393
55,HAP_0,HAP,0.752363,0.905557,0.084537,0.058252,2,0,0,0,1.191634
55,HAP_1,HAP,0.648227,0.823599,0.333514,0.2572,1,1,1,11,1.203343
55,HAP_2,HAP,0.752437,0.916774,0.184438,0.032064,1,1,1,0,1.268309
55,LEO_0,LEO,0.637046,0.890589,0.350914,0.098735,1,1,1,0,1.562819
55,LEO_1,LEO,0.771809,0.900269,0.159018,0.051313,1,1,1,0,1.056237
56,BS_0,BS,0.64818,0.822603,0.333587,0.264991,1,1,1,4,0.676471
56,BS_1,BS,0.584018,0.815283,0.437824,0.446428,1,1,1,1,0.453991
56,BS_2,BS,0.730452,0.84169,0.214091,0.237645,1,1,1,1,1.146674
56,BS_3,BS,0.634536,0.823082,0.354861,0.265217,1,1,1,5,0.510095
56,BS_4,BS,0.599271,0.815856,0.412041,0.300839,1,1,1,6,0.243624
56,HAP_0,HAP,0.682097,0.907806,0.082584,0.04967,3,0,0,0,1.167767
56,HAP_1,HAP,0.641608,0.823252,0.343778,0.258942,1,1,1,9,0.80316
56,HAP_2,HAP,0.779856,0.910933,0.148646,0.035594,1,1,1,0,1.39864
56,LEO_0,LEO,0.774328,0.897434,0.055759,0.080387,2,0,0,0,1.122013
56,LEO_1,LEO,0.770802,0.90121,0.160324,0.052617,1,1,1,0,0.890309
57,BS_0,BS,0.648072,0.823057,0.333753,0.262118,1,1,1,4,0.352517
57,BS_1,BS,0.629721,0.817034,0.362479,0.416268,1,1,1,1,0.615059
57,BS_2,BS,0.621926,0.839885,0.374935,0.253375,1,1,1,1,0.529575
57,BS_3,BS,0.648336,0.823465,0.333346,0.262177,1,1,1,5,0.447945
57,BS_4,BS,0.616134,0.814627,0.384291,0.307127,1,1,1,7,0.654088
57,HAP_0,HAP,0.710147,0.904896,0.242283,0.066152,1,1,1,0,0.559373
57,HAP_1,HAP,0.648304,0.823598,0.333396,0.257173,1,1,1,12,0.813946
57,HAP_2,HAP,0.639501,0.900007,0.347067,0.082681,1,1,1,0,0.650237
57,LEO_0,LEO,0.701105,0.893939,0.255098,0.093593,1,1,1,0,0.795482
57,LEO_1,LEO,0.761819,0.905699,0.072046,0.04443,2,0,0,0,1.133712
58,BS_0,BS,0.640099,0.822678,0.346132,0.263608,1,1,1,5,0.632509
58,BS_1,BS,0.496775,0.809555,0.599618,0.494808,1,1,1,0,0.675805
58,BS_2,BS,0.637611,0.840097,0.350027,0.257834,1,1,1,1,0.770773
58,BS_3,BS,0.627277,0.82179,0.366368,0.270143,1,1,1,5,1.079074
58,BS_4,BS,0.633642,0.815326,0.356271,0.30282,1,1,1,7,0.296932
58,HAP_0,HAP,0.638578,0.890239,0.348511,0.107579,1,1,1,0,1.425513
58,HAP_1,HAP,0.631525,0.822302,0.359617,0.263934,1,1,1,14,0.761101
58,HAP_2,HAP,0.790172,0.908386,0.035505,0.066712,2,0,0,0,0.988257
58,LEO_0,LEO,0.761882,0.900286,0.071964,0.077205,2,0,0,0,1.100827
58,LEO_1,LEO,0.813834,0.906743,0.105999,0.0406,1,1,1,0,1.158333
59,BS_0,BS,0.64441,0.822777,0.33942,0.262729,1,1,1,5,0.256569
59,BS_1,BS,0.57093,0.807968,0.460489,0.491269,1,1,1,1,0.736386
59,BS_2,BS,0.528837,0.827331,0.537075,0.336069,1,1,1,2,0.34707
59,BS_3,BS,0.602207,0.818003,0.407154,0.290713,1,1,1,6,0.598596
59,BS_4,BS,0.63028,0.815565,0.361591,0.301092,1,1,1,9,0.395784
59,HAP_0,HAP,0.737587,0.891274,0.204371,0.104858,1,1,1,0,0.762763
59,HAP_1,HAP,0.647039,0.82272,0.335349,0.261754,1,1,1,11,0.295102
59,HAP_2,HAP,0.765878,0.91025,0.166732,0.065879,1,1,1,0,0.569719
59,LEO_0,LEO,0.696015,0.907954,0.062384,0.063515,3,0,0,0,0.802806
59,LEO_1,LEO,0.733291,0.898491,0.210213,0.052365,1,1,1,0,2.927638
60,BS_0,BS,0.639029,0.822353,0.347806,0.26462,1,1,1,3,0.902511
60,BS_1,BS,0.675443,0.816974,0.292386,0.431486,1,1,1,0,1.181063
60,BS_2,BS,0.758621,0.839262,0.176252,0.282835,1,1,1,2,0.483589
60,BS_3,BS,0.647593,0.819333,0.334493,0.282919,1,1,1,5,1.140019
60,BS_4,BS,0.638235,0.816509,0.349048,0.295699,1,1,1,6,0.932781
60,HAP_0,HAP,0.789406,0.893515,0.136474,0.092268,1,1,1,0,1.198069
60,HAP_1,HAP,0.647612,0.823108,0.334464,0.259743,1,1,1,12,0.681582
60,HAP_2,HAP,0.679654,0.899781,0.286172,0.089556,1,1,1,0,1.244655
60,LEO_0,LEO,0.638649,0.913265,0.0484,0.051867,4,0,0,0,1.060907
60,LEO_1,LEO,0.799797,0.899579,0.123398,0.048744,1,1,1,0,1.11892
61,BS_0,BS,0.665474,0.824447,0.307256,0.254179,1,1,1,4,0.376017
61,BS_1,BS,0.531247,0.810394,0.532529,0.472803,1,1,1,1,0.385843
61,BS_2,BS,0.633348,0.8356,0.356735,0.283535,1,1,1,2,0.502701
61,BS_3,BS,0.637531,0.819457,0.350153,0.281508,1,1,1,5,0.292919
61,BS_4,BS,0.633495,0.816817,0.356503,0.293752,1,1,1,8,0.765179
61,HAP_0,HAP,0.749427,0.899926,0.088446,0.077335,2,0,0,0,0.91455
61,HAP_1,HAP,0.644599,0.823139,0.339126,0.259547,1,1,1,8,0.916307
61,HAP_2,HAP,0.814524,0.909049,0.005151,0.071657,2,0,0,0,1.027179
61,LEO_0,LEO,0.772377,0.914022,0.158282,0.052767,1,1,1,0,0.631834
61,LEO_1,LEO,0.779038,0.905247,0.049696,0.040107,2,0,0,0,1.134054
62,BS_0,BS,0.644611,0.824211,0.339109,0.25509,1,1,1,4,0.270407
62,BS_1,BS,0.567548,0.813647,0.46643,0.476143,1,1,1,0,0.554407
62,BS_2,BS,0.80626,0.846678,0.115349,0.232815,1,1,1,2,0.673132
62,BS_3,BS,0.648313,0.820563,0.333382,0.275221,1,1,1,5,0.300848
62,BS_4,BS,0.588408,0.812634,0.430335,0.318336,1,1,1,9,0.678471
62,HAP_0,HAP,0.653799,0.894411,0.324955,0.109386,1,1,1,0,0.514498
62,HAP_1,HAP,0.634869,0.822251,0.354337,0.264138,1,1,1,8,0.211823
62,HAP_2,HAP,0.706872,0.898331,0.246905,0.084758,1,1,1,0,3.746457
62,LEO_0,LEO,0.760771,0.920345,0.073423,0.04464,2,0,0,0,0.631027
62,LEO_1,LEO,0.616511,0.894752,0.383679,0.09833,1,1,1,0,0.517217
63,BS_0,BS,0.678973,0.827138,0.287174,0.241183,1,1,1,6,0.243026
63,BS_1,BS,0.486529,0.801141,0.620459,0.554151,1,1,1,1,0.60799
63,BS_2,BS,0.679986,0.845225,0.285683,0.222979,1,1,1,2,5.346374
63,BS_3,BS,0.647983,0.821417,0.33389,0.270344,1,1,1,6,0.492194
63,BS_4,BS,0.642724,0.814584,0.34204,0.307315,1,1,1,10,0.264259
63,HAP_0,HAP,0.817731,0.903967,0.101222,0.092119,1,1,1,0,0.535255
63,HAP_1,HAP,0.637993,0.821835,0.349429,0.266255,1,1,1,12,0.282588
63,HAP_2,HAP,0.604528,0.887163,0.403307,0.141002,1,1,1,0,0.560553
63,LEO_0,LEO,0.739777,0.928645,0.001406,0.035713,3,0,0,0,0.781722
63,LEO_1,LEO,0.705822,0.897049,0.248392,0.106428,1,1,1,0,0.320606
64,BS_0,BS,0.667607,0.828467,0.304056,0.234549,1,1,1,5,0.526797
64,BS_1,BS,0.679759,0.813453,0.286017,0.480133,1,1,1,1,0.541181
64,BS_2,BS,0.686898,0.844651,0.275569,0.212555,1,1,1,2,0.770928
64,BS_3,BS,0.64538,0.821858,0.337916,0.26766,1,1,1,6,0.79024
64,BS_4,BS,0.495679,0.800558,0.601827,0.40884,1,1,1,5,0.348338
64,HAP_0,HAP,0.555971,0.880854,0.48704,0.180439,1,1,1,0,2.562713
64,HAP_1,HAP,0.642111,0.821888,0.342994,0.265944,1,1,1,8,0.671604
64,HAP_2,HAP,0.762315,0.898005,0.071396,0.115095,2,0,0,0,0.747683
64,LEO_0,LEO,0.660919,0.911788,0.314123,0.072973,1,1,1,0,1.346333
64,LEO_1,LEO,0.662145,0.889624,0.312271,0.129023,1,1,1,0,1.063633
65,BS_0,BS,0.610767,0.824192,0.39304,0.257156,1,1,1,3,0.614431
65,BS_1,BS,0.613864,0.819815,0.387983,0.451845,1,1,1,1,0.250559
65,BS_2,BS,0.778356,0.851761,0.150571,0.180247,1,1,1,3,0.550653
65,BS_3,BS,0.637974,0.821519,0.349457,0.269082,1,1,1,4,0.509694
65,BS_4,BS,0.625986,0.803341,0.368428,0.388155,1,1,1,7,0.385039
65,HAP_0,HAP,0.744518,0.884271,0.195018,0.161465,1,1,1,0,0.76147
65,HAP_1,HAP,0.643671,0.822077,0.340567,0.264949,1,1,1,10,0.303857
65,HAP_2,HAP,0.649409,0.885014,0.331693,0.141585,1,1,1,0,2.676766
65,LEO_0,LEO,0.80838,0.91302,0.112724,0.064097,1,1,1,0,0.898857
65,LEO_1,LEO,0.80184,0.902419,0.020846,0.103414,2,0,0,0,0.771714
66,BS_0,BS,0.715301,0.83025,0.235052,0.230587,1,1,1,3,0.796464
66,BS_1,BS,0.631976,0.825785,0.358904,0.419442,1,1,1,1,0.359067
66,BS_2,BS,0.693509,0.850464,0.265991,0.176035,1,1,1,2,1.32289
66,BS_3,BS,0.61394,0.818944,0.387858,0.282961,1,1,1,7,0.533702
66,BS_4,BS,0.604739,0.803495,0.402959,0.383593,1,1,1,7,0.450454
66,HAP_0,HAP,0.787831,0.896389,0.038471,0.129838,2,0,0,0,0.872127
66,HAP_1,HAP,0.64797,0.822627,0.333911,0.262133,1,1,1,11,0.252927
66,HAP_2,HAP,0.716006,0.884985,0.234067,0.137923,1,1,1,0,0.785581
66,LEO_0,LEO,0.799251,0.918625,0.02408,0.051538,2,0,0,0,1.052108
66,LEO_1,LEO,0.789854,0.9034,0.135908,0.091043,1,1,1,0,1.096864
67,BS_0,BS,0.669614,0.831137,0.301054,0.225254,1,1,1,3,0.831016
67,BS_1,BS,0.610375,0.825996,0.393682,0.405297,1,1,1,1,0.462133
67,BS_2,BS,0.63386,0.844019,0.355928,0.197836,1,1,1,2,0.537606
67,BS_3,BS,0.647884,0.820113,0.334044,0.276582,1,1,1,5,0.773427
67,BS_4,BS,0.572086,0.800288,0.458465,0.40146,1,1,1,11,0.532827
67,HAP_0,HAP,0.774701,0.896169,0.155279,0.114721,1,1,1,0,1.235209
67,HAP_1,HAP,0.634747,0.82183,0.354529,0.266267,1,1,1,12,0.736756
67,HAP_2,HAP,0.772086,0.893904,0.05866,0.111887,2,0,0,0,1.095995
67,LEO_0,LEO,0.806495,0.919738,0.115057,0.047188,1,1,1,0,0.773742
67,LEO_1,LEO,0.796637,0.910695,0.027356,0.073171,2,0,0,0,1.038409
68,BS_0,BS,0.74473,0.838225,0.194734,0.197268,1,1,1,3,1.292649
68,BS_1,BS,0.669793,0.832194,0.300786,0.36495,1,1,1,1,0.738712
68,BS_2,BS,0.851575,0.856576,0.060667,0.159925,1,1,1,2,0.713107
68,BS_3,BS,0.578672,0.814269,0.447019,0.311187,1,1,1,3,0.326088
68,BS_4,BS,0.645723,0.804987,0.337384,0.37239,1,1,1,10,0.620338
68,HAP_0,HAP,0.788676,0.904092,0.0374,0.092406,2,0,0,0,1.034199
68,HAP_1,HAP,0.640078,0.821694,0.346165,0.266937,1,1,1,9,0.774369
68,HAP_2,HAP,0.67672,0.898651,0.090498,0.093195,3,0,0,0,1.116139
68,LEO_0,LEO,0.694614,0.907356,0.264398,0.069208,1,1,1,0,1.364812
68,LEO_1,LEO,0.677647,0.911898,0.089128,0.062112,3,0,0,0,1.154167
69,BS_0,BS,0.695828,0.839821,0.262653,0.188859,1,1,1,3,0.776231
69,BS_1,BS,0.509675,0.827046,0.573982,0.440215,1,1,1,1,0.0
69,BS_2,BS,0.687144,0.853748,0.275211,0.162024,1,1,1,3,6.808474
69,BS_3,BS,0.663371,0.81779,0.310421,0.292312,1,1,1,7,0.0
69,BS_4,BS,0.648182,0.808975,0.333584,0.347988,1,1,1,8,0.0
69,HAP_0,HAP,0.70973,0.908899,0.042871,0.074752,3,0,0,0,1.210377
69,HAP_1,HAP,0.638132,0.821402,0.34921,0.268426,1,1,1,10,0.301591
69,HAP_2,HAP,0.64515,0.894014,0.338273,0.126049,1,1,1,0,0.300256
69,LEO_0,LEO,0.562408,0.892709,0.475527,0.157123,1,1,1,0,0.26627
69,LEO_1,LEO,0.655129,0.905014,0.322924,0.096615,1,1,1,0,0.358405
70,BS_0,BS,0.649414,0.836956,0.331684,0.200593,1,1,1,4,0.891813
70,BS_1,BS,0.523858,0.818814,0.546535,0.486587,1,1,1,1,0.740143
70,BS_2,BS,0.712518,0.853661,0.23895,0.155313,1,1,1,3,0.906924
70,BS_3,BS,0.667721,0.820999,0.303885,0.275406,1,1,1,6,1.022704
70,BS_4,BS,0.647846,0.812134,0.334102,0.328621,1,1,1,11,0.836148
70,HAP_0,HAP,0.758302,0.902709,0.176674,0.073848,1,1,1,0,1.431156
70,HAP_1,HAP,0.648193,0.822108,0.333567,0.264811,1,1,1,9,0.599675
70,HAP_2,HAP,0.789547,0.899364,0.136296,0.109198,1,1,1,0,0.843451
70,LEO_0,LEO,0.780077,0.904469,0.048362,0.126751,2,0,0,0,0.733424
70,LEO_1,LEO,0.740305,0.902861,0.200692,0.095417,1,1,1,0,1.010319
71,BS_0,BS,0.650889,0.8348,0.329416,0.209306,1,1,1,3,1.399184
71,BS_1,BS,0.528714,0.808807,0.537307,0.519184,1,1,1,1,1.014415
71,BS_2,BS,0.60491,0.843769,0.402676,0.197217,1,1,1,2,0.943269
71,BS_3,BS,0.627192,0.819809,0.366503,0.280771,1,1,1,7,1.303547
71,BS_4,BS,0.641585,0.814078,0.343814,0.31609,1,1,1,10,0.873353
71,HAP_0,HAP,0.799111,0.903296,0.124255,0.066026,1,1,1,0,1.081749
71,HAP_1,HAP,0.64791,0.822646,0.334004,0.26205,1,1,1,10,0.895854
71,HAP_2,HAP,0.752133,0.898367,0.184842,0.102733,1,1,1,0,1.062437
71,LEO_0,LEO,0.764706,0.904885,0.168264,0.114142,1,1,1,0,0.904441
71,LEO_1,LEO,0.700113,0.894544,0.256513,0.105943,1,1,1,0,1.316542
72,BS_0,BS,0.647788,0.832788,0.334192,0.217703,1,1,1,3,1.061049
72,BS_1,BS,0.611968,0.812988,0.391075,0.48417,1,1,1,1,0.429556
72,BS_2,BS,0.789577,0.851839,0.136258,0.166128,1,1,1,2,1.057395
72,BS_3,BS,0.647415,0.820761,0.334767,0.275048,1,1,1,7,0.33074
72,BS_4,BS,0.641639,0.815639,0.34373,0.30604,1,1,1,9,0.600398
72,HAP_0,HAP,0.742878,0.903556,0.097224,0.057074,2,0,0,0,1.370485
72,HAP_1,HAP,0.629849,0.82138,0.362276,0.2687,1,1,1,12,0.811265
72,HAP_2,HAP,0.750781,0.902717,0.086641,0.085565,2,0,0,0,1.09648
72,LEO_0,LEO,0.750884,0.90183,0.186505,0.106966,1,1,1,0,1.146075
72,LEO_1,LEO,0.778659,0.897293,0.150182,0.094904,1,1,1,0,0.857617
73,BS_0,BS,0.671434,0.83333,0.298339,0.214215,1,1,1,3,0.924616
73,BS_1,BS,0.61493,0.813097,0.386247,0.45447,1,1,1,1,0.965971
73,BS_2,BS,0.727979,0.853423,0.217483,0.154187,1,1,1,3,0.778711
73,BS_3,BS,0.627747,0.819672,0.365618,0.280192,1,1,1,6,1.184117
73,BS_4,BS,0.609261,0.813781,0.395509,0.315224,1,1,1,6,1.418223
73,HAP_0,HAP,0.700134,0.90682,0.056484,0.047095,3,0,0,0,1.248319
73,HAP_1,HAP,0.647199,0.821998,0.335101,0.265491,1,1,1,12,0.802505
73,HAP_2,HAP,0.694557,0.907858,0.064481,0.070323,3,0,0,0,1.036302
73,LEO_0,LEO,0.78618,0.90931,0.040569,0.086314,2,0,0,0,0.942749
73,LEO_1,LEO,0.753364,0.901811,0.083207,0.079039,2,0,0,0,1.145506
74,BS_0,BS,0.657346,0.832492,0.319544,0.217321,1,1,1,3,1.268234
74,BS_1,BS,0.635162,0.818633,0.353875,0.419929,1,1,1,1,0.623917
74,BS_2,BS,0.609282,0.84401,0.395474,0.193729,1,1,1,2,1.441048
74,BS_3,BS,0.646732,0.820588,0.335823,0.274904,1,1,1,6,0.978807
74,BS_4,BS,0.641727,0.815409,0.343593,0.305304,1,1,1,9,0.420949
74,HAP_0,HAP,0.66619,0.913204,0.00618,0.037693,4,0,0,0,1.169279
74,HAP_1,HAP,0.634557,0.821309,0.354829,0.26905,1,1,1,12,1.030854
74,HAP_2,HAP,0.651687,0.914693,0.028192,0.056616,4,0,0,0,0.97657
74,LEO_0,LEO,0.693637,0.914159,0.065807,0.071,3,0,0,0,0.92463
74,LEO_1,LEO,0.701906,0.909239,0.053955,0.064541,3,0,0,0,0.84586
75,BS_0,BS,0.671719,0.833118,0.297915,0.213796,1,1,1,4,1.244149
75,BS_1,BS,0.58196,0.820642,0.441354,0.4236,1,1,1,1,0.388602
75,BS_2,BS,0.830391,0.855056,0.085859,0.158301,1,1,1,2,1.043528
75,BS_3,BS,0.626716,0.819435,0.367263,0.28062,1,1,1,7,1.169143
75,BS_4,BS,0.647924,0.817288,0.333983,0.294438,1,1,1,8,0.460178
75,HAP_0,HAP,0.834755,0.915147,0.080617,0.033079,1,1,0,0,1.025397
75,HAP_1,HAP,0.640756,0.821341,0.345107,0.268834,1,1,1,12,0.662667
75,HAP_2,HAP,0.768952,0.910071,0.162727,0.057209,1,1,1,0,1.242432
75,LEO_0,LEO,0.810519,0.916045,0.110081,0.062253,1,1,1,0,0.851079
75,LEO_1,LEO,0.692472,0.897547,0.267487,0.08383,1,1,1,0,1.586261
76,BS_0,BS,0.657169,0.832306,0.319815,0.217063,1,1,1,3,0.318988
76,BS_1,BS,0.538388,0.823807,0.519175,0.460174,1,1,1,0,0.0
76,BS_2,BS,0.791172,0.860991,0.13424,0.13475,1,1,1,3,1.527991
76,BS_3,BS,0.64829,0.820543,0.333417,0.274521,1,1,1,6,0.284882
76,BS_4,BS,0.584776,0.812639,0.436526,0.321301,1,1,1,11,0.603761
76,HAP_0,HAP,0.726411,0.904823,0.219639,0.048172,1,1,1,0,2.006813
76,HAP_1,HAP,0.624018,0.819778,0.371576,0.277198,1,1,1,10,0.394056
76,HAP_2,HAP,0.743176,0.901864,0.196822,0.0632,1,1,1,0,1.641561
76,LEO_0,LEO,0.660195,0.900188,0.31522,0.094516,1,1,1,0,1.933337
76,LEO_1,LEO,0.52283,0.880363,0.5485,0.202447,1,1,1,0,0.250715
77,BS_0,BS,0.647019,0.830722,0.335379,0.224266,1,1,1,4,1.516147
77,BS_1,BS,0.503933,0.816073,0.585313,0.522305,1,1,1,1,0.680774
77,BS_2,BS,0.744928,0.862124,0.194467,0.124818,1,1,1,2,1.414078
77,BS_3,BS,0.645673,0.821186,0.337462,0.270863,1,1,1,6,1.373265
77,BS_4,BS,0.640853,0.814414,0.344956,0.310588,1,1,1,9,0.715218
77,HAP_0,HAP,0.814716,0.90568,0.104916,0.043491,1,1,1,0,1.132508
77,HAP_1,HAP,0.646654,0.820666,0.335944,0.272545,1,1,1,9,0.706818
77,HAP_2,HAP,0.761687,0.902281,0.07222,0.052907,2,0,0,0,1.573322
77,LEO_0,LEO,0.769505,0.90007,0.162008,0.087424,1,1,1,0,0.951564
77,LEO_1,LEO,0.764038,0.885195,0.169138,0.174831,1,1,1,0,0.999285
78,BS_0,BS,0.508376,0.817994,0.576534,0.328989,1,1,1,2,0.42134
78,BS_1,BS,0.620703,0.828673,0.376903,0.481769,1,1,1,0,0.0
78,BS_2,BS,0.689545,0.858561,0.271723,0.133079,1,1,1,2,0.410211
78,BS_3,BS,0.647258,0.821848,0.335011,0.267195,1,1,1,7,0.262053
78,BS_4,BS,0.596429,0.811523,0.416795,0.326643,1,1,1,10,0.0
78,HAP_0,HAP,0.782514,0.901453,0.145244,0.044286,1,1,1,0,5.196881
78,HAP_1,HAP,0.630142,0.819824,0.36181,0.276944,1,1,1,14,0.284082
78,HAP_2,HAP,0.560385,0.88647,0.479132,0.145631,1,1,1,0,0.453895
78,LEO_0,LEO,0.650118,0.894333,0.330601,0.119123,1,1,1,0,0.476834
78,LEO_1,LEO,0.783083,0.893213,0.144517,0.149263,1,1,1,0,0.560325
79,BS_0,BS,0.675609,0.822469,0.29214,0.301597,1,1,1,3,1.316317
79,BS_1,BS,0.466097,0.814405,0.663362,0.583438,1,1,1,1,0.707631
79,BS_2,BS,0.732645,0.859216,0.211094,0.126516,1,1,1,3,0.792486
79,BS_3,BS,0.617008,0.819506,0.382874,0.279723,1,1,1,5,0.661399
79,BS_4,BS,0.642068,0.813635,0.343062,0.314276,1,1,1,9,0.812335
79,HAP_0,HAP,0.720822,0.89699,0.227363,0.058691,1,1,1,0,0.956892
79,HAP_1,HAP,0.646985,0.820733,0.335432,0.272187,1,1,1,12,0.798665
79,HAP_2,HAP,0.713731,0.883339,0.23725,0.141834,1,1,1,0,1.285169
79,LEO_0,LEO,0.772803,0.904259,0.057731,0.096798,2,0,0,0,0.82088
79,LEO_1,LEO,0.58474,0.875121,0.436588,0.205185,1,1,1,0,1.571334
80,BS_0,BS,0.628067,0.821189,0.365109,0.301265,1,1,1,2,1.236128
80,BS_1,BS,0.773511,0.835638,0.156815,0.477816,1,1,1,0,0.591402
80,BS_2,BS,0.696283,0.85666,0.261999,0.132102,1,1,1,3,1.092786
80,BS_3,BS,0.640459,0.819871,0.34557,0.277516,1,1,1,3,0.74213
80,BS_4,BS,0.634378,0.814601,0.35511,0.308167,1,1,1,8,0.625627
80,HAP_0,HAP,0.81078,0.90144,0.109758,0.052374,1,1,1,0,0.932511
80,HAP_1,HAP,0.647595,0.821517,0.33449,0.268097,1,1,1,12,1.000241
80,HAP_2,HAP,0.791898,0.894281,0.033323,0.113967,2,0,0,0,1.008817
80,LEO_0,LEO,0.645798,0.891233,0.337269,0.128626,1,1,1,0,1.29857
80,LEO_1,LEO,0.860067,0.885868,0.050745,0.165307,1,1,1,0,1.066573
81,BS_0,BS,0.67221,0.824144,0.297185,0.280755,1,1,1,4,0.77723
81,BS_1,BS,0.537963,0.830904,0.519966,0.503917,1,1,1,1,0.227795
81,BS_2,BS,0.649375,0.850424,0.331745,0.155206,1,1,1,2,0.589022
81,BS_3,BS,0.645605,0.820643,0.337567,0.273291,1,1,1,4,0.685527
81,BS_4,BS,0.620869,0.814083,0.376635,0.310368,1,1,1,10,0.447597
81,HAP_0,HAP,0.78002,0.907624,0.048436,0.042955,2,0,0,0,1.088595
81,HAP_1,HAP,0.64812,0.822193,0.33368,0.264582,1,1,1,9,0.722299
81,HAP_2,HAP,0.703054,0.900609,0.052322,0.092405,3,0,0,0,1.199691
81,LEO_0,LEO,0.805787,0.896844,0.115936,0.108949,1,1,1,0,0.849888
81,LEO_1,LEO,0.805175,0.896608,0.016695,0.132371,2,0,0,0,1.106073
82,BS_0,BS,0.524569,0.81655,0.545179,0.358353,1,1,1,1,0.334235
82,BS_1,BS,0.575678,0.830563,0.452207,0.495154,1,1,1,1,0.456477
82,BS_2,BS,0.479773,0.832133,0.634443,0.305298,1,1,1,1,0.484036
82,BS_3,BS,0.647365,0.821423,0.334845,0.269088,1,1,1,5,0.323026
82,BS_4,BS,0.603265,0.811942,0.405399,0.322251,1,1,1,6,0.577211
82,HAP_0,HAP,0.734686,0.91583,0.008312,0.034395,3,0,0,0,0.955798
82,HAP_1,HAP,0.629818,0.821015,0.362324,0.270741,1,1,1,15,0.71329
82,HAP_2,HAP,0.785402,0.89898,0.14156,0.082942,1,1,1,0,1.334894
82,LEO_0,LEO,0.726719,0.8915,0.219216,0.108784,1,1,1,0,1.373164
82,LEO_1,LEO,0.781403,0.894951,0.146664,0.115576,1,1,1,0,1.414827
83,BS_0,BS,0.596858,0.814265,0.416075,0.364586,1,1,1,3,0.356792
83,BS_1,BS,0.537651,0.823309,0.520545,0.518059,1,1,1,1,0.692619
83,BS_2,BS,0.69865,0.841263,0.258606,0.274333,1,1,1,1,0.209076
83,BS_3,BS,0.647266,0.822039,0.334997,0.265771,1,1,1,5,0.808831
83,BS_4,BS,0.64766,0.814491,0.334389,0.308118,1,1,1,8,0.200745
83,HAP_0,HAP,0.61838,0.919139,0.080652,0.030443,4,0,0,0,0.84144
83,HAP_1,HAP,0.631902,0.820271,0.359021,0.274596,1,1,1,11,1.072732
83,HAP_2,HAP,0.749189,0.9026,0.088764,0.069899,2,0,0,0,1.081912
83,LEO_0,LEO,0.765613,0.893516,0.167079,0.099589,1,1,1,0,0.886784
83,LEO_1,LEO,0.759056,0.894959,0.17568,0.10635,1,1,1,0,0.969168
84,BS_0,BS,0.718595,0.822782,0.230458,0.315568,1,1,1,3,0.611556
84,BS_1,BS,0.630374,0.832049,0.361442,0.473235,1,1,1,0,0.366236
84,BS_2,BS,0.587121,0.833273,0.432524,0.303651,1,1,1,2,0.79214
84,BS_3,BS,0.630223,0.82093,0.361682,0.271483,1,1,1,5,0.733472
84,BS_4,BS,0.648277,0.816586,0.333437,0.296526,1,1,1,8,0.37289
84,HAP_0,HAP,0.850219,0.922614,0.062261,0.026099,1,1,0,0,0.903051
84,HAP_1,HAP,0.646604,0.821055,0.33602,0.270486,1,1,1,12,0.648967
84,HAP_2,HAP,0.767949,0.902109,0.164032,0.068027,1,1,1,0,0.984689
84,LEO_0,LEO,0.785948,0.902814,0.040864,0.080423,2,0,0,0,0.951914
84,LEO_1,LEO,0.758287,0.901529,0.076694,0.087727,2,0,0,0,0.968127
85,BS_0,BS,0.699633,0.827833,0.257199,0.282223,1,1,1,3,0.556021
85,BS_1,BS,0.499777,0.820806,0.593594,0.537147,1,1,1,1,0.388037
85,BS_2,BS,0.833365,0.848662,0.082283,0.245968,1,1,1,2,0.375789
85,BS_3,BS,0.62058,0.819118,0.3771,0.281178,1,1,1,4,0.320685
85,BS_4,BS,0.638828,0.817382,0.348119,0.291755,1,1,1,9,0.58149
85,HAP_0,HAP,0.663917,0.905723,0.309599,0.064012,1,1,1,0,2.407543
85,HAP_1,HAP,0.648035,0.821816,0.333811,0.266532,1,1,1,12,0.509584
85,HAP_2,HAP,0.818721,0.906565,0.100011,0.058923,1,1,1,0,0.886905
85,LEO_0,LEO,0.698624,0.900452,0.258642,0.094441,1,1,1,0,0.546374
85,LEO_1,LEO,0.725097,0.908627,0.02145,0.070388,3,0,0,0,1.167731
86,BS_0,BS,0.666856,0.828964,0.305182,0.267689,1,1,1,3,0.455809
86,BS_1,BS,0.60977,0.824981,0.394674,0.499813,1,1,1,1,0.0
86,BS_2,BS,0.744082,0.85259,0.195604,0.213991,1,1,1,2,1.67163
86,BS_3,BS,0.646872,0.820158,0.335607,0.275627,1,1,1,4,0.0
86,BS_4,BS,0.638796,0.818015,0.34817,0.287954,1,1,1,8,0.677958
86,HAP_0,HAP,0.547633,0.889118,0.50215,0.164679,1,1,1,0,0.321601
86,HAP_1,HAP,0.647562,0.82238,0.334541,0.263589,1,1,1,12,0.294502
86,HAP_2,HAP,0.674664,0.893815,0.293541,0.085913,1,1,1,0,1.949166
86,LEO_0,LEO,0.758975,0.905395,0.175786,0.089458,1,1,1,0,0.395432
86,LEO_1,LEO,0.727392,0.899542,0.218289,0.077753,1,1,1,0,2.372207
87,BS_0,BS,0.643057,0.827681,0.341522,0.266638,1,1,1,4,0.732951
87,BS_1,BS,0.65901,0.830354,0.317017,0.445076,1,1,1,1,0.746825
87,BS_2,BS,0.71842,0.853309,0.2307,0.195143,1,1,1,1,1.146436
87,BS_3,BS,0.636187,0.819991,0.352263,0.276342,1,1,1,5,0.229461
87,BS_4,BS,0.622648,0.816986,0.373773,0.293231,1,1,1,7,0.579889
87,HAP_0,HAP,0.78994,0.901772,0.035798,0.13232,2,0,0,0,0.788554
87,HAP_1,HAP,0.629147,0.821101,0.363391,0.270295,1,1,1,15,0.736831
87,HAP_2,HAP,0.757149,0.89859,0.078195,0.071482,2,0,0,0,1.125728
87,LEO_0,LEO,0.743333,0.912123,0.096611,0.075767,2,0,0,0,0.689019
87,LEO_1,LEO,0.784792,0.899622,0.142336,0.071319,1,1,1,0,1.077447
88,BS_0,BS,0.648712,0.827179,0.332766,0.263141,1,1,1,4,1.404375
88,BS_1,BS,0.573991,0.822853,0.455142,0.44928,1,1,1,1,1.422667
88,BS_2,BS,0.670936,0.849718,0.299082,0.196367,1,1,1,1,1.06798
88,BS_3,BS,0.647749,0.820937,0.334252,0.271349,1,1,1,5,0.979189
88,BS_4,BS,0.610199,0.81495,0.39397,0.30443,1,1,1,10,1.117199
88,HAP_0,HAP,0.800227,0.905365,0.122859,0.112649,1,1,1,0,0.900709
88,HAP_1,HAP,0.62713,0.819884,0.366601,0.276714,1,1,1,11,0.687645
88,HAP_2,HAP,0.693109,0.902933,0.066569,0.05918,3,0,0,0,1.198866
88,LEO_0,LEO,0.648434,0.899762,0.333195,0.110572,1,1,1,0,1.083201
88,LEO_1,LEO,0.818624,0.907789,0.00013,0.057056,2,0,0,0,1.200815
89,BS_0,BS,0.630493,0.825068,0.361254,0.269239,1,1,1,3,0.262665
89,BS_1,BS,0.64296,0.827613,0.341672,0.411957,1,1,1,1,0.545257
89,BS_2,BS,0.402936,0.826269,0.808979,0.451595,1,1,1,0,0.246205
89,BS_3,BS,0.632409,0.820257,0.358219,0.274824,1,1,1,3,0.774983
89,BS_4,BS,0.647057,0.816841,0.335321,0.294143,1,1,1,7,0.522951
89,HAP_0,HAP,0.63027,0.88886,0.361606,0.14896,1,1,1,0,2.099047
89,HAP_1,HAP,0.626888,0.818888,0.366987,0.281977,1,1,1,15,0.83085
89,HAP_2,HAP,0.60758,0.89148,0.398271,0.118723,1,1,1,0,0.572565
89,LEO_0,LEO,0.784503,0.904443,0.142705,0.097622,1,1,1,0,0.601962
89,LEO_1,LEO,0.766887,0.901926,0.165415,0.057957,1,1,1,0,1.605399
90,BS_0,BS,0.640871,0.824359,0.344927,0.26893,1,1,1,4,0.559455
90,BS_1,BS,0.630711,0.830685,0.360908,0.38818,1,1,1,1,0.309542
90,BS_2,BS,0.558312,0.822608,0.482838,0.466185,1,1,1,1,0.399023
90,BS_3,BS,0.625505,0.819054,0.369197,0.281197,1,1,1,6,0.785488
90,BS_4,BS,0.630216,0.816771,0.361693,0.294184,1,1,1,6,0.321488
90,HAP_0,HAP,0.711521,0.887621,0.240351,0.145164,1,1,1,0,0.787352
90,HAP_1,HAP,0.624829,0.817894,0.370277,0.287279,1,1,1,12,0.640737
90,HAP_2,HAP,0.77719,0.902677,0.052071,0.096198,2,0,0,0,0.748672
90,LEO_0,LEO,0.762783,0.903513,0.170782,0.091222,1,1,1,0,1.054196
90,LEO_1,LEO,0.79193,0.901659,0.133282,0.05436,1,1,1,0,1.126083
91,BS_0,BS,0.616517,0.821467,0.383669,0.281385,1,1,1,2,1.033439
91,BS_1,BS,0.660514,0.833526,0.314736,0.355121,1,1,1,1,0.613279
91,BS_2,BS,0.511672,0.810175,0.570071,0.51919,1,1,1,2,0.354972
91,BS_3,BS,0.645618,0.81999,0.337547,0.276229,1,1,1,5,0.795804
91,BS_4,BS,0.618673,0.815606,0.380178,0.300388,1,1,1,9,0.382381
91,HAP_0,HAP,0.773659,0.897781,0.056624,0.117574,2,0,0,0,0.888566
91,HAP_1,HAP,0.645391,0.819041,0.337898,0.281202,1,1,1,12,0.929591
91,HAP_2,HAP,0.782364,0.903069,0.145436,0.086477,1,1,1,0,1.108653
91,LEO_0,LEO,0.810277,0.90525,0.11038,0.07846,1,1,1,0,1.122369
91,LEO_1,LEO,0.8095,0.908192,0.011338,0.043546,2,0,0,0,1.25971
92,BS_0,BS,0.707623,0.827423,0.245844,0.252306,1,1,1,3,0.37498
92,BS_1,BS,0.486924,0.824296,0.619648,0.45688,1,1,1,0,0.364805
92,BS_2,BS,0.485254,0.8059,0.623083,0.590057,1,1,1,1,0.0
92,BS_3,BS,0.644675,0.820652,0.339009,0.272701,1,1,1,7,0.516167
92,BS_4,BS,0.634865,0.816225,0.354342,0.296812,1,1,1,6,0.587759
92,HAP_0,HAP,0.778626,0.897191,0.150225,0.104215,1,1,1,0,1.279615
92,HAP_1,HAP,0.63096,0.818602,0.360512,0.283448,1,1,1,10,0.226209
92,HAP_2,HAP,0.751322,0.906102,0.085921,0.072503,2,0,0,0,1.141152
92,LEO_0,LEO,0.811363,0.905415,0.109039,0.068119,1,1,1,0,1.256842
92,LEO_1,LEO,0.814712,0.909548,0.10492,0.03979,1,1,1,0,1.027478
93,BS_0,BS,0.654548,0.82751,0.32381,0.249028,1,1,1,4,0.255117
93,BS_1,BS,0.596761,0.827899,0.416239,0.443469,1,1,1,1,0.264157
93,BS_2,BS,0.544219,0.804373,0.508404,0.588359,1,1,1,2,0.0
93,BS_3,BS,0.637414,0.820501,0.350336,0.273392,1,1,1,7,0.314791
93,BS_4,BS,0.589518,0.812273,0.42845,0.320056,1,1,1,11,0.23939
93,HAP_0,HAP,0.741571,0.901729,0.098985,0.087781,2,0,0,0,0.960116
93,HAP_1,HAP,0.648271,0.819875,0.333446,0.276792,1,1,1,9,0.342135
93,HAP_2,HAP,0.70452,0.912711,0.050238,0.059139,3,0,0,0,0.864541
93,LEO_0,LEO,0.8094,0.911901,0.011462,0.054554,2,0,0,0,1.161849
93,LEO_1,LEO,0.754377,0.910473,0.081863,0.034848,2,0,0,0,1.263913
94,BS_0,BS,0.642987,0.82651,0.34163,0.251743,1,1,1,3,0.661003
94,BS_1,BS,0.560429,0.824817,0.479052,0.458046,1,1,1,1,0.266018
94,BS_2,BS,0.672898,0.812421,0.296162,0.510157,1,1,1,2,0.433527
94,BS_3,BS,0.647294,0.821304,0.334954,0.269201,1,1,1,6,0.383927
94,BS_4,BS,0.630579,0.813151,0.361117,0.314727,1,1,1,8,0.692728
94,HAP_0,HAP,0.735479,0.909488,0.007234,0.070248,3,0,0,0,1.180535
94,HAP_1,HAP,0.637265,0.819866,0.350569,0.276738,1,1,1,13,0.661315
94,HAP_2,HAP,0.644467,0.918489,0.039332,0.048007,4,0,0,0,0.936048
94,LEO_0,LEO,0.769333,0.905438,0.162231,0.055487,1,1,1,0,1.905962
94,LEO_1,LEO,0.697898,0.912877,0.059683,0.029481,3,0,0,0,1.183757
95,BS_0,BS,0.647499,0.82613,0.334638,0.251786,1,1,1,3,1.001921
95,BS_1,BS,0.640711,0.828196,0.345176,0.420053,1,1,1,1,0.63883
95,BS_2,BS,0.697845,0.81969,0.259758,0.438489,1,1,1,2,1.117357
95,BS_3,BS,0.647949,0.822006,0.333944,0.265544,1,1,1,6,1.127703
95,BS_4,BS,0.589206,0.809782,0.42898,0.334592,1,1,1,5,1.172042
95,HAP_0,HAP,0.662505,0.915493,0.011727,0.05626,4,0,0,0,1.137704
95,HAP_1,HAP,0.64819,0.820878,0.333572,0.271462,1,1,1,10,0.912565
95,HAP_2,HAP,0.843098,0.919582,0.070672,0.040653,1,1,0,0,1.138216
95,LEO_0,LEO,0.727874,0.900695,0.217628,0.065702,1,1,1,0,0.965976
95,LEO_1,LEO,0.653572,0.918137,0.025303,0.023873,4,0,0,0,1.032727
96,BS_0,BS,0.64766,0.82584,0.33439,0.251747,1,1,1,3,0.203038
96,BS_1,BS,0.467149,0.820701,0.661107,0.532721,1,1,1,0,0.0
96,BS_2,BS,0.6759,0.823317,0.29171,0.389084,1,1,1,2,0.482426
96,BS_3,BS,0.643721,0.822176,0.34049,0.264605,1,1,1,6,0.0
96,BS_4,BS,0.565946,0.80467,0.469256,0.366764,1,1,1,10,0.0
96,HAP_0,HAP,0.71787,0.910408,0.231467,0.069118,1,1,1,0,0.727376
96,HAP_1,HAP,0.6128,0.81832,0.389717,0.285515,1,1,1,14,0.296166
96,HAP_2,HAP,0.719581,0.907726,0.229086,0.056139,1,1,1,0,3.040113
96,LEO_0,LEO,0.8016,0.903854,0.121145,0.059166,1,1,1,0,0.914217
96,LEO_1,LEO,0.68989,0.911279,0.271224,0.052202,1,1,1,0,0.603495
97,BS_0,BS,0.641662,0.825051,0.343693,0.254553,1,1,1,4,0.559842
97,BS_1,BS,0.572403,0.824752,0.457912,0.520534,1,1,1,1,0.0
97,BS_2,BS,0.791635,0.837424,0.133655,0.319306,1,1,1,2,0.299652
97,BS_3,BS,0.628535,0.820879,0.364363,0.271426,1,1,1,5,0.0
97,BS_4,BS,0.61847,0.805906,0.380507,0.358565,1,1,1,10,0.0
97,HAP_0,HAP,0.655849,0.895398,0.321825,0.101901,1,1,1,0,2.004043
97,HAP_1,HAP,0.643542,0.81921,0.340768,0.280668,1,1,1,12,0.273388
97,HAP_2,HAP,0.749156,0.906014,0.088808,0.04846,2,0,0,0,1.747042
97,LEO_0,LEO,0.688896,0.892837,0.272665,0.080789,1,1,1,0,2.284073
97,LEO_1,LEO,0.708985,0.910276,0.24392,0.068535,1,1,1,0,0.340073
98,BS_0,BS,0.645048,0.824735,0.338431,0.255184,1,1,1,3,1.363505
98,BS_1,BS,0.441771,0.803917,0.716963,0.647744,1,1,1,1,0.930389
98,BS_2,BS,0.759977,0.844829,0.174467,0.269142,1,1,1,1,0.912389
98,BS_3,BS,0.639269,0.820857,0.34743,0.271459,1,1,1,4,1.267953
98,BS_4,BS,0.620075,0.80705,0.377915,0.351121,1,1,1,9,1.347412
98,HAP_0,HAP,0.74164,0.899214,0.098892,0.085922,2,0,0,0,1.055849
98,HAP_1,HAP,0.645214,0.820077,0.338173,0.275996,1,1,1,12,0.462266
98,HAP_2,HAP,0.698819,0.906927,0.058364,0.040301,3,0,0,0,1.426796
98,LEO_0,LEO,0.674465,0.887978,0.293836,0.103484,1,1,1,0,0.735473
98,LEO_1,LEO,0.689017,0.90294,0.27249,0.088241,1,1,1,0,1.01359
99,BS_0,BS,0.606302,0.820765,0.400377,0.276283,1,1,1,2,0.531427
99,BS_1,BS,0.662112,0.812691,0.31232,0.56209,1,1,1,1,0.742747
99,BS_2,BS,0.752634,0.849884,0.184176,0.230578,1,1,1,1,2.233398
99,BS_3,BS,0.542923,0.811038,0.510788,0.334574,1,1,1,7,0.763093
99,BS_4,BS,0.64323,0.810165,0.341252,0.3333,1,1,1,9,0.701801
99,HAP_0,HAP,0.814373,0.898817,0.105337,0.073731,1,1,1,0,2.169207
99,HAP_1,HAP,0.647916,0.821022,0.333994,0.270995,1,1,1,13,0.538763
99,HAP_2,HAP,0.646597,0.896913,0.336033,0.083054,1,1,1,0,0.69872
99,LEO_0,LEO,0.76287,0.89316,0.170667,0.095894,1,1,1,0,0.656299
99,LEO_1,LEO,0.792822,0.908292,0.132156,0.078452,1,1,1,0,0.543136
100,BS_0,BS,0.747118,0.83012,0.191533,0.237535,1,1,1,3,0.386249
100,BS_1,BS,0.601273,0.812736,0.408707,0.52484,1,1,1,1,0.538444
100,BS_2,BS,0.472663,0.83447,0.649373,0.374221,1,1,1,1,0.225613
100,BS_3,BS,0.648342,0.813831,0.333337,0.317661,1,1,1,7,0.556051
100,BS_4,BS,0.64448,0.812773,0.339312,0.31845,1,1,1,9,0.418451
100,HAP_0,HAP,0.769578,0.900492,0.061913,0.06071,2,0,0,0,3.83397
100,HAP_1,HAP,0.638425,0.820893,0.348751,0.271529,1,1,1,11,0.664065
100,HAP_2,HAP,0.673682,0.894782,0.294997,0.105603,1,1,1,0,0.419512
100,LEO_0,LEO,0.754353,0.900891,0.081895,0.079733,2,0,0,0,0.915815
100,LEO_1,LEO,0.733548,0.904366,0.209862,0.08258,1,1,1,0,1.056181
101,BS_0,BS,0.714418,0.834919,0.236287,0.215152,1,1,1,3,0.953528
101,BS_1,BS,0.685778,0.823173,0.277201,0.45445,1,1,1,1,0.429014
101,BS_2,BS,0.434411,0.810256,0.733764,0.541661,1,1,1,2,0.215996
101,BS_3,BS,0.648328,0.816063,0.333359,0.304136,1,1,1,6,0.826093
101,BS_4,BS,0.624657,0.812985,0.370552,0.316549,1,1,1,8,1.269472
101,HAP_0,HAP,0.680941,0.893683,0.28428,0.084934,1,1,1,0,0.835571
101,HAP_1,HAP,0.637102,0.820665,0.350826,0.272608,1,1,1,13,0.699388
101,HAP_2,HAP,0.678585,0.88831,0.287745,0.121742,1,1,1,0,1.15508
101,LEO_0,LEO,0.81262,0.905157,0.107491,0.068986,1,1,1,0,0.920297
101,LEO_1,LEO,0.770753,0.909918,0.060388,0.067705,2,0,0,0,1.002099
102,BS_0,BS,0.721346,0.839337,0.226636,0.195235,1,1,1,4,0.92802
102,BS_1,BS,0.529208,0.820451,0.536374,0.493024,1,1,1,0,0.478577
102,BS_2,BS,0.769633,0.824829,0.161842,0.445116,1,1,1,1,0.63706
102,BS_3,BS,0.637751,0.816862,0.349808,0.298373,1,1,1,6,0.566296
102,BS_4,BS,0.626602,0.813342,0.367444,0.313996,1,1,1,9,0.546635
102,HAP_0,HAP,0.664842,0.89057,0.308206,0.110693,1,1,1,0,0.494113
102,HAP_1,HAP,0.632832,0.820079,0.35755,0.275616,1,1,1,13,0.330861
102,HAP_2,HAP,0.63648,0.88543,0.351803,0.153088,1,1,1,0,0.257516
102,LEO_0,LEO,0.646752,0.890156,0.335792,0.105929,1,1,1,0,2.387171
102,LEO_1,LEO,0.769847,0.906771,0.161563,0.06591,1,1,1,0,1.184898
103,BS_0,BS,0.62985,0.834733,0.362274,0.215247,1,1,1,3,0.986038
103,BS_1,BS,0.575304,0.819829,0.452857,0.486705,1,1,1,1,0.731582
103,BS_2,BS,0.734429,0.832611,0.208662,0.375686,1,1,1,2,0.87933
103,BS_3,BS,0.647918,0.81845,0.333992,0.288896,1,1,1,5,1.061947
103,BS_4,BS,0.631712,0.814114,0.359321,0.309297,1,1,1,9,0.566025
103,HAP_0,HAP,0.681104,0.884345,0.28404,0.12486,1,1,1,0,1.236522
103,HAP_1,HAP,0.639842,0.820271,0.346534,0.274531,1,1,1,13,0.759422
103,HAP_2,HAP,0.74547,0.888648,0.19374,0.139361,1,1,1,0,0.906211
103,LEO_0,LEO,0.727005,0.889464,0.218822,0.106291,1,1,1,0,0.845927
103,LEO_1,LEO,0.756569,0.90101,0.178961,0.067141,1,1,1,0,1.421923
104,BS_0,BS,0.706835,0.837969,0.246958,0.199643,1,1,1,4,0.851225
104,BS_1,BS,0.519714,0.809857,0.554478,0.527714,1,1,1,1,0.929322
104,BS_2,BS,0.691269,0.837233,0.269226,0.333166,1,1,1,1,0.674425
104,BS_3,BS,0.635612,0.81857,0.353167,0.287244,1,1,1,7,1.346615
104,BS_4,BS,0.628586,0.814434,0.364282,0.307153,1,1,1,8,1.070077
104,HAP_0,HAP,0.784656,0.890846,0.14251,0.109027,1,1,1,0,0.73317
104,HAP_1,HAP,0.643863,0.820801,0.340269,0.271727,1,1,1,11,0.715979
104,HAP_2,HAP,0.801251,0.901809,0.021582,0.111698,2,0,0,0,0.774986
104,LEO_0,LEO,0.768963,0.898561,0.062712,0.086802,2,0,0,0,0.917643
104,LEO_1,LEO,0.773508,0.900618,0.156819,0.064779,1,1,1,0,1.005784
105,BS_0,BS,0.695785,0.839612,0.262715,0.190773,1,1,1,3,1.237062
105,BS_1,BS,0.56855,0.811047,0.464666,0.519333,1,1,1,1,0.43429
105,BS_2,BS,0.566358,0.827135,0.468528,0.365316,1,1,1,2,1.041195
105,BS_3,BS,0.646148,0.819652,0.336727,0.280819,1,1,1,6,0.721277
105,BS_4,BS,0.61713,0.813587,0.382676,0.311621,1,1,1,5,0.356398
105,HAP_0,HAP,0.759794,0.898567,0.074708,0.089733,2,0,0,0,1.001433
105,HAP_1,HAP,0.64807,0.821615,0.333757,0.267509,1,1,1,12,0.925851
105,HAP_2,HAP,0.603613,0.883595,0.404822,0.163105,1,1,1,0,1.904738
105,LEO_0,LEO,0.797992,0.903006,0.125657,0.076547,1,1,1,0,0.806726
105,LEO_1,LEO,0.760468,0.905922,0.073822,0.054276,2,0,0,0,0.998404
106,BS_0,BS,0.607411,0.832777,0.398549,0.224097,1,1,1,2,0.678714
106,BS_1,BS,0.593031,0.813392,0.422508,0.495797,1,1,1,1,0.702514
106,BS_2,BS,0.622602,0.82588,0.373848,0.355146,1,1,1,1,0.774849
106,BS_3,BS,0.62921,0.818925,0.36329,0.284046,1,1,1,4,0.776344
106,BS_4,BS,0.625194,0.813688,0.369693,0.3108,1,1,1,9,0.26896
106,HAP_0,HAP,0.726801,0.908914,0.019103,0.071951,3,0,0,0,0.85847
106,HAP_1,HAP,0.610042,0.818638,0.394227,0.283944,1,1,1,15,0.78771
106,HAP_2,HAP,0.664754,0.880652,0.308338,0.173267,1,1,1,0,0.626342
106,LEO_0,LEO,0.768732,0.901499,0.163012,0.073196,1,1,1,0,1.1831
106,LEO_1,LEO,0.766611,0.906027,0.165776,0.055787,1,1,1,0,0.841912
107,BS_0,BS,0.806019,0.844283,0.115648,0.185296,1,1,1,2,1.093719
107,BS_1,BS,0.526675,0.80435,0.541173,0.528428,1,1,1,1,0.776063
107,BS_2,BS,0.755058,0.835167,0.180961,0.298853,1,1,1,1,0.735364
107,BS_3,BS,0.647403,0.820052,0.334787,0.277673,1,1,1,4,1.048031
107,BS_4,BS,0.638101,0.814995,0.349259,0.303532,1,1,1,9,0.431861
107,HAP_0,HAP,0.611313,0.911714,0.092145,0.061382,4,0,0,0,1.016276
107,HAP_1,HAP,0.596959,0.814956,0.415907,0.304996,1,1,1,9,0.627486
107,HAP_2,HAP,0.791305,0.88984,0.134071,0.146702,1,1,1,0,0.636574
107,LEO_0,LEO,0.805756,0.909844,0.015974,0.058671,2,0,0,0,1.021464
107,LEO_1,LEO,0.799915,0.906317,0.12325,0.051465,1,1,1,0,1.169654
108,BS_0,BS,0.643815,0.840005,0.340344,0.200362,1,1,1,4,1.006596
108,BS_1,BS,0.646564,0.812467,0.336084,0.473571,1,1,1,1,0.249049
108,BS_2,BS,0.620283,0.830543,0.37758,0.303237,1,1,1,2,0.311791
108,BS_3,BS,0.629008,0.819225,0.363612,0.281635,1,1,1,6,0.732756
108,BS_4,BS,0.642432,0.816446,0.342495,0.295612,1,1,1,9,0.337522
108,HAP_0,HAP,0.902184,0.920644,0.002937,0.049109,1,1,0,0,0.821619
108,HAP_1,HAP,0.641227,0.816303,0.344371,0.297363,1,1,1,14,1.024712
108,HAP_2,HAP,0.769768,0.900208,0.061667,0.119073,2,0,0,0,0.829627
108,LEO_0,LEO,0.701461,0.914782,0.05459,0.048278,3,0,0,0,0.967278
108,LEO_1,LEO,0.753709,0.910589,0.082748,0.044254,2,0,0,0,0.90963
109,BS_0,BS,0.709878,0.842445,0.242663,0.186788,1,1,1,3,0.0
109,BS_1,BS,0.409797,0.800278,0.792094,0.661193,1,1,1,0,0.0
109,BS_2,BS,0.585359,0.829025,0.43553,0.327949,1,1,1,1,0.0
109,BS_3,BS,0.646617,0.82022,0.336001,0.276111,1,1,1,6,0.0
109,BS_4,BS,0.647244,0.818055,0.335033,0.287,1,1,1,9,0.0
109,HAP_0,HAP,0.641113,0.902132,0.344549,0.092709,1,1,1,0,6.226799
109,HAP_1,HAP,0.648076,0.818017,0.333747,0.288014,1,1,1,12,0.0
109,HAP_2,HAP,0.739551,0.912998,0.001711,0.09526,3,0,0,0,0.684031
109,LEO_0,LEO,0.733888,0.911766,0.209399,0.058354,1,1,1,0,0.691491
109,LEO_1,LEO,0.738961,0.908618,0.20251,0.053858,1,1,1,0,0.725351
110,BS_0,BS,0.663109,0.840307,0.310815,0.192903,1,1,1,4,0.929839
110,BS_1,BS,0.599167,0.809401,0.412215,0.605419,1,1,1,1,0.413409
110,BS_2,BS,0.678579,0.833977,0.287755,0.29962,1,1,1,1,0.799214
110,BS_3,BS,0.646991,0.821051,0.335423,0.271518,1,1,1,5,1.398674
110,BS_4,BS,0.647947,0.819407,0.333947,0.279784,1,1,1,9,1.377467
110,HAP_0,HAP,0.768334,0.90617,0.063531,0.075983,2,0,0,0,1.122688
110,HAP_1,HAP,0.639244,0.818566,0.347469,0.284742,1,1,1,10,0.653388
110,HAP_2,HAP,0.75062,0.909345,0.186856,0.09192,1,1,1,0,1.053659
110,LEO_0,LEO,0.812866,0.91325,0.107188,0.051853,1,1,1,0,1.029048
110,LEO_1,LEO,0.788751,0.908287,0.137304,0.05157,1,1,1,0,1.103648
111,BS_0,BS,0.653494,0.83772,0.325422,0.201977,1,1,1,4,0.429203
111,BS_1,BS,0.555102,0.813222,0.488603,0.591765,1,1,1,1,0.0
111,BS_2,BS,0.691985,0.837915,0.268191,0.272063,1,1,1,1,0.681443
111,BS_3,BS,0.646234,0.821645,0.336593,0.268197,1,1,1,4,0.293441
111,BS_4,BS,0.630478,0.818849,0.361277,0.282562,1,1,1,9,0.0
111,HAP_0,HAP,0.663291,0.898285,0.310541,0.104183,1,1,1,0,0.70921
111,HAP_1,HAP,0.645083,0.81955,0.338376,0.279318,1,1,1,13,0.329397
111,HAP_2,HAP,0.79949,0.912624,0.123781,0.08043,1,1,1,0,0.682069
111,LEO_0,LEO,0.668696,0.898508,0.302426,0.08264,1,1,1,0,2.652711
111,LEO_1,LEO,0.757945,0.9132,0.077144,0.043934,2,0,0,0,0.840836
112,BS_0,BS,0.518715,0.821792,0.5564,0.300894,1,1,1,2,1.370223
112,BS_1,BS,0.427567,0.792602,0.749645,0.726297,1,1,1,2,0.616497
112,BS_2,BS,0.69192,0.8396,0.268285,0.25004,1,1,1,1,1.147516
112,BS_3,BS,0.614624,0.819111,0.386744,0.281865,1,1,1,4,0.979494
112,BS_4,BS,0.645111,0.819779,0.338334,0.277561,1,1,1,9,1.080229
112,HAP_0,HAP,0.809426,0.904664,0.11143,0.088933,1,1,1,0,0.709361
112,HAP_1,HAP,0.641723,0.820024,0.343599,0.276582,1,1,1,13,0.600379
112,HAP_2,HAP,0.806824,0.921204,0.01465,0.064441,2,0,0,0,0.816388
112,LEO_0,LEO,0.670814,0.892301,0.299264,0.106414,1,1,1,0,0.7201
112,LEO_1,LEO,0.724778,0.919617,0.02189,0.035363,3,0,0,0,0.983665
113,BS_0,BS,0.691996,0.826343,0.268175,0.273078,1,1,1,4,0.526742
113,BS_1,BS,0.760737,0.813796,0.173467,0.594579,1,1,1,2,0.0
113,BS_2,BS,0.699843,0.843209,0.2569,0.229731,1,1,1,1,0.645609
113,BS_3,BS,0.685674,0.823648,0.277353,0.260108,1,1,1,5,0.337477
113,BS_4,BS,0.636778,0.819743,0.351334,0.277595,1,1,1,10,0.557842
113,HAP_0,HAP,0.612918,0.886904,0.389524,0.139425,1,1,1,0,2.221215
113,HAP_1,HAP,0.644847,0.820695,0.338743,0.272901,1,1,1,14,0.292152
113,HAP_2,HAP,0.614391,0.900133,0.387124,0.118992,1,1,1,0,2.319288
113,LEO_0,LEO,0.616429,0.887121,0.383813,0.151421,1,1,1,0,0.247581
113,LEO_1,LEO,0.731424,0.916162,0.212762,0.048661,1,1,1,0,0.60506
114,BS_0,BS,0.737671,0.833819,0.204258,0.237237,1,1,1,2,1.19762
114,BS_1,BS,0.688414,0.820659,0.273365,0.509291,1,1,1,2,0.632939
114,BS_2,BS,0.682203,0.844886,0.282428,0.219679,1,1,1,1,0.874889
114,BS_3,BS,0.637795,0.822934,0.349739,0.263129,1,1,1,2,0.753824
114,BS_4,BS,0.608992,0.817038,0.39595,0.292625,1,1,1,10,1.004754
114,HAP_0,HAP,0.779241,0.890512,0.149435,0.121589,1,1,1,0,0.919309
114,HAP_1,HAP,0.646508,0.821386,0.33617,0.269176,1,1,1,10,0.913403
114,HAP_2,HAP,0.802097,0.906741,0.020526,0.095383,2,0,0,0,1.176664
114,LEO_0,LEO,0.590992,0.872908,0.425953,0.202784,1,1,1,0,1.311659
114,LEO_1,LEO,0.649103,0.900612,0.332164,0.088578,1,1,1,0,1.37923
115,BS_0,BS,0.713778,0.837824,0.237184,0.215105,1,1,1,4,1.965727
115,BS_1,BS,0.764045,0.831585,0.169128,0.420304,1,1,1,3,0.743725
115,BS_2,BS,0.574857,0.84008,0.453634,0.268346,1,1,1,1,0.257881
115,BS_3,BS,0.63259,0.821871,0.357932,0.268155,1,1,1,6,0.727092
115,BS_4,BS,0.585863,0.81255,0.434669,0.319122,1,1,1,9,0.0
115,HAP_0,HAP,0.715806,0.884339,0.234347,0.121984,1,1,1,0,1.833171
115,HAP_1,HAP,0.648017,0.822078,0.333838,0.265492,1,1,1,14,0.162464
115,HAP_2,HAP,0.792685,0.903026,0.13233,0.084187,1,1,1,0,2.575707
115,LEO_0,LEO,0.605736,0.870314,0.401311,0.234699,1,1,1,0,0.21095
115,LEO_1,LEO,0.603583,0.89088,0.404872,0.144627,1,1,1,0,0.355014
116,BS_0,BS,0.66724,0.836983,0.304605,0.213837,1,1,1,3,0.868102
116,BS_1,BS,0.797979,0.842768,0.125673,0.343351,1,1,1,3,2.014439
116,BS_2,BS,0.609436,0.836022,0.395221,0.284967,1,1,1,1,0.893265
116,BS_3,BS,0.653071,0.822933,0.32607,0.262369,1,1,1,4,1.129186
116,BS_4,BS,0.586054,0.808979,0.434344,0.340192,1,1,1,5,0.76075
116,HAP_0,HAP,0.773317,0.889885,0.057066,0.099053,2,0,0,0,1.420031
116,HAP_1,HAP,0.647432,0.822578,0.334742,0.262817,1,1,1,12,0.834682
116,HAP_2,HAP,0.77334,0.904113,0.057037,0.068813,2,0,0,0,1.795862
116,LEO_0,LEO,0.75904,0.877936,0.175701,0.201651,1,1,1,0,0.87332
116,LEO_1,LEO,0.814807,0.898312,0.104804,0.120645,1,1,1,0,0.880088
117,BS_0,BS,0.655835,0.835276,0.321845,0.217682,1,1,1,4,0.669383
117,BS_1,BS,0.611058,0.838346,0.392563,0.344028,1,1,1,1,0.609897
117,BS_2,BS,0.617621,0.833722,0.38188,0.293598,1,1,1,1,0.561627
117,BS_3,BS,0.591833,0.817874,0.42453,0.290997,1,1,1,3,0.604816
117,BS_4,BS,0.648261,0.812176,0.333462,0.322192,1,1,1,8,0.285143
117,HAP_0,HAP,0.58049,0.878628,0.443883,0.167907,1,1,1,0,0.476928
117,HAP_1,HAP,0.628417,0.821189,0.364551,0.270057,1,1,1,15,0.663754
117,HAP_2,HAP,0.560569,0.887715,0.478803,0.158214,1,1,1,0,0.483836
117,LEO_0,LEO,0.886322,0.894172,0.020675,0.161514,1,1,1,0,0.67268
117,LEO_1,LEO,0.613401,0.881704,0.388736,0.164518,1,1,1,0,2.115534
118,BS_0,BS,0.630356,0.831532,0.361471,0.232943,1,1,1,3,0.568406
118,BS_1,BS,0.640121,0.835448,0.346099,0.329125,1,1,1,2,0.491458
118,BS_2,BS,0.662639,0.835459,0.311525,0.27855,1,1,1,1,0.512673
118,BS_3,BS,0.660738,0.820436,0.314399,0.277278,1,1,1,6,0.0
118,BS_4,BS,0.617839,0.811849,0.381528,0.323257,1,1,1,7,0.799514
118,HAP_0,HAP,0.753936,0.891212,0.082448,0.137384,2,0,0,0,0.67665
118,HAP_1,HAP,0.63351,0.820563,0.356479,0.273231,1,1,1,12,0.134911
118,HAP_2,HAP,0.764801,0.898821,0.06814,0.128661,2,0,0,0,0.736565
118,LEO_0,LEO,0.591,0.876394,0.425939,0.210852,1,1,1,0,3.354254
118,LEO_1,LEO,0.599784,0.874405,0.411186,0.207697,1,1,1,0,0.445335
119,BS_0,BS,0.676536,0.83278,0.29077,0.224401,1,1,1,2,0.481477
119,BS_1,BS,0.707547,0.838762,0.245952,0.290522,1,1,1,1,0.767985
119,BS_2,BS,0.746325,0.843892,0.192594,0.239532,1,1,1,1,0.524023
119,BS_3,BS,0.695288,0.825543,0.26343,0.25305,1,1,1,6,0.326475
119,BS_4,BS,0.622556,0.812044,0.373922,0.321524,1,1,1,10,0.606274
119,HAP_0,HAP,0.676351,0.883162,0.291043,0.148025,1,1,1,0,1.374572
119,HAP_1,HAP,0.648189,0.821436,0.333573,0.268656,1,1,1,12,0.934433
119,HAP_2,HAP,0.641113,0.884932,0.34455,0.15635,1,1,1,0,1.818593
119,LEO_0,LEO,0.680405,0.876178,0.285067,0.20525,1,1,1,0,0.644494
119,LEO_1,LEO,0.87069,0.890273,0.038469,0.166824,1,1,1,0,0.710749
120,BS_0,BS,0.748569,0.839848,0.189592,0.195696,1,1,1,3,0.449956
120,BS_1,BS,0.825083,0.850505,0.092272,0.236249,1,1,1,2,1.00999
120,BS_2,BS,0.521607,0.828563,0.550841,0.328167,1,1,1,0,1.364531
120,BS_3,BS,0.663276,0.8268,0.310564,0.245843,1,1,1,6,0.33115
120,BS_4,BS,0.646516,0.814466,0.336157,0.30807,1,1,1,10,0.770277
120,HAP_0,HAP,0.725115,0.885094,0.221425,0.140483,1,1,1,0,0.710199
120,HAP_1,HAP,0.648335,0.822148,0.333347,0.264929,1,1,1,13,0.172884
120,HAP_2,HAP,0.623698,0.878782,0.372089,0.187383,1,1,1,0,0.518368
120,LEO_0,LEO,0.671983,0.878865,0.297522,0.204034,1,1,1,0,0.332386
120,LEO_1,LEO,0.593337,0.87351,0.421993,0.213594,1,1,1,0,2.3665
121,BS_0,BS,0.70866,0.842216,0.244379,0.183431,1,1,1,4,1.219958
121,BS_1,BS,0.685647,0.848767,0.277392,0.223625,1,1,1,1,6.966329
121,BS_2,BS,0.581742,0.821933,0.441728,0.350339,1,1,1,1,0.775556
121,BS_3,BS,0.651124,0.826697,0.329055,0.245399,1,1,1,5,0.381276
121,BS_4,BS,0.604382,0.81236,0.403548,0.319739,1,1,1,7,0.776226
121,HAP_0,HAP,0.737026,0.883875,0.205133,0.131322,1,1,1,0,1.28272
121,HAP_1,HAP,0.645695,0.822473,0.337427,0.263179,1,1,1,14,0.27238
121,HAP_2,HAP,0.785548,0.88871,0.141373,0.1589,1,1,1,0,0.558201
121,LEO_0,LEO,0.869322,0.896172,0.040041,0.163948,1,1,1,0,0.45907
121,LEO_1,LEO,0.607934,0.868789,0.397689,0.242046,1,1,1,0,0.434953
122,BS_0,BS,0.615444,0.835648,0.385411,0.213589,1,1,1,3,0.993161
122,BS_1,BS,0.494468,0.83404,0.604272,0.343215,1,1,1,0,0.714822
122,BS_2,BS,0.44864,0.810258,0.701534,0.501739,1,1,1,0,0.289283
122,BS_3,BS,0.638078,0.8254,0.349295,0.251222,1,1,1,5,0.317776
122,BS_4,BS,0.63866,0.813985,0.348382,0.310408,1,1,1,8,0.444893
122,HAP_0,HAP,0.815601,0.895536,0.00383,0.105064,2,0,0,0,1.119446
122,HAP_1,HAP,0.639647,0.822168,0.346839,0.264677,1,1,1,11,0.533255
122,HAP_2,HAP,0.602382,0.874196,0.406864,0.201612,1,1,1,0,1.399194
122,LEO_0,LEO,0.5215,0.870971,0.551047,0.267802,1,1,1,0,1.813224
122,LEO_1,LEO,0.849554,0.882953,0.063044,0.195425,1,1,1,0,0.883076
123,BS_0,BS,0.499215,0.821691,0.594719,0.330032,1,1,1,1,0.774418
123,BS_1,BS,0.520364,0.825758,0.553227,0.412299,1,1,1,2,0.0
123,BS_2,BS,0.589273,0.821435,0.428867,0.484158,1,1,1,0,0.0
123,BS_3,BS,0.648601,0.825344,0.332938,0.250859,1,1,1,6,0.470755
123,BS_4,BS,0.647255,0.816087,0.335015,0.298832,1,1,1,8,0.649463
123,HAP_0,HAP,0.741297,0.890201,0.199353,0.101935,1,1,1,0,1.537735
123,HAP_1,HAP,0.648121,0.822714,0.333678,0.261845,1,1,1,12,0.219364
123,HAP_2,HAP,0.71119,0.877381,0.240816,0.187386,1,1,1,0,0.631914
123,LEO_0,LEO,0.572441,0.864923,0.457846,0.308572,1,1,1,0,0.22525
123,LEO_1,LEO,0.624908,0.870494,0.370151,0.217996,1,1,1,0,1.657632
124,BS_0,BS,0.654089,0.826414,0.324513,0.311414,1,1,1,2,0.306315
124,BS_1,BS,0.671715,0.832941,0.297921,0.36978,1,1,1,2,0.228065
124,BS_2,BS,0.522453,0.819337,0.549221,0.523066,1,1,1,1,0.277364
124,BS_3,BS,0.648372,0.825277,0.333291,0.250675,1,1,1,6,0.582045
124,BS_4,BS,0.622485,0.815427,0.374036,0.302022,1,1,1,9,0.660195
124,HAP_0,HAP,0.783039,0.896486,0.044573,0.082442,2,0,0,0,1.268347
124,HAP_1,HAP,0.639425,0.82234,0.347187,0.263718,1,1,1,14,0.641724
124,HAP_2,HAP,0.784184,0.882922,0.143111,0.159125,1,1,1,0,1.111373
124,LEO_0,LEO,0.829788,0.879689,0.086585,0.250232,1,1,1,0,0.772311
124,LEO_1,LEO,0.817908,0.879301,0.101005,0.178987,1,1,1,0,1.03773
125,BS_0,BS,0.551405,0.817121,0.495286,0.35952,1,1,1,3,0.723328
125,BS_1,BS,0.625461,0.830238,0.369267,0.357185,1,1,1,2,0.628488
125,BS_2,BS,0.544365,0.821718,0.508136,0.534644,1,1,1,1,0.0
125,BS_3,BS,0.543871,0.816951,0.509042,0.317146,1,1,1,2,0.220578
125,BS_4,BS,0.617594,0.814426,0.381924,0.307257,1,1,1,6,0.0
125,HAP_0,HAP,0.73163,0.902959,0.01248,0.066024,3,0,0,0,1.360188
125,HAP_1,HAP,0.648309,0.822869,0.333387,0.260991,1,1,1,12,0.129002
125,HAP_2,HAP,0.751327,0.889927,0.085914,0.130622,2,0,0,0,1.147068
125,LEO_0,LEO,0.582137,0.863877,0.441049,0.287721,1,1,1,0,1.556435
125,LEO_1,LEO,0.80496,0.883332,0.116963,0.149346,1,1,1,0,1.360551
126,BS_0,BS,0.478638,0.808861,0.636811,0.470103,1,1,1,1,0.0
126,BS_1,BS,0.767579,0.839746,0.164514,0.297927,1,1,1,2,0.411358
126,BS_2,BS,0.707714,0.841979,0.245716,0.454884,1,1,1,0,0.0
126,BS_3,BS,0.638097,0.818059,0.349264,0.30861,1,1,1,6,0.0
126,BS_4,BS,0.63742,0.815522,0.350326,0.301033,1,1,1,7,0.214103
126,HAP_0,HAP,0.669577,0.908615,0.001108,0.05282,4,0,0,0,1.373631
126,HAP_1,HAP,0.643617,0.822856,0.340652,0.261012,1,1,1,15,0.277505
126,HAP_2,HAP,0.680041,0.880554,0.285603,0.141204,1,1,1,0,1.557781
126,LEO_0,LEO,0.586289,0.859486,0.433942,0.314915,1,1,1,0,0.362065
126,LEO_1,LEO,0.798358,0.884535,0.125198,0.12653,1,1,1,0,1.618863
127,BS_0,BS,0.524131,0.801003,0.546014,0.510242,1,1,1,3,0.69867
127,BS_1,BS,0.861426,0.853932,0.049166,0.23943,1,1,1,2,1.165531
127,BS_2,BS,0.370471,0.807874,0.892979,0.722743,1,1,1,1,1.339971
127,BS_3,BS,0.693444,0.823573,0.266084,0.278748,1,1,1,6,0.426144
127,BS_4,BS,0.608705,0.813632,0.396422,0.311544,1,1,1,10,0.311712
127,HAP_0,HAP,0.73919,0.904124,0.2022,0.060654,1,1,1,0,0.987331
127,HAP_1,HAP,0.639787,0.822487,0.34662,0.262875,1,1,1,15,0.640647
127,HAP_2,HAP,0.733283,0.881589,0.210224,0.13285,1,1,1,0,0.923846
127,LEO_0,LEO,0.854902,0.876451,0.056768,0.253382,1,1,1,0,0.827041
127,LEO_1,LEO,0.782391,0.889981,0.045401,0.102152,2,0,0,0,1.635757
128,BS_0,BS,0.727453,0.813045,0.218206,0.42962,1,1,1,2,0.777293
128,BS_1,BS,0.826055,0.862697,0.091094,0.195278,1,1,1,2,1.630409
128,BS_2,BS,0.569492,0.807526,0.463011,0.674665,1,1,1,1,0.747485
128,BS_3,BS,0.652308,0.824242,0.327239,0.271187,1,1,1,6,0.990886
128,BS_4,BS,0.632562,0.814427,0.357977,0.306902,1,1,1,10,1.095669
128,HAP_0,HAP,0.787403,0.910301,0.039015,0.049208,2,0,0,0,1.066245
128,HAP_1,HAP,0.632385,0.821494,0.358257,0.268057,1,1,1,13,0.927159
128,HAP_2,HAP,0.777314,0.883006,0.151911,0.116665,1,1,1,0,1.387768
128,LEO_0,LEO,0.803096,0.884653,0.119281,0.209108,1,1,1,0,0.975572
128,LEO_1,LEO,0.682313,0.89404,0.082267,0.084767,3,0,0,0,1.252987
129,BS_0,BS,0.791948,0.827507,0.13326,0.351687,1,1,1,2,1.063278
129,BS_1,BS,0.882584,0.873667,0.024901,0.156501,1,1,1,2,1.536833
129,BS_2,BS,0.559199,0.805555,0.481251,0.643953,1,1,1,1,0.576884
129,BS_3,BS,0.646485,0.824225,0.336205,0.267815,1,1,1,6,0.352862
129,BS_4,BS,0.643114,0.816056,0.341433,0.297981,1,1,1,9,0.491834
129,HAP_0,HAP,0.684334,0.911051,0.079308,0.042197,3,0,0,0,1.287566
129,HAP_1,HAP,0.648279,0.82219,0.333434,0.264476,1,1,1,13,0.739178
129,HAP_2,HAP,0.667468,0.880018,0.304264,0.134991,1,1,1,0,0.687572
129,LEO_0,LEO,0.694187,0.878853,0.265014,0.198891,1,1,1,0,1.387269
129,LEO_1,LEO,0.579527,0.88094,0.445542,0.157142,1,1,1,0,0.619722
130,BS_0,BS,0.774226,0.837666,0.155891,0.292286,1,1,1,2,4.689095
130,BS_1,BS,0.757216,0.879248,0.078107,0.127946,2,0,0,2,5.193355
130,BS_2,BS,0.583499,0.810821,0.438713,0.601773,1,1,1,1,0.267501
130,BS_3,BS,0.641819,0.823774,0.343449,0.267333,1,1,1,7,0.409871
130,BS_4,BS,0.615155,0.814692,0.385882,0.305392,1,1,1,11,0.657815
130,HAP_0,HAP,0.672872,0.904269,0.2962,0.073238,1,1,1,0,0.539116
130,HAP_1,HAP,0.64334,0.822287,0.341081,0.263932,1,1,1,14,0.21192
130,HAP_2,HAP,0.726001,0.885062,0.220204,0.129814,1,1,1,0,0.51428
130,LEO_0,LEO,0.544612,0.868063,0.507682,0.275096,1,1,1,0,0.245552
130,LEO_1,LEO,0.615861,0.878543,0.384733,0.192323,1,1,1,0,0.201653
131,BS_0,BS,0.814169,0.8488,0.105587,0.238845,1,1,1,2,1.670021
131,BS_1,BS,0.765292,0.878349,0.167498,0.114982,1,1,1,2,1.416513
131,BS_2,BS,0.519628,0.801918,0.554643,0.619852,1,1,1,1,0.935727
131,BS_3,BS,0.627589,0.822067,0.36587,0.274104,1,1,1,5,0.490124
131,BS_4,BS,0.60212,0.812315,0.407299,0.318965,1,1,1,8,1.090363
131,HAP_0,HAP,0.767292,0.903361,0.164888,0.070825,1,1,1,0,1.100172
131,HAP_1,HAP,0.647902,0.822788,0.334015,0.26135,1,1,1,12,0.591605
131,HAP_2,HAP,0.577062,0.867913,0.449806,0.194897,1,1,1,0,1.816077
131,LEO_0,LEO,0.831665,0.882045,0.084326,0.223277,1,1,1,0,0.804301
131,LEO_1,LEO,0.627371,0.871089,0.366217,0.21421,1,1,1,0,1.143444
132,BS_0,BS,0.69479,0.848192,0.264145,0.222474,1,1,1,3,1.865547
132,BS_1,BS,0.641218,0.867016,0.344386,0.145357,1,1,1,2,0.589458
132,BS_2,BS,0.496193,0.799481,0.600791,0.658309,1,1,1,0,0.414183
132,BS_3,BS,0.602423,0.818246,0.406796,0.29375,1,1,1,7,0.520922
132,BS_4,BS,0.634808,0.813586,0.354433,0.311703,1,1,1,8,0.264933
132,HAP_0,HAP,0.766295,0.905544,0.166187,0.069088,1,1,1,0,0.642689
132,HAP_1,HAP,0.646673,0.823076,0.335915,0.259858,1,1,1,13,0.590769
132,HAP_2,HAP,0.639856,0.866939,0.346512,0.20995,1,1,1,0,0.496421
132,LEO_0,LEO,0.629918,0.871381,0.362165,0.237645,1,1,1,0,1.382039
132,LEO_1,LEO,0.734825,0.878831,0.208123,0.19086,1,1,1,0,0.449696
133,BS_0,BS,0.715576,0.849474,0.234668,0.20276,1,1,1,4,1.1237
133,BS_1,BS,0.625679,0.859461,0.368918,0.17753,1,1,1,1,0.476908
133,BS_2,BS,0.534603,0.797309,0.526231,0.651261,1,1,1,1,0.496354
133,BS_3,BS,0.630056,0.81788,0.361947,0.293953,1,1,1,6,0.656503
133,BS_4,BS,0.648061,0.815843,0.33377,0.299493,1,1,1,8,0.763959
133,HAP_0,HAP,0.616213,0.887951,0.384162,0.121682,1,1,1,0,1.583757
133,HAP_1,HAP,0.642954,0.82296,0.341683,0.260422,1,1,1,13,0.971119
133,HAP_2,HAP,0.871719,0.883114,0.037288,0.168585,1,1,1,0,0.859955
133,LEO_0,LEO,0.86179,0.883472,0.048744,0.191185,1,1,1,0,1.025346
133,LEO_1,LEO,0.569917,0.862219,0.462264,0.248847,1,1,1,0,1.665287
134,BS_0,BS,0.660542,0.845697,0.314695,0.206773,1,1,1,3,2.462962
134,BS_1,BS,0.619194,0.850405,0.379337,0.206778,1,1,1,3,0.605331
134,BS_2,BS,0.48122,0.797821,0.631431,0.700426,1,1,1,0,0.0
134,BS_3,BS,0.645838,0.819072,0.337206,0.286331,1,1,1,5,0.0
134,BS_4,BS,0.643096,0.817187,0.341461,0.292063,1,1,1,7,0.469616
134,HAP_0,HAP,0.58685,0.878594,0.432986,0.18171,1,1,1,0,0.387565
134,HAP_1,HAP,0.634346,0.822058,0.355161,0.265101,1,1,1,9,0.142446
134,HAP_2,HAP,0.624919,0.870643,0.370133,0.196517,1,1,1,0,2.679315
134,LEO_0,LEO,0.726756,0.879486,0.219165,0.174563,1,1,1,0,2.459415
134,LEO_1,LEO,0.623069,0.861262,0.373098,0.261719,1,1,1,0,0.438133
135,BS_0,BS,0.707368,0.846786,0.246204,0.192696,1,1,1,2,0.465832
135,BS_1,BS,0.754794,0.854565,0.181311,0.180215,1,1,1,3,0.579528
135,BS_2,BS,0.573707,0.804839,0.455637,0.653763,1,1,1,1,0.45654
135,BS_3,BS,0.645497,0.819993,0.337735,0.280394,1,1,1,6,0.595624
135,BS_4,BS,0.627631,0.816801,0.365802,0.293865,1,1,1,6,0.265103
135,HAP_0,HAP,0.777306,0.884394,0.151921,0.155754,1,1,1,0,1.02597
135,HAP_1,HAP,0.627746,0.820709,0.365619,0.272235,1,1,1,13,0.626798
135,HAP_2,HAP,0.65821,0.869665,0.318231,0.202786,1,1,1,0,0.628514
135,LEO_0,LEO,0.748551,0.883384,0.089616,0.143264,2,0,0,0,1.633376
135,LEO_1,LEO,0.849071,0.878901,0.063612,0.211196,1,1,1,0,0.633354
136,BS_0,BS,0.466063,0.828292,0.663434,0.352222,1,1,1,1,0.586535
136,BS_1,BS,0.737085,0.856373,0.205051,0.163093,1,1,1,2,0.931933
136,BS_2,BS,0.797919,0.830695,0.125748,0.530126,1,1,1,0,0.551836
136,BS_3,BS,0.641434,0.820352,0.344049,0.277582,1,1,1,5,0.565767
136,BS_4,BS,0.634601,0.817155,0.354758,0.291726,1,1,1,8,0.0
136,HAP_0,HAP,0.800521,0.897594,0.022492,0.124831,2,0,0,0,0.837382
136,HAP_1,HAP,0.643276,0.821097,0.341181,0.27017,1,1,1,12,0.24731
136,HAP_2,HAP,0.693004,0.875018,0.26672,0.194242,1,1,1,0,0.394847
136,LEO_0,LEO,0.695408,0.890376,0.063257,0.116412,3,0,0,0,1.196196
136,LEO_1,LEO,0.575975,0.862761,0.45169,0.260768,1,1,1,0,1.739154
137,BS_0,BS,0.487672,0.811681,0.618111,0.453705,1,1,1,3,0.0
137,BS_1,BS,0.738467,0.857912,0.203179,0.149051,1,1,1,2,1.637375
137,BS_2,BS,0.546953,0.821227,0.503392,0.538133,1,1,1,0,2.57954
137,BS_3,BS,0.648296,0.821277,0.333408,0.272088,1,1,1,5,0.504526
137,BS_4,BS,0.635492,0.817523,0.353355,0.289568,1,1,1,9,0.0
137,HAP_0,HAP,0.656831,0.885141,0.320329,0.14604,1,1,1,0,2.580353
137,HAP_1,HAP,0.645918,0.821652,0.337083,0.267267,1,1,1,12,0.287261
137,HAP_2,HAP,0.844912,0.891421,0.068522,0.157506,1,1,1,0,0.442541
137,LEO_0,LEO,0.514141,0.87338,0.565258,0.236912,1,1,1,0,0.312271
137,LEO_1,LEO,0.5735,0.857785,0.455998,0.302184,1,1,1,0,0.301466
138,BS_0,BS,0.697379,0.818946,0.260427,0.393484,1,1,1,3,0.0
138,BS_1,BS,0.581749,0.844828,0.441715,0.207042,1,1,1,1,3.579356
138,BS_2,BS,0.457112,0.807538,0.682828,0.64032,1,1,1,1,0.0
138,BS_3,BS,0.647112,0.821907,0.335236,0.268242,1,1,1,5,0.580173
138,BS_4,BS,0.635124,0.817782,0.353935,0.288026,1,1,1,9,0.467014
138,HAP_0,HAP,0.581472,0.875461,0.442193,0.204822,1,1,1,0,0.422208
138,HAP_1,HAP,0.64058,0.821599,0.345382,0.267494,1,1,1,14,0.34806
138,HAP_2,HAP,0.52349,0.867406,0.547238,0.260766,1,1,1,0,3.839839
138,LEO_0,LEO,0.766833,0.884556,0.165486,0.201853,1,1,1,0,0.402207
138,LEO_1,LEO,0.747088,0.871176,0.191572,0.258262,1,1,1,0,0.318143
139,BS_0,BS,0.689906,0.82393,0.2712,0.347885,1,1,1,3,1.398326
139,BS_1,BS,0.584872,0.834681,0.436363,0.251319,1,1,1,2,0.452916
139,BS_2,BS,0.55903,0.803442,0.481553,0.616608,1,1,1,1,0.741014
139,BS_3,BS,0.633258,0.821113,0.356877,0.271907,1,1,1,7,1.153716
139,BS_4,BS,0.643398,0.818766,0.340993,0.282745,1,1,1,7,1.487224
139,HAP_0,HAP,0.669402,0.870319,0.301371,0.204729,1,1,1,0,1.342947
139,HAP_1,HAP,0.641997,0.821689,0.343172,0.26699,1,1,1,13,0.825263
139,HAP_2,HAP,0.846705,0.879682,0.066402,0.210597,1,1,1,0,0.959928
139,LEO_0,LEO,0.560725,0.867041,0.478525,0.264526,1,1,1,0,1.381162
139,LEO_1,LEO,0.610536,0.863302,0.393418,0.27626,1,1,1,0,1.165281
140,BS_0,BS,0.66028,0.825248,0.315091,0.322985,1,1,1,3,0.268674
140,BS_1,BS,0.878655,0.850983,0.029363,0.201443,1,1,1,2,0.594049
140,BS_2,BS,0.731834,0.817225,0.212202,0.51355,1,1,1,1,0.673036
140,BS_3,BS,0.633402,0.820492,0.35665,0.274765,1,1,1,4,0.776517
140,BS_4,BS,0.647346,0.819921,0.334875,0.27666,1,1,1,8,0.493999
140,HAP_0,HAP,0.689501,0.872961,0.271787,0.197024,1,1,1,0,0.574154
140,HAP_1,HAP,0.647291,0.822254,0.334959,0.264081,1,1,1,12,0.257174
140,HAP_2,HAP,0.712064,0.875319,0.239588,0.194309,1,1,1,0,4.602231
140,LEO_0,LEO,0.642053,0.867736,0.343085,0.264589,1,1,1,0,0.366572
140,LEO_1,LEO,0.77888,0.875043,0.149899,0.231119,1,1,1,0,0.574789
141,BS_0,BS,0.650065,0.825359,0.330683,0.307596,1,1,1,3,0.613751
141,BS_1,BS,0.838144,0.861192,0.076565,0.163792,1,1,1,2,3.409335
141,BS_2,BS,0.63168,0.817658,0.359372,0.468956,1,1,1,2,1.078284
141,BS_3,BS,0.647341,0.8213,0.334882,0.270278,1,1,1,6,0.0
141,BS_4,BS,0.641582,0.820307,0.343819,0.274523,1,1,1,8,0.679192
141,HAP_0,HAP,0.831506,0.886763,0.084517,0.160833,1,1,1,0,0.642128
141,HAP_1,HAP,0.647576,0.822732,0.33452,0.261621,1,1,1,12,0.343867
141,HAP_2,HAP,0.808287,0.881844,0.112838,0.161177,1,1,1,0,1.103758
141,LEO_0,LEO,0.800863,0.882356,0.122065,0.218376,1,1,1,0,0.430904
141,LEO_1,LEO,0.74541,0.878443,0.193821,0.201801,1,1,1,0,1.080135
142,BS_0,BS,0.617978,0.822516,0.381303,0.311503,1,1,1,2,0.476256
142,BS_1,BS,0.781889,0.865191,0.146043,0.140632,1,1,1,1,0.896792
142,BS_2,BS,0.762322,0.828932,0.171387,0.388383,1,1,1,2,0.774562
142,BS_3,BS,0.648072,0.822015,0.333754,0.266348,1,1,1,6,0.492999
142,BS_4,BS,0.648296,0.821241,0.333409,0.269641,1,1,1,8,0.472959
142,HAP_0,HAP,0.74108,0.887649,0.199647,0.146603,1,1,1,0,1.05947
142,HAP_1,HAP,0.644263,0.822806,0.339648,0.261209,1,1,1,14,0.574282
142,HAP_2,HAP,0.79878,0.892386,0.02467,0.129215,2,0,0,0,1.160099
142,LEO_0,LEO,0.695291,0.881252,0.263424,0.205928,1,1,1,0,0.990641
142,LEO_1,LEO,0.747988,0.879096,0.190368,0.177748,1,1,1,0,1.280467
143,BS_0,BS,0.54374,0.817524,0.509284,0.365919,1,1,1,1,0.351337
143,BS_1,BS,0.731883,0.864425,0.212135,0.132756,1,1,1,1,1.392915
143,BS_2,BS,0.581823,0.821667,0.44159,0.398457,1,1,1,1,1.339309
143,BS_3,BS,0.642324,0.822052,0.342662,0.265916,1,1,1,5,0.825772
143,BS_4,BS,0.631854,0.820447,0.359096,0.27374,1,1,1,9,0.578851
143,HAP_0,HAP,0.709412,0.882687,0.243319,0.143924,1,1,1,0,1.359619
143,HAP_1,HAP,0.630602,0.82158,0.36108,0.267638,1,1,1,13,0.723262
143,HAP_2,HAP,0.678221,0.895309,0.088283,0.106879,3,0,0,0,1.372674
143,LEO_0,LEO,0.873967,0.894361,0.034713,0.165284,1,1,1,0,0.849004
143,LEO_1,LEO,0.769786,0.879488,0.161643,0.153957,1,1,1,0,1.455309
144,BS_0,BS,0.734213,0.83089,0.208956,0.312383,1,1,1,1,0.37139
144,BS_1,BS,0.643016,0.856045,0.341586,0.158711,1,1,1,1,1.285924
144,BS_2,BS,0.614079,0.81908,0.387631,0.386382,1,1,1,2,0.672342
144,BS_3,BS,0.647352,0.82255,0.334866,0.263194,1,1,1,6,0.267981
144,BS_4,BS,0.643548,0.820912,0.340759,0.271245,1,1,1,6,0.341219
144,HAP_0,HAP,0.777348,0.890156,0.051867,0.11635,2,0,0,0,1.289354
144,HAP_1,HAP,0.646908,0.822131,0.335551,0.264778,1,1,1,12,0.299408
144,HAP_2,HAP,0.574864,0.883855,0.453622,0.178101,1,1,1,0,0.314246
144,LEO_0,LEO,0.63728,0.880745,0.350546,0.187525,1,1,1,0,1.546832
144,LEO_1,LEO,0.804598,0.884702,0.117413,0.129369,1,1,1,0,1.128205
145,BS_0,BS,0.601457,0.82609,0.408401,0.324963,1,1,1,2,2.040867
145,BS_1,BS,0.524955,0.841552,0.544443,0.260357,1,1,1,1,0.328668
145,BS_2,BS,0.537309,0.815417,0.521182,0.431339,1,1,1,1,0.401021
145,BS_3,BS,0.648018,0.82301,0.333836,0.260706,1,1,1,6,0.33608
145,BS_4,BS,0.64767,0.821667,0.334375,0.267309,1,1,1,9,0.21453
145,HAP_0,HAP,0.780015,0.888888,0.148442,0.102996,1,1,1,0,1.46923
145,HAP_1,HAP,0.632004,0.821173,0.358859,0.269773,1,1,1,15,0.193196
145,HAP_2,HAP,0.798465,0.894921,0.125064,0.149519,1,1,1,0,0.453074
145,LEO_0,LEO,0.610066,0.874198,0.394188,0.219942,1,1,1,0,0.500592
145,LEO_1,LEO,0.782814,0.884702,0.14486,0.112938,1,1,1,0,1.658259
146,BS_0,BS,0.734782,0.833557,0.208181,0.279473,1,1,1,3,1.097361
146,BS_1,BS,0.631437,0.838658,0.359758,0.266527,1,1,1,0,1.359293
146,BS_2,BS,0.558153,0.809631,0.483122,0.450105,1,1,1,2,0.901804
146,BS_3,BS,0.623372,0.821051,0.372612,0.271043,1,1,1,4,1.01128
146,BS_4,BS,0.627838,0.820405,0.365474,0.273954,1,1,1,9,0.96775
146,HAP_0,HAP,0.749292,0.888737,0.188626,0.098408,1,1,1,0,1.023675
146,HAP_1,HAP,0.638426,0.821014,0.348749,0.27055,1,1,1,12,0.978005
146,HAP_2,HAP,0.587969,0.878571,0.431081,0.20324,1,1,1,0,1.321128
146,LEO_0,LEO,0.861504,0.88922,0.049075,0.177038,1,1,1,0,0.730508
146,LEO_1,LEO,0.814736,0.889107,0.104891,0.095301,1,1,1,0,1.185878
147,BS_0,BS,0.818367,0.845854,0.100444,0.228118,1,1,1,2,0.901557
147,BS_1,BS,0.531828,0.827991,0.531435,0.340312,1,1,1,1,0.303525
147,BS_2,BS,0.721527,0.820956,0.226385,0.383146,1,1,1,2,0.248295
147,BS_3,BS,0.607749,0.817961,0.397993,0.288113,1,1,1,6,0.552267
147,BS_4,BS,0.635667,0.82014,0.35308,0.275262,1,1,1,8,0.240983
147,HAP_0,HAP,0.7632,0.886601,0.170236,0.091767,1,1,1,0,1.49547
147,HAP_1,HAP,0.647966,0.821776,0.333917,0.266615,1,1,1,14,0.31768
147,HAP_2,HAP,0.696345,0.880863,0.26191,0.19346,1,1,1,0,0.497355
147,LEO_0,LEO,0.70517,0.885337,0.249316,0.169602,1,1,1,0,1.205218
147,LEO_1,LEO,0.804939,0.897846,0.016989,0.076371,2,0,0,0,1.243557
148,BS_0,BS,0.811446,0.855154,0.108937,0.187835,1,1,1,2,0.949995
148,BS_1,BS,0.673989,0.833318,0.294542,0.311289,1,1,1,1,0.544841
148,BS_2,BS,0.609213,0.820348,0.395588,0.376937,1,1,1,1,1.029003
148,BS_3,BS,0.634502,0.818074,0.354915,0.287175,1,1,1,4,0.773496
148,BS_4,BS,0.643586,0.82067,0.340699,0.272444,1,1,1,9,0.302703
148,HAP_0,HAP,0.628389,0.87921,0.364596,0.133232,1,1,1,0,0.670028
148,HAP_1,HAP,0.648299,0.822417,0.333404,0.263313,1,1,1,13,0.959041
148,HAP_2,HAP,0.811877,0.892747,0.108407,0.160057,1,1,1,0,0.522856
148,LEO_0,LEO,0.797202,0.896738,0.026647,0.136001,2,0,0,0,0.964588
148,LEO_1,LEO,0.802055,0.896558,0.120579,0.067639,1,1,1,0,1.532454
149,BS_0,BS,0.879023,0.867388,0.028944,0.150645,1,1,1,2,1.196006
149,BS_1,BS,0.540065,0.82141,0.516065,0.368877,1,1,1,2,0.717212
149,BS_2,BS,0.599095,0.822403,0.412335,0.378059,1,1,1,1,0.307302
149,BS_3,BS,0.629409,0.817681,0.362974,0.289027,1,1,1,6,0.31264
149,BS_4,BS,0.647523,0.82146,0.334601,0.268336,1,1,1,11,0.339289
149,HAP_0,HAP,0.770111,0.889487,0.061221,0.108272,2,0,0,0,1.071032
149,HAP_1,HAP,0.647803,0.822883,0.334169,0.260902,1,1,1,13,0.955941
149,HAP_2,HAP,0.59653,0.877187,0.416626,0.206155,1,1,1,0,1.365692
149,LEO_0,LEO,0.689297,0.903814,0.072082,0.111139,3,0,0,0,0.908087
149,LEO_1,LEO,0.772643,0.896017,0.157938,0.065337,1,1,1,0,1.107062
150,BS_0,BS,0.796126,0.871231,0.127998,0.127889,1,1,1,3,7.759148
150,BS_1,BS,0.73744,0.833202,0.204571,0.313934,1,1,1,1,0.337649
150,BS_2,BS,0.616706,0.826622,0.383363,0.368583,1,1,1,1,0.591716
150,BS_3,BS,0.648118,0.819124,0.333682,0.281326,1,1,1,6,0.580846
150,BS_4,BS,0.646603,0.822006,0.336022,0.265479,1,1,1,9,0.685289
150,HAP_0,HAP,0.810453,0.894039,0.110162,0.092079,1,1,1,0,1.112495
150,HAP_1,HAP,0.646411,0.823127,0.33632,0.259621,1,1,1,13,0.109055
150,HAP_2,HAP,0.689097,0.878729,0.272373,0.198308,1,1,1,0,0.534393
150,LEO_0,LEO,0.698928,0.901099,0.258208,0.118913,1,1,1,0,0.576141
150,LEO_1,LEO,0.817934,0.904513,0.000974,0.05227,2,0,0,0,1.236385
151,BS_0,BS,0.787865,0.873679,0.138428,0.110934,1,1,1,2,1.788413
151,BS_1,BS,0.710802,0.837749,0.241361,0.277362,1,1,1,2,0.885765
151,BS_2,BS,0.541531,0.82033,0.513355,0.413456,1,1,1,1,0.340411
151,BS_3,BS,0.636552,0.819198,0.351689,0.28072,1,1,1,5,0.681791
151,BS_4,BS,0.641658,0.821983,0.3437,0.265541,1,1,1,8,0.425656
151,HAP_0,HAP,0.712846,0.886733,0.23849,0.099258,1,1,1,0,1.665434
151,HAP_1,HAP,0.644814,0.823174,0.338793,0.259348,1,1,1,13,0.342082
151,HAP_2,HAP,0.874268,0.893942,0.034368,0.159178,1,1,1,0,0.70548
151,LEO_0,LEO,0.804669,0.912346,0.017324,0.095265,2,0,0,0,0.775249
151,LEO_1,LEO,0.780297,0.900277,0.148081,0.051683,1,1,1,0,1.643607
152,BS_0,BS,0.738953,0.871792,0.20252,0.107204,1,1,1,1,1.344786
152,BS_1,BS,0.822218,0.849588,0.095749,0.226015,1,1,1,2,0.727945
152,BS_2,BS,0.656257,0.826624,0.321203,0.377192,1,1,1,1,0.249074
152,BS_3,BS,0.616484,0.817335,0.383722,0.290835,1,1,1,6,0.313577
152,BS_4,BS,0.635582,0.821394,0.353214,0.268575,1,1,1,8,0.309783
152,HAP_0,HAP,0.668237,0.882274,0.303113,0.120751,1,1,1,0,0.761058
152,HAP_1,HAP,0.642647,0.82301,0.342159,0.260161,1,1,1,14,0.471331
152,HAP_2,HAP,0.593991,0.876504,0.420892,0.20706,1,1,1,0,1.913807
152,LEO_0,LEO,0.628191,0.895275,0.364911,0.136134,1,1,1,0,1.401111
152,LEO_1,LEO,0.768696,0.89888,0.16306,0.053312,1,1,1,0,1.083567
153,BS_0,BS,0.642637,0.861903,0.342175,0.138451,1,1,1,2,1.566772
153,BS_1,BS,0.829856,0.859507,0.086504,0.184179,1,1,1,2,6.700421
153,BS_2,BS,0.723976,0.838689,0.222997,0.324131,1,1,1,2,0.0
153,BS_3,BS,0.620522,0.816236,0.377195,0.296692,1,1,1,5,0.0
153,BS_4,BS,0.635173,0.820884,0.353857,0.271207,1,1,1,7,0.0
153,HAP_0,HAP,0.608407,0.878123,0.396911,0.167493,1,1,1,0,0.262071
153,HAP_1,HAP,0.647237,0.823305,0.335043,0.258643,1,1,1,13,0.390185
153,HAP_2,HAP,0.522126,0.864327,0.549847,0.301697,1,1,1,0,0.150791
153,LEO_0,LEO,0.622834,0.8878,0.373475,0.171675,1,1,1,0,0.433659
153,LEO_1,LEO,0.778061,0.895735,0.150951,0.052903,1,1,1,0,1.726555
154,BS_0,BS,0.810023,0.869247,0.110692,0.116274,1,1,1,2,0.306941
154,BS_1,BS,0.801454,0.865331,0.121327,0.153968,1,1,1,2,6.414379
154,BS_2,BS,0.656429,0.837848,0.320941,0.305656,1,1,1,1,1.789416
154,BS_3,BS,0.634527,0.816696,0.354876,0.294025,1,1,1,4,0.0
154,BS_4,BS,0.591551,0.816206,0.425008,0.29825,1,1,1,11,0.564314
154,HAP_0,HAP,0.762763,0.889739,0.170807,0.147124,1,1,1,0,0.216757
154,HAP_1,HAP,0.648344,0.823644,0.333334,0.256915,1,1,1,14,0.103738
154,HAP_2,HAP,0.785115,0.87954,0.141925,0.250422,1,1,1,0,0.328634
154,LEO_0,LEO,0.684929,0.890579,0.27844,0.172228,1,1,1,0,0.219058
154,LEO_1,LEO,0.765748,0.897712,0.066903,0.044337,2,0,0,0,1.519105
155,BS_0,BS,0.808813,0.873939,0.112188,0.098683,1,1,1,2,2.862596
155,BS_1,BS,0.749918,0.865999,0.187792,0.139044,1,1,1,2,3.063983
155,BS_2,BS,0.696189,0.843766,0.262134,0.275447,1,1,1,1,0.511244
155,BS_3,BS,0.648286,0.818352,0.333423,0.285247,1,1,1,5,0.490506
155,BS_4,BS,0.623287,0.8156,0.372748,0.301123,1,1,1,9,0.620885
155,HAP_0,HAP,0.606843,0.878807,0.399486,0.189514,1,1,1,0,1.06413
155,HAP_1,HAP,0.647354,0.823824,0.334862,0.255992,1,1,1,13,0.467819
155,HAP_2,HAP,0.609195,0.870129,0.395618,0.270768,1,1,1,0,1.135622
155,LEO_0,LEO,0.751207,0.902218,0.086073,0.141116,2,0,0,0,0.561265
155,LEO_1,LEO,0.702766,0.892938,0.252732,0.064212,1,1,1,0,0.886918
156,BS_0,BS,0.609557,0.860505,0.395023,0.149166,1,1,1,1,4.979424
156,BS_1,BS,0.741013,0.868679,0.199737,0.129188,1,1,1,2,0.235878
156,BS_2,BS,0.674434,0.846795,0.293881,0.259222,1,1,1,2,0.526619
156,BS_3,BS,0.640255,0.818928,0.345889,0.282035,1,1,1,6,0.549395
156,BS_4,BS,0.643869,0.817065,0.340261,0.292998,1,1,1,9,0.386117
156,HAP_0,HAP,0.842206,0.889849,0.071731,0.153926,1,1,1,0,0.886201
156,HAP_1,HAP,0.644557,0.823707,0.339193,0.256567,1,1,1,14,0.727127
156,HAP_2,HAP,0.7483,0.878976,0.189951,0.232851,1,1,1,0,0.472106
156,LEO_0,LEO,0.721553,0.901008,0.22635,0.135948,1,1,1,0,0.771122
156,LEO_1,LEO,0.723497,0.893459,0.223659,0.07388,1,1,1,0,0.682195
157,BS_0,BS,0.568492,0.851616,0.464768,0.216537,1,1,1,1,0.246489
157,BS_1,BS,0.651204,0.86078,0.328932,0.152039,1,1,1,1,1.179902
157,BS_2,BS,0.654605,0.846479,0.323723,0.254536,1,1,1,1,0.586938
157,BS_3,BS,0.612013,0.816682,0.391002,0.294425,1,1,1,7,0.285529
157,BS_4,BS,0.625584,0.816507,0.369069,0.295694,1,1,1,9,0.298506
157,HAP_0,HAP,0.64399,0.877696,0.340073,0.175183,1,1,1,0,1.741171
157,HAP_1,HAP,0.648042,0.823938,0.3338,0.255393,1,1,1,14,0.707894
157,HAP_2,HAP,0.767948,0.884578,0.164034,0.198389,1,1,1,0,0.951803
157,LEO_0,LEO,0.797558,0.904835,0.126201,0.115926,1,1,1,0,0.870265
157,LEO_1,LEO,0.742411,0.899287,0.097852,0.063413,2,0,0,0,1.014456
158,BS_0,BS,0.561619,0.838896,0.476932,0.275588,1,1,1,2,0.562012
158,BS_1,BS,0.661391,0.856491,0.31341,0.165832,1,1,1,2,0.745291
158,BS_2,BS,0.671507,0.847194,0.298231,0.243653,1,1,1,1,0.739708
158,BS_3,BS,0.648344,0.818346,0.333334,0.28554,1,1,1,7,0.330988
158,BS_4,BS,0.647969,0.818171,0.333913,0.286729,1,1,1,9,0.448487
158,HAP_0,HAP,0.743626,0.885069,0.096216,0.144313,2,0,0,0,1.06992
158,HAP_1,HAP,0.647423,0.824065,0.334756,0.254742,1,1,1,14,0.906742
158,HAP_2,HAP,0.71654,0.881895,0.233321,0.183209,1,1,1,0,1.252008
158,LEO_0,LEO,0.80049,0.906658,0.122531,0.099497,1,1,1,0,1.022335
158,LEO_1,LEO,0.801071,0.902152,0.121805,0.057407,1,1,1,0,1.0059
159,BS_0,BS,0.413413,0.817687,0.783307,0.496578,1,1,1,0,0.459494
159,BS_1,BS,0.615667,0.851627,0.385049,0.199384,1,1,1,1,0.628981
159,BS_2,BS,0.636432,0.844329,0.351878,0.25064,1,1,1,1,0.9742
159,BS_3,BS,0.642463,0.81913,0.342446,0.281203,1,1,1,7,0.663757
159,BS_4,BS,0.629401,0.817758,0.362986,0.288675,1,1,1,8,0.333465
159,HAP_0,HAP,0.718723,0.884934,0.230279,0.139313,1,1,1,0,0.880139
159,HAP_1,HAP,0.648331,0.824251,0.333354,0.2538,1,1,1,15,0.735384
159,HAP_2,HAP,0.750278,0.890519,0.087311,0.149998,2,0,0,0,0.925612
159,LEO_0,LEO,0.671179,0.893432,0.298719,0.119752,1,1,1,0,1.542281
159,LEO_1,LEO,0.67525,0.890167,0.292672,0.084471,1,1,1,0,1.527262
160,BS_0,BS,0.435576,0.796998,0.731085,0.637781,1,1,1,2,0.743619
160,BS_1,BS,0.604491,0.845346,0.403368,0.232725,1,1,1,1,0.920392
160,BS_2,BS,0.585772,0.83704,0.434824,0.285595,1,1,1,1,0.802369
160,BS_3,BS,0.619776,0.8176,0.378397,0.289396,1,1,1,5,0.708823
160,BS_4,BS,0.648273,0.8192,0.333444,0.280973,1,1,1,9,0.40699
160,HAP_0,HAP,0.779866,0.886805,0.148634,0.121392,1,1,1,0,1.295455
160,HAP_1,HAP,0.596461,0.819396,0.416741,0.281193,1,1,1,10,0.741857
160,HAP_2,HAP,0.780903,0.890299,0.147304,0.129762,1,1,1,0,1.415757
160,LEO_0,LEO,0.684939,0.889141,0.278425,0.130686,1,1,1,0,0.763103
160,LEO_1,LEO,0.731493,0.889448,0.212668,0.087929,1,1,1,0,0.890879
161,BS_0,BS,0.726653,0.812178,0.219307,0.531867,1,1,1,1,0.699445
161,BS_1,BS,0.550295,0.838006,0.4973,0.297468,1,1,1,1,0.504883
161,BS_2,BS,0.481928,0.817367,0.629961,0.407059,1,1,1,2,0.47976
161,BS_3,BS,0.641695,0.818462,0.343642,0.284657,1,1,1,7,0.402366
161,BS_4,BS,0.641903,0.819761,0.343319,0.277819,1,1,1,8,0.637799
161,HAP_0,HAP,0.79578,0.896386,0.028432,0.097477,2,0,0,0,1.113398
161,HAP_1,HAP,0.645025,0.820209,0.338466,0.276506,1,1,1,12,0.752943
161,HAP_2,HAP,0.808737,0.894351,0.112281,0.109483,1,1,1,0,1.06201
161,LEO_0,LEO,0.813657,0.896798,0.106216,0.109626,1,1,1,0,0.795171
161,LEO_1,LEO,0.778144,0.898707,0.050844,0.071507,2,0,0,0,0.976998
162,BS_0,BS,0.703286,0.824152,0.251991,0.454069,1,1,1,1,0.451379
162,BS_1,BS,0.453004,0.815207,0.691854,0.453372,1,1,1,2,0.569789
162,BS_2,BS,0.821725,0.833219,0.096349,0.329824,1,1,1,1,0.795313
162,BS_3,BS,0.638206,0.818824,0.349095,0.282566,1,1,1,6,0.230141
162,BS_4,BS,0.637961,0.81984,0.349478,0.277216,1,1,1,7,0.708633
162,HAP_0,HAP,0.748339,0.896785,0.189899,0.094209,1,1,1,0,0.832458
162,HAP_1,HAP,0.645605,0.820913,0.337567,0.272483,1,1,1,13,0.522425
162,HAP_2,HAP,0.753678,0.890283,0.18279,0.102622,1,1,1,0,1.683396
162,LEO_0,LEO,0.641107,0.883137,0.344559,0.141125,1,1,1,0,1.527111
162,LEO_1,LEO,0.690502,0.905236,0.070336,0.059432,3,0,0,0,0.943567
163,BS_0,BS,0.652837,0.826306,0.326428,0.411205,1,1,1,2,0.748113
163,BS_1,BS,0.693095,0.821898,0.266588,0.394679,1,1,1,2,0.391938
163,BS_2,BS,0.794934,0.843827,0.129496,0.271406,1,1,1,2,3.428322
163,BS_3,BS,0.647754,0.820004,0.334244,0.276326,1,1,1,6,0.412854
163,BS_4,BS,0.597519,0.815974,0.41497,0.299263,1,1,1,9,0.791114
163,HAP_0,HAP,0.760438,0.900104,0.173861,0.08897,1,1,1,0,0.63823
163,HAP_1,HAP,0.648344,0.82173,0.333334,0.267986,1,1,1,12,0.645336
163,HAP_2,HAP,0.794818,0.89721,0.029643,0.082493,2,0,0,0,1.298907
163,LEO_0,LEO,0.616001,0.876612,0.384507,0.179431,1,1,1,0,0.512664
163,LEO_1,LEO,0.724685,0.903634,0.222018,0.069727,1,1,1,0,0.666472
164,BS_0,BS,0.628779,0.82452,0.363975,0.388579,1,1,1,2,0.526395
164,BS_1,BS,0.666679,0.826847,0.305446,0.357727,1,1,1,1,0.77279
164,BS_2,BS,0.766688,0.850125,0.165675,0.229476,1,1,1,1,1.333222
164,BS_3,BS,0.639779,0.820205,0.346632,0.27513,1,1,1,6,0.517671
164,BS_4,BS,0.647805,0.817729,0.334165,0.28966,1,1,1,10,0.422651
164,HAP_0,HAP,0.60795,0.882845,0.397662,0.142337,1,1,1,0,1.549279
164,HAP_1,HAP,0.647734,0.822328,0.334276,0.264672,1,1,1,12,1.039285
164,HAP_2,HAP,0.803669,0.898751,0.118567,0.072321,1,1,1,0,1.156998
164,LEO_0,LEO,0.812021,0.888439,0.10823,0.148816,1,1,1,0,0.623955
164,LEO_1,LEO,0.760827,0.902007,0.17335,0.069304,1,1,1,0,1.131641
165,BS_0,BS,0.771918,0.835147,0.158877,0.322222,1,1,1,2,0.488888
165,BS_1,BS,0.64786,0.831208,0.334081,0.336406,1,1,1,2,0.244132
165,BS_2,BS,0.654841,0.845699,0.323363,0.230635,1,1,1,2,0.549931
165,BS_3,BS,0.641371,0.820515,0.344148,0.273401,1,1,1,6,0.498268
165,BS_4,BS,0.637788,0.818198,0.34975,0.286774,1,1,1,10,0.410134
165,HAP_0,HAP,0.5673,0.873082,0.466867,0.211954,1,1,1,0,0.313338
165,HAP_1,HAP,0.647288,0.822764,0.334964,0.262228,1,1,1,11,0.540973
165,HAP_2,HAP,0.785499,0.896134,0.141436,0.066858,1,1,1,0,2.062106
165,LEO_0,LEO,0.648548,0.879093,0.333019,0.168958,1,1,1,0,1.3007
165,LEO_1,LEO,0.80968,0.903292,0.111116,0.060999,1,1,1,0,1.193319
166,BS_0,BS,0.754244,0.842207,0.18204,0.27269,1,1,1,2,2.109414
166,BS_1,BS,0.64747,0.833791,0.334682,0.31953,1,1,1,2,0.0
166,BS_2,BS,0.572518,0.84049,0.457711,0.278782,1,1,1,2,0.0
166,BS_3,BS,0.641352,0.820762,0.344177,0.272027,1,1,1,7,0.0
166,BS_4,BS,0.647929,0.81952,0.333975,0.279612,1,1,1,11,0.0
166,HAP_0,HAP,0.73722,0.882663,0.204868,0.18845,1,1,1,0,0.309185
166,HAP_1,HAP,0.646595,0.823049,0.336036,0.260596,1,1,1,12,0.0
166,HAP_2,HAP,0.770037,0.898352,0.061317,0.055179,2,0,0,0,2.034607
166,LEO_0,LEO,0.580191,0.872598,0.444398,0.224037,1,1,1,0,0.209573
166,LEO_1,LEO,0.740022,0.89624,0.201076,0.066993,1,1,1,0,2.652299
167,BS_0,BS,0.554315,0.829367,0.490022,0.326207,1,1,1,1,1.105841
167,BS_1,BS,0.687384,0.836722,0.274862,0.289621,1,1,1,1,0.829252
167,BS_2,BS,0.645233,0.838382,0.338144,0.27448,1,1,1,2,0.637699
167,BS_3,BS,0.607814,0.817736,0.397887,0.288863,1,1,1,7,1.017631
167,BS_4,BS,0.647646,0.820551,0.334411,0.274013,1,1,1,8,1.419908
167,HAP_0,HAP,0.731573,0.886064,0.212559,0.171091,1,1,1,0,0.826369
167,HAP_1,HAP,0.645052,0.823134,0.338424,0.260016,1,1,1,12,0.998144
167,HAP_2,HAP,0.742276,0.895814,0.198034,0.061791,1,1,1,0,1.001331
167,LEO_0,LEO,0.627151,0.865241,0.366568,0.239697,1,1,1,0,1.255162
167,LEO_1,LEO,0.774114,0.896244,0.156036,0.064551,1,1,1,0,1.064959
168,BS_0,BS,0.692472,0.835473,0.267487,0.293162,1,1,1,2,0.283925
168,BS_1,BS,0.709214,0.839998,0.243598,0.2584,1,1,1,1,1.223145
168,BS_2,BS,0.628913,0.834136,0.363763,0.279129,1,1,1,1,1.126389
168,BS_3,BS,0.614252,0.815948,0.38735,0.298608,1,1,1,6,0.65501
168,BS_4,BS,0.647619,0.821374,0.334453,0.269547,1,1,1,9,0.590427
168,HAP_0,HAP,0.793847,0.892361,0.130864,0.14458,1,1,1,0,0.896955
168,HAP_1,HAP,0.645817,0.823273,0.337239,0.259191,1,1,1,12,0.73041
168,HAP_2,HAP,0.759967,0.891985,0.17448,0.063132,1,1,1,0,1.649694
168,LEO_0,LEO,0.790625,0.876377,0.134931,0.19995,1,1,1,0,0.693911
168,LEO_1,LEO,0.800563,0.899632,0.12244,0.058387,1,1,1,0,0.967492
169,BS_0,BS,0.751236,0.846095,0.186035,0.250104,1,1,1,2,0.315412
169,BS_1,BS,0.671187,0.839698,0.298708,0.246872,1,1,1,1,0.638957
169,BS_2,BS,0.709586,0.83805,0.243074,0.249892,1,1,1,1,0.695512
169,BS_3,BS,0.614862,0.814577,0.386357,0.306059,1,1,1,6,0.0
169,BS_4,BS,0.641569,0.821469,0.343838,0.268839,1,1,1,8,0.573606
169,HAP_0,HAP,0.799787,0.896388,0.123409,0.122517,1,1,1,0,1.046141
169,HAP_1,HAP,0.646837,0.823479,0.33566,0.258054,1,1,1,14,0.327049
169,HAP_2,HAP,0.753399,0.891672,0.18316,0.065602,1,1,1,0,1.010862
169,LEO_0,LEO,0.855046,0.888732,0.0566,0.161402,1,1,1,0,0.928728
169,LEO_1,LEO,0.710867,0.891226,0.24127,0.072905,1,1,1,0,2.14604
170,BS_0,BS,0.753127,0.85356,0.183522,0.215239,1,1,1,1,0.608442
170,BS_1,BS,0.715032,0.844025,0.235428,0.222439,1,1,1,2,0.42184
170,BS_2,BS,0.69972,0.841704,0.257075,0.229653,1,1,1,2,0.36128
170,BS_3,BS,0.639526,0.81584,0.347028,0.29904,1,1,1,6,0.24241
170,BS_4,BS,0.638712,0.821277,0.348302,0.269662,1,1,1,11,0.721294
170,HAP_0,HAP,0.815257,0.899565,0.104252,0.102904,1,1,1,0,1.158872
170,HAP_1,HAP,0.647396,0.823695,0.334798,0.256883,1,1,1,13,0.738294
170,HAP_2,HAP,0.716804,0.891379,0.232953,0.076902,1,1,1,0,0.724531
170,LEO_0,LEO,0.648745,0.877228,0.332716,0.178936,1,1,1,0,1.881297
170,LEO_1,LEO,0.714669,0.889084,0.235936,0.083373,1,1,1,0,0.867484
171,BS_0,BS,0.616782,0.845393,0.383239,0.238284,1,1,1,2,1.02829
171,BS_1,BS,0.759704,0.853059,0.174827,0.191706,1,1,1,1,0.331424
171,BS_2,BS,0.74304,0.84688,0.197006,0.201187,1,1,1,2,0.671577
171,BS_3,BS,0.64793,0.817634,0.333972,0.289424,1,1,1,6,0.565867
171,BS_4,BS,0.631454,0.820438,0.359731,0.273963,1,1,1,9,0.306785
171,HAP_0,HAP,0.727094,0.892272,0.2187,0.103847,1,1,1,0,4.30969
171,HAP_1,HAP,0.6461,0.823748,0.3368,0.256552,1,1,1,16,0.105531
171,HAP_2,HAP,0.759085,0.89875,0.075642,0.064096,2,0,0,0,1.027337
171,LEO_0,LEO,0.640708,0.873452,0.345181,0.196767,1,1,1,0,0.607494
171,LEO_1,LEO,0.792606,0.894859,0.132429,0.074591,1,1,1,0,0.814228
172,BS_0,BS,0.749083,0.850088,0.188905,0.206686,1,1,1,2,0.640524
172,BS_1,BS,0.770716,0.859465,0.160436,0.164947,1,1,1,1,0.669609
172,BS_2,BS,0.750953,0.851387,0.186412,0.176587,1,1,1,2,0.778338
172,BS_3,BS,0.627163,0.817114,0.366548,0.292,1,1,1,5,0.842809
172,BS_4,BS,0.648042,0.821322,0.3338,0.26931,1,1,1,9,0.95643
172,HAP_0,HAP,0.746961,0.896087,0.091742,0.086865,2,0,0,0,1.171779
172,HAP_1,HAP,0.648293,0.823994,0.333413,0.255266,1,1,1,14,0.868769
172,HAP_2,HAP,0.636243,0.883906,0.352175,0.107089,1,1,1,0,1.655255
172,LEO_0,LEO,0.820627,0.882781,0.097686,0.161707,1,1,1,0,1.074495
172,LEO_1,LEO,0.739867,0.891932,0.201285,0.077904,1,1,1,0,1.273264
173,BS_0,BS,0.717752,0.851194,0.231632,0.189492,1,1,1,2,0.740487
173,BS_1,BS,0.628062,0.850994,0.365116,0.191947,1,1,1,2,1.428779
173,BS_2,BS,0.567857,0.842426,0.465885,0.238942,1,1,1,1,0.347301
173,BS_3,BS,0.647978,0.818657,0.333899,0.28377,1,1,1,4,0.348381
173,BS_4,BS,0.570228,0.814355,0.461719,0.311381,1,1,1,5,0.411703
173,HAP_0,HAP,0.656365,0.888821,0.321038,0.115871,1,1,1,0,0.792653
173,HAP_1,HAP,0.638471,0.823274,0.348679,0.258922,1,1,1,12,1.024092
173,HAP_2,HAP,0.793431,0.892806,0.031389,0.086115,2,0,0,0,1.20538
173,LEO_0,LEO,0.683986,0.875412,0.279818,0.1646,1,1,1,0,1.714619
173,LEO_1,LEO,0.818286,0.897747,0.100544,0.066873,1,1,1,0,0.923849
174,BS_0,BS,0.61758,0.844146,0.381947,0.217242,1,1,1,1,0.956785
174,BS_1,BS,0.497643,0.836483,0.597873,0.314411,1,1,1,1,0.427009
174,BS_2,BS,0.657125,0.84434,0.319881,0.237199,1,1,1,1,0.694541
174,BS_3,BS,0.648204,0.819913,0.33355,0.277081,1,1,1,5,0.350466
174,BS_4,BS,0.64798,0.81645,0.333895,0.299274,1,1,1,7,0.0
174,HAP_0,HAP,0.611996,0.883711,0.391029,0.161504,1,1,1,0,0.26585
174,HAP_1,HAP,0.64813,0.8236,0.333664,0.257237,1,1,1,11,0.393228
174,HAP_2,HAP,0.81434,0.893435,0.105377,0.073889,1,1,1,0,1.555116
174,LEO_0,LEO,0.572252,0.866527,0.458175,0.226146,1,1,1,0,0.438385
174,LEO_1,LEO,0.698366,0.888703,0.259012,0.083687,1,1,1,0,2.203472
175,BS_0,BS,0.678814,0.844416,0.287407,0.210965,1,1,1,2,0.405306
175,BS_1,BS,0.620638,0.840683,0.377007,0.315489,1,1,1,1,0.0
175,BS_2,BS,0.646307,0.84526,0.33648,0.240708,1,1,1,1,0.544338
175,BS_3,BS,0.627567,0.818976,0.365905,0.281914,1,1,1,6,0.672676
175,BS_4,BS,0.640746,0.817453,0.345122,0.293018,1,1,1,10,0.581885
175,HAP_0,HAP,0.809135,0.901027,0.011789,0.129266,2,0,0,0,0.557148
175,HAP_1,HAP,0.647561,0.823807,0.334542,0.256153,1,1,1,11,0.386685
175,HAP_2,HAP,0.780026,0.896945,0.048429,0.060166,2,0,0,0,3.541295
175,LEO_0,LEO,0.707924,0.874491,0.245418,0.20802,1,1,1,0,0.342843
175,LEO_1,LEO,0.570781,0.877053,0.460749,0.16248,1,1,1,0,0.434296
176,BS_0,BS,0.61336,0.842507,0.388804,0.236797,1,1,1,1,0.519519
176,BS_1,BS,0.623977,0.841586,0.371641,0.314544,1,1,1,1,0.666082
176,BS_2,BS,0.549976,0.842028,0.49788,0.304114,1,1,1,0,0.287846
176,BS_3,BS,0.646678,0.820026,0.335907,0.276306,1,1,1,5,0.307066
176,BS_4,BS,0.648,0.81893,0.333864,0.284574,1,1,1,8,0.718799
176,HAP_0,HAP,0.531186,0.875817,0.532642,0.231081,1,1,1,0,1.68309
176,HAP_1,HAP,0.640611,0.823326,0.345332,0.258587,1,1,1,13,0.683398
176,HAP_2,HAP,0.728921,0.893656,0.21619,0.069165,1,1,1,0,0.993582
176,LEO_0,LEO,0.748953,0.880671,0.18908,0.182504,1,1,1,0,0.847068
176,LEO_1,LEO,0.804503,0.893206,0.01753,0.130122,2,0,0,0,0.766415
177,BS_0,BS,0.544072,0.83823,0.508674,0.305875,1,1,1,0,0.414502
177,BS_1,BS,0.449523,0.817562,0.699569,0.471864,1,1,1,2,0.698707
177,BS_2,BS,0.438764,0.817676,0.723793,0.479035,1,1,1,1,0.690364
177,BS_3,BS,0.645978,0.820802,0.33699,0.272148,1,1,1,5,0.723451
177,BS_4,BS,0.583529,0.813825,0.438661,0.314249,1,1,1,12,0.642325
177,HAP_0,HAP,0.712047,0.878422,0.239611,0.210701,1,1,1,0,0.655668
177,HAP_1,HAP,0.647814,0.823612,0.334151,0.257115,1,1,1,13,0.391967
177,HAP_2,HAP,0.603889,0.885152,0.404365,0.128912,1,1,1,0,0.415702
177,LEO_0,LEO,0.78858,0.894712,0.037522,0.146637,2,0,0,0,0.757205
177,LEO_1,LEO,0.613461,0.87777,0.388639,0.172066,1,1,1,0,2.282731
178,BS_0,BS,0.498688,0.822649,0.595774,0.404426,1,1,1,1,1.06765
178,BS_1,BS,0.717433,0.826849,0.232075,0.401728,1,1,1,1,0.878484
178,BS_2,BS,0.613908,0.816362,0.38791,0.450942,1,1,1,2,1.008636
178,BS_3,BS,0.644408,0.821276,0.339423,0.269562,1,1,1,5,1.482894
178,BS_4,BS,0.648277,0.816053,0.333436,0.30143,1,1,1,10,1.139085
178,HAP_0,HAP,0.845764,0.891126,0.067514,0.170612,1,1,1,0,0.748735
178,HAP_1,HAP,0.642339,0.823331,0.342639,0.258523,1,1,1,15,0.90093
178,HAP_2,HAP,0.813421,0.893409,0.106506,0.108234,1,1,1,0,0.90246
178,LEO_0,LEO,0.721812,0.89181,0.22599,0.140292,1,1,1,0,1.110694
178,LEO_1,LEO,0.728327,0.880139,0.217005,0.158844,1,1,1,0,0.795062
179,BS_0,BS,0.533322,0.818376,0.528631,0.449293,1,1,1,1,0.210631
179,BS_1,BS,0.56952,0.819046,0.462961,0.417832,1,1,1,2,0.669719
179,BS_2,BS,0.705682,0.823273,0.248591,0.388562,1,1,1,2,0.741234
179,BS_3,BS,0.644937,0.821705,0.338603,0.267243,1,1,1,6,0.433259
179,BS_4,BS,0.630219,0.816142,0.361687,0.300012,1,1,1,13,0.406861
179,HAP_0,HAP,0.616774,0.876393,0.383253,0.202587,1,1,1,0,2.28547
179,HAP_1,HAP,0.642497,0.823121,0.342393,0.259573,1,1,1,12,0.624825
179,HAP_2,HAP,0.620354,0.878415,0.377465,0.150703,1,1,1,0,1.501712
179,LEO_0,LEO,0.802158,0.902806,0.02045,0.112422,2,0,0,0,0.916929
179,LEO_1,LEO,0.778253,0.890602,0.050704,0.128232,2,0,0,0,1.082034
180,BS_0,BS,0.60849,0.823056,0.396774,0.430278,1,1,1,1,0.335673
180,BS_1,BS,0.702107,0.828799,0.253669,0.363222,1,1,1,2,0.250813
180,BS_2,BS,0.71038,0.829121,0.241956,0.337194,1,1,1,2,0.937142
180,BS_3,BS,0.630249,0.820665,0.361641,0.272647,1,1,1,7,1.022267
180,BS_4,BS,0.637062,0.81686,0.350888,0.295415,1,1,1,10,0.538364
180,HAP_0,HAP,0.763536,0.881112,0.169794,0.175043,1,1,1,0,0.889132
180,HAP_1,HAP,0.647401,0.82341,0.33479,0.258096,1,1,1,13,0.842674
180,HAP_2,HAP,0.754682,0.882034,0.181459,0.13538,1,1,1,0,0.884654
180,LEO_0,LEO,0.691496,0.892355,0.268898,0.122475,1,1,1,0,1.484074
180,LEO_1,LEO,0.687416,0.882163,0.274816,0.136571,1,1,1,0,1.466954
181,BS_0,BS,0.587557,0.829342,0.431783,0.428119,1,1,1,0,0.203472
181,BS_1,BS,0.754708,0.83791,0.181425,0.30539,1,1,1,2,0.987703
181,BS_2,BS,0.783269,0.839644,0.144279,0.279123,1,1,1,2,2.052834
181,BS_3,BS,0.64423,0.82115,0.3397,0.270046,1,1,1,6,0.334412
181,BS_4,BS,0.646059,0.818276,0.336865,0.287397,1,1,1,12,0.566614
181,HAP_0,HAP,0.764472,0.881922,0.16857,0.152822,1,1,1,0,1.361291
181,HAP_1,HAP,0.635464,0.822524,0.353399,0.262678,1,1,1,13,0.588543
181,HAP_2,HAP,0.774213,0.88358,0.155908,0.119242,1,1,1,0,1.341386
181,LEO_0,LEO,0.811896,0.896058,0.108383,0.103266,1,1,1,0,1.071514
181,LEO_1,LEO,0.803621,0.887388,0.118627,0.11559,1,1,1,0,1.057431
182,BS_0,BS,0.759353,0.846978,0.175288,0.356322,1,1,1,0,0.667457
182,BS_1,BS,0.827055,0.850087,0.089884,0.247947,1,1,1,2,1.252657
182,BS_2,BS,0.790206,0.848588,0.135461,0.231556,1,1,1,2,1.025009
182,BS_3,BS,0.648215,0.821908,0.333532,0.266097,1,1,1,6,1.220274
182,BS_4,BS,0.646413,0.819442,0.336317,0.280817,1,1,1,11,0.957488
182,HAP_0,HAP,0.76914,0.890378,0.062482,0.124014,2,0,0,0,1.104975
182,HAP_1,HAP,0.647672,0.822957,0.334372,0.260454,1,1,1,12,0.875118
182,HAP_2,HAP,0.789672,0.893012,0.036137,0.095981,2,0,0,0,1.143089
182,LEO_0,LEO,0.764542,0.902116,0.068478,0.084723,2,0,0,0,1.044572
182,LEO_1,LEO,0.817605,0.890726,0.101377,0.097097,1,1,1,0,1.357093
183,BS_0,BS,0.431425,0.821588,0.740662,0.531918,1,1,1,1,0.558054
183,BS_1,BS,0.836054,0.860356,0.079063,0.201171,1,1,1,2,1.605668
183,BS_2,BS,0.460081,0.830853,0.676353,0.391098,1,1,1,1,0.347412
183,BS_3,BS,0.646968,0.822399,0.335458,0.263517,1,1,1,6,0.297042
183,BS_4,BS,0.619813,0.817853,0.378338,0.289066,1,1,1,11,0.332155
183,HAP_0,HAP,0.728966,0.890229,0.216128,0.120231,1,1,1,0,0.852962
183,HAP_1,HAP,0.647861,0.823321,0.334079,0.258588,1,1,1,12,0.730086
183,HAP_2,HAP,0.669083,0.888601,0.301847,0.117786,1,1,1,0,0.670126
183,LEO_0,LEO,0.72889,0.900314,0.216233,0.088819,1,1,1,0,0.785083
183,LEO_1,LEO,0.801306,0.89067,0.121513,0.084322,1,1,1,0,1.593144
184,BS_0,BS,0.64457,0.825937,0.339172,0.477302,1,1,1,1,0.425808
184,BS_1,BS,0.762937,0.863056,0.170579,0.17403,1,1,1,2,1.299284
184,BS_2,BS,0.534574,0.819618,0.526286,0.437518,1,1,1,2,0.531056
184,BS_3,BS,0.644944,0.822604,0.338592,0.262403,1,1,1,6,0.545489
184,BS_4,BS,0.635887,0.818118,0.352735,0.287243,1,1,1,10,0.208742
184,HAP_0,HAP,0.812691,0.901874,0.007404,0.09621,2,0,0,0,1.00551
184,HAP_1,HAP,0.643881,0.823242,0.340242,0.258964,1,1,1,13,0.960207
184,HAP_2,HAP,0.762727,0.899089,0.070856,0.096488,2,0,0,0,0.750106
184,LEO_0,LEO,0.759321,0.905548,0.075331,0.073609,2,0,0,0,1.062824
184,LEO_1,LEO,0.769857,0.89101,0.16155,0.079202,1,1,1,0,1.113563
185,BS_0,BS,0.662512,0.83301,0.311716,0.425567,1,1,1,1,0.504327
185,BS_1,BS,0.763628,0.871265,0.069674,0.141409,2,0,0,2,0.863493
185,BS_2,BS,0.74987,0.831021,0.187855,0.365895,1,1,1,2,0.785009
185,BS_3,BS,0.645729,0.82284,0.337376,0.261143,1,1,1,7,0.445712
185,BS_4,BS,0.639547,0.818675,0.346995,0.283977,1,1,1,12,0.637373
185,HAP_0,HAP,0.683002,0.89065,0.281258,0.112566,1,1,1,0,2.371955
185,HAP_1,HAP,0.631854,0.822048,0.359098,0.265199,1,1,1,10,0.671495
185,HAP_2,HAP,0.721679,0.908705,0.026174,0.077498,3,0,0,0,0.93597
185,LEO_0,LEO,0.728633,0.914638,0.016584,0.059011,3,0,0,0,0.846016
185,LEO_1,LEO,0.800212,0.899461,0.022879,0.063597,2,0,0,0,1.200941
186,BS_0,BS,0.565373,0.825035,0.470269,0.439972,1,1,1,1,0.685198
186,BS_1,BS,0.822019,0.876253,0.095992,0.117274,1,1,1,2,1.126348
186,BS_2,BS,0.69952,0.834695,0.257361,0.322521,1,1,1,1,1.150644
186,BS_3,BS,0.63689,0.822203,0.351158,0.264404,1,1,1,5,0.39856
186,BS_4,BS,0.641901,0.819341,0.343321,0.280223,1,1,1,10,0.287119
186,HAP_0,HAP,0.636501,0.883561,0.351769,0.145736,1,1,1,0,0.632266
186,HAP_1,HAP,0.647643,0.822573,0.334415,0.262484,1,1,1,12,0.686433
186,HAP_2,HAP,0.615636,0.911979,0.085099,0.065258,4,0,0,0,1.010068
186,LEO_0,LEO,0.732457,0.906806,0.211351,0.06731,1,1,1,0,1.307863
186,LEO_1,LEO,0.787804,0.896864,0.138506,0.05951,1,1,1,0,1.968548
187,BS_0,BS,0.550275,0.82407,0.497338,0.463283,1,1,1,1,0.0
187,BS_1,BS,0.543248,0.855391,0.510189,0.210951,1,1,1,1,5.394153
187,BS_2,BS,0.66373,0.837397,0.30988,0.301229,1,1,1,2,0.533263
187,BS_3,BS,0.638179,0.821814,0.349137,0.266377,1,1,1,5,0.719913
187,BS_4,BS,0.6257,0.81834,0.368884,0.285412,1,1,1,11,0.482361
187,HAP_0,HAP,0.705746,0.886759,0.248501,0.144377,1,1,1,0,0.451249
187,HAP_1,HAP,0.633995,0.821716,0.355715,0.266927,1,1,1,12,0.248923
187,HAP_2,HAP,0.815185,0.916284,0.104341,0.057105,1,1,1,0,0.632771
187,LEO_0,LEO,0.765226,0.910814,0.067584,0.055903,2,0,0,0,1.016411
187,LEO_1,LEO,0.731631,0.89395,0.212479,0.067924,1,1,1,0,0.989143
188,BS_0,BS,0.639665,0.829728,0.34681,0.424751,1,1,1,1,0.524975
188,BS_1,BS,0.575921,0.847534,0.451785,0.26061,1,1,1,1,0.214393
188,BS_2,BS,0.684334,0.839441,0.27931,0.276089,1,1,1,2,0.789705
188,BS_3,BS,0.648195,0.822437,0.333563,0.263171,1,1,1,6,0.720036
188,BS_4,BS,0.636275,0.818544,0.352125,0.284126,1,1,1,10,0.583898
188,HAP_0,HAP,0.741332,0.896033,0.099307,0.11994,2,0,0,0,0.797442
188,HAP_1,HAP,0.644441,0.82201,0.339372,0.26537,1,1,1,12,0.347921
188,HAP_2,HAP,0.604251,0.895394,0.403766,0.119046,1,1,1,0,2.705926
188,LEO_0,LEO,0.696541,0.905288,0.261629,0.075525,1,1,1,0,0.693772
188,LEO_1,LEO,0.647745,0.888689,0.334259,0.104618,1,1,1,0,0.532155
189,BS_0,BS,0.621079,0.83303,0.376297,0.403521,1,1,1,1,0.456134
189,BS_1,BS,0.677969,0.848896,0.288654,0.245982,1,1,1,1,0.695491
189,BS_2,BS,0.681337,0.839787,0.283699,0.25709,1,1,1,1,1.154551
189,BS_3,BS,0.648134,0.822931,0.333658,0.260634,1,1,1,5,0.351171
189,BS_4,BS,0.614984,0.816666,0.386159,0.294404,1,1,1,13,0.676581
189,HAP_0,HAP,0.546727,0.873115,0.503806,0.210171,1,1,1,0,1.549095
189,HAP_1,HAP,0.605635,0.818519,0.401478,0.284829,1,1,1,8,0.881249
189,HAP_2,HAP,0.741233,0.899644,0.09944,0.099687,2,0,0,0,1.002899
189,LEO_0,LEO,0.816727,0.91567,0.002451,0.060423,2,0,0,0,0.860054
189,LEO_1,LEO,0.79034,0.893386,0.135291,0.091931,1,1,1,0,1.020585
190,BS_0,BS,0.500573,0.817269,0.592002,0.480526,1,1,1,1,0.778558
190,BS_1,BS,0.503275,0.829558,0.586618,0.35164,1,1,1,2,0.520869
190,BS_2,BS,0.709303,0.842272,0.243473,0.232347,1,1,1,2,0.649544
190,BS_3,BS,0.641309,0.82269,0.344244,0.261834,1,1,1,6,0.224018
190,BS_4,BS,0.634298,0.817018,0.355236,0.29231,1,1,1,9,0.683523
190,HAP_0,HAP,0.641029,0.871009,0.34468,0.221599,1,1,1,0,0.513111
190,HAP_1,HAP,0.638217,0.818871,0.349078,0.282698,1,1,1,12,0.613179
190,HAP_2,HAP,0.811422,0.899346,0.108967,0.085093,1,1,1,0,1.461235
190,LEO_0,LEO,0.736417,0.908638,0.205959,0.067427,1,1,1,0,1.23212
190,LEO_1,LEO,0.776507,0.901696,0.05295,0.074806,2,0,0,0,0.993327
191,BS_0,BS,0.514505,0.812472,0.56455,0.527843,1,1,1,0,0.592873
191,BS_1,BS,0.716115,0.834739,0.233915,0.305934,1,1,1,2,0.315968
191,BS_2,BS,0.606252,0.838829,0.400459,0.258043,1,1,1,1,0.665807
191,BS_3,BS,0.648223,0.823141,0.33352,0.259523,1,1,1,6,0.254028
191,BS_4,BS,0.635536,0.817418,0.353287,0.290013,1,1,1,13,0.750526
191,HAP_0,HAP,0.881633,0.887024,0.025979,0.177583,1,1,1,0,0.858117
191,HAP_1,HAP,0.647199,0.819991,0.335102,0.27669,1,1,1,12,0.729472
191,HAP_2,HAP,0.752654,0.899662,0.084149,0.071261,2,0,0,0,2.767491
191,LEO_0,LEO,0.805991,0.910783,0.115683,0.059964,1,1,1,0,0.859826
191,LEO_1,LEO,0.787398,0.901888,0.139022,0.068542,1,1,1,0,1.145003
192,BS_0,BS,0.591131,0.814532,0.425718,0.503831,1,1,1,1,0.592438
192,BS_1,BS,0.712369,0.838467,0.239159,0.270486,1,1,1,2,0.783117
192,BS_2,BS,0.652533,0.838703,0.326893,0.254521,1,1,1,1,0.758944
192,BS_3,BS,0.619608,0.820792,0.378669,0.272144,1,1,1,3,1.221982
192,BS_4,BS,0.642948,0.818433,0.341691,0.284549,1,1,1,11,0.766718
192,HAP_0,HAP,0.72989,0.885357,0.214862,0.162841,1,1,1,0,1.215647
192,HAP_1,HAP,0.630824,0.819349,0.360728,0.279908,1,1,1,12,0.684012
192,HAP_2,HAP,0.674025,0.892974,0.294488,0.096034,1,1,1,0,0.766671
192,LEO_0,LEO,0.779785,0.9169,0.048737,0.04904,2,0,0,0,0.870654
192,LEO_1,LEO,0.756068,0.907217,0.079624,0.057687,2,0,0,0,0.911298
193,BS_0,BS,0.585854,0.81376,0.434685,0.488093,1,1,1,1,0.72466
193,BS_1,BS,0.332871,0.799831,1.0,0.741257,1,1,1,0,0.993486
193,BS_2,BS,0.577989,0.829521,0.448201,0.294015,1,1,1,2,0.64031
193,BS_3,BS,0.647692,0.821574,0.334339,0.268017,1,1,1,5,0.660864
193,BS_4,BS,0.647267,0.819646,0.334997,0.27814,1,1,1,11,0.72826
193,HAP_0,HAP,0.803857,0.892235,0.118334,0.136574,1,1,1,0,0.834573
193,HAP_1,HAP,0.645502,0.820215,0.337726,0.275253,1,1,1,12,0.868854
193,HAP_2,HAP,0.712448,0.893652,0.239049,0.102542,1,1,1,0,0.570877
193,LEO_0,LEO,0.720516,0.906902,0.227788,0.062581,1,1,1,0,1.398737
193,LEO_1,LEO,0.692727,0.91003,0.067119,0.048177,3,0,0,0,1.226726
194,BS_0,BS,0.522887,0.803748,0.54839,0.525803,1,1,1,2,0.632405
194,BS_1,BS,0.701341,0.812042,0.254761,0.622212,1,1,1,2,0.651629
194,BS_2,BS,0.64227,0.828142,0.342746,0.288076,1,1,1,2,0.703514
194,BS_3,BS,0.646006,0.822042,0.336946,0.265504,1,1,1,3,0.771356
194,BS_4,BS,0.648241,0.820707,0.333493,0.27256,1,1,1,13,0.776303
194,HAP_0,HAP,0.671013,0.88206,0.298966,0.14948,1,1,1,0,2.045962
194,HAP_1,HAP,0.612201,0.817731,0.390694,0.288892,1,1,1,8,0.366404
194,HAP_2,HAP,0.815792,0.90005,0.103595,0.086863,1,1,1,0,0.922318
194,LEO_0,LEO,0.744668,0.904488,0.194817,0.067144,1,1,1,0,0.844338
194,LEO_1,LEO,0.660761,0.916667,0.014363,0.038634,4,0,0,0,1.018919
195,BS_0,BS,0.679425,0.810937,0.286509,0.457582,1,1,1,2,0.489199
195,BS_1,BS,0.660846,0.816272,0.314234,0.542204,1,1,1,1,1.220155
195,BS_2,BS,0.746117,0.835959,0.192873,0.247201,1,1,1,2,0.630189
195,BS_3,BS,0.631748,0.821078,0.359264,0.270485,1,1,1,5,0.698261
195,BS_4,BS,0.647802,0.821516,0.33417,0.268299,1,1,1,13,0.58535
195,HAP_0,HAP,0.599989,0.874267,0.410844,0.195541,1,1,1,0,0.496568
195,HAP_1,HAP,0.639888,0.818397,0.346463,0.28513,1,1,1,11,0.301116
195,HAP_2,HAP,0.631854,0.884763,0.359097,0.127518,1,1,1,0,2.941612
195,LEO_0,LEO,0.771221,0.909178,0.059781,0.055323,2,0,0,0,1.119623
195,LEO_1,LEO,0.689722,0.910407,0.271467,0.06407,1,1,1,0,0.567406
196,BS_0,BS,0.75337,0.822783,0.183198,0.381168,1,1,1,2,1.158841
196,BS_1,BS,0.60099,0.813566,0.409177,0.509105,1,1,1,2,1.168372
196,BS_2,BS,0.594315,0.830764,0.420346,0.277271,1,1,1,2,0.53294
196,BS_3,BS,0.639622,0.82105,0.346877,0.270534,1,1,1,6,0.610314
196,BS_4,BS,0.648078,0.822188,0.333745,0.264763,1,1,1,10,1.357378
196,HAP_0,HAP,0.679493,0.86997,0.286408,0.193346,1,1,1,0,1.364139
196,HAP_1,HAP,0.648149,0.819699,0.333634,0.278194,1,1,1,12,0.888853
196,HAP_2,HAP,0.801311,0.889689,0.121506,0.108658,1,1,1,0,1.010623
196,LEO_0,LEO,0.732009,0.916516,0.011962,0.044323,3,0,0,0,0.992934
196,LEO_1,LEO,0.750012,0.906798,0.187665,0.067104,1,1,1,0,1.117492
197,BS_0,BS,0.598454,0.818427,0.413405,0.381841,1,1,1,2,1.367692
197,BS_1,BS,0.630322,0.814181,0.361524,0.466099,1,1,1,3,0.401036
197,BS_2,BS,0.808656,0.843312,0.112381,0.2275,1,1,1,2,0.668491
197,BS_3,BS,0.648695,0.821872,0.332792,0.266265,1,1,1,5,0.450818
197,BS_4,BS,0.646266,0.822558,0.336544,0.262778,1,1,1,12,0.329089
197,HAP_0,HAP,0.734775,0.875207,0.20819,0.174181,1,1,1,0,0.728162
197,HAP_1,HAP,0.644408,0.820394,0.339424,0.274399,1,1,1,13,0.393233
197,HAP_2,HAP,0.742275,0.885703,0.198035,0.104575,1,1,1,0,3.096537
197,LEO_0,LEO,0.640024,0.919815,0.046249,0.036421,4,0,0,0,1.075155
197,LEO_1,LEO,0.81228,0.907641,0.10791,0.058923,1,1,1,0,1.158715
198,BS_0,BS,0.700809,0.824412,0.25552,0.334854,1,1,1,2,0.501243
198,BS_1,BS,0.732424,0.823665,0.211396,0.392989,1,1,1,3,0.688469
198,BS_2,BS,0.855291,0.85636,0.056314,0.183427,1,1,1,2,2.087744
198,BS_3,BS,0.612786,0.819113,0.38974,0.281365,1,1,1,5,0.334071
198,BS_4,BS,0.647175,0.822938,0.335138,0.260765,1,1,1,13,0.304793
198,HAP_0,HAP,0.703454,0.872383,0.251753,0.167866,1,1,1,0,1.377823
198,HAP_1,HAP,0.644455,0.820954,0.339351,0.271341,1,1,1,12,0.572624
198,HAP_2,HAP,0.759226,0.889331,0.075455,0.086222,2,0,0,0,1.483839
198,LEO_0,LEO,0.711747,0.915121,0.240033,0.055064,1,1,1,0,0.525518
198,LEO_1,LEO,0.727839,0.898788,0.217676,0.068461,1,1,1,0,1.91493
199,BS_0,BS,0.69027,0.829402,0.270673,0.300852,1,1,1,2,0.535719
199,BS_1,BS,0.693515,0.827974,0.265983,0.346227,1,1,1,3,0.537338
199,BS_2,BS,0.73558,0.85768,0.207097,0.166042,1,1,1,1,7.711898
199,BS_3,BS,0.646838,0.820151,0.33566,0.275793,1,1,1,3,0.392749
199,BS_4,BS,0.648103,0.823328,0.333705,0.258724,1,1,1,13,0.57915
199,HAP_0,HAP,0.694292,0.874064,0.264862,0.165861,1,1,1,0,0.676777
199,HAP_1,HAP,0.648321,0.821761,0.333369,0.267083,1,1,1,11,0.741942
199,HAP_2,HAP,0.768349,0.890535,0.163511,0.081009,1,1,1,0,1.022334
199,LEO_0,LEO,0.784176,0.921814,0.043121,0.044888,2,0,0,0,0.803739
199,LEO_1,LEO,0.724881,0.89544,0.221748,0.076896,1,1,1,0,0.929059
200,BS_0,BS,0.731026,0.835946,0.213306,0.261156,1,1,1,2,1.012812
200,BS_1,BS,0.734118,0.834834,0.209085,0.296654,1,1,1,3,0.74114
200,BS_2,BS,0.715246,0.857039,0.235129,0.157712,1,1,1,1,1.138552
200,BS_3,BS,0.662304,0.822399,0.31203,0.264447,1,1,1,5,0.818455
200,BS_4,BS,0.647794,0.823611,0.334183,0.257234,1,1,1,11,0.916841
200,HAP_0,HAP,0.784558,0.88731,0.042635,0.133507,2,0,0,0,0.974246
200,HAP_1,HAP,0.619405,0.819669,0.378996,0.278304,1,1,1,8,0.920798
200,HAP_2,HAP,0.813448,0.900526,0.006474,0.064826,2,0,0,0,1.161126
200,LEO_0,LEO,0.689494,0.925017,0.071798,0.03823,3,0,0,0,0.823334
200,LEO_1,LEO,0.812926,0.900581,0.107115,0.06668,1,1,1,0,0.910855
201,BS_0,BS,0.619336,0.836063,0.379108,0.2736,1,1,1,1,0.296019
201,BS_1,BS,0.680305,0.835754,0.285214,0.273929,1,1,1,3,0.374833
201,BS_2,BS,0.624782,0.851117,0.370352,0.187892,1,1,1,1,0.822806
201,BS_3,BS,0.625918,0.820807,0.368536,0.272676,1,1,1,5,0.320006
201,BS_4,BS,0.626761,0.821858,0.367189,0.26646,1,1,1,9,0.787765
201,HAP_0,HAP,0.714144,0.898353,0.036671,0.107411,3,0,0,0,0.927209
201,HAP_1,HAP,0.646122,0.820529,0.336767,0.273679,1,1,1,11,0.265674
201,HAP_2,HAP,0.734076,0.9084,0.009142,0.051898,3,0,0,0,1.146286
201,LEO_0,LEO,0.765235,0.925424,0.167573,0.04322,1,1,1,0,0.363761
201,LEO_1,LEO,0.683701,0.889782,0.280235,0.088683,1,1,1,0,1.787931
202,BS_0,BS,0.650926,0.835099,0.329359,0.267695,1,1,1,2,1.249522
202,BS_1,BS,0.654634,0.834183,0.323679,0.266289,1,1,1,3,0.796888
202,BS_2,BS,0.542825,0.835777,0.510968,0.267803,1,1,1,2,1.234318
202,BS_3,BS,0.641225,0.820983,0.344374,0.271508,1,1,1,6,0.379471
202,BS_4,BS,0.647954,0.82245,0.333935,0.263349,1,1,1,10,0.424048
202,HAP_0,HAP,0.655286,0.908237,0.022683,0.08616,4,0,0,0,0.90322
202,HAP_1,HAP,0.641458,0.820783,0.344011,0.272197,1,1,1,12,0.82455
202,HAP_2,HAP,0.66577,0.914599,0.006812,0.041539,4,0,0,0,1.1772
202,LEO_0,LEO,0.733554,0.919562,0.209854,0.054394,1,1,1,0,0.909842
202,LEO_1,LEO,0.774167,0.891779,0.155968,0.081893,1,1,1,0,0.989351
203,BS_0,BS,0.719923,0.839565,0.228611,0.237674,1,1,1,1,0.932174
203,BS_1,BS,0.626693,0.830308,0.367299,0.27374,1,1,1,3,1.115108
203,BS_2,BS,0.701518,0.838459,0.254509,0.243391,1,1,1,2,0.984537
203,BS_3,BS,0.638602,0.820878,0.348474,0.271852,1,1,1,5,0.852653
203,BS_4,BS,0.633975,0.821615,0.355745,0.267628,1,1,1,10,0.836691
203,HAP_0,HAP,0.856561,0.913733,0.054829,0.070281,1,1,0,0,0.968739
203,HAP_1,HAP,0.638188,0.820679,0.349122,0.272607,1,1,1,10,0.661367
203,HAP_2,HAP,0.834529,0.916429,0.080888,0.036176,1,1,0,0,1.00678
203,LEO_0,LEO,0.642488,0.902413,0.342407,0.096274,1,1,1,0,1.381896
203,LEO_1,LEO,0.798871,0.901162,0.024555,0.065786,2,0,0,0,1.081303
204,BS_0,BS,0.630853,0.835051,0.360682,0.248681,1,1,1,2,1.011164
204,BS_1,BS,0.751935,0.83814,0.185105,0.234411,1,1,1,3,0.200553
204,BS_2,BS,0.735115,0.843325,0.207728,0.214131,1,1,1,2,1.13945
204,BS_3,BS,0.648012,0.821672,0.333846,0.267636,1,1,1,6,0.393697
204,BS_4,BS,0.646102,0.822084,0.336798,0.265147,1,1,1,9,0.325562
204,HAP_0,HAP,0.764199,0.908914,0.168928,0.069066,1,1,1,0,1.252863
204,HAP_1,HAP,0.648191,0.821529,0.333569,0.268156,1,1,1,11,0.442448
204,HAP_2,HAP,0.805243,0.921756,0.016611,0.029065,2,0,0,0,1.038855
204,LEO_0,LEO,0.780354,0.903605,0.148008,0.086877,1,1,1,0,0.863316
204,LEO_1,LEO,0.729569,0.909084,0.015302,0.052734,3,0,0,0,1.096164
205,BS_0,BS,0.721768,0.842448,0.226052,0.221939,1,1,1,2,0.0
205,BS_1,BS,0.713112,0.841225,0.238117,0.213044,1,1,1,3,0.581091
205,BS_2,BS,0.638371,0.841688,0.348836,0.226064,1,1,1,2,0.388366
205,BS_3,BS,0.584602,0.817399,0.436824,0.299975,1,1,1,3,0.280365
205,BS_4,BS,0.648134,0.822648,0.333659,0.262216,1,1,1,10,0.0
205,HAP_0,HAP,0.73563,0.906386,0.207028,0.07454,1,1,1,0,0.742102
205,HAP_1,HAP,0.646656,0.822067,0.335941,0.26531,1,1,1,11,0.379646
205,HAP_2,HAP,0.719466,0.909572,0.229246,0.046901,1,1,1,0,3.944433
205,LEO_0,LEO,0.750641,0.909088,0.086828,0.072894,2,0,0,0,0.8372
205,LEO_1,LEO,0.679134,0.903199,0.286937,0.079237,1,1,1,0,0.583378
206,BS_0,BS,0.71709,0.847499,0.232553,0.201888,1,1,1,1,0.562466
206,BS_1,BS,0.699924,0.842573,0.256784,0.200107,1,1,1,2,1.196485
206,BS_2,BS,0.840293,0.855714,0.074005,0.183315,1,1,1,2,0.46462
206,BS_3,BS,0.71914,0.825391,0.229699,0.263723,1,1,1,4,0.539786
206,BS_4,BS,0.624277,0.820849,0.371161,0.271765,1,1,1,12,0.207128
206,HAP_0,HAP,0.769292,0.903992,0.162285,0.071483,1,1,1,0,1.214326
206,HAP_1,HAP,0.643927,0.822243,0.34017,0.26432,1,1,1,12,0.727417
206,HAP_2,HAP,0.818268,0.909742,0.100566,0.042072,1,1,1,0,1.133275
206,LEO_0,LEO,0.698783,0.913,0.058415,0.059851,3,0,0,0,1.13099
206,LEO_1,LEO,0.754494,0.908718,0.081708,0.066394,2,0,0,0,0.946045
207,BS_0,BS,0.699872,0.848087,0.256858,0.191199,1,1,1,2,0.538186
207,BS_1,BS,0.737223,0.846767,0.204865,0.178972,1,1,1,3,0.63119
207,BS_2,BS,0.787307,0.861583,0.139137,0.155364,1,1,1,2,1.327297
207,BS_3,BS,0.677825,0.828032,0.288866,0.248528,1,1,1,6,0.371504
207,BS_4,BS,0.633342,0.820274,0.356745,0.274682,1,1,1,12,0.54494
207,HAP_0,HAP,0.794166,0.90643,0.130462,0.064846,1,1,1,0,0.832468
207,HAP_1,HAP,0.647247,0.822693,0.335028,0.261966,1,1,1,9,0.26248
207,HAP_2,HAP,0.781773,0.904646,0.14619,0.043275,1,1,1,0,2.707345
207,LEO_0,LEO,0.696039,0.908705,0.262349,0.078853,1,1,1,0,0.47509
207,LEO_1,LEO,0.812363,0.911175,0.107809,0.058345,1,1,1,0,0.942823
208,BS_0,BS,0.678358,0.850349,0.28808,0.190305,1,1,1,2,0.237598
208,BS_1,BS,0.647625,0.842347,0.334443,0.193511,1,1,1,3,0.752213
208,BS_2,BS,0.714716,0.860187,0.23587,0.149327,1,1,1,2,0.951533
208,BS_3,BS,0.652062,0.827779,0.327616,0.247122,1,1,1,4,0.564788
208,BS_4,BS,0.607675,0.817333,0.398115,0.291069,1,1,1,9,0.682677
208,HAP_0,HAP,0.802347,0.914908,0.020215,0.052061,2,0,0,0,0.904584
208,HAP_1,HAP,0.648241,0.823145,0.333492,0.25962,1,1,1,12,0.54604
208,HAP_2,HAP,0.738321,0.900627,0.203376,0.053233,1,1,1,0,1.001485
208,LEO_0,LEO,0.736552,0.90479,0.205776,0.082137,1,1,1,0,1.079588
208,LEO_1,LEO,0.654461,0.895638,0.323943,0.093899,1,1,1,0,1.923415
209,BS_0,BS,0.618568,0.843291,0.380348,0.217343,1,1,1,2,0.517392
209,BS_1,BS,0.719046,0.845088,0.22983,0.178579,1,1,1,3,0.594306
209,BS_2,BS,0.467545,0.839682,0.66026,0.315636,1,1,1,1,0.486191
209,BS_3,BS,0.641163,0.826557,0.344472,0.251095,1,1,1,6,0.522827
209,BS_4,BS,0.643546,0.81842,0.340762,0.285108,1,1,1,10,0.282181
209,HAP_0,HAP,0.671315,0.90021,0.298516,0.081749,1,1,1,0,2.787179
209,HAP_1,HAP,0.642293,0.822953,0.342711,0.260549,1,1,1,11,0.436857
209,HAP_2,HAP,0.805431,0.908267,0.016378,0.042707,2,0,0,0,1.134273
209,LEO_0,LEO,0.799863,0.912874,0.023314,0.065954,2,0,0,0,0.949295
209,LEO_1,LEO,0.691698,0.891529,0.268606,0.107586,1,1,1,0,0.761493
210,BS_0,BS,0.739087,0.847659,0.202339,0.192298,1,1,1,2,0.482575
210,BS_1,BS,0.578097,0.834189,0.448014,0.233185,1,1,1,1,1.140403
210,BS_2,BS,0.486826,0.831034,0.619849,0.425405,1,1,1,0,0.21876
210,BS_3,BS,0.648922,0.826299,0.332443,0.250609,1,1,1,6,0.786937
210,BS_4,BS,0.64475,0.819403,0.338893,0.279768,1,1,1,10,0.42867
210,HAP_0,HAP,0.556584,0.885392,0.485938,0.17166,1,1,1,0,0.357399
210,HAP_1,HAP,0.625636,0.821223,0.368986,0.269707,1,1,1,8,0.416474
210,HAP_2,HAP,0.753116,0.901351,0.183536,0.049324,1,1,1,0,3.423244
210,LEO_0,LEO,0.718196,0.903763,0.231013,0.076779,1,1,1,0,1.34542
210,LEO_1,LEO,0.768765,0.896218,0.16297,0.098021,1,1,1,0,0.681673
211,BS_0,BS,0.586982,0.840781,0.432761,0.238115,1,1,1,1,0.419701
211,BS_1,BS,0.660158,0.833435,0.315276,0.231278,1,1,1,3,0.261966
211,BS_2,BS,0.743451,0.846453,0.196452,0.357691,1,1,1,0,0.735451
211,BS_3,BS,0.645196,0.825747,0.3382,0.251958,1,1,1,5,0.272662
211,BS_4,BS,0.647196,0.820416,0.335106,0.274348,1,1,1,7,0.557287
211,HAP_0,HAP,0.697127,0.881676,0.260788,0.167933,1,1,1,0,1.233218
211,HAP_1,HAP,0.669281,0.823886,0.301551,0.256686,1,1,1,9,0.729135
211,HAP_2,HAP,0.757944,0.89941,0.177145,0.05358,1,1,1,0,1.024059
211,LEO_0,LEO,0.756331,0.90296,0.179277,0.075886,1,1,1,0,0.844759
211,LEO_1,LEO,0.784892,0.898594,0.142209,0.087517,1,1,1,0,1.050397
212,BS_0,BS,0.738385,0.846151,0.20329,0.209089,1,1,1,1,0.79378
212,BS_1,BS,0.714694,0.837594,0.235901,0.210065,1,1,1,3,0.621634
212,BS_2,BS,0.436137,0.821528,0.7298,0.525826,1,1,1,2,0.600604
212,BS_3,BS,0.644065,0.825201,0.339955,0.253573,1,1,1,4,0.468647
212,BS_4,BS,0.631232,0.819728,0.360082,0.277825,1,1,1,12,0.380795
212,HAP_0,HAP,0.755032,0.886989,0.180995,0.149088,1,1,1,0,0.661816
212,HAP_1,HAP,0.654208,0.824649,0.32433,0.252684,1,1,1,12,0.853476
212,HAP_2,HAP,0.752715,0.901649,0.084069,0.046045,2,0,0,0,1.328313
212,LEO_0,LEO,0.772407,0.909916,0.058243,0.062235,2,0,0,0,0.887337
212,LEO_1,LEO,0.777944,0.902653,0.151101,0.080288,1,1,1,0,0.648204
213,BS_0,BS,0.738331,0.849864,0.203364,0.185882,1,1,1,2,0.774932
213,BS_1,BS,0.609052,0.831324,0.395852,0.238566,1,1,1,2,1.000932
213,BS_2,BS,0.581098,0.816283,0.442836,0.508908,1,1,1,2,1.121333
213,BS_3,BS,0.64572,0.824917,0.33739,0.254083,1,1,1,5,0.728056
213,BS_4,BS,0.580491,0.814149,0.443881,0.310924,1,1,1,9,1.219473
213,HAP_0,HAP,0.753993,0.887878,0.182372,0.134237,1,1,1,0,1.159069
213,HAP_1,HAP,0.649947,0.824867,0.330864,0.251409,1,1,1,11,1.044797
213,HAP_2,HAP,0.812785,0.904917,0.107288,0.042016,1,1,1,0,0.924706
213,LEO_0,LEO,0.794879,0.908385,0.129566,0.057343,1,1,1,0,1.247874
213,LEO_1,LEO,0.781169,0.910992,0.046964,0.065223,2,0,0,0,0.860253
214,BS_0,BS,0.718513,0.854514,0.230571,0.172629,1,1,1,2,0.262574
214,BS_1,BS,0.768261,0.842183,0.163626,0.202901,1,1,1,2,0.209606
214,BS_2,BS,0.695775,0.82419,0.262729,0.438188,1,1,1,1,0.520768
214,BS_3,BS,0.626741,0.8229,0.367222,0.26395,1,1,1,7,0.606965
214,BS_4,BS,0.63768,0.815324,0.349918,0.303838,1,1,1,10,0.735681
214,HAP_0,HAP,0.769711,0.8928,0.161741,0.119162,1,1,1,0,0.705451
214,HAP_1,HAP,0.638813,0.824005,0.348143,0.255669,1,1,1,10,0.670348
214,HAP_2,HAP,0.706739,0.895115,0.247095,0.061088,1,1,1,0,2.878992
214,LEO_0,LEO,0.742879,0.906447,0.197222,0.063377,1,1,1,0,0.759067
214,LEO_1,LEO,0.740205,0.921123,0.000828,0.052179,3,0,0,0,0.744804
215,BS_0,BS,0.747811,0.857866,0.190605,0.154452,1,1,1,2,1.104381
215,BS_1,BS,0.559645,0.832652,0.480452,0.266196,1,1,1,1,1.001449
215,BS_2,BS,0.691481,0.828799,0.268919,0.383093,1,1,1,1,1.091712
215,BS_3,BS,0.631213,0.821714,0.360112,0.269516,1,1,1,7,0.368121
215,BS_4,BS,0.637075,0.816207,0.350868,0.298469,1,1,1,10,0.545056
215,HAP_0,HAP,0.754462,0.899826,0.08175,0.098337,2,0,0,0,0.993716
215,HAP_1,HAP,0.643406,0.823745,0.34098,0.256855,1,1,1,12,0.482999
215,HAP_2,HAP,0.816897,0.902739,0.002242,0.048872,2,0,0,0,1.302429
215,LEO_0,LEO,0.790633,0.913519,0.034922,0.051251,2,0,0,0,0.982179
215,LEO_1,LEO,0.767247,0.916919,0.164947,0.053986,1,1,1,0,1.069827
216,BS_0,BS,0.725547,0.858304,0.22083,0.145506,1,1,1,2,0.220899
216,BS_1,BS,0.598072,0.831449,0.414044,0.290101,1,1,1,1,0.678712
216,BS_2,BS,0.504347,0.820773,0.584491,0.460208,1,1,1,1,0.269191
216,BS_3,BS,0.646175,0.82217,0.336686,0.266624,1,1,1,6,0.539227
216,BS_4,BS,0.638249,0.817024,0.349026,0.293594,1,1,1,10,0.402293
216,HAP_0,HAP,0.818104,0.907043,0.100766,0.083239,1,1,1,0,0.608711
216,HAP_1,HAP,0.640815,0.823295,0.345015,0.25905,1,1,1,12,0.740953
216,HAP_2,HAP,0.675166,0.90198,0.092797,0.042973,3,0,0,0,3.29153
216,LEO_0,LEO,0.766453,0.914327,0.165982,0.053398,1,1,1,0,0.577597
216,LEO_1,LEO,0.757105,0.915925,0.178253,0.057487,1,1,1,0,0.612204
217,BS_0,BS,0.776021,0.862481,0.153576,0.127018,1,1,1,2,0.86181
217,BS_1,BS,0.531153,0.826322,0.532706,0.35978,1,1,1,1,0.0
217,BS_2,BS,0.550401,0.818967,0.497108,0.479369,1,1,1,1,0.0
217,BS_3,BS,0.645337,0.822457,0.337983,0.264704,1,1,1,4,0.0
217,BS_4,BS,0.637601,0.817617,0.350042,0.290014,1,1,1,12,0.0
217,HAP_0,HAP,0.595295,0.887158,0.418698,0.145479,1,1,1,0,4.586898
217,HAP_1,HAP,0.648236,0.823626,0.3335,0.25729,1,1,1,11,0.134985
217,HAP_2,HAP,0.579022,0.888244,0.446415,0.124057,1,1,1,0,0.453337
217,LEO_0,LEO,0.777848,0.920593,0.051224,0.043899,2,0,0,0,0.811224
217,LEO_1,LEO,0.804212,0.916449,0.117893,0.052244,1,1,1,0,0.979314
218,BS_0,BS,0.793885,0.867146,0.130816,0.109315,1,1,1,2,0.902573
218,BS_1,BS,0.550665,0.821202,0.496628,0.398812,1,1,1,2,0.0
218,BS_2,BS,0.600793,0.817768,0.409505,0.458958,1,1,1,1,0.798167
218,BS_3,BS,0.618621,0.82015,0.380262,0.276832,1,1,1,7,0.204792
218,BS_4,BS,0.581036,0.812517,0.442942,0.3203,1,1,1,7,0.716615
218,HAP_0,HAP,0.712575,0.886879,0.23887,0.14206,1,1,1,0,0.730539
218,HAP_1,HAP,0.629825,0.822162,0.362313,0.264904,1,1,1,10,0.329636
218,HAP_2,HAP,0.715292,0.892122,0.235064,0.124111,1,1,1,0,0.382202
218,LEO_0,LEO,0.585403,0.896788,0.435455,0.120449,1,1,1,0,1.619386
218,LEO_1,LEO,0.649218,0.899397,0.331987,0.091392,1,1,1,0,2.053958
219,BS_0,BS,0.589687,0.85653,0.428163,0.169948,1,1,1,1,0.851306
219,BS_1,BS,0.692044,0.828083,0.268106,0.351396,1,1,1,2,0.270256
219,BS_2,BS,0.663917,0.825925,0.309598,0.410299,1,1,1,1,0.483609
219,BS_3,BS,0.642395,0.820567,0.342552,0.27427,1,1,1,7,0.200867
219,BS_4,BS,0.610412,0.811396,0.393621,0.325961,1,1,1,14,0.68528
219,HAP_0,HAP,0.671606,0.877915,0.298084,0.153632,1,1,1,0,1.615696
219,HAP_1,HAP,0.648311,0.822727,0.333384,0.261938,1,1,1,12,0.864645
219,HAP_2,HAP,0.58039,0.87532,0.444055,0.188022,1,1,1,0,1.357622
219,LEO_0,LEO,0.792107,0.89919,0.133058,0.104326,1,1,1,0,0.943133
219,LEO_1,LEO,0.67271,0.89333,0.296441,0.112658,1,1,1,0,0.704026
220,BS_0,BS,0.603584,0.848856,0.40487,0.209722,1,1,1,1,0.513081
220,BS_1,BS,0.680737,0.830833,0.284579,0.31756,1,1,1,2,0.972098
220,BS_2,BS,0.616414,0.825027,0.383836,0.394538,1,1,1,1,0.761444
220,BS_3,BS,0.61257,0.818048,0.390092,0.287893,1,1,1,5,0.887529
220,BS_4,BS,0.647911,0.814077,0.334002,0.31097,1,1,1,12,0.656613
220,HAP_0,HAP,0.800119,0.888489,0.022995,0.123144,2,0,0,0,1.215407
220,HAP_1,HAP,0.645828,0.822948,0.337221,0.260724,1,1,1,11,1.045815
220,HAP_2,HAP,0.828995,0.885914,0.087541,0.153866,1,1,1,0,0.842812
220,LEO_0,LEO,0.748258,0.901945,0.090007,0.087107,2,0,0,0,1.24435
220,LEO_1,LEO,0.800863,0.903719,0.022065,0.090346,2,0,0,0,0.992627
221,BS_0,BS,0.666285,0.850437,0.306037,0.209924,1,1,1,1,0.520059
221,BS_1,BS,0.710928,0.835284,0.241185,0.280225,1,1,1,2,1.408687
221,BS_2,BS,0.590885,0.826179,0.426133,0.397346,1,1,1,1,0.439258
221,BS_3,BS,0.64201,0.818849,0.343151,0.283303,1,1,1,5,0.784672
221,BS_4,BS,0.638951,0.815386,0.347927,0.30325,1,1,1,12,0.242732
221,HAP_0,HAP,0.73989,0.897926,0.001254,0.098516,3,0,0,0,1.287151
221,HAP_1,HAP,0.64604,0.823145,0.336893,0.259653,1,1,1,11,0.735925
221,HAP_2,HAP,0.79215,0.889404,0.133004,0.131053,1,1,1,0,1.191154
221,LEO_0,LEO,0.700126,0.908358,0.056495,0.071121,3,0,0,0,0.925926
221,LEO_1,LEO,0.816727,0.906001,0.102451,0.077,1,1,1,0,1.112843
222,BS_0,BS,0.620137,0.849951,0.377815,0.232174,1,1,1,2,0.239128
222,BS_1,BS,0.750185,0.844858,0.187435,0.239989,1,1,1,2,0.310776
222,BS_2,BS,0.611313,0.832943,0.392146,0.387077,1,1,1,0,0.352171
222,BS_3,BS,0.647391,0.819991,0.334805,0.277085,1,1,1,5,0.393771
222,BS_4,BS,0.640247,0.816555,0.345901,0.296441,1,1,1,9,0.334405
222,HAP_0,HAP,0.666102,0.905058,0.006312,0.07883,4,0,0,0,1.293184
222,HAP_1,HAP,0.641011,0.822833,0.344709,0.261193,1,1,1,9,0.715057
222,HAP_2,HAP,0.708562,0.889572,0.244517,0.131747,1,1,1,0,0.626366
222,LEO_0,LEO,0.816024,0.911381,0.103311,0.0617,1,1,1,0,0.893083
222,LEO_1,LEO,0.709602,0.896053,0.243051,0.088183,1,1,1,0,1.869553
223,BS_0,BS,0.623015,0.850702,0.373184,0.248409,1,1,1,1,0.370947
223,BS_1,BS,0.753257,0.850514,0.183349,0.207119,1,1,1,2,0.384675
223,BS_2,BS,0.420259,0.807447,0.766885,0.574312,1,1,1,1,0.743877
223,BS_3,BS,0.63497,0.819742,0.354177,0.278117,1,1,1,7,0.209586
223,BS_4,BS,0.643651,0.817808,0.340599,0.289357,1,1,1,12,0.256132
223,HAP_0,HAP,0.646484,0.896109,0.336207,0.11393,1,1,1,0,0.648124
223,HAP_1,HAP,0.647481,0.823187,0.334666,0.259355,1,1,1,11,0.798474
223,HAP_2,HAP,0.774092,0.901121,0.056065,0.106812,2,0,0,0,0.714607
223,LEO_0,LEO,0.780168,0.90857,0.148246,0.05925,1,1,1,0,1.227343
223,LEO_1,LEO,0.668249,0.889766,0.303095,0.111886,1,1,1,0,0.757093
224,BS_0,BS,0.50236,0.832049,0.588439,0.354544,1,1,1,1,1.172727
224,BS_1,BS,0.801137,0.858434,0.121723,0.172362,1,1,1,2,0.659798
224,BS_2,BS,0.627239,0.809393,0.366427,0.519871,1,1,1,1,1.264854
224,BS_3,BS,0.64781,0.820744,0.334158,0.272741,1,1,1,7,1.253887
224,BS_4,BS,0.64547,0.81898,0.337777,0.282827,1,1,1,10,1.041193
224,HAP_0,HAP,0.768095,0.895825,0.163841,0.103224,1,1,1,0,1.209848
224,HAP_1,HAP,0.639342,0.82271,0.347316,0.261767,1,1,1,13,0.993464
224,HAP_2,HAP,0.727363,0.911508,0.01833,0.085601,3,0,0,0,0.856783
224,LEO_0,LEO,0.746055,0.911478,0.092956,0.051288,2,0,0,0,0.934118
224,LEO_1,LEO,0.776804,0.895149,0.152567,0.099984,1,1,1,0,0.71658
225,BS_0,BS,0.552979,0.824824,0.492435,0.392757,1,1,1,2,0.457047
225,BS_1,BS,0.83391,0.866914,0.08163,0.140888,1,1,1,2,5.78687
225,BS_2,BS,0.458457,0.801355,0.679889,0.623909,1,1,1,0,0.30629
225,BS_3,BS,0.631874,0.820052,0.359065,0.27621,1,1,1,6,0.74552
225,BS_4,BS,0.645821,0.81995,0.337232,0.277438,1,1,1,11,0.483184
225,HAP_0,HAP,0.78472,0.89951,0.142428,0.091708,1,1,1,0,0.794699
225,HAP_1,HAP,0.643112,0.822682,0.341437,0.261874,1,1,1,13,0.356251
225,HAP_2,HAP,0.660228,0.920055,0.01517,0.068584,4,0,0,0,0.822961
225,LEO_0,LEO,0.747214,0.909374,0.191404,0.057516,1,1,1,0,0.795505
225,LEO_1,LEO,0.762291,0.902794,0.071426,0.082283,2,0,0,0,0.942197
226,BS_0,BS,0.534018,0.813966,0.527326,0.439338,1,1,1,2,0.333502
226,BS_1,BS,0.729201,0.865596,0.215806,0.133668,1,1,1,1,3.151499
226,BS_2,BS,0.572992,0.804938,0.456883,0.593061,1,1,1,1,0.580237
226,BS_3,BS,0.645977,0.820822,0.336991,0.272072,1,1,1,6,0.317181
226,BS_4,BS,0.645091,0.820658,0.338364,0.273471,1,1,1,10,0.308404
226,HAP_0,HAP,0.757324,0.904729,0.077964,0.076101,2,0,0,0,1.059991
226,HAP_1,HAP,0.645989,0.822927,0.336973,0.260597,1,1,1,12,0.804819
226,HAP_2,HAP,0.816775,0.92035,0.102392,0.059585,1,1,1,0,0.987686
226,LEO_0,LEO,0.769471,0.915808,0.062052,0.047746,2,0,0,0,0.787853
226,LEO_1,LEO,0.747082,0.899898,0.191581,0.082343,1,1,1,0,1.129259
227,BS_0,BS,0.744024,0.826036,0.195682,0.368702,1,1,1,1,0.740681
227,BS_1,BS,0.601243,0.852954,0.408756,0.182121,1,1,1,2,1.522481
227,BS_2,BS,0.569079,0.809551,0.463737,0.571222,1,1,1,1,0.328368
227,BS_3,BS,0.642572,0.821121,0.342277,0.270376,1,1,1,7,0.855454
227,BS_4,BS,0.632162,0.82001,0.358609,0.276647,1,1,1,9,0.795748
227,HAP_0,HAP,0.746088,0.900284,0.192911,0.077628,1,1,1,0,1.235598
227,HAP_1,HAP,0.641831,0.822736,0.34343,0.261552,1,1,1,12,0.57739
227,HAP_2,HAP,0.662883,0.903701,0.311157,0.091237,1,1,1,0,1.587738
227,LEO_0,LEO,0.738358,0.923598,0.003327,0.038202,3,0,0,0,0.906876
227,LEO_1,LEO,0.815109,0.909452,0.004433,0.065883,2,0,0,0,1.004047
228,BS_0,BS,0.654294,0.826697,0.324199,0.342259,1,1,1,2,0.858199
228,BS_1,BS,0.832971,0.862399,0.082756,0.148779,1,1,1,2,0.662242
228,BS_2,BS,0.482047,0.79795,0.629715,0.635421,1,1,1,1,0.564353
228,BS_3,BS,0.623254,0.819529,0.372802,0.278843,1,1,1,4,0.26585
228,BS_4,BS,0.648261,0.821,0.333462,0.271356,1,1,1,10,0.225072
228,HAP_0,HAP,0.790013,0.902774,0.135706,0.07039,1,1,1,0,0.865702
228,HAP_1,HAP,0.635358,0.821975,0.353567,0.265496,1,1,1,13,0.702941
228,HAP_2,HAP,0.757988,0.902015,0.177088,0.087101,1,1,1,0,0.942272
228,LEO_0,LEO,0.631421,0.925497,0.059783,0.03217,4,0,0,0,1.003185
228,LEO_1,LEO,0.703614,0.89843,0.251526,0.081176,1,1,1,0,2.021811
229,BS_0,BS,0.36428,0.799287,0.909832,0.646314,1,1,1,0,0.568117
229,BS_1,BS,0.382134,0.8232,0.861985,0.453381,1,1,1,0,4.480297
229,BS_2,BS,0.629766,0.808581,0.362406,0.567439,1,1,1,1,0.399931
229,BS_3,BS,0.639299,0.81978,0.347383,0.277378,1,1,1,7,0.313976
229,BS_4,BS,0.621897,0.819301,0.37498,0.28036,1,1,1,11,0.397581
229,HAP_0,HAP,0.802631,0.911608,0.01986,0.056489,2,0,0,0,0.944713
229,HAP_1,HAP,0.643443,0.822125,0.340922,0.2647,1,1,1,12,0.272476
229,HAP_2,HAP,0.764187,0.903158,0.168942,0.082525,1,1,1,0,0.781658
229,LEO_0,LEO,0.727812,0.921702,0.217713,0.047065,1,1,1,0,0.459213
229,LEO_1,LEO,0.75311,0.901699,0.083543,0.068081,2,0,0,0,1.15305
230,BS_0,BS,0.616476,0.806318,0.383736,0.583316,1,1,1,2,0.281624
230,BS_1,BS,0.608322,0.819737,0.39705,0.433647,1,1,1,2,0.671562
230,BS_2,BS,0.587699,0.814781,0.43154,0.537753,1,1,1,1,0.338999
230,BS_3,BS,0.624914,0.818615,0.37014,0.283554,1,1,1,4,0.64065
230,BS_4,BS,0.645367,0.820165,0.337937,0.275678,1,1,1,11,0.308932
230,HAP_0,HAP,0.685402,0.898737,0.277749,0.079906,1,1,1,0,2.298835
230,HAP_1,HAP,0.63925,0.821852,0.34746,0.266088,1,1,1,10,0.270212
230,HAP_2,HAP,0.753432,0.907469,0.083116,0.069129,2,0,0,0,1.050926
230,LEO_0,LEO,0.744935,0.916491,0.194458,0.054668,1,1,1,0,1.009525
230,LEO_1,LEO,0.655154,0.893544,0.322885,0.10138,1,1,1,0,0.754477
231,BS_0,BS,0.518346,0.79761,0.557113,0.606321,1,1,1,2,0.771832
231,BS_1,BS,0.589249,0.820608,0.428907,0.4297,1,1,1,2,0.287038
231,BS_2,BS,0.54862,0.812575,0.50035,0.54286,1,1,1,1,0.687357
231,BS_3,BS,0.646701,0.81974,0.335872,0.277608,1,1,1,6,0.269663
231,BS_4,BS,0.641787,0.820522,0.343499,0.273639,1,1,1,9,0.320033
231,HAP_0,HAP,0.745449,0.89722,0.193769,0.080821,1,1,1,0,0.920923
231,HAP_1,HAP,0.648062,0.822456,0.333769,0.263001,1,1,1,10,0.695137
231,HAP_2,HAP,0.689832,0.911803,0.071307,0.057591,3,0,0,0,0.984944
231,LEO_0,LEO,0.773873,0.920348,0.056348,0.045163,2,0,0,0,0.953005
231,LEO_1,LEO,0.804131,0.904074,0.017993,0.081249,2,0,0,0,0.999049
232,BS_0,BS,0.332871,0.775284,1.0,1.034072,1,1,1,0,0.0
232,BS_1,BS,0.591333,0.818075,0.425376,0.425185,1,1,1,2,0.209952
232,BS_2,BS,0.541813,0.812554,0.512834,0.552637,1,1,1,1,0.0
232,BS_3,BS,0.593752,0.815514,0.421294,0.301956,1,1,1,8,0.315622
232,BS_4,BS,0.627461,0.819453,0.366074,0.279216,1,1,1,9,0.413608
232,HAP_0,HAP,0.801141,0.905421,0.021718,0.064869,2,0,0,0,1.127803
232,HAP_1,HAP,0.648059,0.822938,0.333773,0.260533,1,1,1,9,0.305535
232,HAP_2,HAP,0.740278,0.911585,0.200729,0.064204,1,1,1,0,0.479305
232,LEO_0,LEO,0.72935,0.926957,0.015601,0.03624,3,0,0,0,0.811555
232,LEO_1,LEO,0.669194,0.891223,0.301681,0.105955,1,1,1,0,2.323972
233,BS_0,BS,0.666837,0.797117,0.30521,0.869176,1,1,1,2,0.0
233,BS_1,BS,0.818894,0.834637,0.099801,0.34463,1,1,1,2,0.445975
233,BS_2,BS,0.594307,0.813873,0.420359,0.521626,1,1,1,1,0.721169
233,BS_3,BS,0.606007,0.81336,0.400864,0.313876,1,1,1,4,0.306096
233,BS_4,BS,0.648316,0.82056,0.333377,0.273386,1,1,1,10,0.564658
233,HAP_0,HAP,0.71726,0.896188,0.232318,0.076182,1,1,1,0,2.467602
233,HAP_1,HAP,0.648325,0.823349,0.333363,0.258435,1,1,1,13,0.350296
233,HAP_2,HAP,0.687002,0.902197,0.275418,0.085498,1,1,1,0,1.173002
233,LEO_0,LEO,0.658626,0.909126,0.317599,0.074383,1,1,1,0,1.463287
233,LEO_1,LEO,0.55612,0.878042,0.486771,0.19139,1,1,1,0,0.36779
234,BS_0,BS,0.467299,0.786091,0.660787,0.891829,1,1,1,2,0.342568
234,BS_1,BS,0.71783,0.839051,0.231523,0.299826,1,1,1,1,5.376728
234,BS_2,BS,0.483043,0.81125,0.62765,0.594575,1,1,1,0,0.0
234,BS_3,BS,0.647917,0.815648,0.333992,0.301299,1,1,1,6,0.0
234,BS_4,BS,0.64697,0.821321,0.335455,0.269347,1,1,1,10,0.373821
234,HAP_0,HAP,0.749324,0.896793,0.088583,0.064477,2,0,0,0,3.166957
234,HAP_1,HAP,0.648323,0.823677,0.333366,0.256758,1,1,1,11,0.173226
234,HAP_2,HAP,0.732328,0.902518,0.211526,0.088533,1,1,1,0,0.554771
234,LEO_0,LEO,0.531073,0.890892,0.532856,0.187278,1,1,1,0,0.220131
234,LEO_1,LEO,0.693058,0.883245,0.266642,0.185106,1,1,1,0,0.255541
235,BS_0,BS,0.623045,0.792094,0.373136,0.776117,1,1,1,2,0.578721
235,BS_1,BS,0.669648,0.838227,0.301003,0.280632,1,1,1,2,0.622895
235,BS_2,BS,0.549007,0.81191,0.499645,0.588,1,1,1,1,0.498049
235,BS_3,BS,0.602247,0.813093,0.407087,0.315613,1,1,1,7,0.444648
235,BS_4,BS,0.647301,0.82196,0.334944,0.265962,1,1,1,9,0.623698
235,HAP_0,HAP,0.717073,0.902455,0.032577,0.052059,3,0,0,0,1.257028
235,HAP_1,HAP,0.648219,0.82393,0.333527,0.255465,1,1,1,11,0.820036
235,HAP_2,HAP,0.6014,0.884195,0.408495,0.145917,1,1,1,0,1.521558
235,LEO_0,LEO,0.885631,0.905068,0.021455,0.15003,1,1,1,0,0.683822
235,LEO_1,LEO,0.62377,0.874708,0.371973,0.210348,1,1,1,0,1.116464
236,BS_0,BS,0.752813,0.808638,0.183938,0.636118,1,1,1,2,0.580078
236,BS_1,BS,0.710909,0.841118,0.241211,0.250688,1,1,1,2,0.27069
236,BS_2,BS,0.558569,0.815361,0.482376,0.575109,1,1,1,1,0.255825
236,BS_3,BS,0.647712,0.815416,0.334309,0.302784,1,1,1,6,0.614837
236,BS_4,BS,0.607673,0.818681,0.398118,0.284094,1,1,1,7,0.254837
236,HAP_0,HAP,0.62327,0.902993,0.072775,0.044031,4,0,0,0,1.50416
236,HAP_1,HAP,0.647411,0.824057,0.334774,0.254805,1,1,1,11,0.156958
236,HAP_2,HAP,0.621183,0.878346,0.37613,0.180397,1,1,1,0,0.47252
236,LEO_0,LEO,0.568251,0.882871,0.465191,0.217405,1,1,1,0,1.83806
236,LEO_1,LEO,0.770456,0.884078,0.160773,0.17991,1,1,1,0,0.516036
237,BS_0,BS,0.606037,0.809652,0.400815,0.581188,1,1,1,1,1.095338
237,BS_1,BS,0.712358,0.843546,0.239175,0.226292,1,1,1,3,1.059449
237,BS_2,BS,0.510512,0.808436,0.57234,0.607496,1,1,1,1,0.725701
237,BS_3,BS,0.64808,0.817308,0.333741,0.292349,1,1,1,5,0.51939
237,BS_4,BS,0.647416,0.819859,0.334767,0.277706,1,1,1,8,0.245411
237,HAP_0,HAP,0.660283,0.894702,0.315087,0.0799,1,1,1,0,0.733252
237,HAP_1,HAP,0.638458,0.823324,0.3487,0.25856,1,1,1,10,0.463418
237,HAP_2,HAP,0.764913,0.892047,0.067993,0.146398,2,0,0,0,0.657768
237,LEO_0,LEO,0.760521,0.886602,0.173752,0.187509,1,1,1,0,0.826931
237,LEO_1,LEO,0.579498,0.867318,0.445593,0.233277,1,1,1,0,1.593417
238,BS_0,BS,0.56504,0.810477,0.470859,0.564719,1,1,1,1,0.415291
238,BS_1,BS,0.670691,0.84187,0.299447,0.221384,1,1,1,3,1.217754
238,BS_2,BS,0.457223,0.792751,0.682584,0.695661,1,1,1,2,0.342481
238,BS_3,BS,0.631704,0.817287,0.359335,0.291984,1,1,1,5,0.584234
238,BS_4,BS,0.637541,0.819879,0.350137,0.277333,1,1,1,9,0.541977
238,HAP_0,HAP,0.803765,0.900699,0.118448,0.070234,1,1,1,0,0.774766
238,HAP_1,HAP,0.648154,0.823642,0.333627,0.256936,1,1,1,9,0.383748
238,HAP_2,HAP,0.788438,0.89574,0.137702,0.125651,1,1,1,0,1.040734
238,LEO_0,LEO,0.780035,0.888359,0.148416,0.15992,1,1,1,0,1.270414
238,LEO_1,LEO,0.836279,0.878437,0.078793,0.189415,1,1,1,0,1.006011
239,BS_0,BS,0.584574,0.812507,0.436873,0.537661,1,1,1,1,0.300258
239,BS_1,BS,0.654556,0.839068,0.323798,0.224288,1,1,1,3,0.622879
239,BS_2,BS,0.688412,0.808313,0.273368,0.590157,1,1,1,1,0.378602
239,BS_3,BS,0.588418,0.81301,0.430317,0.316915,1,1,1,7,0.489731
239,BS_4,BS,0.647783,0.820851,0.3342,0.272127,1,1,1,10,0.67756
239,HAP_0,HAP,0.636344,0.885847,0.352015,0.111949,1,1,1,0,1.641917
239,HAP_1,HAP,0.643562,0.823469,0.340737,0.257795,1,1,1,9,0.512362
239,HAP_2,HAP,0.780552,0.90522,0.047754,0.101547,2,0,0,0,0.822422
239,LEO_0,LEO,0.714359,0.888479,0.23637,0.153078,1,1,1,0,0.702877
239,LEO_1,LEO,0.790286,0.881672,0.135361,0.159777,1,1,1,0,1.352326
240,BS_0,BS,0.498938,0.800357,0.595274,0.589587,1,1,1,2,0.607921
240,BS_1,BS,0.646995,0.83613,0.335417,0.230057,1,1,1,3,1.336747
240,BS_2,BS,0.568928,0.804913,0.464001,0.569009,1,1,1,2,0.910474
240,BS_3,BS,0.639919,0.814623,0.346414,0.307533,1,1,1,7,0.299847
240,BS_4,BS,0.608493,0.817875,0.396769,0.288543,1,1,1,12,0.728654
240,HAP_0,HAP,0.777572,0.893822,0.051579,0.090756,2,0,0,0,1.130394
240,HAP_1,HAP,0.646497,0.823604,0.336186,0.257095,1,1,1,12,0.879895
240,HAP_2,HAP,0.71998,0.897813,0.228531,0.10474,1,1,1,0,1.368691
240,LEO_0,LEO,0.780483,0.890959,0.147842,0.132298,1,1,1,0,1.168489
240,LEO_1,LEO,0.786363,0.889761,0.040337,0.128554,2,0,0,0,1.320528
241,BS_0,BS,0.764415,0.815381,0.168645,0.484468,1,1,1,2,0.669857
241,BS_1,BS,0.332871,0.795641,1.0,0.840027,1,1,1,0,1.282881
241,BS_2,BS,0.799336,0.821713,0.123975,0.462124,1,1,1,2,0.683031
241,BS_3,BS,0.641938,0.816103,0.343263,0.29905,1,1,1,6,0.636943
241,BS_4,BS,0.626411,0.817235,0.367749,0.291692,1,1,1,9,0.501069
241,HAP_0,HAP,0.809898,0.894209,0.110847,0.078134,1,1,1,0,1.480686
241,HAP_1,HAP,0.629735,0.822136,0.362456,0.264795,1,1,1,8,1.456642
241,HAP_2,HAP,0.804976,0.897515,0.116943,0.089946,1,1,1,0,1.398652
241,LEO_0,LEO,0.795272,0.892578,0.129071,0.113335,1,1,1,0,1.281888
241,LEO_1,LEO,0.740507,0.89924,0.00042,0.102843,3,0,0,0,1.239134
242,BS_0,BS,0.775697,0.828108,0.153993,0.398246,1,1,1,2,0.411792
242,BS_1,BS,0.715567,0.810101,0.23468,0.696805,1,1,1,2,0.717251
242,BS_2,BS,0.498318,0.814132,0.596517,0.529824,1,1,1,1,0.311795
242,BS_3,BS,0.636191,0.816747,0.352257,0.295078,1,1,1,4,0.720867
242,BS_4,BS,0.642259,0.818222,0.342764,0.286223,1,1,1,10,0.62127
242,HAP_0,HAP,0.807346,0.900872,0.014003,0.062595,2,0,0,0,1.351952
242,HAP_1,HAP,0.634255,0.82139,0.355304,0.268644,1,1,1,12,0.869964
242,HAP_2,HAP,0.616013,0.887341,0.384486,0.13848,1,1,1,0,0.607173
242,LEO_0,LEO,0.728148,0.892227,0.217251,0.111907,1,1,1,0,0.788827
242,LEO_1,LEO,0.808703,0.901787,0.112324,0.087952,1,1,1,0,1.044598
243,BS_0,BS,0.669681,0.830026,0.300953,0.359354,1,1,1,2,0.637309
243,BS_1,BS,0.470379,0.794361,0.654216,0.750043,1,1,1,3,0.308977
243,BS_2,BS,0.622113,0.818629,0.374634,0.487017,1,1,1,2,0.334056
243,BS_3,BS,0.629013,0.816581,0.363603,0.295556,1,1,1,6,0.714811
243,BS_4,BS,0.64237,0.819022,0.34259,0.281794,1,1,1,9,0.782036
243,HAP_0,HAP,0.699268,0.902503,0.057721,0.051576,3,0,0,0,1.69704
243,HAP_1,HAP,0.646573,0.821948,0.336069,0.265739,1,1,1,11,0.693275
243,HAP_2,HAP,0.817002,0.90096,0.002114,0.110786,2,0,0,0,0.908272
243,LEO_0,LEO,0.810724,0.899388,0.109827,0.094954,1,1,1,0,0.75552
243,LEO_1,LEO,0.804518,0.901413,0.117512,0.076576,1,1,1,0,1.349019
244,BS_0,BS,0.680228,0.832021,0.285327,0.324118,1,1,1,2,0.231992
244,BS_1,BS,0.792912,0.812673,0.132042,0.607881,1,1,1,3,0.627528
244,BS_2,BS,0.667307,0.828935,0.304505,0.431339,1,1,1,1,0.264318
244,BS_3,BS,0.648233,0.818255,0.333506,0.286496,1,1,1,6,0.393634
244,BS_4,BS,0.647886,0.820175,0.334041,0.275648,1,1,1,9,0.457548
244,HAP_0,HAP,0.592189,0.88906,0.423929,0.122133,1,1,1,0,0.570009
244,HAP_1,HAP,0.632243,0.82105,0.358481,0.27042,1,1,1,13,0.257004
244,HAP_2,HAP,0.664295,0.888836,0.309029,0.131603,1,1,1,0,1.454108
244,LEO_0,LEO,0.656561,0.887321,0.32074,0.122256,1,1,1,0,1.422984
244,LEO_1,LEO,0.766273,0.903552,0.066216,0.063234,2,0,0,0,1.376616
245,BS_0,BS,0.725434,0.837381,0.220985,0.28127,1,1,1,2,1.011751
245,BS_1,BS,0.726229,0.821967,0.21989,0.508063,1,1,1,3,1.471351
245,BS_2,BS,0.580545,0.824945,0.443788,0.433698,1,1,1,2,0.344783
245,BS_3,BS,0.647357,0.819512,0.334858,0.279655,1,1,1,5,0.500808
245,BS_4,BS,0.608533,0.817338,0.396704,0.291336,1,1,1,12,0.355862
245,HAP_0,HAP,0.745982,0.895491,0.093054,0.101603,2,0,0,0,1.084077
245,HAP_1,HAP,0.643644,0.821403,0.340609,0.268543,1,1,1,14,0.709459
245,HAP_2,HAP,0.755323,0.894978,0.08061,0.108207,2,0,0,0,1.071985
245,LEO_0,LEO,0.735762,0.888566,0.206849,0.117059,1,1,1,0,0.786349
245,LEO_1,LEO,0.816199,0.902496,0.103097,0.05537,1,1,1,0,1.42975
246,BS_0,BS,0.75792,0.844279,0.177178,0.239143,1,1,1,2,1.284615
246,BS_1,BS,0.686399,0.826,0.276296,0.440803,1,1,1,3,1.420086
246,BS_2,BS,0.555604,0.816379,0.4877,0.453992,1,1,1,3,0.292328
246,BS_3,BS,0.647971,0.820575,0.333909,0.273897,1,1,1,5,0.637006
246,BS_4,BS,0.606543,0.814872,0.399979,0.305062,1,1,1,9,0.677561
246,HAP_0,HAP,0.715364,0.904993,0.034964,0.081832,3,0,0,0,0.908469
246,HAP_1,HAP,0.645278,0.821838,0.338074,0.266267,1,1,1,13,0.859728
246,HAP_2,HAP,0.769604,0.896235,0.16188,0.098358,1,1,1,0,0.973011
246,LEO_0,LEO,0.773409,0.89879,0.056947,0.095106,2,0,0,0,0.858766
246,LEO_1,LEO,0.766851,0.903238,0.065462,0.046224,2,0,0,0,2.453955
247,BS_0,BS,0.738039,0.848199,0.203759,0.209997,1,1,1,2,1.068339
247,BS_1,BS,0.646516,0.825631,0.336157,0.403493,1,1,1,2,1.193344
247,BS_2,BS,0.689684,0.821949,0.271522,0.396369,1,1,1,3,1.1704
247,BS_3,BS,0.640626,0.820742,0.345309,0.272775,1,1,1,4,0.665106
247,BS_4,BS,0.647984,0.816864,0.333889,0.294216,1,1,1,9,1.368258
247,HAP_0,HAP,0.614316,0.908673,0.087246,0.068891,4,0,0,0,1.028281
247,HAP_1,HAP,0.642906,0.821965,0.341757,0.265572,1,1,1,12,0.695637
247,HAP_2,HAP,0.80449,0.905151,0.017546,0.078825,2,0,0,0,1.097091
247,LEO_0,LEO,0.713933,0.906759,0.036967,0.0767,3,0,0,0,1.040696
247,LEO_1,LEO,0.736776,0.908494,0.005471,0.036993,3,0,0,0,1.350183
248,BS_0,BS,0.748749,0.852198,0.189352,0.184132,1,1,1,2,1.090056
248,BS_1,BS,0.693357,0.829533,0.26621,0.354685,1,1,1,2,0.737933
248,BS_2,BS,0.675472,0.825046,0.292344,0.355554,1,1,1,3,0.787067
248,BS_3,BS,0.637531,0.820584,0.350153,0.273393,1,1,1,6,0.0
248,BS_4,BS,0.641164,0.817823,0.344469,0.28877,1,1,1,12,0.0
248,HAP_0,HAP,0.742453,0.909259,0.197795,0.072718,1,1,1,0,0.474223
248,HAP_1,HAP,0.622361,0.820118,0.374234,0.275481,1,1,1,8,0.384934
248,HAP_2,HAP,0.710053,0.895419,0.242415,0.089504,1,1,1,0,2.579947
248,LEO_0,LEO,0.64375,0.912874,0.040445,0.062096,4,0,0,0,1.011999
248,LEO_1,LEO,0.789348,0.906801,0.136548,0.037985,1,1,1,0,1.131015
249,BS_0,BS,0.718198,0.852898,0.23101,0.17132,1,1,1,2,1.086965
249,BS_1,BS,0.842771,0.844363,0.07106,0.28602,1,1,1,2,1.023452
249,BS_2,BS,0.626835,0.823018,0.367072,0.345077,1,1,1,2,0.794602
249,BS_3,BS,0.648284,0.821462,0.333426,0.268743,1,1,1,5,1.173484
249,BS_4,BS,0.646282,0.819067,0.336519,0.281976,1,1,1,9,0.662373
249,HAP_0,HAP,0.654778,0.896743,0.323459,0.105256,1,1,1,0,1.261773
249,HAP_1,HAP,0.648342,0.821094,0.333336,0.270386,1,1,1,9,0.786017
249,HAP_2,HAP,0.789347,0.896761,0.136549,0.079994,1,1,1,0,1.068739
249,LEO_0,LEO,0.840375,0.917473,0.073907,0.052135,1,1,0,0,0.796286
249,LEO_1,LEO,0.809517,0.91238,0.011317,0.030445,2,0,0,0,1.252594
250,BS_0,BS,0.574194,0.840031,0.454787,0.23013,1,1,1,2,1.165727
250,BS_1,BS,0.721923,0.84694,0.225837,0.251767,1,1,1,3,0.774154
250,BS_2,BS,0.720984,0.829787,0.227139,0.299278,1,1,1,2,0.23772
250,BS_3,BS,0.646804,0.822027,0.335712,0.26571,1,1,1,5,0.232457
250,BS_4,BS,0.648305,0.82025,0.333394,0.275599,1,1,1,11,0.655357
250,HAP_0,HAP,0.79556,0.904956,0.028709,0.084576,2,0,0,0,1.058173
250,HAP_1,HAP,0.633051,0.820443,0.357204,0.273726,1,1,1,12,0.71978
250,HAP_2,HAP,0.775638,0.898685,0.154069,0.074677,1,1,1,0,0.900452
250,LEO_0,LEO,0.756753,0.919461,0.078718,0.044496,2,0,0,0,1.014479
250,LEO_1,LEO,0.74836,0.909149,0.189871,0.040579,1,1,1,0,0.860881
251,BS_0,BS,0.870652,0.854714,0.038513,0.184772,1,1,1,2,0.905846
251,BS_1,BS,0.707168,0.847763,0.246486,0.228754,1,1,1,3,1.330509
251,BS_2,BS,0.733677,0.836249,0.209686,0.259208,1,1,1,3,1.085783
251,BS_3,BS,0.642437,0.822072,0.342486,0.265352,1,1,1,5,1.064106
251,BS_4,BS,0.646051,0.820988,0.336877,0.271548,1,1,1,9,1.015376
251,HAP_0,HAP,0.727016,0.912268,0.018807,0.06782,3,0,0,0,1.0531
251,HAP_1,HAP,0.629854,0.819618,0.362268,0.278038,1,1,1,14,0.922538
251,HAP_2,HAP,0.794014,0.906707,0.030654,0.060164,2,0,0,0,1.063239
251,LEO_0,LEO,0.704741,0.923211,0.049926,0.036719,3,0,0,0,0.925431
251,LEO_1,LEO,0.817051,0.909732,0.102054,0.03715,1,1,1,0,1.19888
252,BS_0,BS,0.65124,0.849039,0.328878,0.19649,1,1,1,1,1.906643
252,BS_1,BS,0.578212,0.839087,0.447814,0.273245,1,1,1,2,0.3915
252,BS_2,BS,0.761445,0.843647,0.172537,0.220763,1,1,1,2,0.262087
252,BS_3,BS,0.628444,0.820787,0.364508,0.272071,1,1,1,3,0.611977
252,BS_4,BS,0.647246,0.821688,0.335028,0.267748,1,1,1,10,0.236836
252,HAP_0,HAP,0.652456,0.917502,0.027012,0.054584,4,0,0,0,1.072199
252,HAP_1,HAP,0.630321,0.819003,0.361526,0.281246,1,1,1,10,0.78046
252,HAP_2,HAP,0.681118,0.911643,0.084019,0.051308,3,0,0,0,0.825176
252,LEO_0,LEO,0.81125,0.925042,0.109179,0.034739,1,1,1,0,0.637908
252,LEO_1,LEO,0.73417,0.900952,0.209014,0.049379,1,1,1,0,1.8981
253,BS_0,BS,0.619426,0.841493,0.378962,0.221817,1,1,1,2,0.681668
253,BS_1,BS,0.808339,0.852562,0.112774,0.224319,1,1,1,3,0.0
253,BS_2,BS,0.713012,0.845622,0.238257,0.202155,1,1,1,3,0.844414
253,BS_3,BS,0.644474,0.821271,0.339321,0.269469,1,1,1,6,0.398486
253,BS_4,BS,0.643459,0.821897,0.340897,0.266493,1,1,1,10,0.736857
253,HAP_0,HAP,0.655296,0.909196,0.322669,0.090519,1,1,1,0,0.41347
253,HAP_1,HAP,0.648264,0.820195,0.333457,0.275034,1,1,1,10,0.37724
253,HAP_2,HAP,0.723236,0.909291,0.22402,0.06363,1,1,1,0,0.605678
253,LEO_0,LEO,0.602826,0.902271,0.406126,0.102013,1,1,1,0,1.523506
253,LEO_1,LEO,0.756144,0.901132,0.079523,0.042349,2,0,0,0,1.592646
254,BS_0,BS,0.830277,0.853183,0.085995,0.180782,1,1,1,2,0.704907
254,BS_1,BS,0.668607,0.849508,0.302558,0.220649,1,1,1,3,5.731411
254,BS_2,BS,0.523136,0.828623,0.547914,0.296818,1,1,1,2,1.529799
254,BS_3,BS,0.584695,0.815817,0.436664,0.30138,1,1,1,6,0.38869
254,BS_4,BS,0.647023,0.822395,0.335374,0.263809,1,1,1,10,0.572455
254,HAP_0,HAP,0.767806,0.918053,0.064218,0.074271,2,0,0,0,0.545193
254,HAP_1,HAP,0.629787,0.819414,0.362373,0.279119,1,1,1,8,0.314881
254,HAP_2,HAP,0.798812,0.918332,0.02463,0.051177,2,0,0,0,0.788366
254,LEO_0,LEO,0.654066,0.895036,0.324547,0.12901,1,1,1,0,0.578692
254,LEO_1,LEO,0.720923,0.906015,0.027224,0.034213,3,0,0,0,1.285704
255,BS_0,BS,0.731744,0.854837,0.212324,0.164912,1,1,1,2,6.185027
255,BS_1,BS,0.641955,0.845312,0.343237,0.229534,1,1,1,2,0.467495
255,BS_2,BS,0.779238,0.840713,0.149439,0.247504,1,1,1,2,0.347803
255,BS_3,BS,0.618911,0.814866,0.379793,0.306013,1,1,1,5,0.511784
255,BS_4,BS,0.641523,0.822281,0.343911,0.264271,1,1,1,12,0.389717
255,HAP_0,HAP,0.727362,0.927203,0.018331,0.059568,3,0,0,0,0.631112
255,HAP_1,HAP,0.633862,0.819175,0.355925,0.280302,1,1,1,13,0.494553
255,HAP_2,HAP,0.759798,0.914309,0.174703,0.054676,1,1,1,0,1.043715
255,LEO_0,LEO,0.716103,0.897219,0.233932,0.127834,1,1,1,0,0.413939
255,LEO_1,LEO,0.675795,0.898012,0.291865,0.065704,1,1,1,0,0.829532
256,BS_0,BS,0.812373,0.862408,0.107795,0.137159,1,1,1,2,1.446679
256,BS_1,BS,0.745223,0.849973,0.194071,0.200576,1,1,1,3,0.728686
256,BS_2,BS,0.794005,0.850087,0.130666,0.205686,1,1,1,3,1.384335
256,BS_3,BS,0.647008,0.816769,0.335397,0.295431,1,1,1,5,1.026247
256,BS_4,BS,0.600592,0.818235,0.409839,0.287002,1,1,1,9,1.191928
256,HAP_0,HAP,0.628873,0.908062,0.363826,0.107221,1,1,1,0,1.330449
256,HAP_1,HAP,0.626497,0.818284,0.367612,0.285054,1,1,1,13,0.695089
256,HAP_2,HAP,0.755915,0.91611,0.079826,0.046608,2,0,0,0,1.071598
256,LEO_0,LEO,0.673676,0.890175,0.295005,0.14143,1,1,1,0,1.118182
256,LEO_1,LEO,0.736611,0.892819,0.205695,0.071603,1,1,1,0,1.4239
257,BS_0,BS,0.727938,0.861875,0.217539,0.131022,1,1,1,1,4.367589
257,BS_1,BS,0.709519,0.850796,0.243168,0.18707,1,1,1,2,0.30445
257,BS_2,BS,0.644741,0.844806,0.338906,0.216235,1,1,1,3,0.721849
257,BS_3,BS,0.657876,0.819291,0.31874,0.282063,1,1,1,4,0.744893
257,BS_4,BS,0.648344,0.819588,0.333333,0.279602,1,1,1,9,0.688638
257,HAP_0,HAP,0.701127,0.904191,0.255066,0.115053,1,1,1,0,0.572457
257,HAP_1,HAP,0.599614,0.814939,0.411469,0.304231,1,1,1,10,0.40409
257,HAP_2,HAP,0.76371,0.915907,0.169568,0.050225,1,1,1,0,0.587153
257,LEO_0,LEO,0.795336,0.89732,0.128991,0.120631,1,1,1,0,0.637525
257,LEO_1,LEO,0.68357,0.889005,0.280426,0.09267,1,1,1,0,0.72194
258,BS_0,BS,0.724739,0.861184,0.221943,0.126984,1,1,1,2,0.99707
258,BS_1,BS,0.678486,0.848445,0.287891,0.186952,1,1,1,3,1.01443
258,BS_2,BS,0.721671,0.847288,0.226185,0.19601,1,1,1,3,0.682127
258,BS_3,BS,0.635835,0.819263,0.352817,0.281666,1,1,1,6,0.742985
258,BS_4,BS,0.645756,0.82043,0.337333,0.274889,1,1,1,9,0.225091
258,HAP_0,HAP,0.779738,0.904474,0.148798,0.102006,1,1,1,0,1.070039
258,HAP_1,HAP,0.647457,0.816869,0.334702,0.293796,1,1,1,12,0.677554
258,HAP_2,HAP,0.779722,0.914249,0.148817,0.050146,1,1,1,0,1.023296
258,LEO_0,LEO,0.800784,0.901227,0.122164,0.103221,1,1,1,0,0.985451
258,LEO_1,LEO,0.776196,0.897936,0.05335,0.075416,2,0,0,0,1.047719
259,BS_0,BS,0.774661,0.864959,0.15533,0.112445,1,1,1,2,0.262111
259,BS_1,BS,0.70579,0.848866,0.248438,0.177336,1,1,1,3,0.326718
259,BS_2,BS,0.732876,0.850187,0.210779,0.1768,1,1,1,3,0.546912
259,BS_3,BS,0.637107,0.819362,0.350818,0.280716,1,1,1,5,0.667183
259,BS_4,BS,0.643201,0.820866,0.341298,0.272329,1,1,1,10,0.555159
259,HAP_0,HAP,0.748351,0.91003,0.089883,0.08524,2,0,0,0,0.77078
259,HAP_1,HAP,0.637137,0.817449,0.35077,0.290405,1,1,1,13,0.743196
259,HAP_2,HAP,0.740444,0.90726,0.200505,0.058208,1,1,1,0,1.274913
259,LEO_0,LEO,0.651517,0.887414,0.328451,0.131123,1,1,1,0,2.308613
259,LEO_1,LEO,0.673993,0.901992,0.094536,0.064355,3,0,0,0,1.083903
260,BS_0,BS,0.740194,0.864983,0.200843,0.108108,1,1,1,2,0.892511
260,BS_1,BS,0.660602,0.84522,0.314603,0.186408,1,1,1,2,0.622911
260,BS_2,BS,0.432088,0.826087,0.739127,0.387279,1,1,1,1,0.568745
260,BS_3,BS,0.647702,0.82043,0.334325,0.274871,1,1,1,4,1.13873
260,BS_4,BS,0.583804,0.815402,0.43819,0.304268,1,1,1,7,0.891738
260,HAP_0,HAP,0.687217,0.897886,0.275105,0.102249,1,1,1,0,1.65969
260,HAP_1,HAP,0.648343,0.818959,0.333335,0.282324,1,1,1,11,0.695896
260,HAP_2,HAP,0.745056,0.899728,0.194296,0.063554,1,1,1,0,1.506303
260,LEO_0,LEO,0.769023,0.889738,0.162635,0.116801,1,1,1,0,0.957884
260,LEO_1,LEO,0.640498,0.908914,0.045509,0.052416,4,0,0,0,0.976533
261,BS_0,BS,0.581716,0.852405,0.441773,0.17431,1,1,1,2,0.658856
261,BS_1,BS,0.587589,0.835659,0.431727,0.233001,1,1,1,2,0.564588
261,BS_2,BS,0.617116,0.823964,0.382699,0.37573,1,1,1,3,0.460631
261,BS_3,BS,0.59004,0.81569,0.427565,0.302162,1,1,1,3,0.599333
261,BS_4,BS,0.643864,0.816905,0.340268,0.295516,1,1,1,9,0.617452
261,HAP_0,HAP,0.724179,0.895481,0.222717,0.104121,1,1,1,0,0.84237
261,HAP_1,HAP,0.648315,0.820165,0.333378,0.275873,1,1,1,11,0.703515
261,HAP_2,HAP,0.803186,0.900581,0.119169,0.057234,1,1,1,0,1.145874
261,LEO_0,LEO,0.797684,0.895196,0.126043,0.10059,1,1,1,0,0.868164
261,LEO_1,LEO,0.761663,0.904946,0.172251,0.055284,1,1,1,0,1.23256
262,BS_0,BS,0.741506,0.856101,0.199072,0.157281,1,1,1,1,0.740744
262,BS_1,BS,0.766852,0.843676,0.165462,0.198721,1,1,1,2,0.220265
262,BS_2,BS,0.773474,0.834971,0.156863,0.311656,1,1,1,3,0.417514
262,BS_3,BS,0.740528,0.825529,0.200392,0.2598,1,1,1,5,0.23092
262,BS_4,BS,0.621359,0.815973,0.375847,0.29998,1,1,1,11,0.201593
262,HAP_0,HAP,0.739332,0.897161,0.202009,0.10166,1,1,1,0,0.651275
262,HAP_1,HAP,0.641095,0.820457,0.344578,0.274129,1,1,1,9,0.200841
262,HAP_2,HAP,0.791815,0.898049,0.133428,0.053799,1,1,1,0,3.150324
262,LEO_0,LEO,0.73891,0.89763,0.202579,0.098939,1,1,1,0,0.570662
262,LEO_1,LEO,0.65779,0.898274,0.31887,0.089983,1,1,1,0,0.522557
263,BS_0,BS,0.72927,0.857162,0.215711,0.146764,1,1,1,2,0.933823
263,BS_1,BS,0.712146,0.845588,0.239473,0.184783,1,1,1,3,1.386473
263,BS_2,BS,0.821736,0.847239,0.096336,0.253501,1,1,1,3,1.372615
263,BS_3,BS,0.616608,0.822412,0.383521,0.27403,1,1,1,7,1.064356
263,BS_4,BS,0.631407,0.81619,0.359805,0.298241,1,1,1,12,0.272445
263,HAP_0,HAP,0.794403,0.900257,0.130165,0.088952,1,1,1,0,1.030137
263,HAP_1,HAP,0.64732,0.821271,0.334915,0.269779,1,1,1,11,0.600319
263,HAP_2,HAP,0.645705,0.889246,0.337413,0.09427,1,1,1,0,0.758342
263,LEO_0,LEO,0.781378,0.900122,0.146696,0.088835,1,1,1,0,0.988199
263,LEO_1,LEO,0.781552,0.907626,0.046474,0.072958,2,0,0,0,0.861767
264,BS_0,BS,0.767616,0.862489,0.164465,0.129583,1,1,1,1,0.629438
264,BS_1,BS,0.677686,0.844129,0.289072,0.185429,1,1,1,3,0.242297
264,BS_2,BS,0.722358,0.849286,0.225235,0.22563,1,1,1,3,8.024183
264,BS_3,BS,0.61652,0.819909,0.383665,0.285463,1,1,1,4,0.472401
264,BS_4,BS,0.641884,0.817351,0.343348,0.291642,1,1,1,9,0.339585
264,HAP_0,HAP,0.697268,0.899208,0.260586,0.101719,1,1,1,0,0.428763
264,HAP_1,HAP,0.648328,0.822015,0.333359,0.265831,1,1,1,12,0.548357
264,HAP_2,HAP,0.743621,0.897105,0.096224,0.079583,2,0,0,0,0.840989
264,LEO_0,LEO,0.777413,0.907474,0.051783,0.072275,2,0,0,0,0.960077
264,LEO_1,LEO,0.701857,0.914542,0.054025,0.05968,3,0,0,0,0.834583
265,BS_0,BS,0.671916,0.857459,0.297621,0.143527,1,1,1,2,1.088917
265,BS_1,BS,0.569696,0.832545,0.462652,0.244665,1,1,1,2,1.125308
265,BS_2,BS,0.665784,0.846023,0.306789,0.222858,1,1,1,2,1.296359
265,BS_3,BS,0.6635,0.822314,0.310226,0.271679,1,1,1,4,0.382171
265,BS_4,BS,0.647581,0.81881,0.334511,0.283668,1,1,1,10,0.581399
265,HAP_0,HAP,0.717127,0.895785,0.232502,0.105701,1,1,1,0,1.069907
265,HAP_1,HAP,0.643052,0.82212,0.341529,0.265153,1,1,1,9,0.535005
265,HAP_2,HAP,0.726111,0.906821,0.020053,0.063847,3,0,0,0,0.994588
265,LEO_0,LEO,0.681696,0.911002,0.083171,0.060933,3,0,0,0,1.010512
265,LEO_1,LEO,0.734846,0.90852,0.208094,0.06723,1,1,1,0,1.120629
266,BS_0,BS,0.807538,0.864823,0.113765,0.120646,1,1,1,1,0.655447
266,BS_1,BS,0.760353,0.840598,0.173972,0.209352,1,1,1,2,0.48226
266,BS_2,BS,0.764387,0.851698,0.168681,0.19109,1,1,1,2,0.78185
266,BS_3,BS,0.605072,0.818707,0.402407,0.290212,1,1,1,7,0.453725
266,BS_4,BS,0.576304,0.812981,0.45112,0.318513,1,1,1,6,0.441246
266,HAP_0,HAP,0.813874,0.907426,0.00595,0.084577,2,0,0,0,0.86483
266,HAP_1,HAP,0.647215,0.822592,0.335077,0.262647,1,1,1,9,0.934968
266,HAP_2,HAP,0.815407,0.910813,0.104068,0.055951,1,1,1,0,0.808495
266,LEO_0,LEO,0.65966,0.918859,0.016031,0.048862,4,0,0,0,0.872855
266,LEO_1,LEO,0.787124,0.906359,0.139369,0.062525,1,1,1,0,1.246136
267,BS_0,BS,0.817989,0.871821,0.100906,0.101098,1,1,1,2,0.578554
267,BS_1,BS,0.708889,0.842835,0.244057,0.194285,1,1,1,2,0.773484
267,BS_2,BS,0.874159,0.864289,0.034493,0.153408,1,1,1,2,0.733522
267,BS_3,BS,0.632777,0.818507,0.357638,0.289727,1,1,1,6,0.584899
267,BS_4,BS,0.616784,0.812391,0.383237,0.320902,1,1,1,11,0.747502
267,HAP_0,HAP,0.792848,0.907097,0.132124,0.075517,1,1,1,0,1.143389
267,HAP_1,HAP,0.637028,0.822017,0.350941,0.265539,1,1,1,12,0.513548
267,HAP_2,HAP,0.732645,0.904106,0.211094,0.064813,1,1,1,0,1.274828
267,LEO_0,LEO,0.826994,0.922299,0.089958,0.042731,1,1,0,0,0.699302
267,LEO_1,LEO,0.710098,0.902504,0.242352,0.076451,1,1,1,0,0.702805
268,BS_0,BS,0.758792,0.872098,0.176027,0.094822,1,1,1,1,1.030262
268,BS_1,BS,0.753929,0.84832,0.182458,0.170409,1,1,1,2,1.136685
268,BS_2,BS,0.762114,0.866131,0.171659,0.135986,1,1,1,2,1.49327
268,BS_3,BS,0.646043,0.819592,0.336889,0.282854,1,1,1,6,1.207932
268,BS_4,BS,0.622679,0.812489,0.373724,0.319573,1,1,1,9,0.791496
268,HAP_0,HAP,0.78778,0.908924,0.138536,0.06905,1,1,1,0,0.78231
268,HAP_1,HAP,0.647321,0.822519,0.334912,0.262906,1,1,1,11,1.065333
268,HAP_2,HAP,0.816003,0.911789,0.003337,0.051856,2,0,0,0,1.114959
268,LEO_0,LEO,0.696022,0.910501,0.262374,0.065163,1,1,1,0,1.264733
268,LEO_1,LEO,0.732544,0.897393,0.211231,0.081239,1,1,1,0,1.291081
269,BS_0,BS,0.733405,0.871126,0.210057,0.095714,1,1,1,1,0.703926
269,BS_1,BS,0.444636,0.829812,0.7105,0.363491,1,1,1,1,0.200227
269,BS_2,BS,0.781361,0.869102,0.146718,0.118476,1,1,1,3,0.464902
269,BS_3,BS,0.643581,0.820231,0.340708,0.27852,1,1,1,5,0.290248
269,BS_4,BS,0.642207,0.814421,0.342845,0.308553,1,1,1,7,0.59231
269,HAP_0,HAP,0.741512,0.910852,0.099064,0.059656,2,0,0,0,1.081866
269,HAP_1,HAP,0.642769,0.822497,0.34197,0.26295,1,1,1,14,0.652074
269,HAP_2,HAP,0.74014,0.903117,0.200916,0.05965,1,1,1,0,2.808361
269,LEO_0,LEO,0.70357,0.906271,0.251588,0.080614,1,1,1,0,0.589477
269,LEO_1,LEO,0.746095,0.89793,0.192902,0.081736,1,1,1,0,0.75279
270,BS_0,BS,0.656509,0.862861,0.320819,0.122887,1,1,1,2,0.831982
270,BS_1,BS,0.492908,0.814161,0.607432,0.456831,1,1,1,2,0.629616
270,BS_2,BS,0.739398,0.868166,0.20192,0.113128,1,1,1,3,1.014993
270,BS_3,BS,0.632942,0.819743,0.357376,0.280289,1,1,1,5,0.505837
270,BS_4,BS,0.602788,0.812165,0.40619,0.321088,1,1,1,11,0.718027
270,HAP_0,HAP,0.771186,0.907837,0.159826,0.05922,1,1,1,0,1.148256
270,HAP_1,HAP,0.631536,0.821421,0.3596,0.26855,1,1,1,13,0.481226
270,HAP_2,HAP,0.66085,0.894697,0.314229,0.092153,1,1,1,0,0.761386
270,LEO_0,LEO,0.771586,0.905279,0.159308,0.075911,1,1,1,0,1.096548
270,LEO_1,LEO,0.786115,0.906307,0.040653,0.066133,2,0,0,0,0.989532
271,BS_0,BS,0.783647,0.866703,0.143797,0.107615,1,1,1,2,1.190252
271,BS_1,BS,0.72941,0.823749,0.215519,0.386367,1,1,1,2,1.015567
271,BS_2,BS,0.693972,0.863614,0.265324,0.122181,1,1,1,3,1.183502
271,BS_3,BS,0.630631,0.819132,0.361034,0.282887,1,1,1,5,0.800484
271,BS_4,BS,0.623921,0.812428,0.371732,0.319053,1,1,1,10,0.608748
271,HAP_0,HAP,0.767627,0.912594,0.064452,0.049245,2,0,0,0,0.944688
271,HAP_1,HAP,0.647858,0.822092,0.334083,0.265065,1,1,1,13,0.591629
271,HAP_2,HAP,0.76176,0.902627,0.072124,0.076063,2,0,0,0,0.876894
271,LEO_0,LEO,0.776189,0.91052,0.053359,0.06201,2,0,0,0,1.058247
271,LEO_1,LEO,0.670387,0.908565,0.0999,0.057397,3,0,0,0,1.070909
272,BS_0,BS,0.781254,0.86956,0.146855,0.095797,1,1,1,2,1.298038
272,BS_1,BS,0.805523,0.837093,0.116264,0.315176,1,1,1,2,1.145944
272,BS_2,BS,0.620841,0.85329,0.37668,0.161594,1,1,1,3,1.05699
272,BS_3,BS,0.62984,0.818568,0.36229,0.285374,1,1,1,4,0.371209
272,BS_4,BS,0.646623,0.814783,0.335991,0.306043,1,1,1,10,0.582464
272,HAP_0,HAP,0.724121,0.91759,0.022796,0.03963,3,0,0,0,1.144435
272,HAP_1,HAP,0.641645,0.822051,0.34372,0.265217,1,1,1,11,0.786681
272,HAP_2,HAP,0.714322,0.910577,0.036421,0.061447,3,0,0,0,0.947315
272,LEO_0,LEO,0.760069,0.905638,0.174345,0.063287,1,1,1,0,1.277035
272,LEO_1,LEO,0.756831,0.904467,0.178615,0.060274,1,1,1,0,1.196281
273,BS_0,BS,0.839159,0.876128,0.075355,0.079193,1,1,0,2,1.24858
273,BS_1,BS,0.754039,0.84375,0.182311,0.267098,1,1,1,2,2.123694
273,BS_2,BS,0.745444,0.857513,0.193776,0.146172,1,1,1,2,0.422018
273,BS_3,BS,0.630961,0.818224,0.360512,0.286785,1,1,1,6,0.696145
273,BS_4,BS,0.648305,0.816823,0.333394,0.294853,1,1,1,11,0.235638
273,HAP_0,HAP,0.636497,0.920967,0.051775,0.03291,4,0,0,0,0.971894
273,HAP_1,HAP,0.63684,0.821566,0.351236,0.267688,1,1,1,10,0.762705
273,HAP_2,HAP,0.607126,0.91412,0.099019,0.05357,4,0,0,0,0.816555
273,LEO_0,LEO,0.807722,0.907608,0.113537,0.05643,1,1,1,0,0.953403
273,LEO_1,LEO,0.815153,0.912113,0.00438,0.048228,2,0,0,0,1.107995
274,BS_0,BS,0.622458,0.863458,0.374079,0.126325,1,1,1,1,1.740733
274,BS_1,BS,0.785199,0.851494,0.141818,0.222729,1,1,1,2,1.295968
274,BS_2,BS,0.669288,0.853219,0.301541,0.157855,1,1,1,3,1.003551
274,BS_3,BS,0.647352,0.819487,0.334865,0.279888,1,1,1,5,0.0
274,BS_4,BS,0.642407,0.817906,0.342534,0.28868,1,1,1,11,0.725247
274,HAP_0,HAP,0.645829,0.910824,0.33722,0.077501,1,1,1,0,0.46465
274,HAP_1,HAP,0.633117,0.820827,0.357099,0.271535,1,1,1,12,0.157158
274,HAP_2,HAP,0.741044,0.912424,0.199695,0.060801,1,1,1,0,0.651262
274,LEO_0,LEO,0.71239,0.89772,0.23913,0.070877,1,1,1,0,1.670281
274,LEO_1,LEO,0.735518,0.90302,0.207181,0.057898,1,1,1,0,1.52399
275,BS_0,BS,0.645273,0.855482,0.338083,0.152495,1,1,1,2,1.38527
275,BS_1,BS,0.743251,0.854392,0.196722,0.195598,1,1,1,2,1.145028
275,BS_2,BS,0.716109,0.8536,0.233923,0.150908,1,1,1,3,0.797556
275,BS_3,BS,0.645369,0.820314,0.337933,0.2753,1,1,1,6,0.677629
275,BS_4,BS,0.601364,0.814812,0.408555,0.306057,1,1,1,10,0.524288
275,HAP_0,HAP,0.768512,0.909683,0.163299,0.074001,1,1,1,0,1.004335
275,HAP_1,HAP,0.648276,0.821655,0.333439,0.26726,1,1,1,12,0.834438
275,HAP_2,HAP,0.752684,0.908642,0.184109,0.063894,1,1,1,0,1.109107
275,LEO_0,LEO,0.754929,0.896725,0.181131,0.071465,1,1,1,0,0.972516
275,LEO_1,LEO,0.817631,0.908738,0.001344,0.046319,2,0,0,0,1.343737
276,BS_0,BS,0.769653,0.860772,0.161816,0.133779,1,1,1,2,0.565304
276,BS_1,BS,0.757001,0.85781,0.178391,0.170799,1,1,1,2,0.964441
276,BS_2,BS,0.671828,0.850027,0.297753,0.160622,1,1,1,3,0.92988
276,BS_3,BS,0.648298,0.821247,0.333405,0.270262,1,1,1,6,0.688137
276,BS_4,BS,0.646999,0.816725,0.335411,0.295471,1,1,1,9,0.382981
276,HAP_0,HAP,0.655671,0.894901,0.322096,0.105886,1,1,1,0,1.4605
276,HAP_1,HAP,0.633965,0.820978,0.355762,0.270763,1,1,1,14,0.592865
276,HAP_2,HAP,0.790818,0.914613,0.034687,0.051657,2,0,0,0,1.021085
276,LEO_0,LEO,0.77426,0.894564,0.155848,0.068102,1,1,1,0,1.418514
276,LEO_1,LEO,0.688362,0.907864,0.07344,0.039482,3,0,0,0,1.572509
277,BS_0,BS,0.735316,0.861389,0.207454,0.12639,1,1,1,2,0.659758
277,BS_1,BS,0.461362,0.833925,0.673573,0.340804,1,1,1,1,0.903468
277,BS_2,BS,0.607278,0.841098,0.398769,0.200055,1,1,1,3,1.538106
277,BS_3,BS,0.647236,0.821895,0.335045,0.266724,1,1,1,5,0.696683
277,BS_4,BS,0.647629,0.818314,0.334437,0.286708,1,1,1,11,1.294783
277,HAP_0,HAP,0.751253,0.899497,0.086013,0.088038,2,0,0,0,1.069901
277,HAP_1,HAP,0.637113,0.820734,0.350808,0.27199,1,1,1,12,0.626666
277,HAP_2,HAP,0.705036,0.918279,0.049506,0.042428,3,0,0,0,1.049672
277,LEO_0,LEO,0.760878,0.899356,0.073282,0.056898,2,0,0,0,1.150639
277,LEO_1,LEO,0.717168,0.902214,0.232445,0.0559,1,1,1,0,0.89842
278,BS_0,BS,0.761429,0.863802,0.172558,0.114511,1,1,1,2,0.812754
278,BS_1,BS,0.614467,0.829539,0.386999,0.340039,1,1,1,2,0.700251
278,BS_2,BS,0.739528,0.845774,0.201744,0.178359,1,1,1,3,0.974132
278,BS_3,BS,0.611079,0.818964,0.392529,0.282715,1,1,1,3,1.512271
278,BS_4,BS,0.633548,0.818266,0.356419,0.286532,1,1,1,10,0.891153
278,HAP_0,HAP,0.679403,0.89415,0.28654,0.107378,1,1,1,0,0.750324
278,HAP_1,HAP,0.647283,0.821489,0.334972,0.268085,1,1,1,13,0.985354
278,HAP_2,HAP,0.662247,0.924016,0.012117,0.034009,4,0,0,0,0.974011
278,LEO_0,LEO,0.682839,0.89382,0.281496,0.081177,1,1,1,0,0.799407
278,LEO_1,LEO,0.789516,0.909307,0.036335,0.045314,2,0,0,0,1.032166
279,BS_0,BS,0.747333,0.864576,0.191245,0.108067,1,1,1,2,1.186022
279,BS_1,BS,0.791639,0.840736,0.13365,0.28007,1,1,1,1,0.994136
279,BS_2,BS,0.699403,0.846168,0.257528,0.172532,1,1,1,2,1.303942
279,BS_3,BS,0.641777,0.81956,0.343514,0.279273,1,1,1,6,0.520594
279,BS_4,BS,0.632331,0.818112,0.358342,0.28701,1,1,1,9,0.929693
279,HAP_0,HAP,0.813756,0.901431,0.106094,0.090968,1,1,1,0,0.734048
279,HAP_1,HAP,0.647291,0.822094,0.334959,0.264957,1,1,1,11,0.6621
279,HAP_2,HAP,0.853789,0.926901,0.058071,0.028725,1,1,0,0,0.856428
279,LEO_0,LEO,0.755533,0.897322,0.180332,0.079575,1,1,1,0,0.644925
279,LEO_1,LEO,0.729638,0.900477,0.215207,0.057093,1,1,1,0,1.550104
280,BS_0,BS,0.692168,0.860587,0.267926,0.118757,1,1,1,2,0.610342
280,BS_1,BS,0.772124,0.849764,0.158611,0.235376,1,1,1,1,0.495204
280,BS_2,BS,0.699655,0.846504,0.257168,0.167786,1,1,1,3,0.646625
280,BS_3,BS,0.648326,0.820647,0.333361,0.273426,1,1,1,3,0.651787
280,BS_4,BS,0.618337,0.816646,0.380722,0.294835,1,1,1,11,0.773892
280,HAP_0,HAP,0.620313,0.884988,0.377532,0.136913,1,1,1,0,1.700924
280,HAP_1,HAP,0.642282,0.822111,0.342728,0.264824,1,1,1,13,0.645344
280,HAP_2,HAP,0.658635,0.9087,0.317586,0.068367,1,1,1,0,1.582405
280,LEO_0,LEO,0.749174,0.903743,0.088784,0.067207,2,0,0,0,0.925533
280,LEO_1,LEO,0.760137,0.899129,0.174257,0.059338,1,1,1,0,0.998238
281,BS_0,BS,0.656559,0.854225,0.320742,0.1413,1,1,1,1,1.225449
281,BS_1,BS,0.717991,0.851272,0.231299,0.212376,1,1,1,1,1.345852
281,BS_2,BS,0.673495,0.844487,0.295274,0.173463,1,1,1,3,0.859561
281,BS_3,BS,0.633206,0.8201,0.356959,0.27608,1,1,1,3,1.540488
281,BS_4,BS,0.608397,0.814501,0.396927,0.306766,1,1,1,8,0.66318
281,HAP_0,HAP,0.806409,0.894481,0.015164,0.109634,2,0,0,0,1.237327
281,HAP_1,HAP,0.581801,0.816191,0.441626,0.299624,1,1,1,8,0.805188
281,HAP_2,HAP,0.777788,0.907339,0.151301,0.064995,1,1,1,0,0.973765
281,LEO_0,LEO,0.731493,0.899589,0.212667,0.074118,1,1,1,0,1.110994
281,LEO_1,LEO,0.781815,0.901407,0.146137,0.057081,1,1,1,0,0.871064
282,BS_0,BS,0.72343,0.855895,0.223751,0.135569,1,1,1,2,0.72885
282,BS_1,BS,0.614841,0.842902,0.386391,0.237085,1,1,1,2,0.56426
282,BS_2,BS,0.541833,0.831782,0.512797,0.257103,1,1,1,2,0.431904
282,BS_3,BS,0.648268,0.821073,0.333451,0.270899,1,1,1,4,0.793865
282,BS_4,BS,0.639477,0.815775,0.347105,0.29963,1,1,1,10,0.581926
282,HAP_0,HAP,0.784124,0.892474,0.143188,0.096933,1,1,1,0,2.117807
282,HAP_1,HAP,0.592007,0.812499,0.424237,0.320689,1,1,1,13,0.590848
282,HAP_2,HAP,0.734361,0.90548,0.208755,0.071606,1,1,1,0,0.719644
282,LEO_0,LEO,0.730736,0.900047,0.213703,0.079845,1,1,1,0,0.584096
282,LEO_1,LEO,0.749262,0.903069,0.188667,0.061683,1,1,1,0,0.613847
283,BS_0,BS,0.710807,0.855422,0.241354,0.134668,1,1,1,1,1.441527
283,BS_1,BS,0.766502,0.84938,0.165918,0.202056,1,1,1,1,1.025239
283,BS_2,BS,0.796197,0.843143,0.127909,0.213045,1,1,1,3,1.21994
283,BS_3,BS,0.641718,0.821242,0.343607,0.269849,1,1,1,4,1.065081
283,BS_4,BS,0.646465,0.817446,0.336236,0.290579,1,1,1,9,0.869816
283,HAP_0,HAP,0.676613,0.886809,0.290656,0.115563,1,1,1,0,0.853316
283,HAP_1,HAP,0.647803,0.814949,0.334168,0.306802,1,1,1,13,0.623821
283,HAP_2,HAP,0.780684,0.913751,0.047584,0.058304,2,0,0,0,0.775642
283,LEO_0,LEO,0.699545,0.893296,0.257325,0.093674,1,1,1,0,1.242807
283,LEO_1,LEO,0.804067,0.906297,0.118073,0.05562,1,1,1,0,0.965773
284,BS_0,BS,0.57589,0.842265,0.451839,0.199606,1,1,1,2,0.701967
284,BS_1,BS,0.463391,0.830122,0.669184,0.363158,1,1,1,0,0.779253
284,BS_2,BS,0.746214,0.848028,0.192743,0.187153,1,1,1,3,1.014798
284,BS_3,BS,0.609386,0.818275,0.395303,0.286198,1,1,1,5,0.752205
284,BS_4,BS,0.64708,0.818839,0.335286,0.28305,1,1,1,8,0.348106
284,HAP_0,HAP,0.63386,0.882828,0.355927,0.149458,1,1,1,0,0.414684
284,HAP_1,HAP,0.643858,0.816543,0.340277,0.297546,1,1,1,12,0.38731
284,HAP_2,HAP,0.798002,0.913085,0.125644,0.053747,1,1,1,0,1.102633
284,LEO_0,LEO,0.754468,0.895927,0.181742,0.089803,1,1,1,0,0.693018
284,LEO_1,LEO,0.644232,0.890841,0.339697,0.096423,1,1,1,0,1.811198
285,BS_0,BS,0.834916,0.853994,0.080424,0.162595,1,1,1,2,0.455186
285,BS_1,BS,0.605009,0.830165,0.402513,0.363434,1,1,1,1,0.498413
285,BS_2,BS,0.725115,0.850153,0.221424,0.171786,1,1,1,3,1.02764
285,BS_3,BS,0.640133,0.818855,0.346079,0.282855,1,1,1,5,0.405385
285,BS_4,BS,0.632616,0.818598,0.357892,0.284079,1,1,1,10,0.220976
285,HAP_0,HAP,0.798318,0.898037,0.025248,0.119853,2,0,0,0,0.70717
285,HAP_1,HAP,0.647058,0.818115,0.33532,0.288635,1,1,1,11,0.742067
285,HAP_2,HAP,0.75994,0.91488,0.074516,0.045496,2,0,0,0,1.130273
285,LEO_0,LEO,0.759054,0.895216,0.175683,0.085731,1,1,1,0,1.17803
285,LEO_1,LEO,0.748807,0.89136,0.189274,0.093259,1,1,1,0,0.899195
286,BS_0,BS,0.739452,0.856086,0.201847,0.14841,1,1,1,2,4.936012
286,BS_1,BS,0.606653,0.830417,0.399799,0.362675,1,1,1,1,0.748841
286,BS_2,BS,0.64593,0.844902,0.337063,0.188554,1,1,1,4,0.3087
286,BS_3,BS,0.643303,0.819616,0.34114,0.278654,1,1,1,6,0.705817
286,BS_4,BS,0.620723,0.817266,0.376871,0.291178,1,1,1,10,0.664673
286,HAP_0,HAP,0.705272,0.893411,0.249171,0.123822,1,1,1,0,1.090864
286,HAP_1,HAP,0.639612,0.818678,0.346893,0.285058,1,1,1,10,0.49471
286,HAP_2,HAP,0.731999,0.912365,0.211976,0.056617,1,1,1,0,0.574581
286,LEO_0,LEO,0.777762,0.898904,0.151335,0.078891,1,1,1,0,0.748884
286,LEO_1,LEO,0.755203,0.898929,0.080769,0.077543,2,0,0,0,0.915186
287,BS_0,BS,0.62229,0.849266,0.374349,0.18179,1,1,1,1,0.964099
287,BS_1,BS,0.707498,0.837293,0.246021,0.317376,1,1,1,0,1.291687
287,BS_2,BS,0.659941,0.841986,0.315606,0.195666,1,1,1,4,0.826788
287,BS_3,BS,0.642889,0.820186,0.341784,0.27549,1,1,1,5,1.249876
287,BS_4,BS,0.602006,0.814364,0.407488,0.307663,1,1,1,9,0.862988
287,HAP_0,HAP,0.744384,0.901123,0.095198,0.103135,2,0,0,0,0.734956
287,HAP_1,HAP,0.647401,0.819855,0.334789,0.278484,1,1,1,11,0.737253
287,HAP_2,HAP,0.747372,0.915596,0.091193,0.049036,2,0,0,0,0.932492
287,LEO_0,LEO,0.73528,0.894919,0.207504,0.082489,1,1,1,0,1.264631
287,LEO_1,LEO,0.731889,0.90771,0.012126,0.062101,3,0,0,0,1.105457
288,BS_0,BS,0.604517,0.843447,0.403325,0.218634,1,1,1,2,0.235364
288,BS_1,BS,0.510258,0.822195,0.572839,0.401566,1,1,1,1,0.733958
288,BS_2,BS,0.643877,0.838174,0.340248,0.208629,1,1,1,3,0.601132
288,BS_3,BS,0.63152,0.819571,0.359625,0.278591,1,1,1,3,0.799731
288,BS_4,BS,0.604027,0.812243,0.404136,0.319627,1,1,1,6,0.682805
288,HAP_0,HAP,0.737256,0.911216,0.00482,0.082519,3,0,0,0,0.976879
288,HAP_1,HAP,0.623946,0.818583,0.371692,0.284957,1,1,1,12,0.421596
288,HAP_2,HAP,0.708041,0.906627,0.245253,0.066296,1,1,1,0,1.171261
288,LEO_0,LEO,0.764404,0.901713,0.068659,0.068112,2,0,0,0,0.968918
288,LEO_1,LEO,0.628729,0.910839,0.064055,0.051527,4,0,0,0,1.167989
289,BS_0,BS,0.724551,0.847154,0.222203,0.197126,1,1,1,2,0.726218
289,BS_1,BS,0.595625,0.822498,0.418144,0.399933,1,1,1,1,0.371688
289,BS_2,BS,0.661688,0.836761,0.312962,0.210978,1,1,1,3,0.328222
289,BS_3,BS,0.631441,0.819072,0.35975,0.281112,1,1,1,5,0.772246
289,BS_4,BS,0.588496,0.808983,0.430186,0.338979,1,1,1,12,0.628793
289,HAP_0,HAP,0.626588,0.916615,0.067467,0.068063,4,0,0,0,0.803834
289,HAP_1,HAP,0.634842,0.818603,0.35438,0.284479,1,1,1,10,0.67964
289,HAP_2,HAP,0.787348,0.911971,0.039085,0.053724,2,0,0,0,1.094801
289,LEO_0,LEO,0.743256,0.901386,0.196715,0.071903,1,1,1,0,0.770121
289,LEO_1,LEO,0.839233,0.91476,0.075267,0.043771,1,1,0,0,0.887285
290,BS_0,BS,0.736167,0.850491,0.206299,0.176852,1,1,1,2,1.20551
290,BS_1,BS,0.651391,0.826192,0.328645,0.36855,1,1,1,1,0.618213
290,BS_2,BS,0.652917,0.834831,0.326306,0.216697,1,1,1,4,1.163009
290,BS_3,BS,0.646674,0.820103,0.335913,0.275666,1,1,1,6,0.706861
290,BS_4,BS,0.623206,0.809814,0.372878,0.33375,1,1,1,9,0.787065
290,HAP_0,HAP,0.868758,0.920919,0.040691,0.055196,1,1,0,0,1.033736
290,HAP_1,HAP,0.617306,0.816939,0.38239,0.293383,1,1,1,13,1.09378
290,HAP_2,HAP,0.681307,0.912897,0.083742,0.046135,3,0,0,0,1.182271
290,LEO_0,LEO,0.818685,0.912335,5.6e-05,0.057523,2,0,0,0,0.891805
290,LEO_1,LEO,0.754194,0.908529,0.182105,0.04994,1,1,1,0,1.309203
291,BS_0,BS,0.653192,0.845869,0.325885,0.189272,1,1,1,2,0.951976
291,BS_1,BS,0.492067,0.819145,0.609141,0.461813,1,1,1,0,0.355326
291,BS_2,BS,0.649088,0.832933,0.332186,0.223014,1,1,1,4,0.981099
291,BS_3,BS,0.640089,0.820313,0.346147,0.274451,1,1,1,4,0.32347
291,BS_4,BS,0.647461,0.812769,0.334696,0.31741,1,1,1,10,0.39539
291,HAP_0,HAP,0.741266,0.919471,0.099396,0.048602,2,0,0,0,1.164285
291,HAP_1,HAP,0.642151,0.817976,0.342932,0.287628,1,1,1,13,0.661938
291,HAP_2,HAP,0.612338,0.913133,0.090471,0.040591,4,0,0,0,1.178142
291,LEO_0,LEO,0.73334,0.905335,0.210146,0.065891,1,1,1,0,1.271202
291,LEO_1,LEO,0.757591,0.901696,0.177611,0.054147,1,1,1,0,1.536304
292,BS_0,BS,0.731635,0.848953,0.212473,0.171733,1,1,1,2,0.872975
292,BS_1,BS,0.58551,0.820956,0.435271,0.454708,1,1,1,1,0.547044
292,BS_2,BS,0.648569,0.831367,0.332987,0.228307,1,1,1,4,1.107326
292,BS_3,BS,0.639939,0.820468,0.346382,0.273552,1,1,1,6,0.326204
292,BS_4,BS,0.647892,0.815174,0.334031,0.304137,1,1,1,10,1.213497
292,HAP_0,HAP,0.81254,0.917698,0.10759,0.044091,1,1,1,0,1.145428
292,HAP_1,HAP,0.64716,0.819271,0.335161,0.280652,1,1,1,13,0.783301
292,HAP_2,HAP,0.898415,0.919573,0.007123,0.032496,1,1,0,0,1.01934
292,LEO_0,LEO,0.815992,0.905224,0.10335,0.057519,1,1,1,0,1.307353
292,LEO_1,LEO,0.76023,0.904083,0.074134,0.045791,2,0,0,0,1.241448
293,BS_0,BS,0.644977,0.845491,0.338541,0.188961,1,1,1,1,0.785461
293,BS_1,BS,0.504934,0.80895,0.583328,0.516889,1,1,1,1,0.797516
293,BS_2,BS,0.647195,0.829988,0.335108,0.23318,1,1,1,4,1.157362
293,BS_3,BS,0.62335,0.819015,0.372647,0.281331,1,1,1,3,0.763161
293,BS_4,BS,0.643797,0.816717,0.340372,0.295444,1,1,1,10,0.643946
293,HAP_0,HAP,0.747931,0.916274,0.090444,0.038954,2,0,0,0,1.271592
293,HAP_1,HAP,0.642396,0.819864,0.342551,0.277325,1,1,1,13,0.758318
293,HAP_2,HAP,0.72883,0.90895,0.216315,0.047053,1,1,1,0,1.453516
293,LEO_0,LEO,0.790034,0.901469,0.135679,0.054299,1,1,1,0,1.682167
293,LEO_1,LEO,0.734634,0.899952,0.208383,0.056173,1,1,1,0,1.030853
294,BS_0,BS,0.72756,0.848638,0.218059,0.172566,1,1,1,2,1.394081
294,BS_1,BS,0.63055,0.812253,0.361163,0.472208,1,1,1,1,0.989245
294,BS_2,BS,0.584421,0.822762,0.437133,0.272532,1,1,1,3,0.844923
294,BS_3,BS,0.648333,0.820211,0.333352,0.27507,1,1,1,5,1.278547
294,BS_4,BS,0.64262,0.817841,0.342201,0.289051,1,1,1,11,0.595847
294,HAP_0,HAP,0.689474,0.918686,0.071826,0.033485,3,0,0,0,0.941488
294,HAP_1,HAP,0.648287,0.820885,0.333422,0.271887,1,1,1,10,0.725068
294,HAP_2,HAP,0.666852,0.900347,0.305187,0.079555,1,1,1,0,0.719588
294,LEO_0,LEO,0.658657,0.892724,0.317552,0.088817,1,1,1,0,0.810582
294,LEO_1,LEO,0.799995,0.906788,0.02315,0.04518,2,0,0,0,1.202747
295,BS_0,BS,0.73011,0.851102,0.21456,0.158769,1,1,1,2,1.742055
295,BS_1,BS,0.590922,0.810179,0.426072,0.459458,1,1,1,1,0.753665
295,BS_2,BS,0.740471,0.831182,0.200469,0.23611,1,1,1,4,0.382422
295,BS_3,BS,0.628671,0.81932,0.364147,0.279728,1,1,1,4,0.339125
295,BS_4,BS,0.647158,0.819163,0.335165,0.281791,1,1,1,12,0.574359
295,HAP_0,HAP,0.782815,0.91733,0.144859,0.03623,1,1,1,0,0.865402
295,HAP_1,HAP,0.64795,0.821672,0.333941,0.267692,1,1,1,12,0.456912
295,HAP_2,HAP,0.817463,0.906289,0.101549,0.068285,1,1,1,0,0.774298
295,LEO_0,LEO,0.741307,0.899358,0.099341,0.075495,2,0,0,0,0.872658
295,LEO_1,LEO,0.744792,0.899394,0.194651,0.053194,1,1,1,0,1.6231
296,BS_0,BS,0.78102,0.857066,0.147155,0.13676,1,1,1,3,1.368156
296,BS_1,BS,0.46502,0.802361,0.665676,0.566972,1,1,1,0,0.378837
296,BS_2,BS,0.617553,0.827026,0.38199,0.25455,1,1,1,2,1.303969
296,BS_3,BS,0.64679,0.820312,0.335733,0.274505,1,1,1,5,0.595665
296,BS_4,BS,0.647894,0.820289,0.334028,0.275642,1,1,1,10,0.448266
296,HAP_0,HAP,0.781791,0.913539,0.146167,0.038599,1,1,1,0,1.221175
296,HAP_1,HAP,0.645484,0.822072,0.337755,0.265489,1,1,1,13,0.488174
296,HAP_2,HAP,0.63215,0.889935,0.358629,0.112504,1,1,1,0,3.102926
296,LEO_0,LEO,0.70109,0.906655,0.055119,0.061763,3,0,0,0,0.969011
296,LEO_1,LEO,0.777,0.898888,0.152315,0.052995,1,1,1,0,1.077102
297,BS_0,BS,0.775678,0.861414,0.154018,0.120083,1,1,1,2,1.42964
297,BS_1,BS,0.75856,0.824315,0.176334,0.46757,1,1,1,0,0.728073
297,BS_2,BS,0.815747,0.840402,0.103651,0.208475,1,1,1,2,0.768665
297,BS_3,BS,0.647706,0.821191,0.334318,0.2699,1,1,1,5,0.641773
297,BS_4,BS,0.647898,0.82119,0.334022,0.27072,1,1,1,10,1.426036
297,HAP_0,HAP,0.789686,0.913589,0.13612,0.039217,1,1,1,0,0.845461
297,HAP_1,HAP,0.642453,0.82211,0.342461,0.265167,1,1,1,12,0.691517
297,HAP_2,HAP,0.766441,0.896475,0.065997,0.091964,2,0,0,0,1.099667
297,LEO_0,LEO,0.640768,0.912944,0.045087,0.050325,4,0,0,0,0.971236
297,LEO_1,LEO,0.817193,0.902581,0.10188,0.047067,1,1,1,0,1.014912
298,BS_0,BS,0.730539,0.861293,0.213973,0.116669,1,1,1,2,1.021725
298,BS_1,BS,0.773544,0.840753,0.156772,0.385116,1,1,1,0,0.986757
298,BS_2,BS,0.833358,0.852384,0.082291,0.169827,1,1,1,2,1.900459
298,BS_3,BS,0.647941,0.821915,0.333955,0.266107,1,1,1,5,0.0
298,BS_4,BS,0.616653,0.818945,0.383449,0.282741,1,1,1,10,0.0
298,HAP_0,HAP,0.796851,0.919357,0.027088,0.031704,2,0,0,0,1.009303
298,HAP_1,HAP,0.648084,0.822664,0.333735,0.262254,1,1,1,12,0.298346
298,HAP_2,HAP,0.722149,0.902763,0.025524,0.073864,3,0,0,0,1.322915
298,LEO_0,LEO,0.622727,0.90319,0.373647,0.103086,1,1,1,0,0.351425
298,LEO_1,LEO,0.723211,0.894538,0.224054,0.060244,1,1,1,0,2.002257
299,BS_0,BS,0.593053,0.850022,0.422472,0.173652,1,1,1,1,0.988321
299,BS_1,BS,0.822397,0.856604,0.095532,0.3122,1,1,1,0,1.05107
299,BS_2,BS,0.738445,0.854715,0.203208,0.154444,1,1,1,3,2.46011
299,BS_3,BS,0.642828,0.822019,0.341878,0.265481,1,1,1,4,0.660927
299,BS_4,BS,0.617091,0.817191,0.38274,0.292113,1,1,1,8,0.529923
299,HAP_0,HAP,0.7607,0.912989,0.173516,0.038911,1,1,1,0,1.263489
299,HAP_1,HAP,0.64394,0.822722,0.34015,0.261869,1,1,1,12,0.110206
299,HAP_2,HAP,0.772336,0.902582,0.158335,0.070373,1,1,1,0,0.943859
299,LEO_0,LEO,0.798886,0.915581,0.024537,0.082739,2,0,0,0,0.568746
299,LEO_1,LEO,0.797749,0.896551,0.125961,0.055335,1,1,1,0,1.088141
300,BS_0,BS,0.547726,0.836063,0.501979,0.252314,1,1,1,3,0.0
300,BS_1,BS,0.689815,0.85495,0.271332,0.282889,1,1,1,0,5.95675
300,BS_2,BS,0.685741,0.852136,0.277255,0.158147,1,1,1,3,0.745685
300,BS_3,BS,0.637585,0.821612,0.350068,0.267531,1,1,1,4,0.288015
300,BS_4,BS,0.63674,0.817669,0.351395,0.289256,1,1,1,10,0.0
300,HAP_0,HAP,0.696899,0.907075,0.261114,0.06181,1,1,1,0,0.653921
300,HAP_1,HAP,0.648216,0.823166,0.333531,0.259555,1,1,1,13,0.207916
300,HAP_2,HAP,0.641552,0.895989,0.343864,0.109507,1,1,1,0,0.427436
300,LEO_0,LEO,0.738293,0.926443,0.003414,0.066197,3,0,0,0,0.589529
300,LEO_1,LEO,0.698234,0.893677,0.259201,0.074501,1,1,1,0,0.713414
301,BS_0,BS,0.81837,0.848057,0.100441,0.206391,1,1,1,2,0.353667
301,BS_1,BS,0.790735,0.864654,0.134792,0.234487,1,1,1,0,1.050872
301,BS_2,BS,0.692234,0.850639,0.267831,0.158797,1,1,1,3,1.012525
301,BS_3,BS,0.635447,0.821084,0.353426,0.270235,1,1,1,6,1.041724
301,BS_4,BS,0.644596,0.818788,0.339132,0.283159,1,1,1,11,0.688699
301,HAP_0,HAP,0.801594,0.915642,0.021153,0.04965,2,0,0,0,0.902432
301,HAP_1,HAP,0.647174,0.823424,0.33514,0.258187,1,1,1,14,0.658335
301,HAP_2,HAP,0.768115,0.898028,0.163816,0.099682,1,1,1,0,0.980615
301,LEO_0,LEO,0.556329,0.898808,0.486395,0.159418,1,1,1,0,1.514669
301,LEO_1,LEO,0.76388,0.900952,0.069345,0.061765,2,0,0,0,1.028389
302,BS_0,BS,0.728664,0.8505,0.216543,0.186214,1,1,1,3,1.921921
302,BS_1,BS,0.777036,0.868681,0.152268,0.198023,1,1,1,0,1.457815
302,BS_2,BS,0.63567,0.844327,0.353076,0.183136,1,1,1,5,0.346588
302,BS_3,BS,0.646948,0.821738,0.335489,0.266837,1,1,1,5,0.637851
302,BS_4,BS,0.62756,0.818075,0.365916,0.28678,1,1,1,8,0.370924
302,HAP_0,HAP,0.634745,0.897492,0.354531,0.096281,1,1,1,0,2.843658
302,HAP_1,HAP,0.646174,0.823538,0.336687,0.257561,1,1,1,11,0.368379
302,HAP_2,HAP,0.775917,0.898452,0.15371,0.090378,1,1,1,0,1.120169
302,LEO_0,LEO,0.734283,0.897944,0.20886,0.147165,1,1,1,0,0.742311
302,LEO_1,LEO,0.684659,0.891059,0.278835,0.084399,1,1,1,0,1.375739
303,BS_0,BS,0.574104,0.838112,0.454944,0.242109,1,1,1,2,0.878453
303,BS_1,BS,0.699944,0.869942,0.256755,0.188084,1,1,1,0,0.852089
303,BS_2,BS,0.565941,0.832306,0.469265,0.245603,1,1,1,2,1.329978
303,BS_3,BS,0.626531,0.820337,0.367557,0.274263,1,1,1,5,0.853535
303,BS_4,BS,0.635735,0.818282,0.352974,0.28549,1,1,1,9,0.497949
303,HAP_0,HAP,0.812823,0.904981,0.007242,0.077049,2,0,0,0,1.228455
303,HAP_1,HAP,0.642326,0.823271,0.342659,0.258886,1,1,1,13,0.898056
303,HAP_2,HAP,0.79654,0.898913,0.127478,0.079615,1,1,1,0,1.256194
303,LEO_0,LEO,0.810589,0.900908,0.109995,0.123176,1,1,1,0,1.141675
303,LEO_1,LEO,0.808615,0.89978,0.012432,0.067589,2,0,0,0,1.215927
304,BS_0,BS,0.704051,0.842185,0.250905,0.222016,1,1,1,3,0.0
304,BS_1,BS,0.610143,0.867853,0.394062,0.220345,1,1,1,0,0.317209
304,BS_2,BS,0.410043,0.812858,0.791493,0.47839,1,1,1,1,0.0
304,BS_3,BS,0.628011,0.819357,0.365197,0.279427,1,1,1,3,0.50171
304,BS_4,BS,0.64829,0.81962,0.333416,0.278417,1,1,1,8,0.46148
304,HAP_0,HAP,0.800954,0.902152,0.121952,0.068331,1,1,1,0,1.587801
304,HAP_1,HAP,0.639874,0.822828,0.346485,0.261132,1,1,1,10,0.302679
304,HAP_2,HAP,0.787272,0.904375,0.039181,0.064383,2,0,0,0,1.245578
304,LEO_0,LEO,0.814151,0.902288,0.10561,0.10356,1,1,1,0,1.241533
304,LEO_1,LEO,0.774707,0.896043,0.15527,0.06492,1,1,1,0,1.661031
305,BS_0,BS,0.765054,0.849029,0.167809,0.190285,1,1,1,2,0.43512
305,BS_1,BS,0.817216,0.881004,0.101851,0.180944,1,1,1,0,0.78447
305,BS_2,BS,0.457114,0.796218,0.682823,0.592523,1,1,1,5,0.214645
305,BS_3,BS,0.677592,0.823133,0.28921,0.26118,1,1,1,5,0.742324
305,BS_4,BS,0.636714,0.81961,0.351435,0.278312,1,1,1,10,0.292867
305,HAP_0,HAP,0.587249,0.888119,0.432306,0.138765,1,1,1,0,0.595246
305,HAP_1,HAP,0.648334,0.823261,0.333349,0.25891,1,1,1,13,0.683613
305,HAP_2,HAP,0.727495,0.910867,0.018149,0.051654,3,0,0,0,1.132953
305,LEO_0,LEO,0.812101,0.905179,0.10813,0.08811,1,1,1,0,0.967831
305,LEO_1,LEO,0.707973,0.891795,0.245349,0.079024,1,1,1,0,0.92818
306,BS_0,BS,0.779522,0.855349,0.149074,0.162228,1,1,1,2,1.318369
306,BS_1,BS,0.583845,0.865082,0.438119,0.231132,1,1,1,0,1.539047
306,BS_2,BS,0.675677,0.804832,0.29204,0.512398,1,1,1,4,0.681444
306,BS_3,BS,0.673672,0.825806,0.295012,0.248109,1,1,1,4,0.789291
306,BS_4,BS,0.646888,0.820553,0.335582,0.273326,1,1,1,12,0.505185
306,HAP_0,HAP,0.799662,0.895972,0.123566,0.117883,1,1,1,0,0.696937
306,HAP_1,HAP,0.63892,0.82273,0.347976,0.261617,1,1,1,12,0.6139
306,HAP_2,HAP,0.654715,0.915817,0.023555,0.041573,4,0,0,0,1.144315
306,LEO_0,LEO,0.736664,0.898234,0.205623,0.089514,1,1,1,0,1.442393
306,LEO_1,LEO,0.792237,0.900902,0.032895,0.063706,2,0,0,0,1.062159
307,BS_0,BS,0.799742,0.861885,0.123466,0.136643,1,1,1,2,0.721789
307,BS_1,BS,0.667213,0.866238,0.304645,0.22667,1,1,1,0,0.60784
307,BS_2,BS,0.684617,0.812208,0.278895,0.44492,1,1,1,3,1.116638
307,BS_3,BS,0.645351,0.825367,0.337961,0.249885,1,1,1,5,1.559194
307,BS_4,BS,0.607289,0.817518,0.39875,0.290211,1,1,1,9,0.533447
307,HAP_0,HAP,0.775423,0.897723,0.154347,0.105027,1,1,1,0,1.046588
307,HAP_1,HAP,0.648312,0.823181,0.333383,0.259309,1,1,1,11,0.937653
307,HAP_2,HAP,0.811585,0.915942,0.108766,0.038582,1,1,1,0,0.986572
307,LEO_0,LEO,0.777063,0.903282,0.052233,0.072839,2,0,0,0,1.182128
307,LEO_1,LEO,0.729374,0.908499,0.015569,0.051074,3,0,0,0,1.146963
308,BS_0,BS,0.774451,0.871175,0.055601,0.110705,2,0,0,3,0.775455
308,BS_1,BS,0.80507,0.87927,0.116826,0.187478,1,1,1,0,0.650134
308,BS_2,BS,0.657856,0.815655,0.318769,0.401662,1,1,1,4,0.367402
308,BS_3,BS,0.64999,0.825446,0.330798,0.24915,1,1,1,5,0.712759
308,BS_4,BS,0.611477,0.815501,0.391879,0.301275,1,1,1,7,0.686504
308,HAP_0,HAP,0.813514,0.908559,0.006392,0.08404,2,0,0,0,0.909575
308,HAP_1,HAP,0.647385,0.823456,0.334813,0.257892,1,1,1,11,0.483486
308,HAP_2,HAP,0.715314,0.904615,0.235033,0.055724,1,1,1,0,2.394345
308,LEO_0,LEO,0.691701,0.897584,0.268601,0.090737,1,1,1,0,0.811447
308,LEO_1,LEO,0.794424,0.909889,0.130138,0.04848,1,1,1,0,0.855589
309,BS_0,BS,0.811959,0.875623,0.108306,0.093843,1,1,1,2,0.278256
309,BS_1,BS,0.595284,0.864951,0.418717,0.228878,1,1,1,0,1.960955
309,BS_2,BS,0.647645,0.817463,0.334412,0.371654,1,1,1,4,0.733067
309,BS_3,BS,0.640131,0.824592,0.346083,0.253218,1,1,1,5,0.562015
309,BS_4,BS,0.597205,0.812471,0.415495,0.318706,1,1,1,9,0.542484
309,HAP_0,HAP,0.669617,0.894937,0.301049,0.108015,1,1,1,0,2.732793
309,HAP_1,HAP,0.636528,0.822661,0.351727,0.261984,1,1,1,9,0.132062
309,HAP_2,HAP,0.713147,0.899647,0.238068,0.070083,1,1,1,0,0.869191
309,LEO_0,LEO,0.758705,0.900409,0.176143,0.086552,1,1,1,0,0.663043
309,LEO_1,LEO,0.75355,0.914685,0.08296,0.041881,2,0,0,0,0.803481
310,BS_0,BS,0.749323,0.87422,0.188586,0.091078,1,1,1,3,2.848744
310,BS_1,BS,0.619188,0.862804,0.379346,0.247859,1,1,1,0,0.465926
310,BS_2,BS,0.666299,0.82061,0.306016,0.339464,1,1,1,5,0.321959
310,BS_3,BS,0.638697,0.823774,0.348325,0.257173,1,1,1,4,0.560315
310,BS_4,BS,0.643469,0.814524,0.340881,0.307255,1,1,1,11,0.401094
310,HAP_0,HAP,0.609272,0.885209,0.39549,0.156798,1,1,1,0,0.530272
310,HAP_1,HAP,0.641891,0.822529,0.343336,0.262633,1,1,1,11,0.477992
310,HAP_2,HAP,0.756489,0.901184,0.179068,0.070496,1,1,1,0,0.729617
310,LEO_0,LEO,0.746007,0.905733,0.09302,0.073135,2,0,0,0,0.949417
310,LEO_1,LEO,0.802618,0.916861,0.119876,0.039972,1,1,1,0,0.755613
311,BS_0,BS,0.726544,0.871215,0.219457,0.094535,1,1,1,2,0.519355
311,BS_1,BS,0.672054,0.869325,0.297416,0.238093,1,1,1,0,0.224184
311,BS_2,BS,0.480538,0.807134,0.632849,0.451795,1,1,1,2,0.335703
311,BS_3,BS,0.61914,0.821254,0.379423,0.270522,1,1,1,6,0.202479
311,BS_4,BS,0.645451,0.816351,0.337806,0.297155,1,1,1,12,0.526859
311,HAP_0,HAP,0.81737,0.899894,0.001664,0.12544,2,0,0,0,0.846348
311,HAP_1,HAP,0.648041,0.822995,0.333801,0.260247,1,1,1,10,0.793687
311,HAP_2,HAP,0.814969,0.904776,0.104605,0.061321,1,1,1,0,1.042198
311,LEO_0,LEO,0.696414,0.914187,0.061811,0.060227,3,0,0,0,0.611015
311,LEO_1,LEO,0.627728,0.898011,0.365648,0.092142,1,1,1,0,1.773764
312,BS_0,BS,0.705838,0.867072,0.24837,0.103387,1,1,1,3,2.065277
312,BS_1,BS,0.837853,0.888034,0.076912,0.193136,1,1,1,0,0.274585
312,BS_2,BS,0.660826,0.812575,0.314265,0.405879,1,1,1,5,0.738913
312,BS_3,BS,0.647904,0.821962,0.334013,0.266621,1,1,1,6,0.551905
312,BS_4,BS,0.624713,0.815853,0.370463,0.299483,1,1,1,11,0.54577
312,HAP_0,HAP,0.629747,0.884534,0.362437,0.159464,1,1,1,0,2.335847
312,HAP_1,HAP,0.646863,0.823259,0.33562,0.258886,1,1,1,9,0.199709
312,HAP_2,HAP,0.674917,0.892251,0.293166,0.087733,1,1,1,0,2.209293
312,LEO_0,LEO,0.625637,0.920627,0.068986,0.050323,4,0,0,0,0.655626
312,LEO_1,LEO,0.617314,0.88876,0.382377,0.139509,1,1,1,0,0.499817
313,BS_0,BS,0.668489,0.860494,0.302735,0.123952,1,1,1,3,4.332274
313,BS_1,BS,0.479656,0.859784,0.634687,0.335781,1,1,1,0,8.702219
313,BS_2,BS,0.69913,0.81973,0.257919,0.354639,1,1,1,5,0.0
313,BS_3,BS,0.643123,0.822085,0.341419,0.265752,1,1,1,5,0.0
313,BS_4,BS,0.629597,0.815922,0.362675,0.298777,1,1,1,10,0.0
313,HAP_0,HAP,0.514877,0.869708,0.563827,0.270627,1,1,1,0,0.170373
313,HAP_1,HAP,0.646456,0.823432,0.33625,0.257988,1,1,1,12,0.228761
313,HAP_2,HAP,0.582954,0.880918,0.439646,0.157166,1,1,1,0,0.463634
313,LEO_0,LEO,0.742883,0.920009,0.197216,0.057761,1,1,1,0,0.417883
313,LEO_1,LEO,0.662535,0.889129,0.311682,0.155323,1,1,1,0,0.229619
314,BS_0,BS,0.603251,0.84907,0.405422,0.173126,1,1,1,3,1.005606
314,BS_1,BS,0.663313,0.863196,0.310509,0.312012,1,1,1,0,0.436013
314,BS_2,BS,0.660891,0.821963,0.314167,0.328126,1,1,1,4,0.835094
314,BS_3,BS,0.648298,0.822663,0.333406,0.262624,1,1,1,5,0.541578
314,BS_4,BS,0.643332,0.817272,0.341095,0.291377,1,1,1,11,0.361482
314,HAP_0,HAP,0.664093,0.866785,0.309332,0.25956,1,1,1,0,1.200424
314,HAP_1,HAP,0.624915,0.821537,0.37014,0.268042,1,1,1,7,0.713277
314,HAP_2,HAP,0.805993,0.896205,0.01568,0.125843,2,0,0,0,0.785956
314,LEO_0,LEO,0.542244,0.892353,0.512039,0.164192,1,1,1,0,2.098783
314,LEO_1,LEO,0.652309,0.882647,0.327237,0.172446,1,1,1,0,1.048271
315,BS_0,BS,0.527673,0.838081,0.539279,0.269371,1,1,1,2,0.0
315,BS_1,BS,0.687059,0.871235,0.275335,0.283724,1,1,1,0,0.200242
315,BS_2,BS,0.641314,0.821922,0.344237,0.315825,1,1,1,5,0.747807
315,BS_3,BS,0.64665,0.822974,0.33595,0.260887,1,1,1,5,0.639425
315,BS_4,BS,0.642825,0.818305,0.341882,0.285699,1,1,1,12,0.32812
315,HAP_0,HAP,0.646123,0.86878,0.336766,0.258683,1,1,1,0,0.294702
315,HAP_1,HAP,0.633251,0.820817,0.356888,0.271749,1,1,1,11,0.158374
315,HAP_2,HAP,0.619035,0.88067,0.379593,0.165516,1,1,1,0,5.179771
315,LEO_0,LEO,0.568216,0.88155,0.465254,0.228761,1,1,1,0,0.228829
315,LEO_1,LEO,0.7395,0.888997,0.201781,0.156279,1,1,1,0,0.401129
316,BS_0,BS,0.6489,0.836753,0.332476,0.26524,1,1,1,3,0.275492
316,BS_1,BS,0.86838,0.891509,0.041125,0.22774,1,1,1,0,0.306345
316,BS_2,BS,0.648058,0.822512,0.333775,0.302793,1,1,1,5,0.273093
316,BS_3,BS,0.637141,0.822333,0.350764,0.264075,1,1,1,7,0.5174
316,BS_4,BS,0.647358,0.819552,0.334855,0.279017,1,1,1,10,0.413173
316,HAP_0,HAP,0.840146,0.884009,0.074179,0.209423,1,1,1,0,0.709562
316,HAP_1,HAP,0.648261,0.821646,0.333462,0.267438,1,1,1,9,0.95593
316,HAP_2,HAP,0.679265,0.879254,0.286745,0.169413,1,1,1,0,0.671779
316,LEO_0,LEO,0.704322,0.880638,0.25052,0.211251,1,1,1,0,1.085896
316,LEO_1,LEO,0.553074,0.868659,0.492263,0.234068,1,1,1,0,2.540484
317,BS_0,BS,0.725661,0.841571,0.220673,0.234105,1,1,1,3,0.588534
317,BS_1,BS,0.383322,0.849072,0.858879,0.514145,1,1,1,1,2.018833
317,BS_2,BS,0.648717,0.823044,0.332758,0.292062,1,1,1,5,0.715457
317,BS_3,BS,0.63971,0.822062,0.346741,0.265363,1,1,1,4,0.0
317,BS_4,BS,0.623867,0.818333,0.371818,0.285425,1,1,1,11,0.233544
317,HAP_0,HAP,0.568526,0.866011,0.464709,0.264718,1,1,1,0,2.273169
317,HAP_1,HAP,0.647525,0.822241,0.334598,0.264331,1,1,1,9,0.122939
317,HAP_2,HAP,0.690248,0.882283,0.270704,0.168507,1,1,1,0,0.407736
317,LEO_0,LEO,0.644247,0.870216,0.339673,0.220921,1,1,1,0,2.214058
317,LEO_1,LEO,0.570993,0.862685,0.460378,0.282631,1,1,1,0,0.25246
318,BS_0,BS,0.819315,0.852381,0.099286,0.19172,1,1,1,2,3.583558
318,BS_1,BS,0.679321,0.854948,0.286662,0.448295,1,1,1,0,0.573742
318,BS_2,BS,0.634362,0.822127,0.355135,0.290404,1,1,1,3,0.461397
318,BS_3,BS,0.645742,0.822408,0.337355,0.263504,1,1,1,6,0.317331
318,BS_4,BS,0.648212,0.819654,0.333537,0.278401,1,1,1,10,0.743133
318,HAP_0,HAP,0.83173,0.874572,0.084248,0.214968,1,1,1,0,1.314996
318,HAP_1,HAP,0.63969,0.821986,0.346772,0.265577,1,1,1,12,0.570829
318,HAP_2,HAP,0.798805,0.899028,0.024638,0.135078,2,0,0,0,0.543062
318,LEO_0,LEO,0.720814,0.873046,0.227374,0.200001,1,1,1,0,0.837708
318,LEO_1,LEO,0.775078,0.872537,0.154792,0.236887,1,1,1,0,0.924898
319,BS_0,BS,0.660202,0.848009,0.31521,0.198087,1,1,1,3,1.980428
319,BS_1,BS,0.539121,0.842911,0.517816,0.479296,1,1,1,1,0.780261
319,BS_2,BS,0.634339,0.821392,0.355172,0.28909,1,1,1,5,0.281932
319,BS_3,BS,0.648331,0.822925,0.333353,0.26081,1,1,1,6,0.48753
319,BS_4,BS,0.566118,0.812586,0.468952,0.321683,1,1,1,5,0.764105
319,HAP_0,HAP,0.807526,0.878194,0.113779,0.1778,1,1,1,0,2.302535
319,HAP_1,HAP,0.635974,0.821433,0.352597,0.268408,1,1,1,8,0.603472
319,HAP_2,HAP,0.65967,0.889832,0.316015,0.153002,1,1,1,0,1.170723
319,LEO_0,LEO,0.83652,0.884737,0.078504,0.162774,1,1,1,0,0.886518
319,LEO_1,LEO,0.831235,0.883808,0.084843,0.192749,1,1,1,0,0.933356
320,BS_0,BS,0.705156,0.84845,0.249336,0.186445,1,1,1,3,0.288651
320,BS_1,BS,0.479847,0.832584,0.634287,0.564481,1,1,1,1,0.0
320,BS_2,BS,0.644348,0.821742,0.339517,0.283144,1,1,1,5,0.667873
320,BS_3,BS,0.639041,0.822473,0.347786,0.263077,1,1,1,7,0.450878
320,BS_4,BS,0.625282,0.812896,0.369553,0.318803,1,1,1,8,0.0
320,HAP_0,HAP,0.784945,0.885099,0.042142,0.143039,2,0,0,0,1.840265
320,HAP_1,HAP,0.648001,0.822115,0.333864,0.264886,1,1,1,11,0.262155
320,HAP_2,HAP,0.638627,0.886704,0.348434,0.177035,1,1,1,0,0.271158
320,LEO_0,LEO,0.672825,0.876345,0.296271,0.169719,1,1,1,0,1.483851
320,LEO_1,LEO,0.650538,0.873422,0.329956,0.203191,1,1,1,0,1.680335
321,BS_0,BS,0.553959,0.834321,0.490664,0.257494,1,1,1,2,1.464714
321,BS_1,BS,0.519765,0.825209,0.554378,0.589885,1,1,1,1,0.498174
321,BS_2,BS,0.63167,0.820831,0.359388,0.284637,1,1,1,4,0.910019
321,BS_3,BS,0.625129,0.820791,0.369797,0.271999,1,1,1,5,0.997881
321,BS_4,BS,0.645434,0.815047,0.337832,0.306401,1,1,1,9,1.125112
321,HAP_0,HAP,0.707499,0.890333,0.046019,0.115384,3,0,0,0,1.809415
321,HAP_1,HAP,0.640495,0.821961,0.345514,0.26563,1,1,1,10,0.789631
321,HAP_2,HAP,0.715087,0.886412,0.235352,0.166553,1,1,1,0,0.997469
321,LEO_0,LEO,0.741552,0.879341,0.19901,0.153597,1,1,1,0,0.882616
321,LEO_1,LEO,0.893287,0.884938,0.012848,0.162627,1,1,1,0,1.282986
322,BS_0,BS,0.719721,0.841301,0.228891,0.229572,1,1,1,2,0.427119
322,BS_1,BS,0.549886,0.826079,0.498044,0.58353,1,1,1,1,0.0
322,BS_2,BS,0.646115,0.821458,0.336777,0.278748,1,1,1,4,0.625311
322,BS_3,BS,0.645567,0.821375,0.337627,0.268896,1,1,1,7,0.354492
322,BS_4,BS,0.592215,0.811604,0.423886,0.325977,1,1,1,11,0.443076
322,HAP_0,HAP,0.603906,0.879776,0.404337,0.165877,1,1,1,0,0.654129
322,HAP_1,HAP,0.631913,0.821028,0.359004,0.270501,1,1,1,13,0.276767
322,HAP_2,HAP,0.816435,0.900794,0.002808,0.133246,2,0,0,0,0.800088
322,LEO_0,LEO,0.767882,0.885696,0.164119,0.134999,1,1,1,0,0.746371
322,LEO_1,LEO,0.812466,0.886884,0.107682,0.13532,1,1,1,0,2.483175
323,BS_0,BS,0.761789,0.848231,0.172085,0.196983,1,1,1,2,0.687969
323,BS_1,BS,0.499939,0.814762,0.593269,0.625209,1,1,1,1,0.730697
323,BS_2,BS,0.627927,0.820246,0.365331,0.283058,1,1,1,5,0.482193
323,BS_3,BS,0.645643,0.821849,0.337509,0.266377,1,1,1,6,0.30748
323,BS_4,BS,0.611832,0.810805,0.391298,0.329683,1,1,1,8,0.636423
323,HAP_0,HAP,0.676567,0.881295,0.290723,0.170736,1,1,1,0,0.429533
323,HAP_1,HAP,0.645195,0.821531,0.338203,0.267873,1,1,1,11,0.741655
323,HAP_2,HAP,0.626728,0.884967,0.367242,0.167287,1,1,1,0,1.699727
323,LEO_0,LEO,0.726379,0.883658,0.219683,0.129716,1,1,1,0,1.26644
323,LEO_1,LEO,0.784618,0.892032,0.042559,0.109071,2,0,0,0,1.969419
324,BS_0,BS,0.82295,0.857997,0.09486,0.161636,1,1,1,2,0.668213
324,BS_1,BS,0.570119,0.810959,0.46191,0.59618,1,1,1,1,0.874836
324,BS_2,BS,0.575639,0.814061,0.452275,0.318495,1,1,1,3,0.9054
324,BS_3,BS,0.648004,0.822448,0.333858,0.263259,1,1,1,6,1.253324
324,BS_4,BS,0.635731,0.812466,0.35298,0.319814,1,1,1,10,1.123588
324,HAP_0,HAP,0.753371,0.885342,0.183198,0.151691,1,1,1,0,0.960746
324,HAP_1,HAP,0.647336,0.822131,0.33489,0.264766,1,1,1,12,1.037886
324,HAP_2,HAP,0.655135,0.880911,0.322914,0.180753,1,1,1,0,0.620157
324,LEO_0,LEO,0.772093,0.893229,0.05865,0.105321,2,0,0,0,0.9794
324,LEO_1,LEO,0.678776,0.886407,0.287464,0.124443,1,1,1,0,0.873324
325,BS_0,BS,0.742474,0.859552,0.197768,0.146909,1,1,1,2,4.998878
325,BS_1,BS,0.585592,0.813665,0.435132,0.562147,1,1,1,1,0.57144
325,BS_2,BS,0.738546,0.824064,0.203072,0.273354,1,1,1,4,0.293592
325,BS_3,BS,0.641702,0.822341,0.343632,0.263745,1,1,1,7,0.513245
325,BS_4,BS,0.644969,0.814659,0.338553,0.307429,1,1,1,8,0.614738
325,HAP_0,HAP,0.812365,0.899769,0.007806,0.12138,2,0,0,0,0.786908
325,HAP_1,HAP,0.647169,0.822596,0.335148,0.262359,1,1,1,12,0.263272
325,HAP_2,HAP,0.768803,0.891353,0.062921,0.146384,2,0,0,0,1.007862
325,LEO_0,LEO,0.7059,0.899903,0.048282,0.085306,3,0,0,0,1.218368
325,LEO_1,LEO,0.65915,0.884036,0.316804,0.144718,1,1,1,0,0.510874
326,BS_0,BS,0.68992,0.856375,0.27118,0.15062,1,1,1,3,1.040285
326,BS_1,BS,0.655221,0.825665,0.322783,0.496602,1,1,1,0,0.512682
326,BS_2,BS,0.689023,0.827903,0.27248,0.252093,1,1,1,3,1.215949
326,BS_3,BS,0.633912,0.821522,0.355845,0.267977,1,1,1,4,0.771909
326,BS_4,BS,0.642322,0.816167,0.342665,0.298782,1,1,1,8,0.673925
326,HAP_0,HAP,0.629002,0.884391,0.363621,0.156603,1,1,1,0,1.668377
326,HAP_1,HAP,0.646033,0.822862,0.336905,0.260964,1,1,1,10,0.624789
326,HAP_2,HAP,0.70871,0.902432,0.044309,0.11799,3,0,0,0,0.758994
326,LEO_0,LEO,0.66283,0.908021,0.011237,0.068301,4,0,0,0,1.108809
326,LEO_1,LEO,0.721047,0.883169,0.227051,0.138973,1,1,1,0,1.152639
327,BS_0,BS,0.706612,0.855264,0.247273,0.14801,1,1,1,3,1.004731
327,BS_1,BS,0.45399,0.806711,0.68968,0.611328,1,1,1,1,0.729017
327,BS_2,BS,0.701216,0.832026,0.25494,0.230922,1,1,1,4,0.447604
327,BS_3,BS,0.640908,0.821525,0.34487,0.267903,1,1,1,7,0.356764
327,BS_4,BS,0.64373,0.817505,0.340476,0.291192,1,1,1,8,0.466312
327,HAP_0,HAP,0.812143,0.890133,0.108079,0.130539,1,1,1,0,1.021708
327,HAP_1,HAP,0.621435,0.820747,0.375724,0.272297,1,1,1,12,0.695851
327,HAP_2,HAP,0.650319,0.911926,0.030293,0.094805,4,0,0,0,0.825484
327,LEO_0,LEO,0.695707,0.903531,0.262827,0.085726,1,1,1,0,0.60883
327,LEO_1,LEO,0.792849,0.89437,0.032122,0.111643,2,0,0,0,1.018819
328,BS_0,BS,0.668904,0.851085,0.302115,0.159482,1,1,1,3,1.02213
328,BS_1,BS,0.632145,0.813817,0.358637,0.546942,1,1,1,1,0.678519
328,BS_2,BS,0.634786,0.829352,0.354468,0.241279,1,1,1,5,0.655983
328,BS_3,BS,0.644048,0.821821,0.339982,0.266337,1,1,1,5,0.633178
328,BS_4,BS,0.640366,0.818261,0.345716,0.286737,1,1,1,7,0.486599
328,HAP_0,HAP,0.742812,0.886089,0.197312,0.121951,1,1,1,0,2.852931
328,HAP_1,HAP,0.617901,0.818712,0.381427,0.283307,1,1,1,8,0.456614
328,HAP_2,HAP,0.718676,0.910518,0.230345,0.099721,1,1,1,0,0.445131
328,LEO_0,LEO,0.738538,0.905782,0.203082,0.08714,1,1,1,0,0.429384
328,LEO_1,LEO,0.808688,0.897314,0.112343,0.094994,1,1,1,0,1.174215
329,BS_0,BS,0.575918,0.84006,0.45179,0.219437,1,1,1,2,0.386916
329,BS_1,BS,0.575787,0.815696,0.452017,0.529497,1,1,1,1,0.426974
329,BS_2,BS,0.640119,0.827716,0.346101,0.246927,1,1,1,3,0.745352
329,BS_3,BS,0.647057,0.822338,0.335322,0.263668,1,1,1,4,0.647558
329,BS_4,BS,0.638187,0.818662,0.349123,0.284239,1,1,1,9,0.433686
329,HAP_0,HAP,0.671284,0.881849,0.298562,0.137674,1,1,1,0,0.784105
329,HAP_1,HAP,0.648091,0.819946,0.333725,0.276763,1,1,1,11,0.315812
329,HAP_2,HAP,0.746623,0.908108,0.192195,0.096399,1,1,1,0,0.966895
329,LEO_0,LEO,0.726353,0.902679,0.219719,0.091437,1,1,1,0,0.973957
329,LEO_1,LEO,0.814315,0.898841,0.105407,0.080995,1,1,1,0,1.299643
330,BS_0,BS,0.68495,0.841449,0.278409,0.21043,1,1,1,2,0.688065
330,BS_1,BS,0.558874,0.816463,0.481831,0.52807,1,1,1,1,0.0
330,BS_2,BS,0.699743,0.83175,0.257042,0.227273,1,1,1,4,0.67271
330,BS_3,BS,0.647937,0.822832,0.333962,0.261123,1,1,1,6,0.205577
330,BS_4,BS,0.647992,0.819897,0.333877,0.277554,1,1,1,8,0.34638
330,HAP_0,HAP,0.716359,0.884964,0.233574,0.134689,1,1,1,0,0.584875
330,HAP_1,HAP,0.644034,0.820556,0.340004,0.273432,1,1,1,10,0.23571
330,HAP_2,HAP,0.755811,0.91229,0.079964,0.079997,2,0,0,0,0.955407
330,LEO_0,LEO,0.698111,0.894586,0.259377,0.103424,1,1,1,0,1.280269
330,LEO_1,LEO,0.783075,0.895864,0.144526,0.074195,1,1,1,0,1.723771
331,BS_0,BS,0.815235,0.852862,0.104279,0.173237,1,1,1,2,0.583284
331,BS_1,BS,0.640355,0.822156,0.345732,0.476245,1,1,1,1,0.478495
331,BS_2,BS,0.658648,0.831346,0.317566,0.2272,1,1,1,3,0.997717
331,BS_3,BS,0.634943,0.822013,0.354221,0.265361,1,1,1,7,1.300259
331,BS_4,BS,0.643073,0.820428,0.341498,0.274523,1,1,1,8,0.713927
331,HAP_0,HAP,0.773923,0.889048,0.156283,0.118742,1,1,1,0,1.030693
331,HAP_1,HAP,0.643448,0.82099,0.340914,0.271045,1,1,1,10,0.710733
331,HAP_2,HAP,0.681412,0.915364,0.083588,0.067142,3,0,0,0,0.94663
331,LEO_0,LEO,0.722237,0.894309,0.225402,0.105602,1,1,1,0,0.679586
331,LEO_1,LEO,0.761037,0.8993,0.073073,0.061759,2,0,0,0,1.262499
332,BS_0,BS,0.597734,0.842605,0.414609,0.215945,1,1,1,3,4.660073
332,BS_1,BS,0.519253,0.819861,0.555365,0.51979,1,1,1,0,0.311033
332,BS_2,BS,0.648478,0.830089,0.333126,0.231698,1,1,1,4,0.238093
332,BS_3,BS,0.602272,0.818187,0.407046,0.286847,1,1,1,4,0.400148
332,BS_4,BS,0.600553,0.816748,0.409905,0.295228,1,1,1,11,0.460673
332,HAP_0,HAP,0.801013,0.900521,0.021879,0.095209,2,0,0,0,0.936986
332,HAP_1,HAP,0.643284,0.821322,0.341169,0.269215,1,1,1,10,0.529007
332,HAP_2,HAP,0.663707,0.923349,0.009914,0.053757,4,0,0,0,0.807131
332,LEO_0,LEO,0.787244,0.900671,0.139217,0.093203,1,1,1,0,0.60706
332,LEO_1,LEO,0.673745,0.892065,0.294904,0.088543,1,1,1,0,0.884807
333,BS_0,BS,0.722324,0.845605,0.225282,0.195594,1,1,1,3,0.481191
333,BS_1,BS,0.744392,0.839621,0.195188,0.432976,1,1,1,0,0.456051
333,BS_2,BS,0.647706,0.829012,0.334319,0.235655,1,1,1,4,0.216831
333,BS_3,BS,0.648341,0.81955,0.333339,0.27948,1,1,1,5,0.277291
333,BS_4,BS,0.63585,0.817231,0.352792,0.29219,1,1,1,11,0.606084
333,HAP_0,HAP,0.656865,0.887319,0.320277,0.122327,1,1,1,0,1.873393
333,HAP_1,HAP,0.648036,0.822029,0.333809,0.265514,1,1,1,10,0.489729
333,HAP_2,HAP,0.76181,0.917576,0.172058,0.056328,1,1,1,0,1.138779
333,LEO_0,LEO,0.672722,0.891463,0.296423,0.114102,1,1,1,0,1.250361
333,LEO_1,LEO,0.757187,0.895071,0.178144,0.085115,1,1,1,0,0.744562
334,BS_0,BS,0.676663,0.844057,0.290582,0.194473,1,1,1,3,1.277123
334,BS_1,BS,0.505229,0.828606,0.582743,0.499196,1,1,1,1,0.470722
334,BS_2,BS,0.646341,0.828024,0.336428,0.239456,1,1,1,4,0.957989
334,BS_3,BS,0.648325,0.820638,0.333364,0.273593,1,1,1,3,1.173509
334,BS_4,BS,0.610103,0.815137,0.394128,0.303654,1,1,1,7,1.228847
334,HAP_0,HAP,0.791265,0.8909,0.134122,0.105957,1,1,1,0,1.016517
334,HAP_1,HAP,0.644056,0.822225,0.339969,0.264422,1,1,1,11,0.733362
334,HAP_2,HAP,0.81079,0.918858,0.109747,0.050482,1,1,1,0,0.807678
334,LEO_0,LEO,0.794244,0.900495,0.030365,0.091697,2,0,0,0,1.074537
334,LEO_1,LEO,0.811469,0.899462,0.108909,0.07343,1,1,1,0,1.060258
335,BS_0,BS,0.64031,0.839499,0.345802,0.209389,1,1,1,2,0.418639
335,BS_1,BS,0.540779,0.822737,0.514744,0.518589,1,1,1,1,0.254077
335,BS_2,BS,0.661065,0.828585,0.313903,0.235906,1,1,1,4,0.292731
335,BS_3,BS,0.646636,0.821352,0.335971,0.269669,1,1,1,5,0.33217
335,BS_4,BS,0.643704,0.816679,0.340516,0.295101,1,1,1,8,0.72213
335,HAP_0,HAP,0.743313,0.89706,0.096638,0.088968,2,0,0,0,0.959934
335,HAP_1,HAP,0.647919,0.822741,0.33399,0.261735,1,1,1,11,0.495231
335,HAP_2,HAP,0.805066,0.917378,0.116831,0.046528,1,1,1,0,1.121951
335,LEO_0,LEO,0.675499,0.905844,0.092304,0.077191,3,0,0,0,0.855378
335,LEO_1,LEO,0.737495,0.894498,0.204496,0.077562,1,1,1,0,1.348644
336,BS_0,BS,0.678878,0.839361,0.287313,0.204658,1,1,1,2,0.582609
336,BS_1,BS,0.624961,0.830421,0.370066,0.476499,1,1,1,1,0.0
336,BS_2,BS,0.563632,0.819467,0.473354,0.289554,1,1,1,3,0.749274
336,BS_3,BS,0.60436,0.817867,0.403585,0.289031,1,1,1,7,0.548409
336,BS_4,BS,0.609448,0.814631,0.395202,0.306364,1,1,1,6,0.0
336,HAP_0,HAP,0.717894,0.904923,0.031433,0.071619,3,0,0,0,1.108372
336,HAP_1,HAP,0.646717,0.823042,0.335847,0.260145,1,1,1,12,0.229929
336,HAP_2,HAP,0.702754,0.904597,0.252749,0.065969,1,1,1,0,4.474779
336,LEO_0,LEO,0.619003,0.897193,0.379645,0.126612,1,1,1,0,0.362614
336,LEO_1,LEO,0.628228,0.886993,0.364852,0.121953,1,1,1,0,0.519343
337,BS_0,BS,0.751214,0.845351,0.186065,0.179305,1,1,1,2,0.309521
337,BS_1,BS,0.486988,0.814377,0.619515,0.553908,1,1,1,2,0.408891
337,BS_2,BS,0.715892,0.82652,0.234227,0.256331,1,1,1,3,0.361086
337,BS_3,BS,0.635534,0.818096,0.35329,0.287391,1,1,1,6,0.399926
337,BS_4,BS,0.625124,0.814516,0.369805,0.306631,1,1,1,10,0.526441
337,HAP_0,HAP,0.652425,0.910598,0.02706,0.057625,4,0,0,0,1.193595
337,HAP_1,HAP,0.646952,0.823304,0.335483,0.258763,1,1,1,11,0.434156
337,HAP_2,HAP,0.743471,0.903064,0.096426,0.056959,2,0,0,0,1.572018
337,LEO_0,LEO,0.755548,0.905888,0.080311,0.104192,2,0,0,0,0.763318
337,LEO_1,LEO,0.77965,0.898116,0.048911,0.098639,2,0,0,0,0.900027
338,BS_0,BS,0.710912,0.846814,0.241206,0.169626,1,1,1,3,1.124842
338,BS_1,BS,0.716758,0.822962,0.233017,0.46756,1,1,1,1,1.257281
338,BS_2,BS,0.679095,0.828996,0.286995,0.242129,1,1,1,2,0.938744
338,BS_3,BS,0.632912,0.818031,0.357424,0.287401,1,1,1,5,0.958957
338,BS_4,BS,0.648131,0.816593,0.333662,0.295404,1,1,1,9,1.171938
338,HAP_0,HAP,0.736044,0.907877,0.206466,0.065282,1,1,1,0,0.7338
338,HAP_1,HAP,0.647336,0.82355,0.33489,0.257478,1,1,1,9,0.76031
338,HAP_2,HAP,0.698021,0.906392,0.059505,0.047161,3,0,0,0,1.190425
338,LEO_0,LEO,0.739574,0.903742,0.201681,0.101657,1,1,1,0,0.932295
338,LEO_1,LEO,0.729958,0.894576,0.214768,0.099667,1,1,1,0,1.165304
339,BS_0,BS,0.521214,0.829356,0.551595,0.272616,1,1,1,2,1.09059
339,BS_1,BS,0.765373,0.833415,0.167391,0.386657,1,1,1,2,1.198051
339,BS_2,BS,0.724472,0.836539,0.222312,0.215944,1,1,1,2,0.355527
339,BS_3,BS,0.618295,0.816578,0.38079,0.295172,1,1,1,4,0.734971
339,BS_4,BS,0.638616,0.817367,0.348453,0.290962,1,1,1,10,0.447923
339,HAP_0,HAP,0.814855,0.909613,0.104745,0.057163,1,1,1,0,1.095194
339,HAP_1,HAP,0.62651,0.821785,0.367591,0.266788,1,1,1,7,0.662223
339,HAP_2,HAP,0.618627,0.908121,0.080253,0.040627,4,0,0,0,1.209998
339,LEO_0,LEO,0.812248,0.914135,0.007949,0.081354,2,0,0,0,0.826056
339,LEO_1,LEO,0.768178,0.900494,0.063734,0.081562,2,0,0,0,1.142071
340,BS_0,BS,0.621208,0.82592,0.37609,0.281743,1,1,1,3,0.624129
340,BS_1,BS,0.689096,0.838521,0.272375,0.34271,1,1,1,2,0.573534
340,BS_2,BS,0.696737,0.842752,0.261347,0.203491,1,1,1,2,0.301725
340,BS_3,BS,0.605903,0.8142,0.401036,0.308511,1,1,1,7,0.280269
340,BS_4,BS,0.640146,0.81813,0.346059,0.28666,1,1,1,9,0.79095
340,HAP_0,HAP,0.774224,0.905908,0.155895,0.056667,1,1,1,0,1.293452
340,HAP_1,HAP,0.648294,0.822423,0.333412,0.263454,1,1,1,9,0.405951
340,HAP_2,HAP,0.695502,0.901275,0.263121,0.063656,1,1,1,0,0.8749
340,LEO_0,LEO,0.676578,0.916242,0.090708,0.068786,3,0,0,0,0.993373
340,LEO_1,LEO,0.673719,0.905736,0.094942,0.069306,3,0,0,0,0.836761
341,BS_0,BS,0.719257,0.831964,0.229536,0.249103,1,1,1,3,0.571658
341,BS_1,BS,0.557453,0.82738,0.484377,0.379748,1,1,1,2,0.370994
341,BS_2,BS,0.61704,0.837073,0.382821,0.228741,1,1,1,3,0.206571
341,BS_3,BS,0.628046,0.814451,0.365142,0.306807,1,1,1,7,0.305426
341,BS_4,BS,0.598339,0.814688,0.413598,0.306306,1,1,1,12,0.401282
341,HAP_0,HAP,0.764658,0.900141,0.168327,0.058084,1,1,1,0,2.016489
341,HAP_1,HAP,0.616419,0.819909,0.383829,0.277059,1,1,1,11,0.869415
341,HAP_2,HAP,0.757538,0.9028,0.177682,0.065132,1,1,1,0,0.708993
341,LEO_0,LEO,0.659732,0.923537,0.015922,0.055143,4,0,0,0,0.822115
341,LEO_1,LEO,0.651754,0.912938,0.028088,0.0558,4,0,0,0,1.021616
342,BS_0,BS,0.659406,0.831586,0.316416,0.244336,1,1,1,3,1.139662
342,BS_1,BS,0.644416,0.826665,0.339411,0.355638,1,1,1,1,1.049788
342,BS_2,BS,0.691744,0.838714,0.268539,0.215444,1,1,1,3,1.233359
342,BS_3,BS,0.647983,0.816528,0.333891,0.295613,1,1,1,7,1.296567
342,BS_4,BS,0.638591,0.815841,0.348491,0.299696,1,1,1,11,1.39703
342,HAP_0,HAP,0.770208,0.90155,0.061095,0.048147,2,0,0,0,1.611279
342,HAP_1,HAP,0.644707,0.820589,0.338959,0.273349,1,1,1,9,1.040684
342,HAP_2,HAP,0.630449,0.887049,0.361323,0.110855,1,1,1,0,1.573997
342,LEO_0,LEO,0.809385,0.922205,0.111481,0.049707,1,1,1,0,1.029334
342,LEO_1,LEO,0.828131,0.91332,0.088584,0.048171,1,1,0,0,1.215305
343,BS_0,BS,0.750053,0.839012,0.187612,0.211308,1,1,1,3,0.577109
343,BS_1,BS,0.743383,0.835689,0.196544,0.301894,1,1,1,1,0.697761
343,BS_2,BS,0.529179,0.827718,0.536429,0.301845,1,1,1,2,0.318122
343,BS_3,BS,0.646543,0.818055,0.336116,0.287328,1,1,1,7,0.220345
343,BS_4,BS,0.636373,0.816555,0.35197,0.295504,1,1,1,10,0.361959
343,HAP_0,HAP,0.6931,0.902266,0.066581,0.040512,3,0,0,0,1.913733
343,HAP_1,HAP,0.647715,0.821413,0.334304,0.268971,1,1,1,10,0.65493
343,HAP_2,HAP,0.546923,0.874556,0.503448,0.202741,1,1,1,0,0.271717
343,LEO_0,LEO,0.752607,0.914348,0.184212,0.055036,1,1,1,0,1.297091
343,LEO_1,LEO,0.746105,0.904739,0.192888,0.055279,1,1,1,0,1.509724
344,BS_0,BS,0.710815,0.841729,0.241343,0.195257,1,1,1,3,1.077704
344,BS_1,BS,0.703662,0.838693,0.251458,0.269969,1,1,1,2,0.693135
344,BS_2,BS,0.747439,0.838297,0.191103,0.25791,1,1,1,1,0.612148
344,BS_3,BS,0.64513,0.819146,0.338304,0.281365,1,1,1,6,1.144072
344,BS_4,BS,0.64774,0.818188,0.334267,0.286683,1,1,1,10,0.581021
344,HAP_0,HAP,0.768783,0.900499,0.162946,0.044358,1,1,1,0,1.06758
344,HAP_1,HAP,0.638695,0.821231,0.348328,0.269776,1,1,1,8,0.800204
344,HAP_2,HAP,0.869367,0.890259,0.039989,0.162912,1,1,1,0,0.751382
344,LEO_0,LEO,0.783271,0.913175,0.144277,0.053396,1,1,1,0,0.896774
344,LEO_1,LEO,0.713919,0.899363,0.236986,0.069496,1,1,1,0,0.917629
345,BS_0,BS,0.635019,0.837137,0.354101,0.21263,1,1,1,2,0.649973
345,BS_1,BS,0.756516,0.845259,0.179031,0.230399,1,1,1,2,0.621518
345,BS_2,BS,0.746147,0.848072,0.192832,0.223061,1,1,1,1,0.276008
345,BS_3,BS,0.646776,0.820171,0.335756,0.275821,1,1,1,7,0.327439
345,BS_4,BS,0.610339,0.815926,0.39374,0.299111,1,1,1,9,0.614818
345,HAP_0,HAP,0.721595,0.898191,0.226291,0.05853,1,1,1,0,0.790462
345,HAP_1,HAP,0.646261,0.821792,0.336552,0.266791,1,1,1,9,0.372488
345,HAP_2,HAP,0.585437,0.872686,0.435396,0.215636,1,1,1,0,2.243372
345,LEO_0,LEO,0.815219,0.915767,0.104299,0.047612,1,1,1,0,0.823237
345,LEO_1,LEO,0.698736,0.896938,0.258483,0.085663,1,1,1,0,0.62518
346,BS_0,BS,0.541315,0.828258,0.513754,0.288879,1,1,1,1,0.494355
346,BS_1,BS,0.657642,0.842071,0.319095,0.230139,1,1,1,3,0.655553
346,BS_2,BS,0.549667,0.834352,0.498442,0.290249,1,1,1,3,0.929648
346,BS_3,BS,0.628852,0.819306,0.36386,0.280234,1,1,1,6,0.0
346,BS_4,BS,0.645935,0.817517,0.337057,0.290412,1,1,1,9,0.0
346,HAP_0,HAP,0.800098,0.908207,0.023021,0.047062,2,0,0,0,0.904794
346,HAP_1,HAP,0.648172,0.822417,0.3336,0.263513,1,1,1,9,0.116562
346,HAP_2,HAP,0.52612,0.861658,0.542227,0.304814,1,1,1,0,0.159776
346,LEO_0,LEO,0.653775,0.899411,0.324992,0.085618,1,1,1,0,2.921101
346,LEO_1,LEO,0.746454,0.901073,0.192421,0.085192,1,1,1,0,0.440478
347,BS_0,BS,0.66626,0.830116,0.306076,0.27326,1,1,1,2,0.597737
347,BS_1,BS,0.516813,0.831018,0.560075,0.325269,1,1,1,2,0.211189
347,BS_2,BS,0.706413,0.837789,0.247555,0.259777,1,1,1,3,0.527558
347,BS_3,BS,0.637995,0.819479,0.349424,0.279131,1,1,1,5,0.494558
347,BS_4,BS,0.64831,0.819011,0.333386,0.282345,1,1,1,8,0.738754
347,HAP_0,HAP,0.671078,0.89484,0.298869,0.077845,1,1,1,0,2.637036
347,HAP_1,HAP,0.644845,0.822609,0.338745,0.262447,1,1,1,10,0.337829
347,HAP_2,HAP,0.762834,0.87606,0.170715,0.256965,1,1,1,0,0.279011
347,LEO_0,LEO,0.580728,0.886844,0.443473,0.156995,1,1,1,0,0.416922
347,LEO_1,LEO,0.560268,0.879398,0.479339,0.171549,1,1,1,0,1.46417
348,BS_0,BS,0.63857,0.833532,0.348523,0.273269,1,1,1,2,0.371078
348,BS_1,BS,0.662834,0.832333,0.311231,0.303804,1,1,1,3,0.600289
348,BS_2,BS,0.523848,0.82247,0.546553,0.342246,1,1,1,1,1.263725
348,BS_3,BS,0.648078,0.820559,0.333744,0.273428,1,1,1,5,0.580389
348,BS_4,BS,0.616855,0.817221,0.383122,0.291928,1,1,1,13,0.368395
348,HAP_0,HAP,0.614313,0.88555,0.387251,0.12976,1,1,1,0,0.54112
348,HAP_1,HAP,0.644378,0.822719,0.33947,0.261816,1,1,1,10,0.780754
348,HAP_2,HAP,0.494308,0.851967,0.604597,0.370064,1,1,1,0,2.005057
348,LEO_0,LEO,0.809548,0.901223,0.01128,0.125654,2,0,0,0,0.795051
348,LEO_1,LEO,0.75795,0.888785,0.077138,0.139917,2,0,0,0,0.9456
349,BS_0,BS,0.547274,0.822728,0.502806,0.332381,1,1,1,2,0.484633
349,BS_1,BS,0.808581,0.844357,0.112475,0.248736,1,1,1,2,0.793556
349,BS_2,BS,0.427226,0.807864,0.750441,0.52722,1,1,1,1,0.0
349,BS_3,BS,0.630363,0.819759,0.36146,0.277537,1,1,1,7,0.0
349,BS_4,BS,0.625483,0.816623,0.369232,0.294892,1,1,1,9,0.0
349,HAP_0,HAP,0.695093,0.888324,0.26371,0.135102,1,1,1,0,0.359517
349,HAP_1,HAP,0.639683,0.822368,0.346783,0.263569,1,1,1,11,0.374466
349,HAP_2,HAP,0.731094,0.861188,0.213213,0.316508,1,1,1,0,0.633975
349,LEO_0,LEO,0.602151,0.883028,0.407248,0.175156,1,1,1,0,2.622165
349,LEO_1,LEO,0.752811,0.885971,0.183941,0.127159,1,1,1,0,1.808704
350,BS_0,BS,0.480604,0.813879,0.632711,0.446051,1,1,1,1,0.205287
350,BS_1,BS,0.757865,0.849898,0.17725,0.213127,1,1,1,2,6.152135
350,BS_2,BS,0.425226,0.787966,0.755134,0.678378,1,1,1,3,0.783018
350,BS_3,BS,0.634903,0.81955,0.354282,0.278512,1,1,1,6,0.660003
350,BS_4,BS,0.647861,0.818254,0.33408,0.286138,1,1,1,9,0.354525
350,HAP_0,HAP,0.805966,0.896896,0.115714,0.114107,1,1,1,0,0.74522
350,HAP_1,HAP,0.646483,0.822722,0.336208,0.261721,1,1,1,7,0.355842
350,HAP_2,HAP,0.85457,0.876431,0.057157,0.254677,1,1,1,0,0.946399
350,LEO_0,LEO,0.725347,0.88418,0.221105,0.162124,1,1,1,0,0.784222
350,LEO_1,LEO,0.730799,0.885695,0.213617,0.122261,1,1,1,0,0.932586
351,BS_0,BS,0.629101,0.82018,0.363463,0.416288,1,1,1,1,0.716374
351,BS_1,BS,0.506972,0.83515,0.5793,0.321516,1,1,1,1,0.547287
351,BS_2,BS,0.716916,0.801802,0.232797,0.56709,1,1,1,3,0.475984
351,BS_3,BS,0.644688,0.820301,0.338989,0.27452,1,1,1,5,0.51616
351,BS_4,BS,0.618543,0.81678,0.380389,0.294023,1,1,1,11,0.526122
351,HAP_0,HAP,0.694729,0.891226,0.264233,0.122704,1,1,1,0,1.134092
351,HAP_1,HAP,0.647586,0.823108,0.334503,0.259728,1,1,1,11,0.342464
351,HAP_2,HAP,0.652695,0.867728,0.326645,0.251755,1,1,1,0,1.746219
351,LEO_0,LEO,0.769592,0.890418,0.161895,0.141494,1,1,1,0,0.677042
351,LEO_1,LEO,0.771996,0.895005,0.058776,0.099364,2,0,0,0,0.996389
352,BS_0,BS,0.50421,0.807235,0.584762,0.486907,1,1,1,1,0.845038
352,BS_1,BS,0.530996,0.822138,0.533001,0.385053,1,1,1,3,0.424552
352,BS_2,BS,0.718168,0.812658,0.231052,0.477695,1,1,1,3,1.101393
352,BS_3,BS,0.636547,0.820139,0.351697,0.275277,1,1,1,7,0.893965
352,BS_4,BS,0.643077,0.817934,0.341491,0.287696,1,1,1,11,0.758727
352,HAP_0,HAP,0.813509,0.903048,0.006398,0.098182,2,0,0,0,0.932599
352,HAP_1,HAP,0.642236,0.822918,0.3428,0.260663,1,1,1,10,0.752718
352,HAP_2,HAP,0.884302,0.880312,0.022957,0.201641,1,1,1,0,1.216258
352,LEO_0,LEO,0.803105,0.903192,0.01927,0.113362,2,0,0,0,0.818012
352,LEO_1,LEO,0.789632,0.89897,0.136188,0.087837,1,1,1,0,0.857261
353,BS_0,BS,0.662615,0.814902,0.311561,0.433207,1,1,1,2,0.325845
353,BS_1,BS,0.745571,0.831294,0.193605,0.32491,1,1,1,2,0.410171
353,BS_2,BS,0.629625,0.813384,0.362632,0.441332,1,1,1,2,0.648018
353,BS_3,BS,0.648337,0.821111,0.333344,0.270225,1,1,1,6,0.207496
353,BS_4,BS,0.648231,0.819337,0.333508,0.280209,1,1,1,11,0.532483
353,HAP_0,HAP,0.68109,0.89149,0.284061,0.114856,1,1,1,0,1.499428
353,HAP_1,HAP,0.64286,0.822825,0.341828,0.261111,1,1,1,11,0.692814
353,HAP_2,HAP,0.880591,0.88965,0.027162,0.161645,1,1,1,0,1.308903
353,LEO_0,LEO,0.637589,0.888602,0.350062,0.145834,1,1,1,0,1.418877
353,LEO_1,LEO,0.67027,0.887399,0.300074,0.11079,1,1,1,0,1.51465
354,BS_0,BS,0.74777,0.829742,0.19066,0.362924,1,1,1,2,0.23351
354,BS_1,BS,0.725393,0.836812,0.221042,0.281915,1,1,1,3,2.251872
354,BS_2,BS,0.793718,0.828377,0.131027,0.360791,1,1,1,2,0.553493
354,BS_3,BS,0.642364,0.821332,0.3426,0.268999,1,1,1,7,0.490053
354,BS_4,BS,0.644875,0.820148,0.338699,0.27579,1,1,1,10,0.314268
354,HAP_0,HAP,0.527318,0.875841,0.539952,0.223082,1,1,1,0,0.271573
354,HAP_1,HAP,0.627493,0.821298,0.366022,0.269177,1,1,1,8,0.296088
354,HAP_2,HAP,0.807589,0.890304,0.113702,0.135134,1,1,1,0,4.045811
354,LEO_0,LEO,0.641432,0.883501,0.344052,0.169935,1,1,1,0,0.518459
354,LEO_1,LEO,0.667571,0.883362,0.30411,0.130249,1,1,1,0,0.694524
355,BS_0,BS,0.629506,0.827877,0.362819,0.349576,1,1,1,1,1.210982
355,BS_1,BS,0.596636,0.829471,0.416448,0.303575,1,1,1,2,1.380763
355,BS_2,BS,0.708666,0.833146,0.244371,0.315506,1,1,1,3,2.034324
355,BS_3,BS,0.645702,0.821821,0.337417,0.266431,1,1,1,5,0.214509
355,BS_4,BS,0.645267,0.820833,0.338091,0.272069,1,1,1,10,0.515816
355,HAP_0,HAP,0.747768,0.88552,0.190662,0.194824,1,1,1,0,0.34035
355,HAP_1,HAP,0.646966,0.821911,0.335462,0.265982,1,1,1,9,0.124577
355,HAP_2,HAP,0.783179,0.89466,0.044394,0.108994,2,0,0,0,2.809928
355,LEO_0,LEO,0.708975,0.888054,0.243935,0.162725,1,1,1,0,0.345375
355,LEO_1,LEO,0.652988,0.882788,0.326197,0.152081,1,1,1,0,0.333493
356,BS_0,BS,0.579033,0.822244,0.446396,0.369332,1,1,1,2,0.292644
356,BS_1,BS,0.612288,0.825145,0.390553,0.311499,1,1,1,3,0.370421
356,BS_2,BS,0.725963,0.838323,0.220257,0.274235,1,1,1,3,0.778312
356,BS_3,BS,0.648034,0.822428,0.333812,0.263289,1,1,1,6,0.791448
356,BS_4,BS,0.626339,0.819594,0.367863,0.278551,1,1,1,8,0.541528
356,HAP_0,HAP,0.677105,0.882386,0.289929,0.193685,1,1,1,0,0.986466
356,HAP_1,HAP,0.639706,0.821724,0.346746,0.26689,1,1,1,10,0.554348
356,HAP_2,HAP,0.699511,0.898894,0.057374,0.088676,3,0,0,0,1.301064
356,LEO_0,LEO,0.704847,0.886868,0.249775,0.158254,1,1,1,0,0.97085
356,LEO_1,LEO,0.680361,0.879536,0.285132,0.15825,1,1,1,0,1.089954
357,BS_0,BS,0.795104,0.836983,0.129282,0.302987,1,1,1,2,0.513111
357,BS_1,BS,0.725611,0.831872,0.220742,0.271126,1,1,1,3,0.798835
357,BS_2,BS,0.684083,0.838882,0.279676,0.254587,1,1,1,3,1.773735
357,BS_3,BS,0.643337,0.822477,0.341086,0.262984,1,1,1,5,0.524131
357,BS_4,BS,0.642962,0.820175,0.341669,0.275373,1,1,1,10,0.22971
357,HAP_0,HAP,0.861874,0.894495,0.048647,0.156013,1,1,1,0,0.845933
357,HAP_1,HAP,0.646075,0.822169,0.33684,0.26457,1,1,1,8,0.533781
357,HAP_2,HAP,0.668877,0.891265,0.302154,0.112025,1,1,1,0,0.880264
357,LEO_0,LEO,0.649597,0.8768,0.331403,0.176026,1,1,1,0,1.386604
357,LEO_1,LEO,0.757757,0.889094,0.077393,0.129295,2,0,0,0,0.996753
358,BS_0,BS,0.621296,0.832418,0.375948,0.305991,1,1,1,2,0.362895
358,BS_1,BS,0.652243,0.830857,0.327338,0.265119,1,1,1,3,0.780066
358,BS_2,BS,0.658709,0.837058,0.317474,0.249025,1,1,1,3,0.329226
358,BS_3,BS,0.647572,0.82291,0.334525,0.260745,1,1,1,4,0.306691
358,BS_4,BS,0.630685,0.819483,0.360949,0.278926,1,1,1,11,0.742429
358,HAP_0,HAP,0.633372,0.880496,0.356697,0.182065,1,1,1,0,2.549046
358,HAP_1,HAP,0.647353,0.822643,0.334864,0.262116,1,1,1,10,0.563869
358,HAP_2,HAP,0.728223,0.892613,0.217148,0.110839,1,1,1,0,0.678212
358,LEO_0,LEO,0.712986,0.8789,0.238294,0.166373,1,1,1,0,0.709983
358,LEO_1,LEO,0.681918,0.896332,0.082846,0.106525,3,0,0,0,0.99934
359,BS_0,BS,0.760066,0.840551,0.17435,0.258472,1,1,1,2,0.696561
359,BS_1,BS,0.736106,0.837303,0.206381,0.231262,1,1,1,3,1.374347
359,BS_2,BS,0.575491,0.827494,0.452532,0.291373,1,1,1,2,0.777217
359,BS_3,BS,0.636448,0.822217,0.351852,0.264306,1,1,1,6,1.298039
359,BS_4,BS,0.601011,0.816038,0.409142,0.29847,1,1,1,9,0.643608
359,HAP_0,HAP,0.748609,0.887739,0.089538,0.14926,2,0,0,0,1.068242
359,HAP_1,HAP,0.648344,0.823115,0.333334,0.259693,1,1,1,10,0.899748
359,HAP_2,HAP,0.763074,0.900789,0.070401,0.090901,2,0,0,0,0.950413
359,LEO_0,LEO,0.798963,0.88483,0.124441,0.140067,1,1,1,0,1.146886
359,LEO_1,LEO,0.618266,0.902272,0.080837,0.08816,4,0,0,0,0.993528
360,BS_0,BS,0.523216,0.829587,0.547761,0.341797,1,1,1,1,0.576509
360,BS_1,BS,0.695114,0.839022,0.263679,0.216296,1,1,1,3,0.930207
360,BS_2,BS,0.802713,0.83981,0.119758,0.239553,1,1,1,2,1.046392
360,BS_3,BS,0.619355,0.820029,0.379077,0.27611,1,1,1,5,1.033377
360,BS_4,BS,0.634444,0.81653,0.355006,0.295489,1,1,1,12,1.405608
360,HAP_0,HAP,0.785993,0.891226,0.140807,0.12833,1,1,1,0,1.032441
360,HAP_1,HAP,0.64806,0.823465,0.333772,0.257886,1,1,1,10,0.690239
360,HAP_2,HAP,0.780133,0.901488,0.148291,0.082617,1,1,1,0,1.05377
360,LEO_0,LEO,0.798145,0.896268,0.025465,0.112346,2,0,0,0,0.987936
360,LEO_1,LEO,0.874282,0.910511,0.034352,0.071059,1,1,0,0,0.907122
361,BS_0,BS,0.612447,0.826255,0.390293,0.341985,1,1,1,2,0.707185
361,BS_1,BS,0.673266,0.83848,0.295615,0.212362,1,1,1,3,0.972239
361,BS_2,BS,0.733378,0.844242,0.210094,0.211505,1,1,1,3,1.130744
361,BS_3,BS,0.643597,0.820582,0.340683,0.273117,1,1,1,6,0.446674
361,BS_4,BS,0.641218,0.817561,0.344386,0.289762,1,1,1,12,1.371654
361,HAP_0,HAP,0.759196,0.898644,0.075496,0.105229,2,0,0,0,0.962915
361,HAP_1,HAP,0.61597,0.820699,0.384557,0.272857,1,1,1,6,0.787312
361,HAP_2,HAP,0.810343,0.910618,0.010298,0.066141,2,0,0,0,0.98826
361,LEO_0,LEO,0.785786,0.900216,0.141071,0.098832,1,1,1,0,0.790057
361,LEO_1,LEO,0.676459,0.89745,0.290884,0.094924,1,1,1,0,1.45708
362,BS_0,BS,0.613518,0.829531,0.388546,0.341524,1,1,1,1,0.0
362,BS_1,BS,0.725541,0.843026,0.220838,0.191836,1,1,1,2,0.279441
362,BS_2,BS,0.693038,0.844394,0.266671,0.201205,1,1,1,2,0.770112
362,BS_3,BS,0.647014,0.821343,0.335387,0.269111,1,1,1,6,0.539488
362,BS_4,BS,0.643409,0.81859,0.340975,0.284128,1,1,1,13,0.0
362,HAP_0,HAP,0.739167,0.898876,0.202231,0.102587,1,1,1,0,0.743036
362,HAP_1,HAP,0.641085,0.820883,0.344593,0.27172,1,1,1,8,0.182264
362,HAP_2,HAP,0.684304,0.897742,0.279353,0.08803,1,1,1,0,4.910945
362,LEO_0,LEO,0.81806,0.906879,0.100819,0.08364,1,1,1,0,0.697275
362,LEO_1,LEO,0.608218,0.887452,0.397221,0.146942,1,1,1,0,0.496703
363,BS_0,BS,0.660283,0.831826,0.315086,0.317895,1,1,1,1,0.669999
363,BS_1,BS,0.76109,0.849139,0.173004,0.166937,1,1,1,3,1.293983
363,BS_2,BS,0.699736,0.845092,0.257051,0.190698,1,1,1,2,0.775826
363,BS_3,BS,0.64702,0.821951,0.335378,0.265904,1,1,1,7,0.558178
363,BS_4,BS,0.647725,0.819815,0.334288,0.27759,1,1,1,14,0.276692
363,HAP_0,HAP,0.645377,0.885244,0.337921,0.133455,1,1,1,0,1.876562
363,HAP_1,HAP,0.646698,0.821554,0.335876,0.268142,1,1,1,7,0.222164
363,HAP_2,HAP,0.544138,0.882156,0.508552,0.186806,1,1,1,0,0.340811
363,LEO_0,LEO,0.610526,0.888448,0.393435,0.136568,1,1,1,0,2.142957
363,LEO_1,LEO,0.792653,0.900639,0.03237,0.118025,2,0,0,0,0.755741
364,BS_0,BS,0.620477,0.828246,0.377267,0.318364,1,1,1,2,0.639699
364,BS_1,BS,0.795679,0.856617,0.12856,0.140987,1,1,1,2,1.226769
364,BS_2,BS,0.71992,0.847357,0.228615,0.176077,1,1,1,3,0.586459
364,BS_3,BS,0.63474,0.821289,0.354539,0.269288,1,1,1,5,0.347825
364,BS_4,BS,0.648294,0.820847,0.333412,0.272095,1,1,1,12,0.789012
364,HAP_0,HAP,0.743683,0.891302,0.09614,0.110923,2,0,0,0,1.051129
364,HAP_1,HAP,0.607758,0.818365,0.397979,0.285788,1,1,1,11,0.672344
364,HAP_2,HAP,0.796633,0.889122,0.127361,0.156744,1,1,1,0,0.981979
364,LEO_0,LEO,0.728309,0.888723,0.21703,0.13045,1,1,1,0,0.79043
364,LEO_1,LEO,0.622518,0.884596,0.373983,0.157358,1,1,1,0,2.040228
365,BS_0,BS,0.697294,0.832048,0.260549,0.28524,1,1,1,2,1.253144
365,BS_1,BS,0.707491,0.855536,0.24603,0.140029,1,1,1,3,1.290868
365,BS_2,BS,0.622294,0.840425,0.374342,0.203921,1,1,1,2,0.777884
365,BS_3,BS,0.631918,0.820491,0.358995,0.273425,1,1,1,6,0.836181
365,BS_4,BS,0.642209,0.821107,0.342841,0.270569,1,1,1,12,1.380251
365,HAP_0,HAP,0.762012,0.892743,0.171793,0.10202,1,1,1,0,0.970677
365,HAP_1,HAP,0.644873,0.81937,0.338703,0.280254,1,1,1,8,0.735768
365,HAP_2,HAP,0.742424,0.898316,0.097834,0.129702,2,0,0,0,0.664877
365,LEO_0,LEO,0.78034,0.897712,0.048026,0.105398,2,0,0,0,1.07276
365,LEO_1,LEO,0.768906,0.887997,0.162786,0.137811,1,1,1,0,0.902151
366,BS_0,BS,0.730531,0.839398,0.213984,0.248797,1,1,1,1,0.67773
366,BS_1,BS,0.54775,0.841261,0.501937,0.225396,1,1,1,1,0.745447
366,BS_2,BS,0.733439,0.844739,0.210011,0.182984,1,1,1,3,1.004234
366,BS_3,BS,0.596541,0.816397,0.416608,0.296843,1,1,1,7,0.407869
366,BS_4,BS,0.64596,0.821665,0.337018,0.267567,1,1,1,14,0.971601
366,HAP_0,HAP,0.778335,0.901412,0.050598,0.082768,2,0,0,0,0.968597
366,HAP_1,HAP,0.60019,0.815865,0.410509,0.300036,1,1,1,6,0.856671
366,HAP_2,HAP,0.747954,0.895793,0.190414,0.120078,1,1,1,0,1.251582
366,LEO_0,LEO,0.695936,0.903818,0.062497,0.086076,3,0,0,0,1.065606
366,LEO_1,LEO,0.788369,0.889663,0.137789,0.118793,1,1,1,0,1.310643
367,BS_0,BS,0.699857,0.841425,0.256879,0.228732,1,1,1,2,0.990328
367,BS_1,BS,0.800252,0.852099,0.122829,0.187106,1,1,1,2,0.511043
367,BS_2,BS,0.648937,0.840846,0.332419,0.196113,1,1,1,4,1.0213
367,BS_3,BS,0.634592,0.816831,0.354773,0.294113,1,1,1,6,0.617678
367,BS_4,BS,0.643868,0.821916,0.340261,0.266153,1,1,1,11,0.866483
367,HAP_0,HAP,0.671589,0.903266,0.098108,0.070546,3,0,0,0,1.253512
367,HAP_1,HAP,0.725531,0.824441,0.220852,0.261978,1,1,1,6,0.848694
367,HAP_2,HAP,0.808436,0.897322,0.112654,0.101773,1,1,1,0,1.283309
367,LEO_0,LEO,0.65705,0.91249,0.019995,0.069041,4,0,0,0,0.905507
367,LEO_1,LEO,0.80676,0.898571,0.014729,0.095132,2,0,0,0,1.22271
368,BS_0,BS,0.646417,0.842471,0.33631,0.233882,1,1,1,1,0.382254
368,BS_1,BS,0.610131,0.843327,0.394081,0.21957,1,1,1,3,0.93088
368,BS_2,BS,0.607625,0.83486,0.398198,0.228243,1,1,1,2,0.361525
368,BS_3,BS,0.64287,0.817956,0.341813,0.287867,1,1,1,6,0.595672
368,BS_4,BS,0.64738,0.822444,0.334822,0.26337,1,1,1,12,0.659264
368,HAP_0,HAP,0.762352,0.904396,0.171347,0.069648,1,1,1,0,0.692519
368,HAP_1,HAP,0.687502,0.828071,0.274691,0.243537,1,1,1,8,0.590838
368,HAP_2,HAP,0.811092,0.90072,0.109374,0.086802,1,1,1,0,1.008024
368,LEO_0,LEO,0.853539,0.917702,0.058364,0.056765,1,1,0,0,0.864499
368,LEO_1,LEO,0.728438,0.906044,0.016853,0.076233,3,0,0,0,1.168303
369,BS_0,BS,0.691466,0.848203,0.268941,0.219654,1,1,1,1,0.255012
369,BS_1,BS,0.751024,0.848541,0.186318,0.191277,1,1,1,3,0.480337
369,BS_2,BS,0.753316,0.842107,0.183271,0.197709,1,1,1,2,0.33508
369,BS_3,BS,0.6483,0.819361,0.333402,0.280314,1,1,1,5,0.349948
369,BS_4,BS,0.648148,0.822937,0.333636,0.260787,1,1,1,10,0.528378
369,HAP_0,HAP,0.756846,0.909172,0.078596,0.058498,2,0,0,0,1.005186
369,HAP_1,HAP,0.661752,0.828685,0.312865,0.238878,1,1,1,7,0.713235
369,HAP_2,HAP,0.730423,0.893613,0.214131,0.090075,1,1,1,0,1.71454
369,LEO_0,LEO,0.747172,0.910838,0.19146,0.061908,1,1,1,0,1.259762
369,LEO_1,LEO,0.803996,0.907464,0.118161,0.06727,1,1,1,0,0.990195
370,BS_0,BS,0.714142,0.855367,0.236673,0.20093,1,1,1,1,0.288934
370,BS_1,BS,0.707395,0.849074,0.246167,0.180291,1,1,1,3,1.131684
370,BS_2,BS,0.693972,0.842809,0.265324,0.189846,1,1,1,4,0.504493
370,BS_3,BS,0.647841,0.820442,0.33411,0.274485,1,1,1,6,0.33885
370,BS_4,BS,0.648341,0.823349,0.333338,0.258631,1,1,1,10,0.386619
370,HAP_0,HAP,0.747365,0.904548,0.191201,0.06325,1,1,1,0,1.173997
370,HAP_1,HAP,0.650548,0.828152,0.329939,0.240089,1,1,1,9,0.826123
370,HAP_2,HAP,0.759396,0.893533,0.175231,0.085878,1,1,1,0,1.002639
370,LEO_0,LEO,0.706127,0.906251,0.247961,0.077194,1,1,1,0,0.646863
370,LEO_1,LEO,0.792176,0.912862,0.032971,0.054305,2,0,0,0,1.134316
371,BS_0,BS,0.602632,0.846108,0.406449,0.235084,1,1,1,2,0.879511
371,BS_1,BS,0.662058,0.845518,0.312402,0.188151,1,1,1,2,1.252092
371,BS_2,BS,0.681323,0.842233,0.283719,0.1881,1,1,1,3,1.17384
371,BS_3,BS,0.597781,0.816482,0.414531,0.296914,1,1,1,3,0.392442
371,BS_4,BS,0.647048,0.823559,0.335335,0.257507,1,1,1,13,0.492422
371,HAP_0,HAP,0.77722,0.910553,0.052031,0.051818,2,0,0,0,0.962511
371,HAP_1,HAP,0.64778,0.827469,0.334205,0.242333,1,1,1,9,1.05077
371,HAP_2,HAP,0.805326,0.898214,0.116508,0.07481,1,1,1,0,0.93167
371,LEO_0,LEO,0.682273,0.89554,0.282325,0.097624,1,1,1,0,1.376553
371,LEO_1,LEO,0.690585,0.914387,0.070216,0.045663,3,0,0,0,1.182924
372,BS_0,BS,0.638569,0.841215,0.348526,0.242729,1,1,1,2,0.677177
372,BS_1,BS,0.736581,0.84907,0.205736,0.169568,1,1,1,3,0.483349
372,BS_2,BS,0.646459,0.838613,0.336246,0.201358,1,1,1,4,0.76821
372,BS_3,BS,0.701175,0.822885,0.254997,0.266792,1,1,1,7,0.682591
372,BS_4,BS,0.648134,0.823828,0.333658,0.256103,1,1,1,13,0.383144
372,HAP_0,HAP,0.72864,0.901455,0.216575,0.062562,1,1,1,0,1.727367
372,HAP_1,HAP,0.648524,0.826992,0.333056,0.243783,1,1,1,8,0.225634
372,HAP_2,HAP,0.695228,0.888835,0.263515,0.091097,1,1,1,0,2.407951
372,LEO_0,LEO,0.681499,0.892002,0.28346,0.114257,1,1,1,0,0.614724
372,LEO_1,LEO,0.742225,0.911959,0.198102,0.05419,1,1,1,0,0.66586
373,BS_0,BS,0.714744,0.846076,0.235831,0.219211,1,1,1,2,0.69671
373,BS_1,BS,0.706642,0.849423,0.247231,0.16316,1,1,1,3,1.368416
373,BS_2,BS,0.630758,0.834241,0.360833,0.219677,1,1,1,3,1.095291
373,BS_3,BS,0.626865,0.821287,0.367024,0.274051,1,1,1,7,1.232885
373,BS_4,BS,0.602437,0.819656,0.406773,0.279341,1,1,1,9,0.716234
373,HAP_0,HAP,0.765301,0.90276,0.067486,0.052099,2,0,0,0,1.444593
373,HAP_1,HAP,0.648387,0.826598,0.333267,0.245007,1,1,1,8,0.595717
373,HAP_2,HAP,0.788469,0.89624,0.037662,0.073515,2,0,0,0,1.223009
373,LEO_0,LEO,0.744696,0.898221,0.094779,0.095448,2,0,0,0,1.026205
373,LEO_1,LEO,0.736244,0.905843,0.206194,0.062484,1,1,1,0,1.227382
374,BS_0,BS,0.722567,0.85015,0.224945,0.198138,1,1,1,1,0.742644
374,BS_1,BS,0.559253,0.835669,0.481152,0.234706,1,1,1,1,1.146243
374,BS_2,BS,0.648072,0.832368,0.333753,0.225867,1,1,1,4,0.860015
374,BS_3,BS,0.602581,0.817638,0.406533,0.293612,1,1,1,5,0.216611
374,BS_4,BS,0.648181,0.82071,0.333585,0.273549,1,1,1,10,0.366708
374,HAP_0,HAP,0.751067,0.900483,0.186261,0.057291,1,1,1,0,0.959753
374,HAP_1,HAP,0.646834,0.826138,0.335665,0.246707,1,1,1,7,0.776077
374,HAP_2,HAP,0.770945,0.896652,0.160138,0.070352,1,1,1,0,1.027254
374,LEO_0,LEO,0.721622,0.908336,0.026254,0.076668,3,0,0,0,0.840918
374,LEO_1,LEO,0.798337,0.904549,0.125224,0.057044,1,1,1,0,1.292674
375,BS_0,BS,0.679343,0.849384,0.286629,0.195481,1,1,1,2,0.591692
375,BS_1,BS,0.800625,0.846193,0.122363,0.194503,1,1,1,1,0.730831
375,BS_2,BS,0.647151,0.830783,0.335176,0.231248,1,1,1,3,0.391142
375,BS_3,BS,0.611403,0.81559,0.391999,0.304038,1,1,1,9,0.733935
375,BS_4,BS,0.634537,0.820276,0.35486,0.275506,1,1,1,10,0.259564
375,HAP_0,HAP,0.790019,0.907672,0.035698,0.046406,2,0,0,0,1.057823
375,HAP_1,HAP,0.640936,0.825221,0.344825,0.250873,1,1,1,6,0.886212
375,HAP_2,HAP,0.811287,0.901198,0.109133,0.061641,1,1,1,0,0.928609
375,LEO_0,LEO,0.661591,0.917413,0.013108,0.061412,4,0,0,0,0.841967
375,LEO_1,LEO,0.800178,0.905872,0.122921,0.052434,1,1,1,0,0.983743
376,BS_0,BS,0.629148,0.842996,0.363389,0.215808,1,1,1,3,0.687638
376,BS_1,BS,0.591644,0.836464,0.424851,0.236826,1,1,1,3,1.2028
376,BS_2,BS,0.456086,0.812605,0.685073,0.396195,1,1,1,2,0.484095
376,BS_3,BS,0.649008,0.817534,0.33231,0.292924,1,1,1,7,0.312537
376,BS_4,BS,0.644341,0.820849,0.339528,0.27228,1,1,1,11,0.605133
376,HAP_0,HAP,0.69642,0.910395,0.061802,0.038844,3,0,0,0,1.240052
376,HAP_1,HAP,0.643407,0.824718,0.340978,0.253018,1,1,1,7,0.334933
376,HAP_2,HAP,0.692467,0.890994,0.267494,0.081512,1,1,1,0,1.562503
376,LEO_0,LEO,0.784346,0.919227,0.142906,0.05832,1,1,1,0,0.55437
376,LEO_1,LEO,0.725308,0.89735,0.22116,0.063958,1,1,1,0,1.572257
377,BS_0,BS,0.842394,0.855165,0.071508,0.174947,1,1,1,2,0.542981
377,BS_1,BS,0.723417,0.840745,0.223769,0.211994,1,1,1,3,0.539582
377,BS_2,BS,0.743546,0.824121,0.196324,0.3343,1,1,1,3,0.733574
377,BS_3,BS,0.631422,0.81744,0.359781,0.292588,1,1,1,6,0.479809
377,BS_4,BS,0.637188,0.820638,0.350691,0.273167,1,1,1,10,0.245044
377,HAP_0,HAP,0.619809,0.913682,0.078344,0.033837,4,0,0,0,0.940717
377,HAP_1,HAP,0.6453,0.824492,0.33804,0.253837,1,1,1,7,0.551811
377,HAP_2,HAP,0.798592,0.894062,0.124905,0.07223,1,1,1,0,1.056998
377,LEO_0,LEO,0.637591,0.90257,0.350058,0.101799,1,1,1,0,1.322823
377,LEO_1,LEO,0.805361,0.903724,0.016465,0.051288,2,0,0,0,1.294039
378,BS_0,BS,0.729595,0.856228,0.215266,0.160811,1,1,1,3,1.47466
378,BS_1,BS,0.569124,0.829776,0.463657,0.266335,1,1,1,2,0.914872
378,BS_2,BS,0.751524,0.833321,0.185652,0.28295,1,1,1,3,0.901964
378,BS_3,BS,0.644866,0.818629,0.338712,0.285697,1,1,1,4,0.509681
378,BS_4,BS,0.644178,0.821124,0.33978,0.270486,1,1,1,11,0.226845
378,HAP_0,HAP,0.64194,0.904391,0.34326,0.080092,1,1,1,0,0.496553
378,HAP_1,HAP,0.633372,0.823192,0.356697,0.260324,1,1,1,6,0.265912
378,HAP_2,HAP,0.818038,0.903598,0.000846,0.057784,2,0,0,0,1.169152
378,LEO_0,LEO,0.75787,0.903322,0.177244,0.095576,1,1,1,0,0.71723
378,LEO_1,LEO,0.683013,0.903471,0.081241,0.044001,3,0,0,0,1.874889
379,BS_0,BS,0.738025,0.857758,0.203777,0.147335,1,1,1,2,1.312846
379,BS_1,BS,0.688576,0.832433,0.27313,0.246638,1,1,1,3,0.225636
379,BS_2,BS,0.565537,0.825977,0.46998,0.325757,1,1,1,1,0.867652
379,BS_3,BS,0.646547,0.819737,0.336109,0.279394,1,1,1,6,0.311218
379,BS_4,BS,0.626508,0.819843,0.367593,0.277195,1,1,1,13,0.294691
379,HAP_0,HAP,0.784244,0.914588,0.043035,0.064907,2,0,0,0,0.643929
379,HAP_1,HAP,0.698276,0.828005,0.259141,0.238479,1,1,1,9,0.120637
379,HAP_2,HAP,0.755457,0.897732,0.180433,0.060878,1,1,1,0,2.532447
379,LEO_0,LEO,0.786119,0.910978,0.040647,0.077204,2,0,0,0,0.95263
379,LEO_1,LEO,0.55151,0.887082,0.495095,0.145504,1,1,1,0,0.38273
380,BS_0,BS,0.600647,0.846622,0.409749,0.19342,1,1,1,1,1.061494
380,BS_1,BS,0.726754,0.837797,0.219167,0.218926,1,1,1,2,0.636224
380,BS_2,BS,0.643098,0.829965,0.341457,0.313072,1,1,1,1,0.564238
380,BS_3,BS,0.642964,0.820289,0.341667,0.276047,1,1,1,5,1.393112
380,BS_4,BS,0.6468,0.820731,0.335718,0.272474,1,1,1,12,0.645318
380,HAP_0,HAP,0.615608,0.895796,0.385146,0.118677,1,1,1,0,1.43716
380,HAP_1,HAP,0.671626,0.829521,0.298054,0.230759,1,1,1,8,0.720251
380,HAP_2,HAP,0.761593,0.898981,0.072342,0.051057,2,0,0,0,1.703627
380,LEO_0,LEO,0.688146,0.899619,0.273754,0.095487,1,1,1,0,1.36117
380,LEO_1,LEO,0.810757,0.901752,0.009787,0.116446,2,0,0,0,0.766166
381,BS_0,BS,0.688776,0.845927,0.272839,0.188234,1,1,1,2,0.414885
381,BS_1,BS,0.787744,0.846922,0.138582,0.183783,1,1,1,2,0.940068
381,BS_2,BS,0.542466,0.819765,0.511631,0.368252,1,1,1,2,0.378837
381,BS_3,BS,0.644199,0.820847,0.339747,0.27278,1,1,1,7,0.487414
381,BS_4,BS,0.598201,0.816755,0.413829,0.295044,1,1,1,10,0.486306
381,HAP_0,HAP,0.583051,0.885249,0.43948,0.181856,1,1,1,0,0.308138
381,HAP_1,HAP,0.648215,0.828605,0.333532,0.234667,1,1,1,8,0.253823
381,HAP_2,HAP,0.682924,0.901744,0.081372,0.043825,3,0,0,0,1.19819
381,LEO_0,LEO,0.527711,0.883515,0.539207,0.207224,1,1,1,0,0.160085
381,LEO_1,LEO,0.606872,0.88397,0.399438,0.164955,1,1,1,0,1.723154
382,BS_0,BS,0.75489,0.850871,0.181183,0.16536,1,1,1,2,0.573368
382,BS_1,BS,0.737538,0.850272,0.204437,0.165834,1,1,1,2,3.64826
382,BS_2,BS,0.79015,0.835636,0.135533,0.302868,1,1,1,2,0.420195
382,BS_3,BS,0.648226,0.821666,0.333516,0.268279,1,1,1,6,0.569231
382,BS_4,BS,0.621044,0.815823,0.376353,0.299774,1,1,1,13,0.457282
382,HAP_0,HAP,0.713429,0.884037,0.237672,0.170905,1,1,1,0,1.112269
382,HAP_1,HAP,0.650399,0.828074,0.330169,0.236789,1,1,1,9,0.605506
382,HAP_2,HAP,0.667266,0.893911,0.304567,0.076803,1,1,1,0,0.837342
382,LEO_0,LEO,0.834558,0.895302,0.080854,0.168721,1,1,1,0,0.736622
382,LEO_1,LEO,0.740797,0.885907,0.200029,0.149969,1,1,1,0,0.821698
383,BS_0,BS,0.687972,0.849256,0.274006,0.166074,1,1,1,3,1.01024
383,BS_1,BS,0.68177,0.848234,0.283064,0.168723,1,1,1,3,0.202818
383,BS_2,BS,0.689285,0.837774,0.272101,0.275612,1,1,1,1,1.398214
383,BS_3,BS,0.645097,0.822032,0.338354,0.266141,1,1,1,5,0.727495
383,BS_4,BS,0.638646,0.816754,0.348405,0.294443,1,1,1,10,0.278214
383,HAP_0,HAP,0.79911,0.896222,0.024257,0.136988,2,0,0,0,0.946536
383,HAP_1,HAP,0.641044,0.826779,0.344657,0.242886,1,1,1,7,0.676278
383,HAP_2,HAP,0.728616,0.895257,0.216609,0.082556,1,1,1,0,0.629111
383,LEO_0,LEO,0.570613,0.875247,0.461045,0.23063,1,1,1,0,2.123975
383,LEO_1,LEO,0.803071,0.89349,0.119312,0.126381,1,1,1,0,0.777967
384,BS_0,BS,0.676563,0.846961,0.29073,0.170895,1,1,1,3,0.79797
384,BS_1,BS,0.639809,0.842792,0.346585,0.189033,1,1,1,2,0.622908
384,BS_2,BS,0.606234,0.831308,0.400489,0.292666,1,1,1,2,0.522836
384,BS_3,BS,0.648063,0.822599,0.333768,0.263043,1,1,1,6,0.700584
384,BS_4,BS,0.608861,0.814633,0.396165,0.30618,1,1,1,8,0.420903
384,HAP_0,HAP,0.690599,0.902524,0.070196,0.111808,3,0,0,0,1.041401
384,HAP_1,HAP,0.647755,0.826369,0.334243,0.244582,1,1,1,9,0.220233
384,HAP_2,HAP,0.806317,0.903493,0.115278,0.072025,1,1,1,0,0.552578
384,LEO_0,LEO,0.587087,0.868783,0.432583,0.268712,1,1,1,0,0.349187
384,LEO_1,LEO,0.640593,0.880455,0.345361,0.154778,1,1,1,0,2.35478
385,BS_0,BS,0.691389,0.846426,0.269052,0.169291,1,1,1,3,0.50161
385,BS_1,BS,0.707716,0.844491,0.245712,0.178395,1,1,1,3,0.0
385,BS_2,BS,0.722918,0.838427,0.224459,0.256805,1,1,1,2,0.0
385,BS_3,BS,0.648149,0.823062,0.333635,0.260525,1,1,1,5,0.0
385,BS_4,BS,0.610409,0.813089,0.393626,0.314668,1,1,1,11,0.0
385,HAP_0,HAP,0.631907,0.910175,0.059013,0.091014,4,0,0,0,0.781906
385,HAP_1,HAP,0.646193,0.825896,0.336656,0.246668,1,1,1,8,0.0
385,HAP_2,HAP,0.566746,0.881565,0.467845,0.156115,1,1,1,0,5.230511
385,LEO_0,LEO,0.745775,0.879569,0.193332,0.231789,1,1,1,0,0.345706
385,LEO_1,LEO,0.551601,0.869513,0.49493,0.234053,1,1,1,0,0.304038
386,BS_0,BS,0.656958,0.842933,0.320136,0.181552,1,1,1,3,1.219516
386,BS_1,BS,0.665937,0.842199,0.30656,0.185007,1,1,1,3,0.815899
386,BS_2,BS,0.79148,0.84808,0.13385,0.213506,1,1,1,2,0.545556
386,BS_3,BS,0.633255,0.822036,0.356883,0.265734,1,1,1,6,1.074969
386,BS_4,BS,0.642395,0.814918,0.342552,0.304538,1,1,1,11,1.118251
386,HAP_0,HAP,0.771858,0.907029,0.158955,0.084181,1,1,1,0,1.23905
386,HAP_1,HAP,0.648103,0.825694,0.333706,0.247446,1,1,1,7,0.902545
386,HAP_2,HAP,0.74305,0.889132,0.096992,0.129126,2,0,0,0,0.95861
386,LEO_0,LEO,0.730245,0.883139,0.214375,0.206112,1,1,1,0,0.860214
386,LEO_1,LEO,0.69979,0.869697,0.256975,0.216958,1,1,1,0,1.182965
387,BS_0,BS,0.652683,0.839746,0.326664,0.193261,1,1,1,3,0.946937
387,BS_1,BS,0.617632,0.835847,0.381862,0.213624,1,1,1,2,1.240179
387,BS_2,BS,0.762905,0.853301,0.170622,0.183905,1,1,1,2,1.519689
387,BS_3,BS,0.628043,0.82072,0.365147,0.272587,1,1,1,6,0.878071
387,BS_4,BS,0.642867,0.816426,0.341817,0.296208,1,1,1,11,0.748185
387,HAP_0,HAP,0.709433,0.903579,0.24329,0.09398,1,1,1,0,0.641536
387,HAP_1,HAP,0.646846,0.825417,0.335646,0.248653,1,1,1,6,0.939801
387,HAP_2,HAP,0.686197,0.896103,0.076591,0.10594,3,0,0,0,1.068323
387,LEO_0,LEO,0.775628,0.887945,0.154082,0.175573,1,1,1,0,0.973838
387,LEO_1,LEO,0.881025,0.884834,0.026669,0.173887,1,1,1,0,0.903109
388,BS_0,BS,0.555288,0.82764,0.488268,0.261891,1,1,1,2,0.623754
388,BS_1,BS,0.729655,0.840767,0.215183,0.191736,1,1,1,3,0.54283
388,BS_2,BS,0.657306,0.851841,0.319606,0.19309,1,1,1,1,0.481917
388,BS_3,BS,0.648285,0.821571,0.333426,0.268097,1,1,1,4,0.337607
388,BS_4,BS,0.646414,0.817962,0.336316,0.287865,1,1,1,13,0.428746
388,HAP_0,HAP,0.772959,0.912098,0.057529,0.076673,2,0,0,0,0.728058
388,HAP_1,HAP,0.62976,0.823588,0.362416,0.258028,1,1,1,10,0.11666
388,HAP_2,HAP,0.650808,0.890298,0.329541,0.133621,1,1,1,0,0.586391
388,LEO_0,LEO,0.778618,0.899236,0.050235,0.141594,2,0,0,0,0.780163
388,LEO_1,LEO,0.672068,0.876158,0.297395,0.178909,1,1,1,0,2.916052
389,BS_0,BS,0.662871,0.82847,0.311175,0.253086,1,1,1,1,1.149945
389,BS_1,BS,0.688283,0.8412,0.273555,0.187063,1,1,1,3,0.676898
389,BS_2,BS,0.702339,0.851948,0.253339,0.183354,1,1,1,2,0.943616
389,BS_3,BS,0.648286,0.822251,0.333423,0.264505,1,1,1,5,1.119102
389,BS_4,BS,0.64813,0.819349,0.333664,0.280391,1,1,1,13,0.566208
389,HAP_0,HAP,0.818643,0.913993,0.100107,0.065848,1,1,1,0,1.026953
389,HAP_1,HAP,0.649179,0.823948,0.332046,0.256037,1,1,1,9,0.82198
389,HAP_2,HAP,0.771599,0.89249,0.15929,0.118315,1,1,1,0,1.103495
389,LEO_0,LEO,0.72408,0.909502,0.022854,0.11351,3,0,0,0,0.861897
389,LEO_1,LEO,0.817305,0.883376,0.101742,0.147785,1,1,1,0,1.084187
390,BS_0,BS,0.50717,0.820062,0.578909,0.35328,1,1,1,1,0.41955
390,BS_1,BS,0.679632,0.840788,0.286205,0.186511,1,1,1,3,0.617907
390,BS_2,BS,0.705289,0.851744,0.249147,0.174616,1,1,1,2,1.08626
390,BS_3,BS,0.640094,0.822032,0.346141,0.26552,1,1,1,6,0.493216
390,BS_4,BS,0.648328,0.820478,0.333359,0.274321,1,1,1,11,0.53081
390,HAP_0,HAP,0.677151,0.900077,0.289861,0.090487,1,1,1,0,1.473788
390,HAP_1,HAP,0.644736,0.823823,0.338914,0.256518,1,1,1,9,0.552527
390,HAP_2,HAP,0.793526,0.902872,0.031269,0.095092,2,0,0,0,0.900682
390,LEO_0,LEO,0.754158,0.905081,0.182154,0.105739,1,1,1,0,1.236019
390,LEO_1,LEO,0.808759,0.88653,0.112254,0.123899,1,1,1,0,1.393275
391,BS_0,BS,0.473657,0.803618,0.647271,0.471156,1,1,1,3,0.589239
391,BS_1,BS,0.420063,0.816417,0.767351,0.414182,1,1,1,1,0.581276
391,BS_2,BS,0.81348,0.860036,0.106434,0.144791,1,1,1,2,1.060949
391,BS_3,BS,0.643175,0.822146,0.341338,0.264846,1,1,1,5,0.567132
391,BS_4,BS,0.628624,0.819529,0.364222,0.279152,1,1,1,11,0.707994
391,HAP_0,HAP,0.705404,0.896001,0.248984,0.100287,1,1,1,0,0.797055
391,HAP_1,HAP,0.64837,0.824061,0.333295,0.255203,1,1,1,7,0.622238
391,HAP_2,HAP,0.800217,0.907056,0.122872,0.082867,1,1,1,0,0.752598
391,LEO_0,LEO,0.765749,0.910009,0.066901,0.086605,2,0,0,0,0.965393
391,LEO_1,LEO,0.813921,0.888183,0.105892,0.104165,1,1,1,0,1.694291
392,BS_0,BS,0.679024,0.816054,0.287099,0.414016,1,1,1,1,0.342943
392,BS_1,BS,0.563235,0.810655,0.474058,0.432474,1,1,1,3,0.561024
392,BS_2,BS,0.801008,0.865721,0.121885,0.122518,1,1,1,2,1.248321
392,BS_3,BS,0.648088,0.822693,0.333729,0.261995,1,1,1,6,0.267769
392,BS_4,BS,0.645089,0.820321,0.338368,0.274844,1,1,1,10,0.274054
392,HAP_0,HAP,0.756059,0.898849,0.179636,0.094751,1,1,1,0,0.668715
392,HAP_1,HAP,0.647008,0.824125,0.335397,0.254783,1,1,1,8,0.487672
392,HAP_2,HAP,0.73336,0.901648,0.210119,0.086161,1,1,1,0,1.226999
392,LEO_0,LEO,0.756321,0.908894,0.17929,0.08375,1,1,1,0,0.793414
392,LEO_1,LEO,0.788308,0.893337,0.037866,0.083977,2,0,0,0,1.563387
393,BS_0,BS,0.700725,0.825782,0.255639,0.360621,1,1,1,2,0.509009
393,BS_1,BS,0.71736,0.820047,0.232177,0.370237,1,1,1,3,0.617933
393,BS_2,BS,0.553172,0.848053,0.492086,0.206981,1,1,1,1,4.317305
393,BS_3,BS,0.648302,0.82315,0.333399,0.259616,1,1,1,6,0.755069
393,BS_4,BS,0.632744,0.819796,0.35769,0.277449,1,1,1,14,0.797659
393,HAP_0,HAP,0.768489,0.908516,0.063328,0.077605,2,0,0,0,0.666027
393,HAP_1,HAP,0.645871,0.824071,0.337155,0.25498,1,1,1,8,0.332164
393,HAP_2,HAP,0.727547,0.900745,0.218076,0.09033,1,1,1,0,0.651302
393,LEO_0,LEO,0.767453,0.915311,0.064678,0.068882,2,0,0,0,0.781523
393,LEO_1,LEO,0.714197,0.889653,0.236597,0.092372,1,1,1,0,0.979123
394,BS_0,BS,0.537029,0.814979,0.521704,0.410976,1,1,1,3,0.877566
394,BS_1,BS,0.393874,0.795958,0.831725,0.607485,1,1,1,0,0.908259
394,BS_2,BS,0.617002,0.84047,0.382882,0.231554,1,1,1,2,1.114838
394,BS_3,BS,0.609159,0.81978,0.395675,0.278145,1,1,1,6,0.731336
394,BS_4,BS,0.634602,0.819551,0.354756,0.278593,1,1,1,11,1.045518
394,HAP_0,HAP,0.679273,0.912595,0.086732,0.065469,3,0,0,0,0.957665
394,HAP_1,HAP,0.646893,0.824122,0.335574,0.254658,1,1,1,7,0.737713
394,HAP_2,HAP,0.743612,0.908123,0.096237,0.076432,2,0,0,0,0.650175
394,LEO_0,LEO,0.711782,0.920357,0.039984,0.055825,3,0,0,0,0.988571
394,LEO_1,LEO,0.761517,0.892433,0.172443,0.087279,1,1,1,0,0.84744
395,BS_0,BS,0.708311,0.822422,0.244872,0.355763,1,1,1,3,0.749404
395,BS_1,BS,0.442545,0.779819,0.715214,0.716177,1,1,1,3,0.482181
395,BS_2,BS,0.794458,0.84957,0.130095,0.19286,1,1,1,1,0.861639
395,BS_3,BS,0.641786,0.820214,0.343501,0.275612,1,1,1,6,0.532958
395,BS_4,BS,0.637598,0.819638,0.350047,0.278014,1,1,1,8,1.381842
395,HAP_0,HAP,0.815994,0.914612,0.103349,0.057182,1,1,1,0,0.93255
395,HAP_1,HAP,0.64664,0.82414,0.335966,0.254519,1,1,1,10,0.796172
395,HAP_2,HAP,0.679165,0.911839,0.086892,0.064543,3,0,0,0,1.013273
395,LEO_0,LEO,0.800746,0.921893,0.122211,0.051381,1,1,1,0,0.645207
395,LEO_1,LEO,0.799526,0.903417,0.023736,0.070077,2,0,0,0,0.914522
396,BS_0,BS,0.63479,0.821696,0.35446,0.34115,1,1,1,2,0.530594
396,BS_1,BS,0.771275,0.799465,0.15971,0.58442,1,1,1,2,0.460456
396,BS_2,BS,0.722383,0.851144,0.2252,0.177109,1,1,1,2,0.927253
396,BS_3,BS,0.640525,0.820443,0.345468,0.274196,1,1,1,7,0.614693
396,BS_4,BS,0.637857,0.819732,0.349642,0.277423,1,1,1,8,0.341146
396,HAP_0,HAP,0.652703,0.898239,0.326633,0.093756,1,1,1,0,1.797005
396,HAP_1,HAP,0.648339,0.824311,0.333342,0.253618,1,1,1,9,0.270711
396,HAP_2,HAP,0.60873,0.9141,0.096381,0.055814,4,0,0,0,0.962392
396,LEO_0,LEO,0.653155,0.905642,0.325941,0.088912,1,1,1,0,1.362999
396,LEO_1,LEO,0.798243,0.903872,0.125342,0.063131,1,1,1,0,1.190011
397,BS_0,BS,0.733206,0.829743,0.210329,0.292827,1,1,1,3,0.28195
397,BS_1,BS,0.561051,0.799649,0.477943,0.570329,1,1,1,1,0.619844
397,BS_2,BS,0.816566,0.859756,0.102647,0.146429,1,1,1,2,0.686809
397,BS_3,BS,0.648236,0.821344,0.333501,0.269407,1,1,1,7,0.760578
397,BS_4,BS,0.619945,0.818098,0.378124,0.286279,1,1,1,12,0.606818
397,HAP_0,HAP,0.795015,0.899896,0.129394,0.082539,1,1,1,0,1.020162
397,HAP_1,HAP,0.644319,0.824075,0.339561,0.25478,1,1,1,9,0.708019
397,HAP_2,HAP,0.845961,0.918091,0.067283,0.046689,1,1,0,0,0.904274
397,LEO_0,LEO,0.753475,0.904937,0.18306,0.086209,1,1,1,0,0.766139
397,LEO_1,LEO,0.776746,0.900684,0.152642,0.06099,1,1,1,0,1.373308
398,BS_0,BS,0.708555,0.834124,0.244528,0.261169,1,1,1,3,0.216322
398,BS_1,BS,0.556417,0.796296,0.486237,0.562655,1,1,1,3,0.30452
398,BS_2,BS,0.838901,0.868265,0.075663,0.119719,1,1,0,2,2.133947
398,BS_3,BS,0.642692,0.82155,0.342089,0.268187,1,1,1,6,0.628266
398,BS_4,BS,0.634092,0.818145,0.355561,0.285914,1,1,1,11,0.319202
398,HAP_0,HAP,0.701413,0.897137,0.254658,0.095214,1,1,1,0,0.664221
398,HAP_1,HAP,0.633114,0.822834,0.357105,0.26121,1,1,1,8,0.766354
398,HAP_2,HAP,0.653536,0.901121,0.325357,0.084987,1,1,1,0,2.626419
398,LEO_0,LEO,0.814433,0.910071,0.105263,0.073954,1,1,1,0,0.730512
398,LEO_1,LEO,0.753501,0.899515,0.183025,0.063866,1,1,1,0,0.925055
399,BS_0,BS,0.668315,0.834119,0.302995,0.250248,1,1,1,3,1.242874
399,BS_1,BS,0.703566,0.8094,0.251593,0.478609,1,1,1,1,0.424703
399,BS_2,BS,0.808758,0.872877,0.112256,0.101446,1,1,1,2,1.052718
399,BS_3,BS,0.645502,0.821976,0.337727,0.265877,1,1,1,6,0.743283
399,BS_4,BS,0.643079,0.819027,0.341488,0.281207,1,1,1,15,0.469012
399,HAP_0,HAP,0.662927,0.886114,0.311091,0.119721,1,1,1,0,1.428805
399,HAP_1,HAP,0.59597,0.820081,0.417564,0.28743,1,1,1,6,0.165966
399,HAP_2,HAP,0.610415,0.89033,0.393617,0.13771,1,1,1,0,0.522996
399,LEO_0,LEO,0.621505,0.892008,0.375611,0.122651,1,1,1,0,1.772731
399,LEO_1,LEO,0.752188,0.902654,0.084768,0.054326,2,0,0,0,1.232713
400,BS_0,BS,0.68275,0.835398,0.281626,0.235889,1,1,1,3,0.492481
400,BS_1,BS,0.803215,0.825864,0.119133,0.389274,1,1,1,2,0.920562
400,BS_2,BS,0.750646,0.872092,0.186821,0.096863,1,1,1,1,3.454004
400,BS_3,BS,0.645162,0.822286,0.338254,0.264188,1,1,1,6,0.664484
400,BS_4,BS,0.647751,0.820166,0.334249,0.275241,1,1,1,14,0.303663
400,HAP_0,HAP,0.699484,0.88531,0.257412,0.125594,1,1,1,0,0.693739
400,HAP_1,HAP,0.725856,0.828214,0.220403,0.251804,1,1,1,7,0.308525
400,HAP_2,HAP,0.728118,0.894355,0.217292,0.131415,1,1,1,0,0.435189
400,LEO_0,LEO,0.635116,0.885293,0.353947,0.154496,1,1,1,0,0.546747
400,LEO_1,LEO,0.80807,0.903039,0.113107,0.049218,1,1,1,0,1.240333
401,BS_0,BS,0.636677,0.832229,0.351493,0.244308,1,1,1,2,1.288142
401,BS_1,BS,0.839996,0.841328,0.074359,0.313907,1,1,1,2,1.03171
401,BS_2,BS,0.713345,0.868406,0.23779,0.102935,1,1,1,2,0.993915
401,BS_3,BS,0.642314,0.822268,0.342678,0.264193,1,1,1,7,0.391063
401,BS_4,BS,0.647431,0.821048,0.334744,0.270617,1,1,1,12,0.681792
401,HAP_0,HAP,0.813369,0.898847,0.006571,0.100495,2,0,0,0,0.922451
401,HAP_1,HAP,0.686865,0.831109,0.275618,0.235628,1,1,1,8,1.345209
401,HAP_2,HAP,0.706874,0.891443,0.246903,0.132564,1,1,1,0,1.03158
401,LEO_0,LEO,0.759978,0.894511,0.074465,0.126092,2,0,0,0,0.98
401,LEO_1,LEO,0.791175,0.908933,0.034236,0.039902,2,0,0,0,1.123097
402,BS_0,BS,0.71037,0.836265,0.241969,0.221793,1,1,1,3,0.673067
402,BS_1,BS,0.810546,0.851479,0.110047,0.256575,1,1,1,2,1.383492
402,BS_2,BS,0.811078,0.873785,0.10939,0.087733,1,1,1,2,0.561087
402,BS_3,BS,0.611227,0.819277,0.392287,0.280605,1,1,1,6,0.600363
402,BS_4,BS,0.648163,0.821822,0.333614,0.266577,1,1,1,12,0.523231
402,HAP_0,HAP,0.652981,0.885704,0.326208,0.128281,1,1,1,0,2.217247
402,HAP_1,HAP,0.651109,0.830157,0.329078,0.237234,1,1,1,9,0.844718
402,HAP_2,HAP,0.750013,0.898093,0.087664,0.10951,2,0,0,0,0.994476
402,LEO_0,LEO,0.734864,0.906866,0.008069,0.100903,3,0,0,0,0.801037
402,LEO_1,LEO,0.770019,0.907928,0.161341,0.043635,1,1,1,0,0.906099
403,BS_0,BS,0.678664,0.836754,0.287629,0.214663,1,1,1,2,0.440804
403,BS_1,BS,0.833193,0.861238,0.08249,0.208322,1,1,1,2,3.090535
403,BS_2,BS,0.670661,0.866183,0.299491,0.110549,1,1,1,1,1.958819
403,BS_3,BS,0.648249,0.820413,0.333481,0.274528,1,1,1,6,0.366884
403,BS_4,BS,0.645758,0.822218,0.337331,0.264468,1,1,1,9,0.619237
403,HAP_0,HAP,0.745208,0.891506,0.094092,0.106609,2,0,0,0,1.081385
403,HAP_1,HAP,0.651595,0.829429,0.328331,0.238298,1,1,1,10,0.569812
403,HAP_2,HAP,0.687043,0.904336,0.075358,0.090163,3,0,0,0,0.957046
403,LEO_0,LEO,0.624718,0.91207,0.070455,0.082956,4,0,0,0,0.942909
403,LEO_1,LEO,0.791151,0.910279,0.134267,0.043021,1,1,1,0,0.762516
404,BS_0,BS,0.67228,0.837785,0.29708,0.211446,1,1,1,3,0.289788
404,BS_1,BS,0.767768,0.864135,0.164268,0.178801,1,1,1,3,4.727872
404,BS_2,BS,0.58812,0.852122,0.430825,0.171964,1,1,1,2,0.644495
404,BS_3,BS,0.647662,0.821267,0.334386,0.269939,1,1,1,7,0.363297
404,BS_4,BS,0.637744,0.821785,0.349818,0.266642,1,1,1,9,0.0
404,HAP_0,HAP,0.689343,0.894981,0.072017,0.087621,3,0,0,0,1.45259
404,HAP_1,HAP,0.643858,0.828127,0.340277,0.242743,1,1,1,9,0.377199
404,HAP_2,HAP,0.795536,0.90919,0.128739,0.079589,1,1,1,0,0.578978
404,LEO_0,LEO,0.698201,0.909851,0.259249,0.096609,1,1,1,0,0.30132
404,LEO_1,LEO,0.757175,0.913951,0.078161,0.037166,2,0,0,0,0.997667
405,BS_0,BS,0.67083,0.837515,0.29924,0.209452,1,1,1,2,1.174344
405,BS_1,BS,0.418099,0.834128,0.772037,0.411259,1,1,1,0,0.98226
405,BS_2,BS,0.682198,0.853723,0.282435,0.173467,1,1,1,1,0.265543
405,BS_3,BS,0.560599,0.813289,0.478749,0.319092,1,1,1,3,0.733698
405,BS_4,BS,0.64688,0.822292,0.335595,0.263995,1,1,1,8,0.614679
405,HAP_0,HAP,0.759849,0.895303,0.174636,0.083821,1,1,1,0,0.927825
405,HAP_1,HAP,0.64771,0.827443,0.334312,0.244488,1,1,1,9,0.737663
405,HAP_2,HAP,0.623683,0.892502,0.372113,0.125982,1,1,1,0,1.401503
405,LEO_0,LEO,0.755446,0.91682,0.080448,0.0802,2,0,0,0,0.673016
405,LEO_1,LEO,0.731236,0.906774,0.213018,0.050152,1,1,1,0,1.211145
406,BS_0,BS,0.790382,0.846946,0.135239,0.175792,1,1,1,2,0.791221
406,BS_1,BS,0.433629,0.808997,0.735567,0.572483,1,1,1,3,0.242588
406,BS_2,BS,0.771138,0.862571,0.159888,0.150278,1,1,1,2,0.344791
406,BS_3,BS,0.736945,0.823316,0.205243,0.274229,1,1,1,4,0.689578
406,BS_4,BS,0.644543,0.822481,0.339213,0.262975,1,1,1,12,0.245378
406,HAP_0,HAP,0.748192,0.896961,0.190095,0.083318,1,1,1,0,0.729379
406,HAP_1,HAP,0.639407,0.826122,0.347214,0.249842,1,1,1,8,0.577423
406,HAP_2,HAP,0.78319,0.896098,0.14438,0.110166,1,1,1,0,0.842051
406,LEO_0,LEO,0.690399,0.923142,0.070485,0.066395,3,0,0,0,0.604725
406,LEO_1,LEO,0.787674,0.908212,0.13867,0.048775,1,1,1,0,0.820684
407,BS_0,BS,0.6164,0.839535,0.38386,0.20694,1,1,1,3,1.063949
407,BS_1,BS,0.601846,0.813121,0.407754,0.532805,1,1,1,1,0.354457
407,BS_2,BS,0.683654,0.859076,0.280304,0.155579,1,1,1,1,1.276999
407,BS_3,BS,0.686801,0.827111,0.275711,0.253591,1,1,1,6,0.966417
407,BS_4,BS,0.645715,0.822741,0.337397,0.261607,1,1,1,10,1.214408
407,HAP_0,HAP,0.763513,0.903886,0.069826,0.068848,2,0,0,0,0.989776
407,HAP_1,HAP,0.647048,0.825777,0.335335,0.250476,1,1,1,10,0.630179
407,HAP_2,HAP,0.804586,0.90192,0.117428,0.094338,1,1,1,0,0.758067
407,LEO_0,LEO,0.733767,0.917769,0.209563,0.072879,1,1,1,0,0.869232
407,LEO_1,LEO,0.810056,0.916788,0.010651,0.039071,2,0,0,0,0.920692
408,BS_0,BS,0.722403,0.843119,0.225172,0.188368,1,1,1,4,0.671007
408,BS_1,BS,0.754345,0.829055,0.181905,0.441134,1,1,1,2,0.281151
408,BS_2,BS,0.702656,0.857255,0.252888,0.153242,1,1,1,2,1.378208
408,BS_3,BS,0.645256,0.826402,0.338108,0.254315,1,1,1,5,0.790347
408,BS_4,BS,0.646672,0.823038,0.335915,0.260063,1,1,1,11,0.620315
408,HAP_0,HAP,0.672606,0.907418,0.096596,0.059278,3,0,0,0,0.99953
408,HAP_1,HAP,0.635109,0.824384,0.353959,0.25676,1,1,1,6,0.69363
408,HAP_2,HAP,0.656864,0.88925,0.320278,0.12163,1,1,1,0,1.435831
408,LEO_0,LEO,0.752993,0.920396,0.083699,0.061456,2,0,0,0,0.895428
408,LEO_1,LEO,0.721358,0.922131,0.026619,0.031576,3,0,0,0,0.984168
409,BS_0,BS,0.690355,0.843263,0.270549,0.183633,1,1,1,3,0.959621
409,BS_1,BS,0.606805,0.825166,0.399547,0.424745,1,1,1,2,0.786478
409,BS_2,BS,0.667075,0.852546,0.304852,0.164414,1,1,1,2,1.01193
409,BS_3,BS,0.64559,0.825866,0.33759,0.254737,1,1,1,6,0.372942
409,BS_4,BS,0.639959,0.822649,0.346351,0.262032,1,1,1,12,0.556901
409,HAP_0,HAP,0.618776,0.911488,0.080011,0.050303,4,0,0,0,0.958394
409,HAP_1,HAP,0.635837,0.823339,0.352813,0.261422,1,1,1,10,0.702491
409,HAP_2,HAP,0.672835,0.88596,0.296255,0.136799,1,1,1,0,0.631337
409,LEO_0,LEO,0.808195,0.920303,0.112952,0.054906,1,1,1,0,0.934607
409,LEO_1,LEO,0.802921,0.91944,0.119499,0.031687,1,1,1,0,1.144342
410,BS_0,BS,0.661298,0.840797,0.313551,0.191148,1,1,1,4,0.264106
410,BS_1,BS,0.623759,0.829198,0.371991,0.402065,1,1,1,1,0.0
410,BS_2,BS,0.662598,0.848349,0.311587,0.17522,1,1,1,3,0.237612
410,BS_3,BS,0.637698,0.824699,0.349891,0.258881,1,1,1,5,0.254059
410,BS_4,BS,0.606483,0.819115,0.400079,0.281654,1,1,1,10,0.0
410,HAP_0,HAP,0.713223,0.910036,0.23796,0.065724,1,1,1,0,0.368416
410,HAP_1,HAP,0.648343,0.823671,0.333335,0.259138,1,1,1,10,0.218735
410,HAP_2,HAP,0.798629,0.894596,0.124859,0.116455,1,1,1,0,0.64344
410,LEO_0,LEO,0.65052,0.902596,0.329984,0.092925,1,1,1,0,2.382038
410,LEO_1,LEO,0.717372,0.907403,0.23216,0.049604,1,1,1,0,2.53482
411,BS_0,BS,0.648506,0.837653,0.333083,0.202843,1,1,1,3,0.85145
411,BS_1,BS,0.675052,0.832058,0.292965,0.360275,1,1,1,2,1.058004
411,BS_2,BS,0.712403,0.849334,0.239111,0.165904,1,1,1,3,0.938952
411,BS_3,BS,0.640044,0.823986,0.346219,0.261045,1,1,1,4,1.02605
411,BS_4,BS,0.637611,0.81929,0.350027,0.280457,1,1,1,10,1.133822
411,HAP_0,HAP,0.68583,0.901654,0.277126,0.087138,1,1,1,0,1.096501
411,HAP_1,HAP,0.642471,0.823391,0.342433,0.260078,1,1,1,10,0.900979
411,HAP_2,HAP,0.783745,0.897847,0.143671,0.102453,1,1,1,0,0.984248
411,LEO_0,LEO,0.762901,0.901542,0.170627,0.087441,1,1,1,0,0.941057
411,LEO_1,LEO,0.799032,0.906804,0.124355,0.046642,1,1,1,0,1.101678
412,BS_0,BS,0.648283,0.835117,0.333427,0.212303,1,1,1,4,1.240463
412,BS_1,BS,0.710177,0.836367,0.242242,0.314627,1,1,1,2,0.812074
412,BS_2,BS,0.592029,0.839015,0.4242,0.213699,1,1,1,2,0.798042
412,BS_3,BS,0.609935,0.820525,0.394402,0.278835,1,1,1,6,0.78425
412,BS_4,BS,0.642349,0.819875,0.342623,0.277191,1,1,1,10,0.330942
412,HAP_0,HAP,0.816652,0.904717,0.102542,0.074442,1,1,1,0,1.063076
412,HAP_1,HAP,0.625146,0.821526,0.369769,0.269591,1,1,1,6,0.770207
412,HAP_2,HAP,0.714258,0.89176,0.236512,0.107134,1,1,1,0,1.310589
412,LEO_0,LEO,0.812932,0.910104,0.007108,0.069976,2,0,0,0,1.080449
412,LEO_1,LEO,0.756646,0.905364,0.178859,0.051709,1,1,1,0,0.876994
413,BS_0,BS,0.648396,0.833098,0.333253,0.219818,1,1,1,3,0.555664
413,BS_1,BS,0.784507,0.845583,0.1427,0.260865,1,1,1,1,0.772666
413,BS_2,BS,0.749661,0.847001,0.188134,0.186887,1,1,1,2,0.316506
413,BS_3,BS,0.634743,0.820148,0.354534,0.27963,1,1,1,5,0.667444
413,BS_4,BS,0.628648,0.819049,0.364185,0.281437,1,1,1,13,0.558712
413,HAP_0,HAP,0.784063,0.91168,0.043266,0.060396,2,0,0,0,0.925829
413,HAP_1,HAP,0.648329,0.82222,0.333357,0.26568,1,1,1,9,0.390805
413,HAP_2,HAP,0.750589,0.895273,0.086897,0.089105,2,0,0,0,1.306913
413,LEO_0,LEO,0.679942,0.910842,0.085748,0.059289,3,0,0,0,1.244423
413,LEO_1,LEO,0.718455,0.897109,0.230652,0.065307,1,1,1,0,1.434284
414,BS_0,BS,0.631449,0.829894,0.359738,0.23409,1,1,1,3,0.767145
414,BS_1,BS,0.629837,0.839739,0.362295,0.267758,1,1,1,3,1.456819
414,BS_2,BS,0.6948,0.847168,0.264131,0.180904,1,1,1,2,0.852865
414,BS_3,BS,0.60241,0.816709,0.406817,0.29818,1,1,1,7,0.471221
414,BS_4,BS,0.624296,0.817971,0.371131,0.287132,1,1,1,10,0.650211
414,HAP_0,HAP,0.753161,0.905437,0.183476,0.063465,1,1,1,0,1.374886
414,HAP_1,HAP,0.640437,0.822039,0.345604,0.266293,1,1,1,9,0.733481
414,HAP_2,HAP,0.742453,0.889767,0.197796,0.08889,1,1,1,0,1.733909
414,LEO_0,LEO,0.78423,0.911426,0.143053,0.05664,1,1,1,0,0.780599
414,LEO_1,LEO,0.818575,0.905027,0.00019,0.052246,2,0,0,0,1.247524
415,BS_0,BS,0.711058,0.834455,0.241002,0.213409,1,1,1,3,0.539878
415,BS_1,BS,0.746085,0.845395,0.192916,0.230954,1,1,1,2,0.31821
415,BS_2,BS,0.646953,0.843797,0.335481,0.195369,1,1,1,3,0.660621
415,BS_3,BS,0.646713,0.818216,0.335853,0.289302,1,1,1,6,0.659976
415,BS_4,BS,0.624205,0.8171,0.371276,0.291736,1,1,1,12,0.629143
415,HAP_0,HAP,0.807566,0.910971,0.01373,0.050857,2,0,0,0,1.246799
415,HAP_1,HAP,0.648343,0.822631,0.333335,0.263035,1,1,1,9,1.009208
415,HAP_2,HAP,0.678521,0.88487,0.287839,0.108395,1,1,1,0,0.844541
415,LEO_0,LEO,0.802386,0.919141,0.020165,0.045495,2,0,0,0,0.882235
415,LEO_1,LEO,0.798357,0.901979,0.1252,0.04885,1,1,1,0,1.616014
416,BS_0,BS,0.710264,0.838037,0.242119,0.197107,1,1,1,4,0.845244
416,BS_1,BS,0.57618,0.834368,0.451335,0.276429,1,1,1,1,1.054485
416,BS_2,BS,0.712617,0.845947,0.238812,0.181959,1,1,1,3,0.55883
416,BS_3,BS,0.62821,0.81768,0.364881,0.291354,1,1,1,6,0.351188
416,BS_4,BS,0.637445,0.817663,0.350288,0.288604,1,1,1,11,0.341541
416,HAP_0,HAP,0.783348,0.905616,0.144178,0.05004,1,1,1,0,1.69623
416,HAP_1,HAP,0.637321,0.822076,0.350481,0.265704,1,1,1,7,0.791676
416,HAP_2,HAP,0.760856,0.88956,0.173311,0.100232,1,1,1,0,0.750297
416,LEO_0,LEO,0.672893,0.904007,0.296169,0.075868,1,1,1,0,1.472194
416,LEO_1,LEO,0.798335,0.901794,0.125227,0.046137,1,1,1,0,1.171227
417,BS_0,BS,0.675612,0.837902,0.292136,0.19609,1,1,1,3,0.575636
417,BS_1,BS,0.733466,0.841256,0.209974,0.240983,1,1,1,2,0.550541
417,BS_2,BS,0.776108,0.852597,0.153464,0.156165,1,1,1,3,0.875192
417,BS_3,BS,0.643849,0.818727,0.340291,0.285192,1,1,1,6,0.21699
417,BS_4,BS,0.637577,0.818126,0.35008,0.286034,1,1,1,10,0.783501
417,HAP_0,HAP,0.809011,0.905377,0.111943,0.045671,1,1,1,0,1.187122
417,HAP_1,HAP,0.647275,0.822562,0.334985,0.26306,1,1,1,9,0.611212
417,HAP_2,HAP,0.806163,0.902031,0.01547,0.080294,2,0,0,0,0.887698
417,LEO_0,LEO,0.759363,0.902671,0.175275,0.074519,1,1,1,0,0.913864
417,LEO_1,LEO,0.814216,0.900869,0.10553,0.041921,1,1,1,0,1.472406
418,BS_0,BS,0.683351,0.838476,0.280747,0.19234,1,1,1,4,0.59373
418,BS_1,BS,0.651082,0.83853,0.32912,0.241531,1,1,1,2,1.000391
418,BS_2,BS,0.744983,0.855424,0.194394,0.141937,1,1,1,3,0.608342
418,BS_3,BS,0.647817,0.819933,0.334147,0.278398,1,1,1,5,0.369817
418,BS_4,BS,0.639235,0.818651,0.347483,0.283162,1,1,1,10,0.286523
418,HAP_0,HAP,0.756823,0.903528,0.178626,0.050895,1,1,1,0,0.946969
418,HAP_1,HAP,0.646778,0.822904,0.335753,0.261177,1,1,1,10,0.774316
418,HAP_2,HAP,0.67934,0.90667,0.086634,0.067612,3,0,0,0,1.002332
418,LEO_0,LEO,0.746599,0.907442,0.092227,0.063443,2,0,0,0,0.894608
418,LEO_1,LEO,0.725042,0.896809,0.221526,0.05562,1,1,1,0,0.968505
419,BS_0,BS,0.677107,0.838386,0.289925,0.191698,1,1,1,3,0.529674
419,BS_1,BS,0.701897,0.84064,0.253969,0.22225,1,1,1,3,0.928363
419,BS_2,BS,0.718648,0.855518,0.230383,0.137434,1,1,1,3,0.631987
419,BS_3,BS,0.637341,0.819919,0.35045,0.277985,1,1,1,5,0.644819
419,BS_4,BS,0.64165,0.819298,0.343713,0.279692,1,1,1,13,1.407223
419,HAP_0,HAP,0.768987,0.90753,0.062681,0.042484,2,0,0,0,1.19007
419,HAP_1,HAP,0.648208,0.823311,0.333543,0.259004,1,1,1,9,0.820588
419,HAP_2,HAP,0.645429,0.914041,0.03784,0.054734,4,0,0,0,0.884155
419,LEO_0,LEO,0.710196,0.91351,0.042215,0.051556,3,0,0,0,1.00982
419,LEO_1,LEO,0.763709,0.90097,0.069568,0.046674,2,0,0,0,1.273005
420,BS_0,BS,0.637759,0.834721,0.349794,0.208418,1,1,1,2,1.096614
420,BS_1,BS,0.614415,0.834298,0.387085,0.245225,1,1,1,2,0.999927
420,BS_2,BS,0.652142,0.849765,0.327493,0.158211,1,1,1,3,1.11704
420,BS_3,BS,0.59119,0.815398,0.425618,0.303906,1,1,1,7,0.965509
420,BS_4,BS,0.64387,0.820023,0.340258,0.275853,1,1,1,9,1.17661
420,HAP_0,HAP,0.786019,0.904875,0.140775,0.042905,1,1,1,0,1.299592
420,HAP_1,HAP,0.639503,0.822825,0.347064,0.261408,1,1,1,6,0.899663
420,HAP_2,HAP,0.761701,0.909861,0.172201,0.057131,1,1,1,0,1.154381
420,LEO_0,LEO,0.639984,0.916791,0.046312,0.04221,4,0,0,0,1.157054
420,LEO_1,LEO,0.687854,0.903953,0.074178,0.039815,3,0,0,0,1.238946
421,BS_0,BS,0.746308,0.84122,0.192617,0.18343,1,1,1,3,0.522769
421,BS_1,BS,0.583843,0.830702,0.438123,0.282559,1,1,1,1,0.496179
421,BS_2,BS,0.732113,0.852103,0.211821,0.146759,1,1,1,3,1.131114
421,BS_3,BS,0.647745,0.817263,0.334259,0.293403,1,1,1,7,0.469226
421,BS_4,BS,0.628692,0.819172,0.364113,0.280342,1,1,1,9,0.409021
421,HAP_0,HAP,0.79432,0.909349,0.030269,0.034736,2,0,0,0,1.274272
421,HAP_1,HAP,0.641593,0.822632,0.343801,0.262316,1,1,1,10,0.520695
421,HAP_2,HAP,0.801024,0.915726,0.021864,0.04592,2,0,0,0,1.080415
421,LEO_0,LEO,0.817585,0.918326,0.101401,0.038395,1,1,1,0,0.846894
421,LEO_1,LEO,0.621581,0.908506,0.075489,0.034417,4,0,0,0,0.956591
422,BS_0,BS,0.69518,0.842161,0.263584,0.178009,1,1,1,3,1.227533
422,BS_1,BS,0.55415,0.821052,0.490319,0.334233,1,1,1,3,0.480998
422,BS_2,BS,0.688469,0.850285,0.273285,0.151015,1,1,1,3,0.787541
422,BS_3,BS,0.621942,0.816316,0.374909,0.297973,1,1,1,5,0.505646
422,BS_4,BS,0.611298,0.816807,0.392171,0.293483,1,1,1,13,0.663332
422,HAP_0,HAP,0.676748,0.908414,0.090456,0.031471,3,0,0,0,1.386328
422,HAP_1,HAP,0.648239,0.823096,0.333496,0.259901,1,1,1,8,0.462781
422,HAP_2,HAP,0.710429,0.903916,0.241886,0.063065,1,1,1,0,1.497672
422,LEO_0,LEO,0.76291,0.912538,0.170616,0.043816,1,1,1,0,1.260216
422,LEO_1,LEO,0.900692,0.915201,0.004592,0.027543,1,1,0,0,1.16287
423,BS_0,BS,0.729576,0.845811,0.215292,0.163265,1,1,1,3,0.0
423,BS_1,BS,0.755525,0.83492,0.180342,0.282022,1,1,1,3,0.0
423,BS_2,BS,0.593557,0.842957,0.421621,0.200806,1,1,1,2,0.0
423,BS_3,BS,0.6475,0.817974,0.334636,0.28877,1,1,1,5,0.0
423,BS_4,BS,0.640899,0.817753,0.344883,0.288311,1,1,1,12,0.0
423,HAP_0,HAP,0.478604,0.885791,0.636882,0.207705,1,1,1,0,0.0
423,HAP_1,HAP,0.648301,0.823473,0.3334,0.257941,1,1,1,8,0.0
423,HAP_2,HAP,0.806258,0.908555,0.015351,0.050558,2,0,0,0,1.35324
423,LEO_0,LEO,0.74068,0.903642,0.200187,0.053086,1,1,1,0,1.8512
423,LEO_1,LEO,0.743239,0.906091,0.196738,0.039452,1,1,1,0,3.226036
424,BS_0,BS,0.69506,0.845823,0.263757,0.161917,1,1,1,3,0.450083
424,BS_1,BS,0.730373,0.840863,0.2142,0.246264,1,1,1,2,1.302362
424,BS_2,BS,0.734218,0.847434,0.20895,0.180292,1,1,1,2,0.430596
424,BS_3,BS,0.647962,0.819344,0.333923,0.281193,1,1,1,6,0.60037
424,BS_4,BS,0.646527,0.819034,0.33614,0.281494,1,1,1,11,0.228149
424,HAP_0,HAP,0.816048,0.896248,0.103282,0.170965,1,1,1,0,0.705235
424,HAP_1,HAP,0.646353,0.823594,0.336409,0.25728,1,1,1,6,0.482055
424,HAP_2,HAP,0.679079,0.906892,0.087018,0.043854,3,0,0,0,2.719528
424,LEO_0,LEO,0.708826,0.89815,0.244145,0.069292,1,1,1,0,0.904884
424,LEO_1,LEO,0.786747,0.904904,0.139849,0.040362,1,1,1,0,1.090574
425,BS_0,BS,0.66365,0.843059,0.310001,0.172779,1,1,1,4,0.507011
425,BS_1,BS,0.665914,0.839451,0.306595,0.239312,1,1,1,3,0.597081
425,BS_2,BS,0.763878,0.852908,0.169347,0.157139,1,1,1,2,0.426564
425,BS_3,BS,0.647999,0.820443,0.333867,0.275115,1,1,1,5,0.567495
425,BS_4,BS,0.645115,0.819928,0.338326,0.276705,1,1,1,12,0.65363
425,HAP_0,HAP,0.55396,0.874321,0.490662,0.245109,1,1,1,0,2.446705
425,HAP_1,HAP,0.644601,0.823527,0.339123,0.257576,1,1,1,8,0.55198
425,HAP_2,HAP,0.633141,0.89602,0.357062,0.092455,1,1,1,0,0.640476
425,LEO_0,LEO,0.768062,0.904798,0.063884,0.05727,2,0,0,0,0.983223
425,LEO_1,LEO,0.745534,0.907711,0.093655,0.036237,2,0,0,0,1.034613
426,BS_0,BS,0.648215,0.839435,0.333533,0.188283,1,1,1,3,1.146565
426,BS_1,BS,0.625774,0.835085,0.368766,0.252644,1,1,1,2,0.739905
426,BS_2,BS,0.733367,0.854744,0.210108,0.145577,1,1,1,3,1.013815
426,BS_3,BS,0.647134,0.821243,0.335202,0.270654,1,1,1,5,0.663087
426,BS_4,BS,0.648077,0.820917,0.333746,0.271487,1,1,1,10,0.32199
426,HAP_0,HAP,0.816489,0.879986,0.102742,0.200837,1,1,1,0,1.332391
426,HAP_1,HAP,0.645709,0.823578,0.337406,0.25729,1,1,1,7,1.003626
426,HAP_2,HAP,0.774115,0.905153,0.056034,0.075377,2,0,0,0,0.83584
426,LEO_0,LEO,0.733273,0.912224,0.010238,0.045863,3,0,0,0,1.127848
426,LEO_1,LEO,0.730838,0.913155,0.013563,0.029072,3,0,0,0,1.260279
427,BS_0,BS,0.569132,0.828729,0.463642,0.24736,1,1,1,2,0.78383
427,BS_1,BS,0.664465,0.834671,0.308773,0.245019,1,1,1,3,0.400496
427,BS_2,BS,0.663305,0.850169,0.310521,0.159852,1,1,1,3,0.574355
427,BS_3,BS,0.638787,0.821103,0.348183,0.271077,1,1,1,4,0.567059
427,BS_4,BS,0.639199,0.820881,0.34754,0.271543,1,1,1,11,0.781036
427,HAP_0,HAP,0.809886,0.882676,0.110862,0.166201,1,1,1,0,2.86901
427,HAP_1,HAP,0.638201,0.822916,0.349103,0.260675,1,1,1,6,0.617287
427,HAP_2,HAP,0.692609,0.909934,0.06729,0.062339,3,0,0,0,1.061306
427,LEO_0,LEO,0.736721,0.909683,0.205546,0.055703,1,1,1,0,0.695458
427,LEO_1,LEO,0.722567,0.908404,0.224945,0.046028,1,1,1,0,0.77287
428,BS_0,BS,0.647178,0.832359,0.335134,0.24843,1,1,1,2,0.0
428,BS_1,BS,0.731228,0.839981,0.213029,0.216437,1,1,1,2,0.272401
428,BS_2,BS,0.773963,0.855889,0.156231,0.138865,1,1,1,3,0.379622
428,BS_3,BS,0.59028,0.816253,0.427157,0.29897,1,1,1,7,0.0
428,BS_4,BS,0.645543,0.821445,0.337663,0.268542,1,1,1,13,0.0
428,HAP_0,HAP,0.786443,0.888794,0.040235,0.133689,2,0,0,0,3.59715
428,HAP_1,HAP,0.698899,0.827838,0.25825,0.238551,1,1,1,7,0.267496
428,HAP_2,HAP,0.715016,0.908211,0.23545,0.074818,1,1,1,0,0.447421
428,LEO_0,LEO,0.804387,0.91804,0.017674,0.044703,2,0,0,0,0.886596
428,LEO_1,LEO,0.799494,0.916355,0.023776,0.037077,2,0,0,0,0.902085
429,BS_0,BS,0.75087,0.840592,0.186523,0.2144,1,1,1,2,0.715048
429,BS_1,BS,0.612611,0.833589,0.390025,0.241603,1,1,1,2,0.929919
429,BS_2,BS,0.605017,0.848212,0.402498,0.183994,1,1,1,1,0.676053
429,BS_3,BS,0.633493,0.816612,0.356507,0.29637,1,1,1,6,0.553263
429,BS_4,BS,0.648295,0.822152,0.33341,0.264856,1,1,1,11,0.73082
429,HAP_0,HAP,0.675323,0.883541,0.292564,0.145468,1,1,1,0,0.869229
429,HAP_1,HAP,0.669126,0.829163,0.301782,0.231824,1,1,1,8,0.841229
429,HAP_2,HAP,0.73037,0.904188,0.214205,0.080502,1,1,1,0,1.050876
429,LEO_0,LEO,0.633447,0.899308,0.35658,0.092979,1,1,1,0,1.648876
429,LEO_1,LEO,0.706244,0.920202,0.047795,0.030689,3,0,0,0,1.028326
430,BS_0,BS,0.598372,0.83737,0.413543,0.248478,1,1,1,1,0.647751
430,BS_1,BS,0.776852,0.842722,0.152505,0.203748,1,1,1,3,0.292769
430,BS_2,BS,0.693761,0.848162,0.265628,0.178947,1,1,1,2,0.596481
430,BS_3,BS,0.586853,0.812311,0.432981,0.321459,1,1,1,3,0.675469
430,BS_4,BS,0.611359,0.819197,0.39207,0.281059,1,1,1,8,1.140331
430,HAP_0,HAP,0.779933,0.88933,0.148548,0.126304,1,1,1,0,0.825212
430,HAP_1,HAP,0.649295,0.828419,0.331868,0.235021,1,1,1,6,0.630904
430,HAP_2,HAP,0.753452,0.908232,0.08309,0.067508,2,0,0,0,1.028359
430,LEO_0,LEO,0.720265,0.896521,0.228136,0.097804,1,1,1,0,0.811438
430,LEO_1,LEO,0.782403,0.915959,0.145386,0.034063,1,1,1,0,1.184469
431,BS_0,BS,0.625054,0.835061,0.369917,0.26036,1,1,1,2,0.520085
431,BS_1,BS,0.775283,0.849906,0.154527,0.173744,1,1,1,3,0.707268
431,BS_2,BS,0.837511,0.859386,0.077321,0.145848,1,1,1,2,0.613613
431,BS_3,BS,0.667661,0.81661,0.303975,0.298747,1,1,1,4,0.544523
431,BS_4,BS,0.634785,0.81909,0.354469,0.281389,1,1,1,10,0.28603
431,HAP_0,HAP,0.789157,0.89967,0.03679,0.101653,2,0,0,0,0.983662
431,HAP_1,HAP,0.649917,0.82788,0.33091,0.237292,1,1,1,7,0.608017
431,HAP_2,HAP,0.732355,0.916838,0.01149,0.054066,3,0,0,0,0.879014
431,LEO_0,LEO,0.72577,0.897372,0.220522,0.100127,1,1,1,0,0.595804
431,LEO_1,LEO,0.748842,0.91321,0.189227,0.043364,1,1,1,0,0.738552
432,BS_0,BS,0.53188,0.82164,0.531337,0.335331,1,1,1,3,0.281112
432,BS_1,BS,0.670303,0.846923,0.300026,0.179502,1,1,1,4,0.728726
432,BS_2,BS,0.728624,0.859612,0.216598,0.13779,1,1,1,2,6.592593
432,BS_3,BS,0.612369,0.814863,0.39042,0.30759,1,1,1,6,0.204479
432,BS_4,BS,0.631538,0.818696,0.359597,0.2833,1,1,1,12,0.0
432,HAP_0,HAP,0.738592,0.901565,0.20301,0.099868,1,1,1,0,0.5091
432,HAP_1,HAP,0.597232,0.824552,0.415449,0.267503,1,1,1,5,0.10458
432,HAP_2,HAP,0.769913,0.917317,0.161478,0.054987,1,1,1,0,0.58155
432,LEO_0,LEO,0.783142,0.904122,0.144442,0.08949,1,1,1,0,0.473257
432,LEO_1,LEO,0.77644,0.919409,0.053037,0.035957,2,0,0,0,0.791933
433,BS_0,BS,0.717543,0.828491,0.231923,0.29247,1,1,1,3,0.752372
433,BS_1,BS,0.491143,0.826162,0.611019,0.311607,1,1,1,1,1.019521
433,BS_2,BS,0.762083,0.868407,0.0717,0.112545,2,0,1,2,0.913733
433,BS_3,BS,0.649941,0.817038,0.330874,0.295337,1,1,1,7,1.207341
433,BS_4,BS,0.646013,0.819741,0.336936,0.277727,1,1,1,14,0.895794
433,HAP_0,HAP,0.798957,0.912819,0.024448,0.080163,2,0,0,0,0.720994
433,HAP_1,HAP,0.702469,0.829888,0.253154,0.242841,1,1,1,7,0.567596
433,HAP_2,HAP,0.768886,0.914694,0.162813,0.055918,1,1,1,0,1.012241
433,LEO_0,LEO,0.679326,0.896256,0.286655,0.108569,1,1,1,0,1.102527
433,LEO_1,LEO,0.684273,0.923183,0.079398,0.031602,3,0,0,0,0.748201
434,BS_0,BS,0.527696,0.815458,0.539235,0.364824,1,1,1,1,1.401008
434,BS_1,BS,0.720772,0.83234,0.227433,0.272562,1,1,1,3,1.293312
434,BS_2,BS,0.677276,0.862349,0.289677,0.127797,1,1,1,1,1.040338
434,BS_3,BS,0.649311,0.81872,0.331844,0.285824,1,1,1,7,1.273498
434,BS_4,BS,0.646544,0.820626,0.336114,0.273019,1,1,1,12,1.016311
434,HAP_0,HAP,0.726079,0.907149,0.220097,0.08593,1,1,1,0,1.063441
434,HAP_1,HAP,0.652368,0.829368,0.327147,0.242434,1,1,1,9,1.190358
434,HAP_2,HAP,0.752314,0.916508,0.084601,0.047955,2,0,0,0,1.036648
434,LEO_0,LEO,0.772828,0.905427,0.057699,0.088353,2,0,0,0,0.768518
434,LEO_1,LEO,0.760817,0.916772,0.173362,0.038806,1,1,1,0,1.232013
435,BS_0,BS,0.783475,0.828729,0.144016,0.301193,1,1,1,3,0.647164
435,BS_1,BS,0.692113,0.834803,0.268005,0.250372,1,1,1,3,1.060351
435,BS_2,BS,0.590708,0.849294,0.426433,0.184068,1,1,1,3,0.523947
435,BS_3,BS,0.624085,0.817688,0.371469,0.290754,1,1,1,3,0.630702
435,BS_4,BS,0.646933,0.82137,0.335513,0.269072,1,1,1,12,0.758491
435,HAP_0,HAP,0.802246,0.914953,0.02034,0.06893,2,0,0,0,0.945675
435,HAP_1,HAP,0.645043,0.828206,0.338438,0.24549,1,1,1,7,0.49689
435,HAP_2,HAP,0.699492,0.919999,0.057401,0.039847,3,0,0,0,0.966133
435,LEO_0,LEO,0.687926,0.909804,0.074074,0.073152,3,0,0,0,1.058729
435,LEO_1,LEO,0.778071,0.918745,0.050938,0.032213,2,0,0,0,1.167725
436,BS_0,BS,0.647746,0.827929,0.334257,0.291231,1,1,1,3,1.720212
436,BS_1,BS,0.71951,0.839094,0.229185,0.223934,1,1,1,3,0.419443
436,BS_2,BS,0.74201,0.853918,0.198393,0.164966,1,1,1,2,0.0
436,BS_3,BS,0.614746,0.815957,0.386546,0.299842,1,1,1,8,0.0
436,BS_4,BS,0.648064,0.82207,0.333767,0.265387,1,1,1,12,0.386442
436,HAP_0,HAP,0.662825,0.899379,0.311245,0.098737,1,1,1,0,2.090816
436,HAP_1,HAP,0.684447,0.830819,0.279143,0.231457,1,1,1,6,0.372305
436,HAP_2,HAP,0.769648,0.919815,0.161822,0.043661,1,1,1,0,0.565289
436,LEO_0,LEO,0.648689,0.903885,0.332802,0.108362,1,1,1,0,0.246421
436,LEO_1,LEO,0.747331,0.9098,0.191247,0.042229,1,1,1,0,1.424705
437,BS_0,BS,0.731549,0.834588,0.212591,0.253323,1,1,1,3,1.031294
437,BS_1,BS,0.604167,0.832041,0.403905,0.25256,1,1,1,2,0.887133
437,BS_2,BS,0.655153,0.849039,0.322886,0.178888,1,1,1,2,0.889664
437,BS_3,BS,0.632622,0.816293,0.357882,0.297509,1,1,1,6,1.12975
437,BS_4,BS,0.645767,0.822417,0.337317,0.263512,1,1,1,13,1.100051
437,HAP_0,HAP,0.806085,0.901327,0.115566,0.085,1,1,1,0,1.057508
437,HAP_1,HAP,0.670975,0.831715,0.299023,0.225402,1,1,1,8,0.632269
437,HAP_2,HAP,0.776455,0.917415,0.153017,0.045465,1,1,1,0,0.995088
437,LEO_0,LEO,0.684227,0.897159,0.279466,0.121835,1,1,1,0,1.047799
437,LEO_1,LEO,0.776585,0.91073,0.05285,0.03504,2,0,0,0,1.399464
438,BS_0,BS,0.533593,0.820983,0.528122,0.328169,1,1,1,2,1.295213
438,BS_1,BS,0.734633,0.83813,0.208384,0.221588,1,1,1,3,0.45577
438,BS_2,BS,0.687394,0.847796,0.274847,0.177104,1,1,1,3,0.232647
438,BS_3,BS,0.651715,0.818345,0.328148,0.286464,1,1,1,6,0.318215
438,BS_4,BS,0.647116,0.82282,0.335229,0.26138,1,1,1,13,0.460561
438,HAP_0,HAP,0.757812,0.896174,0.177319,0.082149,1,1,1,0,2.731951
438,HAP_1,HAP,0.656726,0.831143,0.320489,0.226543,1,1,1,8,0.790528
438,HAP_2,HAP,0.774239,0.913445,0.155874,0.047306,1,1,1,0,1.160453
438,LEO_0,LEO,0.800617,0.907708,0.022372,0.097693,2,0,0,0,0.855188
438,LEO_1,LEO,0.674333,0.911205,0.094031,0.032011,3,0,0,0,1.118589
439,BS_0,BS,0.790285,0.834397,0.135362,0.27078,1,1,1,3,0.492891
439,BS_1,BS,0.689653,0.83921,0.271567,0.210458,1,1,1,4,0.609018
439,BS_2,BS,0.708449,0.848567,0.244677,0.168623,1,1,1,3,0.397892
439,BS_3,BS,0.645502,0.819413,0.337727,0.280498,1,1,1,7,0.767761
439,BS_4,BS,0.648086,0.823232,0.333732,0.259224,1,1,1,12,0.238088
439,HAP_0,HAP,0.752023,0.894898,0.184988,0.081118,1,1,1,0,1.01149
439,HAP_1,HAP,0.648705,0.829948,0.332778,0.231067,1,1,1,7,0.158079
439,HAP_2,HAP,0.801985,0.911039,0.120666,0.044397,1,1,1,0,1.281272
439,LEO_0,LEO,0.631556,0.890857,0.359568,0.136335,1,1,1,0,2.773778
439,LEO_1,LEO,0.546879,0.893158,0.503527,0.139702,1,1,1,0,0.405862
440,BS_0,BS,0.625762,0.830536,0.368786,0.277826,1,1,1,3,1.622674
440,BS_1,BS,0.665263,0.837914,0.307572,0.210936,1,1,1,4,0.484023
440,BS_2,BS,0.670463,0.845869,0.299786,0.175341,1,1,1,3,1.641773
440,BS_3,BS,0.633245,0.819116,0.356897,0.281717,1,1,1,7,0.524919
440,BS_4,BS,0.493766,0.807244,0.605694,0.372468,1,1,1,7,0.434374
440,HAP_0,HAP,0.767405,0.892067,0.164741,0.077107,1,1,1,0,1.47242
440,HAP_1,HAP,0.648406,0.828964,0.333238,0.234825,1,1,1,6,0.743325
440,HAP_2,HAP,0.772065,0.904815,0.158686,0.046849,1,1,1,0,2.596777
440,LEO_0,LEO,0.627728,0.883574,0.365648,0.169232,1,1,1,0,0.553124
440,LEO_1,LEO,0.781383,0.905321,0.04669,0.112742,2,0,0,0,0.660703
441,BS_0,BS,0.745367,0.837826,0.193878,0.239175,1,1,1,2,0.630582
441,BS_1,BS,0.590262,0.8297,0.427189,0.25087,1,1,1,2,0.659172
441,BS_2,BS,0.62415,0.839414,0.371365,0.202333,1,1,1,2,1.275233
441,BS_3,BS,0.634357,0.818985,0.355143,0.282131,1,1,1,7,0.61042
441,BS_4,BS,0.647612,0.810727,0.334464,0.348314,1,1,1,10,0.630137
441,HAP_0,HAP,0.746163,0.891503,0.192811,0.078415,1,1,1,0,0.973469
441,HAP_1,HAP,0.644193,0.827786,0.339757,0.239806,1,1,1,7,0.701899
441,HAP_2,HAP,0.763234,0.902174,0.170191,0.050513,1,1,1,0,1.070927
441,LEO_0,LEO,0.789098,0.896931,0.036865,0.135997,2,0,0,0,0.785206
441,LEO_1,LEO,0.624307,0.889318,0.371113,0.15217,1,1,1,0,1.423828
442,BS_0,BS,0.712791,0.840952,0.238566,0.216952,1,1,1,3,1.351409
442,BS_1,BS,0.723961,0.835379,0.223017,0.223078,1,1,1,4,0.628795
442,BS_2,BS,0.677887,0.839204,0.288775,0.199392,1,1,1,2,0.716315
442,BS_3,BS,0.568707,0.812324,0.46439,0.322751,1,1,1,5,0.461324
442,BS_4,BS,0.648196,0.813568,0.333562,0.32872,1,1,1,8,1.041661
442,HAP_0,HAP,0.814128,0.90162,0.005638,0.062746,2,0,0,0,1.141004
442,HAP_1,HAP,0.647862,0.827184,0.334077,0.242068,1,1,1,9,0.857659
442,HAP_2,HAP,0.796638,0.904031,0.127355,0.04771,1,1,1,0,0.971681
442,LEO_0,LEO,0.717451,0.906872,0.03205,0.10926,3,0,0,0,0.900822
442,LEO_1,LEO,0.765315,0.89686,0.067468,0.123784,2,0,0,0,1.001482
443,BS_0,BS,0.559041,0.831906,0.481533,0.277905,1,1,1,2,0.372769
443,BS_1,BS,0.674836,0.835706,0.293285,0.217169,1,1,1,3,0.610589
443,BS_2,BS,0.696261,0.840642,0.262031,0.190411,1,1,1,3,0.347736
443,BS_3,BS,0.646542,0.814692,0.336117,0.309039,1,1,1,6,0.528272
443,BS_4,BS,0.618086,0.812987,0.381128,0.328342,1,1,1,10,0.536278
443,HAP_0,HAP,0.736429,0.894691,0.205943,0.069283,1,1,1,0,3.317662
443,HAP_1,HAP,0.646875,0.826611,0.335602,0.244337,1,1,1,9,0.366406
443,HAP_2,HAP,0.801845,0.911838,0.02084,0.038363,2,0,0,0,1.015358
443,LEO_0,LEO,0.607126,0.912773,0.099019,0.09182,4,0,0,0,0.629225
443,LEO_1,LEO,0.689726,0.893714,0.271462,0.132189,1,1,1,0,0.672127
444,BS_0,BS,0.816205,0.847478,0.10309,0.227106,1,1,1,2,0.0
444,BS_1,BS,0.664357,0.835028,0.308936,0.216684,1,1,1,3,0.387327
444,BS_2,BS,0.72572,0.844278,0.220591,0.174226,1,1,1,2,0.457056
444,BS_3,BS,0.6473,0.816657,0.334946,0.297716,1,1,1,7,0.0
444,BS_4,BS,0.641917,0.814792,0.343297,0.315708,1,1,1,10,0.0
444,HAP_0,HAP,0.75484,0.896028,0.081249,0.058397,2,0,0,0,2.463452
444,HAP_1,HAP,0.648151,0.826271,0.333631,0.245559,1,1,1,8,0.389261
444,HAP_2,HAP,0.712795,0.901129,0.238562,0.056301,1,1,1,0,3.95777
444,LEO_0,LEO,0.691231,0.909832,0.269282,0.106087,1,1,1,0,0.359133
444,LEO_1,LEO,0.741651,0.897721,0.198877,0.123549,1,1,1,0,0.477529
445,BS_0,BS,0.735472,0.851176,0.207243,0.201012,1,1,1,2,5.251548
445,BS_1,BS,0.650366,0.83321,0.330221,0.222418,1,1,1,3,0.661711
445,BS_2,BS,0.690594,0.84421,0.270203,0.172235,1,1,1,3,0.410319
445,BS_3,BS,0.636792,0.817247,0.351312,0.293712,1,1,1,7,0.567815
445,BS_4,BS,0.647213,0.816728,0.335079,0.303091,1,1,1,10,0.643763
445,HAP_0,HAP,0.683294,0.899554,0.080829,0.049658,3,0,0,0,1.181079
445,HAP_1,HAP,0.646869,0.82588,0.335611,0.247133,1,1,1,7,0.347448
445,HAP_2,HAP,0.692739,0.895572,0.267102,0.077145,1,1,1,0,0.812447
445,LEO_0,LEO,0.743289,0.908077,0.19667,0.102275,1,1,1,0,0.892718
445,LEO_1,LEO,0.694011,0.892368,0.265267,0.130504,1,1,1,0,1.103703
446,BS_0,BS,0.686562,0.849503,0.276059,0.195104,1,1,1,3,1.181577
446,BS_1,BS,0.636463,0.830458,0.351829,0.233637,1,1,1,4,0.445615
446,BS_2,BS,0.628114,0.838466,0.365034,0.19775,1,1,1,2,1.258936
446,BS_3,BS,0.645996,0.81858,0.336963,0.286064,1,1,1,7,0.249973
446,BS_4,BS,0.638429,0.817458,0.348745,0.297204,1,1,1,11,0.441736
446,HAP_0,HAP,0.65942,0.891774,0.316394,0.084773,1,1,1,0,0.800175
446,HAP_1,HAP,0.646792,0.82556,0.335731,0.248428,1,1,1,8,0.778723
446,HAP_2,HAP,0.740824,0.897352,0.199992,0.079715,1,1,1,0,0.655681
446,LEO_0,LEO,0.692192,0.898972,0.267892,0.114115,1,1,1,0,1.227316
446,LEO_1,LEO,0.764138,0.892122,0.169007,0.117257,1,1,1,0,1.206724
447,BS_0,BS,0.672165,0.846792,0.297252,0.195844,1,1,1,2,0.838608
447,BS_1,BS,0.648292,0.829361,0.333414,0.236934,1,1,1,4,0.826006
447,BS_2,BS,0.762984,0.845542,0.170518,0.171285,1,1,1,2,0.901967
447,BS_3,BS,0.646389,0.819683,0.336353,0.279762,1,1,1,6,1.039805
447,BS_4,BS,0.648042,0.818938,0.3338,0.287903,1,1,1,10,1.36298
447,HAP_0,HAP,0.768213,0.900719,0.063688,0.069644,2,0,0,0,0.887745
447,HAP_1,HAP,0.645553,0.825189,0.337648,0.250046,1,1,1,9,0.798956
447,HAP_2,HAP,0.628766,0.882876,0.363995,0.123393,1,1,1,0,1.468134
447,LEO_0,LEO,0.793299,0.906199,0.031555,0.09174,2,0,0,0,1.100313
447,LEO_1,LEO,0.772822,0.898244,0.057707,0.095304,2,0,0,0,1.208065
448,BS_0,BS,0.818524,0.856424,0.100252,0.161198,1,1,1,3,0.978533
448,BS_1,BS,0.642714,0.827966,0.342056,0.242198,1,1,1,3,1.347029
448,BS_2,BS,0.718155,0.847569,0.231069,0.161054,1,1,1,3,1.238924
448,BS_3,BS,0.644754,0.820413,0.338886,0.275489,1,1,1,6,1.418366
448,BS_4,BS,0.645975,0.819931,0.336995,0.281427,1,1,1,13,0.699022
448,HAP_0,HAP,0.766166,0.898264,0.166356,0.068169,1,1,1,0,1.319231
448,HAP_1,HAP,0.618915,0.822364,0.379787,0.264944,1,1,1,6,1.112514
448,HAP_2,HAP,0.793204,0.888301,0.131675,0.106517,1,1,1,0,0.933248
448,LEO_0,LEO,0.678845,0.910415,0.087363,0.076826,3,0,0,0,0.885601
448,LEO_1,LEO,0.714903,0.905867,0.035608,0.076814,3,0,0,0,1.024135
449,BS_0,BS,0.805563,0.863167,0.116214,0.135036,1,1,1,3,3.210412
449,BS_1,BS,0.573405,0.821183,0.456162,0.287396,1,1,1,2,0.379608
449,BS_2,BS,0.596016,0.838006,0.417489,0.207277,1,1,1,2,1.327991
449,BS_3,BS,0.648018,0.8213,0.333837,0.270542,1,1,1,7,0.716847
449,BS_4,BS,0.64172,0.820329,0.343603,0.27827,1,1,1,11,0.757172
449,HAP_0,HAP,0.772321,0.904155,0.058354,0.056067,2,0,0,0,1.061166
449,HAP_1,HAP,0.722117,0.829357,0.225568,0.234851,1,1,1,7,0.776572
449,HAP_2,HAP,0.809582,0.899641,0.011237,0.08527,2,0,0,0,1.038234
449,LEO_0,LEO,0.74084,0.908721,0.19997,0.079456,1,1,1,0,0.719056
449,LEO_1,LEO,0.669799,0.913533,0.000777,0.061451,4,0,0,0,1.124436
450,BS_0,BS,0.755147,0.864683,0.180843,0.122746,1,1,1,2,2.117129
450,BS_1,BS,0.713073,0.827892,0.238171,0.255443,1,1,1,3,0.427816
450,BS_2,BS,0.711567,0.840988,0.240286,0.191803,1,1,1,3,0.488987
450,BS_3,BS,0.636773,0.82096,0.351342,0.271982,1,1,1,8,0.418924
450,BS_4,BS,0.645136,0.820965,0.338293,0.274115,1,1,1,11,0.201004
450,HAP_0,HAP,0.688049,0.899168,0.273895,0.078612,1,1,1,0,0.691387
450,HAP_1,HAP,0.678068,0.831175,0.288507,0.225337,1,1,1,5,0.642408
450,HAP_2,HAP,0.713154,0.891364,0.238058,0.093719,1,1,1,0,2.029259
450,LEO_0,LEO,0.784239,0.915536,0.043041,0.064398,2,0,0,0,0.916976
450,LEO_1,LEO,0.757285,0.911691,0.178015,0.063421,1,1,1,0,0.779053
451,BS_0,BS,0.671051,0.858812,0.298909,0.138403,1,1,1,2,1.133518
451,BS_1,BS,0.630773,0.825713,0.360809,0.262937,1,1,1,2,0.847003
451,BS_2,BS,0.550118,0.829562,0.497623,0.264875,1,1,1,1,0.775683
451,BS_3,BS,0.626539,0.819715,0.367544,0.278376,1,1,1,5,0.772073
451,BS_4,BS,0.639782,0.820975,0.346627,0.27336,1,1,1,12,1.439946
451,HAP_0,HAP,0.803528,0.909385,0.018744,0.063048,2,0,0,0,0.91007
451,HAP_1,HAP,0.712002,0.83556,0.239674,0.20612,1,1,1,7,0.717221
451,HAP_2,HAP,0.749167,0.895744,0.088793,0.078523,2,0,0,0,1.150756
451,LEO_0,LEO,0.789487,0.913988,0.136372,0.059887,1,1,1,0,1.060832
451,LEO_1,LEO,0.759535,0.907235,0.175048,0.064526,1,1,1,0,1.240489
452,BS_0,BS,0.736593,0.859707,0.205719,0.129766,1,1,1,4,0.609966
452,BS_1,BS,0.814621,0.839278,0.105033,0.215314,1,1,1,2,0.67373
452,BS_2,BS,0.763495,0.838784,0.169849,0.224882,1,1,1,2,0.515
452,BS_3,BS,0.628876,0.818943,0.363821,0.282265,1,1,1,6,0.229359
452,BS_4,BS,0.606491,0.817776,0.400066,0.290712,1,1,1,10,0.596827
452,HAP_0,HAP,0.638855,0.892858,0.348078,0.104959,1,1,1,0,2.287726
452,HAP_1,HAP,0.702622,0.838272,0.252936,0.193685,1,1,1,7,0.793184
452,HAP_2,HAP,0.612106,0.885656,0.39085,0.131562,1,1,1,0,0.635551
452,LEO_0,LEO,0.691843,0.909264,0.268396,0.080326,1,1,1,0,0.471451
452,LEO_1,LEO,0.766169,0.907212,0.166352,0.064074,1,1,1,0,0.783941
453,BS_0,BS,0.705567,0.85784,0.248753,0.131658,1,1,1,3,0.264938
453,BS_1,BS,0.706345,0.841565,0.247651,0.19985,1,1,1,2,5.070395
453,BS_2,BS,0.75316,0.847675,0.183478,0.195055,1,1,1,2,0.448406
453,BS_3,BS,0.646834,0.820014,0.335666,0.276514,1,1,1,8,0.235141
453,BS_4,BS,0.635187,0.81799,0.353836,0.288909,1,1,1,12,0.44142
453,HAP_0,HAP,0.654114,0.886965,0.324473,0.131345,1,1,1,0,0.637583
453,HAP_1,HAP,0.668197,0.837427,0.303172,0.196309,1,1,1,7,0.254181
453,HAP_2,HAP,0.76134,0.892094,0.172676,0.118667,1,1,1,0,0.571624
453,LEO_0,LEO,0.799319,0.918983,0.023995,0.06452,2,0,0,0,0.727966
453,LEO_1,LEO,0.785337,0.914802,0.041643,0.052039,2,0,0,0,0.843754
454,BS_0,BS,0.665733,0.85286,0.306867,0.147702,1,1,1,4,0.971796
454,BS_1,BS,0.555335,0.828961,0.488183,0.267126,1,1,1,1,1.442709
454,BS_2,BS,0.684437,0.846922,0.279158,0.191112,1,1,1,2,0.872242
454,BS_3,BS,0.628355,0.819132,0.36465,0.281048,1,1,1,6,1.101383
454,BS_4,BS,0.642866,0.818883,0.341819,0.283706,1,1,1,13,0.665336
454,HAP_0,HAP,0.80541,0.899514,0.016404,0.105197,2,0,0,0,0.937801
454,HAP_1,HAP,0.643126,0.834457,0.341414,0.209501,1,1,1,8,0.688551
454,HAP_2,HAP,0.731995,0.891188,0.211981,0.115155,1,1,1,0,1.069282
454,LEO_0,LEO,0.677656,0.921874,0.089115,0.05519,3,0,0,0,0.820939
454,LEO_1,LEO,0.782586,0.911862,0.145151,0.051112,1,1,1,0,1.197131
455,BS_0,BS,0.646824,0.847147,0.335681,0.168868,1,1,1,3,0.510122
455,BS_1,BS,0.653403,0.832691,0.325561,0.261396,1,1,1,1,0.205392
455,BS_2,BS,0.770593,0.853008,0.160595,0.164495,1,1,1,3,0.502629
455,BS_3,BS,0.645736,0.820064,0.337364,0.276055,1,1,1,5,0.333579
455,BS_4,BS,0.644064,0.819709,0.339958,0.278972,1,1,1,13,0.730386
455,HAP_0,HAP,0.648883,0.885847,0.332503,0.133909,1,1,1,0,3.58916
455,HAP_1,HAP,0.636142,0.831425,0.352334,0.223463,1,1,1,7,0.160745
455,HAP_2,HAP,0.656117,0.879712,0.321416,0.138612,1,1,1,0,1.773258
455,LEO_0,LEO,0.790442,0.924789,0.135163,0.052373,1,1,1,0,0.375997
455,LEO_1,LEO,0.745369,0.911613,0.093875,0.044856,2,0,0,0,1.248669
456,BS_0,BS,0.633894,0.841365,0.355873,0.192085,1,1,1,5,0.642816
456,BS_1,BS,0.627821,0.835531,0.3655,0.269232,1,1,1,1,0.53589
456,BS_2,BS,0.718148,0.853563,0.23108,0.155625,1,1,1,3,1.025216
456,BS_3,BS,0.622523,0.818613,0.373975,0.28378,1,1,1,5,0.552314
456,BS_4,BS,0.6478,0.820717,0.334174,0.27343,1,1,1,13,0.332499
456,HAP_0,HAP,0.677082,0.882812,0.289963,0.144962,1,1,1,0,0.713094
456,HAP_1,HAP,0.637126,0.829093,0.350788,0.234144,1,1,1,8,1.003045
456,HAP_2,HAP,0.775676,0.888349,0.05402,0.112203,2,0,0,0,1.173549
456,LEO_0,LEO,0.533882,0.895256,0.52758,0.167152,1,1,1,0,1.786414
456,LEO_1,LEO,0.815736,0.910681,0.103664,0.04072,1,1,1,0,1.242706
457,BS_0,BS,0.652692,0.838493,0.326651,0.201683,1,1,1,4,0.492873
457,BS_1,BS,0.620839,0.836057,0.376684,0.279237,1,1,1,1,0.423112
457,BS_2,BS,0.618158,0.844994,0.381011,0.189826,1,1,1,2,1.067376
457,BS_3,BS,0.645934,0.819667,0.337058,0.278147,1,1,1,5,0.780719
457,BS_4,BS,0.636202,0.820439,0.352238,0.274576,1,1,1,12,0.505354
457,HAP_0,HAP,0.659931,0.882709,0.315619,0.160797,1,1,1,0,0.363718
457,HAP_1,HAP,0.648408,0.82828,0.333236,0.237286,1,1,1,7,0.426229
457,HAP_2,HAP,0.815046,0.892987,0.10451,0.094678,1,1,1,0,1.123244
457,LEO_0,LEO,0.810173,0.899894,0.110507,0.139217,1,1,1,0,0.886977
457,LEO_1,LEO,0.771118,0.904472,0.159914,0.044084,1,1,1,0,2.515404
458,BS_0,BS,0.649498,0.835901,0.331555,0.210815,1,1,1,3,0.427269
458,BS_1,BS,0.594274,0.83799,0.420415,0.302926,1,1,1,1,0.0
458,BS_2,BS,0.800286,0.854983,0.122786,0.158646,1,1,1,2,0.228366
458,BS_3,BS,0.64779,0.820682,0.334188,0.272775,1,1,1,5,0.512295
458,BS_4,BS,0.643081,0.820862,0.341484,0.272136,1,1,1,14,0.731988
458,HAP_0,HAP,0.817308,0.900487,0.001739,0.128639,2,0,0,0,0.581945
458,HAP_1,HAP,0.64832,0.827622,0.333371,0.23984,1,1,1,7,0.119562
458,HAP_2,HAP,0.770988,0.890648,0.160082,0.087274,1,1,1,0,1.481523
458,LEO_0,LEO,0.696533,0.890281,0.261639,0.142178,1,1,1,0,1.587731
458,LEO_1,LEO,0.765193,0.906536,0.067627,0.037325,2,0,0,0,1.261039
459,BS_0,BS,0.64799,0.833688,0.333879,0.218816,1,1,1,5,0.719699
459,BS_1,BS,0.467334,0.817624,0.660711,0.438784,1,1,1,2,0.628885
459,BS_2,BS,0.678635,0.851997,0.287671,0.164156,1,1,1,2,1.219532
459,BS_3,BS,0.630086,0.819832,0.361899,0.277157,1,1,1,7,0.31839
459,BS_4,BS,0.648302,0.821686,0.333399,0.267729,1,1,1,12,0.31575
459,HAP_0,HAP,0.546435,0.877014,0.504341,0.217373,1,1,1,0,1.675413
459,HAP_1,HAP,0.647086,0.826981,0.335276,0.242457,1,1,1,8,0.79331
459,HAP_2,HAP,0.814483,0.894128,0.105201,0.074799,1,1,1,0,1.156371
459,LEO_0,LEO,0.720433,0.888818,0.227903,0.137115,1,1,1,0,0.868165
459,LEO_1,LEO,0.755788,0.90313,0.179995,0.044439,1,1,1,0,1.087703
460,BS_0,BS,0.647624,0.831884,0.334446,0.225387,1,1,1,4,0.284493
460,BS_1,BS,0.736797,0.827805,0.205443,0.37002,1,1,1,1,0.732527
460,BS_2,BS,0.457174,0.831335,0.68269,0.341055,1,1,1,0,0.7944
460,BS_3,BS,0.648047,0.820838,0.333791,0.271863,1,1,1,7,0.708155
460,BS_4,BS,0.640035,0.821575,0.346232,0.268127,1,1,1,10,0.484889
460,HAP_0,HAP,0.664695,0.876129,0.308428,0.216706,1,1,1,0,0.544095
460,HAP_1,HAP,0.632236,0.825075,0.358492,0.251798,1,1,1,6,0.172782
460,HAP_2,HAP,0.790741,0.8928,0.134785,0.068015,1,1,1,0,4.510662
460,LEO_0,LEO,0.721088,0.890424,0.226994,0.132879,1,1,1,0,0.633101
460,LEO_1,LEO,0.766848,0.90322,0.165466,0.047872,1,1,1,0,0.88709
461,BS_0,BS,0.644489,0.830149,0.339297,0.232114,1,1,1,4,0.308801
461,BS_1,BS,0.755042,0.836591,0.180982,0.310755,1,1,1,2,0.825937
461,BS_2,BS,0.553755,0.823375,0.491034,0.381345,1,1,1,2,0.551446
461,BS_3,BS,0.636653,0.820578,0.35153,0.273099,1,1,1,6,0.691146
461,BS_4,BS,0.648172,0.822244,0.333599,0.264582,1,1,1,10,0.779441
461,HAP_0,HAP,0.728181,0.876712,0.217205,0.194595,1,1,1,0,1.220501
461,HAP_1,HAP,0.647864,0.825016,0.334075,0.251661,1,1,1,7,0.966695
461,HAP_2,HAP,0.689828,0.888019,0.271313,0.087537,1,1,1,0,0.88231
461,LEO_0,LEO,0.769399,0.90185,0.062146,0.108041,2,0,0,0,0.66973
461,LEO_1,LEO,0.816955,0.912625,0.002172,0.0383,2,0,0,0,0.993618
462,BS_0,BS,0.643299,0.828651,0.341146,0.238063,1,1,1,5,0.508392
462,BS_1,BS,0.688224,0.837896,0.273641,0.2823,1,1,1,2,1.171788
462,BS_2,BS,0.65406,0.829472,0.324557,0.352478,1,1,1,1,0.474936
462,BS_3,BS,0.614241,0.818221,0.387368,0.286003,1,1,1,8,0.584015
462,BS_4,BS,0.642395,0.822242,0.342552,0.264469,1,1,1,13,0.46574
462,HAP_0,HAP,0.828114,0.884217,0.088604,0.159209,1,1,1,0,1.200598
462,HAP_1,HAP,0.636702,0.823925,0.351453,0.256912,1,1,1,5,0.837097
462,HAP_2,HAP,0.760202,0.891822,0.174171,0.08368,1,1,1,0,0.769333
462,LEO_0,LEO,0.731104,0.912798,0.0132,0.086511,3,0,0,0,0.817283
462,LEO_1,LEO,0.68792,0.899691,0.274083,0.064444,1,1,1,0,1.881162
463,BS_0,BS,0.636279,0.826793,0.352118,0.246244,1,1,1,4,0.467701
463,BS_1,BS,0.821879,0.849555,0.096162,0.230001,1,1,1,2,0.668157
463,BS_2,BS,0.458956,0.808898,0.678802,0.48933,1,1,1,3,0.408274
463,BS_3,BS,0.6479,0.819535,0.334018,0.279008,1,1,1,8,0.438663
463,BS_4,BS,0.648214,0.822782,0.333534,0.261636,1,1,1,12,0.642145
463,HAP_0,HAP,0.750936,0.88182,0.186435,0.143008,1,1,1,0,3.146152
463,HAP_1,HAP,0.702925,0.82899,0.252505,0.234221,1,1,1,5,0.168787
463,HAP_2,HAP,0.810659,0.896549,0.109908,0.07238,1,1,1,0,1.08569
463,LEO_0,LEO,0.665548,0.92201,0.007144,0.069232,4,0,0,0,0.777674
463,LEO_1,LEO,0.58588,0.887052,0.43464,0.136566,1,1,1,0,0.478674
464,BS_0,BS,0.644497,0.826078,0.339286,0.248797,1,1,1,5,0.280652
464,BS_1,BS,0.738688,0.852473,0.202879,0.202523,1,1,1,2,2.974515
464,BS_2,BS,0.792401,0.826648,0.132688,0.399386,1,1,1,2,0.0
464,BS_3,BS,0.644848,0.820304,0.338741,0.274842,1,1,1,7,0.515276
464,BS_4,BS,0.639372,0.822389,0.347269,0.263577,1,1,1,9,0.766657
464,HAP_0,HAP,0.78083,0.889515,0.047398,0.115417,2,0,0,0,1.277949
464,HAP_1,HAP,0.679883,0.831042,0.285834,0.224143,1,1,1,8,1.25781
464,HAP_2,HAP,0.689426,0.886863,0.271895,0.091171,1,1,1,0,3.181366
464,LEO_0,LEO,0.717592,0.919482,0.231854,0.079576,1,1,1,0,0.331824
464,LEO_1,LEO,0.642812,0.88633,0.341903,0.161857,1,1,1,0,0.184142
465,BS_0,BS,0.645545,0.825603,0.33766,0.250344,1,1,1,3,0.436955
465,BS_1,BS,0.805611,0.86001,0.116154,0.16809,1,1,1,2,0.784939
465,BS_2,BS,0.74324,0.835013,0.196736,0.336926,1,1,1,3,0.943637
465,BS_3,BS,0.648329,0.821242,0.333357,0.269881,1,1,1,6,0.490493
465,BS_4,BS,0.640017,0.822136,0.34626,0.264814,1,1,1,12,0.793752
465,HAP_0,HAP,0.759477,0.889923,0.175125,0.106135,1,1,1,0,1.070217
465,HAP_1,HAP,0.653603,0.830318,0.325254,0.22692,1,1,1,6,0.690182
465,HAP_2,HAP,0.640714,0.88071,0.345172,0.126552,1,1,1,0,0.657124
465,LEO_0,LEO,0.61164,0.901305,0.391611,0.132672,1,1,1,0,1.242664
465,LEO_1,LEO,0.569227,0.87048,0.463476,0.22615,1,1,1,0,1.276988
466,BS_0,BS,0.646112,0.825275,0.336782,0.251315,1,1,1,4,0.238657
466,BS_1,BS,0.777391,0.869899,0.051812,0.13568,2,0,0,2,5.274329
466,BS_2,BS,0.750404,0.841881,0.187143,0.285301,1,1,1,2,2.361799
466,BS_3,BS,0.644102,0.821599,0.339898,0.267893,1,1,1,7,0.748477
466,BS_4,BS,0.630891,0.821071,0.360621,0.270373,1,1,1,12,0.782913
466,HAP_0,HAP,0.764413,0.887584,0.168647,0.097707,1,1,1,0,2.34219
466,HAP_1,HAP,0.64898,0.829314,0.332353,0.231242,1,1,1,7,0.237554
466,HAP_2,HAP,0.677976,0.882474,0.288643,0.138733,1,1,1,0,0.39519
466,LEO_0,LEO,0.628706,0.895051,0.364091,0.165791,1,1,1,0,0.248895
466,LEO_1,LEO,0.720413,0.876742,0.22793,0.204298,1,1,1,0,0.47637
467,BS_0,BS,0.642669,0.824693,0.342125,0.253724,1,1,1,4,0.773948
467,BS_1,BS,0.733065,0.868288,0.210521,0.128487,1,1,1,2,1.300988
467,BS_2,BS,0.818677,0.852521,0.100066,0.232747,1,1,1,2,1.026401
467,BS_3,BS,0.615324,0.819143,0.385606,0.281226,1,1,1,8,0.772979
467,BS_4,BS,0.640299,0.821108,0.345821,0.270115,1,1,1,13,0.323421
467,HAP_0,HAP,0.815406,0.891654,0.104069,0.083039,1,1,1,0,1.165252
467,HAP_1,HAP,0.625764,0.826324,0.368782,0.246194,1,1,1,5,0.583274
467,HAP_2,HAP,0.727146,0.883941,0.218627,0.132495,1,1,1,0,0.99571
467,LEO_0,LEO,0.698981,0.89144,0.258131,0.162617,1,1,1,0,1.03533
467,LEO_1,LEO,0.616901,0.866016,0.383046,0.229465,1,1,1,0,1.40029
468,BS_0,BS,0.647756,0.8247,0.334241,0.253252,1,1,1,5,0.351279
468,BS_1,BS,0.794887,0.871857,0.129555,0.110343,1,1,1,2,1.762018
468,BS_2,BS,0.688908,0.850662,0.272648,0.219649,1,1,1,3,1.905009
468,BS_3,BS,0.565068,0.812066,0.470809,0.324729,1,1,1,5,0.665903
468,BS_4,BS,0.643587,0.821444,0.340698,0.268326,1,1,1,12,0.45767
468,HAP_0,HAP,0.794407,0.891079,0.130159,0.074055,1,1,1,0,1.918912
468,HAP_1,HAP,0.71595,0.83201,0.234145,0.221626,1,1,1,5,0.193677
468,HAP_2,HAP,0.626284,0.871292,0.367951,0.166921,1,1,1,0,1.715911
468,LEO_0,LEO,0.807508,0.899693,0.113803,0.135922,1,1,1,0,0.601045
468,LEO_1,LEO,0.679225,0.86866,0.286803,0.220587,1,1,1,0,0.558155
469,BS_0,BS,0.639365,0.823923,0.34728,0.256873,1,1,1,3,0.48245
469,BS_1,BS,0.765517,0.872453,0.167204,0.100855,1,1,1,1,0.826225
469,BS_2,BS,0.667297,0.848936,0.30452,0.217449,1,1,1,2,0.273405
469,BS_3,BS,0.643359,0.81419,0.341052,0.312125,1,1,1,7,0.399861
469,BS_4,BS,0.647762,0.822102,0.334232,0.264931,1,1,1,13,0.381713
469,HAP_0,HAP,0.605671,0.880756,0.401418,0.131755,1,1,1,0,0.641917
469,HAP_1,HAP,0.679086,0.833388,0.287007,0.214369,1,1,1,6,0.853884
469,HAP_2,HAP,0.596733,0.86562,0.416285,0.211519,1,1,1,0,0.459899
469,LEO_0,LEO,0.592386,0.881013,0.423596,0.189483,1,1,1,0,2.837534
469,LEO_1,LEO,0.72344,0.877055,0.223737,0.198996,1,1,1,0,0.382479
470,BS_0,BS,0.646828,0.823998,0.335676,0.256204,1,1,1,4,1.494768
470,BS_1,BS,0.751808,0.871846,0.185275,0.096131,1,1,1,2,1.020329
470,BS_2,BS,0.78476,0.855942,0.142378,0.183081,1,1,1,3,1.16268
470,BS_3,BS,0.592716,0.810969,0.42304,0.330233,1,1,1,8,0.256821
470,BS_4,BS,0.626049,0.820582,0.368326,0.272993,1,1,1,10,0.958664
470,HAP_0,HAP,0.783069,0.892039,0.044535,0.106297,2,0,0,0,1.036245
470,HAP_1,HAP,0.639167,0.830855,0.34759,0.225863,1,1,1,8,0.631059
470,HAP_2,HAP,0.774277,0.873124,0.155826,0.180142,1,1,1,0,1.091883
470,LEO_0,LEO,0.737359,0.883544,0.20468,0.170438,1,1,1,0,0.789992
470,LEO_1,LEO,0.620284,0.868206,0.377577,0.223351,1,1,1,0,1.236728
471,BS_0,BS,0.648277,0.824192,0.333437,0.254994,1,1,1,5,0.70524
471,BS_1,BS,0.77703,0.87334,0.152276,0.087339,1,1,1,1,0.836533
471,BS_2,BS,0.663574,0.852357,0.310115,0.189742,1,1,1,1,0.677371
471,BS_3,BS,0.646452,0.8136,0.336257,0.315068,1,1,1,7,0.938414
471,BS_4,BS,0.638895,0.820584,0.348015,0.272896,1,1,1,12,1.220215
471,HAP_0,HAP,0.791358,0.894354,0.134005,0.093118,1,1,1,0,1.157195
471,HAP_1,HAP,0.640294,0.828934,0.345827,0.234509,1,1,1,6,1.000168
471,HAP_2,HAP,0.785467,0.878334,0.141477,0.15312,1,1,1,0,1.209062
471,LEO_0,LEO,0.783506,0.893938,0.043977,0.137221,2,0,0,0,1.057729
471,LEO_1,LEO,0.805442,0.879677,0.116364,0.184774,1,1,1,0,0.718582
472,BS_0,BS,0.647097,0.824238,0.335259,0.254575,1,1,1,3,0.609624
472,BS_1,BS,0.730432,0.870825,0.214119,0.090503,1,1,1,2,1.225545
472,BS_2,BS,0.811159,0.861009,0.109292,0.157169,1,1,1,1,0.655789
472,BS_3,BS,0.646546,0.815713,0.33611,0.302891,1,1,1,8,0.299232
472,BS_4,BS,0.646275,0.821276,0.33653,0.269281,1,1,1,10,0.495514
472,HAP_0,HAP,0.801809,0.899209,0.120885,0.081071,1,1,1,0,0.846732
472,HAP_1,HAP,0.642956,0.827647,0.341679,0.240142,1,1,1,8,0.555194
472,HAP_2,HAP,0.697227,0.879686,0.260644,0.153067,1,1,1,0,0.625933
472,LEO_0,LEO,0.694461,0.902643,0.06462,0.111656,3,0,0,0,0.822267
472,LEO_1,LEO,0.63438,0.868854,0.355107,0.204565,1,1,1,0,1.763046
473,BS_0,BS,0.635101,0.823152,0.353971,0.260043,1,1,1,5,0.572406
473,BS_1,BS,0.822603,0.875943,0.095282,0.076488,1,1,1,2,3.058
473,BS_2,BS,0.659694,0.854985,0.315979,0.170664,1,1,1,2,2.818176
473,BS_3,BS,0.620075,0.814896,0.377915,0.306581,1,1,1,5,0.0
473,BS_4,BS,0.64814,0.822002,0.333649,0.265519,1,1,1,11,0.33966
473,HAP_0,HAP,0.673885,0.887881,0.294695,0.103937,1,1,1,0,2.587091
473,HAP_1,HAP,0.648496,0.827131,0.333099,0.242044,1,1,1,8,0.171266
473,HAP_2,HAP,0.743204,0.891268,0.096784,0.126669,2,0,0,0,0.650556
473,LEO_0,LEO,0.624824,0.895852,0.370286,0.151025,1,1,1,0,0.289867
473,LEO_1,LEO,0.591205,0.863416,0.425593,0.24516,1,1,1,0,0.426955
474,BS_0,BS,0.648339,0.823521,0.333342,0.258037,1,1,1,4,0.468948
474,BS_1,BS,0.723132,0.872305,0.224164,0.083802,1,1,1,1,5.6896
474,BS_2,BS,0.510988,0.840951,0.571409,0.28346,1,1,1,1,0.350135
474,BS_3,BS,0.648343,0.816917,0.333335,0.295266,1,1,1,7,0.452556
474,BS_4,BS,0.648329,0.8226,0.333357,0.262422,1,1,1,13,0.61114
474,HAP_0,HAP,0.588081,0.877995,0.430891,0.166699,1,1,1,0,0.461992
474,HAP_1,HAP,0.648093,0.826682,0.333722,0.243751,1,1,1,8,0.324644
474,HAP_2,HAP,0.652188,0.880333,0.327423,0.149578,1,1,1,0,1.462691
474,LEO_0,LEO,0.80319,0.902589,0.119164,0.12721,1,1,1,0,0.766782
474,LEO_1,LEO,0.810423,0.878365,0.110199,0.201593,1,1,1,0,0.566159
475,BS_0,BS,0.643635,0.82338,0.340623,0.25864,1,1,1,3,0.727
475,BS_1,BS,0.625393,0.860681,0.369375,0.128439,1,1,1,2,1.335757
475,BS_2,BS,0.535083,0.82749,0.525333,0.350956,1,1,1,2,0.584621
475,BS_3,BS,0.647448,0.81845,0.334716,0.286628,1,1,1,8,0.330085
475,BS_4,BS,0.648343,0.82308,0.333335,0.259938,1,1,1,11,0.618653
475,HAP_0,HAP,0.787182,0.888378,0.139296,0.142091,1,1,1,0,0.546083
475,HAP_1,HAP,0.632375,0.824849,0.358273,0.252763,1,1,1,5,0.536221
475,HAP_2,HAP,0.774058,0.885188,0.156108,0.130629,1,1,1,0,0.888126
475,LEO_0,LEO,0.574919,0.881471,0.453527,0.194327,1,1,1,0,1.925617
475,LEO_1,LEO,0.586254,0.864056,0.434002,0.246035,1,1,1,0,1.430644
476,BS_0,BS,0.648288,0.823698,0.33342,0.256938,1,1,1,4,0.736034
476,BS_1,BS,0.652195,0.857486,0.327412,0.150991,1,1,1,1,0.568348
476,BS_2,BS,0.754923,0.836374,0.181139,0.29553,1,1,1,2,0.638623
476,BS_3,BS,0.648032,0.819731,0.333815,0.279447,1,1,1,6,0.5156
476,BS_4,BS,0.648144,0.823445,0.333643,0.258043,1,1,1,12,1.119361
476,HAP_0,HAP,0.597567,0.873508,0.414889,0.191133,1,1,1,0,1.396155
476,HAP_1,HAP,0.666631,0.826548,0.305519,0.244214,1,1,1,7,0.868542
476,HAP_2,HAP,0.795679,0.888328,0.128559,0.11194,1,1,1,0,1.270813
476,LEO_0,LEO,0.763266,0.885492,0.170149,0.168489,1,1,1,0,0.849764
476,LEO_1,LEO,0.874396,0.877384,0.034222,0.197355,1,1,1,0,1.161043
477,BS_0,BS,0.644153,0.82357,0.339819,0.257515,1,1,1,4,0.382918
477,BS_1,BS,0.583042,0.845336,0.439496,0.207713,1,1,1,2,0.40627
477,BS_2,BS,0.623328,0.833374,0.372682,0.298926,1,1,1,1,0.653991
477,BS_3,BS,0.640715,0.820075,0.34517,0.277172,1,1,1,7,0.582576
477,BS_4,BS,0.647836,0.823709,0.334117,0.25667,1,1,1,12,0.698371
477,HAP_0,HAP,0.59716,0.869049,0.41557,0.23062,1,1,1,0,0.295347
477,HAP_1,HAP,0.654812,0.826834,0.323407,0.242438,1,1,1,6,0.561618
477,HAP_2,HAP,0.807899,0.89384,0.113318,0.095331,1,1,1,0,0.950213
477,LEO_0,LEO,0.764812,0.893298,0.068125,0.13688,2,0,0,0,1.139125
477,LEO_1,LEO,0.757974,0.876919,0.177106,0.171999,1,1,1,0,2.051695
478,BS_0,BS,0.628621,0.822002,0.364227,0.26571,1,1,1,5,0.438452
478,BS_1,BS,0.821944,0.855647,0.096083,0.170325,1,1,1,2,0.79808
478,BS_2,BS,0.758569,0.844165,0.176322,0.253131,1,1,1,1,0.45542
478,BS_3,BS,0.62834,0.819179,0.364674,0.281582,1,1,1,5,0.775694
478,BS_4,BS,0.646112,0.82376,0.336782,0.256376,1,1,1,12,0.468115
478,HAP_0,HAP,0.900039,0.888771,0.005317,0.184509,1,1,1,0,0.64811
478,HAP_1,HAP,0.650503,0.826667,0.330009,0.242958,1,1,1,6,0.42448
478,HAP_2,HAP,0.709816,0.886502,0.24275,0.102782,1,1,1,0,2.377567
478,LEO_0,LEO,0.808291,0.89619,0.112833,0.115233,1,1,1,0,1.184643
478,LEO_1,LEO,0.803788,0.886324,0.01842,0.137752,2,0,0,0,1.404274
479,BS_0,BS,0.616068,0.819538,0.384399,0.279061,1,1,1,4,0.0
479,BS_1,BS,0.782052,0.860797,0.145834,0.14583,1,1,1,2,1.040447
479,BS_2,BS,0.686626,0.849524,0.275965,0.236775,1,1,1,2,0.260828
479,BS_3,BS,0.635843,0.819175,0.352804,0.281277,1,1,1,5,0.0
479,BS_4,BS,0.638089,0.823052,0.349278,0.259999,1,1,1,12,0.0
479,HAP_0,HAP,0.56378,0.869401,0.473091,0.248324,1,1,1,0,3.239359
479,HAP_1,HAP,0.64751,0.826256,0.33462,0.244753,1,1,1,8,0.0
479,HAP_2,HAP,0.623271,0.87915,0.372774,0.144758,1,1,1,0,0.610487
479,LEO_0,LEO,0.780524,0.894527,0.14779,0.102015,1,1,1,0,1.402672
479,LEO_1,LEO,0.71572,0.893678,0.034466,0.110736,3,0,0,0,1.311489
480,BS_0,BS,0.647319,0.820535,0.334916,0.273725,1,1,1,5,0.408696
480,BS_1,BS,0.363334,0.821822,0.912433,0.491305,1,1,1,0,1.134402
480,BS_2,BS,0.630264,0.844073,0.361617,0.248265,1,1,1,2,1.319932
480,BS_3,BS,0.648268,0.820333,0.333452,0.275057,1,1,1,6,0.744601
480,BS_4,BS,0.648332,0.82344,0.333353,0.258005,1,1,1,12,1.087498
480,HAP_0,HAP,0.725083,0.873744,0.22147,0.220731,1,1,1,0,0.730325
480,HAP_1,HAP,0.645447,0.825736,0.337812,0.247155,1,1,1,6,0.769219
480,HAP_2,HAP,0.763795,0.891392,0.069456,0.117977,2,0,0,0,0.778043
480,LEO_0,LEO,0.762441,0.899303,0.07123,0.083895,2,0,0,0,1.166736
480,LEO_1,LEO,0.61271,0.897068,0.089863,0.092223,4,0,0,0,1.227452
481,BS_0,BS,0.648057,0.821402,0.333776,0.269113,1,1,1,5,0.704
481,BS_1,BS,0.631217,0.825554,0.360105,0.451398,1,1,1,1,0.213908
481,BS_2,BS,0.586011,0.834423,0.434417,0.283535,1,1,1,3,0.605205
481,BS_3,BS,0.647989,0.821234,0.333881,0.27021,1,1,1,5,0.78491
481,BS_4,BS,0.644843,0.823427,0.338748,0.258041,1,1,1,10,0.767319
481,HAP_0,HAP,0.72805,0.873538,0.217386,0.19785,1,1,1,0,1.339508
481,HAP_1,HAP,0.633343,0.824184,0.356743,0.254994,1,1,1,8,0.621019
481,HAP_2,HAP,0.65928,0.880565,0.316607,0.13949,1,1,1,0,1.728765
481,LEO_0,LEO,0.695685,0.901614,0.062858,0.068894,3,0,0,0,1.455947
481,LEO_1,LEO,0.699523,0.892243,0.257357,0.103583,1,1,1,0,0.934175
482,BS_0,BS,0.64767,0.822059,0.334374,0.265603,1,1,1,4,0.615526
482,BS_1,BS,0.572591,0.827351,0.457583,0.455341,1,1,1,1,0.201846
482,BS_2,BS,0.874544,0.851247,0.034053,0.22735,1,1,1,2,0.418695
482,BS_3,BS,0.647873,0.821943,0.334061,0.266387,1,1,1,7,0.474725
482,BS_4,BS,0.643216,0.823265,0.341275,0.258844,1,1,1,10,0.695958
482,HAP_0,HAP,0.75472,0.873463,0.181409,0.173089,1,1,1,0,3.079443
482,HAP_1,HAP,0.647718,0.82429,0.3343,0.254285,1,1,1,9,0.707941
482,HAP_2,HAP,0.677037,0.878798,0.290029,0.149444,1,1,1,0,0.692694
482,LEO_0,LEO,0.663671,0.894229,0.309969,0.098352,1,1,1,0,0.706612
482,LEO_1,LEO,0.734979,0.893697,0.207913,0.102319,1,1,1,0,0.703658
483,BS_0,BS,0.64724,0.822545,0.335039,0.262995,1,1,1,4,0.666807
483,BS_1,BS,0.559414,0.822608,0.480865,0.468326,1,1,1,1,0.675676
483,BS_2,BS,0.863139,0.863317,0.04718,0.182882,1,1,1,2,4.780278
483,BS_3,BS,0.645951,0.822333,0.337031,0.264225,1,1,1,6,0.331722
483,BS_4,BS,0.643556,0.823167,0.340746,0.259324,1,1,1,11,0.493137
483,HAP_0,HAP,0.723933,0.874795,0.223056,0.160861,1,1,1,0,0.962017
483,HAP_1,HAP,0.624727,0.822205,0.37044,0.26518,1,1,1,6,0.408513
483,HAP_2,HAP,0.740006,0.884867,0.201097,0.137753,1,1,1,0,0.556905
483,LEO_0,LEO,0.758527,0.898052,0.176377,0.09268,1,1,1,0,0.631953
483,LEO_1,LEO,0.781263,0.900102,0.146843,0.091558,1,1,1,0,0.56496
484,BS_0,BS,0.647755,0.822981,0.334243,0.260669,1,1,1,4,0.685536
484,BS_1,BS,0.598501,0.821396,0.413327,0.451539,1,1,1,1,0.60845
484,BS_2,BS,0.842515,0.871402,0.071364,0.148597,1,1,0,2,4.0396
484,BS_3,BS,0.641338,0.822214,0.344199,0.264693,1,1,1,6,0.487224
484,BS_4,BS,0.62857,0.821675,0.364308,0.267183,1,1,1,11,0.28657
484,HAP_0,HAP,0.673283,0.875272,0.29559,0.168007,1,1,1,0,0.588684
484,HAP_1,HAP,0.648453,0.822774,0.333166,0.262094,1,1,1,8,0.557139
484,HAP_2,HAP,0.81002,0.900382,0.010696,0.110254,2,0,0,0,0.706031
484,LEO_0,LEO,0.792477,0.90872,0.032592,0.074622,2,0,0,0,0.802098
484,LEO_1,LEO,0.79318,0.911219,0.031704,0.073699,2,0,0,0,0.718945
485,BS_0,BS,0.639776,0.822587,0.346637,0.262606,1,1,1,4,0.378526
485,BS_1,BS,0.561054,0.822542,0.477937,0.464022,1,1,1,1,0.0
485,BS_2,BS,0.707437,0.867361,0.246106,0.146133,1,1,1,3,1.40519
485,BS_3,BS,0.641434,0.822128,0.344049,0.265021,1,1,1,6,0.64867
485,BS_4,BS,0.63965,0.82153,0.346834,0.267879,1,1,1,12,0.0
485,HAP_0,HAP,0.713412,0.881807,0.237696,0.15983,1,1,1,0,0.347967
485,HAP_1,HAP,0.631362,0.821627,0.359875,0.267954,1,1,1,6,0.254922
485,HAP_2,HAP,0.615962,0.884754,0.38457,0.154756,1,1,1,0,1.387951
485,LEO_0,LEO,0.595485,0.88832,0.418379,0.138467,1,1,1,0,1.6633
485,LEO_1,LEO,0.570934,0.887954,0.460482,0.154379,1,1,1,0,1.59441
486,BS_0,BS,0.645768,0.822831,0.337315,0.261287,1,1,1,4,0.73348
486,BS_1,BS,0.642658,0.831773,0.342142,0.423895,1,1,1,0,0.569007
486,BS_2,BS,0.707523,0.864131,0.245985,0.144136,1,1,1,3,2.001206
486,BS_3,BS,0.642863,0.822193,0.341824,0.264596,1,1,1,8,0.759309
486,BS_4,BS,0.635153,0.820991,0.353889,0.27066,1,1,1,13,0.480082
486,HAP_0,HAP,0.531973,0.860746,0.531163,0.254824,1,1,1,0,2.483642
486,HAP_1,HAP,0.675756,0.824786,0.291923,0.252712,1,1,1,8,0.552994
486,HAP_2,HAP,0.703464,0.885151,0.251739,0.152322,1,1,1,0,0.631524
486,LEO_0,LEO,0.672184,0.884982,0.297223,0.150527,1,1,1,0,0.641145
486,LEO_1,LEO,0.665787,0.884548,0.306786,0.165856,1,1,1,0,0.591304
487,BS_0,BS,0.645023,0.822956,0.33847,0.260582,1,1,1,4,1.321538
487,BS_1,BS,0.499355,0.818111,0.594437,0.498126,1,1,1,1,0.917159
487,BS_2,BS,0.651143,0.856564,0.329026,0.164025,1,1,1,2,1.688554
487,BS_3,BS,0.637203,0.821715,0.350667,0.267012,1,1,1,7,1.006276
487,BS_4,BS,0.646497,0.821622,0.336187,0.267388,1,1,1,11,0.681949
487,HAP_0,HAP,0.85199,0.874652,0.06018,0.205489,1,1,1,0,0.970962
487,HAP_1,HAP,0.663858,0.826248,0.309686,0.245327,1,1,1,6,0.922001
487,HAP_2,HAP,0.639474,0.873785,0.347109,0.176076,1,1,1,0,2.374499
487,LEO_0,LEO,0.79895,0.898154,0.024456,0.120691,2,0,0,0,0.849585
487,LEO_1,LEO,0.765338,0.894251,0.067438,0.134731,2,0,0,0,0.982376
488,BS_0,BS,0.647043,0.823244,0.335343,0.259071,1,1,1,3,0.685477
488,BS_1,BS,0.580091,0.817563,0.44457,0.48744,1,1,1,1,0.700904
488,BS_2,BS,0.459032,0.834256,0.678635,0.338465,1,1,1,1,0.631585
488,BS_3,BS,0.64126,0.821712,0.34432,0.26696,1,1,1,8,0.542084
488,BS_4,BS,0.648187,0.822283,0.333576,0.263983,1,1,1,13,0.5139
488,HAP_0,HAP,0.714027,0.871445,0.236835,0.189632,1,1,1,0,2.464347
488,HAP_1,HAP,0.6521,0.826345,0.327557,0.244544,1,1,1,8,0.521793
488,HAP_2,HAP,0.79548,0.880763,0.12881,0.148327,1,1,1,0,0.97927
488,LEO_0,LEO,0.803567,0.90445,0.118695,0.102892,1,1,1,0,0.659767
488,LEO_1,LEO,0.811725,0.898927,0.108594,0.113092,1,1,1,0,1.011245
489,BS_0,BS,0.645383,0.823321,0.337911,0.258639,1,1,1,4,0.291098
489,BS_1,BS,0.579203,0.823112,0.446102,0.479505,1,1,1,0,0.26518
489,BS_2,BS,0.686769,0.839474,0.275757,0.304991,1,1,1,2,0.244449
489,BS_3,BS,0.562694,0.813869,0.47502,0.315108,1,1,1,5,0.234153
489,BS_4,BS,0.625168,0.820642,0.369735,0.272703,1,1,1,11,0.258163
489,HAP_0,HAP,0.874342,0.882257,0.034284,0.152235,1,1,1,0,1.253579
489,HAP_1,HAP,0.646747,0.825928,0.335801,0.246378,1,1,1,8,0.820976
489,HAP_2,HAP,0.743452,0.886454,0.096451,0.122848,2,0,0,0,1.282755
489,LEO_0,LEO,0.709682,0.898033,0.242938,0.108872,1,1,1,0,1.195126
489,LEO_1,LEO,0.795888,0.899887,0.128297,0.09788,1,1,1,0,1.195645
490,BS_0,BS,0.64719,0.82355,0.335115,0.257447,1,1,1,5,0.441576
490,BS_1,BS,0.53306,0.820328,0.529122,0.509591,1,1,1,1,0.216914
490,BS_2,BS,0.708953,0.842664,0.243966,0.270777,1,1,1,2,0.645199
490,BS_3,BS,0.647633,0.816029,0.334432,0.302416,1,1,1,6,0.256976
490,BS_4,BS,0.63152,0.819936,0.359625,0.276361,1,1,1,11,0.357449
490,HAP_0,HAP,0.812014,0.884743,0.108238,0.12706,1,1,1,0,3.034373
490,HAP_1,HAP,0.647904,0.825701,0.334013,0.247306,1,1,1,8,0.236486
490,HAP_2,HAP,0.674692,0.894034,0.093499,0.102212,3,0,0,0,0.88077
490,LEO_0,LEO,0.735728,0.898894,0.206895,0.10636,1,1,1,0,0.616093
490,LEO_1,LEO,0.648919,0.893778,0.332447,0.128039,1,1,1,0,0.484229
491,BS_0,BS,0.642707,0.823316,0.342066,0.258612,1,1,1,4,0.211709
491,BS_1,BS,0.469053,0.803791,0.657039,0.601938,1,1,1,1,0.747907
491,BS_2,BS,0.765568,0.849692,0.167137,0.229192,1,1,1,2,0.83099
491,BS_3,BS,0.648197,0.81781,0.333561,0.292001,1,1,1,6,0.534152
491,BS_4,BS,0.61766,0.81804,0.381817,0.286692,1,1,1,13,0.552853
491,HAP_0,HAP,0.782966,0.890201,0.044667,0.102546,2,0,0,0,2.15863
491,HAP_1,HAP,0.648405,0.825567,0.33324,0.247817,1,1,1,8,0.577138
491,HAP_2,HAP,0.755045,0.89616,0.180978,0.096509,1,1,1,0,0.787978
491,LEO_0,LEO,0.622685,0.883347,0.373714,0.147936,1,1,1,0,1.490198
491,LEO_1,LEO,0.770179,0.903255,0.061133,0.104113,2,0,0,0,0.85781
492,BS_0,BS,0.685055,0.826957,0.278256,0.241731,1,1,1,3,0.81573
492,BS_1,BS,0.684871,0.813575,0.278525,0.516459,1,1,1,1,0.699525
492,BS_2,BS,0.731183,0.852086,0.213092,0.203787,1,1,1,1,0.902481
492,BS_3,BS,0.646958,0.819119,0.335473,0.284245,1,1,1,7,1.395102
492,BS_4,BS,0.642254,0.818866,0.342771,0.282225,1,1,1,12,0.48603
492,HAP_0,HAP,0.607769,0.880009,0.397961,0.153304,1,1,1,0,0.661442
492,HAP_1,HAP,0.648279,0.825447,0.333435,0.248284,1,1,1,8,0.790819
492,HAP_2,HAP,0.75942,0.902537,0.075201,0.079752,2,0,0,0,1.029651
492,LEO_0,LEO,0.758084,0.88649,0.17696,0.132441,1,1,1,0,0.862594
492,LEO_1,LEO,0.767838,0.903108,0.164177,0.09542,1,1,1,0,1.003159
493,BS_0,BS,0.663647,0.827966,0.310005,0.236631,1,1,1,5,0.872719
493,BS_1,BS,0.569972,0.813836,0.462169,0.509287,1,1,1,0,0.843123
493,BS_2,BS,0.709072,0.852065,0.243798,0.189776,1,1,1,2,1.310239
493,BS_3,BS,0.638484,0.819376,0.348659,0.2821,1,1,1,6,1.289421
493,BS_4,BS,0.647761,0.820039,0.334233,0.27605,1,1,1,12,0.974409
493,HAP_0,HAP,0.774608,0.887546,0.155398,0.13351,1,1,1,0,0.685291
493,HAP_1,HAP,0.648059,0.825331,0.333774,0.24876,1,1,1,7,0.787728
493,HAP_2,HAP,0.793046,0.903389,0.131874,0.071627,1,1,1,0,1.094139
493,LEO_0,LEO,0.79891,0.893488,0.124507,0.112928,1,1,1,0,0.789893
493,LEO_1,LEO,0.769926,0.908724,0.061461,0.078035,2,0,0,0,1.018192
494,BS_0,BS,0.653548,0.827852,0.32534,0.236936,1,1,1,4,1.154596
494,BS_1,BS,0.547994,0.8088,0.501491,0.520602,1,1,1,1,0.633648
494,BS_2,BS,0.774764,0.857345,0.155197,0.16266,1,1,1,2,0.727158
494,BS_3,BS,0.647046,0.82038,0.335339,0.276283,1,1,1,7,0.896182
494,BS_4,BS,0.628961,0.81921,0.363685,0.28036,1,1,1,9,1.482546
494,HAP_0,HAP,0.802518,0.900933,0.020001,0.106988,2,0,0,0,0.809494
494,HAP_1,HAP,0.567035,0.817225,0.467334,0.297288,1,1,1,4,0.753904
494,HAP_2,HAP,0.789444,0.910738,0.036427,0.057899,2,0,0,0,0.955133
494,LEO_0,LEO,0.810816,0.905747,0.009715,0.090385,2,0,0,0,0.851786
494,LEO_1,LEO,0.727207,0.916992,0.018544,0.062583,3,0,0,0,0.857447
495,BS_0,BS,0.645476,0.827016,0.337767,0.240888,1,1,1,5,0.581716
495,BS_1,BS,0.559062,0.811747,0.481495,0.520808,1,1,1,1,0.0
495,BS_2,BS,0.779709,0.867947,0.048835,0.131201,2,0,0,2,0.863441
495,BS_3,BS,0.63468,0.820026,0.354634,0.277621,1,1,1,7,0.725743
495,BS_4,BS,0.640161,0.819606,0.346036,0.278172,1,1,1,15,0.538301
495,HAP_0,HAP,0.771084,0.901146,0.159958,0.097104,1,1,1,0,1.052758
495,HAP_1,HAP,0.728742,0.825794,0.216436,0.258911,1,1,1,5,0.137767
495,HAP_2,HAP,0.690722,0.913006,0.070018,0.048525,3,0,0,0,1.178268
495,LEO_0,LEO,0.731732,0.915065,0.012341,0.072377,3,0,0,0,0.887446
495,LEO_1,LEO,0.66991,0.901895,0.300611,0.090732,1,1,1,0,1.485865
496,BS_0,BS,0.647333,0.826519,0.334895,0.24318,1,1,1,4,1.292444
496,BS_1,BS,0.621084,0.817858,0.376288,0.480363,1,1,1,1,0.730109
496,BS_2,BS,0.64618,0.859157,0.336677,0.155969,1,1,1,1,1.106468
496,BS_3,BS,0.625277,0.818847,0.369561,0.283555,1,1,1,6,1.086674
496,BS_4,BS,0.646558,0.820519,0.336092,0.273369,1,1,1,14,1.103088
496,HAP_0,HAP,0.798888,0.90579,0.124535,0.084663,1,1,1,0,0.706788
496,HAP_1,HAP,0.660547,0.826754,0.314687,0.251691,1,1,1,8,1.002758
496,HAP_2,HAP,0.79079,0.914009,0.134723,0.046988,1,1,1,0,0.754461
496,LEO_0,LEO,0.788839,0.913156,0.137193,0.066371,1,1,1,0,1.113272
496,LEO_1,LEO,0.805493,0.903523,0.116301,0.078672,1,1,1,0,1.035388
497,BS_0,BS,0.643397,0.825755,0.340994,0.246868,1,1,1,4,0.253995
497,BS_1,BS,0.561959,0.814647,0.476326,0.48639,1,1,1,1,0.747725
497,BS_2,BS,0.54808,0.842246,0.501334,0.237876,1,1,1,2,0.518031
497,BS_3,BS,0.647819,0.820029,0.334143,0.277088,1,1,1,6,0.516886
497,BS_4,BS,0.648168,0.821399,0.333606,0.268777,1,1,1,12,0.298532
497,HAP_0,HAP,0.769168,0.913794,0.062446,0.069485,2,0,0,0,0.695099
497,HAP_1,HAP,0.661479,0.827606,0.313277,0.245517,1,1,1,7,0.380315
497,HAP_2,HAP,0.745536,0.918276,0.093652,0.041537,2,0,0,0,0.706163
497,LEO_0,LEO,0.750442,0.911853,0.187092,0.068849,1,1,1,0,0.664207
497,LEO_1,LEO,0.748826,0.89726,0.189248,0.079054,1,1,1,0,2.805799
498,BS_0,BS,0.647064,0.825486,0.33531,0.248089,1,1,1,5,1.131352
498,BS_1,BS,0.577443,0.816315,0.449146,0.479891,1,1,1,1,0.500126
498,BS_2,BS,0.774828,0.849705,0.155115,0.201128,1,1,1,2,0.487613
498,BS_3,BS,0.645143,0.820726,0.338284,0.273166,1,1,1,6,0.80747
498,BS_4,BS,0.636666,0.821028,0.35151,0.270623,1,1,1,13,1.37087
498,HAP_0,HAP,0.802295,0.913986,0.120279,0.062098,1,1,1,0,1.051785
498,HAP_1,HAP,0.644874,0.826763,0.338701,0.248037,1,1,1,8,0.789911
498,HAP_2,HAP,0.788642,0.915596,0.137443,0.041731,1,1,1,0,1.164482
498,LEO_0,LEO,0.751819,0.91508,0.085259,0.05835,2,0,0,0,0.974677
498,LEO_1,LEO,0.791023,0.902623,0.034428,0.063777,2,0,0,0,1.284788
499,BS_0,BS,0.636171,0.824251,0.352287,0.254319,1,1,1,3,0.387578
499,BS_1,BS,0.607749,0.825495,0.397994,0.455192,1,1,1,0,0.248276
499,BS_2,BS,0.777869,0.856677,0.151197,0.17119,1,1,1,2,0.544818
499,BS_3,BS,0.646222,0.821384,0.336613,0.269522,1,1,1,7,0.298784
499,BS_4,BS,0.641107,0.821149,0.344559,0.269923,1,1,1,10,0.284515
499,HAP_0,HAP,0.670556,0.899243,0.299649,0.090084,1,1,1,0,3.714502
499,HAP_1,HAP,0.648086,0.826387,0.333732,0.248549,1,1,1,6,0.808597
499,HAP_2,HAP,0.76405,0.919001,0.069122,0.035534,2,0,0,0,0.896676
499,LEO_0,LEO,0.689309,0.918651,0.072066,0.049017,3,0,0,0,0.903936
499,LEO_1,LEO,0.577862,0.888285,0.44842,0.141508,1,1,1,0,0.535658
500,BS_0,BS,0.647321,0.824306,0.334913,0.253931,1,1,1,4,0.288114
500,BS_1,BS,0.535731,0.822392,0.524123,0.487771,1,1,1,1,0.317332
500,BS_2,BS,0.64071,0.849828,0.345178,0.190568,1,1,1,1,2.664932
500,BS_3,BS,0.626335,0.820035,0.367871,0.276515,1,1,1,7,0.591251
500,BS_4,BS,0.643104,0.821432,0.341449,0.268403,1,1,1,11,0.390507
500,HAP_0,HAP,0.605152,0.888224,0.402275,0.144888,1,1,1,0,0.530018
500,HAP_1,HAP,0.627554,0.824154,0.365926,0.259095,1,1,1,6,0.36318
500,HAP_2,HAP,0.716535,0.907335,0.233328,0.052927,1,1,1,0,2.648832
500,LEO_0,LEO,0.791382,0.920884,0.133975,0.047291,1,1,1,0,0.522557
500,LEO_1,LEO,0.780805,0.895739,0.147429,0.122987,1,1,1,0,0.582632
