slot,task_id,owner_ap_id,destination_id,local_cost,delay_cost,energy_cost,mission_cost,fidelity_cost
1,T1_UAV_13,BS_4,LEO_1,275.863657,275.7292,0.0,0.015425,0.095163
1,T1_UAV_11,BS_4,LEO_0,319.209449,319.066153,0.0,0.024263,0.095163
1,T1_UAV_5,BS_3,HAP_0,361.332208,361.206109,0.0,0.007067,0.095163
1,T1_UAV_43,BS_4,HAP_2,334.477868,334.29144,0.0,0.067395,0.095163
1,T1_UAV_37,BS_3,LEO_1,372.266996,372.110795,0.0,0.037168,0.095163
1,T1_UAV_47,BS_2,LEO_0,377.435233,377.258449,0.0,0.057751,0.095163
1,T1_UAV_0,BS_3,HAP_0,408.687911,408.559621,0.0,0.009257,0.095163
1,T1_UAV_35,BS_2,LEO_1,412.376559,412.224109,0.0,0.033417,0.095163
1,T1_UAV_38,BS_1,LEO_0,461.798374,461.634084,0.0,0.045257,0.095163
1,T1_UAV_4,BS_1,HAP_2,450.823859,450.673839,0.0,0.030988,0.095163
1,T1_UAV_8,BS_2,LEO_1,497.742582,497.599994,0.0,0.023555,0.095163
1,T1_UAV_19,BS_4,LEO_0,524.860524,524.679374,0.0,0.062117,0.095163
1,T1_UAV_22,BS_0,HAP_0,555.641944,555.507774,0.0,0.015137,0.095163
1,T1_UAV_15,BS_0,HAP_2,571.441862,571.247924,0.0,0.074905,0.095163
1,T1_UAV_3,BS_3,LEO_1,629.216669,629.070869,0.0,0.026767,0.095163
1,T1_UAV_21,BS_3,LEO_0,640.305473,640.170514,0.0,0.015926,0.095163
1,T1_UAV_48,BS_3,HAP_0,675.62192,675.490718,0.0,0.01217,0.095163
1,T1_UAV_45,BS_1,LEO_0,670.891744,670.751721,0.0,0.02099,0.095163
1,T1_UAV_25,BS_2,LEO_1,674.0233,673.860076,0.0,0.044192,0.095163
1,T1_UAV_40,BS_4,HAP_2,625.914003,625.733289,0.0,0.061681,0.095163
1,T1_UAV_28,BS_4,LEO_1,680.308381,680.152137,0.0,0.037212,0.095163
1,T1_UAV_9,BS_0,LEO_0,690.594061,690.422718,0.0,0.052311,0.095163
1,T1_UAV_49,BS_4,HAP_0,724.059693,723.934073,0.0,0.006588,0.095163
1,T1_UAV_16,BS_0,HAP_2,651.902975,651.749641,0.0,0.034301,0.095163
1,T1_UAV_29,BS_4,LEO_0,707.993036,707.849445,0.0,0.024559,0.095163
1,T1_UAV_14,BS_3,LEO_1,771.464055,771.300936,0.0,0.044087,0.095163
1,T1_UAV_36,BS_4,HAP_0,836.874576,836.744444,0.0,0.0111,0.095163
1,T1_UAV_1,BS_3,LEO_1,814.311303,814.152302,0.0,0.039968,0.095163
1,T1_UAV_23,BS_0,LEO_0,825.398645,825.240171,0.0,0.039441,0.095163
1,T1_UAV_6,HAP_1,HAP_2,796.86804,796.728473,0.0,0.020535,0.095163
1,T1_UAV_44,BS_2,LEO_1,217.710614,217.562366,0.0,0.029216,0.095163
1,T1_UAV_46,BS_4,LEO_0,223.638298,223.469043,0.0,0.050222,0.095163
1,T1_UAV_24,HAP_1,HAP_0,275.510377,275.371393,0.0,0.019952,0.095163
1,T1_UAV_20,BS_3,HAP_2,246.229432,246.055712,0.0,0.054688,0.095163
1,T1_UAV_33,HAP_1,LEO_1,269.201687,269.048884,0.0,0.03377,0.095163
1,T1_UAV_10,BS_4,LEO_0,271.752779,271.584321,0.0,0.049426,0.095163
1,T1_UAV_39,BS_4,HAP_0,287.633954,287.511011,0.0,0.003911,0.095163
1,T1_UAV_34,BS_3,LEO_1,299.572079,299.427629,0.0,0.025418,0.095163
1,T1_UAV_17,BS_2,LEO_0,303.346305,303.180437,0.0,0.046835,0.095163
1,T1_UAV_12,BS_1,HAP_2,330.877603,330.732544,0.0,0.026026,0.095163
1,T1_UAV_18,BS_0,LEO_1,388.295801,388.145171,0.0,0.031598,0.095163
1,T1_UAV_26,HAP_1,LEO_0,413.094479,412.938796,0.0,0.036651,0.095163
1,T1_UAV_30,HAP_1,HAP_0,519.616281,519.480307,0.0,0.016942,0.095163
2,T2_UAV_10,BS_4,LEO_0,176.504088,176.239684,0.0,0.058877,0.527633
2,T2_UAV_11,BS_4,LEO_1,206.767627,206.517992,0.0,0.044108,0.527633
2,T2_UAV_42,BS_4,HAP_0,197.869257,197.644965,0.0,0.018766,0.527633
2,T2_UAV_49,BS_4,HAP_2,220.358206,220.130004,0.0,0.022675,0.527633
2,T2_UAV_8,BS_2,HAP_1,221.660885,221.390704,0.0,0.081863,0.441589
2,T2_UAV_5,BS_3,LEO_0,245.524095,245.258394,0.0,0.060174,0.527633
2,T2_UAV_17,BS_2,LEO_1,300.30509,300.083916,0.0,0.015648,0.527633
2,T2_UAV_29,BS_4,HAP_0,298.063162,297.850618,0.0,0.007018,0.527633
2,T2_UAV_48,BS_3,LEO_0,364.507342,364.281709,0.0,0.020107,0.527633
2,T2_UAV_47,BS_2,HAP_2,342.774272,342.532241,0.0,0.036504,0.527633
2,T2_UAV_36,BS_4,LEO_1,366.667571,366.397882,0.0,0.064162,0.527633
2,T2_UAV_43,BS_4,HAP_1,354.155044,353.927809,0.0,0.038918,0.441589
2,T2_UAV_32,HAP_1,BS_1,286.446161,286.245942,0.0,0.032936,0.336418
2,T2_UAV_20,BS_3,BS_0,296.379019,296.145965,0.0,0.04223,0.454124
2,T2_UAV_9,BS_0,BS_2,315.367903,315.148219,0.0,0.024139,0.477726
2,T2_UAV_28,BS_4,BS_3,318.82851,318.568714,0.0,0.066106,0.468453
2,T2_UAV_30,HAP_1,BS_4,321.622775,321.335269,0.0,0.086185,0.506606
2,T2_UAV_4,BS_1,LEO_0,432.103507,431.861667,0.0,0.036313,0.527633
2,T2_UAV_0,BS_3,LEO_1,437.807059,437.539141,0.0,0.062391,0.527633
2,T2_UAV_38,BS_1,HAP_0,411.57568,411.351767,0.0,0.018386,0.527633
2,T2_UAV_23,BS_0,HAP_2,415.863565,415.645671,0.0,0.012367,0.527633
2,T2_UAV_35,BS_2,HAP_1,441.185305,440.949086,0.0,0.047902,0.441589
2,T2_UAV_6,HAP_1,LEO_0,462.37097,462.141331,0.0,0.024113,0.527633
2,T2_UAV_19,BS_4,LEO_1,487.250735,487.021033,0.0,0.024175,0.527633
2,T2_UAV_7,BS_4,HAP_0,461.598673,461.383777,0.0,0.00937,0.527633
2,T2_UAV_3,BS_3,LEO_0,492.848449,492.605255,0.0,0.037667,0.527633
2,T2_UAV_27,BS_0,HAP_2,482.725918,482.470624,0.0,0.049767,0.527633
2,T2_UAV_14,BS_3,LEO_1,525.725758,525.456783,0.0,0.063449,0.527633
2,T2_UAV_34,BS_3,HAP_1,140.859272,140.646792,0.0,0.024163,0.441589
2,T2_UAV_24,HAP_1,BS_1,113.516629,113.306584,0.0,0.042762,0.336418
2,T2_UAV_13,BS_4,BS_0,124.054114,123.766314,0.0,0.096976,0.454124
2,T2_UAV_40,BS_4,BS_2,124.282429,124.052381,0.0,0.034502,0.477726
2,T2_UAV_39,BS_4,BS_3,127.845712,127.5777,0.0,0.074321,0.468453
2,T2_UAV_2,HAP_1,BS_4,144.210855,143.986874,0.0,0.02266,0.506606
2,T2_UAV_25,BS_2,LEO_0,207.613768,207.393977,0.0,0.014264,0.527633
2,T2_UAV_44,BS_2,LEO_1,216.905794,216.673182,0.0,0.027084,0.527633
2,T2_UAV_21,BS_3,HAP_0,212.59321,212.344282,0.0,0.043401,0.527633
2,T2_UAV_18,BS_0,HAP_2,235.416089,235.179642,0.0,0.03092,0.527633
2,T2_UAV_31,BS_0,HAP_1,238.344837,238.116326,0.0,0.040193,0.441589
2,T2_UAV_26,HAP_1,LEO_0,353.633367,353.392175,0.0,0.035665,0.527633
2,T2_UAV_45,BS_1,LEO_1,405.460624,405.224179,0.0,0.030917,0.527633
3,T3_UAV_0,BS_3,LEO_0,217.43417,217.216234,0.0,0.03275,0.425928
3,T3_UAV_49,BS_4,LEO_1,194.638757,194.442332,0.0,0.025595,0.354147
3,T3_UAV_37,BS_3,HAP_1,220.608557,220.414664,0.0,0.029619,0.321369
3,T3_UAV_23,BS_0,HAP_0,226.890539,226.675791,0.0,0.034791,0.399784
3,T3_UAV_18,BS_0,HAP_2,241.666239,241.433166,0.0,0.059063,0.370049
3,T3_UAV_43,BS_4,LEO_0,251.258495,250.994832,0.0,0.078477,0.425928
3,T3_UAV_42,BS_4,LEO_1,234.525948,234.326154,0.0,0.028965,0.354147
3,T3_UAV_34,BS_3,HAP_1,265.964371,265.754407,0.0,0.04569,0.321369
3,T3_UAV_9,BS_0,HAP_0,267.858231,267.652497,0.0,0.025778,0.399784
3,T3_UAV_27,BS_0,HAP_2,268.684139,268.45091,0.0,0.059219,0.370049
3,T3_UAV_29,BS_4,LEO_0,295.726222,295.503026,0.0,0.038011,0.425928
3,T3_UAV_39,BS_4,LEO_1,289.034568,288.82842,0.0,0.035319,0.354147
3,T3_UAV_5,BS_3,BS_1,233.50275,233.242835,0.0,0.093516,0.331997
3,T3_UAV_33,HAP_1,BS_0,239.530465,239.294494,0.0,0.063949,0.360111
3,T3_UAV_7,BS_4,BS_2,282.804139,282.566103,0.0,0.071693,0.331715
3,T3_UAV_10,BS_4,BS_3,291.118137,290.905161,0.0,0.049799,0.315886
3,T3_UAV_3,BS_3,BS_4,291.889959,291.60876,0.0,0.115382,0.329086
3,T3_UAV_46,BS_4,LEO_0,437.689192,437.463392,0.0,0.040615,0.425928
3,T3_UAV_13,BS_4,LEO_1,412.595787,412.398502,0.0,0.026455,0.354147
3,T3_UAV_41,BS_4,HAP_0,484.210928,483.965534,0.0,0.065437,0.399784
3,T3_UAV_28,BS_4,HAP_1,489.751021,489.527537,0.0,0.05921,0.321369
3,T3_UAV_22,BS_0,HAP_2,498.077339,497.88415,0.0,0.019179,0.370049
3,T3_UAV_8,BS_2,LEO_0,502.573253,502.344369,0.0,0.043698,0.425928
3,T3_UAV_24,HAP_1,LEO_1,452.257055,452.058825,0.0,0.027401,0.354147
3,T3_UAV_48,BS_3,HAP_1,509.710469,509.529028,0.0,0.017167,0.321369
3,T3_UAV_17,BS_2,HAP_0,518.154101,517.921833,0.0,0.052312,0.399784
3,T3_UAV_35,BS_2,LEO_0,530.925203,530.702756,0.0,0.037262,0.425928
3,T3_UAV_40,HAP_1,HAP_2,531.458324,531.246027,0.0,0.038287,0.370049
3,T3_UAV_21,BS_3,LEO_1,497.711816,497.487929,0.0,0.053058,0.354147
3,T3_UAV_25,BS_2,BS_1,381.909487,381.677512,0.0,0.065576,0.331997
3,T3_UAV_32,HAP_1,BS_0,395.541506,395.34741,0.0,0.022074,0.360111
3,T3_UAV_11,BS_4,BS_2,104.842556,104.620596,0.0,0.055617,0.331715
3,T3_UAV_1,BS_3,BS_3,106.99217,106.7402,0.0,0.088793,0.315886
3,T3_UAV_16,BS_0,BS_4,112.823499,112.551079,0.0,0.106603,0.329086
3,T3_UAV_14,BS_3,LEO_0,185.236648,185.01306,0.0,0.038403,0.425928
3,T3_UAV_19,BS_4,LEO_1,172.68853,172.485352,0.0,0.032349,0.354147
3,T3_UAV_36,BS_4,HAP_1,206.113838,205.902977,0.0,0.046587,0.321369
3,T3_UAV_44,BS_2,HAP_0,208.400408,208.192831,0.0,0.027621,0.399784
3,T3_UAV_31,BS_0,HAP_2,222.614905,222.426998,0.0,0.013897,0.370049
3,T3_UAV_2,HAP_1,LEO_0,242.104044,241.885234,0.0,0.033624,0.425928
3,T3_UAV_6,HAP_1,LEO_1,228.612141,228.409221,0.0,0.03209,0.354147
3,T3_UAV_30,HAP_1,HAP_1,285.901788,285.685899,0.0,0.051616,0.321369
3,T3_UAV_26,HAP_1,HAP_0,297.193789,296.99846,0.0,0.015373,0.399784
3,T3_UAV_12,BS_1,HAP_2,298.123859,297.861951,0.0,0.087898,0.370049
3,T3_UAV_47,BS_2,LEO_0,309.853791,309.639231,0.0,0.029374,0.425928
4,T4_UAV_14,BS_3,LEO_0,329.487781,329.320499,0.0,0.011992,0.276446
4,T4_UAV_16,BS_0,LEO_1,277.110191,276.938639,0.0,0.010862,0.30345
4,T4_UAV_11,BS_4,HAP_0,331.857064,331.686695,0.0,0.010992,0.296885
4,T4_UAV_7,BS_4,HAP_1,311.801441,311.611701,0.0,0.028686,0.30527
4,T4_UAV_10,BS_4,HAP_2,266.448542,266.248681,0.0,0.038458,0.307011
4,T4_UAV_19,BS_4,LEO_0,351.124212,350.915706,0.0,0.053217,0.276446
4,T4_UAV_37,BS_3,LEO_1,314.432052,314.232076,0.0,0.039286,0.30345
4,T4_UAV_15,BS_0,HAP_0,425.483499,425.298015,0.0,0.026107,0.296885
4,T4_UAV_0,BS_3,LEO_0,435.09418,434.927244,0.0,0.011647,0.276446
4,T4_UAV_3,BS_3,HAP_1,375.919517,375.683903,0.0,0.07456,0.30527
4,T4_UAV_32,HAP_1,LEO_1,356.489126,356.303739,0.0,0.024696,0.30345
4,T4_UAV_27,BS_0,BS_1,303.443872,303.21537,0.0,0.073122,0.276901
4,T4_UAV_24,HAP_1,HAP_2,314.306025,314.080681,0.0,0.063943,0.307011
4,T4_UAV_29,BS_4,BS_0,318.065997,317.87169,0.0,0.027585,0.333609
4,T4_UAV_47,BS_2,BS_3,328.870017,328.659199,0.0,0.043988,0.33415
4,T4_UAV_34,BS_3,BS_2,337.901192,337.668242,0.0,0.067427,0.327613
4,T4_UAV_17,BS_2,BS_4,336.362278,336.129996,0.0,0.06389,0.341959
4,T4_UAV_4,BS_1,LEO_0,452.265672,452.057853,0.0,0.052529,0.276446
4,T4_UAV_12,BS_1,HAP_0,471.174474,470.947498,0.0,0.067599,0.296885
4,T4_UAV_44,BS_2,LEO_1,418.923258,418.728484,0.0,0.034084,0.30345
4,T4_UAV_9,BS_0,LEO_0,490.92548,490.733033,0.0,0.037158,0.276446
4,T4_UAV_49,BS_4,HAP_1,468.066023,467.876246,0.0,0.028723,0.30527
4,T4_UAV_31,BS_0,HAP_2,376.440327,376.200463,0.0,0.078462,0.307011
4,T4_UAV_33,HAP_1,LEO_1,442.988453,442.786384,0.0,0.041378,0.30345
4,T4_UAV_48,BS_3,HAP_0,491.256431,491.075356,0.0,0.021698,0.296885
4,T4_UAV_39,BS_4,LEO_0,504.484016,504.311289,0.0,0.017438,0.276446
4,T4_UAV_35,BS_2,BS_1,365.899981,365.710962,0.0,0.033639,0.276901
4,T4_UAV_18,BS_0,HAP_1,475.443165,475.215963,0.0,0.066147,0.30527
4,T4_UAV_5,BS_3,LEO_0,557.645907,557.464004,0.0,0.026613,0.276446
4,T4_UAV_25,BS_2,HAP_0,561.303567,561.106317,0.0,0.037873,0.296885
4,T4_UAV_46,BS_4,LEO_0,573.757431,573.531856,0.0,0.070286,0.276446
4,T4_UAV_28,BS_4,HAP_0,575.44479,575.23064,0.0,0.054773,0.296885
4,T4_UAV_20,BS_3,LEO_1,152.560542,152.388039,0.0,0.011812,0.30345
4,T4_UAV_23,BS_0,HAP_2,138.878004,138.698246,0.0,0.018356,0.307011
4,T4_UAV_1,BS_3,BS_0,156.032286,155.776892,0.0,0.088673,0.333609
4,T4_UAV_43,BS_4,BS_2,201.988882,201.753779,0.0,0.06958,0.327613
4,T4_UAV_30,HAP_1,BS_3,213.181842,212.966399,0.0,0.048613,0.33415
4,T4_UAV_40,HAP_1,BS_4,246.262443,246.017606,0.0,0.076445,0.341959
4,T4_UAV_26,HAP_1,LEO_0,290.86782,290.625695,0.0,0.086836,0.276446
4,T4_UAV_45,BS_1,LEO_1,294.150603,293.957011,0.0,0.032901,0.30345
4,T4_UAV_8,BS_2,HAP_1,367.634004,367.461764,0.0,0.011186,0.30527
5,T5_UAV_19,BS_4,LEO_0,275.837805,275.670157,0.0,0.028784,0.194316
5,T5_UAV_13,BS_4,LEO_1,229.063492,228.902285,0.0,0.01412,0.235432
5,T5_UAV_11,BS_4,HAP_2,270.020873,269.869605,0.0,0.013997,0.186356
5,T5_UAV_43,BS_4,HAP_0,233.067202,232.900777,0.0,0.025924,0.202508
5,T5_UAV_10,BS_4,HAP_1,116.688847,116.455735,0.0,0.067689,0.327114
5,T5_UAV_38,BS_1,LEO_0,377.380148,377.187081,0.0,0.054203,0.194316
5,T5_UAV_8,BS_2,LEO_1,337.251821,337.051491,0.0,0.053244,0.235432
5,T5_UAV_21,BS_3,HAP_0,359.393977,359.195622,0.0,0.057853,0.202508
5,T5_UAV_37,BS_3,HAP_1,127.74843,127.556187,0.0,0.026821,0.327114
5,T5_UAV_14,BS_3,LEO_0,469.29943,469.097244,0.0,0.063322,0.194316
5,T5_UAV_49,BS_4,HAP_2,453.525143,453.342029,0.0,0.045843,0.186356
5,T5_UAV_47,BS_2,LEO_1,442.049596,441.86052,0.0,0.04199,0.235432
5,T5_UAV_26,HAP_1,BS_1,299.251843,299.084985,0.0,0.012643,0.271078
5,T5_UAV_17,BS_2,BS_0,172.751113,172.566569,0.0,0.015809,0.343675
5,T5_UAV_34,BS_3,LEO_0,483.767856,483.591634,0.0,0.037358,0.194316
5,T5_UAV_18,BS_0,BS_2,193.393048,193.204352,0.0,0.020203,0.342468
5,T5_UAV_42,BS_4,LEO_1,475.584252,475.395685,0.0,0.041481,0.235432
5,T5_UAV_28,BS_4,HAP_2,501.157054,501.004943,0.0,0.014841,0.186356
5,T5_UAV_20,BS_3,LEO_0,533.76145,533.599101,0.0,0.023486,0.194316
5,T5_UAV_15,BS_0,HAP_0,559.797704,559.61691,0.0,0.040293,0.202508
5,T5_UAV_39,BS_4,LEO_0,573.228066,573.042255,0.0,0.046948,0.194316
5,T5_UAV_40,HAP_1,LEO_1,583.443914,583.254622,0.0,0.042206,0.235432
5,T5_UAV_25,BS_2,HAP_2,597.50719,597.325174,0.0,0.044745,0.186356
5,T5_UAV_27,BS_0,HAP_0,586.542039,586.386272,0.0,0.015265,0.202508
5,T5_UAV_1,BS_3,LEO_1,587.719388,587.561534,0.0,0.010768,0.235432
5,T5_UAV_44,BS_2,LEO_0,644.475628,644.324734,0.0,0.012031,0.194316
5,T5_UAV_23,BS_0,HAP_2,616.044606,615.882664,0.0,0.024671,0.186356
5,T5_UAV_0,BS_3,LEO_0,660.203336,660.053008,0.0,0.011464,0.194316
5,T5_UAV_30,HAP_1,LEO_0,679.302237,679.121384,0.0,0.04199,0.194316
5,T5_UAV_4,BS_1,HAP_2,660.966434,660.771665,0.0,0.057497,0.186356
5,T5_UAV_22,BS_0,BS_3,72.366092,72.119122,0.0,0.078495,0.342376
5,T5_UAV_46,BS_4,BS_1,112.479513,112.269685,0.0,0.055612,0.271078
5,T5_UAV_29,BS_4,LEO_0,191.001469,190.852022,0.0,0.010584,0.194316
5,T5_UAV_32,HAP_1,LEO_1,259.731506,259.538794,0.0,0.045626,0.235432
5,T5_UAV_35,BS_2,HAP_0,271.659048,271.477057,0.0,0.04149,0.202508
5,T5_UAV_45,BS_1,LEO_1,285.117306,284.930824,0.0,0.039396,0.235432
5,T5_UAV_3,BS_3,HAP_0,300.730643,300.540404,0.0,0.049737,0.202508
5,T5_UAV_33,HAP_1,HAP_2,367.763758,367.593287,0.0,0.0332,0.186356
5,T5_UAV_16,BS_0,LEO_0,387.627716,387.478575,0.0,0.010278,0.194316
5,T5_UAV_2,HAP_1,LEO_1,399.221976,399.032227,0.0,0.042662,0.235432
6,T6_UAV_22,BS_0,LEO_1,230.859638,230.662207,0.0,0.058625,0.194032
6,T6_UAV_44,BS_2,LEO_0,148.488989,148.397875,0.0,0.046275,0.224196
6,T6_UAV_1,BS_3,HAP_0,324.766157,324.687146,0.0,0.041365,0.188232
6,T6_UAV_10,BS_4,HAP_1,124.738013,124.515106,0.0,0.036801,0.430529
6,T6_UAV_14,BS_3,HAP_2,207.74268,207.53176,0.0,0.068001,0.214593
6,T6_UAV_47,BS_2,LEO_1,360.507168,360.344292,0.0,0.02407,0.194032
6,T6_UAV_21,BS_3,LEO_0,262.866565,262.781101,0.0,0.040625,0.224196
6,T6_UAV_13,BS_4,HAP_0,433.944495,433.890095,0.0,0.016753,0.188232
6,T6_UAV_35,BS_2,LEO_1,400.035003,399.847618,0.0,0.048579,0.194032
6,T6_UAV_41,BS_4,HAP_1,198.597906,198.36549,0.0,0.04631,0.430529
6,T6_UAV_18,BS_0,LEO_0,266.59309,266.495958,0.0,0.052293,0.224196
6,T6_UAV_20,BS_3,HAP_2,276.439941,276.286155,0.0,0.010868,0.214593
6,T6_UAV_39,BS_4,BS_1,145.73591,145.548546,0.0,0.018227,0.345682
6,T6_UAV_3,BS_3,BS_0,154.050692,153.837753,0.0,0.042328,0.353053
6,T6_UAV_46,BS_4,BS_2,162.424088,162.174664,0.0,0.076146,0.366392
6,T6_UAV_7,BS_4,LEO_0,280.624193,280.52574,0.0,0.053613,0.224196
6,T6_UAV_8,BS_2,LEO_1,520.661719,520.506464,0.0,0.016448,0.194032
6,T6_UAV_36,BS_4,HAP_0,615.048636,614.986892,0.0,0.024098,0.188232
6,T6_UAV_29,BS_4,LEO_1,568.090997,567.938042,0.0,0.014149,0.194032
6,T6_UAV_30,HAP_1,HAP_0,640.513125,640.454647,0.0,0.020831,0.188232
6,T6_UAV_37,BS_3,LEO_1,649.153349,648.966421,0.0,0.048121,0.194032
6,T6_UAV_11,BS_4,LEO_1,653.639343,653.45025,0.0,0.050286,0.194032
6,T6_UAV_27,BS_0,HAP_0,729.740147,729.680086,0.0,0.022414,0.188232
6,T6_UAV_0,BS_3,LEO_1,675.50228,675.336873,0.0,0.026601,0.194032
6,T6_UAV_9,BS_0,BS_3,55.230662,54.961026,0.0,0.09575,0.369428
6,T6_UAV_25,BS_2,BS_4,60.141095,59.916592,0.0,0.054838,0.348326
6,T6_UAV_43,BS_4,HAP_2,103.883822,103.715554,0.0,0.025349,0.214593
6,T6_UAV_17,BS_2,LEO_0,110.552619,110.476174,0.0,0.031606,0.224196
6,T6_UAV_48,BS_3,HAP_1,106.467837,106.20142,0.0,0.080311,0.430529
6,T6_UAV_40,HAP_1,LEO_0,140.004238,139.932066,0.0,0.027332,0.224196
6,T6_UAV_5,BS_3,HAP_0,217.815392,217.727036,0.0,0.05071,0.188232
6,T6_UAV_31,BS_0,LEO_1,205.111198,204.919947,0.0,0.052445,0.194032
6,T6_UAV_34,BS_3,LEO_1,209.528458,209.380672,0.0,0.00898,0.194032
6,T6_UAV_16,BS_0,HAP_0,239.349182,239.277151,0.0,0.034384,0.188232
6,T6_UAV_38,BS_1,LEO_1,273.54228,273.376628,0.0,0.026846,0.194032
6,T6_UAV_32,HAP_1,HAP_2,301.215008,301.055919,0.0,0.01617,0.214593
6,T6_UAV_19,BS_4,HAP_0,324.912002,324.84551,0.0,0.028845,0.188232
7,T7_UAV_44,BS_2,LEO_0,186.963764,186.79077,0.0,0.027828,0.225828
7,T7_UAV_46,BS_4,LEO_1,191.137185,190.95537,0.0,0.036206,0.228051
7,T7_UAV_43,BS_4,HAP_0,182.838105,182.766316,0.0,0.01343,0.291793
7,T7_UAV_31,BS_0,HAP_1,258.679588,258.490162,0.0,0.041121,0.241527
7,T7_UAV_12,BS_1,HAP_2,259.300958,259.133912,0.0,0.026726,0.201601
7,T7_UAV_14,BS_3,LEO_0,308.694981,308.510064,0.0,0.039751,0.225828
7,T7_UAV_24,HAP_1,LEO_1,308.93314,308.770618,0.0,0.016912,0.228051
7,T7_UAV_10,BS_4,BS_1,690.435365,690.224338,0.0,0.076215,0.174056
7,T7_UAV_15,BS_0,HAP_0,266.285509,266.216843,0.0,0.010308,0.291793
7,T7_UAV_13,BS_4,HAP_1,266.648117,266.473211,0.0,0.026601,0.241527
7,T7_UAV_49,BS_4,LEO_0,314.272481,314.118519,0.0,0.008796,0.225828
7,T7_UAV_41,BS_4,HAP_2,275.641743,275.490837,0.0,0.010586,0.201601
7,T7_UAV_20,BS_3,LEO_1,334.268241,334.089947,0.0,0.032684,0.228051
7,T7_UAV_11,BS_4,BS_0,317.195145,316.98894,0.0,0.03585,0.351773
7,T7_UAV_22,BS_0,BS_2,174.119767,173.931493,0.0,0.017098,0.355881
7,T7_UAV_25,BS_2,BS_3,176.014852,175.812225,0.0,0.027313,0.376566
7,T7_UAV_9,BS_0,BS_4,185.8945,185.692705,0.0,0.030602,0.355965
7,T7_UAV_5,BS_3,LEO_0,372.606082,372.436671,0.0,0.024245,0.225828
7,T7_UAV_37,BS_3,LEO_1,375.678541,375.520429,0.0,0.012502,0.228051
7,T7_UAV_47,BS_2,HAP_0,338.986919,338.892028,0.0,0.036533,0.291793
7,T7_UAV_2,HAP_1,HAP_2,351.533077,351.363217,0.0,0.029539,0.201601
7,T7_UAV_30,HAP_1,LEO_0,411.907072,411.706594,0.0,0.055313,0.225828
7,T7_UAV_28,BS_4,HAP_1,398.568081,398.357346,0.0,0.06243,0.241527
7,T7_UAV_26,HAP_1,LEO_1,422.676999,422.493541,0.0,0.037847,0.228051
7,T7_UAV_1,BS_3,BS_1,1222.694427,1222.52455,0.0,0.035067,0.174056
7,T7_UAV_35,BS_2,BS_1,1355.656662,1355.485984,0.0,0.035866,0.174056
7,T7_UAV_39,BS_4,HAP_0,102.249437,102.172794,0.0,0.018285,0.291793
7,T7_UAV_19,BS_0,HAP_1,114.351692,114.170828,0.0,0.032559,0.241527
7,T7_UAV_45,BS_1,LEO_0,142.531732,142.374033,0.0,0.012533,0.225828
7,T7_UAV_6,HAP_1,HAP_2,127.090591,126.904023,0.0,0.046247,0.201601
7,T7_UAV_17,BS_2,LEO_1,163.868552,163.674922,0.0,0.04802,0.228051
7,T7_UAV_8,BS_2,LEO_0,166.929517,166.775561,0.0,0.008791,0.225828
7,T7_UAV_40,HAP_1,BS_0,190.749611,190.542067,0.0,0.03719,0.351773
7,T7_UAV_32,HAP_1,LEO_1,252.608478,252.434681,0.0,0.028186,0.228051
7,T7_UAV_36,BS_4,BS_1,454.320881,454.169174,0.0,0.016896,0.174056
7,T7_UAV_34,BS_3,BS_1,503.557785,503.371663,0.0,0.05131,0.174056
7,T7_UAV_38,BS_1,BS_1,689.878179,689.704666,0.0,0.038702,0.174056
7,T7_UAV_18,BS_0,BS_1,762.152291,761.941666,0.0,0.075814,0.174056
8,T8_UAV_49,BS_4,LEO_0,178.515795,178.349373,0.0,0.020089,0.231664
8,T8_UAV_28,BS_4,LEO_1,238.457821,238.409659,0.0,0.011722,0.1822
8,T8_UAV_43,BS_4,HAP_0,273.721345,273.574499,0.0,0.008159,0.193433
8,T8_UAV_21,BS_3,HAP_1,239.549014,239.353605,0.0,0.038261,0.285743
8,T8_UAV_29,BS_4,LEO_1,277.040395,276.971215,0.0,0.03274,0.1822
8,T8_UAV_36,BS_4,HAP_2,271.286083,271.222871,0.0,0.014927,0.241429
8,T8_UAV_4,BS_1,LEO_0,346.203791,346.047149,0.0,0.01031,0.231664
8,T8_UAV_42,BS_4,HAP_0,303.201245,303.049489,0.0,0.01307,0.193433
8,T8_UAV_2,HAP_1,LEO_1,408.818091,408.752512,0.0,0.029139,0.1822
8,T8_UAV_25,BS_2,HAP_1,305.847619,305.631828,0.0,0.058642,0.285743
8,T8_UAV_20,BS_3,LEO_0,398.612779,398.428263,0.0,0.038182,0.231664
8,T8_UAV_39,BS_4,HAP_2,349.722179,349.651561,0.0,0.022333,0.241429
8,T8_UAV_18,BS_2,BS_1,355.7447,355.581741,0.0,0.018681,0.221391
8,T8_UAV_27,BS_0,BS_2,356.347509,356.131002,0.0,0.041508,0.374994
8,T8_UAV_47,BS_2,LEO_1,411.179045,411.114167,0.0,0.028437,0.1822
8,T8_UAV_24,HAP_1,BS_0,397.680529,397.432463,0.0,0.073573,0.372463
8,T8_UAV_35,BS_2,HAP_0,449.094025,448.924855,0.0,0.030483,0.193433
8,T8_UAV_48,BS_3,LEO_0,444.37529,444.183217,0.0,0.04574,0.231664
8,T8_UAV_32,HAP_1,LEO_1,502.868313,502.80174,0.0,0.030133,0.1822
8,T8_UAV_44,BS_2,HAP_1,387.703177,387.52872,0.0,0.017308,0.285743
8,T8_UAV_45,BS_1,HAP_2,391.021229,390.951457,0.0,0.021486,0.241429
8,T8_UAV_33,HAP_1,LEO_0,456.92696,456.735948,0.0,0.044679,0.231664
8,T8_UAV_16,BS_0,HAP_0,506.065752,505.893924,0.0,0.033142,0.193433
8,T8_UAV_34,BS_3,LEO_1,506.195782,506.134504,0.0,0.024838,0.1822
8,T8_UAV_41,BS_4,LEO_1,509.297118,509.24565,0.0,0.015028,0.1822
8,T8_UAV_31,BS_0,HAP_0,566.999868,566.850884,0.0,0.010297,0.193433
8,T8_UAV_3,BS_3,LEO_1,589.889772,589.844674,0.0,0.008659,0.1822
8,T8_UAV_6,HAP_1,BS_3,59.263682,59.054456,0.0,0.035936,0.366448
8,T8_UAV_0,BS_3,BS_4,71.662611,71.434406,0.0,0.055929,0.361377
8,T8_UAV_17,BS_2,HAP_1,101.365319,101.184195,0.0,0.023975,0.285743
8,T8_UAV_13,BS_4,LEO_0,137.829638,137.663057,0.0,0.020248,0.231664
8,T8_UAV_38,BS_2,HAP_2,145.801096,145.744263,0.0,0.008547,0.241429
8,T8_UAV_23,BS_0,BS_1,160.647434,160.493598,0.0,0.009558,0.221391
8,T8_UAV_10,BS_4,HAP_0,163.234391,163.07347,0.0,0.022235,0.193433
8,T8_UAV_14,BS_3,BS_0,178.999618,178.785588,0.0,0.039537,0.372463
8,T8_UAV_12,BS_1,BS_2,197.47149,197.248102,0.0,0.048389,0.374994
8,T8_UAV_30,HAP_1,LEO_0,250.870124,250.710795,0.0,0.012996,0.231664
8,T8_UAV_40,HAP_1,LEO_1,384.684725,384.622238,0.0,0.026047,0.1822
9,T9_UAV_49,BS_4,LEO_0,208.283266,208.218215,0.0,0.018851,0.231001
9,T9_UAV_7,BS_4,LEO_1,116.360132,116.277123,0.0,0.020171,0.314191
9,T9_UAV_18,BS_2,HAP_0,218.443271,218.361907,0.0,0.033048,0.241582
9,T9_UAV_47,BS_2,HAP_1,126.59193,126.384199,0.0,0.04715,0.302904
9,T9_UAV_8,BS_2,LEO_0,266.885179,266.802801,0.0,0.036178,0.231001
9,T9_UAV_1,BS_3,HAP_2,203.57423,203.492772,0.0,0.018227,0.316152
9,T9_UAV_17,BS_2,HAP_0,282.221394,282.146158,0.0,0.02692,0.241582
9,T9_UAV_41,BS_4,LEO_1,246.181337,246.083214,0.0,0.035284,0.314191
9,T9_UAV_31,BS_0,LEO_0,350.205901,350.120343,0.0,0.039358,0.231001
9,T9_UAV_0,BS_3,BS_1,1050.67034,1050.523414,0.0,0.010882,0.18022
9,T9_UAV_11,BS_4,HAP_1,254.348394,254.130327,0.0,0.057487,0.302904
9,T9_UAV_37,BS_3,HAP_2,254.562389,254.491276,0.0,0.007882,0.316152
9,T9_UAV_5,BS_3,LEO_0,444.597335,444.517811,0.0,0.033324,0.231001
9,T9_UAV_13,BS_4,LEO_1,314.045693,313.95166,0.0,0.031195,0.314191
9,T9_UAV_21,BS_3,BS_0,199.751083,199.518994,0.0,0.060506,0.357916
9,T9_UAV_48,BS_3,HAP_0,421.812081,421.741748,0.0,0.022016,0.241582
9,T9_UAV_28,BS_4,LEO_0,490.143109,490.076765,0.0,0.020144,0.231001
9,T9_UAV_19,BS_0,BS_1,1233.793208,1233.647363,0.0,0.009801,0.18022
9,T9_UAV_44,BS_2,HAP_0,487.922137,487.840944,0.0,0.032877,0.241582
9,T9_UAV_2,HAP_1,LEO_0,598.2287,598.170894,0.0,0.011605,0.231001
9,T9_UAV_24,HAP_1,LEO_0,598.734212,598.668298,0.0,0.019714,0.231001
9,T9_UAV_43,BS_4,BS_1,1342.134037,1341.987075,0.0,0.010919,0.18022
9,T9_UAV_16,BS_0,BS_1,1401.133437,1400.974559,0.0,0.022834,0.18022
9,T9_UAV_42,BS_4,BS_1,1525.506959,1525.321578,0.0,0.049338,0.18022
9,T9_UAV_29,BS_4,BS_1,1530.770603,1530.619592,0.0,0.014967,0.18022
9,T9_UAV_36,BS_4,BS_2,51.880613,51.640678,0.0,0.069633,0.351514
9,T9_UAV_32,HAP_1,BS_3,52.496769,52.292841,0.0,0.033626,0.35151
9,T9_UAV_35,BS_2,BS_4,56.451199,56.211482,0.0,0.068139,0.357889
9,T9_UAV_12,BS_1,LEO_1,97.874949,97.76864,0.0,0.043471,0.314191
9,T9_UAV_30,HAP_1,HAP_1,101.566759,101.343949,0.0,0.06223,0.302904
9,T9_UAV_15,BS_0,HAP_2,107.876848,107.805717,0.0,0.007901,0.316152
9,T9_UAV_33,HAP_1,LEO_1,121.823081,121.753271,0.0,0.006972,0.314191
9,T9_UAV_25,BS_2,HAP_0,164.648486,164.588107,0.0,0.012062,0.241582
9,T9_UAV_39,BS_4,LEO_0,185.588126,185.532854,0.0,0.009072,0.231001
9,T9_UAV_27,BS_0,HAP_0,193.152424,193.058426,0.0,0.045681,0.241582
9,T9_UAV_4,BS_1,LEO_0,261.869301,261.794693,0.0,0.028409,0.231001
9,T9_UAV_26,HAP_1,LEO_0,391.540239,391.482467,0.0,0.011572,0.231001
9,T9_UAV_46,BS_4,BS_1,460.649752,460.473407,0.0,0.040301,0.18022
9,T9_UAV_34,BS_3,BS_1,661.6296,661.479092,0.0,0.014465,0.18022
10,T10_UAV_13,BS_4,LEO_0,173.59385,173.420844,0.0,0.028522,0.222418
10,T10_UAV_46,BS_4,LEO_1,162.963673,162.79573,0.0,0.027908,0.200175
10,T10_UAV_39,BS_4,HAP_0,392.612724,392.445157,0.0,0.029083,0.192418
10,T10_UAV_34,BS_3,HAP_1,167.113705,166.901863,0.0,0.048088,0.318768
10,T10_UAV_18,BS_2,HAP_2,137.16681,136.970436,0.0,0.034414,0.3098
10,T10_UAV_5,BS_3,LEO_0,243.489574,243.306731,0.0,0.03836,0.222418
10,T10_UAV_0,BS_3,LEO_1,222.399441,222.244162,0.0,0.015244,0.200175
10,T10_UAV_15,BS_0,HAP_0,445.347233,445.171573,0.0,0.037176,0.192418
10,T10_UAV_8,BS_2,BS_1,594.61274,594.454676,0.0,0.02201,0.180271
10,T10_UAV_43,BS_4,LEO_0,336.491201,336.321863,0.0,0.024854,0.222418
10,T10_UAV_16,BS_0,LEO_1,291.325191,291.150351,0.0,0.034804,0.200175
10,T10_UAV_44,BS_2,HAP_1,341.56458,341.361577,0.0,0.039249,0.318768
10,T10_UAV_26,HAP_1,HAP_2,266.880673,266.698567,0.0,0.020146,0.3098
10,T10_UAV_9,BS_0,HAP_0,631.16964,631.016368,0.0,0.014788,0.192418
10,T10_UAV_30,HAP_1,BS_0,185.86611,185.676066,0.0,0.015836,0.37104
10,T10_UAV_45,BS_1,BS_2,187.096842,186.851726,0.0,0.071881,0.366177
10,T10_UAV_23,BS_0,LEO_0,411.404562,411.236556,0.0,0.023522,0.222418
10,T10_UAV_2,HAP_1,LEO_1,386.943057,386.752388,0.0,0.050634,0.200175
10,T10_UAV_22,BS_0,HAP_0,758.724193,758.574272,0.0,0.011437,0.192418
10,T10_UAV_47,BS_2,BS_1,794.891378,794.695558,0.0,0.059766,0.180271
10,T10_UAV_1,BS_3,LEO_0,452.04281,451.868663,0.0,0.029664,0.222418
10,T10_UAV_14,BS_3,LEO_1,388.825525,388.656433,0.0,0.029056,0.200175
10,T10_UAV_33,HAP_1,LEO_0,454.502881,454.322839,0.0,0.035558,0.222418
10,T10_UAV_40,HAP_1,HAP_0,807.47027,807.323863,0.0,0.007923,0.192418
10,T10_UAV_27,BS_0,HAP_0,887.450942,887.286539,0.0,0.02592,0.192418
10,T10_UAV_29,BS_4,BS_1,907.284617,907.0888,0.0,0.059763,0.180271
10,T10_UAV_12,BS_1,HAP_0,927.321952,927.161399,0.0,0.02207,0.192418
10,T10_UAV_6,HAP_1,HAP_0,982.360333,982.173913,0.0,0.047937,0.192418
10,T10_UAV_48,BS_3,BS_3,51.649624,51.394353,0.0,0.084594,0.353386
10,T10_UAV_19,BS_0,BS_4,56.442745,56.227621,0.0,0.0356,0.397619
10,T10_UAV_3,BS_3,HAP_1,131.354688,131.126994,0.0,0.06394,0.318768
10,T10_UAV_31,BS_0,HAP_2,102.61694,102.420259,0.0,0.03472,0.3098
10,T10_UAV_38,BS_2,LEO_1,121.587091,121.421458,0.0,0.025599,0.200175
10,T10_UAV_42,BS_4,BS_1,262.144926,261.962967,0.0,0.045905,0.180271
10,T10_UAV_10,BS_4,HAP_0,269.529532,269.359457,0.0,0.031591,0.192418
10,T10_UAV_24,HAP_1,HAP_1,259.724384,259.544236,0.0,0.016394,0.318768
10,T10_UAV_32,HAP_1,LEO_0,323.420517,323.255931,0.0,0.020102,0.222418
10,T10_UAV_35,BS_2,HAP_0,334.445136,334.294365,0.0,0.012287,0.192418
10,T10_UAV_4,BS_1,BS_1,750.129328,749.956635,0.0,0.036639,0.180271
11,T11_UAV_44,BS_2,LEO_0,158.130387,158.077354,0.0,0.008518,0.22258
11,T11_UAV_39,BS_4,LEO_1,178.449527,178.389459,0.0,0.018606,0.207316
11,T11_UAV_25,BS_2,HAP_0,211.628299,211.551108,0.0,0.031943,0.226238
11,T11_UAV_42,BS_4,HAP_2,223.675725,223.603592,0.0,0.02333,0.244021
11,T11_UAV_29,BS_4,HAP_1,232.973855,232.777608,0.0,0.021217,0.37515
11,T11_UAV_8,BS_2,LEO_0,257.457478,257.363952,0.0,0.04901,0.22258
11,T11_UAV_34,BS_3,LEO_1,272.450631,272.402695,0.0,0.006472,0.207316
11,T11_UAV_18,BS_2,HAP_0,295.925174,295.869939,0.0,0.009988,0.226238
11,T11_UAV_10,BS_4,LEO_0,280.507001,280.439938,0.0,0.022547,0.22258
11,T11_UAV_48,BS_3,HAP_2,305.681123,305.610624,0.0,0.021695,0.244021
11,T11_UAV_13,BS_4,HAP_1,313.683052,313.439301,0.0,0.06872,0.37515
11,T11_UAV_46,BS_4,LEO_1,299.289637,299.221816,0.0,0.026358,0.207316
11,T11_UAV_49,BS_4,BS_1,261.453459,261.268759,0.0,0.032756,0.259721
11,T11_UAV_17,BS_2,BS_0,273.239649,273.007929,0.0,0.058328,0.366959
11,T11_UAV_31,BS_0,BS_2,292.676939,292.4874,0.0,0.018981,0.352793
11,T11_UAV_15,BS_0,BS_3,295.381,295.164987,0.0,0.045017,0.354981
11,T11_UAV_37,BS_3,BS_4,298.830948,298.645345,0.0,0.015088,0.352572
11,T11_UAV_5,BS_3,LEO_0,328.795496,328.733303,0.0,0.017678,0.22258
11,T11_UAV_21,BS_3,LEO_1,351.296177,351.22568,0.0,0.029034,0.207316
11,T11_UAV_33,HAP_1,HAP_0,382.923681,382.840749,0.0,0.037684,0.226238
11,T11_UAV_16,BS_0,HAP_1,399.059281,398.832462,0.0,0.051789,0.37515
11,T11_UAV_45,BS_1,HAP_2,404.185408,404.099076,0.0,0.037527,0.244021
11,T11_UAV_24,HAP_1,LEO_0,383.572807,383.486554,0.0,0.041736,0.22258
11,T11_UAV_6,HAP_1,LEO_1,392.55991,392.500851,0.0,0.017596,0.207316
11,T11_UAV_1,BS_3,HAP_0,457.089846,457.009444,0.0,0.035154,0.226238
11,T11_UAV_41,BS_4,LEO_0,443.024101,442.960308,0.0,0.019277,0.22258
11,T11_UAV_3,BS_3,HAP_1,479.515108,479.32367,0.0,0.016408,0.37515
11,T11_UAV_28,BS_4,HAP_2,145.0885,145.032189,0.0,0.007507,0.244021
11,T11_UAV_4,BS_1,LEO_1,135.56135,135.492037,0.0,0.02785,0.207316
11,T11_UAV_47,BS_2,BS_1,122.554346,122.391684,0.0,0.010719,0.259721
11,T11_UAV_38,BS_2,BS_0,126.955028,126.74689,0.0,0.034746,0.366959
11,T11_UAV_35,BS_2,BS_2,132.224944,132.038584,0.0,0.015802,0.352793
11,T11_UAV_43,BS_4,BS_3,133.234323,133.030597,0.0,0.03273,0.354981
11,T11_UAV_32,HAP_1,LEO_0,144.025185,143.947789,0.0,0.032879,0.22258
11,T11_UAV_22,BS_0,BS_4,140.523021,140.312041,0.0,0.040465,0.352572
11,T11_UAV_26,HAP_1,LEO_1,173.181966,173.130149,0.0,0.010354,0.207316
11,T11_UAV_12,BS_1,HAP_0,246.293451,246.236274,0.0,0.01193,0.226238
11,T11_UAV_14,BS_3,HAP_2,273.9592,273.875176,0.0,0.03522,0.244021
11,T11_UAV_30,HAP_1,HAP_1,382.782822,382.589742,0.0,0.01805,0.37515
12,T12_UAV_36,BS_4,LEO_0,223.945128,223.860175,0.0,0.027751,0.286007
12,T12_UAV_29,BS_4,LEO_1,197.148243,196.969494,0.0,0.035315,0.217172
12,T12_UAV_41,BS_4,HAP_0,244.428112,244.348705,0.0,0.026507,0.264497
12,T12_UAV_49,BS_4,HAP_1,252.27828,252.076627,0.0,0.051988,0.248326
12,T12_UAV_11,BS_4,HAP_2,266.522477,266.327677,0.0,0.037993,0.284038
12,T12_UAV_5,BS_3,LEO_0,296.19465,296.128068,0.0,0.00938,0.286007
12,T12_UAV_33,HAP_1,LEO_1,296.325358,296.155346,0.0,0.026577,0.217172
12,T12_UAV_39,BS_4,HAP_0,323.553245,323.482389,0.0,0.017957,0.264497
12,T12_UAV_22,BS_0,LEO_0,371.609323,371.543293,0.0,0.008828,0.286007
12,T12_UAV_47,BS_2,HAP_1,351.711047,351.533892,0.0,0.027489,0.248326
12,T12_UAV_6,HAP_1,HAP_2,352.693292,352.508498,0.0,0.027987,0.284038
12,T12_UAV_3,BS_3,LEO_1,334.271185,334.108018,0.0,0.019732,0.217172
12,T12_UAV_31,BS_0,BS_1,287.057886,286.877836,0.0,0.02351,0.2827
12,T12_UAV_14,BS_3,BS_0,287.62748,287.418832,0.0,0.036246,0.362011
12,T12_UAV_12,BS_1,BS_2,304.315586,304.0967,0.0,0.047503,0.356914
12,T12_UAV_17,BS_2,BS_3,312.83956,312.621835,0.0,0.04652,0.356024
12,T12_UAV_37,BS_3,BS_4,316.720789,316.51515,0.0,0.035151,0.352442
12,T12_UAV_21,BS_3,LEO_0,392.890662,392.827167,0.0,0.006293,0.286007
12,T12_UAV_0,BS_3,LEO_1,346.618825,346.44191,0.0,0.033481,0.217172
12,T12_UAV_43,BS_4,HAP_0,381.623789,381.53182,0.0,0.039069,0.264497
12,T12_UAV_44,BS_2,HAP_1,386.778843,386.559609,0.0,0.069569,0.248326
12,T12_UAV_19,BS_0,HAP_2,389.353484,389.181355,0.0,0.015322,0.284038
12,T12_UAV_42,BS_4,LEO_0,441.098701,440.997353,0.0,0.044147,0.286007
12,T12_UAV_15,BS_0,LEO_1,391.83614,391.676951,0.0,0.015755,0.217172
12,T12_UAV_9,BS_0,HAP_0,421.357584,421.273519,0.0,0.031166,0.264497
12,T12_UAV_13,BS_4,LEO_0,477.1831,477.116647,0.0,0.009251,0.286007
12,T12_UAV_38,BS_2,HAP_1,454.181199,453.998673,0.0,0.032861,0.248326
12,T12_UAV_10,BS_4,HAP_2,468.229688,468.059362,0.0,0.013519,0.284038
12,T12_UAV_20,BS_3,LEO_1,453.716874,453.553691,0.0,0.019748,0.217172
12,T12_UAV_8,BS_2,BS_1,399.910579,399.742832,0.0,0.011207,0.2827
12,T12_UAV_26,HAP_1,LEO_0,162.739244,162.674589,0.0,0.007454,0.286007
12,T12_UAV_18,BS_2,BS_0,141.109517,140.869192,0.0,0.067922,0.362011
12,T12_UAV_27,BS_0,LEO_1,148.832315,148.662603,0.0,0.026277,0.217172
12,T12_UAV_2,HAP_1,BS_2,149.860162,149.629704,0.0,0.059075,0.356914
12,T12_UAV_23,BS_0,BS_3,152.344439,152.151976,0.0,0.021258,0.356024
12,T12_UAV_28,BS_4,BS_4,156.828956,156.596296,0.0,0.062172,0.352442
12,T12_UAV_46,BS_4,HAP_0,171.32157,171.230299,0.0,0.038372,0.264497
12,T12_UAV_1,BS_3,HAP_1,232.113825,231.946421,0.0,0.017739,0.248326
12,T12_UAV_45,BS_1,HAP_2,243.705823,243.512258,0.0,0.036758,0.284038
12,T12_UAV_32,HAP_1,LEO_0,316.335756,316.262316,0.0,0.016238,0.286007
13,T13_UAV_28,BS_4,LEO_1,222.866028,222.79193,0.0,0.028192,0.229533
13,T13_UAV_26,HAP_1,LEO_0,271.689563,271.588575,0.0,0.022576,0.392058
13,T13_UAV_31,BS_0,HAP_0,257.160298,257.007568,0.0,0.008426,0.221518
13,T13_UAV_12,BS_1,HAP_1,281.329948,281.166319,0.0,0.015355,0.24137
13,T13_UAV_32,HAP_1,HAP_2,303.880651,303.815442,0.0,0.019298,0.229552
13,T13_UAV_29,BS_4,LEO_1,284.643802,284.577833,0.0,0.020062,0.229533
13,T13_UAV_24,HAP_1,LEO_0,305.289625,305.167873,0.0,0.04334,0.392058
13,T13_UAV_39,BS_4,HAP_0,327.265231,327.112823,0.0,0.008104,0.221518
13,T13_UAV_17,BS_2,HAP_1,331.950163,331.784833,0.0,0.017055,0.24137
13,T13_UAV_44,BS_2,LEO_0,337.298413,337.20666,0.0,0.013341,0.392058
13,T13_UAV_21,BS_3,HAP_2,382.913603,382.860142,0.0,0.007551,0.229552
13,T13_UAV_15,BS_0,LEO_1,365.191794,365.133057,0.0,0.01283,0.229533
13,T13_UAV_0,BS_3,BS_1,319.14295,318.974329,0.0,0.025666,0.214777
13,T13_UAV_33,HAP_1,BS_0,324.365698,324.143287,0.0,0.051755,0.353277
13,T13_UAV_43,BS_4,BS_2,326.416095,326.223695,0.0,0.021935,0.352329
13,T13_UAV_25,BS_2,BS_3,325.116935,324.927373,0.0,0.019146,0.352081
13,T13_UAV_4,BS_1,BS_4,327.050528,326.839379,0.0,0.040818,0.351654
13,T13_UAV_11,BS_4,LEO_1,373.579507,373.492069,0.0,0.041531,0.229533
13,T13_UAV_42,BS_4,LEO_0,387.299757,387.184747,0.0,0.036599,0.392058
13,T13_UAV_1,BS_3,HAP_0,420.47375,420.311689,0.0,0.017757,0.221518
13,T13_UAV_14,BS_3,HAP_1,421.029747,420.841146,0.0,0.040327,0.24137
13,T13_UAV_46,BS_4,HAP_2,422.730618,422.650675,0.0,0.034032,0.229552
13,T13_UAV_37,BS_3,LEO_1,399.044277,398.979047,0.0,0.019323,0.229533
13,T13_UAV_7,BS_4,LEO_0,413.513183,413.427889,0.0,0.006883,0.392058
13,T13_UAV_20,BS_3,HAP_0,483.288034,483.132381,0.0,0.011349,0.221518
13,T13_UAV_8,BS_2,HAP_1,492.400725,492.21509,0.0,0.037362,0.24137
13,T13_UAV_27,BS_0,LEO_0,465.949957,465.836242,0.0,0.035303,0.392058
13,T13_UAV_16,BS_0,HAP_2,129.13504,129.070935,0.0,0.018195,0.229552
13,T13_UAV_47,BS_2,LEO_1,121.561022,121.503961,0.0,0.011155,0.229533
13,T13_UAV_13,BS_4,BS_1,110.711934,110.520807,0.0,0.048172,0.214777
13,T13_UAV_40,HAP_1,BS_0,118.086164,117.902039,0.0,0.01347,0.353277
13,T13_UAV_9,BS_0,BS_2,130.36698,130.184309,0.0,0.012205,0.352329
13,T13_UAV_30,HAP_1,BS_3,143.672256,143.467396,0.0,0.034444,0.352081
13,T13_UAV_38,BS_2,LEO_1,157.43874,157.362542,0.0,0.030292,0.229533
13,T13_UAV_10,BS_4,BS_4,159.8488,159.611855,0.0,0.066614,0.351654
13,T13_UAV_34,BS_3,LEO_0,193.647648,193.555952,0.0,0.013284,0.392058
13,T13_UAV_3,BS_3,HAP_0,238.271195,238.097655,0.0,0.029237,0.221518
13,T13_UAV_45,BS_1,HAP_1,247.169016,246.994995,0.0,0.025746,0.24137
13,T13_UAV_6,HAP_1,HAP_2,247.280562,247.226705,0.0,0.007946,0.229552
14,T14_UAV_48,BS_3,LEO_0,718.082157,717.949964,0.0,0.012277,0.099577
14,T14_UAV_31,BS_0,LEO_1,139.6134,139.523053,0.0,0.033573,0.283867
14,T14_UAV_12,BS_2,HAP_0,165.358526,165.289599,0.0,0.023374,0.227767
14,T14_UAV_36,BS_4,LEO_0,829.786588,829.656658,0.0,0.010014,0.099577
14,T14_UAV_24,HAP_1,HAP_2,118.45853,118.294645,0.0,0.020921,0.214821
14,T14_UAV_5,BS_3,HAP_1,219.767854,219.567103,0.0,0.044639,0.280565
14,T14_UAV_40,HAP_1,LEO_1,168.123197,168.055374,0.0,0.01105,0.283867
14,T14_UAV_23,BS_0,LEO_0,893.277588,893.128741,0.0,0.028931,0.099577
14,T14_UAV_17,BS_2,LEO_0,921.2846,921.15347,0.0,0.011214,0.099577
14,T14_UAV_10,BS_4,HAP_0,221.042799,220.973571,0.0,0.023674,0.227767
14,T14_UAV_43,BS_4,HAP_1,230.071427,229.9043,0.0,0.011015,0.280565
14,T14_UAV_18,BS_2,HAP_2,171.01439,170.850863,0.0,0.020563,0.214821
14,T14_UAV_15,BS_0,LEO_1,234.757506,234.660602,0.0,0.04013,0.283867
14,T14_UAV_37,BS_3,LEO_0,1097.691392,1097.549587,0.0,0.02189,0.099577
14,T14_UAV_41,BS_4,LEO_0,1111.768895,1111.628113,0.0,0.020866,0.099577
14,T14_UAV_44,BS_2,LEO_0,1191.742415,1191.586148,0.0,0.036352,0.099577
14,T14_UAV_0,BS_3,LEO_0,1203.788776,1203.642667,0.0,0.026193,0.099577
14,T14_UAV_21,BS_3,LEO_0,1286.822794,1286.694472,0.0,0.008407,0.099577
14,T14_UAV_49,BS_4,LEO_0,1439.068025,1438.936404,0.0,0.011706,0.099577
14,T14_UAV_3,BS_3,LEO_0,1454.011441,1453.854015,0.0,0.037511,0.099577
14,T14_UAV_25,BS_2,LEO_0,1454.838649,1454.683669,0.0,0.035065,0.099577
14,T14_UAV_28,BS_4,LEO_0,1488.538643,1488.388705,0.0,0.030022,0.099577
14,T14_UAV_38,BS_2,LEO_0,1507.473558,1507.34149,0.0,0.012152,0.099577
14,T14_UAV_34,BS_3,LEO_0,1538.286952,1538.149993,0.0,0.017043,0.099577
14,T14_UAV_13,BS_4,LEO_0,1552.06897,1551.919001,0.0,0.030053,0.099577
14,T14_UAV_33,HAP_1,LEO_0,1638.925729,1638.781334,0.0,0.024479,0.099577
14,T14_UAV_35,BS_1,LEO_0,1693.981142,1693.853586,0.0,0.007641,0.099577
14,T14_UAV_29,HAP_1,LEO_0,1797.417277,1797.279404,0.0,0.017957,0.099577
14,T14_UAV_11,BS_4,LEO_0,1817.414375,1817.266237,0.0,0.028223,0.099577
14,T14_UAV_27,BS_0,LEO_0,1922.065198,1921.920771,0.0,0.024511,0.099577
14,T14_UAV_14,BS_3,BS_1,54.030461,53.861985,0.0,0.014633,0.269216
14,T14_UAV_42,BS_4,LEO_1,84.309911,84.234327,0.0,0.018811,0.283867
14,T14_UAV_4,BS_1,HAP_0,118.024282,117.948911,0.0,0.029817,0.227767
14,T14_UAV_30,HAP_1,HAP_1,166.329643,166.145538,0.0,0.027993,0.280565
14,T14_UAV_46,BS_4,LEO_0,580.77989,580.65123,0.0,0.008745,0.099577
14,T14_UAV_9,BS_0,LEO_0,632.682653,632.546043,0.0,0.016694,0.099577
14,T14_UAV_47,BS_2,LEO_0,647.159807,647.023979,0.0,0.015913,0.099577
14,T14_UAV_20,BS_3,LEO_0,657.10253,656.955806,0.0,0.026809,0.099577
14,T14_UAV_8,BS_2,LEO_0,699.638805,699.51056,0.0,0.00833,0.099577
14,T14_UAV_16,BS_0,LEO_0,720.976733,720.841857,0.0,0.01496,0.099577
14,T14_UAV_26,HAP_1,LEO_0,787.439841,787.311875,0.0,0.00805,0.099577
14,T14_UAV_32,HAP_1,LEO_0,1013.417337,1013.278401,0.0,0.01902,0.099577
15,T15_UAV_18,BS_2,LEO_0,625.902639,625.740225,0.0,0.024674,0.1887
15,T15_UAV_49,BS_4,LEO_1,102.216695,102.123099,0.0,0.015543,0.390266
15,T15_UAV_16,BS_0,HAP_0,350.005153,349.814592,0.0,0.040474,0.250432
15,T15_UAV_27,BS_0,HAP_1,115.088378,114.894743,0.0,0.024367,0.346338
15,T15_UAV_34,BS_3,HAP_2,131.446017,131.246982,0.0,0.034159,0.324377
15,T15_UAV_42,BS_4,LEO_0,638.699818,638.554378,0.0,0.0077,0.1887
15,T15_UAV_5,BS_3,LEO_1,159.497092,159.403059,0.0,0.01598,0.390266
15,T15_UAV_25,BS_2,LEO_0,735.223403,735.079221,0.0,0.006442,0.1887
15,T15_UAV_48,BS_3,HAP_0,417.478113,417.303448,0.0,0.024579,0.250432
15,T15_UAV_44,BS_2,BS_1,399.25655,399.075906,0.0,0.036165,0.222396
15,T15_UAV_28,BS_4,LEO_0,785.867533,785.701503,0.0,0.02829,0.1887
15,T15_UAV_14,BS_3,HAP_1,183.819838,183.618051,0.0,0.03252,0.346338
15,T15_UAV_37,BS_3,HAP_0,472.687569,472.529118,0.0,0.008365,0.250432
15,T15_UAV_35,BS_0,LEO_0,800.884825,800.730329,0.0,0.016756,0.1887
15,T15_UAV_9,BS_0,LEO_0,815.358551,815.209884,0.0,0.010927,0.1887
15,T15_UAV_36,BS_4,HAP_0,531.476385,531.292536,0.0,0.033763,0.250432
15,T15_UAV_29,HAP_1,LEO_0,852.022793,851.858556,0.0,0.026498,0.1887
15,T15_UAV_47,BS_2,BS_1,485.590038,485.42633,0.0,0.019229,0.222396
15,T15_UAV_8,BS_2,LEO_0,959.185863,959.038595,0.0,0.009528,0.1887
15,T15_UAV_10,BS_4,LEO_0,1017.087705,1016.928537,0.0,0.021427,0.1887
15,T15_UAV_15,BS_0,HAP_0,697.695761,697.513622,0.0,0.032052,0.250432
15,T15_UAV_1,BS_3,LEO_0,1062.626725,1062.4724,0.0,0.016586,0.1887
15,T15_UAV_22,BS_0,LEO_0,1073.400945,1073.25585,0.0,0.007355,0.1887
15,T15_UAV_45,BS_1,LEO_0,1135.713906,1135.55796,0.0,0.018207,0.1887
15,T15_UAV_41,BS_4,LEO_0,1162.585671,1162.428448,0.0,0.019484,0.1887
15,T15_UAV_3,BS_3,HAP_2,56.737815,56.545505,0.0,0.027435,0.324377
15,T15_UAV_21,BS_3,LEO_1,67.505972,67.40612,0.0,0.021799,0.390266
15,T15_UAV_17,BS_2,BS_0,80.301431,80.068543,0.0,0.058419,0.372348
15,T15_UAV_30,HAP_1,BS_2,99.538812,99.3152,0.0,0.05293,0.353404
15,T15_UAV_0,BS_3,HAP_0,219.406924,219.217141,0.0,0.039697,0.250432
15,T15_UAV_13,BS_4,BS_1,220.20249,220.033432,0.0,0.024579,0.222396
15,T15_UAV_38,BS_2,LEO_0,348.362514,348.203906,0.0,0.020868,0.1887
15,T15_UAV_33,HAP_1,LEO_0,372.186914,372.005671,0.0,0.043504,0.1887
15,T15_UAV_23,BS_0,HAP_0,294.782406,294.621693,0.0,0.010627,0.250432
15,T15_UAV_31,BS_0,LEO_0,504.644034,504.491391,0.0,0.014903,0.1887
15,T15_UAV_43,BS_4,LEO_0,594.799662,594.624891,0.0,0.037031,0.1887
15,T15_UAV_4,BS_1,LEO_0,832.240762,832.082658,0.0,0.020365,0.1887
15,T15_UAV_2,HAP_1,LEO_0,847.985973,847.816536,0.0,0.031697,0.1887
16,T16_UAV_13,BS_4,LEO_0,126.756275,126.692735,0.0,0.015335,0.241023
16,T16_UAV_39,BS_4,LEO_1,110.099372,109.889326,0.0,0.039944,0.350511
16,T16_UAV_9,BS_0,HAP_0,158.804362,158.628695,0.0,0.029479,0.23094
16,T16_UAV_28,BS_4,HAP_1,170.884678,170.715546,0.0,0.017456,0.258381
16,T16_UAV_48,BS_3,HAP_2,119.475983,119.311889,0.0,0.010917,0.265879
16,T16_UAV_44,BS_2,LEO_0,161.793944,161.730436,0.0,0.015304,0.241023
16,T16_UAV_0,BS_3,BS_1,1792.794938,1792.632,0.0,0.032518,0.152103
16,T16_UAV_2,HAP_1,LEO_1,133.011047,132.831415,0.0,0.00953,0.350511
16,T16_UAV_21,BS_3,LEO_0,198.084346,198.019199,0.0,0.016942,0.241023
16,T16_UAV_22,BS_0,HAP_0,225.99582,225.838304,0.0,0.011328,0.23094
16,T16_UAV_33,HAP_1,HAP_2,179.676416,179.503281,0.0,0.019959,0.265879
16,T16_UAV_49,BS_4,HAP_1,274.724808,274.514099,0.0,0.059032,0.258381
16,T16_UAV_40,HAP_1,LEO_1,184.619092,184.41473,0.0,0.03426,0.350511
16,T16_UAV_4,BS_1,BS_0,184.87584,184.622483,0.0,0.078097,0.376299
16,T16_UAV_16,BS_0,BS_1,2396.467147,2396.308565,0.0,0.028161,0.152103
16,T16_UAV_18,BS_2,LEO_0,257.317152,257.229749,0.0,0.039199,0.241023
16,T16_UAV_46,BS_4,HAP_0,293.488546,293.328591,0.0,0.013767,0.23094
16,T16_UAV_3,BS_3,BS_1,2538.103568,2537.948146,0.0,0.025001,0.152103
16,T16_UAV_27,BS_0,BS_1,2583.008927,2582.861394,0.0,0.017112,0.152103
16,T16_UAV_42,BS_4,BS_1,2637.893554,2637.737994,0.0,0.02514,0.152103
16,T16_UAV_20,BS_3,BS_1,2712.712541,2712.565138,0.0,0.016982,0.152103
16,T16_UAV_35,BS_0,BS_1,2737.512284,2737.358969,0.0,0.022894,0.152103
16,T16_UAV_6,HAP_1,BS_1,2876.05652,2875.905231,0.0,0.020869,0.152103
16,T16_UAV_7,BS_4,BS_1,2982.467574,2982.319859,0.0,0.017295,0.152103
16,T16_UAV_38,BS_2,BS_1,3239.112071,3238.950841,0.0,0.030809,0.152103
16,T16_UAV_30,HAP_1,BS_1,3464.213027,3464.06334,0.0,0.019267,0.152103
16,T16_UAV_17,BS_2,BS_1,3843.772809,3843.633568,0.0,0.008821,0.152103
16,T16_UAV_12,BS_2,BS_1,3974.487195,3974.32462,0.0,0.032154,0.152103
16,T16_UAV_29,HAP_1,BS_1,4123.755201,4123.613284,0.0,0.011496,0.152103
16,T16_UAV_26,HAP_1,BS_2,98.506871,98.31487,0.0,0.020306,0.358474
16,T16_UAV_34,BS_3,HAP_1,117.202278,116.999957,0.0,0.050644,0.258381
16,T16_UAV_47,BS_2,BS_3,116.354096,116.144092,0.0,0.038226,0.35889
16,T16_UAV_45,BS_1,BS_4,184.153252,183.913725,0.0,0.069061,0.352327
16,T16_UAV_23,BS_0,BS_1,1325.672979,1325.515477,0.0,0.027081,0.152103
16,T16_UAV_31,BS_0,BS_1,1369.768986,1369.607637,0.0,0.030928,0.152103
16,T16_UAV_15,BS_0,BS_1,1457.765027,1457.590366,0.0,0.04424,0.152103
16,T16_UAV_1,BS_3,BS_1,1500.842784,1500.680925,0.0,0.031438,0.152103
16,T16_UAV_32,HAP_1,BS_1,1896.343972,1896.185976,0.0,0.027575,0.152103
16,T16_UAV_36,BS_4,BS_1,2004.759611,2004.573347,0.0,0.055844,0.152103
16,T16_UAV_41,BS_4,BS_1,2044.242243,2044.069341,0.0,0.042481,0.152103
16,T16_UAV_24,HAP_1,BS_1,2470.682726,2470.513917,0.0,0.038388,0.152103
17,T17_UAV_22,BS_0,LEO_1,228.920857,228.749134,0.0,0.032348,0.196876
17,T17_UAV_43,BS_4,LEO_0,193.246024,193.05269,0.0,0.031287,0.310234
17,T17_UAV_17,BS_2,HAP_0,286.932393,286.789009,0.0,0.006666,0.183589
17,T17_UAV_28,BS_4,HAP_1,291.300807,291.099282,0.0,0.042747,0.293892
17,T17_UAV_15,BS_0,HAP_2,267.281198,267.095846,0.0,0.042785,0.212835
17,T17_UAV_12,BS_2,LEO_1,292.212963,292.037885,0.0,0.035703,0.196876
17,T17_UAV_42,BS_4,LEO_0,228.293671,228.11893,0.0,0.012694,0.310234
17,T17_UAV_9,BS_0,HAP_0,327.95292,327.798681,0.0,0.017521,0.183589
17,T17_UAV_49,BS_4,HAP_1,348.91761,348.74442,0.0,0.014411,0.293892
17,T17_UAV_40,HAP_1,HAP_2,292.454383,292.26568,0.0,0.046136,0.212835
17,T17_UAV_3,BS_3,LEO_1,352.424583,352.276868,0.0,0.008339,0.196876
17,T17_UAV_32,HAP_1,LEO_0,236.304478,236.118834,0.0,0.023598,0.310234
17,T17_UAV_36,BS_4,BS_1,250.800383,250.719851,0.0,0.029133,0.256996
17,T17_UAV_6,HAP_1,BS_0,289.852241,289.659878,0.0,0.022023,0.3517
17,T17_UAV_20,BS_3,LEO_1,414.205217,414.033409,0.0,0.032433,0.196876
17,T17_UAV_47,BS_2,BS_3,197.179479,196.99322,0.0,0.014098,0.360803
17,T17_UAV_1,BS_3,HAP_0,432.904145,432.719921,0.0,0.047506,0.183589
17,T17_UAV_41,BS_4,HAP_1,438.341307,438.136116,0.0,0.046413,0.293892
17,T17_UAV_33,HAP_1,HAP_2,393.025018,392.857623,0.0,0.024828,0.212835
17,T17_UAV_4,BS_1,LEO_1,455.061541,454.904132,0.0,0.018033,0.196876
17,T17_UAV_34,BS_3,HAP_0,482.821534,482.656381,0.0,0.028435,0.183589
17,T17_UAV_30,HAP_1,HAP_2,412.565079,412.394442,0.0,0.02807,0.212835
17,T17_UAV_16,BS_0,LEO_1,509.71379,509.559778,0.0,0.014637,0.196876
17,T17_UAV_25,BS_2,HAP_1,519.3954,519.224891,0.0,0.01173,0.293892
17,T17_UAV_35,BS_0,LEO_1,564.909952,564.749397,0.0,0.02118,0.196876
17,T17_UAV_8,BS_2,HAP_0,579.637443,579.470514,0.0,0.030212,0.183589
17,T17_UAV_10,BS_4,BS_2,108.330055,108.103245,0.0,0.055761,0.355244
17,T17_UAV_18,BS_2,BS_4,54.915562,54.660557,0.0,0.082793,0.361063
17,T17_UAV_2,HAP_1,LEO_0,111.64588,111.444979,0.0,0.038854,0.310234
17,T17_UAV_31,BS_0,LEO_0,128.052045,127.862611,0.0,0.027387,0.310234
17,T17_UAV_14,BS_3,BS_1,113.86005,113.786477,0.0,0.022174,0.256996
17,T17_UAV_29,HAP_1,LEO_0,140.777794,140.603677,0.0,0.01207,0.310234
17,T17_UAV_23,BS_0,BS_0,149.24008,149.025876,0.0,0.043864,0.3517
17,T17_UAV_26,HAP_1,HAP_1,194.122882,193.919307,0.0,0.044797,0.293892
17,T17_UAV_13,BS_4,HAP_2,161.920846,161.741335,0.0,0.036944,0.212835
17,T17_UAV_44,BS_2,BS_2,168.027607,167.82118,0.0,0.035378,0.355244
17,T17_UAV_39,BS_4,LEO_1,205.765991,205.588678,0.0,0.037937,0.196876
17,T17_UAV_24,HAP_1,HAP_0,210.393464,210.21427,0.0,0.042476,0.183589
17,T17_UAV_0,BS_3,HAP_1,219.687805,219.478804,0.0,0.050222,0.293892
17,T17_UAV_45,BS_1,LEO_1,227.462643,227.300236,0.0,0.023032,0.196876
18,T18_UAV_11,BS_4,LEO_0,227.893161,227.832493,0.0,0.018158,0.212557
18,T18_UAV_3,BS_3,LEO_1,183.604986,183.399072,0.0,0.031324,0.372952
18,T18_UAV_44,BS_2,HAP_0,255.282541,255.098076,0.0,0.040568,0.219489
18,T18_UAV_17,BS_2,HAP_1,216.793154,216.59956,0.0,0.03059,0.315023
18,T18_UAV_8,BS_2,HAP_2,222.314115,222.13015,0.0,0.022191,0.308864
18,T18_UAV_41,BS_4,LEO_0,267.631766,267.557298,0.0,0.031957,0.212557
18,T18_UAV_15,BS_0,LEO_1,245.403581,245.206056,0.0,0.022935,0.372952
18,T18_UAV_12,BS_2,LEO_0,271.612332,271.52461,0.0,0.045212,0.212557
18,T18_UAV_27,BS_0,HAP_0,285.702233,285.52991,0.0,0.028425,0.219489
18,T18_UAV_31,BS_0,BS_1,336.308808,336.1598,0.0,0.007497,0.207554
18,T18_UAV_7,BS_4,HAP_1,331.596488,331.383855,0.0,0.049628,0.315023
18,T18_UAV_49,BS_4,HAP_2,340.051445,339.863277,0.0,0.026396,0.308864
18,T18_UAV_6,HAP_1,LEO_1,318.252737,318.0401,0.0,0.038046,0.372952
18,T18_UAV_39,BS_4,BS_0,273.997277,273.748425,0.0,0.0782,0.353262
18,T18_UAV_48,BS_3,BS_2,276.909195,276.710095,0.0,0.027377,0.358617
18,T18_UAV_22,BS_0,BS_3,287.259566,287.042745,0.0,0.04575,0.355358
18,T18_UAV_29,HAP_1,LEO_0,347.415906,347.345363,0.0,0.028032,0.212557
18,T18_UAV_5,BS_3,BS_4,311.687602,311.450993,0.0,0.066278,0.351657
18,T18_UAV_9,BS_0,HAP_0,419.219599,419.054267,0.0,0.021434,0.219489
18,T18_UAV_16,BS_0,LEO_1,387.840209,387.632896,0.0,0.032723,0.372952
18,T18_UAV_38,BS_2,HAP_1,426.918634,426.725354,0.0,0.030275,0.315023
18,T18_UAV_2,HAP_1,HAP_2,431.092457,430.891342,0.0,0.039343,0.308864
18,T18_UAV_37,BS_3,LEO_0,487.81036,487.761044,0.0,0.006804,0.212557
18,T18_UAV_0,BS_3,LEO_1,403.851241,403.668935,0.0,0.007716,0.372952
18,T18_UAV_25,BS_2,LEO_0,498.482651,498.402179,0.0,0.037961,0.212557
18,T18_UAV_33,HAP_1,HAP_0,511.115911,510.931193,0.0,0.04082,0.219489
18,T18_UAV_32,HAP_1,HAP_2,440.649764,440.474097,0.0,0.013894,0.308864
18,T18_UAV_35,BS_0,HAP_1,458.984453,458.781884,0.0,0.039564,0.315023
18,T18_UAV_43,BS_4,LEO_1,434.893222,434.678851,0.0,0.039781,0.372952
18,T18_UAV_28,BS_4,BS_1,576.476104,576.326589,0.0,0.008004,0.207554
18,T18_UAV_13,BS_4,BS_0,385.27414,385.061718,0.0,0.041769,0.353262
18,T18_UAV_40,HAP_1,BS_2,116.386403,116.139364,0.0,0.075316,0.358617
18,T18_UAV_14,BS_3,LEO_0,160.806613,160.749501,0.0,0.014601,0.212557
18,T18_UAV_47,BS_2,BS_3,120.888922,120.640488,0.0,0.077362,0.355358
18,T18_UAV_1,BS_3,HAP_0,165.551339,165.38775,0.0,0.019691,0.219489
18,T18_UAV_42,BS_4,BS_4,136.274194,136.043121,0.0,0.060742,0.351657
18,T18_UAV_36,BS_4,LEO_1,160.252688,160.063786,0.0,0.014312,0.372952
18,T18_UAV_18,BS_2,HAP_1,174.225764,174.035392,0.0,0.027368,0.315023
18,T18_UAV_30,HAP_1,LEO_0,211.592765,211.509307,0.0,0.040946,0.212557
18,T18_UAV_19,BS_0,LEO_0,234.523156,234.454703,0.0,0.025942,0.212557
18,T18_UAV_23,BS_0,HAP_0,243.419327,243.247129,0.0,0.0283,0.219489
18,T18_UAV_26,HAP_1,BS_1,313.098244,312.928519,0.0,0.028215,0.207554
18,T18_UAV_4,BS_1,HAP_2,441.37338,441.185128,0.0,0.026479,0.308864
19,T19_UAV_31,BS_0,LEO_0,290.799984,290.636581,0.0,0.026182,0.186104
19,T19_UAV_7,BS_4,LEO_1,227.845602,227.657849,0.0,0.032625,0.275638
19,T19_UAV_47,BS_2,HAP_0,239.879571,239.810711,0.0,0.024906,0.219772
19,T19_UAV_39,BS_4,HAP_1,240.929351,240.712011,0.0,0.048767,0.342865
19,T19_UAV_44,BS_2,HAP_2,253.098526,252.924296,0.0,0.020683,0.267735
19,T19_UAV_16,BS_0,LEO_0,361.680929,361.511385,0.0,0.032323,0.186104
19,T19_UAV_36,BS_4,LEO_1,267.913947,267.701378,0.0,0.057442,0.275638
19,T19_UAV_19,BS_0,LEO_0,414.161094,414.010549,0.0,0.013324,0.186104
19,T19_UAV_3,BS_3,HAP_0,268.220999,268.155728,0.0,0.021316,0.219772
19,T19_UAV_13,BS_4,HAP_1,272.028899,271.80639,0.0,0.053936,0.342865
19,T19_UAV_18,BS_2,HAP_2,273.387133,273.212776,0.0,0.02081,0.267735
19,T19_UAV_42,BS_4,LEO_1,274.205995,274.029274,0.0,0.021593,0.275638
19,T19_UAV_21,BS_3,BS_1,294.961444,294.786032,0.0,0.019339,0.280362
19,T19_UAV_17,BS_2,BS_0,296.661379,296.430783,0.0,0.060263,0.351663
19,T19_UAV_6,HAP_1,BS_2,317.919671,317.711105,0.0,0.038205,0.351807
19,T19_UAV_28,BS_4,BS_3,162.5377,162.321733,0.0,0.045435,0.352666
19,T19_UAV_20,BS_3,BS_4,167.568637,167.37014,0.0,0.028074,0.352112
19,T19_UAV_37,BS_3,LEO_0,513.239707,513.075234,0.0,0.027252,0.186104
19,T19_UAV_49,BS_4,LEO_1,321.49113,321.300894,0.0,0.035108,0.275638
19,T19_UAV_30,HAP_1,HAP_0,328.105176,328.039089,0.0,0.022133,0.219772
19,T19_UAV_5,BS_3,HAP_2,334.880606,334.709768,0.0,0.017291,0.267735
19,T19_UAV_11,BS_4,LEO_0,574.429648,574.265599,0.0,0.026828,0.186104
19,T19_UAV_15,BS_0,LEO_1,334.934455,334.727791,0.0,0.051536,0.275638
19,T19_UAV_35,BS_0,LEO_0,655.410527,655.255873,0.0,0.017433,0.186104
19,T19_UAV_14,BS_3,HAP_0,394.585786,394.533818,0.0,0.008013,0.219772
19,T19_UAV_10,BS_4,HAP_2,399.777583,399.579915,0.0,0.044122,0.267735
19,T19_UAV_34,BS_3,HAP_1,115.70778,115.515188,0.0,0.024019,0.342865
19,T19_UAV_27,BS_0,LEO_1,105.856349,105.676849,0.0,0.024372,0.275638
19,T19_UAV_22,BS_0,BS_1,140.922787,140.726319,0.0,0.040395,0.280362
19,T19_UAV_38,BS_2,LEO_0,265.35759,265.186157,0.0,0.034212,0.186104
19,T19_UAV_1,BS_3,HAP_1,198.444484,198.244654,0.0,0.031257,0.342865
19,T19_UAV_29,HAP_1,BS_0,202.258659,202.017816,0.0,0.07051,0.351663
19,T19_UAV_45,BS_1,BS_2,202.719385,202.488327,0.0,0.060697,0.351807
19,T19_UAV_12,BS_2,LEO_0,320.220672,320.052038,0.0,0.031413,0.186104
19,T19_UAV_46,BS_4,LEO_0,348.423969,348.260206,0.0,0.026543,0.186104
19,T19_UAV_32,HAP_1,LEO_0,479.661693,479.49373,0.0,0.030742,0.186104
19,T19_UAV_26,HAP_1,LEO_0,488.238549,488.072232,0.0,0.029096,0.186104
20,T20_UAV_42,BS_4,LEO_1,255.471228,255.415186,0.0,0.018078,0.189818
20,T20_UAV_0,BS_3,LEO_0,298.775693,298.621019,0.0,0.011167,0.217536
20,T20_UAV_1,BS_3,HAP_2,339.816901,339.754354,0.0,0.02469,0.189284
20,T20_UAV_5,BS_3,HAP_0,153.018881,152.923731,0.0,0.03213,0.315104
20,T20_UAV_22,BS_0,HAP_1,103.875167,103.676132,0.0,0.03005,0.344928
20,T20_UAV_41,BS_4,LEO_1,384.920245,384.858909,0.0,0.023372,0.189818
20,T20_UAV_7,BS_4,LEO_0,352.377157,352.213013,0.0,0.020637,0.217536
20,T20_UAV_39,BS_4,HAP_2,396.004223,395.950717,0.0,0.015649,0.189284
20,T20_UAV_47,BS_2,LEO_1,432.846614,432.780961,0.0,0.027689,0.189818
20,T20_UAV_48,BS_3,LEO_0,388.866428,388.715247,0.0,0.007673,0.217536
20,T20_UAV_21,BS_3,HAP_0,205.51438,205.43175,0.0,0.01961,0.315104
20,T20_UAV_12,BS_2,HAP_1,140.050522,139.843625,0.0,0.037911,0.344928
20,T20_UAV_13,BS_4,BS_1,438.157476,437.965219,0.0,0.035545,0.283562
20,T20_UAV_6,HAP_1,LEO_1,435.634538,435.587975,0.0,0.0086,0.189818
20,T20_UAV_11,BS_4,BS_0,152.612096,152.407946,0.0,0.033039,0.355555
20,T20_UAV_40,HAP_1,HAP_2,419.941767,419.872806,0.0,0.031104,0.189284
20,T20_UAV_18,BS_2,BS_3,184.767618,184.563735,0.0,0.033218,0.353329
20,T20_UAV_43,BS_4,LEO_0,458.717747,458.54393,0.0,0.03031,0.217536
20,T20_UAV_28,BS_4,LEO_1,576.241837,576.176826,0.0,0.027047,0.189818
20,T20_UAV_30,HAP_1,LEO_0,514.429744,514.240628,0.0,0.045608,0.217536
20,T20_UAV_16,BS_0,HAP_2,573.162393,573.107572,0.0,0.016964,0.189284
20,T20_UAV_33,HAP_1,LEO_1,609.399049,609.327934,0.0,0.033152,0.189818
20,T20_UAV_20,BS_3,LEO_0,525.568661,525.401002,0.0,0.024152,0.217536
20,T20_UAV_14,BS_3,BS_1,571.020172,570.813725,0.0,0.049734,0.283562
20,T20_UAV_9,BS_0,LEO_1,612.562572,612.514402,0.0,0.010206,0.189818
20,T20_UAV_19,BS_0,HAP_2,604.232809,604.177667,0.0,0.017285,0.189284
20,T20_UAV_36,BS_4,LEO_0,591.537059,591.368745,0.0,0.024807,0.217536
20,T20_UAV_27,BS_0,LEO_0,595.894147,595.738898,0.0,0.011741,0.217536
20,T20_UAV_3,BS_3,BS_2,61.53229,61.285838,0.0,0.067318,0.395673
20,T20_UAV_35,BS_0,BS_4,102.108467,101.919979,0.0,0.016855,0.358163
20,T20_UAV_29,HAP_1,LEO_1,193.303098,193.258053,0.0,0.007082,0.189818
20,T20_UAV_32,HAP_1,HAP_0,164.149534,164.045791,0.0,0.040722,0.315104
20,T20_UAV_10,BS_4,HAP_2,205.226686,205.159329,0.0,0.0295,0.189284
20,T20_UAV_24,HAP_1,LEO_1,215.257368,215.196035,0.0,0.023369,0.189818
20,T20_UAV_49,BS_4,LEO_0,202.408171,202.241745,0.0,0.022918,0.217536
20,T20_UAV_38,BS_2,LEO_1,231.560482,231.494195,0.0,0.028323,0.189818
20,T20_UAV_15,BS_0,HAP_2,225.848678,225.793634,0.0,0.017187,0.189284
20,T20_UAV_37,BS_3,LEO_1,309.712437,309.643757,0.0,0.030717,0.189818
20,T20_UAV_45,BS_1,BS_1,448.586807,448.398367,0.0,0.031728,0.283562
21,T21_UAV_1,BS_3,LEO_0,217.605867,217.530058,0.0,0.02565,0.250793
21,T21_UAV_21,BS_3,LEO_1,199.384065,199.216751,0.0,0.026422,0.204457
21,T21_UAV_37,BS_3,HAP_0,267.647745,267.490283,0.0,0.009145,0.241586
21,T21_UAV_8,BS_2,HAP_1,238.305473,238.12068,0.0,0.015131,0.348316
21,T21_UAV_44,BS_2,HAP_2,238.631361,238.475108,0.0,0.009625,0.233136
21,T21_UAV_25,BS_2,LEO_0,291.38628,291.305832,0.0,0.030289,0.250793
21,T21_UAV_43,BS_4,LEO_1,284.732263,284.560994,0.0,0.030377,0.204457
21,T21_UAV_5,BS_3,LEO_0,339.55459,339.487827,0.0,0.016604,0.250793
21,T21_UAV_10,BS_4,HAP_0,347.892254,347.712643,0.0,0.031294,0.241586
21,T21_UAV_17,BS_2,HAP_1,302.07555,301.890371,0.0,0.015516,0.348316
21,T21_UAV_35,BS_0,HAP_2,303.865303,303.676843,0.0,0.041833,0.233136
21,T21_UAV_26,HAP_1,LEO_1,326.750428,326.602226,0.0,0.007311,0.204457
21,T21_UAV_13,BS_4,BS_1,256.130649,255.934139,0.0,0.027148,0.346812
21,T21_UAV_48,BS_3,BS_0,263.804176,263.613989,0.0,0.018971,0.356078
21,T21_UAV_46,BS_4,BS_2,264.553501,264.332968,0.0,0.050483,0.350247
21,T21_UAV_19,BS_0,BS_3,272.498324,272.282251,0.0,0.037399,0.393372
21,T21_UAV_14,BS_3,BS_4,269.741915,269.510116,0.0,0.061451,0.351742
21,T21_UAV_9,BS_0,LEO_0,375.290094,375.232408,0.0,0.007527,0.250793
21,T21_UAV_15,BS_0,LEO_1,340.104168,339.944877,0.0,0.0184,0.204457
21,T21_UAV_42,BS_4,HAP_0,414.141763,413.975604,0.0,0.017841,0.241586
21,T21_UAV_47,BS_2,HAP_1,357.909735,357.700253,0.0,0.039819,0.348316
21,T21_UAV_22,BS_0,HAP_2,394.4672,394.290854,0.0,0.029719,0.233136
21,T21_UAV_20,BS_3,LEO_0,475.666786,475.60658,0.0,0.010048,0.250793
21,T21_UAV_33,HAP_1,LEO_1,492.226934,492.043104,0.0,0.042938,0.204457
21,T21_UAV_7,BS_4,LEO_0,558.906855,558.824633,0.0,0.032064,0.250793
21,T21_UAV_6,HAP_1,HAP_0,559.578795,559.408582,0.0,0.021896,0.241586
21,T21_UAV_31,BS_0,HAP_2,483.842529,483.677568,0.0,0.018334,0.233136
21,T21_UAV_36,BS_4,LEO_1,528.39079,528.234879,0.0,0.01502,0.204457
21,T21_UAV_16,BS_0,HAP_1,496.670906,496.483726,0.0,0.017517,0.348316
21,T21_UAV_32,HAP_1,BS_1,103.31521,103.128517,0.0,0.01733,0.346812
21,T21_UAV_4,BS_1,BS_0,105.618885,105.399644,0.0,0.048026,0.356078
21,T21_UAV_38,BS_2,BS_2,108.987552,108.787092,0.0,0.03041,0.350247
21,T21_UAV_45,BS_1,LEO_0,164.312648,164.250535,0.0,0.011954,0.250793
21,T21_UAV_11,BS_4,BS_3,126.110553,125.875127,0.0,0.056752,0.393372
21,T21_UAV_30,HAP_1,LEO_1,154.444143,154.292703,0.0,0.010549,0.204457
21,T21_UAV_29,HAP_1,BS_4,129.64953,129.462931,0.0,0.01625,0.351742
21,T21_UAV_34,BS_3,HAP_0,195.582386,195.410926,0.0,0.023142,0.241586
21,T21_UAV_0,BS_3,HAP_1,168.692058,168.49688,0.0,0.025515,0.348316
21,T21_UAV_12,BS_2,HAP_2,181.133573,180.937136,0.0,0.04981,0.233136
21,T21_UAV_2,HAP_1,LEO_0,243.128396,243.069427,0.0,0.00881,0.250793
21,T21_UAV_23,BS_0,LEO_1,235.259148,235.096569,0.0,0.021687,0.204457
21,T21_UAV_27,BS_0,LEO_0,295.643915,295.582787,0.0,0.01097,0.250793
21,T21_UAV_49,BS_4,HAP_0,303.841966,303.647498,0.0,0.046151,0.241586
22,T22_UAV_31,BS_0,LEO_1,219.325585,219.262621,0.0,0.019353,0.218057
22,T22_UAV_37,BS_3,LEO_0,228.535963,228.449476,0.0,0.022911,0.317886
22,T22_UAV_5,BS_3,HAP_0,237.254965,237.19569,0.0,0.016626,0.213243
22,T22_UAV_11,BS_4,HAP_1,269.2009,269.01915,0.0,0.011416,0.351669
22,T22_UAV_27,BS_0,HAP_2,278.058262,277.975843,0.0,0.031692,0.253638
22,T22_UAV_35,BS_0,LEO_0,309.7775,309.705295,0.0,0.008628,0.317886
22,T22_UAV_14,BS_3,LEO_1,307.56538,307.512847,0.0,0.008921,0.218057
22,T22_UAV_49,BS_4,HAP_0,305.673261,305.608722,0.0,0.02189,0.213243
22,T22_UAV_7,BS_4,LEO_0,327.931718,327.830195,0.0,0.037946,0.317886
22,T22_UAV_12,BS_2,HAP_1,308.589451,308.377135,0.0,0.041982,0.351669
22,T22_UAV_42,BS_4,HAP_2,328.592147,328.531754,0.0,0.009665,0.253638
22,T22_UAV_43,BS_4,LEO_1,353.915072,353.835578,0.0,0.035882,0.218057
22,T22_UAV_19,BS_0,BS_1,274.664999,274.496423,0.0,0.011088,0.287436
22,T22_UAV_33,HAP_1,BS_0,284.224889,284.017,0.0,0.036982,0.35454
22,T22_UAV_34,BS_3,BS_2,305.020482,304.791116,0.0,0.059654,0.348562
22,T22_UAV_28,BS_4,BS_3,327.025838,326.786776,0.0,0.067719,0.356715
22,T22_UAV_29,HAP_1,BS_4,334.685964,334.489379,0.0,0.026058,0.352637
22,T22_UAV_32,HAP_1,LEO_1,366.964612,366.886905,0.0,0.034095,0.218057
22,T22_UAV_13,BS_4,LEO_0,467.057204,466.961249,0.0,0.032378,0.317886
22,T22_UAV_22,BS_0,HAP_0,393.838785,393.777007,0.0,0.01913,0.213243
22,T22_UAV_15,BS_0,HAP_2,440.419503,440.349551,0.0,0.019224,0.253638
22,T22_UAV_36,BS_4,HAP_1,449.296847,449.09837,0.0,0.028143,0.351669
22,T22_UAV_2,HAP_1,LEO_0,473.361683,473.27255,0.0,0.025555,0.317886
22,T22_UAV_17,BS_2,LEO_1,475.336682,475.273229,0.0,0.019842,0.218057
22,T22_UAV_24,HAP_1,HAP_0,447.141304,447.078634,0.0,0.020021,0.213243
22,T22_UAV_38,BS_2,HAP_2,452.781696,452.688504,0.0,0.042465,0.253638
22,T22_UAV_1,BS_3,LEO_1,483.886574,483.809632,0.0,0.03333,0.218057
22,T22_UAV_25,BS_2,LEO_0,513.432077,513.338146,0.0,0.030354,0.317886
22,T22_UAV_48,BS_3,BS_1,125.121475,124.90843,0.0,0.055558,0.287436
22,T22_UAV_47,BS_2,HAP_1,167.424136,167.238413,0.0,0.015388,0.351669
22,T22_UAV_39,BS_4,BS_0,136.852969,136.634115,0.0,0.047946,0.35454
22,T22_UAV_9,BS_0,BS_2,155.204153,154.979936,0.0,0.054504,0.348562
22,T22_UAV_45,BS_1,BS_3,160.339495,160.148497,0.0,0.019655,0.356715
22,T22_UAV_16,BS_0,BS_4,161.105536,160.907087,0.0,0.027922,0.352637
22,T22_UAV_41,BS_4,LEO_0,214.667227,214.595354,0.0,0.008295,0.317886
22,T22_UAV_20,BS_3,LEO_1,216.456255,216.387374,0.0,0.025269,0.218057
22,T22_UAV_40,HAP_1,HAP_0,203.463629,203.385076,0.0,0.035905,0.213243
22,T22_UAV_26,HAP_1,HAP_1,229.220368,228.995307,0.0,0.054728,0.351669
22,T22_UAV_18,BS_2,HAP_2,241.497434,241.400253,0.0,0.046454,0.253638
22,T22_UAV_4,BS_1,LEO_0,261.936624,261.827509,0.0,0.045538,0.317886
22,T22_UAV_6,HAP_1,LEO_1,278.774945,278.702325,0.0,0.029009,0.218057
23,T23_UAV_22,BS_0,LEO_0,147.208455,147.133351,0.0,0.006718,0.341931
23,T23_UAV_15,BS_0,LEO_1,205.995888,205.830488,0.0,0.018231,0.235845
23,T23_UAV_9,BS_0,HAP_0,195.109492,195.023886,0.0,0.027091,0.292578
23,T23_UAV_24,HAP_1,HAP_2,223.409105,223.235324,0.0,0.032202,0.207896
23,T23_UAV_47,BS_2,HAP_1,186.730097,186.507453,0.0,0.050457,0.36093
23,T23_UAV_11,BS_4,LEO_1,248.74184,248.57181,0.0,0.022861,0.235845
23,T23_UAV_20,BS_3,LEO_0,203.904631,203.827603,0.0,0.008642,0.341931
23,T23_UAV_48,BS_3,HAP_0,247.396797,247.32075,0.0,0.017532,0.292578
23,T23_UAV_37,BS_3,HAP_2,264.570678,264.416468,0.0,0.012631,0.207896
23,T23_UAV_10,BS_4,LEO_1,293.172325,293.016112,0.0,0.009044,0.235845
23,T23_UAV_31,BS_0,LEO_0,257.97442,257.873839,0.0,0.032194,0.341931
23,T23_UAV_7,BS_4,HAP_1,283.339024,283.10167,0.0,0.065168,0.36093
23,T23_UAV_28,BS_4,BS_1,287.156133,286.926375,0.0,0.058988,0.353846
23,T23_UAV_44,BS_2,BS_0,323.01839,322.768057,0.0,0.07994,0.351962
23,T23_UAV_19,BS_0,BS_2,328.954787,328.7624,0.0,0.019606,0.363903
23,T23_UAV_41,BS_4,BS_3,336.571913,336.335727,0.0,0.065836,0.351749
23,T23_UAV_3,BS_3,BS_4,170.603643,170.402774,0.0,0.029937,0.354662
23,T23_UAV_46,BS_4,LEO_1,396.298177,396.101079,0.0,0.049929,0.235845
23,T23_UAV_17,BS_2,LEO_0,342.196306,342.115602,0.0,0.012318,0.341931
23,T23_UAV_18,BS_2,HAP_0,443.547809,443.475704,0.0,0.013589,0.292578
23,T23_UAV_49,BS_4,HAP_1,355.028184,354.821524,0.0,0.034475,0.36093
23,T23_UAV_5,BS_3,HAP_2,472.326249,472.160028,0.0,0.024642,0.207896
23,T23_UAV_23,BS_0,LEO_0,380.974228,380.878298,0.0,0.027543,0.341931
23,T23_UAV_27,BS_0,LEO_1,521.824621,521.64663,0.0,0.030821,0.235845
23,T23_UAV_25,BS_2,HAP_0,127.519812,127.428115,0.0,0.033182,0.292578
23,T23_UAV_16,BS_0,HAP_2,139.409812,139.220604,0.0,0.047629,0.207896
23,T23_UAV_13,BS_4,LEO_0,112.696735,112.598082,0.0,0.030267,0.341931
23,T23_UAV_35,BS_0,LEO_1,158.007103,157.82822,0.0,0.031714,0.235845
23,T23_UAV_34,BS_3,HAP_1,123.425766,123.207868,0.0,0.045711,0.36093
23,T23_UAV_42,BS_4,BS_1,127.908917,127.709027,0.0,0.029121,0.353846
23,T23_UAV_14,BS_3,BS_0,133.462058,133.242633,0.0,0.049033,0.351962
23,T23_UAV_38,BS_2,LEO_1,175.796474,175.627524,0.0,0.021781,0.235845
23,T23_UAV_2,HAP_1,BS_2,171.766904,171.581565,0.0,0.012558,0.363903
23,T23_UAV_4,BS_1,BS_3,172.492846,172.305134,0.0,0.017362,0.351749
23,T23_UAV_6,HAP_1,HAP_0,194.073775,193.983892,0.0,0.031368,0.292578
23,T23_UAV_26,HAP_1,HAP_2,202.499518,202.324447,0.0,0.033492,0.207896
23,T23_UAV_30,HAP_1,LEO_1,232.841315,232.665645,0.0,0.0285,0.235845
24,T24_UAV_3,BS_3,LEO_0,164.900509,164.712893,0.0,0.038724,0.244454
24,T24_UAV_38,BS_2,LEO_1,315.796063,315.617308,0.0,0.041043,0.188561
24,T24_UAV_27,BS_0,HAP_0,250.787861,250.692871,0.0,0.021891,0.365497
24,T24_UAV_49,BS_4,HAP_2,250.55425,250.470697,0.0,0.037647,0.229529
24,T24_UAV_25,BS_2,HAP_1,242.571677,242.342052,0.0,0.064602,0.325117
24,T24_UAV_29,HAP_1,LEO_0,237.950352,237.76207,0.0,0.039392,0.244454
24,T24_UAV_39,BS_4,LEO_1,391.75341,391.586383,0.0,0.029316,0.188561
24,T24_UAV_34,BS_3,LEO_0,266.229728,266.068647,0.0,0.01219,0.244454
24,T24_UAV_47,BS_2,HAP_0,336.687117,336.582548,0.0,0.03147,0.365497
24,T24_UAV_35,BS_0,HAP_2,340.418204,340.364193,0.0,0.008104,0.229529
24,T24_UAV_6,HAP_1,LEO_1,538.985584,538.828177,0.0,0.019695,0.188561
24,T24_UAV_15,BS_0,HAP_1,299.780039,299.596883,0.0,0.018132,0.325117
24,T24_UAV_11,BS_4,BS_1,304.35685,304.161384,0.0,0.032787,0.313393
24,T24_UAV_12,BS_2,BS_0,320.619033,320.383666,0.0,0.065007,0.351802
24,T24_UAV_18,BS_2,BS_3,331.531331,331.340949,0.0,0.019863,0.352594
24,T24_UAV_13,BS_4,BS_2,341.504874,341.286863,0.0,0.046343,0.358339
24,T24_UAV_16,BS_0,BS_4,349.903203,349.667324,0.0,0.065514,0.351824
24,T24_UAV_7,BS_4,LEO_1,542.480487,542.328385,0.0,0.014389,0.188561
24,T24_UAV_36,BS_4,LEO_0,366.729591,366.536235,0.0,0.044465,0.244454
24,T24_UAV_8,BS_2,HAP_2,403.462461,403.387974,0.0,0.028581,0.229529
24,T24_UAV_1,BS_3,HAP_0,441.588615,441.496833,0.0,0.018683,0.365497
24,T24_UAV_19,BS_0,LEO_1,581.68094,581.521534,0.0,0.021694,0.188561
24,T24_UAV_46,BS_4,HAP_1,378.186826,377.964442,0.0,0.05736,0.325117
24,T24_UAV_40,HAP_1,LEO_0,401.14241,400.98503,0.0,0.00849,0.244454
24,T24_UAV_14,BS_3,LEO_0,429.803656,429.63457,0.0,0.020195,0.244454
24,T24_UAV_26,HAP_1,HAP_2,472.263732,472.177741,0.0,0.040085,0.229529
24,T24_UAV_43,BS_4,HAP_0,477.947223,477.849043,0.0,0.02508,0.365497
24,T24_UAV_48,BS_3,HAP_1,394.957047,394.731243,0.0,0.060781,0.325117
24,T24_UAV_31,BS_0,LEO_1,733.247296,733.0855,0.0,0.024084,0.188561
24,T24_UAV_44,BS_2,BS_1,103.817903,103.628028,0.0,0.027197,0.313393
24,T24_UAV_17,BS_2,LEO_1,194.628577,194.461757,0.0,0.029108,0.188561
24,T24_UAV_21,BS_3,BS_0,126.245965,126.035398,0.0,0.040206,0.351802
24,T24_UAV_22,BS_0,BS_2,129.95436,129.750163,0.0,0.03253,0.358339
24,T24_UAV_5,BS_3,LEO_0,155.432142,155.274266,0.0,0.008986,0.244454
24,T24_UAV_24,HAP_1,BS_3,146.714506,146.531732,0.0,0.012256,0.352594
24,T24_UAV_28,BS_4,LEO_1,252.545468,252.363176,0.0,0.04458,0.188561
24,T24_UAV_32,HAP_1,BS_4,184.869912,184.686998,0.0,0.012549,0.351824
24,T24_UAV_30,HAP_1,LEO_1,257.171513,256.99304,0.0,0.040761,0.188561
24,T24_UAV_41,BS_4,HAP_0,241.050227,240.961187,0.0,0.01594,0.365497
24,T24_UAV_9,BS_0,LEO_1,266.229238,266.054966,0.0,0.03656,0.188561
24,T24_UAV_33,HAP_1,LEO_1,371.893022,371.724703,0.0,0.030607,0.188561
24,T24_UAV_45,BS_1,HAP_2,485.372206,485.31704,0.0,0.00926,0.229529
25,T25_UAV_49,BS_4,LEO_0,308.770033,308.595119,0.0,0.037954,0.184803
25,T25_UAV_40,HAP_1,LEO_1,322.257159,322.075159,0.0,0.04303,0.194851
25,T25_UAV_39,BS_4,HAP_2,298.229503,298.050015,0.0,0.041797,0.188451
25,T25_UAV_45,BS_1,HAP_0,372.375679,372.196384,0.0,0.028686,0.25305
25,T25_UAV_21,BS_3,HAP_1,230.503556,230.321589,0.0,0.014863,0.335521
25,T25_UAV_6,HAP_1,LEO_0,384.830329,384.671498,0.0,0.02187,0.184803
25,T25_UAV_14,BS_3,LEO_1,413.659617,413.470728,0.0,0.049918,0.194851
25,T25_UAV_24,HAP_1,LEO_0,420.93377,420.760405,0.0,0.036404,0.184803
25,T25_UAV_23,BS_0,HAP_0,449.804352,449.644667,0.0,0.009074,0.25305
25,T25_UAV_42,BS_4,HAP_2,387.253392,387.109108,0.0,0.006594,0.188451
25,T25_UAV_18,BS_2,HAP_1,267.952682,267.728715,0.0,0.056862,0.335521
25,T25_UAV_29,HAP_1,LEO_1,452.600585,452.437982,0.0,0.023632,0.194851
25,T25_UAV_43,BS_4,BS_1,151.285124,151.040958,0.0,0.055133,0.445168
25,T25_UAV_20,BS_3,BS_2,153.053628,152.854352,0.0,0.028909,0.351838
25,T25_UAV_10,BS_4,BS_0,158.630856,158.401036,0.0,0.054951,0.374345
25,T25_UAV_44,BS_2,BS_3,170.88332,170.667742,0.0,0.045241,0.351683
25,T25_UAV_34,BS_3,LEO_0,461.454113,461.294883,0.0,0.022269,0.184803
25,T25_UAV_12,BS_2,LEO_1,464.326853,464.176667,0.0,0.011216,0.194851
25,T25_UAV_37,BS_3,BS_4,183.033418,182.849676,0.0,0.013366,0.351877
25,T25_UAV_17,BS_2,HAP_2,423.45969,423.287498,0.0,0.034501,0.188451
25,T25_UAV_19,BS_0,HAP_0,548.194684,548.028724,0.0,0.01535,0.25305
25,T25_UAV_32,HAP_1,LEO_0,473.754867,473.610937,0.0,0.006969,0.184803
25,T25_UAV_28,BS_4,LEO_1,492.988127,492.83676,0.0,0.012398,0.194851
25,T25_UAV_31,BS_0,LEO_0,501.684469,501.5377,0.0,0.009808,0.184803
25,T25_UAV_27,BS_0,HAP_2,460.107206,459.949048,0.0,0.020468,0.188451
25,T25_UAV_22,BS_0,LEO_1,525.628059,525.480055,0.0,0.009034,0.194851
25,T25_UAV_36,BS_4,HAP_0,557.061335,556.863182,0.0,0.047542,0.25305
25,T25_UAV_41,BS_4,LEO_0,544.411613,544.238489,0.0,0.036163,0.184803
25,T25_UAV_35,BS_0,LEO_1,609.620928,609.458075,0.0,0.023883,0.194851
25,T25_UAV_5,BS_3,HAP_2,569.040677,568.885092,0.0,0.017895,0.188451
25,T25_UAV_0,BS_3,HAP_1,127.494394,127.243857,0.0,0.083433,0.335521
25,T25_UAV_2,HAP_1,HAP_0,181.010506,180.842633,0.0,0.017263,0.25305
25,T25_UAV_7,BS_4,LEO_0,176.247784,176.096099,0.0,0.014724,0.184803
25,T25_UAV_38,BS_2,LEO_1,178.296788,178.11095,0.0,0.046867,0.194851
25,T25_UAV_26,HAP_1,LEO_0,195.814591,195.652896,0.0,0.024735,0.184803
25,T25_UAV_25,BS_2,HAP_1,196.12637,195.881347,0.0,0.077919,0.335521
25,T25_UAV_13,BS_4,HAP_0,230.88423,230.71989,0.0,0.013729,0.25305
25,T25_UAV_30,HAP_1,HAP_2,216.840203,216.688491,0.0,0.014021,0.188451
25,T25_UAV_33,HAP_1,LEO_1,273.542001,273.394592,0.0,0.008439,0.194851
25,T25_UAV_1,BS_3,LEO_0,275.582313,275.40741,0.0,0.037943,0.184803
25,T25_UAV_4,BS_1,LEO_1,347.678183,347.5273,0.0,0.011913,0.194851
25,T25_UAV_9,BS_0,HAP_0,396.359194,396.199949,0.0,0.008635,0.25305
26,T26_UAV_18,BS_2,LEO_0,163.532924,163.376082,0.0,0.008238,0.243021
26,T26_UAV_6,HAP_1,LEO_1,144.844909,144.767013,0.0,0.030821,0.23537
26,T26_UAV_17,BS_2,HAP_0,585.076529,584.928312,0.0,0.009523,0.193467
26,T26_UAV_0,BS_3,HAP_2,169.852915,169.772886,0.0,0.036644,0.21693
26,T26_UAV_44,BS_2,HAP_1,216.883544,216.653629,0.0,0.061936,0.3399
26,T26_UAV_43,BS_4,LEO_0,213.026904,212.844015,0.0,0.034285,0.243021
26,T26_UAV_29,HAP_1,LEO_1,186.286744,186.227759,0.0,0.011911,0.23537
26,T26_UAV_13,BS_4,HAP_0,638.20214,638.016948,0.0,0.046498,0.193467
26,T26_UAV_22,BS_0,BS_1,590.461107,590.28532,0.0,0.038381,0.187028
26,T26_UAV_1,BS_3,LEO_0,280.411628,280.245647,0.0,0.017377,0.243021
26,T26_UAV_16,BS_0,HAP_1,253.96551,253.783224,0.0,0.014306,0.3399
26,T26_UAV_7,BS_4,HAP_2,265.846387,265.772275,0.0,0.030726,0.21693
26,T26_UAV_27,BS_0,HAP_0,714.388627,714.23076,0.0,0.019174,0.193467
26,T26_UAV_9,BS_0,LEO_1,247.407768,247.339869,0.0,0.020825,0.23537
26,T26_UAV_49,BS_4,BS_0,195.929492,195.725311,0.0,0.033388,0.353967
26,T26_UAV_11,BS_4,HAP_0,817.882622,817.717888,0.0,0.02604,0.193467
26,T26_UAV_34,BS_3,BS_1,753.420583,753.271402,0.0,0.011776,0.187028
26,T26_UAV_33,HAP_1,HAP_0,1074.378863,1074.200646,0.0,0.039524,0.193467
26,T26_UAV_48,BS_3,HAP_0,1077.025054,1076.838217,0.0,0.048144,0.193467
26,T26_UAV_38,BS_2,BS_1,907.548479,907.374901,0.0,0.036172,0.187028
26,T26_UAV_41,BS_4,HAP_0,1116.579478,1116.401703,0.0,0.039081,0.193467
26,T26_UAV_24,HAP_1,HAP_0,1167.762309,1167.606561,0.0,0.017054,0.193467
26,T26_UAV_5,BS_3,BS_1,998.054326,997.882706,0.0,0.034214,0.187028
26,T26_UAV_42,BS_4,BS_2,54.932163,54.734075,0.0,0.025378,0.36355
26,T26_UAV_14,BS_3,LEO_0,85.716531,85.525776,0.0,0.04215,0.243021
26,T26_UAV_36,BS_4,BS_3,65.332102,65.072473,0.0,0.089296,0.351663
26,T26_UAV_37,BS_3,LEO_1,85.018629,84.957343,0.0,0.014212,0.23537
26,T26_UAV_47,BS_2,BS_4,79.30131,79.087909,0.0,0.042866,0.352676
26,T26_UAV_25,BS_2,HAP_1,139.118526,138.914916,0.0,0.03563,0.3399
26,T26_UAV_2,HAP_1,HAP_2,160.830208,160.762171,0.0,0.024651,0.21693
26,T26_UAV_45,BS_1,LEO_0,223.007964,222.847369,0.0,0.011991,0.243021
26,T26_UAV_28,BS_4,HAP_0,347.006328,346.842017,0.0,0.025617,0.193467
26,T26_UAV_32,HAP_1,HAP_0,389.347287,389.170724,0.0,0.037869,0.193467
26,T26_UAV_35,BS_0,BS_1,336.839136,336.646741,0.0,0.054989,0.187028
26,T26_UAV_15,BS_0,HAP_0,443.519167,443.359632,0.0,0.020841,0.193467
26,T26_UAV_26,HAP_1,HAP_0,572.971849,572.793229,0.0,0.039926,0.193467
27,T27_UAV_36,BS_4,LEO_0,206.655513,206.493464,0.0,0.012033,0.250079
27,T27_UAV_22,BS_0,LEO_1,238.629649,238.408662,0.0,0.052805,0.34091
27,T27_UAV_9,BS_0,HAP_0,362.997035,362.929718,0.0,0.021987,0.226645
27,T27_UAV_29,HAP_1,HAP_2,302.77164,302.593011,0.0,0.021045,0.28792
27,T27_UAV_1,BS_3,HAP_1,251.295804,251.086828,0.0,0.038984,0.349958
27,T27_UAV_30,HAP_1,LEO_0,327.2624,327.087379,0.0,0.025004,0.250079
27,T27_UAV_20,BS_3,LEO_1,252.518069,252.329436,0.0,0.020451,0.34091
27,T27_UAV_12,BS_2,HAP_0,387.426924,387.337855,0.0,0.043739,0.226645
27,T27_UAV_47,BS_2,LEO_0,350.005895,349.838892,0.0,0.016987,0.250079
27,T27_UAV_39,BS_4,HAP_2,337.076468,336.891178,0.0,0.027705,0.28792
27,T27_UAV_19,BS_0,HAP_1,277.22134,277.007488,0.0,0.04386,0.349958
27,T27_UAV_10,BS_4,LEO_1,297.204141,296.998132,0.0,0.037827,0.34091
27,T27_UAV_0,BS_3,BS_1,300.267632,300.076796,0.0,0.030764,0.300361
27,T27_UAV_13,BS_4,BS_2,304.341743,304.114985,0.0,0.05494,0.359086
27,T27_UAV_37,BS_3,BS_0,311.837999,311.639807,0.0,0.027625,0.352837
27,T27_UAV_6,HAP_1,BS_3,320.708412,320.507008,0.0,0.029447,0.359785
27,T27_UAV_35,BS_0,LEO_0,369.164488,368.985885,0.0,0.028587,0.250079
27,T27_UAV_3,BS_3,BS_4,359.142114,358.948389,0.0,0.022915,0.354052
27,T27_UAV_32,HAP_1,HAP_0,453.3665,453.27289,0.0,0.048281,0.226645
27,T27_UAV_41,BS_4,HAP_2,392.324536,392.135785,0.0,0.031167,0.28792
27,T27_UAV_49,BS_4,LEO_1,357.003884,356.806298,0.0,0.029405,0.34091
27,T27_UAV_16,BS_0,LEO_0,418.800645,418.624495,0.0,0.026134,0.250079
27,T27_UAV_21,BS_3,HAP_1,375.826537,375.642697,0.0,0.013849,0.349958
27,T27_UAV_34,BS_3,LEO_1,395.158415,394.951845,0.0,0.038388,0.34091
27,T27_UAV_31,BS_0,HAP_0,498.036926,497.98225,0.0,0.009347,0.226645
27,T27_UAV_4,BS_1,LEO_0,469.822392,469.633808,0.0,0.038568,0.250079
27,T27_UAV_42,BS_4,HAP_2,447.115703,446.930097,0.0,0.028021,0.28792
27,T27_UAV_28,BS_4,HAP_1,398.930571,398.713085,0.0,0.047494,0.349958
27,T27_UAV_23,BS_0,LEO_0,479.201754,479.039733,0.0,0.012005,0.250079
27,T27_UAV_43,BS_4,LEO_1,100.963342,100.750428,0.0,0.044732,0.34091
27,T27_UAV_46,BS_4,BS_1,103.301488,103.125264,0.0,0.016152,0.300361
27,T27_UAV_24,HAP_1,BS_2,145.264187,145.072984,0.0,0.019385,0.359086
27,T27_UAV_40,HAP_1,HAP_0,199.356161,199.288491,0.0,0.022341,0.226645
27,T27_UAV_38,BS_2,BS_0,160.838427,160.613499,0.0,0.05436,0.352837
27,T27_UAV_17,BS_2,HAP_2,178.450395,178.269336,0.0,0.023475,0.28792
27,T27_UAV_33,HAP_1,BS_3,201.332515,201.135301,0.0,0.025257,0.359785
27,T27_UAV_27,BS_0,LEO_0,237.220224,237.041596,0.0,0.028613,0.250079
27,T27_UAV_45,BS_1,BS_4,239.965131,239.747808,0.0,0.046513,0.354052
27,T27_UAV_48,BS_3,HAP_0,345.496362,345.441132,0.0,0.009901,0.226645
28,T28_UAV_1,BS_3,LEO_0,306.293415,306.123513,0.0,0.033277,0.183125
28,T28_UAV_14,BS_3,LEO_1,283.009068,282.964782,0.0,0.006533,0.188768
28,T28_UAV_10,BS_4,HAP_2,373.84786,373.793281,0.0,0.011751,0.214141
28,T28_UAV_12,BS_2,LEO_0,396.054357,395.907846,0.0,0.009886,0.183125
28,T28_UAV_2,HAP_1,HAP_0,265.398698,265.314009,0.0,0.019175,0.327567
28,T28_UAV_47,BS_2,LEO_1,366.319303,366.262973,0.0,0.018577,0.188768
28,T28_UAV_18,BS_2,HAP_1,275.095917,274.856603,0.0,0.074663,0.323257
28,T28_UAV_25,BS_2,LEO_0,447.506038,447.357692,0.0,0.011721,0.183125
28,T28_UAV_13,BS_4,HAP_2,447.449144,447.386659,0.0,0.019657,0.214141
28,T28_UAV_7,BS_4,LEO_1,441.030382,440.986163,0.0,0.006465,0.188768
28,T28_UAV_23,BS_0,BS_1,361.678156,361.518341,0.0,0.015783,0.220162
28,T28_UAV_11,BS_4,HAP_0,300.107867,300.033532,0.0,0.008822,0.327567
28,T28_UAV_43,BS_4,HAP_1,313.852548,313.655475,0.0,0.032421,0.323257
28,T28_UAV_8,BS_2,LEO_0,484.086009,483.941602,0.0,0.007783,0.183125
28,T28_UAV_16,BS_0,BS_2,157.539377,157.342525,0.0,0.021329,0.377617
28,T28_UAV_31,BS_0,LEO_1,462.8418,462.783199,0.0,0.020848,0.188768
28,T28_UAV_44,BS_2,BS_0,164.47217,164.25732,0.0,0.044502,0.351737
28,T28_UAV_15,BS_0,BS_3,179.252864,179.033967,0.0,0.046888,0.360047
28,T28_UAV_30,HAP_1,HAP_2,514.932744,514.880272,0.0,0.009643,0.214141
28,T28_UAV_32,HAP_1,LEO_0,510.388463,510.235512,0.0,0.016326,0.183125
28,T28_UAV_28,BS_4,LEO_1,480.215881,480.144585,0.0,0.033542,0.188768
28,T28_UAV_41,BS_4,HAP_0,359.393693,359.313111,0.0,0.015069,0.327567
28,T28_UAV_29,HAP_1,LEO_0,544.0391,543.893752,0.0,0.008722,0.183125
28,T28_UAV_3,BS_3,LEO_1,535.543512,535.472908,0.0,0.032851,0.188768
28,T28_UAV_39,BS_4,HAP_1,398.250931,398.061474,0.0,0.024806,0.323257
28,T28_UAV_36,BS_4,HAP_2,636.342212,636.282143,0.0,0.017241,0.214141
28,T28_UAV_33,HAP_1,LEO_0,594.006833,593.850011,0.0,0.020197,0.183125
28,T28_UAV_35,BS_0,BS_1,520.927643,520.747467,0.0,0.036144,0.220162
28,T28_UAV_0,BS_3,LEO_1,564.389601,564.329754,0.0,0.022093,0.188768
28,T28_UAV_24,HAP_1,LEO_0,644.347409,644.169488,0.0,0.041295,0.183125
28,T28_UAV_42,BS_4,LEO_1,636.886592,636.802343,0.0,0.046496,0.188768
28,T28_UAV_22,BS_0,HAP_2,782.278784,782.215596,0.0,0.02036,0.214141
28,T28_UAV_34,BS_3,LEO_0,724.3484,724.172483,0.0,0.039292,0.183125
28,T28_UAV_20,BS_3,LEO_1,676.354848,676.287086,0.0,0.030008,0.188768
28,T28_UAV_37,BS_3,BS_4,71.043718,70.838762,0.0,0.032949,0.360035
28,T28_UAV_46,BS_4,HAP_0,147.252784,147.150818,0.0,0.036452,0.327567
28,T28_UAV_5,BS_3,HAP_2,227.46766,227.414537,0.0,0.010294,0.214141
28,T28_UAV_40,HAP_1,LEO_0,211.351806,211.198376,0.0,0.016805,0.183125
28,T28_UAV_19,BS_0,LEO_1,217.131346,217.059295,0.0,0.034298,0.188768
28,T28_UAV_38,BS_2,BS_1,197.0448,196.863567,0.0,0.0372,0.220162
28,T28_UAV_45,BS_1,HAP_1,210.611615,210.422672,0.0,0.024292,0.323257
28,T28_UAV_4,BS_1,LEO_0,273.270625,273.110407,0.0,0.023593,0.183125
28,T28_UAV_26,HAP_1,HAP_2,337.541349,337.470223,0.0,0.028298,0.214141
28,T28_UAV_17,BS_2,LEO_1,315.753303,315.701482,0.0,0.014067,0.188768
28,T28_UAV_49,BS_4,LEO_0,360.580864,360.418576,0.0,0.025663,0.183125
28,T28_UAV_6,HAP_1,HAP_2,459.589223,459.53203,0.0,0.014364,0.214141
29,T29_UAV_43,BS_4,LEO_0,235.910344,235.744096,0.0,0.019769,0.232393
29,T29_UAV_31,BS_0,LEO_1,214.045999,213.855123,0.0,0.041318,0.247784
29,T29_UAV_46,BS_4,HAP_0,249.665994,249.503501,0.0,0.01694,0.227765
29,T29_UAV_12,BS_2,HAP_1,251.769423,251.530922,0.0,0.072031,0.332346
29,T29_UAV_41,BS_4,HAP_2,259.84143,259.648501,0.0,0.040209,0.263601
29,T29_UAV_35,BS_0,LEO_0,279.333967,279.154134,0.0,0.033354,0.232393
29,T29_UAV_29,HAP_1,LEO_1,249.011434,248.828027,0.0,0.033851,0.247784
29,T29_UAV_47,BS_2,LEO_0,289.111375,288.94223,0.0,0.022666,0.232393
29,T29_UAV_19,BS_0,HAP_0,275.853953,275.660288,0.0,0.048111,0.227765
29,T29_UAV_39,BS_4,HAP_1,280.260652,280.044646,0.0,0.049536,0.332346
29,T29_UAV_32,HAP_1,HAP_2,305.668246,305.49531,0.0,0.020216,0.263601
29,T29_UAV_40,HAP_1,LEO_1,302.074012,301.879887,0.0,0.044567,0.247784
29,T29_UAV_48,BS_3,BS_1,259.643345,259.463567,0.0,0.037329,0.212243
29,T29_UAV_45,BS_1,BS_2,269.9027,269.658304,0.0,0.073656,0.353702
29,T29_UAV_3,BS_3,BS_0,281.841282,281.620627,0.0,0.050323,0.35166
29,T29_UAV_13,BS_4,BS_3,290.677763,290.494781,0.0,0.012487,0.352472
29,T29_UAV_37,BS_3,BS_4,286.443947,286.228281,0.0,0.044302,0.356826
29,T29_UAV_5,BS_3,LEO_0,353.520426,353.341229,0.0,0.032718,0.232393
29,T29_UAV_10,BS_4,LEO_1,342.758678,342.575353,0.0,0.033768,0.247784
29,T29_UAV_14,BS_3,HAP_0,379.000816,378.845789,0.0,0.009474,0.227765
29,T29_UAV_36,BS_4,HAP_2,380.280728,380.115511,0.0,0.012497,0.263601
29,T29_UAV_18,BS_2,HAP_1,466.012898,465.798382,0.0,0.048047,0.332346
29,T29_UAV_0,BS_3,LEO_0,482.409831,482.231377,0.0,0.031976,0.232393
29,T29_UAV_15,BS_0,LEO_1,438.040837,437.85953,0.0,0.031751,0.247784
29,T29_UAV_34,BS_3,LEO_0,513.3296,513.146178,0.0,0.036943,0.232393
29,T29_UAV_28,BS_4,HAP_0,489.03449,488.86048,0.0,0.028457,0.227765
29,T29_UAV_17,BS_2,HAP_2,125.748656,125.5556,0.0,0.040335,0.263601
29,T29_UAV_33,HAP_1,LEO_1,128.38206,128.212426,0.0,0.020078,0.247784
29,T29_UAV_44,BS_2,HAP_1,139.527765,139.343688,0.0,0.017608,0.332346
29,T29_UAV_38,BS_2,BS_1,117.080927,116.925044,0.0,0.013435,0.212243
29,T29_UAV_20,BS_3,BS_2,155.144786,154.925775,0.0,0.048271,0.353702
29,T29_UAV_30,HAP_1,BS_0,157.52026,157.333947,0.0,0.015981,0.35166
29,T29_UAV_9,BS_0,LEO_0,192.896575,192.739105,0.0,0.010991,0.232393
29,T29_UAV_7,BS_4,BS_3,157.649113,157.445262,0.0,0.033357,0.352472
29,T29_UAV_16,BS_0,LEO_1,175.463905,175.264701,0.0,0.049647,0.247784
29,T29_UAV_26,HAP_1,BS_4,166.783257,166.587826,0.0,0.024066,0.356826
29,T29_UAV_1,BS_3,HAP_0,217.899382,217.713418,0.0,0.04041,0.227765
29,T29_UAV_11,BS_4,HAP_2,220.999623,220.838969,0.0,0.007934,0.263601
29,T29_UAV_4,BS_1,HAP_1,234.557811,234.313738,0.0,0.077603,0.332346
29,T29_UAV_6,HAP_1,LEO_0,282.296107,282.14013,0.0,0.009498,0.232393
30,T30_UAV_49,BS_4,LEO_0,261.106861,260.961658,0.0,0.008523,0.1834
30,T30_UAV_1,BS_3,LEO_1,205.502933,205.448866,0.0,0.011597,0.212346
30,T30_UAV_3,BS_3,HAP_0,239.886303,239.702101,0.0,0.04713,0.185355
30,T30_UAV_21,BS_3,HAP_1,183.430282,183.185475,0.0,0.076512,0.341474
30,T30_UAV_14,BS_3,HAP_2,201.70595,201.645327,0.0,0.015177,0.227228
30,T30_UAV_29,HAP_1,LEO_0,369.088899,368.923186,0.0,0.029033,0.1834
30,T30_UAV_41,BS_4,LEO_1,274.592449,274.539244,0.0,0.010736,0.212346
30,T30_UAV_31,BS_0,LEO_0,399.513303,399.351203,0.0,0.02542,0.1834
30,T30_UAV_22,BS_0,HAP_0,360.88833,360.744359,0.0,0.0069,0.185355
30,T30_UAV_26,HAP_1,HAP_2,241.783996,241.719368,0.0,0.019182,0.227228
30,T30_UAV_30,HAP_1,LEO_1,283.719076,283.632858,0.0,0.043749,0.212346
30,T30_UAV_32,HAP_1,BS_1,261.382959,261.196216,0.0,0.030527,0.281085
30,T30_UAV_27,BS_0,HAP_1,335.057356,334.860701,0.0,0.02836,0.341474
30,T30_UAV_15,BS_0,LEO_0,469.066666,468.886088,0.0,0.043898,0.1834
30,T30_UAV_20,BS_3,LEO_1,337.390254,337.30104,0.0,0.046745,0.212346
30,T30_UAV_37,BS_3,BS_2,193.87795,193.688491,0.0,0.018249,0.35605
30,T30_UAV_11,BS_4,BS_0,195.249857,195.057855,0.0,0.021205,0.353981
30,T30_UAV_23,BS_0,HAP_0,444.069421,443.898721,0.0,0.033629,0.185355
30,T30_UAV_45,BS_1,HAP_2,297.033583,296.949646,0.0,0.038491,0.227228
30,T30_UAV_38,BS_2,LEO_0,515.854102,515.683129,0.0,0.034294,0.1834
30,T30_UAV_8,BS_2,LEO_1,372.514874,372.447615,0.0,0.02479,0.212346
30,T30_UAV_34,BS_3,LEO_0,538.919916,538.739724,0.0,0.043512,0.1834
30,T30_UAV_7,BS_4,HAP_0,502.053794,501.906233,0.0,0.01049,0.185355
30,T30_UAV_28,BS_4,HAP_2,374.360577,374.282424,0.0,0.032707,0.227228
30,T30_UAV_18,BS_2,LEO_0,566.259093,566.098231,0.0,0.024182,0.1834
30,T30_UAV_9,BS_0,HAP_0,559.13426,558.984819,0.0,0.012369,0.185355
30,T30_UAV_40,HAP_1,BS_3,57.81825,57.589377,0.0,0.058522,0.351757
30,T30_UAV_5,BS_3,BS_4,60.658431,60.42885,0.0,0.052364,0.386085
30,T30_UAV_33,HAP_1,HAP_1,132.68897,132.485545,0.0,0.03513,0.341474
30,T30_UAV_39,BS_4,LEO_0,168.055219,167.892658,0.0,0.025881,0.1834
30,T30_UAV_43,BS_4,LEO_1,165.922076,165.868631,0.0,0.010975,0.212346
30,T30_UAV_0,BS_3,HAP_1,154.010384,153.793151,0.0,0.048938,0.341474
30,T30_UAV_6,HAP_1,LEO_0,230.669689,230.515875,0.0,0.017134,0.1834
30,T30_UAV_35,BS_0,BS_1,210.81512,210.642675,0.0,0.016228,0.281085
30,T30_UAV_24,HAP_1,HAP_0,245.235969,245.064212,0.0,0.034686,0.185355
30,T30_UAV_25,BS_2,LEO_1,251.619604,251.555,0.0,0.022134,0.212346
30,T30_UAV_4,BS_1,LEO_0,417.275804,417.124484,0.0,0.01464,0.1834
31,T31_UAV_19,BS_0,LEO_0,226.900621,226.836705,0.0,0.019415,0.222503
31,T31_UAV_10,BS_4,LEO_1,227.606992,227.438799,0.0,0.02626,0.209664
31,T31_UAV_16,BS_0,HAP_0,256.700834,256.63653,0.0,0.012619,0.258425
31,T31_UAV_42,BS_4,HAP_1,225.546908,225.319585,0.0,0.057917,0.347032
31,T31_UAV_23,BS_0,HAP_2,300.141304,299.965615,0.0,0.03494,0.203747
31,T31_UAV_9,BS_0,LEO_0,303.532214,303.471715,0.0,0.015999,0.222503
31,T31_UAV_0,BS_3,LEO_1,306.357071,306.176832,0.0,0.038306,0.209664
31,T31_UAV_1,BS_3,LEO_0,351.296021,351.244407,0.0,0.007113,0.222503
31,T31_UAV_15,BS_0,HAP_0,359.556298,359.485726,0.0,0.018887,0.258425
31,T31_UAV_38,BS_2,HAP_1,304.921562,304.702955,0.0,0.049201,0.347032
31,T31_UAV_46,BS_4,HAP_2,371.598138,371.427013,0.0,0.030376,0.203747
31,T31_UAV_27,BS_0,LEO_1,336.074684,335.88961,0.0,0.043142,0.209664
31,T31_UAV_20,BS_3,BS_1,257.716364,257.552774,0.0,0.012684,0.254529
31,T31_UAV_49,BS_4,BS_2,263.265806,263.06063,0.0,0.03392,0.356278
31,T31_UAV_5,BS_3,BS_0,286.449775,286.212241,0.0,0.062757,0.373883
31,T31_UAV_40,HAP_1,BS_3,290.43491,290.224733,0.0,0.036983,0.365966
31,T31_UAV_11,BS_4,LEO_0,388.15819,388.105701,0.0,0.007989,0.222503
31,T31_UAV_26,HAP_1,BS_4,313.696629,313.437638,0.0,0.086601,0.361955
31,T31_UAV_3,BS_3,LEO_1,375.020627,374.861512,0.0,0.017182,0.209664
31,T31_UAV_29,HAP_1,HAP_0,425.716842,425.654082,0.0,0.011075,0.258425
31,T31_UAV_13,BS_4,HAP_1,366.116811,365.897475,0.0,0.04993,0.347032
31,T31_UAV_35,BS_0,HAP_2,445.969269,445.820534,0.0,0.007986,0.203747
31,T31_UAV_7,BS_4,LEO_0,480.364314,480.299281,0.0,0.020533,0.222503
31,T31_UAV_34,BS_3,LEO_1,435.541245,435.378618,0.0,0.020694,0.209664
31,T31_UAV_37,BS_3,LEO_0,505.402426,505.34939,0.0,0.008536,0.222503
31,T31_UAV_17,BS_2,HAP_0,508.871373,508.809767,0.0,0.009921,0.258425
31,T31_UAV_21,BS_3,HAP_2,528.467046,528.319241,0.0,0.007056,0.203747
31,T31_UAV_30,HAP_1,LEO_1,472.306278,472.150199,0.0,0.014146,0.209664
31,T31_UAV_33,HAP_1,BS_1,357.650324,357.444893,0.0,0.054525,0.254529
31,T31_UAV_43,BS_4,HAP_1,471.204494,470.999364,0.0,0.035724,0.347032
31,T31_UAV_44,BS_2,BS_0,396.378033,396.136533,0.0,0.066723,0.373883
31,T31_UAV_32,HAP_1,LEO_0,545.727974,545.658859,0.0,0.024614,0.222503
31,T31_UAV_41,BS_4,BS_2,101.743867,101.532667,0.0,0.039944,0.356278
31,T31_UAV_48,BS_3,BS_3,112.25309,112.049396,0.0,0.0305,0.365966
31,T31_UAV_39,BS_4,LEO_1,160.312188,160.162575,0.0,0.007679,0.209664
31,T31_UAV_2,HAP_1,BS_4,125.016071,124.778004,0.0,0.065676,0.361955
31,T31_UAV_12,BS_2,HAP_0,212.256825,212.186024,0.0,0.019116,0.258425
31,T31_UAV_22,BS_0,HAP_2,230.092617,229.927587,0.0,0.024281,0.203747
31,T31_UAV_31,BS_0,HAP_1,203.14206,202.925077,0.0,0.047576,0.347032
31,T31_UAV_14,BS_3,LEO_0,281.740579,281.653843,0.0,0.042236,0.222503
31,T31_UAV_25,BS_2,LEO_1,290.19858,290.036177,0.0,0.020471,0.209664
31,T31_UAV_24,HAP_1,LEO_0,368.042816,367.968779,0.0,0.029537,0.222503
31,T31_UAV_4,BS_1,HAP_0,379.220597,379.149072,0.0,0.01984,0.258425
31,T31_UAV_6,HAP_1,HAP_2,418.611444,418.431319,0.0,0.039375,0.203747
32,T32_UAV_8,BS_2,LEO_0,210.235389,210.172975,0.0,0.007218,0.27598
32,T32_UAV_18,BS_2,LEO_1,223.974128,223.922395,0.0,0.006562,0.225855
32,T32_UAV_22,BS_0,HAP_0,217.022838,216.850375,0.0,0.022283,0.250903
32,T32_UAV_41,BS_4,HAP_1,218.705792,218.507891,0.0,0.025858,0.360214
32,T32_UAV_20,BS_3,HAP_2,223.997595,223.842979,0.0,0.011475,0.215701
32,T32_UAV_3,BS_3,LEO_0,254.004226,253.931064,0.0,0.017966,0.27598
32,T32_UAV_28,BS_4,LEO_1,254.880135,254.803049,0.0,0.031915,0.225855
32,T32_UAV_0,BS_3,LEO_0,266.397118,266.320264,0.0,0.021658,0.27598
32,T32_UAV_31,BS_0,HAP_0,256.242206,256.049657,0.0,0.042369,0.250903
32,T32_UAV_27,BS_0,HAP_1,266.579843,266.365616,0.0,0.042185,0.360214
32,T32_UAV_46,BS_4,HAP_2,280.108119,279.922307,0.0,0.042671,0.215701
32,T32_UAV_15,BS_0,LEO_1,309.833014,309.75462,0.0,0.033224,0.225855
32,T32_UAV_38,BS_2,BS_1,232.637789,232.441065,0.0,0.043504,0.266095
32,T32_UAV_11,BS_4,BS_2,257.807109,257.577655,0.0,0.058273,0.355901
32,T32_UAV_12,BS_2,BS_0,264.576192,264.316943,0.0,0.087325,0.359623
32,T32_UAV_36,BS_4,BS_3,282.340016,282.119332,0.0,0.050127,0.352782
32,T32_UAV_21,BS_3,BS_4,285.991624,285.794742,0.0,0.024749,0.360667
32,T32_UAV_14,BS_3,LEO_0,339.555869,339.468242,0.0,0.032431,0.27598
32,T32_UAV_17,BS_2,LEO_1,363.621968,363.557536,0.0,0.019262,0.225855
32,T32_UAV_35,BS_0,HAP_0,380.751974,380.570036,0.0,0.031758,0.250903
32,T32_UAV_10,BS_4,HAP_1,387.95777,387.770996,0.0,0.014732,0.360214
32,T32_UAV_23,BS_0,HAP_2,393.326619,393.16332,0.0,0.020159,0.215701
32,T32_UAV_1,BS_3,LEO_0,422.646649,422.562863,0.0,0.02859,0.27598
32,T32_UAV_45,BS_1,LEO_1,429.917511,429.855767,0.0,0.016573,0.225855
32,T32_UAV_47,BS_2,LEO_0,445.46524,445.390171,0.0,0.019873,0.27598
32,T32_UAV_40,HAP_1,HAP_0,422.831264,422.638516,0.0,0.042567,0.250903
32,T32_UAV_9,BS_0,HAP_1,427.955733,427.729237,0.0,0.054452,0.360214
32,T32_UAV_39,BS_4,HAP_2,433.107011,432.930532,0.0,0.033339,0.215701
32,T32_UAV_25,BS_2,LEO_1,145.367691,145.28417,0.0,0.03835,0.225855
32,T32_UAV_49,BS_4,BS_1,110.429085,110.232097,0.0,0.043768,0.266095
32,T32_UAV_34,BS_3,BS_2,116.542054,116.297962,0.0,0.072912,0.355901
32,T32_UAV_6,HAP_1,BS_0,126.031294,125.816023,0.0,0.043346,0.359623
32,T32_UAV_32,HAP_1,BS_3,143.111621,142.926666,0.0,0.014398,0.352782
32,T32_UAV_44,BS_2,BS_4,151.078755,150.861779,0.0,0.044842,0.360667
32,T32_UAV_16,BS_0,LEO_0,202.732704,202.670679,0.0,0.006829,0.27598
32,T32_UAV_48,BS_3,LEO_1,205.405082,205.344026,0.0,0.015885,0.225855
32,T32_UAV_43,BS_4,HAP_0,203.35333,203.177409,0.0,0.02574,0.250903
32,T32_UAV_2,HAP_1,HAP_1,212.891384,212.687918,0.0,0.031423,0.360214
32,T32_UAV_19,BS_0,HAP_2,216.215124,216.042454,0.0,0.02953,0.215701
32,T32_UAV_30,HAP_1,LEO_0,236.312946,236.239574,0.0,0.018175,0.27598
32,T32_UAV_4,BS_1,LEO_1,405.354508,405.270784,0.0,0.038553,0.225855
33,T33_UAV_9,BS_0,LEO_0,207.941114,207.83093,0.0,0.035556,0.373138
33,T33_UAV_24,HAP_1,LEO_1,222.159828,222.069945,0.0,0.024357,0.327633
33,T33_UAV_35,BS_0,HAP_0,265.165303,265.100707,0.0,0.020999,0.217985
33,T33_UAV_44,BS_2,HAP_2,227.135726,227.061768,0.0,0.030686,0.216358
33,T33_UAV_27,BS_0,HAP_1,199.543672,199.326226,0.0,0.050587,0.334292
33,T33_UAV_32,HAP_1,LEO_0,243.463518,243.356219,0.0,0.032671,0.373138
33,T33_UAV_22,BS_0,LEO_1,247.05259,246.961263,0.0,0.0258,0.327633
33,T33_UAV_47,BS_2,HAP_0,292.196352,292.127018,0.0,0.025736,0.217985
33,T33_UAV_0,BS_3,LEO_0,252.041437,251.936298,0.0,0.030511,0.373138
33,T33_UAV_46,BS_4,HAP_1,237.228567,237.013513,0.0,0.048195,0.334292
33,T33_UAV_19,BS_0,HAP_2,328.655285,328.604279,0.0,0.007734,0.216358
33,T33_UAV_49,BS_4,LEO_1,306.882872,306.796777,0.0,0.020568,0.327633
33,T33_UAV_17,BS_2,BS_1,277.609587,277.415418,0.0,0.038948,0.276106
33,T33_UAV_1,BS_3,BS_2,279.952043,279.737073,0.0,0.037765,0.386024
33,T33_UAV_25,BS_2,BS_0,281.594953,281.358504,0.0,0.066019,0.352153
33,T33_UAV_8,BS_2,BS_3,347.236323,347.004314,0.0,0.052843,0.39583
33,T33_UAV_18,BS_2,BS_4,362.347114,362.152458,0.0,0.021598,0.36529
33,T33_UAV_41,BS_4,HAP_0,490.23474,490.142631,0.0,0.048512,0.217985
33,T33_UAV_37,BS_3,LEO_0,431.206892,431.117938,0.0,0.014327,0.373138
33,T33_UAV_31,BS_0,LEO_1,437.575065,437.489474,0.0,0.020064,0.327633
33,T33_UAV_6,HAP_1,HAP_2,427.954237,427.877208,0.0,0.033757,0.216358
33,T33_UAV_11,BS_4,HAP_1,381.563046,381.33893,0.0,0.057257,0.334292
33,T33_UAV_45,BS_1,LEO_0,450.095455,450.007699,0.0,0.013128,0.373138
33,T33_UAV_15,BS_0,LEO_1,462.700073,462.608779,0.0,0.025767,0.327633
33,T33_UAV_36,BS_4,HAP_0,599.087568,599.013453,0.0,0.030519,0.217985
33,T33_UAV_26,HAP_1,LEO_0,118.130987,118.029882,0.0,0.026477,0.373138
33,T33_UAV_38,BS_2,HAP_1,103.863605,103.641775,0.0,0.054972,0.334292
33,T33_UAV_40,HAP_1,HAP_2,130.42555,130.36424,0.0,0.018039,0.216358
33,T33_UAV_16,BS_0,BS_1,104.736093,104.56436,0.0,0.016511,0.276106
33,T33_UAV_39,BS_4,LEO_1,135.702471,135.604764,0.0,0.03218,0.327633
33,T33_UAV_10,BS_4,BS_2,122.14139,121.890192,0.0,0.073993,0.386024
33,T33_UAV_43,BS_4,HAP_0,171.386852,171.314074,0.0,0.029181,0.217985
33,T33_UAV_30,HAP_1,BS_0,130.389688,130.160876,0.0,0.058381,0.352153
33,T33_UAV_29,HAP_1,BS_3,132.595517,132.386793,0.0,0.029558,0.39583
33,T33_UAV_48,BS_3,BS_4,134.917253,134.725473,0.0,0.018722,0.36529
33,T33_UAV_12,BS_2,LEO_0,183.006611,182.898228,0.0,0.033756,0.373138
33,T33_UAV_23,BS_0,HAP_2,198.072263,198.015578,0.0,0.013414,0.216358
33,T33_UAV_20,BS_3,HAP_0,239.256001,239.179582,0.0,0.032822,0.217985
33,T33_UAV_4,BS_1,LEO_1,377.041629,376.962947,0.0,0.013156,0.327633
34,T34_UAV_28,BS_4,LEO_0,233.977427,233.808605,0.0,0.026982,0.209198
34,T34_UAV_3,BS_3,LEO_1,243.386465,243.191182,0.0,0.043298,0.259922
34,T34_UAV_5,BS_3,HAP_0,248.471338,248.37505,0.0,0.031633,0.32328
34,T34_UAV_24,HAP_1,HAP_2,206.069583,205.979902,0.0,0.026058,0.318113
34,T34_UAV_9,BS_0,HAP_1,302.997359,302.813172,0.0,0.014856,0.346659
34,T34_UAV_36,BS_4,LEO_0,275.936574,275.774582,0.0,0.020152,0.209198
34,T34_UAV_18,BS_2,LEO_1,284.803957,284.64299,0.0,0.008982,0.259922
34,T34_UAV_26,HAP_1,LEO_0,296.915655,296.747797,0.0,0.026018,0.209198
34,T34_UAV_29,HAP_1,HAP_0,267.86641,267.780161,0.0,0.021593,0.32328
34,T34_UAV_31,BS_0,HAP_1,304.414033,304.204165,0.0,0.040536,0.346659
34,T34_UAV_27,BS_0,LEO_1,364.451378,364.289312,0.0,0.010082,0.259922
34,T34_UAV_12,BS_2,BS_1,366.071721,365.892921,0.0,0.038543,0.201286
34,T34_UAV_37,BS_3,HAP_2,255.646325,255.564262,0.0,0.018441,0.318113
34,T34_UAV_19,BS_0,BS_2,257.913818,257.701687,0.0,0.040738,0.356963
34,T34_UAV_8,BS_2,BS_0,258.407972,258.191786,0.0,0.045454,0.353665
34,T34_UAV_20,BS_3,BS_4,260.430006,260.188571,0.0,0.070003,0.357163
34,T34_UAV_43,BS_4,BS_3,272.875057,272.659341,0.0,0.040851,0.374327
34,T34_UAV_11,BS_4,LEO_0,400.798801,400.641576,0.0,0.015385,0.209198
34,T34_UAV_30,HAP_1,LEO_1,444.769912,444.578409,0.0,0.039519,0.259922
34,T34_UAV_17,BS_2,HAP_0,383.512423,383.434067,0.0,0.013699,0.32328
34,T34_UAV_35,BS_0,HAP_1,389.813936,389.558675,0.0,0.085929,0.346659
34,T34_UAV_42,BS_4,HAP_2,319.317996,319.209951,0.0,0.044422,0.318113
34,T34_UAV_23,BS_0,LEO_0,451.266893,451.10785,0.0,0.017204,0.209198
34,T34_UAV_39,BS_4,LEO_1,488.998517,488.829771,0.0,0.016761,0.259922
34,T34_UAV_48,BS_3,HAP_0,407.458084,407.379941,0.0,0.013486,0.32328
34,T34_UAV_15,BS_0,LEO_0,494.983455,494.801476,0.0,0.04014,0.209198
34,T34_UAV_4,BS_1,HAP_1,420.166786,419.96243,0.0,0.035025,0.346659
34,T34_UAV_40,HAP_1,LEO_1,530.487033,530.313838,0.0,0.02121,0.259922
34,T34_UAV_41,BS_4,HAP_2,367.087579,366.98659,0.0,0.037366,0.318113
34,T34_UAV_34,BS_3,BS_1,551.447791,551.27368,0.0,0.033854,0.201286
34,T34_UAV_6,HAP_1,BS_2,101.63106,101.411918,0.0,0.047749,0.356963
34,T34_UAV_21,BS_3,LEO_0,159.497749,159.319617,0.0,0.036293,0.209198
34,T34_UAV_0,BS_3,LEO_1,165.785744,165.615254,0.0,0.018506,0.259922
34,T34_UAV_47,BS_2,BS_0,128.587057,128.378544,0.0,0.03778,0.353665
34,T34_UAV_38,BS_2,LEO_0,166.027149,165.861013,0.0,0.024297,0.209198
34,T34_UAV_14,BS_3,BS_3,136.213334,135.996107,0.0,0.042361,0.374327
34,T34_UAV_7,BS_4,BS_4,145.988416,145.779931,0.0,0.037052,0.357163
34,T34_UAV_13,BS_4,LEO_1,200.587179,200.409508,0.0,0.025687,0.259922
34,T34_UAV_33,HAP_1,HAP_0,182.853042,182.759899,0.0,0.028487,0.32328
34,T34_UAV_22,BS_0,LEO_0,221.8251,221.67413,0.0,0.00913,0.209198
34,T34_UAV_2,HAP_1,LEO_1,264.381004,264.205126,0.0,0.023894,0.259922
34,T34_UAV_32,HAP_1,BS_1,270.649746,270.494151,0.0,0.015338,0.201286
34,T34_UAV_45,BS_1,HAP_1,313.475714,313.281683,0.0,0.024699,0.346659
35,T35_UAV_20,BS_3,LEO_1,309.320009,309.166243,0.0,0.016408,0.186791
35,T35_UAV_21,BS_3,LEO_0,312.553181,312.491992,0.0,0.012419,0.243852
35,T35_UAV_37,BS_3,HAP_0,117.116402,117.023554,0.0,0.021619,0.356146
35,T35_UAV_34,BS_3,HAP_1,81.675857,81.470345,0.0,0.036132,0.346901
35,T35_UAV_48,BS_3,HAP_2,87.296558,87.211409,0.0,0.009298,0.379252
35,T35_UAV_39,BS_4,LEO_1,331.821871,331.665582,0.0,0.018932,0.186791
35,T35_UAV_7,BS_4,LEO_0,361.475209,361.39831,0.0,0.028128,0.243852
35,T35_UAV_13,BS_4,LEO_1,374.871395,374.713803,0.0,0.020234,0.186791
35,T35_UAV_35,BS_0,BS_1,388.584934,388.428958,0.0,0.020091,0.179428
35,T35_UAV_44,BS_2,LEO_0,452.400135,452.341583,0.0,0.009781,0.243852
35,T35_UAV_32,HAP_1,HAP_0,200.072747,199.97183,0.0,0.029688,0.356146
35,T35_UAV_31,BS_0,LEO_1,495.024587,494.845371,0.0,0.041858,0.186791
35,T35_UAV_43,BS_4,LEO_0,495.227336,495.151972,0.0,0.026593,0.243852
35,T35_UAV_0,BS_3,LEO_1,512.663259,512.499741,0.0,0.02616,0.186791
35,T35_UAV_3,BS_3,HAP_1,196.477764,196.28892,0.0,0.019463,0.346901
35,T35_UAV_8,BS_2,LEO_0,530.20094,530.107143,0.0,0.045026,0.243852
35,T35_UAV_11,BS_4,LEO_0,532.087876,532.020374,0.0,0.018731,0.243852
35,T35_UAV_18,BS_2,LEO_1,586.551141,586.39157,0.0,0.022213,0.186791
35,T35_UAV_27,BS_0,BS_1,529.756839,529.611794,0.0,0.009159,0.179428
35,T35_UAV_46,BS_4,LEO_0,587.288553,587.219205,0.0,0.020577,0.243852
35,T35_UAV_42,BS_4,LEO_1,671.648959,671.487811,0.0,0.02379,0.186791
35,T35_UAV_41,BS_4,LEO_1,699.949561,699.781477,0.0,0.030726,0.186791
35,T35_UAV_47,BS_2,LEO_0,684.224401,684.162101,0.0,0.01353,0.243852
35,T35_UAV_4,BS_1,LEO_1,824.433982,824.275556,0.0,0.021068,0.186791
35,T35_UAV_12,BS_2,LEO_0,788.987798,788.930139,0.0,0.008888,0.243852
35,T35_UAV_38,BS_2,BS_1,723.370948,723.205747,0.0,0.029316,0.179428
35,T35_UAV_24,HAP_1,LEO_0,791.262947,791.204077,0.0,0.010099,0.243852
35,T35_UAV_6,HAP_1,LEO_1,854.783201,854.625911,0.0,0.019932,0.186791
35,T35_UAV_19,BS_0,LEO_1,889.973246,889.814927,0.0,0.02096,0.186791
35,T35_UAV_1,BS_3,HAP_2,63.729791,63.635486,0.0,0.018454,0.379252
35,T35_UAV_25,BS_2,BS_2,65.46495,65.255889,0.0,0.037722,0.356694
35,T35_UAV_10,BS_4,BS_0,69.287875,69.071651,0.0,0.040014,0.38105
35,T35_UAV_49,BS_4,BS_3,71.62965,71.447071,0.0,0.012238,0.351701
35,T35_UAV_26,HAP_1,BS_4,116.458042,116.206582,0.0,0.080337,0.355612
35,T35_UAV_14,BS_3,LEO_0,257.930013,257.859466,0.0,0.021776,0.243852
35,T35_UAV_45,BS_1,HAP_0,249.808201,249.693837,0.0,0.043136,0.356146
35,T35_UAV_5,BS_3,LEO_0,276.258413,276.189259,0.0,0.020384,0.243852
35,T35_UAV_17,BS_2,LEO_1,372.724239,372.555922,0.0,0.030959,0.186791
35,T35_UAV_33,HAP_1,BS_1,337.894537,337.747539,0.0,0.011112,0.179428
35,T35_UAV_22,BS_0,LEO_1,421.380439,421.223464,0.0,0.019617,0.186791
35,T35_UAV_9,BS_0,LEO_0,419.841693,419.746405,0.0,0.046518,0.243852
35,T35_UAV_30,HAP_1,LEO_1,593.49859,593.340041,0.0,0.021192,0.186791
36,T36_UAV_48,BS_3,LEO_0,181.122816,180.965168,0.0,0.017535,0.200567
36,T36_UAV_21,BS_3,LEO_1,209.986892,209.921532,0.0,0.021102,0.221288
36,T36_UAV_38,BS_2,HAP_0,232.671511,232.479386,0.0,0.036534,0.277954
36,T36_UAV_44,BS_2,HAP_1,147.641657,147.415758,0.0,0.054978,0.354603
36,T36_UAV_14,BS_3,HAP_2,179.981621,179.776846,0.0,0.032493,0.361414
36,T36_UAV_37,BS_3,LEO_0,261.689483,261.529783,0.0,0.019586,0.200567
36,T36_UAV_5,HAP_1,LEO_1,275.787748,275.712603,0.0,0.030888,0.221288
36,T36_UAV_15,BS_0,LEO_0,300.45723,300.287317,0.0,0.0298,0.200567
36,T36_UAV_11,BS_4,HAP_0,330.030852,329.84017,0.0,0.035092,0.277954
36,T36_UAV_20,BS_3,BS_1,1695.33229,1695.165358,0.0,0.027666,0.196329
36,T36_UAV_8,BS_2,HAP_1,204.936245,204.698627,0.0,0.066697,0.354603
36,T36_UAV_9,BS_0,LEO_1,317.471615,317.410771,0.0,0.016587,0.221288
36,T36_UAV_10,BS_4,HAP_2,218.684762,218.478284,0.0,0.034195,0.361414
36,T36_UAV_43,BS_4,BS_2,150.60879,150.375708,0.0,0.061582,0.3575
36,T36_UAV_3,BS_3,BS_0,167.543101,167.327996,0.0,0.044536,0.352846
36,T36_UAV_49,BS_4,LEO_0,317.943192,317.767875,0.0,0.035203,0.200567
36,T36_UAV_28,BS_4,BS_3,171.332038,171.095266,0.0,0.06165,0.375614
36,T36_UAV_18,BS_2,LEO_1,353.645078,353.573963,0.0,0.026857,0.221288
36,T36_UAV_6,HAP_1,HAP_0,413.185677,413.014389,0.0,0.015697,0.277954
36,T36_UAV_45,BS_1,LEO_0,395.597476,395.445632,0.0,0.011731,0.200567
36,T36_UAV_7,BS_4,BS_1,1817.72652,1817.575384,0.0,0.01187,0.196329
36,T36_UAV_22,BS_0,LEO_1,410.027547,409.949434,0.0,0.033856,0.221288
36,T36_UAV_26,HAP_1,LEO_0,431.322811,431.152095,0.0,0.030603,0.200567
36,T36_UAV_41,BS_4,BS_1,2054.387884,2054.232631,0.0,0.015987,0.196329
36,T36_UAV_35,BS_0,BS_1,2121.669614,2121.518113,0.0,0.012235,0.196329
36,T36_UAV_24,HAP_1,BS_1,2243.959117,2243.776281,0.0,0.04357,0.196329
36,T36_UAV_23,BS_0,BS_1,2480.171743,2480.020545,0.0,0.011931,0.196329
36,T36_UAV_36,BS_4,BS_4,52.255135,52.045468,0.0,0.037736,0.359656
36,T36_UAV_29,HAP_1,HAP_1,78.971312,78.777056,0.0,0.023336,0.354603
36,T36_UAV_0,BS_3,HAP_2,85.835558,85.638945,0.0,0.02433,0.361414
36,T36_UAV_46,BS_4,HAP_0,144.346261,144.164349,0.0,0.026321,0.277954
36,T36_UAV_13,BS_4,LEO_1,138.586216,138.504678,0.0,0.03728,0.221288
36,T36_UAV_32,HAP_1,LEO_0,139.850224,139.702501,0.0,0.00761,0.200567
36,T36_UAV_27,BS_0,LEO_1,221.417088,221.330907,0.0,0.041924,0.221288
36,T36_UAV_40,HAP_1,HAP_0,248.440243,248.248847,0.0,0.035805,0.277954
36,T36_UAV_34,BS_3,BS_1,675.305632,675.155484,0.0,0.010883,0.196329
36,T36_UAV_47,BS_2,BS_1,684.666126,684.504211,0.0,0.02265,0.196329
36,T36_UAV_19,BS_0,BS_1,750.464973,750.278735,0.0,0.046973,0.196329
36,T36_UAV_1,BS_3,BS_1,758.749601,758.597633,0.0,0.012703,0.196329
36,T36_UAV_33,HAP_1,BS_1,1037.345321,1037.15727,0.0,0.048785,0.196329
36,T36_UAV_12,BS_2,BS_1,1088.088785,1087.920873,0.0,0.028647,0.196329
36,T36_UAV_4,BS_1,BS_1,1304.137725,1303.974378,0.0,0.024082,0.196329
37,T37_UAV_11,BS_4,LEO_0,183.478913,183.309449,0.0,0.029125,0.201692
37,T37_UAV_41,BS_4,LEO_1,285.02522,284.858093,0.0,0.029344,0.188913
37,T37_UAV_31,BS_0,HAP_0,206.855546,206.796162,0.0,0.010269,0.245578
37,T37_UAV_28,BS_4,HAP_2,316.13693,315.96208,0.0,0.038307,0.182715
37,T37_UAV_37,BS_3,HAP_1,205.410033,205.205259,0.0,0.034687,0.350437
37,T37_UAV_27,BS_0,LEO_0,225.331978,225.164384,0.0,0.027256,0.201692
37,T37_UAV_13,BS_4,LEO_1,359.848225,359.663552,0.0,0.046891,0.188913
37,T37_UAV_25,BS_2,HAP_0,259.137245,259.057898,0.0,0.030231,0.245578
37,T37_UAV_20,BS_3,LEO_0,250.159669,249.990966,0.0,0.028365,0.201692
37,T37_UAV_34,BS_3,HAP_1,223.560854,223.352494,0.0,0.038272,0.350437
37,T37_UAV_36,BS_4,HAP_2,393.006382,392.854025,0.0,0.015814,0.182715
37,T37_UAV_47,BS_2,LEO_1,421.862488,421.686255,0.0,0.03845,0.188913
37,T37_UAV_0,BS_3,BS_1,243.05505,242.859393,0.0,0.036836,0.294106
37,T37_UAV_18,BS_2,BS_0,305.77541,305.569651,0.0,0.03542,0.351694
37,T37_UAV_30,HAP_1,LEO_0,327.176779,327.024437,0.0,0.012004,0.201692
37,T37_UAV_33,HAP_1,LEO_1,519.252065,519.106901,0.0,0.007382,0.188913
37,T37_UAV_22,BS_0,BS_2,375.80532,375.54449,0.0,0.089278,0.357758
37,T37_UAV_29,HAP_1,HAP_2,541.106941,540.934559,0.0,0.035839,0.182715
37,T37_UAV_2,HAP_1,HAP_0,387.499878,387.422386,0.0,0.028376,0.245578
37,T37_UAV_16,BS_0,LEO_1,569.850937,569.681806,0.0,0.031348,0.188913
37,T37_UAV_10,BS_4,LEO_0,394.869194,394.706515,0.0,0.022341,0.201692
37,T37_UAV_8,BS_2,HAP_2,571.576745,571.422918,0.0,0.017285,0.182715
37,T37_UAV_49,BS_4,LEO_1,622.287129,622.107937,0.0,0.04141,0.188913
37,T37_UAV_39,BS_4,HAP_0,460.024807,459.942039,0.0,0.033653,0.245578
37,T37_UAV_26,HAP_1,LEO_0,453.629886,453.478068,0.0,0.011479,0.201692
37,T37_UAV_38,BS_2,LEO_1,685.933392,685.787123,0.0,0.008486,0.188913
37,T37_UAV_21,BS_3,HAP_2,655.086261,654.913148,0.0,0.036569,0.182715
37,T37_UAV_35,BS_0,LEO_1,705.529453,705.361651,0.0,0.03002,0.188913
37,T37_UAV_3,BS_3,BS_3,52.648253,52.439244,0.0,0.038526,0.352409
37,T37_UAV_12,BS_2,BS_4,58.89133,58.704107,0.0,0.016345,0.354391
37,T37_UAV_14,BS_3,HAP_1,124.206484,124.018189,0.0,0.018208,0.350437
37,T37_UAV_32,HAP_1,BS_1,104.177245,103.991484,0.0,0.02694,0.294106
37,T37_UAV_40,HAP_1,HAP_1,127.842622,127.607267,0.0,0.065267,0.350437
37,T37_UAV_44,BS_2,BS_2,138.895682,138.694411,0.0,0.029719,0.357758
37,T37_UAV_43,BS_4,BS_0,144.190223,143.961713,0.0,0.05817,0.351694
37,T37_UAV_1,BS_3,HAP_2,191.515172,191.347321,0.0,0.031308,0.182715
37,T37_UAV_17,BS_2,LEO_1,217.025617,216.872112,0.0,0.015722,0.188913
37,T37_UAV_5,HAP_1,LEO_0,182.60072,182.430437,0.0,0.029945,0.201692
37,T37_UAV_23,BS_0,LEO_1,227.066046,226.883694,0.0,0.04457,0.188913
37,T37_UAV_4,BS_1,HAP_0,245.92586,245.848388,0.0,0.028357,0.245578
37,T37_UAV_7,BS_4,HAP_2,258.358648,258.188287,0.0,0.033818,0.182715
37,T37_UAV_9,BS_0,LEO_1,289.08838,288.92431,0.0,0.026287,0.188913
38,T38_UAV_20,BS_3,LEO_0,209.033565,208.980635,0.0,0.010823,0.210539
38,T38_UAV_0,BS_3,LEO_1,231.553451,231.483419,0.0,0.022731,0.236505
38,T38_UAV_11,BS_4,HAP_0,265.541549,265.454735,0.0,0.025597,0.306086
38,T38_UAV_28,BS_4,HAP_1,275.661403,275.477508,0.0,0.012619,0.356381
38,T38_UAV_26,HAP_1,HAP_2,285.379317,285.194086,0.0,0.022552,0.313393
38,T38_UAV_13,BS_4,LEO_0,269.15433,269.080458,0.0,0.031764,0.210539
38,T38_UAV_31,BS_0,LEO_1,278.91312,278.838875,0.0,0.026944,0.236505
38,T38_UAV_22,BS_0,LEO_0,285.454533,285.399561,0.0,0.012864,0.210539
38,T38_UAV_7,BS_4,HAP_0,286.058615,285.986382,0.0,0.011016,0.306086
38,T38_UAV_23,BS_0,HAP_1,292.793422,292.584363,0.0,0.037782,0.356381
38,T38_UAV_47,BS_2,HAP_2,343.528908,343.321496,0.0,0.044733,0.313393
38,T38_UAV_34,BS_3,LEO_1,376.26488,376.186505,0.0,0.031074,0.236505
38,T38_UAV_3,BS_3,BS_1,292.400321,292.202879,0.0,0.051401,0.230206
38,T38_UAV_48,BS_3,BS_2,309.648325,309.451119,0.0,0.025821,0.356928
38,T38_UAV_42,BS_4,BS_0,314.914144,314.670234,0.0,0.071256,0.363267
38,T38_UAV_5,HAP_1,BS_3,323.196058,322.991077,0.0,0.033181,0.358995
38,T38_UAV_18,BS_2,BS_4,332.208782,332.011646,0.0,0.025324,0.359064
38,T38_UAV_25,BS_2,LEO_0,444.688876,444.616024,0.0,0.030744,0.210539
38,T38_UAV_32,HAP_1,LEO_1,451.054251,450.984731,0.0,0.022218,0.236505
38,T38_UAV_36,BS_4,HAP_0,451.324378,451.225258,0.0,0.037904,0.306086
38,T38_UAV_21,BS_3,HAP_1,461.976737,461.775498,0.0,0.029962,0.356381
38,T38_UAV_15,BS_0,HAP_2,470.527205,470.339121,0.0,0.025405,0.313393
38,T38_UAV_19,BS_0,LEO_0,473.134303,473.081538,0.0,0.010657,0.210539
38,T38_UAV_37,BS_3,LEO_1,501.836737,501.781454,0.0,0.007982,0.236505
38,T38_UAV_8,BS_2,LEO_0,508.049617,507.969832,0.0,0.037677,0.210539
38,T38_UAV_16,BS_0,HAP_0,493.179653,493.081374,0.0,0.037062,0.306086
38,T38_UAV_12,BS_2,LEO_1,525.491224,525.398677,0.0,0.045246,0.236505
38,T38_UAV_43,BS_4,BS_1,398.678082,398.522113,0.0,0.009928,0.230206
38,T38_UAV_49,BS_4,HAP_1,131.434075,131.182013,0.0,0.080786,0.356381
38,T38_UAV_40,HAP_1,HAP_2,155.39166,155.218623,0.0,0.010359,0.313393
38,T38_UAV_39,BS_4,LEO_0,165.00738,164.956274,0.0,0.008999,0.210539
38,T38_UAV_10,BS_4,LEO_1,168.025798,167.954703,0.0,0.023794,0.236505
38,T38_UAV_44,BS_2,BS_2,138.162473,137.939324,0.0,0.051764,0.356928
38,T38_UAV_27,BS_0,BS_0,144.015566,143.780685,0.0,0.062227,0.363267
38,T38_UAV_1,BS_3,BS_3,156.211901,155.982924,0.0,0.057178,0.358995
38,T38_UAV_6,HAP_1,BS_4,176.086226,175.871124,0.0,0.043289,0.359064
38,T38_UAV_14,BS_3,LEO_0,198.421837,198.368096,0.0,0.011633,0.210539
38,T38_UAV_9,BS_0,HAP_0,222.373412,222.287333,0.0,0.024862,0.306086
38,T38_UAV_38,BS_2,HAP_1,259.079049,258.859935,0.0,0.047838,0.356381
38,T38_UAV_4,BS_1,HAP_2,269.944462,269.737255,0.0,0.044529,0.313393
38,T38_UAV_24,HAP_1,LEO_1,302.165093,302.071833,0.0,0.045959,0.236505
39,T39_UAV_47,BS_2,LEO_1,410.849316,410.702125,0.0,0.009681,0.187546
39,T39_UAV_27,BS_0,LEO_0,165.606762,165.516739,0.0,0.026267,0.318783
39,T39_UAV_17,BS_2,HAP_2,496.317118,496.146756,0.0,0.024364,0.229992
39,T39_UAV_28,BS_4,LEO_1,445.288706,445.126744,0.0,0.024453,0.187546
39,T39_UAV_16,BS_0,HAP_0,169.895846,169.807014,0.0,0.022438,0.331972
39,T39_UAV_18,BS_2,HAP_1,182.350971,182.112734,0.0,0.066764,0.357363
39,T39_UAV_9,BS_0,LEO_0,204.530675,204.432721,0.0,0.034198,0.318783
39,T39_UAV_44,BS_2,LEO_1,473.204363,473.018591,0.0,0.048264,0.187546
39,T39_UAV_37,BS_3,HAP_2,506.701471,506.524207,0.0,0.031266,0.229992
39,T39_UAV_3,BS_3,LEO_1,601.650243,601.489974,0.0,0.02276,0.187546
39,T39_UAV_15,BS_0,LEO_0,278.716235,278.625559,0.0,0.026919,0.318783
39,T39_UAV_6,HAP_1,HAP_0,270.434717,270.348398,0.0,0.019925,0.331972
39,T39_UAV_48,BS_3,HAP_1,270.859036,270.642855,0.0,0.044708,0.357363
39,T39_UAV_42,BS_4,LEO_1,609.806958,609.634887,0.0,0.034562,0.187546
39,T39_UAV_26,HAP_1,HAP_2,590.465418,590.292826,0.0,0.026593,0.229992
39,T39_UAV_49,BS_4,HAP_2,599.076439,598.919361,0.0,0.01108,0.229992
39,T39_UAV_38,BS_2,LEO_1,725.085534,724.937311,0.0,0.010714,0.187546
39,T39_UAV_29,HAP_1,LEO_1,742.48848,742.331062,0.0,0.019908,0.187546
39,T39_UAV_21,BS_3,HAP_2,630.881716,630.709279,0.0,0.026438,0.229992
39,T39_UAV_13,BS_4,LEO_1,759.713162,759.557374,0.0,0.018279,0.187546
39,T39_UAV_40,HAP_1,LEO_1,786.685574,786.536393,0.0,0.011672,0.187546
39,T39_UAV_46,BS_4,HAP_2,735.539449,735.381559,0.0,0.011892,0.229992
39,T39_UAV_2,HAP_1,LEO_1,876.367303,876.213337,0.0,0.016457,0.187546
39,T39_UAV_32,HAP_1,HAP_2,748.920821,748.727096,0.0,0.047726,0.229992
39,T39_UAV_41,BS_4,LEO_1,926.321579,926.160768,0.0,0.023302,0.187546
39,T39_UAV_7,BS_4,LEO_1,939.546749,939.3879,0.0,0.02134,0.187546
39,T39_UAV_14,BS_3,HAP_2,825.939475,825.771159,0.0,0.022318,0.229992
39,T39_UAV_34,BS_3,LEO_1,984.321392,984.173146,0.0,0.010737,0.187546
39,T39_UAV_23,BS_0,LEO_1,1021.261362,1021.073357,0.0,0.050496,0.187546
39,T39_UAV_8,BS_2,BS_1,52.967278,52.760087,0.0,0.040728,0.332312
39,T39_UAV_22,BS_0,BS_2,59.14817,58.957606,0.0,0.020215,0.351749
39,T39_UAV_45,BS_1,BS_0,70.73422,70.544143,0.0,0.017767,0.361549
39,T39_UAV_39,BS_4,BS_3,74.847209,74.633181,0.0,0.042135,0.359464
39,T39_UAV_19,BS_0,BS_4,84.552707,84.339122,0.0,0.040901,0.363424
39,T39_UAV_20,BS_3,LEO_0,145.57188,145.477854,0.0,0.030269,0.318783
39,T39_UAV_24,HAP_1,HAP_0,150.609927,150.513358,0.0,0.030175,0.331972
39,T39_UAV_30,HAP_1,HAP_1,160.53661,160.334809,0.0,0.030329,0.357363
39,T39_UAV_5,HAP_1,LEO_0,196.520625,196.445867,0.0,0.011001,0.318783
39,T39_UAV_36,BS_4,HAP_2,316.234247,316.052499,0.0,0.03575,0.229992
39,T39_UAV_25,BS_2,LEO_1,340.876991,340.717011,0.0,0.022471,0.187546
39,T39_UAV_1,BS_3,LEO_1,474.729721,474.553824,0.0,0.038388,0.187546
40,T40_UAV_36,BS_4,LEO_0,325.440996,325.281583,0.0,0.02112,0.191464
40,T40_UAV_39,BS_4,LEO_1,232.285983,232.231728,0.0,0.009869,0.221931
40,T40_UAV_29,HAP_1,HAP_0,269.324659,269.160503,0.0,0.009525,0.273154
40,T40_UAV_22,BS_0,HAP_2,278.579098,278.408617,0.0,0.030432,0.200242
40,T40_UAV_28,BS_4,HAP_1,244.190679,243.970653,0.0,0.049577,0.352247
40,T40_UAV_38,BS_2,LEO_0,326.388769,326.233033,0.0,0.017444,0.191464
40,T40_UAV_21,BS_3,LEO_1,271.762492,271.692326,0.0,0.025779,0.221931
40,T40_UAV_46,BS_4,LEO_0,362.52308,362.361721,0.0,0.023066,0.191464
40,T40_UAV_48,BS_3,HAP_0,319.272973,319.104788,0.0,0.013554,0.273154
40,T40_UAV_5,HAP_1,HAP_2,320.540068,320.387192,0.0,0.012828,0.200242
40,T40_UAV_6,HAP_1,LEO_1,306.350782,306.281387,0.0,0.025008,0.221931
40,T40_UAV_19,BS_0,HAP_1,266.157179,265.93548,0.0,0.051249,0.352247
40,T40_UAV_17,BS_2,BS_1,284.275397,284.060859,0.0,0.011986,0.512763
40,T40_UAV_33,HAP_1,LEO_0,393.597295,393.440453,0.0,0.018549,0.191464
40,T40_UAV_34,BS_3,BS_2,297.464967,297.258157,0.0,0.036418,0.351957
40,T40_UAV_24,HAP_1,BS_0,316.203493,315.983685,0.0,0.044809,0.374993
40,T40_UAV_43,BS_4,LEO_1,307.988852,307.923927,0.0,0.020539,0.221931
40,T40_UAV_1,BS_3,BS_4,168.138049,167.928753,0.0,0.0379,0.356981
40,T40_UAV_7,BS_4,LEO_0,397.868796,397.722044,0.0,0.008459,0.191464
40,T40_UAV_47,BS_2,BS_3,369.020811,368.782986,0.0,0.067046,0.353897
40,T40_UAV_44,BS_2,HAP_0,355.399153,355.216684,0.0,0.027838,0.273154
40,T40_UAV_15,BS_0,HAP_2,376.054034,375.880026,0.0,0.033959,0.200242
40,T40_UAV_37,BS_3,LEO_1,377.878047,377.818648,0.0,0.015013,0.221931
40,T40_UAV_20,BS_3,HAP_1,388.548291,388.318836,0.0,0.059005,0.352247
40,T40_UAV_0,BS_3,LEO_0,539.898735,539.740948,0.0,0.019494,0.191464
40,T40_UAV_16,BS_0,HAP_0,488.382119,488.210922,0.0,0.016565,0.273154
40,T40_UAV_11,BS_4,HAP_2,493.845717,493.695836,0.0,0.009833,0.200242
40,T40_UAV_30,HAP_1,LEO_0,593.153021,593.000827,0.0,0.013901,0.191464
40,T40_UAV_12,BS_2,LEO_0,604.056734,603.905435,0.0,0.013007,0.191464
40,T40_UAV_42,BS_4,LEO_0,609.364099,609.206688,0.0,0.019118,0.191464
40,T40_UAV_14,BS_3,HAP_1,109.898535,109.685066,0.0,0.04302,0.352247
40,T40_UAV_49,BS_4,LEO_1,134.002552,133.937592,0.0,0.020574,0.221931
40,T40_UAV_25,BS_2,BS_1,118.414808,118.16803,0.0,0.044225,0.512763
40,T40_UAV_8,BS_2,LEO_1,140.356135,140.273769,0.0,0.03798,0.221931
40,T40_UAV_41,BS_4,BS_2,133.460493,133.205248,0.0,0.084853,0.351957
40,T40_UAV_32,HAP_1,BS_0,175.628382,175.393702,0.0,0.059682,0.374993
40,T40_UAV_26,HAP_1,HAP_0,216.553644,216.379081,0.0,0.019932,0.273154
40,T40_UAV_9,BS_0,BS_3,208.616936,208.431097,0.0,0.01506,0.353897
40,T40_UAV_3,BS_3,HAP_2,234.10456,233.924774,0.0,0.039737,0.200242
40,T40_UAV_2,HAP_1,LEO_0,297.978062,297.820479,0.0,0.01929,0.191464
