slot,task_id,owner_ap_id,destination_id,local_cost,delay_cost,energy_cost,mission_cost,fidelity_cost
1,T1_UAV_0,HAP_1,LEO_1,157.705481,157.66281,0.001228,0.02241,0.095163
1,T1_UAV_9,BS_4,LEO_0,172.335818,172.29504,0.005009,0.016736,0.095163
1,T1_UAV_8,BS_4,HAP_0,196.635013,196.579441,0.00453,0.03201,0.095163
1,T1_UAV_3,HAP_1,HAP_2,54.118126,54.084844,0.001997,0.012252,0.095163
1,T1_UAV_7,BS_3,LEO_1,71.372427,71.333553,0.000479,0.019362,0.095163
1,T1_UAV_4,HAP_1,LEO_0,83.029691,82.947716,0.002404,0.060539,0.095163
1,T1_UAV_2,HAP_1,LEO_1,83.32547,83.291637,0.000677,0.014123,0.095163
1,T1_UAV_6,BS_0,HAP_0,86.41255,86.385654,0.00241,0.005453,0.095163
1,T1_UAV_5,HAP_1,HAP_2,106.579498,106.517964,0.003979,0.038522,0.095163
1,T1_UAV_1,BS_4,LEO_0,109.731072,109.692917,0.003104,0.016018,0.095163
2,T2_UAV_1,BS_4,LEO_0,123.302123,123.080951,0.04348,0.023543,0.270741
2,T2_UAV_4,HAP_1,LEO_1,56.50101,56.273709,0.040808,0.010215,0.381393
2,T2_UAV_0,HAP_1,BS_1,310.193973,310.048569,0.077473,0.031676,0.181269
2,T2_UAV_8,BS_4,BS_2,158.622405,158.520766,0.03961,0.025775,0.181269
2,T2_UAV_3,HAP_1,HAP_1,38.984839,38.772778,0.025473,0.033947,0.263212
2,T2_UAV_9,BS_4,HAP_0,45.207192,44.993706,0.026272,0.016756,0.352291
2,T2_UAV_6,BS_0,LEO_0,96.6675,96.428245,0.043527,0.041579,0.270741
2,T2_UAV_2,HAP_1,LEO_0,104.131117,103.902255,0.043351,0.031363,0.270741
2,T2_UAV_5,HAP_1,BS_4,108.619263,108.36005,0.037066,0.069751,0.261975
2,T2_UAV_7,BS_3,BS_1,237.967606,237.865167,0.059437,0.006749,0.181269
3,T3_UAV_8,BS_4,LEO_1,107.277909,107.068743,0.041165,0.026936,0.205326
3,T3_UAV_1,BS_4,LEO_0,111.181262,110.975067,0.044239,0.01832,0.218184
3,T3_UAV_5,HAP_1,HAP_0,185.613298,185.545461,0.007679,0.008942,0.256078
3,T3_UAV_3,HAP_1,HAP_2,106.241601,106.022856,0.02892,0.040707,0.24559
3,T3_UAV_7,BS_3,HAP_1,54.669201,54.468643,0.02593,0.021635,0.264967
3,T3_UAV_0,HAP_1,LEO_1,75.160297,74.950377,0.040676,0.028178,0.205326
3,T3_UAV_2,HAP_1,LEO_0,94.545508,94.310986,0.044154,0.046732,0.218184
3,T3_UAV_9,BS_4,HAP_0,150.026852,149.965225,0.003355,0.007056,0.256078
3,T3_UAV_6,BS_0,HAP_2,195.561194,195.357813,0.031185,0.023078,0.24559
4,T4_UAV_1,BS_4,LEO_1,54.451547,54.394409,0.00074,0.011327,0.225356
4,T4_UAV_0,HAP_1,LEO_0,58.982749,58.905325,0.004829,0.026555,0.230201
4,T4_UAV_9,BS_4,HAP_0,539.559923,539.367198,0.033963,0.020965,0.188989
4,T4_UAV_2,HAP_1,HAP_2,94.514356,94.291854,0.028952,0.034916,0.293168
4,T4_UAV_5,HAP_1,HAP_1,26.862808,26.654965,0.025337,0.035351,0.235779
4,T4_UAV_7,BS_3,HAP_0,154.369665,154.194691,0.02896,0.008217,0.188989
4,T4_UAV_8,BS_4,HAP_0,301.637172,301.445979,0.030146,0.023249,0.188989
4,T4_UAV_4,HAP_1,HAP_0,379.168013,378.9701,0.03332,0.026796,0.188989
4,T4_UAV_6,BS_0,HAP_0,381.02637,380.836915,0.032506,0.019151,0.188989
4,T4_UAV_3,HAP_1,HAP_0,420.01063,419.830097,0.036045,0.00669,0.188989
5,T5_UAV_9,BS_4,LEO_1,118.628217,118.562635,0.001158,0.004544,0.299403
5,T5_UAV_8,BS_4,LEO_0,121.435483,121.217864,0.044255,0.020802,0.262807
5,T5_UAV_5,HAP_1,HAP_2,48.959777,48.761107,0.027597,0.026069,0.225024
5,T5_UAV_1,BS_4,HAP_0,53.197753,52.956123,0.026529,0.009411,0.528447
5,T5_UAV_7,BS_3,HAP_1,69.377663,69.146129,0.026169,0.014967,0.451986
5,T5_UAV_2,HAP_1,LEO_1,74.971991,74.895846,0.000712,0.015551,0.299403
5,T5_UAV_6,BS_0,LEO_0,116.499603,116.280837,0.045867,0.020338,0.262807
6,T6_UAV_8,BS_4,LEO_0,224.57383,224.48974,0.004857,0.028647,0.252925
6,T6_UAV_0,HAP_1,LEO_1,64.198388,64.109574,0.000783,0.020882,0.335746
6,T6_UAV_1,BS_4,HAP_2,171.287382,171.201795,0.003729,0.037579,0.221396
6,T6_UAV_2,HAP_1,BS_1,151.499603,151.300443,0.047796,0.020852,0.152559
6,T6_UAV_4,HAP_1,LEO_0,106.135257,106.070945,0.002511,0.011216,0.252925
6,T6_UAV_9,BS_4,HAP_2,84.115134,84.039142,0.001868,0.029845,0.221396
6,T6_UAV_7,BS_3,LEO_0,115.068849,114.982251,0.003706,0.032307,0.252925
6,T6_UAV_3,HAP_1,LEO_0,189.271595,189.194909,0.005692,0.02041,0.252925
7,T7_UAV_2,HAP_1,LEO_1,265.595709,265.425349,0.041957,0.00286,0.127711
7,T7_UAV_1,BS_4,HAP_2,200.268801,200.053034,0.029358,0.034091,0.261587
7,T7_UAV_4,HAP_1,LEO_0,25.885099,25.638723,0.041756,0.033411,0.356043
7,T7_UAV_9,BS_4,LEO_1,71.288637,71.101124,0.040536,0.021434,0.127711
7,T7_UAV_8,BS_4,HAP_0,50.813317,50.575588,0.026497,0.037357,0.369376
7,T7_UAV_3,HAP_1,LEO_1,73.360047,73.181016,0.040518,0.012971,0.127711
7,T7_UAV_5,HAP_1,HAP_2,96.77004,96.569235,0.028634,0.019854,0.261587
7,T7_UAV_6,BS_0,LEO_1,184.012625,183.840534,0.041153,0.005396,0.127711
8,T8_UAV_2,HAP_1,LEO_1,117.087607,116.889334,0.041112,0.01394,0.216101
8,T8_UAV_8,BS_4,LEO_0,125.520126,125.2915,0.044392,0.025143,0.295459
8,T8_UAV_0,HAP_1,HAP_2,192.245881,192.186699,0.006139,0.010397,0.213229
8,T8_UAV_4,HAP_1,HAP_0,97.028732,96.835957,0.029284,0.038142,0.126743
8,T8_UAV_6,BS_0,HAP_1,26.164834,25.945821,0.025746,0.038193,0.275372
8,T8_UAV_3,HAP_1,LEO_1,36.151167,35.948461,0.040324,0.019161,0.216101
8,T8_UAV_5,HAP_1,LEO_0,71.710933,71.488084,0.043748,0.020008,0.295459
8,T8_UAV_7,BS_3,BS_2,74.241666,74.05657,0.028497,0.024036,0.162812
8,T8_UAV_9,BS_4,HAP_2,158.089492,158.024267,0.003496,0.019083,0.213229
9,T9_UAV_5,HAP_1,LEO_1,101.656933,101.606038,0.000897,0.011966,0.190161
9,T9_UAV_2,HAP_1,LEO_0,16.792134,16.705175,0.001324,0.042146,0.217441
9,T9_UAV_9,BS_4,HAP_0,40.00145,39.823958,0.026113,0.01979,0.157943
9,T9_UAV_0,HAP_1,HAP_1,47.444147,47.195047,0.025539,0.072728,0.254167
9,T9_UAV_4,HAP_1,HAP_2,76.20124,76.108063,0.002599,0.029843,0.303671
9,T9_UAV_6,BS_0,LEO_1,126.387896,126.344576,0.000986,0.004302,0.190161
10,T10_UAV_9,BS_4,LEO_1,137.742632,137.667616,0.001159,0.016495,0.286814
10,T10_UAV_3,HAP_1,HAP_0,85.411607,85.335392,0.005183,0.02835,0.213406
10,T10_UAV_0,HAP_1,LEO_0,17.60885,17.5267,0.001446,0.018528,0.310883
10,T10_UAV_2,HAP_1,HAP_2,27.32419,27.140608,0.026145,0.013526,0.219557
10,T10_UAV_4,HAP_1,HAP_1,64.562653,64.361747,0.026056,0.039782,0.175337
10,T10_UAV_5,HAP_1,LEO_1,94.775621,94.705149,0.000723,0.012386,0.286814
10,T10_UAV_8,BS_4,LEO_1,135.186572,135.108619,0.001244,0.019346,0.286814
10,T10_UAV_7,BS_3,HAP_1,176.644628,176.437494,0.027503,0.044563,0.175337
11,T11_UAV_5,HAP_1,HAP_2,176.277759,176.214176,0.006675,0.005747,0.255803
11,T11_UAV_3,HAP_1,BS_2,624.548209,624.235262,0.165971,0.008977,0.189993
11,T11_UAV_8,BS_4,BS_2,645.170808,644.841316,0.17112,0.020374,0.189993
11,T11_UAV_0,HAP_1,LEO_1,16.849008,16.776552,0.000205,0.002552,0.348496
11,T11_UAV_1,BS_4,LEO_0,17.890527,17.80923,0.001208,0.004569,0.3776
11,T11_UAV_9,BS_4,HAP_0,26.984613,26.91107,0.000752,0.019636,0.265774
11,T11_UAV_7,BS_3,HAP_2,116.046553,115.969561,0.00442,0.021412,0.255803
11,T11_UAV_2,HAP_1,BS_2,296.014768,295.777046,0.083897,0.015826,0.189993
11,T11_UAV_4,HAP_1,BS_2,452.775267,452.507055,0.12306,0.007154,0.189993
11,T11_UAV_6,BS_0,BS_2,619.018844,618.70525,0.164589,0.011006,0.189993
12,T12_UAV_4,HAP_1,LEO_0,190.2836,190.097073,0.04546,0.01462,0.132237
12,T12_UAV_2,HAP_1,LEO_1,21.061929,20.866847,0.04027,0.012249,0.21281
12,T12_UAV_8,BS_4,HAP_0,32.830443,32.75515,0.000981,0.00811,0.331012
12,T12_UAV_1,BS_4,LEO_0,68.840973,68.65716,0.041952,0.015413,0.132237
12,T12_UAV_6,BS_0,HAP_2,82.214113,82.028913,0.028556,0.012523,0.220603
12,T12_UAV_7,BS_3,HAP_1,95.47089,95.250291,0.026555,0.011762,0.411408
12,T12_UAV_5,HAP_1,LEO_0,149.020175,148.831713,0.045673,0.016342,0.132237
13,T13_UAV_9,BS_4,LEO_1,66.317659,66.261671,0.000658,0.011732,0.217985
13,T13_UAV_4,HAP_1,LEO_0,122.488101,122.285852,0.044741,0.006708,0.254
13,T13_UAV_2,HAP_1,HAP_2,94.542504,94.470506,0.004019,0.017158,0.254104
13,T13_UAV_8,BS_4,HAP_0,28.852553,28.692551,0.025858,0.003638,0.152526
13,T13_UAV_6,BS_0,HAP_1,46.574639,46.343141,0.026317,0.03466,0.352606
13,T13_UAV_1,BS_4,BS_1,75.623214,75.464176,0.028849,0.004146,0.130215
13,T13_UAV_0,HAP_1,LEO_1,95.631344,95.572573,0.000864,0.01431,0.217985
13,T13_UAV_5,HAP_1,LEO_0,109.495514,109.289202,0.045761,0.009751,0.254
14,T14_UAV_1,BS_4,LEO_0,136.755409,136.706131,0.003897,0.007835,0.18773
14,T14_UAV_0,HAP_1,HAP_0,163.171408,163.102978,0.006052,0.01156,0.254088
14,T14_UAV_7,HAP_1,LEO_0,163.702267,163.648246,0.006475,0.01,0.18773
14,T14_UAV_5,HAP_1,HAP_0,185.943187,185.86607,0.007817,0.018482,0.254088
14,T14_UAV_9,BS_4,LEO_1,19.560414,19.488123,0.000268,0.007783,0.321199
14,T14_UAV_3,HAP_1,HAP_1,65.201739,64.997333,0.025832,0.01911,0.29732
14,T14_UAV_4,HAP_1,LEO_0,105.41334,105.349447,0.003023,0.023324,0.18773
15,T15_UAV_1,BS_4,LEO_1,78.807219,78.724232,0.000772,0.014,0.341073
15,T15_UAV_7,HAP_1,LEO_0,48.368804,48.281184,0.004831,0.019929,0.314302
15,T15_UAV_0,HAP_1,HAP_0,126.956855,126.757388,0.029706,0.020719,0.245209
15,T15_UAV_8,BS_4,HAP_2,78.383909,78.167127,0.026876,0.026318,0.317943
15,T15_UAV_4,HAP_1,HAP_0,160.956991,160.760259,0.030151,0.01754,0.245209
15,T15_UAV_2,HAP_1,HAP_1,33.927314,33.715929,0.025458,0.020743,0.325921
15,T15_UAV_9,BS_4,BS_2,66.080913,65.886622,0.026453,0.036449,0.156944
15,T15_UAV_5,HAP_1,BS_3,82.6463,82.45191,0.030593,0.035694,0.140518
15,T15_UAV_3,HAP_1,LEO_1,83.573139,83.494486,0.000757,0.009681,0.341073
15,T15_UAV_6,BS_0,BS_1,100.592828,100.389775,0.035075,0.008384,0.297974
16,T16_UAV_1,BS_4,LEO_1,80.407111,80.237391,0.040786,0.007301,0.108167
16,T16_UAV_3,HAP_1,LEO_0,115.303981,115.110492,0.04597,0.006245,0.206375
16,T16_UAV_4,HAP_1,HAP_2,94.607492,94.557951,0.003196,0.004668,0.208387
16,T16_UAV_7,HAP_1,LEO_1,127.510918,127.338715,0.040963,0.009606,0.108167
16,T16_UAV_5,HAP_1,HAP_0,54.972867,54.915905,0.003378,0.008056,0.227643
16,T16_UAV_2,HAP_1,HAP_1,70.936776,70.692829,0.025962,0.049939,0.34023
16,T16_UAV_8,BS_4,LEO_0,75.099901,74.906021,0.042612,0.009993,0.206375
17,T17_UAV_9,BS_4,LEO_1,123.922795,123.870216,0.001057,0.012372,0.195753
17,T17_UAV_5,HAP_1,LEO_0,45.652221,45.599025,0.0044,0.006045,0.21375
17,T17_UAV_2,HAP_1,HAP_2,90.345982,90.156981,0.028854,0.020732,0.197071
17,T17_UAV_0,HAP_1,HAP_0,37.327145,37.130605,0.026956,0.016416,0.265841
17,T17_UAV_4,HAP_1,HAP_1,47.966984,47.716379,0.025945,0.06665,0.290052
17,T17_UAV_1,BS_4,LEO_1,103.175124,103.124972,0.000862,0.010139,0.195753
17,T17_UAV_3,HAP_1,LEO_1,121.863158,121.814943,0.000951,0.008113,0.195753
18,T18_UAV_5,HAP_1,LEO_0,65.342768,65.271976,0.006291,0.007172,0.286644
18,T18_UAV_8,BS_4,HAP_0,225.033708,224.979788,0.0047,0.009999,0.196109
18,T18_UAV_1,BS_4,HAP_0,251.419757,251.364486,0.005015,0.011034,0.196109
18,T18_UAV_4,HAP_1,BS_3,188.955871,188.744166,0.057152,0.023961,0.152957
18,T18_UAV_3,HAP_1,LEO_1,24.433948,24.355759,0.000299,0.013781,0.320543
18,T18_UAV_7,HAP_1,BS_2,57.082793,56.900711,0.024208,0.024232,0.168208
18,T18_UAV_6,BS_0,HAP_2,88.256603,88.195533,0.003835,0.016959,0.201376
18,T18_UAV_9,BS_4,HAP_0,109.713059,109.660263,0.002141,0.011433,0.196109
19,T19_UAV_8,BS_4,LEO_1,60.514291,60.439266,0.000662,0.007569,0.333969
19,T19_UAV_0,HAP_1,LEO_0,122.575934,122.486176,0.00567,0.006041,0.390233
19,T19_UAV_7,HAP_1,HAP_2,244.804411,244.730118,0.007709,0.013626,0.264785
19,T19_UAV_2,HAP_1,HAP_0,99.215897,99.015007,0.030198,0.009214,0.307389
19,T19_UAV_1,BS_4,HAP_1,79.023241,78.808285,0.026777,0.034042,0.270681
19,T19_UAV_9,BS_4,LEO_1,53.885904,53.807991,0.000542,0.010577,0.333969
19,T19_UAV_6,BS_0,LEO_0,81.981305,81.885554,0.004144,0.013559,0.390233
19,T19_UAV_3,HAP_1,HAP_2,178.648897,178.576685,0.005655,0.0136,0.264785
19,T19_UAV_4,HAP_1,HAP_1,119.742648,119.510375,0.026991,0.051146,0.270681
19,T19_UAV_5,HAP_1,HAP_2,197.2244,197.158355,0.006294,0.006794,0.264785
20,T20_UAV_7,HAP_1,LEO_1,101.254046,101.085876,0.040762,0.005362,0.110233
20,T20_UAV_9,BS_4,LEO_0,119.487496,119.300959,0.04455,0.01256,0.147132
20,T20_UAV_1,BS_4,HAP_0,37.039273,36.843011,0.026043,0.020396,0.24912
20,T20_UAV_4,HAP_1,HAP_2,53.364033,53.156288,0.026783,0.011379,0.347914
20,T20_UAV_0,HAP_1,LEO_1,65.165686,64.99409,0.040589,0.008961,0.110233
20,T20_UAV_5,HAP_1,HAP_1,68.238478,68.000015,0.025903,0.047022,0.327694
20,T20_UAV_6,BS_0,LEO_0,90.973024,90.795479,0.04459,0.003528,0.147132
21,T21_UAV_4,HAP_1,LEO_1,85.206801,85.153543,0.00088,0.011362,0.205079
21,T21_UAV_0,HAP_1,HAP_0,120.322084,120.14962,0.029497,0.005208,0.188787
21,T21_UAV_9,BS_4,BS_1,173.935633,173.843253,0.043439,0.009378,0.197818
21,T21_UAV_5,HAP_1,LEO_0,16.917883,16.86794,0.00162,0.006852,0.20736
21,T21_UAV_8,BS_4,HAP_2,27.479978,27.289819,0.025654,0.016586,0.239598
21,T21_UAV_6,BS_0,HAP_1,47.861824,47.641235,0.026324,0.044191,0.250366
21,T21_UAV_2,HAP_1,HAP_0,62.06858,61.891776,0.027298,0.011749,0.188787
21,T21_UAV_3,HAP_1,LEO_1,64.385718,64.333278,0.000584,0.01084,0.205079
22,T22_UAV_0,HAP_1,BS_3,678.779241,678.433934,0.179514,0.028375,0.187092
22,T22_UAV_3,HAP_1,BS_3,688.047668,687.709064,0.181831,0.019354,0.187092
22,T22_UAV_1,BS_4,BS_3,788.603624,788.254169,0.206955,0.005081,0.187092
22,T22_UAV_4,HAP_1,LEO_1,27.055562,26.986837,0.000389,0.010425,0.289553
22,T22_UAV_7,HAP_1,LEO_0,30.081643,30.012513,0.002962,0.003626,0.31271
22,T22_UAV_6,BS_0,HAP_0,59.16737,59.116244,0.002263,0.007333,0.207651
22,T22_UAV_9,BS_4,BS_3,392.153057,391.887573,0.107913,0.020152,0.187092
22,T22_UAV_2,HAP_1,BS_3,587.736733,587.425196,0.156773,0.017346,0.187092
23,T23_UAV_0,HAP_1,LEO_0,124.496832,124.296401,0.045769,0.013714,0.204741
23,T23_UAV_8,BS_4,LEO_1,66.51276,66.438996,0.001031,0.005705,0.335138
23,T23_UAV_1,BS_4,HAP_0,75.303775,75.239581,0.001682,0.003349,0.295814
23,T23_UAV_2,HAP_1,HAP_2,49.880777,49.68697,0.027142,0.019132,0.237666
23,T23_UAV_9,BS_4,HAP_1,50.53501,50.219037,0.026485,0.073327,0.5808
23,T23_UAV_6,BS_0,LEO_0,85.214454,85.013822,0.044296,0.015388,0.204741
23,T23_UAV_3,HAP_1,HAP_0,166.074752,165.990165,0.007014,0.018409,0.295814
24,T24_UAV_4,BS_4,LEO_0,89.85011,89.80276,0.002559,0.006136,0.193276
24,T24_UAV_0,HAP_1,LEO_1,143.286415,143.106759,0.04112,0.002562,0.17987
24,T24_UAV_5,HAP_1,HAP_2,162.793196,162.74348,0.006147,0.005647,0.189609
24,T24_UAV_1,BS_4,HAP_0,88.899048,88.813712,0.002509,0.007684,0.375716
24,T24_UAV_2,HAP_1,HAP_1,31.517745,31.213709,0.025424,0.088962,0.44825
24,T24_UAV_9,BS_4,LEO_0,69.167071,69.119018,0.001944,0.007454,0.193276
24,T24_UAV_8,BS_4,LEO_1,81.477683,81.295991,0.040752,0.004967,0.17987
24,T24_UAV_3,HAP_1,HAP_2,88.66882,88.607038,0.003361,0.020498,0.189609
24,T24_UAV_7,HAP_1,LEO_0,104.490573,104.444659,0.004063,0.003195,0.193276
24,T24_UAV_6,BS_0,LEO_1,195.728033,195.541931,0.041303,0.008825,0.17987
25,T25_UAV_9,BS_4,LEO_1,84.786919,84.588721,0.040861,0.007589,0.248742
25,T25_UAV_4,BS_4,LEO_0,50.511803,50.298266,0.043402,0.010642,0.297465
25,T25_UAV_2,HAP_1,HAP_0,230.642686,230.474154,0.032243,0.006154,0.150677
25,T25_UAV_5,HAP_1,BS_2,180.35788,180.266738,0.045044,0.006796,0.196509
25,T25_UAV_0,HAP_1,HAP_2,35.12793,34.931162,0.026571,0.011814,0.291917
25,T25_UAV_6,BS_0,HAP_1,54.521857,54.294048,0.026493,0.046314,0.275017
25,T25_UAV_3,HAP_1,HAP_0,114.446977,114.276211,0.029006,0.011624,0.150677
25,T25_UAV_7,HAP_1,LEO_1,90.776042,90.574701,0.040681,0.010912,0.248742
25,T25_UAV_8,BS_4,HAP_0,152.629072,152.450606,0.028214,0.020117,0.150677
26,T26_UAV_4,BS_4,LEO_1,145.561274,145.5147,0.00128,0.007691,0.188015
26,T26_UAV_0,HAP_1,LEO_0,117.688766,117.489641,0.045469,0.011075,0.212905
26,T26_UAV_8,BS_4,LEO_1,147.467748,147.416351,0.001367,0.012427,0.188015
26,T26_UAV_1,BS_4,HAP_2,30.747309,30.557272,0.025848,0.022164,0.210128
26,T26_UAV_3,HAP_1,HAP_0,35.667332,35.450574,0.027186,0.023514,0.330289
26,T26_UAV_2,HAP_1,HAP_1,43.356876,43.130111,0.025587,0.049334,0.259218
26,T26_UAV_5,HAP_1,LEO_1,81.908484,81.866268,0.000628,0.003985,0.188015
26,T26_UAV_6,BS_0,LEO_0,125.479007,125.270653,0.046337,0.019435,0.212905
27,T27_UAV_4,BS_4,LEO_0,163.76061,163.704525,0.004656,0.012839,0.192948
27,T27_UAV_5,HAP_1,LEO_0,169.175549,169.107664,0.006404,0.022891,0.192948
27,T27_UAV_1,BS_4,LEO_0,199.59922,199.542815,0.005734,0.012081,0.192948
27,T27_UAV_8,BS_4,LEO_1,35.485488,35.413598,0.000551,0.010951,0.301935
27,T27_UAV_2,HAP_1,HAP_2,55.68268,55.619083,0.002417,0.014413,0.233831
27,T27_UAV_0,HAP_1,HAP_0,58.495944,58.305856,0.028127,0.014015,0.239737
27,T27_UAV_7,HAP_1,HAP_1,67.619321,67.423023,0.026017,0.013501,0.283898
28,T28_UAV_8,BS_4,LEO_0,63.78763,63.715856,0.003861,0.015794,0.260593
28,T28_UAV_7,HAP_1,HAP_0,156.712215,156.658813,0.006066,0.010985,0.181752
28,T28_UAV_4,BS_4,BS_3,176.563396,176.374573,0.054062,0.014848,0.099563
28,T28_UAV_0,HAP_1,HAP_1,35.481888,35.303382,0.025377,0.022266,0.15432
28,T28_UAV_6,BS_0,HAP_2,52.016998,51.950449,0.002268,0.008706,0.277876
28,T28_UAV_3,HAP_1,HAP_0,88.979341,88.930869,0.003766,0.008356,0.181752
28,T28_UAV_2,HAP_1,BS_1,108.619559,108.455892,0.037093,0.00197,0.123019
28,T28_UAV_9,BS_4,BS_2,175.575386,175.371222,0.053811,0.013537,0.184082
29,T29_UAV_9,BS_4,LEO_1,74.298559,74.093834,0.040761,0.011395,0.262851
29,T29_UAV_1,BS_4,HAP_0,196.482062,196.307489,0.029361,0.007294,0.189594
29,T29_UAV_5,HAP_1,LEO_0,28.3479,28.158139,0.042659,0.006053,0.205247
29,T29_UAV_2,HAP_1,HAP_1,38.371604,38.185927,0.02552,0.0207,0.19728
29,T29_UAV_8,BS_4,LEO_1,58.952016,58.740872,0.040646,0.017928,0.262851
29,T29_UAV_3,HAP_1,HAP_0,90.385608,90.196511,0.02881,0.022368,0.189594
29,T29_UAV_6,BS_0,HAP_2,91.957778,91.857457,0.004011,0.022091,0.371095
30,T30_UAV_8,BS_4,LEO_1,141.865024,141.79992,0.001318,0.01224,0.25773
30,T30_UAV_3,HAP_1,LEO_0,106.326804,106.271248,0.005566,0.01328,0.183545
30,T30_UAV_4,BS_4,HAP_0,160.217142,160.153775,0.005063,0.018036,0.201341
30,T30_UAV_0,HAP_1,HAP_2,85.314897,85.153015,0.028873,0.01265,0.101794
30,T30_UAV_1,BS_4,HAP_1,26.492304,26.305304,0.025762,0.027926,0.166563
30,T30_UAV_2,HAP_1,LEO_1,57.891346,57.833482,0.00048,0.005837,0.25773
30,T30_UAV_7,HAP_1,LEO_0,46.033364,45.981439,0.00245,0.012766,0.183545
30,T30_UAV_6,BS_0,LEO_1,144.320388,144.255216,0.000954,0.012673,0.25773
30,T30_UAV_5,HAP_1,HAP_0,147.202447,147.143944,0.006107,0.012128,0.201341
31,T31_UAV_9,BS_4,LEO_0,101.115375,101.047616,0.002818,0.010077,0.274319
31,T31_UAV_1,BS_4,LEO_1,93.187852,92.964856,0.040909,0.020553,0.307668
31,T31_UAV_3,HAP_1,HAP_2,165.542577,165.490054,0.006271,0.004185,0.210336
31,T31_UAV_8,BS_4,HAP_0,29.052535,28.962427,0.000898,0.025605,0.318025
31,T31_UAV_4,BS_4,HAP_1,34.155315,33.966447,0.025689,0.013992,0.245935
31,T31_UAV_7,HAP_1,LEO_0,94.005318,93.94118,0.003612,0.005662,0.274319
31,T31_UAV_5,HAP_1,LEO_1,83.748431,83.526185,0.040738,0.019975,0.307668
31,T31_UAV_2,HAP_1,HAP_2,122.534311,122.478896,0.003912,0.009436,0.210336
31,T31_UAV_6,BS_0,LEO_0,148.113233,148.046767,0.005442,0.00616,0.274319
32,T32_UAV_1,BS_4,LEO_1,105.28708,105.223611,0.000879,0.012417,0.250864
32,T32_UAV_5,HAP_1,LEO_0,94.708267,94.494022,0.044907,0.012526,0.284066
32,T32_UAV_9,BS_4,HAP_0,89.300759,89.106952,0.027432,0.018212,0.240809
32,T32_UAV_2,HAP_1,LEO_1,187.712697,187.640535,0.001562,0.020427,0.250864
32,T32_UAV_0,HAP_1,HAP_2,29.336585,29.128984,0.026326,0.019387,0.309435
32,T32_UAV_7,HAP_1,HAP_1,29.720203,29.499229,0.025432,0.036892,0.29325
32,T32_UAV_3,HAP_1,LEO_0,47.798007,47.589428,0.042481,0.009285,0.284066
32,T32_UAV_8,BS_4,LEO_1,97.551147,97.482947,0.000907,0.01712,0.250864
33,T33_UAV_8,BS_4,LEO_0,63.368838,63.311635,0.002197,0.015681,0.196626
33,T33_UAV_7,HAP_1,LEO_1,107.573867,107.372339,0.040808,0.018493,0.211137
33,T33_UAV_9,BS_4,HAP_0,30.608117,30.55911,0.000837,0.004716,0.217268
33,T33_UAV_1,BS_4,HAP_2,31.326101,31.142288,0.02587,0.013899,0.220217
33,T33_UAV_5,HAP_1,HAP_1,45.223796,45.008327,0.025555,0.026884,0.315154
33,T33_UAV_2,HAP_1,LEO_0,81.490578,81.438624,0.003651,0.008978,0.196626
33,T33_UAV_0,HAP_1,LEO_1,84.903099,84.695459,0.040774,0.024638,0.211137
34,T34_UAV_8,BS_4,LEO_0,45.59274,45.522088,0.002751,0.008415,0.297428
34,T34_UAV_1,BS_4,LEO_1,96.048139,95.863592,0.040937,0.004808,0.194012
34,T34_UAV_0,HAP_1,HAP_2,95.181998,95.118147,0.004362,0.015706,0.218914
34,T34_UAV_9,BS_4,HAP_0,26.881099,26.818422,0.000737,0.009371,0.262848
34,T34_UAV_4,BS_4,LEO_1,34.421216,34.236677,0.040356,0.005381,0.194012
34,T34_UAV_5,HAP_1,HAP_1,45.721769,45.504267,0.025558,0.035507,0.282185
34,T34_UAV_7,HAP_1,BS_2,63.151829,62.991954,0.025733,0.005906,0.141184
34,T34_UAV_3,HAP_1,BS_1,116.347427,116.163153,0.039019,0.010258,0.17499
35,T35_UAV_9,BS_4,LEO_1,92.809887,92.756242,0.000808,0.013935,0.194514
35,T35_UAV_3,HAP_1,LEO_0,104.347205,104.131648,0.04543,0.017109,0.265087
35,T35_UAV_0,HAP_1,LEO_1,196.078281,196.023136,0.001545,0.014697,0.194514
35,T35_UAV_2,HAP_1,HAP_2,29.560737,29.503012,0.001298,0.003884,0.262717
35,T35_UAV_4,BS_4,HAP_0,32.038284,31.95428,0.001372,0.012496,0.350681
35,T35_UAV_8,BS_4,HAP_1,38.588475,38.390976,0.026076,0.019376,0.260234
35,T35_UAV_7,HAP_1,LEO_1,112.265304,112.21277,0.000744,0.012887,0.194514
35,T35_UAV_6,BS_0,LEO_0,117.29652,117.092522,0.04593,0.005051,0.265087
35,T35_UAV_5,HAP_1,BS_3,133.167458,133.091591,0.033256,0.003157,0.197268
36,T36_UAV_3,HAP_1,LEO_1,138.300245,138.236217,0.001068,0.007111,0.279242
36,T36_UAV_8,BS_4,LEO_0,97.434175,97.386948,0.003375,0.003071,0.203902
36,T36_UAV_2,HAP_1,HAP_0,243.916743,243.745284,0.032763,0.014205,0.122452
36,T36_UAV_1,BS_4,HAP_2,87.347272,87.167546,0.027449,0.011576,0.203508
36,T36_UAV_4,BS_4,HAP_0,265.86723,265.702686,0.032155,0.007899,0.122452
36,T36_UAV_6,BS_0,HAP_1,34.365204,34.15899,0.02591,0.033691,0.233067
36,T36_UAV_5,HAP_1,LEO_1,79.800913,79.729157,0.000606,0.015301,0.279242
36,T36_UAV_9,BS_4,LEO_0,54.46018,54.40064,0.002046,0.016714,0.203902
36,T36_UAV_0,HAP_1,LEO_1,133.274499,133.206665,0.001051,0.010935,0.279242
36,T36_UAV_7,HAP_1,HAP_0,161.578935,161.41791,0.030174,0.006361,0.122452
37,T37_UAV_4,BS_4,LEO_1,89.115912,89.042148,0.000933,0.004231,0.343007
37,T37_UAV_8,BS_4,LEO_0,109.553726,109.479708,0.003792,0.015165,0.275305
37,T37_UAV_9,BS_4,HAP_2,164.48564,164.418418,0.003461,0.017798,0.229814
37,T37_UAV_0,HAP_1,HAP_0,95.238669,95.034991,0.030186,0.007248,0.331226
37,T37_UAV_7,HAP_1,HAP_1,33.35346,33.113364,0.025472,0.018997,0.478137
37,T37_UAV_6,BS_0,LEO_0,50.974044,50.901046,0.002582,0.015355,0.275305
37,T37_UAV_1,BS_4,LEO_1,57.854481,57.779461,0.000566,0.005853,0.343007
37,T37_UAV_2,HAP_1,HAP_2,186.442161,186.377086,0.005998,0.013114,0.229814
38,T38_UAV_8,BS_4,LEO_1,224.346408,224.170363,0.041731,0.002926,0.15694
38,T38_UAV_0,HAP_1,HAP_2,67.829567,67.645285,0.02812,0.009487,0.233376
38,T38_UAV_1,BS_4,LEO_1,282.487077,282.303211,0.04198,0.010498,0.15694
38,T38_UAV_7,HAP_1,LEO_1,283.691063,283.505447,0.041627,0.012601,0.15694
38,T38_UAV_9,BS_4,HAP_0,35.511655,35.322636,0.025977,0.006402,0.283196
38,T38_UAV_2,HAP_1,HAP_1,43.111663,42.899236,0.025589,0.034523,0.261572
38,T38_UAV_5,HAP_1,BS_2,88.794027,88.606029,0.03213,0.019604,0.18132
38,T38_UAV_3,HAP_1,BS_3,89.781328,89.705901,0.022415,0.007636,0.226883
38,T38_UAV_4,BS_4,LEO_1,156.043203,155.864459,0.041151,0.006205,0.15694
38,T38_UAV_6,BS_0,LEO_1,189.387707,189.20382,0.04107,0.011429,0.15694
39,T39_UAV_4,BS_4,LEO_1,115.067829,115.012173,0.001022,0.004604,0.250153
39,T39_UAV_8,BS_4,LEO_0,89.207715,89.008712,0.043075,0.014898,0.205151
39,T39_UAV_3,HAP_1,HAP_0,160.330797,160.272735,0.006702,0.010705,0.20327
39,T39_UAV_2,HAP_1,HAP_2,189.187464,189.119665,0.006101,0.012374,0.24662
39,T39_UAV_7,HAP_1,LEO_1,189.908697,189.844811,0.001263,0.012592,0.250153
39,T39_UAV_1,BS_4,HAP_1,29.754512,29.536291,0.025866,0.037915,0.272204
39,T39_UAV_9,BS_4,LEO_0,70.33712,70.145439,0.042632,0.008019,0.205151
39,T39_UAV_0,HAP_1,LEO_1,113.978664,113.905243,0.0009,0.02249,0.250153
39,T39_UAV_5,HAP_1,HAP_0,150.317503,150.25627,0.006163,0.014416,0.20327
39,T39_UAV_6,BS_0,HAP_2,191.127689,191.067615,0.006117,0.004633,0.24662
40,T40_UAV_9,BS_4,LEO_0,69.081986,69.019633,0.002596,0.007995,0.258816
40,T40_UAV_0,HAP_1,LEO_1,87.20638,87.010734,0.040799,0.01097,0.219383
40,T40_UAV_2,HAP_1,BS_1,361.15524,360.903344,0.100173,0.015671,0.180254
40,T40_UAV_1,BS_4,HAP_2,25.662828,25.60248,0.000723,0.004156,0.277344
40,T40_UAV_5,HAP_1,HAP_0,31.620974,31.550393,0.001872,0.004553,0.320776
40,T40_UAV_7,HAP_1,HAP_1,38.538604,38.326193,0.025538,0.041367,0.227532
40,T40_UAV_4,BS_4,LEO_0,56.706048,56.644876,0.002157,0.007251,0.258816
40,T40_UAV_6,BS_0,LEO_1,57.936367,57.748536,0.040427,0.003527,0.219383
40,T40_UAV_3,HAP_1,BS_1,199.518205,199.307992,0.059795,0.014368,0.180254
41,T41_UAV_8,BS_4,LEO_1,84.222202,84.151108,0.000788,0.018693,0.258063
41,T41_UAV_9,BS_4,LEO_0,128.747107,128.542877,0.044828,0.009933,0.247346
41,T41_UAV_1,BS_4,HAP_2,25.44106,25.253873,0.025711,0.014391,0.235421
41,T41_UAV_4,BS_4,HAP_0,34.546752,34.458022,0.001469,0.011859,0.377011
41,T41_UAV_3,HAP_1,HAP_1,35.027777,34.822879,0.025441,0.014085,0.326862
41,T41_UAV_5,HAP_1,LEO_1,56.37467,56.314821,0.000427,0.00781,0.258063
41,T41_UAV_6,BS_0,LEO_0,51.022296,50.816147,0.042571,0.014108,0.247346
41,T41_UAV_7,HAP_1,LEO_1,158.621352,158.546392,0.001057,0.022291,0.258063
42,T42_UAV_7,HAP_1,LEO_0,51.230817,51.179011,0.004861,0.009851,0.185468
42,T42_UAV_9,BS_4,LEO_1,117.581424,117.507415,0.001201,0.006903,0.329525
42,T42_UAV_4,BS_4,HAP_2,31.710682,31.656061,0.00103,0.012267,0.206622
42,T42_UAV_0,HAP_1,HAP_0,44.607231,44.449912,0.027444,0.007333,0.112707
42,T42_UAV_1,BS_4,HAP_1,55.90377,55.731459,0.026643,0.011077,0.172957
42,T42_UAV_3,HAP_1,LEO_1,75.623797,75.552064,0.000672,0.005156,0.329525
43,T43_UAV_0,HAP_1,LEO_0,128.309225,128.115047,0.046068,0.011656,0.182273
43,T43_UAV_6,BS_0,LEO_1,20.601773,20.416181,0.040193,0.004459,0.204703
43,T43_UAV_1,BS_4,HAP_0,56.717554,56.674977,0.001243,0.003564,0.188848
43,T43_UAV_8,BS_4,HAP_1,39.525679,39.330214,0.026096,0.015484,0.269423
43,T43_UAV_3,HAP_1,LEO_0,52.317416,52.119964,0.042701,0.018296,0.182273
43,T43_UAV_2,HAP_1,HAP_0,123.138577,123.093182,0.004719,0.002907,0.188848
43,T43_UAV_5,HAP_1,BS_2,146.35181,146.270331,0.036549,0.007852,0.185391
44,T44_UAV_3,HAP_1,LEO_1,90.297447,90.106123,0.040798,0.010529,0.199983
44,T44_UAV_9,BS_4,LEO_0,90.972598,90.913045,0.00342,0.01127,0.224313
44,T44_UAV_2,HAP_1,HAP_2,160.917532,160.732143,0.030214,0.017313,0.189306
44,T44_UAV_8,BS_4,HAP_0,83.065852,82.883962,0.027631,0.012713,0.207732
44,T44_UAV_5,HAP_1,LEO_1,35.948736,35.762675,0.040312,0.005753,0.199983
44,T44_UAV_7,HAP_1,LEO_0,49.292014,49.241008,0.002561,0.003582,0.224313
44,T44_UAV_6,BS_0,HAP_1,61.924222,61.719083,0.026609,0.011175,0.336775
44,T44_UAV_0,HAP_1,BS_3,80.276748,80.187952,0.020037,0.013485,0.276372
44,T44_UAV_4,BS_4,HAP_2,84.385506,84.213037,0.027105,0.007502,0.189306
45,T45_UAV_0,HAP_1,LEO_1,150.943569,150.888087,0.001195,0.005874,0.242066
45,T45_UAV_2,HAP_1,LEO_0,102.159428,102.086584,0.00461,0.013314,0.274595
45,T45_UAV_1,BS_4,HAP_0,83.145159,83.083948,0.00229,0.013315,0.228032
45,T45_UAV_3,HAP_1,HAP_1,30.310071,30.088313,0.025375,0.041023,0.276801
45,T45_UAV_5,HAP_1,HAP_2,52.974041,52.768352,0.02772,0.009926,0.340213
45,T45_UAV_7,HAP_1,LEO_1,104.743636,104.690614,0.0007,0.003908,0.242066
45,T45_UAV_9,BS_4,LEO_0,76.47117,76.405827,0.002874,0.00755,0.274595
45,T45_UAV_6,BS_0,LEO_1,116.180715,116.115649,0.000752,0.015901,0.242066
46,T46_UAV_8,BS_4,LEO_1,47.220728,47.025781,0.040743,0.011102,0.215509
46,T46_UAV_0,HAP_1,HAP_0,92.807093,92.611988,0.03013,0.022261,0.213574
46,T46_UAV_1,BS_4,BS_2,763.615221,763.25646,0.200709,0.018907,0.195731
46,T46_UAV_6,BS_0,LEO_0,18.559114,18.467556,0.001703,0.012889,0.384832
46,T46_UAV_4,BS_4,BS_2,325.331864,325.082278,0.09122,0.01922,0.195731
46,T46_UAV_5,HAP_1,BS_2,507.834376,507.552465,0.136815,0.005951,0.195731
46,T46_UAV_7,HAP_1,BS_2,679.807247,679.473588,0.179774,0.01474,0.195731
47,T47_UAV_0,HAP_1,LEO_0,118.246724,118.059543,0.045614,0.012984,0.142914
47,T47_UAV_4,BS_4,LEO_1,24.091352,23.888426,0.04035,0.021285,0.206457
47,T47_UAV_5,HAP_1,HAP_0,62.280864,62.23175,0.002526,0.009557,0.185153
47,T47_UAV_1,BS_4,LEO_0,43.980519,43.802173,0.041722,0.008041,0.142914
47,T47_UAV_7,HAP_1,HAP_2,52.793854,52.596051,0.027601,0.021207,0.24498
47,T47_UAV_3,HAP_1,HAP_0,87.954681,87.910048,0.003643,0.00396,0.185153
48,T48_UAV_4,BS_4,LEO_1,128.510068,128.436704,0.001355,0.023869,0.240698
48,T48_UAV_5,HAP_1,HAP_2,83.98578,83.793212,0.029298,0.023314,0.199779
48,T48_UAV_8,BS_4,BS_1,197.301864,197.209881,0.049278,0.004647,0.190296
48,T48_UAV_9,BS_4,LEO_0,48.302977,48.251773,0.001815,0.00304,0.231747
48,T48_UAV_0,HAP_1,HAP_0,37.418358,37.349481,0.002078,0.009926,0.284367
48,T48_UAV_1,BS_4,HAP_1,43.014901,42.790979,0.026272,0.04406,0.26795
48,T48_UAV_2,HAP_1,LEO_1,99.122618,99.058354,0.000986,0.015138,0.240698
48,T48_UAV_6,BS_0,LEO_0,104.179922,104.125126,0.005291,0.003155,0.231747
49,T49_UAV_7,HAP_1,LEO_1,59.516698,59.445987,0.000593,0.01487,0.276238
49,T49_UAV_2,HAP_1,LEO_0,30.893021,30.824445,0.002505,0.007833,0.29119
49,T49_UAV_3,HAP_1,HAP_2,60.760164,60.692219,0.003201,0.018775,0.229846
49,T49_UAV_6,BS_0,HAP_0,78.429825,78.348434,0.003134,0.010498,0.338793
49,T49_UAV_9,BS_4,HAP_1,92.157853,91.976616,0.027625,0.0116,0.21006
50,T50_UAV_0,HAP_1,LEO_1,61.155404,61.068346,0.000764,0.008948,0.386726
50,T50_UAV_8,BS_4,LEO_0,64.053676,63.975128,0.003838,0.007706,0.335022
50,T50_UAV_5,HAP_1,HAP_0,236.701955,236.526802,0.032964,0.008472,0.168584
50,T50_UAV_4,BS_4,HAP_0,263.807216,263.637639,0.032016,0.003845,0.168584
50,T50_UAV_2,HAP_1,BS_2,179.215652,178.996689,0.054717,0.032808,0.157194
50,T50_UAV_1,BS_4,HAP_2,100.912184,100.848979,0.002272,0.004951,0.279911
50,T50_UAV_7,HAP_1,HAP_1,71.150132,70.889017,0.025945,0.057265,0.389524
50,T50_UAV_3,HAP_1,HAP_0,136.658266,136.486892,0.029681,0.007975,0.168584
50,T50_UAV_6,BS_0,HAP_2,189.745485,189.67464,0.006099,0.008764,0.279911
51,T51_UAV_4,BS_4,LEO_1,82.462813,82.288271,0.040868,0.010979,0.113477
51,T51_UAV_5,HAP_1,LEO_0,110.809586,110.616869,0.045618,0.014554,0.162726
51,T51_UAV_1,BS_4,HAP_2,88.600529,88.414762,0.027523,0.014046,0.220991
51,T51_UAV_0,HAP_1,LEO_1,37.288504,37.118531,0.040341,0.006936,0.113477
51,T51_UAV_8,BS_4,LEO_0,63.057856,62.873633,0.042161,0.009517,0.162726
51,T51_UAV_3,HAP_1,HAP_1,72.925289,72.734462,0.025885,0.022644,0.21149
51,T51_UAV_7,HAP_1,BS_3,142.914605,142.740135,0.04566,0.002683,0.130638
52,T52_UAV_4,BS_4,LEO_0,125.138826,125.088072,0.003501,0.007959,0.196473
52,T52_UAV_9,BS_4,LEO_0,169.575757,169.521688,0.00473,0.010044,0.196473
52,T52_UAV_6,BS_0,LEO_1,40.540362,40.355868,0.040293,0.004014,0.200937
52,T52_UAV_3,HAP_1,HAP_2,51.793663,51.727318,0.002717,0.018098,0.227648
52,T52_UAV_0,HAP_1,HAP_0,60.763062,60.551291,0.028385,0.0181,0.326429
52,T52_UAV_8,BS_4,LEO_0,69.917282,69.87208,0.001798,0.00411,0.196473
52,T52_UAV_2,HAP_1,LEO_1,87.843498,87.642496,0.040875,0.01994,0.200937
52,T52_UAV_1,BS_4,BS_2,107.949621,107.759074,0.036916,0.021164,0.162332
53,T53_UAV_5,HAP_1,LEO_1,136.365102,136.311693,0.001028,0.009497,0.214422
53,T53_UAV_1,BS_4,LEO_0,95.992199,95.793691,0.043786,0.013904,0.204089
53,T53_UAV_2,HAP_1,HAP_0,193.535735,193.467924,0.007517,0.01274,0.237769
53,T53_UAV_9,BS_4,HAP_2,98.335964,98.265299,0.002608,0.005886,0.310858
53,T53_UAV_8,BS_4,LEO_1,194.589067,194.52782,0.001838,0.016525,0.214422
53,T53_UAV_0,HAP_1,HAP_1,39.068567,38.853406,0.025412,0.011749,0.39
53,T53_UAV_3,HAP_1,LEO_0,63.574665,63.382839,0.043267,0.00774,0.204089
53,T53_UAV_4,BS_4,LEO_1,108.999179,108.948225,0.000974,0.007096,0.214422
53,T53_UAV_7,HAP_1,HAP_0,132.175498,132.114262,0.004927,0.008755,0.237769
54,T54_UAV_9,BS_4,LEO_0,168.924387,168.726103,0.043352,0.016773,0.190793
54,T54_UAV_1,BS_4,HAP_0,68.490189,68.304371,0.026862,0.017573,0.206912
54,T54_UAV_2,HAP_1,HAP_2,78.773428,78.586017,0.028555,0.009272,0.247926
54,T54_UAV_3,HAP_1,LEO_0,302.202807,302.004059,0.047787,0.012801,0.190793
54,T54_UAV_6,BS_0,LEO_1,37.370863,37.295666,0.000349,0.014143,0.303522
54,T54_UAV_7,HAP_1,BS_1,61.772281,61.598673,0.025384,0.013954,0.171347
54,T54_UAV_5,HAP_1,HAP_1,64.436364,64.226598,0.025687,0.038368,0.228552
54,T54_UAV_4,BS_4,LEO_0,119.256073,119.070015,0.042368,0.005532,0.190793
54,T54_UAV_8,BS_4,LEO_0,122.446135,122.254384,0.04226,0.011333,0.190793
54,T54_UAV_0,HAP_1,LEO_0,166.561571,166.370653,0.044027,0.008732,0.190793
55,T55_UAV_8,BS_4,LEO_0,87.966541,87.905883,0.003023,0.011163,0.23236
55,T55_UAV_1,BS_4,LEO_1,58.460184,58.263018,0.040787,0.010394,0.229929
55,T55_UAV_3,HAP_1,HAP_2,184.967113,184.90816,0.006836,0.013738,0.191897
55,T55_UAV_2,HAP_1,HAP_0,95.376976,95.186671,0.030306,0.017393,0.213029
55,T55_UAV_5,HAP_1,HAP_2,58.091904,58.048075,0.002091,0.003359,0.191897
55,T55_UAV_0,HAP_1,HAP_1,56.2718,56.045936,0.025598,0.050552,0.248571
55,T55_UAV_6,BS_0,BS_2,59.866137,59.680337,0.024903,0.022139,0.193796
55,T55_UAV_4,BS_4,LEO_0,86.112803,86.049994,0.003241,0.013096,0.23236
56,T56_UAV_3,HAP_1,LEO_1,158.916555,158.870705,0.0012,0.005037,0.198065
56,T56_UAV_9,BS_4,HAP_0,165.281952,165.234675,0.00378,0.006459,0.185187
56,T56_UAV_1,BS_4,HAP_2,98.175659,97.989845,0.027811,0.013906,0.220487
56,T56_UAV_8,BS_4,LEO_1,191.091393,191.04336,0.001809,0.00661,0.198065
56,T56_UAV_7,HAP_1,LEO_0,30.071271,29.989233,0.002773,0.016838,0.312134
56,T56_UAV_4,BS_4,HAP_1,46.263222,46.076942,0.025978,0.016956,0.216729
56,T56_UAV_0,HAP_1,LEO_1,63.407644,63.359931,0.000502,0.007597,0.198065
56,T56_UAV_2,HAP_1,HAP_0,97.679391,97.620635,0.003808,0.01791,0.185187
57,T57_UAV_5,HAP_1,LEO_1,59.078108,58.872224,0.040687,0.015785,0.24706
57,T57_UAV_4,BS_4,LEO_0,59.159713,58.96081,0.04389,0.008809,0.231021
57,T57_UAV_3,HAP_1,BS_3,797.509965,797.161751,0.209183,0.004872,0.170792
57,T57_UAV_8,BS_4,HAP_2,29.218178,29.169498,0.00071,0.003332,0.223187
57,T57_UAV_6,BS_0,HAP_0,71.555759,71.361618,0.027889,0.0166,0.248266
57,T57_UAV_2,HAP_1,BS_3,206.425419,206.218915,0.061521,0.010824,0.170792
57,T57_UAV_7,HAP_1,BS_3,253.688152,253.463484,0.073327,0.017183,0.170792
57,T57_UAV_0,HAP_1,BS_3,257.77866,257.56398,0.074351,0.006171,0.170792
58,T58_UAV_1,BS_4,LEO_0,105.059053,104.995394,0.004172,0.015994,0.217461
58,T58_UAV_9,BS_4,LEO_1,122.025053,121.839555,0.041229,0.004012,0.201286
58,T58_UAV_4,BS_4,HAP_2,92.276501,92.195664,0.002927,0.015405,0.312531
58,T58_UAV_7,HAP_1,BS_2,344.496043,344.246537,0.096009,0.015854,0.188217
58,T58_UAV_3,HAP_1,HAP_0,27.519019,27.328519,0.026613,0.022844,0.205217
58,T58_UAV_0,HAP_1,HAP_1,37.57972,37.366785,0.025401,0.014836,0.363485
58,T58_UAV_5,HAP_1,LEO_0,49.857145,49.805885,0.002512,0.005256,0.217461
58,T58_UAV_8,BS_4,LEO_1,89.929632,89.73299,0.041011,0.015373,0.201286
58,T58_UAV_2,HAP_1,BS_2,174.47931,174.281913,0.053539,0.006215,0.188217
59,T59_UAV_4,BS_4,LEO_1,97.171328,97.110769,0.001026,0.018096,0.207184
59,T59_UAV_0,HAP_1,LEO_0,61.669261,61.601242,0.005355,0.008074,0.272949
59,T59_UAV_2,HAP_1,HAP_0,50.366043,50.308557,0.002826,0.017103,0.187785
59,T59_UAV_1,BS_4,HAP_2,51.605203,51.523893,0.001485,0.011553,0.341361
59,T59_UAV_7,HAP_1,HAP_1,62.501719,62.27937,0.025794,0.034467,0.310442
59,T59_UAV_6,BS_0,LEO_1,132.051504,131.995279,0.000954,0.013834,0.207184
60,T60_UAV_1,BS_4,LEO_1,54.405343,54.332249,0.000736,0.011189,0.305847
60,T60_UAV_7,HAP_1,LEO_0,62.552838,62.462326,0.005732,0.013947,0.354164
60,T60_UAV_0,HAP_1,HAP_0,25.58196,25.516904,0.001448,0.011633,0.259871
60,T60_UAV_2,HAP_1,HAP_2,107.936433,107.769091,0.028038,0.002977,0.181635
60,T60_UAV_8,BS_4,BS_1,75.183732,75.015723,0.028737,0.006074,0.165988
60,T60_UAV_9,BS_4,HAP_2,136.883695,136.716821,0.027597,0.00295,0.181635
60,T60_UAV_6,BS_0,HAP_2,138.597434,138.413168,0.028816,0.019122,0.181635
61,T61_UAV_8,BS_4,LEO_0,193.345977,193.179753,0.044093,0.002323,0.09904
61,T61_UAV_3,HAP_1,LEO_1,116.511623,116.328482,0.04101,0.002887,0.196223
61,T61_UAV_9,BS_4,LEO_0,246.048384,245.879505,0.045637,0.003435,0.09904
61,T61_UAV_4,BS_4,LEO_1,52.871614,52.684964,0.040555,0.00685,0.196223
61,T61_UAV_5,HAP_1,LEO_0,89.746478,89.582043,0.042637,0.00199,0.09904
61,T61_UAV_0,HAP_1,BS_3,119.3333,119.145824,0.039762,0.016356,0.156792
61,T61_UAV_6,BS_0,LEO_0,174.531064,174.359839,0.045195,0.006222,0.09904
62,T62_UAV_7,HAP_1,LEO_1,97.594691,97.397357,0.040756,0.008679,0.239495
62,T62_UAV_0,HAP_1,LEO_0,54.098304,53.88322,0.044683,0.004814,0.327935
62,T62_UAV_4,BS_4,HAP_0,93.590989,93.398481,0.02888,0.017619,0.23005
62,T62_UAV_1,BS_4,HAP_2,99.30645,99.101725,0.027862,0.017269,0.297971
62,T62_UAV_6,BS_0,HAP_1,47.758705,47.548737,0.026176,0.027534,0.281292
62,T62_UAV_3,HAP_1,LEO_1,72.633831,72.426192,0.040627,0.019113,0.239495
62,T62_UAV_8,BS_4,BS_2,108.779347,108.691446,0.027159,0.019424,0.206587
62,T62_UAV_5,HAP_1,BS_1,127.541844,127.33947,0.041809,0.01737,0.215976
63,T63_UAV_8,BS_4,HAP_0,45.716511,45.538784,0.026496,0.014565,0.18333
63,T63_UAV_1,BS_4,LEO_1,18.886268,18.823605,0.000255,0.017032,0.226887
63,T63_UAV_3,HAP_1,LEO_0,21.262973,21.055978,0.041951,0.00674,0.291521
63,T63_UAV_7,HAP_1,HAP_2,33.694017,33.643738,0.001599,0.005823,0.214283
63,T63_UAV_2,HAP_1,HAP_1,43.522228,43.324449,0.025618,0.014795,0.286832
63,T63_UAV_9,BS_4,BS_1,63.145704,62.974796,0.025726,0.007904,0.186389
63,T63_UAV_0,HAP_1,BS_2,114.993166,114.797179,0.038675,0.017741,0.197853
64,T64_UAV_9,BS_4,LEO_0,38.452336,38.377535,0.002541,0.02135,0.254552
64,T64_UAV_4,BS_4,BS_3,372.228569,371.977514,0.102938,0.011816,0.181503
64,T64_UAV_8,BS_4,BS_3,394.193643,393.925549,0.108422,0.023371,0.181503
64,T64_UAV_2,HAP_1,LEO_1,36.335037,36.259212,0.000507,0.012037,0.316406
64,T64_UAV_1,BS_4,HAP_0,42.029241,41.96362,0.001134,0.015537,0.244749
64,T64_UAV_5,HAP_1,HAP_2,49.415807,49.348944,0.002459,0.010358,0.270236
65,T65_UAV_9,BS_4,LEO_0,44.792564,44.717837,0.002961,0.01125,0.302578
65,T65_UAV_4,BS_4,LEO_1,118.061638,117.872256,0.041245,0.010422,0.188572
65,T65_UAV_7,HAP_1,HAP_0,88.562809,88.494503,0.003243,0.008206,0.284285
65,T65_UAV_1,BS_4,LEO_1,71.535804,71.347638,0.040699,0.009752,0.188572
65,T65_UAV_3,HAP_1,HAP_0,133.457621,133.387113,0.005414,0.008237,0.284285
65,T65_UAV_6,BS_2,BS_0,170.510061,170.303791,0.052545,0.026646,0.135394
66,T66_UAV_8,BS_4,LEO_1,180.237633,180.188976,0.001537,0.010366,0.183769
66,T66_UAV_0,HAP_1,LEO_0,47.518431,47.422932,0.004151,0.017291,0.370278
66,T66_UAV_1,BS_4,HAP_2,147.794672,147.626221,0.028372,0.003123,0.184778
66,T66_UAV_3,HAP_1,HAP_0,84.288878,84.20415,0.004934,0.010958,0.344176
66,T66_UAV_2,HAP_1,LEO_1,124.4845,124.434938,0.000964,0.011844,0.183769
66,T66_UAV_7,HAP_1,LEO_1,146.675186,146.624176,0.000917,0.01334,0.183769
66,T66_UAV_4,BS_4,HAP_2,126.48094,126.310952,0.028073,0.004959,0.184778
66,T66_UAV_5,HAP_1,BS_1,131.428835,131.23815,0.042783,0.010277,0.188121
66,T66_UAV_6,BS_2,LEO_1,203.110552,203.057601,0.001184,0.015013,0.183769
67,T67_UAV_8,BS_4,LEO_0,154.52365,154.335413,0.043946,0.008219,0.180357
67,T67_UAV_1,BS_4,HAP_0,168.629153,168.453809,0.028617,0.015034,0.158465
67,T67_UAV_4,BS_4,LEO_0,178.217612,178.019822,0.044924,0.016795,0.180357
67,T67_UAV_5,HAP_1,HAP_2,95.533746,95.338242,0.028367,0.009634,0.287517
67,T67_UAV_9,BS_4,HAP_0,55.981796,55.816889,0.026305,0.00691,0.158465
67,T67_UAV_0,HAP_1,LEO_0,121.5655,121.374436,0.044276,0.010717,0.180357
67,T67_UAV_6,BS_2,HAP_2,146.108204,145.907538,0.029724,0.013439,0.287517
68,T68_UAV_8,BS_4,HAP_2,67.759652,67.589482,0.026653,0.006752,0.183823
68,T68_UAV_6,BS_2,LEO_0,34.591825,34.393044,0.043169,0.013751,0.209306
68,T68_UAV_5,HAP_1,LEO_1,52.696548,52.482175,0.040614,0.010481,0.316396
68,T68_UAV_1,BS_4,BS_3,71.024391,70.842244,0.027692,0.024839,0.148081
68,T68_UAV_7,HAP_1,HAP_0,89.442891,89.251729,0.02959,0.011559,0.250065
69,T69_UAV_4,BS_4,LEO_1,132.482176,132.427948,0.001186,0.005,0.240211
69,T69_UAV_1,BS_4,LEO_0,96.882111,96.825174,0.003875,0.004148,0.24457
69,T69_UAV_7,HAP_1,HAP_2,77.586425,77.532201,0.003628,0.003506,0.235448
69,T69_UAV_0,HAP_1,HAP_0,88.073358,87.889945,0.030055,0.004408,0.244749
69,T69_UAV_9,BS_4,HAP_1,98.18213,97.936734,0.027664,0.029638,0.440472
69,T69_UAV_8,BS_4,LEO_1,53.440215,53.387356,0.00051,0.004306,0.240211
69,T69_UAV_5,HAP_1,LEO_0,63.343926,63.27482,0.003152,0.01704,0.24457
69,T69_UAV_2,HAP_1,LEO_1,135.201943,135.139551,0.001165,0.013185,0.240211
70,T70_UAV_4,BS_4,LEO_1,38.343823,38.258323,0.000568,0.020525,0.322035
70,T70_UAV_0,HAP_1,LEO_0,80.451542,80.386511,0.003908,0.007482,0.2682
70,T70_UAV_9,BS_4,BS_3,334.507678,334.239808,0.093508,0.035747,0.193071
70,T70_UAV_7,HAP_1,HAP_0,25.204363,25.142561,0.00129,0.015308,0.226023
70,T70_UAV_8,BS_4,HAP_2,38.692786,38.516643,0.025942,0.003406,0.233972
70,T70_UAV_2,HAP_1,LEO_0,65.560628,65.490205,0.002997,0.013786,0.2682
70,T70_UAV_3,HAP_1,BS_3,159.26105,159.051922,0.049733,0.02078,0.193071
70,T70_UAV_6,BS_2,BS_3,389.849838,389.580126,0.107336,0.023761,0.193071
71,T71_UAV_1,BS_4,HAP_2,123.784581,123.719073,0.002842,0.014392,0.241374
71,T71_UAV_9,BS_4,HAP_0,174.152553,174.077098,0.00411,0.015929,0.277081
71,T71_UAV_4,BS_4,HAP_1,197.519914,197.30138,0.028554,0.03793,0.260243
71,T71_UAV_7,HAP_1,LEO_1,66.530033,66.46024,0.000679,0.00291,0.331021
71,T71_UAV_8,BS_4,HAP_2,94.829518,94.75731,0.001884,0.022049,0.241374
71,T71_UAV_6,BS_2,HAP_0,120.383555,120.317165,0.003684,0.00729,0.277081
71,T71_UAV_0,HAP_1,HAP_1,195.225178,194.978726,0.026975,0.067428,0.260243
72,T72_UAV_1,BS_4,LEO_1,145.392001,145.2131,0.041214,0.017445,0.10121
72,T72_UAV_7,HAP_1,LEO_0,61.444972,61.239478,0.045469,0.008035,0.259949
72,T72_UAV_8,BS_4,LEO_1,172.901121,172.731051,0.041653,0.008175,0.10121
72,T72_UAV_5,HAP_1,LEO_1,197.551521,197.387073,0.041492,0.002713,0.10121
72,T72_UAV_4,BS_4,HAP_0,50.9871,50.905594,0.002093,0.012262,0.335759
72,T72_UAV_6,BS_2,HAP_2,97.835816,97.761243,0.004364,0.004677,0.327661
72,T72_UAV_0,HAP_1,BS_0,123.725199,123.552282,0.040865,0.008365,0.118434
72,T72_UAV_3,HAP_1,BS_1,165.015657,164.812058,0.051175,0.018194,0.171149
73,T73_UAV_9,BS_4,LEO_0,127.44434,127.397955,0.003556,0.005784,0.185224
73,T73_UAV_3,HAP_1,LEO_1,93.922369,93.725056,0.040804,0.009729,0.233901
73,T73_UAV_0,HAP_1,HAP_2,160.073172,159.982139,0.005622,0.013728,0.358413
73,T73_UAV_7,HAP_1,HAP_0,179.452397,179.286448,0.031492,0.009076,0.12691
73,T73_UAV_1,BS_4,HAP_1,93.0434,92.867456,0.027867,0.01032,0.188787
73,T73_UAV_8,BS_4,LEO_0,59.010476,58.964542,0.001505,0.007384,0.185224
73,T73_UAV_4,BS_4,LEO_1,41.057373,40.855343,0.040432,0.014818,0.233901
73,T73_UAV_2,HAP_1,HAP_2,125.470821,125.377869,0.004219,0.01705,0.358413
73,T73_UAV_6,BS_2,LEO_0,132.732768,132.68288,0.004908,0.007936,0.185224
73,T73_UAV_5,HAP_1,HAP_0,140.10789,139.943834,0.030487,0.008187,0.12691
74,T74_UAV_9,BS_4,LEO_1,118.604646,118.554444,0.001186,0.003988,0.225144
74,T74_UAV_3,HAP_1,LEO_0,125.135255,124.936141,0.046375,0.008388,0.221754
74,T74_UAV_0,HAP_1,HAP_2,171.125871,170.941656,0.031013,0.0175,0.178504
74,T74_UAV_8,BS_4,HAP_0,190.595767,190.421073,0.029906,0.006684,0.190525
74,T74_UAV_1,BS_4,HAP_1,99.347712,99.133382,0.028066,0.047175,0.195444
74,T74_UAV_2,HAP_1,LEO_1,79.814705,79.747531,0.000812,0.021333,0.225144
74,T74_UAV_7,HAP_1,LEO_0,88.57815,88.3859,0.044346,0.003554,0.221754
74,T74_UAV_4,BS_4,HAP_2,105.386884,105.216196,0.027534,0.007454,0.178504
74,T74_UAV_6,BS_2,HAP_0,167.616026,167.430016,0.030145,0.017761,0.190525
75,T75_UAV_1,BS_4,BS_3,331.026982,330.789488,0.092646,0.022733,0.110573
75,T75_UAV_5,HAP_1,LEO_1,61.161184,61.084958,0.000718,0.009866,0.328207
75,T75_UAV_3,HAP_1,BS_1,84.400755,84.20737,0.031031,0.023613,0.193701
75,T75_UAV_4,BS_4,BS_3,174.487517,174.303081,0.053544,0.008777,0.110573
76,T76_UAV_4,BS_4,LEO_1,94.803842,94.609768,0.041006,0.013327,0.198706
76,T76_UAV_7,HAP_1,LEO_0,56.152553,55.948396,0.044954,0.01627,0.214666
76,T76_UAV_8,BS_4,HAP_2,25.93023,25.738688,0.025631,0.01444,0.257356
76,T76_UAV_3,HAP_1,HAP_0,73.306208,73.094395,0.029217,0.024949,0.28823
76,T76_UAV_2,HAP_1,LEO_1,99.288113,99.087824,0.041009,0.01954,0.198706
77,T77_UAV_8,BS_4,LEO_1,123.694621,123.640352,0.001187,0.01082,0.211309
77,T77_UAV_1,BS_4,LEO_0,88.611007,88.553735,0.003563,0.011691,0.210092
77,T77_UAV_4,BS_4,HAP_2,114.849279,114.802269,0.002757,0.007573,0.183402
77,T77_UAV_3,HAP_1,HAP_0,98.289885,98.232475,0.005667,0.00633,0.227068
77,T77_UAV_7,HAP_1,HAP_1,51.026966,50.777724,0.025607,0.046555,0.385403
77,T77_UAV_9,BS_4,LEO_1,91.594571,91.539801,0.000778,0.01173,0.211309
77,T77_UAV_0,HAP_1,LEO_0,80.080074,80.019637,0.003917,0.014501,0.210092
77,T77_UAV_6,BS_2,HAP_2,129.864555,129.81819,0.004227,0.005457,0.183402
77,T77_UAV_5,HAP_1,LEO_1,135.012934,134.965637,0.001022,0.004013,0.211309
78,T78_UAV_2,HAP_1,LEO_0,92.747378,92.68095,0.004259,0.004429,0.288699
78,T78_UAV_9,BS_4,LEO_1,250.930044,250.739256,0.041783,0.011714,0.186457
78,T78_UAV_1,BS_4,LEO_1,281.768051,281.576627,0.041975,0.012158,0.186457
78,T78_UAV_5,HAP_1,HAP_0,35.351719,35.278482,0.00197,0.017717,0.267751
78,T78_UAV_6,BS_2,HAP_2,39.391817,39.207639,0.026752,0.012832,0.22297
78,T78_UAV_3,HAP_1,LEO_1,98.007059,97.816311,0.040616,0.01284,0.186457
78,T78_UAV_0,HAP_1,LEO_0,74.334759,74.261952,0.003639,0.011428,0.288699
78,T78_UAV_7,HAP_1,LEO_1,99.182706,98.991076,0.040584,0.013755,0.186457
78,T78_UAV_8,BS_4,LEO_1,170.673527,170.47426,0.041348,0.020628,0.186457
79,T79_UAV_8,BS_4,LEO_0,86.543937,86.356626,0.042934,0.00567,0.193533
79,T79_UAV_7,HAP_1,LEO_1,93.985889,93.775713,0.040736,0.015773,0.268338
79,T79_UAV_3,HAP_1,HAP_2,144.284923,144.231074,0.005202,0.010949,0.188489
79,T79_UAV_9,BS_4,HAP_1,80.420497,80.19162,0.027129,0.06388,0.189342
79,T79_UAV_2,HAP_1,HAP_0,90.10871,90.01759,0.005225,0.013393,0.36251
79,T79_UAV_1,BS_4,LEO_0,40.727106,40.543328,0.041627,0.003445,0.193533
79,T79_UAV_4,BS_4,LEO_1,43.105945,42.893451,0.040456,0.018369,0.268338
79,T79_UAV_5,HAP_1,HAP_2,126.852197,126.799844,0.004399,0.010256,0.188489
79,T79_UAV_0,HAP_1,BS_3,140.328267,140.142428,0.045008,0.013505,0.13663
80,T80_UAV_1,BS_4,LEO_0,61.471845,61.419883,0.002476,0.010951,0.192672
80,T80_UAV_2,HAP_1,LEO_1,38.171327,37.975151,0.040387,0.005487,0.251509
80,T80_UAV_8,BS_4,HAP_2,61.145494,61.07995,0.00122,0.007451,0.284363
80,T80_UAV_7,HAP_1,HAP_0,32.389839,32.226406,0.026621,0.010578,0.131174
80,T80_UAV_0,HAP_1,HAP_1,35.193396,34.950437,0.025408,0.0619,0.278257
80,T80_UAV_4,BS_4,LEO_0,44.99051,44.939388,0.001661,0.010926,0.192672
80,T80_UAV_3,HAP_1,LEO_1,70.90325,70.696267,0.040602,0.016079,0.251509
80,T80_UAV_6,BS_2,HAP_2,176.55002,176.469418,0.005756,0.017974,0.284363
81,T81_UAV_4,BS_4,LEO_1,69.386276,69.327455,0.000742,0.01449,0.217944
81,T81_UAV_1,BS_4,LEO_0,113.676218,113.614037,0.004583,0.002832,0.273823
81,T81_UAV_2,HAP_1,HAP_0,25.208433,25.154442,0.001465,0.013358,0.19584
81,T81_UAV_8,BS_4,HAP_2,26.442302,26.362733,0.000652,0.008089,0.354141
81,T81_UAV_9,BS_4,HAP_1,27.417078,27.220908,0.025717,0.031621,0.194159
81,T81_UAV_0,HAP_1,LEO_1,57.432462,57.376389,0.000536,0.011948,0.217944
81,T81_UAV_3,HAP_1,LEO_0,104.06005,103.988533,0.005293,0.01146,0.273823
82,T82_UAV_4,BS_4,LEO_1,46.772717,46.699257,0.000702,0.01782,0.274688
82,T82_UAV_8,BS_4,HAP_2,177.874049,177.718268,0.02819,0.006046,0.107723
82,T82_UAV_3,HAP_1,BS_1,177.42932,177.329367,0.04431,0.0166,0.195215
82,T82_UAV_7,HAP_1,HAP_2,285.414828,285.254328,0.032984,0.005973,0.107723
82,T82_UAV_0,HAP_1,HAP_2,299.025101,298.86434,0.03399,0.005226,0.107723
82,T82_UAV_9,BS_4,HAP_1,71.906291,71.717386,0.026512,0.027308,0.175424
82,T82_UAV_2,HAP_1,LEO_0,52.814632,52.729459,0.004368,0.002604,0.391008
82,T82_UAV_5,HAP_1,HAP_1,87.463832,87.279151,0.025648,0.023948,0.175424
82,T82_UAV_6,BS_2,HAP_0,97.481473,97.40895,0.004121,0.009615,0.293936
83,T83_UAV_1,BS_4,LEO_1,51.792826,51.593631,0.040693,0.00916,0.24671
83,T83_UAV_7,HAP_1,LEO_0,265.810029,265.624354,0.046493,0.009599,0.147913
83,T83_UAV_9,BS_4,HAP_0,90.380271,90.290167,0.002812,0.013205,0.370434
83,T83_UAV_4,BS_4,HAP_2,97.293194,97.099467,0.027963,0.009669,0.280474
83,T83_UAV_2,HAP_1,LEO_0,292.624204,292.438239,0.04686,0.009522,0.147913
83,T83_UAV_6,BS_2,LEO_0,94.716971,94.529255,0.042415,0.015718,0.147913
83,T83_UAV_5,HAP_1,HAP_1,78.933804,78.749171,0.025622,0.014309,0.223508
83,T83_UAV_8,BS_4,LEO_0,229.007938,228.827404,0.044192,0.006759,0.147913
83,T83_UAV_0,HAP_1,LEO_0,264.084092,263.898623,0.04654,0.009346,0.147913
84,T84_UAV_0,HAP_1,LEO_1,143.578812,143.533848,0.001153,0.004589,0.196108
84,T84_UAV_8,BS_4,HAP_0,79.88925,79.727135,0.027729,0.00655,0.139179
84,T84_UAV_1,BS_4,BS_0,359.863179,359.639856,0.099858,0.003541,0.099623
84,T84_UAV_4,BS_4,BS_0,541.369209,541.100745,0.1452,0.003339,0.099623
84,T84_UAV_6,BS_3,HAP_2,44.14196,43.940784,0.026972,0.015273,0.29466
84,T84_UAV_9,BS_4,HAP_1,46.614502,46.409951,0.026216,0.027702,0.253163
84,T84_UAV_7,HAP_1,LEO_1,109.292694,109.235361,0.000753,0.017358,0.196108
84,T84_UAV_2,HAP_1,LEO_1,142.792445,142.743162,0.001246,0.008816,0.196108
84,T84_UAV_5,HAP_1,BS_0,277.122189,276.920148,0.079188,0.002929,0.099623
85,T85_UAV_7,HAP_1,LEO_1,103.629312,103.428169,0.040816,0.008597,0.258649
85,T85_UAV_0,HAP_1,LEO_0,130.331567,130.101743,0.046412,0.009659,0.368763
85,T85_UAV_8,BS_4,HAP_2,165.592617,165.541247,0.003318,0.010464,0.187944
85,T85_UAV_4,BS_4,HAP_0,195.118306,195.064123,0.005851,0.00387,0.222311
85,T85_UAV_1,BS_4,HAP_2,196.087951,196.025729,0.004566,0.020067,0.187944
85,T85_UAV_5,HAP_1,HAP_1,34.80169,34.581514,0.025265,0.045521,0.246945
85,T85_UAV_3,HAP_1,LEO_1,53.246801,53.046906,0.040449,0.007717,0.258649
85,T85_UAV_6,BS_3,LEO_0,70.659266,70.434191,0.043594,0.007728,0.368763
85,T85_UAV_2,HAP_1,HAP_0,135.107795,135.053176,0.005473,0.004684,0.222311
85,T85_UAV_9,BS_4,BS_1,158.210694,158.109914,0.039508,0.012069,0.246017
86,T86_UAV_9,BS_4,LEO_1,85.780335,85.714703,0.000852,0.016074,0.243532
86,T86_UAV_0,HAP_1,LEO_0,59.522647,59.452645,0.005318,0.018127,0.232789
86,T86_UAV_3,HAP_1,HAP_2,90.897215,90.714157,0.02956,0.009915,0.217915
86,T86_UAV_4,BS_4,HAP_0,96.622062,96.43158,0.028895,0.003727,0.289302
86,T86_UAV_7,HAP_1,BS_2,500.089374,499.810339,0.13488,0.012202,0.159759
86,T86_UAV_1,BS_4,HAP_1,37.715644,37.515322,0.02618,0.028524,0.228093
86,T86_UAV_5,HAP_1,LEO_1,84.434684,84.370606,0.000737,0.014635,0.243532
86,T86_UAV_6,BS_3,BS_2,232.023153,231.807307,0.067913,0.015981,0.159759
86,T86_UAV_2,HAP_1,BS_2,472.905602,472.609622,0.128083,0.035945,0.159759
87,T87_UAV_9,BS_4,LEO_0,106.205673,106.124068,0.002965,0.018973,0.298335
87,T87_UAV_8,BS_4,LEO_1,132.537704,132.468603,0.001527,0.006769,0.304023
87,T87_UAV_5,HAP_1,HAP_2,147.834698,147.653928,0.030054,0.014354,0.181812
87,T87_UAV_1,BS_4,HAP_0,28.964147,28.766844,0.025759,0.024175,0.23685
87,T87_UAV_0,HAP_1,HAP_1,34.766691,34.5115,0.025415,0.044376,0.427001
87,T87_UAV_4,BS_4,LEO_0,100.934353,100.846096,0.002757,0.025833,0.298335
87,T87_UAV_3,HAP_1,LEO_1,88.645609,88.569126,0.000751,0.014927,0.304023
87,T87_UAV_6,BS_3,LEO_0,116.521226,116.442955,0.004318,0.014286,0.298335
87,T87_UAV_2,HAP_1,HAP_2,145.998252,145.826487,0.02999,0.005413,0.181812
88,T88_UAV_9,BS_4,HAP_0,111.581193,111.522612,0.002728,0.012861,0.214963
88,T88_UAV_8,BS_4,LEO_1,58.753335,58.652108,0.000967,0.023085,0.385878
88,T88_UAV_4,BS_4,HAP_2,90.314578,90.262266,0.002736,0.004027,0.227745
88,T88_UAV_5,HAP_1,BS_0,296.586106,296.365703,0.084044,0.005043,0.156577
88,T88_UAV_7,HAP_1,BS_0,357.355028,357.090215,0.099218,0.03428,0.156577
88,T88_UAV_1,BS_4,LEO_0,22.027587,21.938823,0.001578,0.011998,0.375939
88,T88_UAV_2,HAP_1,HAP_1,77.978848,77.811442,0.025937,0.010137,0.156666
88,T88_UAV_3,HAP_1,HAP_0,53.265974,53.205295,0.002103,0.015584,0.214963
88,T88_UAV_0,HAP_1,HAP_1,180.631683,180.420946,0.026834,0.052569,0.156666
88,T88_UAV_6,BS_3,HAP_1,215.057264,214.855401,0.028644,0.041886,0.156666
89,T89_UAV_4,BS_4,LEO_1,85.427327,85.23012,0.040917,0.009275,0.235074
89,T89_UAV_9,BS_4,LEO_0,100.961429,100.77119,0.043792,0.020286,0.130806
89,T89_UAV_8,BS_4,HAP_2,84.678384,84.614056,0.002104,0.010141,0.260415
89,T89_UAV_0,HAP_1,LEO_0,127.839672,127.65473,0.046319,0.012462,0.130806
89,T89_UAV_5,HAP_1,HAP_0,42.613479,42.541363,0.002333,0.017064,0.263592
89,T89_UAV_2,HAP_1,HAP_1,48.108936,47.906672,0.02571,0.022431,0.270614
89,T89_UAV_1,BS_4,BS_1,59.887866,59.716312,0.024912,0.008715,0.189642
89,T89_UAV_3,HAP_1,LEO_1,98.677494,98.481213,0.040832,0.008434,0.235074
90,T90_UAV_1,BS_4,LEO_1,49.730067,49.683917,0.000669,0.004476,0.205021
90,T90_UAV_0,HAP_1,LEO_0,64.534614,64.479755,0.005793,0.004633,0.222171
90,T90_UAV_4,BS_4,HAP_1,195.652987,195.44984,0.028273,0.039068,0.17903
90,T90_UAV_2,HAP_1,HAP_2,29.864515,29.779805,0.001425,0.01244,0.354221
90,T90_UAV_3,HAP_1,BS_2,68.168516,67.996918,0.026981,0.013256,0.156811
90,T90_UAV_7,HAP_1,HAP_1,150.036759,149.832519,0.026503,0.041931,0.17903
90,T90_UAV_8,BS_4,HAP_1,192.920094,192.726031,0.028724,0.029533,0.17903
91,T91_UAV_8,BS_4,LEO_1,146.66755,146.60145,0.00142,0.011141,0.267696
91,T91_UAV_1,BS_4,LEO_0,100.446418,100.374796,0.004077,0.011139,0.282038
91,T91_UAV_0,HAP_1,HAP_2,161.10888,160.936788,0.030801,0.006529,0.173815
91,T91_UAV_9,BS_4,HAP_0,30.404052,30.21017,0.025956,0.012941,0.274921
91,T91_UAV_4,BS_4,HAP_1,26.777733,26.597677,0.0256,0.01972,0.173682
91,T91_UAV_5,HAP_1,LEO_1,64.256678,64.193881,0.000484,0.008774,0.267696
91,T91_UAV_6,BS_3,LEO_0,96.600786,96.532026,0.004944,0.007408,0.282038
91,T91_UAV_2,HAP_1,HAP_2,99.414966,99.242357,0.028412,0.009433,0.173815
91,T91_UAV_3,HAP_1,LEO_1,149.527806,149.468938,0.001095,0.004233,0.267696
92,T92_UAV_4,BS_4,LEO_1,93.212833,93.022816,0.041004,0.012314,0.183496
92,T92_UAV_9,BS_4,LEO_0,98.47494,98.397676,0.003708,0.006977,0.332891
92,T92_UAV_3,HAP_1,HAP_0,175.872223,175.68234,0.031907,0.021278,0.183493
92,T92_UAV_1,BS_4,HAP_2,97.887742,97.712726,0.027927,0.004697,0.211962
92,T92_UAV_5,HAP_1,HAP_1,34.632572,34.41143,0.025247,0.057297,0.192988
92,T92_UAV_6,BS_3,LEO_0,74.5665,74.489796,0.003816,0.00631,0.332891
92,T92_UAV_7,HAP_1,LEO_1,81.400946,81.212989,0.040648,0.01061,0.183496
92,T92_UAV_8,BS_4,BS_1,122.44011,122.347412,0.030572,0.016467,0.228296
92,T92_UAV_0,HAP_1,HAP_0,131.688581,131.500772,0.030414,0.020695,0.183493
93,T93_UAV_1,BS_4,LEO_0,130.435544,130.258397,0.043903,0.013799,0.097223
93,T93_UAV_9,BS_4,HAP_1,154.438149,154.255289,0.028185,0.015613,0.195317
93,T93_UAV_5,HAP_1,LEO_0,138.708928,138.537797,0.044874,0.006813,0.097223
93,T93_UAV_4,BS_4,LEO_1,26.516635,26.463778,0.000403,0.008365,0.220445
93,T93_UAV_3,HAP_1,HAP_2,63.339281,63.163014,0.028145,0.00612,0.210007
93,T93_UAV_8,BS_4,LEO_0,68.200724,68.029543,0.04172,0.010017,0.097223
93,T93_UAV_6,BS_3,BS_0,73.452416,73.280452,0.028301,0.022243,0.107097
93,T93_UAV_2,HAP_1,BS_2,109.063431,108.862118,0.037192,0.027769,0.181761
93,T93_UAV_7,HAP_1,HAP_1,136.520577,136.328388,0.026459,0.026666,0.195317
94,T94_UAV_1,BS_4,LEO_0,70.462003,70.402607,0.002869,0.009926,0.233008
94,T94_UAV_8,BS_4,LEO_1,89.613707,89.531808,0.001037,0.017772,0.315447
94,T94_UAV_7,HAP_1,HAP_2,237.2637,237.20915,0.00649,0.01036,0.188497
94,T94_UAV_9,BS_4,HAP_1,27.62629,27.441307,0.025701,0.016825,0.212284
94,T94_UAV_5,HAP_1,HAP_0,36.585081,36.375148,0.026973,0.022323,0.303186
94,T94_UAV_4,BS_4,LEO_1,60.628954,60.562458,0.000656,0.002751,0.315447
94,T94_UAV_0,HAP_1,LEO_0,88.17586,88.109965,0.004388,0.014906,0.233008
94,T94_UAV_6,BS_3,HAP_2,152.337396,152.286342,0.004269,0.009086,0.188497
94,T94_UAV_3,HAP_1,HAP_2,180.817038,180.766533,0.005428,0.007378,0.188497
95,T95_UAV_8,BS_4,LEO_1,38.232613,38.148227,0.000632,0.00962,0.370668
95,T95_UAV_1,BS_4,LEO_0,66.235972,66.167031,0.004794,0.004387,0.298802
95,T95_UAV_0,HAP_1,BS_1,189.796627,189.602013,0.057369,0.007522,0.148618
95,T95_UAV_4,BS_4,HAP_0,31.441072,31.373129,0.001255,0.022609,0.220396
95,T95_UAV_6,BS_3,HAP_1,59.013424,58.830634,0.026084,0.019425,0.186406
95,T95_UAV_3,HAP_1,HAP_2,62.707982,62.636713,0.003117,0.008294,0.299291
95,T95_UAV_7,HAP_1,HAP_1,188.666522,188.47358,0.027026,0.028634,0.186406
96,T96_UAV_3,HAP_1,LEO_1,152.409788,152.220953,0.04111,0.008208,0.197582
96,T96_UAV_9,BS_4,LEO_0,53.905138,53.826456,0.003572,0.004293,0.35409
96,T96_UAV_4,BS_4,HAP_0,195.921758,195.84465,0.005813,0.018868,0.26213
96,T96_UAV_1,BS_4,HAP_1,95.287765,95.087932,0.028026,0.032985,0.194109
96,T96_UAV_2,HAP_1,LEO_1,176.162067,175.974749,0.04153,0.006273,0.197582
96,T96_UAV_8,BS_4,HAP_0,66.486321,66.417879,0.001771,0.014245,0.26213
96,T96_UAV_5,HAP_1,HAP_2,70.516359,70.434727,0.003298,0.005736,0.362988
96,T96_UAV_7,HAP_1,BS_0,94.456183,94.270978,0.033546,0.012947,0.193564
96,T96_UAV_6,BS_3,BS_2,121.826607,121.62366,0.040381,0.025348,0.186092
96,T96_UAV_0,HAP_1,LEO_1,122.487938,122.299361,0.040993,0.008068,0.197582
97,T97_UAV_8,BS_4,LEO_1,99.790493,99.72542,0.000969,0.013965,0.250693
97,T97_UAV_7,HAP_1,LEO_0,111.434011,111.260617,0.045247,0.007259,0.104437
97,T97_UAV_0,HAP_1,HAP_2,87.329813,87.160368,0.029467,0.009778,0.151004
97,T97_UAV_9,BS_4,HAP_1,91.330152,91.14174,0.027318,0.020646,0.202234
97,T97_UAV_6,BS_3,HAP_0,30.568065,30.364907,0.026314,0.00916,0.338417
97,T97_UAV_4,BS_4,LEO_1,99.789731,99.725295,0.000912,0.013385,0.250693
97,T97_UAV_2,HAP_1,LEO_0,100.446355,100.277704,0.044692,0.003071,0.104437
97,T97_UAV_3,HAP_1,LEO_1,153.401663,153.346292,0.001119,0.004113,0.250693
98,T98_UAV_8,BS_4,LEO_0,172.680426,172.632471,0.004363,0.004524,0.19534
98,T98_UAV_2,HAP_1,LEO_1,122.703067,122.497346,0.041253,0.012514,0.259768
98,T98_UAV_7,HAP_1,HAP_2,186.332804,186.273162,0.005907,0.009601,0.220672
98,T98_UAV_1,BS_4,HAP_0,97.178049,96.993016,0.027567,0.010419,0.235231
98,T98_UAV_9,BS_4,HAP_1,25.396252,25.20334,0.025638,0.008265,0.295047
98,T98_UAV_0,HAP_1,LEO_0,53.712414,53.662331,0.001947,0.009068,0.19534
98,T98_UAV_6,BS_3,LEO_1,41.218659,41.01906,0.040285,0.007361,0.259768
98,T98_UAV_4,BS_4,LEO_0,63.514867,63.464791,0.001723,0.009285,0.19534
98,T98_UAV_5,HAP_1,HAP_2,122.713777,122.654223,0.004129,0.01129,0.220672
99,T99_UAV_8,BS_4,LEO_1,38.916969,38.732683,0.040642,0.003493,0.200752
99,T99_UAV_7,HAP_1,LEO_0,123.743766,123.555257,0.045804,0.004716,0.189946
99,T99_UAV_4,BS_4,HAP_0,188.7064,188.640963,0.005584,0.023015,0.184192
99,T99_UAV_5,HAP_1,LEO_0,43.22422,43.037963,0.042059,0.006207,0.189946
99,T99_UAV_9,BS_4,HAP_2,44.294157,44.112343,0.026219,0.013095,0.212502
99,T99_UAV_0,HAP_1,HAP_0,68.690449,68.625633,0.002854,0.025124,0.184192
99,T99_UAV_2,HAP_1,HAP_1,77.402621,77.195201,0.02613,0.027305,0.269924
99,T99_UAV_1,BS_4,BS_1,91.266526,91.080227,0.032749,0.01661,0.184706
100,T100_UAV_8,BS_4,LEO_1,134.015148,133.951134,0.001305,0.012436,0.251369
100,T100_UAV_9,BS_4,LEO_0,92.045009,91.995034,0.003469,0.005026,0.207397
100,T100_UAV_1,BS_4,HAP_0,145.55972,145.493618,0.003087,0.010798,0.261088
100,T100_UAV_3,HAP_1,HAP_2,93.601097,93.426529,0.029614,0.003527,0.207138
100,T100_UAV_0,HAP_1,LEO_1,189.128742,189.063372,0.001542,0.013554,0.251369
100,T100_UAV_6,BS_3,HAP_1,25.739747,25.550213,0.025563,0.013597,0.25187
100,T100_UAV_4,BS_4,LEO_0,48.359468,48.313635,0.001761,0.002593,0.207397
100,T100_UAV_7,HAP_1,LEO_1,102.551721,102.490416,0.000726,0.010305,0.251369
100,T100_UAV_2,HAP_1,HAP_0,160.909757,160.841622,0.006597,0.009321,0.261088
101,T101_UAV_9,BS_4,HAP_2,147.309227,147.261023,0.002884,0.007023,0.191489
101,T101_UAV_8,BS_4,HAP_2,196.896067,196.847704,0.003578,0.006487,0.191489
101,T101_UAV_5,HAP_1,HAP_2,283.983327,283.934289,0.008094,0.002646,0.191489
101,T101_UAV_7,HAP_1,LEO_0,36.945042,36.881834,0.001729,0.009308,0.260854
101,T101_UAV_1,BS_4,LEO_1,52.097453,51.901051,0.040503,0.014865,0.20517
101,T101_UAV_4,BS_4,HAP_1,44.81461,44.621474,0.026024,0.013842,0.26635
101,T101_UAV_3,HAP_1,HAP_0,59.647645,59.562691,0.003321,0.005767,0.379331
101,T101_UAV_0,HAP_1,LEO_0,89.416204,89.347607,0.004481,0.011945,0.260854
101,T101_UAV_6,BS_3,LEO_1,103.70397,103.498188,0.040719,0.02403,0.20517
102,T102_UAV_9,BS_4,LEO_1,140.285365,140.231801,0.001181,0.012806,0.197883
102,T102_UAV_1,BS_4,LEO_0,103.60867,103.519961,0.00426,0.007004,0.387223
102,T102_UAV_6,BS_3,HAP_0,27.445241,27.283043,0.026192,0.01515,0.10428
102,T102_UAV_8,BS_4,HAP_2,29.202747,29.017942,0.025727,0.005402,0.268376
102,T102_UAV_5,HAP_1,HAP_1,32.628976,32.428355,0.025259,0.015525,0.299185
102,T102_UAV_3,HAP_1,LEO_1,90.116969,90.060144,0.000655,0.016594,0.197883
102,T102_UAV_4,BS_4,LEO_0,69.244897,69.155431,0.002516,0.009506,0.387223
102,T102_UAV_7,HAP_1,LEO_1,149.384663,149.339652,0.001061,0.004373,0.197883
103,T103_UAV_9,BS_4,LEO_1,75.669691,75.613948,0.000747,0.0031,0.259479
103,T103_UAV_8,BS_4,LEO_0,115.390369,115.207187,0.043878,0.009344,0.149801
103,T103_UAV_5,HAP_1,HAP_0,97.195801,97.121184,0.005208,0.019283,0.250632
103,T103_UAV_3,HAP_1,HAP_2,36.104712,35.92697,0.026764,0.003511,0.237334
103,T103_UAV_1,BS_4,HAP_1,40.057689,39.857095,0.02627,0.027693,0.233156
103,T103_UAV_6,BS_3,LEO_1,69.863704,69.80763,0.000485,0.003693,0.259479
103,T103_UAV_7,HAP_1,LEO_0,82.528399,82.351757,0.04384,0.002841,0.149801
104,T104_UAV_5,HAP_1,LEO_1,51.046936,50.957269,0.000592,0.013221,0.379272
104,T104_UAV_1,BS_4,LEO_0,122.080365,121.886868,0.045022,0.008224,0.20126
104,T104_UAV_3,HAP_1,HAP_2,93.536731,93.484639,0.004599,0.004701,0.213958
104,T104_UAV_4,BS_4,HAP_0,40.114317,40.034792,0.001585,0.014321,0.318093
104,T104_UAV_0,HAP_1,LEO_0,58.196492,58.005329,0.042909,0.008002,0.20126
104,T104_UAV_7,HAP_1,HAP_1,60.321276,60.101802,0.025745,0.028563,0.325828
105,T105_UAV_4,BS_4,LEO_0,54.148708,54.092593,0.00344,0.007212,0.227313
105,T105_UAV_5,HAP_1,LEO_1,17.062677,16.872938,0.040194,0.004714,0.224156
105,T105_UAV_9,BS_4,HAP_2,32.982491,32.917337,0.000918,0.009442,0.273968
105,T105_UAV_7,HAP_1,HAP_0,44.731015,44.656942,0.002158,0.005071,0.334216
105,T105_UAV_0,HAP_1,HAP_1,64.317536,64.108465,0.025836,0.042492,0.203715
105,T105_UAV_1,BS_4,BS_1,77.236174,77.071983,0.029251,0.003323,0.158084
106,T106_UAV_4,BS_4,LEO_1,78.526902,78.471532,0.000719,0.004955,0.248478
106,T106_UAV_3,HAP_1,LEO_0,126.090977,126.016025,0.006329,0.005385,0.316191
106,T106_UAV_8,BS_4,HAP_0,79.10942,78.952643,0.027816,0.007684,0.10639
106,T106_UAV_2,HAP_1,HAP_2,95.919751,95.828654,0.004698,0.01267,0.368643
106,T106_UAV_1,BS_4,HAP_1,35.767911,35.569791,0.026135,0.022837,0.24574
106,T106_UAV_9,BS_4,BS_2,59.958466,59.81032,0.024938,0.001719,0.107451
106,T106_UAV_7,HAP_1,LEO_1,112.088543,112.021485,0.000803,0.016561,0.248478
106,T106_UAV_5,HAP_1,LEO_0,92.978884,92.899879,0.004424,0.011343,0.316191
106,T106_UAV_6,BS_3,LEO_1,152.514972,152.444252,0.000936,0.020088,0.248478
107,T107_UAV_7,HAP_1,LEO_1,192.186596,192.112035,0.001379,0.017431,0.278755
107,T107_UAV_9,BS_4,HAP_0,199.083009,199.028469,0.00506,0.003622,0.229291
107,T107_UAV_1,BS_4,HAP_2,99.948555,99.79047,0.028089,0.009658,0.101692
107,T107_UAV_8,BS_4,LEO_0,60.526786,60.452634,0.002034,0.005691,0.332139
107,T107_UAV_4,BS_4,HAP_1,42.673605,42.487942,0.025985,0.023942,0.178679
107,T107_UAV_3,HAP_1,LEO_1,98.277795,98.207735,0.000711,0.013598,0.278755
107,T107_UAV_5,HAP_1,LEO_0,83.516117,83.436505,0.003969,0.009216,0.332139
107,T107_UAV_0,HAP_1,LEO_1,128.968582,128.907625,0.001056,0.00415,0.278755
107,T107_UAV_6,BS_3,HAP_0,183.947501,183.886446,0.005924,0.009272,0.229291
108,T108_UAV_9,BS_4,LEO_0,179.212138,179.04462,0.043568,0.004419,0.097658
108,T108_UAV_5,HAP_1,HAP_2,167.970873,167.90791,0.005562,0.008423,0.244883
108,T108_UAV_2,HAP_1,LEO_0,230.937922,230.761974,0.045548,0.010869,0.097658
108,T108_UAV_1,BS_4,BS_1,381.329411,381.066597,0.105209,0.01855,0.195278
108,T108_UAV_0,HAP_1,LEO_0,105.256524,105.085828,0.042656,0.008509,0.097658
108,T108_UAV_3,HAP_1,HAP_2,82.401047,82.33421,0.002883,0.014978,0.244883
108,T108_UAV_7,HAP_1,LEO_0,118.241396,118.065658,0.042778,0.013429,0.097658
108,T108_UAV_8,BS_4,BS_0,95.511365,95.431704,0.023846,0.003549,0.261327
108,T108_UAV_4,BS_4,LEO_0,126.383503,126.21113,0.042432,0.010409,0.097658
108,T108_UAV_6,BS_3,BS_1,200.020197,199.815417,0.059919,0.005805,0.195278
109,T109_UAV_9,BS_4,LEO_1,82.169677,81.96796,0.040806,0.019261,0.208249
109,T109_UAV_7,HAP_1,HAP_0,65.473204,65.285021,0.02813,0.012925,0.235642
109,T109_UAV_8,BS_4,HAP_2,71.282909,71.090766,0.026798,0.006775,0.292849
109,T109_UAV_0,HAP_1,LEO_0,48.686415,48.468391,0.04244,0.01084,0.32372
109,T109_UAV_6,BS_3,HAP_1,37.582666,37.350585,0.025802,0.031066,0.376069
109,T109_UAV_1,BS_4,LEO_1,53.559473,53.366676,0.040515,0.010633,0.208249
109,T109_UAV_5,HAP_1,LEO_0,74.451765,74.228401,0.043515,0.015106,0.32372
109,T109_UAV_2,HAP_1,BS_2,114.127283,114.034676,0.028494,0.015196,0.244585
110,T110_UAV_8,BS_4,HAP_0,53.306555,53.128046,0.026907,0.013645,0.189789
110,T110_UAV_7,HAP_1,LEO_1,130.10159,129.890107,0.041078,0.023922,0.232415
110,T110_UAV_3,HAP_1,LEO_0,131.283668,131.075926,0.046561,0.008031,0.265749
110,T110_UAV_1,BS_4,HAP_2,45.970411,45.79222,0.026424,0.004544,0.236116
110,T110_UAV_0,HAP_1,HAP_1,55.89925,55.698718,0.025742,0.010577,0.321068
110,T110_UAV_4,BS_4,LEO_1,66.709531,66.50541,0.040721,0.016917,0.232415
110,T110_UAV_2,HAP_1,LEO_0,128.08673,127.879258,0.046078,0.008245,0.265749
111,T111_UAV_8,BS_4,LEO_1,121.429905,121.380236,0.001191,0.003191,0.226431
111,T111_UAV_3,HAP_1,LEO_0,109.63999,109.5731,0.005489,0.022414,0.194935
111,T111_UAV_2,HAP_1,HAP_0,88.284728,88.229818,0.005302,0.01242,0.185947
111,T111_UAV_9,BS_4,HAP_2,25.36373,25.177671,0.025704,0.023905,0.182248
111,T111_UAV_6,BS_3,HAP_1,32.276789,32.054478,0.025683,0.049248,0.236899
111,T111_UAV_4,BS_4,LEO_1,71.232245,71.181534,0.000653,0.004771,0.226431
111,T111_UAV_7,HAP_1,LEO_0,86.190135,86.132468,0.003964,0.014715,0.194935
111,T111_UAV_5,HAP_1,LEO_1,133.683533,133.632883,0.001005,0.004359,0.226431
112,T112_UAV_0,HAP_1,LEO_0,99.803418,99.731457,0.005052,0.01497,0.259695
112,T112_UAV_7,HAP_1,LEO_1,108.577953,108.379314,0.040904,0.01766,0.200378
112,T112_UAV_8,BS_4,HAP_1,182.33555,182.160435,0.028505,0.008992,0.188091
112,T112_UAV_1,BS_4,BS_2,167.119652,166.925517,0.051703,0.008472,0.169802
112,T112_UAV_9,BS_4,HAP_1,294.374914,294.16246,0.030257,0.044579,0.188091
112,T112_UAV_4,BS_4,HAP_2,47.845761,47.788054,0.001395,0.014508,0.209019
112,T112_UAV_5,HAP_1,LEO_0,75.169542,75.102358,0.003552,0.011693,0.259695
112,T112_UAV_2,HAP_1,LEO_1,78.308408,78.123951,0.040796,0.003585,0.200378
112,T112_UAV_3,HAP_1,HAP_1,99.398852,99.174361,0.025824,0.06105,0.188091
113,T113_UAV_2,HAP_1,LEO_0,104.542387,104.447104,0.004989,0.013956,0.381689
113,T113_UAV_8,BS_4,LEO_1,165.072132,164.885183,0.041619,0.008958,0.181861
113,T113_UAV_7,HAP_1,HAP_0,168.662794,168.475883,0.030773,0.010386,0.228762
113,T113_UAV_9,BS_4,HAP_1,84.566723,84.373807,0.027067,0.026565,0.196423
113,T113_UAV_4,BS_4,LEO_1,194.649775,194.447235,0.041783,0.024384,0.181861
113,T113_UAV_1,BS_4,HAP_2,37.125306,37.056029,0.001163,0.007727,0.301934
113,T113_UAV_0,HAP_1,BS_1,67.964306,67.88082,0.016962,0.006888,0.298182
113,T113_UAV_5,HAP_1,LEO_0,73.973412,73.88662,0.00349,0.006965,0.381689
113,T113_UAV_3,HAP_1,LEO_1,99.158225,98.965782,0.040712,0.015358,0.181861
113,T113_UAV_6,BS_3,HAP_0,183.89093,183.701662,0.030965,0.012551,0.228762
114,T114_UAV_9,BS_4,LEO_1,162.275758,162.222088,0.001362,0.015895,0.182065
114,T114_UAV_3,HAP_1,LEO_0,120.80595,120.610341,0.046026,0.019749,0.149168
114,T114_UAV_4,BS_4,HAP_2,96.571116,96.486956,0.002808,0.007481,0.369355
114,T114_UAV_5,HAP_1,HAP_0,35.11611,34.920658,0.026834,0.011707,0.284556
114,T114_UAV_8,BS_4,LEO_1,79.607208,79.560811,0.000782,0.009202,0.182065
114,T114_UAV_1,BS_4,HAP_1,49.317342,49.063056,0.026572,0.052052,0.378308
114,T114_UAV_7,HAP_1,LEO_0,86.821748,86.636568,0.04396,0.011386,0.149168
114,T114_UAV_6,BS_3,LEO_1,142.682169,142.633064,0.000873,0.011819,0.182065
114,T114_UAV_2,HAP_1,BS_0,142.927231,142.741362,0.04566,0.008882,0.156633
115,T115_UAV_8,BS_4,LEO_1,151.122817,151.048776,0.001486,0.013241,0.296572
115,T115_UAV_5,HAP_1,HAP_2,92.023863,91.866134,0.02914,0.006384,0.111026
115,T115_UAV_3,HAP_1,LEO_0,53.297148,53.240515,0.002661,0.012215,0.20878
115,T115_UAV_2,HAP_1,HAP_0,42.700308,42.524387,0.027559,0.008995,0.196838
115,T115_UAV_7,HAP_1,HAP_1,51.401029,51.142412,0.025668,0.062812,0.350688
115,T115_UAV_0,HAP_1,LEO_1,95.236876,95.161515,0.000782,0.015264,0.296572
115,T115_UAV_1,BS_4,LEO_0,78.998794,78.94181,0.003303,0.011925,0.20878
115,T115_UAV_6,BS_3,LEO_1,118.929263,118.859617,0.000728,0.009605,0.296572
116,T116_UAV_8,BS_4,LEO_0,96.268769,96.199052,0.00323,0.012825,0.268308
116,T116_UAV_4,BS_4,HAP_2,137.689075,137.63579,0.003143,0.013439,0.183514
116,T116_UAV_1,BS_4,LEO_1,25.433844,25.236422,0.040332,0.010585,0.232529
116,T116_UAV_7,HAP_1,HAP_0,47.283121,47.223178,0.002242,0.016254,0.207235
116,T116_UAV_6,BS_3,HAP_1,59.295967,59.020019,0.026241,0.059938,0.448846
116,T116_UAV_9,BS_4,HAP_2,70.865991,70.818757,0.001583,0.008948,0.183514
116,T116_UAV_5,HAP_1,LEO_0,109.05206,108.976528,0.00513,0.01674,0.268308
117,T117_UAV_9,BS_4,LEO_0,71.344545,71.267599,0.002693,0.005927,0.341628
117,T117_UAV_2,HAP_1,LEO_1,107.774026,107.569346,0.041093,0.008041,0.277728
117,T117_UAV_7,HAP_1,HAP_2,163.165638,163.100857,0.004964,0.005578,0.271198
117,T117_UAV_4,BS_4,HAP_0,168.764607,168.693434,0.004908,0.006516,0.298746
117,T117_UAV_0,HAP_1,HAP_1,39.723094,39.476432,0.025541,0.048209,0.364561
117,T117_UAV_5,HAP_1,LEO_0,56.142215,56.060836,0.002636,0.010417,0.341628
117,T117_UAV_1,BS_4,LEO_1,65.109291,64.888757,0.040624,0.024363,0.277728
117,T117_UAV_3,HAP_1,HAP_2,155.190261,155.126633,0.005381,0.004007,0.271198
117,T117_UAV_6,BS_3,HAP_0,192.592437,192.517041,0.006291,0.009355,0.298746
118,T118_UAV_7,HAP_1,LEO_1,59.107124,59.058167,0.000665,0.007392,0.204502
118,T118_UAV_0,HAP_1,LEO_0,119.34392,119.150225,0.046063,0.014143,0.167445
118,T118_UAV_5,HAP_1,LEO_0,121.438713,121.244677,0.045689,0.014859,0.167445
118,T118_UAV_3,HAP_1,HAP_0,36.875822,36.689386,0.02699,0.00796,0.257431
118,T118_UAV_4,BS_4,HAP_2,46.469046,46.385991,0.001341,0.003826,0.389435
118,T118_UAV_9,BS_4,BS_2,69.244532,69.076555,0.027253,0.007239,0.167425
118,T118_UAV_6,BS_3,HAP_1,96.652707,96.441323,0.027016,0.036142,0.24113
118,T118_UAV_2,HAP_1,BS_0,170.10093,169.904823,0.052445,0.007071,0.182956
119,T119_UAV_3,HAP_1,LEO_0,54.524313,54.325851,0.044896,0.010974,0.212961
119,T119_UAV_8,BS_4,LEO_1,17.682541,17.615364,0.000295,0.005082,0.308999
119,T119_UAV_1,BS_4,HAP_2,58.028756,57.874245,0.026423,0.004814,0.116369
119,T119_UAV_7,HAP_1,HAP_0,51.331346,51.274824,0.002423,0.010198,0.219507
119,T119_UAV_5,HAP_1,HAP_2,94.892448,94.73435,0.02808,0.006743,0.116369
119,T119_UAV_6,BS_3,BS_1,163.040097,162.848479,0.050684,0.005846,0.175436
120,T120_UAV_5,HAP_1,LEO_1,125.554476,125.465634,0.001098,0.013902,0.36921
120,T120_UAV_7,HAP_1,LEO_0,189.616673,189.55832,0.006271,0.014197,0.189423
120,T120_UAV_8,BS_4,HAP_2,97.561024,97.505352,0.002497,0.003654,0.247608
120,T120_UAV_1,BS_4,HAP_0,38.669258,38.487242,0.026036,0.007004,0.244881
120,T120_UAV_9,BS_4,HAP_1,40.405243,40.218542,0.025968,0.012553,0.240903
120,T120_UAV_2,HAP_1,LEO_1,69.161946,69.075217,0.000701,0.012185,0.36921
120,T120_UAV_6,BS_3,LEO_0,155.645529,155.594659,0.00581,0.007175,0.189423
120,T120_UAV_3,HAP_1,LEO_0,184.862007,184.814365,0.006689,0.003068,0.189423
121,T121_UAV_4,BS_4,LEO_0,38.853402,38.777424,0.002432,0.011251,0.311479
121,T121_UAV_6,BS_3,LEO_1,37.045556,36.857151,0.040254,0.020007,0.140723
121,T121_UAV_9,BS_4,HAP_0,37.142552,37.093681,0.001269,0.004995,0.213032
121,T121_UAV_0,HAP_1,HAP_1,36.240363,36.047633,0.025502,0.041284,0.129724
121,T121_UAV_1,BS_4,LEO_1,67.99324,67.820766,0.040652,0.003677,0.140723
121,T121_UAV_2,HAP_1,BS_0,122.993035,122.799624,0.040675,0.014302,0.192175
121,T121_UAV_5,HAP_1,BS_2,131.413696,131.226422,0.04278,0.005993,0.192504
122,T122_UAV_7,HAP_1,LEO_1,59.919302,59.857605,0.000679,0.015964,0.225274
122,T122_UAV_1,BS_4,HAP_2,94.137933,93.956861,0.028002,0.013686,0.196921
122,T122_UAV_4,BS_4,LEO_0,26.142541,26.061178,0.001633,0.002906,0.384118
122,T122_UAV_0,HAP_1,HAP_1,46.983953,46.784941,0.025654,0.036124,0.186171
122,T122_UAV_5,HAP_1,HAP_0,58.497593,58.434807,0.003038,0.007282,0.262331
122,T122_UAV_6,BS_3,BS_1,123.887997,123.700087,0.0409,0.008969,0.190212
123,T123_UAV_1,BS_4,LEO_1,83.040131,82.846428,0.040796,0.012677,0.201148
123,T123_UAV_8,BS_4,LEO_0,87.586224,87.39809,0.042955,0.007666,0.187566
123,T123_UAV_2,HAP_1,HAP_2,80.079335,79.896943,0.029014,0.010847,0.212657
123,T123_UAV_3,HAP_1,HAP_0,194.817035,194.722738,0.007385,0.016102,0.354044
123,T123_UAV_4,BS_4,HAP_1,96.308357,96.114578,0.027292,0.021601,0.224429
123,T123_UAV_7,HAP_1,LEO_0,45.082669,44.895662,0.042012,0.007482,0.187566
123,T123_UAV_9,BS_4,LEO_1,57.094044,56.905257,0.040558,0.008,0.201148
123,T123_UAV_0,HAP_1,BS_0,125.862985,125.675232,0.041393,0.006654,0.198534
123,T123_UAV_6,BS_3,HAP_0,160.850398,160.759499,0.005299,0.014791,0.354044
124,T124_UAV_3,HAP_1,LEO_1,97.526239,97.338094,0.0408,0.009658,0.188436
124,T124_UAV_4,BS_4,LEO_0,117.462045,117.399519,0.0042,0.007635,0.253452
124,T124_UAV_1,BS_4,HAP_2,184.623644,184.570988,0.004584,0.004478,0.217974
124,T124_UAV_2,HAP_1,HAP_0,25.922349,25.768527,0.026564,0.003973,0.116424
124,T124_UAV_6,BS_3,HAP_1,47.856029,47.647295,0.025976,0.027121,0.278184
124,T124_UAV_7,HAP_1,LEO_1,70.626882,70.437993,0.0406,0.010602,0.188436
124,T124_UAV_8,BS_4,LEO_0,75.052366,74.988595,0.002543,0.010537,0.253452
124,T124_UAV_5,HAP_1,HAP_2,120.593476,120.530821,0.003891,0.01517,0.217974
125,T125_UAV_4,BS_4,LEO_1,88.731075,88.676273,0.000974,0.005791,0.240187
125,T125_UAV_1,BS_4,LEO_0,56.174967,55.972187,0.044216,0.015627,0.214685
125,T125_UAV_8,BS_4,HAP_0,51.777222,51.727069,0.001868,0.002775,0.227555
125,T125_UAV_7,HAP_1,HAP_2,57.116354,57.035453,0.0023,0.013496,0.325523
125,T125_UAV_2,HAP_1,HAP_1,71.529725,71.308935,0.026025,0.012743,0.41011
125,T125_UAV_6,BS_3,LEO_1,107.32693,107.262079,0.00074,0.016073,0.240187
126,T126_UAV_5,HAP_1,LEO_1,50.071839,49.995746,0.00059,0.018504,0.284993
126,T126_UAV_4,BS_4,LEO_0,55.118544,55.065371,0.003441,0.007748,0.209921
126,T126_UAV_1,BS_4,HAP_0,83.770527,83.709257,0.002273,0.002162,0.284174
126,T126_UAV_0,HAP_1,HAP_2,42.410635,42.33218,0.002272,0.008793,0.336948
126,T126_UAV_6,BS_3,HAP_1,47.490644,47.262594,0.025962,0.0424,0.298438
126,T126_UAV_7,HAP_1,BS_1,288.54724,288.335313,0.08204,0.004282,0.128024
126,T126_UAV_8,BS_4,BS_1,325.310753,325.086906,0.091224,0.007019,0.128024
126,T126_UAV_2,HAP_1,BS_1,409.718682,409.464828,0.112308,0.015941,0.128024
127,T127_UAV_1,BS_4,LEO_1,51.439531,51.24886,0.04042,0.013148,0.185511
127,T127_UAV_9,BS_4,LEO_0,20.876386,20.800719,0.001386,0.011151,0.315652
127,T127_UAV_4,BS_4,HAP_2,51.686088,51.517394,0.026158,0.014029,0.142535
127,T127_UAV_0,HAP_1,LEO_1,100.780436,100.597017,0.040827,0.005489,0.185511
127,T127_UAV_7,HAP_1,HAP_2,179.436706,179.27451,0.030335,0.003354,0.142535
127,T127_UAV_6,BS_3,LEO_1,180.005808,179.819681,0.041098,0.007927,0.185511
128,T128_UAV_0,HAP_1,LEO_0,54.306185,54.218552,0.005029,0.00667,0.379673
128,T128_UAV_3,HAP_1,BS_2,153.622021,153.436848,0.048333,0.010869,0.129854
128,T128_UAV_1,BS_4,BS_0,180.08089,179.875359,0.054936,0.014025,0.182847
128,T128_UAV_6,BS_3,LEO_1,53.86677,53.676254,0.040369,0.008145,0.21001
128,T128_UAV_4,BS_4,HAP_0,43.218467,43.036396,0.026652,0.010618,0.223998
128,T128_UAV_9,BS_4,HAP_2,46.734955,46.534775,0.026334,0.020711,0.265675
128,T128_UAV_2,HAP_1,HAP_1,51.72106,51.500535,0.02574,0.029603,0.325914
128,T128_UAV_7,HAP_1,LEO_1,63.329034,63.132495,0.040541,0.013996,0.21001
129,T129_UAV_4,BS_4,LEO_1,70.31729,70.259221,0.000775,0.015143,0.210752
129,T129_UAV_2,HAP_1,LEO_0,149.10518,148.921538,0.045261,0.003478,0.174513
129,T129_UAV_1,BS_4,HAP_0,81.385041,81.326142,0.002215,0.009756,0.234638
129,T129_UAV_8,BS_4,HAP_2,95.582021,95.397823,0.027463,0.01251,0.221125
129,T129_UAV_3,HAP_1,LEO_0,175.754014,175.555405,0.046322,0.017385,0.174513
129,T129_UAV_7,HAP_1,HAP_1,58.977236,58.77538,0.025826,0.025815,0.251073
129,T129_UAV_0,HAP_1,LEO_1,97.414842,97.36731,0.000936,0.004445,0.210752
129,T129_UAV_9,BS_4,LEO_0,97.575285,97.383518,0.042728,0.014137,0.174513
130,T130_UAV_3,HAP_1,LEO_1,53.456014,53.386279,0.000578,0.010114,0.295214
130,T130_UAV_4,BS_4,LEO_0,54.131111,53.931864,0.04335,0.006083,0.249071
130,T130_UAV_9,BS_4,HAP_2,85.351969,85.293747,0.002458,0.010752,0.225061
130,T130_UAV_0,HAP_1,HAP_0,40.018223,39.950448,0.002496,0.00789,0.286942
130,T130_UAV_2,HAP_1,BS_1,338.894291,338.658188,0.094612,0.010142,0.156743
130,T130_UAV_1,BS_4,BS_1,364.799761,364.545652,0.101081,0.02168,0.156743
130,T130_UAV_6,BS_3,BS_1,455.432141,455.138278,0.123718,0.038797,0.156743
131,T131_UAV_5,HAP_1,LEO_0,117.447262,117.385987,0.005431,0.005334,0.252549
131,T131_UAV_0,HAP_1,LEO_1,127.981168,127.786522,0.041225,0.011883,0.207692
131,T131_UAV_7,HAP_1,HAP_2,95.095088,94.914748,0.028762,0.015022,0.182775
131,T131_UAV_1,BS_4,LEO_0,64.415874,64.353362,0.002747,0.009255,0.252549
131,T131_UAV_3,HAP_1,HAP_0,69.070626,68.985578,0.003682,0.011284,0.350407
131,T131_UAV_2,HAP_1,LEO_1,77.770782,77.581506,0.04078,0.006958,0.207692
131,T131_UAV_8,BS_4,BS_0,95.893911,95.703893,0.033904,0.016585,0.197645
132,T132_UAV_2,HAP_1,LEO_1,134.216861,134.164512,0.001149,0.009344,0.209284
132,T132_UAV_4,BS_4,LEO_0,59.862363,59.781967,0.003719,0.013273,0.317017
132,T132_UAV_8,BS_4,HAP_2,195.402019,195.344796,0.004065,0.008139,0.225094
132,T132_UAV_3,HAP_1,HAP_0,39.864814,39.698963,0.027112,0.005627,0.16556
132,T132_UAV_7,HAP_1,HAP_1,42.276483,42.103443,0.025601,0.017769,0.148349
132,T132_UAV_0,HAP_1,LEO_1,102.545621,102.486889,0.00084,0.016035,0.209284
132,T132_UAV_6,BS_3,LEO_1,140.852699,140.807319,0.00086,0.002663,0.209284
132,T132_UAV_9,BS_4,HAP_2,150.753601,150.689027,0.00343,0.016126,0.225094
133,T133_UAV_7,HAP_1,LEO_1,109.623739,109.431669,0.040946,0.012891,0.191166
133,T133_UAV_8,BS_4,LEO_0,114.92763,114.722023,0.04393,0.014355,0.236605
133,T133_UAV_2,HAP_1,HAP_0,96.073637,96.0176,0.005898,0.002988,0.235757
133,T133_UAV_5,HAP_1,HAP_2,195.153804,194.971889,0.031198,0.014402,0.181571
133,T133_UAV_1,BS_0,LEO_1,46.63041,46.447714,0.040444,0.004019,0.191166
133,T133_UAV_0,HAP_1,HAP_1,46.107945,45.900772,0.025629,0.014537,0.335035
133,T133_UAV_3,HAP_1,LEO_0,99.320666,99.125153,0.0449,0.003292,0.236605
133,T133_UAV_9,BS_4,HAP_2,119.658815,119.483013,0.02772,0.011768,0.181571
134,T134_UAV_3,HAP_1,LEO_1,51.219525,51.173166,0.000552,0.003292,0.212574
134,T134_UAV_0,HAP_1,LEO_0,22.290056,22.093333,0.04202,0.013961,0.20371
134,T134_UAV_2,HAP_1,HAP_0,111.762674,111.585845,0.029701,0.010778,0.181753
134,T134_UAV_1,BS_0,HAP_2,63.243268,63.190364,0.002074,0.009192,0.208193
134,T134_UAV_6,BS_3,BS_2,138.400143,138.206747,0.044527,0.013949,0.174604
134,T134_UAV_7,HAP_1,HAP_0,150.121767,149.942165,0.030001,0.01325,0.181753
134,T134_UAV_8,BS_4,BS_1,151.714217,151.517189,0.04785,0.019258,0.149601
135,T135_UAV_4,BS_4,LEO_0,132.313256,132.111449,0.044686,0.015429,0.208462
135,T135_UAV_7,HAP_1,HAP_0,276.909451,276.727193,0.032852,0.010984,0.192112
135,T135_UAV_5,HAP_1,LEO_1,19.119826,19.054052,0.000227,0.002901,0.313233
135,T135_UAV_9,BS_4,HAP_2,30.431605,30.254463,0.025875,0.009464,0.209017
135,T135_UAV_3,HAP_1,HAP_1,32.34516,32.127589,0.025321,0.043834,0.242083
135,T135_UAV_1,BS_0,HAP_0,125.387937,125.207609,0.027426,0.014479,0.192112
135,T135_UAV_2,HAP_1,LEO_0,106.392298,106.20108,0.045189,0.004337,0.208462
135,T135_UAV_6,BS_3,HAP_0,139.1022,138.931582,0.028961,0.003234,0.192112
136,T136_UAV_2,HAP_1,LEO_1,89.561062,89.470458,0.000898,0.015031,0.373372
136,T136_UAV_7,HAP_1,LEO_0,122.793579,122.71948,0.005383,0.018938,0.248893
136,T136_UAV_4,BS_4,HAP_2,197.77476,197.726182,0.004397,0.004212,0.199852
136,T136_UAV_0,HAP_1,HAP_0,28.77674,28.581851,0.026762,0.012134,0.279958
136,T136_UAV_3,HAP_1,HAP_1,61.545001,61.33734,0.02556,0.047134,0.174834
136,T136_UAV_5,HAP_1,HAP_2,62.708413,62.650815,0.001983,0.015644,0.199852
136,T136_UAV_6,BS_3,LEO_1,79.390564,79.300151,0.000547,0.015191,0.373372
136,T136_UAV_1,BS_0,HAP_1,73.159747,72.977479,0.026828,0.020473,0.174834
136,T136_UAV_8,BS_4,LEO_0,126.471906,126.398605,0.004353,0.019169,0.248893
137,T137_UAV_5,HAP_1,LEO_0,50.655645,50.579358,0.004178,0.008316,0.318963
137,T137_UAV_0,HAP_1,LEO_1,108.840942,108.660129,0.041039,0.006831,0.164713
137,T137_UAV_8,BS_4,HAP_2,55.257673,55.076409,0.026149,0.00709,0.240124
137,T137_UAV_6,BS_3,LEO_1,39.002523,38.813414,0.040267,0.015899,0.164713
137,T137_UAV_9,BS_4,HAP_0,53.787972,53.575521,0.026902,0.01953,0.330095
137,T137_UAV_3,HAP_1,BS_1,66.18248,66.009975,0.026484,0.011307,0.17357
137,T137_UAV_1,BS_0,BS_2,72.198694,72.13082,0.018024,0.003674,0.230881
137,T137_UAV_7,HAP_1,HAP_2,128.752209,128.567144,0.028742,0.008298,0.240124
138,T138_UAV_0,HAP_1,LEO_1,160.55665,160.501775,0.001314,0.00297,0.252954
138,T138_UAV_2,HAP_1,HAP_2,94.577675,94.393283,0.029851,0.012056,0.212426
138,T138_UAV_1,BS_0,LEO_0,20.20806,20.130986,0.001548,0.005003,0.352616
138,T138_UAV_5,HAP_1,HAP_0,34.44267,34.266749,0.02673,0.009121,0.200346
138,T138_UAV_7,HAP_1,LEO_1,140.677308,140.613473,0.001061,0.012183,0.252954
138,T138_UAV_6,BS_3,LEO_1,177.222952,177.16869,0.001083,0.002588,0.252954
139,T139_UAV_2,HAP_1,LEO_1,56.690849,56.627872,0.000785,0.00441,0.288912
139,T139_UAV_5,HAP_1,LEO_0,227.828033,227.653001,0.046186,0.008176,0.103343
139,T139_UAV_8,BS_4,LEO_0,102.227758,102.052574,0.042175,0.01234,0.103343
139,T139_UAV_1,BS_0,HAP_0,68.282941,68.221991,0.001877,0.017998,0.205372
139,T139_UAV_7,HAP_1,HAP_2,73.65936,73.455626,0.027849,0.016959,0.294634
139,T139_UAV_9,BS_4,LEO_0,127.729931,127.557358,0.042941,0.008963,0.103343
139,T139_UAV_6,BS_3,HAP_1,98.043655,97.847964,0.026914,0.013146,0.278153
139,T139_UAV_0,HAP_1,LEO_0,184.724424,184.545101,0.045459,0.013196,0.103343
140,T140_UAV_3,HAP_1,LEO_1,81.065043,80.993517,0.000659,0.004415,0.332256
140,T140_UAV_5,HAP_1,LEO_0,122.680213,122.464632,0.045597,0.004669,0.326579
140,T140_UAV_1,BS_0,HAP_2,65.097026,65.043159,0.001661,0.012083,0.200613
140,T140_UAV_2,HAP_1,HAP_0,40.998901,40.91731,0.002532,0.021658,0.287012
140,T140_UAV_4,BS_4,HAP_1,48.284594,48.081234,0.026178,0.035854,0.206641
140,T140_UAV_7,HAP_1,LEO_1,80.637183,80.566308,0.000706,0.003718,0.332256
140,T140_UAV_6,BS_3,LEO_0,94.567878,94.347793,0.044881,0.009889,0.326579
140,T140_UAV_0,HAP_1,HAP_2,116.344243,116.28519,0.004303,0.014627,0.200613
141,T141_UAV_3,HAP_1,LEO_1,211.316899,211.141966,0.041367,0.011629,0.109685
141,T141_UAV_8,BS_4,LEO_0,58.683904,58.473889,0.043521,0.016621,0.24936
141,T141_UAV_2,HAP_1,LEO_1,85.230484,85.06262,0.040653,0.005274,0.109685
141,T141_UAV_6,BS_3,HAP_2,44.036712,43.853484,0.02706,0.010254,0.229568
141,T141_UAV_1,BS_0,HAP_0,52.11358,52.033421,0.001435,0.011231,0.337468
141,T141_UAV_7,HAP_1,HAP_1,52.323666,52.101096,0.025781,0.044449,0.261697
141,T141_UAV_5,HAP_1,LEO_1,203.923371,203.757909,0.041415,0.00211,0.109685
141,T141_UAV_9,BS_4,LEO_1,224.421355,224.251228,0.041697,0.006493,0.109685
142,T142_UAV_5,HAP_1,LEO_1,120.627621,120.426196,0.041065,0.004656,0.278519
142,T142_UAV_9,BS_4,LEO_0,253.20784,253.011359,0.045839,0.013131,0.187559
142,T142_UAV_2,HAP_1,HAP_0,192.172136,192.007368,0.033148,0.007215,0.122024
142,T142_UAV_4,BS_4,LEO_0,72.574805,72.390092,0.041571,0.00563,0.187559
142,T142_UAV_0,HAP_1,HAP_2,48.765291,48.575049,0.02753,0.016747,0.229825
142,T142_UAV_7,HAP_1,HAP_0,62.587651,62.426038,0.027061,0.010147,0.122024
142,T142_UAV_3,HAP_1,LEO_1,84.068704,83.86431,0.04068,0.00801,0.278519
142,T142_UAV_6,BS_3,LEO_0,160.935116,160.73682,0.044864,0.015921,0.187559
142,T142_UAV_1,BS_0,LEO_0,264.804474,264.60997,0.046838,0.010154,0.187559
143,T143_UAV_4,BS_4,LEO_1,46.311635,46.256628,0.000517,0.003555,0.254675
143,T143_UAV_9,BS_4,LEO_0,26.5018,26.2921,0.041745,0.015269,0.263431
143,T143_UAV_0,HAP_1,HAP_2,60.352706,60.296057,0.002222,0.017579,0.184244
143,T143_UAV_7,HAP_1,HAP_0,52.286858,52.086029,0.027367,0.00672,0.333705
143,T143_UAV_1,BS_0,HAP_1,64.773529,64.53954,0.027105,0.050951,0.279666
143,T143_UAV_2,HAP_1,HAP_2,88.908433,88.855541,0.00326,0.012783,0.184244
143,T143_UAV_3,HAP_1,BS_2,100.846138,100.655364,0.035144,0.019548,0.180412
143,T143_UAV_6,BS_3,LEO_1,130.532337,130.469274,0.000901,0.011226,0.254675
144,T144_UAV_5,HAP_1,LEO_1,154.503805,154.32053,0.041178,0.004904,0.185969
144,T144_UAV_7,HAP_1,LEO_0,54.307489,54.096473,0.04416,0.018197,0.243287
144,T144_UAV_8,BS_4,LEO_1,183.013811,182.825099,0.041721,0.009798,0.185969
144,T144_UAV_9,BS_4,HAP_0,50.331565,50.26316,0.001818,0.017317,0.246349
144,T144_UAV_0,HAP_1,HAP_2,66.604874,66.532662,0.003461,0.004673,0.320385
144,T144_UAV_2,HAP_1,HAP_1,68.854805,68.653251,0.025991,0.021412,0.270753
144,T144_UAV_3,HAP_1,BS_1,85.151886,85.079212,0.021259,0.012231,0.195917
144,T144_UAV_1,BS_0,LEO_1,172.267393,172.08261,0.041399,0.00619,0.185969
145,T145_UAV_4,BS_4,LEO_1,106.81779,106.762428,0.001004,0.010342,0.22008
145,T145_UAV_0,HAP_1,LEO_0,96.376426,96.320675,0.004836,0.004691,0.231126
145,T145_UAV_2,HAP_1,HAP_0,75.534925,75.340541,0.029678,0.007324,0.286906
145,T145_UAV_7,HAP_1,LEO_1,165.586254,165.52873,0.001264,0.012244,0.22008
145,T145_UAV_1,BS_0,HAP_1,36.7807,36.550944,0.026192,0.054657,0.244537
145,T145_UAV_6,BS_3,HAP_2,93.266872,93.184082,0.003171,0.005561,0.370292
145,T145_UAV_8,BS_4,LEO_0,67.728217,67.671106,0.002357,0.008528,0.231126
145,T145_UAV_5,HAP_1,LEO_1,107.06936,107.018897,0.000818,0.005629,0.22008
145,T145_UAV_3,HAP_1,HAP_2,131.259195,131.164185,0.004421,0.016531,0.370292
146,T146_UAV_5,HAP_1,LEO_0,58.817525,58.739705,0.004791,0.016058,0.284852
146,T146_UAV_7,HAP_1,LEO_1,126.759069,126.690299,0.001123,0.006571,0.305378
146,T146_UAV_6,BS_3,HAP_0,78.6447,78.596093,0.002679,0.006617,0.196557
146,T146_UAV_1,BS_0,HAP_2,43.336212,43.140996,0.026448,0.015913,0.264269
146,T146_UAV_2,HAP_1,HAP_1,49.384549,49.20288,0.025711,0.021053,0.17452
146,T146_UAV_9,BS_4,LEO_1,68.801194,68.734472,0.000677,0.00497,0.305378
146,T146_UAV_3,HAP_1,HAP_0,126.775551,126.712191,0.004676,0.019372,0.196557
147,T147_UAV_5,HAP_1,LEO_1,158.246306,158.161829,0.001209,0.009418,0.369251
147,T147_UAV_8,BS_4,LEO_0,119.802356,119.728149,0.004181,0.002844,0.335907
147,T147_UAV_3,HAP_1,HAP_0,69.964699,69.783827,0.028633,0.010147,0.210462
147,T147_UAV_7,HAP_1,HAP_2,29.664788,29.480402,0.026116,0.014704,0.217827
147,T147_UAV_9,BS_4,HAP_1,30.117537,29.891588,0.025676,0.050161,0.25056
147,T147_UAV_0,HAP_1,LEO_1,62.178675,62.096928,0.000507,0.00739,0.369251
147,T147_UAV_4,BS_4,LEO_0,44.48771,44.403581,0.001564,0.015384,0.335907
147,T147_UAV_2,HAP_1,LEO_1,71.176913,71.098593,0.000605,0.003865,0.369251
148,T148_UAV_8,BS_4,LEO_1,111.637185,111.462432,0.04124,0.009131,0.121914
148,T148_UAV_0,HAP_1,LEO_0,122.32665,122.121311,0.046105,0.019445,0.198944
148,T148_UAV_9,BS_4,HAP_2,70.659052,70.612951,0.001639,0.007074,0.18694
148,T148_UAV_2,HAP_1,HAP_0,81.201179,81.15009,0.003463,0.009232,0.191971
148,T148_UAV_7,HAP_1,HAP_1,51.859212,51.622913,0.025804,0.051024,0.297358
148,T148_UAV_3,HAP_1,LEO_1,61.298334,61.130069,0.040494,0.003388,0.121914
148,T148_UAV_4,BS_4,LEO_0,72.766503,72.571932,0.042547,0.012235,0.198944
148,T148_UAV_6,BS_3,HAP_2,180.229244,180.172146,0.006144,0.013566,0.18694
148,T148_UAV_1,BS_0,HAP_0,181.341838,181.2793,0.003994,0.02015,0.191971
149,T149_UAV_4,BS_4,LEO_1,132.320451,132.256784,0.001481,0.014322,0.239325
149,T149_UAV_1,BS_0,LEO_0,103.913625,103.843346,0.004527,0.018186,0.237827
149,T149_UAV_8,BS_4,HAP_2,88.894581,88.706036,0.027343,0.017119,0.220412
149,T149_UAV_3,HAP_1,HAP_0,89.16386,88.984797,0.02962,0.005404,0.220189
149,T149_UAV_0,HAP_1,LEO_1,129.29859,129.236175,0.001233,0.013317,0.239325
149,T149_UAV_6,BS_3,LEO_0,130.941655,130.879896,0.006799,0.007394,0.237827
150,T150_UAV_9,BS_4,LEO_1,96.205483,96.011391,0.040945,0.013843,0.19652
150,T150_UAV_6,BS_3,HAP_2,54.231688,54.05983,0.026843,0.005912,0.195516
150,T150_UAV_8,BS_4,HAP_0,51.18589,50.979027,0.026816,0.022127,0.2896
150,T150_UAV_5,HAP_1,LEO_1,91.923722,91.739487,0.040811,0.00412,0.19652
150,T150_UAV_1,BS_0,HAP_2,177.664685,177.485728,0.029608,0.010246,0.195516
151,T151_UAV_4,BS_4,LEO_1,56.404858,56.342942,0.000896,0.013509,0.237559
151,T151_UAV_5,HAP_1,LEO_0,63.469237,63.261357,0.045111,0.00654,0.281153
151,T151_UAV_0,HAP_1,BS_2,390.920729,390.781028,0.097646,0.004655,0.186997
151,T151_UAV_9,BS_4,HAP_0,41.38122,41.321658,0.00152,0.015103,0.214694
151,T151_UAV_2,HAP_1,HAP_2,77.816111,77.629026,0.029067,0.014465,0.217764
151,T151_UAV_3,HAP_1,BS_1,78.545034,78.47841,0.01961,0.008194,0.194102
151,T151_UAV_6,BS_3,HAP_1,87.916567,87.623745,0.026649,0.058858,0.53657
151,T151_UAV_1,BS_0,BS_2,300.292588,300.175737,0.075006,0.004445,0.186997
152,T152_UAV_8,BS_4,LEO_1,110.295531,110.213348,0.001026,0.01949,0.308333
152,T152_UAV_4,BS_4,LEO_0,110.708942,110.654158,0.00388,0.004877,0.23013
152,T152_UAV_3,HAP_1,HAP_0,188.920689,188.847946,0.006919,0.01345,0.261867
152,T152_UAV_0,HAP_1,HAP_2,100.065503,99.87846,0.030118,0.010778,0.230735
152,T152_UAV_9,BS_4,HAP_1,37.078117,36.829075,0.025825,0.064047,0.295847
152,T152_UAV_1,BS_0,LEO_1,85.931895,85.85571,0.000695,0.013823,0.308333
152,T152_UAV_2,HAP_1,LEO_0,97.4564,97.385895,0.004859,0.01962,0.23013
152,T152_UAV_5,HAP_1,LEO_1,150.704826,150.632987,0.001152,0.009021,0.308333
152,T152_UAV_6,BS_3,HAP_0,171.099979,171.036538,0.00588,0.005187,0.261867
153,T153_UAV_5,HAP_1,LEO_0,96.756801,96.549301,0.044338,0.015508,0.238269
153,T153_UAV_8,BS_4,LEO_1,124.101208,124.021073,0.001369,0.003704,0.375309
153,T153_UAV_0,HAP_1,HAP_2,159.587554,159.512946,0.005794,0.021569,0.236232
153,T153_UAV_4,BS_4,BS_1,350.78679,350.548285,0.097583,0.004593,0.181643
153,T153_UAV_6,BS_3,HAP_0,31.715658,31.541923,0.026507,0.005956,0.206358
153,T153_UAV_3,HAP_1,HAP_1,34.448778,34.228134,0.02537,0.048951,0.231614
153,T153_UAV_7,HAP_1,LEO_1,47.097177,47.018969,0.000425,0.002721,0.375309
153,T153_UAV_9,BS_4,LEO_0,54.405379,54.194902,0.042054,0.02077,0.238269
153,T153_UAV_1,BS_0,HAP_2,87.787619,87.7255,0.00229,0.012582,0.236232
153,T153_UAV_2,HAP_1,BS_1,245.707794,245.488604,0.071331,0.011529,0.181643
154,T154_UAV_2,HAP_1,LEO_1,126.005474,125.835299,0.041256,0.007801,0.105589
154,T154_UAV_6,BS_3,LEO_0,18.173987,18.113877,0.001714,0.012655,0.228704
154,T154_UAV_4,BS_4,HAP_0,30.984053,30.925323,0.001155,0.012514,0.225306
154,T154_UAV_3,HAP_1,HAP_2,42.007422,41.940653,0.001938,0.011233,0.267994
154,T154_UAV_8,BS_4,LEO_1,43.331415,43.154658,0.040474,0.015165,0.105589
154,T154_UAV_7,HAP_1,HAP_1,46.596514,46.365636,0.025745,0.061116,0.220085
155,T155_UAV_3,HAP_1,LEO_1,151.604023,151.549186,0.001066,0.009217,0.222774
155,T155_UAV_4,BS_4,LEO_0,103.424962,103.234572,0.043605,0.005219,0.207828
155,T155_UAV_2,HAP_1,HAP_0,82.412178,82.21242,0.030159,0.017932,0.258339
155,T155_UAV_7,HAP_1,HAP_1,38.545102,38.332617,0.025618,0.035945,0.254606
155,T155_UAV_0,HAP_1,HAP_2,55.703586,55.621936,0.002838,0.011792,0.335099
155,T155_UAV_8,BS_4,LEO_1,111.481565,111.422641,0.001033,0.013336,0.222774
155,T155_UAV_5,HAP_1,LEO_0,81.576129,81.373571,0.043646,0.017346,0.207828
155,T155_UAV_1,BS_0,LEO_1,147.701227,147.643327,0.001193,0.012152,0.222774
155,T155_UAV_6,BS_3,BS_2,181.632742,181.517236,0.045357,0.026449,0.218503
156,T156_UAV_5,HAP_1,LEO_1,124.617653,124.552536,0.001104,0.007116,0.284481
156,T156_UAV_0,HAP_1,HAP_2,167.309787,167.136439,0.031042,0.009421,0.164427
156,T156_UAV_7,HAP_1,LEO_0,28.040648,27.989719,0.002106,0.003103,0.228601
156,T156_UAV_3,HAP_1,HAP_0,47.170104,47.104909,0.002424,0.018708,0.220317
156,T156_UAV_1,BS_0,BS_1,57.42712,57.242189,0.024293,0.021444,0.195966
156,T156_UAV_2,HAP_1,LEO_1,81.263874,81.1992,0.000812,0.006967,0.284481
156,T156_UAV_4,BS_4,HAP_2,134.365421,134.190901,0.027902,0.013732,0.164427
157,T157_UAV_7,HAP_1,LEO_0,51.324521,51.255172,0.003848,0.010505,0.274979
157,T157_UAV_3,HAP_1,HAP_0,77.960462,77.885282,0.004002,0.018873,0.261523
157,T157_UAV_4,BS_4,BS_1,537.910079,537.60967,0.144325,0.018155,0.189646
157,T157_UAV_0,HAP_1,LEO_1,37.349199,37.266704,0.000485,0.007866,0.370721
157,T157_UAV_2,HAP_1,HAP_2,43.150632,42.977025,0.02727,0.003812,0.212626
157,T157_UAV_9,BS_4,BS_1,276.344796,276.112505,0.078984,0.015379,0.189646
157,T157_UAV_5,HAP_1,BS_1,418.94151,418.677263,0.114607,0.011711,0.189646
158,T158_UAV_5,HAP_1,LEO_1,186.666712,186.483577,0.041426,0.015073,0.133175
158,T158_UAV_0,HAP_1,LEO_0,30.582513,30.496207,0.002738,0.015017,0.342755
158,T158_UAV_2,HAP_1,HAP_2,87.566801,87.497119,0.003269,0.015261,0.255754
158,T158_UAV_7,HAP_1,LEO_1,91.99732,91.825795,0.040722,0.004168,0.133175
158,T158_UAV_1,BS_0,HAP_2,173.849547,173.78524,0.004576,0.00858,0.255754
158,T158_UAV_4,BS_4,LEO_1,174.775782,174.595346,0.041647,0.012154,0.133175
159,T159_UAV_7,HAP_1,LEO_1,104.118558,103.927905,0.040953,0.003673,0.230133
159,T159_UAV_5,HAP_1,LEO_0,125.32373,125.13534,0.045584,0.014545,0.141305
159,T159_UAV_0,HAP_1,HAP_0,192.234427,192.049908,0.032904,0.014319,0.186479
159,T159_UAV_2,HAP_1,HAP_2,52.079463,52.00823,0.002762,0.003302,0.325848
159,T159_UAV_3,HAP_1,HAP_1,58.054156,57.808987,0.025644,0.056572,0.314764
159,T159_UAV_6,BS_3,LEO_1,98.667156,98.468207,0.040683,0.012239,0.230133
159,T159_UAV_1,BS_0,LEO_0,112.192032,112.008572,0.044935,0.010264,0.141305
159,T159_UAV_4,BS_4,HAP_0,188.905845,188.729964,0.030271,0.008314,0.186479
160,T160_UAV_9,BS_4,LEO_1,142.280291,142.237719,0.0012,0.004805,0.182835
160,T160_UAV_5,HAP_1,LEO_0,127.279066,127.223347,0.005676,0.008863,0.205901
160,T160_UAV_3,HAP_1,HAP_2,98.26163,98.166232,0.004501,0.021702,0.345973
160,T160_UAV_4,BS_4,LEO_1,184.549082,184.498914,0.001743,0.011858,0.182835
160,T160_UAV_1,BS_0,HAP_0,60.636343,60.435072,0.026699,0.01772,0.284258
160,T160_UAV_2,HAP_1,HAP_1,67.564589,67.335872,0.025988,0.048842,0.269439
160,T160_UAV_6,BS_3,LEO_1,81.360672,81.310111,0.0005,0.013493,0.182835
160,T160_UAV_7,HAP_1,LEO_0,99.985864,99.938322,0.004186,0.002175,0.205901
160,T160_UAV_8,BS_4,BS_2,133.59445,133.51608,0.033362,0.005013,0.199971
161,T161_UAV_7,HAP_1,LEO_1,66.039467,65.972625,0.000827,0.014101,0.259572
161,T161_UAV_9,BS_4,HAP_2,169.16557,168.993087,0.028986,0.01699,0.132537
161,T161_UAV_5,HAP_1,HAP_2,192.51234,192.350611,0.030838,0.004384,0.132537
161,T161_UAV_4,BS_4,LEO_0,48.327799,48.263428,0.002929,0.003004,0.292189
161,T161_UAV_2,HAP_1,BS_1,57.017147,56.827239,0.02419,0.033765,0.159767
161,T161_UAV_1,BS_0,HAP_0,79.611979,79.553636,0.002244,0.009653,0.232231
161,T161_UAV_3,HAP_1,BS_4,163.870062,163.671494,0.050887,0.013937,0.168721
162,T162_UAV_9,BS_4,LEO_1,91.145438,90.958148,0.040899,0.008416,0.189871
162,T162_UAV_5,HAP_1,LEO_0,51.237568,51.158209,0.00408,0.005708,0.347856
162,T162_UAV_6,BS_3,HAP_2,37.694789,37.635791,0.001808,0.005764,0.257123
162,T162_UAV_7,HAP_1,HAP_0,76.558636,76.388386,0.027464,0.003686,0.1955
162,T162_UAV_3,HAP_1,HAP_1,48.51628,48.302643,0.025546,0.025278,0.314065
162,T162_UAV_4,BS_4,LEO_1,74.926642,74.743484,0.040839,0.004344,0.189871
162,T162_UAV_0,HAP_1,HAP_0,112.177496,112.004296,0.02959,0.00451,0.1955
163,T163_UAV_9,BS_4,LEO_1,44.026083,43.976676,0.000601,0.009904,0.194505
163,T163_UAV_6,BS_3,LEO_0,29.40845,29.239927,0.042764,0.003411,0.111737
163,T163_UAV_4,BS_4,HAP_2,55.721089,55.638568,0.001495,0.018573,0.312261
163,T163_UAV_0,HAP_1,HAP_0,63.639755,63.44913,0.02876,0.016585,0.226404
164,T164_UAV_4,BS_4,LEO_0,97.062235,97.012856,0.002515,0.007531,0.196661
164,T164_UAV_7,HAP_1,HAP_0,169.069864,169.004723,0.005447,0.013584,0.230547
164,T164_UAV_8,BS_4,LEO_1,20.939752,20.867043,0.000319,0.010725,0.308324
164,T164_UAV_3,HAP_1,LEO_0,53.180042,53.133915,0.001883,0.004912,0.196661
164,T164_UAV_9,BS_4,HAP_0,94.577378,94.525382,0.002689,0.003198,0.230547
164,T164_UAV_1,BS_0,LEO_0,109.30641,109.25372,0.003549,0.009809,0.196661
164,T164_UAV_2,HAP_1,BS_1,112.680297,112.590467,0.028134,0.017945,0.218757
165,T165_UAV_8,BS_4,LEO_0,94.196731,93.998837,0.043352,0.004066,0.252377
165,T165_UAV_2,HAP_1,LEO_1,105.108426,105.028647,0.001051,0.009032,0.34848
165,T165_UAV_1,BS_0,HAP_0,35.696327,35.629115,0.00101,0.013004,0.265989
165,T165_UAV_5,HAP_1,HAP_2,42.575432,42.377506,0.026722,0.016496,0.273539
165,T165_UAV_7,HAP_1,HAP_1,51.975285,51.717192,0.025879,0.050976,0.406196
165,T165_UAV_3,HAP_1,LEO_1,70.798439,70.724684,0.000567,0.003492,0.34848
165,T165_UAV_9,BS_4,LEO_0,90.680813,90.475784,0.043442,0.011111,0.252377
166,T166_UAV_8,BS_4,LEO_1,79.116539,78.952038,0.040852,0.002454,0.105974
166,T166_UAV_9,BS_4,LEO_0,93.049299,93.004607,0.003546,0.003366,0.188898
166,T166_UAV_2,HAP_1,HAP_2,180.752267,180.703464,0.006816,0.003162,0.194124
166,T166_UAV_0,HAP_1,HAP_1,38.236806,38.018824,0.02546,0.03781,0.273557
166,T166_UAV_4,BS_4,HAP_0,53.694465,53.602363,0.001973,0.014829,0.376499
166,T166_UAV_3,HAP_1,LEO_1,79.896254,79.724356,0.040638,0.010065,0.105974
166,T166_UAV_6,BS_3,LEO_0,92.410259,92.350926,0.004822,0.016732,0.188898
166,T166_UAV_1,BS_0,HAP_2,156.193027,156.142275,0.004168,0.00776,0.194124
167,T167_UAV_7,HAP_1,LEO_1,169.223669,169.17659,0.001361,0.002761,0.214785
167,T167_UAV_4,BS_4,LEO_0,122.214238,122.143968,0.004232,0.010013,0.280124
167,T167_UAV_9,BS_4,HAP_0,183.806638,183.642321,0.030253,0.007445,0.133092
167,T167_UAV_5,HAP_1,BS_2,198.43245,198.339373,0.04956,0.004867,0.193254
167,T167_UAV_0,HAP_1,HAP_2,25.853848,25.674472,0.026277,0.009244,0.219274
167,T167_UAV_2,HAP_1,HAP_1,76.926385,76.671695,0.026129,0.027024,0.507687
167,T167_UAV_6,BS_3,LEO_1,129.652217,129.603141,0.000801,0.005318,0.214785
167,T167_UAV_1,BS_0,LEO_0,99.687097,99.61084,0.004434,0.015797,0.280124
167,T167_UAV_3,HAP_1,HAP_0,121.746305,121.581961,0.029372,0.008354,0.133092
167,T167_UAV_8,BS_4,LEO_1,166.587634,166.536383,0.001516,0.006778,0.214785
168,T168_UAV_7,HAP_1,LEO_0,59.834181,59.752934,0.004384,0.006027,0.354182
168,T168_UAV_0,HAP_1,LEO_1,24.057831,23.867013,0.040306,0.005348,0.225817
168,T168_UAV_2,HAP_1,HAP_2,75.642515,75.589608,0.002389,0.011857,0.193305
168,T168_UAV_6,BS_3,HAP_0,41.09292,41.026644,0.002021,0.018514,0.228707
168,T168_UAV_9,BS_4,HAP_1,83.066441,82.842741,0.026798,0.049609,0.236467
168,T168_UAV_3,HAP_1,HAP_2,206.764098,206.709089,0.005803,0.010545,0.193305
168,T168_UAV_1,BS_0,HAP_2,247.045239,246.984568,0.005768,0.016241,0.193305
169,T169_UAV_3,HAP_1,LEO_1,103.099394,102.891633,0.040821,0.014455,0.262422
169,T169_UAV_7,HAP_1,LEO_0,28.696771,28.515394,0.042075,0.002428,0.184368
169,T169_UAV_4,BS_4,HAP_0,45.597426,45.52744,0.00167,0.008579,0.298688
169,T169_UAV_6,BS_3,HAP_2,57.463468,57.277419,0.027766,0.013453,0.22415
169,T169_UAV_0,HAP_1,HAP_1,71.670436,71.465188,0.025856,0.054273,0.125591
169,T169_UAV_1,BS_0,LEO_1,106.73677,106.532718,0.040993,0.010574,0.262422
170,T170_UAV_3,HAP_1,LEO_1,98.378459,98.315778,0.000785,0.019403,0.212463
170,T170_UAV_0,HAP_1,LEO_0,26.636528,26.587385,0.002354,0.004349,0.212197
170,T170_UAV_7,HAP_1,HAP_1,28.055849,27.887209,0.025485,0.009966,0.165945
170,T170_UAV_5,HAP_1,HAP_0,42.913159,42.82945,0.002059,0.007917,0.368666
170,T170_UAV_9,BS_4,HAP_2,55.765677,55.566181,0.026699,0.024036,0.24381
170,T170_UAV_6,BS_3,BS_1,59.888262,59.726802,0.024917,0.004693,0.159249
170,T170_UAV_8,BS_4,BS_2,65.641475,65.452854,0.026345,0.024908,0.186841
170,T170_UAV_1,BS_0,LEO_1,76.985626,76.937195,0.000718,0.00522,0.212463
171,T171_UAV_4,BS_4,LEO_1,102.467576,102.389679,0.00116,0.012832,0.319524
171,T171_UAV_5,HAP_1,LEO_0,112.672188,112.48043,0.044944,0.008373,0.192203
171,T171_UAV_2,HAP_1,HAP_2,88.111327,88.049303,0.00469,0.016411,0.204611
171,T171_UAV_0,HAP_1,HAP_0,190.705434,190.532459,0.032724,0.004166,0.180424
171,T171_UAV_1,BS_0,HAP_1,40.832213,40.588644,0.02635,0.042293,0.374634
171,T171_UAV_8,BS_4,LEO_0,63.105456,62.911475,0.042258,0.013283,0.192203
171,T171_UAV_3,HAP_1,LEO_1,83.471105,83.400342,0.000666,0.006193,0.319524
171,T171_UAV_7,HAP_1,HAP_0,166.971861,166.802075,0.030333,0.003368,0.180424
172,T172_UAV_8,BS_4,LEO_1,145.111053,145.02125,0.001309,0.011434,0.385299
172,T172_UAV_2,HAP_1,LEO_0,109.337894,109.2763,0.005525,0.011327,0.223711
172,T172_UAV_3,HAP_1,HAP_2,167.69444,167.621908,0.005497,0.007197,0.299192
172,T172_UAV_9,BS_4,HAP_0,99.497937,99.3131,0.028835,0.005818,0.250916
172,T172_UAV_7,HAP_1,HAP_1,35.446256,35.222764,0.025619,0.043844,0.270145
172,T172_UAV_6,BS_3,LEO_1,83.177214,83.089891,0.000515,0.009748,0.385299
172,T172_UAV_4,BS_4,LEO_0,55.478252,55.422611,0.001914,0.008985,0.223711
172,T172_UAV_1,BS_0,HAP_2,109.504534,109.427448,0.002951,0.014296,0.299192
172,T172_UAV_5,HAP_1,LEO_1,131.649572,131.568277,0.001015,0.00322,0.385299
173,T173_UAV_9,BS_4,LEO_1,44.214523,44.007572,0.040603,0.015639,0.253541
173,T173_UAV_3,HAP_1,BS_1,320.604853,320.366655,0.090042,0.009579,0.19289
173,T173_UAV_8,BS_4,LEO_0,46.01288,45.944459,0.001657,0.006685,0.300395
173,T173_UAV_2,HAP_1,HAP_0,32.028321,31.972866,0.002009,0.003737,0.248543
173,T173_UAV_6,BS_3,HAP_2,58.240626,58.151352,0.002825,0.011129,0.376598
173,T173_UAV_7,HAP_1,HAP_1,65.942843,65.749315,0.026162,0.012896,0.272353
173,T173_UAV_5,HAP_1,LEO_0,90.383109,90.305185,0.003966,0.01388,0.300395
173,T173_UAV_1,BS_0,BS_1,214.627688,214.415267,0.063567,0.010277,0.19289
174,T174_UAV_9,BS_4,LEO_1,58.673663,58.475283,0.040802,0.008747,0.244154
174,T174_UAV_4,BS_4,LEO_0,63.022087,62.82686,0.043763,0.010385,0.205393
174,T174_UAV_7,HAP_1,HAP_2,286.265536,286.096687,0.031694,0.00476,0.161979
174,T174_UAV_5,HAP_1,HAP_0,31.436237,31.252564,0.026488,0.014198,0.214937
174,T174_UAV_8,BS_4,HAP_1,36.97481,36.777622,0.025906,0.013664,0.288087
174,T174_UAV_0,HAP_1,HAP_2,230.909504,230.730036,0.031877,0.015195,0.161979
174,T174_UAV_1,BS_0,HAP_2,278.23069,278.055206,0.031551,0.011537,0.161979
175,T175_UAV_7,HAP_1,LEO_1,111.915567,111.863721,0.000918,0.014442,0.182432
175,T175_UAV_9,BS_4,LEO_0,45.235323,45.044834,0.041715,0.00823,0.20272
175,T175_UAV_3,HAP_1,HAP_0,71.389416,71.33178,0.002542,0.014441,0.203263
175,T175_UAV_2,HAP_1,HAP_2,43.794517,43.586316,0.027303,0.012912,0.339931
175,T175_UAV_0,HAP_1,LEO_1,79.795519,79.736971,0.000644,0.021418,0.182432
175,T175_UAV_5,HAP_1,LEO_0,53.780251,53.580429,0.04234,0.016938,0.20272
175,T175_UAV_6,BS_3,LEO_1,137.603666,137.554536,0.000854,0.011789,0.182432
175,T175_UAV_1,BS_0,HAP_0,184.421934,184.363594,0.004171,0.013517,0.203263
176,T176_UAV_3,HAP_1,LEO_1,80.886315,80.675308,0.04064,0.019176,0.25595
176,T176_UAV_4,BS_4,BS_2,383.093091,382.84838,0.105657,0.00297,0.180427
176,T176_UAV_0,HAP_1,LEO_0,21.60198,21.411537,0.041868,0.00599,0.212925
176,T176_UAV_5,HAP_1,HAP_2,45.211766,45.139665,0.001798,0.020977,0.246633
176,T176_UAV_9,BS_4,BS_1,50.707278,50.525614,0.022615,0.021063,0.189933
176,T176_UAV_8,BS_4,HAP_0,56.912732,56.712192,0.027003,0.018149,0.276942
176,T176_UAV_6,BS_3,HAP_1,60.663988,60.455892,0.02605,0.027835,0.271059
176,T176_UAV_1,BS_0,LEO_1,122.055545,121.850952,0.041134,0.012268,0.25595
176,T176_UAV_2,HAP_1,BS_2,157.040854,156.852182,0.049186,0.0034,0.180427
177,T177_UAV_8,BS_4,LEO_1,136.516708,136.466964,0.001221,0.003596,0.224636
177,T177_UAV_7,HAP_1,LEO_0,91.184089,91.131784,0.003695,0.004878,0.21866
177,T177_UAV_4,BS_4,HAP_0,153.825119,153.649223,0.029217,0.004202,0.212384
177,T177_UAV_5,HAP_1,HAP_2,192.02138,191.836303,0.030665,0.003984,0.252136
177,T177_UAV_2,HAP_1,HAP_1,32.42478,32.202602,0.025454,0.053277,0.217241
177,T177_UAV_9,BS_4,LEO_1,76.70034,76.639471,0.000651,0.015291,0.224636
177,T177_UAV_3,HAP_1,LEO_0,57.136864,57.085878,0.002762,0.004492,0.21866
177,T177_UAV_6,BS_3,LEO_1,111.989564,111.938422,0.000696,0.005518,0.224636
177,T177_UAV_0,HAP_1,HAP_0,135.669388,135.483561,0.030448,0.012902,0.212384
177,T177_UAV_1,BS_0,HAP_2,141.576539,141.38646,0.028842,0.01081,0.252136
178,T178_UAV_5,HAP_1,LEO_1,54.356471,54.288425,0.000661,0.010028,0.28679
178,T178_UAV_7,HAP_1,LEO_0,60.82168,60.750902,0.004362,0.00449,0.309632
178,T178_UAV_8,BS_4,HAP_0,87.730439,87.680738,0.003102,0.005766,0.204169
178,T178_UAV_6,BS_3,HAP_2,40.534452,40.468452,0.001976,0.013355,0.253348
178,T178_UAV_2,HAP_1,HAP_1,159.512627,159.315492,0.026834,0.03385,0.182258
178,T178_UAV_0,HAP_1,HAP_1,169.274328,169.093956,0.026664,0.017257,0.182258
178,T178_UAV_4,BS_4,HAP_1,174.155437,173.952747,0.028253,0.037985,0.182258
179,T179_UAV_9,BS_4,LEO_1,76.574355,76.387497,0.040762,0.005809,0.20144
179,T179_UAV_8,BS_4,LEO_0,82.49832,82.41335,0.002993,0.007027,0.374748
179,T179_UAV_4,BS_4,HAP_2,56.994631,56.920831,0.001193,0.017062,0.277725
179,T179_UAV_6,BS_3,HAP_0,35.585666,35.404374,0.026774,0.009684,0.224174
179,T179_UAV_5,HAP_1,HAP_1,40.123496,39.921496,0.025571,0.012538,0.319452
179,T179_UAV_3,HAP_1,LEO_1,66.424711,66.234319,0.040524,0.00958,0.20144
179,T179_UAV_1,BS_0,LEO_0,80.244971,80.151018,0.00362,0.015384,0.374748
179,T179_UAV_7,HAP_1,HAP_2,108.793899,108.720979,0.002887,0.014488,0.277725
180,T180_UAV_8,BS_4,LEO_1,149.342993,149.289726,0.001328,0.010312,0.208133
180,T180_UAV_9,BS_4,LEO_0,100.398705,100.217715,0.04383,0.01296,0.120998
180,T180_UAV_3,HAP_1,HAP_0,31.532777,31.472877,0.001563,0.015197,0.215699
180,T180_UAV_6,BS_3,LEO_1,87.106729,87.046676,0.000543,0.017883,0.208133
180,T180_UAV_4,BS_4,LEO_0,83.230345,83.053548,0.042849,0.009748,0.120998
180,T180_UAV_2,HAP_1,HAP_2,98.141831,98.057173,0.005158,0.013027,0.33236
180,T180_UAV_1,BS_0,LEO_1,180.303035,180.256784,0.001442,0.003183,0.208133
181,T181_UAV_7,HAP_1,LEO_0,124.33504,124.27222,0.004998,0.015712,0.210551
181,T181_UAV_2,HAP_1,HAP_2,242.492823,242.315636,0.032557,0.008426,0.181022
181,T181_UAV_9,BS_4,HAP_2,275.596279,275.414007,0.03088,0.015188,0.181022
181,T181_UAV_0,HAP_1,BS_2,184.10185,183.905222,0.055943,0.018632,0.110267
181,T181_UAV_5,HAP_1,LEO_1,35.672668,35.603127,0.000435,0.008072,0.305166
181,T181_UAV_6,BS_3,HAP_0,69.000729,68.933161,0.003476,0.003012,0.305396
181,T181_UAV_4,BS_4,LEO_0,80.198821,80.147512,0.002752,0.006448,0.210551
181,T181_UAV_3,HAP_1,HAP_2,148.684623,148.500023,0.029118,0.019277,0.181022
182,T182_UAV_4,BS_4,LEO_1,113.043474,112.960838,0.001086,0.003571,0.389901
182,T182_UAV_0,HAP_1,LEO_0,106.554208,106.488185,0.005145,0.005538,0.276699
182,T182_UAV_8,BS_4,HAP_2,82.169405,81.979305,0.02726,0.014014,0.244127
182,T182_UAV_3,HAP_1,HAP_0,184.393462,184.303899,0.006512,0.013912,0.345697
182,T182_UAV_7,HAP_1,LEO_1,186.852709,186.76284,0.001552,0.010337,0.389901
182,T182_UAV_5,HAP_1,HAP_1,34.137178,33.888215,0.025491,0.039928,0.417721
182,T182_UAV_9,BS_4,LEO_0,43.334955,43.265342,0.001656,0.012616,0.276699
182,T182_UAV_2,HAP_1,BS_1,96.822998,96.729201,0.02417,0.014271,0.276776
182,T182_UAV_1,BS_0,HAP_0,115.82048,115.737066,0.002638,0.011636,0.345697
182,T182_UAV_6,BS_3,LEO_1,173.277707,173.188958,0.001082,0.009688,0.389901
183,T183_UAV_2,HAP_1,LEO_1,93.742023,93.554927,0.040912,0.004574,0.208046
183,T183_UAV_5,HAP_1,LEO_0,49.555238,49.48041,0.002147,0.003144,0.347684
183,T183_UAV_3,HAP_1,HAP_2,42.668113,42.612076,0.001899,0.008319,0.229097
183,T183_UAV_1,BS_0,HAP_0,49.536297,49.364386,0.026428,0.00523,0.201267
183,T183_UAV_6,BS_3,HAP_1,50.613351,50.409043,0.025856,0.038752,0.198501
183,T183_UAV_4,BS_4,LEO_0,69.284224,69.20936,0.002373,0.002954,0.347684
183,T183_UAV_0,HAP_1,LEO_1,73.273541,73.077908,0.040683,0.013341,0.208046
184,T184_UAV_4,BS_4,LEO_1,118.616291,118.560232,0.001362,0.015981,0.193582
184,T184_UAV_9,BS_4,BS_1,892.101761,891.738062,0.232816,0.01148,0.097014
184,T184_UAV_2,HAP_1,LEO_0,26.959132,26.790145,0.042428,0.002055,0.122518
184,T184_UAV_7,BS_4,HAP_1,58.598772,58.395799,0.026087,0.038809,0.190386
184,T184_UAV_6,BS_3,LEO_1,94.337258,94.288597,0.000668,0.009277,0.193582
184,T184_UAV_5,HAP_1,BS_1,260.388332,260.18552,0.075006,0.008403,0.097014
184,T184_UAV_1,BS_0,BS_1,327.459428,327.244916,0.091763,0.003347,0.097014
184,T184_UAV_3,HAP_1,BS_1,409.575537,409.33512,0.112275,0.008739,0.097014
184,T184_UAV_0,HAP_1,BS_1,511.233714,510.969956,0.137671,0.006684,0.097014
185,T185_UAV_8,BS_4,LEO_1,49.872671,49.676415,0.040719,0.008731,0.234029
185,T185_UAV_2,HAP_1,LEO_0,186.079853,185.888553,0.046763,0.005532,0.195028
185,T185_UAV_4,BS_4,HAP_2,98.460073,98.279395,0.027542,0.008923,0.221064
185,T185_UAV_9,BS_4,HAP_0,36.334365,36.136758,0.026436,0.017524,0.268237
185,T185_UAV_0,HAP_1,HAP_1,86.203398,86.001217,0.025883,0.03914,0.185786
185,T185_UAV_3,HAP_1,LEO_0,174.85527,174.657193,0.046118,0.012953,0.195028
185,T185_UAV_6,BS_3,LEO_0,177.347431,177.148743,0.046724,0.012958,0.195028
185,T185_UAV_1,BS_0,HAP_1,181.256733,181.038539,0.029677,0.051359,0.185786
186,T186_UAV_7,BS_4,LEO_1,79.431049,79.378401,0.000665,0.012777,0.196031
186,T186_UAV_0,HAP_1,LEO_1,124.508536,124.45125,0.000997,0.017082,0.196031
186,T186_UAV_9,BS_4,LEO_0,34.531366,34.325163,0.041309,0.012704,0.260952
186,T186_UAV_5,HAP_1,HAP_0,60.155653,60.109012,0.002031,0.003744,0.204328
186,T186_UAV_4,BS_4,HAP_2,32.34264,32.157928,0.025829,0.018624,0.201294
186,T186_UAV_3,HAP_1,HAP_1,61.167454,60.985485,0.025766,0.01026,0.229713
186,T186_UAV_1,BS_0,LEO_0,83.697629,83.481185,0.043795,0.020458,0.260952
186,T186_UAV_2,HAP_1,LEO_1,99.957316,99.904595,0.000829,0.012685,0.196031
186,T186_UAV_6,BS_3,HAP_0,136.83776,136.776078,0.004943,0.015874,0.204328
187,T187_UAV_4,BS_4,LEO_1,70.191981,70.001127,0.040805,0.004139,0.22955
187,T187_UAV_8,BS_4,LEO_0,117.79561,117.60879,0.043201,0.004966,0.193265
187,T187_UAV_5,HAP_1,HAP_2,97.50521,97.449137,0.003793,0.012245,0.200177
187,T187_UAV_2,HAP_1,LEO_0,196.038788,195.846605,0.047118,0.006412,0.193265
187,T187_UAV_0,HAP_1,HAP_1,89.19711,89.008155,0.02591,0.024546,0.192494
187,T187_UAV_3,HAP_1,HAP_0,82.083671,81.89451,0.029018,0.009583,0.252802
187,T187_UAV_7,BS_4,LEO_0,94.768452,94.574839,0.042769,0.012191,0.193265
187,T187_UAV_6,BS_3,LEO_1,112.129705,111.937409,0.040794,0.005591,0.22955
187,T187_UAV_1,BS_0,HAP_1,183.231531,183.051555,0.029736,0.011741,0.192494
188,T188_UAV_7,BS_4,HAP_0,146.551273,146.503069,0.004605,0.003647,0.199762
188,T188_UAV_4,BS_4,HAP_1,94.514152,94.337542,0.027501,0.00987,0.196193
188,T188_UAV_9,BS_4,LEO_1,34.424937,34.362444,0.000345,0.016103,0.230224
188,T188_UAV_3,HAP_1,LEO_0,19.252343,19.184722,0.001667,0.016907,0.245238
188,T188_UAV_8,BS_4,HAP_2,30.513029,30.444775,0.000847,0.014254,0.265764
188,T188_UAV_1,BS_0,LEO_1,77.903631,77.833954,0.000726,0.022906,0.230224
188,T188_UAV_0,HAP_1,HAP_0,88.511102,88.458933,0.00351,0.008706,0.199762
188,T188_UAV_2,HAP_1,BS_2,120.194964,120.021556,0.039983,0.009444,0.119907
188,T188_UAV_6,BS_3,BS_1,189.330694,189.123753,0.057247,0.018264,0.157152
189,T189_UAV_9,BS_4,LEO_0,69.688038,69.616234,0.00267,0.011095,0.290197
189,T189_UAV_7,BS_4,LEO_1,142.290368,142.213826,0.001198,0.012663,0.313404
189,T189_UAV_3,HAP_1,HAP_0,97.897372,97.826644,0.004792,0.00766,0.29138
189,T189_UAV_0,HAP_1,HAP_2,26.99936,26.924556,0.001293,0.005224,0.341437
189,T189_UAV_8,BS_4,HAP_1,31.899897,31.700176,0.025765,0.030915,0.215208
189,T189_UAV_4,BS_4,LEO_0,62.582192,62.510523,0.002135,0.011495,0.290197
189,T189_UAV_5,HAP_1,LEO_1,144.371025,144.291655,0.001133,0.015556,0.313404
189,T189_UAV_1,BS_0,LEO_1,170.386412,170.315399,0.001363,0.006969,0.313404
190,T190_UAV_4,BS_4,LEO_1,73.055581,72.974415,0.000707,0.009059,0.357
190,T190_UAV_7,BS_4,HAP_2,162.367906,162.196321,0.029201,0.01388,0.142523
190,T190_UAV_5,HAP_1,HAP_2,181.403611,181.2338,0.030235,0.011071,0.142523
190,T190_UAV_1,BS_0,LEO_0,38.315122,38.231407,0.00175,0.011193,0.353856
190,T190_UAV_9,BS_4,HAP_0,32.031951,31.955461,0.001288,0.004956,0.351229
190,T190_UAV_8,BS_4,HAP_1,27.178495,26.993085,0.02565,0.021857,0.189512
190,T190_UAV_0,HAP_1,LEO_1,70.9335,70.84154,0.000566,0.019993,0.357
190,T190_UAV_6,BS_3,LEO_0,86.741203,86.658824,0.004559,0.007048,0.353856
190,T190_UAV_2,HAP_1,LEO_1,162.559729,162.473588,0.00134,0.013402,0.357
191,T191_UAV_7,BS_4,LEO_1,119.668977,119.487936,0.041009,0.015029,0.125013
191,T191_UAV_8,BS_4,LEO_0,117.000786,116.817548,0.044299,0.007735,0.15602
191,T191_UAV_3,HAP_1,HAP_0,238.2734,238.117399,0.032045,0.004577,0.096897
191,T191_UAV_4,BS_4,LEO_1,111.118186,110.943717,0.041074,0.008393,0.125013
191,T191_UAV_2,HAP_1,LEO_0,93.574725,93.388569,0.044664,0.010288,0.15602
191,T191_UAV_5,HAP_1,HAP_0,166.554075,166.393306,0.029749,0.011641,0.096897
191,T191_UAV_6,BS_3,LEO_1,158.678845,158.502137,0.040997,0.010708,0.125013
191,T191_UAV_0,HAP_1,HAP_0,194.979573,194.816498,0.031429,0.012266,0.096897
192,T192_UAV_9,BS_4,HAP_0,160.999878,160.822501,0.029823,0.008247,0.19653
192,T192_UAV_7,BS_4,HAP_0,189.01991,188.837822,0.030909,0.011873,0.19653
192,T192_UAV_5,HAP_1,LEO_1,52.949293,52.900375,0.000485,0.007987,0.20223
192,T192_UAV_6,BS_3,LEO_0,28.848784,28.792025,0.00276,0.007529,0.232351
192,T192_UAV_3,HAP_1,HAP_2,52.287304,52.082865,0.02729,0.011926,0.326113
192,T192_UAV_4,BS_4,HAP_1,49.1547,48.968913,0.026305,0.01848,0.205011
192,T192_UAV_2,HAP_1,LEO_1,85.050853,85.004702,0.000817,0.004888,0.20223
193,T193_UAV_8,BS_4,LEO_0,180.393917,180.205679,0.043527,0.007641,0.18535
193,T193_UAV_4,BS_4,LEO_1,59.987435,59.908782,0.000991,0.012916,0.323728
193,T193_UAV_0,HAP_1,LEO_0,307.975417,307.780235,0.047434,0.010677,0.18535
193,T193_UAV_5,HAP_1,HAP_0,58.633973,58.569636,0.00196,0.018286,0.220451
193,T193_UAV_9,BS_4,HAP_2,35.85383,35.792598,0.00114,0.011033,0.245297
193,T193_UAV_2,HAP_1,LEO_0,117.105585,116.916174,0.042929,0.009412,0.18535
193,T193_UAV_7,BS_4,LEO_0,118.11478,117.930945,0.042423,0.004342,0.18535
193,T193_UAV_1,BS_0,HAP_0,110.583899,110.527687,0.00255,0.009573,0.220451
193,T193_UAV_3,HAP_1,LEO_0,194.420124,194.226167,0.044709,0.012179,0.18535
194,T194_UAV_8,BS_4,LEO_1,78.804903,78.597668,0.040801,0.00953,0.284517
194,T194_UAV_9,BS_4,HAP_2,145.150162,145.079851,0.003581,0.010847,0.279412
194,T194_UAV_4,BS_4,LEO_0,26.032353,25.807074,0.041516,0.011827,0.359676
194,T194_UAV_7,BS_4,HAP_0,50.222648,50.052947,0.027126,0.005108,0.187336
194,T194_UAV_1,BS_0,LEO_1,110.35205,110.138193,0.041026,0.015927,0.284517
194,T194_UAV_6,BS_3,BS_1,135.995666,135.821584,0.043931,0.002889,0.136313
194,T194_UAV_2,HAP_1,HAP_2,184.331913,184.256301,0.006733,0.012997,0.279412
195,T195_UAV_0,HAP_1,HAP_0,165.724316,165.536734,0.031506,0.016775,0.196504
195,T195_UAV_3,HAP_1,LEO_1,17.709559,17.647249,0.000181,0.015269,0.2343
195,T195_UAV_7,BS_4,LEO_0,28.914699,28.705434,0.041971,0.012887,0.272033
195,T195_UAV_1,BS_0,BS_2,60.129468,60.073639,0.015011,0.002132,0.19343
195,T195_UAV_6,BS_3,HAP_2,66.072428,65.884099,0.028271,0.010124,0.24967
195,T195_UAV_5,HAP_1,HAP_1,70.344631,70.11113,0.026078,0.040504,0.334594
195,T195_UAV_8,BS_4,HAP_0,83.727385,83.545116,0.027236,0.015732,0.196504
196,T196_UAV_8,BS_4,LEO_1,97.202965,97.136029,0.00084,0.006774,0.296609
196,T196_UAV_9,BS_4,LEO_0,70.131417,69.930199,0.042681,0.015209,0.216639
196,T196_UAV_3,HAP_1,HAP_0,178.011835,177.957399,0.00618,0.009346,0.194549
196,T196_UAV_7,BS_4,HAP_2,29.744738,29.683207,0.000988,0.014856,0.22843
196,T196_UAV_5,HAP_1,HAP_1,50.596269,50.314513,0.025777,0.049275,0.533519
196,T196_UAV_4,BS_4,LEO_1,93.773592,93.697836,0.00091,0.015524,0.296609
196,T196_UAV_6,BS_3,LEO_0,72.760676,72.559048,0.043816,0.014485,0.216639
196,T196_UAV_0,HAP_1,HAP_0,79.639607,79.590061,0.003126,0.00751,0.194549
196,T196_UAV_2,HAP_1,LEO_1,142.175797,142.105917,0.001161,0.009396,0.296609
196,T196_UAV_1,BS_0,BS_1,197.862069,197.657081,0.05938,0.008198,0.187049
197,T197_UAV_5,HAP_1,LEO_1,100.902737,100.704936,0.040924,0.010959,0.229589
197,T197_UAV_3,HAP_1,LEO_0,50.840536,50.776779,0.004389,0.014474,0.224469
197,T197_UAV_8,BS_4,HAP_2,78.447458,78.365059,0.002209,0.022349,0.289202
197,T197_UAV_9,BS_4,HAP_0,87.809917,87.634773,0.028586,0.004363,0.210971
197,T197_UAV_1,BS_0,HAP_1,170.323816,170.107065,0.028337,0.056186,0.16114
197,T197_UAV_4,BS_4,HAP_1,190.374117,190.16692,0.028197,0.046772,0.16114
197,T197_UAV_2,HAP_1,LEO_1,85.996039,85.804167,0.040816,0.005139,0.229589
197,T197_UAV_6,BS_3,HAP_1,201.516881,201.305832,0.027384,0.051437,0.16114
197,T197_UAV_7,BS_4,HAP_1,214.103641,213.90092,0.027913,0.042581,0.16114
197,T197_UAV_0,HAP_1,HAP_1,243.737922,243.567955,0.027171,0.010568,0.16114
198,T198_UAV_7,BS_4,BS_2,985.686181,985.281905,0.256187,0.010564,0.187621
198,T198_UAV_2,HAP_1,LEO_1,20.716152,20.662119,0.000269,0.005168,0.242983
198,T198_UAV_0,HAP_1,LEO_0,25.616496,25.55237,0.00219,0.009687,0.261242
198,T198_UAV_5,HAP_1,HAP_2,38.970272,38.886311,0.001478,0.012359,0.350617
198,T198_UAV_1,BS_0,HAP_0,56.998259,56.79971,0.026676,0.011024,0.30424
198,T198_UAV_3,HAP_1,BS_2,276.444287,276.206853,0.079007,0.020902,0.187621
198,T198_UAV_9,BS_4,BS_2,369.782541,369.533686,0.102327,0.009003,0.187621
198,T198_UAV_8,BS_4,BS_2,450.07845,449.793748,0.122382,0.024796,0.187621
198,T198_UAV_6,BS_3,BS_2,980.319446,979.921332,0.254848,0.005741,0.187621
199,T199_UAV_2,HAP_1,LEO_1,56.570155,56.364985,0.040534,0.015092,0.247719
199,T199_UAV_0,HAP_1,HAP_0,43.81998,43.750289,0.002454,0.015579,0.258288
199,T199_UAV_1,BS_0,HAP_2,123.396104,123.229526,0.028474,0.012109,0.129979
199,T199_UAV_5,HAP_1,LEO_1,96.228098,96.031796,0.040882,0.005875,0.247719
199,T199_UAV_7,BS_4,HAP_2,148.514667,148.351002,0.028767,0.008902,0.129979
200,T200_UAV_4,BS_4,LEO_1,287.002897,286.817832,0.042291,0.005159,0.188071
200,T200_UAV_7,BS_4,LEO_0,62.922209,62.726685,0.044272,0.008853,0.212
200,T200_UAV_8,BS_4,LEO_1,294.378732,294.192984,0.042111,0.006023,0.188071
200,T200_UAV_5,HAP_1,LEO_1,320.455203,320.252347,0.04214,0.023101,0.188071
200,T200_UAV_9,BS_4,HAP_2,37.030844,36.978445,0.001192,0.003792,0.237077
200,T200_UAV_1,BS_0,HAP_0,47.550997,47.472748,0.001408,0.01654,0.30151
200,T200_UAV_2,HAP_1,LEO_1,168.091307,167.900298,0.041147,0.012248,0.188071
200,T200_UAV_3,HAP_1,LEO_1,169.190418,168.991667,0.040995,0.020143,0.188071
201,T201_UAV_9,BS_4,LEO_0,101.351328,101.2967,0.0039,0.008869,0.209299
201,T201_UAV_4,BS_4,HAP_2,153.17692,153.00238,0.028106,0.006419,0.200076
201,T201_UAV_8,BS_4,LEO_1,19.674497,19.456875,0.040269,0.013923,0.317149
201,T201_UAV_7,BS_4,HAP_0,35.30672,35.227834,0.001488,0.005332,0.360329
201,T201_UAV_6,BS_3,LEO_0,52.306183,52.253189,0.002759,0.008374,0.209299
201,T201_UAV_0,HAP_1,HAP_2,90.729358,90.547425,0.028063,0.013855,0.200076
201,T201_UAV_1,BS_0,BS_2,159.009357,158.7562,0.049659,0.047811,0.278435
202,T202_UAV_9,BS_4,LEO_0,44.976336,44.900664,0.003051,0.00946,0.315804
202,T202_UAV_8,BS_4,HAP_0,134.46831,134.300324,0.028593,0.016855,0.112692
202,T202_UAV_4,BS_4,LEO_1,57.862951,57.646842,0.040668,0.01899,0.282253
202,T202_UAV_7,BS_4,HAP_2,88.294234,88.115286,0.027221,0.005084,0.233209
202,T202_UAV_0,HAP_1,LEO_1,78.138864,77.933549,0.040724,0.00814,0.282253
202,T202_UAV_1,BS_0,HAP_0,107.445119,107.278845,0.027498,0.016238,0.112692
202,T202_UAV_2,HAP_1,HAP_2,194.145012,193.946529,0.032019,0.019822,0.233209
203,T203_UAV_8,BS_4,LEO_1,84.103722,83.914,0.040841,0.012254,0.183137
203,T203_UAV_9,BS_4,HAP_2,156.677542,156.615771,0.003917,0.015576,0.21139
203,T203_UAV_1,BS_0,LEO_0,21.538154,21.459677,0.001797,0.002453,0.371135
203,T203_UAV_5,HAP_1,HAP_0,67.689555,67.623562,0.002234,0.01353,0.251148
203,T203_UAV_4,BS_4,HAP_1,35.142674,34.931165,0.025946,0.010816,0.373736
203,T203_UAV_7,BS_4,LEO_1,53.622419,53.436525,0.040543,0.008723,0.183137
203,T203_UAV_2,HAP_1,HAP_2,88.339493,88.274307,0.003193,0.019715,0.21139
203,T203_UAV_6,BS_3,BS_1,94.256261,94.181187,0.023534,0.012303,0.196183
203,T203_UAV_0,HAP_1,HAP_0,105.985166,105.917522,0.004123,0.013292,0.251148
204,T204_UAV_4,BS_4,LEO_1,99.62574,99.563684,0.001158,0.01252,0.241888
204,T204_UAV_8,BS_4,LEO_0,17.897113,17.713179,0.041154,0.005916,0.184317
204,T204_UAV_9,BS_4,HAP_2,35.887221,35.829409,0.001163,0.004217,0.262164
204,T204_UAV_5,HAP_1,HAP_0,42.908016,42.837628,0.001949,0.003065,0.326871
204,T204_UAV_6,BS_3,HAP_1,61.17571,60.949897,0.025972,0.032542,0.336498
204,T204_UAV_2,HAP_1,LEO_1,96.15992,96.103643,0.000905,0.006995,0.241888
205,T205_UAV_8,BS_4,LEO_0,91.979516,91.935583,0.003443,0.002582,0.189537
205,T205_UAV_9,BS_4,LEO_1,53.403759,53.333698,0.000754,0.006275,0.31516
205,T205_UAV_3,BS_3,LEO_0,133.368857,133.321287,0.006357,0.003306,0.189537
205,T205_UAV_4,BS_4,HAP_2,56.000204,55.816953,0.026394,0.010183,0.233366
205,T205_UAV_6,BS_3,HAP_0,72.291661,72.204606,0.003803,0.011761,0.357456
205,T205_UAV_0,HAP_1,HAP_1,79.047838,78.807029,0.025883,0.035633,0.396463
205,T205_UAV_2,HAP_1,BS_2,123.380813,123.2959,0.030809,0.014487,0.19809
206,T206_UAV_9,BS_4,LEO_1,46.355649,46.279671,0.000655,0.009249,0.330373
206,T206_UAV_7,BS_4,HAP_0,360.814557,360.642193,0.033675,0.014009,0.123396
206,T206_UAV_6,BS_3,HAP_0,381.891728,381.719902,0.035689,0.011458,0.123396
206,T206_UAV_0,HAP_1,LEO_0,16.783284,16.711819,0.00142,0.007757,0.311442
206,T206_UAV_4,BS_4,HAP_2,102.468033,102.415172,0.002066,0.010749,0.200231
206,T206_UAV_3,BS_3,HAP_2,190.627974,190.57586,0.006039,0.006028,0.200231
206,T206_UAV_5,HAP_1,HAP_0,267.310219,267.143593,0.031763,0.010184,0.123396
206,T206_UAV_1,BS_0,HAP_0,364.126903,363.966164,0.031952,0.004108,0.123396
207,T207_UAV_4,BS_4,LEO_1,170.01118,169.832701,0.041655,0.01328,0.117722
207,T207_UAV_9,BS_4,LEO_0,63.230628,63.154043,0.004299,0.00251,0.348878
207,T207_UAV_5,HAP_1,LEO_1,184.494306,184.324843,0.041462,0.004456,0.117722
207,T207_UAV_0,HAP_1,HAP_2,42.300269,42.118906,0.026953,0.009399,0.225058
207,T207_UAV_2,HAP_1,HAP_0,86.63938,86.39768,0.030141,0.030216,0.406711
207,T207_UAV_8,BS_4,LEO_1,156.752516,156.582116,0.041327,0.005529,0.117722
208,T208_UAV_8,BS_4,LEO_1,91.838993,91.651653,0.040909,0.006583,0.199239
208,T208_UAV_9,BS_4,LEO_0,106.064629,105.894606,0.044081,0.003257,0.113427
208,T208_UAV_7,BS_4,HAP_2,29.079145,29.026802,0.000936,0.005441,0.229832
208,T208_UAV_4,BS_4,HAP_0,29.573053,29.378495,0.026026,0.014318,0.271073
208,T208_UAV_3,BS_3,HAP_1,37.346055,37.138656,0.025508,0.02921,0.263401
208,T208_UAV_2,HAP_1,LEO_1,56.55695,56.360258,0.040526,0.016318,0.199239
208,T208_UAV_1,BS_0,LEO_0,66.10869,65.931454,0.04308,0.011471,0.113427
208,T208_UAV_0,HAP_1,BS_1,130.672172,130.483699,0.042597,0.009741,0.180675
209,T209_UAV_7,BS_4,LEO_1,82.542815,82.501759,0.000855,0.003449,0.183763
209,T209_UAV_8,BS_4,LEO_0,84.69316,84.642669,0.003185,0.007938,0.196839
209,T209_UAV_9,BS_4,HAP_2,28.408479,28.221459,0.025921,0.01502,0.2304
209,T209_UAV_2,HAP_1,LEO_1,48.595795,48.548919,0.000454,0.009669,0.183763
209,T209_UAV_3,BS_3,HAP_0,64.812442,64.619868,0.028066,0.020643,0.219326
209,T209_UAV_5,HAP_1,HAP_1,95.743042,95.505429,0.026555,0.051092,0.299832
209,T209_UAV_1,BS_0,LEO_0,105.81471,105.767933,0.004956,0.002453,0.196839
210,T210_UAV_9,BS_4,LEO_1,80.149914,80.092386,0.000819,0.003858,0.264253
210,T210_UAV_7,BS_4,LEO_0,84.439456,84.373337,0.003199,0.007121,0.278995
210,T210_UAV_4,BS_4,HAP_0,207.712181,207.64526,0.004822,0.023321,0.19389
210,T210_UAV_6,BS_3,HAP_2,81.856038,81.802902,0.004138,0.002934,0.230321
210,T210_UAV_3,BS_3,LEO_1,54.192823,54.125388,0.000422,0.014163,0.264253
210,T210_UAV_0,HAP_1,HAP_1,48.888017,48.654613,0.025547,0.035286,0.362853
210,T210_UAV_8,BS_4,LEO_0,64.789155,64.722983,0.002438,0.007935,0.278995
210,T210_UAV_2,HAP_1,HAP_0,196.466231,196.415951,0.006689,0.004812,0.19389
210,T210_UAV_1,BS_0,HAP_0,250.605708,250.544463,0.005207,0.01726,0.19389
211,T211_UAV_6,BS_3,HAP_0,238.504823,238.317213,0.032504,0.017001,0.190528
211,T211_UAV_7,BS_4,HAP_2,91.449322,91.38898,0.002923,0.00497,0.262246
211,T211_UAV_2,HAP_1,LEO_1,20.322337,20.236246,0.000257,0.016207,0.348133
211,T211_UAV_5,HAP_1,LEO_0,27.448612,27.363916,0.002042,0.007693,0.374804
211,T211_UAV_0,HAP_1,BS_1,51.26232,51.086988,0.022755,0.015618,0.184795
211,T211_UAV_1,BS_0,HAP_1,87.695916,87.474975,0.02802,0.010901,0.410098
211,T211_UAV_3,BS_3,HAP_0,166.116977,165.933863,0.029801,0.015207,0.190528
211,T211_UAV_8,BS_4,HAP_0,263.415686,263.241721,0.031139,0.004721,0.190528
212,T212_UAV_4,BS_4,LEO_0,98.025829,97.851787,0.043276,0.003192,0.137866
212,T212_UAV_8,BS_4,LEO_1,107.279845,107.093148,0.041054,0.002504,0.215698
212,T212_UAV_2,HAP_1,LEO_1,110.317562,110.129907,0.041026,0.003489,0.215698
212,T212_UAV_5,HAP_1,HAP_2,57.711654,57.623084,0.001602,0.015693,0.356378
212,T212_UAV_6,BS_3,HAP_0,31.479157,31.25776,0.026661,0.033305,0.307154
212,T212_UAV_0,HAP_1,HAP_1,47.36969,47.162137,0.025531,0.017513,0.322545
212,T212_UAV_9,BS_4,LEO_0,57.620516,57.446191,0.042214,0.004537,0.137866
212,T212_UAV_7,BS_4,HAP_2,94.321767,94.244227,0.002327,0.003938,0.356378
212,T212_UAV_1,BS_0,BS_2,99.089519,98.924074,0.034711,0.005575,0.125797
213,T213_UAV_7,BS_4,LEO_1,116.664835,116.607705,0.001223,0.015792,0.20058
213,T213_UAV_9,BS_4,HAP_2,197.791314,197.615458,0.029395,0.01,0.182301
213,T213_UAV_1,BS_0,LEO_0,38.829413,38.638621,0.043264,0.003351,0.220886
213,T213_UAV_5,HAP_1,LEO_1,82.936789,82.88193,0.000769,0.013975,0.20058
213,T213_UAV_0,HAP_1,HAP_2,145.62209,145.44406,0.029117,0.012452,0.182301
213,T213_UAV_4,BS_4,HAP_2,194.336484,194.162374,0.028478,0.009172,0.182301
214,T214_UAV_9,BS_4,LEO_1,142.389328,142.32973,0.001239,0.006489,0.259345
214,T214_UAV_7,BS_4,LEO_0,143.600577,143.412165,0.043997,0.00734,0.185372
214,T214_UAV_5,HAP_1,HAP_2,81.34906,81.164316,0.027977,0.01073,0.230185
214,T214_UAV_3,BS_3,HAP_0,81.986911,81.769584,0.028851,0.031014,0.28731
214,T214_UAV_2,HAP_1,HAP_1,39.058957,38.792523,0.025455,0.059936,0.405212
214,T214_UAV_8,BS_4,LEO_1,80.452306,80.389789,0.000674,0.009975,0.259345
214,T214_UAV_0,HAP_1,LEO_0,98.9205,98.724242,0.043361,0.015823,0.185372
214,T214_UAV_4,BS_4,LEO_0,103.529163,103.345352,0.042587,0.00415,0.185372
214,T214_UAV_1,BS_0,LEO_1,128.584358,128.527464,0.001031,0.003994,0.259345
214,T214_UAV_6,BS_3,BS_1,133.968537,133.879042,0.033453,0.005341,0.253503
215,T215_UAV_6,BS_3,LEO_0,166.94048,166.749465,0.046389,0.008055,0.182857
215,T215_UAV_0,HAP_1,LEO_1,121.642365,121.43766,0.041131,0.010559,0.265073
215,T215_UAV_7,BS_4,HAP_0,194.275197,194.203806,0.005958,0.024934,0.202502
215,T215_UAV_4,BS_4,LEO_0,193.726817,193.537556,0.044845,0.007844,0.182857
215,T215_UAV_9,BS_4,HAP_2,27.026075,26.852084,0.025885,0.004391,0.218574
215,T215_UAV_8,BS_4,HAP_1,38.912775,38.661388,0.025904,0.06893,0.282766
215,T215_UAV_1,BS_0,LEO_1,64.872536,64.674567,0.040603,0.004352,0.265073
215,T215_UAV_3,BS_3,LEO_0,73.331052,73.141254,0.042522,0.010705,0.182857
215,T215_UAV_5,HAP_1,HAP_0,123.858672,123.79542,0.004025,0.018727,0.202502
215,T215_UAV_2,HAP_1,BS_2,131.51465,131.426019,0.03284,0.009943,0.229241
216,T216_UAV_3,BS_3,LEO_1,147.516907,147.451264,0.001002,0.016009,0.243163
216,T216_UAV_4,BS_4,LEO_0,111.607947,111.545219,0.003729,0.007808,0.255959
216,T216_UAV_7,BS_4,HAP_2,189.002359,188.938429,0.004624,0.009631,0.248376
216,T216_UAV_2,HAP_1,HAP_0,43.466448,43.255141,0.027534,0.015578,0.340971
216,T216_UAV_0,HAP_1,HAP_1,50.125348,49.88594,0.025566,0.056321,0.287605
216,T216_UAV_6,BS_3,LEO_1,107.000679,106.943507,0.000692,0.007847,0.243163
216,T216_UAV_1,BS_0,LEO_0,95.228119,95.169565,0.004495,0.002868,0.255959
216,T216_UAV_5,HAP_1,LEO_1,145.581088,145.519541,0.001161,0.011753,0.243163
216,T216_UAV_9,BS_4,HAP_2,166.825535,166.764489,0.004251,0.00712,0.248376
217,T217_UAV_9,BS_4,LEO_1,111.42884,111.362107,0.001145,0.010642,0.274731
217,T217_UAV_7,BS_4,LEO_0,65.891125,65.816467,0.004328,0.011334,0.294975
217,T217_UAV_3,BS_3,BS_1,331.926773,331.677673,0.09287,0.020114,0.180574
217,T217_UAV_4,BS_4,HAP_2,43.130913,42.93552,0.026049,0.023018,0.231632
217,T217_UAV_1,BS_0,HAP_0,43.240383,43.047561,0.026304,0.022749,0.218847
217,T217_UAV_0,HAP_1,BS_3,111.872115,111.661251,0.037891,0.048614,0.12179
217,T217_UAV_2,HAP_1,LEO_1,76.900184,76.839342,0.000713,0.005183,0.274731
217,T217_UAV_8,BS_4,BS_1,119.075941,118.88941,0.0397,0.010716,0.180574
217,T217_UAV_6,BS_3,BS_3,293.762357,293.537387,0.083338,0.017274,0.12179
218,T218_UAV_7,BS_4,LEO_1,95.721431,95.650282,0.001017,0.002598,0.337667
218,T218_UAV_3,BS_3,HAP_0,151.20211,151.133405,0.005108,0.021406,0.210956
218,T218_UAV_8,BS_4,HAP_2,96.12304,95.935527,0.027787,0.017303,0.212115
218,T218_UAV_2,HAP_1,LEO_0,42.438429,42.354776,0.002088,0.006489,0.375382
218,T218_UAV_4,BS_4,HAP_0,62.842243,62.784161,0.001658,0.014232,0.210956
218,T218_UAV_0,HAP_1,HAP_1,53.318886,53.085504,0.025604,0.03921,0.34284
218,T218_UAV_9,BS_4,LEO_1,71.267694,71.194052,0.000733,0.005376,0.337667
218,T218_UAV_6,BS_3,LEO_0,71.619236,71.536761,0.0038,0.003599,0.375382
218,T218_UAV_1,BS_0,BS_2,100.86587,100.791261,0.025185,0.004067,0.226785
219,T219_UAV_9,BS_4,LEO_1,85.637752,85.45036,0.040879,0.004201,0.211562
219,T219_UAV_5,HAP_1,LEO_0,35.164175,34.991764,0.041446,0.005908,0.125288
219,T219_UAV_7,BS_4,HAP_2,34.099489,34.051913,0.001066,0.00557,0.204696
219,T219_UAV_1,BS_0,HAP_0,43.700373,43.493279,0.026321,0.027481,0.266458
219,T219_UAV_4,BS_4,LEO_0,72.05248,71.875088,0.042394,0.00994,0.125288
219,T219_UAV_3,BS_3,HAP_1,89.253468,89.014912,0.02627,0.042998,0.346439
219,T219_UAV_2,HAP_1,LEO_1,130.136479,129.942837,0.041202,0.010127,0.211562
220,T220_UAV_8,BS_4,LEO_1,144.693863,144.651857,0.001202,0.004453,0.181757
220,T220_UAV_3,BS_3,LEO_0,106.70362,106.650819,0.005046,0.009129,0.193131
220,T220_UAV_9,BS_4,HAP_2,34.125042,34.061803,0.001138,0.006923,0.275886
220,T220_UAV_4,BS_4,HAP_0,39.279937,39.061815,0.026346,0.036277,0.277495
220,T220_UAV_6,BS_3,LEO_1,63.93462,63.894076,0.000416,0.003777,0.181757
220,T220_UAV_1,BS_0,LEO_0,46.717039,46.672871,0.002215,0.003327,0.193131
220,T220_UAV_2,HAP_1,HAP_1,51.770177,51.538403,0.025583,0.027631,0.392799
220,T220_UAV_0,HAP_1,LEO_1,192.81684,192.767777,0.001545,0.011167,0.181757
221,T221_UAV_8,BS_4,LEO_1,95.135277,95.057993,0.000923,0.013356,0.315023
221,T221_UAV_4,BS_4,LEO_0,118.919711,118.857835,0.003961,0.002661,0.27627
221,T221_UAV_7,BS_4,HAP_0,184.910877,184.832977,0.005643,0.0208,0.257287
221,T221_UAV_0,HAP_1,HAP_2,26.309526,26.221621,0.001188,0.008968,0.388747
221,T221_UAV_5,HAP_1,HAP_1,52.130802,51.862271,0.025884,0.055872,0.433873
221,T221_UAV_6,BS_3,LEO_0,64.158117,64.093914,0.003408,0.005541,0.27627
221,T221_UAV_9,BS_4,LEO_1,91.358529,91.279591,0.000942,0.014991,0.315023
221,T221_UAV_1,BS_0,HAP_0,107.02492,106.954441,0.002548,0.016474,0.257287
222,T222_UAV_0,HAP_1,LEO_1,60.630341,60.557168,0.00077,0.002553,0.349248
222,T222_UAV_3,BS_3,HAP_2,412.84658,412.678493,0.033809,0.006919,0.136796
222,T222_UAV_8,BS_4,BS_1,149.857443,149.747066,0.037418,0.013952,0.295036
222,T222_UAV_9,BS_4,HAP_2,563.323976,563.149902,0.035414,0.011302,0.136796
222,T222_UAV_2,HAP_1,LEO_0,47.62587,47.551773,0.004234,0.002142,0.338608
222,T222_UAV_6,BS_3,HAP_2,154.652613,154.490772,0.02869,0.005792,0.136796
222,T222_UAV_5,HAP_1,HAP_2,360.19827,360.032187,0.031966,0.006757,0.136796
222,T222_UAV_7,BS_4,HAP_2,382.129684,381.965934,0.031736,0.004654,0.136796
222,T222_UAV_1,BS_0,HAP_2,478.915641,478.748498,0.034758,0.005026,0.136796
223,T223_UAV_8,BS_4,LEO_1,84.663531,84.481195,0.040817,0.009574,0.159727
223,T223_UAV_7,BS_4,LEO_0,48.051293,47.880695,0.0431,0.002665,0.124167
223,T223_UAV_4,BS_4,HAP_0,96.634182,96.448827,0.028317,0.011514,0.227619
223,T223_UAV_9,BS_4,LEO_1,35.057801,34.877709,0.040359,0.007787,0.159727
223,T223_UAV_3,BS_3,HAP_2,41.795419,41.540005,0.026757,0.026823,0.509167
224,T224_UAV_7,BS_4,LEO_1,137.939847,137.885639,0.001259,0.014515,0.192168
224,T224_UAV_5,HAP_1,LEO_0,116.345226,116.281453,0.004791,0.008567,0.252074
224,T224_UAV_0,HAP_1,HAP_0,100.074421,100.002271,0.005392,0.023852,0.214534
224,T224_UAV_4,BS_4,LEO_1,67.27037,67.220602,0.000664,0.01067,0.192168
224,T224_UAV_8,BS_4,HAP_2,55.548448,55.328036,0.026621,0.018029,0.378811
224,T224_UAV_2,HAP_1,HAP_1,57.327118,57.062059,0.02563,0.032632,0.533985
224,T224_UAV_9,HAP_1,LEO_0,76.025629,75.970271,0.002946,0.001996,0.252074
224,T224_UAV_1,BS_0,LEO_1,164.01409,163.959871,0.001312,0.014474,0.192168
225,T225_UAV_7,BS_4,HAP_0,98.530151,98.350554,0.029049,0.013715,0.18417
225,T225_UAV_9,HAP_1,LEO_0,19.500519,19.432249,0.001331,0.010303,0.283181
225,T225_UAV_8,BS_4,LEO_1,48.994666,48.793162,0.040469,0.012941,0.24047
225,T225_UAV_5,HAP_1,HAP_2,46.593953,46.392684,0.02666,0.029258,0.226757
225,T225_UAV_3,BS_3,HAP_1,62.389811,62.200338,0.025906,0.016799,0.233837
225,T225_UAV_2,HAP_1,LEO_1,87.761232,87.564997,0.040805,0.007336,0.24047
226,T226_UAV_7,BS_4,LEO_1,106.837605,106.788512,0.001163,0.003775,0.22078
226,T226_UAV_6,BS_3,HAP_0,84.138352,84.082784,0.0046,0.008191,0.213884
226,T226_UAV_8,BS_4,LEO_0,28.89551,28.814017,0.001953,0.00976,0.3489
226,T226_UAV_1,BS_0,HAP_2,57.200792,57.007513,0.027255,0.024185,0.209199
226,T226_UAV_3,BS_3,HAP_1,58.293165,58.032669,0.025848,0.047746,0.43451
226,T226_UAV_5,HAP_1,LEO_1,103.116803,103.061552,0.000966,0.010128,0.22078
227,T227_UAV_4,BS_4,LEO_1,43.029331,42.950358,0.000732,0.013519,0.323612
227,T227_UAV_7,BS_4,LEO_0,151.608622,151.417221,0.044122,0.010229,0.185252
227,T227_UAV_9,HAP_1,HAP_2,159.278609,159.208918,0.004125,0.020857,0.22354
227,T227_UAV_0,HAP_1,LEO_0,181.367575,181.18125,0.046097,0.003178,0.185252
227,T227_UAV_6,BS_3,HAP_0,58.915754,58.850629,0.002259,0.007247,0.278093
227,T227_UAV_1,BS_0,HAP_1,49.160393,48.885184,0.026714,0.041942,0.532763
227,T227_UAV_3,BS_3,HAP_2,79.074443,79.017267,0.002452,0.010017,0.22354
227,T227_UAV_2,HAP_1,HAP_0,85.185368,85.116238,0.003409,0.010103,0.278093
227,T227_UAV_8,BS_4,BS_1,121.839137,121.738048,0.030419,0.013908,0.283809
227,T227_UAV_5,HAP_1,LEO_0,129.120755,128.929774,0.043893,0.010037,0.185252
228,T228_UAV_9,HAP_1,LEO_1,116.176647,115.983567,0.041203,0.007929,0.219734
228,T228_UAV_2,HAP_1,BS_2,181.543308,181.362324,0.05531,0.004469,0.10602
228,T228_UAV_3,BS_3,LEO_0,17.995228,17.798895,0.041497,0.008555,0.231405
228,T228_UAV_0,HAP_1,HAP_0,27.258313,27.058144,0.026444,0.019536,0.270948
228,T228_UAV_5,HAP_1,HAP_2,41.689223,41.494566,0.026475,0.020664,0.237587
228,T228_UAV_1,BS_0,HAP_1,51.821177,51.607904,0.026812,0.043951,0.212551
228,T228_UAV_4,BS_4,LEO_1,114.467496,114.268151,0.041355,0.014043,0.219734
229,T229_UAV_4,BS_4,LEO_1,48.890981,48.840366,0.000835,0.004725,0.225272
229,T229_UAV_8,BS_4,LEO_0,74.375711,74.182634,0.041734,0.014451,0.184459
229,T229_UAV_5,HAP_1,HAP_2,61.843006,61.664228,0.026661,0.013025,0.195461
229,T229_UAV_2,HAP_1,LEO_0,140.301819,140.11257,0.044036,0.008321,0.184459
229,T229_UAV_9,HAP_1,HAP_2,105.945896,105.765961,0.027746,0.013097,0.195461
229,T229_UAV_1,BS_0,LEO_0,229.696574,229.510347,0.046486,0.002849,0.184459
229,T229_UAV_3,BS_3,LEO_0,239.879427,239.686978,0.046669,0.008888,0.184459
230,T230_UAV_4,BS_4,LEO_1,64.975559,64.909693,0.001112,0.012311,0.262218
230,T230_UAV_7,BS_4,LEO_0,66.538229,66.310246,0.044227,0.025511,0.291228
230,T230_UAV_0,HAP_1,HAP_2,60.550748,60.356485,0.026954,0.028352,0.194785
230,T230_UAV_2,HAP_1,HAP_0,34.157267,33.969335,0.026945,0.01131,0.248388
230,T230_UAV_5,HAP_1,HAP_1,70.636088,70.404769,0.02624,0.050974,0.270525
230,T230_UAV_8,BS_4,HAP_2,169.987865,169.803737,0.028942,0.016229,0.194785
231,T231_UAV_6,HAP_1,LEO_1,129.385891,129.300666,0.000973,0.010815,0.367183
231,T231_UAV_5,HAP_1,HAP_0,173.395059,173.217301,0.030511,0.00798,0.196336
231,T231_UAV_9,HAP_1,HAP_0,176.9474,176.751617,0.030699,0.025818,0.196336
231,T231_UAV_4,BS_4,BS_2,179.296519,179.096215,0.054742,0.006132,0.197153
231,T231_UAV_1,BS_0,LEO_0,41.735468,41.547358,0.041988,0.005065,0.205283
231,T231_UAV_8,BS_4,HAP_2,40.411991,40.347361,0.001197,0.022585,0.20424
231,T231_UAV_7,BS_4,HAP_1,48.56625,48.321925,0.026101,0.025738,0.46243
231,T231_UAV_3,BS_3,LEO_1,93.1737,93.089201,0.000718,0.010344,0.367183
231,T231_UAV_0,HAP_1,BS_1,98.719822,98.545282,0.034614,0.003198,0.183641
231,T231_UAV_2,HAP_1,LEO_0,106.020842,105.823161,0.045175,0.01145,0.205283
232,T232_UAV_7,BS_4,LEO_1,168.915397,168.743724,0.041402,0.008731,0.107701
232,T232_UAV_6,HAP_1,LEO_0,61.104472,61.033033,0.005942,0.015832,0.248326
232,T232_UAV_4,BS_4,HAP_2,98.361129,98.1793,0.027339,0.00961,0.224393
232,T232_UAV_9,HAP_1,LEO_1,263.223267,263.050404,0.04209,0.009232,0.107701
232,T232_UAV_5,HAP_1,HAP_0,31.401545,31.185686,0.026351,0.027464,0.310215
232,T232_UAV_8,BS_4,HAP_1,55.469911,55.276766,0.02627,0.015778,0.255482
232,T232_UAV_2,HAP_1,LEO_1,209.149346,208.975335,0.041491,0.01098,0.107701
232,T232_UAV_1,BS_0,LEO_1,210.520712,210.351455,0.041522,0.006195,0.107701
233,T233_UAV_8,BS_4,LEO_1,40.750082,40.540295,0.040526,0.004686,0.322872
233,T233_UAV_0,HAP_1,LEO_0,100.404045,100.19256,0.044585,0.021022,0.22939
233,T233_UAV_4,BS_4,HAP_2,65.119771,65.052671,0.001261,0.026567,0.196363
233,T233_UAV_1,BS_0,HAP_0,40.767893,40.599855,0.026258,0.00502,0.183799
233,T233_UAV_6,HAP_1,LEO_0,92.107274,91.896111,0.044899,0.020386,0.22939
233,T233_UAV_5,HAP_1,HAP_2,105.403889,105.356182,0.002822,0.005612,0.196363
234,T234_UAV_4,BS_4,LEO_0,72.931572,72.873844,0.002408,0.015863,0.197287
234,T234_UAV_6,HAP_1,LEO_1,53.290991,53.097176,0.040519,0.003795,0.247503
234,T234_UAV_5,HAP_1,HAP_2,86.257426,86.062642,0.028022,0.017898,0.244323
234,T234_UAV_8,BS_4,LEO_0,42.773451,42.722143,0.001658,0.010193,0.197287
234,T234_UAV_7,BS_4,HAP_0,51.504473,51.311076,0.027078,0.019784,0.232676
234,T234_UAV_0,HAP_1,HAP_1,57.829259,57.643329,0.025685,0.011129,0.24558
234,T234_UAV_1,BS_0,BS_3,136.659087,136.458923,0.044088,0.032695,0.116911
234,T234_UAV_2,HAP_1,BS_1,148.340122,148.141654,0.047007,0.013801,0.1883
235,T235_UAV_4,BS_4,LEO_1,78.392445,78.193386,0.040934,0.018168,0.199781
235,T235_UAV_9,HAP_1,LEO_0,127.628542,127.432133,0.044954,0.006831,0.223114
235,T235_UAV_0,HAP_1,HAP_0,162.879748,162.824281,0.00608,0.010897,0.192451
235,T235_UAV_6,HAP_1,HAP_2,60.75569,60.553582,0.027226,0.026586,0.241478
235,T235_UAV_2,HAP_1,LEO_1,37.801805,37.598066,0.040342,0.023441,0.199781
235,T235_UAV_8,BS_4,HAP_1,47.725105,47.497383,0.026088,0.012985,0.443246
235,T235_UAV_5,HAP_1,LEO_0,71.78109,71.590203,0.042904,0.00336,0.223114
235,T235_UAV_3,BS_3,HAP_0,141.919696,141.851626,0.004694,0.024887,0.192451
235,T235_UAV_1,BS_0,HAP_2,167.503118,167.302474,0.030002,0.022346,0.241478
236,T236_UAV_7,BS_4,LEO_1,108.730183,108.54519,0.041191,0.005473,0.191641
236,T236_UAV_4,BS_4,LEO_0,131.524153,131.467626,0.004339,0.014016,0.190863
236,T236_UAV_5,HAP_1,HAP_2,27.29065,27.110343,0.025945,0.013071,0.206452
236,T236_UAV_3,BS_3,HAP_0,47.322513,47.131185,0.027144,0.020321,0.219316
236,T236_UAV_8,BS_4,HAP_1,69.103441,68.877273,0.026577,0.024521,0.375349
236,T236_UAV_9,HAP_1,LEO_1,84.103036,83.903266,0.040877,0.020565,0.191641
236,T236_UAV_6,HAP_1,LEO_0,84.686299,84.639704,0.004526,0.003897,0.190863
237,T237_UAV_5,HAP_1,LEO_1,134.116779,134.073837,0.001093,0.00339,0.192296
237,T237_UAV_8,BS_4,LEO_0,123.74603,123.672966,0.004817,0.013856,0.271953
237,T237_UAV_0,HAP_1,HAP_0,72.810741,72.638157,0.02883,0.004031,0.198619
237,T237_UAV_3,BS_3,HAP_2,31.081872,30.888497,0.026283,0.026575,0.202584
237,T237_UAV_2,HAP_1,LEO_1,64.563512,64.515783,0.000506,0.008764,0.192296
237,T237_UAV_9,HAP_1,HAP_1,35.367752,35.159851,0.025686,0.028777,0.267194
237,T237_UAV_4,BS_4,LEO_0,69.326257,69.261392,0.002284,0.00819,0.271953
237,T237_UAV_1,BS_0,LEO_1,102.524731,102.473474,0.000818,0.01198,0.192296
237,T237_UAV_6,HAP_1,BS_1,111.931508,111.842631,0.027947,0.016046,0.224423
238,T238_UAV_4,BS_4,LEO_1,79.045867,78.977166,0.000949,0.004619,0.315666
238,T238_UAV_5,BS_4,LEO_0,40.684742,40.600992,0.002919,0.009928,0.354514
238,T238_UAV_9,HAP_1,HAP_2,181.089105,181.028671,0.004769,0.01908,0.182919
238,T238_UAV_6,HAP_1,HAP_0,55.170741,55.104309,0.00215,0.023505,0.203883
238,T238_UAV_0,HAP_1,HAP_1,26.162399,25.957365,0.025312,0.040863,0.194296
238,T238_UAV_8,BS_4,LEO_1,49.982769,49.906646,0.000472,0.012518,0.315666
238,T238_UAV_7,BS_4,HAP_2,55.326443,55.272721,0.001289,0.015849,0.182919
238,T238_UAV_2,HAP_1,HAP_0,80.845118,80.796931,0.003189,0.004221,0.203883
238,T238_UAV_3,BS_3,BS_1,188.426488,188.226529,0.057023,0.00506,0.189382
239,T239_UAV_8,BS_4,LEO_0,55.780324,55.584022,0.043824,0.007634,0.224223
239,T239_UAV_5,BS_4,BS_2,315.844717,315.629919,0.088861,0.002532,0.11703
239,T239_UAV_4,BS_4,LEO_1,17.872864,17.780805,0.000308,0.017009,0.373713
239,T239_UAV_0,HAP_1,HAP_0,73.296393,73.22853,0.003855,0.009764,0.271219
239,T239_UAV_1,BS_0,HAP_2,85.282679,85.07667,0.028456,0.020375,0.285895
239,T239_UAV_6,HAP_1,BS_2,140.708132,140.533361,0.045108,0.006257,0.11703
240,T240_UAV_8,BS_4,LEO_1,131.121984,130.921664,0.041233,0.019515,0.197858
240,T240_UAV_5,BS_4,LEO_1,131.283078,131.092638,0.041253,0.009616,0.197858
240,T240_UAV_9,HAP_1,LEO_0,74.19665,74.141331,0.002891,0.009517,0.214554
240,T240_UAV_1,BS_0,HAP_0,58.922625,58.841203,0.001848,0.010511,0.345317
240,T240_UAV_6,HAP_1,HAP_2,66.728238,66.533146,0.028481,0.020848,0.228817
240,T240_UAV_4,BS_4,HAP_1,82.086476,81.804872,0.027352,0.062345,0.459533
240,T240_UAV_3,BS_3,LEO_0,114.060375,114.004999,0.005338,0.007127,0.214554
241,T241_UAV_0,HAP_1,HAP_0,479.605634,479.428972,0.037351,0.017145,0.110831
241,T241_UAV_4,BS_4,LEO_1,31.327312,31.275969,0.000542,0.006823,0.219888
241,T241_UAV_6,HAP_1,HAP_0,139.183932,139.026706,0.028737,0.006323,0.110831
241,T241_UAV_1,BS_0,LEO_0,59.513478,59.44,0.005211,0.010604,0.288316
241,T241_UAV_3,BS_3,HAP_0,155.412264,155.247757,0.028644,0.013697,0.110831
241,T241_UAV_8,BS_4,HAP_0,178.88604,178.721601,0.028578,0.013695,0.110831
241,T241_UAV_2,HAP_1,HAP_0,266.458451,266.291426,0.032178,0.01268,0.110831
242,T242_UAV_4,BS_4,HAP_2,316.516872,316.338388,0.029843,0.009513,0.195638
242,T242_UAV_0,HAP_1,LEO_1,191.176689,191.118273,0.001521,0.003553,0.266709
242,T242_UAV_6,HAP_1,LEO_1,197.751203,197.69079,0.001327,0.005744,0.266709
242,T242_UAV_8,BS_4,HAP_2,170.095047,169.910765,0.02808,0.017075,0.195638
242,T242_UAV_7,BS_4,LEO_1,78.723296,78.662219,0.000725,0.00701,0.266709
242,T242_UAV_3,BS_3,BS_2,90.961896,90.761767,0.032669,0.015267,0.260966
242,T242_UAV_2,HAP_1,HAP_2,309.57082,309.378709,0.032563,0.02042,0.195638
242,T242_UAV_1,BS_0,HAP_2,340.657141,340.470945,0.032471,0.014598,0.195638
242,T242_UAV_9,HAP_1,HAP_2,359.276483,359.097041,0.032137,0.008177,0.195638
243,T243_UAV_2,HAP_1,LEO_0,130.508487,130.314648,0.046338,0.013362,0.170699
243,T243_UAV_1,BS_0,LEO_1,25.76483,25.574652,0.04032,0.003615,0.231218
243,T243_UAV_9,HAP_1,LEO_0,44.180847,44.001155,0.041713,0.003839,0.170699
243,T243_UAV_6,HAP_1,HAP_0,54.964012,54.7524,0.028083,0.006935,0.382969
243,T243_UAV_4,BS_4,BS_2,109.33804,109.142293,0.037262,0.029885,0.143001
244,T244_UAV_7,BS_4,LEO_1,56.246383,56.176428,0.000865,0.017306,0.258917
244,T244_UAV_8,BS_4,HAP_0,146.555893,146.372936,0.028914,0.01683,0.186064
244,T244_UAV_6,HAP_1,LEO_0,22.929392,22.736356,0.042208,0.002842,0.239926
244,T244_UAV_5,BS_4,BS_1,63.860466,63.69754,0.025909,0.005843,0.155869
244,T244_UAV_1,BS_0,HAP_1,62.409287,62.182082,0.027195,0.04899,0.255103
244,T244_UAV_3,BS_3,HAP_2,78.255759,78.03,0.028221,0.013759,0.418892
244,T244_UAV_0,HAP_1,BS_2,81.395535,81.224567,0.030286,0.005384,0.176489
244,T244_UAV_9,HAP_1,HAP_0,162.357762,162.185755,0.030352,0.004443,0.186064
245,T245_UAV_5,BS_4,LEO_1,44.795984,44.588876,0.040587,0.013206,0.266578
245,T245_UAV_7,BS_4,LEO_0,129.658342,129.613092,0.004682,0.003824,0.183716
245,T245_UAV_0,HAP_1,HAP_2,95.638999,95.438596,0.028022,0.037561,0.174104
245,T245_UAV_2,HAP_1,LEO_0,77.878368,77.824867,0.003784,0.012973,0.183716
245,T245_UAV_4,BS_4,BS_2,128.394371,128.307034,0.032061,0.018756,0.182598
245,T245_UAV_9,HAP_1,HAP_2,132.91642,132.722322,0.028531,0.030746,0.174104
246,T246_UAV_8,BS_4,LEO_1,88.249242,88.195308,0.000824,0.010847,0.211313
246,T246_UAV_6,HAP_1,LEO_0,53.222256,53.155035,0.005205,0.009494,0.262614
246,T246_UAV_4,BS_4,HAP_0,87.433837,87.237466,0.027921,0.015295,0.265774
246,T246_UAV_2,HAP_1,HAP_2,47.689253,47.476797,0.027274,0.027302,0.289406
246,T246_UAV_7,BS_4,HAP_1,51.81195,51.604828,0.026208,0.02248,0.292166
246,T246_UAV_1,BS_0,LEO_1,110.127462,110.080987,0.001015,0.003197,0.211313
246,T246_UAV_0,HAP_1,BS_3,316.23593,315.988727,0.088948,0.019696,0.192801
246,T246_UAV_3,BS_2,BS_3,341.350235,341.082309,0.095218,0.034148,0.192801
247,T247_UAV_9,HAP_1,LEO_1,58.566491,58.375426,0.040851,0.007554,0.213303
247,T247_UAV_4,BS_4,BS_1,986.237261,985.823327,0.256323,0.020053,0.18779
247,T247_UAV_5,BS_4,BS_1,988.493203,988.093686,0.25689,0.00507,0.18779
247,T247_UAV_2,HAP_1,LEO_0,54.63688,54.552925,0.00479,0.007823,0.356708
247,T247_UAV_7,BS_4,BS_1,421.122533,420.864455,0.115154,0.005366,0.18779
247,T247_UAV_1,BS_0,BS_1,668.49447,668.159966,0.176947,0.02,0.18779
247,T247_UAV_0,HAP_1,BS_1,797.778251,797.427736,0.209247,0.003709,0.18779
248,T248_UAV_8,BS_4,LEO_1,72.723957,72.671709,0.000677,0.00958,0.209948
248,T248_UAV_6,HAP_1,LEO_0,190.500783,190.313561,0.04738,0.007762,0.160403
248,T248_UAV_0,HAP_1,HAP_2,34.075089,33.873667,0.026454,0.028094,0.234364
248,T248_UAV_2,HAP_1,HAP_0,49.598348,49.520271,0.002764,0.014051,0.306315
248,T248_UAV_4,BS_4,LEO_0,86.865528,86.684055,0.042124,0.007269,0.160403
248,T248_UAV_3,BS_2,LEO_1,64.202419,64.15686,0.000493,0.003077,0.209948
248,T248_UAV_9,HAP_1,LEO_0,147.088054,146.906266,0.044263,0.005443,0.160403
249,T249_UAV_5,BS_4,LEO_1,106.354408,106.29301,0.000881,0.006135,0.271911
249,T249_UAV_6,HAP_1,LEO_0,96.016512,95.814096,0.04514,0.01133,0.229731
249,T249_UAV_4,BS_4,HAP_2,158.194689,158.128788,0.002991,0.023844,0.195331
249,T249_UAV_8,BS_4,HAP_0,40.903538,40.828183,0.001438,0.004515,0.34701
249,T249_UAV_1,BS_0,LEO_1,70.283132,70.218034,0.000554,0.010162,0.271911
249,T249_UAV_7,BS_4,HAP_1,43.467479,43.248496,0.026018,0.038494,0.272352
249,T249_UAV_3,BS_2,HAP_2,67.58027,67.510121,0.002049,0.029033,0.195331
249,T249_UAV_2,HAP_1,LEO_0,75.030197,74.832828,0.043622,0.007801,0.229731
249,T249_UAV_0,HAP_1,LEO_1,139.477072,139.409253,0.001107,0.012329,0.271911
250,T250_UAV_9,HAP_1,HAP_0,78.692557,78.526437,0.028588,0.01097,0.13281
250,T250_UAV_6,HAP_1,LEO_1,35.39367,35.310905,0.000358,0.011312,0.355477
250,T250_UAV_0,HAP_1,LEO_0,76.534688,76.478719,0.003441,0.011201,0.206636
250,T250_UAV_2,HAP_1,HAP_2,63.730655,63.530185,0.028027,0.012474,0.299846
250,T250_UAV_1,BS_0,HAP_1,64.082282,63.901154,0.027229,0.012684,0.206077
250,T250_UAV_3,BS_2,LEO_0,109.352609,109.294687,0.005092,0.011502,0.206636
251,T251_UAV_4,BS_4,LEO_1,144.216438,144.024824,0.04145,0.017768,0.161978
251,T251_UAV_7,BS_4,LEO_0,50.432268,50.359683,0.003174,0.007273,0.310686
251,T251_UAV_5,BS_4,HAP_0,155.846971,155.796126,0.004832,0.002872,0.21571
251,T251_UAV_8,BS_4,HAP_2,68.502548,68.304449,0.027088,0.028106,0.214523
251,T251_UAV_1,BS_0,HAP_1,70.844198,70.618653,0.027459,0.032153,0.329669
251,T251_UAV_2,HAP_1,LEO_1,124.859214,124.675011,0.040957,0.01085,0.161978
251,T251_UAV_9,HAP_1,LEO_1,189.905203,189.72351,0.041669,0.007629,0.161978
251,T251_UAV_3,BS_2,HAP_0,191.555182,191.495461,0.00621,0.01037,0.21571
252,T252_UAV_4,BS_4,LEO_1,89.524929,89.335587,0.041079,0.011573,0.18345
252,T252_UAV_2,HAP_1,LEO_1,113.562293,113.372919,0.041007,0.011677,0.18345
252,T252_UAV_5,BS_4,BS_3,812.494335,812.156761,0.212928,0.004894,0.098764
252,T252_UAV_8,BS_4,BS_1,186.892991,186.704478,0.056643,0.009372,0.112488
252,T252_UAV_6,HAP_1,BS_3,967.542401,967.164343,0.25166,0.006645,0.098764
252,T252_UAV_1,BS_0,BS_3,1000.54762,1000.152538,0.259903,0.015427,0.098764
252,T252_UAV_9,HAP_1,HAP_2,50.221063,50.168908,0.001778,0.004665,0.228561
252,T252_UAV_7,BS_4,BS_3,483.704682,483.434164,0.130788,0.019977,0.098764
252,T252_UAV_0,HAP_1,BS_3,824.403899,824.062549,0.215903,0.005694,0.098764
253,T253_UAV_8,BS_4,LEO_1,126.852523,126.804448,0.001173,0.006329,0.202867
253,T253_UAV_7,BS_4,BS_1,383.246666,382.989367,0.105689,0.014392,0.186085
253,T253_UAV_5,BS_4,BS_1,410.029989,409.76805,0.112381,0.012342,0.186085
253,T253_UAV_9,HAP_1,BS_1,525.679821,525.376227,0.141268,0.025109,0.186085
253,T253_UAV_0,HAP_1,LEO_0,46.076646,45.873256,0.042049,0.007869,0.26736
253,T253_UAV_1,BS_0,HAP_2,48.293235,48.208265,0.001931,0.023885,0.29577
253,T253_UAV_4,BS_4,HAP_0,63.044159,62.953417,0.002094,0.01106,0.387941
253,T253_UAV_2,HAP_1,LEO_1,86.120749,86.071293,0.000765,0.008118,0.202867
253,T253_UAV_3,BS_2,LEO_0,115.686875,115.475871,0.045364,0.012168,0.26736
254,T254_UAV_8,BS_4,LEO_0,119.544316,119.353578,0.0435,0.009163,0.190377
254,T254_UAV_5,BS_4,LEO_1,91.859304,91.783998,0.000895,0.011706,0.313523
254,T254_UAV_4,BS_4,HAP_0,138.669392,138.495483,0.028533,0.014879,0.152486
254,T254_UAV_9,HAP_1,LEO_0,157.985954,157.783313,0.044617,0.019949,0.190377
254,T254_UAV_1,BS_0,HAP_2,33.16603,33.074161,0.001323,0.016799,0.368733
254,T254_UAV_2,HAP_1,HAP_1,51.033341,50.834029,0.025404,0.015969,0.289699
254,T254_UAV_3,BS_2,HAP_0,62.014368,61.849469,0.026995,0.007407,0.152486
254,T254_UAV_0,HAP_1,LEO_0,68.856369,68.666256,0.042245,0.009792,0.190377
254,T254_UAV_6,HAP_1,LEO_1,76.33711,76.266495,0.000597,0.007314,0.313523
254,T254_UAV_7,BS_4,HAP_1,75.685203,75.461614,0.026462,0.039187,0.289699
255,T255_UAV_6,HAP_1,LEO_1,61.824264,61.746317,0.000633,0.011273,0.330204
255,T255_UAV_7,BS_4,LEO_0,18.050735,17.856538,0.041112,0.010891,0.210972
255,T255_UAV_0,HAP_1,HAP_2,140.615308,140.456216,0.028758,0.007225,0.11554
255,T255_UAV_1,BS_0,HAP_0,84.944789,84.743229,0.027649,0.010647,0.316315
255,T255_UAV_3,BS_2,HAP_1,96.050093,95.855406,0.026542,0.013077,0.275341
255,T255_UAV_5,BS_4,HAP_2,169.230873,169.071429,0.028808,0.007528,0.11554
255,T255_UAV_2,HAP_1,HAP_2,169.500987,169.334511,0.029903,0.013466,0.11554
256,T256_UAV_5,BS_4,LEO_1,76.77236,76.584681,0.040747,0.012626,0.17153
256,T256_UAV_8,BS_4,LEO_0,97.032718,96.843062,0.043855,0.006532,0.196349
256,T256_UAV_7,BS_4,HAP_0,29.069598,29.015695,0.001101,0.011841,0.204806
256,T256_UAV_4,BS_4,HAP_2,30.898352,30.704603,0.025698,0.013367,0.273416
256,T256_UAV_2,HAP_1,LEO_1,40.945023,40.757264,0.040359,0.013093,0.17153
256,T256_UAV_9,HAP_1,HAP_1,68.569902,68.350804,0.026267,0.043067,0.248817
256,T256_UAV_3,BS_2,LEO_0,124.415005,124.210754,0.045761,0.01922,0.196349
257,T257_UAV_2,HAP_1,BS_3,160.878718,160.679376,0.05014,0.026728,0.112372
257,T257_UAV_8,BS_4,LEO_1,31.734108,31.686122,0.000395,0.005813,0.208896
257,T257_UAV_9,HAP_1,LEO_0,32.825909,32.774075,0.002313,0.009494,0.200136
257,T257_UAV_7,BS_4,BS_1,51.103758,50.915702,0.022713,0.034432,0.154559
257,T257_UAV_0,HAP_1,HAP_2,55.889055,55.815659,0.002364,0.02535,0.228413
257,T257_UAV_3,BS_2,HAP_0,85.685284,85.489856,0.028768,0.02221,0.222249
258,T258_UAV_0,HAP_1,LEO_1,128.565541,128.497611,0.001191,0.013545,0.265971
258,T258_UAV_5,BS_4,HAP_0,296.099976,296.046221,0.007816,0.007968,0.189855
258,T258_UAV_2,HAP_1,LEO_0,34.703398,34.620443,0.00302,0.019105,0.304152
258,T258_UAV_3,BS_2,LEO_1,42.335378,42.270293,0.000324,0.011567,0.265971
258,T258_UAV_8,BS_4,HAP_1,35.951768,35.719104,0.025802,0.053199,0.268319
258,T258_UAV_1,BS_0,HAP_0,104.229298,104.184423,0.00223,0.004674,0.189855
258,T258_UAV_9,HAP_1,HAP_0,182.505439,182.457621,0.005172,0.004676,0.189855
259,T259_UAV_5,BS_4,LEO_1,99.159414,99.078442,0.000971,0.002475,0.387636
259,T259_UAV_1,BS_0,LEO_0,66.669834,66.588966,0.005757,0.005211,0.349499
259,T259_UAV_8,BS_4,HAP_1,66.532551,66.320387,0.02649,0.026766,0.294535
259,T259_UAV_7,BS_4,BS_3,161.201354,160.989641,0.050217,0.013682,0.23907
259,T259_UAV_0,HAP_1,HAP_0,41.818845,41.740788,0.002128,0.013327,0.31301
259,T259_UAV_2,HAP_1,HAP_2,50.834407,50.618521,0.027381,0.022654,0.329251
259,T259_UAV_3,BS_2,LEO_1,102.397576,102.305517,0.000784,0.013748,0.387636
259,T259_UAV_4,BS_4,BS_1,115.960014,115.747065,0.038912,0.027053,0.234918
260,T260_UAV_5,BS_4,LEO_0,160.603449,160.419453,0.043827,0.011403,0.143831
260,T260_UAV_7,BS_4,LEO_0,199.796143,199.610938,0.04439,0.012048,0.143831
260,T260_UAV_3,BS_2,LEO_1,36.607201,36.422877,0.040278,0.003647,0.201992
260,T260_UAV_4,BS_4,HAP_2,67.155729,67.097543,0.001248,0.009983,0.234775
260,T260_UAV_9,HAP_1,LEO_1,46.408674,46.208665,0.040469,0.019141,0.201992
260,T260_UAV_2,HAP_1,LEO_0,115.395317,115.209636,0.043272,0.013644,0.143831
260,T260_UAV_6,HAP_1,LEO_0,164.621352,164.444875,0.045157,0.002554,0.143831
260,T260_UAV_1,BS_0,HAP_2,197.129387,197.072204,0.005819,0.00441,0.234775
261,T261_UAV_6,HAP_1,LEO_1,170.146862,170.099808,0.001177,0.007942,0.189675
261,T261_UAV_4,BS_4,LEO_0,127.284793,127.066274,0.044104,0.015516,0.294492
261,T261_UAV_5,BS_4,HAP_0,28.662253,28.47625,0.026177,0.014577,0.226241
261,T261_UAV_1,BS_0,HAP_2,42.32013,42.133177,0.026666,0.012395,0.239458
261,T261_UAV_7,BS_4,LEO_1,86.698561,86.647118,0.00079,0.012719,0.189675
261,T261_UAV_9,HAP_1,HAP_1,46.302264,46.0928,0.025837,0.015028,0.342993
261,T261_UAV_2,HAP_1,LEO_0,66.033771,65.813204,0.043164,0.018505,0.294492
261,T261_UAV_0,HAP_1,LEO_1,131.560493,131.512662,0.001048,0.008848,0.189675
262,T262_UAV_6,HAP_1,LEO_1,27.531511,27.474185,0.000286,0.003173,0.269331
262,T262_UAV_9,HAP_1,LEO_0,35.66183,35.457954,0.042512,0.014322,0.23521
262,T262_UAV_4,BS_4,HAP_2,91.179488,91.006133,0.027052,0.005289,0.205067
262,T262_UAV_1,BS_0,BS_1,122.27795,122.091438,0.040498,0.008583,0.187153
263,T263_UAV_6,HAP_1,LEO_1,44.952232,44.751061,0.040465,0.013147,0.237794
263,T263_UAV_4,BS_4,LEO_0,297.684544,297.482102,0.044715,0.019828,0.189499
263,T263_UAV_8,BS_4,LEO_0,338.871588,338.666019,0.046347,0.021322,0.189499
263,T263_UAV_9,HAP_1,HAP_2,61.484094,61.432456,0.002222,0.009412,0.200017
263,T263_UAV_0,HAP_1,LEO_0,141.991028,141.805034,0.042868,0.005226,0.189499
263,T263_UAV_1,BS_0,HAP_0,94.058253,93.881577,0.027932,0.005418,0.216628
263,T263_UAV_7,BS_4,LEO_0,148.360383,148.175592,0.042537,0.004354,0.189499
263,T263_UAV_2,HAP_1,LEO_0,151.698839,151.513231,0.043267,0.004441,0.189499
263,T263_UAV_3,BS_2,LEO_0,192.290318,192.093299,0.044016,0.015103,0.189499
264,T264_UAV_5,BS_4,HAP_0,298.272353,298.220016,0.006613,0.006944,0.193896
264,T264_UAV_4,BS_4,HAP_0,341.740311,341.683862,0.006546,0.011124,0.193896
264,T264_UAV_9,HAP_1,LEO_1,24.19845,24.143178,0.000338,0.006715,0.241093
264,T264_UAV_2,HAP_1,HAP_2,90.998296,90.934153,0.004258,0.003648,0.281183
264,T264_UAV_1,BS_0,HAP_0,269.273245,269.226062,0.004996,0.003408,0.193896
264,T264_UAV_8,BS_4,HAP_0,280.75508,280.707318,0.005634,0.003348,0.193896
264,T264_UAV_3,BS_2,HAP_0,488.192714,488.127971,0.011208,0.014755,0.193896
265,T265_UAV_5,BS_4,LEO_1,86.571716,86.497109,0.000852,0.013342,0.302066
265,T265_UAV_4,BS_4,LEO_0,124.124029,123.90261,0.043991,0.006306,0.355612
265,T265_UAV_8,BS_4,HAP_2,48.52289,48.4404,0.001517,0.010662,0.351553
265,T265_UAV_0,HAP_1,HAP_0,54.207629,53.959955,0.027718,0.016326,0.518148
265,T265_UAV_3,BS_2,HAP_1,56.415616,56.161868,0.02593,0.056129,0.35844
265,T265_UAV_1,BS_0,LEO_1,77.758499,77.694572,0.000704,0.00281,0.302066
265,T265_UAV_9,HAP_1,LEO_0,92.275618,92.048139,0.043706,0.01265,0.355612
265,T265_UAV_7,BS_4,BS_1,96.929436,96.845562,0.024199,0.013743,0.229658
266,T266_UAV_8,BS_4,LEO_1,38.176229,38.095245,0.000467,0.006983,0.367673
266,T266_UAV_5,BS_4,HAP_2,129.221189,129.05241,0.028252,0.011221,0.14653
266,T266_UAV_7,BS_4,LEO_0,60.721857,60.665446,0.002169,0.006682,0.237805
266,T266_UAV_0,HAP_1,HAP_0,52.588159,52.351872,0.027633,0.033377,0.376383
266,T266_UAV_3,BS_2,BS_3,62.417661,62.3541,0.015581,0.008676,0.196521
266,T266_UAV_9,HAP_1,LEO_0,74.689512,74.624657,0.003015,0.01428,0.237805
266,T266_UAV_1,BS_0,HAP_1,86.852179,86.590841,0.027928,0.038731,0.473397
266,T266_UAV_6,HAP_1,HAP_2,143.539989,143.373535,0.030446,0.006702,0.14653
267,T267_UAV_7,BS_4,LEO_1,154.611408,154.439909,0.041407,0.004365,0.128637
267,T267_UAV_9,HAP_1,LEO_0,132.738406,132.515765,0.045355,0.035136,0.210752
267,T267_UAV_8,BS_4,HAP_0,80.776927,80.595114,0.027843,0.020933,0.165182
267,T267_UAV_4,BS_4,HAP_2,70.08717,70.034825,0.001288,0.006954,0.220512
267,T267_UAV_5,BS_4,HAP_1,39.514248,39.305977,0.025784,0.020995,0.307463
267,T267_UAV_1,BS_0,LEO_1,81.745614,81.568875,0.040635,0.010377,0.128637
267,T267_UAV_6,HAP_1,LEO_0,100.07162,99.871895,0.045397,0.012177,0.210752
267,T267_UAV_3,BS_2,LEO_1,123.390703,123.216626,0.040826,0.007524,0.128637
267,T267_UAV_2,HAP_1,HAP_2,162.798975,162.741733,0.005478,0.007662,0.220512
268,T268_UAV_4,BS_4,LEO_1,128.821366,128.624691,0.041309,0.009065,0.231503
268,T268_UAV_5,BS_4,LEO_0,103.853098,103.777943,0.004048,0.020797,0.251552
268,T268_UAV_6,HAP_1,HAP_0,161.850308,161.798328,0.006598,0.007809,0.187861
268,T268_UAV_8,BS_4,LEO_1,173.099511,172.896058,0.041343,0.015809,0.231503
268,T268_UAV_0,HAP_1,LEO_0,131.113942,131.039983,0.005788,0.017861,0.251552
268,T268_UAV_2,HAP_1,HAP_2,34.242441,34.040371,0.02658,0.012311,0.315895
268,T268_UAV_7,BS_4,HAP_0,63.095005,63.032276,0.00174,0.023417,0.187861
268,T268_UAV_9,HAP_1,BS_1,120.801279,120.61542,0.040129,0.006093,0.198189
268,T268_UAV_3,BS_2,BS_3,153.603731,153.381864,0.048316,0.020321,0.266149
268,T268_UAV_1,BS_0,LEO_1,170.792575,170.596202,0.041327,0.008745,0.231503
269,T269_UAV_7,BS_4,LEO_1,102.337701,102.15035,0.041101,0.008285,0.189821
269,T269_UAV_8,BS_4,LEO_0,108.674528,108.477461,0.044386,0.014261,0.192096
269,T269_UAV_5,BS_4,HAP_2,185.576864,185.51694,0.004651,0.004345,0.254638
269,T269_UAV_2,HAP_1,HAP_0,47.998237,47.80396,0.027573,0.025726,0.204896
269,T269_UAV_3,BS_2,HAP_1,58.31213,58.082682,0.025974,0.036045,0.33715
269,T269_UAV_4,BS_4,LEO_1,88.108047,87.91957,0.041074,0.009438,0.189821
269,T269_UAV_9,HAP_1,LEO_0,90.942252,90.754491,0.043677,0.005665,0.192096
269,T269_UAV_1,BS_0,HAP_2,182.043019,181.980014,0.005323,0.006754,0.254638
270,T270_UAV_7,BS_4,LEO_1,128.153472,128.08847,0.001384,0.01593,0.238443
270,T270_UAV_0,HAP_1,LEO_0,22.72702,22.665139,0.001789,0.019912,0.2009
270,T270_UAV_3,BS_2,HAP_0,39.921633,39.860854,0.001724,0.01133,0.238626
270,T270_UAV_6,HAP_1,HAP_2,57.233899,57.161837,0.003111,0.010401,0.292753
270,T270_UAV_1,BS_0,HAP_1,60.429805,60.184833,0.027018,0.04373,0.371118
270,T270_UAV_4,BS_4,LEO_1,107.378722,107.313013,0.001313,0.016708,0.238443
271,T271_UAV_4,BS_4,LEO_1,173.701606,173.518416,0.041764,0.004083,0.186715
271,T271_UAV_7,BS_4,HAP_2,26.527256,26.345233,0.025717,0.009494,0.234064
271,T271_UAV_0,HAP_1,LEO_0,49.908635,49.830269,0.003929,0.009071,0.326831
271,T271_UAV_9,HAP_1,LEO_1,80.415373,80.224233,0.04068,0.013117,0.186715
271,T271_UAV_5,BS_4,HAP_0,55.349831,55.163055,0.027249,0.01117,0.241784
271,T271_UAV_6,HAP_1,BS_3,104.880481,104.697437,0.036151,0.010296,0.182986
271,T271_UAV_1,BS_0,LEO_1,180.874149,180.678292,0.041403,0.017111,0.186715
272,T272_UAV_9,HAP_1,LEO_1,184.878248,184.684845,0.041564,0.015484,0.181774
272,T272_UAV_3,BS_2,LEO_0,55.257896,55.172468,0.002543,0.008884,0.370003
272,T272_UAV_2,HAP_1,HAP_2,34.140972,34.083241,0.001579,0.015034,0.205588
272,T272_UAV_5,BS_4,HAP_0,45.771145,45.723018,0.001865,0.005118,0.205718
272,T272_UAV_7,BS_4,HAP_1,46.720622,46.527116,0.026152,0.011624,0.278652
272,T272_UAV_0,HAP_1,LEO_1,115.838976,115.65582,0.040925,0.005876,0.181774
272,T272_UAV_6,HAP_1,LEO_0,82.832656,82.747112,0.004489,0.007055,0.370003
272,T272_UAV_1,BS_0,LEO_1,157.218721,157.028933,0.041219,0.012215,0.181774
273,T273_UAV_8,BS_4,LEO_1,121.874229,121.825449,0.000939,0.008493,0.19674
273,T273_UAV_5,BS_4,LEO_0,136.588874,136.415305,0.043907,0.003214,0.132239
273,T273_UAV_9,HAP_1,HAP_2,71.249171,71.186311,0.002624,0.005411,0.274126
273,T273_UAV_0,HAP_1,LEO_1,108.606363,108.551877,0.00087,0.014268,0.19674
273,T273_UAV_4,BS_4,LEO_0,117.584963,117.407191,0.04285,0.008473,0.132239
273,T273_UAV_1,BS_0,LEO_1,161.803272,161.75697,0.001256,0.005698,0.19674
273,T273_UAV_3,BS_2,LEO_0,162.723886,162.538517,0.045463,0.013459,0.132239
274,T274_UAV_6,HAP_1,LEO_0,56.38703,56.335155,0.003059,0.012336,0.1824
274,T274_UAV_2,HAP_1,LEO_1,36.61766,36.54164,0.000422,0.012241,0.316787
274,T274_UAV_1,BS_0,LEO_0,60.881829,60.831815,0.002884,0.01065,0.1824
274,T274_UAV_4,BS_4,HAP_2,61.954687,61.867128,0.001398,0.010506,0.378273
274,T274_UAV_3,BS_2,HAP_0,86.503953,86.318569,0.028705,0.015826,0.204267
274,T274_UAV_9,HAP_1,BS_1,144.698756,144.502154,0.0461,0.018769,0.158663
275,T275_UAV_2,HAP_1,HAP_2,320.461574,320.297641,0.033202,0.005279,0.127263
275,T275_UAV_7,BS_4,LEO_1,29.265603,29.063922,0.04044,0.011597,0.248223
275,T275_UAV_3,BS_2,LEO_0,61.91309,61.851687,0.005119,0.002858,0.267132
275,T275_UAV_4,BS_4,HAP_2,124.656365,124.496474,0.026955,0.007484,0.127263
275,T275_UAV_0,HAP_1,BS_3,62.97855,62.796642,0.025681,0.018734,0.187463
275,T275_UAV_9,HAP_1,HAP_2,265.393928,265.233731,0.030859,0.003886,0.127263
275,T275_UAV_6,HAP_1,HAP_2,293.193591,293.026378,0.033412,0.008348,0.127263
276,T276_UAV_4,BS_4,LEO_1,45.03702,44.991462,0.000793,0.004049,0.203579
276,T276_UAV_0,HAP_1,LEO_0,55.688848,55.499632,0.044339,0.003203,0.208372
276,T276_UAV_9,HAP_1,BS_1,683.2067,682.870721,0.180622,0.016809,0.192739
276,T276_UAV_8,BS_4,BS_1,772.61749,772.264044,0.20296,0.011938,0.192739
276,T276_UAV_1,BS_0,HAP_0,48.951376,48.887994,0.001527,0.004264,0.287954
276,T276_UAV_7,BS_4,HAP_2,55.540181,55.318518,0.02649,0.016826,0.391735
276,T276_UAV_2,HAP_1,HAP_1,69.800725,69.609335,0.025555,0.014862,0.254862
276,T276_UAV_6,HAP_1,BS_1,260.379346,260.160338,0.074998,0.005463,0.192739
276,T276_UAV_3,BS_2,BS_1,478.346361,478.074169,0.129449,0.004196,0.192739
277,T277_UAV_4,BS_4,LEO_1,170.872349,170.801509,0.001733,0.010457,0.293253
277,T277_UAV_5,BS_4,LEO_0,120.597927,120.548237,0.004645,0.003758,0.20643
277,T277_UAV_2,HAP_1,HAP_0,199.574884,199.487896,0.007479,0.009308,0.351006
277,T277_UAV_9,HAP_1,HAP_2,36.438042,36.240678,0.026342,0.021948,0.245372
277,T277_UAV_8,BS_4,HAP_1,47.166762,46.962563,0.026044,0.029676,0.242397
277,T277_UAV_7,BS_4,LEO_1,96.489544,96.417441,0.00088,0.012573,0.293253
277,T277_UAV_6,HAP_1,LEO_0,73.366209,73.311974,0.003985,0.008963,0.20643
277,T277_UAV_0,HAP_1,LEO_1,150.902412,150.83501,0.001211,0.00754,0.293253
277,T277_UAV_1,BS_0,HAP_0,199.345341,199.264024,0.004836,0.006281,0.351006
278,T278_UAV_8,BS_4,LEO_1,50.964356,50.773861,0.040603,0.006869,0.215113
278,T278_UAV_0,HAP_1,HAP_0,419.336242,419.149512,0.035402,0.015563,0.178824
278,T278_UAV_1,BS_0,LEO_0,20.934694,20.868545,0.001779,0.009343,0.275136
278,T278_UAV_7,BS_4,HAP_2,46.136851,45.940738,0.026231,0.017632,0.261252
278,T278_UAV_9,HAP_1,HAP_0,176.15433,175.979408,0.029215,0.009942,0.178824
278,T278_UAV_5,BS_4,HAP_0,216.791581,216.608328,0.029734,0.017754,0.178824
278,T278_UAV_6,HAP_1,HAP_0,388.544443,388.368608,0.035888,0.004182,0.178824
278,T278_UAV_3,BS_2,HAP_0,449.699435,449.517747,0.035178,0.010745,0.178824
279,T279_UAV_8,BS_4,LEO_1,229.876937,229.686774,0.041487,0.010393,0.191418
279,T279_UAV_5,BS_4,LEO_1,307.438669,307.236586,0.042185,0.021614,0.191418
279,T279_UAV_3,BS_2,HAP_2,34.096143,34.031044,0.001349,0.017332,0.232088
279,T279_UAV_2,HAP_1,LEO_1,107.688146,107.490168,0.040681,0.019013,0.191418
279,T279_UAV_7,BS_4,LEO_1,163.937576,163.754633,0.041239,0.003421,0.191418
279,T279_UAV_9,HAP_1,LEO_1,281.908565,281.721092,0.041978,0.007211,0.191418
280,T280_UAV_5,BS_4,LEO_1,95.395763,95.179995,0.040949,0.018514,0.28152
280,T280_UAV_7,BS_4,LEO_0,179.688477,179.497748,0.044756,0.010584,0.176943
280,T280_UAV_0,HAP_1,HAP_2,31.853203,31.783712,0.001288,0.015949,0.261272
280,T280_UAV_6,HAP_1,HAP_0,49.007229,48.780557,0.027935,0.022498,0.381192
280,T280_UAV_3,BS_2,LEO_1,66.586684,66.382091,0.040508,0.00778,0.28152
280,T280_UAV_8,BS_4,LEO_0,102.823121,102.641004,0.043097,0.003631,0.176943
280,T280_UAV_1,BS_0,BS_1,106.458999,106.261661,0.036542,0.029271,0.157626
280,T280_UAV_2,HAP_1,LEO_0,133.096607,132.909783,0.044618,0.006818,0.176943
281,T281_UAV_8,BS_4,LEO_1,77.382046,77.178905,0.040678,0.021145,0.206586
281,T281_UAV_7,BS_4,LEO_0,40.75361,40.535369,0.04251,0.0155,0.301156
281,T281_UAV_0,HAP_1,HAP_0,345.979901,345.914648,0.009247,0.018272,0.188667
281,T281_UAV_4,BS_4,LEO_1,127.924379,127.714394,0.04155,0.027117,0.206586
281,T281_UAV_3,BS_2,HAP_2,42.651746,42.575325,0.001683,0.006048,0.34345
281,T281_UAV_5,BS_4,HAP_0,105.717025,105.663025,0.002469,0.013799,0.188667
281,T281_UAV_9,HAP_1,BS_3,134.239169,134.062988,0.043492,0.002382,0.151534
281,T281_UAV_2,HAP_1,HAP_0,143.306429,143.237716,0.004018,0.026962,0.188667
281,T281_UAV_6,HAP_1,HAP_0,264.132731,264.06051,0.008093,0.026394,0.188667
281,T281_UAV_1,BS_0,BS_3,368.822351,368.579359,0.102091,0.010594,0.151534
282,T282_UAV_5,BS_4,LEO_0,133.017593,132.834131,0.043762,0.003158,0.182712
282,T282_UAV_9,HAP_1,LEO_1,176.872677,176.819341,0.001473,0.010946,0.204587
282,T282_UAV_2,HAP_1,HAP_2,158.51022,158.349244,0.030239,0.00485,0.129435
282,T282_UAV_8,BS_4,LEO_0,54.00911,53.815501,0.041624,0.015442,0.182712
282,T282_UAV_7,BS_4,HAP_1,39.193301,39.02001,0.025989,0.011154,0.180746
282,T282_UAV_0,HAP_1,LEO_1,83.49807,83.445251,0.000672,0.01123,0.204587
282,T282_UAV_6,HAP_1,HAP_2,105.245461,105.078005,0.029059,0.012511,0.129435
282,T282_UAV_1,BS_0,LEO_0,178.541649,178.33972,0.046124,0.019263,0.182712
282,T282_UAV_3,BS_2,LEO_1,184.931299,184.882261,0.001245,0.006876,0.204587
283,T283_UAV_5,BS_4,LEO_1,106.77292,106.714443,0.001071,0.004853,0.262764
283,T283_UAV_6,HAP_1,LEO_0,113.627307,113.419465,0.046173,0.009392,0.261385
283,T283_UAV_8,BS_4,HAP_2,89.848973,89.662987,0.02789,0.011763,0.231666
283,T283_UAV_2,HAP_1,HAP_0,52.328936,52.106585,0.027741,0.00995,0.423296
283,T283_UAV_9,HAP_1,HAP_1,42.691032,42.47834,0.025704,0.041693,0.226479
283,T283_UAV_4,BS_4,LEO_1,65.356208,65.294706,0.000793,0.008156,0.262764
283,T283_UAV_0,HAP_1,LEO_0,78.936178,78.729457,0.043418,0.011026,0.261385
283,T283_UAV_1,BS_0,BS_1,288.946631,288.693181,0.082127,0.032247,0.19538
283,T283_UAV_3,BS_2,BS_1,292.661356,292.420717,0.083059,0.018504,0.19538
284,T284_UAV_7,BS_4,LEO_0,96.372901,96.174644,0.043412,0.016044,0.194004
284,T284_UAV_6,HAP_1,HAP_0,87.461528,87.286186,0.03029,0.020369,0.123418
284,T284_UAV_0,HAP_1,HAP_2,92.881417,92.71267,0.028724,0.003697,0.18163
284,T284_UAV_8,BS_4,LEO_1,37.250437,37.164596,0.000437,0.010625,0.373893
284,T284_UAV_9,HAP_1,HAP_1,57.778392,57.691454,0.000954,0.037309,0.243375
284,T284_UAV_2,HAP_1,LEO_0,104.178976,103.984373,0.044949,0.010853,0.194004
284,T284_UAV_3,BS_2,BS_3,165.485928,165.371671,0.041322,0.022093,0.254211
285,T285_UAV_5,BS_4,LEO_1,98.809619,98.617819,0.040991,0.013676,0.185668
285,T285_UAV_9,HAP_1,LEO_0,120.293563,120.245841,0.005,0.004391,0.191651
285,T285_UAV_0,HAP_1,HAP_0,199.418704,199.236318,0.031963,0.025357,0.125329
285,T285_UAV_3,BS_2,HAP_2,52.663375,52.482838,0.026535,0.015595,0.192036
285,T285_UAV_1,BS_0,HAP_1,43.305285,43.111306,0.026403,0.033299,0.171381
285,T285_UAV_4,BS_4,LEO_1,62.034418,61.845143,0.040748,0.011394,0.185668
285,T285_UAV_7,BS_4,LEO_0,66.266724,66.22079,0.002353,0.005251,0.191651
285,T285_UAV_2,HAP_1,HAP_0,100.048598,99.883044,0.028701,0.011787,0.125329
285,T285_UAV_6,HAP_1,HAP_2,126.277445,126.086407,0.029868,0.022763,0.192036
286,T286_UAV_5,BS_4,LEO_1,141.463313,141.419561,0.001213,0.002761,0.198889
286,T286_UAV_9,HAP_1,LEO_0,112.395461,112.317403,0.004678,0.015036,0.291718
286,T286_UAV_7,BS_4,HAP_0,84.519179,84.443579,0.002915,0.025633,0.235259
286,T286_UAV_8,BS_4,HAP_2,50.609082,50.435833,0.026632,0.008354,0.191311
286,T286_UAV_0,HAP_1,HAP_1,70.815329,70.631215,0.026019,0.013549,0.22273
286,T286_UAV_2,HAP_1,LEO_1,147.193858,147.144356,0.001093,0.008631,0.198889
286,T286_UAV_1,BS_0,LEO_0,99.20479,99.122621,0.004662,0.019164,0.291718
286,T286_UAV_3,BS_2,LEO_1,155.749342,155.702145,0.001049,0.00637,0.198889
287,T287_UAV_9,HAP_1,LEO_1,139.654091,139.580755,0.001153,0.012798,0.296927
287,T287_UAV_5,BS_4,LEO_0,110.076361,109.991991,0.004185,0.004299,0.379427
287,T287_UAV_7,BS_4,HAP_2,148.409373,148.355163,0.003121,0.00365,0.237191
287,T287_UAV_4,BS_4,HAP_0,84.98563,84.80532,0.02783,0.015262,0.18609
287,T287_UAV_8,BS_4,LEO_1,64.869645,64.800916,0.000488,0.008856,0.296927
287,T287_UAV_0,HAP_1,LEO_0,45.409027,45.31971,0.001963,0.011469,0.379427
287,T287_UAV_6,HAP_1,HAP_1,49.83596,49.610586,0.025715,0.036649,0.315053
287,T287_UAV_2,HAP_1,HAP_2,87.157034,87.093461,0.002867,0.013267,0.237191
287,T287_UAV_3,BS_2,BS_3,111.281843,111.07989,0.037746,0.024664,0.197715
287,T287_UAV_1,BS_0,LEO_1,121.109914,121.044141,0.000931,0.005455,0.296927
288,T288_UAV_2,HAP_1,LEO_1,104.940425,104.728275,0.040896,0.019671,0.257919
288,T288_UAV_4,BS_4,LEO_0,105.134238,104.958171,0.043432,0.002601,0.150167
288,T288_UAV_5,BS_4,HAP_0,181.084112,181.023493,0.005351,0.016963,0.191527
288,T288_UAV_9,HAP_1,HAP_2,94.027669,93.953102,0.003564,0.018353,0.263255
288,T288_UAV_6,HAP_1,LEO_1,50.686522,50.48773,0.040417,0.006791,0.257919
288,T288_UAV_8,BS_4,HAP_1,45.180434,44.944136,0.025994,0.059653,0.253254
288,T288_UAV_3,BS_2,LEO_0,61.43457,61.250916,0.042797,0.010824,0.150167
288,T288_UAV_0,HAP_1,HAP_0,131.416049,131.348766,0.004574,0.024403,0.191527
289,T289_UAV_7,BS_4,BS_1,875.57425,875.203215,0.228681,0.02247,0.09942
289,T289_UAV_8,BS_4,BS_1,1185.783348,1185.336196,0.306176,0.021092,0.09942
289,T289_UAV_9,HAP_1,LEO_1,39.888477,39.835398,0.000525,0.008128,0.222131
289,T289_UAV_5,BS_4,BS_1,417.096697,416.850373,0.114151,0.012289,0.09942
289,T289_UAV_1,BS_0,BS_1,514.906701,514.642787,0.138586,0.005443,0.09942
289,T289_UAV_4,BS_4,BS_1,558.315595,558.029628,0.149428,0.016655,0.09942
289,T289_UAV_0,HAP_1,BS_1,752.175701,751.846404,0.197858,0.011556,0.09942
289,T289_UAV_6,HAP_1,BS_1,1095.345291,1094.918457,0.283583,0.023367,0.09942
289,T289_UAV_3,BS_2,BS_1,1229.689535,1229.230869,0.317144,0.021638,0.09942
290,T290_UAV_4,BS_4,LEO_1,52.271657,52.073339,0.040903,0.006195,0.256102
290,T290_UAV_8,BS_4,LEO_0,66.194789,65.989377,0.044859,0.014924,0.228149
290,T290_UAV_5,BS_4,HAP_2,45.560049,45.359016,0.026401,0.020121,0.272553
290,T290_UAV_7,BS_4,BS_3,158.132819,157.933048,0.049454,0.013623,0.183473
290,T290_UAV_1,BS_0,HAP_0,57.954796,57.744482,0.026801,0.022889,0.303121
290,T290_UAV_0,HAP_1,HAP_1,88.601069,88.337866,0.026294,0.039929,0.4849
290,T290_UAV_3,BS_2,BS_3,263.139258,262.908091,0.075684,0.018788,0.183473
290,T290_UAV_9,HAP_1,BS_3,550.662263,550.359128,0.147511,0.018929,0.183473
291,T291_UAV_4,BS_4,LEO_0,107.568994,107.523325,0.002647,0.003269,0.198764
291,T291_UAV_6,HAP_1,LEO_1,111.282009,111.226332,0.000922,0.010764,0.219961
291,T291_UAV_7,BS_4,HAP_0,97.703465,97.631831,0.003316,0.026147,0.210856
291,T291_UAV_9,HAP_1,HAP_2,50.978313,50.915265,0.001942,0.009625,0.257406
291,T291_UAV_2,HAP_1,LEO_0,83.01982,82.97347,0.002872,0.003725,0.198764
291,T291_UAV_8,BS_4,LEO_1,70.162095,70.107143,0.000606,0.010354,0.219961
291,T291_UAV_1,BS_0,LEO_0,87.718785,87.668362,0.002995,0.007674,0.198764
292,T292_UAV_4,BS_4,LEO_1,84.834602,84.75412,0.00085,0.021548,0.29042
292,T292_UAV_5,BS_4,LEO_0,102.043569,101.824767,0.043845,0.005696,0.346307
292,T292_UAV_2,HAP_1,HAP_2,82.639354,82.569225,0.003722,0.003072,0.316678
292,T292_UAV_6,HAP_1,LEO_1,182.106649,182.034285,0.001311,0.012968,0.29042
292,T292_UAV_7,BS_4,HAP_0,30.41302,30.337747,0.001027,0.010462,0.318916
292,T292_UAV_1,BS_0,HAP_1,66.099807,65.885586,0.026635,0.037237,0.251747
292,T292_UAV_9,HAP_1,LEO_0,46.197016,45.979119,0.041925,0.00671,0.346307
292,T292_UAV_8,BS_4,LEO_1,70.294084,70.213698,0.000524,0.021777,0.29042
292,T292_UAV_0,HAP_1,BS_1,109.204219,108.990915,0.037224,0.02072,0.276794
292,T292_UAV_3,BS_2,HAP_1,121.958499,121.732414,0.026854,0.048881,0.251747
293,T293_UAV_2,HAP_1,BS_1,497.537478,497.253857,0.134241,0.012736,0.183221
293,T293_UAV_9,HAP_1,BS_1,596.982559,596.657857,0.15908,0.028979,0.183221
293,T293_UAV_1,BS_0,LEO_1,76.14693,75.947127,0.040671,0.010553,0.242893
293,T293_UAV_6,HAP_1,LEO_0,43.548861,43.487681,0.00427,0.009389,0.2376
293,T293_UAV_0,HAP_1,LEO_1,96.188264,95.972971,0.0409,0.025815,0.242893
293,T293_UAV_8,BS_4,BS_1,340.986324,340.746518,0.095134,0.008027,0.183221
294,T294_UAV_5,BS_4,HAP_2,100.117087,99.958596,0.028063,0.002859,0.137842
294,T294_UAV_3,BS_2,LEO_1,42.599615,42.53976,0.000328,0.009068,0.25229
294,T294_UAV_8,BS_4,LEO_0,55.531003,55.332118,0.042299,0.011214,0.226861
294,T294_UAV_1,BS_0,HAP_0,28.752778,28.584398,0.025891,0.008176,0.171565
294,T294_UAV_7,BS_4,LEO_1,67.718774,67.655301,0.000735,0.01228,0.25229
294,T294_UAV_2,HAP_1,LEO_0,100.945411,100.751384,0.044774,0.003881,0.226861
294,T294_UAV_0,HAP_1,HAP_1,98.529842,98.257693,0.026461,0.051316,0.471861
295,T295_UAV_5,BS_4,LEO_1,52.902514,52.697259,0.040747,0.014979,0.247642
295,T295_UAV_1,BS_0,LEO_0,25.024008,24.968997,0.002101,0.011602,0.20654
295,T295_UAV_4,BS_4,BS_3,244.502842,244.282144,0.07103,0.027396,0.111357
295,T295_UAV_0,HAP_1,HAP_0,72.544862,72.481176,0.003485,0.014186,0.230076
295,T295_UAV_2,HAP_1,BS_3,398.161025,397.901474,0.109416,0.027864,0.111357
295,T295_UAV_3,BS_2,BS_3,454.203419,453.951194,0.123421,0.006532,0.111357
295,T295_UAV_6,HAP_1,BS_3,467.656025,467.386463,0.126778,0.020512,0.111357
296,T296_UAV_0,HAP_1,LEO_1,153.469873,153.408318,0.001235,0.015567,0.22376
296,T296_UAV_7,BS_4,LEO_0,116.396426,116.200645,0.044106,0.012757,0.194588
296,T296_UAV_6,HAP_1,HAP_2,56.645524,56.463517,0.02714,0.016769,0.190492
296,T296_UAV_4,BS_4,HAP_0,28.907427,28.7334,0.025966,0.009232,0.194144
296,T296_UAV_9,HAP_1,LEO_1,60.022976,59.973221,0.000488,0.004516,0.22376
296,T296_UAV_5,BS_4,LEO_0,40.970139,40.77567,0.041528,0.014023,0.194588
296,T296_UAV_2,HAP_1,HAP_1,55.789565,55.591022,0.025536,0.026557,0.232253
296,T296_UAV_3,BS_2,HAP_2,101.107273,100.937056,0.027924,0.004195,0.190492
296,T296_UAV_1,BS_0,LEO_1,190.156904,190.100075,0.001449,0.010629,0.22376
297,T297_UAV_7,BS_4,LEO_1,139.401774,139.332591,0.001276,0.003497,0.32205
297,T297_UAV_2,HAP_1,LEO_0,127.912395,127.840369,0.00606,0.014623,0.256716
297,T297_UAV_5,BS_4,HAP_0,175.445976,175.393137,0.005125,0.010926,0.183937
297,T297_UAV_9,HAP_1,HAP_2,97.225886,97.028254,0.02874,0.014101,0.273955
297,T297_UAV_8,BS_4,LEO_1,64.366007,64.29469,0.000476,0.00643,0.32205
297,T297_UAV_4,BS_4,LEO_0,52.117044,52.044862,0.001714,0.019124,0.256716
297,T297_UAV_1,BS_0,HAP_1,44.429147,44.237159,0.026405,0.028728,0.184274
297,T297_UAV_0,HAP_1,HAP_0,143.222559,143.171397,0.004927,0.009448,0.183937
297,T297_UAV_6,HAP_1,LEO_1,191.208882,191.13821,0.001378,0.004885,0.32205
298,T298_UAV_8,BS_4,LEO_1,70.979965,70.790445,0.040603,0.012129,0.183938
298,T298_UAV_4,BS_4,LEO_0,78.768545,78.581275,0.042584,0.007266,0.187099
298,T298_UAV_5,BS_4,LEO_1,86.129149,85.933995,0.040882,0.017484,0.183938
298,T298_UAV_9,HAP_1,HAP_2,35.876573,35.813851,0.001385,0.011854,0.247417
298,T298_UAV_7,BS_4,HAP_0,43.734586,43.544738,0.026442,0.017998,0.227036
298,T298_UAV_3,BS_2,HAP_1,60.333751,60.11304,0.026094,0.042595,0.260105
298,T298_UAV_6,HAP_1,LEO_0,90.292821,90.107148,0.044806,0.003447,0.187099
298,T298_UAV_1,BS_0,BS_1,153.391633,153.200655,0.048271,0.020036,0.113358
299,T299_UAV_4,BS_4,LEO_1,129.927348,129.867834,0.001294,0.01813,0.200452
299,T299_UAV_7,BS_4,LEO_0,99.137986,98.944943,0.043491,0.008502,0.205249
299,T299_UAV_2,HAP_1,HAP_0,166.125101,166.066179,0.006045,0.012885,0.199959
299,T299_UAV_6,HAP_1,LEO_1,196.357033,196.307137,0.001415,0.008391,0.200452
299,T299_UAV_0,HAP_1,HAP_2,48.574302,48.492914,0.001894,0.013877,0.328085
299,T299_UAV_8,BS_4,LEO_0,52.537558,52.346192,0.042187,0.008129,0.205249
299,T299_UAV_3,BS_2,HAP_1,55.292015,55.067821,0.026005,0.029587,0.343011
299,T299_UAV_9,HAP_1,LEO_1,132.048252,131.99335,0.001068,0.013744,0.200452
299,T299_UAV_1,BS_0,HAP_0,171.740018,171.686958,0.00417,0.008898,0.199959
300,T300_UAV_9,HAP_1,LEO_1,51.793264,51.726726,0.000665,0.010025,0.279243
300,T300_UAV_5,BS_4,BS_3,558.024471,557.717098,0.14935,0.035547,0.112382
300,T300_UAV_4,BS_4,BS_3,830.113189,829.741425,0.217322,0.031967,0.112382
300,T300_UAV_7,BS_4,BS_3,974.391409,973.976208,0.253362,0.039362,0.112382
300,T300_UAV_2,HAP_1,LEO_0,32.65898,32.597845,0.002783,0.014377,0.219874
300,T300_UAV_8,BS_4,HAP_0,52.167477,51.977483,0.026851,0.019974,0.215844
300,T300_UAV_1,BS_0,HAP_2,66.761249,66.678901,0.00252,0.007301,0.362634
300,T300_UAV_3,BS_2,BS_3,334.392629,334.139461,0.093483,0.037209,0.112382
300,T300_UAV_6,HAP_1,BS_3,632.510132,632.208802,0.167963,0.010891,0.112382
301,T301_UAV_5,BS_4,LEO_0,41.444959,41.241119,0.042702,0.00869,0.262241
301,T301_UAV_7,BS_4,HAP_2,150.28903,150.120568,0.028072,0.004965,0.177123
301,T301_UAV_9,HAP_1,LEO_1,35.888854,35.796278,0.000337,0.015443,0.383985
301,T301_UAV_0,HAP_1,HAP_0,29.424835,29.250981,0.026387,0.009145,0.191612
301,T301_UAV_1,BS_0,LEO_1,51.760839,51.675735,0.000454,0.007854,0.383985
301,T301_UAV_8,BS_4,BS_1,70.534621,70.369144,0.027573,0.006838,0.155325
301,T301_UAV_3,BS_2,HAP_2,142.756181,142.58528,0.029113,0.006363,0.177123
302,T302_UAV_2,HAP_1,LEO_1,273.031556,272.844196,0.04171,0.014053,0.157982
302,T302_UAV_7,BS_4,LEO_1,298.970275,298.788711,0.042267,0.007702,0.157982
302,T302_UAV_9,HAP_1,LEO_1,309.096974,308.910275,0.042096,0.013006,0.157982
302,T302_UAV_5,BS_4,LEO_1,313.184937,312.992474,0.042291,0.018575,0.157982
302,T302_UAV_0,HAP_1,LEO_0,21.154211,21.103393,0.001604,0.008312,0.204511
302,T302_UAV_3,BS_2,HAP_0,66.756935,66.568153,0.027732,0.014903,0.230738
302,T302_UAV_6,HAP_1,HAP_2,67.338045,67.146999,0.028583,0.008968,0.267474
302,T302_UAV_1,BS_0,HAP_1,89.239172,88.971294,0.027801,0.045885,0.470961
302,T302_UAV_8,BS_4,LEO_1,278.775309,278.587766,0.041746,0.014201,0.157982
303,T303_UAV_8,BS_4,LEO_1,91.067219,90.831585,0.040767,0.024046,0.35411
303,T303_UAV_7,BS_4,LEO_0,96.328808,96.260781,0.003397,0.012018,0.263058
303,T303_UAV_2,HAP_1,HAP_0,155.881107,155.819694,0.005641,0.010299,0.227364
303,T303_UAV_4,BS_4,BS_1,270.332586,270.097073,0.077481,0.021072,0.184803
303,T303_UAV_9,HAP_1,HAP_2,55.332069,55.136767,0.026602,0.021142,0.237792
303,T303_UAV_6,HAP_1,LEO_1,52.772895,52.552355,0.040435,0.009283,0.35411
303,T303_UAV_0,HAP_1,LEO_0,59.906963,59.839979,0.002546,0.011826,0.263058
303,T303_UAV_1,BS_0,HAP_0,93.130713,93.075707,0.002262,0.007271,0.227364
303,T303_UAV_5,BS_4,BS_1,102.361337,102.179075,0.035522,0.009779,0.184803
303,T303_UAV_3,BS_2,HAP_2,173.163712,172.960538,0.02998,0.025636,0.237792
304,T304_UAV_9,HAP_1,LEO_1,94.102478,93.903507,0.040877,0.005489,0.26303
304,T304_UAV_7,BS_4,LEO_0,118.450499,118.256309,0.044166,0.010998,0.195126
304,T304_UAV_8,BS_4,HAP_2,185.29494,185.220369,0.004751,0.019859,0.249806
304,T304_UAV_2,HAP_1,HAP_0,43.989108,43.812288,0.027225,0.005277,0.221589
304,T304_UAV_4,BS_4,HAP_1,46.310294,46.125857,0.026307,0.016652,0.207387
304,T304_UAV_6,HAP_1,LEO_1,69.855673,69.629682,0.040577,0.032808,0.26303
304,T304_UAV_0,HAP_1,LEO_0,93.56988,93.377651,0.043962,0.009242,0.195126
304,T304_UAV_3,BS_2,HAP_2,187.392003,187.31249,0.005391,0.02416,0.249806
305,T305_UAV_8,BS_4,LEO_0,74.172322,74.124524,0.003129,0.008401,0.181335
305,T305_UAV_5,BS_4,HAP_0,85.255058,85.202484,0.003299,0.00941,0.199324
305,T305_UAV_7,BS_4,HAP_2,99.787498,99.61385,0.027508,0.009427,0.183565
305,T305_UAV_0,HAP_1,LEO_1,43.492528,43.424001,0.000408,0.02652,0.207999
305,T305_UAV_4,BS_4,LEO_1,52.778209,52.729887,0.000625,0.006097,0.207999
305,T305_UAV_2,HAP_1,LEO_0,71.428613,71.384887,0.00337,0.004089,0.181335
305,T305_UAV_3,BS_2,HAP_1,72.847394,72.608437,0.026347,0.01443,0.490904
306,T306_UAV_5,BS_4,BS_3,763.621967,763.296664,0.200719,0.004673,0.099556
306,T306_UAV_9,HAP_1,BS_0,580.369236,580.062138,0.154933,0.024984,0.135908
306,T306_UAV_8,BS_4,BS_3,784.872325,784.525743,0.206023,0.020647,0.099556
306,T306_UAV_0,HAP_1,LEO_1,27.297233,27.210602,0.000348,0.02737,0.294567
306,T306_UAV_6,HAP_1,BS_0,245.582253,245.36433,0.0713,0.019441,0.135908
306,T306_UAV_7,BS_4,BS_3,371.51353,371.271587,0.102762,0.01927,0.099556
306,T306_UAV_4,BS_4,BS_3,380.51543,380.268787,0.10501,0.021722,0.099556
306,T306_UAV_3,BS_2,BS_0,568.56506,568.264394,0.151985,0.021499,0.135908
307,T307_UAV_9,HAP_1,LEO_1,66.417388,66.213056,0.040835,0.01909,0.222032
307,T307_UAV_8,BS_4,BS_1,590.212353,589.90231,0.157392,0.022881,0.148852
307,T307_UAV_4,BS_4,BS_1,851.361883,850.987003,0.22263,0.02248,0.148852
307,T307_UAV_5,BS_4,BS_1,891.992901,891.612609,0.232782,0.01774,0.148852
307,T307_UAV_3,BS_2,LEO_0,17.394605,17.194508,0.041387,0.009111,0.247998
307,T307_UAV_7,BS_4,HAP_2,31.460247,31.276842,0.025782,0.016713,0.204554
307,T307_UAV_0,HAP_1,HAP_0,66.07808,65.887035,0.028101,0.004511,0.292163
307,T307_UAV_2,HAP_1,BS_1,747.194223,746.848133,0.196609,0.01971,0.148852
307,T307_UAV_1,BS_0,BS_1,895.54873,895.1684,0.23367,0.016889,0.148852
308,T308_UAV_4,BS_4,LEO_0,155.311425,155.261329,0.003199,0.009572,0.186623
308,T308_UAV_2,HAP_1,LEO_1,52.778585,52.713934,0.000589,0.015465,0.242983
308,T308_UAV_8,BS_4,HAP_0,132.452762,132.279145,0.028587,0.005874,0.195777
308,T308_UAV_6,HAP_1,HAP_2,43.294571,43.10791,0.027271,0.012658,0.233663
308,T308_UAV_5,BS_4,LEO_0,104.472495,104.418184,0.002366,0.01462,0.186623
308,T308_UAV_7,BS_4,HAP_0,88.282157,88.105286,0.027185,0.01053,0.195777
308,T308_UAV_9,HAP_1,LEO_0,118.414309,118.364403,0.003049,0.009532,0.186623
308,T308_UAV_3,BS_2,LEO_0,161.290098,161.2441,0.004343,0.00433,0.186623
309,T309_UAV_7,BS_4,HAP_2,95.894957,95.836131,0.002395,0.01568,0.203757
309,T309_UAV_1,BS_0,LEO_1,43.717628,43.647736,0.00038,0.00399,0.327613
309,T309_UAV_3,BS_2,LEO_0,45.816758,45.597175,0.043696,0.014404,0.307416
309,T309_UAV_9,HAP_1,HAP_0,79.774836,79.57238,0.028815,0.018985,0.273282
309,T309_UAV_5,BS_4,HAP_1,85.880075,85.645962,0.026941,0.03977,0.337007
309,T309_UAV_2,HAP_1,LEO_1,119.340515,119.254722,0.001002,0.019268,0.327613
310,T310_UAV_7,BS_4,LEO_1,43.370406,43.291739,0.000662,0.01019,0.339076
310,T310_UAV_4,BS_4,BS_3,537.665702,537.377399,0.144267,0.012698,0.156685
310,T310_UAV_0,HAP_1,LEO_0,17.164237,16.962047,0.041264,0.017241,0.218424
310,T310_UAV_1,BS_0,HAP_0,28.261597,28.075046,0.025876,0.006768,0.269537
310,T310_UAV_9,HAP_1,HAP_2,52.863414,52.794609,0.002089,0.006332,0.301924
310,T310_UAV_6,HAP_1,BS_3,259.721224,259.507601,0.074834,0.007452,0.156685
310,T310_UAV_5,BS_4,BS_3,399.004987,398.722977,0.109621,0.041052,0.156685
310,T310_UAV_3,BS_2,BS_3,538.843443,538.548461,0.14456,0.019085,0.156685
311,T311_UAV_4,BS_4,LEO_1,103.080014,102.896608,0.041011,0.00502,0.186873
311,T311_UAV_0,HAP_1,HAP_0,163.123629,163.072246,0.005508,0.009617,0.181287
311,T311_UAV_9,HAP_1,LEO_1,193.51378,193.318153,0.041531,0.016721,0.186873
311,T311_UAV_5,BS_4,LEO_0,43.718441,43.664356,0.001613,0.009612,0.214301
311,T311_UAV_2,HAP_1,HAP_2,60.992107,60.908819,0.002676,0.013881,0.333651
311,T311_UAV_8,BS_4,HAP_0,65.415253,65.36739,0.001776,0.00983,0.181287
311,T311_UAV_1,BS_0,LEO_0,76.023925,75.96324,0.003508,0.014317,0.214301
311,T311_UAV_6,HAP_1,BS_1,143.886043,143.689145,0.045894,0.019629,0.156874
311,T311_UAV_3,BS_2,LEO_1,144.132744,143.944378,0.040978,0.010014,0.186873
312,T312_UAV_6,HAP_1,LEO_1,97.13892,96.948125,0.040806,0.003856,0.230665
312,T312_UAV_8,BS_4,LEO_0,106.565874,106.492417,0.004532,0.011083,0.289211
312,T312_UAV_4,BS_4,HAP_2,72.610038,72.448407,0.026423,0.009274,0.129673
312,T312_UAV_3,BS_2,HAP_0,84.166362,83.976432,0.027514,0.014848,0.237839
312,T312_UAV_5,BS_4,HAP_1,45.248349,45.050076,0.026029,0.038607,0.168189
312,T312_UAV_0,HAP_1,LEO_1,61.709415,61.50949,0.040577,0.013215,0.230665
312,T312_UAV_1,BS_0,LEO_0,80.359166,80.294985,0.003705,0.002633,0.289211
312,T312_UAV_9,HAP_1,HAP_2,112.501488,112.336638,0.028316,0.010599,0.129673
312,T312_UAV_2,HAP_1,HAP_0,141.151384,140.956892,0.030037,0.016887,0.237839
313,T313_UAV_4,BS_4,LEO_1,108.122467,108.060554,0.001272,0.01342,0.236103
313,T313_UAV_0,HAP_1,LEO_0,126.862976,126.784442,0.005335,0.002646,0.352764
313,T313_UAV_2,HAP_1,HAP_2,38.201417,38.144935,0.001672,0.013762,0.205245
313,T313_UAV_7,BS_4,HAP_0,80.621173,80.56333,0.001973,0.015874,0.199978
313,T313_UAV_8,BS_4,HAP_1,45.522981,45.309227,0.025998,0.049199,0.192784
313,T313_UAV_6,HAP_1,LEO_1,124.432442,124.37132,0.001036,0.012866,0.236103
313,T313_UAV_3,BS_2,LEO_0,129.464953,129.383735,0.005852,0.004814,0.352764
313,T313_UAV_1,BS_0,HAP_0,157.554699,157.493985,0.003833,0.016886,0.199978
314,T314_UAV_7,BS_4,LEO_0,113.00967,112.836601,0.043962,0.005457,0.118255
314,T314_UAV_4,BS_4,LEO_1,173.869837,173.795742,0.001709,0.014348,0.290191
314,T314_UAV_0,HAP_1,HAP_2,98.80898,98.736704,0.003743,0.013869,0.273318
314,T314_UAV_2,HAP_1,HAP_0,27.409368,27.337752,0.001369,0.016414,0.269164
314,T314_UAV_3,BS_2,LEO_1,66.247732,66.177692,0.000451,0.011551,0.290191
314,T314_UAV_8,BS_4,LEO_0,43.8935,43.718101,0.04186,0.009889,0.118255
314,T314_UAV_6,HAP_1,HAP_1,39.280589,39.056249,0.025477,0.044019,0.274221
314,T314_UAV_5,BS_4,BS_3,79.776812,79.592633,0.029878,0.022919,0.156906
314,T314_UAV_1,BS_0,LEO_1,160.707832,160.635428,0.001202,0.013164,0.290191
315,T315_UAV_7,BS_4,LEO_1,126.159856,126.074838,0.001155,0.008798,0.375329
315,T315_UAV_8,BS_4,LEO_0,114.212028,114.149986,0.004875,0.011105,0.230306
315,T315_UAV_2,HAP_1,HAP_0,95.852132,95.662671,0.029777,0.014008,0.228376
315,T315_UAV_4,BS_4,HAP_2,42.596441,42.510143,0.001035,0.008225,0.385193
315,T315_UAV_6,HAP_1,LEO_0,47.066061,47.009415,0.002453,0.008132,0.230306
315,T315_UAV_5,BS_4,BS_1,111.221362,111.049386,0.037738,0.008727,0.127552
315,T315_UAV_3,BS_2,HAP_1,45.880451,45.670228,0.025869,0.029305,0.275241
315,T315_UAV_9,HAP_1,LEO_1,115.201814,115.112789,0.000907,0.013052,0.375329
315,T315_UAV_0,HAP_1,LEO_1,118.656063,118.568251,0.000958,0.011788,0.375329
315,T315_UAV_1,BS_0,BS_1,364.639843,364.393957,0.101043,0.019333,0.127552
316,T316_UAV_4,BS_4,LEO_1,117.784159,117.597381,0.04138,0.00669,0.193543
316,T316_UAV_3,BS_2,HAP_0,50.068554,50.018693,0.001492,0.007587,0.203914
316,T316_UAV_8,BS_1,HAP_2,80.711609,80.546891,0.027099,0.007881,0.148687
316,T316_UAV_2,HAP_1,LEO_1,55.069042,54.885954,0.040455,0.003924,0.193543
316,T316_UAV_6,HAP_1,HAP_1,47.620738,47.524936,0.000573,0.045338,0.24945
316,T316_UAV_9,HAP_1,HAP_2,138.499502,138.331873,0.029109,0.008783,0.148687
316,T316_UAV_5,BS_4,HAP_0,167.318117,167.269501,0.004772,0.003061,0.203914
317,T317_UAV_0,HAP_1,LEO_0,221.309748,221.115833,0.045561,0.011361,0.18497
317,T317_UAV_4,BS_4,LEO_1,64.056099,64.004642,0.001078,0.005389,0.224951
317,T317_UAV_7,BS_4,HAP_0,98.116827,98.05349,0.003056,0.007032,0.266246
317,T317_UAV_6,HAP_1,LEO_0,228.712484,228.526162,0.046937,0.002391,0.18497
317,T317_UAV_2,HAP_1,BS_3,70.014695,69.830509,0.027439,0.021913,0.174167
317,T317_UAV_5,BS_4,HAP_2,82.094118,81.888968,0.027374,0.019665,0.290555
317,T317_UAV_9,HAP_1,LEO_0,128.073988,127.887909,0.043328,0.005757,0.18497
317,T317_UAV_8,BS_1,HAP_1,88.157503,87.96799,0.026941,0.018938,0.218172
317,T317_UAV_3,BS_2,LEO_0,202.12427,201.937934,0.045416,0.003926,0.18497
318,T318_UAV_5,BS_4,LEO_1,90.574991,90.368627,0.040956,0.010032,0.276881
318,T318_UAV_7,BS_4,LEO_0,108.078661,107.868522,0.04378,0.009978,0.281905
318,T318_UAV_2,HAP_1,HAP_2,92.83876,92.766306,0.004038,0.018156,0.251299
318,T318_UAV_9,HAP_1,LEO_1,125.920049,125.705583,0.041144,0.017946,0.276881
318,T318_UAV_3,BS_2,HAP_1,46.43592,46.366306,0.000892,0.022693,0.230149
318,T318_UAV_6,HAP_1,LEO_0,67.667821,67.45314,0.043495,0.014805,0.281905
318,T318_UAV_4,BS_4,BS_0,258.6444,258.420331,0.074563,0.01955,0.149781
318,T318_UAV_0,HAP_1,BS_0,303.748739,303.511961,0.08583,0.020992,0.149781
319,T319_UAV_4,BS_4,LEO_1,116.113472,116.044927,0.001361,0.018272,0.244557
319,T319_UAV_8,BS_1,LEO_0,28.359013,28.300794,0.002169,0.013413,0.213188
319,T319_UAV_2,HAP_1,HAP_2,50.22331,50.036102,0.02717,0.021112,0.194626
319,T319_UAV_6,HAP_1,HAP_0,62.365866,62.185117,0.028587,0.003072,0.245451
319,T319_UAV_7,BS_4,HAP_1,65.80354,65.606996,0.02683,0.010039,0.298377
319,T319_UAV_3,BS_2,LEO_1,126.183764,126.117766,0.000984,0.016103,0.244557
320,T320_UAV_9,HAP_1,LEO_1,16.90966,16.83678,0.000207,0.013777,0.294483
320,T320_UAV_1,BS_0,LEO_0,29.84184,29.638757,0.042431,0.02001,0.203208
320,T320_UAV_0,HAP_1,HAP_2,57.746336,57.694295,0.002161,0.009695,0.200922
320,T320_UAV_3,BS_2,HAP_0,65.185442,65.120584,0.0026,0.013423,0.244166
320,T320_UAV_2,HAP_1,BS_3,74.958681,74.767268,0.028672,0.025022,0.188595
320,T320_UAV_7,BS_4,HAP_1,69.921902,69.722459,0.02695,0.0255,0.234967
321,T321_UAV_4,BS_4,LEO_0,123.627611,123.570681,0.004143,0.009071,0.218574
321,T321_UAV_2,HAP_1,LEO_1,130.993601,130.909514,0.001083,0.012188,0.354079
321,T321_UAV_5,BS_4,HAP_2,29.409724,29.345828,0.000844,0.003851,0.296005
321,T321_UAV_8,BS_1,HAP_0,30.365609,30.194671,0.026084,0.00302,0.209168
321,T321_UAV_6,HAP_1,HAP_1,67.20047,66.979479,0.025778,0.050152,0.225308
321,T321_UAV_0,HAP_1,LEO_0,121.489294,121.422992,0.005069,0.017519,0.218574
321,T321_UAV_3,BS_2,LEO_1,124.169422,124.080837,0.000969,0.016801,0.354079
322,T322_UAV_7,BS_4,LEO_1,99.490885,99.305062,0.041079,0.004253,0.202453
322,T322_UAV_4,BS_4,LEO_0,103.906655,103.837928,0.003485,0.013376,0.25933
322,T322_UAV_6,HAP_1,HAP_0,162.575361,162.50907,0.006492,0.015417,0.221908
322,T322_UAV_9,HAP_1,HAP_2,26.075767,25.992648,0.001053,0.008157,0.369547
322,T322_UAV_1,BS_0,HAP_1,53.38589,53.164674,0.026607,0.049906,0.223518
322,T322_UAV_5,BS_4,LEO_1,73.86489,73.675681,0.040782,0.007936,0.202453
322,T322_UAV_2,HAP_1,LEO_0,100.48925,100.430148,0.0047,0.002537,0.25933
322,T322_UAV_3,BS_2,HAP_0,153.911941,153.851765,0.004552,0.011243,0.221908
323,T323_UAV_5,BS_4,LEO_1,26.619444,26.568017,0.000397,0.009055,0.209874
323,T323_UAV_1,BS_0,LEO_0,36.831744,36.644466,0.043002,0.005737,0.192695
323,T323_UAV_0,HAP_1,HAP_2,67.974626,67.800219,0.02752,0.010122,0.183818
323,T323_UAV_3,BS_2,HAP_0,79.701298,79.626554,0.003164,0.007585,0.319976
323,T323_UAV_9,HAP_1,HAP_1,72.309843,72.113401,0.025984,0.011339,0.295592
324,T324_UAV_0,HAP_1,LEO_1,100.487042,100.292526,0.040951,0.012453,0.205561
324,T324_UAV_5,BS_4,LEO_0,62.087468,61.891549,0.041667,0.015219,0.195164
324,T324_UAV_3,BS_2,HAP_2,41.922987,41.859878,0.001574,0.016688,0.224234
324,T324_UAV_8,BS_1,HAP_0,52.741448,52.667322,0.0019,0.002679,0.347734
324,T324_UAV_6,HAP_1,LEO_1,56.252008,56.058258,0.040468,0.01217,0.205561
324,T324_UAV_7,BS_4,LEO_0,84.606495,84.413588,0.042203,0.011671,0.195164
324,T324_UAV_1,BS_0,HAP_1,68.533244,68.332522,0.027058,0.011167,0.312489
324,T324_UAV_2,HAP_1,LEO_0,130.57683,130.375765,0.044439,0.017594,0.195164
325,T325_UAV_5,BS_4,LEO_1,125.362774,125.305323,0.001131,0.008638,0.238409
325,T325_UAV_2,HAP_1,LEO_0,131.745601,131.53814,0.046138,0.011949,0.24687
325,T325_UAV_4,BS_4,HAP_2,26.717891,26.648653,0.00066,0.008819,0.298792
325,T325_UAV_8,BS_1,HAP_0,57.087371,56.929251,0.026553,0.003003,0.142822
325,T325_UAV_9,HAP_1,LEO_1,63.112103,63.056765,0.000489,0.007168,0.238409
325,T325_UAV_0,HAP_1,HAP_0,63.494814,63.334182,0.027097,0.00497,0.142822
325,T325_UAV_7,BS_4,HAP_1,54.357168,54.145025,0.026534,0.012038,0.367861
325,T325_UAV_6,HAP_1,LEO_0,88.810928,88.602144,0.044548,0.014862,0.24687
325,T325_UAV_3,BS_2,LEO_1,139.678462,139.623145,0.000956,0.006679,0.238409
326,T326_UAV_0,HAP_1,LEO_1,106.090262,105.890338,0.041006,0.008682,0.251175
326,T326_UAV_5,BS_4,LEO_0,55.462642,55.397919,0.003513,0.017733,0.217382
326,T326_UAV_3,BS_2,HAP_2,31.206538,31.129141,0.001168,0.007564,0.343323
326,T326_UAV_1,BS_0,HAP_0,34.47916,34.275916,0.026075,0.021329,0.279203
326,T326_UAV_4,BS_4,BS_3,116.24463,116.064678,0.038994,0.005902,0.175275
326,T326_UAV_6,HAP_1,LEO_1,67.689539,67.476884,0.040564,0.021857,0.251175
326,T326_UAV_9,HAP_1,HAP_1,53.500115,53.2801,0.025715,0.024751,0.347746
326,T326_UAV_7,BS_4,BS_3,163.315864,163.119002,0.050752,0.011055,0.175275
327,T327_UAV_0,HAP_1,HAP_2,396.851559,396.680869,0.033752,0.012309,0.123139
327,T327_UAV_1,BS_0,LEO_1,37.032025,36.974815,0.000422,0.006556,0.251155
327,T327_UAV_6,HAP_1,LEO_0,40.26979,40.079447,0.043719,0.003739,0.214424
327,T327_UAV_9,HAP_1,HAP_0,62.850201,62.668745,0.028056,0.00974,0.218299
327,T327_UAV_2,HAP_1,HAP_2,170.726638,170.567135,0.029168,0.005707,0.123139
327,T327_UAV_8,BS_1,HAP_1,74.133638,73.908854,0.026632,0.03405,0.320508
327,T327_UAV_4,BS_4,HAP_2,237.720433,237.559305,0.02899,0.00751,0.123139
327,T327_UAV_3,BS_2,HAP_2,328.211044,328.04758,0.032309,0.006527,0.123139
328,T328_UAV_9,HAP_1,LEO_1,117.622435,117.43044,0.04105,0.009373,0.207863
328,T328_UAV_4,BS_4,LEO_0,43.79186,43.727451,0.002561,0.013365,0.242417
328,T328_UAV_8,BS_1,HAP_0,162.689107,162.500127,0.029442,0.020325,0.196069
328,T328_UAV_6,HAP_1,HAP_1,86.259825,86.018048,0.025943,0.064359,0.257378
328,T328_UAV_2,HAP_1,LEO_1,115.205687,115.017357,0.040942,0.005816,0.207863
328,T328_UAV_1,BS_0,HAP_0,178.133161,177.952506,0.029343,0.012099,0.196069
329,T329_UAV_7,BS_4,LEO_1,87.604323,87.55956,0.000959,0.003444,0.201802
329,T329_UAV_6,HAP_1,LEO_0,47.325124,47.25226,0.00439,0.005381,0.315466
329,T329_UAV_8,BS_1,HAP_0,30.49796,30.448137,0.001101,0.003921,0.224006
329,T329_UAV_4,BS_4,HAP_2,38.751771,38.522916,0.025959,0.024247,0.393245
329,T329_UAV_1,BS_0,BS_2,60.825569,60.651797,0.025145,0.008777,0.199252
329,T329_UAV_0,HAP_1,HAP_1,56.058179,55.847465,0.025937,0.02685,0.289636
329,T329_UAV_9,HAP_1,LEO_1,90.51174,90.462991,0.000809,0.00758,0.201802
330,T330_UAV_4,BS_4,LEO_1,61.637836,61.573648,0.001028,0.003933,0.296135
330,T330_UAV_5,BS_4,LEO_0,183.087542,182.89334,0.044897,0.010784,0.192602
330,T330_UAV_2,HAP_1,HAP_2,49.409473,49.350017,0.002114,0.011025,0.231581
330,T330_UAV_6,HAP_1,HAP_0,59.78204,59.698661,0.003399,0.019666,0.301569
330,T330_UAV_1,BS_0,LEO_0,91.194277,90.998966,0.043025,0.013765,0.192602
330,T330_UAV_0,HAP_1,HAP_1,71.155552,70.906883,0.026194,0.047771,0.373519
330,T330_UAV_8,BS_1,BS_3,112.914771,112.71988,0.038156,0.027136,0.147993
330,T330_UAV_7,BS_4,LEO_0,117.452343,117.255325,0.043059,0.015439,0.192602
331,T331_UAV_2,HAP_1,LEO_1,119.55792,119.464256,0.000977,0.01885,0.369182
331,T331_UAV_9,HAP_1,LEO_0,123.361653,123.162516,0.04548,0.013271,0.20193
331,T331_UAV_4,BS_4,HAP_2,102.895157,102.824185,0.002079,0.017056,0.259184
331,T331_UAV_3,BS_2,HAP_0,58.333757,58.248327,0.002285,0.010229,0.364584
331,T331_UAV_8,BS_1,HAP_1,60.790818,60.577887,0.026339,0.025178,0.30707
331,T331_UAV_1,BS_0,LEO_1,93.754317,93.67119,0.000801,0.00849,0.369182
331,T331_UAV_0,HAP_1,LEO_0,103.174469,102.981818,0.044249,0.008017,0.20193
331,T331_UAV_6,HAP_1,HAP_2,177.117575,177.052949,0.006356,0.006434,0.259184
332,T332_UAV_1,BS_0,LEO_1,34.306968,34.126344,0.040291,0.013203,0.135647
332,T332_UAV_6,HAP_1,LEO_0,26.801622,26.615074,0.042445,0.006759,0.186719
332,T332_UAV_9,HAP_1,HAP_2,48.530373,48.436284,0.002,0.01796,0.370647
332,T332_UAV_2,HAP_1,HAP_0,78.760786,78.598482,0.028815,0.009152,0.121682
332,T332_UAV_8,BS_1,HAP_1,82.791514,82.597401,0.026827,0.012771,0.272578
332,T332_UAV_5,BS_4,LEO_1,130.04337,129.867359,0.041397,0.007484,0.135647
333,T333_UAV_7,BS_4,LEO_1,77.667623,77.613962,0.000853,0.004402,0.242025
333,T333_UAV_6,HAP_1,LEO_0,34.253603,34.059102,0.041723,0.015134,0.188216
333,T333_UAV_4,BS_4,HAP_0,58.630055,58.576328,0.001568,0.014259,0.189504
333,T333_UAV_8,BS_1,HAP_2,39.818271,39.650773,0.026389,0.013353,0.138777
333,T333_UAV_9,HAP_1,HAP_1,53.006794,52.80506,0.02568,0.029303,0.233754
333,T333_UAV_2,HAP_1,LEO_1,98.692024,98.636359,0.000806,0.006454,0.242025
333,T333_UAV_3,BS_2,LEO_0,111.050277,110.859843,0.044962,0.007829,0.188216
333,T333_UAV_1,BS_0,HAP_0,178.843611,178.794162,0.004372,0.007177,0.189504
334,T334_UAV_0,HAP_1,LEO_1,98.867987,98.80154,0.000947,0.005684,0.299077
334,T334_UAV_5,BS_4,LEO_0,40.307651,40.257961,0.001442,0.004884,0.216823
334,T334_UAV_4,BS_4,HAP_2,31.889448,31.842071,0.000802,0.004814,0.208807
334,T334_UAV_3,BS_2,HAP_0,46.938659,46.744956,0.02682,0.01648,0.252011
334,T334_UAV_6,HAP_1,HAP_1,62.827588,62.640941,0.025649,0.012196,0.244009
334,T334_UAV_9,HAP_1,LEO_1,90.995514,90.926968,0.000807,0.007924,0.299077
334,T334_UAV_8,BS_1,LEO_0,95.478056,95.418768,0.00417,0.011753,0.216823
335,T335_UAV_4,BS_4,LEO_0,92.717661,92.644509,0.003142,0.011344,0.293329
335,T335_UAV_6,HAP_1,LEO_1,169.989002,169.908696,0.001241,0.003767,0.376486
335,T335_UAV_9,HAP_1,HAP_2,178.532711,178.465135,0.005466,0.003043,0.295337
335,T335_UAV_3,BS_2,HAP_0,44.881205,44.697224,0.026738,0.013831,0.217066
335,T335_UAV_7,BS_4,HAP_1,51.755728,51.568719,0.026501,0.009282,0.256129
335,T335_UAV_8,BS_1,LEO_1,103.794114,103.707039,0.000732,0.011047,0.376486
335,T335_UAV_1,BS_0,LEO_0,88.019805,87.948868,0.003996,0.008275,0.293329
335,T335_UAV_0,HAP_1,HAP_2,139.452168,139.381158,0.003829,0.008114,0.295337
335,T335_UAV_2,HAP_1,LEO_1,143.605522,143.520376,0.001021,0.008828,0.376486
336,T336_UAV_4,BS_4,LEO_1,90.525569,90.33543,0.041047,0.008356,0.203678
336,T336_UAV_2,HAP_1,BS_3,182.424359,182.210472,0.055522,0.023147,0.176091
336,T336_UAV_9,HAP_1,LEO_0,28.402601,28.32556,0.002281,0.004867,0.349467
336,T336_UAV_5,BS_4,HAP_0,62.594552,62.523993,0.002308,0.016994,0.256285
336,T336_UAV_6,HAP_1,BS_4,89.81251,89.639573,0.032389,0.011364,0.145918
336,T336_UAV_8,BS_1,LEO_1,112.963422,112.765469,0.040911,0.016306,0.203678
337,T337_UAV_8,BS_1,LEO_1,126.638523,126.588474,0.000891,0.005602,0.21778
337,T337_UAV_4,BS_4,LEO_0,114.200642,114.015007,0.043868,0.009167,0.163002
337,T337_UAV_6,HAP_1,HAP_0,25.34464,25.264837,0.001425,0.014371,0.320036
337,T337_UAV_5,BS_4,HAP_2,37.802953,37.628274,0.026037,0.010211,0.192152
337,T337_UAV_3,BS_1,LEO_1,76.153091,76.093037,0.000524,0.015974,0.21778
337,T337_UAV_0,HAP_1,LEO_0,56.399227,56.216712,0.042304,0.007611,0.163002
337,T337_UAV_1,BS_0,LEO_1,92.388201,92.338619,0.000683,0.005343,0.21778
337,T337_UAV_2,HAP_1,BS_3,146.981197,146.878256,0.036701,0.014602,0.258189
338,T338_UAV_7,BS_4,LEO_1,96.948981,96.875924,0.001065,0.00824,0.318761
338,T338_UAV_0,HAP_1,LEO_0,63.706625,63.502646,0.044618,0.015003,0.22179
338,T338_UAV_3,BS_1,HAP_0,30.300534,30.22829,0.001172,0.002917,0.340775
338,T338_UAV_2,HAP_1,HAP_2,67.008163,66.834263,0.027829,0.00584,0.201159
338,T338_UAV_5,BS_4,HAP_1,71.329764,71.140121,0.026747,0.013323,0.247869
338,T338_UAV_9,HAP_1,LEO_1,124.508753,124.43114,0.001097,0.012764,0.318761
338,T338_UAV_1,BS_0,BS_2,177.363385,177.169484,0.05426,0.015112,0.122649
339,T339_UAV_3,BS_1,LEO_0,164.257887,164.066996,0.045362,0.005659,0.199346
339,T339_UAV_9,HAP_1,HAP_0,188.935457,188.769117,0.031661,0.003002,0.158386
339,T339_UAV_2,HAP_1,HAP_2,192.744914,192.692683,0.005995,0.003973,0.211316
339,T339_UAV_4,BS_4,LEO_0,197.760065,197.56505,0.045022,0.010124,0.199346
339,T339_UAV_7,BS_4,LEO_1,36.124812,36.043917,0.000558,0.011001,0.346681
339,T339_UAV_1,BS_0,HAP_2,64.66271,64.607725,0.001768,0.010954,0.211316
339,T339_UAV_5,BS_4,HAP_0,69.263958,69.093233,0.026913,0.012134,0.158386
339,T339_UAV_8,BS_1,BS_3,90.271222,90.079178,0.032499,0.017601,0.209722
339,T339_UAV_6,HAP_1,LEO_0,140.360474,140.164743,0.04512,0.010742,0.199346
339,T339_UAV_0,HAP_1,BS_4,168.358134,168.138075,0.052004,0.015301,0.263768
340,T340_UAV_3,BS_1,LEO_1,151.224732,151.038104,0.041041,0.008921,0.183329
340,T340_UAV_7,BS_4,LEO_0,111.740464,111.682588,0.003933,0.011605,0.211689
340,T340_UAV_0,HAP_1,HAP_0,56.531425,56.345204,0.026827,0.011588,0.239031
340,T340_UAV_5,BS_4,HAP_2,30.05835,29.867034,0.025816,0.010817,0.27341
340,T340_UAV_8,BS_1,LEO_1,81.941987,81.760787,0.040573,0.003961,0.183329
340,T340_UAV_1,BS_0,HAP_1,47.090705,46.852587,0.026366,0.048308,0.31722
340,T340_UAV_2,HAP_1,LEO_0,62.574268,62.524636,0.002902,0.004392,0.211689
340,T340_UAV_4,BS_4,HAP_0,109.853184,109.664558,0.027951,0.012869,0.239031
340,T340_UAV_9,HAP_1,LEO_1,117.59419,117.400888,0.04089,0.015746,0.183329
341,T341_UAV_3,BS_1,LEO_0,42.502947,42.31002,0.043376,0.011594,0.189785
341,T341_UAV_9,HAP_1,LEO_1,126.509148,126.460103,0.00111,0.00771,0.201121
341,T341_UAV_0,HAP_1,HAP_0,34.189065,34.140105,0.001522,0.00304,0.221992
341,T341_UAV_8,BS_1,HAP_2,36.162392,36.09466,0.001285,0.015987,0.252301
341,T341_UAV_4,BS_4,HAP_1,72.921806,72.744418,0.026945,0.01223,0.191063
341,T341_UAV_2,HAP_1,LEO_1,120.75996,120.715014,0.000985,0.003737,0.201121
342,T342_UAV_3,BS_1,LEO_0,20.318386,20.257122,0.001622,0.013238,0.232019
342,T342_UAV_6,HAP_1,LEO_1,32.941565,32.867762,0.00037,0.011455,0.309891
342,T342_UAV_1,BS_0,HAP_0,41.467328,41.288513,0.026303,0.013801,0.193554
342,T342_UAV_8,BS_1,HAP_2,47.755609,47.58348,0.026693,0.007125,0.191554
342,T342_UAV_2,HAP_1,HAP_1,60.087071,59.886741,0.025772,0.019045,0.277566
342,T342_UAV_0,HAP_1,BS_2,105.0067,104.836321,0.036186,0.008944,0.126245
343,T343_UAV_4,BS_4,HAP_0,143.21187,143.151088,0.003867,0.014948,0.209835
343,T343_UAV_6,HAP_1,BS_3,429.980487,429.715507,0.117365,0.0101,0.187575
343,T343_UAV_9,HAP_1,HAP_2,45.113476,45.062646,0.001901,0.005751,0.215887
343,T343_UAV_1,BS_0,LEO_1,48.590233,48.514736,0.000552,0.006588,0.341788
343,T343_UAV_3,BS_1,HAP_1,58.765829,58.557509,0.026197,0.03942,0.213511
343,T343_UAV_7,BS_4,HAP_0,121.323014,121.260433,0.002797,0.017818,0.209835
343,T343_UAV_0,HAP_1,BS_3,189.751275,189.540351,0.057351,0.016057,0.187575
343,T343_UAV_2,HAP_1,BS_3,360.199404,359.95094,0.099933,0.011016,0.187575
344,T344_UAV_0,HAP_1,LEO_1,120.955982,120.762804,0.041166,0.014193,0.189099
344,T344_UAV_5,BS_4,HAP_2,181.568154,181.392977,0.02892,0.009709,0.182741
344,T344_UAV_2,HAP_1,LEO_0,17.732637,17.524535,0.041447,0.014464,0.260957
344,T344_UAV_7,BS_4,HAP_0,31.285392,31.107285,0.025911,0.004989,0.236034
344,T344_UAV_6,HAP_1,HAP_1,53.54766,53.343483,0.025492,0.031171,0.237572
344,T344_UAV_1,BS_0,LEO_1,86.209119,86.024373,0.040732,0.006195,0.189099
344,T344_UAV_8,BS_1,HAP_2,164.114167,163.937132,0.029444,0.011042,0.182741
345,T345_UAV_6,HAP_1,LEO_1,142.269728,142.199626,0.001045,0.017327,0.25865
345,T345_UAV_3,BS_1,LEO_0,108.39832,108.340837,0.004832,0.012338,0.201564
345,T345_UAV_0,HAP_1,HAP_0,27.806584,27.621773,0.026218,0.015753,0.214201
345,T345_UAV_2,HAP_1,HAP_2,30.521622,30.336427,0.02627,0.012405,0.232599
345,T345_UAV_9,HAP_1,LEO_1,88.950807,88.886236,0.000671,0.01217,0.25865
345,T345_UAV_8,BS_1,HAP_1,70.826619,70.641619,0.026569,0.008768,0.248316
345,T345_UAV_1,BS_0,LEO_0,131.178595,131.114967,0.00592,0.017395,0.201564
345,T345_UAV_4,BS_4,LEO_1,199.466314,199.409297,0.001921,0.003366,0.25865
346,T346_UAV_7,BS_4,LEO_1,44.486315,44.280449,0.040668,0.013859,0.256692
346,T346_UAV_1,BS_1,HAP_0,96.387207,96.324575,0.003052,0.013755,0.229126
346,T346_UAV_5,BS_4,LEO_0,28.616638,28.548762,0.001758,0.00573,0.301938
346,T346_UAV_2,HAP_1,BS_1,235.069837,234.812474,0.068664,0.04986,0.194199
346,T346_UAV_3,BS_1,HAP_2,79.535953,79.338607,0.027907,0.021915,0.237624
346,T346_UAV_4,BS_4,BS_1,304.130175,303.872184,0.08592,0.033231,0.194199
346,T346_UAV_0,HAP_1,BS_1,356.9429,356.692484,0.099119,0.012457,0.194199
347,T347_UAV_8,BS_1,LEO_1,84.212486,84.147565,0.000587,0.018333,0.230007
347,T347_UAV_5,BS_4,LEO_0,50.097508,50.015684,0.003075,0.008625,0.35062
347,T347_UAV_7,BS_4,HAP_2,157.873214,157.829154,0.003146,0.00323,0.188422
347,T347_UAV_0,HAP_1,HAP_0,189.249612,189.070791,0.031082,0.011293,0.182229
347,T347_UAV_3,BS_1,LEO_1,81.220838,81.168812,0.000563,0.005462,0.230007
347,T347_UAV_1,BS_1,HAP_2,58.790286,58.746658,0.001597,0.004346,0.188422
347,T347_UAV_2,HAP_1,BS_3,101.108225,100.922261,0.035208,0.02105,0.148527
347,T347_UAV_6,HAP_1,LEO_1,104.750256,104.692864,0.00077,0.01062,0.230007
347,T347_UAV_4,BS_4,HAP_0,107.628132,107.449996,0.02791,0.013779,0.182229
348,T348_UAV_4,BS_4,LEO_1,124.538346,124.470942,0.001196,0.013026,0.265911
348,T348_UAV_8,BS_1,LEO_0,131.14657,130.965283,0.045814,0.009738,0.128673
348,T348_UAV_1,BS_1,HAP_0,25.606714,25.429886,0.025803,0.004565,0.232298
348,T348_UAV_7,BS_4,HAP_2,31.027253,30.847013,0.02576,0.006258,0.241108
348,T348_UAV_3,BS_1,LEO_0,39.658504,39.482462,0.041753,0.008554,0.128673
348,T348_UAV_2,HAP_1,LEO_1,86.877054,86.814578,0.000616,0.008678,0.265911
348,T348_UAV_5,BS_4,HAP_1,46.821455,46.585983,0.026174,0.038589,0.353544
348,T348_UAV_6,HAP_1,LEO_1,100.531369,100.471637,0.00074,0.00581,0.265911
349,T349_UAV_4,BS_4,LEO_0,49.791337,49.729229,0.002962,0.009361,0.24893
349,T349_UAV_3,BS_1,BS_2,158.231309,158.142861,0.039516,0.010094,0.19419
349,T349_UAV_2,HAP_1,BS_0,354.915129,354.677862,0.098615,0.017538,0.105567
349,T349_UAV_6,HAP_1,LEO_1,22.367976,22.28708,0.000252,0.00843,0.361068
349,T349_UAV_1,BS_1,HAP_0,38.142253,38.07614,0.001208,0.018947,0.229786
349,T349_UAV_9,HAP_1,HAP_2,88.310588,88.240743,0.003767,0.020895,0.225918
349,T349_UAV_8,BS_1,BS_2,101.443486,101.374492,0.025331,0.004825,0.19419
349,T349_UAV_5,BS_4,BS_0,184.111778,183.916469,0.055946,0.018249,0.105567
350,T350_UAV_7,BS_4,LEO_1,215.969675,215.784205,0.04152,0.012574,0.156879
350,T350_UAV_1,BS_1,LEO_1,242.804712,242.62684,0.041449,0.005047,0.156879
350,T350_UAV_9,HAP_1,LEO_1,314.133334,313.948967,0.0419,0.011091,0.156879
350,T350_UAV_8,BS_1,LEO_1,348.287253,348.105903,0.041978,0.007996,0.156879
350,T350_UAV_5,BS_4,LEO_0,19.83608,19.764731,0.00121,0.00767,0.312345
350,T350_UAV_3,BS_1,HAP_0,56.918064,56.854524,0.002162,0.008399,0.264893
350,T350_UAV_0,HAP_1,HAP_2,64.027222,63.848612,0.027247,0.006139,0.22612
350,T350_UAV_4,BS_4,LEO_1,118.683742,118.501016,0.040878,0.010472,0.156879
350,T350_UAV_2,HAP_1,LEO_1,192.427623,192.24514,0.04111,0.009997,0.156879
351,T351_UAV_3,BS_1,LEO_1,106.577821,106.342804,0.040845,0.014856,0.396581
351,T351_UAV_9,HAP_1,LEO_0,27.341001,27.258305,0.00225,0.006001,0.372227
351,T351_UAV_8,BS_1,HAP_2,52.587144,52.541173,0.001903,0.003506,0.202813
351,T351_UAV_2,HAP_1,HAP_0,62.169691,62.086061,0.002921,0.013521,0.335936
351,T351_UAV_6,HAP_1,HAP_1,70.353303,70.120822,0.025581,0.05162,0.2764
351,T351_UAV_5,BS_4,LEO_1,98.966022,98.738139,0.041094,0.007473,0.396581
352,T352_UAV_1,BS_1,LEO_1,105.303879,105.099879,0.040894,0.012316,0.253955
352,T352_UAV_0,HAP_1,LEO_0,106.389799,106.219173,0.044287,0.005195,0.105716
352,T352_UAV_9,HAP_1,HAP_2,174.421585,174.35314,0.005486,0.007475,0.277417
352,T352_UAV_4,BS_4,HAP_0,174.704543,174.538346,0.029752,0.006637,0.149036
352,T352_UAV_3,BS_1,HAP_1,96.177442,95.964367,0.027007,0.028231,0.289188
352,T352_UAV_5,BS_4,LEO_1,55.319477,55.120454,0.040611,0.007621,0.253955
352,T352_UAV_7,BS_4,LEO_0,64.232276,64.062551,0.04231,0.006272,0.105716
352,T352_UAV_6,HAP_1,HAP_2,112.774517,112.701748,0.00391,0.013374,0.277417
352,T352_UAV_2,HAP_1,HAP_0,133.30846,133.137021,0.029505,0.012127,0.149036
352,T352_UAV_8,BS_1,BS_3,138.420303,138.226153,0.044529,0.013331,0.18145
353,T353_UAV_5,BS_4,LEO_1,106.364829,106.158374,0.04118,0.02034,0.224669
353,T353_UAV_6,HAP_1,LEO_0,50.421754,50.378634,0.001808,0.002873,0.1922
353,T353_UAV_4,BS_4,HAP_0,36.591586,36.526921,0.001315,0.012154,0.255976
353,T353_UAV_7,BS_4,HAP_2,42.708447,42.627502,0.001074,0.004826,0.375227
353,T353_UAV_3,BS_1,LEO_1,57.053813,56.853567,0.040452,0.014861,0.224669
353,T353_UAV_8,BS_1,LEO_0,86.280517,86.234184,0.002821,0.005073,0.1922
353,T353_UAV_2,HAP_1,BS_0,91.451226,91.272358,0.032797,0.016815,0.146284
353,T353_UAV_9,HAP_1,LEO_0,134.168855,134.122324,0.004509,0.003582,0.1922
354,T354_UAV_7,BS_4,LEO_1,40.793623,40.730655,0.0006,0.010921,0.257236
354,T354_UAV_9,HAP_1,HAP_2,309.60837,309.440802,0.032573,0.007038,0.139789
354,T354_UAV_2,HAP_1,LEO_0,26.130727,25.922001,0.042138,0.007384,0.296017
354,T354_UAV_0,HAP_1,HAP_0,41.135436,41.073609,0.001792,0.007612,0.262116
354,T354_UAV_4,BS_4,HAP_2,121.905818,121.748004,0.027112,0.002744,0.139789
354,T354_UAV_5,BS_4,HAP_1,51.393601,51.198062,0.026311,0.013401,0.279138
354,T354_UAV_6,HAP_1,HAP_2,141.401989,141.237186,0.028724,0.008122,0.139789
354,T354_UAV_3,BS_1,HAP_2,167.30371,167.128537,0.028648,0.018568,0.139789
355,T355_UAV_3,BS_1,LEO_1,96.810282,96.606012,0.04077,0.015125,0.241875
355,T355_UAV_4,BS_4,LEO_0,295.324469,295.135565,0.045456,0.004589,0.194294
355,T355_UAV_8,BS_1,LEO_0,300.639295,300.438331,0.046886,0.015219,0.194294
355,T355_UAV_7,BS_4,LEO_1,63.156928,62.954003,0.040659,0.013891,0.241875
355,T355_UAV_6,HAP_1,LEO_0,180.830758,180.642973,0.044476,0.00445,0.194294
355,T355_UAV_1,BS_1,LEO_0,204.626967,204.426824,0.04469,0.016595,0.194294
355,T355_UAV_2,HAP_1,LEO_0,305.923965,305.734479,0.047178,0.003449,0.194294
356,T356_UAV_7,BS_4,LEO_1,79.201177,79.143568,0.000828,0.019086,0.188474
356,T356_UAV_2,HAP_1,LEO_1,130.415596,130.372366,0.001061,0.004474,0.188474
356,T356_UAV_5,BS_4,LEO_0,35.804587,35.602271,0.041234,0.004645,0.282183
356,T356_UAV_4,BS_4,HAP_0,39.281145,39.101585,0.026409,0.007873,0.226392
356,T356_UAV_1,BS_1,HAP_2,56.60972,56.365763,0.027001,0.034649,0.411534
356,T356_UAV_0,HAP_1,LEO_0,83.727395,83.51317,0.043353,0.014435,0.282183
356,T356_UAV_6,HAP_1,HAP_1,79.704958,79.465402,0.025592,0.040558,0.367029
357,T357_UAV_7,BS_4,LEO_1,83.286741,83.083918,0.040865,0.021352,0.203034
357,T357_UAV_5,BS_4,LEO_0,54.197828,53.99992,0.043264,0.006822,0.239107
357,T357_UAV_1,BS_1,HAP_0,81.163906,81.115179,0.002584,0.004061,0.210411
357,T357_UAV_9,HAP_1,HAP_2,51.465148,51.29073,0.027219,0.006924,0.201376
357,T357_UAV_6,HAP_1,BS_2,57.162489,57.098287,0.014267,0.011807,0.19064
357,T357_UAV_8,BS_1,LEO_1,82.187294,81.991793,0.040648,0.014247,0.203034
357,T357_UAV_4,BS_4,BS_0,83.002756,82.827513,0.030687,0.019585,0.124856
358,T358_UAV_1,BS_1,LEO_1,88.53658,88.489437,0.000754,0.007491,0.194494
358,T358_UAV_9,HAP_1,LEO_0,125.540272,125.334132,0.045806,0.02199,0.19172
358,T358_UAV_7,BS_4,HAP_2,98.405178,98.338419,0.002524,0.027545,0.183446
358,T358_UAV_2,HAP_1,HAP_0,32.838914,32.659858,0.026513,0.014419,0.190619
358,T358_UAV_8,BS_1,LEO_1,52.90884,52.865987,0.000418,0.003536,0.194494
358,T358_UAV_6,HAP_1,HAP_1,62.452684,62.221581,0.025439,0.02296,0.413524
358,T358_UAV_4,BS_4,LEO_0,95.959384,95.755883,0.043292,0.021865,0.19172
359,T359_UAV_5,BS_4,LEO_1,89.252798,89.192504,0.001004,0.004417,0.274366
359,T359_UAV_6,HAP_1,LEO_0,51.742706,51.553993,0.044553,0.0076,0.182801
359,T359_UAV_2,HAP_1,HAP_0,27.971417,27.912773,0.001296,0.011757,0.227958
359,T359_UAV_4,BS_4,HAP_2,30.180715,30.090212,0.000791,0.027557,0.31078
359,T359_UAV_0,HAP_1,HAP_1,68.452641,68.218053,0.026259,0.040075,0.341268
359,T359_UAV_8,BS_1,LEO_1,124.40024,124.327592,0.000982,0.016793,0.274366
360,T360_UAV_4,BS_4,LEO_1,47.195761,47.117314,0.000759,0.007198,0.352453
360,T360_UAV_0,HAP_1,LEO_0,117.573112,117.517405,0.004706,0.006319,0.223404
360,T360_UAV_3,BS_1,HAP_1,215.255018,215.046076,0.028236,0.048411,0.16148
360,T360_UAV_5,BS_4,HAP_1,257.765707,257.538903,0.029472,0.065036,0.16148
360,T360_UAV_1,BS_1,HAP_1,331.842513,331.663148,0.031064,0.016004,0.16148
360,T360_UAV_9,HAP_1,HAP_0,37.197893,37.126179,0.001878,0.006585,0.316255
360,T360_UAV_8,BS_1,LEO_0,66.664721,66.605734,0.003002,0.011303,0.223404
360,T360_UAV_2,HAP_1,BS_0,103.357284,103.275483,0.025806,0.010794,0.226003
360,T360_UAV_7,BS_4,HAP_1,114.514558,114.345567,0.027062,0.009632,0.16148
361,T361_UAV_3,BS_1,LEO_1,90.700988,90.518701,0.040725,0.007385,0.170888
361,T361_UAV_6,HAP_1,LEO_0,103.448914,103.37244,0.005048,0.01235,0.295379
361,T361_UAV_5,BS_4,HAP_0,167.069158,166.988864,0.004507,0.009799,0.329938
361,T361_UAV_1,BS_1,HAP_2,84.018957,83.842607,0.027964,0.013117,0.176341
361,T361_UAV_9,HAP_1,HAP_1,50.306056,50.097546,0.025536,0.027026,0.279743
361,T361_UAV_2,HAP_1,LEO_1,85.1602,84.979174,0.04069,0.006159,0.170888
361,T361_UAV_8,BS_1,LEO_0,85.433176,85.36486,0.003853,0.005388,0.295379
361,T361_UAV_7,BS_4,HAP_0,145.846603,145.769888,0.003435,0.007293,0.329938
362,T362_UAV_6,HAP_1,LEO_1,118.350891,118.293446,0.001017,0.011467,0.224803
362,T362_UAV_0,BS_4,BS_3,205.813543,205.626464,0.061373,0.003705,0.110001
362,T362_UAV_5,BS_4,BS_3,269.523056,269.320602,0.077289,0.003166,0.110001
362,T362_UAV_4,BS_4,LEO_0,18.9126,18.817578,0.001133,0.019317,0.372867
362,T362_UAV_8,BS_1,HAP_2,32.35702,32.301106,0.001192,0.009037,0.228423
362,T362_UAV_7,BS_4,HAP_0,40.685957,40.505873,0.026219,0.004922,0.244715
362,T362_UAV_2,HAP_1,HAP_1,84.082847,83.879722,0.026187,0.02078,0.280788
362,T362_UAV_9,HAP_1,LEO_1,114.667645,114.613535,0.000978,0.008172,0.224803
363,T363_UAV_3,BS_1,LEO_1,82.417009,82.341012,0.000661,0.01097,0.32183
363,T363_UAV_7,BS_4,LEO_0,85.976175,85.78577,0.043161,0.006675,0.20285
363,T363_UAV_1,BS_1,HAP_0,114.571557,114.383573,0.027825,0.020555,0.198017
363,T363_UAV_4,BS_4,HAP_2,71.99314,71.815101,0.026897,0.006662,0.222406
363,T363_UAV_9,HAP_1,LEO_0,100.544229,100.35203,0.044682,0.006947,0.20285
363,T363_UAV_8,BS_1,HAP_1,35.257458,35.044188,0.025785,0.035933,0.257761
363,T363_UAV_5,BS_4,BS_2,65.999356,65.826905,0.026441,0.011481,0.172645
363,T363_UAV_2,HAP_1,LEO_1,87.133006,87.06038,0.000707,0.007553,0.32183
363,T363_UAV_6,HAP_1,HAP_0,90.48693,90.314116,0.028447,0.004764,0.198017
364,T364_UAV_4,BS_4,HAP_0,238.77683,238.720273,0.005717,0.014196,0.183222
364,T364_UAV_2,HAP_1,HAP_0,267.792045,267.737137,0.007591,0.010672,0.183222
364,T364_UAV_0,BS_4,LEO_0,26.199794,26.139196,0.001846,0.012402,0.231748
364,T364_UAV_8,BS_1,HAP_2,44.023164,43.966444,0.001628,0.014344,0.203735
364,T364_UAV_6,HAP_1,BS_4,73.180657,72.986161,0.028227,0.028349,0.189601
364,T364_UAV_9,HAP_1,HAP_0,228.917379,228.859332,0.006969,0.014434,0.183222
365,T365_UAV_8,BS_1,LEO_1,132.52362,132.33682,0.040906,0.010776,0.175586
365,T365_UAV_1,BS_1,LEO_0,113.568376,113.505597,0.005061,0.00435,0.266845
365,T365_UAV_0,BS_4,LEO_1,192.01103,191.822769,0.041595,0.011548,0.175586
365,T365_UAV_2,HAP_1,LEO_1,194.168421,193.987062,0.041368,0.004874,0.175586
365,T365_UAV_6,HAP_1,HAP_2,40.228858,40.154661,0.001894,0.011709,0.30297
365,T365_UAV_3,BS_1,HAP_0,45.980069,45.801491,0.026695,0.009556,0.21164
365,T365_UAV_7,BS_4,LEO_0,61.572858,61.505001,0.00228,0.012209,0.266845
365,T365_UAV_9,HAP_1,BS_2,144.894705,144.794439,0.036181,0.011587,0.262498
366,T366_UAV_4,BS_4,LEO_0,97.874683,97.690052,0.043382,0.004678,0.182857
366,T366_UAV_8,BS_1,LEO_1,112.893071,112.684481,0.040881,0.011456,0.28127
366,T366_UAV_9,HAP_1,HAP_0,94.625266,94.448458,0.029803,0.005515,0.207448
366,T366_UAV_6,HAP_1,HAP_2,32.404151,32.326531,0.001522,0.007343,0.343779
366,T366_UAV_3,BS_1,LEO_0,59.418558,59.231733,0.04261,0.007644,0.182857
366,T366_UAV_2,HAP_1,LEO_1,61.81057,61.593168,0.040497,0.020651,0.28127
366,T366_UAV_0,BS_4,HAP_1,73.010231,72.792552,0.026372,0.039942,0.256826
367,T367_UAV_7,BS_4,LEO_1,40.193956,40.141088,0.000562,0.003546,0.243797
367,T367_UAV_5,BS_4,LEO_0,48.073803,48.012335,0.002871,0.007864,0.253663
367,T367_UAV_4,BS_4,HAP_0,198.646298,198.589195,0.005486,0.013684,0.189665
367,T367_UAV_0,BS_4,HAP_2,29.064884,28.901759,0.025981,0.013285,0.119301
367,T367_UAV_6,HAP_1,HAP_0,74.816349,74.763701,0.002845,0.01187,0.189665
367,T367_UAV_9,HAP_1,BS_0,183.936234,183.84058,0.045937,0.010422,0.196476
368,T368_UAV_3,BS_1,LEO_1,108.670922,108.477477,0.040873,0.010415,0.210783
368,T368_UAV_8,BS_1,HAP_0,90.454865,90.282384,0.028342,0.004999,0.195701
368,T368_UAV_6,HAP_1,HAP_2,96.353638,96.29297,0.003255,0.009703,0.238554
368,T368_UAV_7,BS_4,BS_3,123.177721,123.001531,0.040725,0.015555,0.099554
368,T368_UAV_1,BS_1,LEO_1,67.04142,66.8482,0.040565,0.010498,0.210783
368,T368_UAV_2,BS_2,HAP_2,126.776989,126.71812,0.003824,0.007334,0.238554
368,T368_UAV_9,HAP_1,BS_3,170.75477,170.575182,0.052612,0.007065,0.099554
369,T369_UAV_3,BS_1,LEO_1,133.206988,133.163239,0.000936,0.004351,0.192308
369,T369_UAV_8,BS_1,LEO_0,99.880188,99.665331,0.044531,0.019597,0.253646
369,T369_UAV_0,BS_4,HAP_0,82.241027,82.169608,0.003497,0.021874,0.230234
369,T369_UAV_7,BS_4,LEO_1,138.981819,138.933468,0.001188,0.008701,0.192308
369,T369_UAV_4,BS_4,LEO_1,155.431849,155.382172,0.001471,0.009744,0.192308
369,T369_UAV_1,BS_1,HAP_2,55.352434,55.156677,0.026933,0.012148,0.283377
369,T369_UAV_5,BS_4,HAP_1,64.047155,63.816043,0.026701,0.017636,0.433875
369,T369_UAV_6,HAP_1,LEO_0,99.716234,99.511877,0.044795,0.008833,0.253646
370,T370_UAV_4,BS_4,LEO_1,141.341522,141.147361,0.041335,0.014625,0.191007
370,T370_UAV_5,BS_4,LEO_0,103.48485,103.296421,0.043529,0.008077,0.184116
370,T370_UAV_0,BS_4,HAP_2,93.557028,93.364689,0.028154,0.017939,0.231233
370,T370_UAV_2,BS_2,HAP_0,72.15677,71.9683,0.028273,0.009146,0.255257
370,T370_UAV_7,BS_4,LEO_1,124.034353,123.83992,0.041054,0.015177,0.191007
370,T370_UAV_1,BS_1,LEO_0,98.629086,98.436738,0.044366,0.011159,0.184116
370,T370_UAV_9,HAP_1,LEO_1,172.367749,172.184299,0.041261,0.003988,0.191007
371,T371_UAV_3,BS_1,LEO_1,100.342057,100.147507,0.040807,0.015611,0.190661
371,T371_UAV_8,BS_1,LEO_0,122.817561,122.756674,0.005603,0.016635,0.193243
371,T371_UAV_5,BS_4,HAP_0,62.509814,62.45192,0.001666,0.010022,0.231027
371,T371_UAV_6,HAP_1,HAP_2,98.302827,98.244651,0.003305,0.00621,0.243304
371,T371_UAV_7,BS_4,LEO_1,73.063483,72.871119,0.040726,0.013506,0.190661
371,T371_UAV_1,BS_1,LEO_0,76.981143,76.927159,0.003416,0.011919,0.193243
371,T371_UAV_2,BS_2,HAP_0,124.581462,124.525338,0.004106,0.005812,0.231027
371,T371_UAV_9,HAP_1,HAP_2,196.267638,196.196799,0.006363,0.015815,0.243304
372,T372_UAV_4,BS_4,LEO_1,88.33936,88.278974,0.000835,0.010717,0.244175
372,T372_UAV_3,BS_1,LEO_0,115.563325,115.490056,0.00509,0.010445,0.288668
372,T372_UAV_7,BS_4,HAP_2,180.560424,180.387037,0.028882,0.006794,0.188552
372,T372_UAV_8,BS_1,HAP_0,95.308539,95.105758,0.02853,0.018305,0.27973
372,T372_UAV_5,BS_4,LEO_1,61.0366,60.975546,0.000588,0.011631,0.244175
372,T372_UAV_0,BS_4,LEO_0,42.679529,42.611106,0.001684,0.009006,0.288668
372,T372_UAV_2,BS_2,HAP_1,43.222936,42.988182,0.025633,0.032095,0.385127
372,T372_UAV_6,HAP_1,LEO_1,117.912302,117.859336,0.000885,0.003246,0.244175
372,T372_UAV_1,BS_1,HAP_2,166.419346,166.239739,0.029427,0.012469,0.188552
372,T372_UAV_9,HAP_1,BS_3,198.203828,198.086964,0.049497,0.024243,0.215621
373,T373_UAV_5,BS_4,LEO_1,101.407738,101.339925,0.001167,0.012142,0.272514
373,T373_UAV_0,BS_4,HAP_2,240.552612,240.488716,0.004978,0.020361,0.192781
373,T373_UAV_4,BS_4,HAP_2,272.650053,272.597003,0.00484,0.009653,0.192781
373,T373_UAV_3,BS_1,BS_0,165.253524,165.063988,0.051238,0.009491,0.144037
373,T373_UAV_1,BS_1,LEO_0,27.148553,27.070081,0.002151,0.009999,0.331609
373,T373_UAV_7,BS_4,HAP_0,42.928538,42.871897,0.001317,0.005805,0.247592
373,T373_UAV_2,BS_2,LEO_1,107.744941,107.683446,0.000866,0.006126,0.272514
373,T373_UAV_9,HAP_1,HAP_2,157.61109,157.564689,0.003954,0.00389,0.192781
373,T373_UAV_6,HAP_1,HAP_2,203.316118,203.25775,0.005228,0.014584,0.192781
374,T374_UAV_5,BS_4,LEO_1,56.480163,56.404952,0.000929,0.005593,0.34345
374,T374_UAV_2,BS_2,LEO_0,36.905803,36.735896,0.041675,0.005677,0.112776
374,T374_UAV_0,BS_4,HAP_0,58.451454,58.24997,0.027454,0.023232,0.253994
374,T374_UAV_9,HAP_1,LEO_0,59.440574,59.270803,0.04281,0.004406,0.112776
374,T374_UAV_6,HAP_1,HAP_2,92.349068,92.137635,0.029263,0.015094,0.335378
374,T374_UAV_3,BS_1,BS_0,117.531685,117.333234,0.039309,0.006252,0.264456
375,T375_UAV_8,BS_1,LEO_1,79.830612,79.634786,0.040614,0.009462,0.228752
375,T375_UAV_4,BS_4,LEO_0,91.212081,91.023246,0.043174,0.006639,0.19511
375,T375_UAV_7,BS_4,HAP_0,79.393032,79.328271,0.002446,0.020302,0.210069
375,T375_UAV_0,BS_4,HAP_2,93.698561,93.503239,0.028125,0.010295,0.284513
375,T375_UAV_1,BS_1,LEO_1,43.465056,43.270324,0.040364,0.008618,0.228752
375,T375_UAV_6,HAP_1,LEO_0,46.96274,46.778513,0.04223,0.002976,0.19511
375,T375_UAV_5,BS_4,HAP_1,36.17958,35.933373,0.025971,0.04469,0.37773
375,T375_UAV_3,BS_1,BS_3,99.145398,98.966859,0.034722,0.017506,0.131557
376,T376_UAV_0,BS_4,LEO_1,134.404564,134.351289,0.001126,0.003365,0.24392
376,T376_UAV_8,BS_1,LEO_0,91.403354,91.347183,0.004193,0.00523,0.233739
376,T376_UAV_7,BS_4,HAP_0,73.110111,73.049361,0.002256,0.004115,0.271894
376,T376_UAV_4,BS_4,HAP_2,90.018447,89.816694,0.027425,0.025462,0.244326
376,T376_UAV_1,BS_1,LEO_1,73.305751,73.241934,0.000536,0.014496,0.24392
376,T376_UAV_5,BS_4,LEO_0,55.861221,55.805081,0.001894,0.007498,0.233739
376,T376_UAV_2,BS_2,HAP_1,69.586503,69.332639,0.026039,0.049367,0.392294
376,T376_UAV_9,HAP_1,LEO_1,197.560953,197.50136,0.001438,0.00937,0.24392
377,T377_UAV_7,BS_4,LEO_1,63.566701,63.360443,0.040619,0.019957,0.228412
377,T377_UAV_5,BS_4,LEO_0,75.80929,75.739014,0.002567,0.014635,0.265372
377,T377_UAV_8,BS_1,HAP_2,186.43789,186.361555,0.005296,0.023416,0.238118
377,T377_UAV_0,BS_4,HAP_0,29.377728,29.30392,0.001231,0.003575,0.345014
377,T377_UAV_1,BS_1,LEO_1,40.964261,40.768028,0.040342,0.010208,0.228412
377,T377_UAV_3,BS_1,LEO_0,41.767473,41.708337,0.001834,0.004227,0.265372
377,T377_UAV_4,BS_4,HAP_1,44.471125,44.210365,0.026114,0.049148,0.427496
377,T377_UAV_6,HAP_1,HAP_2,102.367267,102.300107,0.003408,0.016129,0.238118
377,T377_UAV_2,BS_2,BS_0,153.911399,153.819396,0.038436,0.007496,0.230358
377,T377_UAV_9,HAP_1,BS_3,192.73776,192.504104,0.058092,0.015583,0.299899
378,T378_UAV_8,BS_1,LEO_1,95.895507,95.84459,0.000737,0.009843,0.20168
378,T378_UAV_5,BS_4,HAP_0,207.78674,207.614627,0.029793,0.013096,0.14612
378,T378_UAV_6,HAP_1,LEO_0,23.813036,23.731576,0.00204,0.008752,0.353339
378,T378_UAV_3,BS_1,LEO_1,40.182049,40.126623,0.000325,0.014764,0.20168
378,T378_UAV_2,BS_2,HAP_2,80.795913,80.705477,0.00325,0.021684,0.327513
378,T378_UAV_9,HAP_1,HAP_0,169.285408,169.115958,0.030207,0.010019,0.14612
378,T378_UAV_4,BS_4,HAP_0,173.277058,173.112363,0.029193,0.006279,0.14612
379,T379_UAV_4,BS_4,LEO_1,38.318243,38.120969,0.040605,0.010515,0.230771
379,T379_UAV_3,BS_1,LEO_0,282.149674,281.963348,0.04636,0.008118,0.159241
379,T379_UAV_1,BS_1,HAP_2,30.667532,30.583263,0.001064,0.011011,0.360975
379,T379_UAV_7,BS_4,LEO_0,128.370806,128.187211,0.042574,0.009173,0.159241
379,T379_UAV_2,BS_2,HAP_0,63.043051,62.849544,0.027814,0.014127,0.257837
379,T379_UAV_8,BS_1,LEO_0,166.740147,166.55754,0.043904,0.006854,0.159241
379,T379_UAV_0,BS_4,LEO_0,175.057903,174.878842,0.043595,0.003617,0.159241
379,T379_UAV_9,HAP_1,LEO_0,245.706867,245.515709,0.045941,0.013369,0.159241
380,T380_UAV_4,BS_4,LEO_1,126.152248,126.090347,0.001415,0.014019,0.232336
380,T380_UAV_3,BS_1,HAP_2,139.990457,139.819074,0.028753,0.016717,0.12956
380,T380_UAV_8,BS_1,HAP_2,149.672622,149.503746,0.029264,0.0137,0.12956
380,T380_UAV_9,HAP_1,HAP_0,25.543083,25.356449,0.026306,0.012339,0.239943
380,T380_UAV_5,BS_4,LEO_0,40.041129,39.81863,0.042323,0.016307,0.319347
380,T380_UAV_1,BS_1,LEO_1,64.163001,64.098282,0.00054,0.017712,0.232336
381,T381_UAV_1,BS_1,LEO_1,108.330189,108.26772,0.000911,0.003204,0.291768
381,T381_UAV_0,BS_4,LEO_0,61.159992,60.955292,0.044207,0.011279,0.246072
381,T381_UAV_5,BS_4,BS_0,499.816803,499.647583,0.124849,0.00536,0.195048
381,T381_UAV_8,BS_1,HAP_0,27.422024,27.365577,0.001024,0.007737,0.238428
381,T381_UAV_3,BS_1,HAP_2,37.903851,37.724392,0.026328,0.009693,0.217186
381,T381_UAV_6,HAP_1,LEO_1,101.21796,101.145047,0.000886,0.013673,0.291768
381,T381_UAV_9,HAP_1,BS_0,226.904195,226.797235,0.056671,0.011279,0.195048
381,T381_UAV_7,BS_4,BS_0,413.672629,413.524452,0.103329,0.005838,0.195048
381,T381_UAV_2,BS_2,BS_0,518.463382,518.292792,0.129508,0.002071,0.195048
382,T382_UAV_8,BS_1,LEO_1,59.894383,59.819271,0.000595,0.0075,0.33508
382,T382_UAV_3,BS_1,LEO_0,66.609522,66.411751,0.045202,0.005287,0.23641
382,T382_UAV_9,HAP_1,HAP_0,38.788821,38.727219,0.002008,0.005398,0.270981
382,T382_UAV_1,BS_1,HAP_2,55.683982,55.500131,0.026922,0.010246,0.233415
382,T382_UAV_0,BS_4,HAP_1,74.958514,74.699662,0.026476,0.046449,0.429634
383,T383_UAV_3,BS_1,LEO_1,134.719824,134.551601,0.040952,0.006423,0.104241
383,T383_UAV_4,BS_4,LEO_0,99.490496,99.44485,0.003497,0.004257,0.189458
383,T383_UAV_5,BS_4,HAP_0,187.466159,187.283676,0.029923,0.014763,0.188991
383,T383_UAV_9,HAP_1,HAP_2,41.314837,41.24874,0.001882,0.017687,0.232644
383,T383_UAV_7,BS_4,LEO_1,102.444414,102.276037,0.040842,0.006687,0.104241
383,T383_UAV_1,BS_1,LEO_0,78.005892,77.961408,0.003433,0.003159,0.189458
383,T383_UAV_6,HAP_1,LEO_1,166.541513,166.373263,0.041261,0.006141,0.104241
383,T383_UAV_2,BS_2,HAP_0,181.868771,181.684099,0.030887,0.015987,0.188991
384,T384_UAV_3,BS_1,LEO_0,116.822806,116.625118,0.043741,0.014084,0.199313
384,T384_UAV_4,BS_4,LEO_0,181.062801,180.870585,0.044742,0.007611,0.199313
384,T384_UAV_8,BS_1,LEO_1,51.22487,51.035241,0.040388,0.008981,0.201299
384,T384_UAV_2,BS_2,HAP_2,82.195739,82.126075,0.002438,0.010899,0.281635
384,T384_UAV_6,HAP_1,HAP_0,43.225828,43.049938,0.027279,0.004549,0.220309
384,T384_UAV_1,BS_1,BS_3,52.512923,52.359021,0.023076,0.005269,0.127788
384,T384_UAV_5,BS_4,LEO_1,65.37996,65.189398,0.04076,0.009543,0.201299
384,T384_UAV_9,HAP_1,LEO_0,95.409867,95.203661,0.043334,0.02301,0.199313
384,T384_UAV_0,BS_4,HAP_2,98.496677,98.432736,0.002488,0.005126,0.281635
385,T385_UAV_3,BS_1,LEO_1,87.605536,87.556398,0.000621,0.010368,0.190747
385,T385_UAV_7,BS_4,LEO_0,75.970811,75.913335,0.002929,0.013871,0.203376
385,T385_UAV_5,BS_4,HAP_0,129.995557,129.928641,0.003409,0.017097,0.232047
385,T385_UAV_0,BS_4,LEO_1,147.685688,147.63006,0.001249,0.016229,0.190747
385,T385_UAV_1,BS_1,HAP_2,35.716175,35.629389,0.001233,0.008555,0.38499
385,T385_UAV_4,BS_4,LEO_0,40.88993,40.840686,0.001438,0.007131,0.203376
385,T385_UAV_8,BS_1,LEO_1,65.334954,65.28598,0.000436,0.010388,0.190747
385,T385_UAV_2,BS_2,HAP_1,77.168742,76.897598,0.026193,0.065488,0.397312
385,T385_UAV_6,HAP_1,HAP_0,143.358906,143.298226,0.005352,0.008919,0.232047
386,T386_UAV_7,BS_4,LEO_1,141.210778,141.137475,0.001156,0.014571,0.287875
386,T386_UAV_1,BS_1,LEO_0,119.806253,119.740257,0.005262,0.002756,0.289887
386,T386_UAV_4,BS_4,HAP_2,199.742992,199.5716,0.029357,0.014714,0.136607
386,T386_UAV_2,BS_2,LEO_1,56.776514,56.704833,0.000394,0.013712,0.287875
386,T386_UAV_8,BS_1,HAP_0,54.868536,54.799639,0.002058,0.00568,0.305794
386,T386_UAV_0,BS_4,LEO_0,63.568294,63.502807,0.002473,0.005036,0.289887
386,T386_UAV_6,HAP_1,LEO_1,120.20005,120.134579,0.000914,0.006982,0.287875
386,T386_UAV_9,HAP_1,HAP_2,156.255848,156.089049,0.030182,0.009296,0.136607
387,T387_UAV_4,BS_4,HAP_2,118.208761,118.141728,0.002584,0.012885,0.25782
387,T387_UAV_3,BS_1,BS_0,770.822954,770.489841,0.202516,0.010685,0.099559
387,T387_UAV_5,BS_4,BS_0,890.796801,890.440508,0.232489,0.003892,0.099559
387,T387_UAV_9,HAP_1,BS_1,103.30487,103.08623,0.035749,0.04654,0.181755
387,T387_UAV_1,BS_1,HAP_2,128.274515,128.213805,0.003379,0.005766,0.25782
387,T387_UAV_7,BS_4,BS_0,366.045944,365.808223,0.101396,0.016412,0.099559
387,T387_UAV_0,BS_4,BS_0,511.62463,511.345001,0.137762,0.021955,0.099559
387,T387_UAV_2,BS_2,BS_0,748.11242,747.785844,0.196843,0.009821,0.099559
387,T387_UAV_6,HAP_1,BS_0,1054.899583,1054.483239,0.273479,0.022953,0.099559
388,T388_UAV_0,BS_4,LEO_1,67.128673,66.922147,0.040665,0.009837,0.280121
388,T388_UAV_3,BS_1,LEO_0,124.142648,123.946005,0.045417,0.003498,0.238643
388,T388_UAV_2,BS_2,HAP_2,36.260435,36.074625,0.02643,0.010059,0.246604
388,T388_UAV_5,BS_4,HAP_0,38.833754,38.637635,0.026318,0.011471,0.291646
388,T388_UAV_7,BS_4,LEO_1,67.114064,66.912674,0.040636,0.00473,0.280121
388,T388_UAV_9,HAP_1,HAP_1,85.415871,85.172199,0.025803,0.034808,0.415308
388,T388_UAV_1,BS_1,LEO_0,114.654003,114.44815,0.045015,0.013108,0.238643
389,T389_UAV_4,BS_4,LEO_1,181.720965,181.530291,0.041519,0.012584,0.182852
389,T389_UAV_5,BS_4,LEO_0,110.473907,110.273371,0.043669,0.008519,0.24174
389,T389_UAV_1,BS_1,LEO_1,222.359643,222.167959,0.041475,0.013639,0.182852
389,T389_UAV_3,BS_1,BS_3,181.685543,181.48497,0.055341,0.011008,0.171119
389,T389_UAV_8,BS_1,HAP_2,62.615655,62.561305,0.001808,0.005255,0.236436
389,T389_UAV_6,HAP_1,HAP_0,31.484617,31.426073,0.001657,0.008939,0.239737
389,T389_UAV_7,BS_4,LEO_0,65.923105,65.717794,0.04255,0.014412,0.24174
389,T389_UAV_0,BS_4,LEO_1,101.3539,101.17209,0.040774,0.004466,0.182852
389,T389_UAV_2,BS_2,HAP_2,111.010506,110.94405,0.003276,0.015893,0.236436
389,T389_UAV_9,HAP_1,LEO_1,205.512602,205.323038,0.041348,0.011645,0.182852
390,T390_UAV_0,BS_4,LEO_0,88.259454,88.197934,0.003421,0.016845,0.206271
390,T390_UAV_3,BS_1,LEO_1,132.483396,132.274003,0.041079,0.006468,0.309229
390,T390_UAV_8,BS_1,HAP_0,51.585977,51.405247,0.026451,0.01157,0.213544
390,T390_UAV_7,BS_4,HAP_2,29.966968,29.777963,0.025855,0.018438,0.22356
390,T390_UAV_4,BS_4,LEO_0,41.479238,41.426567,0.001464,0.009953,0.206271
390,T390_UAV_9,HAP_1,LEO_1,54.762444,54.54443,0.04045,0.015719,0.309229
390,T390_UAV_6,HAP_1,HAP_1,55.204674,54.960358,0.025549,0.046972,0.358974
390,T390_UAV_2,BS_2,HAP_0,178.111758,177.921209,0.030708,0.017131,0.213544
391,T391_UAV_7,BS_4,LEO_1,105.490842,105.303858,0.040995,0.006017,0.199863
391,T391_UAV_4,BS_4,LEO_0,61.097872,61.023638,0.003768,0.008756,0.308552
391,T391_UAV_0,BS_4,HAP_0,56.031252,55.989055,0.001698,0.003884,0.183081
391,T391_UAV_2,BS_2,HAP_2,61.607416,61.551922,0.001814,0.013496,0.200918
391,T391_UAV_3,BS_1,LEO_1,48.410059,48.225344,0.040393,0.00435,0.199863
391,T391_UAV_9,HAP_1,HAP_1,74.738501,74.527241,0.025706,0.018288,0.336325
391,T391_UAV_8,BS_1,HAP_0,99.584979,99.530355,0.002817,0.01519,0.183081
391,T391_UAV_6,HAP_1,HAP_2,115.568829,115.515015,0.003761,0.00987,0.200918
392,T392_UAV_1,BS_1,LEO_0,75.6906,75.507682,0.043298,0.002833,0.183934
392,T392_UAV_5,BS_4,LEO_1,142.527527,142.458998,0.001406,0.024223,0.214501
392,T392_UAV_0,BS_4,HAP_0,78.010355,77.840017,0.028184,0.003456,0.193491
392,T392_UAV_3,BS_1,HAP_2,44.740658,44.556264,0.026552,0.013219,0.223111
392,T392_UAV_2,BS_2,LEO_1,99.55055,99.50186,0.000688,0.005102,0.214501
392,T392_UAV_7,BS_4,LEO_0,67.738169,67.546036,0.042638,0.012709,0.183934
392,T392_UAV_6,HAP_1,HAP_1,54.06224,53.827514,0.025549,0.043457,0.328603
392,T392_UAV_9,HAP_1,LEO_1,182.464836,182.41544,0.001309,0.005187,0.214501
393,T393_UAV_8,BS_1,LEO_1,51.333531,51.262225,0.000501,0.015456,0.276748
393,T393_UAV_4,BS_4,BS_0,520.288974,520.024974,0.139931,0.004158,0.099554
393,T393_UAV_2,BS_2,LEO_0,24.916293,24.84695,0.002023,0.015988,0.256658
393,T393_UAV_3,BS_1,HAP_0,56.49637,56.432846,0.001997,0.009695,0.259163
393,T393_UAV_9,HAP_1,HAP_2,87.795085,87.611335,0.02907,0.014537,0.200715
393,T393_UAV_7,BS_4,BS_0,267.579526,267.372567,0.0768,0.010248,0.099554
393,T393_UAV_5,BS_4,BS_0,267.738927,267.522665,0.076837,0.019514,0.099554
394,T394_UAV_8,BS_1,LEO_1,82.802157,82.603239,0.04062,0.007945,0.251759
394,T394_UAV_3,BS_1,LEO_0,88.788975,88.721349,0.003873,0.006358,0.286978
394,T394_UAV_7,BS_4,HAP_2,140.534041,140.486435,0.003227,0.004159,0.201097
394,T394_UAV_1,BS_1,HAP_0,36.02266,35.842997,0.026164,0.009978,0.217608
394,T394_UAV_4,BS_4,LEO_1,49.611173,49.40607,0.040545,0.014206,0.251759
394,T394_UAV_9,HAP_1,LEO_0,56.600886,56.521563,0.002765,0.019163,0.286978
394,T394_UAV_2,BS_2,HAP_2,118.586095,118.52329,0.003482,0.019103,0.201097
395,T395_UAV_4,BS_4,HAP_2,241.114515,240.928267,0.029385,0.01743,0.197164
395,T395_UAV_8,BS_1,BS_3,147.675348,147.494679,0.046848,0.004549,0.146362
395,T395_UAV_3,BS_1,HAP_2,339.363254,339.176824,0.032188,0.014809,0.197164
395,T395_UAV_5,BS_4,HAP_2,389.966437,389.791783,0.031338,0.003882,0.197164
395,T395_UAV_0,BS_4,LEO_1,19.043866,18.988643,0.000264,0.012522,0.212183
395,T395_UAV_7,BS_4,HAP_0,33.008521,32.95783,0.001053,0.005337,0.221507
395,T395_UAV_1,BS_1,LEO_0,45.869877,45.769167,0.003577,0.019458,0.388379
395,T395_UAV_2,BS_2,HAP_2,355.145156,354.957499,0.033181,0.015042,0.197164
396,T396_UAV_5,BS_4,LEO_0,187.928428,187.754746,0.043849,0.003461,0.13186
396,T396_UAV_1,BS_1,LEO_1,114.505488,114.440653,0.000957,0.010152,0.268628
396,T396_UAV_0,BS_4,LEO_0,256.723505,256.538292,0.046006,0.012834,0.13186
396,T396_UAV_8,BS_1,HAP_0,45.639692,45.580305,0.001725,0.003612,0.270249
396,T396_UAV_9,HAP_1,HAP_2,47.676526,47.472878,0.027216,0.01014,0.331459
396,T396_UAV_6,HAP_1,LEO_0,95.007008,94.830838,0.042603,0.007195,0.13186
396,T396_UAV_2,BS_2,LEO_1,72.421013,72.354066,0.000574,0.012648,0.268628
396,T396_UAV_4,BS_4,LEO_0,165.023767,164.843706,0.043593,0.010096,0.13186
397,T397_UAV_8,BS_1,LEO_1,115.160934,114.971857,0.040756,0.009622,0.193492
397,T397_UAV_1,BS_1,LEO_0,54.448616,54.221443,0.044218,0.01158,0.356876
397,T397_UAV_0,BS_4,LEO_1,181.924563,181.738308,0.041556,0.006001,0.193492
397,T397_UAV_7,BS_4,HAP_0,43.104033,43.024776,0.00138,0.01125,0.333133
397,T397_UAV_6,HAP_1,HAP_2,46.655313,46.45786,0.02705,0.008967,0.30718
397,T397_UAV_4,BS_4,BS_3,67.856117,67.678743,0.026901,0.011005,0.197341
397,T397_UAV_2,BS_2,BS_0,83.163664,82.984512,0.030726,0.017089,0.156685
397,T397_UAV_3,BS_1,BS_1,98.385156,98.132121,0.034511,0.058979,0.297729
397,T397_UAV_9,HAP_1,LEO_1,120.259389,120.070818,0.040857,0.009015,0.193492
398,T398_UAV_7,BS_4,LEO_1,115.662146,115.604625,0.001076,0.006173,0.25136
398,T398_UAV_1,BS_1,LEO_0,123.177286,122.959567,0.045353,0.023913,0.242265
398,T398_UAV_4,BS_4,HAP_0,194.541228,194.381757,0.030526,0.008567,0.101886
398,T398_UAV_9,HAP_1,HAP_2,51.175939,50.992081,0.026723,0.019944,0.185956
398,T398_UAV_3,BS_1,HAP_0,54.361897,54.209366,0.026445,0.005709,0.101886
398,T398_UAV_5,BS_4,LEO_1,74.243392,74.182808,0.000884,0.009428,0.25136
398,T398_UAV_2,BS_2,LEO_0,81.680669,81.471025,0.043679,0.017511,0.242265
398,T398_UAV_6,HAP_1,HAP_2,159.589086,159.389555,0.030127,0.032213,0.185956
399,T399_UAV_4,BS_4,LEO_1,105.399072,105.326573,0.000976,0.014621,0.284507
399,T399_UAV_0,BS_4,LEO_0,112.440915,112.3743,0.00432,0.016924,0.226856
399,T399_UAV_8,BS_1,HAP_2,173.198987,173.129409,0.005075,0.01889,0.228068
399,T399_UAV_7,BS_4,HAP_0,27.238022,27.055878,0.025868,0.010067,0.231045
399,T399_UAV_1,BS_1,LEO_1,68.262138,68.196109,0.000495,0.008632,0.284507
399,T399_UAV_2,BS_2,LEO_0,57.178113,57.121348,0.002584,0.00881,0.226856
399,T399_UAV_5,BS_4,HAP_1,50.668284,50.431177,0.026448,0.029311,0.406737
399,T399_UAV_9,HAP_1,LEO_1,109.93729,109.871283,0.000784,0.008322,0.284507
399,T399_UAV_6,HAP_1,HAP_2,187.710804,187.63914,0.00603,0.020021,0.228068
400,T400_UAV_5,BS_4,LEO_1,114.013139,113.815063,0.041134,0.017005,0.199688
400,T400_UAV_3,BS_1,LEO_0,115.107192,115.044024,0.005008,0.005156,0.265024
400,T400_UAV_4,BS_4,HAP_0,96.409432,96.34796,0.003662,0.014413,0.216988
400,T400_UAV_2,BS_2,LEO_1,55.641895,55.450121,0.040383,0.011453,0.199688
400,T400_UAV_7,BS_4,HAP_2,52.495379,52.409883,0.001563,0.023726,0.301032
400,T400_UAV_1,BS_1,LEO_0,58.345102,58.270539,0.002537,0.019022,0.265024
400,T400_UAV_8,BS_1,BS_3,60.664965,60.473772,0.025101,0.02641,0.198415
400,T400_UAV_9,HAP_1,BS_0,136.675072,136.484043,0.044094,0.01272,0.171074
400,T400_UAV_6,HAP_1,LEO_1,140.27217,140.069091,0.041081,0.02206,0.199688
401,T401_UAV_0,BS_4,LEO_1,129.501421,129.445849,0.001114,0.011901,0.212784
401,T401_UAV_5,BS_4,LEO_0,90.359257,90.278672,0.002961,0.011437,0.330939
401,T401_UAV_3,BS_1,HAP_2,151.578668,151.494943,0.003997,0.009904,0.349118
401,T401_UAV_7,BS_4,HAP_0,194.940667,194.754309,0.029858,0.013299,0.216007
401,T401_UAV_1,BS_1,HAP_1,97.971967,97.724477,0.027528,0.041373,0.392944
401,T401_UAV_4,BS_4,LEO_1,55.857223,55.801019,0.000516,0.01313,0.212784
401,T401_UAV_6,HAP_1,LEO_0,48.501591,48.415123,0.002229,0.018051,0.330939
401,T401_UAV_2,BS_2,LEO_1,111.093613,111.035993,0.000769,0.014293,0.212784
401,T401_UAV_8,BS_1,HAP_2,142.50903,142.429298,0.004187,0.005722,0.349118
401,T401_UAV_9,HAP_1,HAP_0,177.594509,177.404628,0.031626,0.015053,0.216007
402,T402_UAV_3,BS_1,LEO_1,60.874534,60.797401,0.000662,0.016709,0.298803
402,T402_UAV_2,BS_2,LEO_0,21.33906,21.156905,0.041707,0.011075,0.146867
402,T402_UAV_8,BS_1,HAP_2,46.210595,46.050766,0.026818,0.010475,0.112677
402,T402_UAV_9,HAP_1,HAP_0,94.398279,94.225314,0.029997,0.006542,0.182129
403,T403_UAV_5,BS_4,LEO_1,99.746591,99.540278,0.041195,0.013723,0.256979
403,T403_UAV_3,BS_1,LEO_0,118.631135,118.566391,0.005155,0.008606,0.254915
403,T403_UAV_8,BS_1,HAP_0,90.974567,90.791741,0.028453,0.008657,0.228579
403,T403_UAV_0,BS_4,HAP_2,72.259436,72.072897,0.027268,0.012699,0.232858
403,T403_UAV_2,BS_2,HAP_1,80.253219,79.980718,0.026325,0.056338,0.449189
403,T403_UAV_9,HAP_1,LEO_1,108.718413,108.517149,0.040885,0.008983,0.256979
403,T403_UAV_6,HAP_1,LEO_0,116.293198,116.227901,0.005335,0.008978,0.254915
403,T403_UAV_1,BS_1,BS_3,176.963478,176.860213,0.044193,0.013538,0.227667
404,T404_UAV_7,BS_4,LEO_1,38.917128,38.872099,0.000483,0.00437,0.200873
404,T404_UAV_3,BS_1,LEO_0,64.094962,64.029111,0.004975,0.007223,0.268265
404,T404_UAV_4,BS_4,HAP_0,397.783754,397.722356,0.008976,0.015409,0.185063
404,T404_UAV_6,HAP_1,HAP_2,41.164527,41.099349,0.001793,0.015011,0.241875
404,T404_UAV_0,BS_4,HAP_1,55.61745,55.348993,0.026163,0.051997,0.451489
404,T404_UAV_9,HAP_1,HAP_0,216.756021,216.700406,0.006105,0.012498,0.185063
404,T404_UAV_8,BS_1,HAP_0,263.967234,263.913363,0.005948,0.010911,0.185063
404,T404_UAV_2,BS_2,HAP_0,297.258545,297.208086,0.007257,0.006189,0.185063
405,T405_UAV_1,BS_1,LEO_1,116.409707,116.344699,0.000845,0.003884,0.301391
405,T405_UAV_5,BS_4,HAP_2,136.887219,136.82305,0.002587,0.008768,0.264068
405,T405_UAV_4,BS_4,HAP_2,168.306619,168.24205,0.00377,0.007985,0.264068
405,T405_UAV_7,BS_4,LEO_0,39.678148,39.595267,0.001592,0.011618,0.348358
405,T405_UAV_0,BS_4,HAP_0,44.083035,43.860179,0.026754,0.014592,0.407554
405,T405_UAV_8,BS_1,LEO_1,91.925351,91.849846,0.0006,0.014627,0.301391
405,T405_UAV_6,HAP_1,HAP_1,56.33995,56.110674,0.025644,0.034224,0.347042
405,T405_UAV_9,HAP_1,LEO_0,87.726292,87.6428,0.004356,0.009464,0.348358
405,T405_UAV_2,BS_2,LEO_1,183.97875,183.902176,0.001276,0.015021,0.301391
406,T406_UAV_7,BS_4,LEO_1,84.157014,83.962578,0.040765,0.011816,0.209271
406,T406_UAV_8,BS_1,LEO_0,93.88011,93.707048,0.044443,0.002127,0.132461
406,T406_UAV_5,BS_4,HAP_0,72.278707,72.069021,0.027402,0.034159,0.240624
406,T406_UAV_0,BS_4,LEO_0,125.082015,124.904244,0.04476,0.006519,0.132461
406,T406_UAV_1,BS_1,HAP_2,47.925301,47.84009,0.001627,0.00565,0.389669
406,T406_UAV_2,BS_2,LEO_1,62.797999,62.612259,0.040496,0.003389,0.209271
406,T406_UAV_9,HAP_1,HAP_1,64.091036,63.828324,0.025655,0.05445,0.413034
406,T406_UAV_4,BS_4,BS_0,117.54937,117.368849,0.03932,0.008564,0.163187
407,T407_UAV_0,BS_4,LEO_1,127.783695,127.736652,0.001104,0.003191,0.213744
407,T407_UAV_5,BS_4,LEO_0,90.867609,90.806861,0.002956,0.010251,0.237707
407,T407_UAV_8,BS_1,HAP_2,149.900557,149.735658,0.029436,0.008623,0.134196
407,T407_UAV_4,BS_4,HAP_0,97.759483,97.56857,0.028735,0.010788,0.256956
407,T407_UAV_7,BS_4,LEO_1,72.080925,72.032241,0.000564,0.005371,0.213744
407,T407_UAV_3,BS_1,LEO_0,69.452105,69.394806,0.003012,0.006746,0.237707
407,T407_UAV_1,BS_1,HAP_2,82.932012,82.765897,0.02715,0.012126,0.134196
407,T407_UAV_6,HAP_1,LEO_1,107.87711,107.82342,0.00084,0.010102,0.213744
407,T407_UAV_2,BS_2,BS_3,124.36659,124.185699,0.041021,0.003532,0.181691
408,T408_UAV_4,BS_4,LEO_1,99.587274,99.5204,0.001087,0.004274,0.307566
408,T408_UAV_5,BS_4,LEO_0,128.733904,128.670665,0.004183,0.006891,0.260826
408,T408_UAV_1,BS_1,HAP_0,286.75764,286.685788,0.00637,0.028185,0.186482
408,T408_UAV_2,BS_2,HAP_2,26.98701,26.918683,0.001044,0.019832,0.237256
408,T408_UAV_9,HAP_1,LEO_1,42.872198,42.806538,0.000348,0.003798,0.307566
408,T408_UAV_7,BS_4,LEO_0,49.228895,49.161821,0.001988,0.01292,0.260826
408,T408_UAV_3,BS_1,HAP_0,222.300542,222.240061,0.005111,0.018073,0.186482
408,T408_UAV_6,HAP_1,HAP_0,243.907015,243.843989,0.007502,0.018227,0.186482
409,T409_UAV_0,BS_4,LEO_1,44.508913,44.415923,0.000628,0.01927,0.365461
409,T409_UAV_4,BS_4,HAP_2,98.754571,98.688783,0.002223,0.00705,0.282575
409,T409_UAV_3,BS_1,BS_3,584.873212,584.558959,0.156057,0.018859,0.196687
409,T409_UAV_7,BS_4,LEO_0,17.633714,17.558567,0.001263,0.003365,0.352603
409,T409_UAV_6,HAP_1,HAP_0,46.953824,46.707596,0.027398,0.036302,0.412639
409,T409_UAV_5,BS_4,HAP_2,52.47812,52.409329,0.000982,0.011294,0.282575
409,T409_UAV_8,BS_2,BS_3,223.034969,222.824717,0.065668,0.005246,0.196687
409,T409_UAV_1,BS_1,BS_3,437.353163,437.069986,0.119203,0.024637,0.196687
410,T410_UAV_5,BS_4,LEO_1,105.050553,104.842309,0.041275,0.017283,0.248433
410,T410_UAV_0,BS_4,LEO_0,194.064302,193.877597,0.045452,0.002667,0.192937
410,T410_UAV_4,BS_4,HAP_2,70.666496,70.491757,0.026587,0.009383,0.193839
410,T410_UAV_3,BS_1,HAP_0,40.527053,40.321735,0.026383,0.020928,0.290031
410,T410_UAV_7,BS_4,LEO_1,61.613958,61.417391,0.040553,0.006327,0.248433
410,T410_UAV_6,HAP_1,LEO_0,94.080811,93.890592,0.043111,0.00852,0.192937
410,T410_UAV_9,HAP_1,HAP_2,108.381298,108.204492,0.02873,0.009309,0.193839
410,T410_UAV_8,BS_2,LEO_0,194.617035,194.424147,0.046746,0.007555,0.192937
411,T411_UAV_4,BS_4,LEO_1,78.268356,78.216064,0.000853,0.003983,0.237277
411,T411_UAV_1,BS_1,LEO_0,84.006122,83.804929,0.043618,0.007165,0.252051
411,T411_UAV_5,BS_4,HAP_2,202.773042,202.723939,0.003415,0.006894,0.193972
411,T411_UAV_8,BS_2,HAP_2,205.561636,205.50947,0.005281,0.008091,0.193972
411,T411_UAV_3,BS_1,HAP_0,27.569284,27.360133,0.025935,0.034458,0.243789
411,T411_UAV_2,BS_2,LEO_1,47.943086,47.883383,0.000381,0.011867,0.237277
411,T411_UAV_6,HAP_1,LEO_0,52.373428,52.171877,0.042359,0.008782,0.252051
411,T411_UAV_9,HAP_1,HAP_1,93.154648,92.912844,0.025988,0.031862,0.419771
411,T411_UAV_0,BS_4,HAP_2,130.460216,130.406497,0.002771,0.012154,0.193972
412,T412_UAV_0,BS_4,LEO_0,78.12895,78.069473,0.002958,0.006743,0.248883
412,T412_UAV_4,BS_4,HAP_0,170.194654,170.13255,0.004903,0.010879,0.231612
412,T412_UAV_3,BS_1,HAP_2,90.991146,90.794355,0.028102,0.015729,0.2648
412,T412_UAV_5,BS_4,LEO_0,121.874621,121.812589,0.00394,0.008315,0.248883
412,T412_UAV_9,HAP_1,LEO_1,29.693083,29.616269,0.000317,0.013647,0.31425
412,T412_UAV_1,BS_1,BS_0,114.147753,113.970354,0.038471,0.003217,0.178557
412,T412_UAV_7,BS_4,HAP_0,77.44473,77.389063,0.001966,0.007379,0.231612
412,T412_UAV_8,BS_2,HAP_1,82.419621,82.179859,0.026928,0.029987,0.414237
412,T412_UAV_6,HAP_1,BS_0,225.800092,225.582538,0.06636,0.015482,0.178557
413,T413_UAV_5,BS_4,LEO_0,237.073423,236.878793,0.044167,0.013746,0.183589
413,T413_UAV_0,BS_4,HAP_2,82.077567,81.876072,0.027522,0.015909,0.290318
413,T413_UAV_8,BS_2,LEO_0,246.175671,245.979364,0.045951,0.013638,0.183589
413,T413_UAV_4,BS_4,BS_3,187.169508,186.943372,0.056702,0.037902,0.157656
413,T413_UAV_2,BS_2,LEO_0,185.52403,185.339221,0.044262,0.003828,0.183589
413,T413_UAV_1,BS_1,LEO_0,190.057626,189.873056,0.044223,0.00363,0.183589
413,T413_UAV_6,HAP_1,LEO_0,205.793422,205.591423,0.044747,0.020534,0.183589
413,T413_UAV_9,HAP_1,BS_3,387.847629,387.597457,0.106841,0.011799,0.157656
414,T414_UAV_4,BS_4,LEO_1,77.692597,77.511494,0.040843,0.003047,0.186066
414,T414_UAV_5,BS_4,LEO_0,107.439973,107.224727,0.043454,0.014514,0.286388
414,T414_UAV_7,BS_4,HAP_2,92.320041,92.271797,0.002887,0.004588,0.203847
414,T414_UAV_0,BS_4,HAP_0,46.63669,46.441116,0.026829,0.02542,0.216621
414,T414_UAV_6,HAP_1,HAP_1,85.514883,85.270867,0.026047,0.03254,0.427144
414,T414_UAV_2,BS_2,LEO_1,117.012988,116.825411,0.04093,0.009434,0.186066
414,T414_UAV_1,BS_1,LEO_0,117.904749,117.693104,0.045075,0.009292,0.286388
415,T415_UAV_2,BS_2,LEO_0,82.502888,82.305463,0.043695,0.016317,0.187063
415,T415_UAV_7,BS_4,LEO_1,89.750982,89.551024,0.040794,0.009565,0.247996
415,T415_UAV_0,BS_4,HAP_0,137.682256,137.636034,0.00404,0.004961,0.186103
415,T415_UAV_8,BS_2,HAP_2,59.129017,59.038039,0.00177,0.023379,0.329141
415,T415_UAV_1,BS_1,LEO_1,46.875104,46.675965,0.040391,0.009149,0.247996
415,T415_UAV_5,BS_4,LEO_0,60.13221,59.930428,0.041926,0.022443,0.187063
415,T415_UAV_4,BS_4,HAP_1,48.836115,48.594118,0.026149,0.020285,0.477818
415,T415_UAV_9,HAP_1,HAP_0,127.876852,127.827457,0.004844,0.007331,0.186103
415,T415_UAV_6,HAP_1,HAP_2,161.976553,161.89532,0.005068,0.010337,0.329141
416,T416_UAV_7,BS_4,LEO_1,129.813775,129.753526,0.001149,0.017049,0.210251
416,T416_UAV_4,BS_4,BS_3,146.53204,146.330748,0.046554,0.020134,0.173018
416,T416_UAV_5,BS_4,LEO_0,36.533669,36.485837,0.001174,0.005317,0.206701
416,T416_UAV_8,BS_2,HAP_2,43.116289,43.030897,0.001744,0.016469,0.335896
416,T416_UAV_2,BS_2,HAP_0,43.127615,42.933472,0.026801,0.010914,0.282141
416,T416_UAV_6,HAP_1,LEO_1,74.924481,74.872574,0.000686,0.009172,0.210251
416,T416_UAV_9,HAP_1,BS_2,97.31816,97.106237,0.034254,0.041695,0.179866
416,T416_UAV_1,BS_1,LEO_0,108.399999,108.333428,0.004673,0.020558,0.206701
417,T417_UAV_5,BS_4,LEO_0,113.022253,112.829864,0.043621,0.011832,0.184674
417,T417_UAV_3,BS_1,LEO_1,182.553004,182.480518,0.00132,0.016444,0.273604
417,T417_UAV_0,BS_4,HAP_0,185.507035,185.458611,0.005429,0.00399,0.195024
417,T417_UAV_8,BS_2,HAP_2,99.36293,99.192131,0.029024,0.006049,0.17863
417,T417_UAV_9,HAP_1,LEO_0,34.880364,34.690357,0.041746,0.011326,0.184674
417,T417_UAV_6,HAP_1,LEO_1,67.518658,67.454297,0.000532,0.009109,0.273604
417,T417_UAV_7,BS_4,HAP_1,38.492752,38.238302,0.025918,0.042844,0.428433
417,T417_UAV_1,BS_1,HAP_0,103.211889,103.157029,0.002629,0.013226,0.195024
417,T417_UAV_2,BS_2,LEO_1,195.410027,195.34558,0.00136,0.008366,0.273604
418,T418_UAV_5,BS_4,LEO_0,154.178769,154.132331,0.003723,0.003347,0.196846
418,T418_UAV_0,BS_4,HAP_2,174.121326,174.064905,0.004142,0.007773,0.222528
418,T418_UAV_1,BS_1,LEO_1,38.060906,37.974814,0.000425,0.011151,0.372576
418,T418_UAV_9,HAP_1,LEO_0,64.691437,64.640507,0.002374,0.009188,0.196846
418,T418_UAV_7,BS_4,HAP_2,70.68746,70.626369,0.001735,0.01485,0.222528
418,T418_UAV_6,HAP_1,LEO_0,128.354808,128.29247,0.004212,0.018757,0.196846
419,T419_UAV_0,BS_4,LEO_1,131.451207,131.277313,0.041142,0.011825,0.104636
419,T419_UAV_1,BS_1,HAP_2,71.002568,70.833995,0.027383,0.003172,0.190092
419,T419_UAV_4,BS_4,LEO_1,193.104789,192.934055,0.041769,0.008038,0.104636
419,T419_UAV_2,BS_2,LEO_0,37.76459,37.569014,0.04168,0.004867,0.245145
419,T419_UAV_7,BS_4,HAP_0,39.906216,39.706609,0.026326,0.020726,0.262774
419,T419_UAV_6,HAP_1,LEO_0,57.526215,57.314383,0.042561,0.020242,0.245145
419,T419_UAV_3,BS_1,BS_0,108.088137,107.916178,0.036958,0.009205,0.128983
419,T419_UAV_8,BS_2,LEO_1,110.279762,110.105894,0.040712,0.012229,0.104636
420,T420_UAV_4,BS_4,LEO_1,98.714756,98.513923,0.041069,0.014532,0.226154
420,T420_UAV_3,BS_1,LEO_0,104.482203,104.288321,0.044494,0.01011,0.196393
420,T420_UAV_8,BS_2,HAP_0,176.226845,176.175992,0.005088,0.00769,0.190372
420,T420_UAV_9,HAP_1,HAP_2,44.952346,44.773195,0.02719,0.01264,0.196605
420,T420_UAV_7,BS_4,LEO_1,86.543026,86.34275,0.040754,0.014291,0.226154
420,T420_UAV_1,BS_1,LEO_0,89.084273,88.887349,0.043818,0.013827,0.196393
420,T420_UAV_2,BS_2,HAP_0,148.90376,148.854303,0.004579,0.006804,0.190372
421,T421_UAV_5,BS_4,LEO_1,64.966035,64.771716,0.041154,0.011323,0.209208
421,T421_UAV_1,BS_1,BS_3,326.224051,326.078096,0.081479,0.024571,0.199523
421,T421_UAV_3,BS_1,LEO_0,19.841602,19.790957,0.001525,0.004554,0.222826
421,T421_UAV_7,BS_4,BS_0,101.658961,101.469771,0.035345,0.016008,0.189189
421,T421_UAV_2,BS_2,HAP_2,51.778063,51.727314,0.001976,0.002917,0.229283
421,T421_UAV_6,HAP_1,HAP_0,66.02051,65.823341,0.028335,0.024545,0.221443
421,T421_UAV_0,BS_4,BS_3,159.907104,159.808272,0.039932,0.018996,0.199523
421,T421_UAV_9,HAP_1,BS_0,199.139603,198.938001,0.0597,0.004065,0.189189
422,T422_UAV_7,BS_4,LEO_1,140.638856,140.583407,0.001057,0.011403,0.214944
422,T422_UAV_4,BS_4,LEO_0,122.853677,122.645916,0.044433,0.014026,0.246512
422,T422_UAV_0,BS_4,HAP_0,66.639892,66.580618,0.001936,0.011488,0.229247
422,T422_UAV_3,BS_1,LEO_1,70.823598,70.76674,0.000514,0.013355,0.214944
422,T422_UAV_1,BS_1,LEO_0,61.182774,60.984897,0.042614,0.005961,0.246512
422,T422_UAV_6,HAP_1,LEO_1,143.44905,143.392112,0.001138,0.012811,0.214944
422,T422_UAV_9,HAP_1,HAP_0,177.312127,177.244322,0.006765,0.015191,0.229247
423,T423_UAV_3,BS_1,LEO_1,122.547233,122.355525,0.041023,0.01363,0.185273
423,T423_UAV_4,BS_4,LEO_0,47.766861,47.579071,0.041717,0.004576,0.207484
423,T423_UAV_8,BS_2,HAP_0,36.486552,36.30532,0.026403,0.015823,0.195032
423,T423_UAV_5,BS_4,HAP_2,80.723688,80.548528,0.026495,0.008277,0.201945
423,T423_UAV_2,BS_2,LEO_1,61.044594,60.861022,0.040486,0.006032,0.185273
423,T423_UAV_1,BS_1,LEO_0,69.205996,69.0057,0.042957,0.015843,0.207484
423,T423_UAV_6,HAP_1,HAP_1,60.787335,60.546658,0.025789,0.04116,0.368641
423,T423_UAV_9,HAP_1,HAP_2,164.877327,164.692985,0.030797,0.013156,0.201945
424,T424_UAV_5,BS_4,LEO_1,125.606595,125.552221,0.001544,0.015604,0.186132
424,T424_UAV_8,BS_2,LEO_0,127.7415,127.685864,0.006189,0.012001,0.187228
424,T424_UAV_0,BS_4,HAP_2,96.209145,96.036394,0.027887,0.003879,0.204925
424,T424_UAV_4,BS_4,LEO_1,42.628215,42.576131,0.000462,0.014395,0.186132
424,T424_UAV_1,BS_1,HAP_0,62.831471,62.640443,0.027086,0.012795,0.255731
424,T424_UAV_2,BS_2,HAP_1,65.393479,65.15803,0.026158,0.027563,0.408639
424,T424_UAV_6,HAP_1,LEO_0,88.228657,88.176952,0.003922,0.010337,0.187228
425,T425_UAV_7,BS_4,LEO_0,90.068123,89.990938,0.00376,0.014812,0.293069
425,T425_UAV_2,BS_2,LEO_1,106.375532,106.304648,0.00085,0.008694,0.3067
425,T425_UAV_5,BS_4,HAP_2,160.781203,160.724001,0.003001,0.0126,0.208005
425,T425_UAV_4,BS_4,HAP_0,93.118596,93.052323,0.003641,0.016025,0.233038
425,T425_UAV_8,BS_2,LEO_1,44.991528,44.918661,0.00033,0.011197,0.3067
425,T425_UAV_0,BS_4,LEO_0,46.134824,46.061736,0.00172,0.012754,0.293069
425,T425_UAV_6,HAP_1,HAP_1,63.427161,63.174759,0.025833,0.037467,0.445509
425,T425_UAV_9,HAP_1,HAP_2,139.992199,139.934015,0.004945,0.011638,0.208005
426,T426_UAV_4,BS_4,LEO_1,93.956679,93.885732,0.001019,0.002841,0.335435
426,T426_UAV_5,BS_4,LEO_0,47.350438,47.274529,0.002643,0.003604,0.348306
426,T426_UAV_1,BS_1,HAP_2,249.932204,249.75964,0.030159,0.005453,0.18476
426,T426_UAV_8,BS_2,HAP_2,319.337381,319.163838,0.032582,0.004009,0.18476
426,T426_UAV_9,HAP_1,HAP_0,37.389265,37.314898,0.002041,0.013714,0.293062
426,T426_UAV_3,BS_1,HAP_1,61.001071,60.741854,0.0265,0.044658,0.440289
426,T426_UAV_6,HAP_1,LEO_1,112.092279,112.016918,0.001041,0.007233,0.335435
426,T426_UAV_2,BS_2,HAP_2,253.246015,253.062992,0.030687,0.015383,0.18476
426,T426_UAV_7,BS_4,HAP_2,255.402421,255.228682,0.030169,0.006619,0.18476
427,T427_UAV_4,BS_4,LEO_1,129.862224,129.686826,0.041406,0.010643,0.116749
427,T427_UAV_3,BS_1,LEO_0,39.394981,39.207372,0.043004,0.011657,0.164739
427,T427_UAV_2,BS_2,HAP_0,74.96587,74.887619,0.003089,0.003027,0.360678
427,T427_UAV_5,BS_4,HAP_2,85.18602,84.982858,0.026944,0.006125,0.350467
427,T427_UAV_6,HAP_1,LEO_1,85.695977,85.518267,0.040795,0.013566,0.116749
427,T427_UAV_9,HAP_1,HAP_1,99.100383,98.86799,0.026174,0.033398,0.36411
428,T428_UAV_5,BS_4,LEO_1,121.059191,121.004261,0.001483,0.010809,0.213193
428,T428_UAV_1,BS_1,LEO_0,123.158214,123.107371,0.005274,0.002362,0.216036
428,T428_UAV_0,BS_4,HAP_0,31.540599,31.379136,0.026207,0.011051,0.121017
428,T428_UAV_2,BS_2,HAP_2,32.910584,32.721458,0.026235,0.005615,0.286377
428,T428_UAV_4,BS_4,LEO_1,48.079844,48.026871,0.000521,0.009814,0.213193
428,T428_UAV_6,HAP_1,BS_0,69.418028,69.257327,0.027298,0.006016,0.136933
428,T428_UAV_9,HAP_1,HAP_1,63.5304,63.319826,0.025756,0.016206,0.343059
428,T428_UAV_3,BS_1,LEO_0,108.143904,108.091612,0.00465,0.004436,0.216036
429,T429_UAV_7,BS_4,LEO_1,61.537557,61.46768,0.000697,0.013771,0.27704
429,T429_UAV_4,BS_4,LEO_0,62.385051,62.309909,0.003976,0.011829,0.296687
429,T429_UAV_5,BS_4,HAP_0,30.76882,30.71817,0.001033,0.007362,0.211277
429,T429_UAV_0,BS_4,HAP_2,56.170874,55.977935,0.026663,0.015532,0.253718
429,T429_UAV_9,HAP_1,BS_3,146.036707,145.948495,0.036469,0.013882,0.189306
430,T430_UAV_7,BS_4,LEO_1,63.073456,62.871309,0.040709,0.015565,0.229366
430,T430_UAV_5,BS_4,LEO_0,65.051924,64.972709,0.003646,0.008657,0.334563
430,T430_UAV_2,BS_2,HAP_2,299.002761,298.93738,0.007347,0.020827,0.186034
430,T430_UAV_8,BS_2,HAP_0,31.186078,31.124873,0.001214,0.003247,0.283721
430,T430_UAV_3,BS_1,HAP_2,103.063272,103.005179,0.002324,0.018563,0.186034
430,T430_UAV_6,HAP_1,HAP_1,60.549382,60.267812,0.025819,0.061721,0.470147
430,T430_UAV_0,BS_4,HAP_2,106.807075,106.758374,0.002199,0.009296,0.186034
431,T431_UAV_5,BS_4,LEO_1,47.327585,47.273851,0.000835,0.006889,0.230053
431,T431_UAV_7,BS_4,LEO_0,245.997696,245.808912,0.04537,0.01166,0.158774
431,T431_UAV_1,BS_1,LEO_0,262.497399,262.31008,0.045787,0.009777,0.158774
431,T431_UAV_9,HAP_1,HAP_0,62.39972,62.323486,0.003431,0.005427,0.336887
431,T431_UAV_6,HAP_1,HAP_2,66.564197,66.371821,0.027737,0.005391,0.296239
431,T431_UAV_4,BS_4,LEO_0,140.613198,140.43421,0.042721,0.004512,0.158774
431,T431_UAV_8,BS_2,LEO_0,183.257937,183.073934,0.044507,0.007742,0.158774
431,T431_UAV_3,BS_1,LEO_0,261.141444,260.958203,0.045779,0.005707,0.158774
432,T432_UAV_5,BS_4,LEO_1,34.504453,34.43556,0.000607,0.004214,0.320355
432,T432_UAV_1,BS_1,HAP_0,201.65887,201.483748,0.029542,0.013079,0.1625
432,T432_UAV_2,BS_2,HAP_2,282.138614,281.951324,0.031915,0.01403,0.206727
432,T432_UAV_7,BS_4,LEO_0,33.826089,33.584823,0.042522,0.018661,0.400412
432,T432_UAV_9,HAP_1,BS_3,50.38865,50.224201,0.02254,0.004649,0.1863
432,T432_UAV_0,BS_4,HAP_0,82.239849,82.076488,0.027036,0.003825,0.1625
432,T432_UAV_8,BS_2,HAP_2,154.905129,154.713035,0.029079,0.02167,0.206727
432,T432_UAV_3,BS_1,HAP_0,107.404738,107.236915,0.027391,0.007932,0.1625
432,T432_UAV_6,HAP_1,HAP_2,272.170015,271.972434,0.032117,0.024119,0.206727
433,T433_UAV_8,BS_2,LEO_0,98.724301,98.505231,0.044817,0.014565,0.298441
433,T433_UAV_5,BS_4,LEO_1,61.582863,61.50257,0.001083,0.007412,0.35899
433,T433_UAV_1,BS_4,HAP_2,154.362067,154.173979,0.028947,0.014541,0.222996
433,T433_UAV_0,BS_4,LEO_0,113.074335,112.844369,0.044169,0.026109,0.298441
433,T433_UAV_3,BS_1,BS_1,74.607671,74.420006,0.028586,0.014619,0.222298
433,T433_UAV_6,HAP_1,HAP_0,77.416526,77.201213,0.028859,0.01307,0.366919
433,T433_UAV_9,HAP_1,HAP_1,80.698623,80.452171,0.025992,0.048505,0.359776
433,T433_UAV_2,BS_2,BS_3,105.200379,104.991511,0.036225,0.017364,0.276394
433,T433_UAV_4,BS_4,HAP_2,112.369982,112.172148,0.027605,0.025629,0.222996
434,T434_UAV_5,BS_4,LEO_1,127.723049,127.544938,0.041291,0.007901,0.144598
434,T434_UAV_1,BS_4,LEO_0,85.741284,85.688674,0.003659,0.012531,0.182101
434,T434_UAV_2,BS_2,HAP_2,190.706921,190.511997,0.030379,0.021702,0.214214
434,T434_UAV_7,BS_4,LEO_1,198.367044,198.189923,0.041441,0.00676,0.144598
434,T434_UAV_6,HAP_1,HAP_0,62.529865,62.338669,0.028112,0.007954,0.275652
434,T434_UAV_4,BS_4,LEO_0,64.140724,64.087845,0.002341,0.014117,0.182101
434,T434_UAV_8,BS_2,HAP_1,71.252985,71.000711,0.026711,0.049379,0.380917
434,T434_UAV_0,BS_4,BS_0,99.143436,98.971672,0.034723,0.004417,0.163123
434,T434_UAV_3,BS_1,LEO_1,194.880308,194.695275,0.041426,0.014688,0.144598
434,T434_UAV_9,HAP_1,HAP_2,197.945392,197.749824,0.032084,0.020642,0.214214
435,T435_UAV_7,BS_4,LEO_1,83.849576,83.642173,0.040698,0.011946,0.273797
435,T435_UAV_2,BS_2,LEO_0,47.205156,47.128473,0.00377,0.014577,0.291678
435,T435_UAV_4,BS_4,HAP_0,280.746133,280.684878,0.007135,0.015843,0.191387
435,T435_UAV_1,BS_4,HAP_2,49.334321,49.273561,0.001642,0.01264,0.232389
435,T435_UAV_8,BS_2,HAP_1,69.36831,69.112936,0.026668,0.060382,0.341624
435,T435_UAV_3,BS_1,LEO_1,100.028296,99.817617,0.040843,0.015076,0.273797
435,T435_UAV_9,HAP_1,HAP_0,197.471257,197.410963,0.006394,0.015623,0.191387
435,T435_UAV_6,HAP_1,HAP_0,242.666639,242.595475,0.007298,0.025589,0.191387
436,T436_UAV_5,BS_4,LEO_1,217.899586,217.853087,0.00196,0.007496,0.185215
436,T436_UAV_0,BS_4,LEO_1,238.905961,238.858641,0.001895,0.008381,0.185215
436,T436_UAV_4,BS_4,LEO_1,243.973387,243.924067,0.00199,0.010287,0.185215
436,T436_UAV_7,BS_4,LEO_0,23.918781,23.833649,0.001814,0.012406,0.354556
436,T436_UAV_6,HAP_1,HAP_2,33.184469,33.121525,0.001354,0.003875,0.288575
436,T436_UAV_1,BS_4,HAP_1,39.425044,39.206898,0.025947,0.037013,0.275933
436,T436_UAV_3,BS_1,HAP_0,60.971358,60.765228,0.026994,0.01404,0.325476
436,T436_UAV_9,HAP_1,BS_3,63.699076,63.51276,0.02586,0.021997,0.19229
436,T436_UAV_8,BS_2,LEO_1,87.759484,87.714317,0.00052,0.007605,0.185215
437,T437_UAV_4,BS_4,LEO_0,90.398765,90.21827,0.043298,0.008962,0.141178
437,T437_UAV_0,BS_4,LEO_1,64.772454,64.691114,0.000941,0.014872,0.327629
437,T437_UAV_7,BS_1,HAP_2,136.587686,136.41412,0.028525,0.006394,0.193232
437,T437_UAV_5,BS_4,LEO_0,49.801788,49.621063,0.041617,0.010872,0.141178
437,T437_UAV_1,BS_4,HAP_0,105.784203,105.580797,0.027727,0.030892,0.223935
437,T437_UAV_3,BS_1,HAP_2,118.277734,118.104889,0.028024,0.006173,0.193232
437,T437_UAV_8,BS_2,BS_0,126.191478,126.104147,0.03151,0.01009,0.228654
437,T437_UAV_6,HAP_1,HAP_0,164.673191,164.471241,0.030839,0.026324,0.223935
438,T438_UAV_2,BS_2,LEO_1,62.144188,61.954018,0.040645,0.005937,0.217937
438,T438_UAV_0,BS_4,LEO_0,16.893263,16.843267,0.001088,0.010313,0.192974
438,T438_UAV_6,HAP_1,HAP_0,28.183602,28.127585,0.0014,0.018168,0.182242
438,T438_UAV_1,BS_4,HAP_2,57.230836,57.04291,0.026894,0.015728,0.226518
438,T438_UAV_8,BS_2,HAP_1,71.412192,71.139662,0.026724,0.058889,0.434591
439,T439_UAV_0,BS_4,LEO_1,180.767629,180.720767,0.001439,0.008699,0.18362
439,T439_UAV_3,BS_1,LEO_0,46.385146,46.303215,0.003539,0.016565,0.309135
439,T439_UAV_1,BS_4,HAP_2,86.243194,86.177973,0.002865,0.012995,0.246808
439,T439_UAV_9,HAP_1,HAP_0,26.988215,26.808704,0.026485,0.00831,0.223582
439,T439_UAV_8,BS_2,LEO_1,97.62065,97.572856,0.000579,0.010491,0.18362
439,T439_UAV_5,BS_4,LEO_1,107.628886,107.576628,0.000965,0.014568,0.18362
439,T439_UAV_7,BS_1,BS_3,86.715496,86.537811,0.031614,0.009418,0.183268
439,T439_UAV_6,HAP_1,LEO_1,177.038244,176.987516,0.0013,0.012704,0.18362
440,T440_UAV_4,BS_4,LEO_0,135.885663,135.698058,0.043694,0.005837,0.190366
440,T440_UAV_1,BS_4,LEO_1,47.140177,46.930949,0.040531,0.012684,0.280065
440,T440_UAV_0,BS_4,HAP_0,145.102775,145.041542,0.004115,0.019368,0.188752
440,T440_UAV_5,BS_4,LEO_0,120.294801,120.108117,0.042948,0.005664,0.190366
440,T440_UAV_7,BS_1,HAP_2,87.415137,87.224319,0.02797,0.010879,0.259843
440,T440_UAV_6,HAP_1,HAP_0,129.151482,129.105587,0.004574,0.00357,0.188752
440,T440_UAV_2,BS_2,LEO_0,152.543131,152.346141,0.044959,0.013958,0.190366
441,T441_UAV_1,BS_4,LEO_1,79.234737,79.040518,0.040672,0.009333,0.221065
441,T441_UAV_7,BS_1,LEO_0,17.462227,17.250067,0.041315,0.019242,0.258013
441,T441_UAV_4,BS_4,HAP_2,72.387432,72.335879,0.001699,0.010054,0.199004
441,T441_UAV_0,BS_4,HAP_0,36.609876,36.435719,0.026371,0.00586,0.209635
441,T441_UAV_3,BS_1,LEO_1,69.222706,69.023631,0.040585,0.014277,0.221065
441,T441_UAV_9,HAP_1,HAP_1,65.441409,65.166504,0.025843,0.06149,0.437859
441,T441_UAV_2,BS_2,HAP_2,190.745784,190.684295,0.005352,0.016337,0.199004
442,T442_UAV_5,BS_4,LEO_1,158.989794,158.946599,0.001226,0.005418,0.182757
442,T442_UAV_2,BS_2,LEO_1,365.560399,365.509623,0.002072,0.012152,0.182757
442,T442_UAV_8,BS_2,LEO_0,51.731477,51.535585,0.044604,0.009068,0.211099
442,T442_UAV_0,BS_4,LEO_1,117.815941,117.770029,0.000821,0.008539,0.182757
442,T442_UAV_1,BS_4,BS_3,67.568441,67.396343,0.026831,0.005985,0.196412
442,T442_UAV_6,HAP_1,LEO_1,182.150633,182.098429,0.001182,0.014471,0.182757
442,T442_UAV_9,HAP_1,LEO_1,284.344077,284.302323,0.00161,0.003592,0.182757
442,T442_UAV_3,BS_1,LEO_1,320.293337,320.240532,0.001912,0.014341,0.182757
443,T443_UAV_5,BS_4,LEO_1,72.699469,72.459856,0.040871,0.029748,0.344971
443,T443_UAV_0,BS_4,LEO_0,118.943928,118.890667,0.003237,0.013063,0.184805
443,T443_UAV_7,BS_1,HAP_0,81.065626,80.872112,0.027846,0.017121,0.242734
443,T443_UAV_4,BS_4,LEO_0,143.185852,143.141237,0.003909,0.003745,0.184805
443,T443_UAV_2,BS_2,BS_0,182.752493,182.559634,0.05561,0.005058,0.160958
443,T443_UAV_6,HAP_1,HAP_2,33.103448,32.902084,0.026322,0.021709,0.266661
443,T443_UAV_1,BS_4,LEO_1,53.549686,53.324713,0.040453,0.015526,0.344971
443,T443_UAV_8,BS_2,BS_3,78.542977,78.351108,0.029568,0.009001,0.266498
443,T443_UAV_3,BS_1,LEO_0,85.205345,85.151514,0.002672,0.014198,0.184805
444,T444_UAV_8,BS_2,LEO_1,80.67192,80.453875,0.040587,0.016329,0.305643
444,T444_UAV_0,BS_4,LEO_0,92.943343,92.731041,0.043387,0.017971,0.254719
444,T444_UAV_1,BS_4,HAP_2,168.054854,167.990479,0.004281,0.018683,0.207055
444,T444_UAV_5,BS_4,HAP_0,194.951663,194.889312,0.005151,0.006404,0.253975
444,T444_UAV_2,BS_2,LEO_0,50.506341,50.295808,0.042228,0.017362,0.254719
444,T444_UAV_7,BS_1,LEO_1,70.856013,70.629376,0.040578,0.024931,0.305643
444,T444_UAV_4,BS_4,HAP_1,59.660858,59.379986,0.026335,0.048818,0.528596
444,T444_UAV_6,HAP_1,HAP_2,142.23536,142.173688,0.004244,0.016017,0.207055
444,T444_UAV_9,HAP_1,HAP_0,159.732356,159.66499,0.006235,0.010336,0.253975
445,T445_UAV_4,BS_4,LEO_1,63.106464,63.037937,0.000944,0.021872,0.228553
445,T445_UAV_9,HAP_1,LEO_0,32.841619,32.784824,0.003139,0.013397,0.201291
445,T445_UAV_3,BS_1,HAP_2,56.753197,56.565343,0.026871,0.012237,0.24373
445,T445_UAV_1,BS_4,BS_0,302.158039,301.92455,0.085433,0.009877,0.190896
445,T445_UAV_2,BS_2,BS_0,367.447029,367.202153,0.101745,0.004952,0.190896
445,T445_UAV_6,HAP_1,BS_0,457.876057,457.6096,0.124335,0.003943,0.190896
446,T446_UAV_4,BS_4,LEO_1,45.1829,44.988186,0.04067,0.007162,0.234404
446,T446_UAV_8,BS_2,HAP_2,255.87723,255.686825,0.031216,0.021124,0.190326
446,T446_UAV_3,BS_1,LEO_0,30.458317,30.261928,0.042293,0.007471,0.233127
446,T446_UAV_2,BS_2,HAP_0,62.627441,62.419526,0.027485,0.028694,0.258682
446,T446_UAV_7,BS_1,HAP_2,190.580733,190.39595,0.02903,0.017688,0.190326
446,T446_UAV_0,BS_4,BS_4,96.291768,96.066973,0.033995,0.050836,0.199823
446,T446_UAV_9,HAP_1,HAP_2,211.577514,211.390077,0.030828,0.018544,0.190326
446,T446_UAV_6,HAP_1,HAP_2,286.087362,285.900903,0.031663,0.016731,0.190326
447,T447_UAV_4,BS_4,LEO_1,130.809414,130.73998,0.001177,0.02205,0.23103
447,T447_UAV_1,BS_4,LEO_0,87.054789,86.993297,0.003685,0.01802,0.198939
447,T447_UAV_2,BS_2,HAP_0,158.95581,158.902075,0.004701,0.010427,0.193034
447,T447_UAV_3,BS_1,HAP_2,83.39149,83.162454,0.027747,0.016472,0.424086
447,T447_UAV_5,BS_4,LEO_0,131.366678,131.308223,0.004324,0.014342,0.198939
447,T447_UAV_7,BS_1,LEO_1,54.682509,54.618972,0.000387,0.016943,0.23103
447,T447_UAV_0,BS_4,HAP_0,103.533463,103.487056,0.002908,0.004892,0.193034
447,T447_UAV_6,HAP_1,LEO_1,120.185476,120.12289,0.000986,0.015394,0.23103
447,T447_UAV_8,BS_2,BS_1,127.527762,127.291778,0.041797,0.057252,0.184675
448,T448_UAV_0,BS_4,LEO_1,130.136032,129.947926,0.041044,0.009404,0.188292
448,T448_UAV_1,BS_4,LEO_1,257.748652,257.543748,0.041733,0.025512,0.188292
448,T448_UAV_3,BS_4,LEO_0,20.925014,20.84872,0.001587,0.017084,0.288111
448,T448_UAV_8,BS_2,HAP_0,55.246403,55.055473,0.027181,0.022332,0.207087
448,T448_UAV_2,BS_2,BS_2,68.264525,68.059587,0.026996,0.051015,0.134632
448,T448_UAV_4,BS_4,LEO_1,117.1177,116.927914,0.040943,0.011184,0.188292
448,T448_UAV_7,BS_1,LEO_1,169.622453,169.435656,0.041096,0.008043,0.188292
449,T449_UAV_8,BS_2,LEO_1,111.689608,111.492004,0.040716,0.01819,0.193486
449,T449_UAV_3,BS_4,LEO_1,160.111603,159.912757,0.041185,0.018964,0.193486
449,T449_UAV_4,BS_4,BS_3,190.054968,189.855343,0.057433,0.011026,0.155834
449,T449_UAV_2,BS_2,LEO_0,23.723961,23.651234,0.001879,0.002846,0.340006
449,T449_UAV_9,HAP_1,HAP_0,26.423284,26.368276,0.001486,0.004179,0.246719
449,T449_UAV_7,BS_1,HAP_2,37.137271,36.92419,0.026292,0.026232,0.302787
449,T449_UAV_5,BS_4,BS_0,138.405151,138.19832,0.044522,0.030788,0.157606
449,T449_UAV_6,HAP_1,LEO_1,152.991211,152.795902,0.041256,0.015355,0.193486
450,T450_UAV_3,BS_4,LEO_0,149.076309,148.901491,0.044657,0.003651,0.132552
450,T450_UAV_5,BS_4,HAP_2,152.111167,152.042417,0.003003,0.028832,0.184574
450,T450_UAV_4,BS_4,LEO_0,172.463533,172.287741,0.044722,0.004559,0.132552
450,T450_UAV_8,BS_2,LEO_1,27.617451,27.565922,0.000259,0.004478,0.23396
450,T450_UAV_0,BS_4,HAP_2,66.313358,66.25295,0.001486,0.022007,0.184574
450,T450_UAV_2,BS_2,LEO_0,72.488269,72.303289,0.042343,0.016127,0.132552
450,T450_UAV_6,HAP_1,HAP_0,77.331765,77.258059,0.003796,0.010799,0.295553
451,T451_UAV_5,BS_4,LEO_1,94.641907,94.426703,0.041125,0.023264,0.254076
451,T451_UAV_1,BS_4,LEO_0,103.008619,102.814822,0.044336,0.011303,0.190784
451,T451_UAV_8,BS_2,HAP_2,154.645603,154.567836,0.004875,0.008483,0.322045
451,T451_UAV_4,BS_4,HAP_0,99.765274,99.680312,0.004019,0.006742,0.371008
451,T451_UAV_6,HAP_1,LEO_1,40.293321,40.079791,0.040385,0.022329,0.254076
451,T451_UAV_3,BS_4,LEO_0,45.199995,45.009527,0.04191,0.010401,0.190784
451,T451_UAV_0,BS_4,HAP_1,40.269815,40.0208,0.02595,0.033152,0.449559
451,T451_UAV_9,HAP_1,HAP_2,129.960974,129.886704,0.004782,0.005079,0.322045
451,T451_UAV_2,BS_2,BS_0,135.216512,135.028329,0.04373,0.008548,0.179524
451,T451_UAV_7,BS_1,BS_3,168.769,168.552135,0.052107,0.012175,0.262914
452,T452_UAV_3,BS_4,LEO_1,100.71435,100.668142,0.000865,0.004953,0.201953
452,T452_UAV_1,BS_4,HAP_0,334.556711,334.380438,0.032008,0.017071,0.135972
452,T452_UAV_5,BS_4,HAP_0,374.61314,374.44867,0.033001,0.004274,0.135972
452,T452_UAV_7,BS_1,LEO_0,26.77602,26.722876,0.002107,0.010138,0.204497
452,T452_UAV_4,BS_4,HAP_2,66.672886,66.496921,0.027027,0.006319,0.213096
452,T452_UAV_6,HAP_1,LEO_1,121.529328,121.472258,0.001175,0.015504,0.201953
452,T452_UAV_2,BS_2,HAP_0,339.492198,339.327023,0.032826,0.005155,0.135972
452,T452_UAV_8,BS_0,HAP_0,386.731964,386.558835,0.033975,0.01196,0.135972
453,T453_UAV_3,BS_4,LEO_1,88.991759,88.783694,0.040762,0.025815,0.207442
453,T453_UAV_4,BS_4,HAP_2,215.016291,214.954482,0.004524,0.02092,0.181822
453,T453_UAV_0,BS_4,HAP_2,279.956337,279.901931,0.005545,0.012496,0.181822
453,T453_UAV_2,BS_2,LEO_0,77.216916,77.144184,0.003416,0.004248,0.325343
453,T453_UAV_9,HAP_1,HAP_0,63.409215,63.176503,0.028572,0.02076,0.4169
453,T453_UAV_6,HAP_1,HAP_1,69.610722,69.348464,0.026067,0.05454,0.408257
453,T453_UAV_8,BS_0,LEO_1,109.148838,108.945083,0.040795,0.021471,0.207442
453,T453_UAV_7,BS_1,LEO_0,118.839157,118.761967,0.005239,0.006881,0.325343
453,T453_UAV_5,BS_4,HAP_2,188.7065,188.657111,0.003369,0.009655,0.181822
454,T454_UAV_4,BS_4,LEO_1,95.039456,94.980489,0.00085,0.015608,0.212545
454,T454_UAV_1,BS_4,LEO_0,93.975914,93.889051,0.003959,0.011202,0.358514
454,T454_UAV_3,BS_4,HAP_0,62.65342,62.437203,0.026986,0.033019,0.28106
454,T454_UAV_2,BS_2,HAP_2,30.061066,29.846484,0.026093,0.01642,0.360341
454,T454_UAV_0,BS_4,LEO_1,60.854159,60.800573,0.000549,0.010528,0.212545
454,T454_UAV_8,BS_0,LEO_0,50.865455,50.78078,0.002549,0.010424,0.358514
454,T454_UAV_5,BS_4,HAP_1,40.68838,40.442921,0.026125,0.049653,0.348403
454,T454_UAV_6,HAP_1,LEO_1,105.492865,105.433145,0.000874,0.016337,0.212545
454,T454_UAV_9,HAP_1,BS_3,197.447944,197.332712,0.049309,0.017352,0.24286
455,T455_UAV_6,HAP_1,LEO_1,22.826839,22.759575,0.000304,0.008626,0.291668
455,T455_UAV_9,HAP_1,LEO_0,76.667405,76.494578,0.042943,0.00753,0.111774
455,T455_UAV_5,BS_4,HAP_0,39.882519,39.686069,0.026403,0.021399,0.243238
455,T455_UAV_0,BS_4,LEO_0,87.779724,87.606825,0.042355,0.008189,0.111774
455,T455_UAV_8,BS_0,HAP_2,83.293318,83.075463,0.028597,0.021597,0.338303
455,T455_UAV_2,BS_2,HAP_1,91.252239,91.052594,0.026781,0.012875,0.299941
455,T455_UAV_7,BS_1,LEO_0,142.81267,142.643132,0.044622,0.002562,0.111774
456,T456_UAV_5,BS_4,LEO_0,86.136189,86.079342,0.002857,0.004866,0.245623
456,T456_UAV_3,BS_4,LEO_1,104.216219,104.122673,0.000898,0.018172,0.372381
456,T456_UAV_0,BS_4,HAP_0,84.758944,84.695485,0.003118,0.019096,0.206225
456,T456_UAV_2,BS_2,HAP_2,29.887352,29.711651,0.026086,0.004962,0.223264
456,T456_UAV_4,BS_4,LEO_1,46.936572,46.85748,0.000496,0.00412,0.372381
456,T456_UAV_6,HAP_1,LEO_0,66.994131,66.931896,0.002836,0.010274,0.245623
457,T457_UAV_4,BS_4,LEO_1,104.630801,104.440472,0.041102,0.012176,0.185254
457,T457_UAV_5,BS_4,LEO_0,109.443361,109.368511,0.003633,0.013929,0.28644
457,T457_UAV_6,HAP_1,HAP_2,52.718044,52.6651,0.001539,0.013335,0.190354
457,T457_UAV_0,BS_4,LEO_1,36.940926,36.749146,0.040392,0.014337,0.185254
457,T457_UAV_2,BS_1,HAP_2,96.381874,96.319117,0.002664,0.022022,0.190354
457,T457_UAV_9,HAP_1,HAP_0,99.062527,98.985849,0.005636,0.010167,0.304378
457,T457_UAV_8,BS_0,LEO_0,131.272182,131.203009,0.006607,0.005277,0.28644
458,T458_UAV_1,BS_4,LEO_1,126.387264,126.324275,0.000934,0.012183,0.249357
458,T458_UAV_3,BS_4,HAP_2,130.896747,130.708196,0.028295,0.015689,0.222839
458,T458_UAV_7,BS_1,LEO_0,22.851446,22.769706,0.001818,0.00626,0.368309
458,T458_UAV_5,BS_4,HAP_0,36.385174,36.301482,0.001294,0.00758,0.374089
458,T458_UAV_0,BS_4,LEO_1,76.334113,76.27548,0.000692,0.008071,0.249357
458,T458_UAV_6,HAP_1,LEO_1,105.776043,105.715179,0.000882,0.010111,0.249357
458,T458_UAV_8,BS_0,HAP_2,196.82968,196.625161,0.03126,0.028692,0.222839
459,T459_UAV_5,BS_4,HAP_0,574.405129,574.246849,0.035243,0.003434,0.098009
459,T459_UAV_0,BS_4,HAP_0,624.391916,624.222643,0.036294,0.013377,0.098009
459,T459_UAV_2,BS_1,HAP_0,720.093102,719.915245,0.038489,0.019766,0.098009
459,T459_UAV_1,BS_4,HAP_0,763.741363,763.579573,0.038347,0.003842,0.098009
459,T459_UAV_9,HAP_1,LEO_1,42.906798,42.707637,0.040437,0.003838,0.274425
459,T459_UAV_7,BS_1,HAP_0,451.467838,451.303777,0.033149,0.011309,0.098009
459,T459_UAV_4,BS_4,HAP_0,460.625364,460.460454,0.033841,0.011467,0.098009
459,T459_UAV_6,HAP_1,HAP_0,528.669198,528.498082,0.036211,0.015302,0.098009
459,T459_UAV_8,BS_0,HAP_0,652.038133,651.868722,0.03742,0.012389,0.098009
460,T460_UAV_0,BS_4,LEO_1,149.501743,149.301833,0.041356,0.016881,0.208368
460,T460_UAV_1,BS_4,LEO_0,107.847027,107.651735,0.044515,0.010772,0.200027
460,T460_UAV_3,BS_4,HAP_2,98.974305,98.770586,0.028226,0.011671,0.319113
460,T460_UAV_2,BS_1,LEO_1,169.799538,169.612996,0.041176,0.003692,0.208368
460,T460_UAV_5,BS_4,BS_3,301.403242,301.178436,0.085249,0.00518,0.171882
460,T460_UAV_8,BS_0,HAP_0,43.34849,43.098595,0.026727,0.01801,0.525789
460,T460_UAV_4,BS_4,LEO_0,57.392911,57.202616,0.042122,0.008167,0.200027
460,T460_UAV_7,BS_1,BS_2,107.377328,107.205917,0.036778,0.013353,0.106398
460,T460_UAV_9,HAP_1,LEO_1,158.283222,158.094652,0.041084,0.005812,0.208368
460,T460_UAV_6,HAP_1,BS_3,235.31239,235.103304,0.068739,0.00597,0.171882
461,T461_UAV_0,BS_4,LEO_1,84.039063,83.981269,0.000906,0.009977,0.234555
461,T461_UAV_2,BS_1,LEO_0,119.946498,119.745799,0.04528,0.008459,0.2348
461,T461_UAV_4,BS_4,HAP_2,285.301367,285.241182,0.006059,0.015661,0.192328
461,T461_UAV_5,BS_4,LEO_1,33.568428,33.502648,0.000397,0.018472,0.234555
461,T461_UAV_8,BS_0,HAP_0,59.913932,59.692666,0.027396,0.014455,0.397075
461,T461_UAV_1,BS_4,HAP_2,137.568945,137.513044,0.003051,0.014384,0.192328
461,T461_UAV_6,HAP_1,LEO_0,111.728446,111.529434,0.044681,0.00737,0.2348
461,T461_UAV_9,HAP_1,BS_1,137.858871,137.665252,0.044389,0.021296,0.139666
461,T461_UAV_7,BS_1,HAP_2,216.167232,216.101133,0.005174,0.02246,0.192328
462,T462_UAV_7,BS_1,LEO_1,118.800298,118.729785,0.000821,0.011515,0.290882
462,T462_UAV_3,BS_4,LEO_0,101.921234,101.868258,0.004321,0.007884,0.203855
462,T462_UAV_1,BS_4,HAP_0,189.547149,189.349108,0.029992,0.02791,0.200696
462,T462_UAV_0,BS_4,HAP_2,99.313585,99.072471,0.027732,0.033957,0.397123
462,T462_UAV_2,BS_1,LEO_1,59.158241,59.076568,0.000411,0.023085,0.290882
462,T462_UAV_4,BS_4,HAP_1,65.162078,64.882752,0.026413,0.07007,0.414211
462,T462_UAV_9,HAP_1,LEO_0,97.112929,97.058395,0.005225,0.008538,0.203855
462,T462_UAV_8,BS_0,LEO_1,149.78345,149.712143,0.000962,0.012169,0.290882
462,T462_UAV_6,HAP_1,HAP_0,176.140419,175.958449,0.031113,0.010719,0.200696
463,T463_UAV_5,BS_4,LEO_1,74.670018,74.480349,0.04088,0.00506,0.21865
463,T463_UAV_3,BS_4,LEO_0,51.919294,51.849648,0.003921,0.009599,0.280632
463,T463_UAV_4,BS_4,HAP_0,37.750068,37.56851,0.026531,0.032296,0.113654
463,T463_UAV_8,BS_0,HAP_2,42.260525,42.068803,0.026844,0.014886,0.249959
463,T463_UAV_0,BS_4,LEO_1,61.183986,60.986451,0.040657,0.013148,0.21865
463,T463_UAV_6,HAP_1,HAP_1,93.126966,92.913846,0.026499,0.013369,0.366257
464,T464_UAV_5,BS_4,LEO_1,112.728008,112.534676,0.041111,0.015302,0.184595
464,T464_UAV_7,BS_1,LEO_0,104.376328,104.180533,0.044689,0.014789,0.181588
464,T464_UAV_4,BS_4,HAP_0,175.906624,175.85585,0.005322,0.005179,0.201362
464,T464_UAV_3,BS_4,LEO_1,85.852144,85.654466,0.040642,0.020116,0.184595
464,T464_UAV_8,BS_0,LEO_0,63.049676,62.866922,0.043182,0.003255,0.181588
464,T464_UAV_2,BS_1,HAP_2,66.790596,66.729217,0.002426,0.015412,0.217705
464,T464_UAV_9,HAP_1,LEO_1,99.474246,99.284597,0.040679,0.01205,0.184595
464,T464_UAV_6,HAP_1,HAP_0,158.928117,158.863361,0.005513,0.01897,0.201362
465,T465_UAV_5,BS_4,LEO_1,168.048209,167.855229,0.041476,0.014696,0.184037
465,T465_UAV_1,BS_4,HAP_0,131.023879,130.83213,0.028457,0.023588,0.19852
465,T465_UAV_0,BS_4,LEO_0,16.973315,16.920397,0.00106,0.007738,0.2206
465,T465_UAV_8,BS_0,HAP_2,45.365871,45.282254,0.001997,0.01899,0.313144
465,T465_UAV_9,HAP_1,LEO_1,144.544757,144.35389,0.040906,0.013153,0.184037
465,T465_UAV_4,BS_4,HAP_0,110.341713,110.168964,0.028334,0.004711,0.19852
465,T465_UAV_2,BS_1,LEO_1,224.506441,224.320898,0.04143,0.007306,0.184037
465,T465_UAV_6,HAP_1,LEO_1,224.60549,224.407528,0.041706,0.019449,0.184037
466,T466_UAV_5,BS_4,LEO_1,148.86353,148.803956,0.001469,0.019376,0.193646
466,T466_UAV_9,HAP_1,LEO_0,23.833305,23.764455,0.002348,0.010935,0.277834
466,T466_UAV_7,BS_1,HAP_0,32.229154,32.170193,0.001193,0.018404,0.196824
466,T466_UAV_4,BS_4,HAP_2,38.770875,38.595645,0.026201,0.005145,0.219424
466,T466_UAV_1,BS_4,LEO_1,96.924597,96.878175,0.000718,0.006975,0.193646
466,T466_UAV_6,HAP_1,LEO_1,105.430028,105.383331,0.000889,0.007079,0.193646
467,T467_UAV_4,BS_4,LEO_1,128.552873,128.486553,0.001355,0.009939,0.275127
467,T467_UAV_1,BS_4,LEO_0,64.691123,64.605165,0.004812,0.011637,0.347547
467,T467_UAV_0,BS_4,BS_2,164.213888,164.130797,0.041012,0.002789,0.196453
467,T467_UAV_3,BS_4,HAP_2,53.862109,53.783087,0.001748,0.027906,0.246846
467,T467_UAV_8,BS_0,HAP_0,67.105917,66.897407,0.027702,0.023804,0.285017
467,T467_UAV_9,HAP_1,LEO_1,96.833597,96.771205,0.000758,0.006608,0.275127
468,T468_UAV_7,BS_1,LEO_1,80.921956,80.722529,0.040629,0.02078,0.190091
468,T468_UAV_4,BS_4,LEO_0,119.017826,118.844347,0.044447,0.006015,0.115084
468,T468_UAV_5,BS_4,HAP_0,184.591902,184.522306,0.005068,0.023261,0.206333
468,T468_UAV_3,BS_4,HAP_2,93.399449,93.217394,0.028023,0.01651,0.187611
468,T468_UAV_2,BS_1,LEO_1,43.997064,43.804715,0.040349,0.013982,0.190091
468,T468_UAV_8,BS_0,LEO_0,60.604062,60.427262,0.043074,0.010709,0.115084
468,T468_UAV_1,BS_4,HAP_1,68.448374,68.183025,0.026558,0.059478,0.396565
468,T468_UAV_6,HAP_1,HAP_0,93.280822,93.231292,0.003225,0.005039,0.206333
468,T468_UAV_9,HAP_1,BS_3,171.757274,171.666194,0.042895,0.010545,0.1882
469,T469_UAV_3,BS_4,LEO_1,58.062995,58.016577,0.00068,0.004557,0.205908
469,T469_UAV_7,BS_1,BS_3,263.345945,263.131079,0.07574,0.002565,0.182804
469,T469_UAV_4,BS_4,BS_1,365.814912,365.524464,0.101325,0.04923,0.199459
469,T469_UAV_5,BS_4,LEO_0,47.104311,47.047127,0.002748,0.006608,0.239143
469,T469_UAV_6,HAP_1,HAP_2,91.896149,91.824288,0.003514,0.018718,0.248143
469,T469_UAV_2,BS_1,BS_3,109.65424,109.477406,0.037346,0.002927,0.182804
469,T469_UAV_8,BS_0,BS_1,244.556326,244.324813,0.071041,0.02058,0.199459
470,T470_UAV_3,BS_4,LEO_1,86.101171,86.018516,0.00065,0.016496,0.327545
470,T470_UAV_5,BS_4,LEO_0,66.400323,66.338635,0.002235,0.002404,0.28524
470,T470_UAV_7,BS_1,HAP_2,193.507428,193.319444,0.030444,0.015218,0.211611
470,T470_UAV_1,BS_4,HAP_0,98.027602,97.828779,0.028408,0.015327,0.27544
470,T470_UAV_4,BS_4,LEO_0,35.592833,35.522564,0.001333,0.011888,0.28524
470,T470_UAV_0,BS_4,LEO_1,71.491889,71.412852,0.000655,0.012873,0.327545
470,T470_UAV_2,BS_1,HAP_1,44.29336,44.028436,0.025898,0.055929,0.415484
470,T470_UAV_9,HAP_1,LEO_1,122.709176,122.63805,0.000839,0.004778,0.327545
470,T470_UAV_6,HAP_1,BS_2,140.410397,140.314099,0.035061,0.013477,0.238797
470,T470_UAV_8,BS_0,HAP_2,187.160955,186.969388,0.031053,0.018191,0.211611
471,T471_UAV_4,BS_4,LEO_1,45.296204,45.220089,0.000667,0.006411,0.345183
471,T471_UAV_7,BS_1,LEO_0,98.299705,98.09714,0.044472,0.015336,0.213787
471,T471_UAV_0,BS_4,HAP_0,26.01539,25.959356,0.000932,0.01373,0.206865
471,T471_UAV_5,BS_4,HAP_2,30.040753,29.858771,0.025765,0.004619,0.25799
471,T471_UAV_6,HAP_1,LEO_0,61.619806,61.424223,0.042536,0.01029,0.213787
471,T471_UAV_2,BS_1,HAP_1,73.012228,72.744252,0.02649,0.058018,0.417344
472,T472_UAV_5,BS_4,LEO_1,84.965164,84.77176,0.040993,0.006576,0.229176
472,T472_UAV_0,BS_4,LEO_0,88.515884,88.33332,0.043131,0.002311,0.185612
472,T472_UAV_4,BS_4,HAP_0,195.539635,195.346133,0.030953,0.022812,0.198686
472,T472_UAV_3,BS_4,HAP_2,49.021305,48.842565,0.026577,0.010201,0.20981
472,T472_UAV_8,BS_0,LEO_0,55.024791,54.833837,0.042799,0.011033,0.185612
472,T472_UAV_1,BS_4,BS_3,90.633131,90.449659,0.032591,0.01158,0.196503
472,T472_UAV_9,HAP_1,LEO_1,99.870516,99.670043,0.040779,0.013859,0.229176
472,T472_UAV_2,BS_1,HAP_0,161.180758,160.995272,0.029589,0.01616,0.198686
473,T473_UAV_1,BS_4,LEO_1,145.860973,145.813444,0.001082,0.006884,0.197814
473,T473_UAV_4,BS_4,LEO_0,127.10898,127.040258,0.004778,0.014117,0.249131
473,T473_UAV_0,BS_4,HAP_2,97.534127,97.4854,0.002623,0.008404,0.188501
473,T473_UAV_3,BS_4,HAP_0,31.901508,31.731512,0.025974,0.004992,0.195145
473,T473_UAV_9,HAP_1,LEO_1,103.202708,103.159079,0.000706,0.003361,0.197814
473,T473_UAV_7,BS_1,LEO_0,76.812958,76.752032,0.003518,0.007582,0.249131
473,T473_UAV_6,HAP_1,HAP_1,86.219301,85.967848,0.026451,0.023164,0.509192
473,T473_UAV_8,BS_0,LEO_1,166.84441,166.791674,0.001066,0.012106,0.197814
474,T474_UAV_1,BS_4,LEO_1,47.701434,47.499314,0.040542,0.010984,0.252969
474,T474_UAV_5,BS_4,LEO_0,61.346909,61.259476,0.003607,0.018125,0.328505
474,T474_UAV_4,BS_4,BS_3,595.076468,594.768522,0.158608,0.012795,0.182715
474,T474_UAV_0,BS_4,BS_3,636.755786,636.431092,0.169018,0.019133,0.182715
474,T474_UAV_8,BS_0,HAP_0,64.634099,64.568514,0.002632,0.019915,0.215192
474,T474_UAV_7,BS_1,HAP_2,72.176536,72.112424,0.002737,0.00398,0.286974
474,T474_UAV_6,HAP_1,BS_3,280.560628,280.325876,0.080036,0.018173,0.182715
474,T474_UAV_3,BS_4,BS_3,424.672878,424.408521,0.116039,0.011774,0.182715
474,T474_UAV_9,HAP_1,BS_3,845.71589,845.34894,0.221222,0.009185,0.182715
475,T475_UAV_3,BS_4,LEO_1,170.59281,170.390694,0.041294,0.009813,0.255046
475,T475_UAV_7,BS_1,HAP_2,249.050699,248.872255,0.031148,0.007936,0.196797
475,T475_UAV_0,BS_4,HAP_2,252.460913,252.271824,0.029807,0.019922,0.196797
475,T475_UAV_5,BS_4,HAP_2,287.147864,286.971838,0.030348,0.006318,0.196797
475,T475_UAV_4,BS_4,LEO_0,19.460994,19.380737,0.001285,0.005655,0.36658
475,T475_UAV_8,BS_0,HAP_0,42.717999,42.635972,0.00174,0.018079,0.311042
475,T475_UAV_1,BS_4,LEO_1,83.76832,83.560801,0.040619,0.01589,0.255046
475,T475_UAV_9,HAP_1,HAP_1,62.570784,62.327337,0.025965,0.044048,0.367176
475,T475_UAV_2,BS_1,LEO_1,150.82591,150.625692,0.041056,0.008153,0.255046
476,T476_UAV_0,BS_4,LEO_1,117.433995,117.382749,0.001082,0.004809,0.226776
476,T476_UAV_5,BS_4,LEO_0,135.671702,135.498259,0.043441,0.004205,0.128983
476,T476_UAV_3,BS_4,HAP_0,79.288613,79.198323,0.002427,0.011489,0.381867
476,T476_UAV_4,BS_4,HAP_2,97.348455,97.160091,0.028075,0.015264,0.22513
476,T476_UAV_1,BS_4,LEO_1,61.071994,61.016787,0.000453,0.009398,0.226776
476,T476_UAV_6,HAP_1,LEO_0,132.309428,132.132585,0.043993,0.007053,0.128983
476,T476_UAV_9,HAP_1,LEO_1,139.921551,139.87194,0.000956,0.0033,0.226776
476,T476_UAV_2,BS_1,BS_2,177.312962,177.110658,0.054248,0.012017,0.180195
476,T476_UAV_8,BS_0,LEO_0,191.064411,190.885563,0.047106,0.005945,0.128983
477,T477_UAV_3,BS_4,LEO_1,86.641605,86.453056,0.040762,0.003893,0.219473
477,T477_UAV_1,BS_4,LEO_0,109.273886,109.075579,0.044528,0.008531,0.226243
477,T477_UAV_4,BS_4,HAP_0,298.189801,298.022776,0.032845,0.006519,0.138304
477,T477_UAV_7,BS_1,HAP_2,39.106469,38.910106,0.026487,0.026148,0.218644
477,T477_UAV_5,BS_4,LEO_1,57.034826,56.84015,0.040661,0.01012,0.219473
477,T477_UAV_0,BS_4,LEO_0,65.284574,65.084479,0.042292,0.012554,0.226243
477,T477_UAV_8,BS_0,HAP_1,50.096821,49.889378,0.026279,0.012176,0.344939
477,T477_UAV_9,HAP_1,HAP_0,155.837417,155.673437,0.030246,0.006073,0.138304
477,T477_UAV_6,HAP_1,BS_2,119.433029,119.229929,0.039783,0.020984,0.211667
477,T477_UAV_2,BS_1,HAP_0,157.666623,157.496958,0.028863,0.013141,0.138304
478,T478_UAV_3,BS_4,LEO_1,58.763103,58.713368,0.000697,0.005131,0.219528
478,T478_UAV_2,BS_1,LEO_0,66.641652,66.579145,0.005235,0.011896,0.226883
478,T478_UAV_9,HAP_1,HAP_2,49.79607,49.726501,0.002727,0.021097,0.228725
478,T478_UAV_7,BS_1,BS_3,77.085603,76.899922,0.029205,0.024979,0.157484
478,T478_UAV_4,BS_4,HAP_0,86.55655,86.373035,0.028588,0.01032,0.223036
479,T479_UAV_4,BS_4,LEO_1,79.453432,79.270226,0.040704,0.003982,0.192601
479,T479_UAV_5,BS_4,LEO_0,118.000323,117.811503,0.044014,0.00392,0.204433
479,T479_UAV_2,BS_1,HAP_2,190.237282,190.159506,0.005157,0.020324,0.261474
479,T479_UAV_1,BS_4,LEO_1,56.802845,56.61506,0.040421,0.008844,0.192601
479,T479_UAV_3,BS_4,HAP_0,38.876574,38.694493,0.026176,0.009689,0.231081
479,T479_UAV_6,HAP_1,LEO_0,68.437616,68.242155,0.042783,0.011791,0.204433
479,T479_UAV_7,BS_1,LEO_1,75.586492,75.386163,0.0405,0.021308,0.192601
479,T479_UAV_8,BS_0,HAP_1,61.510983,61.289584,0.026577,0.014692,0.400653
479,T479_UAV_9,HAP_1,HAP_2,189.914932,189.843343,0.007303,0.011991,0.261474
480,T480_UAV_0,BS_4,LEO_1,28.969615,28.770637,0.040443,0.006032,0.262515
480,T480_UAV_4,BS_4,LEO_0,154.752963,154.697677,0.004337,0.011009,0.199701
480,T480_UAV_1,BS_4,HAP_0,69.622485,69.569777,0.001864,0.014531,0.181564
480,T480_UAV_5,BS_4,HAP_2,36.198524,35.998343,0.025945,0.016556,0.288406
480,T480_UAV_8,BS_0,LEO_0,72.482856,72.432983,0.002709,0.007223,0.199701
480,T480_UAV_9,HAP_1,HAP_0,80.356982,80.303892,0.003261,0.013516,0.181564
480,T480_UAV_6,HAP_1,LEO_0,94.856235,94.809232,0.002851,0.004211,0.199701
480,T480_UAV_2,BS_1,HAP_1,92.45554,92.214668,0.026937,0.031598,0.411685
481,T481_UAV_3,BS_4,LEO_1,87.321575,87.119945,0.040771,0.007522,0.266685
481,T481_UAV_4,BS_4,LEO_0,56.279584,56.202317,0.003745,0.008774,0.323742
481,T481_UAV_1,BS_4,HAP_0,178.820231,178.756198,0.004794,0.004701,0.272684
481,T481_UAV_9,HAP_1,HAP_2,88.521436,88.315441,0.028404,0.024358,0.266165
481,T481_UAV_0,BS_4,LEO_1,74.054169,73.850387,0.04081,0.009635,0.266685
481,T481_UAV_7,BS_2,HAP_0,113.00345,112.932862,0.003242,0.012809,0.272684
481,T481_UAV_8,BS_0,BS_3,175.71553,175.593639,0.043876,0.031462,0.232763
481,T481_UAV_2,BS_1,HAP_2,176.539685,176.343367,0.029771,0.013314,0.266165
482,T482_UAV_3,BS_4,LEO_1,120.11996,120.065436,0.001067,0.005028,0.242145
482,T482_UAV_4,BS_4,HAP_2,375.672965,375.610095,0.007515,0.016702,0.193267
482,T482_UAV_0,BS_4,LEO_0,25.815535,25.730747,0.001577,0.012296,0.354576
482,T482_UAV_6,HAP_1,LEO_1,40.765904,40.710702,0.000414,0.006359,0.242145
482,T482_UAV_1,BS_4,HAP_0,46.849884,46.761201,0.001652,0.01439,0.363203
482,T482_UAV_8,BS_0,HAP_2,136.794358,136.741096,0.003466,0.011143,0.193267
482,T482_UAV_2,BS_1,HAP_2,371.311023,371.24393,0.008001,0.020439,0.193267
482,T482_UAV_9,HAP_1,HAP_2,381.806734,381.745158,0.011026,0.011896,0.193267
483,T483_UAV_1,BS_4,LEO_0,80.445363,80.277476,0.043322,0.002674,0.109457
483,T483_UAV_4,BS_4,HAP_0,194.779982,194.612114,0.030994,0.005904,0.154852
483,T483_UAV_5,BS_4,LEO_1,37.927354,37.843373,0.000438,0.023925,0.298091
483,T483_UAV_3,BS_4,HAP_2,31.300441,31.098255,0.025993,0.005413,0.353903
483,T483_UAV_0,BS_4,LEO_0,40.621866,40.448697,0.041414,0.009863,0.109457
483,T483_UAV_2,BS_1,LEO_1,55.93785,55.874167,0.000453,0.003611,0.298091
483,T483_UAV_7,BS_2,HAP_1,69.080707,68.813563,0.026513,0.06424,0.38196
483,T483_UAV_8,BS_0,HAP_0,142.308778,142.139333,0.029319,0.009155,0.154852
484,T484_UAV_3,BS_4,LEO_1,79.725044,79.634883,0.000709,0.019078,0.351875
484,T484_UAV_1,BS_4,LEO_0,131.739492,131.54257,0.044005,0.010122,0.213977
484,T484_UAV_4,BS_4,HAP_0,143.518643,143.319262,0.029417,0.020722,0.246212
484,T484_UAV_2,BS_1,LEO_0,56.792772,56.605278,0.041813,0.002885,0.213977
484,T484_UAV_9,HAP_1,HAP_2,39.652646,39.456959,0.027183,0.005388,0.315583
484,T484_UAV_5,BS_4,LEO_1,68.662235,68.587721,0.000793,0.003347,0.351875
484,T484_UAV_8,BS_0,BS_3,95.028059,94.935612,0.023722,0.019439,0.246432
484,T484_UAV_6,HAP_1,HAP_0,126.446047,126.252454,0.029307,0.015043,0.246212
484,T484_UAV_7,BS_2,LEO_0,154.38123,154.181352,0.045252,0.011831,0.213977
485,T485_UAV_0,BS_4,LEO_1,129.02002,128.837319,0.041419,0.003263,0.190096
485,T485_UAV_3,BS_4,LEO_0,131.315749,131.122046,0.045507,0.009036,0.195798
485,T485_UAV_1,BS_4,HAP_2,62.191451,62.138952,0.001559,0.01459,0.181751
485,T485_UAV_6,HAP_1,HAP_0,73.990833,73.936994,0.002523,0.007685,0.218154
485,T485_UAV_4,BS_4,LEO_1,52.160285,51.972213,0.040541,0.009511,0.190096
485,T485_UAV_2,BS_1,LEO_0,70.748339,70.554061,0.043085,0.012034,0.195798
485,T485_UAV_8,BS_0,HAP_2,114.095361,114.049185,0.003773,0.006053,0.181751
485,T485_UAV_9,HAP_1,HAP_0,145.310761,145.257056,0.005932,0.004143,0.218154
486,T486_UAV_1,BS_4,LEO_1,118.65387,118.606671,0.00089,0.009743,0.182828
486,T486_UAV_4,BS_4,LEO_0,95.763656,95.696437,0.003634,0.017369,0.231081
486,T486_UAV_0,BS_4,HAP_0,79.468068,79.378503,0.002779,0.021596,0.325949
486,T486_UAV_9,HAP_1,LEO_1,51.876065,51.825696,0.000354,0.013449,0.182828
486,T486_UAV_3,BS_4,HAP_2,46.194824,46.108555,0.001475,0.019612,0.325909
486,T486_UAV_5,BS_4,LEO_0,60.407171,60.352075,0.002079,0.0068,0.231081
486,T486_UAV_7,BS_2,HAP_1,55.075947,54.843478,0.026204,0.026625,0.398202
486,T486_UAV_8,BS_0,LEO_1,148.675201,148.629137,0.000946,0.008552,0.182828
487,T487_UAV_3,BS_4,HAP_0,188.1871,188.015497,0.028603,0.006483,0.182586
487,T487_UAV_1,BS_4,HAP_0,249.641359,249.459464,0.03036,0.015018,0.182586
487,T487_UAV_4,BS_4,LEO_1,16.928537,16.847621,0.000245,0.017604,0.315335
487,T487_UAV_5,BS_4,LEO_0,37.502911,37.305347,0.041281,0.012071,0.221061
487,T487_UAV_7,BS_2,HAP_0,100.772132,100.602762,0.027296,0.005556,0.182586
487,T487_UAV_6,HAP_1,HAP_2,99.266141,99.181486,0.003661,0.012268,0.343632
487,T487_UAV_8,BS_0,LEO_0,125.432141,125.233617,0.046509,0.007803,0.221061
487,T487_UAV_9,HAP_1,HAP_0,188.562444,188.377356,0.030698,0.017873,0.182586
488,T488_UAV_5,BS_4,LEO_1,98.695342,98.509314,0.041129,0.008099,0.184
488,T488_UAV_1,BS_4,LEO_0,124.592531,124.524761,0.005147,0.018117,0.222528
488,T488_UAV_4,BS_4,HAP_2,77.48921,77.338381,0.026925,0.00319,0.103571
488,T488_UAV_7,BS_2,LEO_1,53.499349,53.318551,0.040394,0.003604,0.184
488,T488_UAV_6,HAP_1,HAP_0,87.95941,87.75112,0.029145,0.015141,0.32002
488,T488_UAV_9,HAP_1,LEO_0,95.717665,95.664117,0.005336,0.003706,0.222528
488,T488_UAV_2,BS_1,HAP_2,114.076162,113.911442,0.028064,0.015943,0.103571
489,T489_UAV_1,BS_4,LEO_1,92.279452,92.236885,0.000803,0.004362,0.187011
489,T489_UAV_5,BS_4,LEO_0,120.626044,120.427207,0.044158,0.017949,0.183647
489,T489_UAV_0,BS_4,HAP_2,93.698234,93.647748,0.002425,0.004634,0.217132
489,T489_UAV_3,BS_4,LEO_1,34.441388,34.394522,0.000308,0.009155,0.187011
489,T489_UAV_4,BS_4,LEO_0,51.627662,51.44053,0.041951,0.008453,0.183647
489,T489_UAV_7,BS_2,HAP_0,53.696313,53.479893,0.027086,0.028489,0.304226
490,T490_UAV_3,BS_4,LEO_0,63.620122,63.565276,0.004754,0.002981,0.235555
490,T490_UAV_8,BS_0,LEO_1,29.978973,29.910559,0.000277,0.007499,0.30319
490,T490_UAV_4,BS_4,HAP_0,77.719674,77.647333,0.003275,0.02845,0.203081
490,T490_UAV_2,BS_1,HAP_2,85.123093,85.058575,0.003009,0.004572,0.284683
490,T490_UAV_9,HAP_1,BS_3,193.71663,193.516611,0.058347,0.010643,0.155141
491,T491_UAV_5,BS_4,LEO_1,41.820981,41.738285,0.00068,0.011672,0.351728
491,T491_UAV_4,BS_4,LEO_0,114.280682,114.208484,0.004351,0.008049,0.298993
491,T491_UAV_9,HAP_1,HAP_0,64.814845,64.628407,0.027652,0.017473,0.206565
491,T491_UAV_6,HAP_1,LEO_0,55.331174,55.263193,0.002217,0.005964,0.298993
491,T491_UAV_2,BS_1,BS_3,170.573318,170.380007,0.052564,0.003132,0.188074
491,T491_UAV_7,BS_2,HAP_0,121.363203,121.188355,0.028542,0.004992,0.206565
491,T491_UAV_0,BS_4,BS_3,218.055466,217.846594,0.064424,0.006833,0.188074
491,T491_UAV_8,BS_0,BS_3,534.887933,534.594645,0.143572,0.012102,0.188074
492,T492_UAV_4,BS_4,LEO_1,122.430283,122.243999,0.041268,0.015068,0.149734
492,T492_UAV_9,HAP_1,HAP_0,50.443279,50.378598,0.002073,0.012517,0.250455
492,T492_UAV_8,BS_0,HAP_2,38.734389,38.548001,0.026776,0.007183,0.262146
492,T492_UAV_6,HAP_1,LEO_1,75.024362,74.839135,0.040774,0.014506,0.149734
492,T492_UAV_1,BS_4,HAP_0,169.663582,169.591068,0.004595,0.017828,0.250455
493,T493_UAV_5,BS_4,LEO_1,77.077566,77.0196,0.000877,0.009017,0.240359
493,T493_UAV_1,BS_4,LEO_0,107.710283,107.509719,0.044426,0.013851,0.211437
493,T493_UAV_3,BS_4,HAP_2,44.342562,44.2899,0.001409,0.003812,0.237206
493,T493_UAV_7,BS_2,HAP_0,51.634708,51.436557,0.027024,0.015566,0.277805
493,T493_UAV_6,HAP_1,LEO_1,71.890765,71.833763,0.000746,0.008184,0.240359
493,T493_UAV_8,BS_0,LEO_0,76.641855,76.440644,0.043995,0.014928,0.211437
493,T493_UAV_9,HAP_1,HAP_1,98.798066,98.57187,0.026655,0.015086,0.422272
494,T494_UAV_1,BS_4,LEO_1,77.655321,77.468305,0.040676,0.007125,0.196077
494,T494_UAV_0,BS_4,LEO_0,82.5444,82.35584,0.042847,0.00829,0.187113
494,T494_UAV_5,BS_4,HAP_0,140.994009,140.804606,0.02898,0.022275,0.19074
494,T494_UAV_4,BS_4,HAP_2,164.239589,164.169787,0.004122,0.01243,0.266249
494,T494_UAV_6,HAP_1,LEO_1,55.677522,55.484852,0.040575,0.012879,0.196077
494,T494_UAV_3,BS_4,LEO_0,57.95681,57.763076,0.042414,0.013897,0.187113
494,T494_UAV_7,BS_2,HAP_1,89.2382,89.004278,0.02695,0.03492,0.360262
494,T494_UAV_9,HAP_1,HAP_0,152.311995,152.115352,0.03127,0.027224,0.19074
494,T494_UAV_8,BS_0,HAP_2,154.240337,154.168147,0.005164,0.013777,0.266249
495,T495_UAV_1,BS_4,LEO_1,136.535856,136.487303,0.001033,0.010696,0.184122
495,T495_UAV_5,BS_4,LEO_0,110.347575,110.279042,0.003842,0.01326,0.257156
495,T495_UAV_4,BS_4,HAP_0,195.709862,195.656608,0.006097,0.010261,0.184484
495,T495_UAV_0,BS_4,LEO_1,199.052108,199.007044,0.001868,0.006372,0.184122
495,T495_UAV_2,BS_1,HAP_2,33.788593,33.609574,0.026179,0.010232,0.213038
495,T495_UAV_7,BS_2,LEO_0,74.065163,74.001745,0.003531,0.008456,0.257156
495,T495_UAV_3,BS_4,LEO_1,135.090363,135.040148,0.00105,0.012341,0.184122
495,T495_UAV_9,HAP_1,HAP_0,142.726588,142.674735,0.005892,0.009065,0.184484
496,T496_UAV_1,BS_4,LEO_0,78.840289,78.649612,0.042379,0.010288,0.190046
496,T496_UAV_3,BS_4,LEO_1,59.068628,58.873892,0.040717,0.008566,0.227267
496,T496_UAV_0,BS_4,LEO_0,58.094741,57.905572,0.041491,0.009669,0.190046
496,T496_UAV_7,BS_2,BS_3,63.582079,63.417883,0.025837,0.015753,0.113033
496,T496_UAV_4,BS_4,LEO_0,72.098746,71.914565,0.042031,0.004141,0.190046
496,T496_UAV_2,BS_1,HAP_2,75.255684,75.204478,0.002644,0.004911,0.218258
496,T496_UAV_8,BS_0,HAP_0,83.239615,83.166194,0.003472,0.012643,0.286524
497,T497_UAV_1,BS_4,LEO_1,107.167271,106.962783,0.040938,0.009772,0.268889
497,T497_UAV_4,BS_4,LEO_0,113.391849,113.337336,0.004336,0.003145,0.235161
497,T497_UAV_3,BS_4,BS_3,455.733156,455.466433,0.1238,0.004795,0.190644
497,T497_UAV_5,BS_4,BS_3,597.68228,597.37391,0.159259,0.010982,0.190644
497,T497_UAV_8,BS_0,HAP_2,29.253216,29.183682,0.00136,0.00654,0.30817
497,T497_UAV_7,BS_2,HAP_0,36.223173,36.033773,0.02643,0.018654,0.221579
497,T497_UAV_9,HAP_1,LEO_1,63.540084,63.327805,0.040493,0.018008,0.268889
497,T497_UAV_2,BS_1,LEO_0,64.892687,64.837616,0.002829,0.00521,0.235161
497,T497_UAV_6,HAP_1,HAP_1,97.056338,96.756432,0.026797,0.07001,0.515495
497,T497_UAV_0,BS_4,BS_3,249.244294,249.019158,0.072214,0.014793,0.190644
498,T498_UAV_3,BS_4,LEO_1,132.730532,132.67575,0.00094,0.015193,0.193247
498,T498_UAV_5,BS_4,LEO_0,73.578558,73.497294,0.00257,0.015692,0.315009
498,T498_UAV_4,BS_4,HAP_0,59.882354,59.832603,0.002547,0.006377,0.204137
498,T498_UAV_7,BS_2,HAP_2,100.000004,99.819018,0.027593,0.0161,0.186468
498,T498_UAV_1,BS_4,LEO_1,110.712835,110.664225,0.000764,0.009196,0.193247
498,T498_UAV_0,BS_4,LEO_0,63.402619,63.319666,0.002185,0.017767,0.315009
498,T498_UAV_8,BS_0,LEO_1,166.715864,166.662644,0.000975,0.013595,0.193247
498,T498_UAV_2,BS_1,HAP_2,221.39198,221.21304,0.030148,0.011499,0.186468
498,T498_UAV_9,HAP_1,LEO_1,200.450998,200.39828,0.001253,0.012815,0.193247
498,T498_UAV_6,HAP_1,HAP_2,270.624525,270.440649,0.031428,0.015155,0.186468
499,T499_UAV_4,BS_4,LEO_1,56.860905,56.641642,0.040811,0.016708,0.308721
499,T499_UAV_3,BS_4,HAP_0,173.430228,173.362442,0.004003,0.005573,0.291049
499,T499_UAV_1,BS_4,LEO_0,36.588411,36.504076,0.002667,0.013741,0.339638
499,T499_UAV_2,BS_1,HAP_2,60.457495,60.267934,0.027108,0.008905,0.267736
499,T499_UAV_8,BS_0,HAP_0,127.505829,127.432427,0.003931,0.011262,0.291049
500,T500_UAV_4,BS_4,LEO_0,83.616069,83.426151,0.043191,0.007772,0.194778
500,T500_UAV_3,BS_4,LEO_1,126.123152,125.914405,0.041143,0.009011,0.292966
500,T500_UAV_2,BS_1,HAP_2,48.14857,48.09419,0.001684,0.010694,0.210012
500,T500_UAV_5,BS_4,HAP_0,61.522799,61.347286,0.027326,0.010839,0.186736
500,T500_UAV_9,HAP_1,HAP_1,70.662507,70.394806,0.026204,0.052828,0.443344
500,T500_UAV_7,BS_2,LEO_0,116.991683,116.797384,0.045617,0.009726,0.194778
500,T500_UAV_6,HAP_1,LEO_1,131.940272,131.720395,0.041367,0.019917,0.292966
