slot,ap_id,tier,fidelity,trust,mismatch,uncertainty,twin_age,sync_triggered,coordination_triggered,queue_size,local_load
1,BS_0,BS,0.332871,0.763567,1.0,1.116968,1,1,1,3,0.0
1,BS_1,BS,0.332871,0.714619,1.0,0.452517,1,1,1,1,0.0
1,BS_2,BS,0.332871,0.71448,1.0,1.194326,1,1,1,4,0.0
1,BS_3,BS,0.332871,0.716828,1.0,0.655879,1,1,1,2,0.0
1,BS_4,BS,0.332871,0.768926,1.0,0.960275,1,1,1,3,0.0
1,HAP_0,HAP,0.904837,0.764073,0.0,0.0,1,0,0,0,0.0
1,HAP_1,HAP,0.904837,0.7997,0.0,0.0,1,0,0,0,0.0
1,HAP_2,HAP,0.332871,0.880145,1.0,0.696908,1,1,1,4,0.0
1,LEO_0,LEO,0.904837,0.87698,0.0,0.0,1,0,0,0,0.0
1,LEO_1,LEO,0.904837,0.927737,0.0,0.0,1,0,0,0,0.0
2,BS_0,BS,0.658919,0.776825,0.317155,0.938838,1,1,1,3,0.0
2,BS_1,BS,0.702601,0.74966,0.252966,0.39081,1,1,1,1,0.0
2,BS_2,BS,0.661465,0.737786,0.313299,0.999631,1,1,1,5,0.0
2,BS_3,BS,0.674254,0.750249,0.294149,0.563639,1,1,1,1,0.0
2,BS_4,BS,0.695611,0.786028,0.262964,0.799338,1,1,1,3,0.0
2,HAP_0,HAP,0.51343,0.768761,0.566641,0.144487,1,1,1,0,1.062452
2,HAP_1,HAP,0.628536,0.812432,0.364363,0.059742,1,1,1,0,0.68318
2,HAP_2,HAP,0.590203,0.874143,0.427289,0.639686,1,1,1,1,0.0
2,LEO_0,LEO,0.534732,0.862135,0.525989,0.124499,1,1,1,0,0.98623
2,LEO_1,LEO,0.555831,0.905642,0.48729,0.106853,1,1,1,0,0.913669
3,BS_0,BS,0.636321,0.787995,0.352052,0.806844,1,1,1,2,0.0
3,BS_1,BS,0.533862,0.754699,0.527619,0.437919,1,1,1,2,1.669119
3,BS_2,BS,0.66198,0.756478,0.31252,0.843656,1,1,1,6,0.0
3,BS_3,BS,0.635907,0.77038,0.352702,0.506891,1,1,1,2,0.0
3,BS_4,BS,0.711858,0.800058,0.239878,0.665364,1,1,1,2,0.0
3,HAP_0,HAP,0.800874,0.807216,0.022052,0.115808,2,0,0,0,0.596124
3,HAP_1,HAP,0.794511,0.843321,0.030029,0.048199,2,0,0,0,0.466212
3,HAP_2,HAP,0.584288,0.863662,0.437361,0.597827,1,1,1,3,0.340365
3,LEO_0,LEO,0.809088,0.882863,0.011848,0.099663,2,0,0,0,0.569523
3,LEO_1,LEO,0.810323,0.913702,0.110322,0.09096,1,1,1,0,0.341347
4,BS_0,BS,0.692692,0.799897,0.267169,0.677596,1,1,1,3,0.0
4,BS_1,BS,0.782367,0.78221,0.145431,0.359853,1,1,1,1,0.497982
4,BS_2,BS,0.645304,0.7699,0.338034,0.726345,1,1,1,5,0.0
4,BS_3,BS,0.606287,0.78813,0.400402,0.477657,1,1,1,1,0.0
4,BS_4,BS,0.682294,0.808235,0.282294,0.568152,1,1,1,3,0.612583
4,HAP_0,HAP,0.789398,0.828737,0.136485,0.101029,1,1,1,0,0.944148
4,HAP_1,HAP,0.770224,0.858204,0.161074,0.050235,1,1,1,0,0.727988
4,HAP_2,HAP,0.655232,0.860166,0.322766,0.525141,1,1,1,3,0.363039
4,LEO_0,LEO,0.729169,0.899265,0.01585,0.079843,3,0,0,0,0.605911
4,LEO_1,LEO,0.790956,0.91635,0.134512,0.08091,1,1,1,0,0.712846
5,BS_0,BS,0.680633,0.80794,0.284733,0.578559,1,1,1,3,0.0
5,BS_1,BS,0.753853,0.80025,0.182558,0.30288,1,1,1,2,0.706825
5,BS_2,BS,0.649003,0.780981,0.332319,0.630772,1,1,1,5,0.0
5,BS_3,BS,0.478228,0.779415,0.637667,0.565104,1,1,1,1,0.770627
5,BS_4,BS,0.602639,0.807227,0.406438,0.528857,1,1,1,2,0.496497
5,HAP_0,HAP,0.713854,0.843884,0.237077,0.106116,1,1,1,0,0.388994
5,HAP_1,HAP,0.817477,0.875689,0.101533,0.044827,1,1,1,0,0.42807
5,HAP_2,HAP,0.652824,0.854266,0.326448,0.468069,1,1,1,4,0.578185
5,LEO_0,LEO,0.641357,0.911113,0.044169,0.064752,4,0,0,0,0.554314
5,LEO_1,LEO,0.7477,0.922858,0.090754,0.068434,2,0,0,0,0.433524
6,BS_0,BS,0.647814,0.812696,0.334151,0.513093,1,1,1,3,0.0
6,BS_1,BS,0.692171,0.811777,0.267922,0.274606,1,1,1,2,0.0
6,BS_2,BS,0.642011,0.789196,0.343149,0.557606,1,1,1,4,0.0
6,BS_3,BS,0.665438,0.794819,0.30731,0.494581,1,1,1,2,0.0
6,BS_4,BS,0.718857,0.816981,0.230092,0.44691,1,1,1,3,0.0
6,HAP_0,HAP,0.808095,0.868534,0.013076,0.08497,2,0,0,0,0.601556
6,HAP_1,HAP,0.535454,0.856116,0.52464,0.159723,1,1,1,0,1.829945
6,HAP_2,HAP,0.850613,0.865455,0.061798,0.376174,1,1,1,3,0.533225
6,LEO_0,LEO,0.873256,0.92098,0.035527,0.05237,1,1,0,0,0.581138
6,LEO_1,LEO,0.693235,0.929161,0.066387,0.056731,3,0,0,0,0.523334
7,BS_0,BS,0.687901,0.819141,0.274111,0.444286,1,1,1,2,0.0
7,BS_1,BS,0.794375,0.830178,0.1302,0.227313,1,1,1,2,0.0
7,BS_2,BS,0.648382,0.79636,0.333275,0.496067,1,1,1,4,0.0
7,BS_3,BS,0.77885,0.816909,0.149937,0.405781,1,1,1,2,0.0
7,BS_4,BS,0.683471,0.821751,0.280572,0.392952,1,1,1,3,0.592236
7,HAP_0,HAP,0.687802,0.883665,0.074255,0.070457,3,0,0,0,0.693583
7,HAP_1,HAP,0.679846,0.860646,0.285889,0.164558,1,1,1,0,0.562863
7,HAP_2,HAP,0.691002,0.861338,0.269613,0.33365,1,1,1,3,1.071536
7,LEO_0,LEO,0.767111,0.918514,0.165124,0.054166,1,1,1,0,0.900827
7,LEO_1,LEO,0.761823,0.929449,0.172041,0.058704,1,1,1,0,0.316095
8,BS_0,BS,0.485657,0.805582,0.622253,0.529668,1,1,1,1,0.728083
8,BS_1,BS,0.674787,0.832255,0.293359,0.220577,1,1,1,3,0.378906
8,BS_2,BS,0.645623,0.801836,0.33754,0.448124,1,1,1,4,0.0
8,BS_3,BS,0.724631,0.829912,0.222093,0.346822,1,1,1,1,0.462446
8,BS_4,BS,0.615962,0.821627,0.38457,0.380914,1,1,1,1,0.49738
8,HAP_0,HAP,0.62,0.897828,0.078036,0.059106,4,0,0,0,0.385095
8,HAP_1,HAP,0.695797,0.868743,0.262697,0.162701,1,1,1,0,0.32407
8,HAP_2,HAP,0.674785,0.858739,0.293361,0.305647,1,1,1,3,0.477227
8,LEO_0,LEO,0.762378,0.919235,0.171313,0.056539,1,1,1,0,0.453108
8,LEO_1,LEO,0.778821,0.928238,0.149973,0.057084,1,1,1,0,0.701431
9,BS_0,BS,0.721113,0.820154,0.22696,0.446914,1,1,1,2,0.0
9,BS_1,BS,0.685956,0.83433,0.276941,0.210975,1,1,1,3,0.478356
9,BS_2,BS,0.632459,0.80498,0.358141,0.416218,1,1,1,6,0.0
9,BS_3,BS,0.71505,0.839984,0.235403,0.302394,1,1,1,2,0.0
9,BS_4,BS,0.568079,0.822461,0.465494,0.40224,1,1,1,1,0.0
9,HAP_0,HAP,0.867691,0.910783,0.04192,0.048076,1,1,0,0,0.509921
9,HAP_1,HAP,0.795058,0.887995,0.02934,0.130548,2,0,0,0,0.554664
9,HAP_2,HAP,0.689727,0.859813,0.271459,0.277678,1,1,1,2,0.503456
9,LEO_0,LEO,0.803077,0.928129,0.019305,0.045399,2,0,0,0,0.630174
9,LEO_1,LEO,0.812761,0.936388,0.007318,0.045691,2,0,0,0,0.562327
10,BS_0,BS,0.622497,0.819543,0.374016,0.420481,1,1,1,3,0.425479
10,BS_1,BS,0.620426,0.832452,0.377349,0.232857,1,1,1,3,0.0
10,BS_2,BS,0.646068,0.808773,0.33685,0.384035,1,1,1,5,0.0
10,BS_3,BS,0.751662,0.84967,0.185469,0.257394,1,1,1,1,0.546298
10,BS_4,BS,0.682521,0.832053,0.281961,0.357568,1,1,1,2,0.0
10,HAP_0,HAP,0.760826,0.918036,0.07335,0.040882,2,0,0,0,0.64963
10,HAP_1,HAP,0.807434,0.897054,0.113894,0.110276,1,1,1,0,0.682497
10,HAP_2,HAP,0.643093,0.854041,0.341467,0.274612,1,1,1,4,0.490864
10,LEO_0,LEO,0.69937,0.932374,0.057575,0.037811,3,0,0,0,0.681842
10,LEO_1,LEO,0.766745,0.930818,0.1656,0.048894,1,1,1,0,0.900541
11,BS_0,BS,0.704695,0.825807,0.24999,0.364508,1,1,1,3,0.0
11,BS_1,BS,0.60549,0.832787,0.401717,0.258905,1,1,1,2,0.0
11,BS_2,BS,0.643753,0.811592,0.34044,0.359383,1,1,1,6,0.0
11,BS_3,BS,0.729796,0.854859,0.21499,0.226715,1,1,1,1,0.606772
11,BS_4,BS,0.622217,0.838338,0.374466,0.349155,1,1,1,1,0.0
11,HAP_0,HAP,0.750709,0.915334,0.186737,0.048397,1,1,1,0,0.83158
11,HAP_1,HAP,0.663234,0.88818,0.310627,0.131641,1,1,1,0,1.190506
11,HAP_2,HAP,0.680119,0.85144,0.285487,0.256366,1,1,1,4,0.450559
11,LEO_0,LEO,0.653895,0.938971,0.024808,0.030526,4,0,0,0,0.513023
11,LEO_1,LEO,0.757792,0.933313,0.077346,0.041807,2,0,0,0,0.628572
12,BS_0,BS,0.415516,0.804685,0.778235,0.564148,1,1,1,1,0.501581
12,BS_1,BS,0.620448,0.829777,0.377313,0.271188,1,1,1,3,0.610659
12,BS_2,BS,0.647419,0.814188,0.334761,0.337936,1,1,1,4,0.0
12,BS_3,BS,0.621189,0.847804,0.37612,0.245032,1,1,1,2,0.251043
12,BS_4,BS,0.625395,0.840068,0.369373,0.34072,1,1,1,1,0.533578
12,HAP_0,HAP,0.77217,0.917802,0.158551,0.05003,1,1,1,0,0.42175
12,HAP_1,HAP,0.744441,0.89187,0.195122,0.122445,1,1,1,0,0.600223
12,HAP_2,HAP,0.792235,0.859068,0.132897,0.213041,1,1,1,3,0.601632
12,LEO_0,LEO,0.878838,0.944054,0.029155,0.024803,1,1,0,0,0.535766
12,LEO_1,LEO,0.705082,0.936566,0.049441,0.034546,3,0,0,0,0.722319
13,BS_0,BS,0.651455,0.812453,0.328546,0.499893,1,1,1,2,0.0
13,BS_1,BS,0.736613,0.83806,0.205692,0.23599,1,1,1,3,0.0
13,BS_2,BS,0.643432,0.815894,0.340939,0.322656,1,1,1,5,0.0
13,BS_3,BS,0.603311,0.846262,0.405323,0.269955,1,1,1,2,0.0
13,BS_4,BS,0.563632,0.839903,0.473353,0.373405,1,1,1,1,0.0
13,HAP_0,HAP,0.768119,0.924028,0.063811,0.041856,2,0,0,0,0.674314
13,HAP_1,HAP,0.725271,0.895989,0.22121,0.119976,1,1,1,0,0.355093
13,HAP_2,HAP,0.731422,0.862989,0.212764,0.190803,1,1,1,3,0.339974
13,LEO_0,LEO,0.724465,0.933107,0.222322,0.042085,1,1,1,0,0.965183
13,LEO_1,LEO,0.779309,0.934672,0.149348,0.037674,1,1,1,0,0.52453
14,BS_0,BS,0.795199,0.830252,0.129163,0.407422,1,1,1,2,0.0
14,BS_1,BS,0.699322,0.840305,0.257644,0.218663,1,1,1,2,0.63785
14,BS_2,BS,0.646623,0.817556,0.335992,0.308926,1,1,1,4,0.0
14,BS_3,BS,0.700966,0.850035,0.255296,0.245293,1,1,1,1,0.502412
14,BS_4,BS,0.440355,0.816284,0.720174,0.532117,1,1,1,2,0.774474
14,HAP_0,HAP,0.698565,0.931152,0.058727,0.035037,3,0,0,0,0.408735
14,HAP_1,HAP,0.767607,0.908992,0.064477,0.097852,2,0,0,0,0.385472
14,HAP_2,HAP,0.703365,0.86141,0.25188,0.181192,1,1,1,4,0.324053
14,LEO_0,LEO,0.760331,0.930527,0.174002,0.047292,1,1,1,0,0.470002
14,LEO_1,LEO,0.767875,0.934284,0.164128,0.042261,1,1,1,0,0.31026
15,BS_0,BS,0.739363,0.837691,0.201967,0.344293,1,1,1,2,0.698358
15,BS_1,BS,0.719834,0.843583,0.228734,0.198474,1,1,1,3,0.558469
15,BS_2,BS,0.620438,0.817444,0.377329,0.31121,1,1,1,3,0.0
15,BS_3,BS,0.745969,0.85749,0.193071,0.213009,1,1,1,2,0.499655
15,BS_4,BS,0.57579,0.814423,0.452013,0.517635,1,1,1,2,0.0
15,HAP_0,HAP,0.664041,0.93907,0.009411,0.028069,4,0,0,0,0.547153
15,HAP_1,HAP,0.673865,0.915191,0.094726,0.082319,3,0,0,0,0.691565
15,HAP_2,HAP,0.779993,0.865446,0.148471,0.154873,1,1,1,4,0.439792
15,LEO_0,LEO,0.75988,0.935023,0.074594,0.040338,2,0,0,0,0.477313
15,LEO_1,LEO,0.766418,0.930876,0.166027,0.046213,1,1,1,0,0.733455
16,BS_0,BS,0.707568,0.844048,0.245922,0.302649,1,1,1,2,0.282559
16,BS_1,BS,0.677861,0.842551,0.288813,0.196315,1,1,1,3,0.693525
16,BS_2,BS,0.680283,0.822049,0.285246,0.285583,1,1,1,5,0.0
16,BS_3,BS,0.569233,0.843993,0.463466,0.267067,1,1,1,2,0.393723
16,BS_4,BS,0.799398,0.832884,0.123897,0.421016,1,1,1,2,0.0
16,HAP_0,HAP,0.882574,0.944707,0.024912,0.022735,1,1,0,0,0.499596
16,HAP_1,HAP,0.64757,0.924666,0.034528,0.066392,4,0,0,0,0.518993
16,HAP_2,HAP,0.810295,0.87078,0.110357,0.129379,1,1,1,4,0.594191
16,LEO_0,LEO,0.722127,0.940061,0.025555,0.032564,3,0,0,0,0.680015
16,LEO_1,LEO,0.801918,0.937677,0.020749,0.037164,2,0,0,0,0.557722
17,BS_0,BS,0.622157,0.838495,0.374562,0.305253,1,1,1,3,0.591575
17,BS_1,BS,0.513619,0.83108,0.566274,0.301352,1,1,1,2,0.0
17,BS_2,BS,0.661171,0.823856,0.313743,0.272762,1,1,1,4,0.0
17,BS_3,BS,0.789976,0.85423,0.135753,0.221947,1,1,1,2,0.0
17,BS_4,BS,0.611987,0.831418,0.391044,0.405624,1,1,1,1,0.799521
17,HAP_0,HAP,0.759554,0.93751,0.175024,0.031973,1,1,1,0,0.842921
17,HAP_1,HAP,0.899132,0.93455,0.006325,0.053132,1,1,0,0,0.464969
17,HAP_2,HAP,0.789508,0.873453,0.136345,0.111869,1,1,1,4,0.671839
17,LEO_0,LEO,0.781626,0.93942,0.146378,0.035693,1,1,1,0,0.320085
17,LEO_1,LEO,0.674893,0.93706,0.093202,0.03364,3,0,0,0,0.791611
18,BS_0,BS,0.711475,0.844658,0.240415,0.270212,1,1,1,3,0.0
18,BS_1,BS,0.801857,0.846464,0.120825,0.247651,1,1,1,2,0.0
18,BS_2,BS,0.631,0.822466,0.36045,0.276675,1,1,1,6,0.0
18,BS_3,BS,0.459783,0.837303,0.677001,0.383806,1,1,1,1,0.0
18,BS_4,BS,0.570692,0.824576,0.460905,0.420095,1,1,1,2,0.0
18,HAP_0,HAP,0.708757,0.931788,0.244242,0.052423,1,1,1,0,0.25183
18,HAP_1,HAP,0.525933,0.902125,0.542581,0.174983,1,1,1,0,1.656124
18,HAP_2,HAP,0.772426,0.874902,0.158219,0.10076,1,1,1,4,0.482402
18,LEO_0,LEO,0.817803,0.9472,0.001134,0.028555,2,0,0,0,0.437326
18,LEO_1,LEO,0.657728,0.942135,0.018965,0.027074,4,0,0,0,0.609686
19,BS_0,BS,0.720579,0.852028,0.2277,0.239501,1,1,1,2,0.0
19,BS_1,BS,0.721562,0.849361,0.226337,0.221174,1,1,1,2,0.990733
19,BS_2,BS,0.649488,0.82308,0.331571,0.270813,1,1,1,5,0.0
19,BS_3,BS,0.689287,0.84506,0.272098,0.340362,1,1,1,2,0.0
19,BS_4,BS,0.689457,0.829077,0.27185,0.369332,1,1,1,2,0.0
19,HAP_0,HAP,0.767688,0.938236,0.064372,0.043803,2,0,0,0,0.327442
19,HAP_1,HAP,0.691934,0.898295,0.268265,0.172371,1,1,1,0,0.589593
19,HAP_2,HAP,0.790906,0.882974,0.034576,0.081146,2,0,0,3,0.581623
19,LEO_0,LEO,0.635133,0.926932,0.35392,0.079211,1,1,1,0,1.092499
19,LEO_1,LEO,0.792855,0.941672,0.132115,0.029514,1,1,1,0,0.35425
20,BS_0,BS,0.697086,0.851964,0.260846,0.222219,1,1,1,2,0.650899
20,BS_1,BS,0.819011,0.858663,0.099658,0.181408,1,1,1,2,0.700993
20,BS_2,BS,0.648476,0.823477,0.333131,0.26659,1,1,1,4,0.0
20,BS_3,BS,0.552378,0.832745,0.493522,0.381893,1,1,1,2,0.731972
20,BS_4,BS,0.372083,0.805369,0.888639,0.650821,1,1,1,1,0.0
20,HAP_0,HAP,0.705027,0.942576,0.049519,0.036146,3,0,0,0,0.546808
20,HAP_1,HAP,0.805,0.905261,0.116913,0.144048,1,1,1,0,0.612274
20,HAP_2,HAP,0.847263,0.88746,0.065744,0.066862,1,1,0,4,0.556368
20,LEO_0,LEO,0.794824,0.92718,0.129634,0.070931,1,1,1,0,0.583569
20,LEO_1,LEO,0.812578,0.940767,0.107543,0.028816,1,1,1,0,0.662092
21,BS_0,BS,0.710528,0.85727,0.241747,0.204074,1,1,1,2,0.0
21,BS_1,BS,0.627646,0.852879,0.365778,0.205334,1,1,1,2,0.63931
21,BS_2,BS,0.638777,0.822889,0.348201,0.267831,1,1,1,4,0.0
21,BS_3,BS,0.738482,0.839269,0.203158,0.324087,1,1,1,2,0.572407
21,BS_4,BS,0.696341,0.821356,0.261916,0.551527,1,1,1,2,0.0
21,HAP_0,HAP,0.638262,0.946087,0.049007,0.029997,4,0,0,0,0.503138
21,HAP_1,HAP,0.812858,0.912674,0.107199,0.120409,1,1,1,0,0.47884
21,HAP_2,HAP,0.855348,0.891598,0.056246,0.054913,1,1,0,4,0.681596
21,LEO_0,LEO,0.807225,0.934131,0.014153,0.056835,2,0,0,0,0.680803
21,LEO_1,LEO,0.80387,0.945993,0.018317,0.023203,2,0,0,0,0.537181
22,BS_0,BS,0.513667,0.847896,0.566179,0.307511,1,1,1,1,0.0
22,BS_1,BS,0.67197,0.85003,0.297541,0.204106,1,1,1,2,0.501415
22,BS_2,BS,0.647462,0.82323,0.334695,0.264674,1,1,1,5,0.0
22,BS_3,BS,0.46526,0.823005,0.665159,0.458366,1,1,1,1,0.464974
22,BS_4,BS,0.700993,0.833078,0.255257,0.470542,1,1,1,2,0.0
22,HAP_0,HAP,0.876985,0.951165,0.031266,0.024438,1,1,0,0,0.352819
22,HAP_1,HAP,0.797334,0.923524,0.026482,0.096643,2,0,0,0,0.500818
22,HAP_2,HAP,0.812833,0.892467,0.10723,0.049105,1,1,1,3,0.541478
22,LEO_0,LEO,0.67315,0.936018,0.095787,0.049597,3,0,0,0,0.523324
22,LEO_1,LEO,0.696446,0.946366,0.061766,0.020279,3,0,0,0,0.702271
23,BS_0,BS,0.449836,0.824945,0.698873,0.465799,1,1,1,2,0.0
23,BS_1,BS,0.443762,0.832341,0.712468,0.391709,1,1,1,1,0.0
23,BS_2,BS,0.646823,0.823443,0.335683,0.262447,1,1,1,6,0.0
23,BS_3,BS,0.629339,0.82687,0.363085,0.426017,1,1,1,2,0.0
23,BS_4,BS,0.551169,0.822981,0.495713,0.487013,1,1,1,2,0.582021
23,HAP_0,HAP,0.704417,0.93823,0.250385,0.047762,1,1,1,0,0.864118
23,HAP_1,HAP,0.796709,0.92385,0.127266,0.084603,1,1,1,0,0.790985
23,HAP_2,HAP,0.822289,0.893358,0.095663,0.043402,1,1,1,3,0.856835
23,LEO_0,LEO,0.678346,0.928874,0.288098,0.077028,1,1,1,0,0.193352
23,LEO_1,LEO,0.797331,0.945605,0.126486,0.023423,1,1,1,0,0.319269
24,BS_0,BS,0.609988,0.822009,0.394316,0.442608,1,1,1,3,0.0
24,BS_1,BS,0.526649,0.822795,0.541221,0.445181,1,1,1,2,0.0
24,BS_2,BS,0.646228,0.824044,0.336602,0.260943,1,1,1,4,0.0
24,BS_3,BS,0.589046,0.821791,0.429251,0.423729,1,1,1,2,0.719359
24,BS_4,BS,0.77779,0.836798,0.151299,0.399911,1,1,1,2,0.0
24,HAP_0,HAP,0.773947,0.941125,0.056251,0.039633,2,0,0,0,0.568513
24,HAP_1,HAP,0.814539,0.927397,0.105133,0.072656,1,1,1,0,0.488481
24,HAP_2,HAP,0.744937,0.888044,0.194456,0.051737,1,1,1,2,1.460563
24,LEO_0,LEO,0.805275,0.938834,0.016571,0.061746,2,0,0,0,0.342435
24,LEO_1,LEO,0.762889,0.946908,0.070643,0.020984,2,0,0,0,0.569751
25,BS_0,BS,0.671015,0.824812,0.298963,0.394307,1,1,1,4,0.0
25,BS_1,BS,0.576,0.817016,0.451648,0.447939,1,1,1,3,0.0
25,BS_2,BS,0.663204,0.825692,0.310673,0.252187,1,1,1,5,0.0
25,BS_3,BS,0.669605,0.824917,0.301068,0.379772,1,1,1,1,0.778316
25,BS_4,BS,0.481203,0.825492,0.631467,0.499367,1,1,1,1,0.0
25,HAP_0,HAP,0.733069,0.945499,0.010515,0.031757,3,0,0,0,0.694141
25,HAP_1,HAP,0.801487,0.927131,0.121286,0.064745,1,1,1,0,0.804287
25,HAP_2,HAP,0.688599,0.880647,0.273096,0.074952,1,1,1,4,0.560102
25,LEO_0,LEO,0.801849,0.938486,0.120835,0.055967,1,1,1,0,0.584678
25,LEO_1,LEO,0.705004,0.949532,0.049552,0.017892,3,0,0,0,0.494228
26,BS_0,BS,0.665424,0.826438,0.30733,0.357949,1,1,1,4,0.0
26,BS_1,BS,0.73277,0.827545,0.210924,0.378371,1,1,1,3,0.0
26,BS_2,BS,0.654822,0.82617,0.323393,0.248812,1,1,1,5,0.0
26,BS_3,BS,0.705004,0.833281,0.249552,0.331842,1,1,1,2,0.0
26,BS_4,BS,0.693682,0.839158,0.265742,0.431272,1,1,1,1,0.0
26,HAP_0,HAP,0.748834,0.940956,0.189238,0.04152,1,1,1,0,0.341885
26,HAP_1,HAP,0.685848,0.913777,0.277099,0.086348,1,1,1,0,1.224998
26,HAP_2,HAP,0.671396,0.872405,0.298396,0.100029,1,1,1,4,0.332644
26,LEO_0,LEO,0.628701,0.918512,0.3641,0.104429,1,1,1,0,1.170524
26,LEO_1,LEO,0.780022,0.944215,0.148434,0.024228,1,1,1,0,0.687539
27,BS_0,BS,0.626673,0.824116,0.367331,0.347078,1,1,1,3,0.765782
27,BS_1,BS,0.705254,0.832402,0.249197,0.330641,1,1,1,2,0.217504
27,BS_2,BS,0.647561,0.825867,0.334542,0.249413,1,1,1,5,0.784411
27,BS_3,BS,0.63414,0.83617,0.355486,0.32234,1,1,1,1,0.380416
27,BS_4,BS,0.603275,0.841737,0.405382,0.418968,1,1,1,0,0.526018
27,HAP_0,HAP,0.745298,0.943879,0.093971,0.03719,2,0,0,0,0.303675
27,HAP_1,HAP,0.617372,0.903349,0.382283,0.134842,1,1,1,0,0.309489
27,HAP_2,HAP,0.850734,0.880353,0.061656,0.081734,1,1,0,3,0.496796
27,LEO_0,LEO,0.743572,0.916639,0.196289,0.100882,1,1,1,0,0.53847
27,LEO_1,LEO,0.754276,0.943163,0.081997,0.022408,2,0,0,0,0.748541
28,BS_0,BS,0.718363,0.830447,0.23078,0.301629,1,1,1,4,0.0
28,BS_1,BS,0.724659,0.839058,0.222055,0.286702,1,1,1,3,0.0
28,BS_2,BS,0.644047,0.825296,0.339984,0.251545,1,1,1,5,0.0
28,BS_3,BS,0.638809,0.837006,0.34815,0.312416,1,1,1,2,0.0
28,BS_4,BS,0.544978,0.836327,0.50701,0.450851,1,1,1,1,0.0
28,HAP_0,HAP,0.818132,0.945914,0.100731,0.034318,1,1,1,0,0.312045
28,HAP_1,HAP,0.781701,0.913325,0.046283,0.108837,2,0,0,0,0.703764
28,HAP_2,HAP,0.796021,0.88182,0.12813,0.072775,1,1,1,3,1.210495
28,LEO_0,LEO,0.780734,0.91969,0.147521,0.090499,1,1,1,0,0.436392
28,LEO_1,LEO,0.740189,0.948407,0.00085,0.017927,3,0,0,0,0.576774
29,BS_0,BS,0.682209,0.832413,0.282419,0.277196,1,1,1,3,0.0
29,BS_1,BS,0.705413,0.8416,0.248972,0.257256,1,1,1,3,0.338367
29,BS_2,BS,0.642,0.824647,0.343167,0.25423,1,1,1,4,0.0
29,BS_3,BS,0.668024,0.837191,0.30343,0.291364,1,1,1,2,0.444116
29,BS_4,BS,0.557786,0.838706,0.483781,0.466,1,1,1,0,0.0
29,HAP_0,HAP,0.495338,0.908094,0.602515,0.190815,1,1,1,0,1.482071
29,HAP_1,HAP,0.715732,0.923226,0.03445,0.087604,3,0,0,0,0.506363
29,HAP_2,HAP,0.730521,0.879815,0.213997,0.078828,1,1,1,2,0.600161
29,LEO_0,LEO,0.780154,0.92692,0.048264,0.073447,2,0,0,0,0.622806
29,LEO_1,LEO,0.790446,0.946584,0.135158,0.022562,1,1,1,0,0.352189
30,BS_0,BS,0.524728,0.822851,0.544875,0.355356,1,1,1,2,0.0
30,BS_1,BS,0.666004,0.839951,0.30646,0.248067,1,1,1,3,0.693813
30,BS_2,BS,0.647891,0.824675,0.334033,0.253594,1,1,1,4,0.0
30,BS_3,BS,0.736688,0.843025,0.205591,0.252112,1,1,1,2,0.0
30,BS_4,BS,0.522639,0.832223,0.548864,0.508364,1,1,1,1,0.0
30,HAP_0,HAP,0.7073,0.904714,0.246301,0.179951,1,1,1,0,0.560816
30,HAP_1,HAP,0.63342,0.93015,0.056621,0.071526,4,0,0,0,0.495067
30,HAP_2,HAP,0.707582,0.874925,0.245902,0.090273,1,1,1,3,0.572421
30,LEO_0,LEO,0.731009,0.920323,0.213329,0.079237,1,1,1,0,0.90314
30,LEO_1,LEO,0.758259,0.947075,0.076731,0.020699,2,0,0,0,0.597747
31,BS_0,BS,0.667967,0.825992,0.303516,0.32574,1,1,1,4,0.0
31,BS_1,BS,0.607106,0.833029,0.399052,0.270113,1,1,1,2,0.693085
31,BS_2,BS,0.640717,0.82403,0.345168,0.256489,1,1,1,5,0.0
31,BS_3,BS,0.671399,0.841638,0.298391,0.241756,1,1,1,2,0.708389
31,BS_4,BS,0.629594,0.840801,0.362679,0.465882,1,1,1,1,0.0
31,HAP_0,HAP,0.750631,0.912141,0.086841,0.147355,2,0,0,0,0.627903
31,HAP_1,HAP,0.870426,0.935329,0.038773,0.057897,1,1,0,0,0.682245
31,HAP_2,HAP,0.630378,0.868069,0.361435,0.131004,1,1,1,2,0.523973
31,LEO_0,LEO,0.813463,0.923696,0.106454,0.068489,1,1,1,0,0.56164
31,LEO_1,LEO,0.742934,0.938437,0.197147,0.034049,1,1,1,0,0.784617
32,BS_0,BS,0.37917,0.803884,0.86977,0.601017,1,1,1,1,0.0
32,BS_1,BS,0.397566,0.811618,0.822395,0.52044,1,1,1,1,0.0
32,BS_2,BS,0.647915,0.824184,0.333995,0.25539,1,1,1,4,0.0
32,BS_3,BS,0.618333,0.837624,0.380729,0.258634,1,1,1,1,0.698831
32,BS_4,BS,0.561614,0.838167,0.47694,0.475068,1,1,1,1,0.0
32,HAP_0,HAP,0.711574,0.911178,0.240275,0.143863,1,1,1,0,0.354306
32,HAP_1,HAP,0.79948,0.940844,0.023793,0.046572,2,0,0,0,0.58732
32,HAP_2,HAP,0.570511,0.853269,0.461222,0.20053,1,1,1,4,0.318138
32,LEO_0,LEO,0.789269,0.930813,0.036647,0.055396,2,0,0,0,0.588767
32,LEO_1,LEO,0.767674,0.939117,0.06439,0.029105,2,0,0,0,0.786261
33,BS_0,BS,0.459977,0.789568,0.67658,0.686805,1,1,1,4,0.0
33,BS_1,BS,0.542034,0.807047,0.512427,0.534514,1,1,1,3,0.0
33,BS_2,BS,0.648339,0.824347,0.333341,0.254314,1,1,1,5,0.0
33,BS_3,BS,0.656005,0.838017,0.321587,0.253446,1,1,1,2,0.0
33,BS_4,BS,0.630684,0.845506,0.36095,0.438683,1,1,1,1,0.0
33,HAP_0,HAP,0.81094,0.923673,0.009561,0.115132,2,0,0,0,0.484021
33,HAP_1,HAP,0.752415,0.938026,0.184467,0.052571,1,1,1,0,0.297887
33,HAP_2,HAP,0.806022,0.861305,0.115645,0.166442,1,1,1,3,0.622161
33,LEO_0,LEO,0.685897,0.934689,0.077028,0.046987,3,0,0,0,0.518811
33,LEO_1,LEO,0.695696,0.941663,0.062843,0.025061,3,0,0,0,0.538341
34,BS_0,BS,0.596718,0.799074,0.41631,0.627436,1,1,1,2,0.0
34,BS_1,BS,0.700728,0.815999,0.255636,0.457018,1,1,1,2,0.794618
34,BS_2,BS,0.647045,0.824357,0.33534,0.254055,1,1,1,5,0.0
34,BS_3,BS,0.793659,0.850174,0.131101,0.210491,1,1,1,2,0.395152
34,BS_4,BS,0.542644,0.83757,0.511301,0.468589,1,1,1,1,0.575482
34,HAP_0,HAP,0.584703,0.90135,0.436652,0.177905,1,1,1,0,1.306234
34,HAP_1,HAP,0.787176,0.935838,0.139303,0.050789,1,1,1,0,0.688509
34,HAP_2,HAP,0.812232,0.867691,0.107969,0.138399,1,1,1,3,0.897876
34,LEO_0,LEO,0.735306,0.93192,0.207469,0.056959,1,1,1,0,0.289378
34,LEO_1,LEO,0.783233,0.940032,0.144325,0.029422,1,1,1,0,0.433274
35,BS_0,BS,0.55832,0.796881,0.482822,0.606851,1,1,1,3,0.0
35,BS_1,BS,0.767146,0.830808,0.165078,0.377878,1,1,1,2,0.0
35,BS_2,BS,0.648186,0.824471,0.333578,0.253317,1,1,1,5,0.0
35,BS_3,BS,0.631993,0.850847,0.358877,0.226349,1,1,1,2,0.0
35,BS_4,BS,0.583058,0.842057,0.439468,0.461781,1,1,1,0,0.0
35,HAP_0,HAP,0.679639,0.898122,0.286194,0.179182,1,1,1,0,0.438546
35,HAP_1,HAP,0.772813,0.935767,0.157719,0.051825,1,1,1,0,0.274474
35,HAP_2,HAP,0.845397,0.875101,0.067949,0.112797,1,1,1,3,1.521646
35,LEO_0,LEO,0.781345,0.938025,0.046739,0.04655,2,0,0,0,0.50373
35,LEO_1,LEO,0.817205,0.942371,0.101865,0.028207,1,1,1,0,0.326954
36,BS_0,BS,0.753974,0.813519,0.182397,0.500452,1,1,1,2,0.0
36,BS_1,BS,0.687521,0.83375,0.274662,0.33625,1,1,1,2,0.692903
36,BS_2,BS,0.647175,0.824469,0.335138,0.253197,1,1,1,5,0.0
36,BS_3,BS,0.710149,0.855154,0.24228,0.207494,1,1,1,1,0.586161
36,BS_4,BS,0.748358,0.861927,0.189873,0.385648,1,1,1,0,0.0
36,HAP_0,HAP,0.748519,0.903318,0.189658,0.159532,1,1,1,0,0.330332
36,HAP_1,HAP,0.766052,0.939712,0.066505,0.04345,2,0,0,0,0.527907
36,HAP_2,HAP,0.476734,0.853988,0.640797,0.275017,1,1,1,1,0.442879
36,LEO_0,LEO,0.796222,0.936824,0.127878,0.044599,1,1,1,0,0.622777
36,LEO_1,LEO,0.784578,0.939352,0.142609,0.031718,1,1,1,0,0.65992
37,BS_0,BS,0.597877,0.816906,0.41437,0.477628,1,1,1,2,0.0
37,BS_1,BS,0.679547,0.834937,0.286329,0.305893,1,1,1,3,0.0
37,BS_2,BS,0.647142,0.824464,0.335189,0.253116,1,1,1,5,0.0
37,BS_3,BS,0.663721,0.85536,0.309893,0.209211,1,1,1,2,0.0
37,BS_4,BS,0.513217,0.852476,0.567056,0.453217,1,1,1,1,0.0
37,HAP_0,HAP,0.745806,0.911289,0.09329,0.131542,2,0,0,0,0.626029
37,HAP_1,HAP,0.711144,0.946016,0.040881,0.035512,3,0,0,0,0.28979
37,HAP_2,HAP,0.574448,0.846559,0.454346,0.312908,1,1,1,4,0.146775
37,LEO_0,LEO,0.765194,0.938847,0.067625,0.037737,2,0,0,0,0.671194
37,LEO_1,LEO,0.795214,0.94461,0.029145,0.025756,2,0,0,0,0.490678
38,BS_0,BS,0.61288,0.81634,0.389586,0.450402,1,1,1,3,0.0
38,BS_1,BS,0.342397,0.804714,0.971783,0.669677,1,1,1,1,0.0
38,BS_2,BS,0.629876,0.822837,0.362232,0.261538,1,1,1,3,0.0
38,BS_3,BS,0.820274,0.867635,0.098117,0.171701,1,1,1,2,0.230886
38,BS_4,BS,0.419956,0.827085,0.767606,0.627722,1,1,1,2,0.0
38,HAP_0,HAP,0.778999,0.913431,0.149745,0.115324,1,1,1,0,0.682674
38,HAP_1,HAP,0.644374,0.949938,0.039476,0.029111,4,0,0,0,0.48073
38,HAP_2,HAP,0.554064,0.833945,0.490475,0.358581,1,1,1,4,0.414121
38,LEO_0,LEO,0.739068,0.945432,0.002365,0.030192,3,0,0,0,0.524194
38,LEO_1,LEO,0.778057,0.938806,0.150955,0.030859,1,1,1,0,0.84999
39,BS_0,BS,0.639764,0.822043,0.346655,0.414398,1,1,1,3,0.0
39,BS_1,BS,0.641127,0.813396,0.344528,0.589157,1,1,1,2,0.0
39,BS_2,BS,0.644635,0.822925,0.339072,0.260967,1,1,1,3,0.0
39,BS_3,BS,0.633628,0.858578,0.356293,0.194486,1,1,1,2,2.549638
39,BS_4,BS,0.719072,0.838625,0.229794,0.52594,1,1,1,2,0.0
39,HAP_0,HAP,0.77649,0.922196,0.052972,0.093522,2,0,0,0,0.506027
39,HAP_1,HAP,0.781502,0.945046,0.146538,0.032952,1,1,1,0,0.651337
39,HAP_2,HAP,0.806652,0.848702,0.114862,0.292802,1,1,1,4,0.192621
39,LEO_0,LEO,0.644775,0.949057,0.038854,0.024833,4,0,0,0,0.482022
39,LEO_1,LEO,0.72746,0.933854,0.218196,0.046112,1,1,1,0,0.316727
40,BS_0,BS,0.808274,0.839571,0.112854,0.33725,1,1,1,2,0.0
40,BS_1,BS,0.812838,0.835865,0.107223,0.476499,1,1,1,2,0.0
40,BS_2,BS,0.604502,0.819139,0.403351,0.281985,1,1,1,6,0.0
40,BS_3,BS,0.583103,0.852161,0.439392,0.242468,1,1,1,2,0.0
40,BS_4,BS,0.636781,0.835969,0.35133,0.476297,1,1,1,2,0.585102
40,HAP_0,HAP,0.719017,0.92935,0.02987,0.075219,3,0,0,0,0.692452
40,HAP_1,HAP,0.785568,0.948504,0.041348,0.027131,2,0,0,0,0.478709
40,HAP_2,HAP,0.707575,0.849895,0.245912,0.261454,1,1,1,2,0.927648
40,LEO_0,LEO,0.763655,0.946072,0.169639,0.032816,1,1,1,0,0.250484
40,LEO_1,LEO,0.808914,0.933925,0.112062,0.042541,1,1,1,0,0.701812
41,BS_0,BS,0.670103,0.839379,0.300324,0.310387,1,1,1,3,0.567386
41,BS_1,BS,0.709615,0.844065,0.243033,0.407778,1,1,1,1,0.555878
41,BS_2,BS,0.648192,0.820297,0.333568,0.275658,1,1,1,5,0.0
41,BS_3,BS,0.68703,0.858785,0.275377,0.228099,1,1,1,1,0.0
41,BS_4,BS,0.759645,0.847977,0.174905,0.394804,1,1,1,2,0.0
41,HAP_0,HAP,0.626074,0.934242,0.068287,0.062274,4,0,0,0,0.477341
41,HAP_1,HAP,0.80773,0.948022,0.113527,0.027504,1,1,1,0,0.369869
41,HAP_2,HAP,0.743543,0.854208,0.196329,0.226508,1,1,1,4,0.429585
41,LEO_0,LEO,0.753191,0.939596,0.183437,0.041395,1,1,1,0,0.707087
41,LEO_1,LEO,0.806968,0.939957,0.014472,0.034127,2,0,0,0,0.628535
42,BS_0,BS,0.517019,0.829445,0.559676,0.389267,1,1,1,1,0.0
42,BS_1,BS,0.573761,0.835879,0.455543,0.419606,1,1,1,3,0.0
42,BS_2,BS,0.642463,0.820691,0.342446,0.273298,1,1,1,4,0.0
42,BS_3,BS,0.703873,0.863604,0.251157,0.210865,1,1,1,2,0.0
42,BS_4,BS,0.708601,0.849653,0.244462,0.342736,1,1,1,2,0.754396
42,HAP_0,HAP,0.784571,0.93481,0.142618,0.058972,1,1,1,0,0.374779
42,HAP_1,HAP,0.77187,0.942187,0.158939,0.033371,1,1,1,0,0.73752
42,HAP_2,HAP,0.794355,0.862843,0.130225,0.188838,1,1,1,3,0.464386
42,LEO_0,LEO,0.790963,0.939918,0.134504,0.041257,1,1,1,0,0.304592
42,LEO_1,LEO,0.804262,0.93703,0.117831,0.033549,1,1,1,0,0.825311
43,BS_0,BS,0.661683,0.831981,0.312968,0.35549,1,1,1,3,0.0
43,BS_1,BS,0.649023,0.834358,0.332288,0.385372,1,1,1,3,0.0
43,BS_2,BS,0.626407,0.819488,0.367755,0.279498,1,1,1,5,0.0
43,BS_3,BS,0.69361,0.863597,0.265846,0.200495,1,1,1,2,0.261176
43,BS_4,BS,0.679353,0.851247,0.286614,0.311155,1,1,1,1,0.591268
43,HAP_0,HAP,0.80066,0.941719,0.022318,0.047402,2,0,0,0,0.497982
43,HAP_1,HAP,0.745891,0.94334,0.093176,0.030604,2,0,0,0,0.435096
43,HAP_2,HAP,0.757453,0.865454,0.177794,0.165295,1,1,1,4,0.461729
43,LEO_0,LEO,0.81707,0.947752,0.002031,0.033008,2,0,0,0,0.415421
43,LEO_1,LEO,0.766902,0.939169,0.065396,0.028764,2,0,0,0,0.619748
44,BS_0,BS,0.688987,0.834674,0.272533,0.317816,1,1,1,3,0.0
44,BS_1,BS,0.702969,0.83769,0.252443,0.336975,1,1,1,3,0.0
44,BS_2,BS,0.647007,0.820466,0.335398,0.27422,1,1,1,5,0.0
44,BS_3,BS,0.644497,0.862242,0.339285,0.212198,1,1,1,1,0.389792
44,BS_4,BS,0.654967,0.849398,0.323171,0.295922,1,1,1,2,0.288704
44,HAP_0,HAP,0.717522,0.946525,0.031952,0.038381,3,0,0,0,0.49698
44,HAP_1,HAP,0.715594,0.946896,0.034642,0.025023,3,0,0,0,0.591709
44,HAP_2,HAP,0.576986,0.855918,0.449938,0.223336,1,1,1,2,0.52069
44,LEO_0,LEO,0.717772,0.93674,0.231603,0.050544,1,1,1,0,0.844157
44,LEO_1,LEO,0.712003,0.942038,0.039673,0.023719,3,0,0,0,0.70134
45,BS_0,BS,0.634474,0.834746,0.354959,0.310951,1,1,1,2,0.0
45,BS_1,BS,0.663119,0.836574,0.310801,0.313048,1,1,1,3,0.694057
45,BS_2,BS,0.647411,0.821286,0.334774,0.269809,1,1,1,6,0.0
45,BS_3,BS,0.483155,0.838493,0.627417,0.346902,1,1,1,2,0.29771
45,BS_4,BS,0.740166,0.857236,0.200881,0.254896,1,1,1,1,0.308561
45,HAP_0,HAP,0.656534,0.951207,0.020781,0.030899,4,0,0,0,0.472421
45,HAP_1,HAP,0.758521,0.943362,0.176384,0.034019,1,1,1,0,0.303991
45,HAP_2,HAP,0.611323,0.848241,0.39213,0.247863,1,1,1,3,0.52745
45,LEO_0,LEO,0.813575,0.937737,0.106317,0.045522,1,1,1,0,0.470348
45,LEO_1,LEO,0.631932,0.943465,0.058974,0.020541,4,0,0,0,0.655503
46,BS_0,BS,0.719591,0.840031,0.229073,0.272374,1,1,1,3,0.0
46,BS_1,BS,0.707287,0.839494,0.246319,0.277742,1,1,1,3,0.0
46,BS_2,BS,0.624722,0.819802,0.370449,0.277601,1,1,1,5,0.0
46,BS_3,BS,0.580775,0.836707,0.443392,0.365989,1,1,1,1,0.0
46,BS_4,BS,0.682672,0.855052,0.281741,0.239637,1,1,1,1,0.704462
46,HAP_0,HAP,0.84537,0.953452,0.067981,0.026799,1,1,0,0,0.310181
46,HAP_1,HAP,0.564197,0.915163,0.472352,0.127617,1,1,1,0,1.308949
46,HAP_2,HAP,0.689654,0.848605,0.271565,0.231477,1,1,1,4,0.336489
46,LEO_0,LEO,0.66639,0.921654,0.30588,0.078521,1,1,1,0,1.140982
46,LEO_1,LEO,0.709669,0.936327,0.242956,0.042995,1,1,1,0,0.317775
47,BS_0,BS,0.688927,0.840863,0.272619,0.251344,1,1,1,3,0.463973
47,BS_1,BS,0.662652,0.837908,0.311505,0.265859,1,1,1,2,0.206239
47,BS_2,BS,0.645954,0.82062,0.337026,0.273195,1,1,1,4,0.0
47,BS_3,BS,0.5572,0.836927,0.484831,0.398569,1,1,1,1,0.0
47,BS_4,BS,0.679655,0.85661,0.286169,0.228561,1,1,1,2,0.0
47,HAP_0,HAP,0.577114,0.925394,0.449715,0.112449,1,1,1,0,1.212176
47,HAP_1,HAP,0.622196,0.905509,0.374501,0.165207,1,1,1,0,0.239267
47,HAP_2,HAP,0.825483,0.861038,0.091787,0.188973,1,1,1,4,0.214488
47,LEO_0,LEO,0.669936,0.914532,0.300574,0.103471,1,1,1,0,0.340022
47,LEO_1,LEO,0.597462,0.913335,0.415065,0.111921,1,1,1,0,1.256123
48,BS_0,BS,0.653415,0.83972,0.325543,0.248765,1,1,1,3,0.0
48,BS_1,BS,0.586736,0.83193,0.433181,0.297128,1,1,1,3,0.0
48,BS_2,BS,0.647897,0.821455,0.334023,0.268763,1,1,1,6,0.0
48,BS_3,BS,0.541346,0.830843,0.513696,0.437603,1,1,1,2,0.0
48,BS_4,BS,0.707144,0.858353,0.246521,0.210197,1,1,1,2,0.0
48,HAP_0,HAP,0.688313,0.918972,0.273512,0.123623,1,1,1,0,0.356956
48,HAP_1,HAP,0.741211,0.914656,0.09947,0.136618,2,0,0,0,0.369064
48,HAP_2,HAP,0.753823,0.863407,0.182597,0.166182,1,1,1,4,2.572264
48,LEO_0,LEO,0.778193,0.923682,0.050781,0.083938,2,0,0,0,0.493179
48,LEO_1,LEO,0.626234,0.904529,0.368031,0.150488,1,1,1,0,0.236545
49,BS_0,BS,0.483079,0.825221,0.627575,0.376245,1,1,1,2,0.308744
49,BS_1,BS,0.700157,0.835676,0.256451,0.267297,1,1,1,3,0.722312
49,BS_2,BS,0.648337,0.822163,0.333345,0.265014,1,1,1,6,0.783089
49,BS_3,BS,0.655463,0.835128,0.322414,0.39686,1,1,1,1,0.68936
49,BS_4,BS,0.73353,0.860805,0.209886,0.187981,1,1,1,2,0.494171
49,HAP_0,HAP,0.752639,0.925637,0.084169,0.102086,2,0,0,0,0.438001
49,HAP_1,HAP,0.814676,0.921727,0.104965,0.114252,1,1,1,0,0.367973
49,HAP_2,HAP,0.811337,0.869288,0.109071,0.138299,1,1,1,4,0.662668
49,LEO_0,LEO,0.808598,0.924853,0.112453,0.072841,1,1,1,0,0.795743
49,LEO_1,LEO,0.760958,0.912974,0.073177,0.1228,2,0,0,0,0.680905
50,BS_0,BS,0.675038,0.830952,0.292986,0.339625,1,1,1,2,0.0
50,BS_1,BS,0.674373,0.836338,0.293972,0.252727,1,1,1,3,0.213097
50,BS_2,BS,0.51597,0.813542,0.561707,0.353993,1,1,1,3,0.0
50,BS_3,BS,0.636243,0.835369,0.352174,0.3733,1,1,1,1,0.657175
50,BS_4,BS,0.810812,0.870471,0.109719,0.155802,1,1,1,2,0.235477
50,HAP_0,HAP,0.718761,0.933396,0.030227,0.08208,3,0,0,0,0.550194
50,HAP_1,HAP,0.777431,0.929484,0.051761,0.092607,2,0,0,0,0.506447
50,HAP_2,HAP,0.792402,0.87249,0.132686,0.118562,1,1,1,4,0.843274
50,LEO_0,LEO,0.764998,0.92982,0.067882,0.060346,2,0,0,0,0.565081
50,LEO_1,LEO,0.696032,0.920541,0.062359,0.09999,3,0,0,0,0.605578
51,BS_0,BS,0.655106,0.831055,0.322958,0.318636,1,1,1,3,0.0
51,BS_1,BS,0.475885,0.822848,0.642578,0.387989,1,1,1,2,0.0
51,BS_2,BS,0.679287,0.819534,0.286711,0.320186,1,1,1,6,0.0
51,BS_3,BS,0.603481,0.834006,0.405041,0.372466,1,1,1,2,0.0
51,BS_4,BS,0.751136,0.870888,0.186168,0.140238,1,1,1,2,3.977997
51,HAP_0,HAP,0.740502,0.931945,0.200427,0.083741,1,1,1,0,0.21084
51,HAP_1,HAP,0.727458,0.938753,0.018198,0.074235,3,0,0,0,0.347991
51,HAP_2,HAP,0.615415,0.863641,0.385458,0.16171,1,1,1,3,0.244351
51,LEO_0,LEO,0.769812,0.929575,0.161609,0.06003,1,1,1,0,0.423233
51,LEO_1,LEO,0.768823,0.923942,0.162895,0.091933,1,1,1,0,0.187283
52,BS_0,BS,0.704563,0.834967,0.250178,0.283074,1,1,1,2,0.345654
52,BS_1,BS,0.653209,0.825193,0.325858,0.358174,1,1,1,3,0.746449
52,BS_2,BS,0.689718,0.824519,0.271473,0.289313,1,1,1,5,0.396949
52,BS_3,BS,0.708553,0.840774,0.24453,0.324881,1,1,1,1,0.761201
52,BS_4,BS,0.505943,0.854849,0.581331,0.264266,1,1,1,1,0.272322
52,HAP_0,HAP,0.749249,0.935557,0.088684,0.070532,2,0,0,0,0.516108
52,HAP_1,HAP,0.810287,0.93871,0.110367,0.064869,1,1,1,0,0.615286
52,HAP_2,HAP,0.824188,0.87303,0.093357,0.13329,1,1,1,3,0.429666
52,LEO_0,LEO,0.791618,0.936066,0.033677,0.048534,2,0,0,0,0.582128
52,LEO_1,LEO,0.745464,0.928916,0.093748,0.077501,2,0,0,0,0.508617
53,BS_0,BS,0.363173,0.808006,0.912876,0.601463,1,1,1,1,0.0
53,BS_1,BS,0.610448,0.821834,0.393561,0.35624,1,1,1,3,0.0
53,BS_2,BS,0.642324,0.824625,0.342663,0.284288,1,1,1,3,0.0
53,BS_3,BS,0.594592,0.83544,0.41988,0.339239,1,1,1,2,0.0
53,BS_4,BS,0.539361,0.842545,0.51737,0.331865,1,1,1,2,0.0
53,HAP_0,HAP,0.706127,0.9415,0.04796,0.057461,3,0,0,0,0.391462
53,HAP_1,HAP,0.776427,0.934149,0.153053,0.062437,1,1,1,0,0.81266
53,HAP_2,HAP,0.728187,0.870936,0.217198,0.12786,1,1,1,4,1.095945
53,LEO_0,LEO,0.714348,0.942147,0.036386,0.039423,3,0,0,0,0.426012
53,LEO_1,LEO,0.711016,0.936847,0.041061,0.062759,3,0,0,0,0.362455
54,BS_0,BS,0.586324,0.809366,0.433882,0.565884,1,1,1,2,0.0
54,BS_1,BS,0.750326,0.831291,0.187247,0.30077,1,1,1,3,0.29843
54,BS_2,BS,0.657088,0.825617,0.319937,0.273492,1,1,1,5,0.0
54,BS_3,BS,0.732207,0.841253,0.211692,0.291557,1,1,1,2,0.387739
54,BS_4,BS,0.762525,0.851753,0.171119,0.278669,1,1,1,2,0.418589
54,HAP_0,HAP,0.772433,0.937987,0.158209,0.057232,1,1,1,0,0.61345
54,HAP_1,HAP,0.809815,0.939322,0.01095,0.050003,2,0,0,0,0.726679
54,HAP_2,HAP,0.778104,0.872929,0.150895,0.112535,1,1,1,2,0.745998
54,LEO_0,LEO,0.606982,0.944182,0.099256,0.035972,4,0,0,0,0.334403
54,LEO_1,LEO,0.811975,0.93815,0.108285,0.055484,1,1,1,0,0.508259
55,BS_0,BS,0.615747,0.810196,0.384919,0.519381,1,1,1,3,0.0
55,BS_1,BS,0.69934,0.834587,0.257618,0.270481,1,1,1,3,0.472425
55,BS_2,BS,0.656715,0.826286,0.320505,0.265019,1,1,1,6,0.0
55,BS_3,BS,0.677206,0.843861,0.289779,0.271033,1,1,1,2,0.457459
55,BS_4,BS,0.74536,0.856168,0.193888,0.239852,1,1,1,1,0.715401
55,HAP_0,HAP,0.818405,0.945113,0.000398,0.045786,2,0,0,0,0.513525
55,HAP_1,HAP,0.678717,0.940341,0.087552,0.043452,3,0,0,0,0.549362
55,HAP_2,HAP,0.79605,0.876963,0.128093,0.097411,1,1,1,3,0.546215
55,LEO_0,LEO,0.889715,0.949519,0.016854,0.028905,1,1,0,0,0.512484
55,LEO_1,LEO,0.736997,0.930627,0.205172,0.06333,1,1,1,0,0.82714
56,BS_0,BS,0.717692,0.821407,0.231714,0.439666,1,1,1,3,0.0
56,BS_1,BS,0.610923,0.829105,0.392784,0.28581,1,1,1,2,0.494014
56,BS_2,BS,0.650609,0.826243,0.329847,0.260975,1,1,1,5,0.0
56,BS_3,BS,0.400215,0.821906,0.815754,0.516281,1,1,1,0,0.235916
56,BS_4,BS,0.577266,0.849565,0.449453,0.282785,1,1,1,1,0.455436
56,HAP_0,HAP,0.696331,0.946199,0.06193,0.038355,3,0,0,0,0.640613
56,HAP_1,HAP,0.755655,0.936989,0.18017,0.049369,1,1,1,0,0.41264
56,HAP_2,HAP,0.707153,0.874357,0.246509,0.105274,1,1,1,3,0.749048
56,LEO_0,LEO,0.742993,0.947469,0.097068,0.027364,2,0,0,0,0.669906
56,LEO_1,LEO,0.758037,0.931757,0.077024,0.053334,2,0,0,0,0.825802
57,BS_0,BS,0.704467,0.827537,0.250314,0.379928,1,1,1,3,0.212038
57,BS_1,BS,0.736741,0.835954,0.205518,0.247655,1,1,1,3,0.0
57,BS_2,BS,0.64812,0.825974,0.333679,0.258884,1,1,1,5,0.0
57,BS_3,BS,0.464801,0.806038,0.666146,0.612712,1,1,1,2,0.264162
57,BS_4,BS,0.58603,0.846737,0.434384,0.311138,1,1,1,1,0.0
57,HAP_0,HAP,0.669148,0.951582,0.00175,0.030685,4,0,0,0,0.504702
57,HAP_1,HAP,0.80087,0.939085,0.122057,0.046199,1,1,1,0,0.286079
57,HAP_2,HAP,0.654796,0.869764,0.323432,0.131293,1,1,1,3,0.315289
57,LEO_0,LEO,0.739498,0.952975,0.001784,0.021893,3,0,0,0,0.453583
57,LEO_1,LEO,0.673055,0.934121,0.095928,0.046808,3,0,0,0,0.488021
58,BS_0,BS,0.675954,0.829618,0.29163,0.342214,1,1,1,3,0.697865
58,BS_1,BS,0.691455,0.837626,0.268957,0.230676,1,1,1,3,0.334071
58,BS_2,BS,0.64444,0.825417,0.339373,0.258935,1,1,1,4,0.0
58,BS_3,BS,0.561162,0.811605,0.477746,0.592879,1,1,1,1,0.0
58,BS_4,BS,0.655026,0.850684,0.323081,0.295882,1,1,1,2,0.0
58,HAP_0,HAP,0.900766,0.955681,0.004509,0.024557,1,1,0,0,0.532443
58,HAP_1,HAP,0.65024,0.922937,0.330414,0.086088,1,1,1,0,0.983635
58,HAP_2,HAP,0.662896,0.863759,0.311137,0.148597,1,1,1,3,0.665924
58,LEO_0,LEO,0.791861,0.947511,0.133369,0.025519,1,1,1,0,0.736037
58,LEO_1,LEO,0.77472,0.933343,0.155253,0.048293,1,1,1,0,0.441644
59,BS_0,BS,0.608737,0.828225,0.396369,0.34447,1,1,1,2,0.0
59,BS_1,BS,0.662394,0.836387,0.311895,0.228316,1,1,1,3,0.0
59,BS_2,BS,0.647976,0.8253,0.333902,0.257319,1,1,1,4,0.0
59,BS_3,BS,0.428304,0.792105,0.747922,0.726027,1,1,1,2,0.0
59,BS_4,BS,0.692903,0.859091,0.266866,0.268754,1,1,1,1,0.0
59,HAP_0,HAP,0.5393,0.920433,0.517484,0.140151,1,1,1,0,2.100342
59,HAP_1,HAP,0.614125,0.913395,0.387557,0.13646,1,1,1,0,0.0
59,HAP_2,HAP,0.67232,0.863205,0.297021,0.158577,1,1,1,3,0.0
59,LEO_0,LEO,0.813591,0.951069,0.006298,0.020433,2,0,0,0,0.648487
59,LEO_1,LEO,0.75777,0.928266,0.177375,0.052792,1,1,1,0,0.854688
60,BS_0,BS,0.770494,0.841592,0.160723,0.2872,1,1,1,2,0.0
60,BS_1,BS,0.536958,0.827153,0.521835,0.305193,1,1,1,2,0.0
60,BS_2,BS,0.64686,0.825102,0.335625,0.256545,1,1,1,4,0.0
60,BS_3,BS,0.717578,0.811259,0.231874,0.605016,1,1,1,2,0.0
60,BS_4,BS,0.580524,0.851315,0.443824,0.303644,1,1,1,2,0.0
60,HAP_0,HAP,0.572653,0.904249,0.457475,0.206298,1,1,1,0,0.25446
60,HAP_1,HAP,0.764725,0.920281,0.16824,0.121905,1,1,1,0,0.0
60,HAP_2,HAP,0.621469,0.860954,0.375669,0.190369,1,1,1,2,0.303333
60,LEO_0,LEO,0.592059,0.922577,0.42415,0.097302,1,1,1,0,1.439601
60,LEO_1,LEO,0.741488,0.920448,0.199096,0.060072,1,1,1,0,1.083319
61,BS_0,BS,0.766899,0.849822,0.1654,0.242071,1,1,1,2,0.273631
61,BS_1,BS,0.693014,0.831591,0.266705,0.276164,1,1,1,3,0.0
61,BS_2,BS,0.647403,0.824995,0.334786,0.255673,1,1,1,4,0.0
61,BS_3,BS,0.654488,0.815891,0.323903,0.531224,1,1,1,2,0.570863
61,BS_4,BS,0.788695,0.863146,0.137375,0.251407,1,1,1,2,0.0
61,HAP_0,HAP,0.770518,0.910148,0.160693,0.176659,1,1,1,0,0.335079
61,HAP_1,HAP,0.717464,0.917978,0.232033,0.121752,1,1,1,0,0.532175
61,HAP_2,HAP,0.518219,0.841908,0.557358,0.292087,1,1,1,3,0.533039
61,LEO_0,LEO,0.625778,0.909911,0.368759,0.139034,1,1,1,0,0.432427
61,LEO_1,LEO,0.729795,0.917061,0.214992,0.068857,1,1,1,0,0.544189
62,BS_0,BS,0.664706,0.849117,0.30841,0.236459,1,1,1,2,0.593394
62,BS_1,BS,0.669629,0.835511,0.301031,0.26171,1,1,1,2,0.0
62,BS_2,BS,0.587724,0.819106,0.431499,0.288324,1,1,1,7,0.0
62,BS_3,BS,0.616003,0.822055,0.384504,0.491508,1,1,1,1,0.0
62,BS_4,BS,0.749316,0.869236,0.188594,0.217131,1,1,1,1,0.39307
62,HAP_0,HAP,0.701054,0.904888,0.255171,0.170627,1,1,1,0,0.899734
62,HAP_1,HAP,0.798372,0.921364,0.12518,0.104453,1,1,1,0,0.580245
62,HAP_2,HAP,0.712655,0.848598,0.238759,0.259322,1,1,1,2,0.509562
62,LEO_0,LEO,0.80752,0.920177,0.013788,0.111313,2,0,0,0,0.714956
62,LEO_1,LEO,0.754846,0.920513,0.081242,0.058056,2,0,0,0,0.872694
63,BS_0,BS,0.671862,0.848684,0.297702,0.229049,1,1,1,2,0.0
63,BS_1,BS,0.689223,0.837737,0.272191,0.242708,1,1,1,3,0.0
63,BS_2,BS,0.645849,0.820053,0.33719,0.281823,1,1,1,6,0.0
63,BS_3,BS,0.739615,0.837444,0.201626,0.411501,1,1,1,2,0.0
63,BS_4,BS,0.592259,0.857085,0.423811,0.254532,1,1,1,2,0.0
63,HAP_0,HAP,0.746779,0.912617,0.091986,0.14031,2,0,0,0,0.523829
63,HAP_1,HAP,0.808005,0.931367,0.013187,0.083641,2,0,0,0,0.479037
63,HAP_2,HAP,0.665052,0.847197,0.307889,0.250116,1,1,1,2,0.631242
63,LEO_0,LEO,0.778265,0.917708,0.150688,0.099269,1,1,1,0,1.000862
63,LEO_1,LEO,0.78864,0.923183,0.137446,0.054946,1,1,1,0,0.416065
64,BS_0,BS,0.688678,0.848018,0.272982,0.216773,1,1,1,3,0.0
64,BS_1,BS,0.687075,0.838803,0.275312,0.228275,1,1,1,3,0.0
64,BS_2,BS,0.642657,0.820514,0.342143,0.278136,1,1,1,5,0.0
64,BS_3,BS,0.596767,0.831361,0.416228,0.407161,1,1,1,2,0.573202
64,BS_4,BS,0.808678,0.867177,0.112355,0.209306,1,1,1,2,0.0
64,HAP_0,HAP,0.706496,0.920804,0.047438,0.11326,3,0,0,0,0.660989
64,HAP_1,HAP,0.535967,0.900686,0.523682,0.190322,1,1,1,0,1.673779
64,HAP_2,HAP,0.712002,0.85148,0.239675,0.225942,1,1,1,3,0.669986
64,LEO_0,LEO,0.774439,0.918224,0.155616,0.090312,1,1,1,0,0.590896
64,LEO_1,LEO,0.781397,0.929653,0.046672,0.044937,2,0,0,0,0.637125
65,BS_0,BS,0.565052,0.84048,0.470838,0.273178,1,1,1,2,0.0
65,BS_1,BS,0.629487,0.836529,0.36285,0.241867,1,1,1,2,0.0
65,BS_2,BS,0.640437,0.820675,0.345604,0.276258,1,1,1,7,0.0
65,BS_3,BS,0.758681,0.84394,0.176174,0.339696,1,1,1,2,0.0
65,BS_4,BS,0.60976,0.85571,0.39469,0.237546,1,1,1,1,2.68858
65,HAP_0,HAP,0.616222,0.925702,0.084149,0.093795,4,0,0,0,0.575452
65,HAP_1,HAP,0.625807,0.892541,0.368714,0.213435,1,1,1,0,0.410955
65,HAP_2,HAP,0.617274,0.843858,0.382442,0.246572,1,1,1,3,0.613101
65,LEO_0,LEO,0.764858,0.922402,0.068065,0.074335,2,0,0,0,0.846531
65,LEO_1,LEO,0.724737,0.937342,0.021946,0.036166,3,0,0,0,0.480656
66,BS_0,BS,0.747628,0.848487,0.19085,0.234933,1,1,1,3,0.0
66,BS_1,BS,0.509847,0.827141,0.573645,0.341574,1,1,1,1,0.0
66,BS_2,BS,0.648297,0.821536,0.333407,0.271029,1,1,1,5,0.0
66,BS_3,BS,0.798417,0.854916,0.125124,0.278802,1,1,1,2,0.335097
66,BS_4,BS,0.721951,0.856465,0.225798,0.21298,1,1,1,2,0.424853
66,HAP_0,HAP,0.839824,0.930052,0.074562,0.077538,1,1,0,0,0.607192
66,HAP_1,HAP,0.86582,0.905058,0.044078,0.171622,1,1,1,0,0.64412
66,HAP_2,HAP,0.734996,0.847737,0.207891,0.216706,1,1,1,3,0.590333
66,LEO_0,LEO,0.817564,0.923242,0.101426,0.064097,1,1,1,0,0.871888
66,LEO_1,LEO,0.6302,0.939852,0.061718,0.030647,4,0,0,0,0.663257
67,BS_0,BS,0.693106,0.848306,0.266573,0.219924,1,1,1,3,0.0
67,BS_1,BS,0.553172,0.818655,0.492087,0.382227,1,1,1,3,0.238837
67,BS_2,BS,0.648341,0.822228,0.333339,0.266825,1,1,1,6,0.0
67,BS_3,BS,0.66343,0.850767,0.310332,0.266379,1,1,1,2,0.796876
67,BS_4,BS,0.800556,0.862914,0.122449,0.177131,1,1,1,2,0.737301
67,HAP_0,HAP,0.766358,0.934807,0.066105,0.063997,2,0,0,0,0.507611
67,HAP_1,HAP,0.743109,0.913223,0.096912,0.141524,2,0,0,0,0.467815
67,HAP_2,HAP,0.592342,0.842897,0.423671,0.254138,1,1,1,2,0.433686
67,LEO_0,LEO,0.817632,0.925744,0.101343,0.055899,1,1,1,0,0.631325
67,LEO_1,LEO,0.867328,0.944583,0.042338,0.025324,1,1,0,0,0.436778
68,BS_0,BS,0.357377,0.818216,0.928964,0.564278,1,1,1,1,0.0
68,BS_1,BS,0.696225,0.824493,0.262082,0.336691,1,1,1,2,0.647254
68,BS_2,BS,0.647331,0.822689,0.334897,0.26393,1,1,1,6,0.0
68,BS_3,BS,0.649382,0.845801,0.331735,0.262625,1,1,1,2,0.799254
68,BS_4,BS,0.858033,0.872163,0.053112,0.142974,1,1,0,2,0.743531
68,HAP_0,HAP,0.811202,0.933393,0.109238,0.056567,1,1,1,0,0.855577
68,HAP_1,HAP,0.770125,0.916862,0.161202,0.124913,1,1,1,0,0.380308
68,HAP_2,HAP,0.699426,0.848497,0.257495,0.233147,1,1,1,3,0.311806
68,LEO_0,LEO,0.79317,0.931143,0.031718,0.045172,2,0,0,0,0.774411
68,LEO_1,LEO,0.712919,0.932902,0.238387,0.045832,1,1,1,0,0.938652
69,BS_0,BS,0.475016,0.80297,0.644407,0.63829,1,1,1,3,0.0
69,BS_1,BS,0.671546,0.82854,0.298173,0.309361,1,1,1,3,0.0
69,BS_2,BS,0.599513,0.820292,0.411637,0.287394,1,1,1,4,0.0
69,BS_3,BS,0.844754,0.857536,0.06871,0.212224,1,1,1,2,0.775773
69,BS_4,BS,0.804066,0.875649,0.118073,0.120653,1,1,1,2,0.410341
69,HAP_0,HAP,0.704982,0.920425,0.249583,0.073285,1,1,1,0,1.216828
69,HAP_1,HAP,0.81833,0.92894,0.00049,0.099931,2,0,0,0,0.463948
69,HAP_2,HAP,0.731348,0.85515,0.212866,0.206908,1,1,1,3,0.42144
69,LEO_0,LEO,0.775006,0.930871,0.154884,0.046933,1,1,1,0,0.405036
69,LEO_1,LEO,0.760222,0.93524,0.074145,0.03914,2,0,0,0,0.617664
70,BS_0,BS,0.640183,0.813303,0.346001,0.564504,1,1,1,2,0.0
70,BS_1,BS,0.682003,0.831552,0.282721,0.283458,1,1,1,3,0.417352
70,BS_2,BS,0.696699,0.825918,0.261401,0.260664,1,1,1,4,0.0
70,BS_3,BS,0.806526,0.864131,0.11502,0.175733,1,1,1,2,0.708623
70,BS_4,BS,0.507213,0.856782,0.578825,0.24729,1,1,1,1,0.384774
70,HAP_0,HAP,0.677689,0.912767,0.289067,0.09623,1,1,1,0,0.495832
70,HAP_1,HAP,0.735269,0.92306,0.207519,0.099323,1,1,1,0,0.842059
70,HAP_2,HAP,0.679355,0.857784,0.286612,0.202492,1,1,1,2,0.485175
70,LEO_0,LEO,0.783006,0.937474,0.044615,0.038442,2,0,0,0,0.44944
70,LEO_1,LEO,0.770663,0.933223,0.160503,0.042904,1,1,1,0,0.501425
71,BS_0,BS,0.721985,0.825833,0.22575,0.474537,1,1,1,2,0.0
71,BS_1,BS,0.78056,0.843705,0.147744,0.236589,1,1,1,3,0.0
71,BS_2,BS,0.670086,0.827787,0.30035,0.249126,1,1,1,4,0.0
71,BS_3,BS,0.786816,0.86792,0.13976,0.149376,1,1,1,1,2.567336
71,BS_4,BS,0.678066,0.858378,0.288511,0.235289,1,1,1,2,0.0
71,HAP_0,HAP,0.700017,0.911567,0.256651,0.106625,1,1,1,0,0.250131
71,HAP_1,HAP,0.691896,0.919356,0.26832,0.111857,1,1,1,0,0.183137
71,HAP_2,HAP,0.628864,0.856893,0.36384,0.221565,1,1,1,2,0.166482
71,LEO_0,LEO,0.671381,0.940336,0.098419,0.035112,3,0,0,0,0.353673
71,LEO_1,LEO,0.797048,0.935051,0.12684,0.041563,1,1,1,0,0.356174
72,BS_0,BS,0.772524,0.838954,0.158092,0.390876,1,1,1,3,0.0
72,BS_1,BS,0.608589,0.842459,0.396613,0.260057,1,1,1,2,0.0
72,BS_2,BS,0.652094,0.82759,0.327567,0.247586,1,1,1,5,0.0
72,BS_3,BS,0.767098,0.869428,0.16514,0.131773,1,1,1,2,0.515031
72,BS_4,BS,0.639195,0.85616,0.347545,0.242586,1,1,1,1,0.751694
72,HAP_0,HAP,0.800642,0.923561,0.022341,0.085525,2,0,0,0,0.462829
72,HAP_1,HAP,0.793181,0.921809,0.131704,0.097291,1,1,1,0,0.646886
72,HAP_2,HAP,0.605235,0.850168,0.402139,0.250024,1,1,1,3,0.5429
72,LEO_0,LEO,0.624909,0.943897,0.07015,0.030304,4,0,0,0,0.426854
72,LEO_1,LEO,0.797849,0.941806,0.025835,0.033551,2,0,0,0,0.487707
73,BS_0,BS,0.429565,0.822173,0.744982,0.562451,1,1,1,1,0.0
73,BS_1,BS,0.597813,0.835357,0.414477,0.285352,1,1,1,3,0.0
73,BS_2,BS,0.649665,0.827197,0.331299,0.24746,1,1,1,5,0.0
73,BS_3,BS,0.532422,0.856025,0.530318,0.231975,1,1,1,2,0.0
73,BS_4,BS,0.563001,0.846197,0.474473,0.295375,1,1,1,2,0.0
73,HAP_0,HAP,0.501459,0.890565,0.590233,0.225189,1,1,1,0,2.125737
73,HAP_1,HAP,0.78767,0.925828,0.138677,0.086487,1,1,1,0,0.267965
73,HAP_2,HAP,0.635176,0.846247,0.353853,0.256364,1,1,1,3,0.32311
73,LEO_0,LEO,0.8627,0.947757,0.047688,0.025267,1,1,0,0,0.458368
73,LEO_1,LEO,0.794262,0.943282,0.130342,0.034486,1,1,1,0,0.175673
74,BS_0,BS,0.433872,0.80078,0.735006,0.693065,1,1,1,3,0.0
74,BS_1,BS,0.612995,0.835577,0.389398,0.296515,1,1,1,2,0.0
74,BS_2,BS,0.607258,0.82283,0.398801,0.269537,1,1,1,6,0.0
74,BS_3,BS,0.735734,0.8642,0.206887,0.204841,1,1,1,2,0.0
74,BS_4,BS,0.775837,0.858496,0.153813,0.246946,1,1,1,2,0.0
74,HAP_0,HAP,0.74798,0.892785,0.190379,0.196461,1,1,1,0,0.708742
74,HAP_1,HAP,0.798005,0.935025,0.02564,0.069485,2,0,0,0,0.429926
74,HAP_2,HAP,0.78872,0.857023,0.137344,0.21358,1,1,1,3,0.47995
74,LEO_0,LEO,0.756006,0.947585,0.079706,0.023072,2,0,0,0,0.617278
74,LEO_1,LEO,0.713483,0.934072,0.237597,0.052992,1,1,1,0,0.728613
75,BS_0,BS,0.663831,0.807468,0.309727,0.597621,1,1,1,3,0.449108
75,BS_1,BS,0.631013,0.832967,0.360428,0.295671,1,1,1,3,0.724452
75,BS_2,BS,0.648433,0.823272,0.333196,0.265589,1,1,1,6,0.459563
75,BS_3,BS,0.63294,0.857124,0.35738,0.221347,1,1,1,2,0.37652
75,BS_4,BS,0.757509,0.864482,0.17772,0.21177,1,1,1,1,0.451416
75,HAP_0,HAP,0.796146,0.899654,0.127972,0.164538,1,1,1,0,0.655846
75,HAP_1,HAP,0.716293,0.94178,0.033666,0.056098,3,0,0,0,0.424957
75,HAP_2,HAP,0.721081,0.862191,0.227004,0.194053,1,1,1,2,0.297868
75,LEO_0,LEO,0.815673,0.945645,0.103742,0.023301,1,1,1,0,0.628878
75,LEO_1,LEO,0.777725,0.939361,0.051382,0.043582,2,0,0,0,0.444299
76,BS_0,BS,0.566733,0.807833,0.467868,0.576602,1,1,1,2,0.0
76,BS_1,BS,0.590665,0.830024,0.426506,0.318395,1,1,1,2,0.341247
76,BS_2,BS,0.644579,0.823269,0.339158,0.264234,1,1,1,6,0.0
76,BS_3,BS,0.771577,0.862594,0.159319,0.1885,1,1,1,2,0.248716
76,BS_4,BS,0.677227,0.85987,0.289749,0.207195,1,1,1,2,0.648062
76,HAP_0,HAP,0.799191,0.906857,0.124155,0.138567,1,1,1,0,0.504756
76,HAP_1,HAP,0.803377,0.94079,0.118931,0.051244,1,1,1,0,0.58182
76,HAP_2,HAP,0.677428,0.859409,0.289452,0.192945,1,1,1,2,0.72109
76,LEO_0,LEO,0.789276,0.947881,0.03664,0.019245,2,0,0,0,0.649661
76,LEO_1,LEO,0.729408,0.945206,0.015522,0.034974,3,0,0,0,0.548624
77,BS_0,BS,0.505123,0.806597,0.582953,0.614207,1,1,1,1,0.0
77,BS_1,BS,0.627007,0.827859,0.366798,0.315259,1,1,1,3,0.0
77,BS_2,BS,0.631781,0.822062,0.359213,0.269452,1,1,1,6,0.0
77,BS_3,BS,0.502786,0.848012,0.58759,0.306168,1,1,1,1,0.20484
77,BS_4,BS,0.770832,0.863413,0.160285,0.177317,1,1,1,2,0.385564
77,HAP_0,HAP,0.791746,0.913688,0.133515,0.118876,1,1,1,0,0.337934
77,HAP_1,HAP,0.774798,0.943354,0.055153,0.042364,2,0,0,0,0.608659
77,HAP_2,HAP,0.717092,0.860708,0.232552,0.178692,1,1,1,2,0.562362
77,LEO_0,LEO,0.699233,0.948084,0.057771,0.016898,3,0,0,0,0.683323
77,LEO_1,LEO,0.636217,0.946664,0.052216,0.029206,4,0,0,0,0.662184
78,BS_0,BS,0.43385,0.788235,0.735056,0.734504,1,1,1,3,0.0
78,BS_1,BS,0.619397,0.828561,0.379009,0.316849,1,1,1,2,0.307536
78,BS_2,BS,0.648253,0.822641,0.333474,0.265604,1,1,1,4,0.0
78,BS_3,BS,0.5124,0.830929,0.56865,0.390448,1,1,1,2,0.629282
78,BS_4,BS,0.64196,0.856655,0.34323,0.194867,1,1,1,1,0.762854
78,HAP_0,HAP,0.799221,0.917454,0.124118,0.102033,1,1,1,0,0.661479
78,HAP_1,HAP,0.708661,0.947544,0.044378,0.034777,3,0,0,0,0.410275
78,HAP_2,HAP,0.710414,0.859768,0.241907,0.169287,1,1,1,3,0.768534
78,LEO_0,LEO,0.634545,0.948466,0.054848,0.014872,4,0,0,0,0.669918
78,LEO_1,LEO,0.902261,0.951618,0.002852,0.023368,1,1,0,0,0.533531
79,BS_0,BS,0.710208,0.806582,0.242198,0.614,1,1,1,2,0.0
79,BS_1,BS,0.630129,0.834155,0.36183,0.312394,1,1,1,2,0.0
79,BS_2,BS,0.619052,0.820339,0.379567,0.277315,1,1,1,7,0.0
79,BS_3,BS,0.673657,0.83862,0.295035,0.351529,1,1,1,2,0.0
79,BS_4,BS,0.633858,0.855027,0.35593,0.212902,1,1,1,2,0.0
79,HAP_0,HAP,0.781287,0.92168,0.146813,0.091326,1,1,1,0,0.283103
79,HAP_1,HAP,0.815879,0.948237,0.103489,0.032641,1,1,1,0,0.336766
79,HAP_2,HAP,0.628842,0.85647,0.363875,0.195012,1,1,1,3,0.218946
79,LEO_0,LEO,0.668295,0.939249,0.303026,0.053219,1,1,1,0,0.0
79,LEO_1,LEO,0.546694,0.917954,0.503866,0.132941,1,1,1,0,2.019675
80,BS_0,BS,0.691584,0.815244,0.268771,0.523707,1,1,1,2,0.497245
80,BS_1,BS,0.659274,0.838225,0.316615,0.295025,1,1,1,2,0.0
80,BS_2,BS,0.644926,0.820954,0.33862,0.273451,1,1,1,5,0.0
80,BS_3,BS,0.77394,0.85375,0.156261,0.292211,1,1,1,1,0.0
80,BS_4,BS,0.547085,0.840044,0.503152,0.284245,1,1,1,3,0.0
80,HAP_0,HAP,0.756228,0.919973,0.179413,0.087545,1,1,1,0,0.738921
80,HAP_1,HAP,0.502645,0.910599,0.587871,0.18163,1,1,1,0,1.504031
80,HAP_2,HAP,0.677619,0.859277,0.289169,0.193638,1,1,1,2,0.336402
80,LEO_0,LEO,0.759574,0.943524,0.074998,0.045106,2,0,0,0,0.388458
80,LEO_1,LEO,0.585103,0.903148,0.435968,0.191884,1,1,1,0,0.304447
81,BS_0,BS,0.620602,0.821365,0.377065,0.482946,1,1,1,1,0.0
81,BS_1,BS,0.824516,0.854588,0.092959,0.239909,1,1,1,2,0.0
81,BS_2,BS,0.636204,0.820629,0.352236,0.274592,1,1,1,4,0.0
81,BS_3,BS,0.729665,0.860475,0.21517,0.254603,1,1,1,1,0.390065
81,BS_4,BS,0.763971,0.849217,0.169225,0.240282,1,1,1,2,0.0
81,HAP_0,HAP,0.750682,0.915902,0.186774,0.085734,1,1,1,0,0.94355
81,HAP_1,HAP,0.683514,0.904902,0.280508,0.180712,1,1,1,0,0.525382
81,HAP_2,HAP,0.570831,0.846073,0.460662,0.250405,1,1,1,3,0.724801
81,LEO_0,LEO,0.802515,0.943567,0.120005,0.042565,1,1,1,0,0.421996
81,LEO_1,LEO,0.870519,0.913253,0.038666,0.15418,1,1,1,0,0.741711
82,BS_0,BS,0.59568,0.827497,0.418052,0.465002,1,1,1,1,0.0
82,BS_1,BS,0.7347,0.858115,0.208293,0.211451,1,1,1,2,0.489142
82,BS_2,BS,0.617226,0.818552,0.382519,0.285518,1,1,1,6,0.0
82,BS_3,BS,0.623756,0.852327,0.371995,0.265953,1,1,1,1,0.678399
82,BS_4,BS,0.721078,0.85122,0.227007,0.215415,1,1,1,3,0.740322
82,HAP_0,HAP,0.791108,0.918368,0.13432,0.076706,1,1,1,0,0.565076
82,HAP_1,HAP,0.697813,0.904643,0.259805,0.174944,1,1,1,0,0.29272
82,HAP_2,HAP,0.644294,0.847621,0.3396,0.252221,1,1,1,2,0.249046
82,LEO_0,LEO,0.769629,0.939024,0.161847,0.04584,1,1,1,0,0.66358
82,LEO_1,LEO,0.801226,0.922801,0.021612,0.123554,2,0,0,0,0.639492
83,BS_0,BS,0.624849,0.832868,0.370245,0.433688,1,1,1,2,0.0
83,BS_1,BS,0.645556,0.851622,0.337643,0.220462,1,1,1,3,0.410147
83,BS_2,BS,0.631986,0.818308,0.358888,0.286375,1,1,1,5,0.0
83,BS_3,BS,0.613168,0.850835,0.389117,0.280898,1,1,1,1,0.0
83,BS_4,BS,0.748787,0.854711,0.189301,0.188458,1,1,1,3,0.321549
83,HAP_0,HAP,0.789548,0.926364,0.036295,0.061958,2,0,0,0,0.611771
83,HAP_1,HAP,0.776373,0.912353,0.153122,0.150506,1,1,1,0,0.179431
83,HAP_2,HAP,0.688595,0.852072,0.273102,0.23534,1,1,1,2,0.398987
83,LEO_0,LEO,0.791162,0.943017,0.034252,0.0372,2,0,0,0,0.615417
83,LEO_1,LEO,0.680117,0.925,0.08549,0.102132,3,0,0,0,0.851313
84,BS_0,BS,0.650269,0.837207,0.330369,0.396065,1,1,1,1,0.616618
84,BS_1,BS,0.713816,0.852148,0.237131,0.201673,1,1,1,3,0.529447
84,BS_2,BS,0.645764,0.819407,0.33732,0.280303,1,1,1,6,0.0
84,BS_3,BS,0.611085,0.8436,0.392519,0.29405,1,1,1,1,0.734527
84,BS_4,BS,0.72913,0.855833,0.215903,0.171743,1,1,1,3,0.283474
84,HAP_0,HAP,0.796007,0.928627,0.128148,0.056956,1,1,1,0,0.443083
84,HAP_1,HAP,0.718689,0.909975,0.230326,0.144277,1,1,1,0,0.706648
84,HAP_2,HAP,0.678281,0.854397,0.288194,0.225647,1,1,1,2,0.292513
84,LEO_0,LEO,0.719953,0.947495,0.02857,0.030127,3,0,0,0,0.496921
84,LEO_1,LEO,0.804461,0.92788,0.117583,0.087927,1,1,1,0,0.430387
85,BS_0,BS,0.508056,0.823273,0.577163,0.466755,1,1,1,2,0.0
85,BS_1,BS,0.528119,0.839561,0.538434,0.291799,1,1,1,2,0.0
85,BS_2,BS,0.64067,0.819812,0.34524,0.277878,1,1,1,6,0.0
85,BS_3,BS,0.630288,0.84332,0.361578,0.294073,1,1,1,3,0.0
85,BS_4,BS,0.392209,0.82833,0.83596,0.451868,1,1,1,1,0.0
85,HAP_0,HAP,0.811839,0.932861,0.108454,0.050858,1,1,1,0,0.322233
85,HAP_1,HAP,0.767934,0.917779,0.064052,0.117268,2,0,0,0,0.642517
85,HAP_2,HAP,0.674763,0.857966,0.293394,0.219254,1,1,1,2,0.316573
85,LEO_0,LEO,0.658891,0.951073,0.017198,0.024235,4,0,0,0,0.606292
85,LEO_1,LEO,0.563533,0.901371,0.473529,0.171245,1,1,1,0,1.4385
86,BS_0,BS,0.485359,0.817265,0.622867,0.547987,1,1,1,1,0.0
86,BS_1,BS,0.820213,0.854072,0.098191,0.237778,1,1,1,2,0.0
86,BS_2,BS,0.642674,0.820322,0.342117,0.274973,1,1,1,5,0.0
86,BS_3,BS,0.627627,0.846618,0.36581,0.295476,1,1,1,2,0.0
86,BS_4,BS,0.612184,0.827723,0.390723,0.430193,1,1,1,3,0.0
86,HAP_0,HAP,0.553589,0.905581,0.491332,0.14932,1,1,1,0,1.31521
86,HAP_1,HAP,0.679406,0.907336,0.286536,0.130761,1,1,1,0,1.05293
86,HAP_2,HAP,0.61839,0.857891,0.380637,0.240601,1,1,1,2,0.155652
86,LEO_0,LEO,0.818152,0.950693,0.100707,0.023952,1,1,1,0,0.368058
86,LEO_1,LEO,0.595645,0.891181,0.418111,0.215664,1,1,1,0,0.290577
87,BS_0,BS,0.465878,0.802715,0.663831,0.636692,1,1,1,2,0.0
87,BS_1,BS,0.680206,0.851799,0.28536,0.226866,1,1,1,3,1.054466
87,BS_2,BS,0.628073,0.819352,0.365098,0.279962,1,1,1,7,0.0
87,BS_3,BS,0.586323,0.848333,0.433884,0.321095,1,1,1,1,0.0
87,BS_4,BS,0.708931,0.839301,0.243997,0.370945,1,1,1,1,0.0
87,HAP_0,HAP,0.637622,0.89896,0.35001,0.174584,1,1,1,0,0.282308
87,HAP_1,HAP,0.630239,0.900759,0.361656,0.163467,1,1,1,0,0.183942
87,HAP_2,HAP,0.590263,0.852322,0.427187,0.274601,1,1,1,2,0.423889
87,LEO_0,LEO,0.719986,0.93899,0.228523,0.042662,1,1,1,0,0.878518
87,LEO_1,LEO,0.76809,0.899489,0.163848,0.184612,1,1,1,0,0.33246
88,BS_0,BS,0.79807,0.823295,0.125559,0.516448,1,1,1,2,0.0
88,BS_1,BS,0.685272,0.849895,0.27794,0.216255,1,1,1,3,0.730206
88,BS_2,BS,0.643473,0.820029,0.340875,0.276257,1,1,1,5,0.0
88,BS_3,BS,0.528921,0.838571,0.536915,0.386601,1,1,1,1,0.222387
88,BS_4,BS,0.658051,0.840028,0.318473,0.342397,1,1,1,3,0.23538
88,HAP_0,HAP,0.752538,0.90982,0.084304,0.142865,2,0,0,0,0.423595
88,HAP_1,HAP,0.784379,0.905397,0.142863,0.139958,1,1,1,0,0.744543
88,HAP_2,HAP,0.596277,0.845997,0.41705,0.297949,1,1,1,2,0.674829
88,LEO_0,LEO,0.778773,0.941774,0.050036,0.035256,2,0,0,0,0.605755
88,LEO_1,LEO,0.824165,0.90847,0.093385,0.151614,1,1,1,0,0.599084
89,BS_0,BS,0.525321,0.820639,0.543745,0.546205,1,1,1,1,0.0
89,BS_1,BS,0.725653,0.851702,0.220683,0.19492,1,1,1,3,0.0
89,BS_2,BS,0.648244,0.821014,0.333487,0.271052,1,1,1,6,0.0
89,BS_3,BS,0.612102,0.837062,0.390856,0.378027,1,1,1,2,0.347147
89,BS_4,BS,0.730282,0.844702,0.214324,0.294588,1,1,1,2,0.68949
89,HAP_0,HAP,0.777627,0.915484,0.151508,0.124622,1,1,1,0,0.30295
89,HAP_1,HAP,0.818519,0.913596,0.100258,0.116489,1,1,1,0,0.422288
89,HAP_2,HAP,0.602289,0.840221,0.407017,0.312908,1,1,1,2,0.506073
89,LEO_0,LEO,0.695776,0.943429,0.062727,0.029975,3,0,0,0,0.617862
89,LEO_1,LEO,0.744514,0.914412,0.095023,0.125354,2,0,0,0,0.694925
90,BS_0,BS,0.701245,0.835806,0.254898,0.466202,1,1,1,1,0.0
90,BS_1,BS,0.499802,0.834754,0.593543,0.314468,1,1,1,2,0.455582
90,BS_2,BS,0.587408,0.815889,0.432036,0.300837,1,1,1,3,0.0
90,BS_3,BS,0.527641,0.823221,0.53934,0.433321,1,1,1,3,0.286754
90,BS_4,BS,0.691093,0.8447,0.26948,0.26835,1,1,1,3,0.755106
90,HAP_0,HAP,0.801452,0.927051,0.02133,0.099902,2,0,0,0,0.424961
90,HAP_1,HAP,0.767139,0.920989,0.065087,0.095098,2,0,0,0,0.630233
90,HAP_2,HAP,0.702841,0.845593,0.252625,0.279045,1,1,1,2,0.643707
90,LEO_0,LEO,0.799012,0.941979,0.124379,0.030942,1,1,1,0,0.507024
90,LEO_1,LEO,0.701042,0.922153,0.055187,0.101654,3,0,0,0,0.591603
91,BS_0,BS,0.634754,0.839618,0.354518,0.429519,1,1,1,2,0.0
91,BS_1,BS,0.773631,0.847297,0.15666,0.262618,1,1,1,2,0.0
91,BS_2,BS,0.647933,0.817673,0.333968,0.29086,1,1,1,6,0.0
91,BS_3,BS,0.788573,0.837255,0.13753,0.355168,1,1,1,3,0.0
91,BS_4,BS,0.704177,0.845738,0.250726,0.242968,1,1,1,3,0.0
91,HAP_0,HAP,0.494104,0.892529,0.60501,0.244639,1,1,1,0,1.716201
91,HAP_1,HAP,0.673691,0.92751,0.094984,0.080138,3,0,0,0,0.298174
91,HAP_2,HAP,0.546836,0.840455,0.503607,0.337365,1,1,1,1,0.139198
91,LEO_0,LEO,0.801933,0.946976,0.020731,0.024947,2,0,0,0,0.537916
91,LEO_1,LEO,0.804588,0.9272,0.117425,0.087528,1,1,1,0,0.282895
92,BS_0,BS,0.705099,0.847694,0.249416,0.371609,1,1,1,2,0.0
92,BS_1,BS,0.640236,0.842861,0.345919,0.263942,1,1,1,3,0.539222
92,BS_2,BS,0.628607,0.817284,0.364248,0.292392,1,1,1,7,0.0
92,BS_3,BS,0.730212,0.842325,0.214421,0.304824,1,1,1,2,0.352219
92,BS_4,BS,0.669542,0.843525,0.301162,0.235189,1,1,1,3,0.600938
92,HAP_0,HAP,0.568976,0.882151,0.463916,0.292559,1,1,1,0,0.184398
92,HAP_1,HAP,0.679754,0.92413,0.286024,0.100925,1,1,1,0,0.0
92,HAP_2,HAP,0.564625,0.834896,0.471593,0.369972,1,1,1,2,0.2712
92,LEO_0,LEO,0.737414,0.936561,0.204605,0.038796,1,1,1,0,0.958866
92,LEO_1,LEO,0.642463,0.912248,0.342446,0.122794,1,1,1,0,1.033745
93,BS_0,BS,0.669692,0.848457,0.300937,0.338041,1,1,1,1,0.76197
93,BS_1,BS,0.544127,0.83207,0.508573,0.327544,1,1,1,1,0.605991
93,BS_2,BS,0.645731,0.818585,0.337372,0.285133,1,1,1,5,0.726117
93,BS_3,BS,0.699853,0.843524,0.256885,0.273555,1,1,1,2,0.686219
93,BS_4,BS,0.619274,0.837069,0.379207,0.25286,1,1,1,2,0.734497
93,HAP_0,HAP,0.827626,0.893602,0.089194,0.237627,1,1,1,0,0.74495
93,HAP_1,HAP,0.788558,0.927413,0.13755,0.089254,1,1,1,0,0.436805
93,HAP_2,HAP,0.628998,0.839785,0.363628,0.355479,1,1,1,1,0.323609
93,LEO_0,LEO,0.787163,0.93817,0.03932,0.031732,2,0,0,0,0.871363
93,LEO_1,LEO,0.752212,0.913548,0.184738,0.113592,1,1,1,0,0.42172
94,BS_0,BS,0.662498,0.850502,0.311738,0.314164,1,1,1,2,0.0
94,BS_1,BS,0.599139,0.826579,0.412262,0.338517,1,1,1,3,0.0
94,BS_2,BS,0.624459,0.817809,0.370869,0.290001,1,1,1,3,0.0
94,BS_3,BS,0.716435,0.845826,0.233468,0.243372,1,1,1,3,0.0
94,BS_4,BS,0.697765,0.841704,0.259872,0.232678,1,1,1,2,0.0
94,HAP_0,HAP,0.572967,0.874113,0.456928,0.284054,1,1,1,0,1.555148
94,HAP_1,HAP,0.786292,0.936886,0.040427,0.072139,2,0,0,0,0.236389
94,HAP_2,HAP,0.574809,0.839978,0.453718,0.37702,1,1,1,1,0.233723
94,LEO_0,LEO,0.68206,0.929687,0.282637,0.061334,1,1,1,0,0.268294
94,LEO_1,LEO,0.764574,0.922037,0.068436,0.092982,2,0,0,0,0.457639
95,BS_0,BS,0.756154,0.8598,0.179511,0.265832,1,1,1,2,0.0
95,BS_1,BS,0.723723,0.836225,0.223347,0.293262,1,1,1,2,0.0
95,BS_2,BS,0.636307,0.818161,0.352074,0.287781,1,1,1,6,0.0
95,BS_3,BS,0.634287,0.840349,0.355254,0.25149,1,1,1,2,0.767282
95,BS_4,BS,0.71013,0.846714,0.242308,0.212564,1,1,1,2,0.370157
95,HAP_0,HAP,0.721334,0.877108,0.226653,0.250361,1,1,1,0,0.739019
95,HAP_1,HAP,0.737273,0.945924,0.004797,0.057721,3,0,0,0,0.346661
95,HAP_2,HAP,0.493584,0.826049,0.606063,0.466906,1,1,1,2,0.535175
95,LEO_0,LEO,0.778444,0.935227,0.050458,0.050213,2,0,0,0,0.589625
95,LEO_1,LEO,0.683517,0.928286,0.080504,0.077302,3,0,0,0,0.44682
96,BS_0,BS,0.443707,0.837407,0.71259,0.441169,1,1,1,0,0.71394
96,BS_1,BS,0.709027,0.84002,0.243862,0.26137,1,1,1,2,0.376839
96,BS_2,BS,0.619332,0.81679,0.379115,0.294903,1,1,1,7,0.0
96,BS_3,BS,0.767197,0.847379,0.165011,0.213445,1,1,1,3,0.309653
96,BS_4,BS,0.787819,0.857883,0.138487,0.178681,1,1,1,2,0.33166
96,HAP_0,HAP,0.800581,0.886915,0.122418,0.207032,1,1,1,0,0.713745
96,HAP_1,HAP,0.818015,0.945949,0.100874,0.050756,1,1,1,0,0.509847
96,HAP_2,HAP,0.619465,0.829266,0.378899,0.438129,1,1,1,1,0.469266
96,LEO_0,LEO,0.673315,0.936278,0.095541,0.044278,3,0,0,0,0.634038
96,LEO_1,LEO,0.78285,0.930391,0.144814,0.071278,1,1,1,0,0.330764
97,BS_0,BS,0.544883,0.829795,0.507184,0.468691,1,1,1,2,0.0
97,BS_1,BS,0.680213,0.84003,0.285349,0.245737,1,1,1,3,0.0
97,BS_2,BS,0.643422,0.817976,0.340954,0.288234,1,1,1,7,0.0
97,BS_3,BS,0.720618,0.849245,0.227646,0.194076,1,1,1,3,0.0
97,BS_4,BS,0.755477,0.86552,0.180406,0.157591,1,1,1,3,0.0
97,HAP_0,HAP,0.824061,0.894725,0.093511,0.169561,1,1,1,0,0.963892
97,HAP_1,HAP,0.714661,0.934627,0.235947,0.065657,1,1,1,0,0.878391
97,HAP_2,HAP,0.607279,0.8311,0.398766,0.42206,1,1,1,1,0.563379
97,LEO_0,LEO,0.654859,0.942534,0.023335,0.035667,4,0,0,0,0.481744
97,LEO_1,LEO,0.762173,0.934961,0.071581,0.059328,2,0,0,0,0.543401
98,BS_0,BS,0.599913,0.834588,0.410971,0.450956,1,1,1,1,0.0
98,BS_1,BS,0.669757,0.839,0.30084,0.237317,1,1,1,3,0.0
98,BS_2,BS,0.647143,0.81927,0.335188,0.281146,1,1,1,6,0.0
98,BS_3,BS,0.672583,0.846598,0.29663,0.194856,1,1,1,3,0.39624
98,BS_4,BS,0.646893,0.858289,0.335574,0.176747,1,1,1,3,0.601556
98,HAP_0,HAP,0.651665,0.882247,0.328225,0.184128,1,1,1,0,1.565687
98,HAP_1,HAP,0.779555,0.933729,0.149032,0.06252,1,1,1,0,0.429562
98,HAP_2,HAP,0.689737,0.842958,0.271445,0.370805,1,1,1,0,0.494735
98,LEO_0,LEO,0.896538,0.948874,0.009215,0.028572,1,1,0,0,0.44779
98,LEO_1,LEO,0.75043,0.929953,0.187109,0.063217,1,1,1,0,0.722311
99,BS_0,BS,0.577276,0.832251,0.449434,0.451661,1,1,1,2,0.0
99,BS_1,BS,0.615352,0.83533,0.38556,0.256749,1,1,1,3,0.0
99,BS_2,BS,0.641406,0.81977,0.344092,0.278196,1,1,1,6,0.0
99,BS_3,BS,0.656507,0.843029,0.320822,0.202202,1,1,1,3,0.0
99,BS_4,BS,0.777285,0.864834,0.151948,0.151787,1,1,1,3,0.0
99,HAP_0,HAP,0.566371,0.87186,0.468506,0.246076,1,1,1,0,0.382396
99,HAP_1,HAP,0.787299,0.938568,0.039147,0.050706,2,0,0,0,0.632432
99,HAP_2,HAP,0.546111,0.836314,0.504933,0.411375,1,1,1,2,0.54839
99,LEO_0,LEO,0.520573,0.91301,0.552826,0.160385,1,1,1,0,1.616413
99,LEO_1,LEO,0.760707,0.934426,0.073507,0.053005,2,0,0,0,0.470996
100,BS_0,BS,0.687885,0.842423,0.274133,0.395146,1,1,1,1,0.293766
100,BS_1,BS,0.719286,0.839947,0.229497,0.2291,1,1,1,3,0.68076
100,BS_2,BS,0.64778,0.820764,0.334204,0.272819,1,1,1,6,0.648091
100,BS_3,BS,0.633847,0.838066,0.355947,0.218776,1,1,1,2,0.53073
100,BS_4,BS,0.744941,0.865664,0.19445,0.138445,1,1,1,3,0.661311
100,HAP_0,HAP,0.80132,0.884788,0.121495,0.203503,1,1,1,0,0.53059
100,HAP_1,HAP,0.724298,0.943685,0.022552,0.040793,3,0,0,0,0.575459
100,HAP_2,HAP,0.511018,0.824226,0.57135,0.475998,1,1,1,2,0.603522
100,LEO_0,LEO,0.665624,0.90533,0.307031,0.170728,1,1,1,0,0.509007
100,LEO_1,LEO,0.689101,0.938055,0.072368,0.044761,3,0,0,0,0.514731
101,BS_0,BS,0.650446,0.847392,0.330096,0.36515,1,1,1,1,0.0
101,BS_1,BS,0.555141,0.83217,0.488532,0.290679,1,1,1,1,0.234014
101,BS_2,BS,0.640826,0.820911,0.344997,0.271815,1,1,1,4,0.0
101,BS_3,BS,0.571227,0.832148,0.459969,0.270228,1,1,1,2,0.0
101,BS_4,BS,0.688462,0.86147,0.273296,0.144367,1,1,1,2,0.750471
101,HAP_0,HAP,0.555903,0.865519,0.487161,0.269599,1,1,1,0,2.040835
101,HAP_1,HAP,0.656574,0.947915,0.02072,0.032828,4,0,0,0,0.578248
101,HAP_2,HAP,0.545392,0.82377,0.506251,0.496129,1,1,1,1,0.163616
101,LEO_0,LEO,0.753304,0.908439,0.183286,0.1517,1,1,1,0,0.43708
101,LEO_1,LEO,0.766744,0.936764,0.165602,0.04815,1,1,1,0,0.339489
102,BS_0,BS,0.639737,0.852986,0.346699,0.34621,1,1,1,1,0.0
102,BS_1,BS,0.821887,0.848939,0.096152,0.236703,1,1,1,2,0.0
102,BS_2,BS,0.648344,0.821729,0.333334,0.267453,1,1,1,7,0.0
102,BS_3,BS,0.68167,0.834584,0.28321,0.252276,1,1,1,3,0.0
102,BS_4,BS,0.641745,0.85363,0.343564,0.16861,1,1,1,3,0.0
102,HAP_0,HAP,0.607422,0.862861,0.398532,0.287152,1,1,1,0,0.37827
102,HAP_1,HAP,0.833335,0.949149,0.08232,0.029312,1,1,0,0,0.385734
102,HAP_2,HAP,0.549839,0.820259,0.49813,0.508563,1,1,1,1,0.639152
102,LEO_0,LEO,0.810852,0.920938,0.00967,0.121402,2,0,0,0,0.533386
102,LEO_1,LEO,0.815428,0.944988,0.004042,0.038527,2,0,0,0,0.428974
103,BS_0,BS,0.62133,0.855832,0.375892,0.340551,1,1,1,1,0.0
103,BS_1,BS,0.729647,0.852034,0.215195,0.210202,1,1,1,2,0.687271
103,BS_2,BS,0.634393,0.821078,0.355087,0.270701,1,1,1,6,0.0
103,BS_3,BS,0.59828,0.832801,0.413696,0.278836,1,1,1,2,0.0
103,BS_4,BS,0.732353,0.85606,0.211492,0.155016,1,1,1,3,0.0
103,HAP_0,HAP,0.805176,0.878199,0.116694,0.235849,1,1,1,0,0.494905
103,HAP_1,HAP,0.758266,0.941575,0.176721,0.037503,1,1,1,0,0.786597
103,HAP_2,HAP,0.560114,0.819713,0.479616,0.510365,1,1,1,2,0.160403
103,LEO_0,LEO,0.741852,0.916478,0.198606,0.114872,1,1,1,0,0.913784
103,LEO_1,LEO,0.754464,0.938118,0.181747,0.045686,1,1,1,0,0.766425
104,BS_0,BS,0.60532,0.855647,0.401998,0.345162,1,1,1,1,0.0
104,BS_1,BS,0.75022,0.856822,0.187389,0.183963,1,1,1,3,0.0
104,BS_2,BS,0.6456,0.821608,0.337575,0.267842,1,1,1,7,0.0
104,BS_3,BS,0.47142,0.823143,0.652007,0.414369,1,1,1,1,0.0
104,BS_4,BS,0.664115,0.854216,0.309299,0.167062,1,1,1,2,0.0
104,HAP_0,HAP,0.593745,0.865524,0.421305,0.268554,1,1,1,0,1.342482
104,HAP_1,HAP,0.764581,0.943569,0.068427,0.032109,2,0,0,0,0.519581
104,HAP_2,HAP,0.622852,0.826432,0.373446,0.47105,1,1,1,1,0.447239
104,LEO_0,LEO,0.802439,0.920017,0.120099,0.098388,1,1,1,0,0.536017
104,LEO_1,LEO,0.741454,0.939611,0.099141,0.040972,2,0,0,0,0.442708
105,BS_0,BS,0.613901,0.854764,0.387921,0.343847,1,1,1,1,0.0
105,BS_1,BS,0.760908,0.860351,0.173243,0.160676,1,1,1,2,0.389247
105,BS_2,BS,0.6245,0.820038,0.370804,0.276146,1,1,1,4,0.0
105,BS_3,BS,0.64398,0.83147,0.340088,0.383542,1,1,1,2,0.0
105,BS_4,BS,0.737814,0.857788,0.204063,0.152389,1,1,1,3,0.0
105,HAP_0,HAP,0.640099,0.866349,0.346133,0.268756,1,1,1,0,0.368752
105,HAP_1,HAP,0.740706,0.948237,0.000152,0.025688,3,0,0,0,0.686511
105,HAP_2,HAP,0.5595,0.823903,0.480712,0.480828,1,1,1,2,0.256123
105,LEO_0,LEO,0.795485,0.928397,0.028803,0.079084,2,0,0,0,0.586982
105,LEO_1,LEO,0.720456,0.943176,0.027872,0.033127,3,0,0,0,0.731667
106,BS_0,BS,0.691117,0.86224,0.269446,0.307748,1,1,1,1,0.0
106,BS_1,BS,0.752892,0.86276,0.183833,0.143749,1,1,1,2,0.0
106,BS_2,BS,0.646395,0.82085,0.336344,0.271824,1,1,1,5,0.0
106,BS_3,BS,0.511337,0.817802,0.570726,0.453411,1,1,1,2,0.367487
106,BS_4,BS,0.670974,0.855485,0.299026,0.162148,1,1,1,2,0.338787
106,HAP_0,HAP,0.848394,0.883841,0.06441,0.216872,1,1,1,0,0.53918
106,HAP_1,HAP,0.642629,0.95008,0.042188,0.021351,4,0,0,0,0.582089
106,HAP_2,HAP,0.640999,0.828694,0.344728,0.438139,1,1,1,2,0.519302
106,LEO_0,LEO,0.800958,0.930911,0.121946,0.069959,1,1,1,0,0.414131
106,LEO_1,LEO,0.653313,0.946191,0.025699,0.026799,4,0,0,0,0.679964
107,BS_0,BS,0.574796,0.853512,0.45374,0.338844,1,1,1,2,0.0
107,BS_1,BS,0.7048,0.860319,0.249841,0.143088,1,1,1,3,0.648167
107,BS_2,BS,0.642929,0.821177,0.341722,0.270008,1,1,1,6,0.0
107,BS_3,BS,0.64183,0.819248,0.343432,0.415805,1,1,1,2,0.0
107,BS_4,BS,0.700205,0.854444,0.256381,0.159298,1,1,1,3,0.0
107,HAP_0,HAP,0.79146,0.891465,0.133876,0.181563,1,1,1,0,0.812546
107,HAP_1,HAP,0.766692,0.945997,0.165671,0.029432,1,1,1,0,0.366324
107,HAP_2,HAP,0.641353,0.834194,0.344176,0.403817,1,1,1,2,0.277751
107,LEO_0,LEO,0.784249,0.929145,0.143029,0.065173,1,1,1,0,0.762969
107,LEO_1,LEO,0.814921,0.945821,0.104664,0.026369,1,1,1,0,0.436347
108,BS_0,BS,0.735421,0.860231,0.207312,0.290416,1,1,1,2,0.0
108,BS_1,BS,0.634593,0.854262,0.354771,0.171109,1,1,1,3,0.0
108,BS_2,BS,0.622006,0.819453,0.374805,0.279222,1,1,1,4,0.0
108,BS_3,BS,0.730821,0.828674,0.213587,0.353172,1,1,1,3,0.0
108,BS_4,BS,0.68376,0.851927,0.280148,0.162755,1,1,1,3,0.0
108,HAP_0,HAP,0.805164,0.905247,0.016709,0.145376,2,0,0,0,0.675978
108,HAP_1,HAP,0.801027,0.950535,0.02186,0.023761,2,0,0,0,0.515744
108,HAP_2,HAP,0.637116,0.836944,0.350803,0.378432,1,1,1,2,0.334548
108,LEO_0,LEO,0.808717,0.936189,0.012306,0.052206,2,0,0,0,0.623477
108,LEO_1,LEO,0.537796,0.912469,0.520276,0.142904,1,1,1,0,1.903612
109,BS_0,BS,0.680954,0.857101,0.28426,0.268694,1,1,1,2,0.636549
109,BS_1,BS,0.705025,0.856547,0.249522,0.164905,1,1,1,3,0.0
109,BS_2,BS,0.634401,0.819258,0.355074,0.280112,1,1,1,6,0.0
109,BS_3,BS,0.693609,0.832207,0.265846,0.314341,1,1,1,3,0.670503
109,BS_4,BS,0.475061,0.834123,0.644312,0.317016,1,1,1,2,0.0
109,HAP_0,HAP,0.728045,0.916241,0.017393,0.116437,3,0,0,0,0.691003
109,HAP_1,HAP,0.694905,0.936006,0.263981,0.050367,1,1,1,0,0.949097
109,HAP_2,HAP,0.589736,0.838481,0.428081,0.385209,1,1,1,1,0.239434
109,LEO_0,LEO,0.709722,0.939163,0.042881,0.042593,3,0,0,0,0.742296
109,LEO_1,LEO,0.618929,0.901476,0.379765,0.179223,1,1,1,0,0.389884
110,BS_0,BS,0.332871,0.822875,1.0,0.697723,1,1,1,0,0.0
110,BS_1,BS,0.69925,0.855395,0.257747,0.161819,1,1,1,3,0.579252
110,BS_2,BS,0.647785,0.820355,0.334197,0.274349,1,1,1,5,0.0
110,BS_3,BS,0.666964,0.832508,0.305019,0.293339,1,1,1,3,0.0
110,BS_4,BS,0.630158,0.831839,0.361784,0.312513,1,1,1,3,0.0
110,HAP_0,HAP,0.620061,0.919974,0.077938,0.095883,4,0,0,0,0.870004
110,HAP_1,HAP,0.733331,0.931557,0.210159,0.060169,1,1,1,0,0.365262
110,HAP_2,HAP,0.578298,0.836462,0.447666,0.39835,1,1,1,2,0.43004
110,LEO_0,LEO,0.797135,0.935252,0.126731,0.041301,1,1,1,0,0.878819
110,LEO_1,LEO,0.77866,0.907571,0.15018,0.153528,1,1,1,0,0.43214
111,BS_0,BS,0.592931,0.832378,0.422677,0.638574,1,1,1,0,0.0
111,BS_1,BS,0.587578,0.84419,0.431746,0.213337,1,1,1,1,0.638707
111,BS_2,BS,0.648342,0.821283,0.333337,0.269481,1,1,1,6,0.0
111,BS_3,BS,0.651612,0.831317,0.328306,0.283175,1,1,1,3,0.672803
111,BS_4,BS,0.702426,0.835528,0.253215,0.278863,1,1,1,2,0.629686
111,HAP_0,HAP,0.805492,0.923572,0.116302,0.082793,1,1,1,0,0.470055
111,HAP_1,HAP,0.782404,0.937934,0.045384,0.049062,2,0,0,0,0.457584
111,HAP_2,HAP,0.585912,0.836095,0.434585,0.403669,1,1,1,1,0.322015
111,LEO_0,LEO,0.770788,0.937393,0.060341,0.03468,2,0,0,0,0.686711
111,LEO_1,LEO,0.817232,0.920869,0.001833,0.122824,2,0,0,0,0.51973
112,BS_0,BS,0.396019,0.807994,0.826294,0.818102,1,1,1,2,0.0
112,BS_1,BS,0.708259,0.84598,0.244946,0.197669,1,1,1,3,0.0
112,BS_2,BS,0.641535,0.821393,0.343892,0.268802,1,1,1,4,0.0
112,BS_3,BS,0.644411,0.82969,0.339418,0.278382,1,1,1,3,0.0
112,BS_4,BS,0.475034,0.822956,0.644368,0.409935,1,1,1,1,0.0
112,HAP_0,HAP,0.815205,0.932886,0.004316,0.066243,2,0,0,0,0.578416
112,HAP_1,HAP,0.808017,0.93659,0.113172,0.045013,1,1,1,0,0.756134
112,HAP_2,HAP,0.578386,0.834641,0.447513,0.413056,1,1,1,1,0.639262
112,LEO_0,LEO,0.759812,0.93396,0.174684,0.041475,1,1,1,0,0.504451
112,LEO_1,LEO,0.740746,0.93164,9.7e-05,0.098259,3,0,0,0,0.50416
113,BS_0,BS,0.674987,0.819504,0.293061,0.69313,1,1,1,2,0.0
113,BS_1,BS,0.638224,0.842797,0.349066,0.212966,1,1,1,1,0.481811
113,BS_2,BS,0.645752,0.821874,0.33734,0.266251,1,1,1,5,0.0
113,BS_3,BS,0.59645,0.823781,0.41676,0.300865,1,1,1,2,0.400402
113,BS_4,BS,0.699996,0.833262,0.25668,0.357596,1,1,1,2,0.0
113,HAP_0,HAP,0.719183,0.938308,0.02964,0.05339,3,0,0,0,0.634978
113,HAP_1,HAP,0.785178,0.936262,0.141845,0.045064,1,1,1,0,0.388277
113,HAP_2,HAP,0.520173,0.825965,0.553594,0.468355,1,1,1,2,0.456523
113,LEO_0,LEO,0.758324,0.937722,0.076644,0.035824,2,0,0,0,0.469128
113,LEO_1,LEO,0.62626,0.935163,0.067989,0.080687,4,0,0,0,0.632546
114,BS_0,BS,0.834494,0.841747,0.08093,0.557451,1,1,1,2,0.0
114,BS_1,BS,0.709137,0.849744,0.243706,0.1971,1,1,1,2,0.0
114,BS_2,BS,0.639404,0.821666,0.34722,0.267253,1,1,1,7,0.0
114,BS_3,BS,0.660165,0.828785,0.315266,0.285419,1,1,1,3,0.0
114,BS_4,BS,0.615608,0.82956,0.385145,0.352828,1,1,1,3,0.439281
114,HAP_0,HAP,0.793528,0.938961,0.131267,0.050466,1,1,1,0,0.320546
114,HAP_1,HAP,0.802373,0.942571,0.020182,0.036235,2,0,0,0,0.54099
114,HAP_2,HAP,0.728435,0.840217,0.216856,0.395846,1,1,1,0,0.729594
114,LEO_0,LEO,0.708757,0.940862,0.044243,0.02954,3,0,0,0,0.711432
114,LEO_1,LEO,0.901225,0.94278,0.004,0.064557,1,1,0,0,0.487034
115,BS_0,BS,0.6484,0.839602,0.333248,0.495935,1,1,1,2,0.671249
115,BS_1,BS,0.601385,0.84131,0.408519,0.232779,1,1,1,3,0.0
115,BS_2,BS,0.634875,0.821073,0.354326,0.270299,1,1,1,4,0.0
115,BS_3,BS,0.787704,0.842306,0.138632,0.236984,1,1,1,3,0.0
115,BS_4,BS,0.75179,0.838679,0.185298,0.297714,1,1,1,3,0.0
115,HAP_0,HAP,0.75777,0.943485,0.077375,0.043067,2,0,0,0,0.285032
115,HAP_1,HAP,0.771739,0.937198,0.159109,0.04038,1,1,1,0,0.783272
115,HAP_2,HAP,0.552312,0.83636,0.493642,0.426334,1,1,1,1,0.283562
115,LEO_0,LEO,0.768169,0.939324,0.163745,0.035697,1,1,1,0,0.276121
115,LEO_1,LEO,0.717437,0.93172,0.23207,0.075881,1,1,1,0,0.94466
116,BS_0,BS,0.672213,0.845141,0.297179,0.43649,1,1,1,2,0.0
116,BS_1,BS,0.701881,0.843014,0.253991,0.215254,1,1,1,3,0.647658
116,BS_2,BS,0.624966,0.819655,0.370058,0.277863,1,1,1,7,0.0
116,BS_3,BS,0.737057,0.847215,0.20509,0.208515,1,1,1,3,0.21708
116,BS_4,BS,0.714544,0.842007,0.236111,0.263258,1,1,1,2,0.461846
116,HAP_0,HAP,0.683663,0.944563,0.08029,0.037354,3,0,0,0,0.599826
116,HAP_1,HAP,0.791454,0.940383,0.033883,0.032821,2,0,0,0,0.735039
116,HAP_2,HAP,0.54078,0.829566,0.514743,0.460299,1,1,1,1,0.598553
116,LEO_0,LEO,0.795348,0.945253,0.028975,0.028936,2,0,0,0,0.46985
116,LEO_1,LEO,0.802749,0.932106,0.119714,0.067154,1,1,1,0,0.546445
117,BS_0,BS,0.443546,0.829865,0.712954,0.577929,1,1,1,0,0.21608
117,BS_1,BS,0.513558,0.831749,0.566392,0.316563,1,1,1,1,0.273746
117,BS_2,BS,0.640795,0.820021,0.345046,0.275866,1,1,1,7,0.0
117,BS_3,BS,0.577205,0.838518,0.449558,0.257758,1,1,1,2,0.652283
117,BS_4,BS,0.731649,0.845904,0.212454,0.230918,1,1,1,3,0.458091
117,HAP_0,HAP,0.641811,0.948188,0.043462,0.030733,4,0,0,0,0.471647
117,HAP_1,HAP,0.750943,0.937083,0.186426,0.041896,1,1,1,0,0.321187
117,HAP_2,HAP,0.563079,0.826078,0.474335,0.469486,1,1,1,2,0.520768
117,LEO_0,LEO,0.713106,0.950455,0.038126,0.023803,3,0,0,0,0.320889
117,LEO_1,LEO,0.784086,0.935996,0.043237,0.054564,2,0,0,0,0.734704
118,BS_0,BS,0.410084,0.805183,0.791394,0.74418,1,1,1,2,0.0
118,BS_1,BS,0.575668,0.82552,0.452224,0.345278,1,1,1,2,0.0
118,BS_2,BS,0.60525,0.81689,0.402113,0.293456,1,1,1,5,0.0
118,BS_3,BS,0.599522,0.831661,0.411622,0.282451,1,1,1,3,0.320254
118,BS_4,BS,0.687841,0.845487,0.274198,0.218567,1,1,1,2,0.204392
118,HAP_0,HAP,0.811406,0.946174,0.108987,0.029932,1,1,1,0,0.608318
118,HAP_1,HAP,0.786501,0.942057,0.040161,0.034243,2,0,0,0,0.549015
118,HAP_2,HAP,0.591799,0.826077,0.424588,0.456713,1,1,1,2,0.493458
118,LEO_0,LEO,0.711603,0.938314,0.240236,0.045013,1,1,1,0,0.86798
118,LEO_1,LEO,0.676741,0.938279,0.090467,0.047334,3,0,0,0,0.458818
119,BS_0,BS,0.801909,0.828454,0.12076,0.601906,1,1,1,1,0.0
119,BS_1,BS,0.794716,0.840114,0.12977,0.283801,1,1,1,3,0.0
119,BS_2,BS,0.648198,0.818499,0.333559,0.284832,1,1,1,6,0.0
119,BS_3,BS,0.712581,0.836106,0.238862,0.251636,1,1,1,3,0.0
119,BS_4,BS,0.551123,0.837133,0.495797,0.28547,1,1,1,2,0.0
119,HAP_0,HAP,0.543098,0.913144,0.510466,0.141205,1,1,1,0,1.516107
119,HAP_1,HAP,0.691414,0.943872,0.069017,0.029538,3,0,0,0,0.574077
119,HAP_2,HAP,0.602894,0.82844,0.406014,0.439552,1,1,1,2,0.531085
119,LEO_0,LEO,0.772789,0.939404,0.05775,0.037511,2,0,0,0,0.781787
119,LEO_1,LEO,0.66244,0.943644,0.011826,0.03793,4,0,0,0,0.656409
120,BS_0,BS,0.62833,0.827192,0.364691,0.541375,1,1,1,2,2.966996
120,BS_1,BS,0.692752,0.841564,0.267083,0.25914,1,1,1,3,0.463649
120,BS_2,BS,0.62621,0.817715,0.368069,0.288829,1,1,1,7,0.0
120,BS_3,BS,0.680425,0.836804,0.285038,0.23787,1,1,1,3,0.215483
120,BS_4,BS,0.639662,0.834996,0.346816,0.282503,1,1,1,3,0.0
120,HAP_0,HAP,0.537985,0.895482,0.519925,0.234609,1,1,1,0,0.150465
120,HAP_1,HAP,0.768375,0.943144,0.163478,0.035656,1,1,1,0,0.127329
120,HAP_2,HAP,0.555483,0.827297,0.487917,0.45877,1,1,1,2,0.119414
120,LEO_0,LEO,0.706535,0.942476,0.047383,0.031019,3,0,0,0,0.581025
120,LEO_1,LEO,0.814972,0.943762,0.104601,0.035268,1,1,1,0,0.452964
121,BS_0,BS,0.533414,0.823889,0.528458,0.55877,1,1,1,1,0.0
121,BS_1,BS,0.684461,0.841603,0.279124,0.242372,1,1,1,3,0.0
121,BS_2,BS,0.648115,0.819151,0.333688,0.28117,1,1,1,7,0.0
121,BS_3,BS,0.392679,0.811148,0.834762,0.503868,1,1,1,1,0.31981
121,BS_4,BS,0.570601,0.827737,0.461065,0.321663,1,1,1,1,0.629606
121,HAP_0,HAP,0.859743,0.908688,0.051122,0.188863,1,1,1,0,0.48284
121,HAP_1,HAP,0.721847,0.934934,0.225942,0.051497,1,1,1,0,0.69946
121,HAP_2,HAP,0.591463,0.82789,0.425156,0.448357,1,1,1,1,0.603728
121,LEO_0,LEO,0.663757,0.946328,0.009839,0.024859,4,0,0,0,0.72774
121,LEO_1,LEO,0.587686,0.917451,0.431562,0.112025,1,1,1,0,1.336159
122,BS_0,BS,0.645826,0.829711,0.337225,0.49819,1,1,1,2,0.0
122,BS_1,BS,0.659777,0.839351,0.315853,0.238791,1,1,1,3,0.0
122,BS_2,BS,0.633937,0.818972,0.355806,0.281905,1,1,1,6,0.0
122,BS_3,BS,0.542565,0.80459,0.511448,0.520805,1,1,1,3,0.0
122,BS_4,BS,0.740001,0.837799,0.201104,0.27553,1,1,1,3,0.0
122,HAP_0,HAP,0.564596,0.886794,0.471645,0.251192,1,1,1,0,1.36652
122,HAP_1,HAP,0.796634,0.933048,0.12736,0.048497,1,1,1,0,0.756542
122,HAP_2,HAP,0.567079,0.825283,0.467256,0.456933,1,1,1,2,0.320598
122,LEO_0,LEO,0.744463,0.941368,0.195092,0.037015,1,1,1,0,0.322036
122,LEO_1,LEO,0.598249,0.904972,0.413749,0.166655,1,1,1,0,0.228863
123,BS_0,BS,0.813757,0.848468,0.106093,0.403618,1,1,1,2,0.0
123,BS_1,BS,0.648358,0.836486,0.333313,0.241027,1,1,1,3,0.669523
123,BS_2,BS,0.631874,0.818634,0.359066,0.283542,1,1,1,4,0.0
123,BS_3,BS,0.737233,0.816652,0.204852,0.435528,1,1,1,3,0.518574
123,BS_4,BS,0.79885,0.850688,0.124582,0.227408,1,1,1,2,0.335229
123,HAP_0,HAP,0.677013,0.885939,0.290065,0.238816,1,1,1,0,0.46508
123,HAP_1,HAP,0.803007,0.930609,0.119392,0.045212,1,1,1,0,0.901828
123,HAP_2,HAP,0.646206,0.83125,0.336636,0.416543,1,1,1,2,0.449677
123,LEO_0,LEO,0.711861,0.93053,0.239873,0.055504,1,1,1,0,0.921806
123,LEO_1,LEO,0.77138,0.914104,0.059574,0.134921,2,0,0,0,0.683242
124,BS_0,BS,0.596831,0.841497,0.416121,0.400815,1,1,1,1,1.056925
124,BS_1,BS,0.611225,0.832792,0.39229,0.262073,1,1,1,3,0.0
124,BS_2,BS,0.643747,0.81948,0.340449,0.278991,1,1,1,5,0.0
124,BS_3,BS,0.758616,0.829196,0.176259,0.362402,1,1,1,2,0.0
124,BS_4,BS,0.811753,0.862675,0.10856,0.18723,1,1,1,2,0.0
124,HAP_0,HAP,0.766339,0.894313,0.16613,0.203472,1,1,1,0,0.406509
124,HAP_1,HAP,0.767451,0.931328,0.064681,0.038052,2,0,0,0,0.943113
124,HAP_2,HAP,0.595335,0.83314,0.418632,0.412098,1,1,1,1,0.460895
124,LEO_0,LEO,0.764144,0.933866,0.068999,0.046546,2,0,0,0,0.597897
124,LEO_1,LEO,0.682646,0.922198,0.081779,0.110946,3,0,0,0,0.364835
125,BS_0,BS,0.565984,0.838084,0.46919,0.419714,1,1,1,2,0.0
125,BS_1,BS,0.382948,0.810061,0.859855,0.542366,1,1,1,1,0.0
125,BS_2,BS,0.630612,0.81892,0.361064,0.281858,1,1,1,6,0.0
125,BS_3,BS,0.740364,0.838419,0.200614,0.308033,1,1,1,3,0.0
125,BS_4,BS,0.65602,0.856574,0.321564,0.196316,1,1,1,3,1.403182
125,HAP_0,HAP,0.859568,0.908172,0.051326,0.163963,1,1,1,0,0.413115
125,HAP_1,HAP,0.692957,0.924749,0.266788,0.062471,1,1,1,0,0.306308
125,HAP_2,HAP,0.534395,0.825758,0.526621,0.454476,1,1,1,2,0.431745
125,LEO_0,LEO,0.798281,0.934002,0.125294,0.044301,1,1,1,0,0.536209
125,LEO_1,LEO,0.797649,0.92668,0.126087,0.095911,1,1,1,0,0.334765
126,BS_0,BS,0.602174,0.836955,0.407209,0.41039,1,1,1,2,0.0
126,BS_1,BS,0.672944,0.825664,0.296093,0.473345,1,1,1,2,0.0
126,BS_2,BS,0.647512,0.820059,0.334618,0.275872,1,1,1,5,0.0
126,BS_3,BS,0.712653,0.84183,0.23876,0.272079,1,1,1,3,0.73018
126,BS_4,BS,0.698371,0.854864,0.259004,0.18724,1,1,1,3,0.0
126,HAP_0,HAP,0.513869,0.87975,0.565787,0.275222,1,1,1,0,1.954178
126,HAP_1,HAP,0.791017,0.928643,0.134436,0.05811,1,1,1,0,0.278587
126,HAP_2,HAP,0.592191,0.829216,0.423926,0.444452,1,1,1,2,0.181929
126,LEO_0,LEO,0.809656,0.936251,0.111146,0.041,1,1,1,0,0.395906
126,LEO_1,LEO,0.799201,0.935641,0.024142,0.076991,2,0,0,0,0.44393
127,BS_0,BS,0.678945,0.841181,0.287215,0.365434,1,1,1,2,0.0
127,BS_1,BS,0.431816,0.804202,0.739756,0.624933,1,1,1,2,0.0
127,BS_2,BS,0.64604,0.820834,0.336893,0.271772,1,1,1,6,0.0
127,BS_3,BS,0.667417,0.840287,0.304341,0.259344,1,1,1,3,0.537229
127,BS_4,BS,0.637821,0.848901,0.349697,0.204822,1,1,1,3,0.24581
127,HAP_0,HAP,0.619729,0.875626,0.378474,0.284637,1,1,1,0,0.362173
127,HAP_1,HAP,0.81162,0.939029,0.008723,0.046522,2,0,0,0,0.343049
127,HAP_2,HAP,0.575546,0.827246,0.452436,0.447676,1,1,1,3,0.525811
127,LEO_0,LEO,0.728577,0.928136,0.216662,0.053924,1,1,1,0,0.876109
127,LEO_1,LEO,0.694447,0.939773,0.06464,0.063473,3,0,0,0,0.501353
128,BS_0,BS,0.808052,0.854488,0.113129,0.298106,1,1,1,2,0.0
128,BS_1,BS,0.345432,0.783196,0.962958,0.917226,1,1,1,0,0.0
128,BS_2,BS,0.605844,0.817599,0.401132,0.289826,1,1,1,4,0.0
128,BS_3,BS,0.732571,0.844575,0.211195,0.227546,1,1,1,3,0.0
128,BS_4,BS,0.72967,0.85141,0.215163,0.18469,1,1,1,3,0.0
128,HAP_0,HAP,0.802988,0.888527,0.119416,0.234127,1,1,1,0,0.464557
128,HAP_1,HAP,0.490686,0.901834,0.61195,0.205735,1,1,1,0,1.952377
128,HAP_2,HAP,0.611861,0.829412,0.39125,0.427025,1,1,1,2,0.404473
128,LEO_0,LEO,0.746489,0.931137,0.092374,0.046979,2,0,0,0,0.532076
128,LEO_1,LEO,0.658114,0.947099,0.018377,0.05093,4,0,0,0,0.330509
129,BS_0,BS,0.667897,0.85104,0.303622,0.279969,1,1,1,2,1.34392
129,BS_1,BS,0.38525,0.762847,0.853864,1.061869,1,1,1,3,0.0
129,BS_2,BS,0.643917,0.818668,0.340185,0.283937,1,1,1,6,0.0
129,BS_3,BS,0.673445,0.842942,0.29535,0.221291,1,1,1,2,0.293986
129,BS_4,BS,0.676639,0.84873,0.290618,0.185758,1,1,1,3,0.6782
129,HAP_0,HAP,0.753203,0.891897,0.18342,0.20244,1,1,1,0,0.869646
129,HAP_1,HAP,0.569107,0.889764,0.463687,0.261341,1,1,1,0,0.168352
129,HAP_2,HAP,0.578529,0.825509,0.447267,0.431642,1,1,1,3,0.32493
129,LEO_0,LEO,0.700027,0.935145,0.056636,0.039027,3,0,0,0,0.649974
129,LEO_1,LEO,0.835009,0.950173,0.080312,0.043647,1,1,0,0,0.245512
130,BS_0,BS,0.537522,0.842685,0.520786,0.346023,1,1,1,1,0.0
130,BS_1,BS,0.780736,0.789487,0.147518,0.859288,1,1,1,3,0.0
130,BS_2,BS,0.643667,0.8195,0.340574,0.279345,1,1,1,4,0.0
130,BS_3,BS,0.656259,0.843415,0.3212,0.223459,1,1,1,2,0.0
130,BS_4,BS,0.618369,0.841152,0.380669,0.213816,1,1,1,3,0.608846
130,HAP_0,HAP,0.891969,0.905075,0.014324,0.162045,1,1,1,0,0.749983
130,HAP_1,HAP,0.802709,0.90115,0.119763,0.215527,1,1,1,0,0.337458
130,HAP_2,HAP,0.741344,0.837108,0.199291,0.363186,1,1,1,2,0.381764
130,LEO_0,LEO,0.631187,0.938194,0.060153,0.03285,4,0,0,0,0.629978
130,LEO_1,LEO,0.507879,0.913897,0.577512,0.185002,1,1,1,0,1.38169
131,BS_0,BS,0.666611,0.847372,0.305549,0.318831,1,1,1,2,0.0
131,BS_1,BS,0.695322,0.801399,0.26338,0.718646,1,1,1,2,0.552629
131,BS_2,BS,0.632789,0.82026,0.357618,0.281027,1,1,1,3,0.0
131,BS_3,BS,0.799165,0.855816,0.124188,0.185708,1,1,1,2,0.0
131,BS_4,BS,0.736545,0.845576,0.205784,0.190109,1,1,1,3,0.0
131,HAP_0,HAP,0.796664,0.91447,0.027322,0.129972,2,0,0,0,0.804224
131,HAP_1,HAP,0.890274,0.915868,0.016225,0.17254,1,1,1,0,0.422927
131,HAP_2,HAP,0.704416,0.840989,0.250387,0.318761,1,1,1,3,0.836475
131,LEO_0,LEO,0.787429,0.937086,0.138982,0.034972,1,1,1,0,0.483493
131,LEO_1,LEO,0.690551,0.909097,0.270266,0.180871,1,1,1,0,0.435784
132,BS_0,BS,0.774425,0.860054,0.155635,0.265964,1,1,1,2,0.0
132,BS_1,BS,0.528746,0.80029,0.537247,0.704802,1,1,1,2,0.0
132,BS_2,BS,0.681315,0.824407,0.28373,0.261048,1,1,1,4,0.0
132,BS_3,BS,0.678223,0.853063,0.28828,0.185963,1,1,1,3,0.0
132,BS_4,BS,0.697293,0.845828,0.26055,0.182636,1,1,1,3,0.425319
132,HAP_0,HAP,0.814158,0.919283,0.1056,0.108995,1,1,1,0,0.545824
132,HAP_1,HAP,0.53332,0.889017,0.528634,0.263787,1,1,1,0,1.392965
132,HAP_2,HAP,0.703878,0.845829,0.25115,0.283393,1,1,1,3,0.542249
132,LEO_0,LEO,0.789982,0.942513,0.035745,0.028552,2,0,0,0,0.498149
132,LEO_1,LEO,0.788355,0.914461,0.137807,0.153243,1,1,1,0,0.423408
133,BS_0,BS,0.600032,0.849696,0.410772,0.288702,1,1,1,2,0.633575
133,BS_1,BS,0.57998,0.80864,0.444762,0.652858,1,1,1,1,0.0
133,BS_2,BS,0.641534,0.823937,0.343893,0.262057,1,1,1,6,0.0
133,BS_3,BS,0.691403,0.85145,0.269033,0.181341,1,1,1,3,0.0
133,BS_4,BS,0.612741,0.839999,0.389814,0.214488,1,1,1,2,0.360407
133,HAP_0,HAP,0.755551,0.92313,0.080308,0.090099,2,0,0,0,0.785847
133,HAP_1,HAP,0.729883,0.891171,0.214871,0.231806,1,1,1,0,0.594822
133,HAP_2,HAP,0.525784,0.837773,0.542865,0.359331,1,1,1,1,0.388387
133,LEO_0,LEO,0.694536,0.943624,0.064511,0.024715,3,0,0,0,0.689112
133,LEO_1,LEO,0.776898,0.922674,0.052446,0.123832,2,0,0,0,0.604831
134,BS_0,BS,0.626167,0.849584,0.368138,0.291948,1,1,1,1,0.0
134,BS_1,BS,0.625289,0.815674,0.369542,0.583739,1,1,1,2,0.20795
134,BS_2,BS,0.647639,0.824093,0.334421,0.259972,1,1,1,5,0.0
134,BS_3,BS,0.64011,0.845421,0.346115,0.198981,1,1,1,4,0.64763
134,BS_4,BS,0.705048,0.845531,0.24949,0.199601,1,1,1,1,0.333466
134,HAP_0,HAP,0.730861,0.931216,0.013532,0.072161,3,0,0,0,0.622606
134,HAP_1,HAP,0.748823,0.896625,0.189252,0.201562,1,1,1,0,0.440776
134,HAP_2,HAP,0.555753,0.832667,0.487431,0.39438,1,1,1,2,0.42872
134,LEO_0,LEO,0.653462,0.948206,0.025471,0.020064,4,0,0,0,0.482798
134,LEO_1,LEO,0.698186,0.928732,0.05927,0.100646,3,0,0,0,0.587621
135,BS_0,BS,0.576529,0.839414,0.450729,0.324979,1,1,1,2,0.0
135,BS_1,BS,0.498021,0.802899,0.597113,0.627436,1,1,1,3,0.668033
135,BS_2,BS,0.646045,0.824063,0.336886,0.259049,1,1,1,5,0.0
135,BS_3,BS,0.650072,0.841502,0.330671,0.208389,1,1,1,3,0.579233
135,BS_4,BS,0.624551,0.839882,0.370723,0.221527,1,1,1,3,0.772043
135,HAP_0,HAP,0.623109,0.935412,0.073034,0.060129,4,0,0,0,0.485336
135,HAP_1,HAP,0.772527,0.904662,0.158088,0.172496,1,1,1,0,0.270185
135,HAP_2,HAP,0.583796,0.830389,0.438204,0.401914,1,1,1,2,0.42266
135,LEO_0,LEO,0.83604,0.949459,0.079079,0.018865,1,1,0,0,0.416027
135,LEO_1,LEO,0.637508,0.935766,0.050188,0.081651,4,0,0,0,0.379829
136,BS_0,BS,0.745172,0.848888,0.194141,0.276944,1,1,1,2,0.0
136,BS_1,BS,0.770777,0.820698,0.160357,0.51352,1,1,1,2,0.0
136,BS_2,BS,0.636423,0.823137,0.351892,0.262962,1,1,1,5,0.0
136,BS_3,BS,0.647937,0.838165,0.333963,0.216901,1,1,1,4,0.0
136,BS_4,BS,0.71016,0.842509,0.242265,0.203633,1,1,1,3,0.0
136,HAP_0,HAP,0.741561,0.933102,0.198998,0.065924,1,1,1,0,0.281617
136,HAP_1,HAP,0.686342,0.899374,0.27638,0.17237,1,1,1,0,0.892768
136,HAP_2,HAP,0.590946,0.833109,0.42603,0.403207,1,1,1,1,0.166314
136,LEO_0,LEO,0.521221,0.9136,0.551582,0.152001,1,1,1,0,1.996047
136,LEO_1,LEO,0.847324,0.940696,0.065673,0.067261,1,1,0,0,0.391843
137,BS_0,BS,0.799417,0.86137,0.123873,0.22846,1,1,1,2,0.0
137,BS_1,BS,0.770749,0.835818,0.160392,0.422392,1,1,1,2,0.0
137,BS_2,BS,0.641457,0.822869,0.344013,0.263625,1,1,1,5,0.0
137,BS_3,BS,0.634758,0.835558,0.354511,0.230076,1,1,1,3,0.0
137,BS_4,BS,0.675958,0.841538,0.291624,0.201176,1,1,1,3,0.424958
137,HAP_0,HAP,0.784773,0.939419,0.04236,0.053546,2,0,0,0,0.482903
137,HAP_1,HAP,0.669365,0.898992,0.301425,0.178782,1,1,1,0,0.108455
137,HAP_2,HAP,0.596121,0.834919,0.417311,0.400932,1,1,1,2,0.339064
137,LEO_0,LEO,0.604467,0.901509,0.403408,0.194833,1,1,1,0,0.323992
137,LEO_1,LEO,0.509265,0.905274,0.574786,0.202479,1,1,1,0,1.722881
138,BS_0,BS,0.664549,0.856818,0.308647,0.225636,1,1,1,2,0.814358
138,BS_1,BS,0.633512,0.833042,0.356476,0.395098,1,1,1,1,0.921011
138,BS_2,BS,0.637837,0.822315,0.349672,0.265922,1,1,1,4,0.0
138,BS_3,BS,0.687222,0.8372,0.275098,0.218116,1,1,1,4,0.0
138,BS_4,BS,0.396799,0.816923,0.824325,0.466722,1,1,1,2,0.0
138,HAP_0,HAP,0.495968,0.902556,0.601244,0.20551,1,1,1,0,1.519062
138,HAP_1,HAP,0.815542,0.911191,0.103903,0.147884,1,1,1,0,0.160434
138,HAP_2,HAP,0.556204,0.829749,0.48662,0.427305,1,1,1,2,0.355893
138,LEO_0,LEO,0.788289,0.908625,0.137891,0.164423,1,1,1,0,0.409372
138,LEO_1,LEO,0.657706,0.898793,0.318997,0.207775,1,1,1,0,0.465866
139,BS_0,BS,0.705342,0.858855,0.249072,0.208426,1,1,1,2,0.0
139,BS_1,BS,0.595477,0.826486,0.418393,0.394852,1,1,1,3,0.0
139,BS_2,BS,0.646542,0.822685,0.336118,0.263576,1,1,1,5,0.0
139,BS_3,BS,0.665899,0.836982,0.306617,0.216799,1,1,1,3,0.0
139,BS_4,BS,0.561278,0.811516,0.47754,0.475997,1,1,1,3,0.0
139,HAP_0,HAP,0.676742,0.897873,0.290466,0.202374,1,1,1,0,0.520329
139,HAP_1,HAP,0.508436,0.883642,0.576416,0.267822,1,1,1,0,1.296535
139,HAP_2,HAP,0.599411,0.833441,0.411808,0.418158,1,1,1,1,0.290029
139,LEO_0,LEO,0.758832,0.90898,0.175975,0.145473,1,1,1,0,0.812487
139,LEO_1,LEO,0.659309,0.897547,0.316563,0.211315,1,1,1,0,0.154667
140,BS_0,BS,0.732294,0.860059,0.211573,0.186884,1,1,1,1,1.13444
140,BS_1,BS,0.736987,0.835647,0.205185,0.334827,1,1,1,3,0.0
140,BS_2,BS,0.62038,0.820503,0.377423,0.274962,1,1,1,5,0.0
140,BS_3,BS,0.644733,0.834374,0.338918,0.225129,1,1,1,5,0.0
140,BS_4,BS,0.726502,0.825261,0.219515,0.402482,1,1,1,2,0.0
140,HAP_0,HAP,0.777451,0.903856,0.151735,0.17226,1,1,1,0,0.498768
140,HAP_1,HAP,0.633717,0.88189,0.356153,0.271338,1,1,1,0,0.188643
140,HAP_2,HAP,0.570953,0.832613,0.460448,0.429932,1,1,1,1,0.418111
140,LEO_0,LEO,0.608606,0.890607,0.396584,0.187154,1,1,1,0,1.413759
140,LEO_1,LEO,0.886959,0.913096,0.019957,0.169232,1,1,1,0,0.405584
141,BS_0,BS,0.673475,0.855463,0.295304,0.188749,1,1,1,2,0.278101
141,BS_1,BS,0.736112,0.841489,0.206372,0.287027,1,1,1,3,0.384616
141,BS_2,BS,0.475729,0.808156,0.642906,0.405968,1,1,1,2,0.0
141,BS_3,BS,0.646264,0.832332,0.336547,0.231072,1,1,1,4,0.0
141,BS_4,BS,0.721654,0.83248,0.22621,0.345012,1,1,1,2,0.729528
141,HAP_0,HAP,0.792181,0.914818,0.032965,0.138297,2,0,0,0,0.652595
141,HAP_1,HAP,0.817143,0.896202,0.101941,0.221747,1,1,1,0,0.30785
141,HAP_2,HAP,0.547808,0.831165,0.50183,0.45727,1,1,1,1,0.237712
141,LEO_0,LEO,0.572871,0.880324,0.457096,0.243745,1,1,1,0,0.272465
141,LEO_1,LEO,0.582177,0.89372,0.440981,0.222894,1,1,1,0,1.193712
142,BS_0,BS,0.558758,0.846925,0.482039,0.255562,1,1,1,2,0.0
142,BS_1,BS,0.642357,0.840474,0.342611,0.282443,1,1,1,2,0.310967
142,BS_2,BS,0.655917,0.813287,0.32172,0.371351,1,1,1,5,0.0
142,BS_3,BS,0.648778,0.83091,0.332665,0.234657,1,1,1,4,0.0
142,BS_4,BS,0.711383,0.83672,0.240545,0.302048,1,1,1,3,0.318788
142,HAP_0,HAP,0.713225,0.924352,0.037959,0.111286,3,0,0,0,0.49587
142,HAP_1,HAP,0.562375,0.877793,0.475587,0.27918,1,1,1,0,1.24932
142,HAP_2,HAP,0.535622,0.827374,0.524327,0.48953,1,1,1,1,0.315639
142,LEO_0,LEO,0.792591,0.892191,0.132447,0.20289,1,1,1,0,0.396692
142,LEO_1,LEO,0.61611,0.888705,0.38433,0.244784,1,1,1,0,0.143856
143,BS_0,BS,0.717265,0.856265,0.23231,0.228735,1,1,1,2,0.0
143,BS_1,BS,0.763261,0.847738,0.170156,0.238984,1,1,1,2,0.652647
143,BS_2,BS,0.695065,0.820018,0.263749,0.328385,1,1,1,5,0.0
143,BS_3,BS,0.646788,0.829585,0.335737,0.238449,1,1,1,5,0.490406
143,BS_4,BS,0.70115,0.839108,0.255034,0.270907,1,1,1,4,0.647035
143,HAP_0,HAP,0.636266,0.929778,0.052138,0.090252,4,0,0,0,0.691398
143,HAP_1,HAP,0.690693,0.880875,0.27006,0.256163,1,1,1,0,0.378622
143,HAP_2,HAP,0.559704,0.826195,0.480347,0.495454,1,1,1,1,0.479661
143,LEO_0,LEO,0.81801,0.901669,0.100881,0.166892,1,1,1,0,0.650897
143,LEO_1,LEO,0.891166,0.905916,0.015225,0.195932,1,1,1,0,0.436629
144,BS_0,BS,0.64765,0.852972,0.334404,0.23331,1,1,1,2,0.402812
144,BS_1,BS,0.728393,0.850289,0.216914,0.21236,1,1,1,3,0.286056
144,BS_2,BS,0.659112,0.822045,0.316861,0.307888,1,1,1,5,0.211391
144,BS_3,BS,0.646502,0.828497,0.336178,0.241617,1,1,1,4,0.526731
144,BS_4,BS,0.669444,0.838214,0.301308,0.25758,1,1,1,4,0.247889
144,HAP_0,HAP,0.904506,0.938012,0.000366,0.072202,1,1,0,0,0.559166
144,HAP_1,HAP,0.799147,0.893145,0.124211,0.211873,1,1,1,0,0.383941
144,HAP_2,HAP,0.549263,0.82421,0.499178,0.508494,1,1,1,1,0.466215
144,LEO_0,LEO,0.808295,0.915029,0.012828,0.133587,2,0,0,0,0.541251
144,LEO_1,LEO,0.781867,0.909596,0.14607,0.166347,1,1,1,0,0.693105
145,BS_0,BS,0.782215,0.86304,0.145626,0.196191,1,1,1,2,0.0
145,BS_1,BS,0.724074,0.851882,0.222861,0.192238,1,1,1,3,0.0
145,BS_2,BS,0.649548,0.822756,0.331479,0.295756,1,1,1,4,0.0
145,BS_3,BS,0.642747,0.827278,0.342004,0.245928,1,1,1,4,0.0
145,BS_4,BS,0.653456,0.836044,0.325479,0.253735,1,1,1,3,0.0
145,HAP_0,HAP,0.55366,0.907779,0.491204,0.166338,1,1,1,0,2.408154
145,HAP_1,HAP,0.855626,0.907524,0.055921,0.170906,1,1,1,0,0.351992
145,HAP_2,HAP,0.512219,0.822015,0.569003,0.552489,1,1,1,1,0.0
145,LEO_0,LEO,0.659406,0.902563,0.316417,0.151924,1,1,1,0,1.17096
145,LEO_1,LEO,0.75941,0.918359,0.075214,0.135623,2,0,0,0,0.441385
146,BS_0,BS,0.734086,0.8697,0.20913,0.176634,1,1,1,2,0.0
146,BS_1,BS,0.669389,0.848427,0.30139,0.194667,1,1,1,2,0.449286
146,BS_2,BS,0.634326,0.821895,0.355192,0.293377,1,1,1,3,0.0
146,BS_3,BS,0.648234,0.826812,0.333503,0.246794,1,1,1,5,0.0
146,BS_4,BS,0.647208,0.833851,0.335087,0.253516,1,1,1,2,0.0
146,HAP_0,HAP,0.650505,0.899689,0.330007,0.182077,1,1,1,0,0.512807
146,HAP_1,HAP,0.499139,0.8776,0.594871,0.295967,1,1,1,0,2.051607
146,HAP_2,HAP,0.748,0.844271,0.190353,0.458297,1,1,1,0,0.159631
146,LEO_0,LEO,0.638015,0.896802,0.349394,0.176473,1,1,1,0,0.273724
146,LEO_1,LEO,0.737436,0.928548,0.004575,0.108508,3,0,0,0,0.612992
147,BS_0,BS,0.481453,0.849996,0.630946,0.320449,1,1,1,0,0.783815
147,BS_1,BS,0.604312,0.842402,0.403664,0.229059,1,1,1,2,0.0
147,BS_2,BS,0.646671,0.822361,0.335918,0.28548,1,1,1,4,0.0
147,BS_3,BS,0.599922,0.824242,0.410956,0.273433,1,1,1,3,0.0
147,BS_4,BS,0.650304,0.832286,0.330316,0.251911,1,1,1,4,0.0
147,HAP_0,HAP,0.775785,0.905103,0.15388,0.156318,1,1,1,0,0.508626
147,HAP_1,HAP,0.697795,0.879445,0.25983,0.267154,1,1,1,0,0.562472
147,HAP_2,HAP,0.496552,0.832512,0.600067,0.528673,1,1,1,1,0.522374
147,LEO_0,LEO,0.786927,0.910326,0.03962,0.141885,2,0,0,0,0.485212
147,LEO_1,LEO,0.643414,0.933832,0.040967,0.087562,4,0,0,0,0.671895
148,BS_0,BS,0.58482,0.845974,0.436452,0.34208,1,1,1,1,0.0
148,BS_1,BS,0.678548,0.845967,0.2878,0.22052,1,1,1,3,0.0
148,BS_2,BS,0.632841,0.821961,0.357536,0.285909,1,1,1,3,0.0
148,BS_3,BS,0.705529,0.829956,0.248807,0.246604,1,1,1,4,0.0
148,BS_4,BS,0.650094,0.830995,0.330638,0.250724,1,1,1,3,0.0
148,HAP_0,HAP,0.815213,0.917882,0.004306,0.125062,2,0,0,0,0.607359
148,HAP_1,HAP,0.67842,0.882772,0.287988,0.251045,1,1,1,0,0.261982
148,HAP_2,HAP,0.529168,0.825349,0.53645,0.552439,1,1,1,1,0.54644
148,LEO_0,LEO,0.672056,0.915622,0.097414,0.117778,3,0,0,0,0.730804
148,LEO_1,LEO,0.883437,0.939337,0.023936,0.070307,1,1,0,0,0.622883
149,BS_0,BS,0.620224,0.844749,0.377675,0.337851,1,1,1,3,0.0
149,BS_1,BS,0.752509,0.852957,0.184343,0.191708,1,1,1,3,0.0
149,BS_2,BS,0.665735,0.824261,0.306863,0.271101,1,1,1,3,0.0
149,BS_3,BS,0.670129,0.831045,0.300285,0.23786,1,1,1,4,0.471132
149,BS_4,BS,0.612012,0.828142,0.391004,0.269377,1,1,1,4,0.0
149,HAP_0,HAP,0.750304,0.914382,0.187277,0.115833,1,1,1,0,0.937276
149,HAP_1,HAP,0.761725,0.894101,0.172169,0.214175,1,1,1,0,0.135669
149,HAP_2,HAP,0.52693,0.823771,0.540688,0.573506,1,1,1,1,0.178001
149,LEO_0,LEO,0.665909,0.926867,0.006603,0.094242,4,0,0,0,0.484386
149,LEO_1,LEO,0.743423,0.930512,0.196491,0.07362,1,1,1,0,0.988713
150,BS_0,BS,0.5525,0.832327,0.493302,0.379787,1,1,1,3,0.278955
150,BS_1,BS,0.673353,0.850085,0.295485,0.192656,1,1,1,3,0.317755
150,BS_2,BS,0.638552,0.823517,0.348553,0.271551,1,1,1,4,0.467276
150,BS_3,BS,0.657589,0.830705,0.319175,0.236131,1,1,1,4,0.204283
150,BS_4,BS,0.691754,0.831763,0.268525,0.247949,1,1,1,4,0.393125
150,HAP_0,HAP,0.676309,0.910281,0.291105,0.1308,1,1,1,0,0.252611
150,HAP_1,HAP,0.785557,0.902376,0.141362,0.180332,1,1,1,0,0.50825
150,HAP_2,HAP,0.524976,0.821139,0.544402,0.592173,1,1,1,1,0.44926
150,LEO_0,LEO,0.873256,0.933496,0.035527,0.075962,1,1,0,0,0.602385
150,LEO_1,LEO,0.799732,0.930274,0.123478,0.065757,1,1,1,0,0.611619
151,BS_0,BS,0.648939,0.835786,0.332417,0.353555,1,1,1,2,0.0
151,BS_1,BS,0.518024,0.837627,0.557733,0.294105,1,1,1,2,0.0
151,BS_2,BS,0.636988,0.822758,0.351004,0.272682,1,1,1,3,0.0
151,BS_3,BS,0.649252,0.829652,0.331935,0.238486,1,1,1,4,0.0
151,BS_4,BS,0.670902,0.832535,0.299132,0.238625,1,1,1,4,0.770311
151,HAP_0,HAP,0.800947,0.922605,0.02196,0.104857,2,0,0,0,0.44381
151,HAP_1,HAP,0.742631,0.910585,0.097556,0.148549,2,0,0,0,0.572234
151,HAP_2,HAP,0.502824,0.815348,0.587514,0.629066,1,1,1,1,0.478506
151,LEO_0,LEO,0.551971,0.903968,0.494259,0.170701,1,1,1,0,1.617569
151,LEO_1,LEO,0.745141,0.932884,0.094182,0.056597,2,0,0,0,0.542373
152,BS_0,BS,0.748697,0.848548,0.189421,0.29899,1,1,1,2,0.0
152,BS_1,BS,0.632859,0.834856,0.357508,0.292799,1,1,1,3,0.0
152,BS_2,BS,0.648739,0.823243,0.332725,0.267964,1,1,1,4,0.0
152,BS_3,BS,0.62924,0.827835,0.363242,0.250164,1,1,1,2,0.0
152,BS_4,BS,0.390216,0.808704,0.841054,0.509217,1,1,1,1,0.0
152,HAP_0,HAP,0.522781,0.892308,0.548593,0.219315,1,1,1,0,1.717484
152,HAP_1,HAP,0.737531,0.924135,0.004447,0.118848,3,0,0,0,0.371673
152,HAP_2,HAP,0.48736,0.805614,0.618751,0.675537,1,1,1,1,0.6482
152,LEO_0,LEO,0.659759,0.89727,0.31588,0.181462,1,1,1,0,0.539694
152,LEO_1,LEO,0.756968,0.931181,0.178434,0.059605,1,1,1,0,0.410458
153,BS_0,BS,0.65772,0.845956,0.318975,0.284977,1,1,1,2,0.734014
153,BS_1,BS,0.521503,0.827052,0.551041,0.37088,1,1,1,1,0.0
153,BS_2,BS,0.557311,0.817994,0.484631,0.320061,1,1,1,2,0.0
153,BS_3,BS,0.676391,0.829991,0.290984,0.238233,1,1,1,4,0.0
153,BS_4,BS,0.548614,0.803569,0.500359,0.520036,1,1,1,4,0.0
153,HAP_0,HAP,0.644853,0.887389,0.338733,0.227085,1,1,1,0,0.445195
153,HAP_1,HAP,0.641096,0.931966,0.044576,0.095972,4,0,0,0,0.481829
153,HAP_2,HAP,0.55824,0.80475,0.482967,0.645395,1,1,1,1,0.71272
153,LEO_0,LEO,0.772394,0.902794,0.158261,0.15644,1,1,1,0,0.516935
153,LEO_1,LEO,0.776471,0.937604,0.052996,0.048948,2,0,0,0,0.409598
154,BS_0,BS,0.731583,0.851462,0.212544,0.248311,1,1,1,2,0.0
154,BS_1,BS,0.625928,0.827221,0.36852,0.357817,1,1,1,3,0.0
154,BS_2,BS,0.773865,0.832658,0.156358,0.26705,1,1,1,2,0.0
154,BS_3,BS,0.645627,0.828777,0.337534,0.241855,1,1,1,5,0.711584
154,BS_4,BS,0.719759,0.815665,0.228838,0.439594,1,1,1,3,0.353111
154,HAP_0,HAP,0.808812,0.897713,0.112189,0.187332,1,1,1,0,0.530035
154,HAP_1,HAP,0.840026,0.935999,0.074322,0.079264,1,1,0,0,0.522556
154,HAP_2,HAP,0.669082,0.818321,0.301849,0.557317,1,1,1,0,0.651948
154,LEO_0,LEO,0.800561,0.910725,0.122442,0.131899,1,1,1,0,0.382361
154,LEO_1,LEO,0.72777,0.944328,0.017771,0.0393,3,0,0,0,0.482136
155,BS_0,BS,0.693835,0.850728,0.265521,0.230374,1,1,1,3,0.0
155,BS_1,BS,0.757888,0.838169,0.177219,0.300387,1,1,1,3,0.0
155,BS_2,BS,0.753175,0.841948,0.183458,0.228786,1,1,1,3,0.0
155,BS_3,BS,0.638854,0.827144,0.348079,0.248005,1,1,1,3,0.0
155,BS_4,BS,0.692879,0.821826,0.266899,0.383731,1,1,1,4,0.0
155,HAP_0,HAP,0.78236,0.901459,0.14544,0.159384,1,1,1,0,0.861472
155,HAP_1,HAP,0.763991,0.931218,0.169199,0.076294,1,1,1,0,0.800778
155,HAP_2,HAP,0.540255,0.815262,0.515713,0.565535,1,1,1,2,0.343483
155,LEO_0,LEO,0.784462,0.920842,0.042757,0.106342,2,0,0,0,0.542492
155,LEO_1,LEO,0.661701,0.949536,0.012942,0.031516,4,0,0,0,0.526513
156,BS_0,BS,0.69912,0.850204,0.257933,0.214238,1,1,1,3,0.794402
156,BS_1,BS,0.706814,0.841121,0.246987,0.267761,1,1,1,3,0.562055
156,BS_2,BS,0.696032,0.845419,0.26236,0.214004,1,1,1,3,0.226589
156,BS_3,BS,0.598749,0.821942,0.412914,0.275128,1,1,1,2,0.608816
156,BS_4,BS,0.690013,0.82626,0.271045,0.340044,1,1,1,4,0.646432
156,HAP_0,HAP,0.787776,0.907384,0.138542,0.136145,1,1,1,0,0.484212
156,HAP_1,HAP,0.794587,0.932206,0.129933,0.068632,1,1,1,0,0.435829
156,HAP_2,HAP,0.604616,0.820184,0.403162,0.525571,1,1,1,2,0.477135
156,LEO_0,LEO,0.688873,0.92669,0.072699,0.087452,3,0,0,0,0.573416
156,LEO_1,LEO,0.897058,0.954284,0.008635,0.025246,1,1,0,0,0.47454
157,BS_0,BS,0.592714,0.844408,0.423044,0.251925,1,1,1,2,0.0
157,BS_1,BS,0.462442,0.824745,0.671234,0.416958,1,1,1,1,0.0
157,BS_2,BS,0.726761,0.849096,0.219157,0.192816,1,1,1,3,0.0
157,BS_3,BS,0.721898,0.829002,0.225871,0.243061,1,1,1,4,0.0
157,BS_4,BS,0.664415,0.82749,0.308848,0.314959,1,1,1,4,0.517357
157,HAP_0,HAP,0.766309,0.917043,0.06617,0.110886,2,0,0,0,0.474957
157,HAP_1,HAP,0.79457,0.939055,0.029954,0.055309,2,0,0,0,0.489804
157,HAP_2,HAP,0.575459,0.82182,0.452587,0.512633,1,1,1,2,0.202481
157,LEO_0,LEO,0.648853,0.935355,0.03255,0.070438,4,0,0,0,0.364847
157,LEO_1,LEO,0.678866,0.937025,0.287332,0.057349,1,1,1,0,1.024616
158,BS_0,BS,0.83985,0.860257,0.074533,0.20404,1,1,1,2,0.0
158,BS_1,BS,0.698305,0.832777,0.259099,0.363776,1,1,1,3,0.0
158,BS_2,BS,0.542089,0.837779,0.512325,0.272368,1,1,1,2,0.456893
158,BS_3,BS,0.69296,0.832194,0.266782,0.226476,1,1,1,4,0.750434
158,BS_4,BS,0.653219,0.827443,0.325843,0.299746,1,1,1,4,0.0
158,HAP_0,HAP,0.771049,0.915748,0.160003,0.100229,1,1,1,0,0.913455
158,HAP_1,HAP,0.734746,0.945264,0.00823,0.044278,3,0,0,0,0.562888
158,HAP_2,HAP,0.601929,0.823905,0.407616,0.484874,1,1,1,1,0.723576
158,LEO_0,LEO,0.861301,0.941534,0.049311,0.057445,1,1,0,0,0.372888
158,LEO_1,LEO,0.728359,0.931557,0.216962,0.067062,1,1,1,0,0.401666
159,BS_0,BS,0.653785,0.854548,0.324977,0.210756,1,1,1,3,1.023878
159,BS_1,BS,0.789188,0.845894,0.136751,0.299436,1,1,1,2,0.0
159,BS_2,BS,0.583912,0.829791,0.438004,0.304226,1,1,1,4,0.0
159,BS_3,BS,0.542205,0.824499,0.512111,0.299197,1,1,1,3,0.0
159,BS_4,BS,0.64048,0.826223,0.345537,0.293525,1,1,1,4,0.0
159,HAP_0,HAP,0.756007,0.916705,0.179704,0.094716,1,1,1,0,0.431694
159,HAP_1,HAP,0.80502,0.945589,0.116889,0.041571,1,1,1,0,0.313971
159,HAP_2,HAP,0.515071,0.814927,0.563451,0.530764,1,1,1,3,0.179714
159,LEO_0,LEO,0.625072,0.921546,0.369889,0.107524,1,1,1,0,1.091207
159,LEO_1,LEO,0.795383,0.933747,0.128931,0.06113,1,1,1,0,0.344192
160,BS_0,BS,0.557983,0.845645,0.483427,0.273771,1,1,1,1,0.0
160,BS_1,BS,0.69061,0.84608,0.27018,0.272398,1,1,1,3,0.373925
160,BS_2,BS,0.485727,0.819672,0.622108,0.417539,1,1,1,1,0.0
160,BS_3,BS,0.711332,0.831434,0.240616,0.265411,1,1,1,3,0.0
160,BS_4,BS,0.643105,0.825492,0.341447,0.287283,1,1,1,4,0.0
160,HAP_0,HAP,0.75979,0.924352,0.074713,0.078284,2,0,0,0,0.438385
160,HAP_1,HAP,0.50452,0.908701,0.584147,0.186809,1,1,1,0,1.72427
160,HAP_2,HAP,0.631838,0.816316,0.359122,0.482647,1,1,1,3,0.665304
160,LEO_0,LEO,0.743526,0.924523,0.096352,0.090197,2,0,0,0,0.629432
160,LEO_1,LEO,0.745543,0.935825,0.093642,0.05285,2,0,0,0,0.600197
161,BS_0,BS,0.621707,0.840201,0.375286,0.282395,1,1,1,3,0.0
161,BS_1,BS,0.683738,0.847212,0.280181,0.253244,1,1,1,2,0.0
161,BS_2,BS,0.525733,0.809793,0.542962,0.466695,1,1,1,4,0.0
161,BS_3,BS,0.618393,0.828506,0.380631,0.277525,1,1,1,2,0.570991
161,BS_4,BS,0.648008,0.825362,0.333852,0.279983,1,1,1,3,0.0
161,HAP_0,HAP,0.702205,0.931423,0.05353,0.063917,3,0,0,0,0.492642
161,HAP_1,HAP,0.737716,0.906802,0.204196,0.168211,1,1,1,0,0.670255
161,HAP_2,HAP,0.725039,0.824946,0.22153,0.408202,1,1,1,3,0.575195
161,LEO_0,LEO,0.718657,0.928962,0.030371,0.072572,3,0,0,0,0.930911
161,LEO_1,LEO,0.806122,0.935846,0.11552,0.048285,1,1,1,0,0.596432
162,BS_0,BS,0.740153,0.847078,0.200899,0.244078,1,1,1,2,0.0
162,BS_1,BS,0.531807,0.838027,0.531474,0.329704,1,1,1,2,0.0
162,BS_2,BS,0.682808,0.816268,0.281542,0.409025,1,1,1,3,0.0
162,BS_3,BS,0.693657,0.832097,0.265777,0.253807,1,1,1,3,0.0
162,BS_4,BS,0.648107,0.825268,0.333699,0.274096,1,1,1,3,0.0
162,HAP_0,HAP,0.617146,0.935769,0.08265,0.054208,4,0,0,0,0.430099
162,HAP_1,HAP,0.601177,0.898524,0.408865,0.209795,1,1,1,0,0.100591
162,HAP_2,HAP,0.625264,0.827584,0.369581,0.388027,1,1,1,2,0.359334
162,LEO_0,LEO,0.638322,0.93259,0.048912,0.059135,4,0,0,0,0.734734
162,LEO_1,LEO,0.543687,0.904938,0.509382,0.15539,1,1,1,0,1.86035
163,BS_0,BS,0.71099,0.848591,0.241097,0.22142,1,1,1,3,3.910041
163,BS_1,BS,0.577238,0.829881,0.449501,0.354686,1,1,1,3,0.0
163,BS_2,BS,0.67884,0.820838,0.28737,0.364382,1,1,1,4,0.0
163,BS_3,BS,0.709295,0.836117,0.243484,0.229723,1,1,1,2,0.0
163,BS_4,BS,0.556704,0.819618,0.485721,0.325443,1,1,1,2,0.0
163,HAP_0,HAP,0.847943,0.940043,0.064942,0.045264,1,1,0,0,0.474222
163,HAP_1,HAP,0.809262,0.910183,0.111633,0.173444,1,1,1,0,0.182613
163,HAP_2,HAP,0.607371,0.831016,0.398616,0.381924,1,1,1,2,0.340295
163,LEO_0,LEO,0.758592,0.929761,0.176291,0.061293,1,1,1,0,0.525629
163,LEO_1,LEO,0.585146,0.892687,0.435893,0.209813,1,1,1,0,0.309327
164,BS_0,BS,0.609261,0.843836,0.395509,0.247528,1,1,1,1,0.279903
164,BS_1,BS,0.597354,0.830205,0.415245,0.361342,1,1,1,1,0.0
164,BS_2,BS,0.481293,0.809712,0.631279,0.470836,1,1,1,2,0.0
164,BS_3,BS,0.641616,0.833362,0.343765,0.236957,1,1,1,2,0.383853
164,BS_4,BS,0.666824,0.82309,0.30523,0.302279,1,1,1,4,0.0
164,HAP_0,HAP,0.804855,0.938382,0.117094,0.042381,1,1,1,0,0.711485
164,HAP_1,HAP,0.676981,0.904115,0.290112,0.17663,1,1,1,0,0.779633
164,HAP_2,HAP,0.550716,0.822829,0.496536,0.416486,1,1,1,3,0.636972
164,LEO_0,LEO,0.804169,0.9287,0.117946,0.055294,1,1,1,0,0.860654
164,LEO_1,LEO,0.769863,0.900462,0.161543,0.179594,1,1,1,0,0.371559
165,BS_0,BS,0.534887,0.837992,0.5257,0.322385,1,1,1,1,0.0
165,BS_1,BS,0.597063,0.834038,0.415732,0.366849,1,1,1,1,0.0
165,BS_2,BS,0.634167,0.812626,0.355443,0.433522,1,1,1,3,0.0
165,BS_3,BS,0.730894,0.838899,0.213487,0.210075,1,1,1,3,0.0
165,BS_4,BS,0.677309,0.826236,0.289628,0.279571,1,1,1,4,0.0
165,HAP_0,HAP,0.747965,0.93015,0.190398,0.050218,1,1,1,0,0.975791
165,HAP_1,HAP,0.673482,0.904249,0.295294,0.180543,1,1,1,0,0.0
165,HAP_2,HAP,0.660168,0.828019,0.315261,0.377914,1,1,1,3,0.215226
165,LEO_0,LEO,0.76039,0.931955,0.073923,0.046695,2,0,0,0,0.620366
165,LEO_1,LEO,0.738706,0.900677,0.202856,0.162193,1,1,1,0,0.840378
166,BS_0,BS,0.564452,0.8316,0.471899,0.358118,1,1,1,2,0.0
166,BS_1,BS,0.434446,0.810173,0.733684,0.53571,1,1,1,3,0.0
166,BS_2,BS,0.532525,0.810271,0.530125,0.473282,1,1,1,1,0.0
166,BS_3,BS,0.58593,0.83235,0.434555,0.253037,1,1,1,2,0.409157
166,BS_4,BS,0.660897,0.827183,0.314158,0.268069,1,1,1,4,0.0
166,HAP_0,HAP,0.780061,0.93193,0.048383,0.041228,2,0,0,0,0.932493
166,HAP_1,HAP,0.8042,0.920383,0.017907,0.144579,2,0,0,0,0.209653
166,HAP_2,HAP,0.760287,0.840245,0.174059,0.315965,1,1,1,2,0.5956
166,LEO_0,LEO,0.700533,0.93537,0.055914,0.038763,3,0,0,0,0.6907
166,LEO_1,LEO,0.747641,0.906815,0.090833,0.133467,2,0,0,0,0.846432
167,BS_0,BS,0.704275,0.838,0.250586,0.314751,1,1,1,2,0.0
167,BS_1,BS,0.657463,0.814369,0.319366,0.474466,1,1,1,3,0.0
167,BS_2,BS,0.637573,0.814816,0.350086,0.433778,1,1,1,3,0.0
167,BS_3,BS,0.80081,0.846819,0.122131,0.209142,1,1,1,2,0.0
167,BS_4,BS,0.565868,0.821463,0.469395,0.313605,1,1,1,2,0.0
167,HAP_0,HAP,0.703409,0.925652,0.251816,0.061517,1,1,1,0,0.365755
167,HAP_1,HAP,0.639234,0.908034,0.347485,0.169999,1,1,1,0,0.879331
167,HAP_2,HAP,0.674438,0.845243,0.293876,0.291635,1,1,1,3,0.373666
167,LEO_0,LEO,0.645729,0.937814,0.037376,0.031639,4,0,0,0,0.858867
167,LEO_1,LEO,0.696677,0.915775,0.061433,0.108472,3,0,0,0,0.542085
168,BS_0,BS,0.720518,0.842284,0.227785,0.27515,1,1,1,2,1.242592
168,BS_1,BS,0.604649,0.816335,0.403107,0.452695,1,1,1,2,0.0
168,BS_2,BS,0.724548,0.824989,0.222207,0.369242,1,1,1,3,0.0
168,BS_3,BS,0.69379,0.847173,0.265586,0.199055,1,1,1,2,2.579493
168,BS_4,BS,0.537018,0.818392,0.521724,0.373372,1,1,1,2,0.0
168,HAP_0,HAP,0.559858,0.898978,0.480072,0.152925,1,1,1,0,1.472896
168,HAP_1,HAP,0.652854,0.905359,0.326401,0.183941,1,1,1,0,0.0
168,HAP_2,HAP,0.57245,0.843909,0.45783,0.327632,1,1,1,2,0.0
168,LEO_0,LEO,0.668834,0.928973,0.30222,0.066413,1,1,1,0,0.18714
168,LEO_1,LEO,0.692982,0.913702,0.266752,0.118798,1,1,1,0,0.214213
169,BS_0,BS,0.675991,0.841443,0.291576,0.258377,1,1,1,2,1.06287
169,BS_1,BS,0.7043,0.824042,0.25055,0.390405,1,1,1,2,0.0
169,BS_2,BS,0.668884,0.827156,0.302145,0.336475,1,1,1,4,0.688236
169,BS_3,BS,0.34192,0.816479,0.973178,0.585427,1,1,1,0,0.0
169,BS_4,BS,0.556741,0.812079,0.485655,0.404835,1,1,1,4,0.0
169,HAP_0,HAP,0.588763,0.888544,0.429732,0.205441,1,1,1,0,0.288209
169,HAP_1,HAP,0.797334,0.919837,0.026481,0.147468,2,0,0,0,0.320515
169,HAP_2,HAP,0.471476,0.824016,0.651886,0.453335,1,1,1,3,0.3157
169,LEO_0,LEO,0.772826,0.936531,0.057701,0.054628,2,0,0,0,0.319631
169,LEO_1,LEO,0.779062,0.925015,0.049664,0.096148,2,0,0,0,0.298119
170,BS_0,BS,0.535358,0.834162,0.52482,0.330648,1,1,1,1,0.0
170,BS_1,BS,0.677318,0.827058,0.289614,0.350069,1,1,1,4,0.626685
170,BS_2,BS,0.671554,0.828894,0.298161,0.309185,1,1,1,4,0.0
170,BS_3,BS,0.518978,0.811354,0.555893,0.6074,1,1,1,2,0.0
170,BS_4,BS,0.692224,0.818893,0.267845,0.356152,1,1,1,4,0.0
170,HAP_0,HAP,0.831214,0.900874,0.084868,0.167594,1,1,1,0,0.487386
170,HAP_1,HAP,0.691207,0.913207,0.269316,0.150614,1,1,1,0,0.74142
170,HAP_2,HAP,0.72215,0.8347,0.225522,0.385556,1,1,1,2,0.625272
170,LEO_0,LEO,0.782892,0.934316,0.14476,0.053133,1,1,1,0,0.698218
170,LEO_1,LEO,0.769536,0.924152,0.161967,0.088724,1,1,1,0,0.693546
171,BS_0,BS,0.663011,0.839778,0.310964,0.308033,1,1,1,2,0.0
171,BS_1,BS,0.565175,0.822325,0.47062,0.379722,1,1,1,2,0.0
171,BS_2,BS,0.65458,0.828701,0.323761,0.294517,1,1,1,4,0.0
171,BS_3,BS,0.751164,0.830401,0.186132,0.50151,1,1,1,2,0.0
171,BS_4,BS,0.671183,0.822252,0.298714,0.325075,1,1,1,4,0.0
171,HAP_0,HAP,0.615673,0.886697,0.385039,0.20079,1,1,1,0,1.240755
171,HAP_1,HAP,0.784929,0.918473,0.142162,0.129585,1,1,1,0,0.282809
171,HAP_2,HAP,0.623853,0.831254,0.37184,0.370664,1,1,1,3,0.888937
171,LEO_0,LEO,0.766533,0.929223,0.165877,0.054888,1,1,1,0,0.87903
171,LEO_1,LEO,0.776013,0.931254,0.053587,0.072271,2,0,0,0,0.452972
172,BS_0,BS,0.668778,0.841029,0.302302,0.28755,1,1,1,2,0.358022
172,BS_1,BS,0.733144,0.831019,0.210413,0.323701,1,1,1,2,0.591846
172,BS_2,BS,0.648881,0.828013,0.332506,0.285366,1,1,1,4,0.566207
172,BS_3,BS,0.561293,0.822167,0.477512,0.503816,1,1,1,2,0.65701
172,BS_4,BS,0.462939,0.807075,0.670161,0.462162,1,1,1,2,0.423707
172,HAP_0,HAP,0.775122,0.892649,0.154735,0.171406,1,1,1,0,0.655482
172,HAP_1,HAP,0.746405,0.923852,0.092487,0.107518,2,0,0,0,0.583043
172,HAP_2,HAP,0.739534,0.84107,0.201735,0.314844,1,1,1,2,0.459021
172,LEO_0,LEO,0.72427,0.925583,0.222591,0.066206,1,1,1,0,0.348121
172,LEO_1,LEO,0.690761,0.936199,0.069961,0.060019,3,0,0,0,0.454511
173,BS_0,BS,0.816219,0.855986,0.103072,0.234821,1,1,1,2,0.0
173,BS_1,BS,0.710919,0.8355,0.241197,0.28514,1,1,1,3,0.629761
173,BS_2,BS,0.643827,0.826991,0.340325,0.280412,1,1,1,4,0.0
173,BS_3,BS,0.733324,0.830929,0.210168,0.422929,1,1,1,1,0.70694
173,BS_4,BS,0.783213,0.827174,0.144351,0.379106,1,1,1,3,0.0
173,HAP_0,HAP,0.726453,0.89635,0.219582,0.158822,1,1,1,0,0.388695
173,HAP_1,HAP,0.693062,0.930094,0.066636,0.088012,3,0,0,0,0.489226
173,HAP_2,HAP,0.594665,0.839821,0.419758,0.331164,1,1,1,2,0.412926
173,LEO_0,LEO,0.781067,0.931826,0.047094,0.053963,2,0,0,0,0.615806
173,LEO_1,LEO,0.811478,0.938403,0.108899,0.053352,1,1,1,0,0.387645
174,BS_0,BS,0.640474,0.849926,0.345547,0.241588,1,1,1,2,0.467939
174,BS_1,BS,0.702287,0.838877,0.253414,0.25701,1,1,1,3,0.0
174,BS_2,BS,0.648381,0.826597,0.333277,0.274313,1,1,1,4,0.0
174,BS_3,BS,0.746491,0.838362,0.192372,0.354997,1,1,1,2,0.438286
174,BS_4,BS,0.649672,0.82793,0.331288,0.352673,1,1,1,3,0.210391
174,HAP_0,HAP,0.813846,0.911378,0.005984,0.127074,2,0,0,0,0.552997
174,HAP_1,HAP,0.609344,0.932933,0.095373,0.074503,4,0,0,0,0.552803
174,HAP_2,HAP,0.605068,0.837371,0.402414,0.337803,1,1,1,3,0.535039
174,LEO_0,LEO,0.688296,0.937044,0.073537,0.045604,3,0,0,0,0.355268
174,LEO_1,LEO,0.796643,0.944322,0.027348,0.043018,2,0,0,0,0.494361
175,BS_0,BS,0.730793,0.853475,0.213624,0.213806,1,1,1,2,0.0
175,BS_1,BS,0.683712,0.839425,0.280218,0.240943,1,1,1,3,0.279357
175,BS_2,BS,0.625058,0.824083,0.369911,0.281026,1,1,1,5,0.0
175,BS_3,BS,0.681455,0.83871,0.283526,0.320171,1,1,1,3,0.726769
175,BS_4,BS,0.592939,0.828746,0.422663,0.362529,1,1,1,2,0.0
175,HAP_0,HAP,0.654772,0.899589,0.323468,0.148744,1,1,1,0,1.129567
175,HAP_1,HAP,0.815796,0.937695,0.10359,0.064431,1,1,1,0,0.168971
175,HAP_2,HAP,0.648644,0.839643,0.332871,0.320104,1,1,1,2,0.523013
175,LEO_0,LEO,0.651606,0.942403,0.028315,0.036844,4,0,0,0,0.591478
175,LEO_1,LEO,0.802461,0.942103,0.120072,0.040902,1,1,1,0,0.649794
176,BS_0,BS,0.680976,0.85158,0.284229,0.207399,1,1,1,2,0.381791
176,BS_1,BS,0.68387,0.839768,0.279988,0.228032,1,1,1,3,0.0
176,BS_2,BS,0.644849,0.823942,0.338739,0.276456,1,1,1,5,0.0
176,BS_3,BS,0.718071,0.842104,0.231187,0.280189,1,1,1,3,0.299677
176,BS_4,BS,0.573687,0.822009,0.455671,0.383459,1,1,1,3,0.0
176,HAP_0,HAP,0.723167,0.900452,0.224115,0.141597,1,1,1,0,0.468995
176,HAP_1,HAP,0.619435,0.918988,0.378948,0.116166,1,1,1,0,0.992956
176,HAP_2,HAP,0.648706,0.841519,0.332776,0.305916,1,1,1,2,0.440009
176,LEO_0,LEO,0.857145,0.944753,0.054149,0.030795,1,1,0,0,0.601721
176,LEO_1,LEO,0.691362,0.927711,0.269092,0.065306,1,1,1,0,1.074543
177,BS_0,BS,0.653877,0.85172,0.324836,0.213402,1,1,1,2,0.0
177,BS_1,BS,0.657714,0.837681,0.318985,0.228213,1,1,1,4,0.0
177,BS_2,BS,0.648339,0.824153,0.333341,0.271167,1,1,1,4,0.0
177,BS_3,BS,0.574162,0.831394,0.454843,0.317248,1,1,1,2,1.323683
177,BS_4,BS,0.698058,0.827311,0.259453,0.337059,1,1,1,3,0.0
177,HAP_0,HAP,0.578519,0.88037,0.447285,0.203306,1,1,1,0,1.626253
177,HAP_1,HAP,0.703178,0.91655,0.252145,0.121542,1,1,1,0,0.228204
177,HAP_2,HAP,0.634716,0.844071,0.354578,0.301309,1,1,1,2,0.385871
177,LEO_0,LEO,0.635864,0.923587,0.35277,0.080637,1,1,1,0,1.233172
177,LEO_1,LEO,0.663269,0.919173,0.310575,0.095651,1,1,1,0,0.299401
178,BS_0,BS,0.759543,0.861374,0.175038,0.184509,1,1,1,2,0.21884
178,BS_1,BS,0.652699,0.835547,0.326638,0.230582,1,1,1,4,0.0
178,BS_2,BS,0.648322,0.82432,0.333368,0.266944,1,1,1,5,0.0
178,BS_3,BS,0.692597,0.834077,0.267308,0.285952,1,1,1,2,0.324283
178,BS_4,BS,0.618879,0.825475,0.379845,0.334575,1,1,1,2,0.290474
178,HAP_0,HAP,0.741829,0.883544,0.198636,0.1804,1,1,1,0,0.775286
178,HAP_1,HAP,0.685327,0.908132,0.277859,0.131976,1,1,1,0,0.966719
178,HAP_2,HAP,0.613207,0.843039,0.389053,0.30916,1,1,1,2,0.476869
178,LEO_0,LEO,0.708895,0.917896,0.244048,0.091311,1,1,1,0,0.515066
178,LEO_1,LEO,0.756494,0.926489,0.07906,0.079333,2,0,0,0,0.404276
179,BS_0,BS,0.664456,0.856672,0.308787,0.190514,1,1,1,2,0.789383
179,BS_1,BS,0.647561,0.833365,0.334543,0.234829,1,1,1,4,0.201017
179,BS_2,BS,0.639763,0.823657,0.346657,0.267632,1,1,1,4,0.0
179,BS_3,BS,0.741684,0.840331,0.198832,0.246552,1,1,1,3,0.329313
179,BS_4,BS,0.759179,0.835133,0.175518,0.281523,1,1,1,3,0.670459
179,HAP_0,HAP,0.726345,0.887519,0.219729,0.166047,1,1,1,0,0.545816
179,HAP_1,HAP,0.802267,0.913489,0.120314,0.112095,1,1,1,0,0.513825
179,HAP_2,HAP,0.503481,0.826505,0.586209,0.401967,1,1,1,3,0.282131
179,LEO_0,LEO,0.772882,0.924661,0.057628,0.074543,2,0,0,0,0.616506
179,LEO_1,LEO,0.717059,0.934432,0.032597,0.063945,3,0,0,0,0.49775
180,BS_0,BS,0.743418,0.859481,0.196497,0.169787,1,1,1,2,0.793346
180,BS_1,BS,0.641735,0.831078,0.343579,0.240985,1,1,1,3,0.666013
180,BS_2,BS,0.648324,0.823924,0.333365,0.264115,1,1,1,4,0.0
180,BS_3,BS,0.736391,0.844906,0.205994,0.216337,1,1,1,2,0.350414
180,BS_4,BS,0.779216,0.844195,0.149467,0.235271,1,1,1,2,0.472702
180,HAP_0,HAP,0.763479,0.895578,0.16987,0.145823,1,1,1,0,0.377209
180,HAP_1,HAP,0.772207,0.912745,0.158502,0.100981,1,1,1,0,0.922092
180,HAP_2,HAP,0.776354,0.838324,0.153147,0.332128,1,1,1,3,0.543934
180,LEO_0,LEO,0.729764,0.931539,0.015034,0.059736,3,0,0,0,0.756055
180,LEO_1,LEO,0.639372,0.940126,0.047269,0.052161,4,0,0,0,0.452816
181,BS_0,BS,0.55199,0.843118,0.494225,0.245745,1,1,1,2,0.625761
181,BS_1,BS,0.647109,0.829748,0.33524,0.243361,1,1,1,3,0.298738
181,BS_2,BS,0.623162,0.823392,0.372949,0.273883,1,1,1,3,0.0
181,BS_3,BS,0.683102,0.844058,0.281111,0.20863,1,1,1,3,0.626696
181,BS_4,BS,0.727611,0.847288,0.217989,0.209601,1,1,1,2,0.714872
181,HAP_0,HAP,0.795279,0.909529,0.029062,0.117038,2,0,0,0,0.542624
181,HAP_1,HAP,0.751578,0.918284,0.085581,0.084081,2,0,0,0,0.633727
181,HAP_2,HAP,0.79112,0.848146,0.134306,0.273819,1,1,1,3,0.535663
181,LEO_0,LEO,0.63324,0.935608,0.056905,0.049246,4,0,0,0,0.593921
181,LEO_1,LEO,0.848009,0.941944,0.064864,0.043622,1,1,0,0,0.668567
182,BS_0,BS,0.718432,0.848948,0.230684,0.220543,1,1,1,2,0.0
182,BS_1,BS,0.644356,0.828428,0.339503,0.246557,1,1,1,3,0.0
182,BS_2,BS,0.684346,0.827282,0.279292,0.254208,1,1,1,4,0.0
182,BS_3,BS,0.668034,0.842041,0.303417,0.208332,1,1,1,3,0.0
182,BS_4,BS,0.622779,0.842934,0.373563,0.230478,1,1,1,1,0.713959
182,HAP_0,HAP,0.699664,0.903583,0.257155,0.123388,1,1,1,0,0.946659
182,HAP_1,HAP,0.747923,0.917996,0.190456,0.083588,1,1,1,0,0.481068
182,HAP_2,HAP,0.658257,0.84848,0.318159,0.264607,1,1,1,2,0.502113
182,LEO_0,LEO,0.836717,0.937902,0.07827,0.042154,1,1,0,0,0.580839
182,LEO_1,LEO,0.755057,0.933912,0.180963,0.049634,1,1,1,0,0.941498
183,BS_0,BS,0.791085,0.860067,0.13435,0.184557,1,1,1,2,0.0
183,BS_1,BS,0.644862,0.827419,0.338719,0.248874,1,1,1,3,0.0
183,BS_2,BS,0.668902,0.828764,0.302118,0.244441,1,1,1,4,0.0
183,BS_3,BS,0.635754,0.838984,0.352944,0.222722,1,1,1,3,0.0
183,BS_4,BS,0.635601,0.841178,0.353184,0.240515,1,1,1,3,0.0
183,HAP_0,HAP,0.804868,0.909758,0.117077,0.104879,1,1,1,0,0.545171
183,HAP_1,HAP,0.732265,0.919099,0.211612,0.087021,1,1,1,0,0.195043
183,HAP_2,HAP,0.630377,0.848811,0.361438,0.270472,1,1,1,1,0.396542
183,LEO_0,LEO,0.645536,0.918872,0.337674,0.085034,1,1,1,0,1.25134
183,LEO_1,LEO,0.768824,0.936058,0.062893,0.041487,2,0,0,0,0.692716
184,BS_0,BS,0.529132,0.850171,0.536518,0.277179,1,1,1,1,0.0
184,BS_1,BS,0.603964,0.824664,0.404241,0.272635,1,1,1,2,0.0
184,BS_2,BS,0.620774,0.825417,0.376789,0.259439,1,1,1,5,0.0
184,BS_3,BS,0.647202,0.839414,0.335096,0.228708,1,1,1,3,0.0
184,BS_4,BS,0.703312,0.849133,0.251954,0.220978,1,1,1,2,0.0
184,HAP_0,HAP,0.575725,0.887462,0.452125,0.175891,1,1,1,0,1.809612
184,HAP_1,HAP,0.789059,0.921775,0.136914,0.078052,1,1,1,0,0.596182
184,HAP_2,HAP,0.579256,0.846878,0.446011,0.305894,1,1,1,2,0.205259
184,LEO_0,LEO,0.616941,0.907688,0.382982,0.134031,1,1,1,0,0.274124
184,LEO_1,LEO,0.779412,0.933889,0.149216,0.043209,1,1,1,0,0.568019
185,BS_0,BS,0.727516,0.860466,0.218119,0.243152,1,1,1,2,0.0
185,BS_1,BS,0.70563,0.83246,0.248664,0.245933,1,1,1,3,0.0
185,BS_2,BS,0.647845,0.82529,0.334104,0.257783,1,1,1,5,0.0
185,BS_3,BS,0.714843,0.843056,0.235693,0.207964,1,1,1,3,0.474438
185,BS_4,BS,0.768039,0.860678,0.163914,0.188873,1,1,1,1,0.245783
185,HAP_0,HAP,0.581194,0.878189,0.44267,0.228893,1,1,1,0,0.32212
185,HAP_1,HAP,0.794977,0.931216,0.029442,0.062832,2,0,0,0,0.422422
185,HAP_2,HAP,0.515064,0.833191,0.563464,0.387587,1,1,1,2,0.522355
185,LEO_0,LEO,0.753148,0.916814,0.083493,0.110361,2,0,0,0,0.430136
185,LEO_1,LEO,0.742324,0.936251,0.097969,0.038887,2,0,0,0,0.472654
186,BS_0,BS,0.646869,0.859404,0.335612,0.245208,1,1,1,1,0.636112
186,BS_1,BS,0.705714,0.836585,0.248546,0.224545,1,1,1,3,0.437763
186,BS_2,BS,0.332871,0.795055,1.0,0.668691,1,1,1,1,0.0
186,BS_3,BS,0.568844,0.836041,0.464149,0.263317,1,1,1,2,0.245693
186,BS_4,BS,0.509065,0.840273,0.575179,0.299972,1,1,1,3,0.752298
186,HAP_0,HAP,0.770023,0.888743,0.161335,0.194827,1,1,1,0,0.385529
186,HAP_1,HAP,0.739698,0.940026,0.001513,0.050267,3,0,0,0,0.496098
186,HAP_2,HAP,0.611268,0.835538,0.39222,0.379296,1,1,1,1,0.503635
186,LEO_0,LEO,0.817789,0.92332,0.101151,0.092893,1,1,1,0,0.399615
186,LEO_1,LEO,0.800736,0.937049,0.122224,0.037832,1,1,1,0,0.452724
187,BS_0,BS,0.581319,0.853159,0.442455,0.284261,1,1,1,2,0.0
187,BS_1,BS,0.665075,0.83792,0.307856,0.222285,1,1,1,3,0.0
187,BS_2,BS,0.710472,0.812933,0.241825,0.561268,1,1,1,3,0.0
187,BS_3,BS,0.642664,0.834194,0.342134,0.263328,1,1,1,3,0.0
187,BS_4,BS,0.694795,0.841618,0.264138,0.271374,1,1,1,3,0.0
187,HAP_0,HAP,0.89477,0.905543,0.011189,0.155918,1,1,1,0,0.494309
187,HAP_1,HAP,0.736337,0.937869,0.206068,0.059322,1,1,1,0,0.102085
187,HAP_2,HAP,0.540609,0.832717,0.515058,0.422815,1,1,1,1,0.270661
187,LEO_0,LEO,0.745265,0.927239,0.094016,0.078292,2,0,0,0,0.620447
187,LEO_1,LEO,0.771709,0.941993,0.059148,0.03184,2,0,0,0,0.396751
188,BS_0,BS,0.664014,0.854924,0.309452,0.270501,1,1,1,3,0.0
188,BS_1,BS,0.693316,0.839784,0.266269,0.209732,1,1,1,3,0.0
188,BS_2,BS,0.664376,0.820468,0.308906,0.491955,1,1,1,2,0.0
188,BS_3,BS,0.706561,0.837692,0.247346,0.238194,1,1,1,3,0.0
188,BS_4,BS,0.679626,0.841172,0.286212,0.253962,1,1,1,3,0.0
188,HAP_0,HAP,0.523458,0.87864,0.547298,0.259525,1,1,1,0,1.608877
188,HAP_1,HAP,0.775803,0.945465,0.053856,0.048763,2,0,0,0,0.155088
188,HAP_2,HAP,0.449688,0.813288,0.699201,0.558249,1,1,1,2,0.569267
188,LEO_0,LEO,0.734087,0.937014,0.009128,0.062671,3,0,0,0,0.384211
188,LEO_1,LEO,0.681172,0.944832,0.08394,0.028642,3,0,0,0,0.363279
189,BS_0,BS,0.544997,0.839714,0.506974,0.332061,1,1,1,3,0.0
189,BS_1,BS,0.675748,0.839396,0.291935,0.206138,1,1,1,4,0.0
189,BS_2,BS,0.646006,0.821889,0.336946,0.444654,1,1,1,4,0.0
189,BS_3,BS,0.673881,0.837507,0.294702,0.229637,1,1,1,3,0.749641
189,BS_4,BS,0.65489,0.83855,0.323288,0.250202,1,1,1,3,0.339974
189,HAP_0,HAP,0.724162,0.881575,0.22274,0.229946,1,1,1,0,0.672728
189,HAP_1,HAP,0.767631,0.941633,0.164446,0.051179,1,1,1,0,0.569145
189,HAP_2,HAP,0.63604,0.820928,0.352494,0.502513,1,1,1,2,0.446949
189,LEO_0,LEO,0.742868,0.930453,0.197237,0.067643,1,1,1,0,0.809823
189,LEO_1,LEO,0.625751,0.945721,0.068803,0.025044,4,0,0,0,0.658971
190,BS_0,BS,0.549667,0.831926,0.498442,0.377449,1,1,1,1,0.438683
190,BS_1,BS,0.650208,0.836706,0.330462,0.214053,1,1,1,4,0.44127
190,BS_2,BS,0.685442,0.825996,0.277691,0.390424,1,1,1,4,0.0
190,BS_3,BS,0.560146,0.826586,0.479557,0.287198,1,1,1,2,0.583712
190,BS_4,BS,0.632882,0.834394,0.357471,0.257665,1,1,1,3,0.674826
190,HAP_0,HAP,0.869554,0.893636,0.039775,0.184669,1,1,1,0,0.955409
190,HAP_1,HAP,0.727542,0.93257,0.218084,0.062346,1,1,1,0,0.834521
190,HAP_2,HAP,0.609773,0.824844,0.394669,0.472104,1,1,1,2,0.472925
190,LEO_0,LEO,0.81738,0.937555,0.001651,0.054116,2,0,0,0,0.655377
190,LEO_1,LEO,0.808108,0.943112,0.113059,0.025787,1,1,1,0,0.684671
191,BS_0,BS,0.670218,0.835684,0.300153,0.342501,1,1,1,2,0.0
191,BS_1,BS,0.614887,0.833341,0.386317,0.2384,1,1,1,2,0.0
191,BS_2,BS,0.656369,0.826564,0.321032,0.358716,1,1,1,4,0.0
191,BS_3,BS,0.728303,0.833317,0.217038,0.250956,1,1,1,3,0.0
191,BS_4,BS,0.708569,0.837845,0.244507,0.233035,1,1,1,3,0.38293
191,HAP_0,HAP,0.831615,0.901993,0.084386,0.15094,1,1,1,0,0.750649
191,HAP_1,HAP,0.800561,0.93805,0.022442,0.050103,2,0,0,0,0.641213
191,HAP_2,HAP,0.585434,0.825978,0.435403,0.462992,1,1,1,2,0.231055
191,LEO_0,LEO,0.694117,0.938428,0.065115,0.045201,3,0,0,0,0.795975
191,LEO_1,LEO,0.812948,0.947829,0.007088,0.020653,2,0,0,0,0.612388
192,BS_0,BS,0.787002,0.847733,0.139524,0.282761,1,1,1,2,0.0
192,BS_1,BS,0.695603,0.836325,0.262977,0.221841,1,1,1,4,0.0
192,BS_2,BS,0.606605,0.82405,0.399878,0.358929,1,1,1,2,0.0
192,BS_3,BS,0.708464,0.836989,0.244656,0.227701,1,1,1,3,0.430025
192,BS_4,BS,0.640365,0.834533,0.345716,0.240212,1,1,1,4,0.746345
192,HAP_0,HAP,0.755376,0.899948,0.180539,0.135419,1,1,1,0,1.155432
192,HAP_1,HAP,0.766734,0.931022,0.165616,0.052425,1,1,1,0,1.018594
192,HAP_2,HAP,0.631278,0.830547,0.36001,0.428717,1,1,1,2,0.331059
192,LEO_0,LEO,0.674154,0.930766,0.294297,0.075135,1,1,1,0,0.097041
192,LEO_1,LEO,0.771148,0.939931,0.159875,0.028024,1,1,1,0,0.936582
193,BS_0,BS,0.6974,0.848074,0.260395,0.256721,1,1,1,2,0.719545
193,BS_1,BS,0.674642,0.836532,0.293573,0.216256,1,1,1,3,0.0
193,BS_2,BS,0.697829,0.829011,0.259781,0.317512,1,1,1,4,0.0
193,BS_3,BS,0.619039,0.831818,0.379588,0.247,1,1,1,2,0.551991
193,BS_4,BS,0.654763,0.833217,0.323482,0.239258,1,1,1,3,0.761244
193,HAP_0,HAP,0.760329,0.906356,0.074004,0.1108,2,0,0,0,0.874942
193,HAP_1,HAP,0.734805,0.926467,0.20815,0.061437,1,1,1,0,0.495685
193,HAP_2,HAP,0.636879,0.832768,0.351176,0.398469,1,1,1,2,0.473384
193,LEO_0,LEO,0.753102,0.935145,0.083555,0.06325,2,0,0,0,0.498847
193,LEO_1,LEO,0.776185,0.941283,0.053364,0.023701,2,0,0,0,0.71396
194,BS_0,BS,0.691762,0.852199,0.268514,0.237822,1,1,1,2,0.0
194,BS_1,BS,0.656268,0.834971,0.321186,0.219427,1,1,1,4,0.0
194,BS_2,BS,0.671075,0.830348,0.298875,0.294207,1,1,1,3,0.0
194,BS_3,BS,0.453542,0.815179,0.690668,0.41226,1,1,1,1,0.488194
194,BS_4,BS,0.631243,0.82997,0.360064,0.249747,1,1,1,3,0.709819
194,HAP_0,HAP,0.709203,0.903849,0.243614,0.115346,1,1,1,0,0.598215
194,HAP_1,HAP,0.759143,0.931287,0.075565,0.051719,2,0,0,0,0.522535
194,HAP_2,HAP,0.676056,0.836822,0.29148,0.357008,1,1,1,2,0.662574
194,LEO_0,LEO,0.761274,0.931958,0.172763,0.064031,1,1,1,0,0.612706
194,LEO_1,LEO,0.7017,0.942325,0.054249,0.020285,3,0,0,0,0.744302
195,BS_0,BS,0.698643,0.852212,0.258615,0.220354,1,1,1,2,0.62828
195,BS_1,BS,0.645117,0.832681,0.338323,0.22705,1,1,1,4,0.0
195,BS_2,BS,0.654143,0.829827,0.32443,0.28273,1,1,1,3,0.0
195,BS_3,BS,0.676567,0.82451,0.290724,0.367842,1,1,1,2,0.396107
195,BS_4,BS,0.714978,0.834846,0.235503,0.224755,1,1,1,4,0.241342
195,HAP_0,HAP,0.767387,0.908316,0.164764,0.104493,1,1,1,0,0.444241
195,HAP_1,HAP,0.742289,0.929633,0.198017,0.05902,1,1,1,0,0.305663
195,HAP_2,HAP,0.673151,0.83998,0.295786,0.324976,1,1,1,2,0.433349
195,LEO_0,LEO,0.776354,0.936306,0.053147,0.052496,2,0,0,0,0.614118
195,LEO_1,LEO,0.767625,0.9382,0.164454,0.028398,1,1,1,0,0.538
196,BS_0,BS,0.748212,0.855563,0.190069,0.19254,1,1,1,3,0.680552
196,BS_1,BS,0.64126,0.830486,0.34432,0.23499,1,1,1,3,0.432372
196,BS_2,BS,0.647301,0.828768,0.334944,0.276668,1,1,1,3,0.0
196,BS_3,BS,0.492289,0.809049,0.608689,0.461,1,1,1,3,0.797359
196,BS_4,BS,0.672717,0.835091,0.29643,0.219346,1,1,1,3,0.315687
196,HAP_0,HAP,0.742488,0.91395,0.097749,0.087894,2,0,0,0,0.732822
196,HAP_1,HAP,0.811067,0.939173,0.009405,0.047256,2,0,0,0,0.408205
196,HAP_2,HAP,0.70017,0.845838,0.256433,0.289572,1,1,1,2,0.614157
196,LEO_0,LEO,0.695763,0.924065,0.262746,0.073063,1,1,1,0,1.000143
196,LEO_1,LEO,0.815012,0.939568,0.104552,0.027638,1,1,1,0,0.444961
197,BS_0,BS,0.728993,0.856525,0.216091,0.175045,1,1,1,3,0.415019
197,BS_1,BS,0.61231,0.825958,0.390516,0.256618,1,1,1,4,0.0
197,BS_2,BS,0.603598,0.826149,0.404846,0.29509,1,1,1,3,0.0
197,BS_3,BS,0.782025,0.825837,0.145869,0.378375,1,1,1,3,0.0
197,BS_4,BS,0.656984,0.833976,0.320096,0.221584,1,1,1,3,0.0
197,HAP_0,HAP,0.727228,0.924955,0.018515,0.07047,3,0,0,0,0.465815
197,HAP_1,HAP,0.610062,0.917664,0.394195,0.10773,1,1,1,0,1.15363
197,HAP_2,HAP,0.638156,0.846541,0.349173,0.286522,1,1,1,1,0.518978
197,LEO_0,LEO,0.685183,0.918311,0.27807,0.093245,1,1,1,0,0.301633
197,LEO_1,LEO,0.653404,0.922206,0.325559,0.069805,1,1,1,0,1.121465
198,BS_0,BS,0.784578,0.862145,0.142609,0.149188,1,1,1,2,0.39113
198,BS_1,BS,0.580804,0.819399,0.443342,0.293743,1,1,1,2,0.368024
198,BS_2,BS,0.700262,0.831026,0.256301,0.265632,1,1,1,4,0.718846
198,BS_3,BS,0.709782,0.833118,0.242797,0.329227,1,1,1,3,0.421207
198,BS_4,BS,0.649898,0.832346,0.330939,0.226552,1,1,1,4,0.295797
198,HAP_0,HAP,0.64617,0.932941,0.036692,0.056982,4,0,0,0,0.475331
198,HAP_1,HAP,0.800579,0.919782,0.12242,0.092928,1,1,1,0,0.624919
198,HAP_2,HAP,0.608332,0.844287,0.397035,0.300154,1,1,1,2,0.374122
198,LEO_0,LEO,0.798841,0.928452,0.024593,0.074868,2,0,0,0,0.483779
198,LEO_1,LEO,0.692446,0.916787,0.267525,0.08805,1,1,1,0,0.367845
199,BS_0,BS,0.749792,0.863535,0.187959,0.135248,1,1,1,3,0.623071
199,BS_1,BS,0.670862,0.825711,0.299191,0.275277,1,1,1,2,0.0
199,BS_2,BS,0.677835,0.832587,0.288851,0.250052,1,1,1,3,0.200429
199,BS_3,BS,0.71156,0.83748,0.240295,0.289366,1,1,1,3,0.348271
199,BS_4,BS,0.647382,0.830792,0.334818,0.231688,1,1,1,4,0.0
199,HAP_0,HAP,0.757361,0.932975,0.177916,0.05983,1,1,1,0,0.217353
199,HAP_1,HAP,0.605335,0.898307,0.401974,0.147055,1,1,1,0,1.691677
199,HAP_2,HAP,0.642315,0.84575,0.342676,0.292966,1,1,1,2,0.370568
199,LEO_0,LEO,0.695759,0.934848,0.062752,0.061667,3,0,0,0,0.400597
199,LEO_1,LEO,0.756163,0.924124,0.079499,0.073284,2,0,0,0,0.443846
200,BS_0,BS,0.721475,0.86226,0.226457,0.131276,1,1,1,3,0.66587
200,BS_1,BS,0.659046,0.827179,0.316962,0.265431,1,1,1,4,0.536261
200,BS_2,BS,0.619046,0.829214,0.379576,0.264877,1,1,1,2,0.287585
200,BS_3,BS,0.71906,0.841276,0.229811,0.255258,1,1,1,3,0.70433
200,BS_4,BS,0.483893,0.815598,0.625891,0.361633,1,1,1,2,0.408611
200,HAP_0,HAP,0.782537,0.939752,0.045214,0.048784,2,0,0,0,0.421807
200,HAP_1,HAP,0.632076,0.890307,0.358745,0.175558,1,1,1,0,0.516691
200,HAP_2,HAP,0.631495,0.846599,0.359665,0.292584,1,1,1,1,0.599388
200,LEO_0,LEO,0.640508,0.939376,0.045494,0.050265,4,0,0,0,0.617868
200,LEO_1,LEO,0.681118,0.92979,0.08402,0.061804,3,0,0,0,0.445116
201,BS_0,BS,0.732694,0.86215,0.211027,0.12506,1,1,1,3,0.799908
201,BS_1,BS,0.673271,0.83178,0.295607,0.251667,1,1,1,3,0.0
201,BS_2,BS,0.733375,0.835949,0.210098,0.231765,1,1,1,3,0.0
201,BS_3,BS,0.67657,0.840594,0.290719,0.24224,1,1,1,3,0.391094
201,BS_4,BS,0.639848,0.817391,0.346524,0.343342,1,1,1,4,0.735438
201,HAP_0,HAP,0.733836,0.947854,0.00947,0.039067,3,0,0,0,0.324488
201,HAP_1,HAP,0.74598,0.895668,0.193057,0.157218,1,1,1,0,0.453917
201,HAP_2,HAP,0.580512,0.842271,0.443845,0.322716,1,1,1,1,0.47001
201,LEO_0,LEO,0.832548,0.942663,0.083264,0.043332,1,1,0,0,0.335855
201,LEO_1,LEO,0.611169,0.933946,0.092382,0.053284,4,0,0,0,0.431134
202,BS_0,BS,0.679057,0.857498,0.28705,0.137127,1,1,1,3,0.408521
202,BS_1,BS,0.746505,0.841386,0.192353,0.217984,1,1,1,2,0.0
202,BS_2,BS,0.685111,0.837106,0.278174,0.220233,1,1,1,3,0.301809
202,BS_3,BS,0.634021,0.837729,0.355674,0.250718,1,1,1,2,0.0
202,BS_4,BS,0.713198,0.824774,0.237996,0.300163,1,1,1,4,0.0
202,HAP_0,HAP,0.647238,0.929919,0.335041,0.081767,1,1,1,0,0.948337
202,HAP_1,HAP,0.760412,0.905419,0.073895,0.128232,2,0,0,0,0.710357
202,HAP_2,HAP,0.567374,0.839889,0.466737,0.356203,1,1,1,1,0.238073
202,LEO_0,LEO,0.586657,0.917541,0.433314,0.119158,1,1,1,0,1.227828
202,LEO_1,LEO,0.759446,0.933546,0.175166,0.056434,1,1,1,0,0.279049
203,BS_0,BS,0.712903,0.856858,0.23841,0.13528,1,1,1,3,0.0
203,BS_1,BS,0.713426,0.844349,0.237676,0.199807,1,1,1,3,0.553798
203,BS_2,BS,0.704472,0.839673,0.250306,0.20438,1,1,1,3,0.0
203,BS_3,BS,0.700603,0.840153,0.255815,0.230023,1,1,1,3,0.504545
203,BS_4,BS,0.660006,0.825917,0.315506,0.284925,1,1,1,2,0.319335
203,HAP_0,HAP,0.809195,0.93165,0.111715,0.07103,1,1,1,0,0.491142
203,HAP_1,HAP,0.733935,0.918342,0.009335,0.102625,3,0,0,0,0.512111
203,HAP_2,HAP,0.5597,0.83454,0.480355,0.388795,1,1,1,1,0.643624
203,LEO_0,LEO,0.682235,0.912035,0.282381,0.131209,1,1,1,0,0.367133
203,LEO_1,LEO,0.768885,0.938499,0.062814,0.046923,2,0,0,0,0.493556
204,BS_0,BS,0.67735,0.853969,0.289568,0.145956,1,1,1,3,0.0
204,BS_1,BS,0.359663,0.815575,0.922589,0.542873,1,1,1,1,0.0
204,BS_2,BS,0.673913,0.839061,0.294655,0.202574,1,1,1,3,0.0
204,BS_3,BS,0.674638,0.839572,0.293579,0.222803,1,1,1,3,0.716197
204,BS_4,BS,0.672288,0.828523,0.297069,0.267652,1,1,1,3,0.0
204,HAP_0,HAP,0.720398,0.922307,0.227951,0.080207,1,1,1,0,1.027464
204,HAP_1,HAP,0.667937,0.92894,0.003561,0.082106,4,0,0,0,0.554148
204,HAP_2,HAP,0.548393,0.827724,0.500764,0.42388,1,1,1,2,0.557356
204,LEO_0,LEO,0.79724,0.922528,0.0266,0.105286,2,0,0,0,0.561543
204,LEO_1,LEO,0.690118,0.941856,0.070892,0.0398,3,0,0,0,0.47201
205,BS_0,BS,0.646355,0.850649,0.336406,0.167691,1,1,1,2,0.0
205,BS_1,BS,0.48283,0.802504,0.62809,0.611822,1,1,1,3,0.0
205,BS_2,BS,0.655114,0.836872,0.322946,0.208992,1,1,1,3,0.0
205,BS_3,BS,0.438027,0.82013,0.725476,0.415084,1,1,1,1,0.0
205,BS_4,BS,0.6568,0.828719,0.320376,0.26031,1,1,1,4,0.0
205,HAP_0,HAP,0.803711,0.92386,0.118516,0.070486,1,1,1,0,0.625905
205,HAP_1,HAP,0.774697,0.930591,0.155283,0.076535,1,1,1,0,0.267503
205,HAP_2,HAP,0.60104,0.827974,0.409093,0.414415,1,1,1,2,0.41904
205,LEO_0,LEO,0.779272,0.920916,0.149394,0.094272,1,1,1,0,0.880328
205,LEO_1,LEO,0.745439,0.935325,0.193782,0.048738,1,1,1,0,0.6994
206,BS_0,BS,0.750795,0.856079,0.186623,0.149825,1,1,1,2,0.0
206,BS_1,BS,0.652632,0.807944,0.326742,0.5375,1,1,1,3,0.0
206,BS_2,BS,0.648084,0.834474,0.333735,0.217314,1,1,1,4,0.0
206,BS_3,BS,0.641061,0.829694,0.344631,0.385514,1,1,1,2,0.0
206,BS_4,BS,0.646568,0.827835,0.336077,0.259075,1,1,1,4,0.0
206,HAP_0,HAP,0.741304,0.924407,0.099344,0.06083,2,0,0,0,0.918159
206,HAP_1,HAP,0.749096,0.934096,0.088888,0.064784,2,0,0,0,0.549295
206,HAP_2,HAP,0.639158,0.83274,0.347603,0.385905,1,1,1,1,0.466561
206,LEO_0,LEO,0.798985,0.927939,0.024414,0.075686,2,0,0,0,0.712532
206,LEO_1,LEO,0.791054,0.940761,0.034389,0.039523,2,0,0,0,0.516168
207,BS_0,BS,0.717776,0.856319,0.231597,0.143997,1,1,1,3,0.577979
207,BS_1,BS,0.599033,0.810121,0.412438,0.506547,1,1,1,2,0.246353
207,BS_2,BS,0.625693,0.831998,0.368895,0.235088,1,1,1,4,0.0
207,BS_3,BS,0.446501,0.80823,0.706313,0.532906,1,1,1,4,0.218526
207,BS_4,BS,0.646256,0.827079,0.33656,0.258233,1,1,1,4,0.779764
207,HAP_0,HAP,0.754862,0.924141,0.18122,0.063442,1,1,1,0,0.345958
207,HAP_1,HAP,0.69913,0.939223,0.057918,0.053336,3,0,0,0,0.446248
207,HAP_2,HAP,0.616761,0.833562,0.383274,0.374828,1,1,1,1,0.586556
207,LEO_0,LEO,0.781917,0.928086,0.146007,0.070142,1,1,1,0,0.504904
207,LEO_1,LEO,0.718828,0.945301,0.030133,0.032027,3,0,0,0,0.551577
208,BS_0,BS,0.696312,0.854892,0.261958,0.146077,1,1,1,2,0.388692
208,BS_1,BS,0.752337,0.825119,0.184571,0.420567,1,1,1,2,0.462061
208,BS_2,BS,0.698868,0.836983,0.258293,0.218093,1,1,1,4,0.0
208,BS_3,BS,0.667544,0.813706,0.304149,0.467953,1,1,1,3,0.49972
208,BS_4,BS,0.59971,0.82225,0.411308,0.282715,1,1,1,2,0.315605
208,HAP_0,HAP,0.808537,0.933694,0.012529,0.050824,2,0,0,0,0.495636
208,HAP_1,HAP,0.647459,0.945066,0.0347,0.043211,4,0,0,0,0.414327
208,HAP_2,HAP,0.601095,0.83306,0.409002,0.37514,1,1,1,2,0.324015
208,LEO_0,LEO,0.77696,0.934169,0.052367,0.057347,2,0,0,0,0.507066
208,LEO_1,LEO,0.64135,0.946975,0.04418,0.0265,4,0,0,0,0.689319
209,BS_0,BS,0.652855,0.854132,0.3264,0.164804,1,1,1,2,0.0
209,BS_1,BS,0.604683,0.821531,0.403051,0.409557,1,1,1,3,1.076974
209,BS_2,BS,0.571754,0.832803,0.459047,0.2693,1,1,1,2,0.0
209,BS_3,BS,0.674743,0.818433,0.293423,0.413106,1,1,1,4,0.0
209,BS_4,BS,0.734015,0.830463,0.209225,0.245871,1,1,1,3,0.0
209,HAP_0,HAP,0.575367,0.907944,0.452746,0.1329,1,1,1,0,1.359134
209,HAP_1,HAP,0.747577,0.943752,0.190918,0.050971,1,1,1,0,0.0
209,HAP_2,HAP,0.558656,0.83308,0.482222,0.404754,1,1,1,1,0.112406
209,LEO_0,LEO,0.803786,0.93251,0.118422,0.052189,1,1,1,0,0.835982
209,LEO_1,LEO,0.728152,0.941852,0.217246,0.042438,1,1,1,0,0.171278
210,BS_0,BS,0.468486,0.840139,0.65825,0.326825,1,1,1,1,0.0
210,BS_1,BS,0.647747,0.826886,0.334255,0.377922,1,1,1,2,0.0
210,BS_2,BS,0.621262,0.829834,0.376003,0.27906,1,1,1,4,0.0
210,BS_3,BS,0.657854,0.820635,0.318772,0.376212,1,1,1,3,0.0
210,BS_4,BS,0.609719,0.829253,0.394757,0.266821,1,1,1,3,0.0
210,HAP_0,HAP,0.587948,0.896466,0.431116,0.189958,1,1,1,0,0.206533
210,HAP_1,HAP,0.801878,0.944523,0.120798,0.047343,1,1,1,0,0.382698
210,HAP_2,HAP,0.567766,0.83139,0.466046,0.421542,1,1,1,2,0.348951
210,LEO_0,LEO,0.645699,0.913338,0.337422,0.092985,1,1,1,0,1.360195
210,LEO_1,LEO,0.76309,0.944859,0.070379,0.036179,2,0,0,0,0.482741
211,BS_0,BS,0.630432,0.844799,0.36135,0.320218,1,1,1,2,0.0
211,BS_1,BS,0.674324,0.83002,0.294045,0.341246,1,1,1,3,0.0
211,BS_2,BS,0.697273,0.833463,0.260578,0.253804,1,1,1,4,0.0
211,BS_3,BS,0.643937,0.821102,0.340155,0.353037,1,1,1,4,0.0
211,BS_4,BS,0.703794,0.83404,0.25127,0.241869,1,1,1,4,0.0
211,HAP_0,HAP,0.732839,0.902371,0.210829,0.171968,1,1,1,0,0.168522
211,HAP_1,HAP,0.471493,0.903861,0.65185,0.229084,1,1,1,0,1.698386
211,HAP_2,HAP,0.585098,0.830495,0.435976,0.422768,1,1,1,2,0.340085
211,LEO_0,LEO,0.547576,0.896655,0.502254,0.187905,1,1,1,0,0.174284
211,LEO_1,LEO,0.652909,0.928068,0.326318,0.076861,1,1,1,0,0.919941
212,BS_0,BS,0.635511,0.849204,0.353326,0.312352,1,1,1,1,0.289287
212,BS_1,BS,0.715594,0.835168,0.234642,0.297772,1,1,1,3,0.674746
212,BS_2,BS,0.669314,0.833726,0.301502,0.243949,1,1,1,3,0.0
212,BS_3,BS,0.645818,0.821648,0.337238,0.333608,1,1,1,3,0.256365
212,BS_4,BS,0.68439,0.835621,0.279227,0.22858,1,1,1,4,1.568125
212,HAP_0,HAP,0.584232,0.886302,0.437457,0.22369,1,1,1,0,1.114541
212,HAP_1,HAP,0.680994,0.899609,0.284201,0.219614,1,1,1,0,0.487294
212,HAP_2,HAP,0.603974,0.828922,0.404225,0.411743,1,1,1,2,0.604675
212,LEO_0,LEO,0.904458,0.911907,0.000419,0.150324,1,1,1,0,0.577067
212,LEO_1,LEO,0.803668,0.929858,0.118568,0.067815,1,1,1,0,0.479279
213,BS_0,BS,0.565802,0.844545,0.46951,0.349079,1,1,1,1,0.0
213,BS_1,BS,0.711522,0.83876,0.240349,0.264213,1,1,1,3,0.324239
213,BS_2,BS,0.653906,0.832503,0.324792,0.24263,1,1,1,4,0.0
213,BS_3,BS,0.545085,0.815908,0.506814,0.382474,1,1,1,2,0.0
213,BS_4,BS,0.651601,0.833826,0.328322,0.231372,1,1,1,4,0.0
213,HAP_0,HAP,0.599892,0.882512,0.411006,0.254969,1,1,1,0,0.0
213,HAP_1,HAP,0.606746,0.894423,0.399645,0.247563,1,1,1,0,0.0
213,HAP_2,HAP,0.572196,0.830077,0.458274,0.423901,1,1,1,2,0.0
213,LEO_0,LEO,0.573272,0.889905,0.456395,0.213992,1,1,1,0,1.394824
213,LEO_1,LEO,0.686537,0.917342,0.276096,0.088555,1,1,1,0,1.110359
214,BS_0,BS,0.527409,0.832748,0.53978,0.410377,1,1,1,3,0.0
214,BS_1,BS,0.500824,0.820527,0.591501,0.368814,1,1,1,1,2.832007
214,BS_2,BS,0.649023,0.831067,0.332287,0.24379,1,1,1,4,0.0
214,BS_3,BS,0.693197,0.82254,0.26644,0.337925,1,1,1,3,0.0
214,BS_4,BS,0.620543,0.830069,0.377161,0.249111,1,1,1,2,0.0
214,HAP_0,HAP,0.892712,0.901896,0.013491,0.204057,1,1,1,0,0.36636
214,HAP_1,HAP,0.854806,0.910494,0.056881,0.199507,1,1,1,0,0.171766
214,HAP_2,HAP,0.592787,0.828755,0.42292,0.419608,1,1,1,1,0.704466
214,LEO_0,LEO,0.710772,0.890193,0.241403,0.197418,1,1,1,0,0.599929
214,LEO_1,LEO,0.646658,0.909605,0.335938,0.121628,1,1,1,0,0.264511
215,BS_0,BS,0.686603,0.842942,0.275999,0.36258,1,1,1,2,0.0
215,BS_1,BS,0.652157,0.826225,0.32747,0.343308,1,1,1,3,0.0
215,BS_2,BS,0.648518,0.82987,0.333065,0.244952,1,1,1,4,0.0
215,BS_3,BS,0.681017,0.826142,0.284168,0.306678,1,1,1,4,0.766534
215,BS_4,BS,0.668622,0.831031,0.302536,0.240476,1,1,1,4,0.0
215,HAP_0,HAP,0.656793,0.894223,0.320386,0.209437,1,1,1,0,0.92614
215,HAP_1,HAP,0.710593,0.90847,0.241655,0.185884,1,1,1,0,0.637558
215,HAP_2,HAP,0.592146,0.826419,0.424002,0.416586,1,1,1,2,0.502729
215,LEO_0,LEO,0.779062,0.897448,0.149665,0.168014,1,1,1,0,0.534588
215,LEO_1,LEO,0.791742,0.921056,0.03352,0.097808,2,0,0,0,0.474322
216,BS_0,BS,0.64703,0.843103,0.335363,0.340675,1,1,1,3,0.293507
216,BS_1,BS,0.752893,0.840588,0.183832,0.289853,1,1,1,2,0.0
216,BS_2,BS,0.644321,0.828522,0.339559,0.247846,1,1,1,3,0.0
216,BS_3,BS,0.65667,0.826711,0.320573,0.291587,1,1,1,3,0.735994
216,BS_4,BS,0.653673,0.830341,0.325148,0.239956,1,1,1,4,0.0
216,HAP_0,HAP,0.794453,0.902415,0.130101,0.175166,1,1,1,0,0.442923
216,HAP_1,HAP,0.856783,0.917981,0.054571,0.150047,1,1,1,0,0.55437
216,HAP_2,HAP,0.655736,0.829472,0.321997,0.379926,1,1,1,2,0.565777
216,LEO_0,LEO,0.770073,0.907188,0.06127,0.136101,2,0,0,0,0.743614
216,LEO_1,LEO,0.771738,0.919792,0.15911,0.089639,1,1,1,0,0.822877
217,BS_0,BS,0.787896,0.857188,0.138389,0.281158,1,1,1,2,0.0
217,BS_1,BS,0.58612,0.832545,0.43423,0.316733,1,1,1,3,0.0
217,BS_2,BS,0.621682,0.826821,0.375327,0.261669,1,1,1,3,0.0
217,BS_3,BS,0.625702,0.825993,0.368881,0.294503,1,1,1,2,0.0
217,BS_4,BS,0.646706,0.829126,0.335863,0.242726,1,1,1,3,0.0
217,HAP_0,HAP,0.746874,0.907751,0.191859,0.156698,1,1,1,0,0.204792
217,HAP_1,HAP,0.539832,0.890291,0.516498,0.240084,1,1,1,0,2.273178
217,HAP_2,HAP,0.644488,0.833339,0.339299,0.355747,1,1,1,1,0.657492
217,LEO_0,LEO,0.719752,0.918277,0.028848,0.109255,3,0,0,0,0.540441
217,LEO_1,LEO,0.802452,0.923401,0.120083,0.0782,1,1,1,0,0.465819
218,BS_0,BS,0.623491,0.855973,0.37242,0.28734,1,1,1,1,0.449333
218,BS_1,BS,0.69527,0.839181,0.263454,0.28462,1,1,1,2,0.0
218,BS_2,BS,0.697279,0.831651,0.260569,0.239888,1,1,1,3,0.0
218,BS_3,BS,0.692113,0.831375,0.268006,0.267924,1,1,1,3,0.0
218,BS_4,BS,0.639273,0.827457,0.347424,0.248498,1,1,1,4,0.0
218,HAP_0,HAP,0.62704,0.895449,0.366745,0.185884,1,1,1,0,1.026576
218,HAP_1,HAP,0.579918,0.880659,0.444868,0.281126,1,1,1,0,0.282592
218,HAP_2,HAP,0.575907,0.832589,0.451808,0.376456,1,1,1,2,0.147583
218,LEO_0,LEO,0.668355,0.928227,0.002936,0.087408,4,0,0,0,0.63383
218,LEO_1,LEO,0.782132,0.922202,0.145732,0.072117,1,1,1,0,0.841062
219,BS_0,BS,0.456619,0.830257,0.683905,0.440349,1,1,1,2,0.354603
219,BS_1,BS,0.59615,0.839147,0.417263,0.306045,1,1,1,1,0.0
219,BS_2,BS,0.678477,0.833764,0.287904,0.229211,1,1,1,3,0.0
219,BS_3,BS,0.700087,0.835039,0.25655,0.243958,1,1,1,4,0.627293
219,BS_4,BS,0.392641,0.801625,0.834859,0.512444,1,1,1,1,0.705685
219,HAP_0,HAP,0.794032,0.902835,0.130631,0.156386,1,1,1,0,0.492195
219,HAP_1,HAP,0.831065,0.894484,0.085048,0.228156,1,1,1,0,0.495516
219,HAP_2,HAP,0.595103,0.830957,0.419021,0.380175,1,1,1,2,0.411884
219,LEO_0,LEO,0.798676,0.93079,0.1248,0.076935,1,1,1,0,0.382407
219,LEO_1,LEO,0.720155,0.920152,0.228289,0.081146,1,1,1,0,0.294715
220,BS_0,BS,0.701518,0.835101,0.254509,0.381428,1,1,1,3,0.0
220,BS_1,BS,0.770982,0.852831,0.16009,0.256369,1,1,1,2,0.0
220,BS_2,BS,0.637139,0.831108,0.350767,0.238735,1,1,1,4,0.0
220,BS_3,BS,0.663978,0.834528,0.309506,0.238274,1,1,1,4,0.0
220,BS_4,BS,0.54194,0.796494,0.5126,0.528196,1,1,1,4,0.0
220,HAP_0,HAP,0.753626,0.90796,0.182859,0.140156,1,1,1,0,0.274814
220,HAP_1,HAP,0.69755,0.890878,0.260181,0.212987,1,1,1,0,1.013776
220,HAP_2,HAP,0.663482,0.834881,0.310253,0.347456,1,1,1,2,0.523371
220,LEO_0,LEO,0.778755,0.9362,0.050059,0.062676,2,0,0,0,0.570968
220,LEO_1,LEO,0.804484,0.930734,0.017555,0.065055,2,0,0,0,0.443946
221,BS_0,BS,0.724799,0.840002,0.221861,0.327292,1,1,1,3,0.436774
221,BS_1,BS,0.675776,0.855524,0.291894,0.243436,1,1,1,1,0.582651
221,BS_2,BS,0.640381,0.829174,0.345692,0.244765,1,1,1,3,0.219775
221,BS_3,BS,0.654944,0.833243,0.323205,0.237627,1,1,1,3,0.501619
221,BS_4,BS,0.695076,0.806561,0.263734,0.453857,1,1,1,4,0.485274
221,HAP_0,HAP,0.778947,0.918748,0.049812,0.113241,2,0,0,0,0.495559
221,HAP_1,HAP,0.749567,0.895913,0.18826,0.186338,1,1,1,0,0.459275
221,HAP_2,HAP,0.673751,0.83737,0.294894,0.317098,1,1,1,2,0.543392
221,LEO_0,LEO,0.710762,0.941176,0.041418,0.050913,3,0,0,0,0.526635
221,LEO_1,LEO,0.674347,0.917939,0.294011,0.090943,1,1,1,0,1.017593
222,BS_0,BS,0.678441,0.839771,0.287957,0.299147,1,1,1,2,0.774967
222,BS_1,BS,0.462587,0.830318,0.67092,0.397309,1,1,1,3,0.0
222,BS_2,BS,0.701193,0.833046,0.254972,0.225067,1,1,1,4,0.0
222,BS_3,BS,0.649589,0.831712,0.331416,0.239528,1,1,1,4,0.784992
222,BS_4,BS,0.678789,0.81304,0.287445,0.400267,1,1,1,3,0.521612
222,HAP_0,HAP,0.76162,0.918191,0.172308,0.103953,1,1,1,0,0.692843
222,HAP_1,HAP,0.787258,0.908908,0.039199,0.149762,2,0,0,0,0.546485
222,HAP_2,HAP,0.60816,0.837583,0.397317,0.324716,1,1,1,1,0.452209
222,LEO_0,LEO,0.623976,0.94289,0.071643,0.04304,4,0,0,0,0.586546
222,LEO_1,LEO,0.78906,0.920065,0.136913,0.08119,1,1,1,0,0.53379
223,BS_0,BS,0.774346,0.847482,0.155736,0.250232,1,1,1,2,0.772211
223,BS_1,BS,0.752806,0.839426,0.183948,0.333074,1,1,1,2,0.0
223,BS_2,BS,0.669198,0.833338,0.301675,0.221007,1,1,1,3,0.657852
223,BS_3,BS,0.647815,0.830321,0.33415,0.241867,1,1,1,3,0.403141
223,BS_4,BS,0.485284,0.80115,0.623021,0.494883,1,1,1,2,0.571977
223,HAP_0,HAP,0.752051,0.924778,0.084951,0.08641,2,0,0,0,0.423009
223,HAP_1,HAP,0.724555,0.919403,0.022197,0.120031,3,0,0,0,0.662183
223,HAP_2,HAP,0.618456,0.836578,0.38053,0.324934,1,1,1,2,0.709596
223,LEO_0,LEO,0.832892,0.943421,0.082852,0.037521,1,1,0,0,0.596228
223,LEO_1,LEO,0.793296,0.927202,0.031559,0.0654,2,0,0,0,0.717699
224,BS_0,BS,0.734525,0.850512,0.208532,0.219754,1,1,1,3,0.0
224,BS_1,BS,0.720287,0.844562,0.228105,0.289873,1,1,1,3,0.0
224,BS_2,BS,0.651988,0.832007,0.327729,0.225138,1,1,1,3,0.0
224,BS_3,BS,0.643714,0.828827,0.340501,0.245667,1,1,1,4,0.0
224,BS_4,BS,0.636148,0.8054,0.352325,0.451766,1,1,1,4,0.0
224,HAP_0,HAP,0.704227,0.930071,0.050655,0.070283,3,0,0,0,0.72205
224,HAP_1,HAP,0.713015,0.918742,0.238252,0.121569,1,1,1,0,0.150816
224,HAP_2,HAP,0.538413,0.832435,0.51913,0.38122,1,1,1,1,0.276996
224,LEO_0,LEO,0.618457,0.920526,0.380528,0.095177,1,1,1,0,1.274445
224,LEO_1,LEO,0.801429,0.929818,0.121359,0.058948,1,1,1,0,0.408874
225,BS_0,BS,0.689378,0.849099,0.271965,0.209088,1,1,1,3,0.0
225,BS_1,BS,0.69699,0.845332,0.260984,0.262549,1,1,1,3,0.0
225,BS_2,BS,0.640018,0.830508,0.346258,0.234063,1,1,1,3,0.0
225,BS_3,BS,0.647189,0.827955,0.335117,0.24707,1,1,1,4,0.0
225,BS_4,BS,0.681351,0.812424,0.283677,0.397626,1,1,1,4,0.0
225,HAP_0,HAP,0.663936,0.937674,0.009569,0.056268,4,0,0,0,0.558277
225,HAP_1,HAP,0.81516,0.931466,0.004371,0.097264,2,0,0,0,0.346024
225,HAP_2,HAP,0.547857,0.829871,0.50174,0.418261,1,1,1,1,0.373349
225,LEO_0,LEO,0.682067,0.913464,0.282628,0.112087,1,1,1,0,0.465336
225,LEO_1,LEO,0.53415,0.899297,0.527078,0.172173,1,1,1,0,1.666848
226,BS_0,BS,0.659497,0.845304,0.316278,0.212284,1,1,1,3,0.0
226,BS_1,BS,0.411639,0.822232,0.787609,0.489187,1,1,1,2,0.0
226,BS_2,BS,0.65279,0.829952,0.326499,0.235221,1,1,1,4,0.0
226,BS_3,BS,0.51852,0.818465,0.556777,0.337157,1,1,1,2,0.0
226,BS_4,BS,0.671969,0.818428,0.297543,0.35794,1,1,1,4,0.0
226,HAP_0,HAP,0.757208,0.936172,0.178118,0.059291,1,1,1,0,0.264833
226,HAP_1,HAP,0.481799,0.894706,0.630228,0.256546,1,1,1,0,3.286822
226,HAP_2,HAP,0.525619,0.823243,0.543179,0.467378,1,1,1,2,0.391203
226,LEO_0,LEO,0.784117,0.917481,0.143197,0.098897,1,1,1,0,0.437352
226,LEO_1,LEO,0.588981,0.888765,0.429362,0.220697,1,1,1,0,0.290536
227,BS_0,BS,0.616727,0.839197,0.383329,0.235951,1,1,1,2,0.230519
227,BS_1,BS,0.670719,0.828792,0.299405,0.431689,1,1,1,3,0.0
227,BS_2,BS,0.533062,0.821785,0.529117,0.314161,1,1,1,2,0.0
227,BS_3,BS,0.679226,0.823466,0.286802,0.30674,1,1,1,4,0.239711
227,BS_4,BS,0.689133,0.823671,0.272321,0.319723,1,1,1,3,0.743858
227,HAP_0,HAP,0.760621,0.932101,0.173621,0.060997,1,1,1,0,0.720372
227,HAP_1,HAP,0.734315,0.895606,0.208817,0.224858,1,1,1,0,0.637436
227,HAP_2,HAP,0.644647,0.834202,0.339052,0.425633,1,1,1,0,0.304542
227,LEO_0,LEO,0.790949,0.927303,0.034522,0.079654,2,0,0,0,0.458823
227,LEO_1,LEO,0.79563,0.899026,0.12862,0.184002,1,1,1,0,0.410925
228,BS_0,BS,0.646006,0.837743,0.336947,0.239851,1,1,1,2,0.551338
228,BS_1,BS,0.842225,0.848912,0.071708,0.347665,1,1,1,2,0.0
228,BS_2,BS,0.685124,0.826652,0.278156,0.286146,1,1,1,4,0.0
228,BS_3,BS,0.332871,0.790719,1.0,0.832169,1,1,1,0,0.654277
228,BS_4,BS,0.697448,0.828371,0.260327,0.286275,1,1,1,3,0.0
228,HAP_0,HAP,0.767741,0.93496,0.064302,0.050659,2,0,0,0,0.697364
228,HAP_1,HAP,0.73282,0.89874,0.210855,0.199894,1,1,1,0,0.445964
228,HAP_2,HAP,0.481197,0.819589,0.631478,0.51995,1,1,1,2,0.507406
228,LEO_0,LEO,0.671771,0.932312,0.097838,0.068031,3,0,0,0,0.342313
228,LEO_1,LEO,0.800779,0.912902,0.02217,0.147423,2,0,0,0,0.516758
229,BS_0,BS,0.773877,0.84907,0.156342,0.20288,1,1,1,2,0.0
229,BS_1,BS,0.619815,0.842466,0.378334,0.342544,1,1,1,3,0.590578
229,BS_2,BS,0.694237,0.830608,0.264941,0.260504,1,1,1,4,0.0
229,BS_3,BS,0.659288,0.805171,0.316595,0.71084,1,1,1,3,0.0
229,BS_4,BS,0.674847,0.830475,0.29327,0.267723,1,1,1,3,0.0
229,HAP_0,HAP,0.739448,0.941931,0.001852,0.040528,3,0,0,0,0.569177
229,HAP_1,HAP,0.779819,0.906574,0.148694,0.169864,1,1,1,0,0.309642
229,HAP_2,HAP,0.624029,0.826197,0.371558,0.478085,1,1,1,1,0.286337
229,LEO_0,LEO,0.740431,0.931698,0.200523,0.072519,1,1,1,0,0.173522
229,LEO_1,LEO,0.673315,0.903501,0.295542,0.157243,1,1,1,0,1.011369
230,BS_0,BS,0.764684,0.854809,0.168293,0.175049,1,1,1,3,0.647886
230,BS_1,BS,0.636684,0.838091,0.351481,0.329628,1,1,1,2,0.700338
230,BS_2,BS,0.666922,0.831894,0.305082,0.250287,1,1,1,3,0.0
230,BS_3,BS,0.594504,0.805254,0.420027,0.648062,1,1,1,2,0.651006
230,BS_4,BS,0.647249,0.829353,0.335024,0.264687,1,1,1,2,0.774488
230,HAP_0,HAP,0.622653,0.944327,0.073767,0.034871,4,0,0,0,0.450812
230,HAP_1,HAP,0.801791,0.920377,0.020907,0.136088,2,0,0,0,0.366148
230,HAP_2,HAP,0.589246,0.825365,0.428911,0.465252,1,1,1,2,0.552676
230,LEO_0,LEO,0.776791,0.938693,0.052584,0.059259,2,0,0,0,0.385819
230,LEO_1,LEO,0.74464,0.90583,0.194855,0.142881,1,1,1,0,0.432673
231,BS_0,BS,0.75024,0.857736,0.187362,0.155836,1,1,1,2,0.506474
231,BS_1,BS,0.69938,0.840061,0.257561,0.293554,1,1,1,3,0.0
231,BS_2,BS,0.599985,0.829456,0.41085,0.276189,1,1,1,2,0.0
231,BS_3,BS,0.617247,0.806518,0.382486,0.584283,1,1,1,3,0.0
231,BS_4,BS,0.721347,0.834899,0.226635,0.234863,1,1,1,3,0.0
231,HAP_0,HAP,0.8349,0.945943,0.080444,0.030809,1,1,0,0,0.466649
231,HAP_1,HAP,0.705921,0.913741,0.248252,0.136604,1,1,1,0,0.867508
231,HAP_2,HAP,0.611154,0.829249,0.392406,0.441494,1,1,1,1,0.420701
231,LEO_0,LEO,0.690913,0.943002,0.069741,0.049596,3,0,0,0,0.38323
231,LEO_1,LEO,0.810632,0.913853,0.109941,0.119744,1,1,1,0,0.394841
232,BS_0,BS,0.749466,0.859911,0.188395,0.140641,1,1,1,2,0.638287
232,BS_1,BS,0.393331,0.81639,0.833104,0.547171,1,1,1,1,0.0
232,BS_2,BS,0.765349,0.840464,0.167424,0.233565,1,1,1,3,0.0
232,BS_3,BS,0.713781,0.816036,0.237179,0.49274,1,1,1,3,0.0
232,BS_4,BS,0.551649,0.827895,0.494844,0.298082,1,1,1,2,0.0
232,HAP_0,HAP,0.67322,0.929646,0.295684,0.06399,1,1,1,0,1.053727
232,HAP_1,HAP,0.814241,0.919324,0.105499,0.114291,1,1,1,0,0.475668
232,HAP_2,HAP,0.578783,0.829407,0.446828,0.44304,1,1,1,2,0.329094
232,LEO_0,LEO,0.740743,0.936672,0.200102,0.057695,1,1,1,0,0.621224
232,LEO_1,LEO,0.748621,0.912324,0.189522,0.111958,1,1,1,0,0.818037
233,BS_0,BS,0.528077,0.847643,0.538513,0.243011,1,1,1,2,0.0
233,BS_1,BS,0.551999,0.811412,0.494209,0.547646,1,1,1,3,0.0
233,BS_2,BS,0.536392,0.833317,0.52289,0.309888,1,1,1,2,0.0
233,BS_3,BS,0.674286,0.820193,0.2941,0.433115,1,1,1,3,0.0
233,BS_4,BS,0.783963,0.843891,0.143394,0.247719,1,1,1,4,0.0
233,HAP_0,HAP,0.675404,0.922075,0.292444,0.089678,1,1,1,0,0.277599
233,HAP_1,HAP,0.708884,0.911499,0.244064,0.118238,1,1,1,0,1.03103
233,HAP_2,HAP,0.58302,0.830753,0.439534,0.441368,1,1,1,1,0.396579
233,LEO_0,LEO,0.800613,0.943207,0.022377,0.046382,2,0,0,0,0.455343
233,LEO_1,LEO,0.813376,0.918245,0.106562,0.094677,1,1,1,0,0.467847
234,BS_0,BS,0.735662,0.85454,0.206984,0.213688,1,1,1,2,0.21391
234,BS_1,BS,0.591677,0.81694,0.424795,0.51932,1,1,1,1,0.0
234,BS_2,BS,0.569072,0.825293,0.463748,0.344689,1,1,1,3,0.0
234,BS_3,BS,0.597493,0.816652,0.415013,0.423998,1,1,1,2,0.431564
234,BS_4,BS,0.691511,0.845016,0.268876,0.230707,1,1,1,3,0.741643
234,HAP_0,HAP,0.791612,0.931173,0.033684,0.072253,2,0,0,0,0.455951
234,HAP_1,HAP,0.648637,0.905636,0.332882,0.144455,1,1,1,0,0.215917
234,HAP_2,HAP,0.554845,0.828111,0.489067,0.460728,1,1,1,1,0.372396
234,LEO_0,LEO,0.805389,0.944203,0.11643,0.043205,1,1,1,0,0.302393
234,LEO_1,LEO,0.802095,0.928133,0.020528,0.075931,2,0,0,0,0.523492
235,BS_0,BS,0.593382,0.844086,0.421916,0.251056,1,1,1,3,0.492914
235,BS_1,BS,0.497352,0.804304,0.598457,0.576624,1,1,1,3,0.0
235,BS_2,BS,0.723608,0.832847,0.223505,0.29823,1,1,1,3,0.0
235,BS_3,BS,0.735793,0.825993,0.206807,0.358445,1,1,1,3,0.0
235,BS_4,BS,0.702514,0.846035,0.25309,0.21339,1,1,1,3,0.0
235,HAP_0,HAP,0.713608,0.93716,0.037422,0.058432,3,0,0,0,0.579972
235,HAP_1,HAP,0.763343,0.912268,0.170047,0.128576,1,1,1,0,0.165044
235,HAP_2,HAP,0.558061,0.824736,0.483287,0.473687,1,1,1,2,0.361041
235,LEO_0,LEO,0.794359,0.94187,0.130219,0.042195,1,1,1,0,0.625486
235,LEO_1,LEO,0.720857,0.935737,0.027314,0.06108,3,0,0,0,0.510474
236,BS_0,BS,0.711182,0.845973,0.240827,0.226944,1,1,1,2,0.596
236,BS_1,BS,0.716673,0.814787,0.233136,0.485758,1,1,1,3,0.713071
236,BS_2,BS,0.679082,0.834261,0.287013,0.275654,1,1,1,2,0.396376
236,BS_3,BS,0.647882,0.827624,0.334047,0.33697,1,1,1,2,0.255884
236,BS_4,BS,0.669623,0.843807,0.30104,0.211494,1,1,1,5,0.701184
236,HAP_0,HAP,0.64838,0.943259,0.033279,0.047244,4,0,0,0,0.420743
236,HAP_1,HAP,0.735932,0.911769,0.206618,0.122072,1,1,1,0,0.655023
236,HAP_2,HAP,0.609501,0.831244,0.395114,0.449201,1,1,1,0,0.385785
236,LEO_0,LEO,0.798869,0.946366,0.024559,0.034027,2,0,0,0,0.565136
236,LEO_1,LEO,0.661613,0.942069,0.013075,0.048941,4,0,0,0,0.588748
237,BS_0,BS,0.727781,0.848744,0.217755,0.202893,1,1,1,3,0.683976
237,BS_1,BS,0.607176,0.817974,0.398936,0.460224,1,1,1,3,0.0
237,BS_2,BS,0.735272,0.839999,0.207515,0.239901,1,1,1,3,0.0
237,BS_3,BS,0.710023,0.835281,0.242458,0.29603,1,1,1,2,0.423199
237,BS_4,BS,0.612604,0.838777,0.390037,0.237653,1,1,1,3,0.0
237,HAP_0,HAP,0.899944,0.949391,0.005423,0.037809,1,1,0,0,0.499486
237,HAP_1,HAP,0.785425,0.913772,0.14153,0.106672,1,1,1,0,0.752675
237,HAP_2,HAP,0.562094,0.828537,0.476087,0.461358,1,1,1,1,0.517719
237,LEO_0,LEO,0.687559,0.948447,0.074608,0.029727,3,0,0,0,0.379757
237,LEO_1,LEO,0.84622,0.945101,0.066976,0.041172,1,1,0,0,0.423506
238,BS_0,BS,0.682925,0.847119,0.281371,0.197941,1,1,1,3,0.695916
238,BS_1,BS,0.651459,0.820683,0.328542,0.416752,1,1,1,3,0.0
238,BS_2,BS,0.675085,0.840839,0.292917,0.230531,1,1,1,3,0.0
238,BS_3,BS,0.706231,0.838902,0.247813,0.264459,1,1,1,3,0.491425
238,BS_4,BS,0.693066,0.84045,0.266629,0.222113,1,1,1,4,0.0
238,HAP_0,HAP,0.803999,0.953789,0.018158,0.030395,2,0,0,0,0.457028
238,HAP_1,HAP,0.766528,0.916827,0.165884,0.09772,1,1,1,0,0.350991
238,HAP_2,HAP,0.548922,0.823851,0.499799,0.481496,1,1,1,2,0.363057
238,LEO_0,LEO,0.657276,0.952585,0.019651,0.023955,4,0,0,0,0.519987
238,LEO_1,LEO,0.759882,0.938251,0.174592,0.046654,1,1,1,0,0.806001
239,BS_0,BS,0.457283,0.828397,0.682453,0.367936,1,1,1,1,0.0
239,BS_1,BS,0.698962,0.82626,0.258159,0.363392,1,1,1,3,0.0
239,BS_2,BS,0.692532,0.84191,0.267401,0.216601,1,1,1,4,0.0
239,BS_3,BS,0.630951,0.839986,0.360527,0.270058,1,1,1,2,0.0
239,BS_4,BS,0.666481,0.839456,0.305743,0.219756,1,1,1,3,0.0
239,HAP_0,HAP,0.530105,0.918024,0.534679,0.152963,1,1,1,0,1.926443
239,HAP_1,HAP,0.771146,0.926031,0.059877,0.079789,2,0,0,0,0.37375
239,HAP_2,HAP,0.632646,0.828912,0.357844,0.44282,1,1,1,2,0.37522
239,LEO_0,LEO,0.856617,0.952672,0.054764,0.020514,1,1,0,0,0.638908
239,LEO_1,LEO,0.75839,0.940324,0.076557,0.039961,2,0,0,0,0.526489
240,BS_0,BS,0.606928,0.825086,0.399344,0.366113,1,1,1,3,0.0
240,BS_1,BS,0.668563,0.827891,0.302625,0.331925,1,1,1,3,0.0
240,BS_2,BS,0.627491,0.839254,0.366027,0.23357,1,1,1,3,0.0
240,BS_3,BS,0.666691,0.840451,0.305429,0.258026,1,1,1,3,0.0
240,BS_4,BS,0.668688,0.839031,0.302437,0.216966,1,1,1,4,0.0
240,HAP_0,HAP,0.694491,0.91119,0.264576,0.153871,1,1,1,0,0.596101
240,HAP_1,HAP,0.7248,0.935106,0.02186,0.064047,3,0,0,0,0.455044
240,HAP_2,HAP,0.63245,0.834344,0.358154,0.41198,1,1,1,2,0.284174
240,LEO_0,LEO,0.75373,0.949988,0.082721,0.01949,2,0,0,0,0.745568
240,LEO_1,LEO,0.738113,0.945263,0.003658,0.031975,3,0,0,0,0.704979
241,BS_0,BS,0.722492,0.831832,0.225049,0.315682,1,1,1,2,0.263247
241,BS_1,BS,0.651788,0.827999,0.328036,0.313964,1,1,1,3,0.0
241,BS_2,BS,0.708862,0.842295,0.244095,0.213668,1,1,1,3,0.0
241,BS_3,BS,0.696874,0.84205,0.261151,0.23711,1,1,1,3,0.757155
241,BS_4,BS,0.670212,0.838338,0.300161,0.214116,1,1,1,3,0.278436
241,HAP_0,HAP,0.71302,0.910083,0.238246,0.148639,1,1,1,0,0.387923
241,HAP_1,HAP,0.710694,0.925235,0.241513,0.077485,1,1,1,0,0.934612
241,HAP_2,HAP,0.604659,0.833613,0.403091,0.402701,1,1,1,2,0.681391
241,LEO_0,LEO,0.712604,0.952297,0.038829,0.016271,3,0,0,0,0.490748
241,LEO_1,LEO,0.649188,0.947938,0.032033,0.026042,4,0,0,0,0.624438
242,BS_0,BS,0.715795,0.836457,0.234362,0.277262,1,1,1,3,0.353774
242,BS_1,BS,0.575032,0.824004,0.453329,0.343649,1,1,1,2,0.0
242,BS_2,BS,0.680138,0.841816,0.28546,0.207604,1,1,1,4,0.552544
242,BS_3,BS,0.676266,0.841241,0.291169,0.227839,1,1,1,3,0.659206
242,BS_4,BS,0.627058,0.833692,0.366717,0.231809,1,1,1,4,0.490112
242,HAP_0,HAP,0.769709,0.919999,0.061743,0.120627,2,0,0,0,0.430996
242,HAP_1,HAP,0.810622,0.932106,0.009954,0.062033,2,0,0,0,0.726617
242,HAP_2,HAP,0.59249,0.832887,0.423421,0.402839,1,1,1,1,0.58493
242,LEO_0,LEO,0.811099,0.95097,0.109365,0.018399,1,1,1,0,0.404073
242,LEO_1,LEO,0.822821,0.947243,0.095016,0.024896,1,1,0,0,0.516985
243,BS_0,BS,0.665656,0.835758,0.306982,0.264217,1,1,1,2,0.495725
243,BS_1,BS,0.712698,0.830643,0.238697,0.300559,1,1,1,3,0.702334
243,BS_2,BS,0.658495,0.839406,0.317799,0.211531,1,1,1,4,0.0
243,BS_3,BS,0.614188,0.835329,0.387455,0.249826,1,1,1,2,0.366513
243,BS_4,BS,0.611805,0.828478,0.391342,0.254364,1,1,1,6,0.399764
243,HAP_0,HAP,0.702467,0.926724,0.053157,0.097773,3,0,0,0,0.651718
243,HAP_1,HAP,0.766118,0.930562,0.166419,0.062089,1,1,1,0,0.45509
243,HAP_2,HAP,0.557702,0.827032,0.483931,0.427656,1,1,1,1,0.701415
243,LEO_0,LEO,0.753419,0.942408,0.183134,0.029811,1,1,1,0,0.814912
243,LEO_1,LEO,0.785597,0.950245,0.041312,0.020685,2,0,0,0,0.498775
244,BS_0,BS,0.531825,0.825317,0.531441,0.338466,1,1,1,1,0.296264
244,BS_1,BS,0.708448,0.834985,0.244679,0.267388,1,1,1,3,0.44111
244,BS_2,BS,0.642412,0.835978,0.342525,0.22202,1,1,1,2,0.723031
244,BS_3,BS,0.780799,0.844735,0.147437,0.209643,1,1,1,2,0.220199
244,BS_4,BS,0.63537,0.82657,0.353547,0.259739,1,1,1,3,0.716546
244,HAP_0,HAP,0.668226,0.935949,0.003128,0.078223,4,0,0,0,0.503096
244,HAP_1,HAP,0.817583,0.93875,0.001403,0.049672,2,0,0,0,0.573542
244,HAP_2,HAP,0.575866,0.825129,0.451881,0.434013,1,1,1,2,0.440238
244,LEO_0,LEO,0.790734,0.94553,0.034793,0.024394,2,0,0,0,0.604122
244,LEO_1,LEO,0.70178,0.952068,0.054136,0.017867,3,0,0,0,0.483096
245,BS_0,BS,0.332871,0.797973,1.0,0.731185,1,1,1,0,0.0
245,BS_1,BS,0.465262,0.819762,0.665154,0.413003,1,1,1,1,0.0
245,BS_2,BS,0.673795,0.836093,0.294829,0.216732,1,1,1,4,0.0
245,BS_3,BS,0.745391,0.851287,0.193847,0.184624,1,1,1,3,0.0
245,BS_4,BS,0.645059,0.825952,0.338413,0.259327,1,1,1,5,0.0
245,HAP_0,HAP,0.830405,0.937032,0.085842,0.065894,1,1,0,0,0.691023
245,HAP_1,HAP,0.553002,0.908433,0.492394,0.148841,1,1,1,0,1.487455
245,HAP_2,HAP,0.612299,0.828264,0.390535,0.415844,1,1,1,2,0.363042
245,LEO_0,LEO,0.70754,0.947525,0.045961,0.020466,3,0,0,0,0.609964
245,LEO_1,LEO,0.607453,0.951532,0.098481,0.018658,4,0,0,0,0.404758
246,BS_0,BS,0.647805,0.814771,0.334166,0.635198,1,1,1,1,0.0
246,BS_1,BS,0.728747,0.831118,0.216429,0.351481,1,1,1,3,0.0
246,BS_2,BS,0.658302,0.834789,0.318091,0.218918,1,1,1,4,0.0
246,BS_3,BS,0.743079,0.854638,0.196953,0.165155,1,1,1,2,1.329876
246,BS_4,BS,0.641726,0.825146,0.343594,0.260587,1,1,1,5,0.0
246,HAP_0,HAP,0.745888,0.936318,0.09318,0.056623,2,0,0,0,0.800181
246,HAP_1,HAP,0.49854,0.888378,0.596071,0.278958,1,1,1,0,0.0
246,HAP_2,HAP,0.555383,0.829091,0.488098,0.439883,1,1,1,1,0.107495
246,LEO_0,LEO,0.74438,0.936548,0.195204,0.03352,1,1,1,0,1.066338
246,LEO_1,LEO,0.740622,0.946523,0.200265,0.032974,1,1,1,0,0.230543
247,BS_0,BS,0.384724,0.787792,0.855229,0.837296,1,1,1,2,0.616224
247,BS_1,BS,0.694859,0.83471,0.264046,0.312559,1,1,1,3,0.387688
247,BS_2,BS,0.650384,0.83302,0.330192,0.224196,1,1,1,4,0.0
247,BS_3,BS,0.804874,0.862253,0.11707,0.138291,1,1,1,3,0.334238
247,BS_4,BS,0.640857,0.82442,0.344949,0.262016,1,1,1,4,0.656784
247,HAP_0,HAP,0.799851,0.937186,0.12333,0.052143,1,1,1,0,0.365719
247,HAP_1,HAP,0.838532,0.902885,0.076102,0.225773,1,1,1,0,0.341291
247,HAP_2,HAP,0.558181,0.827543,0.483071,0.456917,1,1,1,1,0.352802
247,LEO_0,LEO,0.788912,0.933896,0.1371,0.035274,1,1,1,0,0.645637
247,LEO_1,LEO,0.81329,0.94593,0.106667,0.031499,1,1,1,0,0.543812
248,BS_0,BS,0.620969,0.793103,0.376475,0.733617,1,1,1,2,0.422171
248,BS_1,BS,0.593417,0.833528,0.421859,0.330131,1,1,1,1,0.0
248,BS_2,BS,0.645923,0.831191,0.337075,0.230486,1,1,1,4,0.0
248,BS_3,BS,0.623301,0.854576,0.372726,0.173149,1,1,1,1,0.769097
248,BS_4,BS,0.627589,0.822584,0.365869,0.26985,1,1,1,6,0.469201
248,HAP_0,HAP,0.815266,0.944719,0.004241,0.041722,2,0,0,0,0.485207
248,HAP_1,HAP,0.809718,0.910498,0.11107,0.18617,1,1,1,0,0.561918
248,HAP_2,HAP,0.581512,0.828864,0.442123,0.453497,1,1,1,2,0.450691
248,LEO_0,LEO,0.728425,0.929829,0.216871,0.049384,1,1,1,0,0.356469
248,LEO_1,LEO,0.808785,0.94376,0.112222,0.030866,1,1,1,0,0.659207
249,BS_0,BS,0.761036,0.809189,0.173075,0.600373,1,1,1,2,0.214228
249,BS_1,BS,0.599312,0.828318,0.411974,0.34048,1,1,1,3,0.0
249,BS_2,BS,0.638485,0.829034,0.348657,0.239091,1,1,1,4,0.0
249,BS_3,BS,0.61916,0.847592,0.379391,0.203291,1,1,1,3,0.0
249,BS_4,BS,0.638101,0.822111,0.349258,0.270771,1,1,1,6,0.0
249,HAP_0,HAP,0.707727,0.947508,0.045697,0.034317,3,0,0,0,0.571182
249,HAP_1,HAP,0.794542,0.921337,0.02999,0.14934,2,0,0,0,0.529139
249,HAP_2,HAP,0.550241,0.826602,0.497399,0.47413,1,1,1,1,0.524281
249,LEO_0,LEO,0.759949,0.92585,0.174504,0.05321,1,1,1,0,0.836034
249,LEO_1,LEO,0.804637,0.947791,0.017364,0.024829,2,0,0,0,0.615599
250,BS_0,BS,0.639159,0.812601,0.347601,0.53467,1,1,1,2,0.619084
250,BS_1,BS,0.738407,0.836677,0.20326,0.290976,1,1,1,3,0.0
250,BS_2,BS,0.648203,0.828214,0.333552,0.241339,1,1,1,4,0.0
250,BS_3,BS,0.773799,0.854555,0.156443,0.173646,1,1,1,2,0.598216
250,BS_4,BS,0.634147,0.821361,0.355474,0.27348,1,1,1,5,0.780491
250,HAP_0,HAP,0.663169,0.952685,0.010726,0.027506,4,0,0,0,0.446663
250,HAP_1,HAP,0.81014,0.923966,0.110548,0.124972,1,1,1,0,0.67727
250,HAP_2,HAP,0.516705,0.820309,0.560284,0.520567,1,1,1,2,0.355847
250,LEO_0,LEO,0.769804,0.926387,0.16162,0.054323,1,1,1,0,0.385854
250,LEO_1,LEO,0.638506,0.926171,0.348624,0.074555,1,1,1,0,1.238616
251,BS_0,BS,0.849513,0.831516,0.063092,0.429528,1,1,1,2,0.547056
251,BS_1,BS,0.439149,0.817007,0.722917,0.467955,1,1,1,1,0.558484
251,BS_2,BS,0.482602,0.815265,0.628563,0.370862,1,1,1,2,0.0
251,BS_3,BS,0.75866,0.86567,0.076202,0.14153,2,0,0,3,0.280518
251,BS_4,BS,0.646467,0.821914,0.336234,0.269658,1,1,1,5,0.0
251,HAP_0,HAP,0.852947,0.954651,0.059058,0.023574,1,1,0,0,0.377199
251,HAP_1,HAP,0.658997,0.909256,0.317036,0.145208,1,1,1,0,1.200047
251,HAP_2,HAP,0.571206,0.820885,0.460005,0.511675,1,1,1,2,0.39743
251,LEO_0,LEO,0.768497,0.93318,0.063318,0.045262,2,0,0,0,0.401434
251,LEO_1,LEO,0.658985,0.916571,0.317055,0.10488,1,1,1,0,0.389181
252,BS_0,BS,0.692418,0.837547,0.267566,0.375838,1,1,1,1,0.446771
252,BS_1,BS,0.675957,0.828269,0.291626,0.412634,1,1,1,2,0.0
252,BS_2,BS,0.657691,0.819153,0.31902,0.342488,1,1,1,4,0.0
252,BS_3,BS,0.858683,0.875121,0.052356,0.114458,1,1,0,2,0.549444
252,BS_4,BS,0.642205,0.821961,0.342847,0.268621,1,1,1,6,0.0
252,HAP_0,HAP,0.744994,0.945012,0.194379,0.035862,1,1,1,0,0.78193
252,HAP_1,HAP,0.621788,0.900579,0.375156,0.1795,1,1,1,0,0.267144
252,HAP_2,HAP,0.586759,0.82381,0.433141,0.493765,1,1,1,2,0.158344
252,LEO_0,LEO,0.688135,0.935931,0.07377,0.038659,3,0,0,0,0.670098
252,LEO_1,LEO,0.705878,0.91579,0.248313,0.111651,1,1,1,0,0.187533
253,BS_0,BS,0.702814,0.844967,0.252663,0.329398,1,1,1,2,0.0
253,BS_1,BS,0.631429,0.830406,0.35977,0.388353,1,1,1,2,0.0
253,BS_2,BS,0.505714,0.812534,0.581784,0.426303,1,1,1,1,0.0
253,BS_3,BS,0.762264,0.880954,0.071462,0.093864,2,0,0,2,3.850486
253,BS_4,BS,0.604021,0.81832,0.404146,0.288397,1,1,1,3,0.0
253,HAP_0,HAP,0.756932,0.946015,0.078482,0.031461,2,0,0,0,0.484562
253,HAP_1,HAP,0.708535,0.904017,0.244556,0.170514,1,1,1,0,0.113746
253,HAP_2,HAP,0.630367,0.830852,0.361454,0.453804,1,1,1,2,0.198102
253,LEO_0,LEO,0.650989,0.94147,0.029262,0.031312,4,0,0,0,0.535238
253,LEO_1,LEO,0.814317,0.929075,0.005406,0.089334,2,0,0,0,0.339853
254,BS_0,BS,0.613421,0.839101,0.388704,0.331509,1,1,1,2,0.0
254,BS_1,BS,0.845375,0.850737,0.067975,0.312761,1,1,1,2,0.0
254,BS_2,BS,0.554122,0.807028,0.490371,0.449251,1,1,1,4,0.0
254,BS_3,BS,0.729176,0.880457,0.21584,0.096055,1,1,1,2,0.0
254,BS_4,BS,0.645973,0.819436,0.336998,0.281823,1,1,1,4,0.0
254,HAP_0,HAP,0.704472,0.948085,0.050306,0.026308,3,0,0,0,0.581402
254,HAP_1,HAP,0.777846,0.918402,0.051227,0.137592,2,0,0,0,0.172975
254,HAP_2,HAP,0.620156,0.834501,0.377785,0.427268,1,1,1,2,0.174691
254,LEO_0,LEO,0.861998,0.945913,0.048502,0.026108,1,1,0,0,0.406121
254,LEO_1,LEO,0.616832,0.911209,0.383159,0.137532,1,1,1,0,1.051814
255,BS_0,BS,0.556547,0.834204,0.486003,0.371497,1,1,1,2,0.0
255,BS_1,BS,0.600492,0.842087,0.410005,0.325856,1,1,1,3,1.089625
255,BS_2,BS,0.545654,0.807648,0.505769,0.474512,1,1,1,2,0.0
255,BS_3,BS,0.701333,0.874808,0.254772,0.106053,1,1,1,2,0.704588
255,BS_4,BS,0.647407,0.820462,0.334779,0.275893,1,1,1,4,0.0
255,HAP_0,HAP,0.640792,0.948627,0.04505,0.021959,4,0,0,0,0.749628
255,HAP_1,HAP,0.782738,0.921343,0.144958,0.119529,1,1,1,0,0.54169
255,HAP_2,HAP,0.632175,0.841397,0.358589,0.399678,1,1,1,2,0.0
255,LEO_0,LEO,0.535945,0.912953,0.523724,0.144316,1,1,1,0,1.435453
255,LEO_1,LEO,0.676857,0.907993,0.290296,0.147948,1,1,1,0,0.218114
256,BS_0,BS,0.698148,0.83956,0.259324,0.327459,1,1,1,2,0.632097
256,BS_1,BS,0.697655,0.843288,0.26003,0.291112,1,1,1,3,0.0
256,BS_2,BS,0.557,0.803482,0.48519,0.485544,1,1,1,3,0.0
256,BS_3,BS,0.718625,0.871168,0.230416,0.108734,1,1,1,3,0.47904
256,BS_4,BS,0.643231,0.820895,0.341251,0.273118,1,1,1,5,0.0
256,HAP_0,HAP,0.834962,0.948822,0.080369,0.020474,1,1,0,0,0.478709
256,HAP_1,HAP,0.780849,0.929275,0.047373,0.096633,2,0,0,0,0.502587
256,HAP_2,HAP,0.598049,0.840139,0.414083,0.396902,1,1,1,2,0.512607
256,LEO_0,LEO,0.654495,0.905004,0.323891,0.16266,1,1,1,0,0.431727
256,LEO_1,LEO,0.772192,0.917577,0.058523,0.119899,2,0,0,0,0.574302
257,BS_0,BS,0.71387,0.844354,0.237054,0.287255,1,1,1,2,0.317239
257,BS_1,BS,0.628006,0.840552,0.365205,0.292908,1,1,1,2,0.0
257,BS_2,BS,0.750172,0.819827,0.187453,0.404247,1,1,1,3,0.0
257,BS_3,BS,0.714715,0.867811,0.235871,0.112023,1,1,1,3,0.477232
257,BS_4,BS,0.630273,0.82002,0.361602,0.277335,1,1,1,5,0.0
257,HAP_0,HAP,0.609981,0.923984,0.394328,0.086352,1,1,1,0,1.295245
257,HAP_1,HAP,0.701184,0.93505,0.054985,0.078667,3,0,0,0,0.509966
257,HAP_2,HAP,0.606349,0.841195,0.4003,0.389629,1,1,1,2,0.343321
257,LEO_0,LEO,0.797622,0.911431,0.126121,0.137286,1,1,1,0,0.477449
257,LEO_1,LEO,0.671564,0.922273,0.098146,0.100254,3,0,0,0,0.604878
258,BS_0,BS,0.760751,0.854068,0.173449,0.243342,1,1,1,1,0.340877
258,BS_1,BS,0.507289,0.82905,0.578673,0.385015,1,1,1,1,0.414107
258,BS_2,BS,0.702095,0.826299,0.253686,0.352358,1,1,1,3,0.669612
258,BS_3,BS,0.676623,0.861816,0.290642,0.127631,1,1,1,3,0.218823
258,BS_4,BS,0.647913,0.820976,0.333999,0.272068,1,1,1,5,0.589715
258,HAP_0,HAP,0.707309,0.917874,0.246288,0.096377,1,1,1,0,0.531682
258,HAP_1,HAP,0.627254,0.940805,0.066404,0.064918,4,0,0,0,0.279508
258,HAP_2,HAP,0.525357,0.829627,0.543678,0.444717,1,1,1,3,0.425827
258,LEO_0,LEO,0.782355,0.920354,0.045447,0.110758,2,0,0,0,0.63296
258,LEO_1,LEO,0.609903,0.926306,0.094455,0.084218,4,0,0,0,0.583098
259,BS_0,BS,0.774721,0.862087,0.155253,0.20552,1,1,1,1,0.40846
259,BS_1,BS,0.547929,0.819409,0.501609,0.421237,1,1,1,3,0.45932
259,BS_2,BS,0.694227,0.830341,0.264956,0.313477,1,1,1,3,0.0
259,BS_3,BS,0.58332,0.848442,0.43902,0.188837,1,1,1,2,0.530756
259,BS_4,BS,0.648235,0.82177,0.333502,0.267705,1,1,1,6,0.365678
259,HAP_0,HAP,0.777069,0.920174,0.152226,0.08753,1,1,1,0,0.460549
259,HAP_1,HAP,0.804328,0.939567,0.117749,0.058173,1,1,1,0,0.670313
259,HAP_2,HAP,0.604737,0.831985,0.402962,0.428844,1,1,1,1,0.553567
259,LEO_0,LEO,0.726857,0.930044,0.019025,0.088769,3,0,0,0,0.485573
259,LEO_1,LEO,0.836662,0.930742,0.078335,0.070136,1,1,0,0,0.554258
260,BS_0,BS,0.666404,0.856948,0.305859,0.206514,1,1,1,2,0.456525
260,BS_1,BS,0.689238,0.82445,0.272169,0.370324,1,1,1,3,0.0
260,BS_2,BS,0.447893,0.814156,0.703201,0.473303,1,1,1,2,0.0
260,BS_3,BS,0.741214,0.851979,0.199466,0.168974,1,1,1,3,0.0
260,BS_4,BS,0.629684,0.820664,0.362537,0.273309,1,1,1,5,0.0
260,HAP_0,HAP,0.801488,0.929733,0.021286,0.070228,2,0,0,0,0.516336
260,HAP_1,HAP,0.710807,0.927892,0.241354,0.072752,1,1,1,0,1.00964
260,HAP_2,HAP,0.456866,0.811683,0.683365,0.553219,1,1,1,3,0.409837
260,LEO_0,LEO,0.81477,0.933934,0.104849,0.075963,1,1,1,0,0.34883
260,LEO_1,LEO,0.744494,0.924596,0.195051,0.073229,1,1,1,0,0.896648
261,BS_0,BS,0.825172,0.865154,0.092163,0.169033,1,1,1,2,0.62698
261,BS_1,BS,0.507284,0.812941,0.578684,0.446953,1,1,1,1,0.65292
261,BS_2,BS,0.567838,0.818928,0.465919,0.476329,1,1,1,1,0.0
261,BS_3,BS,0.661149,0.848113,0.313776,0.179484,1,1,1,2,0.529109
261,BS_4,BS,0.633542,0.820146,0.356429,0.275816,1,1,1,4,0.336392
261,HAP_0,HAP,0.742139,0.923472,0.198219,0.073863,1,1,1,0,0.924472
261,HAP_1,HAP,0.722169,0.923611,0.225497,0.081084,1,1,1,0,0.414649
261,HAP_2,HAP,0.722815,0.825286,0.224602,0.465276,1,1,1,2,0.501719
261,LEO_0,LEO,0.736386,0.927573,0.206,0.079866,1,1,1,0,0.806583
261,LEO_1,LEO,0.763269,0.924312,0.170145,0.07161,1,1,1,0,0.437213
262,BS_0,BS,0.825036,0.871609,0.092328,0.139063,1,1,0,2,2.031609
262,BS_1,BS,0.735292,0.827467,0.207488,0.376935,1,1,1,2,0.0
262,BS_2,BS,0.409809,0.79473,0.792064,0.663377,1,1,1,3,0.0
262,BS_3,BS,0.757134,0.853575,0.178215,0.157879,1,1,1,2,0.0
262,BS_4,BS,0.646837,0.820977,0.335661,0.271353,1,1,1,5,0.0
262,HAP_0,HAP,0.771312,0.923766,0.159662,0.070562,1,1,1,0,0.468459
262,HAP_1,HAP,0.698973,0.921423,0.258143,0.094854,1,1,1,0,0.117855
262,HAP_2,HAP,0.687271,0.832741,0.275026,0.406259,1,1,1,3,0.347765
262,LEO_0,LEO,0.80171,0.930016,0.121008,0.070482,1,1,1,0,0.417329
262,LEO_1,LEO,0.748767,0.929763,0.089327,0.060879,2,0,0,0,0.411962
263,BS_0,BS,0.761106,0.873352,0.172982,0.124715,1,1,1,1,0.563389
263,BS_1,BS,0.759022,0.839422,0.175725,0.315444,1,1,1,1,0.598868
263,BS_2,BS,0.659374,0.802219,0.316464,0.575769,1,1,1,3,0.0
263,BS_3,BS,0.560855,0.842911,0.478293,0.229247,1,1,1,2,0.4874
263,BS_4,BS,0.646409,0.821602,0.336322,0.267983,1,1,1,5,0.364112
263,HAP_0,HAP,0.791043,0.931553,0.034404,0.056982,2,0,0,0,0.538566
263,HAP_1,HAP,0.779475,0.923201,0.149135,0.085892,1,1,1,0,0.574179
263,HAP_2,HAP,0.663142,0.83883,0.310767,0.368466,1,1,1,1,0.444906
263,LEO_0,LEO,0.749831,0.924775,0.187907,0.072275,1,1,1,0,0.875861
263,LEO_1,LEO,0.680634,0.934331,0.08473,0.051934,3,0,0,0,0.441318
264,BS_0,BS,0.760268,0.874408,0.174085,0.11341,1,1,1,2,0.296901
264,BS_1,BS,0.590844,0.832202,0.426202,0.334097,1,1,1,3,0.0
264,BS_2,BS,0.684063,0.810077,0.279705,0.495821,1,1,1,3,0.0
264,BS_3,BS,0.585439,0.841883,0.435394,0.268703,1,1,1,1,0.0
264,BS_4,BS,0.645221,0.821992,0.338162,0.265846,1,1,1,6,0.0
264,HAP_0,HAP,0.689568,0.933955,0.07169,0.047898,3,0,0,0,0.738418
264,HAP_1,HAP,0.810427,0.925755,0.110194,0.074178,1,1,1,0,0.649581
264,HAP_2,HAP,0.617037,0.837269,0.382827,0.360723,1,1,1,3,0.503347
264,LEO_0,LEO,0.792517,0.930956,0.032541,0.058296,2,0,0,0,0.66484
264,LEO_1,LEO,0.659053,0.941035,0.016952,0.041676,4,0,0,0,0.566679
265,BS_0,BS,0.718804,0.873025,0.230167,0.114567,1,1,1,1,0.661739
265,BS_1,BS,0.725941,0.841765,0.220286,0.289114,1,1,1,2,0.0
265,BS_2,BS,0.494245,0.802534,0.604723,0.561217,1,1,1,3,0.0
265,BS_3,BS,0.52983,0.829902,0.535199,0.34386,1,1,1,3,0.0
265,BS_4,BS,0.64783,0.822546,0.334127,0.262915,1,1,1,6,0.0
265,HAP_0,HAP,0.766927,0.933812,0.165364,0.050624,1,1,1,0,0.254157
265,HAP_1,HAP,0.553403,0.897865,0.491669,0.168124,1,1,1,0,2.174039
265,HAP_2,HAP,0.581095,0.837114,0.44284,0.376827,1,1,1,1,0.198754
265,LEO_0,LEO,0.811695,0.932477,0.108631,0.051948,1,1,1,0,0.548468
265,LEO_1,LEO,0.741223,0.938185,0.199454,0.051243,1,1,1,0,0.19907
266,BS_0,BS,0.552616,0.861917,0.493092,0.201067,1,1,1,1,0.222565
266,BS_1,BS,0.663546,0.840646,0.310157,0.27458,1,1,1,3,0.0
266,BS_2,BS,0.644552,0.807826,0.3392,0.500749,1,1,1,3,0.0
266,BS_3,BS,0.618312,0.834582,0.380763,0.340329,1,1,1,1,0.0
266,BS_4,BS,0.646374,0.822854,0.336377,0.261249,1,1,1,6,0.0
266,HAP_0,HAP,0.770612,0.93858,0.06057,0.04215,2,0,0,0,0.518632
266,HAP_1,HAP,0.687641,0.894176,0.274488,0.168404,1,1,1,0,0.624847
266,HAP_2,HAP,0.550352,0.829237,0.497198,0.412704,1,1,1,3,0.494705
266,LEO_0,LEO,0.71265,0.921978,0.238765,0.067212,1,1,1,0,1.065422
266,LEO_1,LEO,0.811896,0.946898,0.008383,0.041026,2,0,0,0,0.326586
267,BS_0,BS,0.581245,0.854068,0.442582,0.248999,1,1,1,2,0.0
267,BS_1,BS,0.71227,0.844294,0.239298,0.245433,1,1,1,3,0.0
267,BS_2,BS,0.632813,0.814673,0.35758,0.458138,1,1,1,2,0.0
267,BS_3,BS,0.498068,0.818546,0.597018,0.432657,1,1,1,3,0.0
267,BS_4,BS,0.64389,0.82287,0.340228,0.261089,1,1,1,5,0.0
267,HAP_0,HAP,0.67678,0.925157,0.29041,0.071672,1,1,1,0,0.914466
267,HAP_1,HAP,0.631286,0.890671,0.359996,0.193042,1,1,1,0,0.192596
267,HAP_2,HAP,0.570591,0.830482,0.461082,0.425832,1,1,1,1,0.144126
267,LEO_0,LEO,0.779168,0.924907,0.049529,0.054873,2,0,0,0,0.971067
267,LEO_1,LEO,0.622185,0.926156,0.374518,0.09594,1,1,1,0,1.03271
268,BS_0,BS,0.761826,0.864837,0.172037,0.212518,1,1,1,1,0.0
268,BS_1,BS,0.57566,0.835546,0.452237,0.28838,1,1,1,1,0.490082
268,BS_2,BS,0.850646,0.837013,0.061759,0.368227,1,1,1,2,0.0
268,BS_3,BS,0.507726,0.814002,0.577813,0.496366,1,1,1,2,0.0
268,BS_4,BS,0.648242,0.823286,0.333491,0.258919,1,1,1,5,0.0
268,HAP_0,HAP,0.775521,0.925774,0.15422,0.06804,1,1,1,0,0.43021
268,HAP_1,HAP,0.864564,0.904972,0.04553,0.155367,1,1,1,0,0.527376
268,HAP_2,HAP,0.585341,0.830731,0.435561,0.426037,1,1,1,3,0.30313
268,LEO_0,LEO,0.765509,0.918423,0.167214,0.056481,1,1,1,0,1.191062
268,LEO_1,LEO,0.803793,0.927828,0.118413,0.083061,1,1,1,0,0.526653
269,BS_0,BS,0.563566,0.849842,0.473471,0.270893,1,1,1,2,0.444406
269,BS_1,BS,0.769887,0.848067,0.161512,0.242442,1,1,1,3,0.0
269,BS_2,BS,0.803105,0.849994,0.11927,0.300983,1,1,1,2,0.209063
269,BS_3,BS,0.592369,0.814413,0.423626,0.477849,1,1,1,3,0.0
269,BS_4,BS,0.647246,0.823527,0.335028,0.257645,1,1,1,4,0.0
269,HAP_0,HAP,0.760903,0.931762,0.073249,0.056847,2,0,0,0,0.430314
269,HAP_1,HAP,0.790729,0.917715,0.0348,0.124838,2,0,0,0,0.400979
269,HAP_2,HAP,0.585372,0.827731,0.435507,0.426179,1,1,1,2,0.658401
269,LEO_0,LEO,0.620616,0.906804,0.377042,0.109157,1,1,1,0,0.37727
269,LEO_1,LEO,0.814199,0.931166,0.105551,0.071463,1,1,1,0,0.445643
270,BS_0,BS,0.544405,0.842611,0.508063,0.332872,1,1,1,1,0.0
270,BS_1,BS,0.574839,0.842443,0.453665,0.286569,1,1,1,1,0.625654
270,BS_2,BS,0.808729,0.860457,0.112291,0.24646,1,1,1,2,0.333435
270,BS_3,BS,0.631182,0.815647,0.360162,0.440652,1,1,1,3,0.0
270,BS_4,BS,0.636323,0.822699,0.352049,0.261888,1,1,1,5,0.0
270,HAP_0,HAP,0.720959,0.937811,0.027172,0.04581,3,0,0,0,0.634506
270,HAP_1,HAP,0.677754,0.925472,0.08897,0.103433,3,0,0,0,0.315874
270,HAP_2,HAP,0.633674,0.831539,0.35622,0.398045,1,1,1,3,0.309432
270,LEO_0,LEO,0.805798,0.913784,0.115922,0.093373,1,1,1,0,0.455238
270,LEO_1,LEO,0.755996,0.926374,0.179719,0.071705,1,1,1,0,0.852899
271,BS_0,BS,0.596328,0.837422,0.416965,0.344534,1,1,1,2,0.0
271,BS_1,BS,0.609867,0.841677,0.394514,0.299294,1,1,1,2,0.0
271,BS_2,BS,0.658283,0.854718,0.31812,0.242709,1,1,1,3,0.735335
271,BS_3,BS,0.7128,0.824743,0.238555,0.37813,1,1,1,3,0.0
271,BS_4,BS,0.645531,0.822898,0.337681,0.260823,1,1,1,3,0.0
271,HAP_0,HAP,0.637653,0.940941,0.049961,0.037771,4,0,0,0,0.639576
271,HAP_1,HAP,0.69193,0.923609,0.26827,0.115132,1,1,1,0,0.0
271,HAP_2,HAP,0.66633,0.837714,0.30597,0.360564,1,1,1,3,0.303676
271,LEO_0,LEO,0.654072,0.901635,0.324538,0.122094,1,1,1,0,1.12241
271,LEO_1,LEO,0.786822,0.932074,0.039753,0.058075,2,0,0,0,0.635657
272,BS_0,BS,0.698022,0.840037,0.259504,0.305931,1,1,1,2,0.582818
272,BS_1,BS,0.578826,0.834383,0.446754,0.329251,1,1,1,3,0.0
272,BS_2,BS,0.709187,0.854244,0.243636,0.220878,1,1,1,3,0.0
272,BS_3,BS,0.70655,0.83026,0.247362,0.330039,1,1,1,3,0.681466
272,BS_4,BS,0.640479,0.822586,0.345539,0.262387,1,1,1,5,0.0
272,HAP_0,HAP,0.839738,0.941592,0.074665,0.032725,1,1,0,0,0.677351
272,HAP_1,HAP,0.744839,0.930316,0.094587,0.096132,2,0,0,0,0.34519
272,HAP_2,HAP,0.657803,0.839539,0.318849,0.3342,1,1,1,3,0.511556
272,LEO_0,LEO,0.756917,0.904329,0.178502,0.112014,1,1,1,0,0.535621
272,LEO_1,LEO,0.722743,0.937311,0.024701,0.046734,3,0,0,0,0.692265
273,BS_0,BS,0.758362,0.846568,0.176594,0.258779,1,1,1,2,0.779359
273,BS_1,BS,0.537513,0.828169,0.520802,0.385456,1,1,1,1,0.500714
273,BS_2,BS,0.561137,0.843974,0.477789,0.27943,1,1,1,2,0.0
273,BS_3,BS,0.535123,0.822844,0.525258,0.388184,1,1,1,2,0.236613
273,BS_4,BS,0.640398,0.822329,0.345666,0.263678,1,1,1,6,0.452044
273,HAP_0,HAP,0.571998,0.91242,0.45862,0.12083,1,1,1,0,1.515911
273,HAP_1,HAP,0.657089,0.91878,0.319935,0.122967,1,1,1,0,0.712127
273,HAP_2,HAP,0.701102,0.846736,0.255103,0.296645,1,1,1,2,0.377418
273,LEO_0,LEO,0.787312,0.914897,0.039131,0.0903,2,0,0,0,0.620467
273,LEO_1,LEO,0.716487,0.932109,0.233395,0.061901,1,1,1,0,0.295319
274,BS_0,BS,0.496166,0.832785,0.600844,0.369479,1,1,1,1,0.381364
274,BS_1,BS,0.555344,0.819627,0.488167,0.415603,1,1,1,3,0.773166
274,BS_2,BS,0.815048,0.857297,0.104508,0.228459,1,1,1,2,0.0
274,BS_3,BS,0.767937,0.835846,0.164048,0.322658,1,1,1,2,0.294282
274,BS_4,BS,0.629427,0.822149,0.362946,0.270221,1,1,1,3,0.0
274,HAP_0,HAP,0.61139,0.900335,0.39202,0.16582,1,1,1,0,0.426598
274,HAP_1,HAP,0.754466,0.926029,0.081746,0.10138,2,0,0,0,0.354373
274,HAP_2,HAP,0.589442,0.84466,0.428579,0.319972,1,1,1,1,0.530903
274,LEO_0,LEO,0.8041,0.919802,0.118032,0.078509,1,1,1,0,0.473814
274,LEO_1,LEO,0.800264,0.93954,0.022813,0.049755,2,0,0,0,0.503877
275,BS_0,BS,0.645748,0.838892,0.337346,0.346794,1,1,1,2,0.0
275,BS_1,BS,0.56376,0.820757,0.473127,0.433215,1,1,1,1,0.0
275,BS_2,BS,0.707238,0.856732,0.246388,0.210085,1,1,1,2,0.508247
275,BS_3,BS,0.642102,0.840386,0.343009,0.311071,1,1,1,2,0.0
275,BS_4,BS,0.681726,0.825944,0.283128,0.252249,1,1,1,5,0.0
275,HAP_0,HAP,0.771353,0.905829,0.15961,0.14412,1,1,1,0,0.455741
275,HAP_1,HAP,0.717116,0.925044,0.232518,0.105433,1,1,1,0,0.126324
275,HAP_2,HAP,0.517602,0.832428,0.558548,0.396367,1,1,1,3,0.332299
275,LEO_0,LEO,0.815447,0.930152,0.004019,0.062815,2,0,0,0,0.555199
275,LEO_1,LEO,0.703707,0.944883,0.051393,0.040992,3,0,0,0,0.338681
276,BS_0,BS,0.670024,0.84317,0.300442,0.318055,1,1,1,2,0.485481
276,BS_1,BS,0.462625,0.803044,0.670838,0.549083,1,1,1,3,0.0
276,BS_2,BS,0.730949,0.858558,0.213411,0.188563,1,1,1,2,0.0
276,BS_3,BS,0.533034,0.827048,0.529171,0.374866,1,1,1,2,0.0
276,BS_4,BS,0.662808,0.827622,0.311271,0.2454,1,1,1,4,0.0
276,HAP_0,HAP,0.817138,0.919177,0.001948,0.115297,2,0,0,0,0.549699
276,HAP_1,HAP,0.766455,0.93256,0.06598,0.086306,2,0,0,0,0.39377
276,HAP_2,HAP,0.606845,0.83027,0.399481,0.388907,1,1,1,4,0.355192
276,LEO_0,LEO,0.816675,0.931045,0.102514,0.054981,1,1,1,0,0.729519
276,LEO_1,LEO,0.665301,0.951133,0.007515,0.032819,4,0,0,0,0.448779
277,BS_0,BS,0.581731,0.834047,0.441747,0.342257,1,1,1,2,0.659567
277,BS_1,BS,0.683357,0.810929,0.280738,0.474732,1,1,1,3,0.0
277,BS_2,BS,0.646718,0.852914,0.335845,0.201607,1,1,1,2,0.426381
277,BS_3,BS,0.687059,0.830416,0.275336,0.334008,1,1,1,3,0.6159
277,BS_4,BS,0.665896,0.828809,0.306622,0.238627,1,1,1,5,0.0
277,HAP_0,HAP,0.681833,0.908778,0.28297,0.12827,1,1,1,0,1.063914
277,HAP_1,HAP,0.682936,0.937421,0.081354,0.072023,3,0,0,0,0.380415
277,HAP_2,HAP,0.752973,0.841543,0.183726,0.326315,1,1,1,3,0.503471
277,LEO_0,LEO,0.79054,0.936641,0.035039,0.044537,2,0,0,0,0.588442
277,LEO_1,LEO,0.833645,0.952782,0.081947,0.029277,1,1,0,0,0.292765
278,BS_0,BS,0.623868,0.836731,0.371816,0.336017,1,1,1,2,0.0
278,BS_1,BS,0.672571,0.816012,0.296647,0.419385,1,1,1,4,0.0
278,BS_2,BS,0.773865,0.859259,0.156358,0.172287,1,1,1,2,0.0
278,BS_3,BS,0.598424,0.828507,0.413456,0.344132,1,1,1,2,0.0
278,BS_4,BS,0.655409,0.828719,0.322495,0.237703,1,1,1,4,0.0
278,HAP_0,HAP,0.74414,0.909487,0.195526,0.11982,1,1,1,0,0.485806
278,HAP_1,HAP,0.669452,0.947313,0.001296,0.057619,4,0,0,0,0.224542
278,HAP_2,HAP,0.683958,0.842114,0.279859,0.296297,1,1,1,4,0.795071
278,LEO_0,LEO,0.678549,0.93611,0.087798,0.039099,3,0,0,0,0.83959
278,LEO_1,LEO,0.521958,0.917511,0.550168,0.15963,1,1,1,0,1.382973
279,BS_0,BS,0.636094,0.834601,0.352409,0.3247,1,1,1,2,0.796072
279,BS_1,BS,0.653146,0.818265,0.325955,0.383319,1,1,1,4,0.0
279,BS_2,BS,0.656211,0.853393,0.321273,0.184277,1,1,1,2,0.727436
279,BS_3,BS,0.689387,0.837428,0.271953,0.308587,1,1,1,2,0.0
279,BS_4,BS,0.649351,0.828073,0.331782,0.239698,1,1,1,5,0.0
279,HAP_0,HAP,0.754118,0.907534,0.182206,0.110796,1,1,1,0,0.995309
279,HAP_1,HAP,0.777016,0.943902,0.152295,0.056532,1,1,1,0,0.537686
279,HAP_2,HAP,0.738869,0.849371,0.202634,0.255515,1,1,1,3,0.350427
279,LEO_0,LEO,0.649147,0.940825,0.032097,0.031742,4,0,0,0,0.568723
279,LEO_1,LEO,0.660906,0.909817,0.314144,0.172113,1,1,1,0,0.37518
280,BS_0,BS,0.723205,0.840642,0.224062,0.282352,1,1,1,1,0.676489
280,BS_1,BS,0.6455,0.819351,0.337731,0.357983,1,1,1,4,0.555246
280,BS_2,BS,0.60855,0.849719,0.396676,0.21823,1,1,1,1,0.0
280,BS_3,BS,0.604145,0.831894,0.40394,0.320295,1,1,1,3,0.240704
280,BS_4,BS,0.628993,0.825641,0.363634,0.251262,1,1,1,3,0.0
280,HAP_0,HAP,0.813645,0.91717,0.006231,0.088654,2,0,0,0,0.832307
280,HAP_1,HAP,0.761298,0.937813,0.172731,0.058652,1,1,1,0,0.747821
280,HAP_2,HAP,0.648786,0.845105,0.332653,0.254208,1,1,1,4,0.767799
280,LEO_0,LEO,0.857193,0.943608,0.054092,0.026711,1,1,0,0,0.572442
280,LEO_1,LEO,0.757319,0.91356,0.177971,0.151944,1,1,1,0,0.318355
281,BS_0,BS,0.695255,0.841986,0.263477,0.25712,1,1,1,2,0.637125
281,BS_1,BS,0.667551,0.822233,0.304139,0.328012,1,1,1,4,0.0
281,BS_2,BS,0.713779,0.854146,0.237182,0.199899,1,1,1,2,0.0
281,BS_3,BS,0.690596,0.834541,0.2702,0.289089,1,1,1,2,0.636384
281,BS_4,BS,0.643111,0.825027,0.341437,0.253471,1,1,1,5,0.0
281,HAP_0,HAP,0.7943,0.919297,0.130294,0.078562,1,1,1,0,0.615692
281,HAP_1,HAP,0.808056,0.94284,0.013124,0.046999,2,0,0,0,0.654303
281,HAP_2,HAP,0.807445,0.854365,0.113881,0.209202,1,1,1,4,0.575466
281,LEO_0,LEO,0.744218,0.94176,0.095422,0.025466,2,0,0,0,0.779891
281,LEO_1,LEO,0.815533,0.918906,0.103913,0.126414,1,1,1,0,0.62311
282,BS_0,BS,0.530269,0.834468,0.534372,0.334195,1,1,1,2,0.0
282,BS_1,BS,0.657282,0.823608,0.319642,0.308386,1,1,1,4,0.0
282,BS_2,BS,0.607092,0.850238,0.399075,0.231587,1,1,1,1,0.507312
282,BS_3,BS,0.730642,0.83985,0.213832,0.251847,1,1,1,3,0.0
282,BS_4,BS,0.591031,0.822104,0.425888,0.284398,1,1,1,3,0.0
282,HAP_0,HAP,0.783649,0.926453,0.043794,0.063713,2,0,0,0,0.628962
282,HAP_1,HAP,0.73778,0.947537,0.004109,0.037607,3,0,0,0,0.645434
282,HAP_2,HAP,0.623891,0.848085,0.371779,0.229561,1,1,1,2,0.844197
282,LEO_0,LEO,0.688835,0.941983,0.072753,0.022755,3,0,0,0,0.697547
282,LEO_1,LEO,0.769242,0.925052,0.06235,0.102881,2,0,0,0,0.648734
283,BS_0,BS,0.711301,0.844839,0.24066,0.293419,1,1,1,1,0.280666
283,BS_1,BS,0.512587,0.814601,0.568284,0.392035,1,1,1,2,0.0
283,BS_2,BS,0.503534,0.831385,0.586105,0.339853,1,1,1,2,0.0
283,BS_3,BS,0.711078,0.842431,0.240973,0.227608,1,1,1,3,0.434387
283,BS_4,BS,0.702493,0.828023,0.253119,0.256349,1,1,1,3,0.0
283,HAP_0,HAP,0.769112,0.926836,0.162519,0.062856,1,1,1,0,0.413003
283,HAP_1,HAP,0.742604,0.942712,0.197592,0.047655,1,1,1,0,0.270623
283,HAP_2,HAP,0.619384,0.846115,0.37903,0.248297,1,1,1,2,0.458488
283,LEO_0,LEO,0.655855,0.945981,0.021815,0.018418,4,0,0,0,0.61054
283,LEO_1,LEO,0.685348,0.928808,0.077828,0.08503,3,0,0,0,0.662167
284,BS_0,BS,0.550767,0.832425,0.496444,0.345641,1,1,1,2,0.647106
284,BS_1,BS,0.664164,0.819089,0.309227,0.356658,1,1,1,4,0.0
284,BS_2,BS,0.630788,0.83486,0.360786,0.330457,1,1,1,2,0.0
284,BS_3,BS,0.655321,0.839589,0.32263,0.228927,1,1,1,4,0.35029
284,BS_4,BS,0.67566,0.83,0.292065,0.243465,1,1,1,4,0.0
284,HAP_0,HAP,0.760683,0.930891,0.073539,0.052718,2,0,0,0,0.656355
284,HAP_1,HAP,0.787766,0.939722,0.138554,0.046763,1,1,1,0,0.680147
284,HAP_2,HAP,0.566925,0.835216,0.467528,0.297,1,1,1,3,0.555326
284,LEO_0,LEO,0.825947,0.94671,0.091224,0.018479,1,1,0,0,0.417692
284,LEO_1,LEO,0.781868,0.931077,0.146069,0.077625,1,1,1,0,0.236556
285,BS_0,BS,0.780203,0.843304,0.148202,0.286396,1,1,1,2,0.439465
285,BS_1,BS,0.68301,0.823589,0.281246,0.320921,1,1,1,4,0.0
285,BS_2,BS,0.68837,0.844978,0.273429,0.298009,1,1,1,2,0.0
285,BS_3,BS,0.584926,0.8336,0.436271,0.268791,1,1,1,2,0.0
285,BS_4,BS,0.656469,0.829768,0.32088,0.241106,1,1,1,4,0.0
285,HAP_0,HAP,0.681371,0.935886,0.083649,0.045323,3,0,0,0,0.321862
285,HAP_1,HAP,0.759958,0.940473,0.074492,0.039907,2,0,0,0,0.701086
285,HAP_2,HAP,0.726451,0.844087,0.219584,0.259298,1,1,1,3,0.264804
285,LEO_0,LEO,0.54991,0.915144,0.498001,0.126385,1,1,1,0,1.428042
285,LEO_1,LEO,0.765042,0.928632,0.167824,0.074775,1,1,1,0,0.689964
286,BS_0,BS,0.812747,0.853454,0.107336,0.234301,1,1,1,2,0.745645
286,BS_1,BS,0.666381,0.825556,0.305894,0.298844,1,1,1,4,0.375705
286,BS_2,BS,0.510554,0.828923,0.572259,0.385773,1,1,1,2,0.0
286,BS_3,BS,0.698035,0.836932,0.259486,0.245333,1,1,1,3,0.347183
286,BS_4,BS,0.651231,0.829085,0.328891,0.241561,1,1,1,5,0.0
286,HAP_0,HAP,0.807894,0.938546,0.113324,0.042038,1,1,1,0,0.325166
286,HAP_1,HAP,0.710719,0.944794,0.041478,0.0327,3,0,0,0,0.466099
286,HAP_2,HAP,0.695357,0.845288,0.263329,0.238642,1,1,1,3,1.005253
286,LEO_0,LEO,0.653175,0.906598,0.32591,0.148906,1,1,1,0,0.436618
286,LEO_1,LEO,0.75865,0.931532,0.076215,0.062434,2,0,0,0,0.696043
287,BS_0,BS,0.822339,0.862077,0.095602,0.191554,1,1,1,2,1.187707
287,BS_1,BS,0.648356,0.826283,0.333315,0.289069,1,1,1,4,0.0
287,BS_2,BS,0.505589,0.822636,0.582031,0.46106,1,1,1,1,0.0
287,BS_3,BS,0.686395,0.839637,0.276302,0.230621,1,1,1,3,0.0
287,BS_4,BS,0.646677,0.828115,0.335908,0.244024,1,1,1,4,0.0
287,HAP_0,HAP,0.49759,0.902286,0.597978,0.19454,1,1,1,0,1.88079
287,HAP_1,HAP,0.66679,0.949721,0.00528,0.026172,4,0,0,0,0.597258
287,HAP_2,HAP,0.827129,0.857054,0.089795,0.194542,1,1,1,3,0.530005
287,LEO_0,LEO,0.76939,0.915542,0.062157,0.120864,2,0,0,0,0.601856
287,LEO_1,LEO,0.729566,0.93842,0.015306,0.050052,3,0,0,0,0.565845
288,BS_0,BS,0.789231,0.86647,0.136696,0.161652,1,1,1,2,0.398555
288,BS_1,BS,0.67573,0.828677,0.291961,0.269614,1,1,1,4,0.379513
288,BS_2,BS,0.650693,0.834175,0.329717,0.417769,1,1,1,1,0.0
288,BS_3,BS,0.695041,0.841216,0.263784,0.215808,1,1,1,4,0.497255
288,BS_4,BS,0.64662,0.827332,0.335997,0.246022,1,1,1,5,0.0
288,HAP_0,HAP,0.777633,0.904132,0.151501,0.165961,1,1,1,0,0.758953
288,HAP_1,HAP,0.785859,0.947715,0.140978,0.029882,1,1,1,0,0.30549
288,HAP_2,HAP,0.684873,0.858282,0.278522,0.190542,1,1,1,3,0.42829
288,LEO_0,LEO,0.685444,0.921998,0.077688,0.099407,3,0,0,0,0.571602
288,LEO_1,LEO,0.622154,0.939486,0.074568,0.042544,4,0,0,0,0.699802
289,BS_0,BS,0.660174,0.859263,0.315252,0.174044,1,1,1,2,1.165423
289,BS_1,BS,0.529023,0.820606,0.536723,0.345324,1,1,1,3,0.0
289,BS_2,BS,0.633874,0.841543,0.355906,0.391216,1,1,1,1,0.0
289,BS_3,BS,0.669616,0.839977,0.30105,0.213431,1,1,1,3,0.645053
289,BS_4,BS,0.643313,0.826398,0.341125,0.249182,1,1,1,5,0.0
289,HAP_0,HAP,0.761465,0.908807,0.072511,0.135135,2,0,0,0,1.053386
289,HAP_1,HAP,0.654744,0.929882,0.323511,0.071002,1,1,1,0,1.019787
289,HAP_2,HAP,0.716194,0.860889,0.233804,0.177033,1,1,1,3,0.409278
289,LEO_0,LEO,0.755567,0.922546,0.180287,0.094152,1,1,1,0,0.385052
289,LEO_1,LEO,0.873564,0.944349,0.035173,0.034592,1,1,0,0,0.471814
290,BS_0,BS,0.628683,0.855614,0.364129,0.198901,1,1,1,2,0.0
290,BS_1,BS,0.671864,0.824597,0.2977,0.31614,1,1,1,3,0.0
290,BS_2,BS,0.621718,0.846939,0.375268,0.376345,1,1,1,1,0.0
290,BS_3,BS,0.655269,0.837632,0.32271,0.217608,1,1,1,4,0.0
290,BS_4,BS,0.62081,0.823515,0.37673,0.263212,1,1,1,4,0.0
290,HAP_0,HAP,0.724553,0.91632,0.0222,0.10833,3,0,0,0,0.920497
290,HAP_1,HAP,0.70066,0.924489,0.255733,0.086231,1,1,1,0,0.287082
290,HAP_2,HAP,0.757426,0.866403,0.17783,0.155857,1,1,1,3,0.468548
290,LEO_0,LEO,0.740942,0.925773,0.099832,0.079807,2,0,0,0,0.67832
290,LEO_1,LEO,0.708344,0.931882,0.244825,0.054646,1,1,1,0,0.985204
291,BS_0,BS,0.45423,0.836562,0.689152,0.372839,1,1,1,0,0.57381
291,BS_1,BS,0.719159,0.832683,0.229673,0.27665,1,1,1,2,0.0
291,BS_2,BS,0.599424,0.849529,0.411786,0.377381,1,1,1,1,0.0
291,BS_3,BS,0.650247,0.835284,0.330403,0.223212,1,1,1,3,0.298268
291,BS_4,BS,0.641942,0.823216,0.343257,0.263591,1,1,1,5,0.0
291,HAP_0,HAP,0.638556,0.920354,0.048546,0.087724,4,0,0,0,0.988764
291,HAP_1,HAP,0.74559,0.930541,0.093579,0.072926,2,0,0,0,0.327684
291,HAP_2,HAP,0.702074,0.867448,0.253717,0.153653,1,1,1,3,0.575151
291,LEO_0,LEO,0.750582,0.921825,0.186906,0.079565,1,1,1,0,0.790625
291,LEO_1,LEO,0.75457,0.93366,0.081608,0.046714,2,0,0,0,0.645933
292,BS_0,BS,0.514538,0.823137,0.564486,0.441661,1,1,1,2,0.487626
292,BS_1,BS,0.725818,0.839375,0.220456,0.24319,1,1,1,3,0.0
292,BS_2,BS,0.451972,0.828898,0.694134,0.518725,1,1,1,2,0.0
292,BS_3,BS,0.571627,0.827315,0.459269,0.273487,1,1,1,2,0.288089
292,BS_4,BS,0.645259,0.823287,0.338104,0.262314,1,1,1,5,0.0
292,HAP_0,HAP,0.77746,0.920395,0.151723,0.080538,1,1,1,0,0.603379
292,HAP_1,HAP,0.715481,0.938027,0.034801,0.058886,3,0,0,0,0.453805
292,HAP_2,HAP,0.649911,0.862893,0.330919,0.172201,1,1,1,2,0.38042
292,LEO_0,LEO,0.78593,0.927374,0.040887,0.064405,2,0,0,0,0.764546
292,LEO_1,LEO,0.697934,0.927072,0.25963,0.067705,1,1,1,0,0.361106
293,BS_0,BS,0.697209,0.832709,0.260669,0.383906,1,1,1,1,0.579848
293,BS_1,BS,0.698062,0.841224,0.259447,0.224843,1,1,1,4,0.539719
293,BS_2,BS,0.767306,0.845818,0.16487,0.427212,1,1,1,1,0.0
293,BS_3,BS,0.753579,0.836205,0.182921,0.233847,1,1,1,3,0.471919
293,BS_4,BS,0.63586,0.822463,0.352776,0.265854,1,1,1,3,0.579222
293,HAP_0,HAP,0.777378,0.922244,0.151829,0.074804,1,1,1,0,0.450697
293,HAP_1,HAP,0.657231,0.944103,0.01972,0.047283,4,0,0,0,0.533989
293,HAP_2,HAP,0.721046,0.865024,0.227053,0.160959,1,1,1,3,0.508492
293,LEO_0,LEO,0.686497,0.931453,0.076153,0.054133,3,0,0,0,0.543781
293,LEO_1,LEO,0.811857,0.935968,0.008431,0.054196,2,0,0,0,0.541033
294,BS_0,BS,0.586445,0.830026,0.433676,0.391758,1,1,1,2,0.0
294,BS_1,BS,0.628393,0.838699,0.364589,0.239691,1,1,1,3,0.0
294,BS_2,BS,0.720289,0.853399,0.228103,0.365184,1,1,1,1,0.3667
294,BS_3,BS,0.709965,0.839478,0.242539,0.213549,1,1,1,4,0.377216
294,BS_4,BS,0.646967,0.822843,0.33546,0.263324,1,1,1,4,0.0
294,HAP_0,HAP,0.789394,0.92214,0.13649,0.068227,1,1,1,0,0.809107
294,HAP_1,HAP,0.77866,0.943685,0.150181,0.047976,1,1,1,0,0.19498
294,HAP_2,HAP,0.698206,0.864105,0.259241,0.15901,1,1,1,2,0.75789
294,LEO_0,LEO,0.651181,0.92334,0.328968,0.092006,1,1,1,0,0.113642
294,LEO_1,LEO,0.710979,0.925633,0.241112,0.069517,1,1,1,0,0.954677
295,BS_0,BS,0.696089,0.834849,0.262278,0.344362,1,1,1,2,0.480668
295,BS_1,BS,0.708398,0.841793,0.244749,0.218708,1,1,1,3,0.776502
295,BS_2,BS,0.541842,0.838039,0.51278,0.410471,1,1,1,2,0.426375
295,BS_3,BS,0.584799,0.830663,0.436486,0.256573,1,1,1,3,0.644208
295,BS_4,BS,0.634255,0.821956,0.355304,0.267467,1,1,1,5,0.0
295,HAP_0,HAP,0.751991,0.92683,0.085031,0.057835,2,0,0,0,0.53592
295,HAP_1,HAP,0.763119,0.946635,0.070341,0.040607,2,0,0,0,0.4469
295,HAP_2,HAP,0.663421,0.860027,0.310345,0.17055,1,1,1,3,0.526965
295,LEO_0,LEO,0.741235,0.928143,0.099438,0.078054,2,0,0,0,0.518256
295,LEO_1,LEO,0.757715,0.92457,0.177448,0.069783,1,1,1,0,0.44429
296,BS_0,BS,0.700733,0.837855,0.255628,0.304895,1,1,1,2,0.506463
296,BS_1,BS,0.666966,0.840237,0.305017,0.216832,1,1,1,3,0.339755
296,BS_2,BS,0.773111,0.846208,0.157332,0.339516,1,1,1,2,0.549272
296,BS_3,BS,0.756641,0.838852,0.178867,0.219656,1,1,1,3,0.38702
296,BS_4,BS,0.627552,0.820609,0.365929,0.274231,1,1,1,4,0.558726
296,HAP_0,HAP,0.76233,0.926696,0.171375,0.059484,1,1,1,0,0.416147
296,HAP_1,HAP,0.79103,0.944189,0.13442,0.040617,1,1,1,0,0.529407
296,HAP_2,HAP,0.716662,0.862324,0.23315,0.160901,1,1,1,3,0.382496
296,LEO_0,LEO,0.66077,0.915867,0.314349,0.10691,1,1,1,0,0.859253
296,LEO_1,LEO,0.740833,0.929336,0.099981,0.060325,2,0,0,0,0.407995
297,BS_0,BS,0.764965,0.845271,0.167925,0.256606,1,1,1,3,0.760091
297,BS_1,BS,0.332871,0.806857,1.0,0.971896,1,1,1,0,0.294217
297,BS_2,BS,0.805906,0.855188,0.115788,0.277646,1,1,1,2,0.487971
297,BS_3,BS,0.760589,0.845673,0.173663,0.189296,1,1,1,3,0.548189
297,BS_4,BS,0.644171,0.8211,0.339792,0.271341,1,1,1,3,0.0
297,HAP_0,HAP,0.803068,0.934909,0.019316,0.047755,2,0,0,0,0.54901
297,HAP_1,HAP,0.792759,0.948283,0.032236,0.032961,2,0,0,0,0.515412
297,HAP_2,HAP,0.758349,0.867385,0.176611,0.142757,1,1,1,3,0.439857
297,LEO_0,LEO,0.741229,0.921375,0.099446,0.089978,2,0,0,0,0.47432
297,LEO_1,LEO,0.687236,0.932016,0.075078,0.050796,3,0,0,0,0.760415
298,BS_0,BS,0.722096,0.847693,0.225597,0.228187,1,1,1,3,0.0
298,BS_1,BS,0.469952,0.793111,0.655125,0.970652,1,1,1,3,0.0
298,BS_2,BS,0.527373,0.842264,0.539848,0.353263,1,1,1,1,0.52727
298,BS_3,BS,0.732637,0.848874,0.211106,0.171491,1,1,1,3,0.0
298,BS_4,BS,0.511976,0.812386,0.569477,0.36301,1,1,1,2,0.0
298,HAP_0,HAP,0.731713,0.927,0.212368,0.058499,1,1,1,0,0.890885
298,HAP_1,HAP,0.707083,0.95048,0.046607,0.027346,3,0,0,0,0.54035
298,HAP_2,HAP,0.761314,0.871302,0.172709,0.127629,1,1,1,3,0.541332
298,LEO_0,LEO,0.672461,0.9259,0.096811,0.0762,3,0,0,0,0.540129
298,LEO_1,LEO,0.742727,0.930907,0.197426,0.058177,1,1,1,0,0.183822
299,BS_0,BS,0.674494,0.84553,0.293793,0.221391,1,1,1,3,0.360018
299,BS_1,BS,0.649879,0.806385,0.330969,0.825815,1,1,1,1,0.0
299,BS_2,BS,0.61897,0.844044,0.379698,0.347487,1,1,1,1,0.0
299,BS_3,BS,0.660987,0.845258,0.314022,0.181567,1,1,1,4,0.288888
299,BS_4,BS,0.683502,0.819012,0.280525,0.32582,1,1,1,4,0.0
299,HAP_0,HAP,0.764185,0.93095,0.068945,0.048938,2,0,0,0,0.609581
299,HAP_1,HAP,0.621806,0.950099,0.075127,0.024417,4,0,0,0,0.588436
299,HAP_2,HAP,0.491349,0.852808,0.610601,0.269878,1,1,1,0,0.643604
299,LEO_0,LEO,0.61531,0.930023,0.08563,0.06426,4,0,0,0,0.560105
299,LEO_1,LEO,0.719233,0.924056,0.22957,0.070258,1,1,1,0,0.790489
300,BS_0,BS,0.398836,0.820617,0.819205,0.479106,1,1,1,1,0.0
300,BS_1,BS,0.560341,0.802707,0.47921,0.763991,1,1,1,3,0.0
300,BS_2,BS,0.598438,0.840444,0.413432,0.354906,1,1,1,2,0.0
300,BS_3,BS,0.635685,0.841258,0.353052,0.201344,1,1,1,2,0.0
300,BS_4,BS,0.678117,0.826167,0.288436,0.298094,1,1,1,3,0.0
300,HAP_0,HAP,0.797435,0.931526,0.126355,0.046335,1,1,1,0,0.54372
300,HAP_1,HAP,0.881742,0.95349,0.025856,0.019834,1,1,0,0,0.485358
300,HAP_2,HAP,0.610782,0.850691,0.393015,0.28541,1,1,1,2,0.533463
300,LEO_0,LEO,0.804774,0.931901,0.117194,0.057588,1,1,1,0,0.496729
300,LEO_1,LEO,0.770665,0.9285,0.060502,0.057853,2,0,0,0,0.716946
301,BS_0,BS,0.547769,0.813048,0.501902,0.496642,1,1,1,3,0.0
301,BS_1,BS,0.657701,0.813147,0.319005,0.656986,1,1,1,2,0.0
301,BS_2,BS,0.839625,0.858848,0.0748,0.286443,1,1,1,2,0.0
301,BS_3,BS,0.684842,0.841539,0.278567,0.195995,1,1,1,4,0.0
301,BS_4,BS,0.739593,0.835218,0.201655,0.256774,1,1,1,3,0.0
301,HAP_0,HAP,0.750701,0.935286,0.086748,0.040454,2,0,0,0,0.449979
301,HAP_1,HAP,0.768232,0.953056,0.063664,0.017691,2,0,0,0,0.613508
301,HAP_2,HAP,0.47075,0.828216,0.653428,0.420463,1,1,1,3,0.662646
301,LEO_0,LEO,0.766208,0.935111,0.066302,0.048049,2,0,0,0,0.67683
301,LEO_1,LEO,0.7518,0.928255,0.185284,0.061731,1,1,1,0,0.250626
302,BS_0,BS,0.684593,0.819037,0.278931,0.432325,1,1,1,3,0.0
302,BS_1,BS,0.67879,0.825828,0.287444,0.56277,1,1,1,2,0.0
302,BS_2,BS,0.634939,0.852021,0.354226,0.285619,1,1,1,1,3.962673
302,BS_3,BS,0.633466,0.836888,0.356549,0.214004,1,1,1,4,0.0
302,BS_4,BS,0.621338,0.830898,0.37588,0.268998,1,1,1,5,0.0
302,HAP_0,HAP,0.807956,0.937101,0.113248,0.038135,1,1,1,0,0.423345
302,HAP_1,HAP,0.809524,0.952475,0.111309,0.019728,1,1,1,0,0.2635
302,HAP_2,HAP,0.559049,0.827183,0.481518,0.440707,1,1,1,2,0.164951
302,LEO_0,LEO,0.816473,0.934944,0.102762,0.043191,1,1,1,0,0.711539
302,LEO_1,LEO,0.809422,0.938105,0.011435,0.049444,2,0,0,0,0.390837
303,BS_0,BS,0.666457,0.821949,0.305779,0.387936,1,1,1,4,0.220551
303,BS_1,BS,0.702827,0.834466,0.252644,0.478939,1,1,1,2,0.298281
303,BS_2,BS,0.526206,0.843252,0.542062,0.360719,1,1,1,1,0.0
303,BS_3,BS,0.648216,0.834508,0.333532,0.221262,1,1,1,4,0.619621
303,BS_4,BS,0.623171,0.827398,0.372934,0.277785,1,1,1,3,0.0
303,HAP_0,HAP,0.783441,0.943025,0.044059,0.031381,2,0,0,0,0.393139
303,HAP_1,HAP,0.756925,0.952468,0.078491,0.018555,2,0,0,0,0.518027
303,HAP_2,HAP,0.597695,0.826799,0.414675,0.429946,1,1,1,2,0.620083
303,LEO_0,LEO,0.809008,0.940748,0.011946,0.034617,2,0,0,0,0.636932
303,LEO_1,LEO,0.771905,0.934583,0.158894,0.050916,1,1,1,0,0.700596
304,BS_0,BS,0.643334,0.823248,0.341091,0.362703,1,1,1,3,0.0
304,BS_1,BS,0.601557,0.836251,0.408234,0.458146,1,1,1,1,0.310765
304,BS_2,BS,0.606005,0.846377,0.400866,0.360887,1,1,1,1,0.0
304,BS_3,BS,0.622745,0.831053,0.373618,0.239825,1,1,1,2,0.0
304,BS_4,BS,0.644313,0.826555,0.339571,0.274117,1,1,1,4,0.0
304,HAP_0,HAP,0.693031,0.944747,0.066681,0.027106,3,0,0,0,0.608806
304,HAP_1,HAP,0.795118,0.948655,0.129264,0.022363,1,1,1,0,0.575444
304,HAP_2,HAP,0.625133,0.830103,0.36979,0.405492,1,1,1,2,0.53626
304,LEO_0,LEO,0.790203,0.935768,0.135465,0.035952,1,1,1,0,0.925515
304,LEO_1,LEO,0.762397,0.93643,0.071288,0.04302,2,0,0,0,0.710802
305,BS_0,BS,0.684767,0.827108,0.278677,0.32511,1,1,1,3,0.390121
305,BS_1,BS,0.532391,0.835813,0.530377,0.493102,1,1,1,0,0.0
305,BS_2,BS,0.58256,0.844149,0.440323,0.375958,1,1,1,1,0.0
305,BS_3,BS,0.676267,0.832545,0.291167,0.230011,1,1,1,3,0.0
305,BS_4,BS,0.645617,0.825993,0.337549,0.270566,1,1,1,5,0.0
305,HAP_0,HAP,0.653344,0.94997,0.025652,0.021981,4,0,0,0,0.394154
305,HAP_1,HAP,0.791767,0.951236,0.033488,0.018395,2,0,0,0,0.57072
305,HAP_2,HAP,0.58232,0.827207,0.440736,0.411805,1,1,1,3,0.419996
305,LEO_0,LEO,0.763212,0.932658,0.17022,0.0418,1,1,1,0,0.500274
305,LEO_1,LEO,0.722195,0.941344,0.02546,0.034708,3,0,0,0,0.610059
306,BS_0,BS,0.638094,0.825777,0.34927,0.314983,1,1,1,4,0.610316
306,BS_1,BS,0.57096,0.838999,0.460436,0.489882,1,1,1,1,0.0
306,BS_2,BS,0.677389,0.85264,0.289509,0.338483,1,1,1,2,0.0
306,BS_3,BS,0.65973,0.832115,0.315925,0.228922,1,1,1,4,0.461434
306,BS_4,BS,0.647516,0.825718,0.334611,0.266837,1,1,1,5,0.0
306,HAP_0,HAP,0.900359,0.954932,0.004961,0.017596,1,1,0,0,0.486178
306,HAP_1,HAP,0.714542,0.954187,0.036113,0.015303,3,0,0,0,0.437355
306,HAP_2,HAP,0.666525,0.833214,0.305678,0.371491,1,1,1,3,0.316544
306,LEO_0,LEO,0.777998,0.936046,0.051032,0.034612,2,0,0,0,0.733783
306,LEO_1,LEO,0.658318,0.945829,0.018067,0.027913,4,0,0,0,0.613382
307,BS_0,BS,0.614519,0.823246,0.386916,0.319353,1,1,1,2,0.0
307,BS_1,BS,0.412916,0.815998,0.78451,0.668861,1,1,1,2,0.0
307,BS_2,BS,0.508894,0.836936,0.575515,0.419834,1,1,1,2,0.0
307,BS_3,BS,0.537143,0.823786,0.52149,0.305516,1,1,1,3,0.0
307,BS_4,BS,0.644808,0.825247,0.338802,0.265124,1,1,1,4,0.0
307,HAP_0,HAP,0.523185,0.918127,0.54782,0.149125,1,1,1,0,3.287445
307,HAP_1,HAP,0.65215,0.956113,0.027481,0.012582,4,0,0,0,0.582694
307,HAP_2,HAP,0.625635,0.838386,0.368988,0.358462,1,1,1,3,0.0
307,LEO_0,LEO,0.724595,0.941587,0.022142,0.02791,3,0,0,0,0.564679
307,LEO_1,LEO,0.663286,0.936798,0.310549,0.065729,1,1,1,0,0.0
308,BS_0,BS,0.669387,0.826864,0.301393,0.29636,1,1,1,4,0.0
308,BS_1,BS,0.686613,0.831095,0.275985,0.569364,1,1,1,2,0.0
308,BS_2,BS,0.589515,0.838736,0.428456,0.418476,1,1,1,1,0.0
308,BS_3,BS,0.683003,0.82803,0.281256,0.28001,1,1,1,4,0.0
308,BS_4,BS,0.640226,0.824441,0.345934,0.265951,1,1,1,5,0.0
308,HAP_0,HAP,0.64712,0.90811,0.335224,0.169868,1,1,1,0,0.460962
308,HAP_1,HAP,0.871981,0.958049,0.036987,0.010681,1,1,0,0,0.437968
308,HAP_2,HAP,0.530113,0.825419,0.534665,0.415409,1,1,1,3,0.715445
308,LEO_0,LEO,0.730399,0.930954,0.214164,0.042968,1,1,1,0,1.035194
308,LEO_1,LEO,0.794621,0.937533,0.12989,0.060175,1,1,1,0,0.48323
309,BS_0,BS,0.700524,0.832826,0.255926,0.266562,1,1,1,3,0.0
309,BS_1,BS,0.658605,0.839899,0.317631,0.500892,1,1,1,1,0.0
309,BS_2,BS,0.546314,0.830187,0.504562,0.449343,1,1,1,2,0.0
309,BS_3,BS,0.691521,0.831467,0.268862,0.256537,1,1,1,4,0.0
309,BS_4,BS,0.370514,0.799084,0.892865,0.571504,1,1,1,1,0.0
309,HAP_0,HAP,0.724889,0.909227,0.221736,0.15802,1,1,1,0,0.337711
309,HAP_1,HAP,0.524072,0.920748,0.546126,0.142759,1,1,1,0,1.94013
309,HAP_2,HAP,0.56255,0.825491,0.475275,0.433976,1,1,1,2,0.138871
309,LEO_0,LEO,0.767575,0.928537,0.164519,0.046554,1,1,1,0,0.557795
309,LEO_1,LEO,0.801602,0.945352,0.021143,0.048341,2,0,0,0,0.322878
310,BS_0,BS,0.708694,0.836939,0.244332,0.240114,1,1,1,3,0.683712
310,BS_1,BS,0.50475,0.825626,0.583691,0.554026,1,1,1,2,0.0
310,BS_2,BS,0.825145,0.849931,0.092196,0.363299,1,1,1,2,0.0
310,BS_3,BS,0.654447,0.832092,0.323965,0.252459,1,1,1,2,0.0
310,BS_4,BS,0.560623,0.797165,0.478706,0.560325,1,1,1,5,0.0
310,HAP_0,HAP,0.804351,0.91393,0.11772,0.132652,1,1,1,0,0.699596
310,HAP_1,HAP,0.506581,0.899209,0.58007,0.265624,1,1,1,0,0.0
310,HAP_2,HAP,0.626993,0.829659,0.366819,0.407731,1,1,1,3,0.30566
310,LEO_0,LEO,0.815067,0.935644,0.004485,0.037252,2,0,0,0,0.705656
310,LEO_1,LEO,0.814048,0.944629,0.105736,0.043704,1,1,1,0,0.578446
311,BS_0,BS,0.693575,0.838665,0.265896,0.223906,1,1,1,4,0.62811
311,BS_1,BS,0.355671,0.802221,0.933749,0.83557,1,1,1,0,0.0
311,BS_2,BS,0.554933,0.836873,0.488907,0.398203,1,1,1,3,0.483877
311,BS_3,BS,0.695131,0.835125,0.263655,0.233248,1,1,1,3,0.489028
311,BS_4,BS,0.747299,0.812758,0.19129,0.464727,1,1,1,3,0.0
311,HAP_0,HAP,0.788878,0.923438,0.037143,0.106742,2,0,0,0,0.525032
311,HAP_1,HAP,0.823817,0.908007,0.093807,0.216459,1,1,1,0,0.651899
311,HAP_2,HAP,0.663091,0.835084,0.310843,0.369666,1,1,1,3,0.411314
311,LEO_0,LEO,0.694012,0.938729,0.065267,0.031719,3,0,0,0,0.56085
311,LEO_1,LEO,0.779933,0.947071,0.048547,0.036024,2,0,0,0,0.582242
312,BS_0,BS,0.596038,0.833963,0.41745,0.257544,1,1,1,3,0.0
312,BS_1,BS,0.660613,0.818287,0.314587,0.71299,1,1,1,1,0.0
312,BS_2,BS,0.695759,0.838986,0.262752,0.34963,1,1,1,3,0.0
312,BS_3,BS,0.674144,0.835496,0.294312,0.225577,1,1,1,4,0.0
312,BS_4,BS,0.712515,0.822329,0.238955,0.397476,1,1,1,3,0.208822
312,HAP_0,HAP,0.695227,0.929857,0.063517,0.087209,3,0,0,0,0.49834
312,HAP_1,HAP,0.636005,0.894513,0.352549,0.229098,1,1,1,0,1.199068
312,HAP_2,HAP,0.617674,0.832776,0.381794,0.361328,1,1,1,3,0.314607
312,LEO_0,LEO,0.635725,0.94175,0.052989,0.026639,4,0,0,0,0.610028
312,LEO_1,LEO,0.671019,0.945243,0.098957,0.033226,3,0,0,0,0.666486
313,BS_0,BS,0.751997,0.84282,0.185023,0.221441,1,1,1,3,0.0
313,BS_1,BS,0.481174,0.806728,0.631525,0.749863,1,1,1,2,0.0
313,BS_2,BS,0.665737,0.838081,0.30686,0.322077,1,1,1,3,0.0
313,BS_3,BS,0.491862,0.822461,0.609557,0.347664,1,1,1,2,0.0
313,BS_4,BS,0.723595,0.829744,0.223523,0.340464,1,1,1,3,2.303362
313,HAP_0,HAP,0.796401,0.932106,0.127652,0.0771,1,1,1,0,0.387975
313,HAP_1,HAP,0.792934,0.899989,0.132015,0.191121,1,1,1,0,0.694164
313,HAP_2,HAP,0.815447,0.847998,0.104019,0.293931,1,1,1,3,0.391398
313,LEO_0,LEO,0.825609,0.942427,0.091634,0.025089,1,1,0,0,0.532965
313,LEO_1,LEO,0.623271,0.945745,0.072773,0.028964,4,0,0,0,0.598487
314,BS_0,BS,0.702825,0.844448,0.252648,0.205876,1,1,1,3,0.0
314,BS_1,BS,0.790488,0.829334,0.135104,0.608104,1,1,1,1,0.0
314,BS_2,BS,0.664408,0.837141,0.308859,0.300589,1,1,1,3,0.0
314,BS_3,BS,0.774535,0.836576,0.155492,0.289011,1,1,1,3,0.0
314,BS_4,BS,0.626232,0.830211,0.368034,0.333323,1,1,1,3,0.0
314,HAP_0,HAP,0.781634,0.937704,0.046368,0.062648,2,0,0,0,0.546836
314,HAP_1,HAP,0.769793,0.90462,0.161634,0.164653,1,1,1,0,0.516553
314,HAP_2,HAP,0.690461,0.8506,0.270395,0.268046,1,1,1,2,0.743044
314,LEO_0,LEO,0.681955,0.926983,0.282792,0.056059,1,1,1,0,1.112054
314,LEO_1,LEO,0.864001,0.949527,0.046181,0.024131,1,1,0,0,0.385266
315,BS_0,BS,0.669487,0.842554,0.301244,0.205538,1,1,1,4,0.472982
315,BS_1,BS,0.794739,0.847203,0.129742,0.494058,1,1,1,2,0.0
315,BS_2,BS,0.423649,0.816566,0.758851,0.499606,1,1,1,2,0.0
315,BS_3,BS,0.684004,0.83806,0.279791,0.266436,1,1,1,3,0.724254
315,BS_4,BS,0.783887,0.842933,0.143491,0.275924,1,1,1,3,0.0
315,HAP_0,HAP,0.69274,0.940627,0.0671,0.052144,3,0,0,0,0.558747
315,HAP_1,HAP,0.78295,0.914187,0.044686,0.132621,2,0,0,0,0.711664
315,HAP_2,HAP,0.654263,0.851146,0.324245,0.261748,1,1,1,3,0.416889
315,LEO_0,LEO,0.629069,0.916085,0.363514,0.104311,1,1,1,0,0.211499
315,LEO_1,LEO,0.756306,0.941736,0.179309,0.033773,1,1,1,0,0.783396
316,BS_0,BS,0.647645,0.838992,0.334412,0.214754,1,1,1,3,0.523333
316,BS_1,BS,0.737687,0.856108,0.204236,0.414017,1,1,1,1,0.427014
316,BS_2,BS,0.752068,0.831559,0.184928,0.415074,1,1,1,3,0.0
316,BS_3,BS,0.684645,0.838835,0.278855,0.248141,1,1,1,4,0.29221
316,BS_4,BS,0.702945,0.844672,0.252476,0.249424,1,1,1,3,0.410591
316,HAP_0,HAP,0.619399,0.942073,0.079006,0.044524,4,0,0,0,0.573295
316,HAP_1,HAP,0.724829,0.92421,0.02182,0.106311,3,0,0,0,0.558085
316,HAP_2,HAP,0.656422,0.851551,0.320951,0.255752,1,1,1,2,0.59875
316,LEO_0,LEO,0.784547,0.924889,0.042649,0.084267,2,0,0,0,0.585311
316,LEO_1,LEO,0.749406,0.942818,0.088475,0.030541,2,0,0,0,0.479561
317,BS_0,BS,0.69421,0.840298,0.26498,0.2034,1,1,1,4,0.363597
317,BS_1,BS,0.709749,0.86047,0.242844,0.357752,1,1,1,1,0.406341
317,BS_2,BS,0.651734,0.838513,0.328119,0.380507,1,1,1,1,0.0
317,BS_3,BS,0.708189,0.841388,0.245044,0.225534,1,1,1,3,0.780793
317,BS_4,BS,0.681079,0.843788,0.284076,0.235854,1,1,1,4,0.53947
317,HAP_0,HAP,0.872616,0.947524,0.03626,0.036211,1,1,0,0,0.352707
317,HAP_1,HAP,0.668151,0.933065,0.003241,0.085054,4,0,0,0,0.61786
317,HAP_2,HAP,0.612748,0.849728,0.389801,0.272977,1,1,1,2,0.243342
317,LEO_0,LEO,0.718945,0.933781,0.029971,0.067818,3,0,0,0,0.405892
317,LEO_1,LEO,0.770448,0.94043,0.160784,0.036066,1,1,1,0,0.390607
318,BS_0,BS,0.619252,0.834484,0.379243,0.227441,1,1,1,3,0.706969
318,BS_1,BS,0.605819,0.85882,0.401173,0.358624,1,1,1,1,0.0
318,BS_2,BS,0.725771,0.851561,0.220521,0.326289,1,1,1,2,0.0
318,BS_3,BS,0.677895,0.840879,0.288762,0.21795,1,1,1,3,0.0
318,BS_4,BS,0.636537,0.84078,0.351712,0.244349,1,1,1,3,0.0
318,HAP_0,HAP,0.579789,0.920569,0.445092,0.118117,1,1,1,0,1.244076
318,HAP_1,HAP,0.886339,0.939365,0.020656,0.068235,1,1,0,0,0.57824
318,HAP_2,HAP,0.636988,0.849362,0.351004,0.273823,1,1,1,1,0.606484
318,LEO_0,LEO,0.664413,0.941846,0.008852,0.05429,4,0,0,0,0.472722
318,LEO_1,LEO,0.793594,0.945346,0.031183,0.02929,2,0,0,0,0.536486
319,BS_0,BS,0.578264,0.831034,0.447726,0.272159,1,1,1,3,0.0
319,BS_1,BS,0.545209,0.847029,0.506586,0.402383,1,1,1,2,0.0
319,BS_2,BS,0.450906,0.826256,0.696497,0.47933,1,1,1,3,0.601565
319,BS_3,BS,0.593743,0.835539,0.421309,0.254235,1,1,1,3,0.0
319,BS_4,BS,0.661016,0.839156,0.313977,0.239841,1,1,1,4,0.0
319,HAP_0,HAP,0.626744,0.910521,0.367216,0.155175,1,1,1,0,0.219007
319,HAP_1,HAP,0.813135,0.945274,0.006858,0.054609,2,0,0,0,0.579658
319,HAP_2,HAP,0.556207,0.839595,0.486615,0.325616,1,1,1,3,0.189531
319,LEO_0,LEO,0.83999,0.943119,0.074366,0.04592,1,1,0,0,0.620835
319,LEO_1,LEO,0.715026,0.950023,0.035436,0.023997,3,0,0,0,0.387823
320,BS_0,BS,0.827477,0.849112,0.089374,0.221322,1,1,1,2,0.0
320,BS_1,BS,0.797109,0.862075,0.126764,0.329137,1,1,1,2,0.0
320,BS_2,BS,0.793603,0.841634,0.131172,0.391207,1,1,1,3,0.0
320,BS_3,BS,0.707031,0.839253,0.246681,0.230771,1,1,1,3,0.0
320,BS_4,BS,0.628527,0.836592,0.364377,0.251619,1,1,1,3,0.0
320,HAP_0,HAP,0.741829,0.918976,0.098637,0.128518,2,0,0,0,0.342858
320,HAP_1,HAP,0.72583,0.933776,0.220439,0.065554,1,1,1,0,1.006862
320,HAP_2,HAP,0.724925,0.847849,0.221687,0.282608,1,1,1,3,0.134874
320,LEO_0,LEO,0.679353,0.927326,0.286615,0.073703,1,1,1,0,1.099144
320,LEO_1,LEO,0.788813,0.945067,0.137225,0.027672,1,1,1,0,0.736545
321,BS_0,BS,0.69217,0.849143,0.267924,0.20936,1,1,1,4,3.513263
321,BS_1,BS,0.738592,0.867773,0.203009,0.281856,1,1,1,2,0.0
321,BS_2,BS,0.680059,0.841872,0.285576,0.349664,1,1,1,3,0.0
321,BS_3,BS,0.430669,0.820002,0.742415,0.432648,1,1,1,1,0.0
321,BS_4,BS,0.701228,0.839404,0.254923,0.230539,1,1,1,4,0.0
321,HAP_0,HAP,0.739222,0.930081,0.002157,0.102817,3,0,0,0,0.533205
321,HAP_1,HAP,0.69212,0.926406,0.267995,0.084763,1,1,1,0,0.33647
321,HAP_2,HAP,0.796233,0.859172,0.127864,0.233444,1,1,1,3,0.428887
321,LEO_0,LEO,0.615694,0.915423,0.385006,0.125665,1,1,1,0,0.167875
321,LEO_1,LEO,0.816802,0.945141,0.102359,0.026852,1,1,1,0,0.428414
322,BS_0,BS,0.738272,0.852742,0.203443,0.186113,1,1,1,3,0.0
322,BS_1,BS,0.652368,0.860648,0.327147,0.273646,1,1,1,2,0.744421
322,BS_2,BS,0.684475,0.841892,0.279103,0.314786,1,1,1,3,0.0
322,BS_3,BS,0.771581,0.837542,0.159314,0.35754,1,1,1,2,0.0
322,BS_4,BS,0.674553,0.838986,0.293705,0.223249,1,1,1,4,0.253343
322,HAP_0,HAP,0.767039,0.926671,0.165218,0.094537,1,1,1,0,0.810853
322,HAP_1,HAP,0.790702,0.929718,0.134834,0.075992,1,1,1,0,0.301185
322,HAP_2,HAP,0.709564,0.858789,0.243105,0.21335,1,1,1,4,0.546883
322,LEO_0,LEO,0.793522,0.9255,0.031274,0.100973,2,0,0,0,0.536764
322,LEO_1,LEO,0.769503,0.938884,0.16201,0.033293,1,1,1,0,0.819244
323,BS_0,BS,0.693729,0.85138,0.265674,0.180653,1,1,1,3,0.679285
323,BS_1,BS,0.765351,0.864012,0.167421,0.23153,1,1,1,2,0.64818
323,BS_2,BS,0.662755,0.83986,0.311349,0.295451,1,1,1,3,0.577759
323,BS_3,BS,0.570261,0.828554,0.461661,0.381941,1,1,1,3,0.230512
323,BS_4,BS,0.653598,0.83669,0.325263,0.226208,1,1,1,4,0.684889
323,HAP_0,HAP,0.772525,0.927237,0.158091,0.086876,1,1,1,0,0.38971
323,HAP_1,HAP,0.81136,0.939376,0.009043,0.06083,2,0,0,0,0.399167
323,HAP_2,HAP,0.810025,0.866988,0.11069,0.176193,1,1,1,4,0.561809
323,LEO_0,LEO,0.755829,0.922412,0.179941,0.095348,1,1,1,0,0.774911
323,LEO_1,LEO,0.757449,0.940584,0.077799,0.029358,2,0,0,0,0.544186
324,BS_0,BS,0.735354,0.853685,0.207404,0.163879,1,1,1,4,0.236824
324,BS_1,BS,0.744862,0.864644,0.194556,0.202257,1,1,1,2,0.59297
324,BS_2,BS,0.564699,0.83226,0.471462,0.336385,1,1,1,2,0.0
324,BS_3,BS,0.577899,0.827638,0.448357,0.396013,1,1,1,1,0.0
324,BS_4,BS,0.649405,0.83459,0.331698,0.230477,1,1,1,4,0.0
324,HAP_0,HAP,0.767524,0.933795,0.064585,0.071378,2,0,0,0,0.399573
324,HAP_1,HAP,0.800507,0.938591,0.12251,0.055418,1,1,1,0,0.598414
324,HAP_2,HAP,0.757863,0.868275,0.177252,0.155093,1,1,1,3,1.063237
324,LEO_0,LEO,0.807192,0.930213,0.014194,0.076369,2,0,0,0,0.678296
324,LEO_1,LEO,0.798494,0.939819,0.125028,0.030521,1,1,1,0,0.496958
325,BS_0,BS,0.689915,0.851682,0.271187,0.164198,1,1,1,4,0.635005
325,BS_1,BS,0.758547,0.866156,0.176351,0.175801,1,1,1,3,0.606573
325,BS_2,BS,0.721262,0.838293,0.226753,0.292246,1,1,1,2,0.0
325,BS_3,BS,0.70129,0.835054,0.254833,0.346034,1,1,1,2,0.0
325,BS_4,BS,0.640338,0.831954,0.345759,0.238179,1,1,1,3,0.0
325,HAP_0,HAP,0.731478,0.941377,0.012689,0.057175,3,0,0,0,0.509241
325,HAP_1,HAP,0.773418,0.933912,0.156935,0.055417,1,1,1,0,0.804176
325,HAP_2,HAP,0.671297,0.865069,0.298544,0.164182,1,1,1,3,0.6123
325,LEO_0,LEO,0.687849,0.931955,0.074186,0.063572,3,0,0,0,0.798954
325,LEO_1,LEO,0.755758,0.942732,0.080034,0.027299,2,0,0,0,0.41149
326,BS_0,BS,0.660943,0.847502,0.314087,0.175751,1,1,1,4,0.266575
326,BS_1,BS,0.719969,0.864216,0.228547,0.164146,1,1,1,3,0.527597
326,BS_2,BS,0.695205,0.84004,0.263548,0.265052,1,1,1,2,0.626869
326,BS_3,BS,0.682106,0.836736,0.28257,0.312757,1,1,1,2,0.783055
326,BS_4,BS,0.597674,0.825686,0.41471,0.267936,1,1,1,2,0.770535
326,HAP_0,HAP,0.64933,0.946582,0.031814,0.046195,4,0,0,0,0.45392
326,HAP_1,HAP,0.793501,0.938647,0.031301,0.044775,2,0,0,0,0.636974
326,HAP_2,HAP,0.64627,0.858473,0.336537,0.182312,1,1,1,4,0.327698
326,LEO_0,LEO,0.803115,0.933546,0.119257,0.057258,1,1,1,0,0.413751
326,LEO_1,LEO,0.702092,0.946248,0.053691,0.023136,3,0,0,0,0.48152
327,BS_0,BS,0.582765,0.836603,0.439972,0.22771,1,1,1,3,0.575753
327,BS_1,BS,0.549471,0.849508,0.498799,0.243277,1,1,1,1,0.33729
327,BS_2,BS,0.659583,0.839633,0.316147,0.257019,1,1,1,3,0.0
327,BS_3,BS,0.736011,0.846191,0.206511,0.269397,1,1,1,2,0.0
327,BS_4,BS,0.737863,0.83331,0.203997,0.233075,1,1,1,3,0.0
327,HAP_0,HAP,0.896421,0.951477,0.009345,0.036996,1,1,0,0,0.538264
327,HAP_1,HAP,0.804969,0.93858,0.116951,0.041975,1,1,1,0,0.499887
327,HAP_2,HAP,0.699626,0.856668,0.257209,0.17562,1,1,1,4,0.397676
327,LEO_0,LEO,0.697259,0.922071,0.260599,0.076366,1,1,1,0,1.019637
327,LEO_1,LEO,0.817588,0.943872,0.101397,0.023136,1,1,1,0,0.76243
328,BS_0,BS,0.73775,0.842033,0.204151,0.200923,1,1,1,4,0.0
328,BS_1,BS,0.680526,0.848126,0.28489,0.231144,1,1,1,3,0.0
328,BS_2,BS,0.697545,0.842193,0.260188,0.236079,1,1,1,3,0.0
328,BS_3,BS,0.770257,0.856379,0.161031,0.227187,1,1,1,3,0.204866
328,BS_4,BS,0.690934,0.835466,0.269711,0.219195,1,1,1,3,0.631137
328,HAP_0,HAP,0.644352,0.930518,0.33951,0.081467,1,1,1,0,1.155906
328,HAP_1,HAP,0.765751,0.932676,0.166898,0.046115,1,1,1,0,0.888797
328,HAP_2,HAP,0.576386,0.848647,0.450977,0.232017,1,1,1,2,0.244262
328,LEO_0,LEO,0.653705,0.914679,0.325099,0.108653,1,1,1,0,0.205683
328,LEO_1,LEO,0.787266,0.94542,0.039189,0.0192,2,0,0,0,0.739727
329,BS_0,BS,0.69785,0.843042,0.259752,0.1911,1,1,1,4,0.796578
329,BS_1,BS,0.615086,0.842788,0.385993,0.251961,1,1,1,2,0.496097
329,BS_2,BS,0.601811,0.838564,0.407812,0.263703,1,1,1,2,0.0
329,BS_3,BS,0.708554,0.856342,0.244529,0.208657,1,1,1,3,0.346733
329,BS_4,BS,0.619654,0.831367,0.378594,0.239856,1,1,1,2,0.330575
329,HAP_0,HAP,0.671479,0.921718,0.298272,0.105208,1,1,1,0,0.342715
329,HAP_1,HAP,0.769167,0.935657,0.062447,0.038646,2,0,0,0,0.637763
329,HAP_2,HAP,0.571087,0.844369,0.460214,0.280922,1,1,1,1,0.481053
329,LEO_0,LEO,0.788021,0.925576,0.038231,0.08758,2,0,0,0,0.39737
329,LEO_1,LEO,0.684337,0.943649,0.079306,0.01819,3,0,0,0,0.807855
330,BS_0,BS,0.663848,0.840851,0.309702,0.196042,1,1,1,3,0.290561
330,BS_1,BS,0.74544,0.852218,0.19378,0.218467,1,1,1,3,0.0
330,BS_2,BS,0.581214,0.837446,0.442637,0.29913,1,1,1,2,0.0
330,BS_3,BS,0.807097,0.863397,0.114312,0.172806,1,1,1,2,0.716296
330,BS_4,BS,0.736485,0.837884,0.205866,0.210956,1,1,1,3,0.0
330,HAP_0,HAP,0.803056,0.926309,0.119331,0.090574,1,1,1,0,0.368137
330,HAP_1,HAP,0.670747,0.93638,0.099363,0.03536,3,0,0,0,0.604481
330,HAP_2,HAP,0.588877,0.842027,0.429537,0.307764,1,1,1,3,0.262291
330,LEO_0,LEO,0.740429,0.935991,0.000526,0.070064,3,0,0,0,0.45802
330,LEO_1,LEO,0.767786,0.94079,0.164244,0.026691,1,1,1,0,0.336156
331,BS_0,BS,0.652873,0.838099,0.326373,0.204767,1,1,1,4,0.324006
331,BS_1,BS,0.765636,0.861356,0.167049,0.187331,1,1,1,2,0.37275
331,BS_2,BS,0.532156,0.824973,0.530819,0.3661,1,1,1,2,0.0
331,BS_3,BS,0.706787,0.860933,0.247027,0.165704,1,1,1,3,0.473084
331,BS_4,BS,0.400528,0.815162,0.81497,0.467645,1,1,1,1,0.0
331,HAP_0,HAP,0.792703,0.926861,0.132307,0.080337,1,1,1,0,0.68334
331,HAP_1,HAP,0.717954,0.93102,0.231349,0.052373,1,1,1,0,0.370851
331,HAP_2,HAP,0.596436,0.838243,0.416783,0.32438,1,1,1,3,0.490934
331,LEO_0,LEO,0.617172,0.93815,0.082608,0.059122,4,0,0,0,0.599756
331,LEO_1,LEO,0.787392,0.946108,0.039029,0.022038,2,0,0,0,0.415898
332,BS_0,BS,0.63723,0.834441,0.350624,0.219136,1,1,1,3,0.46361
332,BS_1,BS,0.589846,0.849332,0.427893,0.232256,1,1,1,3,0.733059
332,BS_2,BS,0.683831,0.833603,0.280045,0.328171,1,1,1,3,0.0
332,BS_3,BS,0.702523,0.858569,0.253077,0.161385,1,1,1,3,0.484527
332,BS_4,BS,0.53015,0.806804,0.534596,0.502722,1,1,1,3,0.0
332,HAP_0,HAP,0.760228,0.930078,0.074137,0.066743,2,0,0,0,0.714166
332,HAP_1,HAP,0.743418,0.935576,0.096496,0.046089,2,0,0,0,0.326171
332,HAP_2,HAP,0.645076,0.838176,0.338387,0.311031,1,1,1,3,0.582428
332,LEO_0,LEO,0.823351,0.938996,0.094373,0.051306,1,1,0,0,0.590641
332,LEO_1,LEO,0.679534,0.948233,0.086348,0.020986,3,0,0,0,0.329494
333,BS_0,BS,0.648539,0.832571,0.333034,0.225219,1,1,1,3,0.0
333,BS_1,BS,0.792045,0.858741,0.133137,0.193782,1,1,1,2,0.0
333,BS_2,BS,0.809504,0.849118,0.111334,0.268115,1,1,1,3,0.0
333,BS_3,BS,0.539979,0.842899,0.516225,0.249028,1,1,1,2,0.545875
333,BS_4,BS,0.668835,0.81266,0.302218,0.443279,1,1,1,3,0.0
333,HAP_0,HAP,0.72761,0.921862,0.21799,0.074778,1,1,1,0,0.966014
333,HAP_1,HAP,0.704877,0.939833,0.049732,0.037984,3,0,0,0,0.619184
333,HAP_2,HAP,0.702512,0.84455,0.253092,0.27765,1,1,1,3,0.345245
333,LEO_0,LEO,0.641503,0.919822,0.343942,0.094278,1,1,1,0,1.19573
333,LEO_1,LEO,0.80871,0.948765,0.112315,0.022465,1,1,1,0,0.298549
334,BS_0,BS,0.643321,0.83059,0.341111,0.232535,1,1,1,4,0.41393
334,BS_1,BS,0.476759,0.842516,0.640743,0.339774,1,1,1,1,0.0
334,BS_2,BS,0.712105,0.850706,0.239529,0.24031,1,1,1,2,0.553666
334,BS_3,BS,0.593688,0.841,0.421401,0.279133,1,1,1,2,0.0
334,BS_4,BS,0.679846,0.818045,0.28589,0.391403,1,1,1,3,0.0
334,HAP_0,HAP,0.755297,0.925394,0.080644,0.062749,2,0,0,0,0.679114
334,HAP_1,HAP,0.628743,0.944088,0.064033,0.032232,4,0,0,0,0.351039
334,HAP_2,HAP,0.698938,0.847779,0.258194,0.252119,1,1,1,3,0.384051
334,LEO_0,LEO,0.782495,0.919614,0.145268,0.084918,1,1,1,0,0.672475
334,LEO_1,LEO,0.673288,0.933423,0.295582,0.057288,1,1,1,0,0.904622
335,BS_0,BS,0.647587,0.829402,0.334503,0.23638,1,1,1,4,0.744384
335,BS_1,BS,0.73072,0.854978,0.213725,0.292374,1,1,1,2,0.0
335,BS_2,BS,0.560819,0.841787,0.478357,0.29522,1,1,1,1,0.660134
335,BS_3,BS,0.574931,0.832651,0.453505,0.315856,1,1,1,2,0.0
335,BS_4,BS,0.653779,0.819951,0.324986,0.36065,1,1,1,3,0.0
335,HAP_0,HAP,0.710388,0.920961,0.241943,0.076541,1,1,1,0,0.423269
335,HAP_1,HAP,0.894689,0.949865,0.011279,0.025843,1,1,0,0,0.492614
335,HAP_2,HAP,0.684717,0.851299,0.278749,0.236661,1,1,1,2,0.55316
335,LEO_0,LEO,0.788937,0.92156,0.137068,0.076389,1,1,1,0,0.550218
335,LEO_1,LEO,0.779177,0.937544,0.049517,0.046934,2,0,0,0,0.581668
336,BS_0,BS,0.647837,0.828475,0.334116,0.239339,1,1,1,4,0.0
336,BS_1,BS,0.455551,0.829566,0.686247,0.44582,1,1,1,3,0.0
336,BS_2,BS,0.563401,0.833771,0.473763,0.337179,1,1,1,3,0.0
336,BS_3,BS,0.753295,0.844509,0.183299,0.267804,1,1,1,2,0.0
336,BS_4,BS,0.648843,0.821527,0.332564,0.338289,1,1,1,3,0.0
336,HAP_0,HAP,0.762287,0.927991,0.071432,0.063529,2,0,0,0,0.440551
336,HAP_1,HAP,0.628573,0.927807,0.364303,0.080397,1,1,1,0,1.16013
336,HAP_2,HAP,0.607507,0.850057,0.398392,0.260751,1,1,1,1,0.311815
336,LEO_0,LEO,0.742521,0.926533,0.097704,0.065407,2,0,0,0,0.45893
336,LEO_1,LEO,0.67501,0.938882,0.093027,0.041442,3,0,0,0,0.540823
337,BS_0,BS,0.584608,0.821717,0.436813,0.277334,1,1,1,2,0.421802
337,BS_1,BS,0.672263,0.831178,0.297106,0.396378,1,1,1,3,0.314736
337,BS_2,BS,0.641423,0.832698,0.344067,0.323015,1,1,1,3,0.0
337,BS_3,BS,0.654172,0.842021,0.324385,0.261595,1,1,1,3,0.722433
337,BS_4,BS,0.585369,0.819803,0.435513,0.355984,1,1,1,3,0.0
337,HAP_0,HAP,0.700506,0.932633,0.055952,0.052232,3,0,0,0,0.688037
337,HAP_1,HAP,0.674685,0.919904,0.293509,0.103084,1,1,1,0,0.335727
337,HAP_2,HAP,0.477229,0.829032,0.63976,0.392782,1,1,1,4,0.343665
337,LEO_0,LEO,0.698705,0.930518,0.058527,0.053867,3,0,0,0,0.778222
337,LEO_1,LEO,0.780723,0.9375,0.147535,0.042948,1,1,1,0,0.454937
338,BS_0,BS,0.486867,0.809695,0.619765,0.394716,1,1,1,1,0.685634
338,BS_1,BS,0.633098,0.831851,0.357129,0.374496,1,1,1,3,0.0
338,BS_2,BS,0.555869,0.82879,0.487222,0.365235,1,1,1,1,0.0
338,BS_3,BS,0.54688,0.830161,0.503525,0.323368,1,1,1,1,0.72003
338,BS_4,BS,0.752122,0.831409,0.184857,0.300164,1,1,1,2,0.0
338,HAP_0,HAP,0.733391,0.924787,0.210076,0.061645,1,1,1,0,0.92925
338,HAP_1,HAP,0.803899,0.929489,0.018281,0.082618,2,0,0,0,0.548904
338,HAP_2,HAP,0.785952,0.842521,0.140859,0.323154,1,1,1,3,0.496592
338,LEO_0,LEO,0.784522,0.931675,0.14268,0.052255,1,1,1,0,0.342371
338,LEO_1,LEO,0.764684,0.932181,0.168293,0.047104,1,1,1,0,0.846252
339,BS_0,BS,0.510537,0.79932,0.572293,0.463156,1,1,1,3,0.0
339,BS_1,BS,0.732502,0.842291,0.21129,0.319687,1,1,1,3,0.0
339,BS_2,BS,0.719837,0.842512,0.228731,0.315731,1,1,1,1,0.0
339,BS_3,BS,0.60506,0.832156,0.402428,0.331571,1,1,1,1,0.0
339,BS_4,BS,0.693957,0.837899,0.265345,0.271815,1,1,1,3,0.0
339,HAP_0,HAP,0.76561,0.928727,0.067083,0.051341,2,0,0,0,0.666895
339,HAP_1,HAP,0.794677,0.928243,0.12982,0.073678,1,1,1,0,0.811436
339,HAP_2,HAP,0.722194,0.849883,0.225462,0.281398,1,1,1,2,0.464888
339,LEO_0,LEO,0.799466,0.935163,0.123811,0.048702,1,1,1,0,0.239183
339,LEO_1,LEO,0.717767,0.928107,0.23161,0.061822,1,1,1,0,0.274698
340,BS_0,BS,0.689903,0.808364,0.271204,0.403623,1,1,1,4,0.0
340,BS_1,BS,0.741389,0.848438,0.19923,0.273611,1,1,1,2,0.460567
340,BS_2,BS,0.490792,0.823946,0.611734,0.420983,1,1,1,3,0.0
340,BS_3,BS,0.641021,0.834034,0.344693,0.318723,1,1,1,2,0.0
340,BS_4,BS,0.78264,0.850814,0.145082,0.226924,1,1,1,2,0.0
340,HAP_0,HAP,0.646751,0.919786,0.335794,0.091814,1,1,1,0,0.203973
340,HAP_1,HAP,0.747318,0.926818,0.191265,0.075404,1,1,1,0,0.348593
340,HAP_2,HAP,0.646123,0.845749,0.336765,0.276153,1,1,1,3,0.638422
340,LEO_0,LEO,0.760983,0.939524,0.073144,0.041369,2,0,0,0,0.458486
340,LEO_1,LEO,0.752017,0.931674,0.084997,0.052709,2,0,0,0,0.620396
341,BS_0,BS,0.688979,0.815374,0.272545,0.356325,1,1,1,4,0.557295
341,BS_1,BS,0.742185,0.852173,0.198157,0.236559,1,1,1,2,0.693894
341,BS_2,BS,0.683126,0.827621,0.281076,0.372339,1,1,1,3,0.0
341,BS_3,BS,0.674148,0.842341,0.294306,0.293955,1,1,1,1,0.0
341,BS_4,BS,0.692833,0.850473,0.266966,0.213611,1,1,1,2,0.757183
341,HAP_0,HAP,0.796417,0.930531,0.027632,0.073794,2,0,0,0,0.378852
341,HAP_1,HAP,0.774413,0.934076,0.055649,0.061717,2,0,0,0,0.397436
341,HAP_2,HAP,0.743625,0.850036,0.196218,0.238248,1,1,1,3,0.746416
341,LEO_0,LEO,0.742002,0.933618,0.198404,0.050809,1,1,1,0,0.656633
341,LEO_1,LEO,0.772387,0.929032,0.15827,0.053439,1,1,1,0,0.708539
342,BS_0,BS,0.650403,0.817497,0.330164,0.334114,1,1,1,4,0.64882
342,BS_1,BS,0.733353,0.854193,0.210129,0.209116,1,1,1,3,0.618833
342,BS_2,BS,0.675596,0.829633,0.29216,0.336282,1,1,1,3,0.0
342,BS_3,BS,0.657894,0.843131,0.318712,0.280874,1,1,1,2,0.318806
342,BS_4,BS,0.654503,0.846114,0.323879,0.218093,1,1,1,3,0.0
342,HAP_0,HAP,0.786798,0.929886,0.139784,0.067828,1,1,1,0,0.677936
342,HAP_1,HAP,0.71449,0.940758,0.036186,0.049963,3,0,0,0,0.440454
342,HAP_2,HAP,0.601108,0.845443,0.40898,0.265868,1,1,1,2,0.546661
342,LEO_0,LEO,0.808986,0.940854,0.011974,0.040712,2,0,0,0,0.512807
342,LEO_1,LEO,0.772911,0.932571,0.057592,0.044244,2,0,0,0,0.729695
343,BS_0,BS,0.585437,0.81446,0.435397,0.352598,1,1,1,3,0.278601
343,BS_1,BS,0.705428,0.85343,0.24895,0.195182,1,1,1,4,0.340911
343,BS_2,BS,0.59388,0.826501,0.421079,0.348814,1,1,1,2,0.0
343,BS_3,BS,0.796719,0.854893,0.127254,0.231986,1,1,1,2,0.349142
343,BS_4,BS,0.644911,0.845558,0.338643,0.22608,1,1,1,2,0.0
343,HAP_0,HAP,0.790359,0.935532,0.035267,0.054822,2,0,0,0,0.628862
343,HAP_1,HAP,0.656379,0.946156,0.021018,0.040169,4,0,0,0,0.540411
343,HAP_2,HAP,0.629917,0.842847,0.362166,0.271718,1,1,1,4,0.457084
343,LEO_0,LEO,0.728763,0.930952,0.216407,0.053644,1,1,1,0,0.960393
343,LEO_1,LEO,0.677843,0.935723,0.08884,0.038947,3,0,0,0,0.445408
344,BS_0,BS,0.727793,0.823821,0.217738,0.303413,1,1,1,4,0.414193
344,BS_1,BS,0.674022,0.850077,0.294492,0.195172,1,1,1,3,0.432079
344,BS_2,BS,0.707453,0.832047,0.246084,0.306302,1,1,1,3,0.327222
344,BS_3,BS,0.686322,0.852934,0.276408,0.21997,1,1,1,2,0.591799
344,BS_4,BS,0.688543,0.848475,0.273177,0.214446,1,1,1,2,0.53022
344,HAP_0,HAP,0.717361,0.941245,0.032177,0.044324,3,0,0,0,0.499663
344,HAP_1,HAP,0.821833,0.94772,0.096218,0.036301,1,1,0,0,0.299143
344,HAP_2,HAP,0.713923,0.849208,0.23698,0.242647,1,1,1,3,0.43821
344,LEO_0,LEO,0.760448,0.92884,0.173847,0.056515,1,1,1,0,0.467633
344,LEO_1,LEO,0.734628,0.932865,0.208392,0.0507,1,1,1,0,0.276162
345,BS_0,BS,0.695008,0.82829,0.263832,0.274053,1,1,1,4,0.381498
345,BS_1,BS,0.628699,0.844952,0.364103,0.215795,1,1,1,3,0.0
345,BS_2,BS,0.676849,0.833438,0.290307,0.282966,1,1,1,2,0.0
345,BS_3,BS,0.706601,0.852631,0.247288,0.203494,1,1,1,2,0.372846
345,BS_4,BS,0.678897,0.849,0.287286,0.208696,1,1,1,3,0.0
345,HAP_0,HAP,0.654347,0.946179,0.024118,0.035721,4,0,0,0,0.540064
345,HAP_1,HAP,0.500203,0.910001,0.592742,0.187146,1,1,1,0,1.490579
345,HAP_2,HAP,0.67165,0.848748,0.298018,0.234084,1,1,1,3,0.432603
345,LEO_0,LEO,0.759813,0.933699,0.074683,0.047722,2,0,0,0,0.47422
345,LEO_1,LEO,0.785058,0.931807,0.141997,0.049633,1,1,1,0,0.665385
346,BS_0,BS,0.6634,0.829022,0.310377,0.262593,1,1,1,4,0.70507
346,BS_1,BS,0.706051,0.846425,0.248068,0.200328,1,1,1,3,0.414093
346,BS_2,BS,0.633489,0.832583,0.356513,0.283569,1,1,1,2,0.0
346,BS_3,BS,0.424526,0.827961,0.756781,0.420518,1,1,1,1,0.498224
346,BS_4,BS,0.732589,0.852021,0.211171,0.187024,1,1,1,2,0.769515
346,HAP_0,HAP,0.843079,0.948029,0.070695,0.030826,1,1,0,0,0.449711
346,HAP_1,HAP,0.678115,0.904188,0.288439,0.187155,1,1,1,0,0.497984
346,HAP_2,HAP,0.78167,0.856946,0.146323,0.196902,1,1,1,3,0.550187
346,LEO_0,LEO,0.715219,0.93831,0.035166,0.038734,3,0,0,0,0.695154
346,LEO_1,LEO,0.811531,0.939244,0.008833,0.039742,2,0,0,0,0.55982
347,BS_0,BS,0.633481,0.827445,0.356526,0.267274,1,1,1,3,0.0
347,BS_1,BS,0.694644,0.846348,0.264356,0.19171,1,1,1,4,0.221878
347,BS_2,BS,0.697838,0.835925,0.259768,0.257221,1,1,1,3,0.0
347,BS_3,BS,0.578663,0.823198,0.447035,0.426343,1,1,1,2,0.0
347,BS_4,BS,0.513303,0.840905,0.566888,0.294232,1,1,1,1,0.0
347,HAP_0,HAP,0.790557,0.943413,0.135017,0.032864,1,1,1,0,0.746845
347,HAP_1,HAP,0.699068,0.904369,0.258008,0.17968,1,1,1,0,0.275004
347,HAP_2,HAP,0.664067,0.856948,0.309372,0.200591,1,1,1,2,0.482661
347,LEO_0,LEO,0.640411,0.942582,0.045645,0.031925,4,0,0,0,0.50244
347,LEO_1,LEO,0.705494,0.927192,0.248857,0.059662,1,1,1,0,1.017203
348,BS_0,BS,0.608781,0.824474,0.396297,0.284492,1,1,1,2,0.336154
348,BS_1,BS,0.666124,0.843716,0.30628,0.195582,1,1,1,3,0.0
348,BS_2,BS,0.587859,0.832024,0.431268,0.289473,1,1,1,2,0.0
348,BS_3,BS,0.781921,0.839892,0.146002,0.350667,1,1,1,2,0.0
348,BS_4,BS,0.586199,0.843034,0.434095,0.320183,1,1,1,1,0.0
348,HAP_0,HAP,0.801636,0.939144,0.1211,0.03289,1,1,1,0,0.867343
348,HAP_1,HAP,0.816852,0.919048,0.002297,0.143746,2,0,0,0,0.451184
348,HAP_2,HAP,0.592671,0.846184,0.423116,0.241035,1,1,1,4,0.534123
348,LEO_0,LEO,0.844176,0.94493,0.069394,0.027707,1,1,0,0,0.488213
348,LEO_1,LEO,0.766816,0.93028,0.065509,0.049661,2,0,0,0,0.711043
349,BS_0,BS,0.782195,0.83815,0.145651,0.23714,1,1,1,2,0.0
349,BS_1,BS,0.644725,0.839639,0.338932,0.208159,1,1,1,4,0.0
349,BS_2,BS,0.664638,0.838657,0.308513,0.27441,1,1,1,2,0.0
349,BS_3,BS,0.689746,0.842203,0.271432,0.313687,1,1,1,1,0.729016
349,BS_4,BS,0.396127,0.812902,0.826021,0.563186,1,1,1,2,0.0
349,HAP_0,HAP,0.79816,0.937713,0.125447,0.033394,1,1,1,0,0.551431
349,HAP_1,HAP,0.727766,0.930163,0.017776,0.115139,3,0,0,0,0.393336
349,HAP_2,HAP,0.709106,0.847525,0.24375,0.219565,1,1,1,4,0.572416
349,LEO_0,LEO,0.808703,0.949841,0.012324,0.022234,2,0,0,0,0.546249
349,LEO_1,LEO,0.754438,0.927519,0.181782,0.054599,1,1,1,0,0.536261
350,BS_0,BS,0.613762,0.838508,0.388149,0.257509,1,1,1,2,0.0
350,BS_1,BS,0.648273,0.836706,0.333444,0.21656,1,1,1,5,0.0
350,BS_2,BS,0.832774,0.856302,0.082993,0.222627,1,1,1,2,0.0
350,BS_3,BS,0.722692,0.849639,0.224772,0.273685,1,1,1,2,0.0
350,BS_4,BS,0.658669,0.8175,0.317534,0.495922,1,1,1,2,0.0
350,HAP_0,HAP,0.780534,0.940135,0.047778,0.027742,2,0,0,0,0.744182
350,HAP_1,HAP,0.818719,0.935354,0.100015,0.096613,1,1,1,0,0.246665
350,HAP_2,HAP,0.758213,0.853889,0.176791,0.189717,1,1,1,3,0.589236
350,LEO_0,LEO,0.549646,0.917307,0.498481,0.129605,1,1,1,0,1.447968
350,LEO_1,LEO,0.743982,0.931363,0.095739,0.047804,2,0,0,0,0.468521
351,BS_0,BS,0.716173,0.844008,0.233833,0.230612,1,1,1,2,0.414782
351,BS_1,BS,0.638645,0.83346,0.348406,0.227872,1,1,1,4,0.0
351,BS_2,BS,0.596863,0.846148,0.416068,0.256002,1,1,1,3,0.606534
351,BS_3,BS,0.703993,0.851957,0.250987,0.247295,1,1,1,2,0.0
351,BS_4,BS,0.613881,0.821118,0.387954,0.464466,1,1,1,2,0.0
351,HAP_0,HAP,0.714033,0.942894,0.036826,0.022804,3,0,0,0,0.696323
351,HAP_1,HAP,0.676377,0.923383,0.291004,0.115398,1,1,1,0,0.860643
351,HAP_2,HAP,0.686266,0.855934,0.276489,0.186174,1,1,1,3,0.40804
351,LEO_0,LEO,0.690193,0.910499,0.270784,0.13668,1,1,1,0,0.571009
351,LEO_1,LEO,0.81462,0.93402,0.105033,0.043207,1,1,1,0,0.473363
352,BS_0,BS,0.8043,0.854671,0.117783,0.190733,1,1,1,2,0.543153
352,BS_1,BS,0.641755,0.831155,0.343549,0.235409,1,1,1,4,0.0
352,BS_2,BS,0.696827,0.84646,0.261218,0.235508,1,1,1,3,0.0
352,BS_3,BS,0.708265,0.854186,0.244937,0.224834,1,1,1,2,0.493288
352,BS_4,BS,0.634088,0.821639,0.355568,0.428466,1,1,1,3,0.0
352,HAP_0,HAP,0.616953,0.94413,0.082962,0.021341,4,0,0,0,0.475827
352,HAP_1,HAP,0.802751,0.931252,0.019711,0.092493,2,0,0,0,0.59793
352,HAP_2,HAP,0.607939,0.846769,0.397681,0.220107,1,1,1,4,0.361657
352,LEO_0,LEO,0.760505,0.917168,0.073773,0.111793,2,0,0,0,0.673159
352,LEO_1,LEO,0.777669,0.930773,0.151454,0.044888,1,1,1,0,0.800212
353,BS_0,BS,0.588205,0.843203,0.43068,0.236055,1,1,1,4,0.962825
353,BS_1,BS,0.639468,0.829097,0.347118,0.242548,1,1,1,4,0.612528
353,BS_2,BS,0.45435,0.827985,0.688887,0.401961,1,1,1,2,0.0
353,BS_3,BS,0.798321,0.862398,0.125244,0.186926,1,1,1,2,0.593501
353,BS_4,BS,0.530602,0.817271,0.533743,0.470969,1,1,1,3,0.0
353,HAP_0,HAP,0.793053,0.942918,0.131865,0.024897,1,1,1,0,0.429054
353,HAP_1,HAP,0.738146,0.923164,0.203614,0.092651,1,1,1,0,1.045882
353,HAP_2,HAP,0.753465,0.85368,0.183073,0.191168,1,1,1,3,0.601365
353,LEO_0,LEO,0.788285,0.919617,0.137896,0.097991,1,1,1,0,0.560283
353,LEO_1,LEO,0.761661,0.934466,0.072253,0.03826,2,0,0,0,0.543269
354,BS_0,BS,0.740231,0.847576,0.200793,0.206987,1,1,1,3,0.530543
354,BS_1,BS,0.4866,0.814982,0.620314,0.367194,1,1,1,2,0.348775
354,BS_2,BS,0.608395,0.825003,0.396931,0.392468,1,1,1,3,0.300108
354,BS_3,BS,0.775973,0.867409,0.153638,0.160163,1,1,1,1,0.617935
354,BS_4,BS,0.698173,0.825546,0.259289,0.407029,1,1,1,2,0.410258
354,HAP_0,HAP,0.780805,0.942831,0.14743,0.029699,1,1,1,0,0.220411
354,HAP_1,HAP,0.711242,0.918687,0.240743,0.100201,1,1,1,0,0.434387
354,HAP_2,HAP,0.750998,0.859947,0.186352,0.168561,1,1,1,2,0.529326
354,LEO_0,LEO,0.802993,0.924063,0.119409,0.084809,1,1,1,0,0.412149
354,LEO_1,LEO,0.705984,0.938505,0.048162,0.031652,3,0,0,0,0.626894
355,BS_0,BS,0.691759,0.846962,0.268517,0.198035,1,1,1,3,0.0
355,BS_1,BS,0.662119,0.819032,0.31231,0.337647,1,1,1,4,0.0
355,BS_2,BS,0.700867,0.829962,0.255437,0.343336,1,1,1,3,0.0
355,BS_3,BS,0.611908,0.856703,0.391174,0.196988,1,1,1,2,0.0
355,BS_4,BS,0.746169,0.839605,0.192804,0.342351,1,1,1,3,0.0
355,HAP_0,HAP,0.809473,0.942811,0.111372,0.029341,1,1,1,0,0.529915
355,HAP_1,HAP,0.779005,0.92209,0.149738,0.090251,1,1,1,0,0.349455
355,HAP_2,HAP,0.713791,0.860536,0.237165,0.16016,1,1,1,2,0.736023
355,LEO_0,LEO,0.783943,0.93117,0.043419,0.068696,2,0,0,0,0.572775
355,LEO_1,LEO,0.807348,0.938773,0.114,0.031169,1,1,1,0,0.494413
356,BS_0,BS,0.588311,0.836742,0.4305,0.241826,1,1,1,3,0.729601
356,BS_1,BS,0.711774,0.825982,0.239995,0.296036,1,1,1,4,0.757151
356,BS_2,BS,0.685027,0.832329,0.278297,0.309521,1,1,1,3,0.407549
356,BS_3,BS,0.734083,0.861199,0.209133,0.177271,1,1,1,2,0.203845
356,BS_4,BS,0.720709,0.846577,0.22752,0.297175,1,1,1,1,0.657385
356,HAP_0,HAP,0.761998,0.944426,0.071812,0.025793,2,0,0,0,0.569976
356,HAP_1,HAP,0.816717,0.933236,0.002462,0.072203,2,0,0,0,0.439087
356,HAP_2,HAP,0.694567,0.858541,0.264467,0.159602,1,1,1,3,0.667826
356,LEO_0,LEO,0.684754,0.93421,0.078696,0.057743,3,0,0,0,0.613679
356,LEO_1,LEO,0.809683,0.944985,0.011112,0.024991,2,0,0,0,0.541017
357,BS_0,BS,0.781464,0.846403,0.146586,0.20313,1,1,1,3,0.384298
357,BS_1,BS,0.670347,0.82782,0.29996,0.277318,1,1,1,3,0.293955
357,BS_2,BS,0.66751,0.83438,0.304201,0.289259,1,1,1,3,0.0
357,BS_3,BS,0.788305,0.86694,0.13787,0.150371,1,1,1,2,0.542969
357,BS_4,BS,0.553968,0.833532,0.490649,0.346072,1,1,1,3,0.587373
357,HAP_0,HAP,0.72957,0.950416,0.0153,0.02074,3,0,0,0,0.388065
357,HAP_1,HAP,0.690351,0.939089,0.070555,0.060003,3,0,0,0,0.301106
357,HAP_2,HAP,0.712065,0.858423,0.239587,0.153513,1,1,1,4,0.497521
357,LEO_0,LEO,0.816941,0.93488,0.102189,0.050894,1,1,1,0,0.6445
357,LEO_1,LEO,0.731079,0.949859,0.013234,0.020072,3,0,0,0,0.532657
358,BS_0,BS,0.69675,0.846603,0.261329,0.193236,1,1,1,4,0.43988
358,BS_1,BS,0.648144,0.827244,0.333643,0.271947,1,1,1,4,0.0
358,BS_2,BS,0.702633,0.837682,0.252921,0.260193,1,1,1,3,0.0
358,BS_3,BS,0.563966,0.8581,0.472761,0.220873,1,1,1,2,0.0
358,BS_4,BS,0.692723,0.83594,0.267126,0.308968,1,1,1,3,0.0
358,HAP_0,HAP,0.653329,0.95474,0.025675,0.016889,4,0,0,0,0.401279
358,HAP_1,HAP,0.789061,0.940786,0.136912,0.056437,1,1,1,0,0.202221
358,HAP_2,HAP,0.653856,0.857028,0.324868,0.170303,1,1,1,3,0.424044
358,LEO_0,LEO,0.566928,0.906789,0.467523,0.139075,1,1,1,0,1.473975
358,LEO_1,LEO,0.795177,0.948541,0.129191,0.023568,1,1,1,0,0.316032
359,BS_0,BS,0.477521,0.830234,0.639148,0.338418,1,1,1,2,0.236155
359,BS_1,BS,0.649764,0.826927,0.331146,0.266904,1,1,1,4,0.0
359,BS_2,BS,0.647461,0.835135,0.334697,0.258565,1,1,1,3,0.665198
359,BS_3,BS,0.714823,0.864079,0.23572,0.201702,1,1,1,2,0.0
359,BS_4,BS,0.702064,0.839623,0.253731,0.276145,1,1,1,3,0.0
359,HAP_0,HAP,0.85442,0.955056,0.057332,0.01499,1,1,0,0,0.560808
359,HAP_1,HAP,0.779831,0.938796,0.148678,0.055097,1,1,1,0,0.557218
359,HAP_2,HAP,0.659633,0.853417,0.316071,0.181198,1,1,1,4,0.523886
359,LEO_0,LEO,0.642723,0.898379,0.342041,0.163907,1,1,1,0,0.48967
359,LEO_1,LEO,0.667539,0.932038,0.304158,0.060485,1,1,1,0,0.978259
360,BS_0,BS,0.768396,0.845735,0.163451,0.282757,1,1,1,2,0.0
360,BS_1,BS,0.632082,0.826352,0.358736,0.271434,1,1,1,3,0.0
360,BS_2,BS,0.736946,0.841236,0.20524,0.225807,1,1,1,3,0.0
360,BS_3,BS,0.691517,0.863892,0.268867,0.193892,1,1,1,2,0.223079
360,BS_4,BS,0.422411,0.818339,0.761777,0.482053,1,1,1,1,0.279179
360,HAP_0,HAP,0.596967,0.927728,0.415893,0.089827,1,1,1,0,1.28798
360,HAP_1,HAP,0.701475,0.927478,0.25457,0.07324,1,1,1,0,0.91276
360,HAP_2,HAP,0.743473,0.859581,0.196422,0.16232,1,1,1,2,0.421837
360,LEO_0,LEO,0.696226,0.899353,0.262081,0.162034,1,1,1,0,0.289863
360,LEO_1,LEO,0.75563,0.929889,0.180204,0.063001,1,1,1,0,0.402569
361,BS_0,BS,0.54607,0.832558,0.505008,0.34097,1,1,1,4,0.329739
361,BS_1,BS,0.68885,0.829984,0.272732,0.25062,1,1,1,3,0.0
361,BS_2,BS,0.685186,0.841393,0.278065,0.21544,1,1,1,3,0.0
361,BS_3,BS,0.789511,0.873973,0.136341,0.163479,1,1,1,2,0.0
361,BS_4,BS,0.676407,0.826819,0.290961,0.423738,1,1,1,2,0.0
361,HAP_0,HAP,0.67718,0.919025,0.289818,0.109659,1,1,1,0,0.436952
361,HAP_1,HAP,0.75486,0.930807,0.081223,0.061561,2,0,0,0,0.58069
361,HAP_2,HAP,0.644519,0.853036,0.339252,0.181647,1,1,1,4,0.552896
361,LEO_0,LEO,0.787342,0.913312,0.039093,0.130315,2,0,0,0,0.387471
361,LEO_1,LEO,0.814278,0.938195,0.005453,0.050414,2,0,0,0,0.550309
362,BS_0,BS,0.709415,0.837003,0.243314,0.299417,1,1,1,3,0.0
362,BS_1,BS,0.635212,0.830084,0.353796,0.256823,1,1,1,3,0.0
362,BS_2,BS,0.379853,0.814666,0.86797,0.51137,1,1,1,1,0.0
362,BS_3,BS,0.714134,0.872957,0.236685,0.155992,1,1,1,2,0.631045
362,BS_4,BS,0.612421,0.824476,0.390335,0.407553,1,1,1,3,0.0
362,HAP_0,HAP,0.750139,0.924645,0.087497,0.091172,2,0,0,0,0.52145
362,HAP_1,HAP,0.690755,0.933976,0.069971,0.051452,3,0,0,0,0.65134
362,HAP_2,HAP,0.836603,0.86287,0.078406,0.148084,1,1,0,4,0.525336
362,LEO_0,LEO,0.751831,0.912345,0.185244,0.119694,1,1,1,0,0.803107
362,LEO_1,LEO,0.690853,0.924849,0.269828,0.073094,1,1,1,0,1.054991
363,BS_0,BS,0.664066,0.836151,0.309374,0.282604,1,1,1,4,0.635182
363,BS_1,BS,0.703697,0.834447,0.251408,0.233901,1,1,1,4,0.0
363,BS_2,BS,0.542378,0.807751,0.511792,0.526965,1,1,1,3,0.0
363,BS_3,BS,0.656596,0.864721,0.320687,0.171071,1,1,1,2,0.559176
363,BS_4,BS,0.69835,0.829327,0.259035,0.356237,1,1,1,3,0.0
363,HAP_0,HAP,0.777301,0.926241,0.151928,0.083325,1,1,1,0,0.411718
363,HAP_1,HAP,0.66029,0.925482,0.315076,0.085834,1,1,1,0,0.187548
363,HAP_2,HAP,0.872917,0.87317,0.035915,0.119048,1,1,0,4,1.24693
363,LEO_0,LEO,0.74545,0.919023,0.093768,0.099712,2,0,0,0,0.4737
363,LEO_1,LEO,0.668372,0.91754,0.302911,0.099765,1,1,1,0,0.282617
364,BS_0,BS,0.656817,0.834722,0.32035,0.272264,1,1,1,3,0.0
364,BS_1,BS,0.676877,0.835235,0.290265,0.225035,1,1,1,3,0.56404
364,BS_2,BS,0.738213,0.822619,0.203522,0.440211,1,1,1,3,0.0
364,BS_3,BS,0.702924,0.865984,0.252506,0.165549,1,1,1,2,0.299386
364,BS_4,BS,0.538242,0.822446,0.519447,0.406411,1,1,1,2,0.0
364,HAP_0,HAP,0.712031,0.918206,0.239634,0.092501,1,1,1,0,0.942167
364,HAP_1,HAP,0.793729,0.93525,0.031013,0.0691,2,0,0,0,0.339466
364,HAP_2,HAP,0.859408,0.880451,0.051511,0.096432,1,1,0,4,1.322124
364,LEO_0,LEO,0.704615,0.924826,0.050103,0.080899,3,0,0,0,0.792514
364,LEO_1,LEO,0.797784,0.927015,0.025918,0.080115,2,0,0,0,0.578633
365,BS_0,BS,0.650546,0.832985,0.329943,0.2668,1,1,1,4,0.0
365,BS_1,BS,0.580112,0.82998,0.444533,0.268952,1,1,1,2,0.0
365,BS_2,BS,0.681318,0.826798,0.283727,0.388394,1,1,1,3,0.604313
365,BS_3,BS,0.688987,0.867689,0.272532,0.165862,1,1,1,1,0.326194
365,BS_4,BS,0.717675,0.831175,0.231739,0.349295,1,1,1,3,0.0
365,HAP_0,HAP,0.817835,0.922325,0.101095,0.0786,1,1,1,0,0.561494
365,HAP_1,HAP,0.714477,0.941745,0.036204,0.05587,3,0,0,0,0.453497
365,HAP_2,HAP,0.757958,0.884734,0.077128,0.079823,2,0,0,4,1.169675
365,LEO_0,LEO,0.654649,0.932163,0.023655,0.064971,4,0,0,0,0.600265
365,LEO_1,LEO,0.674945,0.932348,0.093124,0.067994,3,0,0,0,0.322993
366,BS_0,BS,0.648799,0.831431,0.332633,0.26323,1,1,1,3,0.0
366,BS_1,BS,0.704946,0.834699,0.249634,0.243205,1,1,1,4,0.0
366,BS_2,BS,0.589527,0.825397,0.428435,0.393316,1,1,1,2,0.0
366,BS_3,BS,0.658297,0.868263,0.318099,0.178224,1,1,1,1,0.0
366,BS_4,BS,0.716893,0.836394,0.232828,0.30383,1,1,1,3,0.460413
366,HAP_0,HAP,0.576654,0.897595,0.450513,0.154213,1,1,1,0,1.797156
366,HAP_1,HAP,0.607305,0.942252,0.098724,0.049082,4,0,0,0,0.545517
366,HAP_2,HAP,0.762161,0.88432,0.171597,0.077109,1,1,1,3,0.496996
366,LEO_0,LEO,0.786601,0.932794,0.140035,0.060801,1,1,1,0,0.409713
366,LEO_1,LEO,0.800879,0.935313,0.122045,0.061098,1,1,1,0,0.313406
367,BS_0,BS,0.64624,0.82995,0.336584,0.261564,1,1,1,4,0.0
367,BS_1,BS,0.674399,0.835262,0.293933,0.233442,1,1,1,3,0.631656
367,BS_2,BS,0.820306,0.843775,0.098077,0.318982,1,1,1,2,0.0
367,BS_3,BS,0.682598,0.871937,0.281849,0.178327,1,1,1,1,0.0
367,BS_4,BS,0.704958,0.839223,0.249617,0.271103,1,1,1,3,0.0
367,HAP_0,HAP,0.62162,0.889298,0.375426,0.186795,1,1,1,0,0.450609
367,HAP_1,HAP,0.847806,0.945179,0.065104,0.041173,1,1,0,0,0.459033
367,HAP_2,HAP,0.784148,0.886581,0.143158,0.070909,1,1,1,3,0.358642
367,LEO_0,LEO,0.76828,0.93842,0.063601,0.050461,2,0,0,0,0.386617
367,LEO_1,LEO,0.538179,0.905675,0.519564,0.170354,1,1,1,0,1.344201
368,BS_0,BS,0.591331,0.826242,0.425379,0.290677,1,1,1,3,0.0
368,BS_1,BS,0.742988,0.842763,0.197075,0.204231,1,1,1,3,0.0
368,BS_2,BS,0.689138,0.847609,0.272314,0.288555,1,1,1,2,0.529072
368,BS_3,BS,0.658532,0.871093,0.317742,0.188093,1,1,1,1,0.0
368,BS_4,BS,0.662478,0.83769,0.311767,0.260622,1,1,1,3,0.550293
368,HAP_0,HAP,0.828269,0.900082,0.088417,0.152954,1,1,1,0,0.600186
368,HAP_1,HAP,0.691623,0.931468,0.268714,0.065432,1,1,1,0,0.951067
368,HAP_2,HAP,0.747755,0.883366,0.19068,0.073089,1,1,1,3,0.533375
368,LEO_0,LEO,0.672313,0.938505,0.097032,0.044606,3,0,0,0,0.701151
368,LEO_1,LEO,0.662126,0.900643,0.312299,0.180172,1,1,1,0,0.359814
369,BS_0,BS,0.707567,0.831799,0.245923,0.259757,1,1,1,3,0.0
369,BS_1,BS,0.712435,0.845142,0.239066,0.189104,1,1,1,4,0.733418
369,BS_2,BS,0.561798,0.835276,0.476613,0.333066,1,1,1,3,0.0
369,BS_3,BS,0.689435,0.87545,0.271882,0.183739,1,1,1,1,0.0
369,BS_4,BS,0.654598,0.835731,0.323734,0.255659,1,1,1,3,0.0
369,HAP_0,HAP,0.576688,0.879964,0.450454,0.213672,1,1,1,0,1.482942
369,HAP_1,HAP,0.662636,0.92341,0.311529,0.096018,1,1,1,0,0.170297
369,HAP_2,HAP,0.715955,0.879103,0.234138,0.08314,1,1,1,2,0.802995
369,LEO_0,LEO,0.619453,0.942299,0.078919,0.038487,4,0,0,0,0.311006
369,LEO_1,LEO,0.779543,0.907711,0.149048,0.154135,1,1,1,0,0.353541
370,BS_0,BS,0.665991,0.832163,0.306479,0.250074,1,1,1,2,0.315393
370,BS_1,BS,0.668008,0.842962,0.303455,0.192721,1,1,1,3,0.270006
370,BS_2,BS,0.524166,0.82795,0.545946,0.400579,1,1,1,2,0.0
370,BS_3,BS,0.542441,0.857939,0.511676,0.264806,1,1,1,1,0.746793
370,BS_4,BS,0.649849,0.833725,0.331015,0.253835,1,1,1,3,0.712559
370,HAP_0,HAP,0.629309,0.875908,0.363133,0.230277,1,1,1,0,0.457596
370,HAP_1,HAP,0.797769,0.933554,0.025936,0.077117,2,0,0,0,0.375467
370,HAP_2,HAP,0.690129,0.872322,0.270877,0.099531,1,1,1,4,0.662773
370,LEO_0,LEO,0.886397,0.947341,0.02059,0.030981,1,1,0,0,0.563567
370,LEO_1,LEO,0.777125,0.91795,0.052154,0.124532,2,0,0,0,0.539693
371,BS_0,BS,0.658958,0.831727,0.317096,0.245306,1,1,1,3,0.0
371,BS_1,BS,0.650091,0.839542,0.330643,0.203373,1,1,1,4,0.0
371,BS_2,BS,0.74104,0.843066,0.199701,0.338409,1,1,1,1,0.0
371,BS_3,BS,0.638848,0.856071,0.348089,0.26637,1,1,1,2,0.0
371,BS_4,BS,0.407783,0.811841,0.79702,0.488926,1,1,1,2,0.0
371,HAP_0,HAP,0.742002,0.884433,0.198404,0.201936,1,1,1,0,0.391723
371,HAP_1,HAP,0.714496,0.941208,0.036178,0.062283,3,0,0,0,0.342625
371,HAP_2,HAP,0.727275,0.872759,0.218451,0.101099,1,1,1,2,0.442167
371,LEO_0,LEO,0.609647,0.923056,0.394876,0.094952,1,1,1,0,1.258922
371,LEO_1,LEO,0.674213,0.922987,0.094209,0.103619,3,0,0,0,0.587811
372,BS_0,BS,0.451126,0.815111,0.696008,0.414237,1,1,1,2,0.0
372,BS_1,BS,0.642524,0.836095,0.342351,0.215441,1,1,1,4,0.0
372,BS_2,BS,0.499514,0.825343,0.594119,0.429567,1,1,1,3,0.700165
372,BS_3,BS,0.46886,0.840855,0.657451,0.407605,1,1,1,0,0.334467
372,BS_4,BS,0.623565,0.822084,0.372302,0.453514,1,1,1,1,0.0
372,HAP_0,HAP,0.875582,0.900098,0.032866,0.162035,1,1,1,0,0.574915
372,HAP_1,HAP,0.630705,0.946217,0.060917,0.051496,4,0,0,0,0.30008
372,HAP_2,HAP,0.750337,0.875071,0.187232,0.096654,1,1,1,2,0.572047
372,LEO_0,LEO,0.69743,0.91679,0.260353,0.106464,1,1,1,0,0.476147
372,LEO_1,LEO,0.790792,0.923979,0.13472,0.091063,1,1,1,0,0.647997
373,BS_0,BS,0.67042,0.821136,0.299851,0.37185,1,1,1,3,0.0
373,BS_1,BS,0.430744,0.816188,0.742242,0.420268,1,1,1,2,0.0
373,BS_2,BS,0.730412,0.833663,0.214147,0.36429,1,1,1,2,0.0
373,BS_3,BS,0.370801,0.806423,0.892089,0.684204,1,1,1,3,0.0
373,BS_4,BS,0.669046,0.832647,0.301902,0.403827,1,1,1,2,0.0
373,HAP_0,HAP,0.578867,0.881198,0.446682,0.219414,1,1,1,0,1.372914
373,HAP_1,HAP,0.721872,0.942801,0.225907,0.064162,1,1,1,0,0.0
373,HAP_2,HAP,0.717316,0.874866,0.232239,0.101594,1,1,1,3,0.433361
373,LEO_0,LEO,0.711438,0.915796,0.240468,0.111192,1,1,1,0,0.250151
373,LEO_1,LEO,0.757476,0.927427,0.077763,0.075571,2,0,0,0,0.728092
374,BS_0,BS,0.704175,0.827779,0.250728,0.325769,1,1,1,2,0.509071
374,BS_1,BS,0.717689,0.82725,0.231718,0.360376,1,1,1,3,0.0
374,BS_2,BS,0.635078,0.833584,0.354008,0.347827,1,1,1,3,0.200871
374,BS_3,BS,0.633732,0.809224,0.356129,0.604436,1,1,1,3,0.337161
374,BS_4,BS,0.624443,0.834045,0.370896,0.384965,1,1,1,2,0.0
374,HAP_0,HAP,0.603259,0.875977,0.405408,0.249491,1,1,1,0,0.280227
374,HAP_1,HAP,0.770992,0.940938,0.160078,0.062861,1,1,1,0,0.446733
374,HAP_2,HAP,0.711054,0.872948,0.241006,0.107413,1,1,1,3,0.602396
374,LEO_0,LEO,0.741865,0.921313,0.098588,0.093328,2,0,0,0,0.595828
374,LEO_1,LEO,0.717478,0.934577,0.032013,0.060918,3,0,0,0,0.503204
375,BS_0,BS,0.78314,0.83874,0.144444,0.270004,1,1,1,2,0.646266
375,BS_1,BS,0.662887,0.828772,0.311151,0.331868,1,1,1,3,0.425662
375,BS_2,BS,0.745452,0.841617,0.193764,0.295156,1,1,1,3,0.0
375,BS_3,BS,0.698388,0.816931,0.25898,0.51373,1,1,1,3,0.281355
375,BS_4,BS,0.655632,0.838847,0.322155,0.354675,1,1,1,1,0.561356
375,HAP_0,HAP,0.778046,0.888114,0.15097,0.209849,1,1,1,0,0.334716
375,HAP_1,HAP,0.738604,0.934309,0.202994,0.068832,1,1,1,0,0.690345
375,HAP_2,HAP,0.701787,0.869399,0.254125,0.114991,1,1,1,3,0.577353
375,LEO_0,LEO,0.740019,0.933073,0.00108,0.074663,3,0,0,0,0.353946
375,LEO_1,LEO,0.795457,0.93594,0.128839,0.056204,1,1,1,0,0.362822
376,BS_0,BS,0.722473,0.842524,0.225075,0.2388,1,1,1,4,0.269637
376,BS_1,BS,0.669335,0.830057,0.30147,0.306392,1,1,1,3,0.0
376,BS_2,BS,0.446106,0.822388,0.707199,0.461184,1,1,1,1,0.509913
376,BS_3,BS,0.678874,0.821324,0.28732,0.448133,1,1,1,2,0.786292
376,BS_4,BS,0.64316,0.842463,0.341362,0.336177,1,1,1,2,0.0
376,HAP_0,HAP,0.871686,0.903629,0.037326,0.168506,1,1,1,0,0.487524
376,HAP_1,HAP,0.791665,0.935781,0.133617,0.063099,1,1,1,0,0.299573
376,HAP_2,HAP,0.73888,0.86862,0.20262,0.110468,1,1,1,4,0.648024
376,LEO_0,LEO,0.806093,0.933862,0.115557,0.065739,1,1,1,0,0.610014
376,LEO_1,LEO,0.802439,0.94347,0.0201,0.045145,2,0,0,0,0.409759
377,BS_0,BS,0.687954,0.842584,0.274034,0.224832,1,1,1,4,0.614408
377,BS_1,BS,0.631423,0.829748,0.35978,0.303362,1,1,1,3,0.0
377,BS_2,BS,0.673915,0.832057,0.294652,0.408016,1,1,1,2,0.0
377,BS_3,BS,0.777532,0.832965,0.15163,0.368853,1,1,1,3,0.539435
377,BS_4,BS,0.568072,0.842714,0.465507,0.366455,1,1,1,1,0.0
377,HAP_0,HAP,0.808777,0.909976,0.112233,0.140473,1,1,1,0,0.658643
377,HAP_1,HAP,0.754885,0.938486,0.08119,0.053446,2,0,0,0,0.56724
377,HAP_2,HAP,0.702237,0.868179,0.253485,0.117289,1,1,1,3,0.391366
377,LEO_0,LEO,0.799797,0.940721,0.023398,0.052838,2,0,0,0,0.479071
377,LEO_1,LEO,0.716044,0.947847,0.034014,0.036637,3,0,0,0,0.509097
378,BS_0,BS,0.65956,0.840098,0.316183,0.224853,1,1,1,4,0.0
378,BS_1,BS,0.695952,0.833508,0.262475,0.273692,1,1,1,4,0.0
378,BS_2,BS,0.5038,0.816876,0.585575,0.480717,1,1,1,3,0.0
378,BS_3,BS,0.332871,0.801377,1.0,0.950358,1,1,1,0,0.249404
378,BS_4,BS,0.584988,0.845359,0.436164,0.378772,1,1,1,1,0.0
378,HAP_0,HAP,0.785146,0.911483,0.141886,0.121438,1,1,1,0,0.843304
378,HAP_1,HAP,0.791466,0.936698,0.133869,0.050821,1,1,1,0,0.625547
378,HAP_2,HAP,0.740875,0.86975,0.199923,0.111817,1,1,1,3,0.374409
378,LEO_0,LEO,0.685895,0.943794,0.07703,0.04494,3,0,0,0,0.395951
378,LEO_1,LEO,0.733822,0.938188,0.209489,0.049058,1,1,1,0,0.81782
379,BS_0,BS,0.634356,0.83577,0.355146,0.23664,1,1,1,2,0.662502
379,BS_1,BS,0.68115,0.835516,0.283972,0.255242,1,1,1,4,0.0
379,BS_2,BS,0.768813,0.832008,0.162908,0.396516,1,1,1,3,0.0
379,BS_3,BS,0.566435,0.800304,0.468393,0.859013,1,1,1,1,0.737128
379,BS_4,BS,0.469774,0.82925,0.655503,0.496375,1,1,1,2,0.0
379,HAP_0,HAP,0.805139,0.916373,0.116741,0.103283,1,1,1,0,0.526419
379,HAP_1,HAP,0.75201,0.939877,0.085005,0.043909,2,0,0,0,0.396206
379,HAP_2,HAP,0.670415,0.867438,0.299858,0.129915,1,1,1,2,0.565917
379,LEO_0,LEO,0.639747,0.946218,0.046682,0.036933,4,0,0,0,0.648023
379,LEO_1,LEO,0.776194,0.941258,0.053353,0.040527,2,0,0,0,0.573421
380,BS_0,BS,0.694651,0.838945,0.264345,0.220757,1,1,1,3,0.0
380,BS_1,BS,0.677714,0.836221,0.289029,0.241785,1,1,1,4,0.0
380,BS_2,BS,0.736956,0.838949,0.205227,0.336166,1,1,1,2,0.708367
380,BS_3,BS,0.615775,0.805725,0.384873,0.753868,1,1,1,2,0.0
380,BS_4,BS,0.503477,0.815753,0.586218,0.551743,1,1,1,2,0.0
380,HAP_0,HAP,0.726552,0.910482,0.219446,0.104297,1,1,1,0,1.036077
380,HAP_1,HAP,0.6722,0.941872,0.097199,0.039378,3,0,0,0,0.415261
380,HAP_2,HAP,0.597337,0.855937,0.415274,0.181536,1,1,1,4,0.287686
380,LEO_0,LEO,0.809071,0.946624,0.111869,0.035178,1,1,1,0,0.304349
380,LEO_1,LEO,0.76438,0.938523,0.16869,0.045227,1,1,1,0,0.392883
381,BS_0,BS,0.459436,0.823405,0.677755,0.383314,1,1,1,2,0.0
381,BS_1,BS,0.65929,0.835011,0.316592,0.238532,1,1,1,4,0.0
381,BS_2,BS,0.639671,0.8405,0.346801,0.323055,1,1,1,2,0.0
381,BS_3,BS,0.724503,0.818724,0.222269,0.625326,1,1,1,3,0.0
381,BS_4,BS,0.580907,0.819263,0.443164,0.529772,1,1,1,1,0.0
381,HAP_0,HAP,0.748927,0.911083,0.189113,0.099531,1,1,1,0,0.508149
381,HAP_1,HAP,0.769733,0.940564,0.161711,0.04327,1,1,1,0,0.298873
381,HAP_2,HAP,0.756066,0.862784,0.179627,0.159748,1,1,1,3,0.444641
381,LEO_0,LEO,0.51231,0.910664,0.568826,0.173745,1,1,1,0,1.472304
381,LEO_1,LEO,0.767168,0.941073,0.06505,0.038086,2,0,0,0,0.621361
382,BS_0,BS,0.662966,0.827752,0.311032,0.350185,1,1,1,3,0.25745
382,BS_1,BS,0.617416,0.830082,0.382212,0.256564,1,1,1,3,0.537212
382,BS_2,BS,0.630802,0.836783,0.360764,0.317012,1,1,1,3,0.0
382,BS_3,BS,0.689272,0.824148,0.27212,0.533583,1,1,1,3,0.280962
382,BS_4,BS,0.732193,0.833624,0.211711,0.443987,1,1,1,2,0.0
382,HAP_0,HAP,0.788742,0.916165,0.137316,0.08811,1,1,1,0,0.408975
382,HAP_1,HAP,0.796703,0.94669,0.027274,0.034951,2,0,0,0,0.434845
382,HAP_2,HAP,0.691554,0.860339,0.268814,0.160316,1,1,1,3,0.450012
382,LEO_0,LEO,0.681069,0.904947,0.284092,0.175315,1,1,1,0,0.504622
382,LEO_1,LEO,0.707269,0.945905,0.046344,0.031435,3,0,0,0,0.375453
383,BS_0,BS,0.64286,0.82723,0.341828,0.332729,1,1,1,4,0.453843
383,BS_1,BS,0.670298,0.831065,0.300033,0.24576,1,1,1,2,0.512915
383,BS_2,BS,0.700894,0.839309,0.255399,0.282962,1,1,1,4,0.0
383,BS_3,BS,0.458616,0.807612,0.679543,0.634667,1,1,1,1,0.736887
383,BS_4,BS,0.703362,0.839891,0.251883,0.38374,1,1,1,2,0.603338
383,HAP_0,HAP,0.817351,0.927981,0.001687,0.070489,2,0,0,0,0.494615
383,HAP_1,HAP,0.736979,0.953402,0.005196,0.027973,3,0,0,0,0.351608
383,HAP_2,HAP,0.751932,0.862413,0.18511,0.143672,1,1,1,3,0.52627
383,LEO_0,LEO,0.770439,0.909332,0.160794,0.151887,1,1,1,0,0.458864
383,LEO_1,LEO,0.744476,0.937226,0.195075,0.042273,1,1,1,0,0.869887
384,BS_0,BS,0.688725,0.830517,0.272914,0.2997,1,1,1,4,0.0
384,BS_1,BS,0.733033,0.839368,0.210565,0.21656,1,1,1,3,0.0
384,BS_2,BS,0.664427,0.837958,0.308831,0.269289,1,1,1,3,0.0
384,BS_3,BS,0.543781,0.801351,0.509208,0.624415,1,1,1,3,0.0
384,BS_4,BS,0.690648,0.844235,0.270125,0.339828,1,1,1,2,0.0
384,HAP_0,HAP,0.608055,0.907698,0.397491,0.127491,1,1,1,0,1.233407
384,HAP_1,HAP,0.610651,0.952014,0.093229,0.02629,4,0,0,0,0.548332
384,HAP_2,HAP,0.557515,0.850501,0.484267,0.220469,1,1,1,2,0.621323
384,LEO_0,LEO,0.810531,0.921551,0.010065,0.121555,2,0,0,0,0.53928
384,LEO_1,LEO,0.762646,0.939379,0.070961,0.036084,2,0,0,0,0.573149
385,BS_0,BS,0.66526,0.831825,0.307578,0.282332,1,1,1,3,0.0
385,BS_1,BS,0.711474,0.842499,0.240416,0.199258,1,1,1,3,0.0
385,BS_2,BS,0.651453,0.835662,0.328549,0.264006,1,1,1,4,0.0
385,BS_3,BS,0.732941,0.816853,0.21069,0.519508,1,1,1,2,0.0
385,BS_4,BS,0.714669,0.852879,0.235935,0.296911,1,1,1,1,0.0
385,HAP_0,HAP,0.647252,0.901438,0.335019,0.1525,1,1,1,0,0.306496
385,HAP_1,HAP,0.90427,0.957848,0.000628,0.021032,1,1,0,0,0.337794
385,HAP_2,HAP,0.678931,0.852793,0.287236,0.213503,1,1,1,3,0.323685
385,LEO_0,LEO,0.545127,0.893775,0.506737,0.212796,1,1,1,0,1.624838
385,LEO_1,LEO,0.729388,0.934595,0.21555,0.049775,1,1,1,0,0.343287
386,BS_0,BS,0.669432,0.832554,0.301326,0.266724,1,1,1,3,0.0
386,BS_1,BS,0.686823,0.842545,0.275679,0.193606,1,1,1,3,0.0
386,BS_2,BS,0.578037,0.829875,0.448117,0.301569,1,1,1,3,0.0
386,BS_3,BS,0.55269,0.813419,0.492957,0.524959,1,1,1,1,0.757383
386,BS_4,BS,0.662641,0.857978,0.311521,0.2812,1,1,1,1,0.0
386,HAP_0,HAP,0.661416,0.901424,0.313372,0.166191,1,1,1,0,0.0
386,HAP_1,HAP,0.495867,0.917447,0.601448,0.179609,1,1,1,0,3.110738
386,HAP_2,HAP,0.567676,0.849317,0.466205,0.268608,1,1,1,3,0.0
386,LEO_0,LEO,0.498929,0.87669,0.595292,0.329705,1,1,1,0,0.0
386,LEO_1,LEO,0.771482,0.938596,0.059442,0.04141,2,0,0,0,0.589792
387,BS_0,BS,0.425575,0.813359,0.754314,0.469424,1,1,1,2,0.0
387,BS_1,BS,0.654598,0.839629,0.323734,0.202046,1,1,1,4,0.0
387,BS_2,BS,0.755766,0.841024,0.180023,0.255839,1,1,1,2,0.0
387,BS_3,BS,0.497641,0.800765,0.597876,0.580823,1,1,1,3,0.261835
387,BS_4,BS,0.547096,0.845356,0.503132,0.338874,1,1,1,2,0.0
387,HAP_0,HAP,0.74098,0.911792,0.099782,0.137433,2,0,0,0,0.396994
387,HAP_1,HAP,0.668229,0.909376,0.303125,0.185035,1,1,1,0,0.480602
387,HAP_2,HAP,0.614119,0.847929,0.387567,0.28248,1,1,1,2,0.491514
387,LEO_0,LEO,0.847974,0.894033,0.064905,0.265659,1,1,1,0,0.362777
387,LEO_1,LEO,0.677253,0.939527,0.089711,0.03675,3,0,0,0,0.60809
388,BS_0,BS,0.579939,0.810512,0.444833,0.464584,1,1,1,3,0.0
388,BS_1,BS,0.641237,0.837017,0.344356,0.214999,1,1,1,3,0.0
388,BS_2,BS,0.704474,0.843386,0.250304,0.232865,1,1,1,3,0.398236
388,BS_3,BS,0.758981,0.818366,0.175778,0.478562,1,1,1,3,0.0
388,BS_4,BS,0.820466,0.861501,0.097883,0.27541,1,1,1,2,0.0
388,HAP_0,HAP,0.741305,0.912619,0.199343,0.127828,1,1,1,0,0.52275
388,HAP_1,HAP,0.67076,0.906727,0.299344,0.188351,1,1,1,0,0.191785
388,HAP_2,HAP,0.617586,0.847515,0.381937,0.291628,1,1,1,2,0.308573
388,LEO_0,LEO,0.514263,0.86923,0.56502,0.356189,1,1,1,0,1.426222
388,LEO_1,LEO,0.780452,0.940345,0.147881,0.039241,1,1,1,0,0.151253
389,BS_0,BS,0.687414,0.817223,0.274819,0.405654,1,1,1,4,0.0
389,BS_1,BS,0.679739,0.837645,0.286046,0.208819,1,1,1,4,0.0
389,BS_2,BS,0.577938,0.837914,0.448288,0.276725,1,1,1,2,0.0
389,BS_3,BS,0.663506,0.82174,0.310218,0.426156,1,1,1,4,0.211111
389,BS_4,BS,0.643523,0.854971,0.340797,0.272592,1,1,1,2,2.532686
389,HAP_0,HAP,0.814306,0.917932,0.105419,0.107264,1,1,1,0,0.608322
389,HAP_1,HAP,0.812486,0.916826,0.107657,0.155896,1,1,1,0,0.191702
389,HAP_2,HAP,0.617437,0.847916,0.382178,0.29903,1,1,1,1,0.420595
389,LEO_0,LEO,0.60544,0.866904,0.4018,0.357601,1,1,1,0,0.244213
389,LEO_1,LEO,0.805375,0.940696,0.116447,0.037495,1,1,1,0,0.514144
390,BS_0,BS,0.675817,0.821329,0.291834,0.362848,1,1,1,3,0.283641
390,BS_1,BS,0.66122,0.836335,0.313669,0.21133,1,1,1,4,0.0
390,BS_2,BS,0.623099,0.833969,0.37305,0.284004,1,1,1,4,0.0
390,BS_3,BS,0.485757,0.810009,0.622047,0.515049,1,1,1,1,0.416543
390,BS_4,BS,0.663631,0.852352,0.310028,0.261327,1,1,1,2,0.0
390,HAP_0,HAP,0.810996,0.928113,0.009492,0.085851,2,0,0,0,0.562006
390,HAP_1,HAP,0.655976,0.906919,0.32163,0.171268,1,1,1,0,0.853051
390,HAP_2,HAP,0.582989,0.844135,0.439588,0.326181,1,1,1,2,0.435942
390,LEO_0,LEO,0.853025,0.885291,0.058966,0.287645,1,1,1,0,0.477378
390,LEO_1,LEO,0.694272,0.928445,0.264892,0.061571,1,1,1,0,0.91239
391,BS_0,BS,0.656487,0.822824,0.320853,0.336604,1,1,1,4,0.0
391,BS_1,BS,0.39529,0.812373,0.828134,0.477677,1,1,1,1,0.0
391,BS_2,BS,0.694412,0.836498,0.264689,0.258731,1,1,1,4,0.0
391,BS_3,BS,0.590036,0.808341,0.427572,0.494307,1,1,1,4,0.0
391,BS_4,BS,0.726082,0.854539,0.220093,0.23086,1,1,1,2,0.0
391,HAP_0,HAP,0.668598,0.914276,0.302572,0.109879,1,1,1,0,1.115878
391,HAP_1,HAP,0.798015,0.913603,0.125628,0.144116,1,1,1,0,0.3682
391,HAP_2,HAP,0.553414,0.835968,0.491649,0.369718,1,1,1,2,0.342768
391,LEO_0,LEO,0.564435,0.867968,0.47193,0.330339,1,1,1,0,1.376337
391,LEO_1,LEO,0.750633,0.926925,0.186838,0.064966,1,1,1,0,0.372133
392,BS_0,BS,0.646844,0.823123,0.33565,0.319981,1,1,1,3,0.72639
392,BS_1,BS,0.563322,0.808062,0.473904,0.483205,1,1,1,4,0.493732
392,BS_2,BS,0.667785,0.836012,0.303788,0.248514,1,1,1,4,0.0
392,BS_3,BS,0.711484,0.817446,0.240402,0.421452,1,1,1,4,0.260448
392,BS_4,BS,0.720946,0.856928,0.227191,0.207915,1,1,1,2,0.0
392,HAP_0,HAP,0.723949,0.912232,0.223034,0.110288,1,1,1,0,0.474319
392,HAP_1,HAP,0.7997,0.916848,0.123519,0.122159,1,1,1,0,0.718142
392,HAP_2,HAP,0.638551,0.839253,0.348553,0.350445,1,1,1,1,0.623261
392,LEO_0,LEO,0.795496,0.878045,0.128789,0.271736,1,1,1,0,0.776488
392,LEO_1,LEO,0.785684,0.925769,0.1412,0.060945,1,1,1,0,0.796879
393,BS_0,BS,0.637383,0.822476,0.350384,0.311231,1,1,1,3,0.413395
393,BS_1,BS,0.756108,0.822446,0.179572,0.401075,1,1,1,3,0.0
393,BS_2,BS,0.58308,0.830709,0.439431,0.285706,1,1,1,3,0.0
393,BS_3,BS,0.641644,0.818373,0.343721,0.390327,1,1,1,3,0.683748
393,BS_4,BS,0.719951,0.857214,0.228572,0.189842,1,1,1,2,0.312459
393,HAP_0,HAP,0.797041,0.913797,0.126849,0.095471,1,1,1,0,0.90213
393,HAP_1,HAP,0.782364,0.923817,0.045436,0.098656,2,0,0,0,0.701273
393,HAP_2,HAP,0.57961,0.834684,0.4454,0.369627,1,1,1,2,0.606349
393,LEO_0,LEO,0.767908,0.886064,0.164086,0.229504,1,1,1,0,0.600814
393,LEO_1,LEO,0.789353,0.923499,0.136542,0.057145,1,1,1,0,0.932982
394,BS_0,BS,0.674319,0.825338,0.294052,0.287895,1,1,1,3,0.667733
394,BS_1,BS,0.701846,0.828069,0.254041,0.349901,1,1,1,4,0.553773
394,BS_2,BS,0.705637,0.835302,0.248654,0.256388,1,1,1,4,0.0
394,BS_3,BS,0.718736,0.825891,0.230261,0.336121,1,1,1,4,0.312296
394,BS_4,BS,0.61459,0.849842,0.3868,0.2192,1,1,1,2,0.572304
394,HAP_0,HAP,0.736976,0.913806,0.2052,0.095325,1,1,1,0,0.405516
394,HAP_1,HAP,0.789876,0.926686,0.13588,0.087233,1,1,1,0,0.353532
394,HAP_2,HAP,0.580864,0.834006,0.443239,0.384109,1,1,1,1,0.304564
394,LEO_0,LEO,0.757916,0.893859,0.177183,0.197731,1,1,1,0,0.382001
394,LEO_1,LEO,0.750511,0.92187,0.187,0.061452,1,1,1,0,0.49054
395,BS_0,BS,0.651689,0.825815,0.328188,0.278784,1,1,1,3,0.254348
395,BS_1,BS,0.668466,0.82936,0.30277,0.321172,1,1,1,4,0.69916
395,BS_2,BS,0.679402,0.836407,0.286542,0.242058,1,1,1,3,0.0
395,BS_3,BS,0.69193,0.829618,0.268271,0.301283,1,1,1,3,0.678997
395,BS_4,BS,0.749306,0.854013,0.188607,0.191368,1,1,1,2,0.572285
395,HAP_0,HAP,0.768469,0.918158,0.163356,0.088268,1,1,1,0,0.262638
395,HAP_1,HAP,0.793168,0.934347,0.03172,0.070239,2,0,0,0,0.531955
395,HAP_2,HAP,0.587598,0.833861,0.431713,0.391157,1,1,1,1,0.481515
395,LEO_0,LEO,0.811518,0.902031,0.108848,0.163516,1,1,1,0,0.706672
395,LEO_1,LEO,0.770859,0.926707,0.060249,0.050795,2,0,0,0,0.753998
396,BS_0,BS,0.686608,0.829139,0.275992,0.257304,1,1,1,4,0.0
396,BS_1,BS,0.646675,0.828347,0.335911,0.307714,1,1,1,3,0.0
396,BS_2,BS,0.66311,0.835548,0.310815,0.237119,1,1,1,4,0.0
396,BS_3,BS,0.629087,0.829081,0.363486,0.300481,1,1,1,3,0.0
396,BS_4,BS,0.679311,0.851101,0.286676,0.190077,1,1,1,2,0.318017
396,HAP_0,HAP,0.748684,0.924243,0.089439,0.074214,2,0,0,0,0.537462
396,HAP_1,HAP,0.699601,0.938561,0.057245,0.057666,3,0,0,0,0.557729
396,HAP_2,HAP,0.561152,0.82977,0.477763,0.415641,1,1,1,2,0.502829
396,LEO_0,LEO,0.77623,0.903927,0.153307,0.141389,1,1,1,0,0.899198
396,LEO_1,LEO,0.815737,0.930431,0.103663,0.045472,1,1,1,0,0.410044
397,BS_0,BS,0.663941,0.829747,0.309561,0.248966,1,1,1,3,0.0
397,BS_1,BS,0.629125,0.825875,0.363426,0.305607,1,1,1,4,0.0
397,BS_2,BS,0.654176,0.83399,0.324378,0.237045,1,1,1,3,0.0
397,BS_3,BS,0.548256,0.824797,0.501014,0.353341,1,1,1,2,0.0
397,BS_4,BS,0.723559,0.852866,0.223573,0.174555,1,1,1,2,0.0
397,HAP_0,HAP,0.720987,0.918785,0.227134,0.082587,1,1,1,0,0.749849
397,HAP_1,HAP,0.608213,0.94185,0.097231,0.050387,4,0,0,0,0.258514
397,HAP_2,HAP,0.57985,0.830404,0.444986,0.421619,1,1,1,1,0.278935
397,LEO_0,LEO,0.806854,0.914446,0.014613,0.113208,2,0,0,0,0.764982
397,LEO_1,LEO,0.601107,0.908645,0.408983,0.111648,1,1,1,0,1.277227
398,BS_0,BS,0.64968,0.828923,0.331275,0.248557,1,1,1,4,0.0
398,BS_1,BS,0.645575,0.82569,0.337613,0.295778,1,1,1,3,0.0
398,BS_2,BS,0.646339,0.832009,0.336431,0.240569,1,1,1,3,0.0
398,BS_3,BS,0.594518,0.820956,0.420004,0.362055,1,1,1,4,0.0
398,BS_4,BS,0.646495,0.847201,0.33619,0.190504,1,1,1,2,0.608314
398,HAP_0,HAP,0.817979,0.928658,0.000919,0.06607,2,0,0,0,0.614761
398,HAP_1,HAP,0.851172,0.946106,0.061141,0.041992,1,1,0,0,0.384111
398,HAP_2,HAP,0.578056,0.829037,0.448084,0.427646,1,1,1,2,0.497745
398,LEO_0,LEO,0.761911,0.910623,0.171926,0.103867,1,1,1,0,1.13172
398,LEO_1,LEO,0.701336,0.905517,0.254769,0.118526,1,1,1,0,0.485025
399,BS_0,BS,0.650875,0.828373,0.329437,0.247684,1,1,1,4,0.0
399,BS_1,BS,0.653411,0.826068,0.325549,0.284314,1,1,1,3,0.0
399,BS_2,BS,0.529242,0.822898,0.536309,0.321888,1,1,1,2,0.0
399,BS_3,BS,0.69669,0.826344,0.261415,0.320396,1,1,1,3,0.0
399,BS_4,BS,0.49253,0.833758,0.608199,0.318861,1,1,1,2,0.0
399,HAP_0,HAP,0.64648,0.91141,0.336213,0.103724,1,1,1,0,1.260129
399,HAP_1,HAP,0.628211,0.92563,0.364879,0.093505,1,1,1,0,1.077653
399,HAP_2,HAP,0.573657,0.829306,0.455723,0.435574,1,1,1,1,0.509978
399,LEO_0,LEO,0.781838,0.911822,0.146107,0.0927,1,1,1,0,0.723345
399,LEO_1,LEO,0.758677,0.909609,0.176179,0.108789,1,1,1,0,0.376439
400,BS_0,BS,0.648577,0.82772,0.332974,0.248039,1,1,1,4,0.294913
400,BS_1,BS,0.332871,0.796198,1.0,0.709695,1,1,1,1,0.0
400,BS_2,BS,0.805345,0.840608,0.116485,0.263616,1,1,1,2,0.0
400,BS_3,BS,0.671645,0.828246,0.298026,0.296285,1,1,1,3,0.220373
400,BS_4,BS,0.659885,0.836701,0.31569,0.299936,1,1,1,2,0.0
400,HAP_0,HAP,0.744605,0.910022,0.194902,0.100073,1,1,1,0,0.642872
400,HAP_1,HAP,0.692437,0.920197,0.267539,0.107014,1,1,1,0,0.297774
400,HAP_2,HAP,0.52753,0.824437,0.539549,0.47946,1,1,1,2,0.300094
400,LEO_0,LEO,0.76701,0.916215,0.065255,0.076076,2,0,0,0,0.968172
400,LEO_1,LEO,0.808748,0.922373,0.012268,0.087099,2,0,0,0,0.466462
401,BS_0,BS,0.648097,0.827153,0.333715,0.248546,1,1,1,4,0.0
401,BS_1,BS,0.480243,0.786019,0.633464,0.74833,1,1,1,3,0.0
401,BS_2,BS,0.744194,0.847266,0.195453,0.228084,1,1,1,3,0.208346
401,BS_3,BS,0.631753,0.827792,0.359258,0.295108,1,1,1,4,0.0
401,BS_4,BS,0.738856,0.844383,0.202652,0.258429,1,1,1,2,0.0
401,HAP_0,HAP,0.744291,0.911231,0.195324,0.097226,1,1,1,0,0.448032
401,HAP_1,HAP,0.730754,0.921485,0.213678,0.106157,1,1,1,0,0.125148
401,HAP_2,HAP,0.545745,0.821329,0.505603,0.498603,1,1,1,2,0.201052
401,LEO_0,LEO,0.695153,0.92176,0.063623,0.062683,3,0,0,0,0.691098
401,LEO_1,LEO,0.71348,0.915316,0.237602,0.095083,1,1,1,0,0.926355
402,BS_0,BS,0.628125,0.824821,0.365016,0.258793,1,1,1,3,0.295715
402,BS_1,BS,0.65161,0.79453,0.328309,0.647168,1,1,1,4,0.751458
402,BS_2,BS,0.696198,0.847387,0.262122,0.213386,1,1,1,4,0.0
402,BS_3,BS,0.692662,0.831551,0.267213,0.268218,1,1,1,3,0.471464
402,BS_4,BS,0.655157,0.843443,0.322881,0.253657,1,1,1,2,0.56676
402,HAP_0,HAP,0.75538,0.919709,0.080535,0.0807,2,0,0,0,0.428905
402,HAP_1,HAP,0.788987,0.931919,0.037005,0.085542,2,0,0,0,0.334726
402,HAP_2,HAP,0.641506,0.828416,0.343937,0.452114,1,1,1,2,0.465615
402,LEO_0,LEO,0.610501,0.924853,0.093475,0.054078,4,0,0,0,0.683454
402,LEO_1,LEO,0.811698,0.924251,0.008627,0.0761,2,0,0,0,0.727377
403,BS_0,BS,0.713726,0.830622,0.237257,0.232366,1,1,1,4,0.0
403,BS_1,BS,0.564996,0.797212,0.470936,0.617536,1,1,1,2,0.0
403,BS_2,BS,0.69251,0.846924,0.267432,0.202892,1,1,1,4,0.0
403,BS_3,BS,0.723958,0.83693,0.223022,0.236957,1,1,1,3,0.304521
403,BS_4,BS,0.661841,0.847615,0.312729,0.246935,1,1,1,2,0.0
403,HAP_0,HAP,0.762664,0.917294,0.170937,0.077709,1,1,1,0,0.915966
403,HAP_1,HAP,0.804668,0.934243,0.117325,0.074628,1,1,1,0,0.455422
403,HAP_2,HAP,0.593145,0.827836,0.422317,0.44195,1,1,1,2,0.41353
403,LEO_0,LEO,0.73442,0.922144,0.208674,0.062858,1,1,1,0,0.478651
403,LEO_1,LEO,0.798505,0.922411,0.125014,0.067913,1,1,1,0,0.99901
404,BS_0,BS,0.466095,0.816187,0.663365,0.383916,1,1,1,2,0.0
404,BS_1,BS,0.487549,0.796243,0.618365,0.666098,1,1,1,1,0.0
404,BS_2,BS,0.640427,0.841814,0.345621,0.216068,1,1,1,4,0.0
404,BS_3,BS,0.683928,0.837764,0.279902,0.224821,1,1,1,3,0.44158
404,BS_4,BS,0.675662,0.849464,0.292063,0.235934,1,1,1,3,0.0
404,HAP_0,HAP,0.789252,0.924481,0.036669,0.062772,2,0,0,0,0.688808
404,HAP_1,HAP,0.505425,0.899817,0.582356,0.212314,1,1,1,0,1.473222
404,HAP_2,HAP,0.612708,0.826827,0.389867,0.421958,1,1,1,2,0.562897
404,LEO_0,LEO,0.80574,0.926651,0.115994,0.056341,1,1,1,0,0.382613
404,LEO_1,LEO,0.742936,0.919943,0.197145,0.07182,1,1,1,0,0.532367
405,BS_0,BS,0.727955,0.827905,0.217517,0.328424,1,1,1,3,0.0
405,BS_1,BS,0.5122,0.791965,0.569039,0.678591,1,1,1,3,0.0
405,BS_2,BS,0.637732,0.837633,0.349837,0.227928,1,1,1,4,0.0
405,BS_3,BS,0.597066,0.834186,0.415727,0.25763,1,1,1,2,0.0
405,BS_4,BS,0.709815,0.851918,0.242751,0.215265,1,1,1,3,0.0
405,HAP_0,HAP,0.759063,0.923976,0.17567,0.064105,1,1,1,0,0.454753
405,HAP_1,HAP,0.670614,0.895484,0.299562,0.210233,1,1,1,0,0.483577
405,HAP_2,HAP,0.607799,0.829479,0.397911,0.408817,1,1,1,1,0.486938
405,LEO_0,LEO,0.750245,0.922816,0.187355,0.060868,1,1,1,0,0.80525
405,LEO_1,LEO,0.793454,0.923295,0.131359,0.065221,1,1,1,0,0.443303
406,BS_0,BS,0.676681,0.830492,0.290556,0.300729,1,1,1,3,0.448033
406,BS_1,BS,0.754238,0.814205,0.182047,0.557786,1,1,1,1,0.0
406,BS_2,BS,0.654026,0.835665,0.324609,0.22976,1,1,1,4,0.0
406,BS_3,BS,0.66743,0.834873,0.30432,0.247779,1,1,1,4,0.371023
406,BS_4,BS,0.661849,0.852835,0.312717,0.216218,1,1,1,2,0.0
406,HAP_0,HAP,0.794707,0.927745,0.129781,0.058863,1,1,1,0,0.329414
406,HAP_1,HAP,0.755063,0.900949,0.180954,0.182922,1,1,1,0,0.412636
406,HAP_2,HAP,0.592641,0.830061,0.423166,0.407635,1,1,1,1,0.565376
406,LEO_0,LEO,0.802255,0.930637,0.020328,0.048881,2,0,0,0,0.617918
406,LEO_1,LEO,0.813853,0.933195,0.005975,0.052193,2,0,0,0,0.515833
407,BS_0,BS,0.682584,0.832601,0.28187,0.276336,1,1,1,4,0.0
407,BS_1,BS,0.625838,0.815555,0.368664,0.50739,1,1,1,2,0.730227
407,BS_2,BS,0.6492,0.833618,0.332015,0.233413,1,1,1,5,0.0
407,BS_3,BS,0.697565,0.839325,0.260159,0.22868,1,1,1,4,0.0
407,BS_4,BS,0.638512,0.847364,0.348615,0.227664,1,1,1,3,0.0
407,HAP_0,HAP,0.773894,0.926433,0.15632,0.058087,1,1,1,0,0.706675
407,HAP_1,HAP,0.824901,0.911474,0.092491,0.150187,1,1,1,0,0.352463
407,HAP_2,HAP,0.514834,0.826217,0.56391,0.469205,1,1,1,1,0.192312
407,LEO_0,LEO,0.725562,0.936248,0.020809,0.039299,3,0,0,0,0.716726
407,LEO_1,LEO,0.753979,0.927705,0.182391,0.056724,1,1,1,0,0.861408
408,BS_0,BS,0.576422,0.82782,0.450915,0.312565,1,1,1,3,0.0
408,BS_1,BS,0.667495,0.82545,0.304223,0.44756,1,1,1,1,0.0
408,BS_2,BS,0.631472,0.830313,0.359702,0.244954,1,1,1,5,0.0
408,BS_3,BS,0.696934,0.841204,0.261064,0.213614,1,1,1,3,0.704422
408,BS_4,BS,0.628876,0.845788,0.363821,0.241696,1,1,1,2,0.0
408,HAP_0,HAP,0.800239,0.934205,0.022845,0.046704,2,0,0,0,0.536867
408,HAP_1,HAP,0.505473,0.881497,0.582261,0.272712,1,1,1,0,2.247666
408,HAP_2,HAP,0.51373,0.820862,0.566057,0.519554,1,1,1,1,0.390585
408,LEO_0,LEO,0.774709,0.935311,0.155268,0.042288,1,1,1,0,0.371155
408,LEO_1,LEO,0.782379,0.92826,0.145417,0.054895,1,1,1,0,0.449719
409,BS_0,BS,0.698292,0.832467,0.259117,0.280266,1,1,1,4,0.0
409,BS_1,BS,0.522943,0.824051,0.548284,0.493325,1,1,1,1,0.0
409,BS_2,BS,0.640775,0.828546,0.345077,0.249548,1,1,1,4,0.0
409,BS_3,BS,0.673624,0.840339,0.295084,0.210074,1,1,1,4,0.0
409,BS_4,BS,0.711774,0.848896,0.239995,0.219276,1,1,1,3,0.0
409,HAP_0,HAP,0.65127,0.916787,0.328831,0.086022,1,1,1,0,1.21655
409,HAP_1,HAP,0.619435,0.877144,0.378948,0.28279,1,1,1,0,0.34584
409,HAP_2,HAP,0.528004,0.816039,0.538652,0.546209,1,1,1,1,0.576657
409,LEO_0,LEO,0.809191,0.942532,0.011721,0.033892,2,0,0,0,0.517385
409,LEO_1,LEO,0.799762,0.935234,0.023441,0.044163,2,0,0,0,0.616412
410,BS_0,BS,0.657043,0.835094,0.320006,0.270294,1,1,1,3,0.0
410,BS_1,BS,0.563159,0.823932,0.474194,0.495847,1,1,1,3,0.0
410,BS_2,BS,0.645076,0.827534,0.338387,0.251166,1,1,1,4,0.0
410,BS_3,BS,0.52433,0.828318,0.545634,0.302032,1,1,1,2,0.207892
410,BS_4,BS,0.745683,0.854291,0.193455,0.192262,1,1,1,2,0.0
410,HAP_0,HAP,0.694019,0.911633,0.265256,0.10048,1,1,1,0,0.464004
410,HAP_1,HAP,0.775263,0.888308,0.154553,0.236981,1,1,1,0,0.383933
410,HAP_2,HAP,0.738609,0.834542,0.202986,0.455508,1,1,1,0,0.555479
410,LEO_0,LEO,0.644807,0.923778,0.338805,0.078769,1,1,1,0,1.114628
410,LEO_1,LEO,0.73612,0.942095,0.006362,0.035349,3,0,0,0,0.564692
411,BS_0,BS,0.697707,0.838142,0.259956,0.246645,1,1,1,4,0.754202
411,BS_1,BS,0.447741,0.803562,0.70354,0.619413,1,1,1,3,0.0
411,BS_2,BS,0.648073,0.827002,0.333752,0.251059,1,1,1,3,0.0
411,BS_3,BS,0.68926,0.832083,0.272137,0.274952,1,1,1,3,0.564703
411,BS_4,BS,0.659417,0.853748,0.316399,0.198858,1,1,1,2,0.0
411,HAP_0,HAP,0.747466,0.918531,0.091067,0.084116,2,0,0,0,0.516859
411,HAP_1,HAP,0.857988,0.903655,0.053165,0.190857,1,1,1,0,0.371744
411,HAP_2,HAP,0.553158,0.831548,0.492111,0.473385,1,1,1,1,0.467465
411,LEO_0,LEO,0.698518,0.918473,0.258794,0.093154,1,1,1,0,0.37968
411,LEO_1,LEO,0.776291,0.941165,0.153227,0.038844,1,1,1,0,0.271867
412,BS_0,BS,0.682113,0.838693,0.282559,0.233244,1,1,1,4,0.0
412,BS_1,BS,0.619677,0.811917,0.378557,0.560018,1,1,1,2,0.0
412,BS_2,BS,0.647712,0.826543,0.33431,0.25114,1,1,1,4,0.0
412,BS_3,BS,0.688542,0.834427,0.273179,0.253544,1,1,1,4,0.399167
412,BS_4,BS,0.676086,0.851372,0.291435,0.197307,1,1,1,3,0.0
412,HAP_0,HAP,0.722907,0.926312,0.024474,0.067562,3,0,0,0,0.747754
412,HAP_1,HAP,0.772831,0.907137,0.157695,0.163876,1,1,1,0,0.695704
412,HAP_2,HAP,0.526667,0.82635,0.541186,0.510505,1,1,1,1,0.51845
412,LEO_0,LEO,0.785041,0.925829,0.042019,0.075317,2,0,0,0,0.677972
412,LEO_1,LEO,0.802667,0.940169,0.119815,0.037536,1,1,1,0,0.613827
413,BS_0,BS,0.573302,0.832348,0.456343,0.280307,1,1,1,2,0.0
413,BS_1,BS,0.791024,0.832703,0.134427,0.456146,1,1,1,2,0.0
413,BS_2,BS,0.618684,0.823425,0.380161,0.265947,1,1,1,5,0.0
413,BS_3,BS,0.630058,0.833417,0.361944,0.261786,1,1,1,4,0.0
413,BS_4,BS,0.706731,0.853469,0.247105,0.185323,1,1,1,2,0.0
413,HAP_0,HAP,0.65727,0.933488,0.01966,0.054224,4,0,0,0,0.621674
413,HAP_1,HAP,0.81849,0.915343,0.100294,0.135627,1,1,1,0,0.385393
413,HAP_2,HAP,0.48516,0.813985,0.623277,0.583217,1,1,1,2,0.703369
413,LEO_0,LEO,0.719375,0.933544,0.029372,0.060642,3,0,0,0,0.508947
413,LEO_1,LEO,0.567832,0.911976,0.465929,0.127719,1,1,1,0,1.38609
414,BS_0,BS,0.744906,0.841055,0.194497,0.241269,1,1,1,3,0.0
414,BS_1,BS,0.570784,0.824765,0.460744,0.460445,1,1,1,2,0.264721
414,BS_2,BS,0.644841,0.823415,0.338751,0.264396,1,1,1,5,0.0
414,BS_3,BS,0.618973,0.834592,0.379694,0.274305,1,1,1,2,0.0
414,BS_4,BS,0.72175,0.857382,0.226077,0.171258,1,1,1,2,0.0
414,HAP_0,HAP,0.763878,0.932493,0.169347,0.056284,1,1,1,0,0.357562
414,HAP_1,HAP,0.523075,0.886523,0.548031,0.243654,1,1,1,0,1.607432
414,HAP_2,HAP,0.528587,0.813319,0.537548,0.596605,1,1,1,1,0.180404
414,LEO_0,LEO,0.654505,0.939963,0.023876,0.04877,4,0,0,0,0.546024
414,LEO_1,LEO,0.64327,0.903421,0.341191,0.15456,1,1,1,0,0.405896
415,BS_0,BS,0.721625,0.844638,0.22625,0.21605,1,1,1,3,0.663006
415,BS_1,BS,0.677983,0.832279,0.288634,0.405845,1,1,1,2,0.0
415,BS_2,BS,0.647848,0.823686,0.334099,0.261747,1,1,1,4,0.0
415,BS_3,BS,0.627326,0.831824,0.366289,0.279819,1,1,1,4,0.0
415,BS_4,BS,0.696165,0.855809,0.262169,0.167936,1,1,1,2,0.662066
415,HAP_0,HAP,0.653394,0.916931,0.325575,0.092727,1,1,1,0,1.087653
415,HAP_1,HAP,0.568781,0.877101,0.46426,0.291915,1,1,1,0,0.210968
415,HAP_2,HAP,0.476972,0.800494,0.640296,0.661775,1,1,1,2,0.648305
415,LEO_0,LEO,0.897554,0.945809,0.008082,0.039046,1,1,0,0,0.573576
415,LEO_1,LEO,0.797294,0.910332,0.126532,0.130853,1,1,1,0,0.459487
416,BS_0,BS,0.671483,0.842888,0.298266,0.212873,1,1,1,2,0.641582
416,BS_1,BS,0.806539,0.847104,0.115003,0.330628,1,1,1,2,0.0
416,BS_2,BS,0.5318,0.816343,0.531489,0.336514,1,1,1,3,0.0
416,BS_3,BS,0.689257,0.834357,0.272141,0.257183,1,1,1,3,0.0
416,BS_4,BS,0.700042,0.859057,0.256615,0.163982,1,1,1,2,0.0
416,HAP_0,HAP,0.721815,0.914823,0.225986,0.097163,1,1,1,0,0.407046
416,HAP_1,HAP,0.808564,0.890964,0.112495,0.239227,1,1,1,0,0.389336
416,HAP_2,HAP,0.64153,0.811227,0.343899,0.582639,1,1,1,2,0.334366
416,LEO_0,LEO,0.602223,0.920412,0.407128,0.105825,1,1,1,0,1.334048
416,LEO_1,LEO,0.806807,0.914472,0.114671,0.1106,1,1,1,0,0.743805
417,BS_0,BS,0.659956,0.84039,0.315582,0.215115,1,1,1,4,0.0
417,BS_1,BS,0.661159,0.848218,0.313761,0.308803,1,1,1,1,0.42427
417,BS_2,BS,0.692142,0.822854,0.267965,0.301523,1,1,1,3,0.0
417,BS_3,BS,0.669112,0.834422,0.301804,0.246735,1,1,1,3,0.663846
417,BS_4,BS,0.625427,0.858635,0.369321,0.192565,1,1,1,2,0.0
417,HAP_0,HAP,0.745354,0.921793,0.093896,0.081698,2,0,0,0,0.424898
417,HAP_1,HAP,0.884315,0.906746,0.022942,0.191618,1,1,1,0,0.481905
417,HAP_2,HAP,0.637632,0.81945,0.349994,0.521235,1,1,1,1,0.456069
417,LEO_0,LEO,0.641406,0.910259,0.344093,0.13794,1,1,1,0,0.382921
417,LEO_1,LEO,0.749627,0.92104,0.088179,0.091979,2,0,0,0,0.482975
418,BS_0,BS,0.711988,0.842934,0.239694,0.197946,1,1,1,4,0.0
418,BS_1,BS,0.580727,0.837838,0.443474,0.335544,1,1,1,3,0.0
418,BS_2,BS,0.668444,0.825286,0.302803,0.282479,1,1,1,5,0.0
418,BS_3,BS,0.649435,0.832648,0.331653,0.246885,1,1,1,4,0.306283
418,BS_4,BS,0.695106,0.865638,0.263691,0.185342,1,1,1,2,0.0
418,HAP_0,HAP,0.788463,0.9254,0.13767,0.073887,1,1,1,0,0.361084
418,HAP_1,HAP,0.731471,0.904865,0.212697,0.173653,1,1,1,0,0.855068
418,HAP_2,HAP,0.608819,0.822789,0.396235,0.487639,1,1,1,1,0.662289
418,LEO_0,LEO,0.818724,0.921749,8e-06,0.110352,2,0,0,0,0.671541
418,LEO_1,LEO,0.802125,0.924841,0.120491,0.080116,1,1,1,0,0.464059
419,BS_0,BS,0.670031,0.841322,0.300431,0.198973,1,1,1,4,0.724094
419,BS_1,BS,0.729136,0.842491,0.215896,0.28941,1,1,1,2,0.498164
419,BS_2,BS,0.652888,0.825682,0.32635,0.27391,1,1,1,5,0.0
419,BS_3,BS,0.631222,0.829514,0.360097,0.255859,1,1,1,4,0.243497
419,BS_4,BS,0.671575,0.868204,0.29813,0.18827,1,1,1,2,0.0
419,HAP_0,HAP,0.783714,0.932853,0.043711,0.05997,2,0,0,0,0.511084
419,HAP_1,HAP,0.763459,0.909114,0.169896,0.151911,1,1,1,0,0.37871
419,HAP_2,HAP,0.562681,0.81952,0.475043,0.49166,1,1,1,2,0.665375
419,LEO_0,LEO,0.691956,0.910825,0.268233,0.120659,1,1,1,0,1.148652
419,LEO_1,LEO,0.809646,0.933913,0.011159,0.064149,2,0,0,0,0.542282
420,BS_0,BS,0.640479,0.837325,0.345538,0.212907,1,1,1,3,0.0
420,BS_1,BS,0.733826,0.846459,0.209483,0.251275,1,1,1,3,0.721427
420,BS_2,BS,0.650841,0.825783,0.32949,0.267981,1,1,1,5,0.0
420,BS_3,BS,0.641409,0.827966,0.344088,0.257966,1,1,1,3,0.0
420,BS_4,BS,0.553217,0.854255,0.492005,0.259547,1,1,1,2,0.0
420,HAP_0,HAP,0.758206,0.928835,0.1768,0.062042,1,1,1,0,0.73391
420,HAP_1,HAP,0.813485,0.921716,0.006427,0.121548,2,0,0,0,0.534136
420,HAP_2,HAP,0.585756,0.820252,0.434852,0.478422,1,1,1,1,0.511212
420,LEO_0,LEO,0.692775,0.906967,0.26705,0.128619,1,1,1,0,0.446763
420,LEO_1,LEO,0.533128,0.902333,0.528993,0.177244,1,1,1,0,1.55977
421,BS_0,BS,0.522584,0.826413,0.548969,0.305941,1,1,1,2,0.0
421,BS_1,BS,0.720381,0.848495,0.227975,0.224408,1,1,1,3,0.975667
421,BS_2,BS,0.637865,0.82465,0.349628,0.269393,1,1,1,3,0.0
421,BS_3,BS,0.639562,0.826555,0.346972,0.260548,1,1,1,3,0.0
421,BS_4,BS,0.666464,0.851958,0.305769,0.24971,1,1,1,2,0.0
421,HAP_0,HAP,0.56636,0.901619,0.468525,0.148416,1,1,1,0,1.496185
421,HAP_1,HAP,0.532786,0.892557,0.529636,0.22347,1,1,1,0,1.658569
421,HAP_2,HAP,0.567666,0.817343,0.466221,0.48055,1,1,1,2,0.392723
421,LEO_0,LEO,0.802181,0.913683,0.120421,0.109421,1,1,1,0,0.441378
421,LEO_1,LEO,0.570428,0.889633,0.461368,0.237582,1,1,1,0,0.242375
422,BS_0,BS,0.661496,0.828233,0.313251,0.288909,1,1,1,4,0.0
422,BS_1,BS,0.628019,0.842013,0.365184,0.239538,1,1,1,2,0.452752
422,BS_2,BS,0.64828,0.824714,0.333433,0.265544,1,1,1,4,0.0
422,BS_3,BS,0.459845,0.811553,0.676866,0.414605,1,1,1,1,0.0
422,BS_4,BS,0.760232,0.859288,0.174132,0.213413,1,1,1,2,0.0
422,HAP_0,HAP,0.558785,0.887673,0.48199,0.223274,1,1,1,0,0.25432
422,HAP_1,HAP,0.501862,0.876072,0.589431,0.335119,1,1,1,0,0.0
422,HAP_2,HAP,0.622432,0.824105,0.374121,0.447425,1,1,1,1,0.341036
422,LEO_0,LEO,0.534132,0.886387,0.527112,0.212568,1,1,1,0,2.256026
422,LEO_1,LEO,0.731447,0.896199,0.21273,0.21043,1,1,1,0,0.229207
423,BS_0,BS,0.690361,0.831534,0.270541,0.264064,1,1,1,4,0.0
423,BS_1,BS,0.749234,0.849491,0.188704,0.207655,1,1,1,2,0.0
423,BS_2,BS,0.638974,0.823898,0.347891,0.266898,1,1,1,5,0.0
423,BS_3,BS,0.637503,0.814415,0.350196,0.386871,1,1,1,4,0.0
423,BS_4,BS,0.731151,0.860276,0.213135,0.191172,1,1,1,2,0.637013
423,HAP_0,HAP,0.858928,0.901648,0.05207,0.179839,1,1,1,0,0.55332
423,HAP_1,HAP,0.822148,0.892169,0.095835,0.272228,1,1,1,0,0.302106
423,HAP_2,HAP,0.610137,0.826642,0.394072,0.427822,1,1,1,2,0.423138
423,LEO_0,LEO,0.721529,0.88757,0.226383,0.193116,1,1,1,0,0.671167
423,LEO_1,LEO,0.747426,0.899243,0.19112,0.184781,1,1,1,0,0.712501
424,BS_0,BS,0.607971,0.826405,0.397627,0.2824,1,1,1,3,0.751164
424,BS_1,BS,0.761943,0.85472,0.171884,0.179419,1,1,1,2,0.401711
424,BS_2,BS,0.636231,0.822987,0.352193,0.269336,1,1,1,5,0.0
424,BS_3,BS,0.710204,0.822236,0.242203,0.335895,1,1,1,3,0.602177
424,BS_4,BS,0.78578,0.864883,0.141079,0.161894,1,1,1,2,0.453956
424,HAP_0,HAP,0.805566,0.907079,0.11621,0.149948,1,1,1,0,0.774117
424,HAP_1,HAP,0.869076,0.907485,0.040325,0.218514,1,1,1,0,0.405384
424,HAP_2,HAP,0.628622,0.829381,0.364225,0.401955,1,1,1,2,0.665245
424,LEO_0,LEO,0.802808,0.896037,0.11964,0.160934,1,1,1,0,0.656162
424,LEO_1,LEO,0.841381,0.908266,0.07271,0.150204,1,1,1,0,0.689538
425,BS_0,BS,0.731442,0.833367,0.212738,0.246286,1,1,1,4,0.0
425,BS_1,BS,0.436496,0.833458,0.728976,0.382668,1,1,1,1,0.221737
425,BS_2,BS,0.636318,0.822266,0.352056,0.271244,1,1,1,5,0.0
425,BS_3,BS,0.697721,0.82724,0.259936,0.299121,1,1,1,4,0.475927
425,BS_4,BS,0.428663,0.841215,0.747085,0.380677,1,1,1,1,0.0
425,HAP_0,HAP,0.7908,0.917184,0.034711,0.120501,2,0,0,0,0.617972
425,HAP_1,HAP,0.898888,0.921981,0.006597,0.174831,1,1,1,0,0.355583
425,HAP_2,HAP,0.607031,0.829465,0.399175,0.393267,1,1,1,2,0.472744
425,LEO_0,LEO,0.817545,0.909522,0.001449,0.128748,2,0,0,0,0.73163
425,LEO_1,LEO,0.774019,0.917538,0.056158,0.121582,2,0,0,0,0.544043
426,BS_0,BS,0.672334,0.833875,0.296999,0.236722,1,1,1,3,0.361468
426,BS_1,BS,0.6409,0.837439,0.344882,0.359659,1,1,1,2,0.0
426,BS_2,BS,0.575096,0.818191,0.453218,0.309428,1,1,1,2,0.0
426,BS_3,BS,0.672326,0.828981,0.297012,0.278994,1,1,1,4,0.419253
426,BS_4,BS,0.677869,0.846595,0.288802,0.342074,1,1,1,2,0.0
426,HAP_0,HAP,0.707952,0.924787,0.045378,0.097327,3,0,0,0,0.619702
426,HAP_1,HAP,0.654873,0.909706,0.323315,0.186904,1,1,1,0,0.96977
426,HAP_2,HAP,0.641026,0.833435,0.344685,0.368077,1,1,1,2,0.479702
426,LEO_0,LEO,0.709928,0.918501,0.042592,0.103815,3,0,0,0,0.639537
426,LEO_1,LEO,0.708389,0.925468,0.044762,0.098168,3,0,0,0,0.591924
427,BS_0,BS,0.664806,0.833605,0.308259,0.232139,1,1,1,4,0.661499
427,BS_1,BS,0.762811,0.851433,0.170745,0.300846,1,1,1,2,0.0
427,BS_2,BS,0.686885,0.823532,0.275589,0.28172,1,1,1,4,0.0
427,BS_3,BS,0.596047,0.824995,0.417435,0.301609,1,1,1,2,0.238773
427,BS_4,BS,0.794999,0.861686,0.129414,0.281196,1,1,1,2,0.0
427,HAP_0,HAP,0.794218,0.927044,0.130397,0.085513,1,1,1,0,0.464292
427,HAP_1,HAP,0.841725,0.917001,0.072302,0.151876,1,1,1,0,0.591223
427,HAP_2,HAP,0.591902,0.828533,0.424415,0.375519,1,1,1,2,0.712817
427,LEO_0,LEO,0.658252,0.926784,0.018167,0.083201,4,0,0,0,0.70185
427,LEO_1,LEO,0.774724,0.92684,0.155249,0.08938,1,1,1,0,0.380488
428,BS_0,BS,0.644845,0.831559,0.338745,0.237348,1,1,1,4,0.0
428,BS_1,BS,0.758082,0.861072,0.176963,0.254769,1,1,1,2,0.0
428,BS_2,BS,0.678825,0.826685,0.287392,0.262543,1,1,1,4,0.0
428,BS_3,BS,0.749728,0.837065,0.188044,0.257199,1,1,1,2,0.0
428,BS_4,BS,0.687272,0.867277,0.275025,0.258994,1,1,1,1,0.0
428,HAP_0,HAP,0.797136,0.93508,0.02673,0.068732,2,0,0,0,0.494954
428,HAP_1,HAP,0.581103,0.893746,0.442828,0.209744,1,1,1,0,1.835953
428,HAP_2,HAP,0.625712,0.832115,0.368864,0.361643,1,1,1,2,0.10388
428,LEO_0,LEO,0.882109,0.933083,0.025439,0.066852,1,1,0,0,0.679055
428,LEO_1,LEO,0.800142,0.935754,0.022966,0.071741,2,0,0,0,0.437077
429,BS_0,BS,0.639813,0.830446,0.34658,0.243931,1,1,1,3,0.0
429,BS_1,BS,0.60675,0.851484,0.399638,0.275685,1,1,1,2,0.0
429,BS_2,BS,0.515118,0.817578,0.563359,0.352852,1,1,1,2,0.0
429,BS_3,BS,0.683694,0.838507,0.280244,0.241101,1,1,1,4,0.500616
429,BS_4,BS,0.484978,0.844372,0.623651,0.382219,1,1,1,2,0.0
429,HAP_0,HAP,0.725315,0.941759,0.02115,0.055187,3,0,0,0,0.505662
429,HAP_1,HAP,0.534314,0.879335,0.526772,0.292665,1,1,1,0,0.174758
429,HAP_2,HAP,0.70307,0.841444,0.2523,0.317959,1,1,1,2,0.273694
429,LEO_0,LEO,0.75187,0.933183,0.085192,0.056747,2,0,0,0,0.851057
429,LEO_1,LEO,0.656006,0.919799,0.321585,0.103931,1,1,1,0,1.080079
430,BS_0,BS,0.67141,0.831653,0.298376,0.235208,1,1,1,2,0.460337
430,BS_1,BS,0.72713,0.856899,0.21865,0.242062,1,1,1,3,0.0
430,BS_2,BS,0.653371,0.820532,0.32561,0.329992,1,1,1,5,0.0
430,BS_3,BS,0.688503,0.839546,0.273236,0.226477,1,1,1,4,0.720987
430,BS_4,BS,0.849867,0.860882,0.062676,0.307543,1,1,1,2,0.0
430,HAP_0,HAP,0.65816,0.94723,0.018308,0.044301,4,0,0,0,0.508898
430,HAP_1,HAP,0.850586,0.893196,0.061829,0.235853,1,1,1,0,0.71898
430,HAP_2,HAP,0.663191,0.846021,0.310693,0.297806,1,1,1,1,0.553244
430,LEO_0,LEO,0.738836,0.939532,0.002679,0.045401,3,0,0,0,0.652443
430,LEO_1,LEO,0.77359,0.920243,0.156714,0.094196,1,1,1,0,0.536439
431,BS_0,BS,0.646817,0.830221,0.335691,0.238876,1,1,1,4,0.0
431,BS_1,BS,0.683851,0.854484,0.280015,0.228933,1,1,1,3,0.45283
431,BS_2,BS,0.667089,0.823337,0.304832,0.305809,1,1,1,5,0.0
431,BS_3,BS,0.662875,0.838045,0.311169,0.224753,1,1,1,3,0.0
431,BS_4,BS,0.623829,0.858376,0.371879,0.308266,1,1,1,2,0.231087
431,HAP_0,HAP,0.744291,0.943642,0.195323,0.052608,1,1,1,0,0.175928
431,HAP_1,HAP,0.794882,0.898462,0.129561,0.196236,1,1,1,0,0.876027
431,HAP_2,HAP,0.599624,0.844966,0.411452,0.314426,1,1,1,1,0.343056
431,LEO_0,LEO,0.646517,0.94202,0.036156,0.036909,4,0,0,0,0.75821
431,LEO_1,LEO,0.765436,0.924483,0.06731,0.077396,2,0,0,0,0.8043
432,BS_0,BS,0.654073,0.829712,0.324536,0.238496,1,1,1,3,0.429187
432,BS_1,BS,0.69802,0.85317,0.259508,0.213451,1,1,1,2,0.532245
432,BS_2,BS,0.628122,0.821808,0.365021,0.304605,1,1,1,3,0.0
432,BS_3,BS,0.497357,0.821275,0.598448,0.340966,1,1,1,2,0.67847
432,BS_4,BS,0.581126,0.85616,0.442787,0.33484,1,1,1,1,0.0
432,HAP_0,HAP,0.725101,0.935296,0.221445,0.064154,1,1,1,0,0.730764
432,HAP_1,HAP,0.76708,0.903405,0.165164,0.169264,1,1,1,0,0.473811
432,HAP_2,HAP,0.562034,0.837523,0.476193,0.353583,1,1,1,2,0.463377
432,LEO_0,LEO,0.824337,0.939733,0.093176,0.033434,1,1,0,0,0.850559
432,LEO_1,LEO,0.808725,0.92787,0.112296,0.067591,1,1,1,0,0.430544
433,BS_0,BS,0.651622,0.829074,0.32829,0.239296,1,1,1,3,0.0
433,BS_1,BS,0.51659,0.839822,0.560507,0.312137,1,1,1,2,0.0
433,BS_2,BS,0.647791,0.822404,0.334187,0.293941,1,1,1,4,0.0
433,BS_3,BS,0.820839,0.837693,0.097429,0.277044,1,1,1,3,0.296274
433,BS_4,BS,0.551031,0.847164,0.495964,0.378563,1,1,1,2,0.0
433,HAP_0,HAP,0.792609,0.941111,0.032425,0.051796,2,0,0,0,0.489234
433,HAP_1,HAP,0.755899,0.910785,0.079848,0.13828,2,0,0,0,0.757116
433,HAP_2,HAP,0.601763,0.838383,0.407891,0.357735,1,1,1,1,0.504712
433,LEO_0,LEO,0.754833,0.940118,0.081259,0.029719,2,0,0,0,0.641875
433,LEO_1,LEO,0.802252,0.936065,0.020333,0.054259,2,0,0,0,0.501883
434,BS_0,BS,0.497575,0.817582,0.59801,0.352364,1,1,1,2,0.0
434,BS_1,BS,0.62976,0.836296,0.362417,0.308815,1,1,1,3,0.0
434,BS_2,BS,0.649298,0.823013,0.331863,0.284712,1,1,1,5,0.0
434,BS_3,BS,0.678484,0.838185,0.287894,0.258932,1,1,1,3,0.543209
434,BS_4,BS,0.6259,0.844987,0.368565,0.363979,1,1,1,2,0.0
434,HAP_0,HAP,0.73439,0.946831,0.008715,0.041471,3,0,0,0,0.562459
434,HAP_1,HAP,0.73787,0.922379,0.003988,0.110632,3,0,0,0,0.572548
434,HAP_2,HAP,0.473135,0.819793,0.648375,0.475364,1,1,1,3,0.443463
434,LEO_0,LEO,0.679027,0.940163,0.087094,0.027188,3,0,0,0,0.668395
434,LEO_1,LEO,0.682986,0.939878,0.081281,0.04638,3,0,0,0,0.386807
435,BS_0,BS,0.757789,0.830198,0.17735,0.296045,1,1,1,2,0.387796
435,BS_1,BS,0.699528,0.838832,0.257349,0.276855,1,1,1,3,0.0
435,BS_2,BS,0.641235,0.822749,0.344359,0.281132,1,1,1,5,0.0
435,BS_3,BS,0.667336,0.837956,0.304461,0.24886,1,1,1,2,0.534453
435,BS_4,BS,0.795275,0.856921,0.129068,0.298679,1,1,1,2,0.0
435,HAP_0,HAP,0.623711,0.946393,0.072068,0.035514,4,0,0,0,0.705035
435,HAP_1,HAP,0.772232,0.920068,0.15847,0.099806,1,1,1,0,0.89065
435,HAP_2,HAP,0.716052,0.830771,0.234002,0.404932,1,1,1,3,0.511315
435,LEO_0,LEO,0.619272,0.940553,0.079211,0.024574,4,0,0,0,0.685364
435,LEO_1,LEO,0.619444,0.940667,0.078933,0.039908,4,0,0,0,0.710065
436,BS_0,BS,0.676529,0.832067,0.290779,0.274884,1,1,1,3,0.493752
436,BS_1,BS,0.37783,0.811336,0.87331,0.564685,1,1,1,1,0.332288
436,BS_2,BS,0.626349,0.821128,0.367848,0.285796,1,1,1,3,0.0
436,BS_3,BS,0.663422,0.838439,0.310344,0.242429,1,1,1,2,0.788816
436,BS_4,BS,0.740139,0.860133,0.200918,0.257109,1,1,1,2,0.469966
436,HAP_0,HAP,0.869463,0.948457,0.03988,0.029127,1,1,0,0,0.614389
436,HAP_1,HAP,0.775256,0.921247,0.154562,0.090595,1,1,1,0,0.483489
436,HAP_2,HAP,0.651042,0.831577,0.329181,0.372707,1,1,1,3,0.519705
436,LEO_0,LEO,0.781939,0.937861,0.145979,0.029249,1,1,1,0,0.557218
436,LEO_1,LEO,0.865214,0.945203,0.044779,0.032829,1,1,0,0,0.418025
437,BS_0,BS,0.675433,0.836243,0.292402,0.258382,1,1,1,2,0.0
437,BS_1,BS,0.69306,0.826282,0.266638,0.483741,1,1,1,2,0.0
437,BS_2,BS,0.621817,0.820924,0.37511,0.291955,1,1,1,3,0.0
437,BS_3,BS,0.630635,0.840021,0.361028,0.252596,1,1,1,2,0.0
437,BS_4,BS,0.804541,0.869745,0.117484,0.211898,1,1,1,2,0.0
437,HAP_0,HAP,0.798245,0.94322,0.125339,0.030371,1,1,1,0,0.846516
437,HAP_1,HAP,0.804941,0.929727,0.016987,0.072606,2,0,0,0,0.643146
437,HAP_2,HAP,0.601846,0.832937,0.407753,0.372984,1,1,1,2,0.208464
437,LEO_0,LEO,0.75227,0.940219,0.084659,0.026624,2,0,0,0,0.478262
437,LEO_1,LEO,0.775895,0.947353,0.053738,0.027562,2,0,0,0,0.581967
438,BS_0,BS,0.782828,0.847635,0.144843,0.216146,1,1,1,3,0.0
438,BS_1,BS,0.673307,0.834862,0.295555,0.426302,1,1,1,2,0.0
438,BS_2,BS,0.678764,0.824796,0.287481,0.270755,1,1,1,5,0.0
438,BS_3,BS,0.743674,0.851485,0.196152,0.219391,1,1,1,2,0.0
438,BS_4,BS,0.70675,0.866709,0.247078,0.19699,1,1,1,2,0.366933
438,HAP_0,HAP,0.808456,0.946359,0.01263,0.024369,2,0,0,0,0.731822
438,HAP_1,HAP,0.682598,0.931646,0.081849,0.061099,3,0,0,0,0.746802
438,HAP_2,HAP,0.6378,0.835131,0.349731,0.353427,1,1,1,3,0.174389
438,LEO_0,LEO,0.802452,0.940511,0.120083,0.027788,1,1,1,0,0.432641
438,LEO_1,LEO,0.67928,0.949202,0.086722,0.025434,3,0,0,0,0.295096
439,BS_0,BS,0.679345,0.846376,0.286626,0.209887,1,1,1,4,0.685222
439,BS_1,BS,0.6736,0.839417,0.295119,0.380234,1,1,1,3,0.0
439,BS_2,BS,0.667849,0.826676,0.303693,0.258107,1,1,1,4,0.0
439,BS_3,BS,0.695043,0.853736,0.263781,0.206824,1,1,1,1,0.668772
439,BS_4,BS,0.568091,0.855033,0.465473,0.255091,1,1,1,1,0.414411
439,HAP_0,HAP,0.773442,0.93767,0.156905,0.030573,1,1,1,0,1.063835
439,HAP_1,HAP,0.712298,0.928553,0.239259,0.07464,1,1,1,0,0.1204
439,HAP_2,HAP,0.77627,0.848401,0.153255,0.293311,1,1,1,3,0.271881
439,LEO_0,LEO,0.557438,0.911259,0.484405,0.127822,1,1,1,0,1.399215
439,LEO_1,LEO,0.71555,0.944021,0.234704,0.045136,1,1,1,0,0.0703
440,BS_0,BS,0.498941,0.828939,0.595267,0.327364,1,1,1,1,0.697764
440,BS_1,BS,0.74342,0.851592,0.196494,0.321562,1,1,1,2,0.0
440,BS_2,BS,0.654405,0.826912,0.324029,0.253733,1,1,1,4,0.0
440,BS_3,BS,0.711978,0.857541,0.239708,0.191316,1,1,1,2,0.522454
440,BS_4,BS,0.743676,0.86275,0.196149,0.221387,1,1,1,2,0.0
440,HAP_0,HAP,0.709439,0.929657,0.243281,0.051092,1,1,1,0,0.485269
440,HAP_1,HAP,0.745517,0.93269,0.093678,0.063661,2,0,0,0,0.506184
440,HAP_2,HAP,0.66074,0.850759,0.314395,0.279129,1,1,1,1,0.578951
440,LEO_0,LEO,0.731416,0.9088,0.212773,0.12263,1,1,1,0,0.627956
440,LEO_1,LEO,0.696427,0.93362,0.261792,0.06695,1,1,1,0,0.704668
441,BS_0,BS,0.62095,0.826072,0.376505,0.325681,1,1,1,3,0.0
441,BS_1,BS,0.745235,0.862477,0.194055,0.274195,1,1,1,1,0.0
441,BS_2,BS,0.637778,0.825546,0.349765,0.258037,1,1,1,3,0.0
441,BS_3,BS,0.647109,0.857519,0.335241,0.203627,1,1,1,1,0.0
441,BS_4,BS,0.733813,0.866413,0.209501,0.19686,1,1,1,2,0.0
441,HAP_0,HAP,0.818696,0.932611,0.100043,0.045378,1,1,1,0,0.491918
441,HAP_1,HAP,0.737814,0.942722,0.004063,0.050936,3,0,0,0,0.285082
441,HAP_2,HAP,0.575138,0.840365,0.453146,0.315706,1,1,1,3,0.652184
441,LEO_0,LEO,0.764759,0.915892,0.068195,0.100197,2,0,0,0,0.696001
441,LEO_1,LEO,0.779908,0.939607,0.048579,0.054622,2,0,0,0,0.399635
442,BS_0,BS,0.70624,0.831092,0.2478,0.288177,1,1,1,4,0.0
442,BS_1,BS,0.556407,0.848621,0.486256,0.325756,1,1,1,2,0.0
442,BS_2,BS,0.642564,0.8249,0.342288,0.259152,1,1,1,5,0.0
442,BS_3,BS,0.578178,0.847263,0.447874,0.253168,1,1,1,3,0.0
442,BS_4,BS,0.649267,0.858972,0.331912,0.207062,1,1,1,3,0.0
442,HAP_0,HAP,0.544788,0.902625,0.507358,0.152138,1,1,1,0,1.797627
442,HAP_1,HAP,0.648796,0.949583,0.032637,0.041228,4,0,0,0,0.249875
442,HAP_2,HAP,0.698411,0.845053,0.258947,0.282739,1,1,1,3,0.345145
442,LEO_0,LEO,0.729218,0.914924,0.215783,0.101111,1,1,1,0,0.428888
442,LEO_1,LEO,0.691535,0.943484,0.068841,0.04583,3,0,0,0,0.399495
443,BS_0,BS,0.673477,0.832176,0.295301,0.269783,1,1,1,4,1.329103
443,BS_1,BS,0.827888,0.862013,0.088877,0.26416,1,1,1,2,0.0
443,BS_2,BS,0.647757,0.824866,0.334239,0.257594,1,1,1,4,0.0
443,BS_3,BS,0.720076,0.850727,0.228399,0.226009,1,1,1,3,0.0
443,BS_4,BS,0.689106,0.855988,0.272359,0.199031,1,1,1,3,0.0
443,HAP_0,HAP,0.693367,0.898621,0.266195,0.153597,1,1,1,0,0.612862
443,HAP_1,HAP,0.890707,0.95536,0.01574,0.033094,1,1,0,0,0.354344
443,HAP_2,HAP,0.753859,0.853789,0.18255,0.241187,1,1,1,3,0.481939
443,LEO_0,LEO,0.549588,0.889056,0.498585,0.192753,1,1,1,0,1.797706
443,LEO_1,LEO,0.652175,0.947626,0.027442,0.037003,4,0,0,0,0.587624
444,BS_0,BS,0.647631,0.830679,0.334434,0.266157,1,1,1,4,0.0
444,BS_1,BS,0.725788,0.86207,0.220498,0.233206,1,1,1,2,1.039354
444,BS_2,BS,0.643475,0.82444,0.340872,0.258362,1,1,1,4,0.0
444,BS_3,BS,0.523439,0.833065,0.547334,0.315616,1,1,1,1,1.379519
444,BS_4,BS,0.642234,0.851273,0.342802,0.212106,1,1,1,2,0.0
444,HAP_0,HAP,0.714467,0.899961,0.236219,0.147987,1,1,1,0,0.407649
444,HAP_1,HAP,0.667018,0.938103,0.304938,0.068319,1,1,1,0,0.902058
444,HAP_2,HAP,0.672647,0.850979,0.296535,0.23252,1,1,1,3,1.182477
444,LEO_0,LEO,0.585802,0.880207,0.434773,0.239265,1,1,1,0,0.294677
444,LEO_1,LEO,0.820415,0.948589,0.097946,0.033919,1,1,0,0,0.316417
445,BS_0,BS,0.650555,0.829748,0.32993,0.26191,1,1,1,4,0.0
445,BS_1,BS,0.773278,0.865367,0.157117,0.197674,1,1,1,2,0.929564
445,BS_2,BS,0.646274,0.82436,0.336531,0.257654,1,1,1,5,0.0
445,BS_3,BS,0.574105,0.82422,0.454943,0.345631,1,1,1,3,0.0
445,BS_4,BS,0.464791,0.834411,0.666167,0.369385,1,1,1,1,0.0
445,HAP_0,HAP,0.757713,0.908689,0.07745,0.121089,2,0,0,0,0.710068
445,HAP_1,HAP,0.63144,0.927319,0.359752,0.112895,1,1,1,0,0.0
445,HAP_2,HAP,0.553868,0.843727,0.49083,0.294427,1,1,1,2,0.105639
445,LEO_0,LEO,0.685712,0.885432,0.277298,0.226014,1,1,1,0,0.138218
445,LEO_1,LEO,0.503295,0.91095,0.586578,0.181969,1,1,1,0,1.556117
446,BS_0,BS,0.614184,0.825551,0.38746,0.277084,1,1,1,3,0.409109
446,BS_1,BS,0.573118,0.853298,0.456663,0.251983,1,1,1,2,0.505992
446,BS_2,BS,0.62864,0.822636,0.364197,0.265811,1,1,1,5,0.0
446,BS_3,BS,0.788293,0.836116,0.137885,0.28506,1,1,1,3,0.52714
446,BS_4,BS,0.536019,0.822786,0.523586,0.418872,1,1,1,3,0.0
446,HAP_0,HAP,0.676318,0.914648,0.091092,0.100605,3,0,0,0,0.688885
446,HAP_1,HAP,0.763306,0.926441,0.170096,0.103336,1,1,1,0,0.611615
446,HAP_2,HAP,0.584499,0.835634,0.437,0.321478,1,1,1,3,0.735646
446,LEO_0,LEO,0.729652,0.889279,0.215188,0.201649,1,1,1,0,0.717061
446,LEO_1,LEO,0.701234,0.906322,0.254913,0.174816,1,1,1,0,0.574758
447,BS_0,BS,0.684997,0.830234,0.27834,0.25653,1,1,1,2,0.212105
447,BS_1,BS,0.773657,0.862328,0.156626,0.212625,1,1,1,2,0.260565
447,BS_2,BS,0.642975,0.82261,0.341649,0.265174,1,1,1,4,0.0
447,BS_3,BS,0.746934,0.842389,0.191778,0.244599,1,1,1,2,0.772812
447,BS_4,BS,0.699285,0.828102,0.257697,0.364981,1,1,1,3,0.359863
447,HAP_0,HAP,0.618901,0.922655,0.07981,0.083351,4,0,0,0,0.36333
447,HAP_1,HAP,0.719829,0.919299,0.228742,0.106214,1,1,1,0,0.885953
447,HAP_2,HAP,0.688895,0.841643,0.272667,0.290638,1,1,1,3,0.236636
447,LEO_0,LEO,0.81642,0.901286,0.102826,0.166077,1,1,1,0,0.342074
447,LEO_1,LEO,0.755815,0.913551,0.079959,0.14273,2,0,0,0,0.660013
448,BS_0,BS,0.725665,0.836245,0.220667,0.227137,1,1,1,4,0.0
448,BS_1,BS,0.754781,0.869216,0.181327,0.184896,1,1,1,2,0.0
448,BS_2,BS,0.534906,0.815682,0.525665,0.336485,1,1,1,3,0.0
448,BS_3,BS,0.704728,0.847317,0.249944,0.223791,1,1,1,2,0.0
448,BS_4,BS,0.384041,0.805735,0.857007,0.622492,1,1,1,1,0.0
448,HAP_0,HAP,0.848777,0.927856,0.063959,0.068521,1,1,0,0,0.696985
448,HAP_1,HAP,0.764614,0.920419,0.168384,0.09773,1,1,1,0,0.411434
448,HAP_2,HAP,0.620697,0.842362,0.376913,0.296439,1,1,1,1,0.572959
448,LEO_0,LEO,0.627165,0.889261,0.366545,0.193322,1,1,1,0,1.122605
448,LEO_1,LEO,0.682588,0.910249,0.281864,0.149935,1,1,1,0,0.292307
449,BS_0,BS,0.639786,0.836116,0.346621,0.235775,1,1,1,2,0.0
449,BS_1,BS,0.59262,0.864722,0.423202,0.228512,1,1,1,1,0.0
449,BS_2,BS,0.678872,0.821133,0.287322,0.306338,1,1,1,4,0.0
449,BS_3,BS,0.685513,0.846879,0.277588,0.213708,1,1,1,3,0.413269
449,BS_4,BS,0.492343,0.795008,0.60858,0.66466,1,1,1,3,0.0
449,HAP_0,HAP,0.602899,0.905596,0.406006,0.128995,1,1,1,0,1.380347
449,HAP_1,HAP,0.745249,0.926681,0.094037,0.082163,2,0,0,0,0.378557
449,HAP_2,HAP,0.581152,0.838934,0.442743,0.325361,1,1,1,3,0.113059
449,LEO_0,LEO,0.670804,0.889267,0.299278,0.194963,1,1,1,0,0.278838
449,LEO_1,LEO,0.75268,0.919888,0.084115,0.123132,2,0,0,0,0.316005
450,BS_0,BS,0.661937,0.835722,0.312584,0.232589,1,1,1,4,0.0
450,BS_1,BS,0.670286,0.866629,0.300051,0.223323,1,1,1,2,0.0
450,BS_2,BS,0.684517,0.82533,0.279041,0.280109,1,1,1,5,0.0
450,BS_3,BS,0.546169,0.834576,0.504827,0.285649,1,1,1,1,0.655618
450,BS_4,BS,0.678501,0.804121,0.28787,0.569019,1,1,1,3,0.0
450,HAP_0,HAP,0.649736,0.898462,0.331189,0.152555,1,1,1,0,0.45966
450,HAP_1,HAP,0.677249,0.929194,0.089717,0.069353,3,0,0,0,0.745732
450,HAP_2,HAP,0.586329,0.832063,0.433875,0.345,1,1,1,3,0.567087
450,LEO_0,LEO,0.816236,0.898601,0.103052,0.160749,1,1,1,0,0.72401
450,LEO_1,LEO,0.817051,0.923731,0.102054,0.103192,1,1,1,0,0.675474
451,BS_0,BS,0.685205,0.837012,0.278038,0.220859,1,1,1,4,0.4288
451,BS_1,BS,0.687895,0.868069,0.274119,0.212472,1,1,1,2,0.0
451,BS_2,BS,0.657631,0.82615,0.319112,0.269912,1,1,1,6,0.0
451,BS_3,BS,0.721669,0.842486,0.226188,0.251541,1,1,1,1,0.592796
451,BS_4,BS,0.685339,0.812585,0.277842,0.489953,1,1,1,2,0.0
451,HAP_0,HAP,0.724852,0.901653,0.221788,0.144179,1,1,1,0,0.32265
451,HAP_1,HAP,0.612361,0.93115,0.090433,0.059162,4,0,0,0,0.678166
451,HAP_2,HAP,0.753896,0.843075,0.182501,0.290988,1,1,1,2,0.537822
451,LEO_0,LEO,0.751128,0.906097,0.086179,0.131941,2,0,0,0,0.785861
451,LEO_1,LEO,0.742878,0.918442,0.197223,0.100058,1,1,1,0,0.937184
452,BS_0,BS,0.660612,0.835757,0.314588,0.221221,1,1,1,4,0.620443
452,BS_1,BS,0.794123,0.878919,0.130516,0.177643,1,1,1,2,0.0
452,BS_2,BS,0.652827,0.82634,0.326443,0.263884,1,1,1,6,0.0
452,BS_3,BS,0.644535,0.839315,0.339226,0.253016,1,1,1,2,0.576999
452,BS_4,BS,0.356906,0.789625,0.930283,0.781404,1,1,1,1,0.0
452,HAP_0,HAP,0.756911,0.910959,0.07851,0.118117,2,0,0,0,0.611357
452,HAP_1,HAP,0.866712,0.93756,0.043049,0.048164,1,1,0,0,0.42762
452,HAP_2,HAP,0.671034,0.84732,0.298935,0.273003,1,1,1,2,0.364335
452,LEO_0,LEO,0.781061,0.907525,0.147101,0.11529,1,1,1,0,0.875502
452,LEO_1,LEO,0.750423,0.922716,0.087118,0.083461,2,0,0,0,0.633574
453,BS_0,BS,0.642334,0.833052,0.342646,0.22981,1,1,1,3,0.0
453,BS_1,BS,0.595748,0.874236,0.417938,0.220717,1,1,1,1,0.0
453,BS_2,BS,0.645742,0.825832,0.337355,0.262321,1,1,1,5,0.0
453,BS_3,BS,0.698304,0.844476,0.259101,0.232623,1,1,1,2,0.0
453,BS_4,BS,0.700301,0.809066,0.256244,0.654671,1,1,1,2,0.0
453,HAP_0,HAP,0.711922,0.921308,0.039787,0.095206,3,0,0,0,0.492677
453,HAP_1,HAP,0.529072,0.904895,0.53663,0.168118,1,1,1,0,2.444057
453,HAP_2,HAP,0.665912,0.850075,0.306598,0.260704,1,1,1,2,0.500893
453,LEO_0,LEO,0.730892,0.908328,0.21349,0.112742,1,1,1,0,0.397199
453,LEO_1,LEO,0.66217,0.916005,0.312233,0.110639,1,1,1,0,0.258946
454,BS_0,BS,0.637704,0.830449,0.349881,0.238936,1,1,1,4,0.0
454,BS_1,BS,0.598913,0.872171,0.412638,0.253195,1,1,1,1,0.0
454,BS_2,BS,0.648533,0.825683,0.333042,0.259769,1,1,1,5,0.0
454,BS_3,BS,0.703663,0.851972,0.251456,0.214552,1,1,1,2,0.0
454,BS_4,BS,0.642696,0.815506,0.342084,0.576397,1,1,1,2,0.413784
454,HAP_0,HAP,0.745693,0.918063,0.193441,0.093004,1,1,1,0,0.7953
454,HAP_1,HAP,0.671594,0.899156,0.298102,0.174484,1,1,1,0,0.535358
454,HAP_2,HAP,0.634375,0.850289,0.355114,0.265311,1,1,1,2,0.363592
454,LEO_0,LEO,0.813597,0.920667,0.00629,0.090212,2,0,0,0,0.580144
454,LEO_1,LEO,0.818709,0.928433,2.6e-05,0.088511,2,0,0,0,0.460401
455,BS_0,BS,0.646009,0.829143,0.336941,0.242237,1,1,1,4,0.0
455,BS_1,BS,0.532552,0.860556,0.530074,0.328997,1,1,1,1,0.0
455,BS_2,BS,0.641778,0.824936,0.343513,0.260916,1,1,1,5,0.0
455,BS_3,BS,0.625081,0.845681,0.369874,0.233205,1,1,1,3,0.510068
455,BS_4,BS,0.410954,0.802803,0.789275,0.741447,1,1,1,0,0.0
455,HAP_0,HAP,0.793218,0.926229,0.031657,0.074854,2,0,0,0,0.605782
455,HAP_1,HAP,0.732798,0.902067,0.210886,0.1596,1,1,1,0,0.403771
455,HAP_2,HAP,0.619252,0.846942,0.379243,0.27697,1,1,1,2,0.624931
455,LEO_0,LEO,0.694995,0.926222,0.06385,0.074004,3,0,0,0,0.669698
455,LEO_1,LEO,0.692641,0.933333,0.067243,0.072844,3,0,0,0,0.563124
456,BS_0,BS,0.521099,0.819753,0.551815,0.330814,1,1,1,2,0.0
456,BS_1,BS,0.621441,0.859358,0.375715,0.32672,1,1,1,1,0.0
456,BS_2,BS,0.625129,0.823999,0.369798,0.27027,1,1,1,4,0.0
456,BS_3,BS,0.673696,0.844105,0.294977,0.225719,1,1,1,4,0.276562
456,BS_4,BS,0.568557,0.808113,0.464653,0.690314,1,1,1,1,0.0
456,HAP_0,HAP,0.703607,0.930322,0.051535,0.061078,3,0,0,0,0.788147
456,HAP_1,HAP,0.782032,0.912976,0.045859,0.128626,2,0,0,0,0.625564
456,HAP_2,HAP,0.600661,0.84045,0.409724,0.297119,1,1,1,2,0.566392
456,LEO_0,LEO,0.647848,0.932896,0.034099,0.059726,4,0,0,0,0.59233
456,LEO_1,LEO,0.633317,0.939741,0.056784,0.059726,4,0,0,0,0.305347
457,BS_0,BS,0.665634,0.823291,0.307015,0.307068,1,1,1,4,0.718518
457,BS_1,BS,0.581379,0.851307,0.442353,0.34943,1,1,1,2,0.0
457,BS_2,BS,0.683471,0.827613,0.280571,0.251641,1,1,1,4,0.0
457,BS_3,BS,0.698561,0.844812,0.258733,0.210699,1,1,1,4,0.752201
457,BS_4,BS,0.519263,0.802492,0.555344,0.691034,1,1,1,2,0.0
457,HAP_0,HAP,0.613913,0.933505,0.087902,0.05234,4,0,0,0,0.495506
457,HAP_1,HAP,0.736972,0.924753,0.005205,0.102913,3,0,0,0,0.516324
457,HAP_2,HAP,0.707856,0.846082,0.245515,0.26482,1,1,1,2,0.581287
457,LEO_0,LEO,0.855014,0.938245,0.056638,0.049225,1,1,0,0,0.433355
457,LEO_1,LEO,0.896899,0.947026,0.008812,0.047816,1,1,0,0,0.441804
458,BS_0,BS,0.691854,0.827712,0.268381,0.278067,1,1,1,4,0.0
458,BS_1,BS,0.68057,0.852078,0.284824,0.31605,1,1,1,2,0.0
458,BS_2,BS,0.627982,0.825225,0.365244,0.261344,1,1,1,6,0.0
458,BS_3,BS,0.663813,0.842275,0.309754,0.211736,1,1,1,4,0.0
458,BS_4,BS,0.747864,0.818899,0.190534,0.569164,1,1,1,2,0.0
458,HAP_0,HAP,0.889799,0.938751,0.01676,0.041998,1,1,0,0,0.744035
458,HAP_1,HAP,0.667886,0.934401,0.003638,0.082337,4,0,0,0,0.514988
458,HAP_2,HAP,0.658322,0.843715,0.318061,0.257379,1,1,1,2,0.887617
458,LEO_0,LEO,0.629044,0.918486,0.363553,0.098857,1,1,1,0,1.170283
458,LEO_1,LEO,0.703261,0.934454,0.252027,0.066836,1,1,1,0,0.899669
459,BS_0,BS,0.665551,0.828778,0.30714,0.264904,1,1,1,4,0.0
459,BS_1,BS,0.797778,0.863691,0.125925,0.259976,1,1,1,2,0.0
459,BS_2,BS,0.60061,0.820601,0.40981,0.28465,1,1,1,4,0.0
459,BS_3,BS,0.640014,0.8389,0.346266,0.223344,1,1,1,3,0.0
459,BS_4,BS,0.68822,0.827914,0.273647,0.489028,1,1,1,1,0.421868
459,HAP_0,HAP,0.590099,0.911943,0.427466,0.115826,1,1,1,0,1.791429
459,HAP_1,HAP,0.850795,0.937664,0.061584,0.067576,1,1,0,0,0.640595
459,HAP_2,HAP,0.62139,0.842506,0.375796,0.269454,1,1,1,2,0.424258
459,LEO_0,LEO,0.779003,0.918844,0.149741,0.089175,1,1,1,0,0.612606
459,LEO_1,LEO,0.802868,0.939394,0.019565,0.053641,2,0,0,0,0.673304
460,BS_0,BS,0.635161,0.826797,0.353877,0.268276,1,1,1,3,0.0
460,BS_1,BS,0.686464,0.864288,0.276202,0.24231,1,1,1,2,0.44493
460,BS_2,BS,0.649696,0.821608,0.33125,0.277097,1,1,1,5,0.0
460,BS_3,BS,0.671165,0.838367,0.29874,0.218836,1,1,1,4,0.0
460,BS_4,BS,0.665676,0.831234,0.306952,0.433621,1,1,1,2,0.0
460,HAP_0,HAP,0.654115,0.902826,0.324472,0.140038,1,1,1,0,0.572272
460,HAP_1,HAP,0.774162,0.939957,0.055974,0.055471,2,0,0,0,0.697995
460,HAP_2,HAP,0.602879,0.842553,0.406039,0.289753,1,1,1,2,0.148132
460,LEO_0,LEO,0.811819,0.92703,0.008478,0.071373,2,0,0,0,0.768075
460,LEO_1,LEO,0.719159,0.942001,0.029672,0.043309,3,0,0,0,0.791863
461,BS_0,BS,0.646864,0.826864,0.33562,0.265309,1,1,1,3,0.0
461,BS_1,BS,0.731813,0.869006,0.21223,0.214117,1,1,1,2,0.0
461,BS_2,BS,0.648288,0.822282,0.33342,0.271704,1,1,1,5,0.0
461,BS_3,BS,0.647344,0.836937,0.334877,0.225533,1,1,1,2,0.0
461,BS_4,BS,0.800416,0.846466,0.122624,0.353664,1,1,1,2,0.0
461,HAP_0,HAP,0.77816,0.90724,0.150823,0.122266,1,1,1,0,0.564894
461,HAP_1,HAP,0.693734,0.941064,0.065667,0.046317,3,0,0,0,0.699797
461,HAP_2,HAP,0.637747,0.845073,0.349813,0.286869,1,1,1,2,0.168609
461,LEO_0,LEO,0.62839,0.90687,0.364595,0.116916,1,1,1,0,1.421384
461,LEO_1,LEO,0.662842,0.945807,0.011219,0.034704,4,0,0,0,0.696728
462,BS_0,BS,0.637616,0.825603,0.350019,0.267379,1,1,1,4,0.0
462,BS_1,BS,0.672608,0.863471,0.296593,0.210879,1,1,1,1,1.078469
462,BS_2,BS,0.639323,0.821985,0.347346,0.271655,1,1,1,5,0.0
462,BS_3,BS,0.688935,0.83846,0.272608,0.213868,1,1,1,3,0.0
462,BS_4,BS,0.726525,0.849771,0.219483,0.304609,1,1,1,2,2.977181
462,HAP_0,HAP,0.757993,0.906088,0.177081,0.111924,1,1,1,0,0.985703
462,HAP_1,HAP,0.784293,0.940441,0.142972,0.046252,1,1,1,0,0.304964
462,HAP_2,HAP,0.564049,0.843195,0.472614,0.330009,1,1,1,0,0.363689
462,LEO_0,LEO,0.594344,0.894798,0.420297,0.173025,1,1,1,0,0.363059
462,LEO_1,LEO,0.637023,0.933564,0.350949,0.083187,1,1,1,0,0.075068
463,BS_0,BS,0.494572,0.814416,0.604063,0.378104,1,1,1,2,0.0
463,BS_1,BS,0.706792,0.86349,0.247019,0.196161,1,1,1,2,0.0
463,BS_2,BS,0.629208,0.821227,0.363294,0.276716,1,1,1,3,0.0
463,BS_3,BS,0.664836,0.837329,0.308214,0.213843,1,1,1,3,0.0
463,BS_4,BS,0.7717,0.855421,0.15916,0.255086,1,1,1,2,0.532961
463,HAP_0,HAP,0.812525,0.911479,0.107609,0.09475,1,1,1,0,0.639814
463,HAP_1,HAP,0.764853,0.935486,0.168072,0.049713,1,1,1,0,0.751953
463,HAP_2,HAP,0.547147,0.834983,0.503038,0.377878,1,1,1,1,0.7248
463,LEO_0,LEO,0.762652,0.905904,0.070953,0.140686,2,0,0,0,0.57259
463,LEO_1,LEO,0.7178,0.926406,0.231564,0.09068,1,1,1,0,0.768256
464,BS_0,BS,0.664679,0.819061,0.308451,0.345297,1,1,1,4,0.0
464,BS_1,BS,0.754488,0.869729,0.181716,0.171788,1,1,1,2,0.0
464,BS_2,BS,0.594311,0.819967,0.420353,0.300887,1,1,1,3,0.0
464,BS_3,BS,0.651495,0.835165,0.328485,0.21963,1,1,1,3,0.0
464,BS_4,BS,0.77624,0.861741,0.153294,0.214643,1,1,1,2,0.0
464,HAP_0,HAP,0.601313,0.891278,0.408639,0.150944,1,1,1,0,1.838315
464,HAP_1,HAP,0.789123,0.935954,0.136833,0.048196,1,1,1,0,0.358614
464,HAP_2,HAP,0.560161,0.830997,0.479531,0.40578,1,1,1,2,0.273027
464,LEO_0,LEO,0.773943,0.910951,0.156258,0.123536,1,1,1,0,0.407729
464,LEO_1,LEO,0.754497,0.927092,0.181704,0.087401,1,1,1,0,0.227567
465,BS_0,BS,0.68432,0.824681,0.279329,0.311349,1,1,1,2,0.288376
465,BS_1,BS,0.721583,0.869208,0.226308,0.160478,1,1,1,2,0.627335
465,BS_2,BS,0.706503,0.826769,0.247427,0.268258,1,1,1,3,0.0
465,BS_3,BS,0.538364,0.82294,0.51922,0.29702,1,1,1,3,0.616216
465,BS_4,BS,0.607177,0.856158,0.398935,0.243332,1,1,1,2,0.0
465,HAP_0,HAP,0.55861,0.879158,0.482304,0.225433,1,1,1,0,0.28113
465,HAP_1,HAP,0.778473,0.940346,0.050421,0.039701,2,0,0,0,0.568384
465,HAP_2,HAP,0.585757,0.832702,0.434851,0.409717,1,1,1,1,0.426927
465,LEO_0,LEO,0.761026,0.918413,0.073088,0.101233,2,0,0,0,0.635355
465,LEO_1,LEO,0.752238,0.931645,0.084703,0.073149,2,0,0,0,0.54003
466,BS_0,BS,0.640405,0.829306,0.345655,0.302844,1,1,1,2,0.0
466,BS_1,BS,0.796766,0.8745,0.127195,0.135662,1,1,1,2,0.404127
466,BS_2,BS,0.652022,0.826883,0.327677,0.262924,1,1,1,4,0.0
466,BS_3,BS,0.693067,0.827546,0.266629,0.269607,1,1,1,4,0.0
466,BS_4,BS,0.639652,0.857722,0.346831,0.248797,1,1,1,1,0.0
466,HAP_0,HAP,0.745709,0.888249,0.193419,0.197181,1,1,1,0,0.310845
466,HAP_1,HAP,0.690234,0.942336,0.070725,0.034012,3,0,0,0,0.577283
466,HAP_2,HAP,0.529596,0.826327,0.53564,0.456883,1,1,1,2,0.281529
466,LEO_0,LEO,0.728023,0.929081,0.017423,0.081123,3,0,0,0,0.42652
466,LEO_1,LEO,0.686709,0.935952,0.075844,0.061108,3,0,0,0,0.478029
467,BS_0,BS,0.680041,0.83321,0.285602,0.278981,1,1,1,4,0.0
467,BS_1,BS,0.603862,0.866032,0.40441,0.182126,1,1,1,1,0.491191
467,BS_2,BS,0.632279,0.825026,0.358425,0.26815,1,1,1,6,0.0
467,BS_3,BS,0.709673,0.832498,0.242952,0.242247,1,1,1,3,0.0
467,BS_4,BS,0.673724,0.863634,0.294935,0.238182,1,1,1,1,0.0
467,HAP_0,HAP,0.809248,0.898173,0.11165,0.163354,1,1,1,0,0.629081
467,HAP_1,HAP,0.642506,0.946055,0.042379,0.028018,4,0,0,0,0.516522
467,HAP_2,HAP,0.606733,0.828329,0.399667,0.437387,1,1,1,2,0.541263
467,LEO_0,LEO,0.613899,0.931804,0.087924,0.068377,4,0,0,0,0.657987
467,LEO_1,LEO,0.611875,0.938244,0.091227,0.052632,4,0,0,0,0.510194
468,BS_0,BS,0.542863,0.828264,0.510898,0.340642,1,1,1,1,0.0
468,BS_1,BS,0.625421,0.863383,0.369331,0.207083,1,1,1,1,0.0
468,BS_2,BS,0.645288,0.824743,0.338058,0.265948,1,1,1,5,0.0
468,BS_3,BS,0.599899,0.826347,0.410994,0.26981,1,1,1,3,0.648179
468,BS_4,BS,0.593442,0.857374,0.421816,0.270613,1,1,1,2,0.0
468,HAP_0,HAP,0.616896,0.884417,0.383055,0.196713,1,1,1,0,1.249064
468,HAP_1,HAP,0.869336,0.950407,0.040025,0.023135,1,1,0,0,0.372643
468,HAP_2,HAP,0.595282,0.83001,0.418721,0.428806,1,1,1,2,0.203201
468,LEO_0,LEO,0.888562,0.939216,0.01815,0.05485,1,1,0,0,0.487656
468,LEO_1,LEO,0.875688,0.945446,0.032745,0.042588,1,1,0,0,0.271977
469,BS_0,BS,0.555599,0.819818,0.487709,0.379551,1,1,1,3,0.0
469,BS_1,BS,0.58422,0.861038,0.437477,0.25179,1,1,1,1,0.0
469,BS_2,BS,0.623279,0.822429,0.372762,0.275286,1,1,1,3,0.0
469,BS_3,BS,0.731559,0.833324,0.212577,0.236183,1,1,1,3,0.0
469,BS_4,BS,0.703086,0.861167,0.252276,0.24513,1,1,1,2,0.0
469,HAP_0,HAP,0.637804,0.881807,0.349725,0.212408,1,1,1,0,0.314413
469,HAP_1,HAP,0.785863,0.945597,0.140973,0.027451,1,1,1,0,0.682879
469,HAP_2,HAP,0.60797,0.834668,0.39763,0.414195,1,1,1,1,0.227945
469,LEO_0,LEO,0.805013,0.937522,0.116897,0.050029,1,1,1,0,0.726197
469,LEO_1,LEO,0.727821,0.936746,0.2177,0.055397,1,1,1,0,0.738934
470,BS_0,BS,0.675059,0.823571,0.292956,0.342261,1,1,1,4,0.0
470,BS_1,BS,0.596396,0.859241,0.41685,0.279626,1,1,1,1,0.0
470,BS_2,BS,0.630754,0.821293,0.36084,0.278821,1,1,1,5,0.0
470,BS_3,BS,0.555826,0.827428,0.4873,0.295804,1,1,1,2,0.0
470,BS_4,BS,0.796906,0.870913,0.127018,0.203364,1,1,1,2,0.0
470,HAP_0,HAP,0.89013,0.898916,0.016388,0.170048,1,1,1,0,0.574709
470,HAP_1,HAP,0.811384,0.945725,0.109014,0.027309,1,1,1,0,0.369746
470,HAP_2,HAP,0.552424,0.829385,0.493439,0.440923,1,1,1,2,0.361602
470,LEO_0,LEO,0.73272,0.927707,0.210992,0.060056,1,1,1,0,1.035495
470,LEO_1,LEO,0.746917,0.93937,0.091801,0.04811,2,0,0,0,0.401076
471,BS_0,BS,0.519788,0.812558,0.554335,0.412088,1,1,1,2,0.66906
471,BS_1,BS,0.603552,0.85699,0.404923,0.297484,1,1,1,1,0.0
471,BS_2,BS,0.636601,0.820938,0.351611,0.278691,1,1,1,5,0.0
471,BS_3,BS,0.762734,0.838542,0.170846,0.249778,1,1,1,2,0.482178
471,BS_4,BS,0.394476,0.841041,0.830197,0.472844,1,1,1,0,0.474665
471,HAP_0,HAP,0.809905,0.905225,0.110838,0.141566,1,1,1,0,0.768592
471,HAP_1,HAP,0.802824,0.950569,0.019619,0.02202,2,0,0,0,0.498865
471,HAP_2,HAP,0.636852,0.83359,0.351218,0.408247,1,1,1,1,0.567
471,LEO_0,LEO,0.739373,0.924059,0.201953,0.066398,1,1,1,0,0.507358
471,LEO_1,LEO,0.803648,0.940264,0.118594,0.044817,1,1,1,0,0.401593
472,BS_0,BS,0.652783,0.815848,0.326511,0.377645,1,1,1,3,0.0
472,BS_1,BS,0.420002,0.826321,0.767495,0.503059,1,1,1,2,0.0
472,BS_2,BS,0.644625,0.821405,0.339087,0.274694,1,1,1,5,0.0
472,BS_3,BS,0.639684,0.835397,0.346781,0.253938,1,1,1,4,0.0
472,BS_4,BS,0.592586,0.844617,0.423259,0.458891,1,1,1,1,0.0
472,HAP_0,HAP,0.776116,0.914849,0.053453,0.114539,2,0,0,0,0.584009
472,HAP_1,HAP,0.775735,0.948989,0.153945,0.028281,1,1,1,0,0.1579
472,HAP_2,HAP,0.595557,0.83413,0.418258,0.405321,1,1,1,2,0.455818
472,LEO_0,LEO,0.75173,0.92881,0.085378,0.056399,2,0,0,0,0.514562
472,LEO_1,LEO,0.79727,0.945747,0.026562,0.036171,2,0,0,0,0.505916
473,BS_0,BS,0.70375,0.822677,0.251332,0.330541,1,1,1,4,0.756904
473,BS_1,BS,0.712109,0.832074,0.239524,0.428264,1,1,1,2,0.238875
473,BS_2,BS,0.631676,0.820562,0.359378,0.277874,1,1,1,5,0.0
473,BS_3,BS,0.696024,0.83765,0.262371,0.234128,1,1,1,4,0.596458
473,BS_4,BS,0.551507,0.843288,0.4951,0.477419,1,1,1,1,0.0
473,HAP_0,HAP,0.69659,0.922184,0.061559,0.093336,3,0,0,0,0.597169
473,HAP_1,HAP,0.754241,0.950346,0.082044,0.025654,2,0,0,0,0.434547
473,HAP_2,HAP,0.55246,0.827214,0.493375,0.433795,1,1,1,2,0.701578
473,LEO_0,LEO,0.702284,0.934049,0.053417,0.046403,3,0,0,0,0.59136
473,LEO_1,LEO,0.759741,0.939017,0.174777,0.042683,1,1,1,0,0.764965
474,BS_0,BS,0.670043,0.825132,0.300414,0.305045,1,1,1,3,0.523472
474,BS_1,BS,0.446156,0.815747,0.707087,0.567599,1,1,1,1,0.311465
474,BS_2,BS,0.648144,0.821431,0.333642,0.272391,1,1,1,6,0.0
474,BS_3,BS,0.451719,0.816612,0.694695,0.404473,1,1,1,1,0.717063
474,BS_4,BS,0.412915,0.816098,0.784513,0.658892,1,1,1,2,0.733515
474,HAP_0,HAP,0.60892,0.926498,0.096069,0.078822,4,0,0,0,0.535503
474,HAP_1,HAP,0.674114,0.950509,0.094356,0.024529,3,0,0,0,0.41532
474,HAP_2,HAP,0.59168,0.826726,0.424789,0.428237,1,1,1,2,0.40188
474,LEO_0,LEO,0.651081,0.93846,0.029122,0.037504,4,0,0,0,0.734135
474,LEO_1,LEO,0.802584,0.94315,0.019919,0.034325,2,0,0,0,0.68119
475,BS_0,BS,0.597356,0.823078,0.415242,0.321627,1,1,1,3,0.0
475,BS_1,BS,0.678451,0.826632,0.287944,0.491389,1,1,1,2,0.0
475,BS_2,BS,0.640525,0.821417,0.345466,0.271619,1,1,1,6,0.0
475,BS_3,BS,0.578887,0.812125,0.446648,0.413351,1,1,1,4,0.0
475,BS_4,BS,0.553197,0.812058,0.492042,0.636061,1,1,1,2,0.0
475,HAP_0,HAP,0.722518,0.924148,0.225013,0.085842,1,1,1,0,0.306674
475,HAP_1,HAP,0.798767,0.952104,0.124686,0.026619,1,1,1,0,0.0
475,HAP_2,HAP,0.591599,0.829891,0.424926,0.423842,1,1,1,2,0.0
475,LEO_0,LEO,0.731223,0.934587,0.213036,0.050426,1,1,1,0,0.249136
475,LEO_1,LEO,0.574871,0.91393,0.45361,0.120053,1,1,1,0,1.898967
476,BS_0,BS,0.705937,0.829146,0.248229,0.28503,1,1,1,4,0.311574
476,BS_1,BS,0.599347,0.822853,0.411915,0.469465,1,1,1,2,0.619407
476,BS_2,BS,0.616431,0.819105,0.383808,0.283584,1,1,1,5,0.0
476,BS_3,BS,0.719334,0.821061,0.22943,0.354368,1,1,1,3,0.379314
476,BS_4,BS,0.606763,0.819616,0.399618,0.580711,1,1,1,2,0.0
476,HAP_0,HAP,0.782993,0.924245,0.144632,0.078087,1,1,1,0,0.710593
476,HAP_1,HAP,0.673175,0.938307,0.295751,0.060656,1,1,1,0,0.68343
476,HAP_2,HAP,0.637464,0.835165,0.350257,0.39428,1,1,1,2,0.486069
476,LEO_0,LEO,0.752568,0.937311,0.084264,0.043536,2,0,0,0,0.577829
476,LEO_1,LEO,0.64423,0.903845,0.3397,0.147971,1,1,1,0,0.530325
477,BS_0,BS,0.612245,0.827144,0.390623,0.296688,1,1,1,2,0.284946
477,BS_1,BS,0.721344,0.829937,0.226639,0.398686,1,1,1,2,0.383381
477,BS_2,BS,0.636014,0.819132,0.352535,0.282794,1,1,1,6,0.0
477,BS_3,BS,0.681895,0.824902,0.28288,0.319504,1,1,1,4,0.211772
477,BS_4,BS,0.693649,0.833951,0.265789,0.496359,1,1,1,1,0.0
477,HAP_0,HAP,0.763553,0.920702,0.169773,0.07544,1,1,1,0,0.903568
477,HAP_1,HAP,0.778861,0.942157,0.049923,0.049647,2,0,0,0,0.545871
477,HAP_2,HAP,0.58752,0.832624,0.431845,0.399344,1,1,1,1,0.640862
477,LEO_0,LEO,0.753039,0.932037,0.183638,0.050004,1,1,1,0,0.716578
477,LEO_1,LEO,0.751668,0.906794,0.18546,0.133854,1,1,1,0,0.471382
478,BS_0,BS,0.714781,0.834694,0.23578,0.262366,1,1,1,2,0.550398
478,BS_1,BS,0.588563,0.828858,0.430071,0.402181,1,1,1,1,0.0
478,BS_2,BS,0.641599,0.819678,0.343791,0.279422,1,1,1,5,0.0
478,BS_3,BS,0.624485,0.822677,0.370828,0.317484,1,1,1,3,0.791669
478,BS_4,BS,0.583998,0.83134,0.437857,0.48336,1,1,1,2,0.0
478,HAP_0,HAP,0.747286,0.919955,0.191307,0.076821,1,1,1,0,0.428386
478,HAP_1,HAP,0.674204,0.941914,0.094222,0.043712,3,0,0,0,0.632392
478,HAP_2,HAP,0.634898,0.839668,0.354292,0.375961,1,1,1,0,0.406691
478,LEO_0,LEO,0.746915,0.932502,0.091804,0.043796,2,0,0,0,0.782581
478,LEO_1,LEO,0.804809,0.910938,0.11715,0.113259,1,1,1,0,0.804657
479,BS_0,BS,0.672165,0.836145,0.297251,0.249654,1,1,1,3,0.0
479,BS_1,BS,0.360814,0.806065,0.919394,0.702123,1,1,1,0,0.0
479,BS_2,BS,0.648241,0.820733,0.333492,0.273585,1,1,1,5,0.0
479,BS_3,BS,0.713823,0.828915,0.23712,0.279289,1,1,1,3,0.0
479,BS_4,BS,0.82445,0.850716,0.093038,0.390584,1,1,1,2,0.0
479,HAP_0,HAP,0.791477,0.924238,0.133855,0.069519,1,1,1,0,0.333621
479,HAP_1,HAP,0.715915,0.938248,0.234194,0.059651,1,1,1,0,0.0
479,HAP_2,HAP,0.505719,0.828106,0.581775,0.453077,1,1,1,2,0.296787
479,LEO_0,LEO,0.725354,0.938178,0.021095,0.035237,3,0,0,0,0.629349
479,LEO_1,LEO,0.669652,0.899059,0.300997,0.131377,1,1,1,0,1.267254
480,BS_0,BS,0.712176,0.839795,0.23943,0.22552,1,1,1,3,0.0
480,BS_1,BS,0.579207,0.811571,0.446095,0.651249,1,1,1,1,0.0
480,BS_2,BS,0.63814,0.820634,0.349198,0.273741,1,1,1,6,0.0
480,BS_3,BS,0.638754,0.827238,0.348236,0.278002,1,1,1,4,0.559347
480,BS_4,BS,0.595947,0.841762,0.417603,0.390944,1,1,1,2,1.025682
480,HAP_0,HAP,0.718302,0.917979,0.230865,0.0796,1,1,1,0,0.852535
480,HAP_1,HAP,0.740182,0.9336,0.200859,0.065876,1,1,1,0,0.58759
480,HAP_2,HAP,0.637912,0.832728,0.349555,0.417446,1,1,1,2,0.277259
480,LEO_0,LEO,0.799349,0.935003,0.123957,0.035104,1,1,1,0,0.848731
480,LEO_1,LEO,0.626549,0.89198,0.367529,0.165887,1,1,1,0,0.361176
481,BS_0,BS,0.672581,0.839087,0.296633,0.220012,1,1,1,3,0.569241
481,BS_1,BS,0.625134,0.818376,0.36979,0.582534,1,1,1,2,0.0
481,BS_2,BS,0.634644,0.820226,0.354691,0.275605,1,1,1,5,0.0
481,BS_3,BS,0.652195,0.827146,0.327411,0.270641,1,1,1,3,0.347003
481,BS_4,BS,0.747977,0.848147,0.190384,0.329066,1,1,1,2,0.0
481,HAP_0,HAP,0.781307,0.924008,0.046787,0.064665,2,0,0,0,0.757072
481,HAP_1,HAP,0.693667,0.922603,0.265763,0.084484,1,1,1,0,0.917687
481,HAP_2,HAP,0.671743,0.838437,0.297879,0.373886,1,1,1,2,0.505349
481,LEO_0,LEO,0.757045,0.936748,0.078333,0.030844,2,0,0,0,0.6168
481,LEO_1,LEO,0.812338,0.906677,0.007838,0.132737,2,0,0,0,0.674094
482,BS_0,BS,0.731129,0.843489,0.213165,0.196457,1,1,1,3,0.0
482,BS_1,BS,0.721275,0.830951,0.226735,0.489161,1,1,1,2,0.0
482,BS_2,BS,0.647261,0.82108,0.335005,0.270987,1,1,1,6,0.0
482,BS_3,BS,0.657226,0.828468,0.319727,0.262514,1,1,1,3,0.0
482,BS_4,BS,0.609074,0.840106,0.395816,0.333754,1,1,1,1,0.752445
482,HAP_0,HAP,0.818265,0.927814,0.100569,0.056283,1,1,1,0,0.480551
482,HAP_1,HAP,0.688914,0.91828,0.272639,0.101037,1,1,1,0,0.222231
482,HAP_2,HAP,0.661846,0.84253,0.312723,0.343117,1,1,1,2,0.46185
482,LEO_0,LEO,0.698465,0.939019,0.058871,0.026235,3,0,0,0,0.691963
482,LEO_1,LEO,0.734126,0.903343,0.209075,0.12586,1,1,1,0,1.020908
483,BS_0,BS,0.675291,0.842237,0.292611,0.195696,1,1,1,4,0.723394
483,BS_1,BS,0.669911,0.832695,0.30061,0.431994,1,1,1,2,0.59592
483,BS_2,BS,0.647817,0.821816,0.334147,0.267034,1,1,1,5,0.0
483,BS_3,BS,0.669406,0.82988,0.301364,0.25088,1,1,1,3,0.0
483,BS_4,BS,0.745376,0.84747,0.193867,0.283916,1,1,1,2,0.0
483,HAP_0,HAP,0.552047,0.899532,0.494121,0.154897,1,1,1,0,1.707952
483,HAP_1,HAP,0.753078,0.922101,0.183587,0.095996,1,1,1,0,0.102417
483,HAP_2,HAP,0.628768,0.844609,0.363993,0.334115,1,1,1,2,0.123211
483,LEO_0,LEO,0.673381,0.930191,0.295444,0.060267,1,1,1,0,0.241089
483,LEO_1,LEO,0.812408,0.913498,0.007752,0.100715,2,0,0,0,0.852506
484,BS_0,BS,0.525395,0.830908,0.543605,0.289535,1,1,1,2,0.0
484,BS_1,BS,0.332871,0.80335,1.0,0.809176,1,1,1,0,0.0
484,BS_2,BS,0.611563,0.818948,0.391738,0.282683,1,1,1,4,0.0
484,BS_3,BS,0.644365,0.828572,0.339491,0.252568,1,1,1,4,0.0
484,BS_4,BS,0.795364,0.855642,0.128955,0.234616,1,1,1,2,0.85522
484,HAP_0,HAP,0.563769,0.886747,0.47311,0.224642,1,1,1,0,0.234785
484,HAP_1,HAP,0.47086,0.886632,0.653194,0.268795,1,1,1,0,1.444399
484,HAP_2,HAP,0.655195,0.849507,0.322823,0.314188,1,1,1,1,0.292785
484,LEO_0,LEO,0.773457,0.937408,0.056885,0.04967,2,0,0,0,0.333936
484,LEO_1,LEO,0.752337,0.908129,0.18457,0.095902,1,1,1,0,1.231699
485,BS_0,BS,0.702501,0.840774,0.253108,0.260456,1,1,1,2,0.0
485,BS_1,BS,0.571012,0.807418,0.460345,0.742704,1,1,1,2,0.0
485,BS_2,BS,0.63067,0.8185,0.360973,0.284782,1,1,1,5,0.0
485,BS_3,BS,0.647598,0.828279,0.334485,0.252401,1,1,1,3,0.0
485,BS_4,BS,0.635509,0.853688,0.353329,0.243872,1,1,1,2,0.0
485,HAP_0,HAP,0.766581,0.896024,0.165814,0.192086,1,1,1,0,0.315775
485,HAP_1,HAP,0.755576,0.891296,0.180274,0.229661,1,1,1,0,0.602719
485,HAP_2,HAP,0.604984,0.846889,0.402553,0.324273,1,1,1,1,0.649184
485,LEO_0,LEO,0.755595,0.932224,0.180249,0.054357,1,1,1,0,0.777737
485,LEO_1,LEO,0.628568,0.899067,0.364311,0.136446,1,1,1,0,0.407282
486,BS_0,BS,0.582526,0.832443,0.440381,0.295636,1,1,1,4,0.501971
486,BS_1,BS,0.634486,0.82082,0.35494,0.650855,1,1,1,1,0.0
486,BS_2,BS,0.6146,0.816593,0.386784,0.295147,1,1,1,6,0.0
486,BS_3,BS,0.631296,0.82845,0.359981,0.260234,1,1,1,3,0.0
486,BS_4,BS,0.815014,0.867352,0.10455,0.200016,1,1,1,2,0.0
486,HAP_0,HAP,0.751701,0.898991,0.185417,0.16914,1,1,1,0,0.752309
486,HAP_1,HAP,0.855878,0.9028,0.055627,0.185121,1,1,1,0,0.682613
486,HAP_2,HAP,0.557407,0.83861,0.484459,0.365033,1,1,1,2,0.47425
486,LEO_0,LEO,0.8014,0.938469,0.021394,0.043691,2,0,0,0,0.581103
486,LEO_1,LEO,0.716347,0.902072,0.233591,0.133711,1,1,1,0,0.256374
487,BS_0,BS,0.693483,0.835242,0.266028,0.268356,1,1,1,4,0.0
487,BS_1,BS,0.623435,0.830017,0.372511,0.583128,1,1,1,1,0.0
487,BS_2,BS,0.627059,0.816272,0.366714,0.296633,1,1,1,5,0.0
487,BS_3,BS,0.703954,0.833182,0.251043,0.236548,1,1,1,4,0.777351
487,BS_4,BS,0.665203,0.861811,0.307663,0.202608,1,1,1,2,0.286153
487,HAP_0,HAP,0.773976,0.901329,0.156215,0.146293,1,1,1,0,0.893713
487,HAP_1,HAP,0.778739,0.911417,0.05008,0.149225,2,0,0,0,0.804713
487,HAP_2,HAP,0.624247,0.839887,0.371209,0.354035,1,1,1,1,0.473277
487,LEO_0,LEO,0.696023,0.941621,0.062372,0.036704,3,0,0,0,0.525811
487,LEO_1,LEO,0.7815,0.9068,0.14654,0.116632,1,1,1,0,0.679006
488,BS_0,BS,0.672438,0.835433,0.296845,0.254337,1,1,1,3,0.334987
488,BS_1,BS,0.471695,0.815075,0.651422,0.65746,1,1,1,2,0.0
488,BS_2,BS,0.64324,0.817543,0.341237,0.289706,1,1,1,5,0.0
488,BS_3,BS,0.583417,0.828507,0.438852,0.275904,1,1,1,2,0.214776
488,BS_4,BS,0.636983,0.85981,0.351013,0.217531,1,1,1,1,0.0
488,HAP_0,HAP,0.793994,0.911661,0.030679,0.117458,2,0,0,0,0.732935
488,HAP_1,HAP,0.705152,0.919847,0.049342,0.120476,3,0,0,0,0.595346
488,HAP_2,HAP,0.606448,0.839014,0.400137,0.355277,1,1,1,1,0.596051
488,LEO_0,LEO,0.614437,0.940421,0.087049,0.032773,4,0,0,0,0.821344
488,LEO_1,LEO,0.80222,0.918286,0.020373,0.093493,2,0,0,0,0.58978
489,BS_0,BS,0.550415,0.827491,0.497082,0.31466,1,1,1,2,0.0
489,BS_1,BS,0.78568,0.836026,0.141205,0.53494,1,1,1,2,0.0
489,BS_2,BS,0.647428,0.81895,0.334748,0.28219,1,1,1,4,0.0
489,BS_3,BS,0.464149,0.817993,0.667549,0.421253,1,1,1,1,0.0
489,BS_4,BS,0.724017,0.867515,0.22294,0.196391,1,1,1,2,0.0
489,HAP_0,HAP,0.795078,0.911608,0.129315,0.101492,1,1,1,0,1.056144
489,HAP_1,HAP,0.747137,0.920194,0.191506,0.112884,1,1,1,0,0.36607
489,HAP_2,HAP,0.563906,0.835685,0.472868,0.384843,1,1,1,2,0.129106
489,LEO_0,LEO,0.844631,0.942891,0.068855,0.028352,1,1,0,0,0.47299
489,LEO_1,LEO,0.610745,0.899522,0.393075,0.144323,1,1,1,0,1.291948
490,BS_0,BS,0.747155,0.837295,0.191483,0.268228,1,1,1,3,0.0
490,BS_1,BS,0.743486,0.850217,0.196405,0.445311,1,1,1,1,0.0
490,BS_2,BS,0.645465,0.819893,0.337785,0.277096,1,1,1,4,0.0
490,BS_3,BS,0.499116,0.807311,0.594916,0.496269,1,1,1,3,0.0
490,BS_4,BS,0.463864,0.852531,0.668163,0.358011,1,1,1,0,0.0
490,HAP_0,HAP,0.778825,0.912965,0.149969,0.091314,1,1,1,0,0.666462
490,HAP_1,HAP,0.768148,0.928517,0.063773,0.092138,2,0,0,0,0.371623
490,HAP_2,HAP,0.58059,0.830805,0.443711,0.39647,1,1,1,2,0.556388
490,LEO_0,LEO,0.780073,0.945164,0.048368,0.023734,2,0,0,0,0.647964
490,LEO_1,LEO,0.618997,0.892191,0.379655,0.18032,1,1,1,0,0.292929
491,BS_0,BS,0.574905,0.833792,0.45355,0.307151,1,1,1,2,0.0
491,BS_1,BS,0.648239,0.855982,0.333497,0.406298,1,1,1,1,0.0
491,BS_2,BS,0.638217,0.819969,0.349077,0.276512,1,1,1,6,0.0
491,BS_3,BS,0.831574,0.83138,0.084435,0.400223,1,1,1,2,0.0
491,BS_4,BS,0.491597,0.838139,0.610096,0.453907,1,1,1,2,0.0
491,HAP_0,HAP,0.727026,0.912752,0.218792,0.094593,1,1,1,0,0.378401
491,HAP_1,HAP,0.703955,0.935748,0.05104,0.074882,3,0,0,0,0.405048
491,HAP_2,HAP,0.666126,0.836312,0.306276,0.359389,1,1,1,2,0.639748
491,LEO_0,LEO,0.7272,0.949218,0.018553,0.019142,3,0,0,0,0.56876
491,LEO_1,LEO,0.793108,0.906535,0.031796,0.144711,2,0,0,0,0.547533
492,BS_0,BS,0.613379,0.829941,0.388772,0.313735,1,1,1,3,0.0
492,BS_1,BS,0.511597,0.841059,0.570217,0.471355,1,1,1,2,0.0
492,BS_2,BS,0.629158,0.819173,0.363373,0.280627,1,1,1,4,0.0
492,BS_3,BS,0.605401,0.827111,0.401864,0.392851,1,1,1,4,1.589602
492,BS_4,BS,0.704908,0.84802,0.249688,0.391181,1,1,1,2,0.0
492,HAP_0,HAP,0.806262,0.924363,0.015347,0.07578,2,0,0,0,0.502472
492,HAP_1,HAP,0.63572,0.941445,0.052998,0.06117,4,0,0,0,0.396603
492,HAP_2,HAP,0.607489,0.836778,0.398421,0.358944,1,1,1,2,0.324689
492,LEO_0,LEO,0.627382,0.950875,0.066199,0.017286,4,0,0,0,0.42103
492,LEO_1,LEO,0.702245,0.917035,0.053473,0.117056,3,0,0,0,0.490339
493,BS_0,BS,0.697618,0.833594,0.260084,0.281428,1,1,1,4,0.0
493,BS_1,BS,0.598232,0.835191,0.413776,0.454129,1,1,1,2,0.0
493,BS_2,BS,0.613487,0.817023,0.388597,0.292455,1,1,1,6,0.0
493,BS_3,BS,0.698242,0.831362,0.25919,0.344512,1,1,1,4,0.0
493,BS_4,BS,0.682393,0.851352,0.28215,0.348768,1,1,1,1,0.556073
493,HAP_0,HAP,0.620959,0.906105,0.37649,0.124409,1,1,1,0,1.226512
493,HAP_1,HAP,0.747835,0.939812,0.190573,0.065279,1,1,1,0,0.139384
493,HAP_2,HAP,0.613515,0.83829,0.388551,0.355092,1,1,1,2,0.108749
493,LEO_0,LEO,0.892425,0.954557,0.013813,0.013914,1,1,0,0,0.551035
493,LEO_1,LEO,0.78851,0.91752,0.13761,0.102166,1,1,1,0,0.856749
494,BS_0,BS,0.664503,0.833402,0.308716,0.26803,1,1,1,4,0.0
494,BS_1,BS,0.772572,0.846042,0.158031,0.374541,1,1,1,2,0.0
494,BS_2,BS,0.637839,0.817638,0.34967,0.288985,1,1,1,5,0.0
494,BS_3,BS,0.673016,0.832375,0.295987,0.315033,1,1,1,3,0.526625
494,BS_4,BS,0.6581,0.854868,0.318399,0.324635,1,1,1,1,0.0
494,HAP_0,HAP,0.743278,0.906367,0.196685,0.116936,1,1,1,0,0.569605
494,HAP_1,HAP,0.727966,0.933056,0.217501,0.073511,1,1,1,0,0.670253
494,HAP_2,HAP,0.670147,0.844466,0.300258,0.324643,1,1,1,1,0.454602
494,LEO_0,LEO,0.685177,0.937434,0.278078,0.045929,1,1,1,0,1.057968
494,LEO_1,LEO,0.781989,0.923135,0.045915,0.082681,2,0,0,0,0.819578
495,BS_0,BS,0.345563,0.803692,0.96258,0.631376,1,1,1,1,0.0
495,BS_1,BS,0.56723,0.837171,0.46699,0.397769,1,1,1,2,0.699049
495,BS_2,BS,0.647625,0.819044,0.334443,0.281522,1,1,1,6,0.0
495,BS_3,BS,0.617267,0.830214,0.382453,0.317848,1,1,1,2,0.0
495,BS_4,BS,0.671061,0.86052,0.298895,0.29991,1,1,1,1,0.0
495,HAP_0,HAP,0.77223,0.913402,0.058473,0.095087,2,0,0,0,0.854993
495,HAP_1,HAP,0.747843,0.934561,0.090562,0.0625,2,0,0,0,0.662639
495,HAP_2,HAP,0.615978,0.84275,0.384543,0.326258,1,1,1,2,0.472368
495,LEO_0,LEO,0.759832,0.937896,0.074657,0.039251,2,0,0,0,0.708391
495,LEO_1,LEO,0.681243,0.927297,0.083836,0.069308,3,0,0,0,0.569398
496,BS_0,BS,0.50081,0.794407,0.591529,0.662559,1,1,1,3,0.0
496,BS_1,BS,0.579978,0.836795,0.444764,0.407232,1,1,1,1,0.0
496,BS_2,BS,0.636214,0.819102,0.352221,0.281044,1,1,1,4,0.0
496,BS_3,BS,0.69994,0.837244,0.256761,0.283945,1,1,1,3,0.0
496,BS_4,BS,0.420574,0.829359,0.766135,0.504061,1,1,1,3,0.0
496,HAP_0,HAP,0.793203,0.91749,0.131676,0.083872,1,1,1,0,0.461785
496,HAP_1,HAP,0.725444,0.940984,0.020972,0.050198,3,0,0,0,0.514508
496,HAP_2,HAP,0.622225,0.844109,0.374453,0.324103,1,1,1,1,0.450642
496,LEO_0,LEO,0.74169,0.932677,0.198824,0.04919,1,1,1,0,0.52443
496,LEO_1,LEO,0.786722,0.928105,0.139881,0.064251,1,1,1,0,0.512972
497,BS_0,BS,0.709634,0.811267,0.243005,0.55662,1,1,1,2,0.0
497,BS_1,BS,0.530168,0.826117,0.534562,0.454376,1,1,1,2,0.0
497,BS_2,BS,0.379902,0.796315,0.867842,0.563753,1,1,1,1,0.0
497,BS_3,BS,0.688001,0.839053,0.273965,0.260932,1,1,1,5,0.517207
497,BS_4,BS,0.814137,0.845745,0.105627,0.408269,1,1,1,2,0.0
497,HAP_0,HAP,0.81235,0.927679,0.007824,0.067125,2,0,0,0,0.597139
497,HAP_1,HAP,0.659663,0.946975,0.016027,0.040274,4,0,0,0,0.471232
497,HAP_2,HAP,0.684425,0.853137,0.279176,0.294355,1,1,1,0,0.484384
497,LEO_0,LEO,0.783533,0.93654,0.043942,0.040221,2,0,0,0,0.727943
497,LEO_1,LEO,0.8184,0.929194,0.100404,0.055938,1,1,1,0,0.774702
498,BS_0,BS,0.63055,0.813408,0.361162,0.503993,1,1,1,4,0.0
498,BS_1,BS,0.822617,0.845319,0.095265,0.367585,1,1,1,2,0.0
498,BS_2,BS,0.540147,0.792718,0.515915,0.570778,1,1,1,5,0.0
498,BS_3,BS,0.644607,0.836035,0.339114,0.260495,1,1,1,5,0.0
498,BS_4,BS,0.672612,0.84452,0.296586,0.366199,1,1,1,3,0.0
498,HAP_0,HAP,0.671926,0.932025,0.097607,0.057987,3,0,0,0,0.386647
498,HAP_1,HAP,0.825754,0.948373,0.091459,0.035983,1,1,0,0,0.343672
498,HAP_2,HAP,0.515274,0.83888,0.563056,0.378148,1,1,1,1,0.726044
498,LEO_0,LEO,0.724847,0.941291,0.021795,0.032391,3,0,0,0,0.655026
498,LEO_1,LEO,0.770433,0.929155,0.160803,0.056386,1,1,1,0,0.387401
499,BS_0,BS,0.73043,0.824813,0.214123,0.423826,1,1,1,3,0.0
499,BS_1,BS,0.647607,0.842216,0.334471,0.34441,1,1,1,2,1.143467
499,BS_2,BS,0.692306,0.803435,0.267728,0.488878,1,1,1,4,0.0
499,BS_3,BS,0.662633,0.835164,0.311535,0.25207,1,1,1,5,0.410101
499,BS_4,BS,0.689804,0.844479,0.271348,0.326093,1,1,1,3,0.0
499,HAP_0,HAP,0.643095,0.938028,0.041463,0.047163,4,0,0,0,0.531453
499,HAP_1,HAP,0.600498,0.923955,0.409996,0.10443,1,1,1,0,1.174999
499,HAP_2,HAP,0.566867,0.834676,0.467631,0.400924,1,1,1,2,0.540629
499,LEO_0,LEO,0.792009,0.936738,0.133182,0.033894,1,1,1,0,0.872183
499,LEO_1,LEO,0.802611,0.936798,0.019885,0.045287,2,0,0,0,0.552818
500,BS_0,BS,0.55173,0.820573,0.494697,0.449187,1,1,1,1,0.240579
500,BS_1,BS,0.741312,0.847018,0.199334,0.293408,1,1,1,2,0.799509
500,BS_2,BS,0.676762,0.810387,0.290436,0.429061,1,1,1,4,0.0
500,BS_3,BS,0.492263,0.818354,0.608743,0.368411,1,1,1,1,0.634844
500,BS_4,BS,0.658502,0.84217,0.317788,0.306319,1,1,1,3,0.0
500,HAP_0,HAP,0.832236,0.940933,0.083639,0.040879,1,1,0,0,0.431319
500,HAP_1,HAP,0.797541,0.92457,0.126222,0.090713,1,1,1,0,0.623976
500,HAP_2,HAP,0.549073,0.83093,0.499525,0.433025,1,1,1,1,0.488713
500,LEO_0,LEO,0.760348,0.938156,0.073979,0.029578,2,0,0,0,0.641758
500,LEO_1,LEO,0.69967,0.925117,0.257146,0.065985,1,1,1,0,0.978167
