slot,task_id,owner_ap_id,destination_id,local_cost,delay_cost,energy_cost,mission_cost,fidelity_cost
1,T1_UAV_12,BS_1,LEO_0,288.7867,288.709622,0.000484,0.057561,0.095163
1,T1_UAV_15,BS_0,LEO_1,315.494602,315.412514,0.002779,0.060277,0.095163
1,T1_UAV_10,BS_4,HAP_0,250.906321,250.874915,0.000978,0.011395,0.095163
1,T1_UAV_13,BS_4,HAP_1,293.587556,293.561043,0.001698,0.005782,0.095163
1,T1_UAV_1,BS_3,HAP_2,323.216676,323.151549,0.002818,0.043277,0.095163
1,T1_UAV_8,BS_2,LEO_0,448.218416,448.150172,0.000855,0.048356,0.095163
1,T1_UAV_7,BS_4,LEO_1,474.099462,474.035878,0.003715,0.040836,0.095163
1,T1_UAV_19,BS_4,HAP_1,366.202297,366.166421,0.002022,0.014821,0.095163
1,T1_UAV_11,BS_4,HAP_0,399.555037,399.52272,0.00155,0.011735,0.095163
1,T1_UAV_4,BS_1,LEO_0,681.4435,681.393746,0.001199,0.029523,0.095163
1,T1_UAV_16,BS_0,HAP_2,514.198815,514.143072,0.00489,0.031819,0.095163
1,T1_UAV_17,BS_2,LEO_1,846.92605,846.888122,0.008355,0.010541,0.095163
1,T1_UAV_5,BS_3,LEO_0,911.580443,911.540615,0.001385,0.01941,0.095163
1,T1_UAV_14,BS_3,LEO_1,927.704552,927.650751,0.007485,0.027283,0.095163
2,T2_UAV_17,BS_2,LEO_0,251.651282,251.375011,0.040511,0.055085,0.403378
2,T2_UAV_18,BS_0,LEO_1,295.471426,295.227376,0.043451,0.020217,0.40191
2,T2_UAV_12,BS_1,HAP_0,321.717195,321.515688,0.026842,0.009953,0.32356
2,T2_UAV_19,BS_4,HAP_2,662.127515,661.911936,0.029113,0.026902,0.297816
2,T2_UAV_11,BS_4,HAP_1,451.377894,451.116871,0.027584,0.017443,0.579978
2,T2_UAV_2,HAP_1,LEO_0,457.949978,457.688862,0.040707,0.039733,0.403378
2,T2_UAV_15,BS_0,LEO_1,460.280756,460.02702,0.045059,0.028295,0.40191
2,T2_UAV_7,BS_4,HAP_2,726.996483,726.773744,0.028649,0.034527,0.297816
2,T2_UAV_0,BS_3,HAP_0,564.353543,564.150571,0.028495,0.009765,0.32356
2,T2_UAV_10,BS_4,HAP_1,581.392283,581.126283,0.027822,0.022181,0.579978
2,T2_UAV_5,BS_3,BS_1,622.596634,622.361771,0.048868,0.038076,0.239597
2,T2_UAV_16,BS_0,LEO_0,638.277307,637.997017,0.041314,0.0583,0.403378
2,T2_UAV_8,BS_2,BS_0,752.377041,752.038657,0.056969,0.072991,0.542123
2,T2_UAV_3,BS_3,LEO_1,781.524861,781.267001,0.047516,0.029962,0.40191
2,T2_UAV_13,BS_4,BS_2,797.513222,797.257741,0.059794,0.034477,0.306052
2,T2_UAV_1,BS_3,HAP_2,1508.090807,1507.861165,0.035014,0.035065,0.297816
2,T2_UAV_4,BS_1,HAP_2,1593.638629,1593.403815,0.034585,0.040666,0.297816
3,T3_UAV_11,BS_4,LEO_0,326.474544,326.361252,0.000536,0.067118,0.228183
3,T3_UAV_7,BS_4,LEO_1,246.151679,246.063105,0.002398,0.039154,0.235112
3,T3_UAV_0,BS_3,HAP_0,764.175254,764.000566,0.028439,0.00874,0.187543
3,T3_UAV_4,BS_1,HAP_2,280.556385,280.313211,0.027162,0.047631,0.341904
3,T3_UAV_5,BS_3,LEO_0,477.796519,477.70679,0.000726,0.043367,0.228183
3,T3_UAV_13,BS_4,LEO_1,381.282222,381.204206,0.004198,0.026796,0.235112
3,T3_UAV_12,BS_1,HAP_1,622.750802,622.47471,0.029061,0.047633,0.496992
3,T3_UAV_17,BS_2,LEO_0,615.772092,615.668329,0.001133,0.056992,0.228183
3,T3_UAV_6,HAP_1,HAP_0,1453.617446,1453.425485,0.03004,0.024413,0.187543
3,T3_UAV_8,BS_2,LEO_1,591.047309,590.981085,0.007558,0.011644,0.235112
3,T3_UAV_15,BS_0,HAP_2,628.549635,628.296412,0.030284,0.054558,0.341904
3,T3_UAV_9,BS_0,HAP_0,1481.994439,1481.80367,0.032239,0.021021,0.187543
3,T3_UAV_10,BS_4,HAP_1,762.479745,762.222164,0.028695,0.029489,0.496992
3,T3_UAV_16,BS_0,LEO_0,871.275456,871.204811,0.001629,0.02338,0.228183
3,T3_UAV_2,HAP_1,HAP_0,1714.363771,1714.16582,0.031614,0.028828,0.187543
3,T3_UAV_3,BS_3,HAP_0,1955.860181,1955.675184,0.034287,0.013201,0.187543
3,T3_UAV_1,BS_3,HAP_0,2136.557224,2136.360377,0.03436,0.024979,0.187543
4,T4_UAV_11,BS_4,LEO_1,200.927866,200.837371,0.002218,0.02727,0.305028
4,T4_UAV_13,BS_4,LEO_0,344.704969,344.478951,0.040497,0.043186,0.211674
4,T4_UAV_0,BS_3,HAP_2,496.816645,496.719195,0.003365,0.043078,0.25504
4,T4_UAV_1,BS_3,HAP_1,277.066439,276.837453,0.026333,0.029073,0.367903
4,T4_UAV_19,BS_4,HAP_0,288.512337,288.282732,0.026612,0.007485,0.477537
4,T4_UAV_10,BS_4,LEO_1,334.414402,334.307286,0.00338,0.042731,0.305028
4,T4_UAV_4,BS_1,LEO_0,573.376764,573.147415,0.040938,0.046076,0.211674
4,T4_UAV_14,BS_3,LEO_1,348.3648,348.262917,0.003486,0.037391,0.305028
4,T4_UAV_2,HAP_1,HAP_2,761.138623,761.040384,0.004604,0.042627,0.25504
4,T4_UAV_5,BS_3,HAP_1,426.8117,426.575243,0.026969,0.035907,0.367903
4,T4_UAV_15,BS_0,HAP_0,601.132265,600.88195,0.028615,0.026193,0.477537
4,T4_UAV_12,BS_1,LEO_0,1032.810259,1032.60825,0.041625,0.018049,0.211674
4,T4_UAV_7,BS_4,LEO_0,1043.773391,1043.537561,0.041555,0.05194,0.211674
4,T4_UAV_16,BS_0,HAP_2,1287.109583,1287.028765,0.009212,0.020598,0.25504
4,T4_UAV_17,BS_2,LEO_0,1094.739465,1094.499038,0.041871,0.056222,0.211674
4,T4_UAV_3,BS_3,HAP_2,1487.692454,1487.596133,0.010608,0.034705,0.25504
4,T4_UAV_6,HAP_1,BS_1,256.055235,255.846674,0.025972,0.017221,0.326839
5,T5_UAV_10,BS_4,LEO_0,329.982474,329.882598,0.000504,0.053671,0.228503
5,T5_UAV_7,BS_4,LEO_1,264.476978,264.377453,0.002579,0.028209,0.343682
5,T5_UAV_8,BS_2,HAP_2,464.767173,464.670625,0.003165,0.035325,0.290299
5,T5_UAV_5,BS_3,HAP_0,354.92646,354.668809,0.027405,0.051412,0.394176
5,T5_UAV_14,BS_3,HAP_1,450.79977,450.566034,0.027707,0.014996,0.455167
5,T5_UAV_18,BS_0,LEO_0,453.082881,452.986997,0.000774,0.04941,0.228503
5,T5_UAV_15,BS_0,LEO_0,501.765042,501.698718,0.000792,0.019832,0.228503
5,T5_UAV_17,BS_2,LEO_1,592.147777,592.054482,0.007319,0.01724,0.343682
5,T5_UAV_6,HAP_1,HAP_2,945.092023,945.018369,0.005775,0.009819,0.290299
5,T5_UAV_1,BS_3,LEO_1,647.927858,647.835428,0.006295,0.017398,0.343682
5,T5_UAV_3,BS_3,BS_1,693.942161,693.711392,0.053325,0.023765,0.26839
5,T5_UAV_4,BS_1,HAP_0,738.887655,738.670067,0.029256,0.009498,0.394176
5,T5_UAV_11,BS_4,HAP_1,788.911151,788.629774,0.029539,0.060805,0.455167
5,T5_UAV_16,BS_0,LEO_0,974.082331,974.015568,0.001831,0.019231,0.228503
5,T5_UAV_0,BS_3,HAP_2,1108.508711,1108.417647,0.008373,0.024631,0.290299
5,T5_UAV_2,HAP_1,BS_0,368.488473,368.227799,0.032993,0.061634,0.330236
6,T6_UAV_11,BS_4,LEO_0,300.114552,300.04068,0.000494,0.014889,0.292439
6,T6_UAV_1,BS_3,LEO_1,302.685121,302.498794,0.042363,0.014833,0.145652
6,T6_UAV_17,BS_2,HAP_0,248.606318,248.433438,0.026583,0.011194,0.175511
6,T6_UAV_16,BS_0,HAP_2,255.69375,255.487454,0.027446,0.030163,0.243438
6,T6_UAV_19,BS_4,HAP_1,158.776636,158.561116,0.026116,0.025634,0.318853
6,T6_UAV_8,BS_2,LEO_0,508.050947,507.966715,0.000977,0.024768,0.292439
6,T6_UAV_6,HAP_1,LEO_1,636.087307,635.90826,0.044576,0.00534,0.145652
6,T6_UAV_3,BS_3,HAP_0,530.733055,530.550819,0.028532,0.018602,0.175511
6,T6_UAV_13,BS_4,LEO_0,732.879609,732.775405,0.001126,0.044591,0.292439
6,T6_UAV_9,BS_0,LEO_1,763.668848,763.48082,0.047472,0.011425,0.145652
6,T6_UAV_5,BS_3,HAP_2,637.515474,637.308742,0.031215,0.026829,0.243438
6,T6_UAV_7,BS_4,BS_1,643.075332,642.830538,0.050147,0.049671,0.224882
6,T6_UAV_15,BS_0,BS_2,658.847012,658.628186,0.051134,0.037016,0.153383
6,T6_UAV_0,BS_3,BS_0,665.712571,665.491425,0.051562,0.011953,0.288158
6,T6_UAV_4,BS_1,BS_4,772.732064,772.459259,0.058245,0.05627,0.291452
6,T6_UAV_12,BS_1,LEO_1,941.405719,941.205188,0.048816,0.022585,0.145652
6,T6_UAV_2,HAP_1,LEO_0,414.85465,414.787477,0.000591,0.008094,0.292439
7,T7_UAV_18,BS_0,LEO_1,278.93654,278.869749,0.002615,0.016258,0.239592
7,T7_UAV_8,BS_2,LEO_0,213.485649,213.37736,0.000456,0.033207,0.373131
7,T7_UAV_7,BS_4,HAP_0,434.500332,434.439917,0.001454,0.014821,0.220698
7,T7_UAV_9,BS_0,HAP_1,323.193322,322.969666,0.02738,0.025454,0.354104
7,T7_UAV_1,BS_3,HAP_2,325.656058,325.456719,0.027839,0.020088,0.257061
7,T7_UAV_13,BS_4,LEO_1,456.901543,456.833838,0.004016,0.015771,0.239592
7,T7_UAV_16,BS_0,LEO_0,356.955935,356.862019,0.000747,0.018543,0.373131
7,T7_UAV_19,BS_0,HAP_0,595.81095,595.722107,0.002969,0.041735,0.220698
7,T7_UAV_12,BS_1,LEO_0,466.37642,466.25946,0.000865,0.041469,0.373131
7,T7_UAV_5,BS_3,LEO_1,728.658829,728.597402,0.005291,0.008219,0.239592
7,T7_UAV_4,BS_1,HAP_1,548.723801,548.496063,0.028731,0.028185,0.354104
7,T7_UAV_14,BS_3,HAP_2,565.551174,565.33772,0.030992,0.03105,0.257061
7,T7_UAV_0,BS_3,BS_2,566.95818,566.709918,0.045392,0.045439,0.287158
7,T7_UAV_10,BS_4,BS_1,583.667278,583.377521,0.046433,0.076235,0.335447
7,T7_UAV_15,BS_0,BS_3,670.54983,670.2794,0.051862,0.048003,0.35283
7,T7_UAV_17,BS_2,LEO_1,775.490824,775.420282,0.007608,0.015016,0.239592
7,T7_UAV_2,HAP_1,HAP_0,911.811153,911.745164,0.004151,0.017699,0.220698
7,T7_UAV_6,HAP_1,BS_0,352.75257,352.527596,0.032012,0.021866,0.355482
8,T8_UAV_3,BS_3,LEO_0,600.658123,600.458474,0.040755,0.034805,0.120448
8,T8_UAV_18,BS_2,LEO_1,297.454139,297.262541,0.043491,0.005852,0.211278
8,T8_UAV_10,BS_4,HAP_0,302.866107,302.672324,0.026196,0.023022,0.222826
8,T8_UAV_5,BS_3,HAP_1,322.598205,322.348136,0.026484,0.047877,0.378541
8,T8_UAV_1,BS_3,LEO_0,658.485075,658.30349,0.0408,0.016696,0.120448
8,T8_UAV_14,BS_3,HAP_2,358.606058,358.387602,0.028794,0.034629,0.275164
8,T8_UAV_17,BS_2,LEO_1,381.832761,381.622181,0.044696,0.023629,0.211278
8,T8_UAV_16,BS_0,LEO_0,1051.342649,1051.160429,0.041604,0.016526,0.120448
8,T8_UAV_13,BS_4,LEO_0,1056.63012,1056.454884,0.041351,0.009795,0.120448
8,T8_UAV_4,BS_1,HAP_0,691.216832,691.008688,0.028964,0.034615,0.222826
8,T8_UAV_8,BS_2,HAP_2,746.910975,746.688249,0.03097,0.036722,0.275164
8,T8_UAV_12,BS_1,HAP_1,763.705221,763.45372,0.030023,0.04577,0.378541
8,T8_UAV_19,BS_0,LEO_1,791.2464,791.04747,0.048475,0.008199,0.211278
8,T8_UAV_0,BS_3,LEO_0,1650.199358,1650.018927,0.042057,0.014283,0.120448
8,T8_UAV_15,BS_0,LEO_0,1741.188388,1740.992656,0.042279,0.029363,0.120448
8,T8_UAV_9,BS_0,LEO_0,1770.851628,1770.676119,0.042671,0.008749,0.120448
8,T8_UAV_11,BS_4,LEO_0,1808.849366,1808.668026,0.042457,0.014794,0.120448
8,T8_UAV_6,HAP_1,BS_1,259.21428,259.006449,0.02617,0.033686,0.239874
9,T9_UAV_11,BS_4,LEO_1,463.546096,463.340359,0.04348,0.016135,0.23061
9,T9_UAV_18,BS_2,LEO_0,208.540159,208.282328,0.040451,0.045122,0.361288
9,T9_UAV_3,BS_3,HAP_0,549.146119,549.081963,0.002921,0.021677,0.197788
9,T9_UAV_16,BS_0,HAP_2,437.573151,437.506104,0.003532,0.015766,0.238745
9,T9_UAV_10,BS_4,HAP_1,335.391954,335.109202,0.026603,0.065811,0.451695
9,T9_UAV_9,BS_0,LEO_1,586.715015,586.509722,0.044834,0.014337,0.23061
9,T9_UAV_1,BS_3,LEO_0,237.14189,236.90211,0.040419,0.027102,0.361288
9,T9_UAV_4,BS_1,HAP_0,587.828244,587.772145,0.002759,0.013782,0.197788
9,T9_UAV_14,BS_3,HAP_2,619.382781,619.315028,0.005434,0.01457,0.238745
9,T9_UAV_6,HAP_1,LEO_1,722.965395,722.757342,0.044448,0.017483,0.23061
9,T9_UAV_0,BS_3,BS_2,478.997844,478.748987,0.039897,0.054529,0.272158
9,T9_UAV_7,BS_4,HAP_1,709.014237,708.761932,0.028279,0.033688,0.451695
9,T9_UAV_17,BS_2,LEO_1,967.438747,967.239584,0.047991,0.00505,0.23061
9,T9_UAV_13,BS_4,HAP_0,1166.657525,1166.596331,0.005069,0.016568,0.197788
9,T9_UAV_8,BS_2,HAP_2,968.053961,967.952011,0.006634,0.047567,0.238745
9,T9_UAV_2,HAP_1,LEO_1,1180.274761,1180.066353,0.047434,0.014852,0.23061
9,T9_UAV_15,BS_0,HAP_0,1358.803369,1358.749123,0.0067,0.007988,0.197788
10,T10_UAV_17,BS_2,LEO_0,262.130109,261.910115,0.040525,0.008202,0.35634
10,T10_UAV_11,BS_4,LEO_1,586.380992,586.173924,0.045199,0.005723,0.280733
10,T10_UAV_8,BS_2,HAP_0,664.018851,663.826157,0.028678,0.007092,0.284622
10,T10_UAV_16,BS_0,HAP_2,468.565019,468.359154,0.029517,0.028232,0.240578
10,T10_UAV_13,BS_4,HAP_1,475.409309,475.1894,0.027725,0.011521,0.403313
10,T10_UAV_4,BS_1,LEO_0,499.482287,499.251566,0.040958,0.018495,0.35634
10,T10_UAV_7,BS_4,LEO_1,710.912198,710.691819,0.04559,0.018642,0.280733
10,T10_UAV_12,BS_1,HAP_0,851.244484,851.041314,0.029403,0.016843,0.284622
10,T10_UAV_5,BS_3,HAP_1,588.593965,588.374579,0.027706,0.011017,0.403313
10,T10_UAV_0,BS_3,HAP_2,601.778862,601.557957,0.0304,0.042389,0.240578
10,T10_UAV_1,BS_3,LEO_1,804.607245,804.379747,0.046284,0.025068,0.280733
10,T10_UAV_9,BS_0,BS_1,628.66837,628.382562,0.049244,0.080053,0.282552
10,T10_UAV_14,BS_3,LEO_0,672.855799,672.613937,0.041238,0.029356,0.35634
10,T10_UAV_15,BS_0,BS_2,761.159673,760.85527,0.05752,0.071554,0.376645
10,T10_UAV_6,HAP_1,LEO_1,873.354396,873.134246,0.046271,0.017733,0.280733
10,T10_UAV_2,HAP_1,HAP_0,1115.597894,1115.397621,0.030077,0.013272,0.284622
11,T11_UAV_0,BS_3,LEO_0,277.446406,277.384705,0.000452,0.010125,0.255624
11,T11_UAV_3,BS_3,LEO_1,646.763057,646.542631,0.044311,0.039525,0.182956
11,T11_UAV_7,BS_4,HAP_0,851.52133,851.46147,0.002699,0.017457,0.198519
11,T11_UAV_4,BS_1,HAP_2,606.241884,606.164831,0.004644,0.031425,0.204915
11,T11_UAV_17,BS_2,LEO_1,820.592913,820.382983,0.046765,0.026573,0.182956
11,T11_UAV_11,BS_4,HAP_1,338.216226,337.959499,0.027501,0.048322,0.404521
11,T11_UAV_16,BS_0,LEO_0,672.481911,672.419896,0.001421,0.009469,0.255624
11,T11_UAV_14,BS_3,HAP_0,1077.43523,1077.368146,0.006399,0.020981,0.198519
11,T11_UAV_9,BS_0,LEO_1,1018.917198,1018.719244,0.048389,0.012973,0.182956
11,T11_UAV_12,BS_1,LEO_0,731.136596,731.067304,0.001363,0.016804,0.255624
11,T11_UAV_2,HAP_1,HAP_2,748.228992,748.159294,0.005826,0.022889,0.204915
11,T11_UAV_5,BS_3,BS_1,767.772173,767.496642,0.057935,0.063227,0.271846
11,T11_UAV_1,BS_3,LEO_1,1047.834365,1047.62123,0.046981,0.029563,0.182956
11,T11_UAV_6,HAP_1,HAP_0,1270.946379,1270.890318,0.004873,0.011484,0.198519
11,T11_UAV_8,BS_2,LEO_1,1254.919553,1254.695896,0.05079,0.036276,0.182956
11,T11_UAV_10,BS_4,HAP_0,1518.176081,1518.109056,0.005222,0.022099,0.198519
12,T12_UAV_18,BS_2,LEO_0,514.891768,514.706373,0.040822,0.008303,0.181355
12,T12_UAV_10,BS_4,LEO_1,534.387053,534.308229,0.00431,0.029065,0.227245
12,T12_UAV_0,BS_3,HAP_0,403.410201,403.326224,0.00254,0.023271,0.29083
12,T12_UAV_15,BS_0,HAP_2,449.499646,449.412322,0.003841,0.028609,0.274378
12,T12_UAV_17,BS_2,HAP_1,233.620036,233.360264,0.027224,0.065859,0.333449
12,T12_UAV_2,HAP_1,LEO_0,840.719648,840.523362,0.041127,0.018888,0.181355
12,T12_UAV_9,BS_0,LEO_1,709.497196,709.421296,0.00692,0.023531,0.227245
12,T12_UAV_5,BS_3,HAP_0,654.849157,654.774204,0.004441,0.012346,0.29083
12,T12_UAV_4,BS_1,LEO_0,1095.872468,1095.677435,0.041783,0.016979,0.181355
12,T12_UAV_1,BS_3,LEO_1,957.172504,957.102701,0.007481,0.016873,0.227245
12,T12_UAV_6,HAP_1,HAP_2,748.694891,748.621812,0.005341,0.012862,0.274378
12,T12_UAV_3,BS_3,BS_2,765.509194,765.242791,0.057794,0.063568,0.2252
12,T12_UAV_7,BS_4,LEO_0,1200.964045,1200.779565,0.041784,0.006425,0.181355
12,T12_UAV_8,BS_2,LEO_1,1044.662997,1044.60095,0.010659,0.005939,0.227245
12,T12_UAV_11,BS_4,LEO_0,1259.469611,1259.257287,0.041947,0.034107,0.181355
13,T13_UAV_16,BS_0,LEO_0,277.65185,277.604709,0.000532,0.005266,0.206715
13,T13_UAV_9,BS_0,LEO_1,288.445091,288.360588,0.003533,0.025515,0.277275
13,T13_UAV_0,BS_3,LEO_0,406.975896,406.925922,0.000612,0.008019,0.206715
13,T13_UAV_3,BS_3,HAP_2,422.813879,422.731294,0.004012,0.004467,0.370526
13,T13_UAV_19,BS_0,LEO_1,346.152283,346.070254,0.00373,0.022844,0.277275
13,T13_UAV_8,BS_2,HAP_0,479.62081,479.371496,0.028035,0.040819,0.402302
13,T13_UAV_1,BS_3,HAP_1,512.470094,512.196894,0.027463,0.064662,0.405377
13,T13_UAV_15,BS_0,LEO_0,763.467385,763.417022,0.001204,0.007816,0.206715
13,T13_UAV_7,BS_4,HAP_2,582.219141,582.131216,0.003613,0.010207,0.370526
13,T13_UAV_13,BS_4,LEO_1,597.990364,597.923447,0.006552,0.004911,0.277275
13,T13_UAV_12,BS_1,HAP_0,683.336408,683.099286,0.029027,0.027634,0.402302
13,T13_UAV_4,BS_1,HAP_1,690.622749,690.398673,0.02967,0.013331,0.405377
13,T13_UAV_10,BS_4,BS_1,704.60359,704.34554,0.05399,0.028268,0.378962
13,T13_UAV_17,BS_2,BS_0,741.675117,741.383087,0.056303,0.049639,0.430434
13,T13_UAV_2,HAP_1,BS_2,746.926611,746.662644,0.056633,0.048881,0.292268
13,T13_UAV_5,BS_3,BS_4,773.219752,772.977406,0.058277,0.016707,0.336811
13,T13_UAV_14,BS_3,LEO_0,1042.489825,1042.437553,0.001743,0.009185,0.206715
13,T13_UAV_6,HAP_1,BS_3,301.276722,301.038623,0.028796,0.034881,0.372109
14,T14_UAV_13,BS_4,LEO_0,449.739949,449.539232,0.040615,0.023694,0.182043
14,T14_UAV_10,BS_4,HAP_0,621.700283,621.511093,0.027149,0.017094,0.224737
14,T14_UAV_18,BS_2,HAP_2,650.016147,649.826315,0.02916,0.023916,0.183777
14,T14_UAV_4,BS_1,LEO_1,170.200396,170.108439,0.005331,0.01064,0.379928
14,T14_UAV_12,BS_2,LEO_0,760.671099,760.471904,0.041149,0.021637,0.182043
14,T14_UAV_5,BS_3,HAP_2,823.623303,823.432931,0.030988,0.022629,0.183777
14,T14_UAV_0,BS_3,LEO_0,841.06004,840.865586,0.041135,0.01691,0.182043
14,T14_UAV_14,BS_3,HAP_0,1178.942478,1178.73942,0.031977,0.026133,0.224737
14,T14_UAV_16,BS_0,LEO_0,1037.062013,1036.860513,0.041742,0.023349,0.182043
14,T14_UAV_7,BS_4,BS_0,778.465028,778.194282,0.058603,0.054665,0.287389
14,T14_UAV_1,BS_3,HAP_2,1055.779332,1055.594952,0.032029,0.015596,0.183777
14,T14_UAV_9,BS_0,HAP_0,1268.372097,1268.169291,0.032042,0.025816,0.224737
14,T14_UAV_6,HAP_1,LEO_0,1251.156936,1250.956213,0.041723,0.022591,0.182043
14,T14_UAV_11,BS_4,HAP_2,1406.45308,1406.279323,0.03198,0.005022,0.183777
14,T14_UAV_17,BS_2,LEO_0,1474.306805,1474.112066,0.042347,0.015984,0.182043
14,T14_UAV_2,HAP_1,HAP_0,724.578413,724.378038,0.02807,0.027358,0.224737
15,T15_UAV_6,HAP_1,LEO_0,220.650866,220.417181,0.040368,0.039117,0.271005
15,T15_UAV_13,BS_4,LEO_1,240.198723,239.969112,0.042619,0.02215,0.324208
15,T15_UAV_19,BS_0,HAP_0,252.303012,252.073548,0.026421,0.042735,0.301536
15,T15_UAV_14,BS_3,LEO_0,221.846514,221.63273,0.040404,0.01918,0.271005
15,T15_UAV_16,BS_0,HAP_1,325.556644,325.295057,0.027461,0.042183,0.459716
15,T15_UAV_7,BS_4,HAP_2,332.701217,332.485233,0.02706,0.017215,0.358548
15,T15_UAV_11,BS_4,LEO_1,416.000235,415.754677,0.044631,0.036086,0.324208
15,T15_UAV_10,BS_4,HAP_0,434.531758,434.331163,0.026743,0.013544,0.301536
15,T15_UAV_18,BS_2,HAP_1,526.293458,526.024053,0.028544,0.048919,0.459716
15,T15_UAV_15,BS_0,HAP_2,533.695184,533.462086,0.029578,0.03181,0.358548
15,T15_UAV_17,BS_2,LEO_0,553.428944,553.227046,0.041099,0.006598,0.271005
15,T15_UAV_4,BS_1,BS_2,561.743512,561.485638,0.045065,0.061173,0.258179
15,T15_UAV_5,BS_3,BS_0,568.468383,568.24645,0.045488,0.022369,0.27038
15,T15_UAV_0,BS_3,LEO_1,616.000988,615.773375,0.046235,0.016537,0.324208
15,T15_UAV_8,BS_2,BS_1,713.66414,713.345736,0.054552,0.0694,0.472265
15,T15_UAV_2,HAP_1,BS_4,218.261055,217.988114,0.023607,0.079346,0.34994
16,T16_UAV_8,BS_2,LEO_1,223.639511,223.563241,0.002865,0.027711,0.228473
16,T16_UAV_11,BS_4,LEO_0,229.298611,229.091391,0.040414,0.006286,0.302601
16,T16_UAV_17,BS_2,HAP_0,279.933488,279.875423,0.001768,0.016207,0.200444
16,T16_UAV_15,BS_0,HAP_1,298.929854,298.672072,0.026794,0.037465,0.467619
16,T16_UAV_12,BS_2,HAP_2,436.877097,436.649306,0.028502,0.034595,0.323469
16,T16_UAV_18,BS_2,LEO_1,529.075367,529.006223,0.006265,0.017184,0.228473
16,T16_UAV_16,BS_0,LEO_0,582.804068,582.593189,0.041244,0.009114,0.302601
16,T16_UAV_9,BS_0,HAP_0,602.168029,602.114112,0.004235,0.009593,0.200444
16,T16_UAV_13,BS_4,LEO_1,615.092697,615.026152,0.006729,0.014122,0.228473
16,T16_UAV_6,HAP_1,HAP_2,620.228996,620.024775,0.029451,0.010076,0.323469
16,T16_UAV_7,BS_4,HAP_1,641.149654,640.895904,0.027984,0.032242,0.467619
16,T16_UAV_14,BS_3,LEO_0,708.864306,708.628808,0.041293,0.033685,0.302601
16,T16_UAV_4,BS_1,BS_2,730.422317,730.178435,0.055603,0.030714,0.287824
16,T16_UAV_2,HAP_1,BS_1,240.082791,239.826369,0.024972,0.046475,0.424877
17,T17_UAV_0,BS_3,LEO_0,276.624892,276.567053,0.000418,0.014432,0.214943
17,T17_UAV_13,BS_4,LEO_1,254.709274,254.498901,0.042776,0.024982,0.213082
17,T17_UAV_5,BS_3,HAP_0,283.294153,283.206834,0.001919,0.032468,0.264659
17,T17_UAV_15,BS_0,HAP_2,285.974238,285.916993,0.002464,0.005535,0.246232
17,T17_UAV_1,BS_3,HAP_1,297.507289,297.243168,0.026427,0.057797,0.399479
17,T17_UAV_4,BS_1,LEO_0,524.183277,524.124378,0.000911,0.014999,0.214943
17,T17_UAV_17,BS_2,LEO_1,395.156029,394.935342,0.044818,0.033253,0.213082
17,T17_UAV_19,BS_0,HAP_0,518.337277,518.265888,0.002932,0.015526,0.264659
17,T17_UAV_18,BS_2,LEO_0,844.952644,844.892983,0.001448,0.015224,0.214943
17,T17_UAV_12,BS_2,HAP_2,638.566901,638.497255,0.005135,0.015265,0.246232
17,T17_UAV_3,BS_3,HAP_1,649.113364,648.841622,0.028394,0.063451,0.399479
17,T17_UAV_8,BS_2,LEO_1,699.194732,698.987874,0.048942,0.0153,0.213082
17,T17_UAV_16,BS_0,BS_1,743.220146,742.930818,0.0564,0.029186,0.518709
17,T17_UAV_9,BS_0,LEO_0,937.000497,936.937188,0.001746,0.018575,0.214943
18,T18_UAV_4,BS_1,LEO_0,374.187327,374.099823,0.00065,0.028008,0.294237
18,T18_UAV_19,BS_0,LEO_1,577.083675,577.011739,0.005004,0.015135,0.258987
18,T18_UAV_5,BS_3,HAP_0,435.311759,435.201242,0.002949,0.033133,0.372177
18,T18_UAV_18,BS_2,HAP_2,517.069684,516.989994,0.00429,0.018129,0.286358
18,T18_UAV_1,BS_3,HAP_1,529.600431,529.328655,0.027542,0.054859,0.446876
18,T18_UAV_11,BS_4,LEO_0,705.812318,705.742436,0.00117,0.009864,0.294237
18,T18_UAV_2,HAP_1,LEO_1,709.988917,709.925421,0.005219,0.00648,0.258987
18,T18_UAV_0,BS_3,LEO_0,710.648743,710.577053,0.001075,0.011768,0.294237
18,T18_UAV_7,BS_4,HAP_0,572.813047,572.718787,0.002074,0.01775,0.372177
18,T18_UAV_9,BS_0,HAP_2,695.499721,695.429801,0.00644,0.006209,0.286358
18,T18_UAV_12,BS_2,LEO_1,937.337194,937.267455,0.008856,0.009085,0.258987
18,T18_UAV_17,BS_2,BS_3,706.57797,706.288152,0.054111,0.080185,0.277608
18,T18_UAV_13,BS_4,LEO_0,965.75657,965.674177,0.001472,0.022075,0.294237
18,T18_UAV_15,BS_0,LEO_1,1062.415715,1062.329166,0.009326,0.025426,0.258987
18,T18_UAV_6,HAP_1,HAP_1,229.030297,228.77977,0.025814,0.035337,0.446876
19,T19_UAV_12,BS_2,LEO_0,162.798163,162.714074,0.000355,0.00686,0.384367
19,T19_UAV_17,BS_2,LEO_1,285.708746,285.622695,0.003484,0.018846,0.318604
19,T19_UAV_3,BS_3,HAP_0,908.395581,908.237509,0.029138,0.006766,0.110838
19,T19_UAV_13,BS_4,HAP_2,163.768477,163.681227,0.001666,0.018578,0.335028
19,T19_UAV_10,BS_4,HAP_1,183.439543,183.209975,0.026046,0.022508,0.405069
19,T19_UAV_7,BS_4,LEO_0,254.024711,253.933135,0.000501,0.014201,0.384367
19,T19_UAV_1,BS_3,HAP_0,1006.766285,1006.594307,0.029263,0.020547,0.110838
19,T19_UAV_11,BS_4,BS_2,641.140118,640.897483,0.050026,0.035502,0.285538
19,T19_UAV_8,BS_2,LEO_1,551.086405,551.010125,0.007044,0.005514,0.318604
19,T19_UAV_5,BS_3,HAP_0,1379.259927,1379.090896,0.031366,0.015498,0.110838
19,T19_UAV_16,BS_0,HAP_0,1885.248365,1885.087594,0.034382,0.004221,0.110838
19,T19_UAV_4,BS_1,BS_2,1288.50635,1288.24224,0.090465,0.016537,0.285538
19,T19_UAV_19,BS_0,HAP_0,1907.998891,1907.827206,0.032729,0.016788,0.110838
19,T19_UAV_14,BS_3,HAP_0,2372.745167,2372.564895,0.03682,0.021284,0.110838
19,T19_UAV_2,HAP_1,HAP_0,2710.189827,2710.01817,0.035126,0.014363,0.110838
19,T19_UAV_6,HAP_1,LEO_1,204.43067,204.35395,0.001807,0.011192,0.318604
20,T20_UAV_14,BS_3,LEO_0,203.233099,203.04215,0.040368,0.010272,0.201545
20,T20_UAV_7,BS_4,LEO_1,217.532396,217.442888,0.002138,0.013279,0.370449
20,T20_UAV_10,BS_4,HAP_2,236.62946,236.443791,0.026559,0.010854,0.241282
20,T20_UAV_3,BS_3,HAP_0,236.78015,236.552344,0.026571,0.016613,0.423109
20,T20_UAV_11,BS_4,HAP_1,358.109961,357.849319,0.027105,0.038139,0.476991
20,T20_UAV_9,BS_0,LEO_1,394.431696,394.337522,0.004808,0.015276,0.370449
20,T20_UAV_18,BS_2,LEO_0,479.572324,479.374717,0.040905,0.016393,0.201545
20,T20_UAV_1,BS_3,LEO_1,593.347755,593.262627,0.005747,0.005291,0.370449
20,T20_UAV_13,BS_4,HAP_0,675.207991,674.965872,0.028521,0.028976,0.423109
20,T20_UAV_17,BS_2,HAP_2,683.697121,683.497716,0.030681,0.020468,0.241282
20,T20_UAV_15,BS_0,HAP_1,711.530176,711.282353,0.029284,0.023141,0.476991
20,T20_UAV_0,BS_3,LEO_0,787.308391,787.121283,0.041297,0.005501,0.201545
21,T21_UAV_15,BS_0,LEO_1,486.477981,486.299399,0.043616,0.004338,0.153141
21,T21_UAV_5,BS_3,LEO_0,424.694057,424.509118,0.040644,0.007322,0.184867
21,T21_UAV_0,BS_3,HAP_0,481.889108,481.701726,0.027694,0.006238,0.267249
21,T21_UAV_19,BS_0,HAP_2,606.735254,606.558586,0.029181,0.00811,0.196887
21,T21_UAV_7,BS_4,LEO_1,717.009336,716.827653,0.044835,0.00622,0.153141
21,T21_UAV_17,BS_2,LEO_0,684.633077,684.438612,0.041221,0.01627,0.184867
21,T21_UAV_4,BS_1,HAP_1,712.647,712.384297,0.029781,0.039165,0.468787
21,T21_UAV_13,BS_4,HAP_0,814.299942,814.105304,0.028797,0.012391,0.267249
21,T21_UAV_12,BS_2,HAP_2,898.49747,898.307965,0.031213,0.018915,0.196887
21,T21_UAV_2,HAP_1,LEO_1,1019.453431,1019.255103,0.046404,0.021296,0.153141
21,T21_UAV_9,BS_0,LEO_0,894.731326,894.533865,0.041664,0.018823,0.184867
21,T21_UAV_16,BS_0,BS_2,700.024226,699.782173,0.053705,0.031783,0.282824
21,T21_UAV_1,BS_3,HAP_1,795.234072,794.938228,0.028817,0.073269,0.468787
21,T21_UAV_11,BS_4,LEO_1,1125.444425,1125.251877,0.048544,0.013376,0.153141
21,T21_UAV_18,BS_2,LEO_0,906.172356,905.984436,0.041559,0.009387,0.184867
21,T21_UAV_8,BS_2,HAP_2,1134.337054,1134.158383,0.032904,0.00639,0.196887
21,T21_UAV_10,BS_4,HAP_0,1175.144514,1174.92672,0.02937,0.034975,0.267249
21,T21_UAV_6,HAP_1,LEO_1,616.171971,615.97994,0.043772,0.01763,0.153141
22,T22_UAV_19,BS_0,LEO_0,312.915526,312.843607,0.00048,0.026505,0.224674
22,T22_UAV_14,BS_3,LEO_1,186.959391,186.733707,0.042537,0.014539,0.343041
22,T22_UAV_11,BS_4,HAP_0,471.869014,471.679511,0.026768,0.023724,0.19506
22,T22_UAV_15,BS_0,HAP_2,480.907249,480.707738,0.028537,0.023219,0.238778
22,T22_UAV_8,BS_2,HAP_1,272.014703,271.769818,0.027774,0.032908,0.421023
22,T22_UAV_7,BS_4,LEO_0,700.059008,700.007783,0.001105,0.005185,0.224674
22,T22_UAV_0,BS_3,HAP_0,547.774616,547.600407,0.028067,0.00713,0.19506
22,T22_UAV_18,BS_2,LEO_1,452.752528,452.509085,0.047546,0.027289,0.343041
22,T22_UAV_12,BS_2,LEO_0,711.297138,711.231462,0.001227,0.019514,0.224674
22,T22_UAV_9,BS_0,HAP_2,1077.3939,1077.20526,0.033436,0.007448,0.238778
22,T22_UAV_5,BS_3,BS_2,762.263841,761.988569,0.05759,0.06043,0.286258
22,T22_UAV_1,BS_3,BS_0,775.801049,775.568142,0.058439,0.019059,0.277047
22,T22_UAV_4,BS_1,HAP_0,822.857603,822.665465,0.029105,0.024021,0.19506
22,T22_UAV_2,HAP_1,LEO_0,1042.563646,1042.505241,0.001475,0.011995,0.224674
22,T22_UAV_6,HAP_1,HAP_2,459.25841,459.071185,0.027878,0.011592,0.238778
23,T23_UAV_19,BS_0,LEO_0,209.138734,209.069628,0.000349,0.010559,0.29099
23,T23_UAV_12,BS_2,LEO_1,220.349291,220.143245,0.042612,0.009333,0.270502
23,T23_UAV_14,BS_3,HAP_2,643.609778,643.539387,0.00455,0.028469,0.186855
23,T23_UAV_17,BS_2,HAP_0,270.903739,270.696127,0.026696,0.034686,0.231148
23,T23_UAV_5,BS_3,HAP_1,291.859212,291.58932,0.026329,0.059492,0.420355
23,T23_UAV_4,BS_1,LEO_0,376.261655,376.18679,0.000715,0.015952,0.29099
23,T23_UAV_18,BS_2,LEO_1,421.087067,420.859565,0.045005,0.028397,0.270502
23,T23_UAV_13,BS_4,LEO_0,469.84578,469.780412,0.000776,0.006394,0.29099
23,T23_UAV_15,BS_0,HAP_2,1470.346821,1470.288712,0.009031,0.011707,0.186855
23,T23_UAV_11,BS_4,HAP_0,719.049202,718.858989,0.027959,0.016024,0.231148
23,T23_UAV_0,BS_3,HAP_1,754.179921,753.912191,0.029139,0.05452,0.420355
23,T23_UAV_8,BS_2,LEO_1,798.668389,798.438472,0.050167,0.025651,0.270502
23,T23_UAV_6,HAP_1,HAP_2,1541.404714,1541.35447,0.008239,0.004634,0.186855
23,T23_UAV_3,BS_3,HAP_2,1750.494395,1750.43476,0.011467,0.010797,0.186855
23,T23_UAV_16,BS_0,HAP_2,1912.479141,1912.421764,0.012929,0.007077,0.186855
23,T23_UAV_2,HAP_1,BS_1,287.996472,287.769034,0.027967,0.013277,0.430973
24,T24_UAV_3,BS_3,LEO_1,413.01027,412.938669,0.002464,0.025653,0.217424
24,T24_UAV_2,HAP_1,LEO_0,224.825059,224.736314,0.000344,0.019863,0.342688
24,T24_UAV_13,BS_4,HAP_0,345.827574,345.635346,0.02661,0.02497,0.203237
24,T24_UAV_16,BS_0,HAP_1,250.556051,250.315085,0.026937,0.031411,0.413087
24,T24_UAV_0,BS_3,HAP_2,292.854663,292.655515,0.027661,0.00539,0.330488
24,T24_UAV_1,BS_3,LEO_1,661.234601,661.1796,0.003885,0.007631,0.217424
24,T24_UAV_14,BS_3,LEO_0,337.098707,337.013104,0.00061,0.016456,0.342688
24,T24_UAV_17,BS_2,LEO_1,889.044632,888.984248,0.006355,0.010544,0.217424
24,T24_UAV_15,BS_0,HAP_0,844.112138,843.923877,0.029634,0.01798,0.203237
24,T24_UAV_8,BS_2,LEO_0,590.666002,590.577522,0.001245,0.018698,0.342688
24,T24_UAV_10,BS_4,HAP_1,671.348617,671.123086,0.02811,0.014804,0.413087
24,T24_UAV_4,BS_1,HAP_2,679.278939,679.076541,0.030133,0.006168,0.330488
24,T24_UAV_9,BS_0,BS_1,763.125265,762.820789,0.057642,0.06406,0.413867
24,T24_UAV_11,BS_4,LEO_1,1301.002951,1300.927902,0.008704,0.02286,0.217424
24,T24_UAV_19,BS_0,HAP_0,1160.904815,1160.692182,0.030853,0.041133,0.203237
24,T24_UAV_18,BS_2,LEO_1,1549.408989,1549.335663,0.010904,0.018937,0.217424
24,T24_UAV_6,HAP_1,LEO_1,445.345768,445.293984,0.002417,0.005882,0.217424
25,T25_UAV_7,BS_4,LEO_0,862.594552,862.418413,0.041025,0.015277,0.099185
25,T25_UAV_16,BS_0,LEO_0,899.852813,899.682462,0.041266,0.009248,0.099185
25,T25_UAV_2,HAP_1,HAP_0,417.764681,417.549857,0.027122,0.030881,0.284103
25,T25_UAV_0,BS_3,LEO_0,1049.650649,1049.469537,0.041216,0.02006,0.099185
25,T25_UAV_13,BS_4,HAP_2,291.813761,291.597337,0.027966,0.029633,0.294126
25,T25_UAV_10,BS_4,LEO_0,1189.824014,1189.649837,0.041362,0.012978,0.099185
25,T25_UAV_12,BS_2,LEO_0,1425.178428,1424.998792,0.041821,0.017978,0.099185
25,T25_UAV_15,BS_0,LEO_0,1461.605901,1461.428425,0.041738,0.015901,0.099185
25,T25_UAV_11,BS_4,HAP_0,777.951577,777.741194,0.028219,0.025344,0.284103
25,T25_UAV_5,BS_3,LEO_0,1901.972726,1901.801892,0.042198,0.0088,0.099185
25,T25_UAV_6,HAP_1,LEO_0,2019.850768,2019.681447,0.042333,0.007151,0.099185
25,T25_UAV_1,BS_3,LEO_0,2399.340346,2399.163198,0.042662,0.014648,0.099185
25,T25_UAV_19,BS_0,LEO_0,2428.031431,2427.863231,0.042832,0.005531,0.099185
25,T25_UAV_9,BS_0,LEO_0,2967.512177,2967.337661,0.044006,0.010673,0.099185
25,T25_UAV_3,BS_3,LEO_0,3143.572063,3143.385418,0.043627,0.023182,0.099185
26,T26_UAV_19,BS_0,LEO_0,210.410135,210.14845,0.040351,0.030859,0.452374
26,T26_UAV_12,BS_2,LEO_1,268.372056,268.132701,0.04319,0.011295,0.424347
26,T26_UAV_15,BS_0,HAP_0,364.894545,364.699824,0.027008,0.021632,0.230402
26,T26_UAV_8,BS_2,HAP_1,273.830544,273.559483,0.027058,0.057201,0.434011
26,T26_UAV_16,BS_0,HAP_2,314.623038,314.413181,0.028114,0.024633,0.285549
26,T26_UAV_11,BS_4,LEO_0,334.73348,334.477028,0.04061,0.025367,0.452374
26,T26_UAV_1,BS_3,LEO_1,520.034962,519.795293,0.045022,0.009777,0.424347
26,T26_UAV_9,BS_0,HAP_0,831.893887,831.701998,0.03013,0.015679,0.230402
26,T26_UAV_17,BS_2,HAP_1,646.545768,646.315786,0.029517,0.013662,0.434011
26,T26_UAV_0,BS_3,HAP_2,705.667679,705.46039,0.031432,0.018746,0.285549
26,T26_UAV_4,BS_1,LEO_0,710.748647,710.49575,0.041346,0.021076,0.452374
26,T26_UAV_3,BS_3,LEO_1,712.14646,711.896875,0.04702,0.017695,0.424347
26,T26_UAV_6,HAP_1,BS_1,726.157004,725.83104,0.055332,0.080759,0.449366
26,T26_UAV_7,BS_4,BS_2,743.132587,742.864264,0.056396,0.01691,0.475089
26,T26_UAV_10,BS_4,HAP_0,1168.925006,1168.721801,0.02939,0.027734,0.230402
27,T27_UAV_5,BS_3,LEO_1,205.575279,205.489345,0.001834,0.038031,0.230349
27,T27_UAV_11,BS_4,LEO_0,233.189686,232.943618,0.040425,0.029356,0.381432
27,T27_UAV_3,BS_3,HAP_2,325.666248,325.598107,0.00308,0.021545,0.217582
27,T27_UAV_19,BS_0,HAP_0,394.608226,394.42178,0.027247,0.010446,0.243763
27,T27_UAV_15,BS_0,HAP_1,441.947781,441.651001,0.027669,0.086936,0.41088
27,T27_UAV_17,BS_2,LEO_1,480.866628,480.795689,0.005819,0.01905,0.230349
27,T27_UAV_4,BS_1,LEO_0,636.391982,636.12836,0.041204,0.046131,0.381432
27,T27_UAV_12,BS_2,HAP_2,563.635861,563.57382,0.004615,0.013909,0.217582
27,T27_UAV_0,BS_3,LEO_1,576.664061,576.593039,0.005935,0.019017,0.230349
27,T27_UAV_13,BS_4,HAP_0,673.494159,673.300026,0.028509,0.016872,0.243763
27,T27_UAV_1,BS_3,HAP_1,683.410917,683.156996,0.028276,0.04347,0.41088
27,T27_UAV_8,BS_2,LEO_0,732.132159,731.880498,0.041536,0.033839,0.381432
27,T27_UAV_2,HAP_1,BS_1,747.89123,747.566904,0.05669,0.068286,0.49675
27,T27_UAV_10,BS_4,BS_2,767.675626,767.436226,0.057931,0.018518,0.314753
28,T28_UAV_15,BS_0,LEO_1,309.479478,309.41099,0.002711,0.005918,0.299295
28,T28_UAV_19,BS_0,LEO_0,247.666159,247.448408,0.040415,0.030423,0.23457
28,T28_UAV_9,BS_0,HAP_2,280.588399,280.504948,0.002639,0.015987,0.324128
28,T28_UAV_13,BS_4,HAP_0,297.414856,297.235499,0.026548,0.00956,0.216247
28,T28_UAV_16,BS_0,HAP_1,373.139503,372.896815,0.027917,0.022635,0.460683
28,T28_UAV_12,BS_2,LEO_1,451.413131,451.325143,0.004294,0.023835,0.299295
28,T28_UAV_1,BS_3,LEO_0,439.082538,438.860776,0.040685,0.034163,0.23457
28,T28_UAV_5,BS_3,LEO_1,631.273659,631.20179,0.004558,0.007452,0.299295
28,T28_UAV_0,BS_3,HAP_2,501.621543,501.521771,0.004585,0.030362,0.324128
28,T28_UAV_4,BS_1,HAP_0,546.405236,546.20733,0.028043,0.026614,0.216247
28,T28_UAV_18,BS_2,HAP_1,585.393839,585.154365,0.028988,0.01835,0.460683
28,T28_UAV_2,HAP_1,LEO_0,590.932439,590.722201,0.040906,0.022419,0.23457
28,T28_UAV_8,BS_2,BS_1,602.830632,602.534838,0.04763,0.05717,0.454976
28,T28_UAV_17,BS_2,BS_0,612.821973,612.593421,0.048258,0.018833,0.307305
28,T28_UAV_3,BS_3,BS_2,638.858251,638.583049,0.049881,0.057363,0.339785
28,T28_UAV_11,BS_4,LEO_1,876.694304,876.595156,0.007905,0.031384,0.299295
29,T29_UAV_14,BS_3,LEO_0,407.82222,407.773419,0.000628,0.006757,0.207081
29,T29_UAV_5,BS_3,LEO_1,254.287811,254.065178,0.04226,0.01598,0.321968
29,T29_UAV_10,BS_4,HAP_2,266.028669,265.942491,0.001783,0.011798,0.362994
29,T29_UAV_11,BS_4,HAP_0,407.109602,406.931839,0.026551,0.006892,0.221598
29,T29_UAV_19,BS_0,HAP_1,299.835046,299.563839,0.026748,0.057978,0.432407
29,T29_UAV_6,HAP_1,LEO_0,509.726126,509.667479,0.000725,0.016506,0.207081
29,T29_UAV_18,BS_2,LEO_1,372.036803,371.818388,0.044443,0.009578,0.321968
29,T29_UAV_9,BS_0,LEO_0,596.325145,596.262731,0.001031,0.019967,0.207081
29,T29_UAV_1,BS_3,HAP_2,467.071006,466.989592,0.004105,0.00471,0.362994
29,T29_UAV_15,BS_0,HAP_0,734.086697,733.89491,0.029064,0.018403,0.221598
29,T29_UAV_13,BS_4,HAP_1,513.655822,513.389365,0.027895,0.05208,0.432407
29,T29_UAV_16,BS_0,LEO_1,523.241255,523.008664,0.046536,0.021662,0.321968
29,T29_UAV_4,BS_1,BS_2,597.681158,597.45069,0.047312,0.014739,0.342079
29,T29_UAV_0,BS_3,BS_1,613.300022,612.989485,0.048283,0.068985,0.466345
29,T29_UAV_17,BS_2,LEO_0,989.875915,989.803443,0.001626,0.02943,0.207081
29,T29_UAV_12,BS_2,HAP_0,970.487986,970.281597,0.030236,0.031832,0.221598
29,T29_UAV_8,BS_2,LEO_0,1265.665521,1265.606142,0.002224,0.015738,0.207081
29,T29_UAV_2,HAP_1,BS_0,264.440214,264.237167,0.026497,0.014643,0.309539
30,T30_UAV_15,BS_0,LEO_1,376.380059,376.169762,0.043289,0.029414,0.187969
30,T30_UAV_2,HAP_1,LEO_0,593.134164,592.936853,0.040841,0.008576,0.239472
30,T30_UAV_8,BS_2,HAP_2,639.691897,639.51867,0.029514,0.020966,0.113735
30,T30_UAV_19,BS_0,HAP_0,557.978342,557.774315,0.028187,0.008907,0.334663
30,T30_UAV_0,BS_3,HAP_1,573.442586,573.197848,0.028213,0.037904,0.393106
30,T30_UAV_3,BS_3,LEO_0,752.886465,752.675606,0.041144,0.02182,0.239472
30,T30_UAV_11,BS_4,LEO_1,767.002753,766.802543,0.04692,0.015696,0.187969
30,T30_UAV_18,BS_2,HAP_2,884.378328,884.220355,0.031153,0.004073,0.113735
30,T30_UAV_9,BS_0,LEO_1,811.467792,811.261776,0.047813,0.020609,0.187969
30,T30_UAV_16,BS_0,LEO_0,831.109811,830.90832,0.041651,0.011945,0.239472
30,T30_UAV_12,BS_2,BS_4,672.145854,671.910187,0.051963,0.029756,0.26974
30,T30_UAV_10,BS_4,HAP_0,716.335672,716.131434,0.027971,0.009334,0.334663
30,T30_UAV_17,BS_2,HAP_1,778.219148,777.972189,0.030403,0.037935,0.393106
30,T30_UAV_5,BS_3,BS_1,799.889651,799.645663,0.059943,0.014216,0.349145
30,T30_UAV_14,BS_3,LEO_1,834.17845,833.974031,0.046553,0.020273,0.187969
30,T30_UAV_6,HAP_1,LEO_0,899.587767,899.370399,0.041357,0.028116,0.239472
30,T30_UAV_7,BS_4,HAP_2,1123.828583,1123.667262,0.031114,0.00746,0.113735
31,T31_UAV_3,BS_3,LEO_1,244.08375,244.028649,0.002422,0.006087,0.232964
31,T31_UAV_4,BS_1,LEO_0,255.727982,255.521141,0.040481,0.022922,0.21719
31,T31_UAV_0,BS_3,HAP_0,608.380162,608.329106,0.003169,0.009511,0.191879
31,T31_UAV_5,BS_3,HAP_1,313.755396,313.487442,0.026421,0.059569,0.40982
31,T31_UAV_13,BS_4,HAP_2,336.441459,336.247096,0.027534,0.019669,0.235805
31,T31_UAV_18,BS_2,LEO_1,391.054478,390.981838,0.004689,0.021358,0.232964
31,T31_UAV_10,BS_4,LEO_0,508.569844,508.362398,0.040825,0.023184,0.21719
31,T31_UAV_9,BS_0,HAP_0,948.878769,948.820409,0.005367,0.014618,0.191879
31,T31_UAV_16,BS_0,LEO_1,517.676497,517.608943,0.006493,0.014469,0.232964
31,T31_UAV_8,BS_2,HAP_1,574.185707,573.943365,0.029303,0.031075,0.40982
31,T31_UAV_19,BS_0,HAP_2,662.180548,661.971745,0.030353,0.031289,0.235805
31,T31_UAV_14,BS_3,HAP_0,1265.548146,1265.486838,0.007369,0.015563,0.191879
31,T31_UAV_15,BS_0,HAP_0,1452.859152,1452.79626,0.00742,0.017096,0.191879
31,T31_UAV_6,HAP_1,LEO_0,338.547295,338.332497,0.040554,0.030806,0.21719
32,T32_UAV_16,BS_0,LEO_0,433.782065,433.73725,0.000802,0.004733,0.196396
32,T32_UAV_3,BS_3,LEO_1,274.065926,273.983409,0.002722,0.02719,0.263029
32,T32_UAV_17,BS_2,HAP_0,319.164229,319.080052,0.001984,0.027105,0.275434
32,T32_UAV_10,BS_4,HAP_2,381.028929,380.96157,0.002566,0.019049,0.228722
32,T32_UAV_13,BS_4,LEO_0,659.296963,659.250898,0.000937,0.005849,0.196396
32,T32_UAV_4,BS_1,HAP_1,563.149302,562.900805,0.028737,0.031399,0.44181
32,T32_UAV_19,BS_0,LEO_1,449.952026,449.887752,0.004944,0.006725,0.263029
32,T32_UAV_6,HAP_1,LEO_0,672.255374,672.191811,0.000953,0.023331,0.196396
32,T32_UAV_0,BS_3,HAP_0,610.558038,610.467454,0.003971,0.031526,0.275434
32,T32_UAV_1,BS_3,HAP_2,618.590517,618.511621,0.005442,0.027709,0.228722
32,T32_UAV_7,BS_4,LEO_1,637.752196,637.680348,0.006313,0.012929,0.263029
32,T32_UAV_18,BS_2,BS_4,641.007129,640.721649,0.050015,0.078497,0.28484
32,T32_UAV_8,BS_2,HAP_1,673.205873,672.95429,0.030042,0.033178,0.44181
32,T32_UAV_14,BS_3,BS_1,709.479827,709.240182,0.054295,0.012753,0.362984
32,T32_UAV_11,BS_4,LEO_0,1088.990506,1088.933753,0.001702,0.015771,0.196396
32,T32_UAV_15,BS_0,LEO_0,1312.589927,1312.531001,0.001954,0.017693,0.196396
32,T32_UAV_2,HAP_1,BS_2,390.239932,389.959139,0.03435,0.0682,0.391214
33,T33_UAV_3,BS_3,LEO_1,826.908697,826.715884,0.043251,0.011893,0.188343
33,T33_UAV_0,BS_3,LEO_1,884.637824,884.433268,0.043585,0.023302,0.188343
33,T33_UAV_13,BS_4,LEO_0,156.098188,155.874761,0.040375,0.020023,0.315143
33,T33_UAV_11,BS_4,HAP_0,261.686757,261.58045,0.001325,0.032228,0.36377
33,T33_UAV_17,BS_2,LEO_1,1148.081788,1147.887035,0.045182,0.011903,0.188343
33,T33_UAV_12,BS_2,HAP_2,324.866882,324.794685,0.003712,0.006549,0.309677
33,T33_UAV_14,BS_3,HAP_1,400.016761,399.746316,0.027866,0.0663,0.381394
33,T33_UAV_15,BS_0,LEO_1,1528.58711,1528.382814,0.046441,0.020186,0.188343
33,T33_UAV_18,BS_2,LEO_1,1645.70674,1645.516158,0.04742,0.005493,0.188343
33,T33_UAV_19,BS_0,LEO_1,1945.267973,1945.069463,0.048228,0.012614,0.188343
33,T33_UAV_16,BS_0,LEO_1,1952.264412,1952.063275,0.049104,0.014365,0.188343
33,T33_UAV_4,BS_1,LEO_1,2124.283934,2124.089574,0.049519,0.007173,0.188343
33,T33_UAV_8,BS_2,LEO_1,2451.131923,2450.937842,0.051476,0.004936,0.188343
33,T33_UAV_2,HAP_1,LEO_1,2504.601194,2504.405108,0.049231,0.009187,0.188343
33,T33_UAV_1,BS_3,LEO_1,2694.253528,2694.048517,0.050383,0.01696,0.188343
33,T33_UAV_7,BS_4,LEO_1,3092.886921,3092.689718,0.052136,0.007399,0.188343
34,T34_UAV_14,BS_3,LEO_0,209.188774,208.964777,0.040373,0.011621,0.360014
34,T34_UAV_7,BS_4,LEO_1,236.632834,236.384925,0.042336,0.007255,0.49159
34,T34_UAV_5,BS_3,HAP_2,270.404112,270.211661,0.027627,0.021704,0.215599
34,T34_UAV_1,BS_3,HAP_0,332.472298,332.262626,0.027007,0.01123,0.357176
34,T34_UAV_17,BS_2,HAP_1,498.803665,498.522714,0.028439,0.055272,0.486206
34,T34_UAV_6,HAP_1,LEO_0,524.272898,524.052353,0.040855,0.007687,0.360014
34,T34_UAV_11,BS_4,LEO_1,579.052525,578.793669,0.04656,0.013978,0.49159
34,T34_UAV_12,BS_2,HAP_2,395.824473,395.64224,0.028278,0.010835,0.215599
34,T34_UAV_0,BS_3,HAP_0,648.659583,648.436428,0.029229,0.02249,0.357176
34,T34_UAV_10,BS_4,HAP_1,652.831849,652.584996,0.027958,0.021653,0.486206
34,T34_UAV_9,BS_0,LEO_0,664.677788,664.428815,0.041365,0.035605,0.360014
34,T34_UAV_13,BS_4,LEO_1,677.237293,676.956782,0.047334,0.034859,0.49159
34,T34_UAV_4,BS_1,BS_4,684.677192,684.434054,0.052746,0.035243,0.275752
35,T35_UAV_11,BS_4,LEO_0,358.952031,358.90494,0.000561,0.008594,0.189679
35,T35_UAV_5,BS_3,LEO_1,193.886898,193.665607,0.042364,0.010218,0.343544
35,T35_UAV_17,BS_2,HAP_2,407.843762,407.785367,0.002874,0.017475,0.19023
35,T35_UAV_13,BS_4,HAP_0,448.050254,447.871739,0.027084,0.013283,0.190741
35,T35_UAV_1,BS_3,LEO_0,524.265566,524.201914,0.000712,0.025004,0.189679
35,T35_UAV_18,BS_2,HAP_1,533.136579,532.890079,0.028656,0.018505,0.496697
35,T35_UAV_14,BS_3,LEO_0,635.32974,635.280548,0.000973,0.010283,0.189679
35,T35_UAV_9,BS_0,HAP_2,661.230221,661.172967,0.005275,0.013934,0.19023
35,T35_UAV_8,BS_2,LEO_1,502.314264,502.062023,0.048912,0.03462,0.343544
35,T35_UAV_2,HAP_1,HAP_0,878.90123,878.711294,0.029008,0.02278,0.190741
35,T35_UAV_7,BS_4,BS_0,589.94488,589.700185,0.046828,0.045307,0.262797
35,T35_UAV_0,BS_3,LEO_0,1002.735676,1002.661887,0.001457,0.034396,0.189679
35,T35_UAV_10,BS_4,HAP_2,963.36132,963.298007,0.005678,0.01959,0.19023
35,T35_UAV_15,BS_0,HAP_0,1025.707011,1025.522649,0.030739,0.015476,0.190741
35,T35_UAV_12,BS_2,LEO_0,1173.314335,1173.235934,0.001924,0.038541,0.189679
35,T35_UAV_6,HAP_1,HAP_1,262.450055,262.188071,0.025899,0.036747,0.496697
36,T36_UAV_19,BS_0,LEO_1,422.067184,421.848914,0.043152,0.023145,0.259866
36,T36_UAV_3,BS_3,LEO_0,326.676692,326.465942,0.040542,0.008292,0.30958
36,T36_UAV_13,BS_4,HAP_0,1030.557802,1030.383029,0.029055,0.008648,0.185355
36,T36_UAV_14,BS_3,HAP_1,454.900631,454.614982,0.027554,0.052312,0.528915
36,T36_UAV_18,BS_2,HAP_2,460.663593,460.450402,0.028721,0.017768,0.333512
36,T36_UAV_8,BS_2,LEO_1,698.526764,698.287587,0.045895,0.04131,0.259866
36,T36_UAV_0,BS_3,HAP_0,1109.376316,1109.184062,0.030198,0.024984,0.185355
36,T36_UAV_15,BS_0,LEO_0,624.626459,624.410941,0.041085,0.012517,0.30958
36,T36_UAV_7,BS_4,LEO_1,739.33902,739.123124,0.045022,0.018901,0.259866
36,T36_UAV_9,BS_0,HAP_0,1258.528825,1258.343985,0.031344,0.016425,0.185355
36,T36_UAV_1,BS_3,LEO_1,789.522048,789.304011,0.045232,0.020832,0.259866
36,T36_UAV_11,BS_4,HAP_1,637.216858,636.941503,0.028841,0.040731,0.528915
36,T36_UAV_12,BS_2,HAP_2,701.589928,701.385885,0.030834,0.006506,0.333512
36,T36_UAV_6,HAP_1,LEO_0,744.607639,744.386014,0.041213,0.018496,0.30958
36,T36_UAV_4,BS_1,BS_0,796.101996,795.82837,0.059704,0.050109,0.319067
36,T36_UAV_17,BS_2,LEO_1,841.173603,840.961248,0.046786,0.013596,0.259866
36,T36_UAV_2,HAP_1,HAP_0,1806.49318,1806.293841,0.031987,0.030281,0.185355
36,T36_UAV_5,HAP_1,HAP_0,1848.348736,1848.151868,0.033871,0.025926,0.185355
36,T36_UAV_10,BS_4,HAP_0,2035.017859,2034.827878,0.03177,0.021139,0.185355
37,T37_UAV_10,BS_4,LEO_0,302.441583,302.236728,0.040449,0.021196,0.216046
37,T37_UAV_3,BS_3,LEO_1,241.186724,240.96658,0.042399,0.011103,0.333202
37,T37_UAV_4,BS_1,HAP_0,268.415985,268.183547,0.026473,0.01889,0.435377
37,T37_UAV_7,BS_4,LEO_0,334.935947,334.71764,0.040527,0.034571,0.216046
37,T37_UAV_1,BS_3,HAP_1,493.810582,493.524616,0.027361,0.082782,0.379114
37,T37_UAV_16,BS_0,HAP_2,515.554916,515.346037,0.030202,0.00975,0.344633
37,T37_UAV_11,BS_4,LEO_1,526.485658,526.248872,0.045979,0.024166,0.333202
37,T37_UAV_9,BS_0,HAP_0,536.18088,535.929766,0.028872,0.035167,0.435377
37,T37_UAV_6,HAP_1,HAP_2,596.102628,595.893089,0.029438,0.011175,0.344633
37,T37_UAV_15,BS_0,HAP_1,606.396867,606.172079,0.028685,0.020279,0.379114
37,T37_UAV_0,BS_3,LEO_0,818.289128,818.098357,0.041268,0.006294,0.216046
37,T37_UAV_12,BS_2,LEO_1,638.543928,638.307899,0.047668,0.021721,0.333202
37,T37_UAV_17,BS_2,BS_1,643.04183,642.746407,0.050142,0.042181,0.515503
37,T37_UAV_8,BS_2,BS_0,671.762234,671.525276,0.051939,0.029932,0.275432
37,T37_UAV_5,HAP_1,LEO_0,396.987801,396.791784,0.040602,0.012205,0.216046
38,T38_UAV_8,BS_2,LEO_0,269.673428,269.606464,0.00056,0.021401,0.225012
38,T38_UAV_18,BS_2,LEO_1,319.561081,319.333745,0.043844,0.017778,0.32857
38,T38_UAV_0,BS_3,HAP_2,293.321417,293.252961,0.002708,0.014345,0.257011
38,T38_UAV_4,BS_1,HAP_0,320.805229,320.568185,0.026759,0.034958,0.376636
38,T38_UAV_17,BS_2,HAP_1,397.778361,397.524061,0.027724,0.05402,0.36278
38,T38_UAV_10,BS_4,LEO_0,336.756681,336.702596,0.000544,0.008538,0.225012
38,T38_UAV_14,BS_3,LEO_1,460.496011,460.268893,0.044457,0.016947,0.32857
38,T38_UAV_3,BS_3,LEO_0,399.855809,399.777624,0.000667,0.032517,0.225012
38,T38_UAV_12,BS_2,HAP_2,464.347513,464.286994,0.003878,0.005238,0.257011
38,T38_UAV_15,BS_0,HAP_0,496.931612,496.693948,0.028189,0.034149,0.376636
38,T38_UAV_16,BS_0,HAP_1,538.741649,538.486186,0.029321,0.053586,0.36278
38,T38_UAV_9,BS_0,LEO_1,678.807697,678.585046,0.048164,0.008774,0.32857
38,T38_UAV_1,BS_3,BS_1,735.245329,734.964831,0.055902,0.037801,0.433975
38,T38_UAV_2,HAP_1,BS_2,797.968857,797.689548,0.059821,0.059796,0.298461
38,T38_UAV_5,HAP_1,BS_0,395.809473,395.558345,0.0347,0.045172,0.356277
39,T39_UAV_0,BS_3,LEO_0,392.481854,392.26626,0.040572,0.035419,0.198017
39,T39_UAV_18,BS_2,LEO_1,364.522337,364.327589,0.043495,0.025243,0.130047
39,T39_UAV_17,BS_2,HAP_0,489.30298,489.116541,0.027654,0.027517,0.156342
39,T39_UAV_16,BS_0,HAP_2,408.572081,408.49377,0.004141,0.01306,0.305547
39,T39_UAV_10,BS_4,LEO_0,626.813211,626.602583,0.040876,0.030149,0.198017
39,T39_UAV_1,BS_3,HAP_1,263.191911,262.924796,0.02654,0.057351,0.416122
39,T39_UAV_9,BS_0,LEO_1,538.62556,538.446481,0.045153,0.007917,0.130047
39,T39_UAV_15,BS_0,HAP_0,716.005355,715.820091,0.029032,0.024963,0.156342
39,T39_UAV_2,HAP_1,LEO_0,843.750004,843.555623,0.041136,0.013642,0.198017
39,T39_UAV_19,BS_0,HAP_2,531.393598,531.321445,0.004308,0.006736,0.305547
39,T39_UAV_11,BS_4,LEO_1,710.04449,709.845341,0.046453,0.026687,0.130047
39,T39_UAV_4,BS_1,BS_0,540.657121,540.441305,0.043751,0.014054,0.290056
39,T39_UAV_3,BS_3,BS_4,607.901152,607.640209,0.047949,0.059727,0.266341
39,T39_UAV_14,BS_3,LEO_0,1079.071742,1078.879256,0.041646,0.011236,0.198017
39,T39_UAV_12,BS_2,LEO_1,957.197583,957.003685,0.04917,0.018719,0.130047
39,T39_UAV_8,BS_2,HAP_0,1101.912967,1101.72932,0.031267,0.021111,0.156342
39,T39_UAV_5,HAP_1,LEO_0,367.408361,367.211244,0.040524,0.016989,0.198017
40,T40_UAV_10,BS_4,LEO_1,253.473755,253.409826,0.003431,0.013896,0.233012
40,T40_UAV_12,BS_2,HAP_0,1192.659807,1192.457261,0.029914,0.035525,0.18554
40,T40_UAV_6,HAP_1,LEO_0,282.889167,282.676979,0.040522,0.02234,0.246632
40,T40_UAV_19,BS_0,HAP_2,301.215489,301.131523,0.003355,0.006893,0.368591
40,T40_UAV_18,BS_2,LEO_1,396.155418,396.086741,0.006722,0.015352,0.233012
40,T40_UAV_13,BS_4,HAP_0,1960.324615,1960.132826,0.032068,0.022613,0.18554
40,T40_UAV_15,BS_0,LEO_0,515.363911,515.140703,0.041032,0.03285,0.246632
40,T40_UAV_0,BS_3,HAP_0,2076.166928,2075.975917,0.033828,0.020075,0.18554
40,T40_UAV_17,BS_2,HAP_0,2218.959221,2218.774461,0.034015,0.013637,0.18554
40,T40_UAV_3,BS_3,HAP_0,2352.546911,2352.35798,0.035066,0.016757,0.18554
40,T40_UAV_4,BS_1,HAP_0,2439.558527,2439.373411,0.03412,0.013887,0.18554
40,T40_UAV_14,BS_3,HAP_0,3143.958214,3143.774631,0.039392,0.007083,0.18554
40,T40_UAV_9,BS_0,HAP_0,3250.855827,3250.653144,0.039756,0.025819,0.18554
40,T40_UAV_1,BS_3,HAP_0,3322.305417,3322.090543,0.038328,0.039438,0.18554
41,T41_UAV_11,BS_4,LEO_1,208.10409,208.018683,0.003324,0.024794,0.28645
41,T41_UAV_0,BS_3,HAP_2,1445.851388,1445.671085,0.032106,0.013653,0.17272
41,T41_UAV_3,BS_3,LEO_0,262.927149,262.725963,0.0405,0.008824,0.259314
41,T41_UAV_16,BS_0,HAP_0,220.471678,220.219911,0.02738,0.047438,0.384747
41,T41_UAV_8,BS_2,HAP_2,1493.928277,1493.746206,0.031934,0.015593,0.17272
41,T41_UAV_5,HAP_1,LEO_1,303.583956,303.514409,0.003711,0.008546,0.28645
41,T41_UAV_10,BS_4,HAP_1,359.686505,359.437321,0.02694,0.033667,0.442886
41,T41_UAV_17,BS_2,LEO_0,492.646608,492.425211,0.041087,0.028447,0.259314
41,T41_UAV_9,BS_0,HAP_2,2068.119688,2067.935854,0.035388,0.013902,0.17272
41,T41_UAV_13,BS_4,HAP_2,2186.307412,2186.110238,0.034476,0.028154,0.17272
41,T41_UAV_18,BS_2,HAP_2,2229.370729,2229.179731,0.035037,0.021417,0.17272
41,T41_UAV_1,BS_3,HAP_2,2694.373788,2694.182037,0.037853,0.019354,0.17272
41,T41_UAV_4,BS_1,HAP_2,2816.855808,2816.675549,0.037088,0.008627,0.17272
41,T41_UAV_19,BS_0,HAP_2,2876.70382,2876.518569,0.038032,0.012674,0.17272
41,T41_UAV_12,BS_2,HAP_2,2985.332878,2985.147973,0.038818,0.011542,0.17272
41,T41_UAV_15,BS_0,HAP_2,3532.28341,3532.091308,0.042026,0.015533,0.17272
41,T41_UAV_7,BS_4,HAP_2,3777.708587,3777.52492,0.039409,0.009713,0.17272
41,T41_UAV_6,HAP_1,HAP_2,4496.899121,4496.714372,0.044409,0.005796,0.17272
42,T42_UAV_17,BS_2,LEO_0,360.238834,360.168729,0.000583,0.021843,0.238392
42,T42_UAV_9,BS_0,LEO_1,223.012678,222.909092,0.002677,0.024902,0.380034
42,T42_UAV_7,BS_4,LEO_0,487.792584,487.720666,0.000722,0.023517,0.238392
42,T42_UAV_19,BS_0,HAP_0,390.090908,389.825247,0.027251,0.051695,0.433578
42,T42_UAV_4,BS_1,HAP_1,465.072961,464.808637,0.028055,0.039125,0.485723
42,T42_UAV_5,HAP_1,HAP_2,477.924524,477.683044,0.029644,0.010014,0.509106
42,T42_UAV_8,BS_2,LEO_1,577.113316,576.997569,0.007246,0.032494,0.380034
42,T42_UAV_16,BS_0,LEO_0,728.485391,728.423689,0.001378,0.012646,0.238392
42,T42_UAV_1,BS_3,BS_4,485.813808,485.586536,0.040324,0.027158,0.29895
42,T42_UAV_13,BS_4,LEO_1,579.170603,579.080294,0.006256,0.008047,0.380034
42,T42_UAV_11,BS_4,HAP_0,607.214183,606.97373,0.027626,0.026111,0.433578
42,T42_UAV_10,BS_4,LEO_0,782.873154,782.8175,0.001093,0.006882,0.238392
42,T42_UAV_6,HAP_1,HAP_2,732.767728,732.497278,0.030503,0.038126,0.509106
42,T42_UAV_2,HAP_1,BS_1,736.098156,735.814901,0.055955,0.061672,0.328135
42,T42_UAV_15,BS_0,HAP_1,773.361335,773.076718,0.029715,0.057757,0.485723
42,T42_UAV_3,BS_3,LEO_0,1303.721201,1303.662195,0.001883,0.009445,0.238392
43,T43_UAV_1,BS_3,LEO_1,379.780279,379.5988,0.042512,0.011788,0.135895
43,T43_UAV_18,BS_2,LEO_0,341.865464,341.647183,0.040603,0.020701,0.284884
43,T43_UAV_13,BS_4,HAP_0,388.465028,388.284313,0.026805,0.031748,0.110808
43,T43_UAV_16,BS_0,HAP_1,281.874968,281.66276,0.027287,0.02056,0.321802
43,T43_UAV_10,BS_4,HAP_2,298.570671,298.359135,0.027042,0.02408,0.302066
43,T43_UAV_0,BS_3,LEO_1,431.989502,431.79598,0.043088,0.023254,0.135895
43,T43_UAV_11,BS_4,LEO_0,374.619659,374.387791,0.040626,0.034264,0.284884
43,T43_UAV_9,BS_0,HAP_0,458.1327,457.942254,0.027882,0.040403,0.110808
43,T43_UAV_4,BS_1,LEO_1,637.982739,637.806376,0.04509,0.004094,0.135895
43,T43_UAV_15,BS_0,HAP_1,388.822891,388.580744,0.02737,0.050417,0.321802
43,T43_UAV_2,HAP_1,LEO_0,570.696383,570.463216,0.040816,0.035374,0.284884
43,T43_UAV_19,BS_0,HAP_2,472.915256,472.703286,0.028833,0.022724,0.302066
43,T43_UAV_7,BS_4,LEO_1,920.768709,920.572474,0.046281,0.022775,0.135895
43,T43_UAV_17,BS_2,LEO_0,880.642171,880.420464,0.041523,0.023208,0.284884
43,T43_UAV_3,BS_3,HAP_0,1019.733433,1019.562072,0.030918,0.018282,0.110808
43,T43_UAV_12,BS_2,LEO_1,1154.520927,1154.3397,0.049374,0.004674,0.135895
43,T43_UAV_5,HAP_1,BS_1,219.062955,218.802226,0.023658,0.072,0.325355
44,T44_UAV_18,BS_2,LEO_0,441.075448,441.023997,0.000689,0.013585,0.185884
44,T44_UAV_11,BS_4,LEO_1,336.410962,336.185343,0.04384,0.014797,0.334908
44,T44_UAV_12,BS_2,HAP_0,455.220781,455.040963,0.027535,0.025703,0.1329
44,T44_UAV_10,BS_4,HAP_1,386.807813,386.554771,0.026713,0.052822,0.367535
44,T44_UAV_9,BS_0,HAP_2,456.892429,456.707764,0.029401,0.011544,0.2186
44,T44_UAV_16,BS_0,LEO_0,930.017543,929.971939,0.001664,0.006763,0.185884
44,T44_UAV_3,BS_3,LEO_1,502.140901,501.909443,0.045042,0.019434,0.334908
44,T44_UAV_7,BS_4,LEO_0,935.288556,935.215855,0.001318,0.034206,0.185884
44,T44_UAV_8,BS_2,HAP_0,876.912309,876.726326,0.030012,0.02939,0.1329
44,T44_UAV_0,BS_3,HAP_2,629.22756,629.028301,0.030843,0.024696,0.2186
44,T44_UAV_19,BS_0,HAP_1,690.135528,689.868241,0.029149,0.064631,0.367535
44,T44_UAV_14,BS_3,LEO_1,788.540265,788.319863,0.047597,0.005823,0.334908
44,T44_UAV_1,BS_3,LEO_0,1287.104351,1287.044938,0.001666,0.02057,0.185884
44,T44_UAV_17,BS_2,HAP_0,1038.608549,1038.444732,0.030613,0.006624,0.1329
44,T44_UAV_2,HAP_1,LEO_0,1506.008153,1505.951513,0.001945,0.017518,0.185884
44,T44_UAV_6,HAP_1,LEO_0,548.291003,548.221712,0.000736,0.031379,0.185884
45,T45_UAV_11,BS_4,LEO_1,214.412372,214.350033,0.002455,0.011305,0.242897
45,T45_UAV_15,BS_0,LEO_0,279.340933,279.129301,0.04049,0.014537,0.283026
45,T45_UAV_8,BS_2,HAP_0,303.851343,303.789356,0.00199,0.01683,0.215832
45,T45_UAV_16,BS_0,HAP_2,312.705441,312.62879,0.003202,0.024091,0.246789
45,T45_UAV_0,BS_3,HAP_1,315.083502,314.839651,0.026842,0.049038,0.339859
45,T45_UAV_14,BS_3,LEO_1,346.637635,346.571494,0.00334,0.014222,0.242897
45,T45_UAV_9,BS_0,LEO_0,362.952167,362.714824,0.040745,0.039993,0.283026
45,T45_UAV_12,BS_2,HAP_0,420.418345,420.354843,0.00268,0.017656,0.215832
45,T45_UAV_4,BS_1,HAP_2,530.310618,530.229658,0.003927,0.027675,0.246789
45,T45_UAV_3,BS_3,LEO_1,545.312525,545.23399,0.00549,0.024465,0.242897
45,T45_UAV_6,HAP_1,LEO_0,559.618715,559.404128,0.040907,0.017075,0.283026
45,T45_UAV_19,BS_0,HAP_1,574.506572,574.266272,0.02846,0.043869,0.339859
45,T45_UAV_2,HAP_1,BS_1,623.357996,623.061986,0.048912,0.061137,0.429808
45,T45_UAV_13,BS_4,BS_0,665.24307,664.971169,0.05153,0.050181,0.350946
45,T45_UAV_1,BS_3,BS_2,706.675254,706.377876,0.054117,0.044941,0.491601
45,T45_UAV_10,BS_4,BS_3,770.554081,770.283436,0.058109,0.041028,0.357542
45,T45_UAV_5,HAP_1,BS_4,355.969279,355.729366,0.032212,0.035423,0.361388
46,T46_UAV_17,BS_2,LEO_1,542.632512,542.420188,0.043418,0.029359,0.197732
46,T46_UAV_13,BS_4,LEO_0,183.817538,183.604896,0.04034,0.011278,0.305123
46,T46_UAV_7,BS_4,HAP_0,564.684214,564.47352,0.026784,0.036975,0.234677
46,T46_UAV_0,BS_3,HAP_1,649.327322,649.099377,0.028109,0.046007,0.269149
46,T46_UAV_19,BS_0,LEO_1,635.468042,635.260967,0.043793,0.023735,0.197732
46,T46_UAV_15,BS_0,HAP_2,341.484831,341.401258,0.004351,0.015446,0.318884
46,T46_UAV_18,BS_2,HAP_0,714.151592,713.947318,0.028482,0.028857,0.234677
46,T46_UAV_4,BS_1,HAP_1,762.084749,761.855712,0.028997,0.04621,0.269149
46,T46_UAV_3,BS_3,LEO_1,973.993966,973.791653,0.045349,0.017418,0.197732
46,T46_UAV_12,BS_2,LEO_0,490.262229,490.037541,0.041122,0.022542,0.305123
46,T46_UAV_8,BS_2,LEO_1,1046.234013,1046.042949,0.046889,0.004628,0.197732
46,T46_UAV_6,HAP_1,HAP_0,926.917156,926.716101,0.028807,0.025313,0.234677
46,T46_UAV_16,BS_0,LEO_1,1277.821148,1277.602763,0.048568,0.030271,0.197732
46,T46_UAV_14,BS_3,HAP_1,1301.365714,1301.168706,0.030896,0.012283,0.269149
46,T46_UAV_2,HAP_1,HAP_0,1329.753685,1329.541819,0.030652,0.034279,0.234677
46,T46_UAV_10,BS_4,HAP_1,1363.168008,1362.917692,0.030126,0.06636,0.269149
46,T46_UAV_9,BS_0,LEO_1,1645.318367,1645.119273,0.050439,0.00911,0.197732
46,T46_UAV_5,HAP_1,LEO_1,1793.064337,1792.870976,0.048873,0.004941,0.197732
47,T47_UAV_4,BS_1,LEO_0,242.078358,241.843995,0.04045,0.037373,0.282701
47,T47_UAV_1,BS_3,LEO_1,341.040106,340.823774,0.043275,0.029151,0.21953
47,T47_UAV_19,BS_0,HAP_0,349.802352,349.600273,0.027027,0.028441,0.233052
47,T47_UAV_8,BS_2,HAP_1,397.15559,396.939995,0.027939,0.031415,0.281205
47,T47_UAV_14,BS_3,HAP_2,455.984193,455.771376,0.029671,0.022313,0.304167
47,T47_UAV_10,BS_4,LEO_0,537.192721,536.975532,0.040861,0.019787,0.282701
47,T47_UAV_6,HAP_1,LEO_1,544.680604,544.473817,0.044749,0.018132,0.21953
47,T47_UAV_5,HAP_1,HAP_0,553.801664,553.613493,0.028734,0.012826,0.233052
47,T47_UAV_18,BS_2,HAP_1,627.171775,626.940051,0.029352,0.04613,0.281205
47,T47_UAV_13,BS_4,HAP_2,635.790908,635.583086,0.029804,0.017185,0.304167
47,T47_UAV_12,BS_2,LEO_0,670.282437,670.071151,0.041321,0.013425,0.282701
47,T47_UAV_0,BS_3,LEO_1,746.091536,745.8734,0.047869,0.026361,0.21953
47,T47_UAV_17,BS_2,BS_4,799.96583,799.685649,0.059945,0.065854,0.271909
48,T48_UAV_14,BS_3,LEO_0,282.678044,282.472825,0.040456,0.017952,0.234051
48,T48_UAV_9,BS_0,LEO_1,376.009283,375.791229,0.043573,0.024678,0.249008
48,T48_UAV_18,BS_2,HAP_0,475.665748,475.601851,0.002514,0.021298,0.200425
48,T48_UAV_3,BS_3,HAP_1,395.076112,394.828913,0.027169,0.054873,0.325783
48,T48_UAV_16,BS_0,HAP_2,404.514606,404.306981,0.029158,0.031366,0.235501
48,T48_UAV_6,HAP_1,LEO_0,603.078771,602.878644,0.040898,0.012418,0.234051
48,T48_UAV_19,BS_0,LEO_1,698.389651,698.168785,0.046227,0.024837,0.249008
48,T48_UAV_13,BS_4,HAP_0,798.752976,798.685508,0.003715,0.023668,0.200425
48,T48_UAV_0,BS_3,HAP_1,544.305066,544.058175,0.028212,0.053522,0.325783
48,T48_UAV_5,HAP_1,HAP_2,547.072439,546.880233,0.030315,0.01479,0.235501
48,T48_UAV_8,BS_2,LEO_0,786.596871,786.394966,0.041466,0.013629,0.234051
48,T48_UAV_4,BS_1,LEO_1,791.049051,790.826616,0.047446,0.025187,0.249008
48,T48_UAV_15,BS_0,BS_1,649.701631,649.44693,0.05056,0.040098,0.320214
48,T48_UAV_7,BS_4,BS_0,669.903939,669.640562,0.051822,0.029681,0.409373
48,T48_UAV_17,BS_2,LEO_0,875.634802,875.426102,0.041506,0.020384,0.234051
48,T48_UAV_2,HAP_1,LEO_1,893.522161,893.292923,0.046529,0.032908,0.249008
48,T48_UAV_1,BS_3,HAP_0,1183.649179,1183.59632,0.006332,0.006441,0.200425
49,T49_UAV_1,BS_3,LEO_0,385.092898,385.04127,0.000521,0.011627,0.197399
49,T49_UAV_17,BS_2,LEO_1,266.361302,266.153626,0.044417,0.009192,0.270335
49,T49_UAV_13,BS_4,HAP_0,570.523369,570.335352,0.027651,0.021803,0.19282
49,T49_UAV_12,BS_2,HAP_2,404.875541,404.80186,0.003449,0.02483,0.227008
49,T49_UAV_14,BS_3,HAP_1,480.290981,480.063109,0.027619,0.04091,0.296714
49,T49_UAV_18,BS_2,LEO_0,647.191314,647.131001,0.00107,0.019764,0.197399
49,T49_UAV_6,HAP_1,LEO_1,321.872836,321.649755,0.043848,0.025166,0.270335
49,T49_UAV_11,BS_4,LEO_0,843.101153,843.046192,0.001325,0.014157,0.197399
49,T49_UAV_3,BS_3,HAP_2,535.503829,535.417657,0.005041,0.035729,0.227008
49,T49_UAV_9,BS_0,HAP_0,822.711633,822.528835,0.030216,0.014018,0.19282
49,T49_UAV_16,BS_0,HAP_1,643.289821,643.054051,0.030304,0.046124,0.296714
49,T49_UAV_4,BS_1,LEO_0,932.92951,932.865981,0.00148,0.02257,0.197399
49,T49_UAV_2,HAP_1,HAP_0,1072.888128,1072.705343,0.0299,0.01432,0.19282
49,T49_UAV_5,HAP_1,LEO_0,482.225628,482.157125,0.000689,0.028334,0.197399
50,T50_UAV_7,BS_4,LEO_0,234.549185,234.462531,0.000404,0.022698,0.317763
50,T50_UAV_0,BS_3,LEO_1,327.622056,327.396661,0.042776,0.030324,0.261481
50,T50_UAV_12,BS_2,HAP_0,258.11116,258.051837,0.001665,0.013152,0.222531
50,T50_UAV_2,HAP_1,HAP_2,407.879704,407.80286,0.003187,0.021659,0.259988
50,T50_UAV_19,BS_0,HAP_1,415.359729,415.143367,0.027525,0.02769,0.305733
50,T50_UAV_4,BS_1,LEO_1,627.092662,626.877254,0.045896,0.017216,0.261481
50,T50_UAV_3,BS_3,LEO_0,475.249511,475.178866,0.000801,0.006291,0.317763
50,T50_UAV_18,BS_2,HAP_0,547.878793,547.81567,0.003277,0.015339,0.222531
50,T50_UAV_9,BS_0,LEO_0,559.435521,559.353653,0.001151,0.017164,0.317763
50,T50_UAV_10,BS_4,HAP_2,583.767536,583.694154,0.004045,0.01734,0.259988
50,T50_UAV_8,BS_2,HAP_1,610.021573,609.803182,0.029508,0.027737,0.305733
50,T50_UAV_13,BS_4,LEO_1,874.219561,874.005067,0.047527,0.014671,0.261481
50,T50_UAV_6,HAP_1,BS_1,668.89836,668.665922,0.051761,0.015383,0.326476
50,T50_UAV_16,BS_0,BS_2,691.21731,690.965092,0.053154,0.030514,0.342747
50,T50_UAV_17,BS_2,BS_0,701.289073,701.03761,0.053783,0.042193,0.277438
50,T50_UAV_15,BS_0,BS_4,738.660232,738.414939,0.056118,0.029476,0.298497
50,T50_UAV_11,BS_4,LEO_1,1015.260746,1015.027322,0.049313,0.031815,0.261481
51,T51_UAV_1,BS_3,LEO_0,548.634493,548.440316,0.040682,0.016218,0.186386
51,T51_UAV_12,BS_2,LEO_1,407.56832,407.515795,0.004952,0.007005,0.202845
51,T51_UAV_15,BS_0,LEO_0,590.11988,589.922129,0.040818,0.019656,0.186386
51,T51_UAV_9,BS_0,HAP_2,218.843376,218.743077,0.003057,0.025008,0.361164
51,T51_UAV_19,BS_0,LEO_0,651.003497,650.812791,0.040883,0.012546,0.186386
51,T51_UAV_7,BS_4,HAP_0,686.312553,686.107273,0.027482,0.033934,0.219322
51,T51_UAV_18,BS_2,BS_3,840.483462,840.244375,0.062479,0.039203,0.187022
51,T51_UAV_14,BS_3,LEO_0,789.04463,788.844948,0.041088,0.021317,0.186386
51,T51_UAV_13,BS_4,LEO_1,788.619256,788.551697,0.008483,0.018507,0.202845
51,T51_UAV_16,BS_0,LEO_0,1056.713933,1056.523405,0.041828,0.011423,0.186386
51,T51_UAV_4,BS_1,LEO_1,794.443424,794.384715,0.009381,0.008759,0.202845
51,T51_UAV_17,BS_2,LEO_0,1120.507217,1120.305604,0.041632,0.022704,0.186386
51,T51_UAV_5,HAP_1,BS_3,1258.132386,1257.861047,0.088567,0.045367,0.187022
51,T51_UAV_10,BS_4,LEO_0,1551.869265,1551.667,0.041981,0.023007,0.186386
51,T51_UAV_6,HAP_1,HAP_0,211.443803,211.2687,0.026044,0.005193,0.219322
52,T52_UAV_19,BS_0,LEO_1,96.616189,96.51769,0.002796,0.033254,0.312245
52,T52_UAV_11,BS_4,HAP_2,738.074672,737.894877,0.028261,0.014928,0.183029
52,T52_UAV_9,BS_0,LEO_0,108.924861,108.712705,0.040357,0.0073,0.322501
52,T52_UAV_8,BS_2,HAP_0,580.72686,580.539187,0.028065,0.018461,0.205735
52,T52_UAV_17,BS_2,HAP_1,232.504995,232.258779,0.027045,0.048799,0.351857
52,T52_UAV_18,BS_2,HAP_2,881.34516,881.161872,0.029541,0.017141,0.183029
52,T52_UAV_7,BS_4,HAP_2,944.197121,944.022929,0.029073,0.008513,0.183029
52,T52_UAV_16,BS_0,HAP_0,1001.276117,1001.09828,0.031273,0.005417,0.205735
52,T52_UAV_5,HAP_1,BS_2,1037.484737,1037.240877,0.074785,0.013123,0.279764
52,T52_UAV_2,HAP_1,BS_4,598.263213,598.024489,0.047348,0.037721,0.268274
52,T52_UAV_15,BS_0,HAP_2,1334.092155,1333.91789,0.032611,0.005048,0.183029
52,T52_UAV_0,BS_3,HAP_0,1223.458604,1223.263981,0.031564,0.021912,0.205735
52,T52_UAV_12,BS_2,HAP_2,1584.949527,1584.770039,0.033643,0.009239,0.183029
52,T52_UAV_4,BS_1,HAP_2,1653.062518,1652.877567,0.033093,0.015253,0.183029
52,T52_UAV_14,BS_3,HAP_0,1490.889619,1490.691888,0.033506,0.023078,0.205735
52,T52_UAV_13,BS_4,HAP_2,2611.230049,2611.042846,0.038048,0.01255,0.183029
52,T52_UAV_6,HAP_1,BS_2,539.974871,539.736018,0.043707,0.039194,0.279764
53,T53_UAV_19,BS_0,LEO_0,207.056751,206.836815,0.040357,0.010803,0.34388
53,T53_UAV_17,BS_2,LEO_1,309.4872,309.277728,0.042906,0.007355,0.296056
53,T53_UAV_16,BS_0,HAP_0,259.432339,259.253332,0.027108,0.006803,0.225481
53,T53_UAV_8,BS_2,HAP_1,299.496365,299.270455,0.027206,0.037217,0.307437
53,T53_UAV_12,BS_2,HAP_2,389.127813,388.869819,0.028334,0.028454,0.506033
53,T53_UAV_10,BS_4,LEO_1,471.099851,470.881862,0.043657,0.015121,0.296056
53,T53_UAV_14,BS_3,LEO_0,395.010791,394.791531,0.040693,0.009791,0.34388
53,T53_UAV_4,BS_1,HAP_0,483.644819,483.46519,0.027595,0.006938,0.225481
53,T53_UAV_13,BS_4,HAP_1,490.547027,490.347535,0.027707,0.010298,0.307437
53,T53_UAV_2,HAP_1,LEO_1,680.797127,680.580118,0.044969,0.012828,0.296056
53,T53_UAV_0,BS_3,HAP_2,512.33971,512.09089,0.029802,0.017811,0.506033
53,T53_UAV_1,BS_3,LEO_0,539.677958,539.43755,0.040837,0.030796,0.34388
53,T53_UAV_6,HAP_1,BS_1,544.980211,544.724503,0.044018,0.030939,0.403752
53,T53_UAV_9,BS_0,BS_2,631.568238,631.310559,0.049427,0.048265,0.299935
53,T53_UAV_7,BS_4,BS_0,634.849805,634.612545,0.049633,0.017304,0.351616
53,T53_UAV_3,BS_3,BS_4,795.137419,794.895649,0.059646,0.016453,0.328351
53,T53_UAV_18,BS_2,LEO_1,1032.772234,1032.550139,0.05002,0.012863,0.296056
54,T54_UAV_12,BS_2,LEO_0,438.049237,438.002019,0.000699,0.009111,0.187046
54,T54_UAV_1,BS_3,LEO_1,348.306003,348.084643,0.042691,0.018999,0.298353
54,T54_UAV_4,BS_1,HAP_0,535.589867,535.418468,0.027559,0.006738,0.18551
54,T54_UAV_11,BS_4,HAP_1,382.201375,382.000139,0.027368,0.013182,0.303426
54,T54_UAV_10,BS_4,HAP_2,214.102024,213.867777,0.026976,0.030425,0.384232
54,T54_UAV_16,BS_0,LEO_0,809.787169,809.712046,0.001484,0.036229,0.187046
54,T54_UAV_2,HAP_1,LEO_1,648.768016,648.531167,0.044734,0.032445,0.298353
54,T54_UAV_15,BS_0,LEO_0,1053.98821,1053.941199,0.001526,0.008077,0.187046
54,T54_UAV_13,BS_4,HAP_0,793.257724,793.072081,0.028685,0.019856,0.18551
54,T54_UAV_9,BS_0,HAP_1,552.642896,552.427335,0.029011,0.025865,0.303426
54,T54_UAV_18,BS_2,LEO_1,968.572927,968.336633,0.049403,0.02722,0.298353
54,T54_UAV_14,BS_3,LEO_0,1144.663361,1144.606116,0.001639,0.018197,0.187046
54,T54_UAV_0,BS_3,LEO_1,985.040138,984.798971,0.048402,0.033093,0.298353
54,T54_UAV_19,BS_0,HAP_0,1065.523058,1065.337101,0.030504,0.018352,0.18551
54,T54_UAV_3,BS_3,LEO_0,1584.710467,1584.659788,0.002201,0.011069,0.187046
54,T54_UAV_5,HAP_1,LEO_0,434.986394,434.935648,0.000593,0.012744,0.187046
55,T55_UAV_13,BS_4,LEO_1,643.394969,643.33977,0.004134,0.011197,0.19934
55,T55_UAV_15,BS_0,LEO_0,387.1304,386.907687,0.040687,0.035596,0.232152
55,T55_UAV_1,BS_3,HAP_0,393.407671,393.195941,0.027391,0.035136,0.246018
55,T55_UAV_3,BS_3,HAP_2,418.714456,418.509743,0.028932,0.028764,0.235083
55,T55_UAV_8,BS_2,HAP_1,431.090674,430.880394,0.028173,0.009679,0.362135
55,T55_UAV_17,BS_2,LEO_1,649.237089,649.174233,0.004526,0.018462,0.19934
55,T55_UAV_11,BS_4,LEO_0,462.132212,461.93781,0.040852,0.007119,0.232152
55,T55_UAV_2,HAP_1,LEO_1,759.086515,759.029147,0.004205,0.013296,0.19934
55,T55_UAV_4,BS_1,HAP_0,492.407322,492.201207,0.027634,0.029278,0.246018
55,T55_UAV_9,BS_0,HAP_1,494.08882,493.852215,0.028585,0.035594,0.362135
55,T55_UAV_19,BS_0,HAP_2,630.698548,630.500639,0.030132,0.020761,0.235083
55,T55_UAV_12,BS_2,LEO_0,705.418554,705.215983,0.04141,0.014731,0.232152
55,T55_UAV_14,BS_3,BS_2,713.637506,713.392768,0.054555,0.034274,0.279547
55,T55_UAV_16,BS_0,LEO_1,1097.556988,1097.503356,0.008298,0.005466,0.19934
55,T55_UAV_10,BS_4,LEO_1,1401.006397,1400.93515,0.008203,0.023177,0.19934
55,T55_UAV_6,HAP_1,LEO_1,619.701353,619.636552,0.003326,0.021607,0.19934
56,T56_UAV_16,BS_0,LEO_0,364.253397,364.181721,0.000771,0.019625,0.256398
56,T56_UAV_17,BS_2,LEO_1,326.333775,326.115431,0.043835,0.029958,0.222754
56,T56_UAV_18,BS_2,HAP_2,1127.260303,1127.101102,0.030786,0.006854,0.107807
56,T56_UAV_8,BS_2,HAP_0,328.961489,328.895783,0.002183,0.014516,0.245039
56,T56_UAV_4,BS_1,HAP_1,445.445971,445.201952,0.027887,0.045355,0.353882
56,T56_UAV_14,BS_3,HAP_2,1200.017894,1199.845019,0.032385,0.018929,0.107807
56,T56_UAV_9,BS_0,LEO_0,733.83732,733.759118,0.001367,0.025555,0.256398
56,T56_UAV_10,BS_4,LEO_1,568.679274,568.47386,0.045467,0.015396,0.222754
56,T56_UAV_3,BS_3,HAP_2,1283.024299,1282.843734,0.032469,0.026535,0.107807
56,T56_UAV_5,HAP_1,HAP_0,653.362721,653.282171,0.004405,0.027137,0.245039
56,T56_UAV_6,HAP_1,LEO_0,891.599847,891.536521,0.001326,0.01072,0.256398
56,T56_UAV_1,BS_3,LEO_1,716.245982,716.037854,0.046873,0.016705,0.222754
56,T56_UAV_13,BS_4,HAP_1,719.231908,719.008054,0.028959,0.024118,0.353882
56,T56_UAV_12,BS_2,HAP_2,1626.609156,1626.446551,0.033916,0.007128,0.107807
56,T56_UAV_15,BS_0,LEO_0,965.787206,965.703794,0.00157,0.030562,0.256398
56,T56_UAV_19,BS_0,HAP_2,1840.392768,1840.228693,0.034688,0.007826,0.107807
56,T56_UAV_11,BS_4,HAP_2,2133.170576,2132.987259,0.03446,0.027294,0.107807
56,T56_UAV_2,HAP_1,HAP_2,2695.727818,2695.542395,0.038784,0.025078,0.107807
57,T57_UAV_4,BS_1,LEO_0,267.641385,267.57424,0.000495,0.00614,0.302545
57,T57_UAV_13,BS_4,LEO_1,311.294019,311.071576,0.04333,0.02891,0.251017
57,T57_UAV_16,BS_0,HAP_0,312.685151,312.48547,0.027543,0.02451,0.238139
57,T57_UAV_2,HAP_1,HAP_2,320.835845,320.596952,0.027503,0.012281,0.495542
57,T57_UAV_9,BS_0,HAP_1,343.655195,343.451566,0.027491,0.010231,0.329537
57,T57_UAV_11,BS_4,LEO_0,344.510792,344.443145,0.000637,0.006502,0.302545
57,T57_UAV_18,BS_2,LEO_1,373.769922,373.557793,0.044565,0.01736,0.251017
57,T57_UAV_17,BS_2,HAP_0,440.150015,439.967976,0.027669,0.006742,0.238139
57,T57_UAV_6,HAP_1,LEO_0,489.041503,488.963576,0.00079,0.016628,0.302545
57,T57_UAV_0,BS_3,HAP_1,531.445488,531.19726,0.028217,0.054103,0.329537
57,T57_UAV_14,BS_3,HAP_2,566.944342,566.671504,0.030763,0.042967,0.495542
57,T57_UAV_10,BS_4,LEO_1,682.212406,682.002893,0.046554,0.012756,0.251017
57,T57_UAV_12,BS_2,BS_1,756.209088,755.953276,0.057213,0.033897,0.323509
57,T57_UAV_5,HAP_1,BS_4,250.221418,249.976859,0.025606,0.061568,0.286926
58,T58_UAV_12,BS_2,LEO_1,136.009478,135.936604,0.002334,0.027429,0.215553
58,T58_UAV_3,BS_3,LEO_0,149.391201,149.176246,0.040288,0.030469,0.220996
58,T58_UAV_0,BS_3,HAP_0,1238.670337,1238.606433,0.005128,0.021611,0.185823
58,T58_UAV_7,BS_4,HAP_1,204.493101,204.274948,0.026214,0.014006,0.38966
58,T58_UAV_13,BS_4,LEO_1,215.897285,215.829356,0.003226,0.021592,0.215553
58,T58_UAV_17,BS_2,LEO_0,233.545382,233.341419,0.040503,0.019261,0.220996
58,T58_UAV_1,BS_3,HAP_0,1465.04252,1464.981622,0.005641,0.018093,0.185823
58,T58_UAV_14,BS_3,HAP_2,391.931524,391.703103,0.030755,0.035461,0.311023
58,T58_UAV_9,BS_0,HAP_0,1618.553744,1618.504682,0.007101,0.004797,0.185823
58,T58_UAV_11,BS_4,HAP_0,1964.495072,1964.431678,0.006158,0.020072,0.185823
58,T58_UAV_18,BS_2,HAP_0,2836.730758,2836.659863,0.010743,0.022987,0.185823
58,T58_UAV_15,BS_0,HAP_0,3154.791604,3154.715972,0.012894,0.025574,0.185823
58,T58_UAV_6,HAP_1,HAP_0,3614.733485,3614.676955,0.012231,0.007134,0.185823
58,T58_UAV_4,BS_1,HAP_0,3763.389513,3763.330307,0.013247,0.008795,0.185823
58,T58_UAV_5,HAP_1,HAP_0,3902.632663,3902.568576,0.016062,0.01086,0.185823
58,T58_UAV_10,BS_4,HAP_0,4189.785894,4189.716134,0.012929,0.019666,0.185823
58,T58_UAV_2,HAP_1,HAP_0,1698.129538,1698.074566,0.005803,0.012005,0.185823
59,T59_UAV_1,BS_3,LEO_0,410.737088,410.682825,0.000555,0.015696,0.190062
59,T59_UAV_9,BS_0,LEO_1,255.384557,255.314658,0.003031,0.011684,0.275922
59,T59_UAV_5,HAP_1,HAP_2,264.095579,263.889538,0.027561,0.023926,0.272767
59,T59_UAV_14,BS_3,HAP_1,187.188894,186.949089,0.026247,0.043121,0.352184
59,T59_UAV_15,BS_0,LEO_0,659.551992,659.500302,0.001006,0.012672,0.190062
59,T59_UAV_4,BS_1,LEO_1,423.149825,423.082377,0.004977,0.007286,0.275922
59,T59_UAV_8,BS_2,HAP_0,336.882303,336.631182,0.027942,0.034655,0.442616
59,T59_UAV_13,BS_4,LEO_0,990.287975,990.218835,0.001393,0.029734,0.190062
59,T59_UAV_18,BS_2,LEO_1,706.516121,706.438156,0.008662,0.014119,0.275922
59,T59_UAV_11,BS_4,LEO_0,1075.435808,1075.369423,0.001697,0.026676,0.190062
59,T59_UAV_16,BS_0,LEO_0,1182.772952,1182.72079,0.002312,0.011837,0.190062
59,T59_UAV_2,HAP_1,HAP_2,237.402847,237.186604,0.026851,0.034838,0.272767
60,T60_UAV_18,BS_2,LEO_1,252.052057,251.969558,0.003092,0.012321,0.335432
60,T60_UAV_19,BS_1,LEO_0,173.810635,173.596545,0.040348,0.012994,0.303741
60,T60_UAV_14,BS_3,HAP_2,424.907773,424.729459,0.02819,0.027393,0.113658
60,T60_UAV_0,BS_3,HAP_1,283.077144,282.815813,0.026726,0.060034,0.372857
60,T60_UAV_6,HAP_1,HAP_2,581.114936,580.929297,0.028501,0.034406,0.113658
60,T60_UAV_12,BS_2,HAP_0,599.876421,599.64192,0.028958,0.011922,0.46811
60,T60_UAV_8,BS_2,LEO_1,608.165633,608.079049,0.007536,0.011961,0.335432
60,T60_UAV_9,BS_0,LEO_0,427.881114,427.65298,0.04103,0.026356,0.303741
60,T60_UAV_3,BS_3,BS_0,1176.607775,1176.337274,0.083474,0.03379,0.266181
60,T60_UAV_5,HAP_1,BS_2,1291.877672,1291.586278,0.090674,0.046024,0.273482
60,T60_UAV_15,BS_0,LEO_1,662.488852,662.408523,0.007225,0.006018,0.335432
60,T60_UAV_10,BS_4,HAP_1,682.937086,682.695975,0.027921,0.038618,0.372857
60,T60_UAV_13,BS_4,HAP_0,699.717833,699.454205,0.028631,0.041375,0.46811
60,T60_UAV_4,BS_1,HAP_2,1183.885443,1183.71738,0.03179,0.013542,0.113658
60,T60_UAV_16,BS_0,HAP_2,1269.424523,1269.24671,0.034667,0.020415,0.113658
60,T60_UAV_11,BS_4,BS_2,1474.203628,1473.912699,0.102064,0.034169,0.273482
60,T60_UAV_2,HAP_1,BS_0,533.001878,532.789511,0.043273,0.015858,0.266181
61,T61_UAV_1,BS_3,LEO_0,196.171589,195.960741,0.040342,0.005375,0.325651
61,T61_UAV_15,BS_0,LEO_1,574.749033,574.541874,0.044249,0.022501,0.202049
61,T61_UAV_7,BS_4,HAP_0,701.515166,701.326384,0.027134,0.039212,0.112182
61,T61_UAV_9,BS_0,HAP_1,185.26725,185.049062,0.026795,0.011216,0.40088
61,T61_UAV_18,BS_2,HAP_2,386.205748,385.988519,0.028011,0.020646,0.342857
61,T61_UAV_4,BS_1,LEO_0,268.306671,268.079532,0.04057,0.021439,0.325651
61,T61_UAV_6,HAP_1,LEO_1,680.233015,680.02629,0.044102,0.022214,0.202049
61,T61_UAV_10,BS_4,HAP_0,1014.414639,1014.234104,0.028655,0.029443,0.112182
61,T61_UAV_11,BS_4,LEO_1,761.108694,760.91545,0.04596,0.006874,0.202049
61,T61_UAV_2,HAP_1,HAP_2,485.368451,485.131596,0.028791,0.039493,0.342857
61,T61_UAV_12,BS_2,BS_1,545.19593,544.989186,0.044035,0.011307,0.257014
61,T61_UAV_16,BS_0,HAP_0,1068.598676,1068.416829,0.03121,0.028201,0.112182
61,T61_UAV_17,BS_2,BS_4,688.124925,687.899831,0.052962,0.014242,0.289445
61,T61_UAV_13,BS_4,LEO_1,1048.189482,1047.97637,0.047628,0.025075,0.202049
61,T61_UAV_3,BS_3,LEO_1,1260.048156,1259.837427,0.048806,0.021514,0.202049
61,T61_UAV_8,BS_2,HAP_0,1999.947321,1999.76672,0.034997,0.023168,0.112182
61,T61_UAV_5,HAP_1,HAP_0,688.902549,688.70876,0.028467,0.042885,0.112182
62,T62_UAV_9,BS_0,LEO_0,206.733367,206.674524,0.000426,0.012751,0.22833
62,T62_UAV_1,BS_3,LEO_1,208.041655,207.848381,0.041988,0.010448,0.204195
62,T62_UAV_14,BS_3,HAP_1,211.955756,211.762183,0.02612,0.023476,0.219883
62,T62_UAV_7,BS_4,HAP_0,255.178798,254.925828,0.025923,0.053481,0.367834
62,T62_UAV_8,BS_2,HAP_2,496.395833,496.198094,0.028667,0.038985,0.150436
62,T62_UAV_6,HAP_1,LEO_0,400.811752,400.739564,0.000646,0.025876,0.22833
62,T62_UAV_11,BS_4,LEO_1,417.927164,417.734791,0.044848,0.006686,0.204195
62,T62_UAV_16,BS_0,LEO_0,452.844325,452.791207,0.001074,0.006378,0.22833
62,T62_UAV_13,BS_4,HAP_1,462.267968,462.061591,0.02753,0.034871,0.219883
62,T62_UAV_4,BS_1,HAP_0,539.218486,538.974428,0.027854,0.042638,0.367834
62,T62_UAV_19,BS_1,HAP_2,836.142416,835.97107,0.03082,0.010439,0.150436
62,T62_UAV_17,BS_2,LEO_1,634.232587,634.026881,0.047423,0.017445,0.204195
62,T62_UAV_3,BS_3,BS_1,756.72055,756.435628,0.057244,0.050156,0.387613
62,T62_UAV_0,BS_3,BS_0,765.360041,765.081256,0.057784,0.052528,0.342362
62,T62_UAV_2,HAP_1,BS_4,777.25821,777.025542,0.05853,0.014557,0.297906
62,T62_UAV_5,HAP_1,BS_2,790.277989,789.986369,0.059339,0.060944,0.35668
62,T62_UAV_12,BS_2,HAP_2,1138.400758,1138.220229,0.033406,0.017036,0.150436
63,T63_UAV_0,BS_3,LEO_1,263.746858,263.69459,0.002844,0.007796,0.208139
63,T63_UAV_13,BS_4,HAP_2,1291.409542,1291.342009,0.005733,0.022825,0.194875
63,T63_UAV_12,BS_2,LEO_0,261.260203,261.167782,0.000618,0.030021,0.308915
63,T63_UAV_8,BS_2,HAP_0,230.947744,230.768659,0.027028,0.009016,0.215203
63,T63_UAV_10,BS_4,HAP_1,257.578913,257.381041,0.02631,0.013674,0.289442
63,T63_UAV_17,BS_2,HAP_2,1589.088428,1589.030049,0.007416,0.011988,0.194875
63,T63_UAV_5,HAP_1,LEO_0,357.045908,356.961544,0.000673,0.021908,0.308915
63,T63_UAV_7,BS_4,LEO_1,611.217596,611.161128,0.00616,0.008681,0.208139
63,T63_UAV_6,HAP_1,LEO_1,626.397437,626.341656,0.005436,0.008717,0.208139
63,T63_UAV_1,BS_3,HAP_2,2729.013578,2728.919492,0.013384,0.041727,0.194875
63,T63_UAV_11,BS_4,HAP_2,2777.165945,2777.082257,0.01112,0.033593,0.194875
63,T63_UAV_16,BS_0,HAP_2,2986.194988,2986.12023,0.016029,0.019754,0.194875
63,T63_UAV_4,BS_1,HAP_2,3104.15877,3104.076874,0.013422,0.029499,0.194875
63,T63_UAV_19,BS_1,HAP_2,3125.979048,3125.919096,0.014546,0.006431,0.194875
63,T63_UAV_15,BS_0,HAP_2,3252.809151,3252.743388,0.016424,0.010363,0.194875
63,T63_UAV_18,BS_2,HAP_2,3310.292828,3310.229853,0.01495,0.009051,0.194875
63,T63_UAV_14,BS_3,HAP_2,3373.0176,3372.94317,0.017954,0.017501,0.194875
63,T63_UAV_9,BS_0,HAP_2,3468.244373,3468.179598,0.018248,0.007552,0.194875
64,T64_UAV_0,BS_3,LEO_0,328.140071,328.068045,0.000587,0.004721,0.333594
64,T64_UAV_16,BS_0,LEO_1,864.191375,864.105704,0.005891,0.020809,0.294855
64,T64_UAV_6,HAP_1,HAP_0,398.073735,397.84056,0.027027,0.0431,0.315239
64,T64_UAV_12,BS_2,HAP_1,213.380679,213.13407,0.027064,0.043521,0.38012
64,T64_UAV_19,BS_1,HAP_2,429.376587,429.144198,0.028502,0.027969,0.379593
64,T64_UAV_7,BS_4,LEO_1,901.905914,901.820613,0.004959,0.021371,0.294855
64,T64_UAV_10,BS_4,LEO_0,603.955796,603.869582,0.00096,0.018535,0.333594
64,T64_UAV_17,BS_2,LEO_1,1056.437876,1056.352231,0.006574,0.020101,0.294855
64,T64_UAV_9,BS_0,BS_1,1033.170825,1032.931196,0.074516,0.009508,0.278025
64,T64_UAV_11,BS_4,LEO_0,682.422384,682.339938,0.001267,0.01446,0.333594
64,T64_UAV_4,BS_1,HAP_0,731.703758,731.504083,0.028862,0.007765,0.315239
64,T64_UAV_2,HAP_1,HAP_2,732.038406,731.807232,0.030722,0.024534,0.379593
64,T64_UAV_1,BS_3,LEO_1,1291.745167,1291.667172,0.006814,0.01221,0.294855
64,T64_UAV_3,BS_3,LEO_1,1485.090799,1484.998093,0.008288,0.025448,0.294855
64,T64_UAV_8,BS_2,LEO_1,1524.022065,1523.933334,0.009932,0.019827,0.294855
64,T64_UAV_18,BS_2,BS_1,1346.271492,1345.997053,0.094073,0.024762,0.278025
64,T64_UAV_5,HAP_1,LEO_1,498.794973,498.710267,0.002459,0.023277,0.294855
65,T65_UAV_11,BS_4,LEO_0,342.987023,342.78321,0.040541,0.024495,0.193882
65,T65_UAV_15,BS_0,LEO_1,131.631044,131.408485,0.043664,0.005935,0.364801
65,T65_UAV_12,BS_0,HAP_0,443.425564,443.366632,0.002584,0.018445,0.189518
65,T65_UAV_14,BS_3,LEO_0,650.773473,650.588078,0.040964,0.005654,0.193882
65,T65_UAV_13,BS_4,HAP_1,339.028858,338.818164,0.027328,0.012108,0.356291
65,T65_UAV_4,BS_1,HAP_2,355.066853,354.81518,0.028448,0.038844,0.421909
65,T65_UAV_10,BS_4,HAP_0,638.101926,638.020279,0.002591,0.041153,0.189518
65,T65_UAV_3,BS_3,LEO_0,724.680136,724.482215,0.04106,0.018086,0.193882
65,T65_UAV_19,BS_1,LEO_0,787.538414,787.343317,0.041194,0.015127,0.193882
65,T65_UAV_6,HAP_1,BS_0,742.737361,742.493224,0.056373,0.034616,0.265738
65,T65_UAV_8,BS_2,HAP_0,817.802848,817.737114,0.004784,0.023047,0.189518
65,T65_UAV_2,HAP_1,LEO_0,1330.733796,1330.539737,0.041798,0.013485,0.193882
66,T66_UAV_19,BS_1,LEO_0,219.71666,219.509992,0.040388,0.009884,0.281983
66,T66_UAV_9,BS_0,LEO_1,260.405929,260.143963,0.043066,0.033901,0.425
66,T66_UAV_14,BS_3,HAP_0,255.490559,255.308764,0.026819,0.012088,0.214435
66,T66_UAV_13,BS_4,HAP_1,260.891734,260.611176,0.026421,0.075383,0.393772
66,T66_UAV_12,BS_0,HAP_2,269.870431,269.641719,0.027365,0.041465,0.299411
66,T66_UAV_2,HAP_1,LEO_0,371.316843,371.105204,0.040575,0.014667,0.281983
66,T66_UAV_3,BS_3,LEO_1,382.828592,382.563921,0.043928,0.035742,0.425
66,T66_UAV_4,BS_1,HAP_0,476.785493,476.598596,0.027508,0.016502,0.214435
66,T66_UAV_6,HAP_1,HAP_2,559.327618,559.124986,0.029377,0.013373,0.299411
66,T66_UAV_11,BS_4,HAP_1,603.005892,602.786444,0.02881,0.011883,0.393772
66,T66_UAV_10,BS_4,LEO_0,717.027636,716.802069,0.041138,0.028032,0.281983
66,T66_UAV_15,BS_0,LEO_1,726.5348,726.2804,0.047906,0.021495,0.425
66,T66_UAV_18,BS_2,BS_1,745.080058,744.77856,0.056515,0.060372,0.423051
66,T66_UAV_1,BS_3,BS_0,779.197656,778.932734,0.058649,0.02928,0.384961
66,T66_UAV_5,HAP_1,BS_2,231.736652,231.498197,0.024451,0.048231,0.328865
67,T67_UAV_4,BS_1,LEO_1,421.68169,421.622904,0.00394,0.018202,0.183224
67,T67_UAV_16,BS_0,LEO_0,484.791448,484.576137,0.04115,0.017085,0.285376
67,T67_UAV_8,BS_0,HAP_2,502.808119,502.632808,0.029422,0.021603,0.121432
67,T67_UAV_0,BS_3,HAP_0,511.488601,511.287908,0.028532,0.027528,0.223168
67,T67_UAV_1,BS_3,HAP_1,289.567674,289.310125,0.026684,0.056868,0.369982
67,T67_UAV_19,BS_1,LEO_1,688.703126,688.626257,0.006265,0.033958,0.183224
67,T67_UAV_2,HAP_1,LEO_0,535.719866,535.513025,0.04083,0.008936,0.285376
67,T67_UAV_17,BS_2,LEO_1,792.085325,792.016005,0.007366,0.025309,0.183224
67,T67_UAV_7,BS_4,HAP_2,600.495874,600.323273,0.028701,0.019613,0.121432
67,T67_UAV_13,BS_4,HAP_0,641.346602,641.16028,0.028326,0.013361,0.223168
67,T67_UAV_11,BS_4,LEO_0,705.360051,705.133242,0.04131,0.028423,0.285376
67,T67_UAV_10,BS_4,BS_0,718.265507,718.056779,0.054846,0.019837,0.170224
67,T67_UAV_6,HAP_1,BS_1,783.296719,783.061244,0.058907,0.026919,0.248244
67,T67_UAV_5,HAP_1,LEO_1,957.290632,957.210524,0.006839,0.036624,0.183224
68,T68_UAV_4,BS_1,LEO_0,570.496131,570.441659,0.000849,0.01549,0.190667
68,T68_UAV_16,BS_0,LEO_1,322.879365,322.797404,0.005955,0.01454,0.307331
68,T68_UAV_14,BS_3,HAP_0,533.427734,533.363842,0.003291,0.019731,0.20435
68,T68_UAV_11,BS_4,LEO_0,580.055073,580.008922,0.000873,0.007145,0.190667
68,T68_UAV_6,HAP_1,HAP_2,831.110655,831.035636,0.005598,0.021789,0.23816
68,T68_UAV_8,BS_0,HAP_1,376.335941,376.097319,0.028686,0.013323,0.483063
68,T68_UAV_9,BS_0,LEO_0,953.666283,953.595416,0.001565,0.03117,0.190667
68,T68_UAV_15,BS_0,LEO_1,531.755163,531.666426,0.008081,0.01919,0.307331
68,T68_UAV_19,BS_1,HAP_0,906.632843,906.552124,0.004745,0.035104,0.20435
68,T68_UAV_3,BS_3,HAP_2,942.029537,941.952621,0.007427,0.021857,0.23816
68,T68_UAV_17,BS_2,LEO_0,981.319864,981.264023,0.001465,0.016243,0.190667
68,T68_UAV_7,BS_4,LEO_0,1009.336163,1009.284531,0.001426,0.012072,0.190667
68,T68_UAV_18,BS_2,HAP_0,996.01729,995.964435,0.005188,0.006796,0.20435
68,T68_UAV_10,BS_4,HAP_2,1077.945448,1077.88112,0.006656,0.01004,0.23816
68,T68_UAV_0,BS_3,LEO_0,1215.92646,1215.866293,0.001785,0.020248,0.190667
69,T69_UAV_10,BS_4,LEO_1,201.599503,201.506142,0.001917,0.024004,0.337201
69,T69_UAV_13,BS_4,LEO_0,344.468586,344.262946,0.040482,0.008262,0.284478
69,T69_UAV_7,BS_4,HAP_0,398.642592,398.574396,0.001335,0.014088,0.263866
69,T69_UAV_18,BS_2,HAP_1,306.83166,306.578208,0.027176,0.054733,0.357712
69,T69_UAV_3,BS_3,HAP_2,310.400218,310.200295,0.027907,0.010854,0.305807
69,T69_UAV_0,BS_3,LEO_1,402.184874,402.104539,0.004371,0.008524,0.337201
69,T69_UAV_15,BS_0,LEO_0,768.509671,768.303786,0.041175,0.007813,0.284478
69,T69_UAV_12,BS_0,HAP_0,718.990796,718.917772,0.004224,0.016027,0.263866
69,T69_UAV_14,BS_3,LEO_0,875.488194,875.277293,0.041291,0.012715,0.284478
69,T69_UAV_19,BS_1,LEO_1,530.744075,530.658476,0.00606,0.012098,0.337201
69,T69_UAV_6,HAP_1,BS_0,539.676996,539.432963,0.043688,0.043226,0.285592
69,T69_UAV_17,BS_2,HAP_1,616.321908,616.083666,0.029013,0.037687,0.357712
69,T69_UAV_4,BS_1,HAP_2,623.649079,623.444181,0.029506,0.01423,0.305807
69,T69_UAV_16,BS_0,BS_1,714.355784,714.096191,0.054599,0.038851,0.330713
69,T69_UAV_2,HAP_1,LEO_0,923.364283,923.144746,0.041245,0.021397,0.284478
69,T69_UAV_1,BS_3,BS_2,790.707383,790.422237,0.059367,0.057579,0.341006
69,T69_UAV_8,BS_0,HAP_0,941.202788,941.125551,0.005531,0.018933,0.263866
69,T69_UAV_9,BS_0,LEO_0,1192.686861,1192.466593,0.042069,0.021304,0.284478
69,T69_UAV_5,HAP_1,BS_4,321.629691,321.386999,0.030067,0.050265,0.311804
70,T70_UAV_16,BS_0,LEO_1,316.407576,316.217641,0.043279,0.020025,0.13316
70,T70_UAV_14,BS_3,LEO_0,459.243346,459.19038,0.000721,0.010488,0.208782
70,T70_UAV_1,BS_3,HAP_2,409.747255,409.686078,0.00308,0.019487,0.193046
70,T70_UAV_7,BS_4,HAP_0,561.314714,561.125109,0.026878,0.008939,0.26894
70,T70_UAV_11,BS_4,LEO_1,412.256711,412.082423,0.043842,0.003814,0.13316
70,T70_UAV_9,BS_0,LEO_0,527.929451,527.879601,0.000986,0.007107,0.208782
70,T70_UAV_15,BS_0,HAP_1,550.416071,550.156707,0.028421,0.068878,0.310322
70,T70_UAV_10,BS_4,LEO_0,596.557577,596.499585,0.000872,0.015364,0.208782
70,T70_UAV_3,BS_3,HAP_2,689.372457,689.315514,0.005434,0.012899,0.193046
70,T70_UAV_4,BS_1,HAP_0,722.243844,722.056988,0.028376,0.004691,0.26894
70,T70_UAV_5,HAP_1,LEO_1,645.940878,645.765258,0.044607,0.004381,0.13316
70,T70_UAV_8,BS_0,HAP_1,600.7308,600.524929,0.029383,0.014424,0.310322
70,T70_UAV_13,BS_4,BS_1,629.761696,629.5301,0.049316,0.017252,0.325142
70,T70_UAV_12,BS_0,BS_2,716.564261,716.295868,0.054736,0.043568,0.350449
70,T70_UAV_0,BS_3,LEO_1,779.570914,779.378316,0.046786,0.01918,0.13316
70,T70_UAV_19,BS_1,LEO_0,1042.983862,1042.924488,0.001703,0.015914,0.208782
70,T70_UAV_17,BS_2,HAP_2,1106.751459,1106.679414,0.00773,0.025706,0.193046
70,T70_UAV_2,HAP_1,HAP_0,341.746875,341.558694,0.026562,0.007831,0.26894
71,T71_UAV_17,BS_2,LEO_0,704.866773,704.675744,0.040916,0.011961,0.190766
71,T71_UAV_15,BS_0,LEO_1,350.710669,350.509156,0.043048,0.015895,0.212856
71,T71_UAV_14,BS_3,HAP_0,424.903815,424.841073,0.002614,0.012132,0.239982
71,T71_UAV_3,BS_3,LEO_0,1125.75116,1125.549725,0.041385,0.021897,0.190766
71,T71_UAV_2,HAP_1,LEO_1,597.379121,597.18512,0.044341,0.007089,0.212856
71,T71_UAV_18,BS_2,HAP_2,359.405783,359.329877,0.003759,0.011828,0.301593
71,T71_UAV_16,BS_0,HAP_1,398.752552,398.525741,0.029639,0.023334,0.369188
71,T71_UAV_0,BS_3,HAP_0,722.770064,722.710306,0.00437,0.007392,0.239982
71,T71_UAV_8,BS_0,LEO_0,1683.677877,1683.481965,0.042371,0.015388,0.190766
71,T71_UAV_7,BS_4,LEO_1,687.395493,687.200996,0.045585,0.006341,0.212856
71,T71_UAV_9,BS_0,LEO_0,1701.661171,1701.468983,0.042416,0.011619,0.190766
71,T71_UAV_13,BS_4,LEO_1,849.285659,849.084507,0.047244,0.011337,0.212856
71,T71_UAV_5,HAP_1,LEO_0,1746.825976,1746.620961,0.042104,0.024758,0.190766
71,T71_UAV_12,BS_0,HAP_0,1041.094644,1041.023578,0.006141,0.016929,0.239982
71,T71_UAV_6,HAP_1,LEO_0,1813.846866,1813.660366,0.042139,0.006208,0.190766
71,T71_UAV_10,BS_4,LEO_0,1980.375516,1980.180679,0.042309,0.014374,0.190766
71,T71_UAV_1,BS_3,LEO_0,2148.122492,2147.912484,0.042465,0.02939,0.190766
71,T71_UAV_19,BS_1,LEO_0,2316.486021,2316.270591,0.042958,0.034319,0.190766
71,T71_UAV_11,BS_4,LEO_0,2414.799711,2414.59041,0.043184,0.027964,0.190766
72,T72_UAV_16,BS_0,LEO_1,1252.884835,1252.835065,0.005744,0.005765,0.191305
72,T72_UAV_3,BS_3,LEO_0,99.037632,98.779947,0.04025,0.036316,0.405595
72,T72_UAV_14,BS_3,LEO_1,1363.936692,1363.88317,0.004936,0.010324,0.191305
72,T72_UAV_2,HAP_1,HAP_0,210.496064,210.424122,0.001336,0.00923,0.30688
72,T72_UAV_0,BS_3,HAP_1,314.34361,314.105385,0.027573,0.030579,0.400363
72,T72_UAV_1,BS_3,HAP_2,329.033582,328.823281,0.029102,0.019759,0.3072
72,T72_UAV_8,BS_0,LEO_1,1509.544183,1509.476742,0.006602,0.022577,0.191305
72,T72_UAV_18,BS_2,LEO_1,1531.195406,1531.146153,0.00674,0.004252,0.191305
72,T72_UAV_11,BS_4,LEO_1,1624.63589,1624.565365,0.006874,0.02539,0.191305
72,T72_UAV_4,BS_1,LEO_1,1731.472969,1731.416643,0.00731,0.010755,0.191305
72,T72_UAV_19,BS_1,LEO_1,1744.003935,1743.934851,0.007256,0.023567,0.191305
72,T72_UAV_13,BS_4,LEO_1,1834.000787,1833.950296,0.007248,0.004982,0.191305
72,T72_UAV_12,BS_0,LEO_1,2296.840809,2296.775307,0.010079,0.017163,0.191305
72,T72_UAV_10,BS_4,LEO_1,2439.626296,2439.563493,0.008892,0.015651,0.191305
72,T72_UAV_17,BS_2,LEO_1,2544.887847,2544.820941,0.010687,0.017958,0.191305
72,T72_UAV_7,BS_4,LEO_1,3134.634564,3134.567569,0.011961,0.016773,0.191305
72,T72_UAV_6,HAP_1,LEO_1,1561.90099,1561.843059,0.005343,0.014327,0.191305
73,T73_UAV_4,BS_1,HAP_0,201.536307,201.327827,0.026047,0.026831,0.278012
73,T73_UAV_7,BS_4,LEO_0,207.407157,207.147734,0.040408,0.029521,0.44747
73,T73_UAV_17,BS_2,LEO_1,105.779008,105.542119,0.043155,0.007701,0.430164
73,T73_UAV_3,BS_3,HAP_2,150.878262,150.674982,0.027001,0.034879,0.206996
73,T73_UAV_0,BS_3,HAP_1,291.022866,290.808723,0.02739,0.01109,0.378317
73,T73_UAV_13,BS_4,BS_2,2332.696526,2332.389558,0.155692,0.019421,0.159281
73,T73_UAV_18,BS_2,HAP_0,367.257056,367.047026,0.027154,0.027274,0.278012
73,T73_UAV_15,BS_3,LEO_0,522.387925,522.125485,0.041075,0.031871,0.44747
73,T73_UAV_16,BS_0,BS_2,2987.842767,2987.467385,0.196613,0.046913,0.159281
73,T73_UAV_6,HAP_1,BS_2,3089.394542,3088.989684,0.202955,0.070047,0.159281
73,T73_UAV_19,BS_1,BS_2,3423.632169,3423.248243,0.223836,0.028233,0.159281
73,T73_UAV_1,BS_3,BS_2,4245.590302,4245.169472,0.275181,0.013794,0.159281
73,T73_UAV_5,HAP_1,BS_2,5220.006766,5219.497899,0.336046,0.040966,0.159281
73,T73_UAV_2,HAP_1,BS_2,5257.368087,5256.853849,0.338379,0.044003,0.159281
74,T74_UAV_0,BS_3,LEO_0,293.950205,293.729693,0.04049,0.020543,0.297393
74,T74_UAV_11,BS_4,LEO_1,223.887817,223.641165,0.04262,0.010888,0.465723
74,T74_UAV_17,BS_2,HAP_2,307.665468,307.595088,0.002516,0.01917,0.243467
74,T74_UAV_18,BS_2,HAP_0,705.008305,704.833182,0.028374,0.008171,0.192895
74,T74_UAV_10,BS_4,HAP_1,354.288373,354.064209,0.026466,0.029273,0.342126
74,T74_UAV_13,BS_4,LEO_0,533.165404,532.946924,0.040792,0.018209,0.297393
74,T74_UAV_2,HAP_1,LEO_1,419.7068,419.436823,0.043765,0.033068,0.465723
74,T74_UAV_8,BS_0,HAP_2,415.525843,415.447515,0.003701,0.025934,0.243467
74,T74_UAV_14,BS_3,HAP_0,867.478274,867.295295,0.029849,0.01455,0.192895
74,T74_UAV_6,HAP_1,LEO_0,598.328872,598.097327,0.040885,0.031181,0.297393
74,T74_UAV_15,BS_3,HAP_1,519.37411,519.133703,0.028238,0.043744,0.342126
74,T74_UAV_7,BS_4,BS_0,518.160177,517.906242,0.042343,0.071762,0.199149
74,T74_UAV_3,BS_3,BS_1,608.838304,608.624859,0.04801,0.017953,0.237404
74,T74_UAV_12,BS_0,HAP_0,1078.777899,1078.58097,0.03085,0.0275,0.192895
74,T74_UAV_1,BS_3,LEO_0,1027.211421,1026.973188,0.041472,0.037283,0.297393
74,T74_UAV_4,BS_1,HAP_0,1145.005869,1144.820551,0.02995,0.016789,0.192895
74,T74_UAV_5,HAP_1,LEO_1,234.675429,234.429686,0.042058,0.010541,0.465723
75,T75_UAV_3,BS_3,LEO_1,738.536402,738.354233,0.043813,0.014719,0.118185
75,T75_UAV_18,BS_2,LEO_0,367.271489,367.042459,0.040739,0.04472,0.217855
75,T75_UAV_11,BS_4,HAP_2,202.279101,202.08681,0.026732,0.011143,0.272084
75,T75_UAV_0,BS_3,LEO_1,853.171569,852.95861,0.044602,0.04472,0.118185
75,T75_UAV_17,BS_2,LEO_0,579.128615,578.895668,0.041052,0.048324,0.217855
75,T75_UAV_8,BS_0,HAP_0,390.58924,390.388741,0.028499,0.009587,0.312059
75,T75_UAV_19,BS_1,LEO_1,1283.515786,1283.338404,0.047198,0.006547,0.118185
75,T75_UAV_5,HAP_1,LEO_0,639.346331,639.136075,0.041057,0.025628,0.217855
75,T75_UAV_1,BS_3,LEO_1,1335.698565,1335.515884,0.046467,0.012577,0.118185
75,T75_UAV_12,BS_0,LEO_1,1501.382356,1501.172068,0.04894,0.037711,0.118185
75,T75_UAV_4,BS_1,LEO_1,1785.458342,1785.274607,0.050145,0.009953,0.118185
75,T75_UAV_15,BS_3,LEO_1,1812.446807,1812.25267,0.049726,0.020774,0.118185
75,T75_UAV_6,HAP_1,LEO_1,1988.357185,1988.172929,0.048882,0.011737,0.118185
75,T75_UAV_2,HAP_1,HAP_1,121.476709,121.241448,0.025518,0.044539,0.326017
76,T76_UAV_16,BS_0,LEO_0,403.004767,402.944567,0.000742,0.020897,0.192801
76,T76_UAV_17,BS_2,LEO_1,231.212085,230.943681,0.042662,0.037519,0.441112
76,T76_UAV_10,BS_4,HAP_2,397.533351,397.467263,0.002482,0.013688,0.249592
76,T76_UAV_12,BS_0,HAP_0,421.738764,421.537894,0.027885,0.010169,0.314078
76,T76_UAV_1,BS_3,LEO_0,653.56146,653.49112,0.000845,0.030935,0.192801
76,T76_UAV_18,BS_2,HAP_1,471.290513,471.085412,0.028372,0.016754,0.299879
76,T76_UAV_9,BS_0,LEO_1,523.120227,522.860394,0.046129,0.025482,0.441112
76,T76_UAV_2,HAP_1,LEO_0,862.496662,862.437405,0.001109,0.019588,0.192801
76,T76_UAV_6,HAP_1,HAP_2,664.164595,664.091894,0.004528,0.018255,0.249592
76,T76_UAV_8,BS_0,HAP_1,479.908424,479.683767,0.028489,0.036192,0.299879
76,T76_UAV_3,BS_3,BS_1,484.043769,483.818353,0.040214,0.02613,0.295363
76,T76_UAV_7,BS_4,BS_0,486.882591,486.61206,0.040388,0.073169,0.284869
76,T76_UAV_4,BS_1,HAP_0,670.365867,670.160272,0.028473,0.014306,0.314078
76,T76_UAV_14,BS_3,LEO_1,775.351731,775.104722,0.047243,0.011543,0.441112
76,T76_UAV_0,BS_3,LEO_0,1183.770312,1183.699993,0.001768,0.029992,0.192801
76,T76_UAV_11,BS_1,HAP_2,969.849057,969.766216,0.005564,0.027359,0.249592
76,T76_UAV_15,BS_3,LEO_0,1237.708782,1237.640725,0.001807,0.02769,0.192801
76,T76_UAV_5,HAP_1,LEO_0,1497.150494,1497.081477,0.002043,0.028414,0.192801
77,T77_UAV_9,BS_0,LEO_0,250.350305,250.115426,0.040517,0.033417,0.304728
77,T77_UAV_19,BS_2,LEO_1,189.537102,189.307375,0.043042,0.02314,0.31772
77,T77_UAV_0,BS_3,HAP_2,426.591026,426.527664,0.003446,0.006677,0.266195
77,T77_UAV_17,BS_1,HAP_0,512.366202,512.178545,0.027694,0.021789,0.190867
77,T77_UAV_16,BS_0,HAP_1,607.616558,607.411172,0.029351,0.022652,0.266915
77,T77_UAV_11,BS_1,LEO_0,506.42422,506.202985,0.040952,0.019337,0.304728
77,T77_UAV_12,BS_0,LEO_1,382.409057,382.158789,0.046647,0.040077,0.31772
77,T77_UAV_7,BS_4,HAP_0,689.525223,689.327953,0.027312,0.031784,0.190867
77,T77_UAV_8,BS_0,BS_2,468.898619,468.715615,0.03927,0.009531,0.171014
77,T77_UAV_18,BS_2,HAP_2,776.306876,776.243912,0.005099,0.004627,0.266195
77,T77_UAV_13,BS_4,HAP_1,837.541443,837.300588,0.029031,0.058441,0.266915
77,T77_UAV_14,BS_3,LEO_0,641.302149,641.08122,0.041087,0.018897,0.304728
77,T77_UAV_10,BS_4,HAP_2,843.515989,843.446943,0.005274,0.010533,0.266195
77,T77_UAV_2,HAP_1,HAP_0,891.483701,891.285329,0.029082,0.031116,0.190867
77,T77_UAV_6,HAP_1,HAP_1,470.36941,470.17805,0.026412,0.011566,0.266915
78,T78_UAV_9,BS_0,LEO_0,408.81679,408.747795,0.000766,0.02154,0.233447
78,T78_UAV_18,BS_2,LEO_1,433.820366,433.60197,0.044288,0.029693,0.222079
78,T78_UAV_3,BS_3,HAP_2,342.281894,342.193164,0.003207,0.00775,0.388862
78,T78_UAV_1,BS_3,HAP_0,376.209496,375.992929,0.027303,0.035054,0.271051
78,T78_UAV_10,BS_4,HAP_1,400.633454,400.388354,0.026643,0.052725,0.328656
78,T78_UAV_12,BS_0,LEO_0,580.119104,580.052987,0.001089,0.018338,0.233447
78,T78_UAV_2,HAP_1,LEO_1,639.98974,639.779491,0.044644,0.021189,0.222079
78,T78_UAV_11,BS_1,LEO_0,654.242384,654.169576,0.001122,0.024997,0.233447
78,T78_UAV_14,BS_3,HAP_0,504.500577,504.279916,0.02855,0.037901,0.271051
78,T78_UAV_7,BS_4,HAP_2,514.959988,514.873522,0.003175,0.00552,0.388862
78,T78_UAV_16,BS_0,LEO_1,757.63946,757.434716,0.047903,0.012426,0.222079
78,T78_UAV_0,BS_3,HAP_1,586.122385,585.885549,0.028758,0.042346,0.328656
78,T78_UAV_13,BS_4,BS_1,627.33633,627.035276,0.04916,0.070868,0.40513
78,T78_UAV_4,BS_1,BS_2,679.117714,678.887728,0.052399,0.014139,0.317242
78,T78_UAV_8,BS_0,BS_4,705.127146,704.900823,0.054024,0.013556,0.293711
78,T78_UAV_17,BS_1,BS_0,708.962616,708.714106,0.054263,0.024132,0.350582
78,T78_UAV_19,BS_2,LEO_0,970.132794,970.063668,0.001605,0.020831,0.233447
78,T78_UAV_6,HAP_1,LEO_1,404.1716,403.963795,0.042823,0.020567,0.222079
79,T79_UAV_8,BS_0,LEO_1,339.171924,338.975308,0.042778,0.02157,0.161341
79,T79_UAV_15,BS_3,HAP_2,448.47689,448.319225,0.028203,0.008866,0.10298
79,T79_UAV_19,BS_2,LEO_0,341.194399,340.977063,0.040618,0.015945,0.303867
79,T79_UAV_17,BS_1,HAP_0,400.124257,399.935331,0.02738,0.018562,0.21492
79,T79_UAV_9,BS_0,LEO_1,601.761054,601.551172,0.044747,0.032867,0.161341
79,T79_UAV_13,BS_4,HAP_1,495.923011,495.680966,0.027672,0.047087,0.336431
79,T79_UAV_5,HAP_1,LEO_0,488.418391,488.191433,0.040808,0.025377,0.303867
79,T79_UAV_16,BS_0,HAP_0,526.518903,526.331646,0.029164,0.015109,0.21492
79,T79_UAV_7,BS_4,HAP_2,1160.847226,1160.68509,0.03079,0.010751,0.10298
79,T79_UAV_2,HAP_1,LEO_1,991.583585,991.397092,0.046162,0.008063,0.161341
79,T79_UAV_1,BS_3,HAP_1,653.735411,653.50763,0.028103,0.032393,0.336431
79,T79_UAV_0,BS_3,LEO_0,715.461068,715.223146,0.041328,0.03582,0.303867
79,T79_UAV_18,BS_2,LEO_1,1057.358407,1057.147597,0.048835,0.029706,0.161341
79,T79_UAV_4,BS_1,HAP_2,1348.121997,1347.964368,0.032614,0.004418,0.10298
79,T79_UAV_10,BS_4,LEO_1,1256.903528,1256.702832,0.048154,0.020273,0.161341
79,T79_UAV_11,BS_1,HAP_2,1584.314319,1584.141074,0.033353,0.019296,0.10298
79,T79_UAV_6,HAP_1,BS_1,240.701814,240.514268,0.025015,0.011758,0.253867
80,T80_UAV_3,BS_3,LEO_0,419.239249,419.182092,0.000617,0.018366,0.190869
80,T80_UAV_15,BS_3,LEO_1,448.727719,448.53514,0.043897,0.006913,0.208843
80,T80_UAV_16,BS_0,HAP_0,345.738831,345.673714,0.002731,0.020706,0.208399
80,T80_UAV_17,BS_1,HAP_1,358.811087,358.586598,0.027292,0.017534,0.398314
80,T80_UAV_13,BS_4,LEO_0,506.720362,506.675895,0.000708,0.005585,0.190869
80,T80_UAV_19,BS_2,LEO_1,463.517,463.310945,0.044264,0.020022,0.208843
80,T80_UAV_12,BS_0,HAP_2,465.314618,465.085352,0.029185,0.027122,0.364801
80,T80_UAV_0,BS_3,LEO_0,634.883135,634.829262,0.001008,0.014692,0.190869
80,T80_UAV_11,BS_1,HAP_0,509.284867,509.21626,0.002426,0.024501,0.208399
80,T80_UAV_9,BS_0,HAP_1,529.123324,528.840346,0.028831,0.074485,0.398314
80,T80_UAV_14,BS_3,LEO_1,728.012431,727.804903,0.045468,0.020291,0.208843
80,T80_UAV_18,BS_2,HAP_2,571.990911,571.778618,0.029348,0.009985,0.364801
80,T80_UAV_1,BS_3,BS_1,608.600612,608.342009,0.047992,0.061131,0.2474
80,T80_UAV_7,BS_4,BS_2,621.093811,620.885524,0.048776,0.010801,0.243554
80,T80_UAV_8,BS_0,LEO_0,858.239343,858.174874,0.001471,0.024823,0.190869
80,T80_UAV_6,HAP_1,LEO_0,1140.638768,1140.575076,0.001591,0.023927,0.190869
80,T80_UAV_5,HAP_1,LEO_1,421.23685,421.044776,0.042993,0.007313,0.208843
81,T81_UAV_11,BS_1,LEO_0,233.372048,233.163203,0.04044,0.030278,0.190633
81,T81_UAV_9,BS_0,LEO_1,286.625505,286.417216,0.043342,0.007651,0.28648
81,T81_UAV_18,BS_2,HAP_0,349.694273,349.618283,0.002043,0.010092,0.319276
81,T81_UAV_5,HAP_1,HAP_2,382.861608,382.659442,0.028709,0.026763,0.233466
81,T81_UAV_8,BS_0,HAP_1,410.395839,410.125122,0.027975,0.062802,0.399699
81,T81_UAV_7,BS_4,LEO_0,355.23397,355.04074,0.040613,0.01449,0.190633
81,T81_UAV_4,BS_1,LEO_1,427.112798,426.887499,0.044963,0.02304,0.28648
81,T81_UAV_15,BS_3,LEO_0,465.539472,465.336528,0.04084,0.023978,0.190633
81,T81_UAV_13,BS_4,HAP_0,564.065903,563.980088,0.002925,0.019035,0.319276
81,T81_UAV_12,BS_0,HAP_1,609.622491,609.365932,0.029545,0.047073,0.399699
81,T81_UAV_0,BS_3,HAP_2,629.711336,629.518457,0.031097,0.015089,0.233466
81,T81_UAV_17,BS_1,LEO_1,677.183897,676.940447,0.047779,0.038375,0.28648
81,T81_UAV_16,BS_0,BS_1,693.422981,693.166248,0.053291,0.047324,0.280589
81,T81_UAV_2,HAP_1,BS_4,218.41962,218.184669,0.02362,0.073872,0.1873
82,T82_UAV_17,BS_1,LEO_0,243.736409,243.662058,0.000438,0.027716,0.230983
82,T82_UAV_1,BS_3,LEO_1,301.662249,301.595832,0.002883,0.020585,0.214748
82,T82_UAV_5,HAP_1,HAP_0,308.106338,308.020351,0.002071,0.011177,0.363692
82,T82_UAV_19,BS_2,HAP_2,313.633701,313.556721,0.002578,0.026201,0.241004
82,T82_UAV_0,BS_3,HAP_1,325.786032,325.53232,0.027109,0.040421,0.430906
82,T82_UAV_16,BS_0,LEO_0,356.35764,356.283843,0.000837,0.026763,0.230983
82,T82_UAV_7,BS_4,LEO_1,431.996664,431.921417,0.004401,0.027896,0.214748
82,T82_UAV_3,BS_3,LEO_0,447.942363,447.866274,0.000767,0.029125,0.230983
82,T82_UAV_8,BS_0,HAP_0,559.314836,559.225243,0.003837,0.013017,0.363692
82,T82_UAV_2,HAP_1,HAP_2,644.859755,644.793433,0.005053,0.013069,0.241004
82,T82_UAV_11,BS_1,LEO_1,646.313423,646.250725,0.007649,0.012099,0.214748
82,T82_UAV_4,BS_1,HAP_1,668.801829,668.551231,0.02923,0.035186,0.430906
82,T82_UAV_13,BS_4,BS_2,685.330791,685.076146,0.052786,0.044956,0.284513
82,T82_UAV_15,BS_3,BS_1,694.424756,694.168627,0.053354,0.041668,0.305538
82,T82_UAV_18,BS_2,BS_0,763.476797,763.189396,0.057666,0.056355,0.366899
82,T82_UAV_6,HAP_1,BS_4,220.839212,220.624194,0.023772,0.050611,0.203173
83,T83_UAV_3,BS_3,LEO_0,278.770037,278.702447,0.000438,0.007653,0.2975
83,T83_UAV_17,BS_1,LEO_1,260.299197,260.215556,0.002987,0.024053,0.283005
83,T83_UAV_13,BS_4,HAP_0,405.308504,405.123445,0.026746,0.018761,0.197761
83,T83_UAV_16,BS_0,HAP_1,265.332376,265.098904,0.027205,0.027436,0.394153
83,T83_UAV_10,BS_4,HAP_2,475.852905,475.677478,0.027996,0.009941,0.18745
83,T83_UAV_7,BS_4,LEO_0,425.277116,425.195844,0.000674,0.021098,0.2975
83,T83_UAV_11,BS_1,LEO_1,380.793079,380.712149,0.00451,0.019819,0.283005
83,T83_UAV_14,BS_3,HAP_0,797.934039,797.746066,0.029425,0.018995,0.197761
83,T83_UAV_19,BS_2,LEO_0,556.327716,556.244505,0.000928,0.022783,0.2975
83,T83_UAV_9,BS_0,HAP_2,635.683149,635.495708,0.030419,0.019532,0.18745
83,T83_UAV_6,HAP_1,LEO_1,525.845948,525.778656,0.00453,0.006161,0.283005
83,T83_UAV_12,BS_0,HAP_1,563.180599,562.909495,0.029213,0.063059,0.394153
83,T83_UAV_4,BS_1,LEO_0,739.493347,739.414567,0.001228,0.018052,0.2975
83,T83_UAV_5,HAP_1,HAP_0,1448.567975,1448.38799,0.032763,0.00767,0.197761
83,T83_UAV_18,BS_2,HAP_2,1125.598481,1125.413464,0.032337,0.015189,0.18745
83,T83_UAV_2,HAP_1,HAP_0,1586.696379,1586.506695,0.031768,0.018365,0.197761
84,T84_UAV_7,BS_4,LEO_0,208.656752,208.575764,0.000361,0.011353,0.346369
84,T84_UAV_6,HAP_1,LEO_1,232.562719,232.471098,0.002002,0.023012,0.333035
84,T84_UAV_17,BS_1,HAP_1,442.288856,442.08177,0.02726,0.028862,0.254824
84,T84_UAV_15,BS_3,HAP_0,269.976581,269.771361,0.026884,0.008542,0.348973
84,T84_UAV_10,BS_4,HAP_1,457.503813,457.278837,0.026595,0.047416,0.254824
84,T84_UAV_13,BS_4,HAP_2,237.676148,237.463288,0.027442,0.022835,0.312914
84,T84_UAV_16,BS_0,LEO_0,526.008898,525.925171,0.001229,0.013224,0.346369
84,T84_UAV_19,BS_2,BS_4,705.286871,705.034861,0.054033,0.038086,0.299453
84,T84_UAV_2,HAP_1,BS_3,354.019652,353.791872,0.032091,0.03777,0.289592
84,T84_UAV_4,BS_1,LEO_1,739.204721,739.119335,0.008594,0.010185,0.333035
84,T84_UAV_11,BS_1,HAP_1,727.265223,727.032201,0.028793,0.053265,0.254824
84,T84_UAV_12,BS_0,LEO_0,771.524383,771.445097,0.00162,0.008391,0.346369
84,T84_UAV_14,BS_3,HAP_1,779.664109,779.443051,0.028275,0.041819,0.254824
84,T84_UAV_3,BS_3,LEO_1,798.825989,798.731021,0.008362,0.019998,0.333035
84,T84_UAV_8,BS_0,BS_4,1308.148831,1307.816689,0.091688,0.080564,0.299453
84,T84_UAV_5,HAP_1,HAP_0,207.948438,207.725733,0.026393,0.026517,0.348973
85,T85_UAV_3,BS_3,LEO_0,338.530769,338.354782,0.040499,0.014142,0.106731
85,T85_UAV_18,BS_1,LEO_1,283.928087,283.734435,0.042821,0.022983,0.139242
85,T85_UAV_10,BS_4,HAP_1,401.472927,401.254926,0.026482,0.038774,0.263724
85,T85_UAV_11,BS_1,HAP_0,272.524612,272.306776,0.026311,0.021055,0.352349
85,T85_UAV_4,BS_1,HAP_2,292.078854,291.870757,0.027075,0.017821,0.316003
85,T85_UAV_19,BS_2,LEO_0,493.257542,493.090208,0.040772,0.005217,0.106731
85,T85_UAV_0,BS_3,LEO_1,433.031268,432.834498,0.043838,0.025083,0.139242
85,T85_UAV_15,BS_3,LEO_0,633.167584,633.00056,0.040983,0.004695,0.106731
85,T85_UAV_6,HAP_1,HAP_0,485.146971,484.940997,0.027588,0.007916,0.352349
85,T85_UAV_9,BS_0,HAP_1,732.125289,731.89681,0.029585,0.046149,0.263724
85,T85_UAV_16,BS_0,HAP_2,515.839361,515.626566,0.030095,0.019499,0.316003
85,T85_UAV_5,HAP_1,LEO_1,688.874437,688.68649,0.044893,0.015206,0.139242
85,T85_UAV_17,BS_1,BS_2,520.814347,520.537141,0.042507,0.05585,0.39424
85,T85_UAV_8,BS_0,LEO_0,890.968949,890.79729,0.041523,0.00879,0.106731
85,T85_UAV_14,BS_3,LEO_1,818.67296,818.490773,0.046123,0.008215,0.139242
85,T85_UAV_12,BS_0,HAP_1,990.334448,990.084064,0.031406,0.066233,0.263724
85,T85_UAV_1,BS_3,LEO_0,1120.521228,1120.347431,0.041521,0.01093,0.106731
85,T85_UAV_2,HAP_1,BS_1,397.998325,397.742717,0.034837,0.050335,0.352184
86,T86_UAV_15,BS_3,LEO_0,294.92678,294.864706,0.00049,0.01414,0.23722
86,T86_UAV_10,BS_4,LEO_1,389.957831,389.897611,0.002945,0.015793,0.207414
86,T86_UAV_9,BS_3,HAP_0,540.808215,540.746719,0.003597,0.00984,0.240294
86,T86_UAV_13,BS_4,HAP_2,367.784915,367.718194,0.002799,0.016787,0.235682
86,T86_UAV_3,BS_3,HAP_1,396.33882,396.118185,0.027312,0.041784,0.257695
86,T86_UAV_1,BS_3,LEO_0,549.322935,549.259399,0.000791,0.0153,0.23722
86,T86_UAV_6,HAP_1,LEO_1,571.332366,571.274925,0.003987,0.011971,0.207414
86,T86_UAV_4,BS_1,LEO_0,647.660705,647.60682,0.001073,0.005367,0.23722
86,T86_UAV_8,BS_0,HAP_0,730.16472,730.092709,0.004378,0.019575,0.240294
86,T86_UAV_14,BS_3,HAP_2,511.20617,511.138447,0.005088,0.015498,0.235682
86,T86_UAV_7,BS_4,LEO_1,790.45618,790.38705,0.006482,0.021165,0.207414
86,T86_UAV_0,BS_3,HAP_1,602.150615,601.942503,0.028945,0.027628,0.257695
86,T86_UAV_12,BS_0,BS_1,624.042605,623.742008,0.048954,0.080765,0.354393
86,T86_UAV_19,BS_2,BS_0,639.176983,638.873968,0.0499,0.082412,0.353515
86,T86_UAV_16,BS_0,BS_2,652.50736,652.234402,0.050734,0.025881,0.481717
86,T86_UAV_18,BS_1,BS_4,734.751488,734.462596,0.055871,0.069917,0.315519
86,T86_UAV_17,BS_1,LEO_0,942.820141,942.759868,0.001537,0.011292,0.23722
86,T86_UAV_11,BS_1,LEO_1,979.691633,979.626496,0.009272,0.014382,0.207414
86,T86_UAV_5,HAP_1,HAP_0,467.709219,467.634566,0.002739,0.023855,0.240294
87,T87_UAV_8,BS_0,LEO_1,169.786045,169.705848,0.002897,0.011613,0.328439
87,T87_UAV_12,BS_0,LEO_0,595.742897,595.551358,0.040949,0.011996,0.192976
87,T87_UAV_17,BS_1,HAP_0,414.867908,414.680111,0.027165,0.018347,0.211422
87,T87_UAV_14,BS_3,HAP_2,334.261164,334.061873,0.028319,0.022829,0.240716
87,T87_UAV_4,BS_1,LEO_0,599.67843,599.48724,0.040846,0.011749,0.192976
87,T87_UAV_2,HAP_1,LEO_1,334.264196,334.186292,0.004124,0.008092,0.328439
87,T87_UAV_16,BS_0,HAP_0,581.864489,581.652169,0.028874,0.041161,0.211422
87,T87_UAV_10,BS_4,HAP_1,393.23801,393.015927,0.026876,0.017479,0.38864
87,T87_UAV_7,BS_4,LEO_0,1025.853983,1025.660037,0.041395,0.013957,0.192976
87,T87_UAV_15,BS_3,HAP_2,490.016728,489.802308,0.029732,0.036544,0.240716
87,T87_UAV_18,BS_1,BS_4,491.721772,491.496477,0.040693,0.033085,0.257586
87,T87_UAV_0,BS_3,LEO_0,1272.661985,1272.469274,0.041863,0.012252,0.192976
87,T87_UAV_5,HAP_1,LEO_0,1521.701706,1521.513596,0.041997,0.007519,0.192976
87,T87_UAV_19,BS_2,HAP_0,1093.021264,1092.840294,0.030821,0.007865,0.211422
87,T87_UAV_11,BS_1,LEO_0,1649.388725,1649.196466,0.042424,0.01124,0.192976
87,T87_UAV_13,BS_4,LEO_0,1710.09528,1709.903859,0.042191,0.010634,0.192976
88,T88_UAV_12,BS_0,LEO_1,261.005616,260.919185,0.003259,0.010929,0.361216
88,T88_UAV_7,BS_4,LEO_0,265.89237,265.67618,0.040459,0.011244,0.322435
88,T88_UAV_1,BS_3,HAP_0,357.110476,357.048209,0.001932,0.017689,0.213233
88,T88_UAV_8,BS_0,HAP_2,289.092396,288.912386,0.02763,0.009923,0.212283
88,T88_UAV_0,BS_3,HAP_1,321.867935,321.630333,0.027118,0.030716,0.398839
88,T88_UAV_9,BS_3,LEO_1,361.157184,361.070854,0.004204,0.009882,0.361216
88,T88_UAV_18,BS_1,LEO_0,425.060028,424.825984,0.040872,0.028685,0.322435
88,T88_UAV_4,BS_1,HAP_0,479.069777,479.002146,0.002185,0.022799,0.213233
88,T88_UAV_13,BS_4,LEO_1,464.733852,464.633322,0.004911,0.023375,0.361216
88,T88_UAV_5,HAP_1,LEO_0,503.511947,503.291405,0.040833,0.015223,0.322435
88,T88_UAV_17,BS_1,HAP_1,509.269587,509.029438,0.02821,0.03217,0.398839
88,T88_UAV_14,BS_3,HAP_2,530.007576,529.82922,0.030262,0.005637,0.212283
88,T88_UAV_19,BS_2,BS_1,533.930033,533.662202,0.043327,0.053912,0.352956
88,T88_UAV_6,HAP_1,BS_2,763.489998,763.216141,0.057667,0.032124,0.420326
88,T88_UAV_11,BS_1,HAP_0,1095.597809,1095.542169,0.00479,0.008204,0.213233
89,T89_UAV_17,BS_1,LEO_0,229.247941,229.039586,0.040405,0.01709,0.254295
89,T89_UAV_18,BS_1,LEO_1,545.05024,544.870818,0.0436,0.005521,0.151507
89,T89_UAV_16,BS_0,HAP_0,285.723547,285.663126,0.002208,0.004687,0.267628
89,T89_UAV_4,BS_1,HAP_2,312.126345,312.06447,0.002213,0.016139,0.217616
89,T89_UAV_1,BS_3,HAP_1,326.538505,326.319576,0.026545,0.031815,0.30284
89,T89_UAV_0,BS_3,LEO_1,788.381172,788.201459,0.044714,0.004698,0.151507
89,T89_UAV_15,BS_3,LEO_0,349.700381,349.501192,0.040639,0.007692,0.254295
89,T89_UAV_2,HAP_1,LEO_1,906.580777,906.397461,0.044521,0.008494,0.151507
89,T89_UAV_11,BS_1,HAP_0,417.620729,417.557925,0.002033,0.007245,0.267628
89,T89_UAV_10,BS_4,HAP_2,457.152425,457.086066,0.003367,0.019469,0.217616
89,T89_UAV_13,BS_4,LEO_0,542.937833,542.729884,0.040872,0.016219,0.254295
89,T89_UAV_14,BS_3,BS_0,632.233961,632.003442,0.04947,0.023976,0.285366
89,T89_UAV_12,BS_0,HAP_1,666.56929,666.307624,0.030041,0.071057,0.30284
89,T89_UAV_9,BS_3,LEO_1,1343.673289,1343.48283,0.048321,0.011837,0.151507
89,T89_UAV_8,BS_0,LEO_1,1400.269229,1400.074659,0.04898,0.015288,0.151507
89,T89_UAV_5,HAP_1,LEO_1,1687.37385,1687.182889,0.048266,0.012393,0.151507
89,T89_UAV_6,HAP_1,LEO_1,664.000288,663.817368,0.043199,0.00942,0.151507
90,T90_UAV_16,BS_0,LEO_0,385.459647,385.251898,0.040732,0.027992,0.195122
90,T90_UAV_10,BS_4,HAP_2,474.956625,474.873005,0.00275,0.02328,0.287952
90,T90_UAV_18,BS_1,LEO_1,360.81116,360.565834,0.044528,0.017032,0.418831
90,T90_UAV_9,BS_3,HAP_0,502.515136,502.333242,0.028356,0.016518,0.1851
90,T90_UAV_11,BS_1,HAP_1,480.078052,479.837149,0.028151,0.04696,0.328959
90,T90_UAV_1,BS_3,LEO_0,669.252184,669.057899,0.040909,0.014351,0.195122
90,T90_UAV_5,HAP_1,LEO_1,546.812531,546.553155,0.044784,0.030825,0.418831
90,T90_UAV_2,HAP_1,HAP_2,945.391497,945.308863,0.005755,0.019289,0.287952
90,T90_UAV_12,BS_0,HAP_0,772.824167,772.636817,0.029734,0.020596,0.1851
90,T90_UAV_17,BS_1,LEO_0,869.768511,869.57168,0.041319,0.016487,0.195122
90,T90_UAV_8,BS_0,BS_4,528.41469,528.153418,0.042983,0.058361,0.29964
90,T90_UAV_7,BS_4,HAP_1,583.287677,583.044552,0.027913,0.049421,0.328959
90,T90_UAV_0,BS_3,LEO_1,669.968457,669.717318,0.047478,0.019895,0.418831
90,T90_UAV_6,HAP_1,LEO_0,907.72379,907.531713,0.041265,0.011788,0.195122
90,T90_UAV_4,BS_1,HAP_0,839.104905,838.932227,0.028814,0.006844,0.1851
90,T90_UAV_15,BS_3,HAP_2,1212.345245,1212.262089,0.008794,0.016772,0.287952
90,T90_UAV_3,BS_3,LEO_0,1102.222737,1102.030958,0.04163,0.011125,0.195122
90,T90_UAV_19,BS_2,HAP_2,1405.631652,1405.544001,0.008919,0.021142,0.287952
91,T91_UAV_11,BS_1,LEO_0,277.737121,277.5323,0.040482,0.007255,0.285418
91,T91_UAV_13,BS_4,LEO_1,209.013101,208.775403,0.042197,0.019436,0.380324
91,T91_UAV_9,BS_3,HAP_0,239.551049,239.502498,0.00187,0.004925,0.208778
91,T91_UAV_10,BS_4,HAP_1,319.659833,319.416005,0.026272,0.060483,0.285368
91,T91_UAV_15,BS_3,HAP_2,372.653514,372.422333,0.02862,0.029841,0.363597
91,T91_UAV_4,BS_1,LEO_0,506.792137,506.560886,0.040836,0.033331,0.285418
91,T91_UAV_17,BS_1,HAP_0,397.270278,397.203191,0.002343,0.022989,0.208778
91,T91_UAV_18,BS_1,LEO_1,632.735818,632.499348,0.047956,0.01245,0.380324
91,T91_UAV_14,BS_3,HAP_1,449.002613,448.789216,0.027217,0.029107,0.285368
91,T91_UAV_12,BS_0,LEO_0,870.831695,870.624787,0.041668,0.008156,0.285418
91,T91_UAV_5,HAP_1,HAP_2,684.763887,684.532121,0.031634,0.027412,0.363597
91,T91_UAV_1,BS_3,LEO_1,691.036934,690.780356,0.046585,0.033929,0.380324
91,T91_UAV_0,BS_3,BS_1,763.489459,763.243245,0.057669,0.017316,0.356147
91,T91_UAV_3,BS_3,LEO_0,986.395347,986.172254,0.041554,0.024454,0.285418
91,T91_UAV_6,HAP_1,BS_2,210.554359,210.330535,0.023129,0.020563,0.400657
92,T92_UAV_10,BS_4,LEO_0,349.488811,349.424065,0.000477,0.015826,0.242213
92,T92_UAV_4,BS_1,LEO_1,351.752291,351.554327,0.042744,0.016353,0.194335
92,T92_UAV_3,BS_3,HAP_0,230.752474,230.669357,0.001546,0.016423,0.325742
92,T92_UAV_19,BS_2,HAP_1,235.355227,235.151448,0.026546,0.01345,0.318917
92,T92_UAV_8,BS_0,LEO_1,365.368735,365.158593,0.042966,0.028309,0.194335
92,T92_UAV_12,BS_0,HAP_2,469.76897,469.570993,0.028634,0.024731,0.223061
92,T92_UAV_18,BS_1,LEO_0,523.81385,523.742579,0.000908,0.02192,0.242213
92,T92_UAV_14,BS_3,LEO_1,492.687819,492.475244,0.043129,0.030579,0.194335
92,T92_UAV_1,BS_3,LEO_0,655.227794,655.154923,0.000892,0.023536,0.242213
92,T92_UAV_11,BS_1,HAP_2,590.68068,590.48345,0.028446,0.024172,0.223061
92,T92_UAV_16,BS_0,LEO_1,526.219558,526.013248,0.044543,0.022901,0.194335
92,T92_UAV_7,BS_4,HAP_0,485.575104,485.490269,0.001778,0.017908,0.325742
92,T92_UAV_6,HAP_1,BS_4,545.427636,545.171973,0.044046,0.055767,0.27925
92,T92_UAV_0,BS_3,HAP_1,601.917461,601.674281,0.029006,0.050391,0.318917
92,T92_UAV_9,BS_3,LEO_0,1033.179799,1033.107505,0.001808,0.022043,0.242213
92,T92_UAV_17,BS_1,HAP_2,1015.64075,1015.445628,0.032059,0.018451,0.223061
92,T92_UAV_15,BS_3,LEO_1,1089.324602,1089.122074,0.048032,0.015629,0.194335
92,T92_UAV_2,HAP_1,LEO_0,1129.901479,1129.842695,0.001527,0.008815,0.242213
92,T92_UAV_5,HAP_1,BS_1,310.768503,310.537553,0.029389,0.03067,0.354453
93,T93_UAV_19,BS_2,LEO_1,278.077286,277.872742,0.042588,0.017855,0.220506
93,T93_UAV_1,BS_3,LEO_0,248.098877,248.030336,0.000388,0.007501,0.303258
93,T93_UAV_4,BS_1,HAP_0,710.371913,710.19815,0.027728,0.009765,0.181352
93,T93_UAV_18,BS_1,HAP_2,330.937588,330.878954,0.002475,0.008417,0.238714
93,T93_UAV_12,BS_0,HAP_1,207.957764,207.695419,0.02714,0.048339,0.434324
93,T93_UAV_10,BS_4,HAP_0,743.155686,742.964012,0.027722,0.027681,0.181352
93,T93_UAV_14,BS_3,LEO_1,515.57741,515.366077,0.043826,0.023405,0.220506
93,T93_UAV_0,BS_3,HAP_2,392.466318,392.377294,0.003858,0.037423,0.238714
93,T93_UAV_5,HAP_1,LEO_0,610.917883,610.841986,0.001013,0.014234,0.303258
93,T93_UAV_7,BS_4,LEO_1,572.332311,572.119149,0.044704,0.024357,0.220506
93,T93_UAV_15,BS_3,HAP_0,1083.933363,1083.741998,0.030401,0.024694,0.181352
93,T93_UAV_17,BS_1,BS_0,561.267249,561.047908,0.045038,0.021816,0.262438
93,T93_UAV_9,BS_3,LEO_0,750.824094,750.726153,0.001566,0.035724,0.303258
93,T93_UAV_13,BS_4,LEO_1,1037.462899,1037.260177,0.048763,0.009857,0.220506
93,T93_UAV_16,BS_0,HAP_0,1855.261367,1855.067226,0.034767,0.023103,0.181352
93,T93_UAV_3,BS_3,HAP_0,1865.04031,1864.850676,0.033894,0.01947,0.181352
93,T93_UAV_8,BS_0,HAP_0,2246.028955,2245.833086,0.036024,0.023574,0.181352
94,T94_UAV_7,BS_4,LEO_1,425.438703,425.370023,0.002981,0.028169,0.18765
94,T94_UAV_11,BS_1,LEO_0,278.130326,277.934465,0.040533,0.011861,0.217331
94,T94_UAV_10,BS_4,HAP_0,144.575485,144.336483,0.025839,0.028727,0.422175
94,T94_UAV_8,BS_0,HAP_2,466.776021,466.585096,0.028614,0.022666,0.198223
94,T94_UAV_4,BS_1,HAP_1,205.894465,205.649912,0.026665,0.031803,0.430421
94,T94_UAV_18,BS_1,LEO_1,519.784128,519.718391,0.004394,0.023814,0.18765
94,T94_UAV_1,BS_3,LEO_0,447.574396,447.374505,0.0407,0.015725,0.217331
94,T94_UAV_17,BS_1,LEO_1,578.779763,578.720067,0.004445,0.01772,0.18765
94,T94_UAV_3,BS_3,LEO_0,449.842079,449.645897,0.040774,0.011942,0.217331
94,T94_UAV_14,BS_3,HAP_2,690.691021,690.490974,0.030703,0.029699,0.198223
94,T94_UAV_0,BS_3,BS_1,566.937274,566.724743,0.045393,0.012677,0.272311
94,T94_UAV_6,HAP_1,BS_4,736.682869,736.413468,0.055993,0.055537,0.289361
94,T94_UAV_16,BS_0,LEO_1,1131.226349,1131.147414,0.009759,0.031647,0.18765
94,T94_UAV_5,HAP_1,HAP_2,1122.84774,1122.667433,0.034108,0.006555,0.198223
94,T94_UAV_2,HAP_1,LEO_1,1282.56148,1282.49305,0.007957,0.022943,0.18765
95,T95_UAV_7,BS_4,LEO_1,335.995333,335.918289,0.002768,0.017211,0.285323
95,T95_UAV_11,BS_1,LEO_0,397.610086,397.417474,0.040695,0.0089,0.215087
95,T95_UAV_17,BS_1,HAP_1,470.864881,470.661942,0.027576,0.018015,0.286739
95,T95_UAV_3,BS_3,HAP_2,1055.379953,1055.190875,0.031435,0.01839,0.196262
95,T95_UAV_8,BS_0,HAP_0,425.423146,425.179412,0.027967,0.02886,0.434535
95,T95_UAV_10,BS_4,LEO_1,538.273219,538.187747,0.004032,0.024376,0.285323
95,T95_UAV_19,BS_2,LEO_0,571.674605,571.480773,0.040972,0.009842,0.215087
95,T95_UAV_1,BS_3,LEO_1,575.539478,575.449768,0.004423,0.028222,0.285323
95,T95_UAV_4,BS_1,HAP_2,1373.375917,1373.195678,0.031802,0.009184,0.196262
95,T95_UAV_0,BS_3,HAP_1,876.900373,876.651583,0.030129,0.061313,0.286739
95,T95_UAV_2,HAP_1,HAP_0,646.359908,646.125806,0.02831,0.018884,0.434535
95,T95_UAV_15,BS_3,LEO_0,885.808219,885.61386,0.041492,0.009849,0.215087
95,T95_UAV_16,BS_0,LEO_1,946.305604,946.230683,0.009677,0.008179,0.285323
95,T95_UAV_5,HAP_1,LEO_0,1016.833126,1016.619734,0.041548,0.028827,0.215087
95,T95_UAV_18,BS_1,HAP_2,2217.161959,2216.973269,0.036452,0.012985,0.196262
95,T95_UAV_9,BS_3,HAP_1,1182.851986,1182.591236,0.032414,0.070989,0.286739
95,T95_UAV_12,BS_0,HAP_2,2258.259411,2258.063965,0.03866,0.017534,0.196262
95,T95_UAV_13,BS_4,HAP_2,2367.430009,2367.222432,0.037426,0.030899,0.196262
95,T95_UAV_6,HAP_1,HAP_2,1067.612047,1067.421141,0.030926,0.020728,0.196262
96,T96_UAV_16,BS_0,LEO_0,248.30787,248.116469,0.040559,0.007017,0.219124
96,T96_UAV_17,BS_1,LEO_1,248.445896,248.360556,0.002815,0.006459,0.380329
96,T96_UAV_4,BS_1,HAP_0,719.202635,719.007079,0.027866,0.031881,0.179045
96,T96_UAV_15,BS_3,HAP_1,414.858076,414.62018,0.027634,0.041258,0.345024
96,T96_UAV_5,HAP_1,HAP_2,221.053677,220.840295,0.028058,0.007076,0.391243
96,T96_UAV_8,BS_0,LEO_0,419.129825,418.925352,0.040845,0.019804,0.219124
96,T96_UAV_3,BS_3,LEO_1,456.424639,456.329678,0.004834,0.014062,0.380329
96,T96_UAV_1,BS_3,HAP_0,1133.419974,1133.210061,0.03032,0.043784,0.179045
96,T96_UAV_11,BS_1,LEO_1,564.417039,564.312094,0.006765,0.022114,0.380329
96,T96_UAV_2,HAP_1,LEO_0,667.813102,667.604265,0.041038,0.023974,0.219124
96,T96_UAV_0,BS_3,HAP_0,1170.971382,1170.784501,0.031268,0.019803,0.179045
96,T96_UAV_13,BS_4,HAP_1,722.672547,722.41182,0.028835,0.062887,0.345024
96,T96_UAV_14,BS_3,BS_0,753.40629,753.175903,0.05704,0.014476,0.294358
96,T96_UAV_19,BS_2,HAP_0,1573.26817,1573.063525,0.032329,0.036507,0.179045
96,T96_UAV_9,BS_3,HAP_0,1691.84212,1691.650538,0.034607,0.021167,0.179045
97,T97_UAV_15,BS_3,LEO_0,281.30921,281.250312,0.000475,0.019171,0.196256
97,T97_UAV_1,BS_3,LEO_1,276.642703,276.441803,0.042628,0.019396,0.194374
97,T97_UAV_12,BS_0,HAP_1,472.157246,471.933649,0.02862,0.018245,0.383661
97,T97_UAV_8,BS_0,LEO_0,474.613053,474.548197,0.000867,0.024737,0.196256
97,T97_UAV_16,BS_0,HAP_0,491.360202,491.101497,0.028719,0.0421,0.439425
97,T97_UAV_4,BS_1,HAP_2,275.380094,275.104647,0.027571,0.047903,0.499862
97,T97_UAV_10,BS_4,LEO_1,452.017077,451.818664,0.044177,0.015361,0.194374
97,T97_UAV_5,HAP_1,LEO_0,824.850389,824.800643,0.001257,0.009238,0.196256
97,T97_UAV_9,BS_3,LEO_1,658.081738,657.88415,0.047607,0.011107,0.194374
97,T97_UAV_13,BS_4,HAP_1,721.617917,721.374626,0.028826,0.037732,0.383661
97,T97_UAV_0,BS_3,BS_4,797.42923,797.204226,0.05979,0.01293,0.261417
97,T97_UAV_14,BS_3,LEO_0,939.428485,939.374043,0.001439,0.013752,0.196256
97,T97_UAV_6,HAP_1,HAP_0,210.600981,210.334562,0.026151,0.052383,0.439425
98,T98_UAV_9,BS_3,LEO_0,314.355145,314.288171,0.000594,0.006941,0.297194
98,T98_UAV_12,BS_0,LEO_1,340.801545,340.73352,0.003407,0.014297,0.251603
98,T98_UAV_15,BS_3,HAP_0,334.51554,334.295445,0.027395,0.028041,0.323299
98,T98_UAV_7,BS_4,HAP_1,349.865338,349.596627,0.026759,0.053838,0.440568
98,T98_UAV_14,BS_3,HAP_2,596.547156,596.331966,0.029913,0.031114,0.270817
98,T98_UAV_11,BS_1,LEO_0,535.229695,535.146508,0.000941,0.022808,0.297194
98,T98_UAV_17,BS_1,LEO_1,570.170127,570.103773,0.005152,0.010881,0.251603
98,T98_UAV_4,BS_1,LEO_0,588.083963,588.010247,0.000968,0.013309,0.297194
98,T98_UAV_3,BS_3,LEO_1,603.839724,603.766725,0.005135,0.017543,0.251603
98,T98_UAV_5,HAP_1,HAP_0,486.312846,486.076754,0.028259,0.043174,0.323299
98,T98_UAV_13,BS_4,HAP_2,787.720066,787.509746,0.030162,0.025995,0.270817
98,T98_UAV_16,BS_0,HAP_1,557.460321,557.209832,0.029472,0.032904,0.440568
98,T98_UAV_0,BS_3,BS_1,570.373545,570.096587,0.045603,0.035064,0.481455
98,T98_UAV_2,HAP_1,BS_2,669.4792,669.187667,0.051793,0.046043,0.468484
98,T98_UAV_8,BS_0,LEO_0,747.559255,747.484009,0.001366,0.014442,0.297194
98,T98_UAV_10,BS_4,BS_0,766.661953,766.326003,0.057861,0.090308,0.438904
98,T98_UAV_19,BS_2,LEO_1,887.495489,887.409876,0.008325,0.026967,0.251603
98,T98_UAV_1,BS_3,HAP_2,1101.693778,1101.484462,0.033337,0.021816,0.270817
98,T98_UAV_6,HAP_1,BS_4,337.78766,337.516487,0.031074,0.041194,0.494526
99,T99_UAV_12,BS_0,LEO_0,188.105654,188.02752,0.000477,0.005631,0.360134
99,T99_UAV_3,BS_3,LEO_1,561.962628,561.880515,0.003578,0.01872,0.299076
99,T99_UAV_14,BS_3,HAP_0,924.698999,924.527028,0.029502,0.009847,0.16311
99,T99_UAV_4,BS_1,LEO_1,900.578531,900.496181,0.006163,0.016372,0.299076
99,T99_UAV_18,BS_1,HAP_1,336.386073,336.15621,0.028319,0.033731,0.33907
99,T99_UAV_11,BS_1,HAP_0,1064.941696,1064.730931,0.029051,0.049091,0.16311
99,T99_UAV_15,BS_3,HAP_2,361.544214,361.323081,0.03011,0.028184,0.314194
99,T99_UAV_16,BS_0,LEO_1,1064.841265,1064.767662,0.007986,0.005802,0.299076
99,T99_UAV_19,BS_2,HAP_0,1072.805856,1072.622142,0.029781,0.021312,0.16311
99,T99_UAV_5,HAP_1,BS_0,544.33318,544.118221,0.04398,0.018207,0.263855
99,T99_UAV_13,BS_4,LEO_1,1307.4452,1307.370907,0.008251,0.006227,0.299076
99,T99_UAV_9,BS_3,HAP_0,1372.340399,1372.140233,0.03239,0.035154,0.16311
99,T99_UAV_8,BS_0,LEO_1,1389.36633,1389.282914,0.009862,0.013739,0.299076
99,T99_UAV_7,BS_4,HAP_0,1770.319057,1770.144285,0.030278,0.011872,0.16311
99,T99_UAV_1,BS_3,LEO_1,1476.364114,1476.289409,0.008559,0.006331,0.299076
99,T99_UAV_17,BS_1,HAP_0,1943.742852,1943.555318,0.033375,0.021536,0.16311
99,T99_UAV_6,HAP_1,LEO_0,199.010951,198.925249,0.000362,0.013313,0.360134
100,T100_UAV_11,BS_1,LEO_0,293.367609,293.166904,0.040515,0.014342,0.229244
100,T100_UAV_0,BS_0,LEO_1,375.180298,374.973975,0.044237,0.022032,0.200271
100,T100_UAV_6,HAP_1,HAP_0,417.327709,417.112257,0.027299,0.009771,0.391912
100,T100_UAV_19,BS_2,HAP_2,446.111594,445.901952,0.02869,0.02849,0.262306
100,T100_UAV_4,BS_1,HAP_1,477.945848,477.725491,0.027972,0.015027,0.386792
100,T100_UAV_18,BS_1,LEO_0,621.875789,621.6731,0.041167,0.015672,0.229244
100,T100_UAV_2,HAP_1,LEO_1,513.500515,513.308762,0.044587,0.007112,0.200271
100,T100_UAV_3,BS_3,LEO_0,700.935378,700.733214,0.041112,0.015203,0.229244
100,T100_UAV_16,BS_0,HAP_0,532.563512,532.322308,0.029002,0.033819,0.391912
100,T100_UAV_14,BS_3,HAP_1,568.517014,568.299763,0.027745,0.012146,0.386792
100,T100_UAV_12,BS_0,HAP_2,602.077603,601.862737,0.030612,0.031793,0.262306
100,T100_UAV_9,BS_3,LEO_1,725.622755,725.425565,0.048367,0.008769,0.200271
100,T100_UAV_17,BS_1,BS_2,777.473723,777.159544,0.058538,0.060724,0.474582
100,T100_UAV_13,BS_4,BS_1,781.907044,781.652396,0.058819,0.034491,0.306689
100,T100_UAV_8,BS_0,LEO_0,1054.065892,1053.87293,0.041923,0.00519,0.229244
100,T100_UAV_5,HAP_1,BS_0,240.981741,240.736821,0.025029,0.064321,0.277852
101,T101_UAV_18,BS_1,LEO_0,266.349615,266.281794,0.000555,0.0256,0.208334
101,T101_UAV_3,BS_3,LEO_1,347.103842,346.905582,0.043686,0.014035,0.202696
101,T101_UAV_9,BS_3,HAP_0,351.299631,351.074165,0.027758,0.037701,0.300031
101,T101_UAV_13,BS_4,HAP_2,976.489342,976.318653,0.030415,0.020168,0.100527
101,T101_UAV_16,BS_0,HAP_1,398.752756,398.559424,0.028174,0.015496,0.248311
101,T101_UAV_6,HAP_1,LEO_0,430.694294,430.646155,0.000689,0.005783,0.208334
101,T101_UAV_5,HAP_1,LEO_1,488.843382,488.641111,0.044263,0.017468,0.202696
101,T101_UAV_15,BS_3,HAP_2,979.350049,979.181657,0.031628,0.016658,0.100527
101,T101_UAV_11,BS_1,LEO_0,594.282246,594.228438,0.001154,0.010987,0.208334
101,T101_UAV_1,BS_3,HAP_1,632.330502,632.115461,0.02799,0.037389,0.248311
101,T101_UAV_14,BS_3,LEO_1,648.581922,648.385819,0.045918,0.009646,0.202696
101,T101_UAV_10,BS_4,HAP_2,1180.97135,1180.802066,0.031465,0.017713,0.100527
101,T101_UAV_7,BS_4,HAP_2,1779.659391,1779.492659,0.033351,0.013275,0.100527
101,T101_UAV_19,BS_2,HAP_2,1828.302499,1828.128329,0.035808,0.018257,0.100527
101,T101_UAV_2,HAP_1,HAP_0,236.885527,236.667647,0.026212,0.031662,0.300031
102,T102_UAV_11,BS_1,LEO_1,269.210192,269.162121,0.002583,0.008962,0.182631
102,T102_UAV_10,BS_4,LEO_0,389.934824,389.860591,0.000562,0.014423,0.296245
102,T102_UAV_16,BS_0,HAP_0,351.591021,351.42393,0.027264,0.011288,0.142694
102,T102_UAV_15,BS_3,HAP_1,316.390842,316.163869,0.027018,0.042505,0.287253
102,T102_UAV_7,BS_4,HAP_2,395.137806,394.921891,0.027431,0.01249,0.379971
102,T102_UAV_18,BS_1,LEO_0,448.392914,448.323155,0.000844,0.009665,0.296245
102,T102_UAV_19,BS_2,LEO_1,489.555375,489.51013,0.00461,0.00411,0.182631
102,T102_UAV_14,BS_3,LEO_1,552.21692,552.150326,0.004074,0.025994,0.182631
102,T102_UAV_3,BS_3,HAP_0,652.897422,652.714492,0.028819,0.025573,0.142694
102,T102_UAV_5,HAP_1,LEO_0,680.803079,680.735238,0.001038,0.007554,0.296245
102,T102_UAV_0,BS_0,HAP_1,528.531861,528.314469,0.02861,0.031332,0.287253
102,T102_UAV_8,BS_0,HAP_2,631.765765,631.529101,0.03089,0.02978,0.379971
102,T102_UAV_12,BS_0,BS_1,659.300307,659.033097,0.051159,0.042522,0.367647
102,T102_UAV_4,BS_1,BS_2,738.033222,737.725972,0.056075,0.069487,0.408444
102,T102_UAV_17,BS_1,LEO_1,746.752296,746.694899,0.006724,0.014147,0.182631
102,T102_UAV_1,BS_3,LEO_0,757.850042,757.77418,0.001098,0.015515,0.296245
102,T102_UAV_9,BS_3,HAP_0,1011.417916,1011.24313,0.031803,0.014443,0.142694
102,T102_UAV_6,HAP_1,BS_0,230.099345,229.87257,0.02435,0.036362,0.330314
103,T103_UAV_9,BS_3,LEO_1,215.736152,215.651203,0.002481,0.019309,0.315797
103,T103_UAV_13,BS_4,LEO_0,325.927321,325.721103,0.040479,0.015138,0.253004
103,T103_UAV_4,BS_1,HAP_0,592.066759,591.984682,0.002643,0.033707,0.228639
103,T103_UAV_6,HAP_1,HAP_2,419.940792,419.748959,0.028497,0.010048,0.266444
103,T103_UAV_15,BS_3,HAP_1,423.501212,423.275775,0.027706,0.036233,0.307488
103,T103_UAV_1,BS_3,LEO_1,487.972679,487.891333,0.004645,0.013542,0.315797
103,T103_UAV_2,HAP_1,LEO_0,667.596005,667.384252,0.040962,0.02019,0.253004
103,T103_UAV_11,BS_1,HAP_0,860.979622,860.922508,0.003888,0.007499,0.228639
103,T103_UAV_7,BS_4,LEO_0,829.323463,829.107294,0.041312,0.024256,0.253004
103,T103_UAV_8,BS_0,HAP_2,630.359395,630.148035,0.030887,0.027184,0.266444
103,T103_UAV_14,BS_3,BS_1,635.467095,635.19973,0.04967,0.058428,0.296336
103,T103_UAV_5,HAP_1,BS_0,656.523284,656.294068,0.050988,0.024076,0.270759
103,T103_UAV_12,BS_0,HAP_1,695.572837,695.367629,0.030392,0.013318,0.307488
103,T103_UAV_0,BS_0,LEO_1,756.032616,755.955551,0.00859,0.005316,0.315797
103,T103_UAV_10,BS_4,LEO_0,924.589452,924.390969,0.041331,0.006551,0.253004
103,T103_UAV_19,BS_2,HAP_0,1188.713039,1188.650626,0.006435,0.01025,0.228639
104,T104_UAV_16,BS_0,LEO_0,326.668924,326.614801,0.000649,0.01379,0.198416
104,T104_UAV_9,BS_3,LEO_1,323.39316,323.309009,0.005202,0.010459,0.342447
104,T104_UAV_18,BS_1,HAP_2,367.639907,367.578703,0.00271,0.019831,0.193316
104,T104_UAV_17,BS_1,HAP_0,674.918015,674.743151,0.028481,0.008669,0.188569
104,T104_UAV_10,BS_4,HAP_1,508.375609,508.142464,0.026964,0.046594,0.297941
104,T104_UAV_12,BS_0,LEO_0,648.691953,648.632218,0.001271,0.01878,0.198416
104,T104_UAV_4,BS_1,LEO_1,407.113755,407.028684,0.006566,0.010015,0.342447
104,T104_UAV_6,HAP_1,LEO_0,649.403409,649.342676,0.000957,0.020093,0.198416
104,T104_UAV_0,BS_0,HAP_2,554.946869,554.860271,0.005531,0.042404,0.193316
104,T104_UAV_8,BS_0,HAP_0,956.142351,955.958551,0.030859,0.015226,0.188569
104,T104_UAV_19,BS_2,HAP_1,774.04731,773.838922,0.030207,0.018593,0.297941
104,T104_UAV_5,HAP_1,LEO_0,913.372907,913.321164,0.001392,0.010667,0.198416
104,T104_UAV_13,BS_4,HAP_0,1189.31154,1189.105729,0.030511,0.037586,0.188569
105,T105_UAV_12,BS_0,LEO_0,232.966344,232.896683,0.000508,0.0055,0.318264
105,T105_UAV_17,BS_1,LEO_1,335.188107,334.992163,0.043003,0.013314,0.198139
105,T105_UAV_9,BS_3,HAP_0,386.329269,386.273463,0.002588,0.008596,0.223107
105,T105_UAV_3,BS_3,HAP_2,421.004631,420.921281,0.003307,0.020298,0.298725
105,T105_UAV_0,BS_0,HAP_1,347.061188,346.830237,0.027387,0.045634,0.289651
105,T105_UAV_11,BS_1,LEO_1,598.090334,597.897201,0.045746,0.007758,0.198139
105,T105_UAV_2,HAP_1,LEO_0,585.961526,585.879088,0.000918,0.017867,0.318264
105,T105_UAV_13,BS_4,HAP_0,674.146276,674.086266,0.003125,0.012263,0.223107
105,T105_UAV_16,BS_0,HAP_2,681.552862,681.478535,0.005452,0.00913,0.298725
105,T105_UAV_4,BS_1,HAP_1,467.692757,467.472421,0.027895,0.034511,0.289651
105,T105_UAV_19,BS_2,LEO_1,622.801368,622.608933,0.045873,0.006934,0.198139
105,T105_UAV_18,BS_1,LEO_0,632.986924,632.893662,0.001324,0.028285,0.318264
105,T105_UAV_14,BS_3,LEO_1,681.087428,680.892526,0.045006,0.010268,0.198139
105,T105_UAV_8,BS_0,BS_1,689.81783,689.578888,0.053067,0.019614,0.331306
105,T105_UAV_1,BS_3,HAP_0,997.814132,997.743155,0.005425,0.02093,0.223107
105,T105_UAV_6,HAP_1,HAP_2,1093.757095,1093.681482,0.007787,0.008081,0.298725
105,T105_UAV_5,HAP_1,BS_2,378.259447,378.014338,0.033604,0.035869,0.378177
106,T106_UAV_19,BS_2,LEO_0,245.642369,245.566427,0.000466,0.006577,0.344498
106,T106_UAV_10,BS_4,LEO_1,446.675743,446.469861,0.043306,0.016334,0.231207
106,T106_UAV_3,BS_3,HAP_2,586.370506,586.183368,0.029117,0.019683,0.191686
106,T106_UAV_13,BS_4,HAP_0,539.949521,539.888517,0.002503,0.005173,0.266638
106,T106_UAV_17,BS_1,HAP_1,392.096613,391.911121,0.027395,0.013263,0.224173
106,T106_UAV_14,BS_3,LEO_1,619.54191,619.330685,0.044549,0.020434,0.231207
106,T106_UAV_8,BS_0,LEO_0,526.026563,525.943677,0.001058,0.012928,0.344498
106,T106_UAV_1,BS_3,HAP_2,858.651525,858.459846,0.030841,0.022501,0.191686
106,T106_UAV_9,BS_3,LEO_0,574.606212,574.529784,0.001183,0.006346,0.344498
106,T106_UAV_7,BS_4,HAP_0,891.653498,891.570154,0.003027,0.026988,0.266638
106,T106_UAV_15,BS_3,HAP_1,677.967638,677.755768,0.029346,0.037689,0.224173
106,T106_UAV_18,BS_1,LEO_1,927.181038,926.976985,0.049371,0.008441,0.231207
106,T106_UAV_12,BS_0,BS_1,700.374347,700.141398,0.053727,0.016199,0.315117
106,T106_UAV_4,BS_1,BS_2,773.815669,773.543587,0.058312,0.025385,0.441926
106,T106_UAV_6,HAP_1,HAP_2,1113.078731,1112.870117,0.032152,0.038126,0.191686
106,T106_UAV_5,HAP_1,LEO_1,1003.003292,1002.791138,0.047085,0.018828,0.231207
106,T106_UAV_16,BS_0,HAP_2,1199.837917,1199.643769,0.033559,0.022251,0.191686
106,T106_UAV_2,HAP_1,HAP_0,469.234106,469.157558,0.002157,0.021063,0.266638
107,T107_UAV_7,BS_4,LEO_1,278.282431,278.210472,0.002874,0.026537,0.21274
107,T107_UAV_4,BS_1,LEO_0,795.075792,794.896492,0.041074,0.010775,0.137254
107,T107_UAV_13,BS_4,HAP_2,315.059702,314.86006,0.027402,0.021579,0.253303
107,T107_UAV_8,BS_0,LEO_0,1022.086351,1021.895426,0.04151,0.021965,0.137254
107,T107_UAV_17,BS_0,LEO_1,458.456017,458.396527,0.005143,0.011799,0.21274
107,T107_UAV_6,HAP_1,HAP_0,376.538979,376.438401,0.002667,0.025837,0.360373
107,T107_UAV_3,BS_3,HAP_1,378.712861,378.485259,0.027935,0.034485,0.32591
107,T107_UAV_1,BS_3,LEO_0,1334.059597,1333.877469,0.041628,0.01305,0.137254
107,T107_UAV_19,BS_2,LEO_1,587.489788,587.431871,0.006976,0.008393,0.21274
107,T107_UAV_9,BS_3,LEO_0,1392.921389,1392.734954,0.042092,0.016893,0.137254
107,T107_UAV_14,BS_3,HAP_2,787.278946,787.075986,0.032715,0.019585,0.253303
107,T107_UAV_12,BS_0,LEO_0,1724.304159,1724.11861,0.042718,0.01538,0.137254
107,T107_UAV_11,BS_1,LEO_0,1725.892975,1725.718656,0.042498,0.004371,0.137254
107,T107_UAV_15,BS_3,LEO_0,2066.314846,2066.12035,0.042894,0.024151,0.137254
107,T107_UAV_5,HAP_1,LEO_0,593.20995,593.026438,0.040754,0.015307,0.137254
108,T108_UAV_9,BS_3,LEO_1,380.87762,380.791774,0.004356,0.020838,0.303261
108,T108_UAV_1,BS_3,LEO_0,255.088658,254.834483,0.040454,0.024203,0.447591
108,T108_UAV_7,BS_4,HAP_0,502.169138,501.946346,0.026851,0.022099,0.369214
108,T108_UAV_6,HAP_1,HAP_2,298.518,298.315132,0.02847,0.009901,0.322483
108,T108_UAV_16,BS_0,HAP_1,611.589233,611.35784,0.029787,0.028458,0.365744
108,T108_UAV_2,HAP_1,LEO_1,626.574717,626.48463,0.005598,0.023836,0.303261
108,T108_UAV_11,BS_1,BS_4,1675.061746,1674.746063,0.114609,0.061769,0.196526
108,T108_UAV_8,BS_0,LEO_0,487.062472,486.807626,0.04114,0.024187,0.447591
108,T108_UAV_12,BS_0,HAP_0,743.971796,743.75973,0.030469,0.007753,0.369214
108,T108_UAV_10,BS_4,LEO_1,758.592129,758.516432,0.00695,0.008095,0.303261
108,T108_UAV_3,BS_3,HAP_1,766.727702,766.492737,0.029633,0.032182,0.365744
108,T108_UAV_18,BS_1,BS_4,2026.144051,2025.854336,0.136543,0.013867,0.196526
108,T108_UAV_5,HAP_1,BS_4,2798.265768,2797.877635,0.18477,0.064059,0.196526
108,T108_UAV_4,BS_1,BS_4,3122.024159,3121.618759,0.204994,0.061101,0.196526
109,T109_UAV_3,BS_3,LEO_1,299.670412,299.455075,0.043207,0.027093,0.225183
109,T109_UAV_19,BS_2,LEO_0,212.729688,212.502523,0.040468,0.009337,0.386796
109,T109_UAV_1,BS_3,HAP_2,1648.24993,1648.062938,0.033148,0.015587,0.191285
109,T109_UAV_12,BS_0,HAP_0,316.688909,316.623057,0.002335,0.019536,0.219906
109,T109_UAV_2,HAP_1,LEO_0,350.990911,350.754254,0.040623,0.018675,0.386796
109,T109_UAV_18,BS_1,HAP_1,386.5581,386.305137,0.028871,0.038834,0.426288
109,T109_UAV_0,BS_0,LEO_1,581.547886,581.341699,0.046648,0.014502,0.225183
109,T109_UAV_13,BS_4,HAP_2,2484.534689,2484.334997,0.036084,0.025351,0.191285
109,T109_UAV_8,BS_0,HAP_0,655.112301,655.036246,0.004667,0.027406,0.219906
109,T109_UAV_14,BS_3,LEO_1,657.292507,657.088741,0.045955,0.012775,0.225183
109,T109_UAV_17,BS_0,HAP_2,2633.177208,2632.971869,0.037211,0.029872,0.191285
109,T109_UAV_7,BS_4,HAP_2,2711.860914,2711.678744,0.03552,0.008394,0.191285
109,T109_UAV_15,BS_3,HAP_2,2783.517578,2783.33168,0.03971,0.007931,0.191285
109,T109_UAV_9,BS_3,HAP_2,2938.046163,2937.82648,0.040883,0.040543,0.191285
109,T109_UAV_16,BS_0,HAP_2,3085.318079,3085.127644,0.040754,0.011425,0.191285
109,T109_UAV_5,HAP_1,HAP_2,3379.402466,3379.184339,0.042496,0.037374,0.191285
109,T109_UAV_4,BS_1,HAP_2,3457.379265,3457.167535,0.039518,0.033954,0.191285
109,T109_UAV_10,HAP_1,HAP_2,4159.667922,4159.453251,0.043489,0.032925,0.191285
109,T109_UAV_6,HAP_1,HAP_2,1666.089144,1665.899165,0.032903,0.018819,0.191285
110,T110_UAV_7,BS_4,LEO_1,738.010308,737.960127,0.004145,0.007995,0.190204
110,T110_UAV_11,BS_1,LEO_0,428.465283,428.253076,0.04084,0.021518,0.249246
110,T110_UAV_2,HAP_1,HAP_0,469.574825,469.496031,0.002412,0.015919,0.302319
110,T110_UAV_18,BS_1,LEO_1,840.264355,840.204052,0.005636,0.016626,0.190204
110,T110_UAV_10,HAP_1,HAP_2,492.945856,492.708643,0.028746,0.012372,0.48047
110,T110_UAV_17,BS_0,HAP_1,530.899493,530.678996,0.028222,0.028529,0.318731
110,T110_UAV_0,BS_0,LEO_0,492.154973,491.919019,0.040979,0.045126,0.249246
110,T110_UAV_13,BS_4,LEO_1,1078.4625,1078.404889,0.006113,0.013457,0.190204
110,T110_UAV_3,BS_3,LEO_0,582.651838,582.433864,0.041022,0.027103,0.249246
110,T110_UAV_4,BS_1,HAP_0,601.209321,601.134509,0.002954,0.011393,0.302319
110,T110_UAV_1,BS_3,BS_1,1199.445994,1199.1845,0.084902,0.039017,0.187876
110,T110_UAV_15,BS_3,HAP_1,747.923791,747.670791,0.029813,0.059441,0.318731
110,T110_UAV_16,BS_0,HAP_2,775.38285,775.134008,0.032326,0.020422,0.48047
110,T110_UAV_12,BS_0,LEO_1,1415.760024,1415.703764,0.009444,0.008776,0.190204
110,T110_UAV_19,BS_2,LEO_1,1569.356159,1569.29883,0.009915,0.009372,0.190204
110,T110_UAV_14,BS_3,LEO_1,1575.898949,1575.836999,0.007936,0.015973,0.190204
110,T110_UAV_8,BS_0,BS_1,1416.395163,1416.130226,0.098454,0.028908,0.187876
110,T110_UAV_9,BS_3,LEO_1,1825.503813,1825.432104,0.011128,0.02254,0.190204
110,T110_UAV_5,HAP_1,BS_2,334.21032,333.969857,0.030853,0.020512,0.445492
111,T111_UAV_17,BS_0,LEO_0,542.287593,542.240041,0.000713,0.008778,0.190308
111,T111_UAV_14,BS_3,HAP_1,345.342895,345.118544,0.026463,0.044483,0.267026
111,T111_UAV_9,BS_3,LEO_1,308.680419,308.426473,0.04491,0.029851,0.395919
111,T111_UAV_11,BS_1,LEO_0,640.359977,640.298884,0.00093,0.022102,0.190308
111,T111_UAV_3,BS_3,LEO_0,720.16972,720.104899,0.000959,0.025801,0.190308
111,T111_UAV_7,BS_4,HAP_0,292.725765,292.634322,0.001266,0.022825,0.33676
111,T111_UAV_13,BS_4,HAP_2,306.466169,306.244606,0.02817,0.02019,0.366018
111,T111_UAV_0,BS_0,HAP_1,475.348488,475.151184,0.027883,0.016016,0.267026
111,T111_UAV_1,BS_3,LEO_0,727.927367,727.857318,0.00089,0.031098,0.190308
111,T111_UAV_19,BS_2,LEO_0,1092.859467,1092.788978,0.001553,0.030875,0.190308
111,T111_UAV_12,BS_0,HAP_1,934.843439,934.621007,0.031299,0.037728,0.267026
111,T111_UAV_4,BS_4,LEO_0,1575.251718,1575.173695,0.002126,0.037835,0.190308
111,T111_UAV_2,HAP_1,LEO_0,1600.466864,1600.398378,0.001952,0.028473,0.190308
111,T111_UAV_6,HAP_1,LEO_0,1850.309895,1850.25339,0.002283,0.01616,0.190308
111,T111_UAV_10,HAP_1,LEO_1,139.293181,139.053353,0.041743,0.018901,0.395919
112,T112_UAV_9,BS_3,LEO_0,166.206622,165.94366,0.040392,0.035174,0.436974
112,T112_UAV_3,BS_3,LEO_1,188.55692,188.315171,0.042817,0.030242,0.343447
112,T112_UAV_17,BS_0,HAP_0,696.23475,696.080389,0.028114,0.004306,0.109702
112,T112_UAV_18,BS_1,HAP_2,580.899159,580.68593,0.028329,0.036987,0.239567
112,T112_UAV_14,BS_3,HAP_1,232.409635,232.193669,0.026327,0.015653,0.369929
112,T112_UAV_8,BS_0,LEO_0,313.484306,313.227142,0.040732,0.029037,0.436974
112,T112_UAV_4,BS_4,HAP_0,931.534448,931.366971,0.028637,0.0169,0.109702
112,T112_UAV_12,BS_0,LEO_1,388.131248,387.88979,0.046939,0.02583,0.343447
112,T112_UAV_15,BS_3,HAP_2,1088.398258,1088.185959,0.033119,0.031267,0.239567
112,T112_UAV_5,HAP_1,BS_4,546.010852,545.770138,0.044084,0.046721,0.249547
112,T112_UAV_1,BS_3,HAP_0,1496.829311,1496.671286,0.032057,0.004028,0.109702
112,T112_UAV_19,BS_2,HAP_2,1228.933792,1228.730231,0.032856,0.022791,0.239567
112,T112_UAV_7,BS_4,HAP_0,1842.966728,1842.801061,0.030705,0.013022,0.109702
112,T112_UAV_11,BS_1,HAP_2,1588.227933,1588.026443,0.033668,0.019908,0.239567
112,T112_UAV_2,HAP_1,HAP_0,581.487339,581.331735,0.027359,0.006304,0.109702
113,T113_UAV_13,BS_4,LEO_1,729.578283,729.382392,0.043519,0.013249,0.195614
113,T113_UAV_19,BS_2,LEO_0,113.912499,113.664511,0.040338,0.031867,0.378916
113,T113_UAV_8,BS_0,LEO_1,928.143849,927.929369,0.044964,0.030393,0.195614
113,T113_UAV_15,BS_3,HAP_1,300.288576,300.056665,0.027525,0.032314,0.36036
113,T113_UAV_4,BS_4,LEO_1,1015.805211,1015.612183,0.045273,0.008632,0.195614
113,T113_UAV_5,HAP_1,HAP_0,359.346684,359.074833,0.028162,0.042365,0.50662
113,T113_UAV_18,BS_1,BS_2,1169.424886,1169.172723,0.083027,0.011932,0.286023
113,T113_UAV_11,BS_1,BS_4,876.503171,876.271641,0.06473,0.013084,0.268582
113,T113_UAV_7,BS_4,LEO_1,1295.573134,1295.37242,0.046214,0.015378,0.195614
113,T113_UAV_14,BS_3,LEO_1,1382.224189,1382.015609,0.045966,0.02349,0.195614
113,T113_UAV_0,BS_0,LEO_1,1489.318405,1489.114289,0.047753,0.01724,0.195614
113,T113_UAV_2,HAP_1,BS_2,1653.035373,1652.729604,0.113234,0.03533,0.286023
113,T113_UAV_1,BS_3,BS_4,1346.707929,1346.405045,0.094098,0.055069,0.268582
113,T113_UAV_12,BS_0,LEO_1,1868.231886,1868.019922,0.050535,0.022307,0.195614
113,T113_UAV_17,BS_0,LEO_1,2150.240589,2150.042062,0.050927,0.008477,0.195614
113,T113_UAV_16,BS_0,LEO_1,2158.037137,2157.838586,0.05207,0.007358,0.195614
113,T113_UAV_6,HAP_1,BS_2,681.293072,681.024787,0.052533,0.058548,0.286023
114,T114_UAV_18,BS_1,LEO_0,627.129319,626.918288,0.04093,0.019553,0.252739
114,T114_UAV_14,BS_3,LEO_1,175.294907,175.012467,0.042168,0.045252,0.475093
114,T114_UAV_19,BS_2,HAP_0,297.661044,297.402697,0.026851,0.049266,0.41115
114,T114_UAV_15,BS_3,HAP_1,179.808087,179.586206,0.026512,0.03364,0.308648
114,T114_UAV_7,BS_4,LEO_0,865.657113,865.415878,0.041103,0.049584,0.252739
114,T114_UAV_8,BS_0,HAP_2,209.528873,209.284254,0.027834,0.025107,0.458383
114,T114_UAV_9,BS_3,LEO_0,931.122448,930.886695,0.041337,0.043868,0.252739
114,T114_UAV_13,BS_4,LEO_1,365.504074,365.211477,0.045296,0.052283,0.475093
114,T114_UAV_1,BS_3,BS_1,1286.016493,1285.751486,0.090309,0.017072,0.288126
114,T114_UAV_12,BS_0,LEO_0,1491.494094,1491.27433,0.042294,0.026922,0.252739
114,T114_UAV_6,HAP_1,HAP_0,665.508102,665.281842,0.028778,0.015252,0.41115
114,T114_UAV_4,BS_4,LEO_0,1641.330669,1641.130029,0.042148,0.007945,0.252739
114,T114_UAV_11,BS_1,LEO_0,1648.420277,1648.20867,0.042323,0.018736,0.252739
114,T114_UAV_0,BS_0,BS_1,1748.39309,1748.080938,0.11919,0.035336,0.288126
114,T114_UAV_17,BS_0,LEO_0,1754.80567,1754.605721,0.042236,0.007165,0.252739
114,T114_UAV_3,BS_0,LEO_0,1776.360442,1776.156459,0.042304,0.011131,0.252739
114,T114_UAV_16,BS_0,LEO_0,1947.606483,1947.37987,0.042937,0.033128,0.252739
114,T114_UAV_10,HAP_1,BS_1,988.27061,988.009624,0.07171,0.031652,0.288126
115,T115_UAV_15,BS_3,HAP_0,840.460625,840.292522,0.028982,0.019909,0.096062
115,T115_UAV_3,BS_0,HAP_1,226.749459,226.514935,0.026382,0.051459,0.283411
115,T115_UAV_13,BS_4,HAP_2,758.546805,758.373742,0.029214,0.009227,0.173112
115,T115_UAV_16,BS_0,HAP_0,1345.220382,1345.048219,0.03129,0.02166,0.096062
115,T115_UAV_14,BS_3,HAP_1,337.982627,337.773361,0.026569,0.026015,0.283411
115,T115_UAV_8,BS_0,HAP_2,935.605861,935.395869,0.031159,0.04421,0.173112
115,T115_UAV_18,BS_1,HAP_0,1576.720785,1576.542421,0.031228,0.027923,0.096062
115,T115_UAV_1,BS_3,HAP_2,1067.027548,1066.82625,0.031726,0.03495,0.173112
115,T115_UAV_10,HAP_1,BS_4,1417.295132,1417.002974,0.098508,0.03771,0.279699
115,T115_UAV_7,BS_4,HAP_0,1604.58604,1604.420559,0.029589,0.016679,0.096062
115,T115_UAV_9,BS_3,HAP_0,1704.951295,1704.789257,0.033294,0.009531,0.096062
115,T115_UAV_19,BS_2,HAP_2,1738.713805,1738.492883,0.035329,0.05097,0.173112
115,T115_UAV_5,HAP_1,BS_4,1582.062075,1581.766036,0.108801,0.031297,0.279699
115,T115_UAV_0,BS_0,HAP_2,1858.670392,1858.444872,0.037795,0.053102,0.173112
115,T115_UAV_17,BS_0,HAP_0,2773.362948,2773.183532,0.03607,0.024133,0.096062
115,T115_UAV_4,BS_4,HAP_0,2912.404775,2912.214962,0.035257,0.035343,0.096062
115,T115_UAV_6,HAP_1,HAP_0,1199.610966,1199.446368,0.029729,0.015656,0.096062
116,T116_UAV_4,BS_4,LEO_0,218.332211,218.042334,0.040388,0.053654,0.479174
116,T116_UAV_11,BS_1,LEO_1,221.19917,220.943454,0.042688,0.041898,0.355648
116,T116_UAV_14,BS_3,HAP_1,878.710633,878.502466,0.028062,0.029799,0.251537
116,T116_UAV_7,BS_4,HAP_0,311.396403,311.15699,0.026152,0.023771,0.447451
116,T116_UAV_5,HAP_1,HAP_2,324.742396,324.495336,0.028138,0.013187,0.528676
116,T116_UAV_18,BS_1,LEO_0,362.205426,361.935724,0.040762,0.033105,0.479174
116,T116_UAV_1,BS_3,LEO_1,399.749524,399.499154,0.043788,0.035452,0.355648
116,T116_UAV_9,BS_3,HAP_1,1058.952347,1058.726803,0.02999,0.045246,0.251537
116,T116_UAV_15,BS_3,HAP_1,1163.307057,1163.080729,0.030196,0.045825,0.251537
116,T116_UAV_2,HAP_1,HAP_0,548.37442,548.123529,0.027815,0.033586,0.447451
116,T116_UAV_3,BS_0,LEO_0,603.496709,603.214629,0.041067,0.045179,0.479174
116,T116_UAV_16,BS_0,HAP_2,636.036637,635.752522,0.030944,0.047435,0.528676
116,T116_UAV_19,BS_2,HAP_1,1290.510992,1290.299083,0.03102,0.030581,0.251537
116,T116_UAV_17,BS_0,LEO_1,744.790157,744.558745,0.048277,0.012005,0.355648
116,T116_UAV_13,BS_4,HAP_1,1335.663512,1335.447771,0.030084,0.035349,0.251537
116,T116_UAV_8,BS_0,HAP_1,1503.448005,1503.237948,0.032225,0.027525,0.251537
116,T116_UAV_12,BS_0,HAP_1,1585.756789,1585.529067,0.033196,0.044219,0.251537
116,T116_UAV_10,HAP_1,BS_1,310.405005,310.157524,0.029365,0.050103,0.340066
117,T117_UAV_12,BS_0,LEO_0,346.963841,346.754734,0.040642,0.034268,0.170982
117,T117_UAV_8,BS_0,LEO_1,350.316763,350.099045,0.042796,0.035034,0.199438
117,T117_UAV_7,BS_4,LEO_0,364.683779,364.485707,0.04054,0.023335,0.170982
117,T117_UAV_0,BS_0,HAP_1,497.432698,497.223061,0.028059,0.031566,0.250063
117,T117_UAV_5,HAP_1,HAP_0,433.760488,433.508724,0.027901,0.046249,0.388076
117,T117_UAV_10,HAP_1,HAP_2,229.384424,229.140966,0.027388,0.041153,0.374583
117,T117_UAV_6,HAP_1,LEO_1,681.193612,680.962032,0.04403,0.047662,0.199438
117,T117_UAV_17,BS_0,LEO_0,723.713322,723.506992,0.04107,0.031063,0.170982
117,T117_UAV_1,BS_3,HAP_1,669.473463,669.254878,0.027849,0.040723,0.250063
117,T117_UAV_14,BS_3,LEO_1,788.063689,787.840695,0.044909,0.038197,0.199438
117,T117_UAV_13,BS_4,LEO_0,879.828756,879.62051,0.041217,0.032832,0.170982
117,T117_UAV_15,BS_3,BS_1,723.726765,723.487135,0.055185,0.030871,0.267866
117,T117_UAV_18,BS_1,HAP_0,763.516106,763.263574,0.029334,0.045584,0.388076
117,T117_UAV_2,HAP_1,LEO_1,1018.501074,1018.307586,0.04629,0.007311,0.199438
117,T117_UAV_16,BS_0,LEO_0,1040.369163,1040.18388,0.041863,0.009224,0.170982
117,T117_UAV_4,BS_4,HAP_1,1170.761759,1170.526451,0.031312,0.053983,0.250063
117,T117_UAV_3,BS_0,LEO_1,1216.742978,1216.532916,0.04894,0.021234,0.199438
118,T118_UAV_8,BS_0,LEO_1,281.185721,280.982042,0.042652,0.011308,0.248594
118,T118_UAV_9,BS_3,LEO_0,255.073613,254.830292,0.040509,0.032544,0.351339
118,T118_UAV_13,BS_4,HAP_0,364.88532,364.663235,0.026689,0.046998,0.241994
118,T118_UAV_7,BS_4,HAP_1,436.982975,436.800274,0.027008,0.010648,0.225228
118,T118_UAV_19,BS_2,HAP_2,469.586714,469.397239,0.028334,0.010209,0.254661
118,T118_UAV_16,BS_0,LEO_1,425.95351,425.728574,0.04423,0.030987,0.248594
118,T118_UAV_11,BS_1,LEO_0,333.276972,333.04502,0.040658,0.021027,0.351339
118,T118_UAV_15,BS_3,HAP_0,557.645901,557.432699,0.02857,0.036233,0.241994
118,T118_UAV_18,BS_1,HAP_1,668.084746,667.900192,0.029256,0.010253,0.225228
118,T118_UAV_12,BS_0,LEO_0,456.180364,455.940009,0.041017,0.029071,0.351339
118,T118_UAV_1,BS_3,HAP_2,721.048133,720.806878,0.030483,0.05984,0.254661
118,T118_UAV_10,HAP_1,LEO_1,680.952837,680.729042,0.044989,0.029088,0.248594
118,T118_UAV_2,HAP_1,BS_1,562.877692,562.614669,0.045136,0.044835,0.365264
118,T118_UAV_0,BS_0,BS_2,604.307103,604.036351,0.047723,0.036585,0.432215
118,T118_UAV_3,BS_0,BS_4,638.190903,637.914717,0.04984,0.057388,0.344792
118,T118_UAV_14,BS_3,BS_0,740.855063,740.589217,0.056254,0.039089,0.352516
118,T118_UAV_4,BS_4,LEO_1,877.067138,876.852384,0.048004,0.017031,0.248594
118,T118_UAV_17,BS_0,HAP_0,1051.432824,1051.243895,0.030376,0.010155,0.241994
118,T118_UAV_5,HAP_1,HAP_2,1058.586228,1058.385968,0.033575,0.015753,0.254661
118,T118_UAV_6,HAP_1,HAP_1,370.92702,370.741446,0.026129,0.014398,0.225228
119,T119_UAV_13,BS_4,LEO_1,300.819933,300.755635,0.002513,0.023259,0.19263
119,T119_UAV_15,BS_3,LEO_0,329.986444,329.807355,0.040568,0.010101,0.142099
119,T119_UAV_4,BS_4,HAP_0,300.58866,300.358118,0.026453,0.054005,0.25042
119,T119_UAV_17,BS_0,HAP_1,370.925335,370.681044,0.027214,0.060135,0.284704
119,T119_UAV_1,BS_3,HAP_2,371.602551,371.374906,0.028347,0.05708,0.211092
119,T119_UAV_8,BS_0,LEO_1,423.16073,423.110017,0.004,0.008187,0.19263
119,T119_UAV_11,BS_1,LEO_0,481.575009,481.384083,0.040863,0.021644,0.142099
119,T119_UAV_7,BS_4,HAP_0,379.61305,379.407281,0.026407,0.029277,0.25042
119,T119_UAV_19,BS_2,HAP_1,380.80149,380.600863,0.027629,0.016057,0.284704
119,T119_UAV_3,BS_0,LEO_1,580.122055,580.070342,0.005035,0.008153,0.19263
119,T119_UAV_10,HAP_1,LEO_0,782.398092,782.221022,0.041123,0.007528,0.142099
119,T119_UAV_0,BS_0,HAP_2,657.299145,657.093155,0.031672,0.032101,0.211092
119,T119_UAV_6,HAP_1,LEO_1,1040.970384,1040.899521,0.007179,0.025158,0.19263
119,T119_UAV_5,HAP_1,LEO_0,471.956668,471.777466,0.040719,0.010063,0.142099
120,T120_UAV_18,BS_1,LEO_1,284.225038,284.148948,0.003611,0.015656,0.284112
120,T120_UAV_14,BS_3,LEO_0,304.619806,304.434992,0.040504,0.022206,0.110524
120,T120_UAV_15,BS_3,HAP_0,315.281943,315.10149,0.027347,0.011547,0.207794
120,T120_UAV_1,BS_3,HAP_1,318.760144,318.518448,0.026501,0.042904,0.361459
120,T120_UAV_7,BS_4,HAP_2,390.930598,390.739822,0.027406,0.026663,0.183532
120,T120_UAV_16,BS_0,LEO_1,431.97202,431.891181,0.005395,0.018622,0.284112
120,T120_UAV_10,HAP_1,LEO_0,443.666314,443.489217,0.040689,0.014303,0.110524
120,T120_UAV_11,BS_1,HAP_0,447.438708,447.233737,0.02734,0.036072,0.207794
120,T120_UAV_8,BS_0,HAP_1,518.386428,518.141474,0.028707,0.043955,0.361459
120,T120_UAV_17,BS_0,LEO_0,550.416154,550.221749,0.040944,0.031357,0.110524
120,T120_UAV_12,BS_0,LEO_1,623.441952,623.351796,0.007978,0.025355,0.284112
120,T120_UAV_6,HAP_1,HAP_2,661.677546,661.493277,0.03067,0.016892,0.183532
120,T120_UAV_2,HAP_1,BS_1,705.901778,705.627925,0.05407,0.062304,0.287394
120,T120_UAV_9,BS_3,BS_2,714.137606,713.833447,0.054582,0.050654,0.494618
120,T120_UAV_5,HAP_1,BS_4,313.682488,313.421923,0.029569,0.017766,0.566155
121,T121_UAV_15,BS_3,LEO_0,518.00394,517.815329,0.040835,0.023409,0.121838
121,T121_UAV_7,BS_4,HAP_0,508.740211,508.539399,0.026739,0.031135,0.214688
121,T121_UAV_17,BS_0,LEO_1,510.087533,510.00038,0.005648,0.010241,0.356319
121,T121_UAV_2,HAP_1,HAP_2,538.535672,538.371687,0.028625,0.010431,0.124639
121,T121_UAV_4,BS_4,HAP_1,523.76683,523.556489,0.028195,0.011633,0.352562
121,T121_UAV_14,BS_3,LEO_0,711.696648,711.507976,0.041018,0.023287,0.121838
121,T121_UAV_12,BS_0,LEO_1,679.72245,679.613867,0.008705,0.028614,0.356319
121,T121_UAV_19,BS_2,LEO_0,789.847974,789.673332,0.041296,0.008978,0.121838
121,T121_UAV_3,BS_0,HAP_2,744.519493,744.339491,0.030841,0.024233,0.124639
121,T121_UAV_0,BS_0,HAP_0,927.979098,927.767859,0.031092,0.03721,0.214688
121,T121_UAV_8,BS_0,LEO_0,883.729229,883.557689,0.041497,0.005676,0.121838
121,T121_UAV_1,BS_3,HAP_1,743.511225,743.264074,0.028504,0.048134,0.352562
121,T121_UAV_11,BS_1,LEO_1,784.350913,784.256097,0.009613,0.013939,0.356319
121,T121_UAV_13,BS_4,HAP_0,945.932209,945.752727,0.029383,0.007162,0.214688
121,T121_UAV_6,HAP_1,HAP_2,947.078617,946.910419,0.0319,0.01137,0.124639
121,T121_UAV_9,BS_3,LEO_0,1284.43824,1284.241828,0.042158,0.029886,0.121838
121,T121_UAV_10,HAP_1,BS_1,319.559056,319.353193,0.02994,0.015375,0.302742
122,T122_UAV_8,BS_0,LEO_1,500.403434,500.208889,0.043496,0.021585,0.147323
122,T122_UAV_2,HAP_1,LEO_0,267.199178,266.979484,0.040417,0.025073,0.271023
122,T122_UAV_17,BS_0,HAP_0,595.405681,595.221532,0.027805,0.017336,0.195045
122,T122_UAV_3,BS_0,HAP_1,371.393389,371.189618,0.027292,0.022878,0.268004
122,T122_UAV_19,BS_2,HAP_2,200.07782,199.865928,0.02731,0.040123,0.222297
122,T122_UAV_1,BS_3,LEO_1,625.407621,625.221573,0.043609,0.012974,0.147323
122,T122_UAV_6,HAP_1,LEO_0,475.158275,474.918066,0.040756,0.045249,0.271023
122,T122_UAV_14,BS_3,HAP_0,638.207606,638.021473,0.028427,0.018697,0.195045
122,T122_UAV_12,BS_0,LEO_1,803.165073,802.963886,0.046018,0.025705,0.147323
122,T122_UAV_0,BS_0,HAP_1,604.107835,603.858604,0.029342,0.066288,0.268004
122,T122_UAV_11,BS_1,LEO_0,693.187094,692.954646,0.041375,0.036868,0.271023
122,T122_UAV_13,BS_4,LEO_1,1207.643175,1207.452056,0.047545,0.014109,0.147323
122,T122_UAV_7,BS_4,HAP_0,1221.250836,1221.076923,0.028957,0.005947,0.195045
122,T122_UAV_9,BS_3,LEO_1,1241.341994,1241.139747,0.048307,0.024474,0.147323
122,T122_UAV_18,BS_1,HAP_0,1296.908991,1296.706874,0.03098,0.032128,0.195045
122,T122_UAV_5,HAP_1,LEO_1,488.951156,488.768988,0.042616,0.010087,0.147323
123,T123_UAV_17,BS_0,LEO_0,227.330175,227.128584,0.040388,0.00773,0.267364
123,T123_UAV_12,BS_0,LEO_1,200.234029,200.009841,0.043604,0.022869,0.288573
123,T123_UAV_7,BS_4,HAP_0,434.819275,434.636662,0.026617,0.013437,0.2128
123,T123_UAV_16,BS_0,HAP_2,220.725811,220.525644,0.027879,0.021571,0.25358
123,T123_UAV_1,BS_3,BS_4,1692.444576,1692.140871,0.115696,0.057598,0.152055
123,T123_UAV_18,BS_1,HAP_1,720.329765,720.106078,0.030273,0.027627,0.328932
123,T123_UAV_13,BS_4,LEO_0,613.27648,613.061118,0.040974,0.020915,0.267364
123,T123_UAV_6,HAP_1,LEO_1,429.949205,429.713197,0.044989,0.033304,0.288573
123,T123_UAV_11,BS_1,HAP_0,664.161313,663.980929,0.028498,0.009325,0.2128
123,T123_UAV_14,BS_3,BS_4,2324.185734,2323.867639,0.155159,0.032525,0.152055
123,T123_UAV_2,HAP_1,LEO_0,707.603531,707.370271,0.041105,0.038682,0.267364
123,T123_UAV_19,BS_2,HAP_1,725.842512,725.58061,0.03005,0.066066,0.328932
123,T123_UAV_3,BS_0,BS_4,2554.178745,2553.804305,0.169523,0.074505,0.152055
123,T123_UAV_8,BS_0,BS_4,3270.964956,3270.572867,0.214299,0.047379,0.152055
123,T123_UAV_10,HAP_1,BS_4,4792.534897,4792.080491,0.309345,0.014649,0.152055
123,T123_UAV_9,BS_3,BS_4,4806.192644,4805.741352,0.310199,0.010682,0.152055
123,T123_UAV_5,HAP_1,BS_4,5085.595541,5085.121772,0.327651,0.015707,0.152055
124,T124_UAV_17,BS_0,LEO_0,646.61237,646.548624,0.000871,0.023679,0.195981
124,T124_UAV_8,BS_0,LEO_1,411.703073,411.485409,0.044858,0.015216,0.287951
124,T124_UAV_19,BS_2,LEO_0,649.498424,649.430944,0.000971,0.027312,0.195981
124,T124_UAV_7,BS_4,HAP_0,456.262635,456.19945,0.0017,0.009685,0.259002
124,T124_UAV_13,BS_4,HAP_1,237.742167,237.506625,0.026527,0.029347,0.398336
124,T124_UAV_15,BS_3,HAP_2,511.669716,511.601468,0.005246,0.021088,0.209569
124,T124_UAV_2,HAP_1,LEO_0,649.830144,649.770608,0.000814,0.019526,0.195981
124,T124_UAV_9,BS_3,LEO_1,622.498043,622.285289,0.046982,0.008181,0.287951
124,T124_UAV_12,BS_0,LEO_0,728.228111,728.155241,0.001225,0.032449,0.195981
124,T124_UAV_18,BS_1,LEO_0,822.560178,822.509693,0.001301,0.009987,0.195981
124,T124_UAV_16,BS_0,HAP_0,676.735049,676.650411,0.004799,0.028039,0.259002
124,T124_UAV_3,BS_0,HAP_2,745.574259,745.517008,0.006963,0.008375,0.209569
124,T124_UAV_11,BS_1,LEO_1,783.332485,783.094261,0.049615,0.031018,0.287951
124,T124_UAV_14,BS_3,LEO_0,1119.919771,1119.867412,0.001468,0.011694,0.195981
124,T124_UAV_4,BS_4,LEO_0,1458.647024,1458.582832,0.002027,0.022969,0.195981
124,T124_UAV_10,HAP_1,BS_1,218.661829,218.452331,0.023636,0.040145,0.22858
125,T125_UAV_1,BS_3,LEO_1,589.251612,589.200678,0.003079,0.0084,0.197276
125,T125_UAV_16,BS_0,LEO_0,189.972623,189.731698,0.040466,0.024081,0.381885
125,T125_UAV_9,BS_3,HAP_0,598.43573,598.355867,0.003531,0.016891,0.297207
125,T125_UAV_2,HAP_1,HAP_2,622.607499,622.516679,0.0038,0.027485,0.297675
125,T125_UAV_12,BS_0,HAP_1,161.638457,161.42802,0.026782,0.017624,0.330157
125,T125_UAV_4,BS_4,LEO_1,722.665873,722.603245,0.004403,0.018769,0.197276
125,T125_UAV_13,BS_4,HAP_0,748.985667,748.916657,0.003229,0.006341,0.297207
125,T125_UAV_15,BS_3,LEO_1,880.682898,880.619408,0.005136,0.018899,0.197276
125,T125_UAV_3,BS_0,HAP_2,764.600006,764.516165,0.00537,0.018936,0.297675
125,T125_UAV_11,BS_1,LEO_0,472.377157,472.14807,0.041094,0.011615,0.381885
125,T125_UAV_7,BS_4,LEO_1,1275.015101,1274.951102,0.00721,0.017335,0.197276
125,T125_UAV_0,BS_0,HAP_0,1114.20096,1114.104153,0.006682,0.030684,0.297207
125,T125_UAV_17,BS_0,LEO_1,1279.58003,1279.499953,0.007582,0.03304,0.197276
125,T125_UAV_10,HAP_1,HAP_2,1338.508449,1338.434596,0.008101,0.006217,0.297675
125,T125_UAV_8,BS_0,LEO_1,1613.684364,1613.613663,0.010128,0.021118,0.197276
125,T125_UAV_18,BS_1,HAP_0,1403.138862,1403.045015,0.006433,0.027972,0.297207
125,T125_UAV_19,BS_2,HAP_2,1581.082457,1580.989075,0.010165,0.023682,0.297675
125,T125_UAV_6,HAP_1,LEO_1,689.257007,689.181281,0.003287,0.032984,0.197276
126,T126_UAV_8,BS_0,LEO_0,292.53714,292.277155,0.040588,0.044473,0.374624
126,T126_UAV_15,BS_3,LEO_1,591.683032,591.468956,0.044345,0.014872,0.274296
126,T126_UAV_4,BS_4,HAP_0,611.690521,611.491409,0.027637,0.01469,0.283928
126,T126_UAV_0,BS_0,HAP_1,645.31988,645.087233,0.02905,0.05033,0.266335
126,T126_UAV_19,BS_2,HAP_2,490.318647,490.058005,0.029106,0.041249,0.451435
126,T126_UAV_10,HAP_1,LEO_1,702.174012,701.943587,0.044372,0.031194,0.274296
126,T126_UAV_11,BS_1,LEO_0,513.189128,512.919689,0.041022,0.053492,0.374624
126,T126_UAV_17,BS_0,HAP_0,800.977946,800.758991,0.029074,0.033095,0.283928
126,T126_UAV_1,BS_3,HAP_1,809.539283,809.305468,0.028441,0.052107,0.266335
126,T126_UAV_16,BS_0,LEO_1,1014.576462,1014.356674,0.048433,0.016496,0.274296
126,T126_UAV_2,HAP_1,BS_2,613.210667,612.986328,0.048283,0.023885,0.260856
126,T126_UAV_13,BS_4,LEO_0,658.313054,658.048815,0.041044,0.04827,0.374624
126,T126_UAV_3,BS_0,HAP_2,795.417023,795.185869,0.032422,0.008445,0.451435
126,T126_UAV_14,BS_3,LEO_1,1057.766417,1057.537551,0.046542,0.027466,0.274296
126,T126_UAV_9,BS_3,HAP_0,1002.098449,1001.884735,0.031498,0.02543,0.283928
126,T126_UAV_12,BS_0,HAP_1,1184.44798,1184.229427,0.033172,0.032113,0.266335
126,T126_UAV_5,HAP_1,LEO_1,1264.655925,1264.429203,0.04762,0.024243,0.274296
127,T127_UAV_15,BS_3,LEO_1,268.170053,268.110949,0.002901,0.007437,0.243829
127,T127_UAV_0,BS_0,LEO_0,287.203057,287.011741,0.040593,0.010193,0.202648
127,T127_UAV_8,BS_0,HAP_0,410.697728,410.521426,0.028001,0.006945,0.20678
127,T127_UAV_9,BS_3,HAP_1,459.675601,459.462843,0.028122,0.01772,0.334577
127,T127_UAV_3,BS_0,HAP_2,484.286487,484.063063,0.029517,0.034926,0.294905
127,T127_UAV_5,HAP_1,LEO_1,588.417068,588.35426,0.005102,0.00894,0.243829
127,T127_UAV_4,BS_4,LEO_0,590.270377,590.069875,0.041046,0.018925,0.202648
127,T127_UAV_1,BS_3,HAP_0,597.715842,597.535345,0.028719,0.010423,0.20678
127,T127_UAV_17,BS_0,LEO_1,633.80051,633.706761,0.006978,0.038006,0.243829
127,T127_UAV_2,HAP_1,LEO_0,669.256475,669.048199,0.041044,0.026703,0.202648
127,T127_UAV_19,BS_2,HAP_1,737.136586,736.923065,0.030165,0.01644,0.334577
127,T127_UAV_11,BS_1,HAP_2,745.800804,745.601162,0.030223,0.010438,0.294905
127,T127_UAV_7,BS_4,BS_1,765.115126,764.853404,0.057769,0.03872,0.326166
127,T127_UAV_10,HAP_1,BS_2,260.583074,260.356439,0.026254,0.017653,0.413641
128,T128_UAV_12,BS_0,LEO_0,527.808846,527.750247,0.001078,0.01827,0.196257
128,T128_UAV_7,BS_4,LEO_1,583.365439,583.151849,0.046085,0.016433,0.25536
128,T128_UAV_18,BS_1,HAP_0,463.204955,463.016124,0.02756,0.021919,0.196759
128,T128_UAV_13,BS_4,LEO_0,620.321344,620.262436,0.000907,0.01875,0.196257
128,T128_UAV_4,BS_4,HAP_1,641.532175,641.300176,0.02889,0.046456,0.283261
128,T128_UAV_2,HAP_1,HAP_2,672.801209,672.737636,0.005295,0.01126,0.235093
128,T128_UAV_10,HAP_1,LEO_1,674.099074,673.885838,0.04605,0.016114,0.25536
128,T128_UAV_6,HAP_1,LEO_0,778.902722,778.843764,0.001144,0.018562,0.196257
128,T128_UAV_11,BS_1,HAP_0,586.15505,585.967193,0.028122,0.020383,0.196759
128,T128_UAV_3,BS_0,HAP_1,683.651933,683.450293,0.029262,0.015726,0.283261
128,T128_UAV_15,BS_3,HAP_2,698.293113,698.200935,0.007204,0.037954,0.235093
128,T128_UAV_9,BS_3,LEO_1,775.469844,775.234479,0.048661,0.035633,0.25536
128,T128_UAV_5,HAP_1,LEO_0,381.317488,381.249122,0.000582,0.028533,0.196257
129,T129_UAV_3,BS_0,LEO_0,202.342782,202.275928,0.000365,0.011223,0.27633
129,T129_UAV_9,BS_3,LEO_1,219.109231,218.905744,0.042437,0.019141,0.209541
129,T129_UAV_11,BS_1,HAP_0,318.301462,318.087716,0.026698,0.034815,0.261167
129,T129_UAV_12,BS_0,HAP_1,349.569865,349.343047,0.027834,0.043038,0.279726
129,T129_UAV_15,BS_3,HAP_2,369.523559,369.314166,0.028812,0.034691,0.229452
129,T129_UAV_17,BS_0,LEO_0,395.514507,395.432479,0.000671,0.02609,0.27633
129,T129_UAV_2,HAP_1,LEO_1,402.123001,401.900763,0.043567,0.036763,0.209541
129,T129_UAV_8,BS_0,LEO_0,447.359435,447.297169,0.000902,0.006098,0.27633
129,T129_UAV_19,BS_2,HAP_0,464.50575,464.319754,0.027942,0.00582,0.261167
129,T129_UAV_6,HAP_1,HAP_2,471.689081,471.507346,0.029101,0.006744,0.229452
129,T129_UAV_14,HAP_1,LEO_1,527.384092,527.172875,0.044689,0.024619,0.209541
129,T129_UAV_5,HAP_1,BS_1,557.88842,557.587508,0.044822,0.063373,0.463584
129,T129_UAV_4,BS_4,HAP_1,722.215463,721.979602,0.029376,0.050539,0.279726
129,T129_UAV_18,BS_1,BS_0,737.709049,737.429831,0.056056,0.064286,0.294376
130,T130_UAV_9,BS_3,LEO_0,301.556627,301.462367,0.000589,0.024823,0.344244
130,T130_UAV_12,BS_0,LEO_1,318.54143,318.472226,0.004108,0.020147,0.224742
130,T130_UAV_19,BS_2,HAP_1,660.26641,660.045943,0.028679,0.057603,0.170924
130,T130_UAV_11,BS_1,HAP_0,979.255776,979.064714,0.029339,0.024342,0.186906
130,T130_UAV_5,HAP_1,HAP_2,297.73054,297.64769,0.004119,0.033282,0.227244
130,T130_UAV_15,BS_3,LEO_0,639.014424,638.922374,0.001227,0.021974,0.344244
130,T130_UAV_8,BS_0,LEO_1,703.053516,702.993683,0.008279,0.006606,0.224742
130,T130_UAV_4,BS_4,HAP_1,1110.940002,1110.718838,0.030461,0.056518,0.170924
130,T130_UAV_13,BS_4,HAP_0,1219.952539,1219.767211,0.030257,0.017689,0.186906
130,T130_UAV_3,BS_0,LEO_1,735.15991,735.091177,0.00806,0.015726,0.224742
130,T130_UAV_10,HAP_1,HAP_0,1434.154799,1433.950049,0.031126,0.036244,0.186906
130,T130_UAV_1,BS_3,HAP_1,1472.207666,1472.010903,0.03085,0.031728,0.170924
130,T130_UAV_7,BS_4,HAP_1,1492.79653,1492.59066,0.031452,0.040233,0.170924
130,T130_UAV_14,HAP_1,HAP_0,1555.611853,1555.429312,0.033307,0.011853,0.186906
130,T130_UAV_6,HAP_1,LEO_0,244.917726,244.826376,0.00039,0.022111,0.344244
131,T131_UAV_17,BS_0,LEO_0,343.214148,343.01835,0.040532,0.021268,0.16999
131,T131_UAV_19,BS_2,LEO_1,279.001222,278.921956,0.003392,0.017326,0.292742
131,T131_UAV_0,BS_0,HAP_0,280.016446,279.822562,0.027176,0.019626,0.235408
131,T131_UAV_14,HAP_1,HAP_2,395.558046,395.371175,0.028812,0.015122,0.214682
131,T131_UAV_3,BS_0,HAP_1,607.486283,607.278131,0.02834,0.041162,0.193254
131,T131_UAV_11,BS_1,LEO_0,643.892139,643.692696,0.041169,0.024276,0.16999
131,T131_UAV_10,HAP_1,LEO_1,566.478157,566.391166,0.005076,0.023367,0.292742
131,T131_UAV_12,BS_0,LEO_0,798.709025,798.503664,0.041638,0.029725,0.16999
131,T131_UAV_1,BS_3,HAP_1,933.934841,933.736853,0.028968,0.03037,0.193254
131,T131_UAV_9,BS_3,HAP_0,638.851548,638.644956,0.029769,0.02974,0.235408
131,T131_UAV_5,HAP_1,LEO_1,767.315993,767.232075,0.006645,0.018725,0.292742
131,T131_UAV_16,BS_0,HAP_2,791.141673,790.960908,0.032204,0.005625,0.214682
131,T131_UAV_15,BS_3,LEO_0,869.615678,869.430219,0.04152,0.009942,0.16999
131,T131_UAV_7,BS_4,HAP_1,1187.434199,1187.229486,0.030524,0.035538,0.193254
131,T131_UAV_6,HAP_1,BS_3,369.950168,369.746589,0.033088,0.016482,0.270051
132,T132_UAV_13,BS_4,LEO_0,208.695629,208.478111,0.040329,0.024991,0.26099
132,T132_UAV_19,BS_2,LEO_1,209.129506,209.041499,0.002545,0.017849,0.338065
132,T132_UAV_17,BS_0,HAP_1,617.260677,617.059589,0.027942,0.033382,0.19882
132,T132_UAV_7,BS_4,HAP_0,372.598672,372.387438,0.026393,0.038668,0.230864
132,T132_UAV_14,HAP_1,HAP_2,431.113053,431.058294,0.004158,0.009548,0.205262
132,T132_UAV_8,BS_0,LEO_0,437.530358,437.324582,0.040882,0.012696,0.26099
132,T132_UAV_11,BS_1,LEO_1,494.62932,494.545092,0.00612,0.010495,0.338065
132,T132_UAV_12,BS_0,HAP_1,747.890818,747.664596,0.029703,0.056755,0.19882
132,T132_UAV_10,HAP_1,HAP_0,543.950275,543.754112,0.027797,0.022193,0.230864
132,T132_UAV_1,BS_3,LEO_0,602.363646,602.157127,0.04095,0.01337,0.26099
132,T132_UAV_6,HAP_1,LEO_1,766.961427,766.881954,0.006485,0.005374,0.338065
132,T132_UAV_3,BS_0,HAP_2,767.80108,767.721146,0.007169,0.031713,0.205262
132,T132_UAV_5,HAP_1,BS_1,783.665904,783.386408,0.058927,0.052554,0.340076
132,T132_UAV_18,BS_1,HAP_1,1166.334034,1166.120873,0.031625,0.041771,0.19882
132,T132_UAV_2,HAP_1,HAP_1,674.447067,674.252283,0.027094,0.027927,0.19882
133,T133_UAV_8,BS_0,LEO_0,211.651917,211.45352,0.040426,0.012454,0.227584
133,T133_UAV_11,BS_1,LEO_1,649.905156,649.696746,0.044722,0.026861,0.184131
133,T133_UAV_4,BS_4,HAP_0,339.684268,339.625976,0.001607,0.015212,0.207362
133,T133_UAV_2,HAP_1,HAP_2,372.203713,372.11886,0.00293,0.021977,0.299728
133,T133_UAV_10,HAP_1,LEO_1,665.586767,665.390137,0.043651,0.016152,0.184131
133,T133_UAV_17,BS_0,HAP_1,497.949787,497.86391,0.002904,0.034569,0.24202
133,T133_UAV_16,BS_0,LEO_0,528.594136,528.399809,0.04109,0.007721,0.227584
133,T133_UAV_19,BS_2,LEO_1,728.952807,728.747253,0.045222,0.023505,0.184131
133,T133_UAV_14,HAP_1,LEO_1,789.305128,789.098953,0.044301,0.025048,0.184131
133,T133_UAV_7,BS_4,HAP_0,604.082454,604.024929,0.002264,0.013789,0.207362
133,T133_UAV_18,BS_1,HAP_1,658.572122,658.478649,0.004742,0.040327,0.24202
133,T133_UAV_0,BS_0,LEO_1,898.373502,898.179837,0.046263,0.010576,0.184131
133,T133_UAV_13,BS_4,LEO_0,769.668206,769.47663,0.041216,0.004844,0.227584
133,T133_UAV_1,BS_3,LEO_1,1583.784169,1583.58314,0.049124,0.015079,0.184131
133,T133_UAV_5,HAP_1,HAP_2,298.030086,297.95266,0.002882,0.014598,0.299728
134,T134_UAV_19,BS_2,LEO_0,252.422779,252.349593,0.00058,0.028492,0.220567
134,T134_UAV_18,BS_1,HAP_2,925.975638,925.783686,0.029589,0.024134,0.191145
134,T134_UAV_15,BS_3,LEO_1,416.363822,416.140793,0.046269,0.009175,0.337922
134,T134_UAV_4,BS_4,HAP_0,298.96371,298.760611,0.026723,0.025964,0.252062
134,T134_UAV_11,BS_1,HAP_1,391.721444,391.458724,0.028673,0.038766,0.476404
134,T134_UAV_9,BS_3,HAP_2,1410.514567,1410.32702,0.034086,0.015232,0.191145
134,T134_UAV_10,HAP_1,LEO_0,504.042507,503.966524,0.000887,0.030983,0.220567
134,T134_UAV_17,BS_0,LEO_1,526.497327,526.268912,0.048021,0.01281,0.337922
134,T134_UAV_1,BS_3,HAP_2,1536.919703,1536.730662,0.034157,0.016656,0.191145
134,T134_UAV_8,BS_0,HAP_2,1547.637269,1547.443247,0.034797,0.020996,0.191145
134,T134_UAV_7,BS_4,HAP_2,1684.554457,1684.374913,0.032546,0.00877,0.191145
134,T134_UAV_6,HAP_1,HAP_2,697.780518,697.600247,0.02906,0.012982,0.191145
135,T135_UAV_11,BS_1,LEO_1,207.794468,207.578516,0.042567,0.021156,0.261141
135,T135_UAV_9,BS_3,LEO_0,261.023968,260.948484,0.000504,0.012101,0.314398
135,T135_UAV_3,BS_0,HAP_0,243.127819,243.06885,0.00165,0.010461,0.234286
135,T135_UAV_16,BS_0,HAP_1,298.331681,298.085596,0.02718,0.040045,0.394307
135,T135_UAV_15,BS_3,HAP_2,307.209748,306.96583,0.028197,0.027036,0.443424
135,T135_UAV_5,HAP_1,LEO_0,372.143021,372.075539,0.000618,0.003984,0.314398
135,T135_UAV_19,BS_2,LEO_1,394.807225,394.58782,0.044809,0.022368,0.261141
135,T135_UAV_0,BS_0,BS_3,716.786679,716.557568,0.054752,0.040226,0.170661
135,T135_UAV_6,HAP_1,LEO_0,422.596604,422.514165,0.000674,0.018885,0.314398
135,T135_UAV_7,BS_4,HAP_0,522.75609,522.696481,0.001962,0.01079,0.234286
135,T135_UAV_4,BS_4,HAP_1,540.615689,540.392993,0.028257,0.015577,0.394307
135,T135_UAV_8,BS_0,HAP_2,576.758079,576.517978,0.030683,0.020733,0.443424
135,T135_UAV_10,HAP_1,LEO_1,607.201987,606.995751,0.045413,0.008595,0.261141
135,T135_UAV_12,BS_0,BS_4,662.208965,661.982125,0.051343,0.016596,0.294505
135,T135_UAV_2,HAP_1,BS_3,471.923154,471.696814,0.039456,0.052751,0.170661
136,T136_UAV_18,BS_1,LEO_1,476.079716,476.030085,0.003495,0.008082,0.19027
136,T136_UAV_13,BS_4,HAP_0,445.250071,445.07768,0.027062,0.004871,0.202287
136,T136_UAV_8,BS_0,LEO_0,179.120503,179.02869,0.000577,0.015655,0.377903
136,T136_UAV_2,HAP_1,LEO_1,719.136666,719.079449,0.003924,0.015239,0.19027
136,T136_UAV_1,BS_3,HAP_1,851.316751,851.06826,0.028614,0.063101,0.283879
136,T136_UAV_10,HAP_1,LEO_1,837.977696,837.919705,0.004591,0.015345,0.19027
136,T136_UAV_14,HAP_1,HAP_0,801.353164,801.176943,0.029651,0.006113,0.202287
136,T136_UAV_7,BS_4,HAP_1,907.939143,907.742589,0.029242,0.010536,0.283879
136,T136_UAV_17,BS_0,BS_1,616.802409,616.572352,0.048507,0.02752,0.27015
136,T136_UAV_19,BS_2,LEO_1,1050.799293,1050.724433,0.007556,0.02925,0.19027
136,T136_UAV_3,BS_0,HAP_0,1072.193528,1072.007467,0.031337,0.014267,0.202287
136,T136_UAV_6,HAP_1,LEO_1,1340.765562,1340.705091,0.007013,0.015404,0.19027
136,T136_UAV_4,BS_4,HAP_1,1128.29896,1128.096305,0.030992,0.014888,0.283879
136,T136_UAV_5,HAP_1,LEO_1,632.355854,632.302938,0.003375,0.011487,0.19027
137,T137_UAV_2,HAP_1,LEO_0,302.102867,301.892559,0.040468,0.024238,0.228007
137,T137_UAV_8,BS_0,LEO_1,382.815819,382.571932,0.044476,0.031973,0.337192
137,T137_UAV_4,BS_4,HAP_0,388.515006,388.339566,0.026824,0.004947,0.218348
137,T137_UAV_9,BS_3,HAP_1,536.815171,536.616447,0.028561,0.026194,0.219839
137,T137_UAV_17,BS_0,HAP_2,556.325539,556.099538,0.0295,0.021196,0.376529
137,T137_UAV_10,HAP_1,LEO_0,486.282779,486.071415,0.040755,0.025007,0.228007
137,T137_UAV_15,BS_3,LEO_1,622.783338,622.558047,0.046727,0.011125,0.337192
137,T137_UAV_6,HAP_1,HAP_0,693.414728,693.221635,0.029128,0.020295,0.218348
137,T137_UAV_11,BS_1,HAP_1,747.447145,747.219684,0.030295,0.053197,0.219839
137,T137_UAV_16,BS_0,LEO_0,766.762153,766.57078,0.041563,0.004208,0.228007
137,T137_UAV_12,BS_0,HAP_2,792.098719,791.8707,0.032882,0.019832,0.376529
137,T137_UAV_5,HAP_1,LEO_1,242.500522,242.284942,0.042089,0.006053,0.337192
138,T138_UAV_0,BS_0,LEO_0,291.604,291.539477,0.000561,0.012288,0.258369
138,T138_UAV_16,BS_0,LEO_1,296.334732,296.114409,0.042871,0.0259,0.257757
138,T138_UAV_12,BS_0,HAP_2,384.989249,384.826797,0.028199,0.012932,0.106602
138,T138_UAV_17,BS_0,HAP_0,408.070706,408.002764,0.002063,0.014928,0.254754
138,T138_UAV_13,BS_4,HAP_1,456.26803,456.03693,0.027326,0.042575,0.305993
138,T138_UAV_11,BS_1,LEO_0,492.129617,492.066379,0.0009,0.010664,0.258369
138,T138_UAV_4,BS_4,HAP_2,390.740964,390.557441,0.027298,0.034905,0.106602
138,T138_UAV_14,HAP_1,LEO_1,552.670638,552.46536,0.043945,0.009781,0.257757
138,T138_UAV_18,BS_1,LEO_0,629.715363,629.646074,0.001163,0.016452,0.258369
138,T138_UAV_9,BS_3,HAP_0,759.776967,759.713526,0.004841,0.00765,0.254754
138,T138_UAV_15,BS_3,LEO_1,716.628606,716.413114,0.046198,0.017742,0.257757
138,T138_UAV_8,BS_0,HAP_1,552.991408,552.758089,0.028945,0.043175,0.305993
138,T138_UAV_6,HAP_1,BS_1,569.751801,569.503897,0.045566,0.033921,0.342084
138,T138_UAV_10,HAP_1,BS_4,569.104488,568.894823,0.045528,0.017343,0.233967
138,T138_UAV_19,BS_2,HAP_2,722.284683,722.12742,0.030178,0.005764,0.106602
138,T138_UAV_5,HAP_1,BS_2,751.954501,751.662131,0.056945,0.047546,0.439393
138,T138_UAV_1,BS_3,LEO_0,764.244367,764.171543,0.001112,0.020038,0.258369
138,T138_UAV_3,BS_0,LEO_1,932.974974,932.739762,0.048238,0.035422,0.257757
138,T138_UAV_2,HAP_1,HAP_0,554.789342,554.711557,0.002559,0.024275,0.254754
139,T139_UAV_15,BS_3,LEO_1,296.031815,295.966977,0.002563,0.015473,0.234009
139,T139_UAV_16,BS_0,LEO_0,294.023462,293.798205,0.040595,0.023597,0.305324
139,T139_UAV_7,BS_4,HAP_0,391.095632,390.921747,0.026352,0.004964,0.212844
139,T139_UAV_11,BS_1,HAP_1,326.535719,326.314327,0.027318,0.041177,0.264489
139,T139_UAV_13,BS_4,HAP_2,351.792773,351.579205,0.0277,0.017299,0.342843
139,T139_UAV_17,BS_0,LEO_1,496.536255,496.460662,0.004323,0.024469,0.234009
139,T139_UAV_0,BS_0,LEO_0,450.320535,450.10856,0.040961,0.009949,0.305324
139,T139_UAV_6,HAP_1,HAP_0,740.422119,740.224731,0.028905,0.025915,0.212844
139,T139_UAV_10,HAP_1,LEO_0,615.113206,614.893459,0.040956,0.017726,0.305324
139,T139_UAV_12,BS_0,HAP_1,616.67937,616.454224,0.030093,0.042155,0.264489
139,T139_UAV_4,BS_4,LEO_1,822.718627,822.646932,0.007447,0.017447,0.234009
139,T139_UAV_8,BS_0,BS_1,629.217159,629.005713,0.049283,0.010732,0.25715
139,T139_UAV_18,BS_1,HAP_2,637.789209,637.578728,0.029464,0.012448,0.342843
139,T139_UAV_3,BS_0,BS_2,787.44445,787.189054,0.059165,0.023048,0.365918
139,T139_UAV_5,HAP_1,LEO_1,852.659726,852.568286,0.005973,0.038665,0.234009
139,T139_UAV_2,HAP_1,HAP_0,1188.829874,1188.630076,0.030483,0.026747,0.212844
139,T139_UAV_14,HAP_1,BS_4,252.265206,251.97196,0.02573,0.069343,0.490863
140,T140_UAV_12,BS_0,LEO_0,297.762897,297.688123,0.000621,0.028083,0.230352
140,T140_UAV_17,BS_0,LEO_1,411.839338,411.76578,0.003582,0.015,0.27488
140,T140_UAV_4,BS_4,HAP_0,353.259546,353.20054,0.001652,0.009308,0.240224
140,T140_UAV_5,HAP_1,HAP_2,440.026416,439.840773,0.029249,0.015627,0.203836
140,T140_UAV_19,BS_2,HAP_1,499.279226,499.014285,0.028577,0.072441,0.319613
140,T140_UAV_18,BS_1,LEO_0,642.941218,642.877122,0.001184,0.016843,0.230352
140,T140_UAV_10,HAP_1,LEO_1,707.368549,707.294387,0.005086,0.0141,0.27488
140,T140_UAV_8,BS_0,LEO_0,708.304924,708.251354,0.001301,0.006199,0.230352
140,T140_UAV_11,BS_1,HAP_0,549.651317,549.584933,0.00301,0.015328,0.240224
140,T140_UAV_6,HAP_1,LEO_1,753.87763,753.789415,0.005162,0.028077,0.27488
140,T140_UAV_9,BS_3,HAP_1,583.701094,583.45377,0.028845,0.054556,0.319613
140,T140_UAV_0,BS_0,HAP_2,583.22422,583.018722,0.031084,0.033647,0.203836
140,T140_UAV_2,HAP_1,BS_1,638.310938,638.0154,0.049846,0.058258,0.437171
140,T140_UAV_13,BS_4,BS_2,693.024532,692.74248,0.053265,0.042039,0.433744
140,T140_UAV_1,BS_3,BS_4,762.305206,762.073055,0.057596,0.011598,0.314787
140,T140_UAV_15,BS_3,BS_0,766.743035,766.496993,0.057872,0.017864,0.351531
140,T140_UAV_7,BS_4,BS_3,778.284867,778.025682,0.058592,0.013623,0.434852
140,T140_UAV_16,BS_0,LEO_0,867.659161,867.587446,0.00159,0.024054,0.230352
140,T140_UAV_14,HAP_1,LEO_1,353.904182,353.831715,0.002525,0.014966,0.27488
141,T141_UAV_18,BS_1,LEO_0,455.901992,455.710071,0.040778,0.013322,0.189106
141,T141_UAV_16,BS_0,LEO_1,191.607448,191.519228,0.003273,0.018061,0.334424
141,T141_UAV_13,BS_4,HAP_0,503.934173,503.749923,0.027334,0.01876,0.190777
141,T141_UAV_9,BS_3,HAP_2,567.174878,567.10452,0.004733,0.029352,0.181365
141,T141_UAV_10,HAP_1,LEO_0,658.392539,658.206772,0.040891,0.007055,0.189106
141,T141_UAV_4,BS_4,HAP_1,674.000073,673.716872,0.029041,0.077607,0.382769
141,T141_UAV_19,BS_2,LEO_1,465.359939,465.268827,0.008033,0.016194,0.334424
141,T141_UAV_17,BS_0,HAP_0,776.290957,776.103218,0.028915,0.020669,0.190777
141,T141_UAV_1,BS_3,LEO_0,883.750617,883.564418,0.04121,0.007167,0.189106
141,T141_UAV_11,BS_1,HAP_2,932.575132,932.522398,0.005768,0.010694,0.181365
141,T141_UAV_6,HAP_1,BS_1,660.836037,660.623727,0.051258,0.026929,0.170614
141,T141_UAV_0,BS_0,HAP_1,719.916047,719.69407,0.030425,0.014999,0.382769
141,T141_UAV_7,BS_4,LEO_0,1123.985381,1123.792209,0.041665,0.013687,0.189106
141,T141_UAV_8,BS_0,HAP_0,1041.82867,1041.649729,0.031708,0.009077,0.190777
141,T141_UAV_12,BS_0,HAP_2,1123.405698,1123.340386,0.009393,0.019646,0.181365
141,T141_UAV_5,HAP_1,LEO_0,421.961316,421.774975,0.040604,0.007915,0.189106
142,T142_UAV_11,BS_1,LEO_0,337.210068,337.023688,0.040575,0.005991,0.19907
142,T142_UAV_16,BS_0,LEO_1,515.62924,515.423556,0.044977,0.005836,0.274358
142,T142_UAV_2,HAP_1,LEO_0,557.442779,557.235647,0.040754,0.026564,0.19907
142,T142_UAV_19,BS_2,HAP_0,677.938802,677.871525,0.003824,0.012293,0.255802
142,T142_UAV_12,BS_0,HAP_1,540.163984,539.947223,0.029485,0.037661,0.248084
142,T142_UAV_17,BS_0,HAP_2,567.69574,567.493938,0.029591,0.01914,0.265353
142,T142_UAV_5,HAP_1,LEO_1,810.108406,809.902324,0.045664,0.005546,0.274358
142,T142_UAV_8,BS_0,HAP_0,925.123611,925.061155,0.005968,0.005328,0.255802
142,T142_UAV_18,BS_1,LEO_0,1072.162276,1071.9516,0.041829,0.029033,0.19907
142,T142_UAV_9,BS_3,HAP_1,653.933608,653.705514,0.029288,0.04919,0.248084
142,T142_UAV_0,BS_0,BS_1,649.43075,649.188439,0.050544,0.054016,0.188759
142,T142_UAV_7,BS_4,HAP_2,659.333336,659.137343,0.029065,0.013858,0.265353
142,T142_UAV_1,BS_3,LEO_1,882.619976,882.390361,0.046716,0.028027,0.274358
142,T142_UAV_3,BS_0,BS_2,746.29713,745.974947,0.05659,0.077505,0.440444
142,T142_UAV_4,BS_4,LEO_0,1239.616297,1239.427892,0.041874,0.006717,0.19907
142,T142_UAV_10,HAP_1,LEO_1,1013.483299,1013.269046,0.047269,0.012112,0.274358
142,T142_UAV_14,HAP_1,HAP_0,1164.905513,1164.828052,0.006735,0.019565,0.255802
142,T142_UAV_6,HAP_1,LEO_0,526.081272,525.887885,0.040728,0.012845,0.19907
143,T143_UAV_8,BS_0,LEO_1,217.04499,216.980566,0.002533,0.021102,0.20395
143,T143_UAV_4,BS_4,LEO_0,224.691974,224.494345,0.040395,0.014097,0.215686
143,T143_UAV_6,HAP_1,HAP_0,279.611375,279.534416,0.001686,0.013954,0.306596
143,T143_UAV_13,BS_4,HAP_1,298.775973,298.54138,0.026515,0.053002,0.275379
143,T143_UAV_3,BS_0,HAP_2,347.168801,347.0987,0.003241,0.025831,0.205143
143,T143_UAV_11,BS_1,BS_3,1170.390606,1170.137681,0.083087,0.033157,0.183403
143,T143_UAV_15,BS_3,LEO_0,380.563202,380.366713,0.040747,0.012605,0.215686
143,T143_UAV_16,BS_0,LEO_1,400.758612,400.702664,0.004862,0.010296,0.20395
143,T143_UAV_17,BS_0,HAP_1,419.443177,419.23407,0.027399,0.026631,0.275379
143,T143_UAV_9,BS_3,HAP_0,518.931113,518.859348,0.0038,0.006646,0.306596
143,T143_UAV_7,BS_4,BS_3,1478.383431,1478.132652,0.102327,0.011771,0.183403
143,T143_UAV_18,BS_1,LEO_0,609.579721,609.364878,0.041231,0.030474,0.215686
143,T143_UAV_12,BS_0,LEO_1,767.989077,767.921319,0.010005,0.016963,0.20395
143,T143_UAV_10,HAP_1,HAP_2,790.582895,790.509621,0.006327,0.025918,0.205143
143,T143_UAV_0,BS_0,BS_3,2951.00832,2950.65997,0.194314,0.017355,0.183403
143,T143_UAV_5,HAP_1,BS_3,3618.219095,3617.820119,0.235991,0.026305,0.183403
143,T143_UAV_14,HAP_1,BS_3,3665.079604,3664.685702,0.238918,0.018303,0.183403
143,T143_UAV_2,HAP_1,BS_1,223.226229,223.01221,0.023921,0.044035,0.230312
144,T144_UAV_9,BS_3,LEO_0,256.069589,255.842762,0.040483,0.025352,0.304954
144,T144_UAV_18,BS_1,LEO_1,396.506768,396.286266,0.043905,0.030861,0.228686
144,T144_UAV_19,BS_2,HAP_0,632.821287,632.642784,0.028279,0.012503,0.188604
144,T144_UAV_1,BS_3,HAP_2,768.800548,768.60726,0.030276,0.025425,0.187935
144,T144_UAV_4,BS_4,HAP_1,446.078636,445.850724,0.027666,0.041318,0.294637
144,T144_UAV_14,HAP_1,LEO_0,464.524359,464.289139,0.040755,0.033474,0.304954
144,T144_UAV_7,BS_4,LEO_1,669.209544,669.013457,0.045646,0.004703,0.228686
144,T144_UAV_16,BS_0,HAP_0,1053.437149,1053.251052,0.03066,0.017717,0.188604
144,T144_UAV_8,BS_0,HAP_1,583.444779,583.229572,0.029161,0.027119,0.294637
144,T144_UAV_0,BS_0,HAP_2,1201.551225,1201.37377,0.034212,0.005656,0.187935
144,T144_UAV_15,BS_3,LEO_1,911.127412,910.906751,0.047882,0.027042,0.228686
144,T144_UAV_17,BS_0,BS_1,772.082098,771.865321,0.058207,0.008772,0.248986
144,T144_UAV_13,BS_4,LEO_0,784.69358,784.464662,0.041232,0.026695,0.304954
144,T144_UAV_10,HAP_1,BS_2,787.080683,786.796458,0.05914,0.033317,0.458839
144,T144_UAV_6,HAP_1,HAP_0,1445.614046,1445.432149,0.032091,0.012085,0.188604
144,T144_UAV_2,HAP_1,HAP_2,1452.231402,1452.047734,0.033875,0.012207,0.187935
144,T144_UAV_12,BS_0,HAP_0,1577.155074,1576.973267,0.034704,0.009382,0.188604
144,T144_UAV_11,BS_1,HAP_2,1588.00265,1587.821743,0.033978,0.009342,0.187935
144,T144_UAV_5,HAP_1,LEO_1,387.68098,387.487116,0.042706,0.00542,0.228686
145,T145_UAV_0,BS_0,LEO_1,204.546959,204.481967,0.002448,0.013439,0.245527
145,T145_UAV_13,BS_4,LEO_0,257.372123,257.154228,0.040403,0.026307,0.25592
145,T145_UAV_8,BS_0,HAP_0,337.755027,337.525139,0.027536,0.026974,0.376889
145,T145_UAV_17,BS_0,LEO_1,277.096608,277.017598,0.002995,0.026909,0.245527
145,T145_UAV_1,BS_3,HAP_1,455.699539,455.483041,0.027139,0.022459,0.3345
145,T145_UAV_3,BS_0,HAP_2,509.980824,509.754148,0.029756,0.022961,0.369794
145,T145_UAV_18,BS_1,LEO_0,512.071764,511.858547,0.04103,0.021003,0.25592
145,T145_UAV_10,HAP_1,HAP_0,517.749431,517.520525,0.027732,0.025796,0.376889
145,T145_UAV_14,HAP_1,LEO_0,532.842778,532.64077,0.040866,0.009957,0.25592
145,T145_UAV_2,HAP_1,LEO_1,535.983496,535.923431,0.004748,0.006212,0.245527
145,T145_UAV_12,BS_0,HAP_1,544.386387,544.146729,0.029543,0.043214,0.3345
145,T145_UAV_9,BS_3,HAP_2,634.186822,633.956791,0.031311,0.024762,0.369794
145,T145_UAV_6,HAP_1,BS_2,627.295375,627.038329,0.04916,0.053076,0.274046
145,T145_UAV_7,BS_4,BS_1,649.652552,649.351376,0.050554,0.029383,0.606196
145,T145_UAV_5,HAP_1,BS_4,749.494139,749.223302,0.056793,0.052368,0.308381
146,T146_UAV_4,BS_4,LEO_0,601.703435,601.633657,0.000803,0.032251,0.183622
146,T146_UAV_8,BS_0,LEO_1,509.867461,509.800996,0.004737,0.008941,0.263938
146,T146_UAV_1,BS_3,HAP_0,391.623128,391.397347,0.02745,0.035299,0.315161
146,T146_UAV_16,BS_0,HAP_1,616.692837,616.46285,0.028799,0.042028,0.295804
146,T146_UAV_5,HAP_1,LEO_0,991.203595,991.151581,0.001262,0.014028,0.183622
146,T146_UAV_14,HAP_1,HAP_2,264.470125,264.266461,0.028599,0.015004,0.300301
146,T146_UAV_13,BS_4,LEO_1,734.897147,734.819477,0.006061,0.018822,0.263938
146,T146_UAV_9,BS_3,LEO_0,1183.855014,1183.792269,0.001665,0.024356,0.183622
146,T146_UAV_12,BS_0,HAP_1,829.935799,829.678808,0.030907,0.066923,0.295804
146,T146_UAV_18,BS_1,LEO_1,809.144984,809.065041,0.00797,0.019185,0.263938
146,T146_UAV_10,HAP_1,HAP_0,646.375572,646.17704,0.028419,0.007082,0.315161
146,T146_UAV_3,BS_0,LEO_0,1512.867642,1512.813307,0.002085,0.015525,0.183622
146,T146_UAV_19,BS_2,BS_3,757.039362,756.823179,0.057268,0.013261,0.228268
146,T146_UAV_15,BS_3,LEO_0,1643.309028,1643.255944,0.002397,0.013963,0.183622
146,T146_UAV_17,BS_0,LEO_1,1055.943184,1055.860992,0.009132,0.020272,0.263938
146,T146_UAV_7,BS_4,LEO_0,1686.385947,1686.325509,0.00221,0.021504,0.183622
146,T146_UAV_2,HAP_1,LEO_0,1763.723739,1763.679191,0.002137,0.005687,0.183622
146,T146_UAV_0,BS_0,LEO_0,2108.951846,2108.903999,0.00328,0.007843,0.183622
146,T146_UAV_6,HAP_1,HAP_1,538.191453,537.956769,0.026716,0.048808,0.295804
147,T147_UAV_16,BS_0,LEO_1,323.564414,323.468576,0.003904,0.018028,0.369523
147,T147_UAV_7,BS_4,LEO_0,364.112617,363.87016,0.040626,0.021129,0.403514
147,T147_UAV_19,BS_2,HAP_0,349.965103,349.889523,0.002268,0.023698,0.248073
147,T147_UAV_1,BS_3,HAP_1,385.705851,385.484336,0.026809,0.014349,0.401781
147,T147_UAV_8,BS_0,HAP_2,419.274862,419.067564,0.029214,0.024336,0.268739
147,T147_UAV_0,BS_0,LEO_0,581.116351,580.868792,0.041247,0.025609,0.403514
147,T147_UAV_10,HAP_1,LEO_1,593.243535,593.150558,0.005234,0.013838,0.369523
147,T147_UAV_13,BS_4,HAP_0,423.88992,423.818424,0.002198,0.019684,0.248073
147,T147_UAV_2,HAP_1,HAP_2,540.204578,539.994944,0.029254,0.026632,0.268739
147,T147_UAV_11,BS_1,HAP_1,625.801633,625.578345,0.029505,0.013426,0.401781
147,T147_UAV_12,BS_0,LEO_0,640.715327,640.486713,0.04151,0.006401,0.403514
147,T147_UAV_14,HAP_1,LEO_1,677.100083,677.004357,0.005925,0.015896,0.369523
147,T147_UAV_17,BS_0,BS_1,684.952828,684.661873,0.05276,0.054589,0.418029
147,T147_UAV_18,BS_1,BS_2,769.425105,769.151698,0.058038,0.026902,0.442336
147,T147_UAV_9,BS_3,BS_4,787.497657,787.230015,0.059167,0.052794,0.278403
147,T147_UAV_4,BS_4,BS_0,789.802625,789.502968,0.059309,0.068852,0.35748
147,T147_UAV_6,HAP_1,BS_3,255.122982,254.883572,0.025912,0.052642,0.304279
148,T148_UAV_16,BS_0,LEO_1,274.467021,274.277845,0.042628,0.015798,0.153753
148,T148_UAV_6,HAP_1,LEO_0,297.183729,296.957594,0.040438,0.02996,0.278686
148,T148_UAV_17,BS_0,HAP_0,250.280016,250.199444,0.001418,0.020328,0.294124
148,T148_UAV_18,BS_1,HAP_1,264.321178,264.107804,0.02685,0.054237,0.161437
148,T148_UAV_13,BS_4,HAP_2,363.806444,363.733974,0.002802,0.030211,0.197283
148,T148_UAV_14,HAP_1,LEO_1,491.841391,491.658048,0.04348,0.009112,0.153753
148,T148_UAV_12,BS_0,LEO_0,610.498983,610.291999,0.041289,0.009958,0.278686
148,T148_UAV_5,HAP_1,HAP_0,470.143644,470.053374,0.003139,0.028306,0.294124
148,T148_UAV_11,BS_1,HAP_1,522.226231,522.049435,0.028765,0.015743,0.161437
148,T148_UAV_4,BS_4,LEO_0,750.175928,749.970617,0.041208,0.008366,0.278686
148,T148_UAV_19,BS_2,HAP_2,595.277141,595.212421,0.005051,0.020213,0.197283
148,T148_UAV_3,BS_0,LEO_1,822.479157,822.288962,0.04733,0.012114,0.153753
148,T148_UAV_10,HAP_1,LEO_0,955.620906,955.395503,0.041374,0.028293,0.278686
148,T148_UAV_2,HAP_1,LEO_1,288.650432,288.463834,0.042065,0.013782,0.153753
149,T149_UAV_12,BS_0,LEO_0,379.689381,379.609352,0.000804,0.031874,0.236756
149,T149_UAV_7,BS_4,LEO_1,305.766988,305.562376,0.043221,0.016943,0.22224
149,T149_UAV_17,BS_0,HAP_0,358.39655,358.212508,0.027027,0.006642,0.251868
149,T149_UAV_9,BS_3,HAP_1,358.625403,358.382368,0.02731,0.047634,0.340456
149,T149_UAV_1,BS_3,HAP_2,358.505873,358.418374,0.003262,0.019042,0.325976
149,T149_UAV_4,BS_4,LEO_0,497.558977,497.477735,0.000802,0.033089,0.236756
149,T149_UAV_11,BS_1,LEO_1,439.054161,438.839831,0.045503,0.024379,0.22224
149,T149_UAV_10,HAP_1,LEO_0,592.993259,592.922135,0.000853,0.02292,0.236756
149,T149_UAV_18,BS_1,HAP_0,493.155126,492.941989,0.027589,0.035174,0.251868
149,T149_UAV_6,HAP_1,LEO_1,558.551118,558.356175,0.04469,0.005806,0.22224
149,T149_UAV_3,BS_0,BS_4,643.476146,643.24906,0.050173,0.035008,0.20952
149,T149_UAV_0,BS_0,HAP_1,687.324827,687.108711,0.030186,0.017839,0.340456
149,T149_UAV_16,BS_0,HAP_2,749.790701,749.713369,0.006623,0.005514,0.325976
149,T149_UAV_19,BS_2,BS_1,780.278188,780.005503,0.058716,0.044844,0.345622
149,T149_UAV_8,BS_0,BS_2,791.765896,791.479042,0.059433,0.039042,0.441894
149,T149_UAV_2,HAP_1,LEO_0,857.175011,857.089186,0.001236,0.037238,0.236756
150,T150_UAV_3,BS_0,LEO_1,345.57369,345.377127,0.04308,0.006657,0.234128
150,T150_UAV_12,BS_0,LEO_0,386.813987,386.713949,0.000918,0.037472,0.308243
150,T150_UAV_2,HAP_1,HAP_0,482.477467,482.402014,0.002229,0.027196,0.230139
150,T150_UAV_4,BS_4,HAP_1,496.955261,496.705924,0.027955,0.03963,0.408762
150,T150_UAV_0,BS_0,HAP_2,539.816837,539.720391,0.005561,0.02143,0.347274
150,T150_UAV_7,BS_4,LEO_1,694.880256,694.674148,0.04588,0.013403,0.234128
150,T150_UAV_16,BS_0,LEO_0,749.589084,749.492912,0.001475,0.033049,0.308243
150,T150_UAV_18,BS_1,HAP_0,813.300669,813.221388,0.003812,0.029442,0.230139
150,T150_UAV_17,BS_0,LEO_1,802.419434,802.20979,0.046906,0.015913,0.234128
150,T150_UAV_1,BS_3,LEO_0,764.82849,764.759395,0.001204,0.006243,0.308243
150,T150_UAV_11,BS_1,HAP_1,791.189667,790.927908,0.030725,0.049282,0.408762
150,T150_UAV_13,BS_4,LEO_1,846.17194,845.960793,0.046959,0.017363,0.234128
150,T150_UAV_15,BS_3,HAP_0,1065.480118,1065.405299,0.007175,0.021616,0.230139
150,T150_UAV_14,HAP_1,HAP_2,277.588636,277.493278,0.002647,0.023256,0.347274
151,T151_UAV_1,BS_3,LEO_0,247.744811,247.673109,0.00039,0.004612,0.333497
151,T151_UAV_17,BS_0,LEO_1,263.590779,263.384598,0.043937,0.013587,0.243288
151,T151_UAV_12,BS_0,HAP_0,418.210573,418.007958,0.028368,0.019438,0.274045
151,T151_UAV_6,HAP_1,HAP_2,999.992667,999.824677,0.031826,0.015346,0.104083
151,T151_UAV_16,BS_0,HAP_1,300.796687,300.555065,0.027805,0.032935,0.404404
151,T151_UAV_2,HAP_1,LEO_0,583.058872,582.984259,0.000913,0.007001,0.333497
151,T151_UAV_3,BS_0,LEO_1,462.752071,462.531005,0.047225,0.025182,0.243288
151,T151_UAV_9,BS_3,HAP_2,1026.882836,1026.71225,0.032556,0.017214,0.104083
151,T151_UAV_19,BS_2,BS_1,652.050161,651.827765,0.050709,0.032101,0.197937
151,T151_UAV_15,BS_3,HAP_0,739.516516,739.315167,0.030817,0.015723,0.274045
151,T151_UAV_5,HAP_1,LEO_0,775.508163,775.419146,0.001288,0.02103,0.333497
151,T151_UAV_11,BS_1,HAP_2,1488.90346,1488.733598,0.033485,0.015561,0.104083
151,T151_UAV_18,BS_1,HAP_2,1490.45538,1490.281927,0.033147,0.01949,0.104083
152,T152_UAV_5,HAP_1,LEO_0,584.453581,584.267952,0.040798,0.022368,0.112312
152,T152_UAV_19,BS_2,LEO_1,466.597213,466.371283,0.044598,0.032162,0.245849
152,T152_UAV_13,BS_4,HAP_0,420.189772,420.117077,0.002179,0.023649,0.234336
152,T152_UAV_0,BS_0,HAP_1,444.992452,444.697972,0.028357,0.083127,0.414978
152,T152_UAV_8,BS_0,LEO_0,727.407587,727.23143,0.041182,0.012513,0.112312
152,T152_UAV_6,HAP_1,HAP_2,502.854932,502.650916,0.02954,0.015365,0.295561
152,T152_UAV_2,HAP_1,LEO_1,713.205768,712.983833,0.045103,0.027662,0.245849
152,T152_UAV_4,BS_4,LEO_0,942.165443,941.989372,0.041352,0.012256,0.112312
152,T152_UAV_16,BS_0,HAP_0,577.985105,577.925241,0.00382,0.009177,0.234336
152,T152_UAV_12,BS_0,HAP_1,588.767572,588.515448,0.029975,0.039153,0.414978
152,T152_UAV_10,HAP_1,LEO_1,879.293901,879.073052,0.046248,0.02543,0.245849
152,T152_UAV_1,BS_3,HAP_2,703.354865,703.151992,0.0314,0.012361,0.295561
152,T152_UAV_7,BS_4,BS_1,740.26487,739.99751,0.056217,0.046493,0.323255
152,T152_UAV_3,BS_0,LEO_0,1161.043836,1160.867715,0.041736,0.011923,0.112312
152,T152_UAV_17,BS_0,LEO_0,1185.976705,1185.800496,0.041599,0.012148,0.112312
152,T152_UAV_11,BS_1,LEO_1,998.16652,997.955453,0.049978,0.011919,0.245849
152,T152_UAV_18,BS_1,LEO_0,1297.019868,1296.841414,0.042068,0.013923,0.112312
152,T152_UAV_14,HAP_1,BS_2,224.803412,224.506873,0.024015,0.080248,0.461382
153,T153_UAV_13,BS_4,LEO_0,362.403295,362.206651,0.040522,0.007643,0.242398
153,T153_UAV_19,BS_2,LEO_1,482.838443,482.777109,0.004771,0.005403,0.255799
153,T153_UAV_8,BS_0,HAP_0,433.359854,433.149473,0.028297,0.030965,0.255594
153,T153_UAV_2,HAP_1,HAP_2,446.813941,446.6228,0.02852,0.018669,0.219757
153,T153_UAV_16,BS_0,HAP_1,472.229613,472.020176,0.028297,0.036476,0.223317
153,T153_UAV_15,BS_3,LEO_0,630.792677,630.594102,0.041138,0.008958,0.242398
153,T153_UAV_12,BS_0,LEO_1,631.529848,631.449789,0.006574,0.022325,0.255799
153,T153_UAV_11,BS_1,HAP_0,489.148324,488.932428,0.027753,0.037024,0.255594
153,T153_UAV_5,HAP_1,LEO_0,692.019428,691.822672,0.041055,0.007222,0.242398
153,T153_UAV_6,HAP_1,LEO_1,721.444033,721.361753,0.004921,0.026199,0.255799
153,T153_UAV_4,BS_4,HAP_1,570.974384,570.787612,0.028387,0.013721,0.223317
153,T153_UAV_10,HAP_1,HAP_2,577.654901,577.457582,0.029689,0.02368,0.219757
153,T153_UAV_17,BS_0,BS_1,736.834829,736.566943,0.056002,0.049678,0.311029
153,T153_UAV_1,BS_3,BS_2,767.571904,767.329493,0.057924,0.011132,0.366774
153,T153_UAV_14,HAP_1,BS_4,797.110258,796.807767,0.059766,0.060642,0.410417
153,T153_UAV_7,BS_4,LEO_0,831.004077,830.779013,0.041311,0.035274,0.242398
153,T153_UAV_0,BS_0,LEO_1,830.996954,830.921699,0.007971,0.016124,0.255799
154,T154_UAV_18,BS_1,LEO_0,275.673298,275.597525,0.000498,0.031077,0.220992
154,T154_UAV_11,BS_1,LEO_1,283.469674,283.400617,0.003576,0.00486,0.303107
154,T154_UAV_1,BS_3,HAP_0,728.00053,727.940286,0.003308,0.018426,0.192552
154,T154_UAV_15,BS_3,HAP_2,278.742042,278.676564,0.002976,0.018861,0.218204
154,T154_UAV_12,BS_0,HAP_1,161.188818,160.979593,0.026892,0.01404,0.341463
154,T154_UAV_16,BS_0,LEO_0,505.968738,505.903177,0.000894,0.020469,0.220992
154,T154_UAV_17,BS_0,HAP_0,893.175545,893.101321,0.003744,0.03197,0.192552
154,T154_UAV_13,BS_4,LEO_1,512.115589,512.030318,0.005239,0.01941,0.303107
154,T154_UAV_5,HAP_1,LEO_0,744.438871,744.369563,0.001136,0.023973,0.220992
154,T154_UAV_9,BS_3,HAP_2,559.30365,559.247718,0.005515,0.006777,0.218204
154,T154_UAV_6,HAP_1,LEO_1,572.088306,572.017096,0.004803,0.005785,0.303107
154,T154_UAV_3,BS_0,HAP_0,1270.925748,1270.863092,0.006158,0.017987,0.192552
154,T154_UAV_10,HAP_1,BS_3,626.140697,625.906983,0.04909,0.033556,0.255345
154,T154_UAV_8,BS_0,HAP_0,1275.815814,1275.758404,0.006703,0.012197,0.192552
154,T154_UAV_19,BS_2,HAP_0,1321.247118,1321.190526,0.006187,0.011895,0.192552
154,T154_UAV_4,BS_4,HAP_0,2055.825738,2055.763781,0.007305,0.016142,0.192552
154,T154_UAV_14,HAP_1,LEO_0,307.288177,307.224425,0.000458,0.019096,0.220992
155,T155_UAV_15,BS_3,LEO_0,249.533553,249.445259,0.000495,0.024023,0.318879
155,T155_UAV_13,BS_4,LEO_1,256.218134,256.134549,0.00262,0.012973,0.339963
155,T155_UAV_16,BS_0,HAP_1,561.234452,561.044718,0.028386,0.013303,0.240219
155,T155_UAV_11,BS_1,HAP_2,400.69348,400.61576,0.002917,0.020011,0.273964
155,T155_UAV_12,BS_0,HAP_0,419.349994,419.113956,0.028405,0.014925,0.463541
155,T155_UAV_3,BS_0,LEO_0,485.750882,485.670645,0.0009,0.01556,0.318879
155,T155_UAV_8,BS_0,LEO_1,490.506592,490.416333,0.00568,0.016586,0.339963
155,T155_UAV_6,HAP_1,HAP_2,493.286489,493.209937,0.00448,0.017279,0.273964
155,T155_UAV_7,BS_4,HAP_1,757.059507,756.852053,0.028597,0.030813,0.240219
155,T155_UAV_17,BS_0,LEO_0,610.602196,610.531584,0.000993,0.005844,0.318879
155,T155_UAV_14,HAP_1,HAP_0,612.922708,612.680405,0.029012,0.020583,0.463541
155,T155_UAV_0,BS_0,BS_1,695.490192,695.259792,0.053422,0.018122,0.29428
155,T155_UAV_5,HAP_1,LEO_1,703.945151,703.853801,0.006052,0.017306,0.339963
155,T155_UAV_18,BS_1,BS_4,720.004483,719.733151,0.054951,0.073953,0.212145
155,T155_UAV_19,BS_2,BS_0,758.001937,757.708391,0.057323,0.063177,0.365231
155,T155_UAV_10,HAP_1,HAP_1,523.550729,523.364818,0.026672,0.011196,0.240219
156,T156_UAV_3,BS_0,LEO_1,853.177544,853.003969,0.044361,0.009236,0.099891
156,T156_UAV_0,BS_0,LEO_0,199.865086,199.661007,0.040503,0.016591,0.234924
156,T156_UAV_17,BS_0,LEO_1,1388.99085,1388.809551,0.046828,0.014494,0.099891
156,T156_UAV_15,BS_3,HAP_1,350.728352,350.521301,0.02807,0.028227,0.253771
156,T156_UAV_11,BS_1,LEO_0,498.407249,498.200084,0.041206,0.018974,0.234924
156,T156_UAV_13,BS_4,LEO_1,1582.512255,1582.337118,0.047511,0.007647,0.099891
156,T156_UAV_4,BS_4,BS_1,1242.335851,1242.10422,0.087583,0.011404,0.163218
156,T156_UAV_19,BS_2,LEO_1,1650.74657,1650.562282,0.049158,0.015153,0.099891
156,T156_UAV_18,BS_1,LEO_1,1854.474302,1854.297392,0.05016,0.006772,0.099891
156,T156_UAV_16,BS_0,LEO_1,1999.059017,1998.883025,0.050709,0.005305,0.099891
156,T156_UAV_12,BS_0,BS_1,1335.228446,1334.986815,0.093385,0.015603,0.163218
156,T156_UAV_9,BS_3,LEO_1,2020.373447,2020.192584,0.05003,0.010854,0.099891
156,T156_UAV_10,HAP_1,LEO_1,2054.897216,2054.707178,0.048654,0.021407,0.099891
156,T156_UAV_6,HAP_1,LEO_1,1029.951188,1029.771348,0.044201,0.01566,0.099891
157,T157_UAV_3,BS_0,LEO_0,296.272406,296.073474,0.0405,0.017151,0.206407
157,T157_UAV_19,BS_2,LEO_1,236.507407,236.249081,0.042941,0.025618,0.448835
157,T157_UAV_11,BS_1,HAP_0,285.48289,285.247451,0.026619,0.030465,0.391774
157,T157_UAV_8,BS_3,LEO_0,331.894896,331.68233,0.040614,0.03067,0.206407
157,T157_UAV_16,BS_0,HAP_1,427.677093,427.469781,0.027955,0.011391,0.339825
157,T157_UAV_7,BS_4,HAP_2,435.504901,435.294775,0.027687,0.016804,0.328179
157,T157_UAV_4,BS_4,LEO_1,464.977793,464.71867,0.045218,0.024138,0.448835
157,T157_UAV_6,HAP_1,HAP_0,492.168086,491.940674,0.028049,0.021008,0.391774
157,T157_UAV_17,BS_0,HAP_1,546.10252,545.874927,0.028045,0.031583,0.339825
157,T157_UAV_12,BS_0,LEO_0,754.257371,754.062443,0.041619,0.012027,0.206407
157,T157_UAV_5,HAP_1,HAP_2,604.245263,604.025403,0.030831,0.023394,0.328179
157,T157_UAV_1,BS_3,LEO_1,633.024046,632.766868,0.045948,0.021463,0.448835
157,T157_UAV_13,BS_4,BS_1,649.397848,649.151329,0.050542,0.017418,0.392794
157,T157_UAV_15,BS_3,BS_2,688.214907,687.935458,0.052964,0.058686,0.33899
157,T157_UAV_0,BS_0,BS_4,698.45068,698.210274,0.053606,0.039865,0.234673
157,T157_UAV_9,BS_3,BS_0,706.892935,706.634049,0.054133,0.033067,0.358427
157,T157_UAV_14,HAP_1,BS_3,753.448341,753.163877,0.057039,0.043665,0.418795
157,T157_UAV_2,HAP_1,LEO_0,436.905378,436.716608,0.040632,0.006856,0.206407
158,T158_UAV_8,BS_3,LEO_0,449.972061,449.925843,0.000835,0.007832,0.187756
158,T158_UAV_18,BS_1,LEO_1,485.380149,485.154482,0.045936,0.008067,0.358319
158,T158_UAV_11,BS_1,HAP_0,537.745638,537.577918,0.027713,0.016517,0.117448
158,T158_UAV_14,HAP_1,HAP_2,462.762902,462.715539,0.004394,0.003673,0.196477
158,T158_UAV_13,BS_4,HAP_1,558.600872,558.371549,0.027794,0.020345,0.405918
158,T158_UAV_5,HAP_1,LEO_0,684.691406,684.639875,0.001045,0.012935,0.187756
158,T158_UAV_4,BS_4,LEO_1,684.568853,684.338616,0.047684,0.010889,0.358319
158,T158_UAV_16,BS_0,LEO_0,717.45886,717.39522,0.001254,0.024835,0.187756
158,T158_UAV_0,BS_0,HAP_0,834.59888,834.416625,0.030548,0.028218,0.117448
158,T158_UAV_12,BS_0,HAP_2,593.264076,593.213553,0.006127,0.005101,0.196477
158,T158_UAV_7,BS_4,BS_3,594.414697,594.154486,0.047106,0.059081,0.27012
158,T158_UAV_6,HAP_1,BS_4,636.262366,636.019888,0.049721,0.043602,0.245776
158,T158_UAV_19,BS_2,HAP_1,712.537333,712.29627,0.030268,0.029611,0.405918
158,T158_UAV_2,HAP_1,LEO_1,720.229745,719.997326,0.046359,0.014396,0.358319
158,T158_UAV_17,BS_0,BS_1,760.789775,760.485133,0.057497,0.052632,0.472563
158,T158_UAV_15,BS_3,BS_2,785.954255,785.70874,0.059072,0.014644,0.358998
158,T158_UAV_3,BS_0,LEO_0,849.629918,849.585801,0.001439,0.005127,0.187756
158,T158_UAV_9,BS_3,HAP_0,1175.686912,1175.523548,0.032267,0.007607,0.117448
159,T159_UAV_8,BS_3,LEO_0,269.692577,269.605624,0.000553,0.022383,0.320084
159,T159_UAV_17,BS_0,LEO_1,397.661563,397.588484,0.003397,0.018553,0.255646
159,T159_UAV_2,HAP_1,HAP_0,408.286737,408.083326,0.027107,0.010508,0.328982
159,T159_UAV_1,BS_3,HAP_1,411.25985,411.015049,0.026926,0.064873,0.265011
159,T159_UAV_3,BS_0,HAP_2,467.283877,467.205985,0.004365,0.007761,0.328827
159,T159_UAV_16,BS_0,LEO_0,485.078131,485.000355,0.00093,0.012829,0.320084
159,T159_UAV_13,BS_4,LEO_1,722.939283,722.871947,0.005925,0.010282,0.255646
159,T159_UAV_11,BS_1,LEO_0,550.884691,550.809425,0.001146,0.010102,0.320084
159,T159_UAV_9,BS_3,HAP_1,552.707692,552.513806,0.028477,0.012406,0.265011
159,T159_UAV_0,BS_0,LEO_1,787.466486,787.389257,0.007589,0.01851,0.255646
159,T159_UAV_12,BS_0,HAP_0,644.754534,644.532037,0.030282,0.026419,0.328982
159,T159_UAV_7,BS_4,BS_3,663.588848,663.364888,0.05143,0.017504,0.275133
159,T159_UAV_6,HAP_1,HAP_2,687.775698,687.69704,0.006287,0.006605,0.328827
159,T159_UAV_19,BS_2,BS_1,696.96496,696.676795,0.053511,0.053841,0.40407
159,T159_UAV_5,HAP_1,BS_4,704.563619,704.330178,0.053989,0.029607,0.249225
159,T159_UAV_10,HAP_1,BS_2,796.524129,796.273894,0.059732,0.011874,0.393141
159,T159_UAV_4,BS_4,LEO_1,909.988219,909.896273,0.008167,0.032649,0.255646
160,T160_UAV_2,HAP_1,LEO_1,418.499604,418.427253,0.002566,0.013311,0.282373
160,T160_UAV_18,BS_1,LEO_0,287.695291,287.60403,0.00057,0.020891,0.348996
160,T160_UAV_14,HAP_1,HAP_0,590.951814,590.895556,0.003092,0.01471,0.192281
160,T160_UAV_12,BS_0,HAP_1,302.372424,302.130054,0.027589,0.048774,0.330039
160,T160_UAV_1,BS_3,HAP_2,154.804368,154.719366,0.001994,0.011218,0.358951
160,T160_UAV_10,HAP_1,LEO_1,499.56585,499.480157,0.003024,0.026193,0.282373
160,T160_UAV_0,BS_0,LEO_0,320.367252,320.291797,0.000689,0.004968,0.348996
160,T160_UAV_11,BS_1,HAP_0,722.554871,722.480031,0.003387,0.032997,0.192281
160,T160_UAV_6,HAP_1,LEO_1,761.715863,761.649907,0.004455,0.005026,0.282373
160,T160_UAV_16,BS_0,BS_1,532.299708,532.082138,0.043229,0.015757,0.292921
160,T160_UAV_4,BS_4,HAP_0,799.047954,798.988384,0.003066,0.018047,0.192281
160,T160_UAV_17,BS_0,LEO_0,712.672152,712.588988,0.001154,0.01221,0.348996
160,T160_UAV_8,BS_3,LEO_1,980.794016,980.701751,0.007644,0.028146,0.282373
160,T160_UAV_3,BS_0,HAP_0,1158.507766,1158.453197,0.006318,0.009794,0.192281
160,T160_UAV_7,BS_4,LEO_1,1289.587226,1289.497482,0.009331,0.023938,0.282373
160,T160_UAV_5,HAP_1,HAP_1,223.512267,223.251859,0.025925,0.068474,0.330039
161,T161_UAV_3,BS_0,LEO_0,304.653315,304.487019,0.040516,0.004553,0.106134
161,T161_UAV_15,BS_3,HAP_0,527.453958,527.272664,0.028511,0.007664,0.225593
161,T161_UAV_11,BS_1,LEO_1,542.591874,542.499535,0.006889,0.015726,0.348623
161,T161_UAV_8,BS_3,HAP_1,572.156957,571.921467,0.028535,0.054786,0.260845
161,T161_UAV_2,HAP_1,HAP_2,665.358094,665.195863,0.029497,0.011065,0.108348
161,T161_UAV_0,BS_0,LEO_0,774.34857,774.174517,0.0415,0.011326,0.106134
161,T161_UAV_19,BS_2,LEO_1,777.460803,777.352131,0.009743,0.029204,0.348623
161,T161_UAV_7,BS_4,LEO_0,791.288466,791.111447,0.041252,0.01454,0.106134
161,T161_UAV_14,HAP_1,HAP_2,897.359036,897.19474,0.032135,0.010492,0.108348
161,T161_UAV_9,BS_3,HAP_0,1021.512711,1021.327625,0.031286,0.008682,0.225593
161,T161_UAV_18,BS_1,HAP_1,1062.397401,1062.166259,0.031337,0.047637,0.260845
161,T161_UAV_12,BS_0,LEO_0,888.657525,888.481193,0.041922,0.013183,0.106134
161,T161_UAV_16,BS_0,HAP_0,1068.011824,1067.82777,0.031035,0.007901,0.225593
161,T161_UAV_4,BS_4,HAP_1,1150.298239,1150.084701,0.030991,0.030378,0.260845
161,T161_UAV_17,BS_0,HAP_2,1167.344987,1167.17337,0.033064,0.016883,0.108348
161,T161_UAV_5,HAP_1,LEO_1,378.787491,378.695089,0.00325,0.019428,0.348623
162,T162_UAV_7,BS_4,LEO_0,292.67903,292.493891,0.040462,0.00741,0.186333
162,T162_UAV_15,BS_3,LEO_1,300.319386,300.141514,0.042579,0.006138,0.145777
162,T162_UAV_9,BS_3,HAP_0,238.071255,238.000762,0.001689,0.024647,0.220788
162,T162_UAV_11,BS_1,LEO_0,410.093877,409.908409,0.040773,0.007428,0.186333
162,T162_UAV_1,BS_3,LEO_1,411.580485,411.402548,0.043116,0.005665,0.145777
162,T162_UAV_19,BS_2,HAP_1,519.768223,519.536918,0.028868,0.035584,0.334265
162,T162_UAV_13,BS_4,HAP_2,536.090529,535.877563,0.029138,0.016293,0.337674
162,T162_UAV_5,HAP_1,LEO_0,537.13654,536.952418,0.040818,0.006037,0.186333
162,T162_UAV_6,HAP_1,LEO_1,670.106344,669.912595,0.044556,0.020038,0.145777
162,T162_UAV_3,BS_0,HAP_0,539.688505,539.622781,0.003707,0.01786,0.220788
162,T162_UAV_2,HAP_1,BS_1,551.173134,550.955129,0.044407,0.01776,0.279186
162,T162_UAV_10,HAP_1,BS_3,647.765793,647.543755,0.050441,0.014329,0.28634
162,T162_UAV_4,BS_4,HAP_1,696.493036,696.276908,0.029101,0.020174,0.334265
162,T162_UAV_0,BS_0,HAP_2,725.678878,725.474419,0.032326,0.004598,0.337674
162,T162_UAV_16,BS_0,BS_2,747.362707,747.087654,0.05666,0.042969,0.377123
162,T162_UAV_12,BS_0,LEO_0,784.825836,784.63161,0.0417,0.015259,0.186333
162,T162_UAV_18,BS_1,LEO_1,1049.38365,1049.186802,0.050186,0.017507,0.145777
163,T163_UAV_9,BS_3,LEO_0,330.141857,330.090623,0.000548,0.014144,0.182705
163,T163_UAV_1,BS_3,LEO_1,477.82011,477.610622,0.043616,0.022939,0.214662
163,T163_UAV_17,BS_4,HAP_0,653.466654,653.264454,0.028259,0.023026,0.254578
163,T163_UAV_8,BS_3,HAP_1,454.564951,454.354435,0.028243,0.037962,0.221552
163,T163_UAV_14,HAP_1,HAP_2,506.291171,506.220094,0.004793,0.015828,0.252274
163,T163_UAV_6,HAP_1,LEO_0,617.58335,617.526645,0.000926,0.019238,0.182705
163,T163_UAV_10,HAP_1,LEO_1,684.577264,684.365234,0.044815,0.024283,0.214662
163,T163_UAV_7,BS_4,LEO_0,709.73372,709.68725,0.001125,0.008804,0.182705
163,T163_UAV_19,BS_2,HAP_0,809.167582,808.965639,0.029668,0.02136,0.254578
163,T163_UAV_15,BS_3,HAP_1,557.161429,556.942438,0.028667,0.046014,0.221552
163,T163_UAV_0,BS_0,HAP_2,598.777535,598.710424,0.00604,0.010616,0.252274
163,T163_UAV_4,BS_4,LEO_1,837.937394,837.724841,0.047501,0.022119,0.214662
163,T163_UAV_2,HAP_1,BS_1,640.472106,640.237928,0.049985,0.028813,0.276901
163,T163_UAV_3,BS_0,LEO_0,717.369309,717.314385,0.00122,0.017163,0.182705
163,T163_UAV_18,BS_1,LEO_1,950.627284,950.427096,0.049217,0.008039,0.214662
163,T163_UAV_11,BS_1,HAP_0,1163.437278,1163.247503,0.030931,0.007928,0.254578
164,T164_UAV_18,BS_1,LEO_0,202.569969,202.498615,0.0004,0.008536,0.31209
164,T164_UAV_3,BS_0,LEO_1,275.250447,275.177673,0.00249,0.019767,0.252584
164,T164_UAV_1,BS_3,HAP_0,209.008469,208.792467,0.026313,0.028969,0.303603
164,T164_UAV_12,BS_0,HAP_1,552.724233,552.522701,0.029038,0.024692,0.239011
164,T164_UAV_4,BS_4,HAP_2,583.179043,582.988238,0.028357,0.014434,0.240071
164,T164_UAV_9,BS_3,LEO_0,402.73482,402.663122,0.000731,0.008549,0.31209
164,T164_UAV_5,HAP_1,LEO_1,552.09249,552.033314,0.00384,0.004819,0.252584
164,T164_UAV_7,BS_4,HAP_1,693.708722,693.508676,0.028322,0.023922,0.239011
164,T164_UAV_8,BS_3,LEO_0,470.33553,470.264404,0.000967,0.007741,0.31209
164,T164_UAV_10,HAP_1,LEO_1,632.637104,632.56703,0.004451,0.015106,0.252584
164,T164_UAV_6,HAP_1,HAP_2,714.705756,714.52315,0.030536,0.004056,0.240071
164,T164_UAV_13,BS_4,HAP_0,652.199689,651.996477,0.028382,0.014109,0.303603
164,T164_UAV_11,BS_1,LEO_1,662.105562,662.021531,0.006693,0.026821,0.252584
164,T164_UAV_16,BS_0,BS_1,687.852153,687.626631,0.052945,0.016558,0.280093
164,T164_UAV_0,BS_0,BS_2,701.845477,701.544486,0.053815,0.035318,0.55929
164,T164_UAV_17,BS_4,HAP_1,1125.104333,1124.883069,0.030511,0.04295,0.239011
164,T164_UAV_14,HAP_1,HAP_2,578.982217,578.786258,0.029594,0.018352,0.240071
165,T165_UAV_17,BS_4,LEO_0,212.922858,212.836963,0.000391,0.013234,0.361353
165,T165_UAV_19,BS_2,HAP_1,479.530795,479.31097,0.027808,0.062479,0.147693
165,T165_UAV_5,HAP_1,LEO_1,278.232497,278.147601,0.003271,0.016442,0.325921
165,T165_UAV_9,BS_3,HAP_0,439.755214,439.551053,0.027688,0.01687,0.298017
165,T165_UAV_18,BS_1,HAP_2,436.429304,436.24444,0.02794,0.004847,0.260383
165,T165_UAV_1,BS_3,LEO_0,339.34395,339.262416,0.000603,0.00866,0.361353
165,T165_UAV_12,BS_0,LEO_1,357.241818,357.157381,0.00667,0.012584,0.325921
165,T165_UAV_13,BS_4,HAP_1,815.282225,815.114973,0.028393,0.00932,0.147693
165,T165_UAV_15,BS_3,HAP_0,733.432186,733.22572,0.029855,0.017007,0.298017
165,T165_UAV_16,BS_0,HAP_2,558.556737,558.361794,0.029797,0.01307,0.260383
165,T165_UAV_6,HAP_1,BS_1,564.060075,563.840586,0.045212,0.015632,0.293223
165,T165_UAV_4,BS_4,HAP_1,913.016096,912.822424,0.029375,0.034758,0.147693
165,T165_UAV_3,BS_0,HAP_1,401.813187,401.605103,0.02712,0.051425,0.147693
165,T165_UAV_2,HAP_1,HAP_0,526.535193,526.321841,0.027434,0.026315,0.298017
166,T166_UAV_19,BS_2,LEO_0,287.85774,287.657566,0.040543,0.005694,0.269685
166,T166_UAV_12,BS_0,LEO_1,235.296123,235.066941,0.043098,0.029483,0.28301
166,T166_UAV_18,BS_1,HAP_1,820.696333,820.511042,0.028957,0.021021,0.176567
166,T166_UAV_15,BS_3,HAP_0,358.113725,357.908217,0.027753,0.034183,0.217854
166,T166_UAV_14,HAP_1,HAP_2,377.430644,377.373544,0.003567,0.006978,0.23277
166,T166_UAV_4,BS_4,LEO_0,624.284531,624.072052,0.041002,0.01754,0.269685
166,T166_UAV_13,BS_4,LEO_1,511.479005,511.259462,0.045193,0.017748,0.28301
166,T166_UAV_1,BS_3,HAP_1,1213.070187,1212.892087,0.029396,0.013391,0.176567
166,T166_UAV_6,HAP_1,HAP_0,542.164484,541.982058,0.028411,0.010444,0.217854
166,T166_UAV_11,BS_1,LEO_0,817.532782,817.321445,0.041552,0.015849,0.269685
166,T166_UAV_5,HAP_1,HAP_2,626.425672,626.3685,0.006048,0.004569,0.23277
166,T166_UAV_8,BS_3,LEO_1,663.622065,663.387091,0.047617,0.030756,0.28301
166,T166_UAV_10,HAP_1,BS_0,725.442661,725.223034,0.055294,0.017375,0.234787
166,T166_UAV_0,BS_0,HAP_1,1705.819625,1705.612892,0.033919,0.0375,0.176567
166,T166_UAV_7,BS_4,HAP_1,2001.748058,2001.542459,0.033087,0.037198,0.176567
166,T166_UAV_17,BS_4,HAP_1,2213.485136,2213.286359,0.034074,0.02939,0.176567
166,T166_UAV_3,BS_0,HAP_1,2385.420404,2385.208693,0.036265,0.040133,0.176567
166,T166_UAV_2,HAP_1,LEO_0,444.145137,443.944691,0.040647,0.005863,0.269685
167,T167_UAV_11,BS_1,LEO_0,262.752694,262.703083,0.000554,0.00551,0.217734
167,T167_UAV_8,BS_3,LEO_1,273.038832,272.960926,0.003135,0.029786,0.224927
167,T167_UAV_12,BS_0,HAP_1,749.589917,749.426523,0.02909,0.009666,0.123187
167,T167_UAV_16,BS_0,HAP_0,335.51268,335.323342,0.02713,0.020405,0.209012
167,T167_UAV_15,BS_3,HAP_2,360.853223,360.663592,0.028781,0.01789,0.214798
167,T167_UAV_6,HAP_1,LEO_0,426.824638,426.775914,0.000696,0.004482,0.217734
167,T167_UAV_0,BS_0,LEO_1,432.436363,432.365195,0.005269,0.020913,0.224927
167,T167_UAV_18,BS_1,HAP_1,1155.13521,1154.923366,0.030341,0.056866,0.123187
167,T167_UAV_3,BS_0,LEO_0,434.906736,434.851743,0.000815,0.010632,0.217734
167,T167_UAV_10,HAP_1,HAP_0,477.717735,477.538008,0.027632,0.010292,0.209012
167,T167_UAV_5,HAP_1,LEO_1,533.684631,533.606635,0.004572,0.028439,0.224927
167,T167_UAV_13,BS_4,HAP_1,1400.862146,1400.697192,0.03014,0.010176,0.123187
167,T167_UAV_14,HAP_1,HAP_2,743.369069,743.188029,0.032017,0.006063,0.214798
167,T167_UAV_4,BS_4,HAP_1,1421.546097,1421.344854,0.030909,0.045697,0.123187
167,T167_UAV_17,BS_4,HAP_1,1912.457561,1912.278815,0.032557,0.021551,0.123187
167,T167_UAV_9,BS_3,HAP_1,2353.757554,2353.576986,0.035157,0.020773,0.123187
167,T167_UAV_2,HAP_1,HAP_1,1117.535375,1117.356401,0.028101,0.026236,0.123187
168,T168_UAV_7,BS_4,LEO_0,228.206373,228.119086,0.000396,0.024511,0.311906
168,T168_UAV_4,BS_4,LEO_1,310.033617,309.971873,0.002772,0.006236,0.263681
168,T168_UAV_0,BS_0,HAP_1,296.106559,295.92058,0.027243,0.016585,0.210757
168,T168_UAV_12,BS_0,HAP_0,299.850928,299.647353,0.02745,0.026733,0.246959
168,T168_UAV_6,HAP_1,HAP_2,324.840477,324.77944,0.003001,0.011876,0.230796
168,T168_UAV_2,HAP_1,LEO_0,385.252181,385.176155,0.000611,0.013034,0.311906
168,T168_UAV_15,BS_3,LEO_1,594.022881,593.939354,0.005092,0.025698,0.263681
168,T168_UAV_1,BS_3,HAP_1,448.566323,448.380463,0.027098,0.01661,0.210757
168,T168_UAV_16,BS_0,HAP_0,455.879637,455.670578,0.027888,0.031779,0.246959
168,T168_UAV_14,HAP_1,LEO_1,721.949587,721.874257,0.005026,0.017567,0.263681
168,T168_UAV_10,HAP_1,LEO_0,601.252377,601.17821,0.000944,0.010841,0.311906
168,T168_UAV_8,BS_3,HAP_2,647.906542,647.840622,0.006756,0.013005,0.230796
168,T168_UAV_18,BS_1,BS_2,656.077737,655.83005,0.050959,0.056049,0.203395
168,T168_UAV_9,BS_3,BS_1,668.172778,667.910081,0.051714,0.035027,0.379786
168,T168_UAV_17,BS_4,BS_0,714.988134,714.714525,0.054637,0.060728,0.291224
168,T168_UAV_13,BS_4,LEO_1,1058.007407,1057.931985,0.008634,0.014052,0.263681
168,T168_UAV_5,HAP_1,BS_4,316.237178,315.987686,0.029729,0.048082,0.358405
169,T169_UAV_4,BS_4,LEO_0,255.080271,255.003619,0.000448,0.003275,0.364649
169,T169_UAV_10,HAP_1,LEO_1,270.692975,270.606159,0.002338,0.016029,0.342248
169,T169_UAV_0,BS_0,HAP_0,413.735561,413.666568,0.002715,0.023976,0.211512
169,T169_UAV_7,BS_4,HAP_1,326.882569,326.662864,0.026763,0.012278,0.403323
169,T169_UAV_9,BS_3,HAP_2,393.568797,393.506388,0.003817,0.006027,0.262823
169,T169_UAV_18,BS_1,LEO_0,527.497071,527.408524,0.001039,0.014579,0.364649
169,T169_UAV_19,BS_2,LEO_1,632.048055,631.954246,0.007985,0.017374,0.342248
169,T169_UAV_15,BS_3,HAP_0,957.925064,957.862044,0.006309,0.01441,0.211512
169,T169_UAV_8,BS_3,LEO_0,681.305445,681.215527,0.001404,0.015585,0.364649
169,T169_UAV_1,BS_3,HAP_1,757.808104,757.575632,0.028546,0.023261,0.403323
169,T169_UAV_16,BS_0,LEO_1,767.051389,766.958314,0.009001,0.015625,0.342248
169,T169_UAV_12,BS_0,HAP_2,766.948446,766.872707,0.007908,0.015267,0.262823
169,T169_UAV_13,BS_4,HAP_0,1198.733897,1198.678927,0.005569,0.007099,0.211512
169,T169_UAV_6,HAP_1,BS_1,255.017422,254.780373,0.025906,0.045056,0.330435
170,T170_UAV_12,BS_0,LEO_0,295.40746,295.197393,0.040708,0.021277,0.240411
170,T170_UAV_19,BS_2,LEO_1,595.770607,595.590251,0.044411,0.011786,0.120797
170,T170_UAV_17,BS_4,HAP_1,361.682102,361.46711,0.026967,0.038917,0.24554
170,T170_UAV_16,BS_0,HAP_0,387.659322,387.441661,0.027443,0.023783,0.332174
170,T170_UAV_4,BS_4,HAP_2,399.500781,399.415677,0.002621,0.011209,0.356368
170,T170_UAV_3,BS_0,LEO_1,678.417573,678.232756,0.044586,0.016072,0.120797
170,T170_UAV_6,HAP_1,LEO_0,415.469456,415.266256,0.040676,0.014442,0.240411
170,T170_UAV_11,BS_1,HAP_0,458.790295,458.561089,0.027679,0.035093,0.332174
170,T170_UAV_9,BS_3,LEO_1,945.137961,944.95194,0.04603,0.015832,0.120797
170,T170_UAV_15,BS_3,HAP_1,523.643243,523.456451,0.028402,0.009282,0.24554
170,T170_UAV_0,BS_0,LEO_0,562.933429,562.731793,0.041207,0.012347,0.240411
170,T170_UAV_8,BS_3,HAP_2,604.05552,603.969477,0.00632,0.00845,0.356368
170,T170_UAV_13,BS_4,BS_1,628.034666,627.788612,0.049207,0.01862,0.391137
170,T170_UAV_18,BS_1,BS_0,702.518329,702.295482,0.053862,0.021297,0.238445
170,T170_UAV_2,HAP_1,LEO_1,1125.688077,1125.513325,0.046108,0.004485,0.120797
170,T170_UAV_5,HAP_1,LEO_1,1220.410824,1220.223759,0.046454,0.016451,0.120797
170,T170_UAV_14,HAP_1,LEO_1,1486.663816,1486.483098,0.04787,0.008689,0.120797
171,T171_UAV_0,BS_0,LEO_0,401.971237,401.77446,0.04072,0.016868,0.195941
171,T171_UAV_13,BS_4,LEO_1,325.012508,324.800261,0.042641,0.013717,0.279443
171,T171_UAV_18,BS_1,HAP_0,248.219492,248.138311,0.001234,0.0313,0.243231
171,T171_UAV_6,HAP_1,HAP_2,463.578309,463.41594,0.028611,0.006036,0.13861
171,T171_UAV_11,BS_2,HAP_1,344.632836,344.393351,0.027577,0.057965,0.269712
171,T171_UAV_10,HAP_1,LEO_0,555.945107,555.75517,0.040759,0.00999,0.195941
171,T171_UAV_16,BS_0,LEO_1,474.690698,474.471969,0.044422,0.018418,0.279443
171,T171_UAV_8,BS_3,HAP_0,434.154119,434.096226,0.003404,0.005843,0.243231
171,T171_UAV_19,BS_2,LEO_0,777.045381,776.838556,0.041375,0.026262,0.195941
171,T171_UAV_12,BS_0,HAP_1,479.837889,479.642031,0.029081,0.012833,0.269712
171,T171_UAV_9,BS_3,HAP_2,813.702934,813.52703,0.031589,0.016593,0.13861
171,T171_UAV_15,BS_3,LEO_1,747.776381,747.545386,0.046392,0.028714,0.279443
171,T171_UAV_5,HAP_1,BS_1,564.55534,564.346322,0.045244,0.017438,0.231679
171,T171_UAV_1,BS_3,LEO_0,921.11823,920.931498,0.041256,0.006287,0.195941
171,T171_UAV_3,BS_0,BS_2,768.778274,768.446201,0.057994,0.051977,0.61051
171,T171_UAV_17,BS_4,HAP_2,909.616914,909.448842,0.031283,0.009067,0.13861
171,T171_UAV_7,BS_4,LEO_0,1301.927573,1301.727686,0.041941,0.018757,0.195941
171,T171_UAV_14,HAP_1,LEO_1,326.413031,326.206894,0.042261,0.007987,0.279443
172,T172_UAV_14,HAP_1,LEO_0,257.666645,257.45572,0.040418,0.015365,0.275709
172,T172_UAV_15,BS_3,LEO_1,265.225889,265.175678,0.002831,0.005387,0.209962
172,T172_UAV_11,BS_2,HAP_0,287.380451,287.294041,0.001686,0.026046,0.293392
172,T172_UAV_10,HAP_1,HAP_2,392.832919,392.656562,0.028279,0.00455,0.21764
172,T172_UAV_3,BS_0,HAP_1,450.570943,450.35363,0.028003,0.038198,0.255556
172,T172_UAV_9,BS_3,LEO_0,463.529481,463.318331,0.040826,0.015181,0.275709
172,T172_UAV_2,HAP_1,LEO_1,545.391173,545.331433,0.004809,0.01294,0.209962
172,T172_UAV_0,BS_0,HAP_0,559.483295,559.414816,0.004254,0.005546,0.293392
172,T172_UAV_12,BS_0,HAP_1,585.125705,584.931087,0.029969,0.013537,0.255556
172,T172_UAV_7,BS_4,LEO_0,641.616209,641.400332,0.041113,0.019622,0.275709
172,T172_UAV_16,BS_0,LEO_1,671.237634,671.183225,0.007848,0.004569,0.209962
172,T172_UAV_13,BS_4,HAP_2,693.102516,692.918267,0.030363,0.010358,0.21764
172,T172_UAV_6,HAP_1,BS_1,712.52623,712.215435,0.054481,0.047658,0.543276
172,T172_UAV_8,BS_3,BS_2,751.784029,751.513952,0.056936,0.067203,0.22969
172,T172_UAV_17,BS_4,BS_0,785.794734,785.51889,0.05906,0.048878,0.339525
172,T172_UAV_5,HAP_1,BS_4,207.482709,207.281482,0.022939,0.036601,0.208435
173,T173_UAV_15,BS_3,LEO_0,282.201803,282.004726,0.040488,0.01927,0.186593
173,T173_UAV_7,BS_4,LEO_1,272.957162,272.766378,0.042914,0.005582,0.211437
173,T173_UAV_16,BS_0,HAP_0,307.109901,306.932368,0.02692,0.013922,0.18345
173,T173_UAV_4,BS_4,HAP_1,341.854681,341.621247,0.026993,0.052141,0.271501
173,T173_UAV_12,BS_0,HAP_2,409.260777,409.194612,0.00419,0.020157,0.20909
173,T173_UAV_18,BS_1,LEO_0,653.59249,653.408453,0.041161,0.005558,0.186593
173,T173_UAV_14,HAP_1,LEO_1,570.108556,569.909787,0.044865,0.011617,0.211437
173,T173_UAV_2,HAP_1,HAP_0,569.904559,569.721559,0.027948,0.018362,0.18345
173,T173_UAV_17,BS_4,LEO_0,793.729913,793.544998,0.041174,0.006422,0.186593
173,T173_UAV_1,BS_3,HAP_1,599.514498,599.284755,0.027803,0.047639,0.271501
173,T173_UAV_6,HAP_1,HAP_2,615.619058,615.55625,0.005715,0.015275,0.20909
173,T173_UAV_10,HAP_1,LEO_1,622.181927,621.978723,0.045346,0.01557,0.211437
173,T173_UAV_5,HAP_1,BS_1,627.975732,627.736119,0.049204,0.01185,0.392799
173,T173_UAV_13,BS_4,BS_2,709.096911,708.829746,0.05427,0.059249,0.268228
173,T173_UAV_19,BS_2,LEO_0,1003.556203,1003.35622,0.04192,0.020745,0.186593
174,T174_UAV_12,BS_0,LEO_0,408.2049,408.153516,0.00087,0.004451,0.230317
174,T174_UAV_18,BS_1,LEO_1,314.100992,314.036376,0.003791,0.011198,0.248138
174,T174_UAV_7,BS_4,HAP_0,400.138323,400.088455,0.001549,0.005872,0.212233
174,T174_UAV_2,HAP_1,HAP_2,405.875559,405.806362,0.003208,0.007129,0.294299
174,T174_UAV_11,BS_2,HAP_1,480.882899,480.637587,0.028593,0.025198,0.457607
174,T174_UAV_0,BS_0,LEO_0,615.467222,615.397457,0.00119,0.022512,0.230317
174,T174_UAV_8,BS_3,LEO_1,488.508014,488.432062,0.005583,0.020742,0.248138
174,T174_UAV_15,BS_3,LEO_0,657.901365,657.835829,0.001139,0.018333,0.230317
174,T174_UAV_10,HAP_1,HAP_0,495.470917,495.408587,0.00277,0.017114,0.212233
174,T174_UAV_19,BS_2,LEO_1,530.130409,530.069831,0.006732,0.004219,0.248138
174,T174_UAV_9,BS_3,HAP_1,590.883281,590.624128,0.028581,0.039049,0.457607
174,T174_UAV_13,BS_4,HAP_2,690.81995,690.746591,0.005352,0.009146,0.294299
174,T174_UAV_3,BS_0,BS_1,712.232199,711.949785,0.054465,0.040319,0.438154
174,T174_UAV_4,BS_4,BS_3,777.021056,776.761459,0.058513,0.048438,0.263233
174,T174_UAV_6,HAP_1,LEO_0,337.857267,337.793505,0.000507,0.017191,0.230317
175,T175_UAV_18,BS_1,LEO_0,281.499435,281.424178,0.00055,0.013742,0.304826
175,T175_UAV_19,BS_2,LEO_1,700.89435,700.684149,0.045211,0.026122,0.194341
175,T175_UAV_9,BS_3,LEO_1,731.848033,731.653766,0.044644,0.010755,0.194341
175,T175_UAV_7,BS_4,HAP_0,566.985273,566.91885,0.002198,0.010984,0.26621
175,T175_UAV_4,BS_4,HAP_1,671.357529,671.162054,0.028911,0.015148,0.257085
175,T175_UAV_13,BS_4,HAP_2,671.016982,670.927308,0.0052,0.008511,0.379816
175,T175_UAV_17,BS_4,LEO_1,843.103447,842.904232,0.04531,0.015037,0.194341
175,T175_UAV_8,BS_3,LEO_0,746.226997,746.150816,0.001541,0.013675,0.304826
175,T175_UAV_15,BS_3,LEO_1,886.918553,886.718085,0.045657,0.015944,0.194341
175,T175_UAV_2,HAP_1,HAP_0,609.061166,608.983908,0.003154,0.020862,0.26621
175,T175_UAV_16,BS_0,HAP_1,705.545749,705.351591,0.029652,0.013088,0.257085
175,T175_UAV_3,BS_0,LEO_0,746.577714,746.509139,0.001411,0.006199,0.304826
175,T175_UAV_0,BS_0,HAP_2,794.494069,794.389017,0.00786,0.021229,0.379816
175,T175_UAV_14,HAP_1,LEO_1,1108.94545,1108.749908,0.045846,0.010827,0.194341
175,T175_UAV_6,HAP_1,LEO_1,1478.392967,1478.201999,0.047727,0.004373,0.194341
175,T175_UAV_5,HAP_1,BS_1,360.922749,360.658931,0.03252,0.040957,0.451705
176,T176_UAV_0,BS_0,LEO_0,264.897754,264.809221,0.000568,0.018076,0.349449
176,T176_UAV_17,BS_4,HAP_2,536.496118,536.333942,0.028112,0.011062,0.115014
176,T176_UAV_1,BS_3,LEO_1,437.689439,437.456013,0.044093,0.021154,0.340897
176,T176_UAV_7,BS_4,HAP_0,750.798492,750.603406,0.02767,0.021922,0.227466
176,T176_UAV_4,BS_4,HAP_1,558.732866,558.506236,0.028251,0.055522,0.214288
176,T176_UAV_18,BS_1,LEO_0,655.85698,655.776321,0.001279,0.00949,0.349449
176,T176_UAV_3,BS_0,LEO_1,704.940149,704.713822,0.048068,0.010079,0.340897
176,T176_UAV_10,HAP_1,HAP_2,1270.453021,1270.293613,0.032597,0.003809,0.115014
176,T176_UAV_6,HAP_1,HAP_0,850.237574,850.036542,0.029744,0.025794,0.227466
176,T176_UAV_16,BS_0,HAP_1,570.537355,570.334284,0.028751,0.031462,0.214288
176,T176_UAV_12,BS_0,BS_3,609.413974,609.130995,0.048042,0.077648,0.286448
176,T176_UAV_5,HAP_1,LEO_0,740.478462,740.403473,0.00123,0.003868,0.349449
176,T176_UAV_15,BS_3,LEO_1,762.210464,761.983179,0.048107,0.010998,0.340897
176,T176_UAV_13,BS_4,HAP_2,1315.906025,1315.737268,0.032388,0.013365,0.115014
176,T176_UAV_19,BS_2,HAP_2,1673.646779,1673.466204,0.035207,0.022366,0.115014
176,T176_UAV_8,BS_3,HAP_2,1730.527645,1730.348894,0.037292,0.018456,0.115014
176,T176_UAV_14,HAP_1,HAP_0,470.78754,470.596829,0.027655,0.017563,0.227466
177,T177_UAV_13,BS_4,LEO_0,606.577592,606.402909,0.040779,0.012203,0.108508
177,T177_UAV_8,BS_3,LEO_1,351.858627,351.644514,0.043998,0.024013,0.230509
177,T177_UAV_9,BS_3,HAP_0,358.560601,358.365611,0.027478,0.025811,0.208505
177,T177_UAV_4,BS_4,HAP_1,472.099352,471.905738,0.027745,0.011413,0.272282
177,T177_UAV_18,BS_1,HAP_2,508.484352,508.259028,0.028369,0.011592,0.426821
177,T177_UAV_12,BS_0,LEO_0,1008.226303,1008.047213,0.041851,0.015537,0.108508
177,T177_UAV_0,BS_0,LEO_1,547.347181,547.132862,0.046712,0.021505,0.230509
177,T177_UAV_15,BS_3,LEO_0,1071.718697,1071.545397,0.041634,0.009965,0.108508
177,T177_UAV_7,BS_4,HAP_0,687.127315,686.93386,0.027666,0.024089,0.208505
177,T177_UAV_10,HAP_1,LEO_1,708.11806,707.904938,0.046062,0.020958,0.230509
177,T177_UAV_11,BS_2,HAP_1,722.570577,722.349504,0.030383,0.036233,0.272282
177,T177_UAV_3,BS_0,LEO_0,1104.123396,1103.956101,0.041684,0.003909,0.108508
177,T177_UAV_2,HAP_1,HAP_2,751.91316,751.661504,0.030941,0.035351,0.426821
177,T177_UAV_5,HAP_1,BS_1,771.28299,770.99176,0.058153,0.038766,0.471558
177,T177_UAV_6,HAP_1,BS_2,780.42664,780.147253,0.058725,0.040253,0.402047
177,T177_UAV_16,BS_0,BS_4,784.452822,784.177446,0.058977,0.046049,0.351749
177,T177_UAV_17,BS_4,LEO_0,1504.61048,1504.43768,0.041999,0.009099,0.108508
177,T177_UAV_19,BS_2,LEO_0,1600.135294,1599.954006,0.042701,0.016885,0.108508
177,T177_UAV_14,HAP_1,BS_0,307.543144,307.275778,0.029185,0.066051,0.360649
178,T178_UAV_13,BS_4,LEO_1,328.72677,328.539399,0.042663,0.00606,0.193243
178,T178_UAV_4,BS_4,LEO_0,353.137654,352.933855,0.040618,0.008527,0.273271
178,T178_UAV_3,BS_0,HAP_0,535.580948,535.395281,0.028218,0.020804,0.183226
178,T178_UAV_19,BS_2,HAP_1,435.178234,434.951733,0.028326,0.033533,0.323206
178,T178_UAV_5,HAP_1,HAP_2,468.173306,467.946276,0.029511,0.034729,0.313945
178,T178_UAV_11,BS_2,LEO_0,379.71014,379.506094,0.0408,0.008593,0.273271
178,T178_UAV_7,BS_4,LEO_1,517.91811,517.712523,0.044447,0.022492,0.193243
178,T178_UAV_17,BS_4,HAP_0,668.691033,668.508141,0.028315,0.017932,0.183226
178,T178_UAV_8,BS_3,LEO_0,491.87728,491.673029,0.041006,0.008591,0.273271
178,T178_UAV_1,BS_3,HAP_1,492.587261,492.359161,0.027301,0.036158,0.323206
178,T178_UAV_6,HAP_1,LEO_1,655.769295,655.577731,0.044498,0.008417,0.193243
178,T178_UAV_14,HAP_1,BS_1,692.283663,692.045126,0.053221,0.026254,0.295304
178,T178_UAV_12,BS_0,LEO_1,705.835474,705.636313,0.047318,0.013194,0.193243
178,T178_UAV_2,HAP_1,HAP_2,789.610205,789.376561,0.03124,0.039615,0.313945
178,T178_UAV_15,BS_3,HAP_0,907.159316,906.974521,0.030891,0.017259,0.183226
178,T178_UAV_10,HAP_1,BS_3,344.536748,344.309419,0.031499,0.038848,0.284912
179,T179_UAV_16,BS_0,LEO_0,290.668459,290.61309,0.000487,0.006122,0.243799
179,T179_UAV_1,BS_3,LEO_1,328.914936,328.859547,0.002485,0.012679,0.201122
179,T179_UAV_12,BS_0,HAP_0,301.203765,301.002828,0.027405,0.020125,0.267034
179,T179_UAV_3,BS_0,HAP_1,357.371825,357.142443,0.027406,0.045438,0.282691
179,T179_UAV_17,BS_4,HAP_2,408.209715,408.138583,0.003303,0.018239,0.247951
179,T179_UAV_10,HAP_1,LEO_0,628.961065,628.903002,0.000916,0.008388,0.243799
179,T179_UAV_9,BS_3,LEO_1,642.109414,642.05746,0.005429,0.006301,0.201122
179,T179_UAV_14,HAP_1,LEO_0,689.875883,689.814285,0.001036,0.011801,0.243799
179,T179_UAV_11,BS_2,HAP_0,533.872362,533.657951,0.028138,0.032867,0.267034
179,T179_UAV_18,BS_1,HAP_1,618.904125,618.66692,0.029114,0.051552,0.282691
179,T179_UAV_0,BS_0,LEO_1,827.58494,827.52282,0.008097,0.013798,0.201122
179,T179_UAV_7,BS_4,HAP_2,628.906599,628.836413,0.003895,0.016701,0.247951
179,T179_UAV_6,HAP_1,BS_1,665.108924,664.7972,0.051519,0.054871,0.526671
179,T179_UAV_5,HAP_1,BS_2,759.131115,758.814872,0.057392,0.052419,0.532158
179,T179_UAV_8,BS_3,BS_4,776.109198,775.859842,0.058457,0.017215,0.368422
179,T179_UAV_4,BS_4,LEO_0,953.537157,953.482122,0.001531,0.004745,0.243799
179,T179_UAV_2,HAP_1,LEO_1,455.63503,455.572508,0.003248,0.01905,0.201122
180,T180_UAV_13,BS_4,LEO_0,204.114797,203.919945,0.040313,0.006271,0.241336
180,T180_UAV_7,BS_4,LEO_1,214.201394,213.999699,0.042294,0.009915,0.247436
180,T180_UAV_14,HAP_1,HAP_0,320.922642,320.738615,0.027061,0.0063,0.253331
180,T180_UAV_0,BS_0,HAP_2,339.423517,339.225359,0.028325,0.022486,0.236738
180,T180_UAV_1,BS_3,LEO_0,355.895682,355.683774,0.040558,0.023082,0.241336
180,T180_UAV_12,BS_0,HAP_1,553.875273,553.622337,0.029637,0.046085,0.386067
180,T180_UAV_15,BS_3,LEO_1,503.428928,503.210048,0.045339,0.024054,0.247436
180,T180_UAV_4,BS_4,HAP_0,571.73395,571.545703,0.027493,0.010087,0.253331
180,T180_UAV_19,BS_2,HAP_1,592.579855,592.320619,0.029546,0.052477,0.386067
180,T180_UAV_11,BS_2,LEO_0,631.738936,631.53292,0.041329,0.016421,0.241336
180,T180_UAV_16,BS_0,HAP_2,687.344219,687.151692,0.03076,0.01442,0.236738
180,T180_UAV_10,HAP_1,LEO_1,738.934999,738.724971,0.046308,0.014233,0.247436
180,T180_UAV_9,BS_3,BS_1,766.044496,765.776177,0.057827,0.040731,0.348804
180,T180_UAV_2,HAP_1,BS_2,296.163915,295.898825,0.028474,0.052744,0.419355
181,T181_UAV_3,BS_0,LEO_0,298.734813,298.543085,0.040566,0.01225,0.194559
181,T181_UAV_8,BS_3,LEO_1,331.908783,331.84652,0.003762,0.020619,0.189405
181,T181_UAV_12,BS_0,HAP_0,387.34987,387.171765,0.028082,0.012798,0.186119
181,T181_UAV_18,BS_1,HAP_1,464.332682,464.126008,0.028075,0.033724,0.224375
181,T181_UAV_11,BS_2,HAP_2,507.620778,507.547681,0.003823,0.021594,0.2384
181,T181_UAV_6,HAP_1,LEO_0,398.17447,397.976567,0.04065,0.018341,0.194559
181,T181_UAV_16,BS_0,LEO_1,505.031798,504.974828,0.005839,0.013249,0.189405
181,T181_UAV_4,BS_4,HAP_0,556.198382,556.005005,0.027421,0.028732,0.186119
181,T181_UAV_10,HAP_1,LEO_0,622.139166,621.946196,0.040982,0.013075,0.194559
181,T181_UAV_1,BS_3,HAP_1,657.387499,657.203364,0.028071,0.011189,0.224375
181,T181_UAV_15,BS_3,LEO_1,700.916519,700.86519,0.007443,0.006005,0.189405
181,T181_UAV_13,BS_4,HAP_2,706.668356,706.606659,0.005484,0.008532,0.2384
181,T181_UAV_2,HAP_1,BS_1,208.223446,207.980317,0.022982,0.033704,0.43221
182,T182_UAV_11,BS_2,LEO_0,394.305098,394.242746,0.000695,0.024181,0.18738
182,T182_UAV_3,BS_0,LEO_1,416.628682,416.434702,0.043237,0.013514,0.186144
182,T182_UAV_1,BS_3,HAP_0,459.330211,459.141884,0.02755,0.019268,0.20754
182,T182_UAV_18,BS_1,HAP_1,331.261051,331.041855,0.027189,0.048678,0.216646
182,T182_UAV_7,BS_4,LEO_0,507.889978,507.834861,0.000761,0.016879,0.18738
182,T182_UAV_19,BS_2,HAP_2,442.753068,442.689694,0.003835,0.006365,0.26587
182,T182_UAV_14,HAP_1,LEO_1,758.001121,757.803516,0.044474,0.015903,0.186144
182,T182_UAV_13,BS_4,LEO_0,878.914801,878.857835,0.00118,0.01831,0.18738
182,T182_UAV_2,HAP_1,LEO_1,894.145948,893.943884,0.045454,0.019382,0.186144
182,T182_UAV_17,BS_4,HAP_0,927.374908,927.176598,0.029591,0.027211,0.20754
182,T182_UAV_16,BS_0,HAP_1,620.482262,620.265589,0.029016,0.044327,0.216646
182,T182_UAV_8,BS_3,HAP_2,619.966384,619.889264,0.006479,0.017467,0.26587
182,T182_UAV_4,BS_4,BS_1,722.436164,722.168157,0.055103,0.018261,0.473213
182,T182_UAV_0,BS_0,LEO_0,946.161558,946.11786,0.001696,0.004527,0.18738
182,T182_UAV_12,BS_0,LEO_1,1063.589224,1063.384945,0.049262,0.017787,0.186144
182,T182_UAV_5,HAP_1,LEO_0,1080.875856,1080.832666,0.001551,0.004162,0.18738
182,T182_UAV_15,BS_3,LEO_1,1260.60732,1260.412094,0.049103,0.008894,0.186144
182,T182_UAV_6,HAP_1,HAP_0,485.89554,485.701685,0.027727,0.02462,0.20754
183,T183_UAV_8,BS_3,LEO_0,221.307084,221.08969,0.040446,0.024318,0.263149
183,T183_UAV_7,BS_4,LEO_1,668.090923,667.88375,0.044885,0.022794,0.19747
183,T183_UAV_16,BS_0,HAP_0,402.372714,402.17537,0.027453,0.018073,0.259093
183,T183_UAV_19,BS_2,HAP_1,413.975472,413.763804,0.028191,0.025959,0.287592
183,T183_UAV_12,BS_0,HAP_2,436.828386,436.744852,0.004395,0.011919,0.336097
183,T183_UAV_9,BS_3,LEO_1,692.996224,692.789567,0.044952,0.022211,0.19747
183,T183_UAV_17,BS_4,LEO_0,482.421933,482.219832,0.040771,0.0087,0.263149
183,T183_UAV_15,BS_3,LEO_1,801.553579,801.347167,0.045783,0.021135,0.19747
183,T183_UAV_3,BS_0,HAP_0,663.450763,663.242018,0.029601,0.027326,0.259093
183,T183_UAV_4,BS_4,LEO_1,831.44866,831.247968,0.046258,0.014941,0.19747
183,T183_UAV_18,BS_1,HAP_1,672.184144,671.961735,0.029439,0.035452,0.287592
183,T183_UAV_6,HAP_1,LEO_0,756.055654,755.846399,0.041237,0.015388,0.263149
183,T183_UAV_14,HAP_1,LEO_1,1223.920143,1223.726312,0.047221,0.007116,0.19747
183,T183_UAV_2,HAP_1,HAP_2,356.742845,356.656701,0.002822,0.016102,0.336097
184,T184_UAV_18,BS_1,LEO_1,276.936543,276.746644,0.042628,0.008414,0.194283
184,T184_UAV_1,BS_3,LEO_0,290.177874,290.10999,0.000422,0.01868,0.243916
184,T184_UAV_7,BS_4,HAP_0,345.872183,345.809282,0.001239,0.022808,0.194267
184,T184_UAV_16,BS_0,HAP_1,312.160888,311.916725,0.027007,0.057389,0.298836
184,T184_UAV_5,HAP_1,HAP_2,402.498112,402.300693,0.028877,0.022252,0.231447
184,T184_UAV_13,BS_4,LEO_0,559.306064,559.226053,0.000795,0.030432,0.243916
184,T184_UAV_19,BS_2,LEO_1,569.078552,568.872799,0.045785,0.021111,0.194283
184,T184_UAV_6,HAP_1,LEO_0,579.027265,578.968481,0.000873,0.009129,0.243916
184,T184_UAV_2,HAP_1,HAP_0,726.374627,726.325147,0.00337,0.007257,0.194267
184,T184_UAV_15,BS_3,HAP_1,585.503617,585.292441,0.028709,0.0227,0.298836
184,T184_UAV_0,BS_0,LEO_1,832.211413,832.014869,0.048165,0.009522,0.194283
184,T184_UAV_17,BS_4,HAP_2,627.65946,627.478338,0.030076,0.004757,0.231447
184,T184_UAV_10,HAP_1,LEO_1,953.10709,952.895572,0.04658,0.026082,0.194283
184,T184_UAV_8,BS_3,LEO_0,1008.013523,1007.944562,0.001843,0.018335,0.243916
184,T184_UAV_11,BS_2,HAP_0,1189.829401,1189.75964,0.006201,0.024707,0.194267
185,T185_UAV_15,BS_3,LEO_0,229.467974,229.394946,0.000429,0.019614,0.264923
185,T185_UAV_5,HAP_1,LEO_1,164.426718,164.228674,0.041911,0.012716,0.217086
185,T185_UAV_16,BS_0,HAP_0,306.133823,306.061581,0.001859,0.017645,0.263687
185,T185_UAV_1,BS_3,HAP_1,385.785706,385.584554,0.0268,0.015056,0.296476
185,T185_UAV_0,BS_0,HAP_2,272.069476,272.003926,0.003794,0.011082,0.253367
185,T185_UAV_10,HAP_1,LEO_0,705.435565,705.375134,0.001118,0.006328,0.264923
185,T185_UAV_14,HAP_1,LEO_1,471.169971,470.959867,0.045449,0.021238,0.217086
185,T185_UAV_2,HAP_1,LEO_0,737.778749,737.710477,0.001162,0.014125,0.264923
185,T185_UAV_7,BS_4,HAP_0,783.573343,783.503055,0.003065,0.014486,0.263687
185,T185_UAV_6,HAP_1,HAP_1,214.380437,214.182728,0.025826,0.012588,0.296476
186,T186_UAV_13,BS_4,LEO_0,344.657289,344.469565,0.040461,0.010411,0.184259
186,T186_UAV_8,BS_3,LEO_1,294.217415,293.984615,0.043305,0.027361,0.31067
186,T186_UAV_9,BS_3,HAP_1,374.920241,374.72224,0.027203,0.024542,0.231282
186,T186_UAV_1,BS_3,HAP_0,497.107474,497.029649,0.003155,0.006979,0.338455
186,T186_UAV_17,BS_4,HAP_2,521.73051,521.667108,0.004223,0.004067,0.275557
186,T186_UAV_11,BS_2,LEO_0,682.703677,682.518607,0.041197,0.007021,0.184259
186,T186_UAV_6,HAP_1,LEO_1,581.262848,581.039188,0.044935,0.016592,0.31067
186,T186_UAV_18,BS_1,LEO_0,812.689978,812.49438,0.041322,0.017425,0.184259
186,T186_UAV_12,BS_0,BS_4,507.06238,506.837341,0.041652,0.059465,0.119611
186,T186_UAV_19,BS_2,HAP_1,574.563505,574.360465,0.029453,0.02733,0.231282
186,T186_UAV_16,BS_0,HAP_0,632.63045,632.550891,0.003832,0.008036,0.338455
186,T186_UAV_3,BS_0,HAP_2,662.744204,662.668785,0.006203,0.014104,0.275557
186,T186_UAV_15,BS_3,LEO_0,1075.908223,1075.701301,0.041711,0.02836,0.184259
186,T186_UAV_2,HAP_1,LEO_0,1325.341335,1325.155427,0.041813,0.007243,0.184259
186,T186_UAV_5,HAP_1,LEO_1,233.365694,233.150687,0.04198,0.010892,0.31067
187,T187_UAV_5,HAP_1,LEO_0,480.600255,480.397261,0.040732,0.021057,0.206022
187,T187_UAV_9,BS_3,LEO_1,412.064988,412.004163,0.004306,0.006908,0.248057
187,T187_UAV_15,BS_3,HAP_0,423.764422,423.570118,0.028146,0.013851,0.261534
187,T187_UAV_3,BS_0,HAP_2,486.373781,486.18491,0.029548,0.012339,0.234917
187,T187_UAV_13,BS_4,HAP_1,643.929582,643.676348,0.028131,0.06112,0.319911
187,T187_UAV_6,HAP_1,LEO_0,693.978221,693.777774,0.041046,0.018197,0.206022
187,T187_UAV_14,HAP_1,LEO_1,540.447558,540.375265,0.004561,0.01812,0.248057
187,T187_UAV_2,HAP_1,HAP_0,649.098985,648.903682,0.028364,0.014632,0.261534
187,T187_UAV_16,BS_0,HAP_1,652.239948,652.007291,0.029165,0.03951,0.319911
187,T187_UAV_4,BS_4,LEO_0,877.830405,877.622819,0.041408,0.024974,0.206022
187,T187_UAV_8,BS_3,LEO_1,672.162609,672.098813,0.007565,0.00662,0.248057
187,T187_UAV_7,BS_4,HAP_2,689.441898,689.246366,0.029271,0.019278,0.234917
187,T187_UAV_11,BS_2,BS_1,709.205254,708.950426,0.054277,0.040552,0.299996
187,T187_UAV_0,BS_0,BS_2,748.810617,748.55681,0.056751,0.038411,0.293224
187,T187_UAV_12,BS_0,BS_4,766.767116,766.505417,0.057873,0.034055,0.348857
187,T187_UAV_19,BS_2,LEO_0,1034.963553,1034.770739,0.042029,0.00958,0.206022
187,T187_UAV_10,HAP_1,BS_0,305.808737,305.56879,0.029079,0.036997,0.369359
188,T188_UAV_16,BS_0,LEO_0,264.092573,264.031709,0.000477,0.018526,0.209307
188,T188_UAV_9,BS_3,LEO_1,277.343918,277.270634,0.002894,0.012913,0.287385
188,T188_UAV_17,BS_4,HAP_0,294.061976,294.004314,0.001636,0.007549,0.242389
188,T188_UAV_13,BS_4,HAP_1,336.865189,336.654592,0.026635,0.042807,0.205777
188,T188_UAV_19,BS_2,HAP_2,385.143207,385.081755,0.003349,0.01217,0.22967
188,T188_UAV_12,BS_0,LEO_0,398.7563,398.69539,0.000924,0.018124,0.209307
188,T188_UAV_4,BS_4,LEO_1,404.13453,404.066795,0.004482,0.005776,0.287385
188,T188_UAV_14,HAP_1,LEO_0,423.45677,423.396877,0.000696,0.017336,0.209307
188,T188_UAV_6,HAP_1,HAP_0,463.853943,463.78476,0.002997,0.017707,0.242389
188,T188_UAV_0,BS_0,HAP_1,546.47158,546.240773,0.029176,0.060476,0.205777
188,T188_UAV_5,HAP_1,LEO_1,571.046958,570.955587,0.004861,0.029033,0.287385
188,T188_UAV_3,BS_0,HAP_2,610.298234,610.240756,0.005714,0.00583,0.22967
188,T188_UAV_1,BS_3,BS_1,690.204763,689.927351,0.053089,0.018266,0.530287
188,T188_UAV_18,BS_1,BS_2,724.156611,723.895774,0.055211,0.047415,0.291051
188,T188_UAV_8,BS_3,BS_4,200.658649,200.419246,0.02251,0.058949,0.28972
188,T188_UAV_10,HAP_1,BS_0,342.658378,342.442618,0.031382,0.014849,0.347646
189,T189_UAV_19,BS_2,LEO_0,205.051011,204.982224,0.000448,0.005914,0.312122
189,T189_UAV_9,BS_3,LEO_1,298.4867,298.401686,0.003111,0.012488,0.347074
189,T189_UAV_17,BS_4,HAP_0,494.02182,493.941755,0.002441,0.020315,0.286546
189,T189_UAV_16,BS_0,HAP_1,341.559674,341.328741,0.027167,0.044845,0.294604
189,T189_UAV_7,BS_4,HAP_2,560.771832,560.703311,0.003057,0.005811,0.298265
189,T189_UAV_3,BS_0,LEO_0,395.280528,395.197342,0.000761,0.020001,0.312122
189,T189_UAV_1,BS_3,LEO_1,399.519659,399.435442,0.003734,0.011068,0.347074
189,T189_UAV_15,BS_3,LEO_0,403.616569,403.529142,0.000751,0.024251,0.312122
189,T189_UAV_8,BS_3,HAP_0,685.385229,685.313534,0.004528,0.009859,0.286546
189,T189_UAV_14,HAP_1,LEO_1,477.570613,477.480815,0.004023,0.01636,0.347074
189,T189_UAV_0,BS_0,HAP_1,479.673417,479.440004,0.028666,0.045825,0.294604
189,T189_UAV_12,BS_0,HAP_2,745.191669,745.112244,0.006192,0.013581,0.298265
189,T189_UAV_13,BS_4,BS_1,521.565202,521.273772,0.042553,0.05382,0.475282
189,T189_UAV_6,HAP_1,BS_2,547.075032,546.796756,0.044148,0.05625,0.389392
189,T189_UAV_4,BS_4,BS_0,550.830834,550.60185,0.044385,0.013643,0.354782
189,T189_UAV_18,BS_1,BS_4,598.566865,598.304661,0.047365,0.052576,0.311312
189,T189_UAV_11,BS_2,HAP_0,760.595691,760.518499,0.003973,0.015909,0.286546
189,T189_UAV_5,HAP_1,HAP_2,1045.899799,1045.810017,0.008448,0.021681,0.298265
189,T189_UAV_10,HAP_1,BS_3,240.513438,240.271262,0.024999,0.049647,0.337648
190,T190_UAV_16,BS_0,LEO_1,384.485354,384.284418,0.043504,0.022509,0.17462
190,T190_UAV_12,BS_0,LEO_0,490.094806,489.89245,0.041129,0.018332,0.214471
190,T190_UAV_19,BS_2,HAP_0,494.621755,494.535702,0.003384,0.012056,0.353062
190,T190_UAV_13,BS_4,HAP_1,512.981608,512.781332,0.027487,0.041476,0.156564
190,T190_UAV_4,BS_4,HAP_2,521.043473,520.964623,0.003356,0.006998,0.34248
190,T190_UAV_10,HAP_1,LEO_1,562.35771,562.173155,0.04386,0.005771,0.17462
190,T190_UAV_7,BS_4,LEO_0,622.526775,622.332973,0.04109,0.009818,0.214471
190,T190_UAV_5,HAP_1,LEO_1,732.966458,732.768504,0.045057,0.017973,0.17462
190,T190_UAV_8,BS_3,HAP_1,591.702738,591.528388,0.029079,0.013958,0.156564
190,T190_UAV_3,BS_0,HAP_0,632.452422,632.373743,0.004407,0.00366,0.353062
190,T190_UAV_17,BS_4,LEO_0,698.194306,697.99871,0.04111,0.011592,0.214471
190,T190_UAV_6,HAP_1,BS_2,723.088926,722.832257,0.055144,0.048571,0.264764
190,T190_UAV_0,BS_0,HAP_2,744.625398,744.537499,0.007192,0.01221,0.34248
190,T190_UAV_9,BS_3,BS_1,793.317414,793.034375,0.05953,0.046974,0.382677
190,T190_UAV_15,BS_3,LEO_1,909.323477,909.113962,0.047697,0.026894,0.17462
190,T190_UAV_2,HAP_1,BS_4,258.345243,258.106613,0.026114,0.045202,0.336575
191,T191_UAV_8,BS_3,LEO_0,340.828544,340.626093,0.040611,0.02526,0.182899
191,T191_UAV_19,BS_2,LEO_1,257.608477,257.410637,0.043316,0.006863,0.238301
191,T191_UAV_17,BS_4,HAP_0,433.447192,433.286153,0.027139,0.012948,0.104764
191,T191_UAV_7,BS_4,HAP_1,320.291272,320.09293,0.026765,0.031077,0.202494
191,T191_UAV_0,BS_0,HAP_2,599.192798,599.026545,0.029836,0.006528,0.149446
191,T191_UAV_11,BS_2,LEO_0,626.808028,626.618795,0.041176,0.011477,0.182899
191,T191_UAV_13,BS_4,LEO_1,558.089931,557.883791,0.045595,0.012884,0.238301
191,T191_UAV_5,HAP_1,HAP_0,848.269807,848.102274,0.029923,0.016656,0.104764
191,T191_UAV_4,BS_4,HAP_1,572.01932,571.8297,0.028289,0.020832,0.202494
191,T191_UAV_14,HAP_1,LEO_0,799.811046,799.627464,0.04121,0.005792,0.182899
191,T191_UAV_2,HAP_1,HAP_2,965.445238,965.270377,0.031544,0.013429,0.149446
191,T191_UAV_3,BS_0,LEO_1,647.448552,647.236893,0.047519,0.01648,0.238301
191,T191_UAV_9,BS_3,BS_2,725.520555,725.258895,0.055296,0.050788,0.277881
191,T191_UAV_16,BS_0,BS_1,749.953158,749.648455,0.05682,0.043933,0.519754
191,T191_UAV_1,BS_3,LEO_0,881.123514,880.931837,0.041283,0.013814,0.182899
191,T191_UAV_18,BS_1,HAP_0,1129.248317,1129.09125,0.029805,0.006308,0.104764
191,T191_UAV_6,HAP_1,HAP_2,349.930083,349.753847,0.02777,0.018577,0.149446
192,T192_UAV_13,BS_4,LEO_0,268.568128,268.513662,0.00038,0.016279,0.189033
192,T192_UAV_0,BS_0,LEO_1,296.437039,296.238702,0.042921,0.012622,0.213973
192,T192_UAV_15,BS_3,HAP_0,518.491348,518.435091,0.003298,0.010264,0.213473
192,T192_UAV_10,HAP_1,HAP_2,391.101389,390.916244,0.028363,0.008456,0.241631
192,T192_UAV_7,BS_4,HAP_1,447.238685,447.034743,0.027469,0.028995,0.237395
192,T192_UAV_2,HAP_1,LEO_0,688.320465,688.265894,0.000997,0.015767,0.189033
192,T192_UAV_6,HAP_1,LEO_1,708.310269,708.09191,0.0449,0.030665,0.213973
192,T192_UAV_16,BS_0,LEO_0,719.175926,719.121903,0.001178,0.015038,0.189033
192,T192_UAV_9,BS_3,HAP_0,897.555079,897.489782,0.005283,0.017319,0.213473
192,T192_UAV_12,BS_0,HAP_1,721.046375,720.834088,0.030913,0.033896,0.237395
192,T192_UAV_18,BS_1,HAP_2,725.31019,725.127657,0.029709,0.004498,0.241631
192,T192_UAV_1,BS_3,LEO_0,732.354895,732.30955,0.001068,0.00647,0.189033
192,T192_UAV_3,BS_0,LEO_1,986.341201,986.120393,0.049148,0.028866,0.213973
192,T192_UAV_8,BS_3,BS_1,742.484359,742.239626,0.056357,0.012508,0.379348
192,T192_UAV_19,BS_2,BS_4,776.495042,776.231137,0.05848,0.035218,0.351035
192,T192_UAV_4,BS_4,LEO_1,1002.843232,1002.638133,0.048871,0.013433,0.213973
192,T192_UAV_5,HAP_1,HAP_0,570.119085,570.068004,0.00331,0.005077,0.213473
193,T193_UAV_0,BS_0,LEO_1,415.811392,415.762194,0.003037,0.006539,0.198109
193,T193_UAV_11,BS_2,HAP_0,233.888478,233.692297,0.026383,0.022407,0.236959
193,T193_UAV_6,HAP_1,LEO_0,401.847524,401.770046,0.000661,0.011175,0.32821
193,T193_UAV_16,BS_0,LEO_1,474.244682,474.173182,0.003208,0.028669,0.198109
193,T193_UAV_14,HAP_1,HAP_2,331.239651,331.046419,0.028082,0.011296,0.26927
193,T193_UAV_18,BS_1,HAP_1,493.3803,493.141749,0.028202,0.060231,0.250595
193,T193_UAV_12,BS_0,LEO_1,509.199627,509.150788,0.003849,0.005369,0.198109
193,T193_UAV_4,BS_4,LEO_1,583.694831,583.623397,0.00385,0.027963,0.198109
193,T193_UAV_17,BS_4,LEO_0,659.862198,659.789835,0.001046,0.005675,0.32821
193,T193_UAV_7,BS_4,HAP_0,559.576286,559.386211,0.027203,0.015481,0.236959
193,T193_UAV_3,BS_0,LEO_1,797.109254,797.045102,0.005498,0.019032,0.198109
193,T193_UAV_10,HAP_1,LEO_0,701.455234,701.373377,0.001118,0.015098,0.32821
193,T193_UAV_13,BS_4,HAP_1,723.368282,723.179825,0.028498,0.00984,0.250595
193,T193_UAV_1,BS_3,HAP_2,798.856042,798.646627,0.032357,0.023205,0.26927
193,T193_UAV_5,HAP_1,LEO_1,401.187422,401.127743,0.00211,0.017946,0.198109
194,T194_UAV_1,BS_3,LEO_0,228.067531,227.980232,0.000361,0.018445,0.342464
194,T194_UAV_3,BS_0,LEO_1,336.203492,335.986366,0.043119,0.02024,0.268835
194,T194_UAV_17,BS_4,HAP_0,529.767801,529.574317,0.027611,0.011223,0.273253
194,T194_UAV_11,BS_2,HAP_1,406.575632,406.368879,0.027973,0.026329,0.262253
194,T194_UAV_4,BS_4,HAP_2,460.983226,460.909535,0.002959,0.021437,0.246474
194,T194_UAV_8,BS_3,LEO_0,473.0561,472.980262,0.000931,0.006414,0.342464
194,T194_UAV_9,BS_3,LEO_1,649.644247,649.429176,0.045397,0.015907,0.268835
194,T194_UAV_7,BS_4,HAP_0,953.118788,952.931153,0.028443,0.004542,0.273253
194,T194_UAV_10,HAP_1,LEO_0,668.511353,668.429533,0.001066,0.012261,0.342464
194,T194_UAV_12,BS_0,HAP_1,669.560107,669.346564,0.030471,0.030621,0.262253
194,T194_UAV_0,BS_0,HAP_2,670.006753,669.923685,0.00643,0.027343,0.246474
194,T194_UAV_15,BS_3,LEO_1,912.416507,912.182277,0.047705,0.032758,0.268835
194,T194_UAV_18,BS_1,BS_2,744.756424,744.434772,0.056494,0.074523,0.453174
194,T194_UAV_6,HAP_1,LEO_1,1030.761321,1030.539656,0.047142,0.020756,0.268835
194,T194_UAV_5,HAP_1,HAP_0,390.616466,390.416951,0.027264,0.0176,0.273253
195,T195_UAV_18,BS_4,LEO_0,271.921832,271.734809,0.040468,0.016051,0.152518
195,T195_UAV_0,BS_0,LEO_1,162.036738,161.972974,0.00284,0.014831,0.230467
195,T195_UAV_12,BS_0,HAP_0,477.866527,477.797961,0.003173,0.026548,0.194225
195,T195_UAV_15,BS_3,LEO_0,467.80631,467.616139,0.040787,0.018881,0.152518
195,T195_UAV_5,HAP_1,HAP_2,248.4127,248.353206,0.003423,0.003435,0.263181
195,T195_UAV_9,BS_3,HAP_1,578.132621,577.93828,0.028321,0.019368,0.233262
195,T195_UAV_2,HAP_1,LEO_1,343.137983,343.078369,0.004133,0.009388,0.230467
195,T195_UAV_13,BS_4,HAP_0,583.918991,583.860486,0.002719,0.01694,0.194225
195,T195_UAV_14,HAP_1,LEO_0,722.125135,721.934729,0.041092,0.018812,0.152518
195,T195_UAV_1,BS_3,HAP_1,660.870149,660.660113,0.028082,0.035301,0.233262
195,T195_UAV_3,BS_0,LEO_0,1045.609734,1045.427911,0.041844,0.009475,0.152518
195,T195_UAV_10,HAP_1,HAP_0,546.790796,546.743697,0.002814,0.005441,0.194225
196,T196_UAV_19,BS_2,LEO_0,409.953264,409.769371,0.040752,0.003631,0.197546
196,T196_UAV_11,BS_2,LEO_1,296.608894,296.379001,0.043723,0.01756,0.343049
196,T196_UAV_8,BS_3,HAP_0,301.47621,301.392946,0.00229,0.016191,0.323918
196,T196_UAV_16,BS_1,HAP_1,553.88776,553.703192,0.028032,0.012762,0.21887
196,T196_UAV_12,BS_0,HAP_2,371.844447,371.64941,0.028652,0.017101,0.246416
196,T196_UAV_14,HAP_1,LEO_0,631.670631,631.486146,0.040897,0.004079,0.197546
196,T196_UAV_1,BS_3,LEO_1,412.048832,411.827826,0.043839,0.008558,0.343049
196,T196_UAV_15,BS_3,HAP_0,412.642058,412.556265,0.003021,0.017988,0.323918
196,T196_UAV_10,HAP_1,LEO_0,691.017138,690.826071,0.040957,0.010601,0.197546
196,T196_UAV_0,BS_0,HAP_1,872.731017,872.523919,0.030755,0.032568,0.21887
196,T196_UAV_13,BS_4,HAP_2,586.255682,586.060844,0.029562,0.015993,0.246416
196,T196_UAV_9,BS_3,LEO_1,631.489567,631.266548,0.046523,0.007887,0.343049
196,T196_UAV_3,BS_0,LEO_0,855.462191,855.274212,0.041409,0.007061,0.197546
196,T196_UAV_17,BS_4,BS_0,730.444565,730.17399,0.055603,0.056719,0.291264
196,T196_UAV_6,HAP_1,BS_1,794.361007,794.028936,0.059592,0.074866,0.488063
196,T196_UAV_4,BS_4,LEO_0,1075.049462,1074.841047,0.041617,0.027289,0.197546
196,T196_UAV_5,HAP_1,HAP_1,532.468636,532.285946,0.026968,0.011949,0.21887
197,T197_UAV_0,BS_0,LEO_0,474.346484,474.300653,0.000803,0.005284,0.198722
197,T197_UAV_17,BS_4,LEO_1,255.403816,255.331375,0.002624,0.028244,0.207868
197,T197_UAV_14,HAP_1,HAP_0,312.070144,311.881745,0.026971,0.018595,0.214164
197,T197_UAV_9,BS_3,LEO_0,647.188713,647.133383,0.000903,0.014682,0.198722
197,T197_UAV_12,BS_0,HAP_1,492.757595,492.562918,0.029004,0.013771,0.259517
197,T197_UAV_8,BS_3,HAP_2,249.837325,249.658594,0.028706,0.005615,0.222051
197,T197_UAV_13,BS_4,LEO_1,517.549312,517.4741,0.00518,0.028458,0.207868
197,T197_UAV_7,BS_4,LEO_0,723.845657,723.782343,0.001039,0.022531,0.198722
197,T197_UAV_15,BS_3,HAP_0,529.302353,529.125829,0.028865,0.004826,0.214164
197,T197_UAV_4,BS_4,LEO_0,994.918259,994.86192,0.001425,0.01517,0.198722
197,T197_UAV_18,BS_4,HAP_1,679.958114,679.7456,0.029385,0.031226,0.259517
197,T197_UAV_6,HAP_1,LEO_0,1140.780486,1140.72397,0.00155,0.015222,0.198722
197,T197_UAV_10,HAP_1,LEO_0,1348.252713,1348.192127,0.001786,0.019057,0.198722
197,T197_UAV_2,HAP_1,LEO_1,217.211888,217.15313,0.001903,0.015282,0.207868
198,T198_UAV_8,BS_3,LEO_1,269.288728,269.215205,0.002391,0.017969,0.265813
198,T198_UAV_1,BS_3,LEO_0,206.145693,205.908235,0.040326,0.029594,0.337696
198,T198_UAV_9,BS_3,HAP_0,485.708961,485.537029,0.027592,0.005816,0.19262
198,T198_UAV_18,BS_4,HAP_2,549.199093,549.153437,0.003099,0.003941,0.193081
198,T198_UAV_12,BS_0,HAP_1,500.081893,499.842506,0.029056,0.041101,0.346154
198,T198_UAV_14,HAP_1,LEO_1,528.071838,528.004959,0.003612,0.010105,0.265813
198,T198_UAV_10,HAP_1,LEO_0,441.741352,441.520987,0.040705,0.012121,0.337696
198,T198_UAV_11,BS_2,HAP_0,763.088405,762.899574,0.028689,0.021617,0.19262
198,T198_UAV_4,BS_4,HAP_2,599.805496,599.753088,0.003361,0.010431,0.193081
198,T198_UAV_19,BS_2,HAP_1,613.77316,613.547552,0.02982,0.026557,0.346154
198,T198_UAV_3,BS_0,LEO_1,927.716711,927.648819,0.00866,0.006069,0.265813
198,T198_UAV_16,BS_1,LEO_0,714.255325,714.015408,0.041261,0.031116,0.337696
198,T198_UAV_7,BS_4,HAP_0,954.134159,953.953651,0.028264,0.01372,0.19262
198,T198_UAV_15,BS_3,HAP_2,807.580032,807.525535,0.00678,0.009101,0.193081
198,T198_UAV_13,BS_4,LEO_1,1032.847807,1032.767217,0.008308,0.019119,0.265813
198,T198_UAV_5,HAP_1,HAP_0,1491.614985,1491.419651,0.032924,0.023886,0.19262
198,T198_UAV_6,HAP_1,BS_1,312.500215,312.202967,0.029493,0.078066,0.448441
199,T199_UAV_15,BS_3,LEO_0,322.867549,322.661114,0.040592,0.006387,0.297283
199,T199_UAV_7,BS_4,LEO_1,328.444275,328.355317,0.003569,0.01218,0.366045
199,T199_UAV_17,BS_4,HAP_1,437.651976,437.460494,0.027251,0.01577,0.242306
199,T199_UAV_19,BS_2,HAP_0,476.299953,476.106458,0.028278,0.00522,0.299986
199,T199_UAV_12,BS_0,HAP_2,497.552331,497.359766,0.029863,0.008909,0.268966
199,T199_UAV_8,BS_3,BS_0,620.571754,620.33181,0.048741,0.062381,0.14411
199,T199_UAV_13,BS_4,LEO_0,533.435258,533.210574,0.040813,0.024414,0.297283
199,T199_UAV_6,HAP_1,LEO_1,668.999581,668.898285,0.005735,0.022351,0.366045
199,T199_UAV_0,BS_0,HAP_0,558.533914,558.315919,0.029101,0.028897,0.299986
199,T199_UAV_4,BS_4,HAP_1,650.051468,649.82524,0.028715,0.049053,0.242306
199,T199_UAV_11,BS_2,LEO_0,711.823177,711.60295,0.041461,0.01931,0.297283
199,T199_UAV_5,HAP_1,HAP_2,740.52718,740.328997,0.032133,0.012256,0.268966
199,T199_UAV_16,BS_1,BS_2,753.405865,753.173741,0.05704,0.033915,0.205846
199,T199_UAV_2,HAP_1,BS_0,1463.112313,1462.830651,0.101371,0.051469,0.14411
199,T199_UAV_14,HAP_1,LEO_1,207.356786,207.273504,0.001747,0.008326,0.366045
200,T200_UAV_19,BS_2,LEO_1,458.119175,457.950167,0.043455,0.003285,0.111338
200,T200_UAV_16,BS_1,LEO_0,262.524375,262.457685,0.000462,0.018809,0.237097
200,T200_UAV_14,HAP_1,HAP_0,288.478551,288.282878,0.02681,0.018511,0.251759
200,T200_UAV_17,BS_4,HAP_1,290.457019,290.244553,0.02649,0.031496,0.272397
200,T200_UAV_3,BS_0,HAP_2,358.340946,358.137431,0.028354,0.026475,0.243429
200,T200_UAV_13,BS_4,LEO_1,846.832017,846.656827,0.045112,0.007811,0.111338
200,T200_UAV_11,BS_2,LEO_0,460.52478,460.461252,0.000945,0.015164,0.237097
200,T200_UAV_4,BS_4,LEO_1,1011.1697,1010.99522,0.046649,0.005562,0.111338
200,T200_UAV_1,BS_3,LEO_0,533.088648,533.00351,0.000846,0.036872,0.237097
200,T200_UAV_2,HAP_1,HAP_0,618.396692,618.210923,0.028211,0.007206,0.251759
200,T200_UAV_18,BS_4,HAP_1,663.013933,662.820109,0.029254,0.010089,0.272397
200,T200_UAV_8,BS_3,HAP_2,726.404903,726.211084,0.032419,0.012713,0.243429
200,T200_UAV_9,BS_3,BS_1,753.923078,753.662054,0.05707,0.018205,0.428742
200,T200_UAV_5,HAP_1,LEO_1,1153.316325,1153.140586,0.046053,0.007418,0.111338
200,T200_UAV_7,BS_4,BS_3,757.694466,757.43694,0.057306,0.040375,0.299224
200,T200_UAV_10,HAP_1,LEO_1,1436.72722,1436.551181,0.047466,0.006305,0.111338
200,T200_UAV_6,HAP_1,LEO_1,442.612416,442.437771,0.042343,0.010034,0.111338
201,T201_UAV_8,BS_3,LEO_0,367.732264,367.644655,0.000713,0.021496,0.326996
201,T201_UAV_5,HAP_1,LEO_1,417.113888,416.872634,0.04353,0.0203,0.387122
201,T201_UAV_0,BS_0,HAP_0,336.412863,336.337957,0.002467,0.02463,0.239048
201,T201_UAV_12,BS_0,HAP_1,442.032757,441.796124,0.028565,0.054879,0.265942
201,T201_UAV_15,BS_3,HAP_2,451.616041,451.563894,0.004532,0.005745,0.209347
201,T201_UAV_9,BS_3,LEO_0,523.019093,522.939425,0.000884,0.013385,0.326996
201,T201_UAV_7,BS_4,LEO_1,544.953508,544.710637,0.045919,0.019528,0.387122
201,T201_UAV_6,HAP_1,HAP_0,562.680878,562.612408,0.003694,0.016967,0.239048
201,T201_UAV_2,HAP_1,LEO_0,574.796847,574.712939,0.000903,0.017606,0.326996
201,T201_UAV_10,HAP_1,HAP_2,598.708458,598.642721,0.005226,0.018642,0.209347
201,T201_UAV_4,BS_4,HAP_1,620.319485,620.112224,0.028539,0.025534,0.265942
201,T201_UAV_17,BS_4,LEO_1,695.109201,694.861734,0.047104,0.022938,0.387122
201,T201_UAV_11,BS_2,BS_1,704.053076,703.782874,0.053954,0.051162,0.325429
201,T201_UAV_14,HAP_1,BS_2,359.384209,359.063139,0.03242,0.075649,0.565006
202,T202_UAV_3,BS_0,LEO_0,308.007494,307.778558,0.040548,0.028848,0.297698
202,T202_UAV_11,BS_2,LEO_1,309.516487,309.312564,0.043073,0.01998,0.204346
202,T202_UAV_0,BS_0,HAP_0,308.625752,308.557967,0.00226,0.005687,0.299191
202,T202_UAV_12,BS_0,HAP_2,326.467779,326.399072,0.003177,0.011085,0.27222
202,T202_UAV_13,BS_4,HAP_1,378.687633,378.477493,0.026813,0.01683,0.332485
202,T202_UAV_1,BS_3,LEO_0,460.782179,460.569792,0.040674,0.012175,0.297698
202,T202_UAV_5,HAP_1,LEO_1,524.788174,524.582214,0.043606,0.021486,0.204346
202,T202_UAV_7,BS_4,HAP_0,407.591909,407.515781,0.00162,0.014669,0.299191
202,T202_UAV_19,BS_2,HAP_1,443.003562,442.749014,0.028461,0.05959,0.332485
202,T202_UAV_18,BS_4,LEO_0,610.863746,610.647592,0.04105,0.015564,0.297698
202,T202_UAV_8,BS_3,HAP_2,535.511916,535.446873,0.005461,0.005139,0.27222
202,T202_UAV_2,HAP_1,LEO_1,785.872677,785.663471,0.045568,0.022768,0.204346
202,T202_UAV_17,BS_4,BS_3,611.400441,611.111504,0.048165,0.082611,0.290802
202,T202_UAV_15,BS_3,BS_1,686.403533,686.130901,0.052852,0.030141,0.448196
202,T202_UAV_9,BS_3,BS_2,725.283791,725.012354,0.055281,0.016677,0.497397
202,T202_UAV_4,BS_4,BS_0,751.247994,750.980922,0.056903,0.017083,0.46543
202,T202_UAV_10,HAP_1,BS_4,771.960979,771.664666,0.058195,0.064444,0.368371
202,T202_UAV_16,BS_1,LEO_0,1023.750789,1023.52716,0.041639,0.022451,0.297698
202,T202_UAV_6,HAP_1,LEO_1,274.818663,274.617274,0.041909,0.018611,0.204346
203,T203_UAV_19,BS_2,LEO_0,285.031612,284.826622,0.040559,0.0235,0.204656
203,T203_UAV_0,BS_0,LEO_1,249.624499,249.561739,0.003131,0.013876,0.228764
203,T203_UAV_4,BS_4,HAP_0,311.815958,311.731557,0.001305,0.013094,0.350006
203,T203_UAV_1,BS_3,HAP_1,312.424994,312.237697,0.026454,0.012304,0.242691
203,T203_UAV_16,BS_1,HAP_2,340.251514,340.15582,0.00275,0.016411,0.38266
203,T203_UAV_5,HAP_1,LEO_0,690.704543,690.504302,0.041054,0.018256,0.204656
203,T203_UAV_13,BS_4,LEO_1,528.938873,528.8592,0.005278,0.028643,0.228764
203,T203_UAV_7,BS_4,HAP_0,534.258504,534.175749,0.002126,0.010628,0.350006
203,T203_UAV_11,BS_2,HAP_1,535.599444,535.388255,0.028882,0.033768,0.242691
203,T203_UAV_12,BS_0,LEO_0,727.422868,727.22305,0.041469,0.017418,0.204656
203,T203_UAV_18,BS_4,LEO_1,586.039437,585.964803,0.006878,0.022003,0.228764
203,T203_UAV_17,BS_4,HAP_2,599.313546,599.223376,0.004857,0.008781,0.38266
203,T203_UAV_3,BS_0,BS_1,643.019668,642.736399,0.050141,0.048661,0.422339
203,T203_UAV_2,HAP_1,BS_0,715.938947,715.694103,0.054699,0.037849,0.261484
203,T203_UAV_8,BS_3,BS_2,791.548228,791.249904,0.059418,0.068503,0.352013
203,T203_UAV_15,BS_3,LEO_0,1062.568369,1062.376798,0.041771,0.008869,0.204656
203,T203_UAV_10,HAP_1,BS_4,228.505466,228.23648,0.024248,0.074407,0.351659
204,T204_UAV_17,BS_4,LEO_0,267.636665,267.582195,0.000418,0.011005,0.215235
204,T204_UAV_15,BS_3,LEO_1,420.619776,420.536551,0.00441,0.014721,0.320471
204,T204_UAV_11,BS_2,HAP_0,492.359231,492.182557,0.027588,0.011419,0.188335
204,T204_UAV_9,BS_3,HAP_1,424.801948,424.571284,0.027382,0.044472,0.294052
204,T204_UAV_2,HAP_1,HAP_2,422.659901,422.482353,0.028348,0.013964,0.176178
204,T204_UAV_18,BS_4,LEO_0,425.828,425.7774,0.000805,0.006748,0.215235
204,T204_UAV_19,BS_2,LEO_1,476.734369,476.647544,0.006138,0.016593,0.320471
204,T204_UAV_1,BS_3,HAP_0,649.94158,649.75486,0.028633,0.02042,0.188335
204,T204_UAV_0,BS_0,HAP_2,495.770896,495.596276,0.02968,0.009705,0.176178
204,T204_UAV_12,BS_0,LEO_0,563.247281,563.177847,0.001266,0.025121,0.215235
204,T204_UAV_8,BS_3,HAP_1,681.572201,681.348809,0.02954,0.035042,0.294052
204,T204_UAV_16,BS_1,BS_2,689.141629,688.889602,0.053024,0.051945,0.235288
204,T204_UAV_7,BS_4,BS_0,708.033681,707.77536,0.054204,0.048417,0.2785
204,T204_UAV_5,HAP_1,LEO_1,735.789563,735.70553,0.006234,0.013705,0.320471
204,T204_UAV_13,BS_4,HAP_0,888.306367,888.12891,0.029139,0.010651,0.188335
205,T205_UAV_18,BS_4,LEO_0,435.851467,435.786526,0.0007,0.006683,0.287791
205,T205_UAV_6,HAP_1,LEO_1,322.120777,322.023775,0.002771,0.017457,0.383872
205,T205_UAV_10,HAP_1,HAP_2,508.929206,508.733296,0.028778,0.025984,0.205741
205,T205_UAV_17,BS_4,HAP_0,365.334175,365.127264,0.027018,0.014068,0.329126
205,T205_UAV_12,BS_0,HAP_1,368.520044,368.30478,0.027951,0.027105,0.301043
205,T205_UAV_9,BS_3,LEO_0,568.854022,568.78327,0.000823,0.012371,0.287791
205,T205_UAV_3,BS_0,LEO_1,473.04273,472.936794,0.005576,0.023586,0.383872
205,T205_UAV_5,HAP_1,LEO_0,631.273016,631.201123,0.000907,0.013428,0.287791
205,T205_UAV_16,BS_1,HAP_0,549.034483,548.817487,0.028163,0.023007,0.329126
205,T205_UAV_7,BS_4,HAP_1,557.799967,557.595628,0.02812,0.016011,0.301043
205,T205_UAV_1,BS_3,HAP_2,907.266381,907.087797,0.032056,0.00538,0.205741
205,T205_UAV_13,BS_4,LEO_1,660.369708,660.267256,0.006583,0.019096,0.383872
205,T205_UAV_4,BS_4,BS_0,697.490825,697.262084,0.053547,0.032152,0.215207
205,T205_UAV_8,BS_3,BS_1,788.219315,787.937576,0.059211,0.036227,0.431508
205,T205_UAV_15,BS_3,LEO_0,1189.904013,1189.824929,0.00185,0.019676,0.287791
205,T205_UAV_11,BS_2,HAP_2,1184.876272,1184.691653,0.032882,0.010588,0.205741
205,T205_UAV_2,HAP_1,LEO_0,415.036782,414.964061,0.000568,0.014594,0.287791
206,T206_UAV_11,BS_2,LEO_0,363.803274,363.598311,0.040738,0.022922,0.206514
206,T206_UAV_12,BS_0,LEO_1,437.618568,437.412489,0.045594,0.020363,0.200613
206,T206_UAV_13,BS_4,HAP_0,445.140487,444.954458,0.027319,0.00858,0.250651
206,T206_UAV_8,BS_3,HAP_1,264.127859,263.889149,0.027295,0.030258,0.405785
206,T206_UAV_3,BS_0,HAP_2,289.09219,288.875794,0.028845,0.02675,0.303999
206,T206_UAV_16,BS_1,BS_0,1064.22075,1063.967976,0.076455,0.037067,0.19626
206,T206_UAV_18,BS_4,LEO_0,595.328595,595.141019,0.041123,0.005151,0.206514
206,T206_UAV_9,BS_3,LEO_1,689.350691,689.153882,0.04704,0.009646,0.200613
206,T206_UAV_4,BS_4,HAP_0,689.068631,688.859686,0.027867,0.030949,0.250651
206,T206_UAV_15,BS_3,LEO_0,741.770934,741.5721,0.041346,0.016186,0.206514
206,T206_UAV_17,BS_4,LEO_1,791.74358,791.547133,0.048052,0.008273,0.200613
206,T206_UAV_1,BS_3,BS_0,1903.859453,1903.528043,0.128901,0.063257,0.19626
206,T206_UAV_6,HAP_1,BS_0,2387.937684,2387.606321,0.159141,0.032971,0.19626
207,T207_UAV_5,HAP_1,LEO_0,410.174593,409.967834,0.040681,0.016315,0.248822
207,T207_UAV_11,BS_2,LEO_1,468.162821,467.951337,0.045833,0.018943,0.233538
207,T207_UAV_12,BS_0,HAP_0,876.65271,876.454339,0.030164,0.029097,0.19555
207,T207_UAV_13,BS_4,HAP_1,258.528217,258.290132,0.026507,0.042858,0.3436
207,T207_UAV_16,BS_1,HAP_2,276.971878,276.772462,0.028044,0.005168,0.331017
207,T207_UAV_3,BS_0,LEO_0,647.070924,646.853239,0.04128,0.026641,0.248822
207,T207_UAV_19,BS_2,LEO_1,668.697726,668.491301,0.048576,0.011141,0.233538
207,T207_UAV_4,BS_4,HAP_0,1170.682464,1170.48105,0.029176,0.033128,0.19555
207,T207_UAV_17,BS_4,LEO_0,742.552085,742.32976,0.041153,0.031407,0.248822
207,T207_UAV_6,HAP_1,LEO_1,757.329537,757.115029,0.046518,0.021283,0.233538
207,T207_UAV_14,HAP_1,HAP_0,1185.280491,1185.090016,0.030937,0.020429,0.19555
207,T207_UAV_15,BS_3,HAP_0,1191.268127,1191.081253,0.031746,0.016018,0.19555
208,T208_UAV_7,BS_4,LEO_0,204.075462,204.016878,0.000361,0.015169,0.215271
208,T208_UAV_1,BS_3,LEO_1,227.186299,227.120872,0.002116,0.017499,0.229061
208,T208_UAV_0,BS_0,HAP_0,312.753983,312.548489,0.02727,0.020862,0.286804
208,T208_UAV_12,BS_0,HAP_1,320.177485,319.939046,0.027549,0.052411,0.292392
208,T208_UAV_3,BS_0,HAP_2,384.598323,384.5214,0.003609,0.023324,0.24995
208,T208_UAV_11,BS_2,LEO_0,429.907189,429.843372,0.000872,0.01989,0.215271
208,T208_UAV_10,HAP_1,LEO_1,495.385391,495.328565,0.004133,0.006881,0.229061
208,T208_UAV_15,BS_3,LEO_0,524.610181,524.553083,0.000949,0.013095,0.215271
208,T208_UAV_19,BS_2,HAP_0,547.10504,546.901385,0.028763,0.017532,0.286804
208,T208_UAV_4,BS_4,HAP_1,548.253158,548.033294,0.028111,0.033275,0.292392
208,T208_UAV_6,HAP_1,LEO_1,632.022412,631.953061,0.005448,0.01809,0.229061
208,T208_UAV_17,BS_4,HAP_2,638.232472,638.164221,0.005176,0.013085,0.24995
208,T208_UAV_18,BS_4,BS_0,746.365758,746.102453,0.056598,0.058942,0.238821
208,T208_UAV_2,HAP_1,BS_4,252.689046,252.450394,0.02576,0.055648,0.286216
209,T209_UAV_19,BS_2,LEO_0,227.235127,227.159634,0.000492,0.01786,0.285702
209,T209_UAV_13,BS_4,LEO_1,301.133115,301.057459,0.002995,0.012456,0.301021
209,T209_UAV_0,BS_0,HAP_0,241.753904,241.553217,0.026752,0.018804,0.275653
209,T209_UAV_16,BS_1,HAP_1,325.988519,325.736311,0.026959,0.062603,0.313228
209,T209_UAV_6,HAP_1,HAP_2,461.58646,461.523846,0.004434,0.005656,0.262616
209,T209_UAV_4,BS_4,LEO_0,483.59982,483.536391,0.000849,0.005439,0.285702
209,T209_UAV_11,BS_2,LEO_1,558.915118,558.83621,0.006965,0.011739,0.301021
209,T209_UAV_18,BS_4,LEO_0,547.25139,547.176849,0.001032,0.016368,0.285702
209,T209_UAV_7,BS_4,HAP_0,586.268745,586.062172,0.027344,0.024098,0.275653
209,T209_UAV_12,BS_0,HAP_1,595.035632,594.799666,0.029734,0.043586,0.313228
209,T209_UAV_1,BS_3,LEO_1,625.427894,625.343378,0.005824,0.018488,0.301021
209,T209_UAV_8,BS_3,HAP_2,711.617417,711.543991,0.007196,0.013708,0.262616
209,T209_UAV_10,HAP_1,BS_1,721.408392,721.148715,0.055039,0.018627,0.430055
209,T209_UAV_17,BS_4,BS_2,737.049878,736.778612,0.056016,0.048021,0.33615
209,T209_UAV_5,HAP_1,BS_4,757.506063,757.267602,0.057296,0.015747,0.327089
209,T209_UAV_9,BS_3,BS_0,775.213023,774.963583,0.058401,0.036867,0.270858
209,T209_UAV_3,BS_0,BS_3,799.021243,798.722725,0.059885,0.065874,0.363793
210,T210_UAV_4,BS_4,LEO_0,280.609094,280.520998,0.000493,0.018206,0.34699
210,T210_UAV_14,HAP_1,LEO_1,369.313201,369.118883,0.043126,0.00456,0.23316
210,T210_UAV_15,BS_3,HAP_0,389.138214,389.063577,0.002782,0.023288,0.242837
210,T210_UAV_0,BS_0,HAP_1,415.750757,415.565477,0.028215,0.010437,0.233144
210,T210_UAV_9,BS_3,HAP_2,475.901627,475.817383,0.004424,0.005498,0.371615
210,T210_UAV_10,HAP_1,LEO_1,490.187572,489.987358,0.044091,0.009491,0.23316
210,T210_UAV_16,BS_1,LEO_0,537.279968,537.197082,0.000922,0.012566,0.34699
210,T210_UAV_8,BS_3,HAP_0,554.833589,554.759618,0.004112,0.021292,0.242837
210,T210_UAV_13,BS_4,LEO_0,559.186602,559.104251,0.00085,0.012103,0.34699
210,T210_UAV_3,BS_0,HAP_1,571.669556,571.462329,0.029035,0.031563,0.233144
210,T210_UAV_11,BS_2,HAP_2,654.368824,654.284044,0.005106,0.005351,0.371615
210,T210_UAV_7,BS_4,LEO_1,664.939695,664.733298,0.047262,0.012504,0.23316
210,T210_UAV_6,HAP_1,BS_0,695.191919,694.956196,0.053403,0.022662,0.29829
210,T210_UAV_1,BS_3,BS_1,709.348735,709.06247,0.054284,0.03486,0.485606
210,T210_UAV_5,HAP_1,BS_2,292.777666,292.531771,0.028264,0.034517,0.415572
211,T211_UAV_15,BS_3,LEO_0,302.514617,302.342717,0.040496,0.003776,0.138142
211,T211_UAV_18,BS_4,LEO_1,352.146299,352.098864,0.003272,0.007835,0.181644
211,T211_UAV_8,BS_3,HAP_0,438.695641,438.629,0.0028,0.005077,0.293824
211,T211_UAV_11,BS_2,HAP_2,559.54389,559.356821,0.028746,0.024541,0.168911
211,T211_UAV_4,BS_4,HAP_1,474.211612,473.967658,0.027684,0.042143,0.37064
211,T211_UAV_7,BS_4,LEO_0,526.341995,526.166045,0.040852,0.00747,0.138142
211,T211_UAV_16,BS_1,LEO_1,610.017508,609.965151,0.005428,0.0106,0.181644
211,T211_UAV_0,BS_0,LEO_0,640.241627,640.057077,0.041247,0.015675,0.138142
211,T211_UAV_5,HAP_1,HAP_0,795.633441,795.552259,0.004614,0.017803,0.293824
211,T211_UAV_2,HAP_1,LEO_1,721.329137,721.267891,0.005109,0.019808,0.181644
211,T211_UAV_12,BS_0,HAP_1,565.116142,564.859525,0.02948,0.053009,0.37064
211,T211_UAV_1,BS_3,HAP_2,863.069757,862.898418,0.031724,0.005833,0.168911
211,T211_UAV_13,BS_4,BS_1,595.42449,595.161301,0.047169,0.037864,0.39078
211,T211_UAV_14,HAP_1,BS_0,605.302343,605.089693,0.047789,0.026122,0.19369
211,T211_UAV_3,BS_0,BS_2,614.393932,614.162123,0.048356,0.01434,0.345562
211,T211_UAV_10,HAP_1,LEO_0,838.167434,837.983906,0.04124,0.01466,0.138142
211,T211_UAV_9,BS_3,LEO_1,949.863076,949.812998,0.007757,0.005992,0.181644
211,T211_UAV_17,BS_4,HAP_0,1093.415564,1093.318581,0.005372,0.032847,0.293824
211,T211_UAV_6,HAP_1,HAP_2,530.269566,530.101146,0.029272,0.005366,0.168911
212,T212_UAV_13,BS_4,LEO_0,206.370329,206.314289,0.000313,0.014584,0.205714
212,T212_UAV_18,BS_4,LEO_1,305.109681,305.022174,0.003551,0.018601,0.326774
212,T212_UAV_9,BS_3,HAP_0,307.089497,306.896466,0.027007,0.019738,0.231428
212,T212_UAV_0,BS_0,HAP_1,322.131157,321.900627,0.027492,0.058654,0.221914
212,T212_UAV_16,BS_1,HAP_2,411.034455,410.836382,0.028273,0.009472,0.301641
212,T212_UAV_17,BS_4,LEO_0,385.515739,385.460597,0.000596,0.013404,0.205714
212,T212_UAV_6,HAP_1,LEO_1,515.056244,514.963372,0.004451,0.023067,0.326774
212,T212_UAV_7,BS_4,LEO_0,404.459994,404.401934,0.000717,0.016199,0.205714
212,T212_UAV_15,BS_3,HAP_0,442.871251,442.677582,0.028151,0.019233,0.231428
212,T212_UAV_5,HAP_1,LEO_1,619.806324,619.722575,0.005238,0.013156,0.326774
212,T212_UAV_3,BS_0,HAP_1,621.119335,620.91227,0.029398,0.033285,0.221914
212,T212_UAV_10,HAP_1,HAP_2,647.670091,647.451922,0.030689,0.027152,0.301641
212,T212_UAV_11,BS_2,BS_1,677.440357,677.193229,0.052293,0.017114,0.388602
212,T212_UAV_2,HAP_1,BS_2,734.942024,734.676954,0.055884,0.034564,0.373103
212,T212_UAV_14,HAP_1,BS_4,260.287366,260.037953,0.026234,0.04942,0.368796
213,T213_UAV_0,BS_0,LEO_0,271.870139,271.801277,0.000531,0.016065,0.261333
213,T213_UAV_6,HAP_1,LEO_1,195.407011,195.330961,0.002319,0.005957,0.338872
213,T213_UAV_3,BS_0,HAP_0,575.057423,574.873346,0.028002,0.017748,0.191632
213,T213_UAV_5,HAP_1,HAP_2,540.874561,540.663761,0.02936,0.02778,0.268297
213,T213_UAV_16,BS_1,HAP_1,374.226945,374.007034,0.027225,0.027608,0.325388
213,T213_UAV_4,BS_4,LEO_0,585.178112,585.111734,0.000941,0.013171,0.261333
213,T213_UAV_19,BS_2,LEO_1,300.484468,300.398114,0.005407,0.013173,0.338872
213,T213_UAV_18,BS_4,HAP_0,1050.568638,1050.386905,0.028785,0.01462,0.191632
213,T213_UAV_15,BS_3,LEO_0,679.300732,679.24388,0.001111,0.003474,0.261333
213,T213_UAV_12,BS_0,HAP_2,877.417351,877.199654,0.032019,0.032019,0.268297
213,T213_UAV_11,BS_2,HAP_0,1085.686283,1085.502402,0.029987,0.015568,0.191632
213,T213_UAV_8,BS_3,LEO_0,854.338815,854.274698,0.001473,0.010378,0.261333
213,T213_UAV_7,BS_4,HAP_2,1017.925094,1017.736083,0.030567,0.004785,0.268297
213,T213_UAV_10,HAP_1,HAP_0,1345.740372,1345.564355,0.031128,0.006562,0.191632
213,T213_UAV_9,BS_3,HAP_0,1881.59492,1881.416806,0.034254,0.005533,0.191632
213,T213_UAV_2,HAP_1,HAP_1,253.532952,253.301574,0.025851,0.040449,0.325388
214,T214_UAV_18,BS_4,LEO_0,326.922426,326.735978,0.040559,0.006238,0.198256
214,T214_UAV_4,BS_4,LEO_1,353.42813,353.230214,0.043093,0.017441,0.186906
214,T214_UAV_8,BS_3,HAP_1,294.983438,294.787766,0.026914,0.030464,0.191465
214,T214_UAV_0,BS_0,HAP_0,334.663606,334.462781,0.027414,0.014055,0.296788
214,T214_UAV_17,BS_4,HAP_2,353.856826,353.669199,0.027867,0.021603,0.19079
214,T214_UAV_5,HAP_1,LEO_0,496.149069,495.965313,0.040757,0.003348,0.198256
214,T214_UAV_14,HAP_1,LEO_1,606.676074,606.478326,0.044182,0.016184,0.186906
214,T214_UAV_19,BS_2,HAP_1,471.865974,471.688746,0.028636,0.010299,0.191465
214,T214_UAV_12,BS_0,LEO_0,690.371033,690.167241,0.041368,0.022773,0.198256
214,T214_UAV_7,BS_4,HAP_0,610.063713,609.871693,0.027452,0.00521,0.296788
214,T214_UAV_11,BS_2,HAP_2,611.707687,611.510631,0.029793,0.029106,0.19079
214,T214_UAV_16,BS_1,LEO_1,855.582913,855.387854,0.047578,0.0101,0.186906
214,T214_UAV_9,BS_3,BS_2,647.445355,647.206292,0.05042,0.038828,0.249069
214,T214_UAV_15,BS_3,BS_0,667.598085,667.335498,0.051678,0.062546,0.241818
214,T214_UAV_3,BS_0,BS_1,715.014677,714.704503,0.054637,0.064455,0.455415
214,T214_UAV_13,BS_4,LEO_0,869.432427,869.24481,0.041219,0.006746,0.198256
214,T214_UAV_1,BS_3,LEO_1,1062.690675,1062.498436,0.047976,0.006881,0.186906
214,T214_UAV_6,HAP_1,BS_4,206.837233,206.628773,0.022898,0.017697,0.339322
215,T215_UAV_4,BS_4,LEO_1,372.440559,372.254454,0.042765,0.006596,0.183726
215,T215_UAV_9,BS_3,LEO_0,275.803141,275.746308,0.000455,0.014475,0.209514
215,T215_UAV_12,BS_0,HAP_2,541.529385,541.476645,0.003861,0.010098,0.193908
215,T215_UAV_13,BS_4,HAP_0,290.538057,290.341425,0.026514,0.028188,0.209648
215,T215_UAV_19,BS_2,LEO_1,486.221826,486.018325,0.044142,0.022614,0.183726
215,T215_UAV_15,BS_3,HAP_1,525.553775,525.348393,0.028143,0.027892,0.246735
215,T215_UAV_6,HAP_1,LEO_0,433.879098,433.827053,0.000717,0.009425,0.209514
215,T215_UAV_10,HAP_1,LEO_0,506.70646,506.643343,0.000812,0.020403,0.209514
215,T215_UAV_18,BS_4,HAP_2,1120.917311,1120.849137,0.005698,0.023695,0.193908
215,T215_UAV_0,BS_0,LEO_1,975.968172,975.756053,0.048276,0.027098,0.183726
215,T215_UAV_8,BS_3,HAP_0,680.319474,680.128959,0.029995,0.01859,0.209648
215,T215_UAV_3,BS_0,HAP_1,714.077142,713.879446,0.030079,0.01827,0.246735
215,T215_UAV_5,HAP_1,LEO_1,976.652252,976.452741,0.045746,0.01702,0.183726
215,T215_UAV_17,BS_4,HAP_2,1376.220835,1376.163756,0.008619,0.009679,0.193908
215,T215_UAV_1,BS_3,LEO_1,1258.347645,1258.14162,0.048072,0.021208,0.183726
215,T215_UAV_2,HAP_1,HAP_2,684.574314,684.515481,0.00421,0.015841,0.193908
216,T216_UAV_7,BS_4,LEO_0,325.366145,325.158744,0.040527,0.015493,0.256905
216,T216_UAV_12,BS_0,LEO_1,267.074897,266.87524,0.043384,0.01003,0.231218
216,T216_UAV_11,BS_2,HAP_0,274.244132,274.190516,0.001648,0.010427,0.207703
216,T216_UAV_0,BS_0,HAP_1,275.954845,275.731194,0.02714,0.041632,0.274392
216,T216_UAV_19,BS_2,HAP_2,326.058713,325.980982,0.002879,0.019422,0.27715
216,T216_UAV_15,BS_3,LEO_0,449.959785,449.749514,0.04073,0.01816,0.256905
216,T216_UAV_18,BS_4,LEO_1,378.098461,377.883761,0.044375,0.024082,0.231218
216,T216_UAV_6,HAP_1,HAP_0,552.240175,552.165332,0.003694,0.029609,0.207703
216,T216_UAV_16,BS_1,HAP_1,570.5476,570.319243,0.028367,0.045112,0.274392
216,T216_UAV_5,HAP_1,LEO_0,772.788261,772.58579,0.04118,0.009909,0.256905
216,T216_UAV_17,BS_4,HAP_2,597.141942,597.060179,0.004847,0.021486,0.27715
216,T216_UAV_13,BS_4,LEO_1,611.824563,611.620989,0.046057,0.011273,0.231218
216,T216_UAV_9,BS_3,BS_1,665.157363,664.825134,0.051521,0.081815,0.494466
216,T216_UAV_8,BS_3,BS_2,668.4853,668.219765,0.051733,0.051452,0.311751
216,T216_UAV_4,BS_4,BS_0,767.523939,767.246733,0.057919,0.064297,0.274955
216,T216_UAV_1,BS_3,BS_4,777.111365,776.8216,0.058517,0.0615,0.348738
216,T216_UAV_3,BS_0,LEO_0,917.817142,917.615599,0.041669,0.008494,0.256905
216,T216_UAV_2,HAP_1,BS_3,216.821603,216.617146,0.023522,0.011774,0.345803
217,T217_UAV_0,BS_0,LEO_0,270.860988,270.671433,0.040529,0.007441,0.207923
217,T217_UAV_13,BS_4,LEO_1,240.145554,239.942234,0.042371,0.008044,0.264523
217,T217_UAV_18,BS_4,HAP_1,336.837503,336.623137,0.027099,0.041464,0.229014
217,T217_UAV_4,BS_4,HAP_0,378.74593,378.666855,0.001545,0.012346,0.325917
217,T217_UAV_15,BS_3,HAP_2,430.049005,429.960847,0.004224,0.016292,0.338207
217,T217_UAV_14,HAP_1,LEO_0,470.01037,469.823089,0.04069,0.005007,0.207923
217,T217_UAV_12,BS_0,LEO_1,364.194966,363.990809,0.044614,0.006638,0.264523
217,T217_UAV_5,HAP_1,HAP_0,471.106101,471.013558,0.003129,0.02423,0.325917
217,T217_UAV_7,BS_4,HAP_1,523.867845,523.663279,0.027964,0.030799,0.229014
217,T217_UAV_16,BS_1,LEO_0,703.866004,703.67929,0.04109,0.00404,0.207923
217,T217_UAV_8,BS_3,HAP_2,564.437777,564.360523,0.005653,0.003959,0.338207
217,T217_UAV_1,BS_3,LEO_1,577.83774,577.63208,0.045366,0.007389,0.264523
217,T217_UAV_11,BS_2,BS_1,676.302405,676.016866,0.05222,0.058968,0.371755
217,T217_UAV_9,BS_3,BS_2,698.025498,697.80548,0.053581,0.013381,0.265278
217,T217_UAV_10,HAP_1,LEO_0,370.712703,370.523266,0.040545,0.007307,0.207923
218,T218_UAV_12,BS_0,LEO_0,275.749877,275.70192,0.000604,0.004997,0.211777
218,T218_UAV_1,BS_3,LEO_1,512.46282,512.417279,0.003847,0.003958,0.188685
218,T218_UAV_4,BS_4,HAP_0,399.837089,399.749659,0.001628,0.01165,0.370764
218,T218_UAV_16,BS_1,HAP_2,411.236752,411.061125,0.028245,0.008562,0.194098
218,T218_UAV_3,BS_0,LEO_1,583.594728,583.537792,0.00555,0.013649,0.188685
218,T218_UAV_18,BS_4,HAP_1,592.104411,591.903493,0.028687,0.015539,0.283459
218,T218_UAV_6,HAP_1,LEO_0,504.981553,504.920963,0.000835,0.0174,0.211777
218,T218_UAV_17,BS_4,LEO_1,649.505134,649.455164,0.005249,0.006984,0.188685
218,T218_UAV_19,BS_2,HAP_2,633.801793,633.620576,0.030597,0.0118,0.194098
218,T218_UAV_13,BS_4,LEO_0,644.739212,644.671123,0.000979,0.024755,0.211777
218,T218_UAV_11,BS_2,HAP_1,687.697394,687.470958,0.029913,0.039831,0.283459
218,T218_UAV_8,BS_3,BS_2,752.817962,752.565873,0.057002,0.042479,0.263043
218,T218_UAV_0,BS_0,HAP_0,787.042144,786.946674,0.005662,0.015655,0.370764
218,T218_UAV_9,BS_3,BS_1,795.952398,795.663321,0.059694,0.040869,0.442569
218,T218_UAV_2,HAP_1,LEO_1,976.934564,976.872723,0.006912,0.017193,0.188685
218,T218_UAV_14,HAP_1,BS_0,306.480352,306.267768,0.029122,0.024508,0.294768
219,T219_UAV_18,BS_4,LEO_0,287.049124,286.856174,0.040488,0.004473,0.239948
219,T219_UAV_14,HAP_1,LEO_1,169.942598,169.873863,0.001988,0.005465,0.306413
219,T219_UAV_5,HAP_1,HAP_0,874.851805,874.678238,0.029354,0.016567,0.138225
219,T219_UAV_9,BS_3,HAP_1,230.560479,230.334431,0.026556,0.031834,0.33829
219,T219_UAV_8,BS_3,HAP_2,804.465491,804.407209,0.006706,0.004281,0.236479
219,T219_UAV_16,BS_1,LEO_0,729.468158,729.2709,0.041124,0.008144,0.239948
219,T219_UAV_12,BS_0,LEO_1,400.710947,400.621431,0.007156,0.021077,0.306413
219,T219_UAV_3,BS_0,HAP_0,1029.407461,1029.242646,0.030393,0.006778,0.138225
219,T219_UAV_10,HAP_1,LEO_0,832.533673,832.321585,0.041224,0.022875,0.239948
219,T219_UAV_1,BS_3,HAP_2,1053.086723,1053.025389,0.008225,0.005813,0.236479
219,T219_UAV_0,BS_0,HAP_0,1311.979608,1311.790441,0.031945,0.029576,0.138225
219,T219_UAV_17,BS_4,LEO_0,971.125521,970.92517,0.041375,0.010986,0.239948
219,T219_UAV_15,BS_3,HAP_0,1342.4721,1342.299983,0.031993,0.01248,0.138225
219,T219_UAV_13,BS_4,HAP_2,1160.682321,1160.622761,0.007795,0.004469,0.236479
219,T219_UAV_11,BS_2,HAP_0,1669.83824,1669.672368,0.032697,0.005529,0.138225
219,T219_UAV_2,HAP_1,BS_4,251.213272,251.010532,0.02567,0.019121,0.289739
220,T220_UAV_13,BS_4,LEO_0,258.560516,258.348431,0.040391,0.00819,0.317518
220,T220_UAV_16,BS_1,LEO_1,648.518306,648.313726,0.044251,0.012157,0.240853
220,T220_UAV_0,BS_0,HAP_1,550.843839,550.613623,0.028678,0.050398,0.255694
220,T220_UAV_15,BS_3,HAP_2,614.446954,614.254046,0.030023,0.022507,0.201892
220,T220_UAV_7,BS_4,HAP_0,427.218813,427.004267,0.026727,0.016952,0.354335
220,T220_UAV_4,BS_4,LEO_1,828.513444,828.305807,0.045405,0.014061,0.240853
220,T220_UAV_19,BS_2,LEO_0,437.334454,437.121495,0.040932,0.008523,0.317518
220,T220_UAV_11,BS_2,HAP_1,733.776391,733.552986,0.029532,0.042734,0.255694
220,T220_UAV_12,BS_0,HAP_2,735.090306,734.910402,0.030816,0.00871,0.201892
220,T220_UAV_9,BS_3,LEO_1,1081.476323,1081.260053,0.046566,0.021533,0.240853
220,T220_UAV_2,HAP_1,HAP_0,685.276517,685.05999,0.028569,0.017091,0.354335
220,T220_UAV_18,BS_4,LEO_0,748.258768,748.033957,0.041398,0.019909,0.317518
220,T220_UAV_1,BS_3,LEO_1,1280.130597,1279.929704,0.047262,0.005461,0.240853
220,T220_UAV_5,HAP_1,HAP_2,1000.592301,1000.397707,0.033068,0.021148,0.201892
220,T220_UAV_8,BS_3,HAP_1,1029.106047,1028.884458,0.030771,0.03968,0.255694
220,T220_UAV_6,HAP_1,LEO_1,1361.213198,1361.004961,0.047288,0.012778,0.240853
220,T220_UAV_10,HAP_1,LEO_1,1599.737935,1599.515625,0.04837,0.025769,0.240853
221,T221_UAV_11,BS_2,LEO_0,352.010079,351.943095,0.000636,0.014699,0.258242
221,T221_UAV_4,BS_4,LEO_1,288.426678,288.190769,0.043144,0.007966,0.423992
221,T221_UAV_17,BS_4,HAP_0,419.355985,419.156902,0.027309,0.010224,0.30775
221,T221_UAV_0,BS_0,HAP_2,462.845143,462.784798,0.004258,0.011062,0.225121
221,T221_UAV_13,BS_4,HAP_1,498.769869,498.544114,0.027343,0.029946,0.342329
221,T221_UAV_1,BS_3,LEO_0,735.455508,735.396137,0.001086,0.006637,0.258242
221,T221_UAV_19,BS_2,LEO_1,609.702278,609.442078,0.047721,0.027681,0.423992
221,T221_UAV_16,BS_1,LEO_0,863.337754,863.269329,0.001327,0.01545,0.258242
221,T221_UAV_15,BS_3,HAP_0,664.406455,664.199632,0.029656,0.015617,0.30775
221,T221_UAV_6,HAP_1,HAP_2,684.289049,684.226667,0.006652,0.010705,0.225121
221,T221_UAV_18,BS_4,BS_2,713.488533,713.28261,0.054548,0.010542,0.204168
221,T221_UAV_8,BS_3,HAP_1,786.885384,786.658294,0.030024,0.028601,0.342329
221,T221_UAV_10,HAP_1,LEO_1,791.16887,790.921109,0.046687,0.016276,0.423992
221,T221_UAV_3,BS_0,LEO_0,993.968584,993.886152,0.001822,0.028962,0.258242
221,T221_UAV_9,BS_3,BS_1,200.765237,200.501798,0.022515,0.062974,0.389748
222,T222_UAV_8,BS_3,LEO_0,379.554153,379.467773,0.000644,0.026804,0.294657
222,T222_UAV_17,BS_4,LEO_1,405.84452,405.640379,0.043261,0.019533,0.206731
222,T222_UAV_3,BS_0,HAP_0,481.523495,481.444119,0.002964,0.028621,0.238954
222,T222_UAV_0,BS_0,HAP_1,376.207399,375.928552,0.027931,0.055227,0.478444
222,T222_UAV_15,BS_3,HAP_2,408.709265,408.632021,0.003988,0.010595,0.313304
222,T222_UAV_5,HAP_1,LEO_0,570.440031,570.37275,0.000871,0.007478,0.294657
222,T222_UAV_12,BS_0,LEO_1,688.862386,688.665965,0.046914,0.00816,0.206731
222,T222_UAV_18,BS_4,LEO_0,835.399642,835.334875,0.00142,0.004416,0.294657
222,T222_UAV_9,BS_3,HAP_0,941.858911,941.78838,0.00532,0.017421,0.238954
222,T222_UAV_7,BS_4,HAP_1,635.080438,634.839391,0.028612,0.016745,0.478444
222,T222_UAV_6,HAP_1,HAP_2,691.048327,690.967225,0.006725,0.011717,0.313304
222,T222_UAV_16,BS_1,LEO_1,927.991495,927.794666,0.04814,0.007343,0.206731
222,T222_UAV_11,BS_2,BS_1,701.462497,701.127299,0.053789,0.085931,0.477392
222,T222_UAV_2,HAP_1,BS_2,747.48179,747.213797,0.056668,0.012284,0.49521
222,T222_UAV_14,HAP_1,BS_4,774.038774,773.792326,0.058328,0.01839,0.348654
222,T222_UAV_1,BS_3,LEO_0,943.501725,943.430699,0.001394,0.0107,0.294657
222,T222_UAV_4,BS_4,LEO_1,994.631635,994.430084,0.048691,0.011514,0.206731
222,T222_UAV_10,HAP_1,HAP_0,352.194074,352.127772,0.001841,0.01667,0.238954
223,T223_UAV_11,BS_2,LEO_1,302.903391,302.830341,0.00297,0.020182,0.249488
223,T223_UAV_16,BS_1,LEO_0,252.0249,251.949024,0.00042,0.005534,0.349612
223,T223_UAV_2,HAP_1,HAP_0,228.864724,228.653886,0.02619,0.03815,0.232487
223,T223_UAV_3,BS_0,HAP_1,232.278134,232.019842,0.026668,0.071902,0.298604
223,T223_UAV_15,BS_3,HAP_2,273.3411,273.158421,0.027658,0.013309,0.20856
223,T223_UAV_19,BS_2,LEO_0,341.072697,340.984153,0.000725,0.017897,0.349612
223,T223_UAV_0,BS_0,LEO_1,572.751575,572.67608,0.005803,0.019795,0.249488
223,T223_UAV_5,HAP_1,LEO_0,462.449593,462.365095,0.000769,0.013807,0.349612
223,T223_UAV_13,BS_4,HAP_0,464.098669,463.893823,0.027424,0.030925,0.232487
223,T223_UAV_6,HAP_1,LEO_1,649.753547,649.689752,0.004582,0.009315,0.249488
223,T223_UAV_8,BS_3,HAP_1,488.686053,488.448519,0.028102,0.04971,0.298604
223,T223_UAV_9,BS_3,HAP_2,501.862635,501.670303,0.029603,0.021017,0.20856
223,T223_UAV_12,BS_0,BS_1,510.167362,509.900583,0.041843,0.066225,0.293552
223,T223_UAV_18,BS_4,BS_2,524.991467,524.716919,0.042768,0.026034,0.52873
223,T223_UAV_4,BS_4,BS_0,583.204706,582.96234,0.046407,0.035595,0.30182
223,T223_UAV_7,BS_4,BS_3,627.177182,626.940917,0.049154,0.016457,0.353271
223,T223_UAV_14,HAP_1,LEO_1,296.155053,296.095334,0.002055,0.007767,0.249488
224,T224_UAV_4,BS_4,LEO_0,466.999876,466.825694,0.040704,0.004507,0.144853
224,T224_UAV_0,BS_0,LEO_1,306.18219,306.105526,0.00391,0.015407,0.286732
224,T224_UAV_6,HAP_1,HAP_0,554.991716,554.789508,0.028747,0.03105,0.212058
224,T224_UAV_19,BS_2,HAP_1,596.835484,596.640659,0.029548,0.019721,0.227782
224,T224_UAV_5,HAP_1,LEO_0,805.453571,805.273087,0.041155,0.010359,0.144853
224,T224_UAV_8,BS_3,HAP_2,324.349686,324.295035,0.004636,0.008656,0.206794
224,T224_UAV_11,BS_2,LEO_1,667.826779,667.734816,0.008227,0.02639,0.286732
224,T224_UAV_17,BS_4,LEO_0,1041.695914,1041.515003,0.041393,0.010548,0.144853
224,T224_UAV_1,BS_3,HAP_0,705.021761,704.83451,0.029527,0.015313,0.212058
224,T224_UAV_15,BS_3,HAP_1,724.49699,724.26457,0.029261,0.057602,0.227782
224,T224_UAV_18,BS_4,LEO_1,748.555846,748.474109,0.008612,0.015778,0.286732
224,T224_UAV_13,BS_4,LEO_0,1146.849198,1146.672257,0.041519,0.006451,0.144853
224,T224_UAV_14,HAP_1,LEO_0,1198.361704,1198.173065,0.041645,0.018023,0.144853
225,T225_UAV_2,HAP_1,LEO_0,508.380452,508.18133,0.040704,0.013428,0.224952
225,T225_UAV_4,BS_4,LEO_1,335.9682,335.872852,0.003667,0.015357,0.381618
225,T225_UAV_14,HAP_1,HAP_0,571.824955,571.750345,0.003011,0.02073,0.254343
225,T225_UAV_3,BS_0,HAP_1,624.458168,624.262639,0.028898,0.015614,0.255085
225,T225_UAV_19,BS_2,HAP_2,455.987825,455.916841,0.004046,0.005285,0.308265
225,T225_UAV_7,BS_4,LEO_0,818.839148,818.648218,0.041248,0.004692,0.224952
225,T225_UAV_10,HAP_1,LEO_1,534.124479,534.034696,0.004538,0.008922,0.381618
225,T225_UAV_5,HAP_1,HAP_0,767.855014,767.773967,0.00444,0.025739,0.254343
225,T225_UAV_13,BS_4,HAP_1,836.827351,836.627941,0.028538,0.019855,0.255085
225,T225_UAV_15,BS_3,LEO_0,1007.413666,1007.221287,0.041508,0.005881,0.224952
225,T225_UAV_17,BS_4,LEO_1,608.491859,608.394694,0.006076,0.014765,0.381618
225,T225_UAV_0,BS_0,HAP_2,677.975903,677.90129,0.006199,0.00676,0.308265
225,T225_UAV_16,BS_4,BS_1,714.517276,714.254887,0.054609,0.036124,0.358284
225,T225_UAV_8,BS_3,LEO_0,1046.507332,1046.308991,0.041652,0.011699,0.224952
225,T225_UAV_11,BS_2,HAP_0,1059.098766,1059.021379,0.005647,0.020872,0.254343
225,T225_UAV_12,BS_0,HAP_1,1075.140319,1074.918144,0.032142,0.039016,0.255085
225,T225_UAV_9,BS_3,LEO_0,1258.477204,1258.264543,0.041768,0.025903,0.224952
225,T225_UAV_6,HAP_1,BS_2,295.874986,295.620257,0.028457,0.038321,0.439753
226,T226_UAV_11,BS_2,LEO_0,395.215971,395.162277,0.00071,0.012329,0.203277
226,T226_UAV_12,BS_0,LEO_1,501.194583,500.986252,0.045013,0.010709,0.26304
226,T226_UAV_15,BS_3,HAP_0,399.187923,398.977382,0.027772,0.037289,0.227399
226,T226_UAV_1,BS_3,HAP_1,452.834134,452.614232,0.027104,0.027069,0.328651
226,T226_UAV_13,BS_4,HAP_2,494.6903,494.596556,0.003882,0.011794,0.390341
226,T226_UAV_8,BS_3,LEO_0,541.673414,541.624377,0.000913,0.007468,0.203277
226,T226_UAV_0,BS_2,LEO_1,584.313493,584.104057,0.045927,0.010901,0.26304
226,T226_UAV_2,HAP_1,LEO_0,653.960815,653.909454,0.000964,0.009742,0.203277
226,T226_UAV_18,BS_4,HAP_0,502.38622,502.190901,0.027147,0.022691,0.227399
226,T226_UAV_5,HAP_1,LEO_1,671.122138,670.91682,0.044595,0.008114,0.26304
226,T226_UAV_7,BS_4,BS_1,520.02635,519.773885,0.04246,0.066737,0.216342
226,T226_UAV_4,BS_4,HAP_1,600.192474,599.96605,0.028361,0.032333,0.328651
226,T226_UAV_9,BS_3,HAP_2,602.08425,601.985025,0.005513,0.015645,0.390341
226,T226_UAV_6,HAP_1,BS_2,673.320686,673.05987,0.052035,0.036427,0.361771
226,T226_UAV_14,HAP_1,LEO_0,1010.325343,1010.276474,0.001469,0.006744,0.203277
226,T226_UAV_10,HAP_1,LEO_1,484.566446,484.34566,0.04334,0.024839,0.26304
227,T227_UAV_9,BS_3,LEO_1,353.119526,352.925112,0.042409,0.014576,0.18715
227,T227_UAV_12,BS_0,LEO_0,228.185864,228.114565,0.000491,0.016132,0.273376
227,T227_UAV_7,BS_4,HAP_2,414.419851,414.23865,0.02727,0.015555,0.19188
227,T227_UAV_11,BS_2,HAP_0,369.096651,369.02763,0.002236,0.025876,0.204546
227,T227_UAV_18,BS_4,HAP_1,416.257246,416.045375,0.027552,0.028023,0.281476
227,T227_UAV_0,BS_2,LEO_1,920.289596,920.097236,0.047878,0.007052,0.18715
227,T227_UAV_6,HAP_1,LEO_0,587.417105,587.354295,0.000974,0.007161,0.273376
227,T227_UAV_13,BS_4,HAP_2,878.8638,878.684727,0.030909,0.009788,0.19188
227,T227_UAV_19,BS_2,LEO_1,1033.338321,1033.122956,0.048725,0.02921,0.18715
227,T227_UAV_16,BS_4,LEO_0,681.680267,681.601026,0.001128,0.023438,0.273376
227,T227_UAV_2,HAP_1,HAP_0,782.63282,782.560873,0.004084,0.026954,0.204546
227,T227_UAV_14,HAP_1,LEO_1,1084.908728,1084.71984,0.04647,0.004987,0.18715
227,T227_UAV_1,BS_3,HAP_2,988.023541,987.846678,0.032728,0.005759,0.19188
227,T227_UAV_8,BS_3,LEO_1,1321.481575,1321.268401,0.049646,0.026098,0.18715
227,T227_UAV_10,HAP_1,HAP_1,308.639372,308.43663,0.026063,0.020384,0.281476
228,T228_UAV_17,BS_4,LEO_0,579.874894,579.680587,0.040692,0.016938,0.183383
228,T228_UAV_8,BS_3,LEO_1,303.788377,303.570062,0.04325,0.032196,0.214344
228,T228_UAV_15,BS_3,HAP_1,398.364068,398.283981,0.002327,0.033089,0.223357
228,T228_UAV_4,BS_4,HAP_2,411.82581,411.629037,0.02756,0.021448,0.238824
228,T228_UAV_9,BS_3,LEO_0,927.171177,926.986255,0.041154,0.007091,0.183383
228,T228_UAV_18,BS_4,HAP_0,504.798914,504.725728,0.002147,0.005825,0.326066
228,T228_UAV_11,BS_2,LEO_0,1054.334586,1054.143693,0.041536,0.01268,0.183383
228,T228_UAV_16,BS_4,LEO_1,616.238488,616.018637,0.046703,0.03028,0.214344
228,T228_UAV_19,BS_2,LEO_0,1238.392146,1238.194707,0.041899,0.018862,0.183383
228,T228_UAV_13,BS_4,HAP_1,656.026814,655.954081,0.003064,0.024998,0.223357
228,T228_UAV_12,BS_0,HAP_2,715.512453,715.308456,0.031647,0.024585,0.238824
228,T228_UAV_2,HAP_1,LEO_1,744.416539,744.207906,0.046481,0.019284,0.214344
228,T228_UAV_0,BS_2,HAP_0,755.186332,755.100432,0.005376,0.015311,0.326066
228,T228_UAV_6,HAP_1,LEO_0,1543.048416,1542.860753,0.041962,0.009025,0.183383
228,T228_UAV_7,BS_4,LEO_0,1876.09476,1875.90961,0.042523,0.005951,0.183383
228,T228_UAV_5,HAP_1,LEO_0,1940.644574,1940.447144,0.042467,0.018286,0.183383
228,T228_UAV_3,BS_0,LEO_0,2074.239137,2074.048709,0.043101,0.01065,0.183383
228,T228_UAV_14,HAP_1,BS_2,213.998563,213.795511,0.023346,0.035781,0.219631
229,T229_UAV_12,BS_0,LEO_0,240.607859,240.385645,0.040514,0.01827,0.317141
229,T229_UAV_16,BS_4,LEO_1,330.07365,329.857656,0.043581,0.023048,0.246824
229,T229_UAV_5,HAP_1,HAP_0,480.598445,480.406219,0.027771,0.02481,0.198223
229,T229_UAV_9,BS_3,HAP_1,515.434512,515.262553,0.027413,0.013003,0.157712
229,T229_UAV_4,BS_4,HAP_2,352.316551,352.128025,0.027188,0.025069,0.181347
229,T229_UAV_17,BS_4,LEO_1,453.423502,453.211429,0.044502,0.018206,0.246824
229,T229_UAV_3,BS_0,LEO_0,481.050727,480.830316,0.040982,0.016001,0.317141
229,T229_UAV_0,BS_2,HAP_0,663.784942,663.596041,0.029086,0.02017,0.198223
229,T229_UAV_7,BS_4,HAP_1,729.156957,728.957001,0.0287,0.039714,0.157712
229,T229_UAV_14,HAP_1,HAP_2,487.514155,487.32713,0.02927,0.021485,0.181347
229,T229_UAV_11,BS_2,LEO_0,553.484304,553.274709,0.041091,0.005076,0.317141
229,T229_UAV_15,BS_3,LEO_1,565.483317,565.269229,0.045832,0.018891,0.246824
229,T229_UAV_13,BS_4,BS_1,575.971029,575.775677,0.045958,0.010576,0.194089
229,T229_UAV_2,HAP_1,BS_2,604.444803,604.220647,0.047735,0.02768,0.243708
229,T229_UAV_8,BS_3,BS_4,656.350333,656.079855,0.050975,0.048592,0.354555
229,T229_UAV_19,BS_2,HAP_0,1172.364131,1172.17515,0.032013,0.017323,0.198223
229,T229_UAV_10,HAP_1,HAP_1,402.948295,402.78002,0.026293,0.010439,0.157712
230,T230_UAV_13,BS_4,LEO_0,321.772932,321.555125,0.04045,0.026955,0.252006
230,T230_UAV_16,BS_4,LEO_1,315.605627,315.539091,0.003429,0.026732,0.181877
230,T230_UAV_12,BS_0,HAP_0,391.597286,391.540837,0.002807,0.005403,0.241191
230,T230_UAV_9,BS_3,HAP_1,394.929293,394.722875,0.027062,0.029568,0.248941
230,T230_UAV_10,HAP_1,HAP_2,432.967958,432.903473,0.003794,0.021783,0.194541
230,T230_UAV_3,BS_0,LEO_0,617.29856,617.08415,0.041142,0.022867,0.252006
230,T230_UAV_15,BS_3,LEO_1,506.271712,506.216008,0.005226,0.014103,0.181877
230,T230_UAV_5,HAP_1,HAP_0,528.396853,528.332896,0.003492,0.012227,0.241191
230,T230_UAV_0,BS_2,HAP_1,540.034445,539.822488,0.029235,0.032934,0.248941
230,T230_UAV_19,BS_2,LEO_1,595.356654,595.300493,0.007489,0.012297,0.181877
230,T230_UAV_11,BS_2,LEO_0,798.96722,798.744205,0.041429,0.031185,0.252006
230,T230_UAV_17,BS_4,HAP_2,626.781318,626.730558,0.0051,0.006752,0.194541
230,T230_UAV_2,HAP_1,BS_1,642.269898,642.076408,0.0501,0.007042,0.181745
230,T230_UAV_4,BS_4,BS_2,691.975034,691.711034,0.0532,0.051004,0.298981
230,T230_UAV_18,BS_4,BS_0,709.380142,709.139012,0.054289,0.048695,0.190733
230,T230_UAV_8,BS_3,BS_4,719.804907,719.563769,0.05494,0.015041,0.355784
230,T230_UAV_14,HAP_1,BS_3,734.466646,734.187572,0.055854,0.068086,0.275673
230,T230_UAV_7,BS_4,LEO_0,993.969826,993.744713,0.041618,0.033093,0.252006
231,T231_UAV_8,BS_3,LEO_0,285.156309,285.10076,0.000477,0.006065,0.245035
231,T231_UAV_11,BS_2,LEO_1,271.159088,271.084901,0.003323,0.010527,0.30169
231,T231_UAV_17,BS_4,HAP_0,349.832811,349.762104,0.001713,0.012933,0.280307
231,T231_UAV_18,BS_4,HAP_1,307.556032,307.343984,0.026873,0.039316,0.229298
231,T231_UAV_9,BS_3,HAP_2,367.734818,367.540838,0.028346,0.021817,0.219086
231,T231_UAV_7,BS_4,LEO_0,593.174787,593.098445,0.000967,0.026369,0.245035
231,T231_UAV_2,HAP_1,LEO_1,494.251626,494.182356,0.004304,0.004628,0.30169
231,T231_UAV_12,BS_0,LEO_0,654.970613,654.91462,0.001263,0.005723,0.245035
231,T231_UAV_4,BS_4,HAP_0,788.167063,788.084885,0.002867,0.02325,0.280307
231,T231_UAV_13,BS_4,HAP_1,547.89809,547.710041,0.027549,0.014642,0.229298
231,T231_UAV_6,HAP_1,HAP_2,575.835081,575.654769,0.030649,0.005846,0.219086
231,T231_UAV_19,BS_2,BS_1,581.305046,581.092725,0.04629,0.024729,0.206513
231,T231_UAV_15,BS_3,LEO_1,690.858028,690.77838,0.007128,0.012183,0.30169
231,T231_UAV_10,HAP_1,BS_2,692.590455,692.367986,0.053241,0.022215,0.235064
231,T231_UAV_16,BS_4,LEO_0,966.330954,966.259772,0.001463,0.020712,0.245035
231,T231_UAV_1,BS_3,HAP_0,1180.180065,1180.110493,0.006655,0.006856,0.280307
231,T231_UAV_14,HAP_1,BS_4,334.065355,333.835034,0.030844,0.028843,0.353165
232,T232_UAV_4,BS_4,LEO_0,281.916968,281.826986,0.000497,0.023908,0.327885
232,T232_UAV_0,BS_2,LEO_1,377.059682,376.971721,0.004849,0.009315,0.368979
232,T232_UAV_12,BS_0,HAP_0,615.247471,615.052994,0.0288,0.015508,0.250849
232,T232_UAV_2,HAP_1,HAP_2,410.298581,410.244183,0.003263,0.009156,0.209894
232,T232_UAV_18,BS_4,HAP_1,445.872911,445.689021,0.027712,0.008543,0.238173
232,T232_UAV_7,BS_4,LEO_0,490.11534,490.01913,0.000874,0.029759,0.327885
232,T232_UAV_8,BS_3,LEO_1,534.439896,534.342421,0.005706,0.017972,0.368979
232,T232_UAV_19,BS_2,HAP_0,755.429769,755.238775,0.029518,0.011306,0.250849
232,T232_UAV_10,HAP_1,HAP_2,574.653823,574.601253,0.005034,0.005556,0.209894
232,T232_UAV_15,BS_3,LEO_0,594.858944,594.762668,0.001028,0.029672,0.327885
232,T232_UAV_11,BS_2,HAP_1,597.600465,597.382803,0.029213,0.040814,0.238173
232,T232_UAV_16,BS_4,LEO_1,608.380518,608.293358,0.006594,0.00677,0.368979
232,T232_UAV_9,BS_3,BS_1,655.459627,655.238308,0.050922,0.026719,0.218391
232,T232_UAV_1,BS_3,BS_2,709.576726,709.336924,0.054301,0.040801,0.223495
232,T232_UAV_17,BS_4,BS_0,734.660699,734.435501,0.055869,0.013919,0.277048
232,T232_UAV_6,HAP_1,BS_4,783.988891,783.707245,0.058947,0.05155,0.355743
232,T232_UAV_5,HAP_1,HAP_0,530.387574,530.189263,0.028054,0.020087,0.250849
233,T233_UAV_18,BS_4,LEO_0,204.897459,204.703532,0.040376,0.006519,0.235161
233,T233_UAV_13,BS_4,LEO_1,455.507655,455.329168,0.043068,0.009374,0.130226
233,T233_UAV_4,BS_4,HAP_1,307.32915,307.122126,0.026711,0.036499,0.219068
233,T233_UAV_9,BS_3,HAP_0,308.14643,307.952913,0.026953,0.005805,0.303797
233,T233_UAV_19,BS_2,HAP_2,447.250359,447.18413,0.003986,0.007725,0.27259
233,T233_UAV_12,BS_0,LEO_0,464.909671,464.687223,0.040989,0.034427,0.235161
233,T233_UAV_11,BS_2,LEO_1,774.61879,774.426108,0.046363,0.020273,0.130226
233,T233_UAV_14,HAP_1,LEO_0,636.186993,635.992997,0.040997,0.005967,0.235161
233,T233_UAV_8,BS_3,HAP_1,652.863064,652.677959,0.029042,0.012249,0.219068
233,T233_UAV_1,BS_3,HAP_0,673.448357,673.237555,0.029336,0.020706,0.303797
233,T233_UAV_6,HAP_1,HAP_2,714.595704,714.511556,0.007031,0.0226,0.27259
233,T233_UAV_0,BS_2,LEO_1,1194.839975,1194.659482,0.050282,0.004167,0.130226
233,T233_UAV_16,BS_4,BS_1,785.453259,785.342553,0.049059,0.018088,0.217792
233,T233_UAV_3,BS_0,BS_2,788.188799,787.929377,0.059211,0.044845,0.276827
233,T233_UAV_7,BS_4,BS_0,791.420348,791.150703,0.059412,0.022735,0.437486
233,T233_UAV_17,BS_4,LEO_1,1195.254233,1195.063863,0.048115,0.01621,0.130226
233,T233_UAV_10,HAP_1,LEO_1,383.225733,383.042268,0.042283,0.015138,0.130226
234,T234_UAV_7,BS_4,LEO_0,312.533685,312.472372,0.00051,0.017653,0.215754
234,T234_UAV_4,BS_4,LEO_1,256.831468,256.627747,0.042783,0.008783,0.260771
234,T234_UAV_16,BS_4,HAP_0,340.810816,340.603674,0.02682,0.017742,0.312892
234,T234_UAV_2,HAP_1,LEO_0,375.059391,375.002803,0.000552,0.012885,0.215754
234,T234_UAV_5,HAP_1,HAP_2,424.777564,424.681161,0.004066,0.013731,0.393028
234,T234_UAV_13,BS_4,HAP_1,481.663638,481.45876,0.027233,0.024705,0.264702
234,T234_UAV_14,HAP_1,LEO_1,493.804012,493.584654,0.044247,0.022957,0.260771
234,T234_UAV_12,BS_0,LEO_0,677.607292,677.557494,0.0013,0.005347,0.215754
234,T234_UAV_0,BS_2,HAP_0,518.334101,518.126129,0.028664,0.01673,0.312892
234,T234_UAV_11,BS_2,HAP_1,582.370701,582.162712,0.029098,0.02595,0.264702
234,T234_UAV_15,BS_3,HAP_2,622.687614,622.585002,0.005981,0.018025,0.393028
234,T234_UAV_9,BS_3,LEO_1,644.647952,644.424324,0.046375,0.025099,0.260771
234,T234_UAV_17,BS_4,BS_1,694.617482,694.517073,0.043386,0.005067,0.259783
234,T234_UAV_1,BS_3,BS_2,776.06599,775.82912,0.058455,0.013569,0.324233
234,T234_UAV_19,BS_2,BS_0,779.583366,779.367206,0.058676,0.00998,0.237521
234,T234_UAV_18,BS_4,BS_3,797.850956,797.572776,0.059813,0.052391,0.329879
234,T234_UAV_6,HAP_1,LEO_0,359.730594,359.681094,0.00055,0.005799,0.215754
235,T235_UAV_11,BS_2,LEO_0,327.003583,326.808766,0.040582,0.015761,0.192372
235,T235_UAV_6,HAP_1,LEO_1,307.161102,306.943493,0.042686,0.020533,0.271951
235,T235_UAV_16,BS_4,HAP_0,512.119847,512.066862,0.002439,0.010595,0.199754
235,T235_UAV_15,BS_3,HAP_1,355.802524,355.632908,0.027048,0.011045,0.157615
235,T235_UAV_7,BS_4,HAP_2,418.910329,418.729791,0.027618,0.017668,0.176263
235,T235_UAV_1,BS_3,LEO_0,588.8368,588.63858,0.04087,0.018876,0.192372
235,T235_UAV_8,BS_3,LEO_1,487.647464,487.43852,0.04518,0.009374,0.271951
235,T235_UAV_17,BS_4,HAP_0,792.578669,792.51267,0.00388,0.022168,0.199754
235,T235_UAV_5,HAP_1,LEO_0,708.376012,708.176884,0.041075,0.019579,0.192372
235,T235_UAV_14,HAP_1,HAP_2,534.241455,534.060708,0.029633,0.015861,0.176263
235,T235_UAV_3,BS_0,HAP_1,543.047876,542.838493,0.028977,0.048882,0.157615
235,T235_UAV_0,BS_2,LEO_1,544.042533,543.823765,0.047005,0.017372,0.271951
235,T235_UAV_13,BS_4,BS_0,572.992625,572.741356,0.045768,0.045659,0.299206
235,T235_UAV_19,BS_2,BS_1,675.502125,675.369171,0.042189,0.018066,0.363496
235,T235_UAV_9,BS_3,LEO_0,740.900157,740.715903,0.04109,0.00469,0.192372
235,T235_UAV_18,BS_4,BS_2,735.935617,735.653425,0.055945,0.055875,0.351862
235,T235_UAV_4,BS_4,BS_3,777.466457,777.223073,0.058542,0.014274,0.352833
235,T235_UAV_10,HAP_1,HAP_0,404.502194,404.439466,0.00211,0.020667,0.199754
236,T236_UAV_12,BS_0,LEO_0,384.717992,384.654804,0.000736,0.025701,0.183754
236,T236_UAV_4,BS_4,LEO_1,424.052679,424.001249,0.003687,0.010097,0.188226
236,T236_UAV_18,BS_4,HAP_2,340.141025,340.082345,0.00209,0.017829,0.193802
236,T236_UAV_6,HAP_1,HAP_0,218.914696,218.705472,0.026982,0.031329,0.254566
236,T236_UAV_17,BS_4,HAP_1,230.876217,230.686643,0.026348,0.017977,0.226247
236,T236_UAV_9,BS_3,LEO_0,741.660451,741.609206,0.001091,0.013402,0.183754
236,T236_UAV_16,BS_4,LEO_1,744.909565,744.86028,0.006433,0.005207,0.188226
236,T236_UAV_0,BS_2,BS_1,2702.914751,2702.607412,0.178821,0.009091,0.097134
236,T236_UAV_11,BS_2,LEO_0,829.331543,829.27076,0.001478,0.022554,0.183754
236,T236_UAV_13,BS_4,LEO_1,895.150732,895.09173,0.007073,0.014283,0.188226
236,T236_UAV_10,HAP_1,HAP_2,765.971737,765.916687,0.006707,0.009583,0.193802
236,T236_UAV_8,BS_3,LEO_0,1055.252934,1055.20585,0.001749,0.008583,0.183754
236,T236_UAV_19,BS_2,BS_1,3180.748384,3180.410547,0.208669,0.009742,0.097134
236,T236_UAV_1,BS_3,BS_1,3506.129837,3505.768816,0.228994,0.012601,0.097134
236,T236_UAV_15,BS_3,BS_1,3582.407345,3582.03661,0.233758,0.01755,0.097134
236,T236_UAV_5,HAP_1,BS_1,3786.992447,3786.622547,0.246538,0.003936,0.097134
236,T236_UAV_7,BS_4,LEO_1,267.123904,267.06784,0.002368,0.01605,0.188226
237,T237_UAV_16,BS_4,LEO_0,305.574585,305.50564,0.0005,0.007732,0.303566
237,T237_UAV_1,BS_3,HAP_1,653.744784,653.666179,0.002354,0.024601,0.258251
237,T237_UAV_13,BS_4,LEO_1,393.965821,393.876742,0.003865,0.023684,0.30765
237,T237_UAV_4,BS_4,HAP_0,401.90851,401.687689,0.026575,0.03045,0.31898
237,T237_UAV_14,HAP_1,HAP_2,210.348084,210.271778,0.002536,0.012588,0.305904
237,T237_UAV_11,BS_2,LEO_0,423.981382,423.901542,0.000832,0.018295,0.303566
237,T237_UAV_19,BS_2,LEO_1,505.872357,505.787991,0.006324,0.016512,0.30765
237,T237_UAV_0,BS_2,HAP_1,1135.006553,1134.926403,0.006114,0.022386,0.258251
237,T237_UAV_2,HAP_1,BS_2,1288.431978,1288.149846,0.090459,0.037563,0.270554
237,T237_UAV_18,BS_4,HAP_1,1308.017795,1307.93378,0.00577,0.026594,0.258251
237,T237_UAV_10,HAP_1,LEO_0,667.787729,667.710445,0.001052,0.015519,0.303566
237,T237_UAV_8,BS_3,HAP_0,693.162424,692.961603,0.029901,0.007124,0.31898
237,T237_UAV_7,BS_4,LEO_1,730.899922,730.805792,0.008109,0.024491,0.30765
237,T237_UAV_3,BS_0,HAP_1,1398.569465,1398.4715,0.007149,0.039166,0.258251
237,T237_UAV_17,BS_4,BS_2,1451.922637,1451.641367,0.100672,0.026487,0.270554
237,T237_UAV_12,BS_0,HAP_1,2130.387954,2130.290716,0.011139,0.034449,0.258251
237,T237_UAV_15,BS_3,HAP_1,2224.950665,2224.8699,0.009445,0.019671,0.258251
237,T237_UAV_5,HAP_1,BS_2,748.680358,748.423755,0.056743,0.045749,0.270554
238,T238_UAV_1,BS_3,HAP_1,557.194064,556.99772,0.027082,0.030288,0.19487
238,T238_UAV_6,HAP_1,LEO_0,389.043135,388.951358,0.000648,0.018035,0.365471
238,T238_UAV_14,HAP_1,LEO_1,260.755118,260.677214,0.003091,0.006328,0.34242
238,T238_UAV_15,BS_3,HAP_0,352.175527,351.983049,0.027395,0.022928,0.210775
238,T238_UAV_17,BS_4,HAP_2,436.619569,436.424458,0.028553,0.011311,0.276233
238,T238_UAV_7,BS_4,HAP_1,701.884187,701.690015,0.02813,0.027069,0.19487
238,T238_UAV_16,BS_4,LEO_0,621.054648,620.974461,0.001015,0.006078,0.365471
238,T238_UAV_9,BS_3,HAP_0,439.103653,438.90943,0.027764,0.024304,0.210775
238,T238_UAV_18,BS_4,LEO_1,440.319177,440.226253,0.006989,0.017451,0.34242
238,T238_UAV_13,BS_4,HAP_1,852.250565,852.061747,0.028174,0.02167,0.19487
238,T238_UAV_3,BS_0,HAP_2,718.474883,718.282859,0.031775,0.005002,0.276233
238,T238_UAV_0,BS_2,HAP_1,1110.640432,1110.446589,0.031327,0.023542,0.19487
238,T238_UAV_12,BS_0,HAP_1,1563.68832,1563.501694,0.033617,0.014034,0.19487
238,T238_UAV_10,HAP_1,LEO_0,305.942111,305.851098,0.000482,0.017437,0.365471
239,T239_UAV_13,BS_4,LEO_0,359.55122,359.364752,0.040504,0.015153,0.154058
239,T239_UAV_1,BS_3,LEO_1,390.226247,390.029858,0.042912,0.01955,0.169634
239,T239_UAV_14,HAP_1,HAP_2,475.497055,475.450525,0.003476,0.004435,0.193094
239,T239_UAV_15,BS_3,HAP_0,349.105028,349.039818,0.002373,0.017376,0.227307
239,T239_UAV_8,BS_3,HAP_1,399.583315,399.383254,0.027434,0.032511,0.200581
239,T239_UAV_16,BS_4,LEO_0,541.086898,540.899913,0.040812,0.015362,0.154058
239,T239_UAV_12,BS_0,LEO_1,643.466942,643.268374,0.046381,0.01826,0.169634
239,T239_UAV_11,BS_2,HAP_0,512.650746,512.58343,0.003136,0.018719,0.227307
239,T239_UAV_9,BS_3,HAP_1,550.560522,550.36995,0.027803,0.022652,0.200581
239,T239_UAV_0,BS_2,LEO_0,775.564205,775.380621,0.041544,0.011228,0.154058
239,T239_UAV_7,BS_4,HAP_2,883.54839,883.482907,0.004858,0.022006,0.193094
239,T239_UAV_5,HAP_1,LEO_1,915.411109,915.214507,0.046288,0.016387,0.169634
239,T239_UAV_10,HAP_1,BS_1,737.526504,737.270717,0.056046,0.039757,0.299916
239,T239_UAV_19,BS_0,BS_2,772.251145,772.00054,0.058216,0.013825,0.392823
239,T239_UAV_3,BS_0,LEO_0,935.478025,935.296703,0.041748,0.008762,0.154058
239,T239_UAV_18,BS_4,LEO_1,986.0961,985.897092,0.048922,0.016159,0.169634
239,T239_UAV_2,HAP_1,HAP_2,392.100994,392.045805,0.00267,0.0139,0.193094
240,T240_UAV_1,BS_3,LEO_0,304.760617,304.706153,0.000451,0.014835,0.195892
240,T240_UAV_0,BS_2,LEO_1,409.53321,409.320881,0.044199,0.028583,0.197731
240,T240_UAV_10,HAP_1,HAP_0,567.589342,567.411888,0.027956,0.011941,0.187786
240,T240_UAV_2,HAP_1,HAP_2,411.465091,411.268637,0.02827,0.011794,0.281946
240,T240_UAV_12,BS_0,HAP_1,448.123707,447.89577,0.028375,0.041557,0.290026
240,T240_UAV_17,BS_4,LEO_0,669.871313,669.82192,0.00095,0.009265,0.195892
240,T240_UAV_4,BS_4,LEO_1,726.831683,726.622071,0.046303,0.023763,0.197731
240,T240_UAV_19,BS_0,LEO_0,772.140801,772.083464,0.001454,0.016705,0.195892
240,T240_UAV_13,BS_4,HAP_0,904.284399,904.090056,0.029237,0.027549,0.187786
240,T240_UAV_7,BS_4,HAP_1,604.232432,604.000786,0.028498,0.045143,0.290026
240,T240_UAV_18,BS_4,HAP_2,607.479595,607.276935,0.028712,0.017559,0.281946
240,T240_UAV_8,BS_3,LEO_1,845.841647,845.635583,0.047164,0.019354,0.197731
240,T240_UAV_11,BS_2,BS_1,725.394562,725.142312,0.055289,0.047588,0.246868
240,T240_UAV_16,BS_4,LEO_0,863.673176,863.606741,0.001296,0.025961,0.195892
240,T240_UAV_3,BS_0,LEO_1,895.145295,894.946134,0.048673,0.010942,0.197731
240,T240_UAV_5,HAP_1,HAP_0,556.350268,556.165589,0.028192,0.01893,0.187786
241,T241_UAV_16,BS_4,LEO_0,253.048114,252.968682,0.000412,0.016984,0.310178
241,T241_UAV_13,BS_4,LEO_1,381.975374,381.928561,0.003011,0.006175,0.188137
241,T241_UAV_5,HAP_1,HAP_0,318.792754,318.601536,0.027091,0.021296,0.21415
241,T241_UAV_9,BS_3,HAP_1,395.653847,395.463624,0.027002,0.01075,0.262355
241,T241_UAV_18,BS_4,HAP_2,413.782223,413.71938,0.002528,0.016692,0.218116
241,T241_UAV_8,BS_3,LEO_0,427.002278,426.920384,0.000766,0.019092,0.310178
241,T241_UAV_0,BS_2,LEO_1,596.649736,596.58908,0.006135,0.016893,0.188137
241,T241_UAV_3,BS_0,HAP_0,523.047755,522.855174,0.02876,0.020991,0.21415
241,T241_UAV_19,BS_0,LEO_0,591.092318,591.01235,0.001231,0.016702,0.310178
241,T241_UAV_4,BS_4,LEO_1,789.609986,789.559426,0.006853,0.00608,0.188137
241,T241_UAV_15,BS_3,HAP_1,705.641179,705.43303,0.029019,0.026659,0.262355
241,T241_UAV_2,HAP_1,HAP_2,706.605063,706.544081,0.005625,0.011733,0.218116
241,T241_UAV_1,BS_3,BS_1,707.492444,707.263388,0.054172,0.04074,0.170725
241,T241_UAV_10,HAP_1,BS_2,709.678008,709.417081,0.054306,0.02679,0.399155
241,T241_UAV_17,BS_4,BS_0,795.593078,795.258465,0.059669,0.07718,0.48882
241,T241_UAV_14,HAP_1,LEO_1,329.976252,329.924405,0.002316,0.011905,0.188137
242,T242_UAV_15,BS_3,LEO_0,236.819488,236.741925,0.000405,0.004048,0.365548
242,T242_UAV_11,BS_2,LEO_1,315.236809,315.027692,0.043042,0.021746,0.221643
242,T242_UAV_18,BS_4,HAP_1,635.906812,635.712465,0.028359,0.034959,0.155141
242,T242_UAV_16,BS_4,HAP_0,643.723222,643.657299,0.003016,0.013905,0.245009
242,T242_UAV_7,BS_4,HAP_2,429.823356,429.643145,0.02769,0.013427,0.195472
242,T242_UAV_4,BS_4,LEO_1,687.037079,686.825549,0.045953,0.021248,0.221643
242,T242_UAV_14,HAP_1,LEO_0,550.879957,550.796432,0.000863,0.009552,0.365548
242,T242_UAV_0,BS_2,HAP_1,697.225387,697.016432,0.029728,0.048199,0.155141
242,T242_UAV_13,BS_4,HAP_2,472.500747,472.318147,0.028719,0.014786,0.195472
242,T242_UAV_5,HAP_1,HAP_0,792.690006,792.620986,0.004549,0.015469,0.245009
242,T242_UAV_2,HAP_1,LEO_0,601.714737,601.623728,0.000958,0.016942,0.365548
242,T242_UAV_17,BS_4,BS_1,614.294611,614.080389,0.048351,0.027442,0.192148
242,T242_UAV_9,BS_3,LEO_1,862.069688,861.872565,0.046801,0.005993,0.221643
242,T242_UAV_1,BS_3,BS_2,742.354463,742.085549,0.056347,0.046866,0.328508
242,T242_UAV_19,BS_0,LEO_1,978.275002,978.062177,0.049673,0.018824,0.221643
242,T242_UAV_8,BS_3,HAP_1,1002.39904,1002.214704,0.030343,0.022965,0.155141
242,T242_UAV_6,HAP_1,HAP_0,428.350761,428.279762,0.002575,0.019422,0.245009
243,T243_UAV_9,BS_3,LEO_0,573.416891,573.225607,0.040752,0.019484,0.155238
243,T243_UAV_14,HAP_1,LEO_1,303.850125,303.659473,0.042627,0.006367,0.208289
243,T243_UAV_6,BS_3,HAP_1,309.683641,309.618939,0.001417,0.020099,0.215928
243,T243_UAV_1,BS_3,HAP_0,322.580544,322.516326,0.002085,0.004129,0.290022
243,T243_UAV_16,BS_4,HAP_2,421.120142,421.061674,0.00321,0.014058,0.205997
243,T243_UAV_17,BS_4,LEO_0,842.985769,842.810178,0.041079,0.003465,0.155238
243,T243_UAV_11,BS_2,LEO_1,518.439024,518.24365,0.046289,0.007426,0.208289
243,T243_UAV_13,BS_4,LEO_0,902.943825,902.755942,0.041144,0.015692,0.155238
243,T243_UAV_0,BS_2,HAP_1,567.400421,567.339553,0.004501,0.013181,0.215928
243,T243_UAV_7,BS_4,LEO_0,927.182914,926.993069,0.041348,0.01745,0.155238
243,T243_UAV_4,BS_4,HAP_0,646.539346,646.46692,0.002508,0.011913,0.290022
243,T243_UAV_18,BS_4,HAP_2,651.934944,651.873574,0.003974,0.016197,0.205997
243,T243_UAV_2,HAP_1,LEO_1,691.932313,691.735458,0.046,0.009197,0.208289
243,T243_UAV_10,HAP_1,LEO_0,1141.525709,1141.339704,0.041488,0.013471,0.155238
243,T243_UAV_3,BS_0,LEO_0,1493.230008,1493.042102,0.042462,0.014396,0.155238
243,T243_UAV_5,HAP_1,BS_1,236.747442,236.674351,0.014785,0.01637,0.209686
244,T244_UAV_1,BS_3,LEO_0,285.52597,285.319756,0.040457,0.012883,0.264366
244,T244_UAV_17,BS_4,HAP_1,565.869341,565.673345,0.027134,0.037667,0.155977
244,T244_UAV_11,BS_2,LEO_1,345.078957,344.862768,0.044179,0.024756,0.236266
244,T244_UAV_9,BS_3,HAP_2,376.018051,375.948872,0.003388,0.008638,0.285766
244,T244_UAV_19,BS_0,HAP_0,398.334122,398.257153,0.002745,0.007255,0.334848
244,T244_UAV_18,BS_4,LEO_0,408.733005,408.519531,0.040748,0.019852,0.264366
244,T244_UAV_0,BS_2,LEO_1,450.244822,450.041801,0.045837,0.009931,0.236266
244,T244_UAV_7,BS_4,HAP_1,917.171729,916.984023,0.029111,0.0274,0.155977
244,T244_UAV_13,BS_4,HAP_0,457.885827,457.795367,0.002404,0.021087,0.334848
244,T244_UAV_15,BS_3,LEO_0,498.94359,498.720965,0.04085,0.028902,0.264366
244,T244_UAV_4,BS_4,HAP_2,553.033601,552.96168,0.003396,0.011371,0.285766
244,T244_UAV_10,HAP_1,LEO_1,574.928132,574.720318,0.044979,0.015582,0.236266
244,T244_UAV_8,BS_3,BS_1,577.25767,577.146837,0.036054,0.01263,0.31075
244,T244_UAV_12,BS_0,BS_2,591.434299,591.150203,0.046918,0.045267,0.459552
244,T244_UAV_16,BS_4,HAP_1,1016.165361,1015.978028,0.029333,0.026804,0.155977
244,T244_UAV_2,HAP_1,BS_0,601.032778,600.764919,0.047519,0.049027,0.356568
244,T244_UAV_5,HAP_1,BS_4,775.86554,775.604274,0.058441,0.03238,0.352227
244,T244_UAV_3,BS_0,BS_3,789.184307,788.909773,0.059272,0.035983,0.396395
244,T244_UAV_6,BS_3,HAP_1,1464.957859,1464.775444,0.030425,0.020795,0.155977
244,T244_UAV_14,HAP_1,HAP_1,872.594877,872.387874,0.027596,0.048211,0.155977
245,T245_UAV_18,BS_4,LEO_0,349.911294,349.704993,0.040584,0.025277,0.202206
245,T245_UAV_12,BS_0,LEO_1,376.012089,375.805649,0.043708,0.020701,0.210157
245,T245_UAV_19,BS_0,HAP_0,525.756832,525.586786,0.027875,0.009293,0.164394
245,T245_UAV_9,BS_3,HAP_1,560.812021,560.733237,0.002521,0.025443,0.254095
245,T245_UAV_3,BS_0,LEO_0,600.161983,599.961671,0.041128,0.018743,0.202206
245,T245_UAV_2,HAP_1,LEO_1,635.998924,635.792395,0.044468,0.02003,0.210157
245,T245_UAV_0,BS_2,HAP_2,366.568752,366.481294,0.004558,0.013905,0.344969
245,T245_UAV_11,BS_2,HAP_0,882.248799,882.081619,0.02939,0.004911,0.164394
245,T245_UAV_10,HAP_1,LEO_0,761.46652,761.278828,0.0411,0.006151,0.202206
245,T245_UAV_17,BS_4,HAP_1,909.821992,909.746916,0.00385,0.020407,0.254095
245,T245_UAV_6,BS_3,BS_2,650.030816,649.827744,0.050584,0.017758,0.173646
245,T245_UAV_15,BS_3,LEO_1,888.728027,888.515954,0.047303,0.022738,0.210157
245,T245_UAV_13,BS_4,BS_1,676.900961,676.685021,0.052262,0.016494,0.235918
245,T245_UAV_14,HAP_1,LEO_0,912.675091,912.484785,0.041317,0.008547,0.202206
245,T245_UAV_8,BS_3,LEO_1,915.324811,915.109482,0.047708,0.025588,0.210157
245,T245_UAV_16,BS_4,HAP_1,1062.700498,1062.633008,0.005155,0.011516,0.254095
245,T245_UAV_7,BS_4,HAP_0,1538.192555,1538.006531,0.030486,0.022659,0.164394
245,T245_UAV_5,HAP_1,HAP_0,410.626982,410.444245,0.027154,0.022704,0.164394
246,T246_UAV_8,BS_3,LEO_1,207.552583,207.506867,0.002179,0.005165,0.191862
246,T246_UAV_12,BS_0,LEO_0,213.197224,213.128362,0.000444,0.024043,0.221874
246,T246_UAV_6,BS_3,HAP_1,269.907768,269.72991,0.026243,0.018426,0.165943
246,T246_UAV_1,BS_3,HAP_2,314.951602,314.77242,0.027942,0.014659,0.182906
246,T246_UAV_4,BS_4,HAP_0,331.6804,331.466972,0.026277,0.021157,0.329972
246,T246_UAV_16,BS_4,LEO_0,334.160655,334.106829,0.000542,0.00891,0.221874
246,T246_UAV_19,BS_0,LEO_1,341.890211,341.834884,0.004241,0.012713,0.191862
246,T246_UAV_18,BS_4,HAP_1,446.901506,446.722386,0.027658,0.018273,0.165943
246,T246_UAV_2,HAP_1,LEO_1,484.568523,484.521719,0.004204,0.004228,0.191862
246,T246_UAV_14,HAP_1,LEO_0,644.078484,644.015498,0.001008,0.017603,0.221874
246,T246_UAV_10,HAP_1,HAP_2,697.030638,696.848338,0.031091,0.014628,0.182906
246,T246_UAV_7,BS_4,HAP_0,723.837364,723.632737,0.028007,0.010625,0.329972
246,T246_UAV_17,BS_4,BS_1,718.422415,718.199909,0.054855,0.027676,0.199877
246,T246_UAV_11,BS_2,BS_0,751.66157,751.360122,0.056927,0.054724,0.448986
246,T246_UAV_9,BS_3,BS_2,793.151174,792.91097,0.059522,0.026659,0.270118
246,T246_UAV_5,HAP_1,BS_3,347.845649,347.608867,0.031705,0.048828,0.281244
247,T247_UAV_8,BS_3,LEO_0,203.077758,202.99544,0.000359,0.018574,0.316925
247,T247_UAV_16,BS_4,LEO_1,276.867467,276.803275,0.002361,0.005353,0.282395
247,T247_UAV_15,BS_3,HAP_0,220.078244,220.009695,0.001475,0.016126,0.254741
247,T247_UAV_19,BS_0,HAP_1,272.794375,272.573646,0.027023,0.035102,0.293024
247,T247_UAV_13,BS_4,HAP_2,317.696236,317.640519,0.002507,0.009731,0.217394
247,T247_UAV_3,BS_0,LEO_0,432.554856,432.476808,0.000903,0.013759,0.316925
247,T247_UAV_4,BS_4,LEO_1,622.308681,622.221221,0.005387,0.025594,0.282395
247,T247_UAV_6,BS_3,HAP_0,499.912474,499.845473,0.003482,0.012571,0.254741
247,T247_UAV_18,BS_4,LEO_0,504.692866,504.624306,0.000926,0.00425,0.316925
247,T247_UAV_5,HAP_1,LEO_1,698.178635,698.106281,0.004807,0.011067,0.282395
247,T247_UAV_7,BS_4,HAP_1,530.063477,529.834042,0.028089,0.042741,0.293024
247,T247_UAV_2,HAP_1,HAP_2,613.997043,613.938628,0.004891,0.010045,0.217394
247,T247_UAV_14,HAP_1,BS_1,617.82127,617.723159,0.038588,0.011912,0.238053
247,T247_UAV_9,BS_3,BS_2,653.342068,653.092126,0.050788,0.035038,0.320579
247,T247_UAV_11,BS_2,BS_0,681.142565,680.852631,0.052522,0.04854,0.444362
247,T247_UAV_0,BS_2,BS_4,703.529925,703.242263,0.053921,0.063251,0.352452
247,T247_UAV_12,BS_0,LEO_1,883.032478,882.9503,0.008715,0.016984,0.282395
248,T248_UAV_16,BS_4,LEO_0,204.741305,204.548947,0.04033,0.009917,0.210553
248,T248_UAV_11,BS_2,LEO_1,294.707389,294.623492,0.003567,0.006751,0.367895
248,T248_UAV_18,BS_4,HAP_0,357.956827,357.739806,0.026432,0.031196,0.296966
248,T248_UAV_12,BS_0,HAP_1,401.970639,401.753231,0.027985,0.03575,0.268365
248,T248_UAV_0,BS_2,HAP_2,421.625419,421.447917,0.028715,0.007341,0.207228
248,T248_UAV_1,BS_3,LEO_0,484.077239,483.87978,0.040775,0.014574,0.210553
248,T248_UAV_7,BS_4,LEO_1,485.039034,484.941763,0.005412,0.01828,0.367895
248,T248_UAV_3,BS_0,HAP_0,552.759421,552.559325,0.028993,0.011711,0.296966
248,T248_UAV_10,HAP_1,LEO_0,601.859688,601.670361,0.040941,0.006275,0.210553
248,T248_UAV_8,BS_3,HAP_1,616.045468,615.813903,0.028666,0.049227,0.268365
248,T248_UAV_5,HAP_1,LEO_1,618.151073,618.053874,0.005244,0.018376,0.367895
248,T248_UAV_13,BS_4,HAP_2,684.123719,683.939231,0.030396,0.012646,0.207228
249,T249_UAV_3,BS_0,LEO_0,350.403771,350.343831,0.000615,0.021892,0.187161
249,T249_UAV_18,BS_4,LEO_1,309.208488,309.029249,0.04277,0.011786,0.123412
249,T249_UAV_4,BS_4,LEO_0,427.390248,427.329461,0.000648,0.022706,0.187161
249,T249_UAV_9,BS_3,HAP_0,368.977505,368.88742,0.00229,0.036022,0.258862
249,T249_UAV_12,BS_0,HAP_1,437.854384,437.616232,0.028246,0.042598,0.336541
249,T249_UAV_19,BS_0,LEO_1,452.809429,452.635382,0.044449,0.004916,0.123412
249,T249_UAV_1,BS_3,HAP_2,458.02143,457.959015,0.00429,0.009444,0.243407
249,T249_UAV_6,BS_3,LEO_0,583.450805,583.394299,0.000845,0.018229,0.187161
249,T249_UAV_11,BS_2,LEO_1,540.676065,540.487344,0.045201,0.018838,0.123412
249,T249_UAV_7,BS_4,HAP_0,526.171189,526.08852,0.002195,0.028702,0.258862
249,T249_UAV_5,HAP_1,HAP_2,630.638094,630.57791,0.006,0.005502,0.243407
249,T249_UAV_2,HAP_1,BS_1,658.577378,658.342134,0.051116,0.021085,0.315218
249,T249_UAV_16,BS_4,LEO_0,865.256641,865.205507,0.001214,0.012487,0.187161
249,T249_UAV_15,BS_3,HAP_1,721.572224,721.32856,0.029048,0.047308,0.336541
249,T249_UAV_14,HAP_1,LEO_1,736.325115,736.136566,0.045191,0.018675,0.123412
249,T249_UAV_10,HAP_1,BS_2,724.833873,724.563651,0.055253,0.043538,0.357155
249,T249_UAV_17,BS_4,BS_3,735.081462,734.802035,0.055892,0.065114,0.292109
249,T249_UAV_0,BS_2,LEO_0,1197.572014,1197.519423,0.002191,0.012969,0.187161
250,T250_UAV_15,BS_3,LEO_0,275.109371,274.915965,0.040427,0.010587,0.211961
250,T250_UAV_4,BS_4,LEO_1,284.785232,284.580754,0.042455,0.019162,0.214306
250,T250_UAV_9,BS_3,HAP_0,235.0191,234.955997,0.001457,0.004441,0.286024
250,T250_UAV_8,BS_3,HAP_1,279.295308,279.056743,0.026651,0.052581,0.296665
250,T250_UAV_0,BS_2,HAP_2,294.035237,293.968661,0.002585,0.010861,0.265648
250,T250_UAV_3,BS_0,LEO_0,444.254538,444.053698,0.040839,0.017608,0.211961
250,T250_UAV_16,BS_4,LEO_1,453.9635,453.759943,0.043851,0.016845,0.214306
250,T250_UAV_17,BS_4,HAP_0,381.846059,381.760957,0.0021,0.025797,0.286024
250,T250_UAV_1,BS_3,HAP_1,384.974409,384.762015,0.026783,0.026277,0.296665
250,T250_UAV_13,BS_4,LEO_0,690.459515,690.254027,0.040968,0.022128,0.211961
250,T250_UAV_10,HAP_1,HAP_2,537.854235,537.784854,0.004702,0.01155,0.265648
250,T250_UAV_19,BS_0,LEO_1,749.738335,749.536031,0.047363,0.01208,0.214306
250,T250_UAV_2,HAP_1,BS_1,581.807435,581.709551,0.036339,0.020882,0.203315
250,T250_UAV_18,BS_4,BS_2,602.651618,602.37235,0.047619,0.049531,0.410587
250,T250_UAV_14,HAP_1,BS_0,604.695063,604.391616,0.047746,0.06985,0.42926
250,T250_UAV_11,BS_2,BS_4,634.788747,634.520366,0.049628,0.047248,0.357531
250,T250_UAV_6,BS_3,LEO_0,939.941218,939.740113,0.041449,0.017264,0.211961
250,T250_UAV_7,BS_4,LEO_1,1063.46285,1063.263391,0.049488,0.00711,0.214306
250,T250_UAV_5,HAP_1,BS_3,229.468017,229.261148,0.024312,0.018459,0.320487
251,T251_UAV_11,BS_2,LEO_0,552.584233,552.536789,0.000862,0.009783,0.183991
251,T251_UAV_0,BS_2,LEO_1,748.906418,748.840158,0.00645,0.021975,0.189177
251,T251_UAV_9,BS_3,HAP_0,237.21967,237.122746,0.001898,0.023998,0.355141
251,T251_UAV_13,BS_4,HAP_1,476.937835,476.724276,0.027172,0.034465,0.259607
251,T251_UAV_14,HAP_1,LEO_0,943.750443,943.690843,0.001228,0.021574,0.183991
251,T251_UAV_1,BS_3,LEO_1,812.425567,812.366797,0.005179,0.015756,0.189177
251,T251_UAV_10,HAP_1,HAP_2,352.10915,352.022144,0.004301,0.010347,0.361789
251,T251_UAV_8,BS_3,LEO_0,978.332272,978.269188,0.001401,0.024885,0.183991
251,T251_UAV_18,BS_4,LEO_1,974.636715,974.584038,0.007402,0.00744,0.189177
251,T251_UAV_17,BS_4,HAP_1,655.738369,655.520692,0.02803,0.037725,0.259607
251,T251_UAV_6,BS_3,BS_1,754.339523,754.226893,0.047116,0.012201,0.266565
251,T251_UAV_3,BS_0,BS_2,768.264994,768.006432,0.057966,0.041902,0.293466
251,T251_UAV_12,BS_0,LEO_0,1375.082972,1375.035426,0.002255,0.008493,0.183991
251,T251_UAV_16,BS_4,LEO_1,1183.530327,1183.478775,0.008536,0.005181,0.189177
251,T251_UAV_15,BS_3,LEO_0,1441.940898,1441.883109,0.002007,0.018984,0.183991
251,T251_UAV_4,BS_4,LEO_1,1294.754272,1294.690415,0.009501,0.016521,0.189177
251,T251_UAV_2,HAP_1,LEO_0,400.95606,400.906073,0.000527,0.012661,0.183991
252,T252_UAV_4,BS_4,LEO_0,204.717929,204.632564,0.000362,0.026882,0.290604
252,T252_UAV_18,BS_4,HAP_0,109.110764,108.911593,0.025509,0.018949,0.273566
252,T252_UAV_16,BS_4,LEO_1,216.431727,216.349638,0.003188,0.01817,0.303658
252,T252_UAV_12,BS_0,HAP_2,988.249276,988.085609,0.03032,0.004751,0.142987
252,T252_UAV_1,BS_3,HAP_1,127.61945,127.41635,0.025718,0.024603,0.263893
252,T252_UAV_6,BS_3,HAP_2,1161.277491,1161.112604,0.031773,0.004517,0.142987
252,T252_UAV_0,BS_2,LEO_0,507.706945,507.628116,0.001105,0.019602,0.290604
252,T252_UAV_19,BS_0,HAP_2,1284.925954,1284.756755,0.031972,0.00863,0.142987
252,T252_UAV_8,BS_3,LEO_1,525.463053,525.369764,0.00762,0.024937,0.303658
252,T252_UAV_5,HAP_1,LEO_0,701.097739,701.015712,0.001151,0.022755,0.290604
252,T252_UAV_17,BS_4,HAP_2,2615.863181,2615.68233,0.038282,0.013971,0.142987
252,T252_UAV_15,BS_3,HAP_2,2807.688605,2807.502967,0.040655,0.016386,0.142987
252,T252_UAV_14,HAP_1,HAP_2,2833.69567,2833.512006,0.039693,0.015374,0.142987
252,T252_UAV_10,HAP_1,HAP_2,3049.658141,3049.484969,0.041209,0.003366,0.142987
252,T252_UAV_9,BS_3,HAP_2,3161.233734,3161.05405,0.042074,0.009013,0.142987
253,T253_UAV_19,BS_0,LEO_0,421.766032,421.572076,0.040867,0.006237,0.234256
253,T253_UAV_15,BS_3,LEO_1,283.517605,283.31305,0.044006,0.013935,0.233067
253,T253_UAV_1,BS_3,HAP_0,535.828399,535.765436,0.003475,0.018132,0.206781
253,T253_UAV_18,BS_4,HAP_1,285.874232,285.629108,0.027149,0.03156,0.432079
253,T253_UAV_2,HAP_1,HAP_2,312.373203,312.132623,0.0284,0.019472,0.463537
253,T253_UAV_12,BS_0,LEO_0,636.517891,636.313235,0.041308,0.016498,0.234256
253,T253_UAV_11,BS_2,LEO_1,438.807991,438.596831,0.04742,0.017126,0.233067
253,T253_UAV_9,BS_3,BS_0,2994.07745,2993.674977,0.197001,0.069285,0.180932
253,T253_UAV_6,BS_3,HAP_0,660.67937,660.617737,0.004638,0.015638,0.206781
253,T253_UAV_5,HAP_1,BS_0,3816.602676,3816.204909,0.248384,0.013197,0.180932
253,T253_UAV_8,BS_3,BS_0,4471.037641,4470.589592,0.289262,0.0226,0.180932
253,T253_UAV_16,BS_4,BS_0,4935.702998,4935.198415,0.318286,0.050111,0.180932
253,T253_UAV_14,HAP_1,BS_0,5299.170717,5298.661108,0.340991,0.032431,0.180932
253,T253_UAV_7,BS_4,BS_0,5330.785485,5330.262754,0.342965,0.04358,0.180932
253,T253_UAV_4,BS_4,BS_0,5458.294415,5457.784981,0.350931,0.022317,0.180932
253,T253_UAV_10,HAP_1,LEO_0,204.456471,204.262565,0.040318,0.006737,0.234256
254,T254_UAV_13,BS_4,LEO_0,281.388275,281.326112,0.000395,0.018517,0.216254
254,T254_UAV_14,HAP_1,LEO_1,362.533164,362.323452,0.042561,0.024795,0.211784
254,T254_UAV_10,HAP_1,HAP_0,297.815957,297.634065,0.026752,0.013319,0.209105
254,T254_UAV_16,BS_4,HAP_1,354.69305,354.483412,0.026881,0.032849,0.24954
254,T254_UAV_8,BS_3,HAP_2,465.79293,465.558652,0.029468,0.032681,0.360643
254,T254_UAV_15,BS_3,LEO_0,608.241891,608.194136,0.000942,0.003562,0.216254
254,T254_UAV_18,BS_4,LEO_1,634.385743,634.170761,0.045662,0.026963,0.211784
254,T254_UAV_12,BS_0,LEO_0,636.386189,636.330561,0.001182,0.011196,0.216254
254,T254_UAV_4,BS_4,HAP_0,485.735695,485.556145,0.026842,0.010887,0.209105
254,T254_UAV_9,BS_3,HAP_1,491.032104,490.84036,0.027393,0.014444,0.24954
254,T254_UAV_0,BS_2,HAP_2,587.346247,587.120452,0.030125,0.023542,0.360643
254,T254_UAV_17,BS_4,LEO_1,804.199709,804.003074,0.046279,0.007999,0.211784
254,T254_UAV_3,BS_0,BS_1,704.408798,704.298146,0.043997,0.017728,0.24464
254,T254_UAV_6,BS_3,LEO_0,996.087129,996.024741,0.001544,0.017594,0.216254
254,T254_UAV_5,HAP_1,LEO_1,298.680371,298.47852,0.042054,0.017441,0.211784
255,T255_UAV_4,BS_4,LEO_0,313.725759,313.523858,0.040555,0.01939,0.209782
255,T255_UAV_8,BS_3,LEO_1,217.222977,217.011984,0.043126,0.019081,0.243931
255,T255_UAV_9,BS_3,HAP_0,1176.633405,1176.574993,0.005068,0.014179,0.195822
255,T255_UAV_17,BS_4,HAP_2,364.477398,364.281168,0.027976,0.018436,0.24909
255,T255_UAV_7,BS_4,LEO_0,383.693486,383.496929,0.040687,0.013914,0.209782
255,T255_UAV_1,BS_3,HAP_1,284.703807,284.469773,0.026605,0.033092,0.371685
255,T255_UAV_5,HAP_1,LEO_1,348.610999,348.413645,0.044051,0.004517,0.243931
255,T255_UAV_11,BS_2,HAP_0,1802.912103,1802.844348,0.007808,0.020783,0.195822
255,T255_UAV_13,BS_4,LEO_0,593.58529,593.387665,0.0409,0.014768,0.209782
255,T255_UAV_19,BS_0,HAP_2,595.248649,595.049737,0.030369,0.018725,0.24909
255,T255_UAV_6,BS_3,HAP_0,1894.407487,1894.342655,0.008991,0.016677,0.195822
255,T255_UAV_12,BS_0,HAP_0,2221.887415,2221.819921,0.01026,0.01807,0.195822
255,T255_UAV_18,BS_4,HAP_0,2271.597218,2271.546072,0.006956,0.005026,0.195822
255,T255_UAV_3,BS_0,HAP_0,2500.939283,2500.882348,0.012144,0.005627,0.195822
255,T255_UAV_2,HAP_1,HAP_0,2731.36009,2731.299342,0.010442,0.011142,0.195822
256,T256_UAV_19,BS_0,LEO_0,511.649459,511.604723,0.000884,0.004114,0.198695
256,T256_UAV_13,BS_4,LEO_1,582.060679,581.998429,0.004556,0.008081,0.248064
256,T256_UAV_12,BS_0,HAP_2,487.268338,487.080086,0.028641,0.023067,0.182723
256,T256_UAV_0,BS_2,LEO_0,636.756238,636.704936,0.001147,0.010417,0.198695
256,T256_UAV_15,BS_3,LEO_1,582.721081,582.661924,0.004766,0.004777,0.248064
256,T256_UAV_16,BS_4,HAP_1,597.984817,597.757362,0.028155,0.029585,0.348571
256,T256_UAV_9,BS_3,HAP_0,616.974939,616.723681,0.02879,0.027334,0.475666
256,T256_UAV_4,BS_4,LEO_0,698.950659,698.904779,0.001062,0.005079,0.198695
256,T256_UAV_8,BS_3,LEO_1,601.030495,600.966237,0.005002,0.009642,0.248064
256,T256_UAV_6,BS_3,HAP_2,827.100087,826.906009,0.03194,0.025593,0.182723
256,T256_UAV_7,BS_4,HAP_1,664.411373,664.198943,0.028907,0.013809,0.348571
256,T256_UAV_17,BS_4,LEO_0,945.445043,945.392533,0.00126,0.01151,0.198695
256,T256_UAV_1,BS_3,LEO_1,762.255835,762.189709,0.005677,0.010836,0.248064
256,T256_UAV_5,HAP_1,HAP_2,918.614973,918.438611,0.032307,0.00751,0.182723
256,T256_UAV_14,HAP_1,LEO_0,1217.030624,1216.98021,0.001658,0.009017,0.198695
256,T256_UAV_18,BS_4,HAP_0,201.62705,201.363048,0.025786,0.043082,0.475666
256,T256_UAV_2,HAP_1,BS_1,257.669324,257.473885,0.026074,0.00733,0.310175
257,T257_UAV_7,BS_4,LEO_1,509.285556,509.091206,0.043054,0.012934,0.191807
257,T257_UAV_11,BS_2,LEO_0,321.796738,321.737294,0.000566,0.003822,0.275275
257,T257_UAV_0,BS_2,LEO_1,640.590659,640.391539,0.044292,0.016466,0.191807
257,T257_UAV_2,HAP_1,HAP_0,491.828793,491.601642,0.027575,0.020396,0.395902
257,T257_UAV_19,BS_0,HAP_2,515.090825,515.028335,0.004656,0.009648,0.240922
257,T257_UAV_1,BS_3,HAP_1,293.656447,293.418819,0.026655,0.01772,0.466263
257,T257_UAV_16,BS_4,LEO_1,755.410676,755.216955,0.044295,0.011064,0.191807
257,T257_UAV_17,BS_4,LEO_0,686.899692,686.833274,0.000969,0.010394,0.275275
257,T257_UAV_10,HAP_1,LEO_0,707.028759,706.962062,0.001017,0.010624,0.275275
257,T257_UAV_3,BS_0,HAP_2,554.524953,554.448271,0.005256,0.023242,0.240922
257,T257_UAV_4,BS_4,HAP_0,719.860596,719.632548,0.027714,0.021154,0.395902
257,T257_UAV_18,BS_4,BS_1,714.52207,714.428503,0.044629,0.00442,0.222583
257,T257_UAV_12,BS_0,LEO_1,1278.534752,1278.337148,0.048308,0.010934,0.191807
257,T257_UAV_15,BS_3,LEO_0,1021.339167,1021.27503,0.001573,0.007509,0.275275
257,T257_UAV_14,HAP_1,LEO_1,1437.983591,1437.780478,0.047037,0.017715,0.191807
257,T257_UAV_9,BS_3,LEO_1,1611.737703,1611.535219,0.048538,0.015585,0.191807
257,T257_UAV_5,HAP_1,LEO_1,630.848067,630.641416,0.043011,0.025279,0.191807
258,T258_UAV_7,BS_4,LEO_0,94.797101,94.709587,0.000259,0.016375,0.354398
258,T258_UAV_4,BS_4,HAP_0,1324.255826,1324.069885,0.028836,0.027475,0.148149
258,T258_UAV_6,BS_3,LEO_1,206.693272,206.466254,0.044561,0.017724,0.32366
258,T258_UAV_3,BS_0,HAP_0,1599.543226,1599.370415,0.032503,0.010678,0.148149
258,T258_UAV_15,BS_3,BS_1,1164.52857,1164.286497,0.082722,0.005592,0.268801
258,T258_UAV_14,HAP_1,BS_2,583.227031,582.997922,0.046409,0.035216,0.237421
258,T258_UAV_0,BS_2,HAP_0,1723.487569,1723.303086,0.032687,0.022166,0.148149
258,T258_UAV_17,BS_4,HAP_0,1766.990653,1766.822183,0.031796,0.007045,0.148149
258,T258_UAV_11,BS_2,HAP_0,2051.284445,2051.090155,0.033615,0.031045,0.148149
258,T258_UAV_19,BS_0,BS_1,1399.057875,1398.778774,0.09737,0.027971,0.268801
258,T258_UAV_8,BS_3,HAP_0,2114.38999,2114.208263,0.034486,0.017611,0.148149
258,T258_UAV_9,BS_3,HAP_0,2211.546342,2211.371842,0.034197,0.010674,0.148149
258,T258_UAV_5,HAP_1,HAP_0,3021.243848,3021.056023,0.038112,0.020084,0.148149
258,T258_UAV_2,HAP_1,HAP_1,107.173769,106.969053,0.0254,0.013573,0.328714
259,T259_UAV_3,BS_0,LEO_0,222.968891,222.757254,0.040553,0.010594,0.302452
259,T259_UAV_16,BS_4,LEO_1,234.322748,234.072831,0.043407,0.019008,0.437514
259,T259_UAV_0,BS_2,HAP_1,433.495064,433.28135,0.02832,0.022917,0.312383
259,T259_UAV_11,BS_2,BS_0,1871.834267,1871.484125,0.126899,0.071352,0.259453
259,T259_UAV_6,BS_3,HAP_0,588.487322,588.252481,0.029161,0.016016,0.448322
259,T259_UAV_13,BS_4,HAP_2,316.12363,315.900398,0.028414,0.034008,0.30405
259,T259_UAV_17,BS_4,LEO_0,464.069433,463.859003,0.040797,0.009142,0.302452
259,T259_UAV_12,BS_0,LEO_1,468.716814,468.464045,0.048094,0.017172,0.437514
259,T259_UAV_4,BS_4,HAP_1,782.211909,781.966145,0.029286,0.054001,0.312383
259,T259_UAV_18,BS_4,BS_0,3575.741332,3575.314297,0.233335,0.041808,0.259453
259,T259_UAV_14,HAP_1,BS_0,3922.793271,3922.348663,0.255014,0.037704,0.259453
259,T259_UAV_15,BS_3,BS_0,4164.079344,4163.601828,0.270085,0.055541,0.259453
259,T259_UAV_9,BS_3,BS_0,4575.720281,4575.227132,0.295799,0.04546,0.259453
259,T259_UAV_7,BS_4,BS_0,5309.112083,5308.568683,0.34161,0.049899,0.259453
259,T259_UAV_1,BS_3,BS_0,5803.89158,5803.316307,0.372516,0.050866,0.259453
259,T259_UAV_5,HAP_1,BS_0,6262.072059,6261.485977,0.401137,0.033055,0.259453
259,T259_UAV_2,HAP_1,HAP_0,249.740359,249.51482,0.026306,0.009569,0.448322
260,T260_UAV_17,BS_4,LEO_0,655.570355,655.528169,0.000803,0.004095,0.186438
260,T260_UAV_15,BS_3,LEO_1,488.076916,487.99646,0.00339,0.033065,0.220003
260,T260_UAV_8,BS_3,HAP_2,491.809767,491.750764,0.003936,0.011039,0.22014
260,T260_UAV_12,BS_0,LEO_0,667.771101,667.712882,0.001034,0.019898,0.186438
260,T260_UAV_16,BS_4,HAP_0,243.406748,243.147808,0.026505,0.051777,0.403293
260,T260_UAV_7,BS_4,HAP_1,580.456515,580.239577,0.028426,0.015446,0.365331
260,T260_UAV_18,BS_4,LEO_1,862.145959,862.076588,0.006499,0.018872,0.220003
260,T260_UAV_13,BS_4,LEO_0,1150.336216,1150.277764,0.001407,0.019757,0.186438
260,T260_UAV_2,HAP_1,LEO_1,994.67063,994.606492,0.005982,0.014155,0.220003
260,T260_UAV_19,BS_0,LEO_0,1177.793424,1177.748043,0.001834,0.006259,0.186438
260,T260_UAV_6,BS_3,HAP_1,691.967375,691.746577,0.028308,0.019424,0.365331
260,T260_UAV_4,BS_4,HAP_2,1060.284613,1060.219111,0.005659,0.015815,0.22014
260,T260_UAV_3,BS_0,LEO_0,1190.116387,1190.064155,0.001906,0.013038,0.186438
260,T260_UAV_9,BS_3,LEO_1,1311.585962,1311.525787,0.008669,0.007506,0.220003
260,T260_UAV_1,BS_3,HAP_2,1181.366859,1181.296392,0.009324,0.017115,0.22014
260,T260_UAV_5,HAP_1,LEO_0,1481.640083,1481.578433,0.001926,0.022436,0.186438
260,T260_UAV_11,BS_2,LEO_0,1776.523664,1776.468177,0.002642,0.015557,0.186438
260,T260_UAV_14,HAP_1,LEO_1,638.514728,638.457502,0.00389,0.009335,0.220003
261,T261_UAV_19,BS_0,LEO_0,256.843745,256.599357,0.040524,0.022903,0.404801
261,T261_UAV_12,BS_2,LEO_1,256.186644,256.101086,0.003147,0.016652,0.328797
261,T261_UAV_0,BS_2,HAP_0,307.393814,307.178115,0.027063,0.025362,0.316366
261,T261_UAV_11,BS_2,HAP_1,338.676454,338.46187,0.027327,0.012431,0.374132
261,T261_UAV_3,BS_0,HAP_2,396.704667,396.463037,0.028758,0.030853,0.410095
261,T261_UAV_4,BS_4,LEO_0,435.34786,435.109888,0.040772,0.01624,0.404801
261,T261_UAV_17,BS_4,LEO_1,459.334721,459.255673,0.004424,0.008864,0.328797
261,T261_UAV_8,BS_3,BS_1,2074.365897,2074.064001,0.139554,0.01384,0.242508
261,T261_UAV_7,BS_4,HAP_0,548.410066,548.188477,0.027314,0.031001,0.316366
261,T261_UAV_1,BS_3,HAP_1,568.88637,568.643235,0.027634,0.040675,0.374132
261,T261_UAV_14,HAP_1,LEO_0,606.289051,606.03904,0.040949,0.028102,0.404801
261,T261_UAV_18,BS_4,LEO_1,720.790469,720.709421,0.008009,0.007281,0.328797
261,T261_UAV_5,HAP_1,HAP_2,739.791363,739.542182,0.031997,0.035165,0.410095
261,T261_UAV_2,HAP_1,BS_1,2685.799186,2685.457581,0.177747,0.015356,0.242508
261,T261_UAV_6,BS_3,BS_1,3106.871716,3106.494767,0.204049,0.024398,0.242508
261,T261_UAV_16,BS_4,BS_1,3118.125014,3117.75264,0.204752,0.019121,0.242508
261,T261_UAV_13,BS_4,BS_1,3806.446118,3806.040792,0.247749,0.009076,0.242508
262,T262_UAV_3,BS_0,LEO_0,373.183634,372.969512,0.040714,0.016752,0.28328
262,T262_UAV_7,BS_4,HAP_0,687.06365,686.870021,0.027378,0.031253,0.174992
262,T262_UAV_17,BS_4,HAP_1,495.452079,495.243364,0.027024,0.024022,0.288347
262,T262_UAV_0,BS_2,HAP_2,354.986099,354.929821,0.003059,0.006743,0.232382
262,T262_UAV_2,HAP_1,LEO_1,616.136929,616.021649,0.005326,0.035364,0.372952
262,T262_UAV_13,BS_4,LEO_0,576.242175,576.01781,0.040808,0.0269,0.28328
262,T262_UAV_11,BS_2,LEO_1,645.01217,644.904384,0.007731,0.025465,0.372952
262,T262_UAV_12,BS_2,HAP_0,1103.426993,1103.237246,0.030509,0.024239,0.174992
262,T262_UAV_15,BS_3,HAP_1,869.45555,869.218033,0.029234,0.050613,0.288347
262,T262_UAV_6,BS_3,LEO_0,804.805572,804.592221,0.041258,0.015437,0.28328
262,T262_UAV_5,HAP_1,HAP_2,612.053646,611.970195,0.005791,0.031184,0.232382
262,T262_UAV_9,BS_3,LEO_1,700.2507,700.13868,0.006714,0.030716,0.372952
262,T262_UAV_10,HAP_1,BS_1,729.782231,729.491099,0.05556,0.021436,0.570679
262,T262_UAV_14,HAP_1,BS_2,750.911863,750.63234,0.056881,0.056851,0.328952
262,T262_UAV_4,BS_4,LEO_0,821.155462,820.934372,0.041332,0.023101,0.28328
262,T262_UAV_19,BS_0,HAP_0,1665.485897,1665.288382,0.03355,0.028967,0.174992
262,T262_UAV_1,BS_3,HAP_1,1182.518572,1182.276057,0.029952,0.054894,0.288347
262,T262_UAV_8,BS_3,HAP_0,1713.398171,1713.184877,0.033675,0.04462,0.174992
262,T262_UAV_16,BS_4,HAP_0,1802.156772,1801.979615,0.032142,0.010017,0.174992
263,T263_UAV_1,BS_3,LEO_0,232.936034,232.884615,0.000373,0.01439,0.18328
263,T263_UAV_13,BS_4,LEO_1,246.401951,246.211381,0.042381,0.024571,0.118091
263,T263_UAV_3,BS_0,HAP_1,276.439538,276.223676,0.027106,0.03443,0.271629
263,T263_UAV_7,BS_4,HAP_0,286.017754,285.770532,0.026208,0.034714,0.431499
263,T263_UAV_15,BS_3,HAP_2,356.536208,356.343753,0.028291,0.005685,0.292397
263,T263_UAV_5,HAP_1,LEO_0,284.686514,284.621332,0.000465,0.028062,0.18328
263,T263_UAV_2,HAP_1,LEO_1,309.720773,309.528818,0.042672,0.025665,0.118091
263,T263_UAV_4,BS_4,LEO_0,430.597076,430.535096,0.000765,0.024559,0.18328
263,T263_UAV_17,BS_4,HAP_1,479.20292,478.999355,0.027156,0.022084,0.271629
263,T263_UAV_9,BS_3,HAP_0,694.270291,693.994933,0.029227,0.059831,0.431499
263,T263_UAV_8,BS_3,LEO_1,694.106966,693.915716,0.047133,0.020499,0.118091
263,T263_UAV_12,BS_2,HAP_2,720.100208,719.876555,0.031285,0.033889,0.292397
263,T263_UAV_14,HAP_1,BS_1,748.389619,748.161998,0.056727,0.024723,0.230858
263,T263_UAV_18,BS_4,BS_0,797.224832,796.999722,0.059778,0.017025,0.241541
263,T263_UAV_10,HAP_1,BS_2,231.608602,231.310481,0.02444,0.069666,0.52008
264,T264_UAV_6,BS_3,LEO_1,306.895656,306.837866,0.00222,0.01148,0.220452
264,T264_UAV_9,BS_3,LEO_0,407.507397,407.423171,0.00063,0.018372,0.326121
264,T264_UAV_16,BS_4,HAP_2,516.641029,516.576188,0.003305,0.021545,0.199955
264,T264_UAV_11,BS_2,HAP_0,207.428492,207.211435,0.026676,0.017647,0.363669
264,T264_UAV_15,BS_3,HAP_1,458.728241,458.475945,0.027499,0.051482,0.366576
264,T264_UAV_12,BS_2,LEO_1,613.005179,612.927691,0.005978,0.02742,0.220452
264,T264_UAV_18,BS_4,HAP_2,556.242633,556.168038,0.002925,0.031679,0.199955
264,T264_UAV_4,BS_4,LEO_0,701.125983,701.033055,0.001246,0.026458,0.326121
264,T264_UAV_19,BS_0,LEO_1,630.829733,630.759099,0.006131,0.020413,0.220452
264,T264_UAV_1,BS_3,BS_1,604.085915,603.90278,0.047715,0.01026,0.125799
264,T264_UAV_8,BS_3,LEO_0,759.920881,759.842642,0.001295,0.011719,0.326121
264,T264_UAV_5,HAP_1,LEO_1,808.360708,808.300187,0.005586,0.010845,0.220452
264,T264_UAV_3,BS_0,HAP_2,1103.972959,1103.89618,0.008795,0.027993,0.199955
264,T264_UAV_10,HAP_1,HAP_1,311.691079,311.47461,0.026205,0.016949,0.366576
265,T265_UAV_19,BS_0,HAP_0,216.068391,215.853674,0.026489,0.039587,0.243205
265,T265_UAV_8,BS_3,LEO_0,217.598446,217.512681,0.000423,0.011131,0.371051
265,T265_UAV_15,BS_3,LEO_1,219.711171,219.628725,0.00309,0.01372,0.328179
265,T265_UAV_17,BS_4,HAP_1,202.839865,202.592242,0.026098,0.044951,0.38287
265,T265_UAV_12,BS_2,BS_1,1421.53673,1421.276917,0.098775,0.032601,0.142181
265,T265_UAV_10,HAP_1,HAP_2,462.801423,462.606865,0.029036,0.02176,0.218813
265,T265_UAV_0,BS_2,LEO_0,310.753589,310.673304,0.000768,0.005306,0.371051
265,T265_UAV_9,BS_3,LEO_1,464.43422,464.355649,0.006138,0.006798,0.328179
265,T265_UAV_14,HAP_1,HAP_0,602.494283,602.294011,0.028289,0.023342,0.243205
265,T265_UAV_3,BS_0,BS_1,2098.547942,2098.258185,0.141066,0.020256,0.142181
265,T265_UAV_6,BS_3,HAP_2,712.912814,712.715652,0.032245,0.021155,0.218813
265,T265_UAV_2,HAP_1,BS_1,3677.495919,3677.090326,0.239693,0.037463,0.142181
265,T265_UAV_11,BS_2,BS_1,4552.060731,4551.599303,0.294323,0.038669,0.142181
265,T265_UAV_7,BS_4,BS_1,4612.134498,4611.677119,0.298076,0.030867,0.142181
265,T265_UAV_16,BS_4,BS_1,5091.06646,5090.598806,0.327993,0.011224,0.142181
265,T265_UAV_1,BS_3,BS_1,5260.064538,5259.577906,0.338549,0.019646,0.142181
265,T265_UAV_5,HAP_1,BS_0,264.877787,264.68568,0.026525,0.024927,0.203275
266,T266_UAV_7,BS_4,LEO_0,242.926056,242.732616,0.040436,0.012893,0.200558
266,T266_UAV_10,HAP_1,LEO_1,223.357974,223.270305,0.002728,0.015063,0.349393
266,T266_UAV_8,BS_3,HAP_0,1384.9653,1384.771732,0.031156,0.022979,0.197167
266,T266_UAV_13,BS_4,HAP_1,368.841997,368.627711,0.026653,0.040099,0.237671
266,T266_UAV_11,BS_2,HAP_2,243.192572,243.125114,0.002822,0.017727,0.234545
266,T266_UAV_17,BS_4,LEO_0,597.670674,597.480675,0.040905,0.008983,0.200558
266,T266_UAV_16,BS_4,LEO_1,479.75252,479.67134,0.006935,0.004366,0.349393
266,T266_UAV_12,BS_2,HAP_0,2281.053432,2280.864026,0.034998,0.014975,0.197167
266,T266_UAV_2,HAP_1,LEO_0,737.613244,737.414088,0.041176,0.017869,0.200558
266,T266_UAV_9,BS_3,HAP_1,796.227292,796.001109,0.028742,0.049906,0.237671
266,T266_UAV_19,BS_0,HAP_0,2378.968113,2378.752598,0.035762,0.040319,0.197167
266,T266_UAV_0,BS_2,HAP_0,2408.034353,2407.814198,0.035596,0.045126,0.197167
266,T266_UAV_3,BS_0,HAP_0,2937.819033,2937.629225,0.038839,0.011536,0.197167
266,T266_UAV_6,BS_3,HAP_0,2995.564219,2995.351425,0.038867,0.034493,0.197167
266,T266_UAV_15,BS_3,HAP_0,3004.185561,3003.956202,0.037995,0.05193,0.197167
266,T266_UAV_5,HAP_1,HAP_0,930.926227,930.73768,0.029027,0.020087,0.197167
267,T267_UAV_17,BS_4,LEO_0,348.023071,347.967727,0.000487,0.016853,0.190019
267,T267_UAV_10,HAP_1,LEO_1,425.969607,425.797744,0.043061,0.004921,0.119405
267,T267_UAV_18,BS_4,HAP_1,332.508739,332.290638,0.026913,0.038973,0.261078
267,T267_UAV_3,BS_0,HAP_0,179.334641,179.101729,0.026759,0.011851,0.47151
267,T267_UAV_13,BS_4,HAP_2,186.652952,186.451473,0.027018,0.015449,0.295061
267,T267_UAV_8,BS_3,LEO_0,524.184958,524.131874,0.000814,0.014266,0.190019
267,T267_UAV_2,HAP_1,LEO_1,616.182404,616.009756,0.044312,0.004456,0.119405
267,T267_UAV_15,BS_3,LEO_0,909.431169,909.387317,0.001375,0.004472,0.190019
267,T267_UAV_1,BS_3,LEO_1,915.429439,915.248276,0.046797,0.010484,0.119405
267,T267_UAV_16,BS_4,HAP_1,749.931989,749.711811,0.028836,0.039127,0.261078
267,T267_UAV_6,BS_3,LEO_0,997.060185,997.012605,0.001569,0.008007,0.190019
267,T267_UAV_14,HAP_1,LEO_1,397.948572,397.759886,0.042837,0.021967,0.119405
268,T268_UAV_13,BS_4,LEO_0,418.987804,418.784974,0.040531,0.023405,0.194472
268,T268_UAV_19,BS_0,LEO_1,675.183378,675.117377,0.004839,0.013058,0.240517
268,T268_UAV_2,HAP_1,HAP_2,578.660499,578.61267,0.003952,0.006926,0.184758
268,T268_UAV_17,BS_4,LEO_0,810.071893,809.876597,0.041023,0.015378,0.194472
268,T268_UAV_15,BS_3,LEO_1,846.048866,845.990735,0.005163,0.004865,0.240517
268,T268_UAV_11,BS_2,LEO_0,898.067232,897.877735,0.041389,0.009214,0.194472
268,T268_UAV_7,BS_4,HAP_2,687.04528,686.993685,0.003803,0.01084,0.184758
268,T268_UAV_9,BS_3,LEO_1,951.030554,950.957846,0.005512,0.019093,0.240517
268,T268_UAV_0,BS_2,BS_0,484.621811,484.379191,0.040249,0.043967,0.29202
268,T268_UAV_4,BS_4,LEO_0,1049.40582,1049.204448,0.04152,0.020957,0.194472
268,T268_UAV_14,HAP_1,LEO_1,1126.135493,1126.066005,0.006115,0.015269,0.240517
268,T268_UAV_3,BS_0,HAP_2,865.963964,865.895564,0.006905,0.024543,0.184758
268,T268_UAV_12,BS_2,LEO_0,1182.428993,1182.227157,0.041893,0.021049,0.194472
268,T268_UAV_6,BS_3,LEO_1,1210.576269,1210.507677,0.006664,0.013824,0.240517
268,T268_UAV_8,BS_3,LEO_0,1253.031423,1252.837553,0.041738,0.013237,0.194472
268,T268_UAV_10,HAP_1,LEO_1,769.171637,769.103714,0.004207,0.015613,0.240517
269,T269_UAV_6,BS_3,LEO_0,256.230615,256.010142,0.04044,0.029832,0.251007
269,T269_UAV_7,BS_4,LEO_1,266.258001,266.057775,0.042995,0.008193,0.245194
269,T269_UAV_1,BS_3,HAP_0,133.478794,133.246975,0.026133,0.036294,0.346964
269,T269_UAV_14,HAP_1,HAP_2,302.382537,302.189728,0.027468,0.016501,0.244199
269,T269_UAV_9,BS_3,HAP_1,213.88356,213.649669,0.026212,0.032077,0.378016
269,T269_UAV_4,BS_4,BS_1,1794.802722,1794.522216,0.122092,0.025156,0.16629
269,T269_UAV_12,BS_2,LEO_0,615.638744,615.422295,0.041232,0.025016,0.251007
269,T269_UAV_0,BS_2,LEO_1,718.131084,717.929064,0.049041,0.00394,0.245194
269,T269_UAV_3,BS_0,BS_1,2053.336308,2053.031674,0.13824,0.033135,0.16629
269,T269_UAV_11,BS_2,LEO_0,757.916458,757.714271,0.041456,0.010529,0.251007
269,T269_UAV_19,BS_0,HAP_2,767.402831,767.196304,0.031985,0.025702,0.244199
269,T269_UAV_8,BS_3,LEO_1,781.322073,781.108155,0.047969,0.01691,0.245194
269,T269_UAV_17,BS_4,BS_1,2203.431344,2203.131988,0.147617,0.018481,0.16629
269,T269_UAV_15,BS_3,BS_1,3252.244805,3251.868809,0.21313,0.029608,0.16629
269,T269_UAV_18,BS_4,BS_1,3590.067367,3589.672228,0.234232,0.027648,0.16629
269,T269_UAV_13,BS_4,BS_1,4032.536585,4032.132191,0.261872,0.009264,0.16629
269,T269_UAV_2,HAP_1,BS_1,1596.332308,1596.079507,0.109695,0.009848,0.16629
270,T270_UAV_8,BS_3,LEO_0,378.501308,378.42919,0.000585,0.023499,0.240171
270,T270_UAV_18,BS_4,LEO_1,284.290009,284.228285,0.00313,0.019806,0.193938
270,T270_UAV_14,HAP_1,HAP_0,329.52678,329.351427,0.026777,0.020962,0.138073
270,T270_UAV_1,BS_3,HAP_2,471.77402,471.594915,0.02944,0.012746,0.184593
270,T270_UAV_0,BS_2,HAP_1,514.073421,513.864074,0.028842,0.017006,0.317497
270,T270_UAV_11,BS_2,LEO_0,729.045033,728.979347,0.001273,0.016378,0.240171
270,T270_UAV_7,BS_4,LEO_1,561.937004,561.880729,0.006344,0.011143,0.193938
270,T270_UAV_6,BS_3,HAP_0,564.204616,564.002575,0.029049,0.045376,0.138073
270,T270_UAV_13,BS_4,LEO_0,765.630139,765.568051,0.001076,0.012977,0.240171
270,T270_UAV_2,HAP_1,LEO_1,638.7065,638.645959,0.005515,0.016239,0.193938
270,T270_UAV_17,BS_4,HAP_1,724.608631,724.366974,0.02821,0.049948,0.317497
270,T270_UAV_9,BS_3,HAP_2,734.042661,733.84967,0.03147,0.024603,0.184593
270,T270_UAV_5,HAP_1,LEO_0,313.622148,313.566482,0.00047,0.007161,0.240171
271,T271_UAV_12,BS_2,LEO_0,276.606907,276.53129,0.000552,0.009501,0.32782
271,T271_UAV_6,BS_3,LEO_1,367.689388,367.497044,0.042667,0.008701,0.204879
271,T271_UAV_3,BS_0,HAP_2,649.713301,649.644613,0.004012,0.028079,0.182986
271,T271_UAV_1,BS_3,HAP_0,673.143277,672.908186,0.028836,0.049478,0.283882
271,T271_UAV_2,HAP_1,HAP_2,722.81391,722.759012,0.003928,0.014374,0.182986
271,T271_UAV_16,BS_4,LEO_1,646.58586,646.379414,0.045352,0.020119,0.204879
271,T271_UAV_17,BS_4,HAP_1,342.278771,341.988062,0.026825,0.070103,0.468904
271,T271_UAV_14,HAP_1,LEO_0,529.515868,529.428633,0.000828,0.020843,0.32782
271,T271_UAV_18,BS_4,HAP_2,942.269127,942.202858,0.004092,0.02558,0.182986
271,T271_UAV_10,HAP_1,HAP_0,841.422923,841.202005,0.02938,0.034761,0.283882
271,T271_UAV_13,BS_4,LEO_1,778.543701,778.332168,0.046046,0.024512,0.204879
271,T271_UAV_7,BS_4,LEO_0,720.850722,720.766564,0.0013,0.017294,0.32782
271,T271_UAV_11,BS_2,LEO_1,788.226612,788.022082,0.04747,0.016084,0.204879
271,T271_UAV_0,BS_2,HAP_2,1553.954931,1553.88854,0.00883,0.020964,0.182986
271,T271_UAV_9,BS_3,HAP_2,1850.532741,1850.466458,0.010809,0.018877,0.182986
271,T271_UAV_4,BS_4,HAP_2,2225.109784,2225.040208,0.009769,0.02321,0.182986
271,T271_UAV_5,HAP_1,HAP_0,357.754796,357.556148,0.027023,0.014849,0.283882
272,T272_UAV_15,BS_3,LEO_0,250.200202,250.000336,0.040406,0.014685,0.223876
272,T272_UAV_18,BS_4,LEO_1,295.129666,295.055586,0.003243,0.021651,0.245929
272,T272_UAV_13,BS_4,HAP_0,495.296312,495.08779,0.027614,0.033439,0.237346
272,T272_UAV_4,BS_4,HAP_1,592.541293,592.300917,0.02822,0.050038,0.310587
272,T272_UAV_11,BS_2,HAP_2,595.276524,595.051258,0.030024,0.022249,0.36496
272,T272_UAV_17,BS_4,LEO_0,511.371897,511.168539,0.040771,0.017813,0.223876
272,T272_UAV_2,HAP_1,LEO_1,600.851514,600.772278,0.005186,0.024865,0.245929
272,T272_UAV_6,BS_3,HAP_0,601.750111,601.564477,0.029331,0.008834,0.237346
272,T272_UAV_8,BS_3,HAP_1,606.873162,606.653903,0.028383,0.028759,0.310587
272,T272_UAV_1,BS_3,LEO_0,614.396851,614.191898,0.040982,0.019196,0.223876
272,T272_UAV_14,HAP_1,LEO_1,613.977402,613.917287,0.005432,0.005497,0.245929
272,T272_UAV_19,BS_0,BS_1,700.601219,700.367709,0.053741,0.024226,0.277717
272,T272_UAV_0,BS_2,HAP_2,732.337339,732.109344,0.031201,0.023803,0.36496
272,T272_UAV_12,BS_2,BS_3,797.567298,797.325068,0.059798,0.024276,0.290777
272,T272_UAV_5,HAP_1,BS_2,221.227275,220.971898,0.023794,0.068046,0.317685
273,T273_UAV_6,BS_3,HAP_0,621.807687,621.616388,0.028131,0.041659,0.10755
273,T273_UAV_9,BS_3,LEO_0,415.799043,415.752815,0.000638,0.004337,0.206265
273,T273_UAV_10,HAP_1,LEO_1,478.142872,478.071396,0.004278,0.014649,0.262744
273,T273_UAV_19,BS_0,HAP_0,719.873913,719.689176,0.028516,0.034711,0.10755
273,T273_UAV_4,BS_4,HAP_1,497.663888,497.447467,0.027703,0.032483,0.281179
273,T273_UAV_5,HAP_1,HAP_2,252.615461,252.406578,0.028374,0.008769,0.358694
273,T273_UAV_17,BS_4,LEO_0,539.823125,539.765182,0.000814,0.015876,0.206265
273,T273_UAV_1,BS_3,LEO_1,570.161895,570.091641,0.005237,0.012468,0.262744
273,T273_UAV_8,BS_3,HAP_0,780.194676,780.034848,0.028705,0.009613,0.10755
273,T273_UAV_3,BS_0,LEO_0,768.250695,768.178445,0.001663,0.029334,0.206265
273,T273_UAV_15,BS_3,HAP_1,779.714267,779.510137,0.029177,0.018717,0.281179
273,T273_UAV_0,BS_2,LEO_1,789.79542,789.72358,0.009907,0.009384,0.262744
273,T273_UAV_12,BS_2,HAP_0,1943.819836,1943.644925,0.03406,0.01934,0.10755
273,T273_UAV_7,BS_4,HAP_0,1953.762776,1953.585539,0.031591,0.024136,0.10755
273,T273_UAV_13,BS_4,HAP_0,2110.216085,2110.032544,0.0334,0.028631,0.10755
274,T274_UAV_17,BS_4,LEO_0,474.232755,474.165361,0.000661,0.012165,0.272836
274,T274_UAV_6,BS_3,LEO_1,469.441802,469.353832,0.004227,0.01062,0.365611
274,T274_UAV_19,BS_0,HAP_2,605.934219,605.715138,0.029662,0.03658,0.264197
274,T274_UAV_9,BS_3,HAP_1,478.960638,478.743784,0.027194,0.017733,0.35963
274,T274_UAV_10,HAP_1,HAP_0,492.018903,491.778603,0.027898,0.024175,0.44114
274,T274_UAV_12,BS_2,LEO_0,648.921622,648.849014,0.001169,0.016872,0.272836
274,T274_UAV_14,HAP_1,LEO_1,495.884411,495.797658,0.004393,0.009238,0.365611
274,T274_UAV_1,BS_3,LEO_0,724.996455,724.923401,0.001069,0.017419,0.272836
274,T274_UAV_2,HAP_1,HAP_0,612.641903,612.413985,0.028217,0.011473,0.44114
274,T274_UAV_16,BS_4,HAP_2,938.306266,938.113417,0.030934,0.009076,0.264197
274,T274_UAV_3,BS_0,BS_1,631.504247,631.285959,0.049426,0.017841,0.255102
274,T274_UAV_4,BS_4,HAP_1,677.62412,677.399273,0.028679,0.024242,0.35963
274,T274_UAV_18,BS_4,LEO_1,756.205658,756.111885,0.008294,0.012357,0.365611
274,T274_UAV_8,BS_3,BS_2,769.876582,769.621683,0.058067,0.054007,0.214126
274,T274_UAV_13,BS_4,BS_0,786.515558,786.255166,0.059106,0.03631,0.324881
274,T274_UAV_11,BS_2,LEO_0,933.132295,933.061025,0.001624,0.015079,0.272836
274,T274_UAV_15,BS_3,HAP_2,1163.900893,1163.697316,0.033937,0.0168,0.264197
274,T274_UAV_0,BS_2,BS_4,201.43754,201.222614,0.02256,0.01824,0.370631
274,T274_UAV_5,HAP_1,BS_3,275.713938,275.504629,0.0272,0.013757,0.341759
275,T275_UAV_3,BS_0,LEO_0,264.686739,264.605547,0.000575,0.010705,0.349562
275,T275_UAV_6,BS_3,LEO_1,265.558417,265.38049,0.042387,0.014661,0.104395
275,T275_UAV_17,BS_4,HAP_1,286.096641,285.889664,0.026252,0.033934,0.233956
275,T275_UAV_11,BS_2,HAP_0,326.946304,326.725698,0.027063,0.026907,0.333182
275,T275_UAV_16,BS_4,HAP_2,426.137857,425.947969,0.028115,0.010617,0.255782
275,T275_UAV_4,BS_4,LEO_1,365.561073,365.383482,0.0439,0.012811,0.104395
275,T275_UAV_1,BS_3,LEO_0,581.634531,581.558411,0.000931,0.005278,0.349562
275,T275_UAV_0,BS_2,LEO_1,387.782714,387.612358,0.044845,0.004631,0.104395
275,T275_UAV_15,BS_3,HAP_1,532.883005,532.691774,0.027843,0.016596,0.233956
275,T275_UAV_13,BS_4,HAP_2,591.105313,590.907191,0.029697,0.017268,0.255782
275,T275_UAV_14,HAP_1,LEO_0,611.53487,611.459189,0.000954,0.004815,0.349562
275,T275_UAV_8,BS_3,HAP_0,622.442296,622.213402,0.029133,0.033124,0.333182
275,T275_UAV_9,BS_3,BS_1,639.193708,638.990738,0.049907,0.025865,0.135991
275,T275_UAV_18,BS_4,BS_2,725.988491,725.690773,0.055323,0.071613,0.353908
275,T275_UAV_5,HAP_1,BS_0,750.71318,750.468766,0.056871,0.026743,0.304005
275,T275_UAV_10,HAP_1,BS_4,362.981856,362.764992,0.032651,0.013213,0.354996
276,T276_UAV_13,BS_4,LEO_0,330.986101,330.800074,0.040465,0.016267,0.146479
276,T276_UAV_17,BS_4,LEO_1,364.929247,364.865439,0.00346,0.01493,0.22709
276,T276_UAV_11,BS_0,HAP_1,403.353123,403.151646,0.027386,0.043592,0.152498
276,T276_UAV_9,BS_3,LEO_0,360.013596,359.826059,0.040509,0.017733,0.146479
276,T276_UAV_2,HAP_1,HAP_2,418.647292,418.58955,0.003345,0.00746,0.234683
276,T276_UAV_19,BS_0,HAP_0,467.23304,467.012396,0.028233,0.023958,0.342266
276,T276_UAV_0,BS_2,HAP_1,420.661529,420.493691,0.027675,0.009663,0.152498
276,T276_UAV_15,BS_3,LEO_1,494.873038,494.817471,0.004981,0.005168,0.22709
276,T276_UAV_3,BS_0,LEO_0,767.729786,767.536681,0.041502,0.022308,0.146479
276,T276_UAV_5,HAP_1,BS_1,602.979451,602.792967,0.047646,0.014946,0.119463
276,T276_UAV_18,BS_4,HAP_0,686.297223,686.080117,0.02752,0.021132,0.342266
276,T276_UAV_4,BS_4,LEO_1,711.726513,711.662702,0.007603,0.01079,0.22709
276,T276_UAV_14,HAP_1,LEO_0,915.026964,914.848606,0.041316,0.007747,0.146479
276,T276_UAV_6,BS_3,HAP_1,1181.884227,1181.694925,0.030284,0.028518,0.152498
276,T276_UAV_10,HAP_1,HAP_2,269.605643,269.537911,0.002353,0.018442,0.234683
277,T277_UAV_15,BS_3,LEO_0,75.468481,75.270739,0.040176,0.012548,0.225086
277,T277_UAV_9,BS_3,LEO_1,187.298868,187.227651,0.004437,0.012353,0.272136
277,T277_UAV_11,BS_0,BS_1,3148.675269,3148.329165,0.206662,0.019552,0.099452
277,T277_UAV_13,BS_4,HAP_0,336.521579,336.312403,0.027222,0.040357,0.207987
277,T277_UAV_6,BS_3,HAP_1,345.104452,344.886044,0.027126,0.031728,0.297771
277,T277_UAV_12,BS_2,HAP_2,380.350048,380.156763,0.029495,0.022906,0.204421
277,T277_UAV_17,BS_4,BS_1,3996.251666,3995.845789,0.259606,0.026381,0.099452
277,T277_UAV_7,BS_4,BS_1,4628.565555,4628.138911,0.299104,0.007649,0.099452
277,T277_UAV_2,HAP_1,BS_1,4869.647077,4869.190788,0.314162,0.022236,0.099452
277,T277_UAV_1,BS_3,BS_1,5197.600837,5197.134953,0.334649,0.011345,0.099452
277,T277_UAV_18,BS_4,BS_1,6840.440101,6839.868863,0.437268,0.01408,0.099452
277,T277_UAV_8,BS_3,BS_1,7006.334783,7005.762774,0.447631,0.004487,0.099452
277,T277_UAV_3,BS_0,BS_1,7315.82339,7315.230589,0.466963,0.005947,0.099452
277,T277_UAV_16,BS_4,BS_1,7369.165749,7368.562297,0.470295,0.013266,0.099452
277,T277_UAV_0,BS_2,BS_1,9143.754213,9143.034328,0.581144,0.018851,0.099452
277,T277_UAV_4,BS_4,BS_1,9361.160304,9360.420149,0.594724,0.025541,0.099452
277,T277_UAV_5,HAP_1,BS_1,3008.888637,3008.550031,0.19793,0.020785,0.099452
278,T278_UAV_11,BS_0,LEO_0,273.815105,273.593496,0.04052,0.023883,0.286028
278,T278_UAV_14,HAP_1,LEO_1,313.04052,312.837284,0.042773,0.011252,0.246053
278,T278_UAV_0,BS_2,HAP_0,428.696164,428.491525,0.027762,0.018582,0.29148
278,T278_UAV_1,BS_3,BS_2,1149.770656,1149.498487,0.081798,0.050967,0.197025
278,T278_UAV_12,BS_2,HAP_2,268.671665,268.474524,0.028166,0.028636,0.201694
278,T278_UAV_6,BS_3,HAP_1,594.047212,593.837461,0.027971,0.015369,0.332057
278,T278_UAV_18,BS_4,LEO_0,641.299896,641.088692,0.04116,0.012839,0.286028
278,T278_UAV_3,BS_0,LEO_1,693.966649,693.758773,0.048752,0.009914,0.246053
278,T278_UAV_9,BS_3,BS_2,1351.485709,1351.23567,0.0944,0.016234,0.197025
278,T278_UAV_13,BS_4,HAP_0,723.460987,723.265943,0.028825,0.007923,0.29148
278,T278_UAV_8,BS_3,HAP_1,741.769071,741.560779,0.029066,0.012814,0.332057
278,T278_UAV_16,BS_4,LEO_0,777.222577,777.012954,0.041217,0.011201,0.286028
278,T278_UAV_17,BS_4,BS_2,1868.156831,1867.877701,0.126674,0.013051,0.197025
278,T278_UAV_2,HAP_1,BS_2,1881.040541,1880.736986,0.127477,0.036673,0.197025
278,T278_UAV_10,HAP_1,BS_2,3977.012247,3976.583537,0.258402,0.030902,0.197025
278,T278_UAV_5,HAP_1,LEO_1,284.135637,283.934184,0.042419,0.009823,0.246053
279,T279_UAV_18,BS_4,LEO_0,427.297531,427.226527,0.000706,0.021667,0.243153
279,T279_UAV_2,HAP_1,LEO_1,381.795544,381.733229,0.003291,0.01352,0.227519
279,T279_UAV_12,BS_2,HAP_0,388.041064,387.98112,0.002487,0.008568,0.244443
279,T279_UAV_14,HAP_1,HAP_2,440.901983,440.827501,0.003542,0.022779,0.240802
279,T279_UAV_11,BS_0,HAP_1,482.163163,481.930043,0.02827,0.042806,0.310221
279,T279_UAV_15,BS_3,BS_0,947.071016,946.831637,0.069137,0.033239,0.185017
279,T279_UAV_19,BS_0,LEO_0,677.678421,677.610978,0.001239,0.017574,0.243153
279,T279_UAV_4,BS_4,LEO_1,597.239232,597.167887,0.006372,0.019469,0.227519
279,T279_UAV_7,BS_4,LEO_0,805.055769,804.982804,0.001329,0.023006,0.243153
279,T279_UAV_16,BS_4,HAP_0,607.734242,607.672511,0.002911,0.009931,0.244443
279,T279_UAV_17,BS_4,HAP_1,614.203135,613.956089,0.027665,0.057337,0.310221
279,T279_UAV_8,BS_3,LEO_1,628.86159,628.800592,0.006345,0.00915,0.227519
279,T279_UAV_9,BS_4,HAP_2,707.369527,707.309298,0.006197,0.005871,0.240802
279,T279_UAV_5,HAP_1,BS_2,746.46625,746.207812,0.056605,0.04371,0.290613
279,T279_UAV_0,BS_2,BS_0,2081.514491,2081.210853,0.140001,0.026634,0.185017
279,T279_UAV_6,BS_3,BS_0,2328.838381,2328.522401,0.15545,0.023528,0.185017
279,T279_UAV_10,HAP_1,LEO_0,285.806228,285.739307,0.000408,0.017882,0.243153
280,T280_UAV_12,BS_2,LEO_0,172.226131,172.018019,0.040392,0.022572,0.22574
280,T280_UAV_17,BS_4,LEO_1,174.823806,174.632187,0.042269,0.003818,0.227658
280,T280_UAV_1,BS_3,HAP_2,199.246612,199.048595,0.027671,0.016487,0.269291
280,T280_UAV_3,BS_0,HAP_0,254.94436,254.856103,0.002541,0.024758,0.30479
280,T280_UAV_13,BS_4,LEO_0,469.493714,469.303013,0.040805,0.004747,0.22574
280,T280_UAV_0,BS_2,LEO_1,533.99111,533.778367,0.049333,0.017878,0.227658
280,T280_UAV_19,BS_0,BS_2,1634.935541,1634.677872,0.112106,0.013459,0.160513
280,T280_UAV_10,HAP_1,BS_2,1695.330574,1695.07203,0.115879,0.010563,0.160513
280,T280_UAV_16,BS_4,BS_2,2384.635752,2384.334227,0.158936,0.010486,0.160513
281,T281_UAV_9,BS_4,LEO_0,204.043908,203.979798,0.000312,0.013245,0.252766
281,T281_UAV_6,BS_3,LEO_1,235.367155,235.310537,0.00213,0.004804,0.248425
281,T281_UAV_13,BS_4,HAP_2,136.545031,136.347679,0.026482,0.028239,0.21315
281,T281_UAV_0,BS_2,HAP_0,149.075873,148.977967,0.001243,0.022425,0.371194
281,T281_UAV_10,HAP_1,LEO_0,332.223249,332.157547,0.000514,0.014634,0.252766
281,T281_UAV_7,BS_4,HAP_1,267.052551,266.816429,0.027065,0.028524,0.402665
281,T281_UAV_8,BS_3,LEO_1,403.032275,402.969589,0.004057,0.008945,0.248425
281,T281_UAV_19,BS_0,BS_1,1587.722151,1587.463031,0.109157,0.017932,0.160158
281,T281_UAV_5,HAP_1,BS_1,1824.051158,1823.756668,0.123918,0.03854,0.160158
281,T281_UAV_18,BS_4,LEO_0,771.846015,771.781753,0.001396,0.012312,0.252766
281,T281_UAV_17,BS_4,LEO_1,777.998926,777.928327,0.007338,0.013576,0.248425
281,T281_UAV_14,HAP_1,BS_1,2748.346375,2747.997228,0.181654,0.035462,0.160158
281,T281_UAV_12,BS_2,BS_1,3182.199732,3181.826062,0.208755,0.032884,0.160158
281,T281_UAV_16,BS_4,BS_1,3980.067277,3979.647574,0.258594,0.029079,0.160158
281,T281_UAV_2,HAP_1,BS_1,1624.165894,1623.914788,0.111434,0.007641,0.160158
282,T282_UAV_18,BS_4,LEO_0,359.602128,359.38955,0.040555,0.024229,0.238975
282,T282_UAV_16,BS_4,HAP_0,346.535992,346.361246,0.026485,0.018876,0.146927
282,T282_UAV_19,BS_0,LEO_1,345.917554,345.827629,0.004159,0.020898,0.32434
282,T282_UAV_4,BS_4,HAP_2,396.586521,396.393409,0.02708,0.022754,0.21639
282,T282_UAV_13,BS_4,HAP_1,400.613337,400.387511,0.026765,0.03468,0.321906
282,T282_UAV_0,BS_2,LEO_0,552.913156,552.699062,0.040943,0.025356,0.238975
282,T282_UAV_14,HAP_1,LEO_1,372.719504,372.645621,0.003319,0.005696,0.32434
282,T282_UAV_1,BS_3,HAP_0,445.452133,445.270722,0.027547,0.024479,0.146927
282,T282_UAV_9,BS_4,HAP_1,442.522404,442.276851,0.026976,0.054195,0.321906
282,T282_UAV_12,BS_2,LEO_0,804.358457,804.155985,0.041334,0.013343,0.238975
282,T282_UAV_5,HAP_1,BS_3,547.655982,547.413789,0.044186,0.066138,0.159344
282,T282_UAV_6,BS_3,LEO_1,606.339259,606.25426,0.005491,0.01464,0.32434
282,T282_UAV_3,BS_0,HAP_2,961.677209,961.47467,0.032691,0.02657,0.21639
282,T282_UAV_2,HAP_1,BS_1,692.573541,692.275755,0.053236,0.027527,0.585119
282,T282_UAV_7,BS_4,LEO_0,1189.458119,1189.242592,0.041841,0.025891,0.238975
282,T282_UAV_17,BS_4,HAP_0,1125.274551,1125.103199,0.030517,0.01145,0.146927
282,T282_UAV_11,BS_0,HAP_2,1151.456401,1151.260501,0.033364,0.019258,0.21639
282,T282_UAV_10,HAP_1,LEO_0,594.646638,594.44627,0.0408,0.011772,0.238975
283,T283_UAV_18,BS_4,LEO_0,269.666935,269.468424,0.040444,0.019843,0.191113
283,T283_UAV_8,BS_3,LEO_1,293.695663,293.614517,0.002949,0.004249,0.369739
283,T283_UAV_9,BS_4,LEO_0,290.911528,290.718292,0.04041,0.014604,0.191113
283,T283_UAV_16,BS_4,HAP_0,417.557038,417.375025,0.026979,0.006466,0.242843
283,T283_UAV_2,HAP_1,HAP_2,489.727902,489.536141,0.028912,0.005938,0.284553
283,T283_UAV_13,BS_4,HAP_1,551.244941,551.055018,0.027428,0.019287,0.216037
283,T283_UAV_0,BS_2,LEO_0,390.31073,390.113811,0.040714,0.017982,0.191113
283,T283_UAV_3,BS_0,BS_1,297.559134,297.366699,0.028566,0.026726,0.185712
283,T283_UAV_7,BS_4,BS_0,322.144807,321.956997,0.030102,0.022131,0.177886
283,T283_UAV_10,HAP_1,LEO_1,576.04911,575.962501,0.005209,0.007452,0.369739
283,T283_UAV_11,BS_0,LEO_0,493.153951,492.951283,0.04085,0.023596,0.191113
283,T283_UAV_14,HAP_1,HAP_0,598.627512,598.430667,0.028134,0.020142,0.242843
283,T283_UAV_4,BS_4,HAP_1,657.751768,657.526892,0.028553,0.053116,0.216037
283,T283_UAV_19,BS_0,LEO_1,774.822596,774.725797,0.009309,0.013543,0.369739
283,T283_UAV_5,HAP_1,HAP_2,227.13851,226.945623,0.027124,0.008851,0.284553
284,T284_UAV_4,BS_4,LEO_0,204.366022,204.304313,0.000366,0.014799,0.232716
284,T284_UAV_2,HAP_1,LEO_1,366.754206,366.573841,0.042558,0.011079,0.133638
284,T284_UAV_7,BS_4,HAP_0,307.553302,307.488167,0.001332,0.018409,0.226965
284,T284_UAV_19,BS_0,HAP_1,499.837424,499.627461,0.028087,0.04302,0.19428
284,T284_UAV_5,HAP_1,HAP_2,341.107789,340.933454,0.028192,0.008351,0.188956
284,T284_UAV_12,BS_2,LEO_1,477.47685,477.285867,0.044586,0.019669,0.133638
284,T284_UAV_17,BS_4,LEO_0,414.560081,414.506498,0.000624,0.006415,0.232716
284,T284_UAV_11,BS_0,HAP_1,719.110143,718.902569,0.029234,0.039483,0.19428
284,T284_UAV_8,BS_3,LEO_0,498.227682,498.17455,0.00082,0.00577,0.232716
284,T284_UAV_6,BS_3,LEO_1,709.295036,709.11212,0.045196,0.010992,0.133638
284,T284_UAV_1,BS_3,HAP_2,626.239526,626.054498,0.03092,0.016317,0.188956
284,T284_UAV_13,BS_4,HAP_0,696.263492,696.199532,0.00369,0.014877,0.226965
284,T284_UAV_10,HAP_1,LEO_1,863.806436,863.621252,0.046319,0.012137,0.133638
284,T284_UAV_15,BS_3,HAP_1,1018.97941,1018.793913,0.029777,0.016864,0.19428
284,T284_UAV_14,HAP_1,BS_1,240.528675,240.312857,0.025002,0.037232,0.267921
285,T285_UAV_3,BS_0,LEO_0,216.595399,216.519055,0.000564,0.021796,0.269919
285,T285_UAV_16,BS_4,LEO_1,294.372684,294.303601,0.004146,0.019199,0.228689
285,T285_UAV_15,BS_3,HAP_1,1297.504489,1297.306709,0.030129,0.027697,0.19977
285,T285_UAV_12,BS_2,HAP_0,224.164191,224.085605,0.001839,0.022108,0.2732
285,T285_UAV_8,BS_3,HAP_2,235.87178,235.811985,0.00311,0.013414,0.216355
285,T285_UAV_14,HAP_1,LEO_0,359.168107,359.109078,0.00063,0.004414,0.269919
285,T285_UAV_4,BS_4,LEO_1,432.307105,432.248933,0.006411,0.006024,0.228689
285,T285_UAV_1,BS_3,HAP_1,1341.516447,1341.279723,0.029813,0.066958,0.19977
285,T285_UAV_7,BS_4,BS_1,1235.95481,1235.736466,0.087185,0.00936,0.108993
285,T285_UAV_17,BS_4,HAP_1,1993.043846,1992.86269,0.031728,0.009474,0.19977
285,T285_UAV_18,BS_4,HAP_1,2001.096721,2000.882225,0.033343,0.041199,0.19977
285,T285_UAV_10,HAP_1,BS_1,1450.566026,1450.33475,0.100591,0.008887,0.108993
285,T285_UAV_19,BS_0,HAP_1,2318.057408,2317.85767,0.036583,0.023202,0.19977
285,T285_UAV_2,HAP_1,HAP_1,661.000921,660.792299,0.026759,0.041909,0.19977
286,T286_UAV_8,BS_3,LEO_0,324.268145,324.072516,0.040531,0.007465,0.238163
286,T286_UAV_19,BS_0,LEO_1,343.286855,343.094737,0.044103,0.006761,0.206269
286,T286_UAV_0,BS_2,HAP_2,355.320675,355.149595,0.027503,0.004494,0.195419
286,T286_UAV_9,BS_4,HAP_0,379.183189,379.103835,0.002247,0.003532,0.367875
286,T286_UAV_16,BS_4,HAP_1,449.566915,449.345925,0.027177,0.04031,0.267513
286,T286_UAV_12,BS_2,HAP_2,387.946485,387.76628,0.027763,0.013358,0.195419
286,T286_UAV_10,HAP_1,LEO_0,596.016302,595.822583,0.040921,0.005165,0.238163
286,T286_UAV_15,BS_3,LEO_1,696.752403,696.550027,0.04697,0.014151,0.206269
286,T286_UAV_3,BS_0,HAP_0,740.620648,740.530048,0.005511,0.011514,0.367875
286,T286_UAV_17,BS_4,HAP_2,751.821942,751.629143,0.030282,0.023433,0.195419
286,T286_UAV_2,HAP_1,LEO_0,756.07399,755.88122,0.041221,0.003917,0.238163
286,T286_UAV_11,BS_0,HAP_1,800.345751,800.112222,0.030403,0.049623,0.267513
286,T286_UAV_14,HAP_1,LEO_1,251.608354,251.41377,0.042239,0.011091,0.206269
287,T287_UAV_11,BS_0,LEO_0,375.060901,374.861644,0.040602,0.019139,0.197581
287,T287_UAV_15,BS_3,LEO_1,249.267722,249.209037,0.002495,0.004839,0.256758
287,T287_UAV_6,BS_3,HAP_0,505.851045,505.672533,0.027918,0.017818,0.16388
287,T287_UAV_10,HAP_1,HAP_2,504.281251,504.079606,0.029396,0.010933,0.306581
287,T287_UAV_12,BS_2,HAP_1,507.72692,507.502205,0.028524,0.051629,0.222806
287,T287_UAV_0,BS_2,LEO_0,883.668558,883.481798,0.041496,0.005747,0.197581
287,T287_UAV_2,HAP_1,LEO_1,594.550729,594.484966,0.005118,0.009294,0.256758
287,T287_UAV_8,BS_3,HAP_0,1202.0197,1201.851534,0.031283,0.004106,0.16388
287,T287_UAV_5,HAP_1,LEO_0,1040.718162,1040.520067,0.041458,0.01712,0.197581
287,T287_UAV_17,BS_4,HAP_1,668.959267,668.725096,0.02785,0.061761,0.222806
287,T287_UAV_7,BS_4,LEO_1,744.368262,744.295478,0.008482,0.012951,0.256758
287,T287_UAV_16,BS_4,BS_2,766.445335,766.217165,0.057855,0.01784,0.262376
287,T287_UAV_3,BS_0,HAP_2,783.139693,782.931717,0.032479,0.014181,0.306581
287,T287_UAV_9,BS_4,BS_1,799.24695,798.989968,0.059902,0.018861,0.391095
287,T287_UAV_18,BS_4,LEO_0,1061.083395,1060.887179,0.041644,0.015057,0.197581
287,T287_UAV_1,BS_3,HAP_0,1399.193401,1399.012759,0.032348,0.015518,0.16388
287,T287_UAV_19,BS_0,LEO_0,1320.564605,1320.370539,0.042228,0.012321,0.197581
287,T287_UAV_14,HAP_1,HAP_0,588.597894,588.427436,0.02754,0.010142,0.16388
288,T288_UAV_1,BS_3,LEO_0,317.289089,317.064385,0.040468,0.028671,0.277826
288,T288_UAV_3,BS_0,LEO_1,244.800901,244.726634,0.00312,0.005376,0.328858
288,T288_UAV_12,BS_2,HAP_1,282.935043,282.868089,0.001963,0.014738,0.251267
288,T288_UAV_19,BS_0,HAP_0,334.299433,334.082115,0.027319,0.021258,0.343709
288,T288_UAV_9,BS_4,HAP_2,364.962725,364.894339,0.003177,0.015772,0.247188
288,T288_UAV_15,BS_3,LEO_0,527.531217,527.330145,0.040778,0.004729,0.277826
288,T288_UAV_6,BS_3,LEO_1,426.896323,426.822925,0.003882,0.003744,0.328858
288,T288_UAV_5,HAP_1,LEO_0,558.319874,558.103176,0.04083,0.020302,0.277826
288,T288_UAV_16,BS_4,HAP_1,435.972644,435.884251,0.002102,0.036037,0.251267
288,T288_UAV_11,BS_0,HAP_0,454.531533,454.319572,0.027908,0.015312,0.343709
288,T288_UAV_0,BS_2,LEO_1,467.163644,467.082891,0.005759,0.009222,0.328858
288,T288_UAV_2,HAP_1,HAP_2,531.222041,531.160952,0.004251,0.0074,0.247188
288,T288_UAV_7,BS_4,BS_1,542.335326,542.136981,0.043857,0.010813,0.218374
288,T288_UAV_4,BS_4,BS_2,578.751297,578.491568,0.046128,0.031479,0.410615
288,T288_UAV_18,BS_4,BS_0,674.235818,673.995876,0.052094,0.009994,0.389271
288,T288_UAV_13,BS_4,BS_3,716.829629,716.570837,0.054753,0.040436,0.318013
288,T288_UAV_10,HAP_1,LEO_0,789.261304,789.053199,0.041126,0.011414,0.277826
289,T289_UAV_17,BS_4,LEO_0,353.339823,353.287128,0.000494,0.005933,0.231344
289,T289_UAV_13,BS_4,HAP_1,308.475386,308.300778,0.026349,0.009622,0.193188
289,T289_UAV_0,BS_2,LEO_1,516.279296,516.183995,0.006357,0.013971,0.374863
289,T289_UAV_8,BS_3,HAP_2,430.839223,430.769602,0.003991,0.01303,0.262996
289,T289_UAV_18,BS_4,HAP_0,541.964682,541.744358,0.026909,0.032085,0.306653
289,T289_UAV_14,HAP_1,LEO_0,588.681275,588.616406,0.000842,0.017758,0.231344
289,T289_UAV_3,BS_0,LEO_1,602.869865,602.782085,0.007691,0.005116,0.374863
289,T289_UAV_11,BS_0,HAP_1,406.984094,406.780281,0.02774,0.037435,0.193188
289,T289_UAV_15,BS_3,BS_1,506.280839,506.075637,0.041604,0.031407,0.160953
289,T289_UAV_12,BS_2,LEO_0,695.491602,695.427315,0.001227,0.016791,0.231344
289,T289_UAV_16,BS_4,HAP_2,576.639365,576.56578,0.004155,0.016831,0.262996
289,T289_UAV_5,HAP_1,HAP_0,711.175461,710.959099,0.029556,0.025475,0.306653
289,T289_UAV_9,BS_4,BS_2,694.880447,694.652743,0.053384,0.042697,0.158117
289,T289_UAV_10,HAP_1,BS_0,742.409576,742.119258,0.056349,0.074509,0.297298
289,T289_UAV_19,BS_0,LEO_1,200.173556,200.08556,0.002391,0.010633,0.374863
289,T289_UAV_2,HAP_1,LEO_0,437.706779,437.646026,0.000651,0.013833,0.231344
290,T290_UAV_3,BS_0,LEO_0,205.564766,205.490536,0.000457,0.011845,0.309639
290,T290_UAV_19,BS_0,LEO_1,500.753087,500.558734,0.043524,0.015254,0.17788
290,T290_UAV_17,BS_4,HAP_0,285.107355,284.914855,0.026571,0.025501,0.20214
290,T290_UAV_2,HAP_1,HAP_2,346.240953,346.046348,0.027766,0.018557,0.241404
290,T290_UAV_1,BS_3,HAP_1,374.853367,374.627344,0.026731,0.053655,0.228186
290,T290_UAV_0,BS_2,LEO_1,569.404354,569.219765,0.044114,0.004899,0.17788
290,T290_UAV_10,HAP_1,HAP_0,384.018522,383.82464,0.027266,0.026189,0.20214
290,T290_UAV_11,BS_0,LEO_0,622.623812,622.540743,0.001175,0.019967,0.309639
290,T290_UAV_6,BS_3,HAP_1,488.337867,488.122331,0.027514,0.042385,0.228186
290,T290_UAV_16,BS_4,LEO_1,1216.694752,1216.497769,0.047401,0.014006,0.17788
290,T290_UAV_4,BS_4,LEO_0,639.2376,639.156894,0.001148,0.01763,0.309639
290,T290_UAV_13,BS_4,HAP_2,666.999834,666.810313,0.030324,0.010917,0.241404
290,T290_UAV_12,BS_2,BS_1,702.282248,702.065832,0.053847,0.018585,0.219918
290,T290_UAV_7,BS_4,BS_2,711.17905,710.912146,0.0544,0.050394,0.310548
290,T290_UAV_15,BS_3,LEO_1,1560.43442,1560.241392,0.049425,0.008027,0.17788
290,T290_UAV_8,BS_3,LEO_1,1581.742075,1581.54194,0.049525,0.015034,0.17788
290,T290_UAV_14,HAP_1,LEO_1,686.755461,686.571901,0.043772,0.004212,0.17788
291,T291_UAV_17,BS_4,LEO_0,323.975131,323.769262,0.040452,0.02317,0.211233
291,T291_UAV_11,BS_0,LEO_1,121.307035,121.064757,0.043671,0.016027,0.412896
291,T291_UAV_0,BS_2,HAP_0,679.581131,679.52728,0.003427,0.011507,0.194578
291,T291_UAV_18,BS_4,HAP_2,344.104781,344.039194,0.001999,0.012997,0.252952
291,T291_UAV_4,BS_4,LEO_0,548.525396,548.334634,0.040899,0.007616,0.211233
291,T291_UAV_1,BS_3,HAP_1,359.328894,359.095257,0.02702,0.038298,0.341597
291,T291_UAV_19,BS_0,HAP_0,863.65915,863.604957,0.004763,0.010515,0.194578
291,T291_UAV_10,HAP_1,LEO_0,664.048117,663.850106,0.040947,0.014817,0.211233
291,T291_UAV_13,BS_4,HAP_2,554.264162,554.189577,0.004429,0.019566,0.252952
291,T291_UAV_15,BS_3,BS_1,615.86688,615.652565,0.048449,0.019541,0.231623
291,T291_UAV_8,BS_3,HAP_0,1062.800951,1062.742698,0.005529,0.013808,0.194578
291,T291_UAV_16,BS_4,LEO_0,821.869112,821.662072,0.04118,0.023613,0.211233
291,T291_UAV_6,BS_3,HAP_0,1377.991964,1377.9245,0.007994,0.020555,0.194578
292,T292_UAV_13,BS_4,LEO_0,305.889275,305.840701,0.000431,0.006411,0.208657
292,T292_UAV_4,BS_4,LEO_1,255.007282,254.776022,0.042697,0.010334,0.391142
292,T292_UAV_11,BS_0,HAP_0,293.296376,293.090445,0.026883,0.01214,0.334538
292,T292_UAV_19,BS_0,HAP_1,371.114833,370.829787,0.027623,0.064262,0.465806
292,T292_UAV_6,BS_3,HAP_2,389.537714,389.447273,0.004077,0.020645,0.328593
292,T292_UAV_17,BS_4,LEO_0,403.558775,403.496026,0.000565,0.020453,0.208657
292,T292_UAV_5,HAP_1,LEO_1,398.279763,398.044192,0.043405,0.013938,0.391142
292,T292_UAV_18,BS_4,LEO_0,607.877455,607.819015,0.00101,0.0157,0.208657
292,T292_UAV_0,BS_2,BS_1,490.424018,490.221711,0.040614,0.016251,0.227215
292,T292_UAV_9,HAP_1,HAP_0,567.195528,566.979531,0.028335,0.020755,0.334538
292,T292_UAV_10,HAP_1,HAP_2,619.982537,619.888165,0.005411,0.023243,0.328593
292,T292_UAV_3,BS_0,HAP_1,629.44843,629.18252,0.030006,0.042743,0.465806
292,T292_UAV_14,HAP_1,LEO_0,965.918404,965.858764,0.001381,0.016529,0.208657
292,T292_UAV_2,HAP_1,LEO_1,394.697613,394.450505,0.043386,0.025495,0.391142
293,T293_UAV_7,BS_4,LEO_0,357.294684,357.096002,0.040556,0.019142,0.194924
293,T293_UAV_1,BS_3,LEO_1,387.624743,387.555159,0.002865,0.023068,0.218256
293,T293_UAV_16,BS_4,HAP_0,644.940716,644.766733,0.02753,0.006722,0.198659
293,T293_UAV_0,BS_2,HAP_1,327.371074,327.147908,0.027319,0.047317,0.242653
293,T293_UAV_13,BS_4,LEO_0,581.399298,581.200635,0.040773,0.018905,0.194924
293,T293_UAV_10,HAP_1,LEO_1,547.475234,547.421949,0.004044,0.00559,0.218256
293,T293_UAV_9,HAP_1,HAP_2,274.189076,274.08645,0.003318,0.02246,0.384246
293,T293_UAV_19,BS_0,HAP_0,993.423972,993.230141,0.030479,0.023621,0.198659
293,T293_UAV_12,BS_2,LEO_0,843.194154,842.988957,0.041379,0.024833,0.194924
293,T293_UAV_8,BS_3,HAP_1,557.120433,556.886078,0.027924,0.0579,0.242653
293,T293_UAV_6,BS_3,LEO_1,938.380345,938.30388,0.006923,0.02589,0.218256
293,T293_UAV_11,BS_0,BS_1,716.313702,716.19953,0.04474,0.027366,0.210329
293,T293_UAV_5,HAP_1,LEO_0,1016.393826,1016.20634,0.041421,0.00708,0.194924
293,T293_UAV_2,HAP_1,HAP_0,1261.000182,1260.807971,0.030514,0.021965,0.198659
293,T293_UAV_18,BS_4,LEO_1,1050.598341,1050.511568,0.009065,0.034057,0.218256
293,T293_UAV_3,BS_0,LEO_0,1280.820247,1280.615404,0.042381,0.023478,0.194924
293,T293_UAV_14,HAP_1,HAP_0,770.894961,770.721448,0.028286,0.005495,0.198659
294,T294_UAV_8,BS_3,LEO_0,269.944448,269.892518,0.000404,0.014507,0.185093
294,T294_UAV_15,BS_3,LEO_1,279.373693,279.298338,0.002787,0.007023,0.327723
294,T294_UAV_11,BS_0,HAP_1,348.83255,348.661687,0.02704,0.009264,0.1728
294,T294_UAV_14,HAP_1,HAP_0,407.408314,407.217795,0.026861,0.020687,0.214857
294,T294_UAV_2,HAP_1,HAP_2,282.174752,282.001037,0.027256,0.013145,0.166572
294,T294_UAV_1,BS_3,LEO_0,394.745949,394.69089,0.000585,0.017456,0.185093
294,T294_UAV_19,BS_0,LEO_1,406.704641,406.617151,0.004837,0.017109,0.327723
294,T294_UAV_13,BS_4,LEO_0,418.249064,418.206709,0.00059,0.004746,0.185093
294,T294_UAV_3,BS_0,HAP_0,473.563264,473.366266,0.028052,0.025975,0.214857
294,T294_UAV_5,HAP_1,HAP_2,411.286458,411.112983,0.028835,0.011326,0.166572
294,T294_UAV_0,BS_2,HAP_1,646.558907,646.365184,0.028965,0.030198,0.1728
294,T294_UAV_18,BS_4,BS_1,518.650055,518.458965,0.042377,0.005371,0.216705
294,T294_UAV_12,BS_2,LEO_1,710.25471,710.164741,0.008518,0.015906,0.327723
294,T294_UAV_9,HAP_1,BS_2,733.727746,733.465414,0.055809,0.027849,0.393375
294,T294_UAV_17,BS_4,LEO_0,833.299262,833.238512,0.001168,0.022563,0.185093
294,T294_UAV_16,BS_4,HAP_1,955.204502,955.010351,0.029083,0.030508,0.1728
294,T294_UAV_7,BS_4,HAP_0,1068.233214,1068.053408,0.029248,0.007587,0.214857
294,T294_UAV_10,HAP_1,BS_0,223.81569,223.584228,0.023957,0.040068,0.337182
295,T295_UAV_19,BS_0,LEO_0,229.301489,229.231205,0.000455,0.012798,0.285157
295,T295_UAV_1,BS_3,LEO_1,259.352476,259.249798,0.002371,0.023191,0.38558
295,T295_UAV_9,HAP_1,HAP_0,240.104194,240.021905,0.001408,0.03584,0.225201
295,T295_UAV_12,BS_2,HAP_1,600.856327,600.65478,0.028271,0.034945,0.191658
295,T295_UAV_15,BS_3,HAP_2,344.76153,344.690993,0.003057,0.020248,0.236159
295,T295_UAV_4,BS_4,LEO_0,392.243642,392.170839,0.000705,0.015066,0.285157
295,T295_UAV_14,HAP_1,LEO_1,442.215779,442.128059,0.003972,0.006632,0.38558
295,T295_UAV_8,BS_3,HAP_1,610.052769,609.847421,0.027646,0.039371,0.191658
295,T295_UAV_17,BS_4,LEO_0,443.255164,443.18286,0.000673,0.014601,0.285157
295,T295_UAV_18,BS_4,HAP_1,721.179245,720.955432,0.028284,0.057198,0.191658
295,T295_UAV_6,BS_3,HAP_0,541.094483,541.027048,0.004024,0.018371,0.225201
295,T295_UAV_11,BS_0,LEO_1,599.775373,599.680636,0.007014,0.010607,0.38558
295,T295_UAV_0,BS_2,HAP_2,649.317747,649.250298,0.005298,0.014919,0.236159
295,T295_UAV_5,HAP_1,BS_1,649.697316,649.596869,0.04058,0.018119,0.208742
295,T295_UAV_7,BS_4,BS_2,693.12159,692.887242,0.053274,0.012766,0.341541
295,T295_UAV_13,BS_4,BS_0,733.709341,733.465922,0.055809,0.013563,0.370233
295,T295_UAV_10,HAP_1,BS_4,738.431138,738.180082,0.056103,0.018472,0.382405
295,T295_UAV_16,BS_4,HAP_1,1118.696562,1118.477858,0.029459,0.050914,0.191658
295,T295_UAV_2,HAP_1,BS_3,238.079475,237.852659,0.024848,0.036452,0.327577
296,T296_UAV_12,BS_2,LEO_1,505.712214,505.500876,0.043205,0.031315,0.184091
296,T296_UAV_0,BS_2,LEO_0,314.897374,314.813043,0.000724,0.011314,0.361462
296,T296_UAV_15,BS_3,HAP_0,341.860244,341.65446,0.027098,0.024034,0.273261
296,T296_UAV_14,HAP_1,LEO_1,657.380139,657.178259,0.043284,0.021778,0.184091
296,T296_UAV_8,BS_3,HAP_1,635.927784,635.696621,0.027959,0.057918,0.226433
296,T296_UAV_17,BS_4,HAP_2,252.374349,252.298923,0.002883,0.009366,0.31589
296,T296_UAV_10,HAP_1,LEO_1,739.504164,739.305683,0.043756,0.017907,0.184091
296,T296_UAV_3,BS_0,LEO_0,375.519731,375.430154,0.000998,0.016286,0.361462
296,T296_UAV_9,HAP_1,HAP_0,389.28193,389.07457,0.027278,0.02543,0.273261
296,T296_UAV_18,BS_4,HAP_1,760.789408,760.587605,0.028735,0.027782,0.226433
296,T296_UAV_16,BS_4,LEO_1,932.890008,932.68307,0.045094,0.025027,0.184091
296,T296_UAV_11,BS_0,BS_1,526.856037,526.755438,0.032906,0.014811,0.264409
296,T296_UAV_6,BS_3,HAP_1,1095.472224,1095.287114,0.030117,0.009707,0.226433
296,T296_UAV_1,BS_3,LEO_1,1598.730974,1598.533078,0.048105,0.012972,0.184091
296,T296_UAV_7,BS_4,LEO_1,1642.397653,1642.185554,0.050036,0.025245,0.184091
296,T296_UAV_5,HAP_1,LEO_1,504.033646,503.830743,0.042422,0.023663,0.184091
297,T297_UAV_13,BS_4,LEO_0,300.415149,300.204961,0.040423,0.014641,0.275624
297,T297_UAV_10,HAP_1,LEO_1,314.586906,314.341563,0.042879,0.019668,0.413977
297,T297_UAV_15,BS_3,HAP_0,243.979943,243.917258,0.001497,0.011011,0.250885
297,T297_UAV_1,BS_3,HAP_1,257.534749,257.343016,0.026188,0.014387,0.255788
297,T297_UAV_18,BS_4,HAP_2,374.983304,374.891616,0.002168,0.013934,0.377928
297,T297_UAV_16,BS_4,LEO_0,489.447451,489.236881,0.040705,0.014741,0.275624
297,T297_UAV_14,HAP_1,LEO_1,566.605589,566.366421,0.045089,0.011283,0.413977
297,T297_UAV_17,BS_4,HAP_0,458.10785,458.033181,0.002535,0.021957,0.250885
297,T297_UAV_11,BS_0,HAP_1,558.079451,557.849885,0.028739,0.04967,0.255788
297,T297_UAV_8,BS_3,LEO_0,821.745643,821.525156,0.041225,0.024138,0.275624
297,T297_UAV_3,BS_0,HAP_2,622.964783,622.870569,0.005973,0.012656,0.377928
297,T297_UAV_5,HAP_1,LEO_1,648.407918,648.151419,0.045554,0.02815,0.413977
297,T297_UAV_2,HAP_1,BS_1,776.193371,776.055728,0.048479,0.011748,0.38708
297,T297_UAV_0,BS_2,BS_0,778.510701,778.228424,0.058605,0.050256,0.36708
297,T297_UAV_19,BS_0,LEO_0,989.241357,989.039026,0.041775,0.005432,0.275624
297,T297_UAV_9,HAP_1,BS_2,217.599146,217.386577,0.02357,0.016354,0.363226
298,T298_UAV_11,BS_0,LEO_0,258.967134,258.757784,0.040484,0.02374,0.225633
298,T298_UAV_17,BS_4,LEO_1,288.894699,288.664804,0.042671,0.031656,0.277844
298,T298_UAV_10,HAP_1,HAP_0,638.442502,638.254116,0.028076,0.022893,0.187086
298,T298_UAV_18,BS_4,HAP_2,507.159397,506.982875,0.027592,0.014602,0.171641
298,T298_UAV_3,BS_0,HAP_1,367.980156,367.766338,0.02795,0.012769,0.365499
298,T298_UAV_8,BS_3,LEO_0,383.509614,383.30656,0.04062,0.017307,0.225633
298,T298_UAV_19,BS_0,LEO_1,452.478629,452.268876,0.045353,0.008832,0.277844
298,T298_UAV_2,HAP_1,HAP_0,1052.864758,1052.6708,0.029607,0.026935,0.187086
298,T298_UAV_13,BS_4,LEO_0,559.900201,559.705133,0.040853,0.009088,0.225633
298,T298_UAV_12,BS_2,HAP_2,910.622421,910.446755,0.031368,0.00997,0.171641
298,T298_UAV_6,BS_3,HAP_1,661.317782,661.051787,0.02847,0.064425,0.365499
298,T298_UAV_16,BS_4,HAP_0,1377.181723,1376.997762,0.030356,0.016188,0.187086
298,T298_UAV_14,HAP_1,HAP_2,1071.338618,1071.153401,0.032135,0.018754,0.171641
298,T298_UAV_0,BS_2,HAP_0,1487.615959,1487.432686,0.032391,0.013465,0.187086
298,T298_UAV_5,HAP_1,LEO_1,213.949672,213.7426,0.041828,0.009675,0.277844
299,T299_UAV_18,BS_4,LEO_0,382.963582,382.909348,0.000639,0.012358,0.20619
299,T299_UAV_8,BS_3,LEO_1,324.947759,324.739097,0.043195,0.010027,0.277198
299,T299_UAV_17,BS_4,HAP_1,343.134709,342.925459,0.02642,0.058192,0.123195
299,T299_UAV_7,BS_4,HAP_0,359.029234,358.829351,0.026579,0.016657,0.283239
299,T299_UAV_1,BS_3,HAP_2,482.269068,482.21182,0.004583,0.012462,0.201014
299,T299_UAV_12,BS_2,LEO_0,678.690061,678.634957,0.001182,0.012685,0.20619
299,T299_UAV_10,HAP_1,LEO_1,531.384373,531.168041,0.04488,0.016013,0.277198
299,T299_UAV_13,BS_4,LEO_0,722.763279,722.708886,0.00102,0.012136,0.20619
299,T299_UAV_15,BS_3,HAP_1,618.464839,618.26483,0.028151,0.047219,0.123195
299,T299_UAV_3,BS_0,HAP_0,674.097178,673.893077,0.030065,0.017387,0.283239
299,T299_UAV_19,BS_0,HAP_2,702.039494,701.983748,0.006526,0.009018,0.201014
299,T299_UAV_5,HAP_1,LEO_1,717.217984,716.989623,0.046147,0.026775,0.277198
299,T299_UAV_9,HAP_1,BS_1,758.052018,757.835161,0.057331,0.009136,0.251947
299,T299_UAV_16,BS_4,LEO_0,1022.049421,1021.992686,0.001476,0.014021,0.20619
299,T299_UAV_14,HAP_1,BS_2,342.229191,341.979191,0.031353,0.028894,0.448769
300,T300_UAV_16,BS_4,LEO_0,218.997824,218.920301,0.000343,0.022933,0.271235
300,T300_UAV_13,BS_4,LEO_1,358.055976,358.010469,0.002746,0.005785,0.18488
300,T300_UAV_3,BS_0,HAP_0,294.286575,294.214551,0.002215,0.019096,0.253566
300,T300_UAV_1,BS_3,HAP_1,301.365717,301.174278,0.026391,0.032196,0.164263
300,T300_UAV_12,BS_2,HAP_2,400.061595,400.000202,0.003269,0.004318,0.269026
300,T300_UAV_5,HAP_1,LEO_1,430.27015,430.209671,0.002995,0.020508,0.18488
300,T300_UAV_2,HAP_1,LEO_0,422.495816,422.4274,0.00068,0.013489,0.271235
300,T300_UAV_6,BS_3,LEO_0,484.250413,484.17889,0.000872,0.016405,0.271235
300,T300_UAV_10,HAP_1,HAP_0,532.090264,532.015402,0.003151,0.020998,0.253566
300,T300_UAV_8,BS_3,HAP_1,545.833831,545.6258,0.027807,0.047371,0.164263
300,T300_UAV_15,BS_3,LEO_1,730.38642,730.3252,0.005844,0.0184,0.18488
300,T300_UAV_7,BS_4,HAP_2,630.150114,630.076297,0.004014,0.015997,0.269026
300,T300_UAV_11,BS_0,BS_1,717.524507,717.41843,0.044816,0.009496,0.258823
300,T300_UAV_0,BS_2,BS_0,785.730173,785.482414,0.059058,0.045709,0.214958
300,T300_UAV_18,BS_4,BS_2,795.136309,794.808337,0.059641,0.053553,0.573895
300,T300_UAV_19,BS_0,BS_4,796.399155,796.100648,0.059721,0.068378,0.352036
300,T300_UAV_9,HAP_1,LEO_1,413.99742,413.9381,0.003072,0.019273,0.18488
301,T301_UAV_16,BS_4,HAP_1,362.764869,362.560961,0.026522,0.044143,0.166216
301,T301_UAV_4,BS_4,LEO_0,367.293846,367.211574,0.000662,0.00624,0.376851
301,T301_UAV_13,BS_4,LEO_1,499.421257,499.334768,0.003828,0.026285,0.281883
301,T301_UAV_9,HAP_1,HAP_0,408.428514,408.226556,0.027378,0.016233,0.291732
301,T301_UAV_15,BS_3,HAP_2,517.918094,517.835811,0.004557,0.010936,0.333946
301,T301_UAV_18,BS_4,LEO_1,557.909009,557.816343,0.004781,0.031508,0.281883
301,T301_UAV_5,HAP_1,LEO_0,628.271008,628.188248,0.001011,0.006379,0.376851
301,T301_UAV_1,BS_3,HAP_1,705.057947,704.843536,0.027944,0.053224,0.166216
301,T301_UAV_8,BS_3,HAP_0,510.896507,510.686945,0.028259,0.022956,0.291732
301,T301_UAV_19,BS_0,LEO_0,632.43644,632.339567,0.001247,0.020256,0.376851
301,T301_UAV_17,BS_4,LEO_1,873.568181,873.489668,0.006523,0.015614,0.281883
301,T301_UAV_2,HAP_1,HAP_2,737.173637,737.092842,0.005907,0.008098,0.333946
301,T301_UAV_7,BS_4,BS_0,723.327154,723.078251,0.05516,0.037425,0.281587
301,T301_UAV_3,BS_0,LEO_1,907.668186,907.586558,0.009294,0.015957,0.281883
301,T301_UAV_6,BS_3,HAP_1,1176.037411,1175.845531,0.030553,0.028084,0.166216
301,T301_UAV_10,HAP_1,BS_1,332.63809,332.54749,0.020774,0.008121,0.308524
302,T302_UAV_4,BS_4,LEO_0,360.672774,360.506266,0.040593,0.003765,0.110752
302,T302_UAV_7,BS_4,LEO_1,313.631206,313.431945,0.043594,0.018739,0.184642
302,T302_UAV_15,BS_3,HAP_0,325.134594,325.065424,0.001977,0.027187,0.200033
302,T302_UAV_2,HAP_1,HAP_2,419.71725,419.53187,0.028359,0.019122,0.189492
302,T302_UAV_3,BS_0,HAP_1,435.119002,434.9203,0.028509,0.015753,0.272201
302,T302_UAV_6,BS_3,LEO_0,732.851388,732.675452,0.041207,0.012579,0.110752
302,T302_UAV_18,BS_4,LEO_1,566.421555,566.225626,0.046046,0.012954,0.184642
302,T302_UAV_13,BS_4,LEO_0,829.299155,829.115972,0.04117,0.019863,0.110752
302,T302_UAV_16,BS_4,HAP_0,726.189323,726.135365,0.003309,0.010643,0.200033
302,T302_UAV_10,HAP_1,LEO_1,744.196252,744.007105,0.04686,0.00536,0.184642
302,T302_UAV_0,BS_2,HAP_2,748.495658,748.316275,0.031035,0.010449,0.189492
302,T302_UAV_1,BS_3,HAP_1,758.581015,758.367272,0.028503,0.0308,0.272201
302,T302_UAV_12,BS_2,BS_1,768.457817,768.23281,0.057981,0.010936,0.280452
302,T302_UAV_19,BS_0,BS_2,797.150849,796.848977,0.059768,0.039645,0.51229
302,T302_UAV_11,BS_0,LEO_0,1063.800874,1063.633485,0.041811,0.003427,0.110752
303,T303_UAV_15,BS_3,LEO_0,205.340966,205.292069,0.000326,0.004514,0.220283
303,T303_UAV_7,BS_4,LEO_1,221.589489,221.529208,0.002547,0.010235,0.237496
303,T303_UAV_19,BS_0,HAP_0,346.064214,345.992084,0.002416,0.017185,0.262644
303,T303_UAV_13,BS_4,HAP_1,442.155816,441.914781,0.026905,0.051619,0.312554
303,T303_UAV_10,HAP_1,HAP_2,500.426868,500.367437,0.004369,0.010377,0.22342
303,T303_UAV_11,BS_0,LEO_0,542.215609,542.156732,0.001013,0.013808,0.220283
303,T303_UAV_2,HAP_1,LEO_1,610.693001,610.625831,0.005235,0.014435,0.237496
303,T303_UAV_8,BS_3,LEO_0,613.734338,613.672795,0.000989,0.016496,0.220283
303,T303_UAV_12,BS_2,HAP_0,668.130726,668.069274,0.004042,0.004882,0.262644
303,T303_UAV_9,HAP_1,LEO_1,675.866021,675.806957,0.006187,0.005377,0.237496
303,T303_UAV_4,BS_4,HAP_2,683.101592,683.032596,0.003999,0.020313,0.22342
303,T303_UAV_3,BS_0,HAP_1,687.86618,687.656162,0.030558,0.016949,0.312554
303,T303_UAV_6,BS_3,BS_1,784.386853,784.167858,0.058976,0.010219,0.249002
303,T303_UAV_5,HAP_1,BS_0,790.449405,790.206533,0.059353,0.030383,0.26568
304,T304_UAV_14,HAP_1,LEO_1,473.008379,472.940532,0.003457,0.005414,0.294879
304,T304_UAV_5,HAP_1,LEO_0,366.395724,366.322533,0.000589,0.007573,0.325147
304,T304_UAV_19,BS_0,HAP_0,387.802416,387.729509,0.002709,0.003668,0.332647
304,T304_UAV_7,BS_4,HAP_1,633.686343,633.503204,0.028433,0.011603,0.215515
304,T304_UAV_11,BS_0,HAP_2,449.501777,449.419938,0.003962,0.014429,0.317238
304,T304_UAV_12,BS_2,LEO_0,451.960801,451.884003,0.000859,0.01091,0.325147
304,T304_UAV_2,HAP_1,LEO_1,649.854135,649.766093,0.004518,0.024548,0.294879
304,T304_UAV_16,BS_4,LEO_0,519.576674,519.494758,0.000816,0.01607,0.325147
304,T304_UAV_4,BS_4,HAP_0,529.997577,529.913945,0.001814,0.015289,0.332647
304,T304_UAV_3,BS_0,HAP_1,848.415269,848.202252,0.030864,0.03905,0.215515
304,T304_UAV_13,BS_4,LEO_1,828.028657,827.95831,0.006338,0.005033,0.294879
304,T304_UAV_6,BS_3,HAP_2,647.25499,647.170237,0.006864,0.014441,0.317238
304,T304_UAV_0,BS_2,BS_1,661.499063,661.288945,0.0513,0.010625,0.240964
304,T304_UAV_15,BS_3,BS_2,665.977949,665.670778,0.051574,0.072276,0.416609
304,T304_UAV_17,HAP_1,BS_0,754.280816,754.019815,0.057093,0.039888,0.3201
304,T304_UAV_18,BS_4,BS_3,754.944885,754.692433,0.057135,0.048626,0.233459
304,T304_UAV_1,BS_3,LEO_1,950.155044,950.072738,0.00701,0.01632,0.294879
304,T304_UAV_8,BS_3,HAP_1,1078.187065,1077.972539,0.029913,0.041511,0.215515
304,T304_UAV_9,HAP_1,BS_4,237.268076,237.039588,0.024798,0.033056,0.353174
305,T305_UAV_18,BS_4,LEO_0,68.922427,68.8383,0.000193,0.013956,0.349889
305,T305_UAV_12,BS_2,LEO_1,571.188851,570.985976,0.04457,0.013206,0.225496
305,T305_UAV_7,BS_4,HAP_0,857.556189,857.38162,0.028086,0.007109,0.19687
305,T305_UAV_5,HAP_1,HAP_2,196.892409,196.802497,0.002592,0.013499,0.369105
305,T305_UAV_1,BS_3,HAP_1,879.349568,879.129818,0.028436,0.041045,0.251341
305,T305_UAV_3,BS_0,LEO_1,780.118905,779.905414,0.046746,0.021646,0.225496
305,T305_UAV_14,HAP_1,HAP_0,968.671783,968.498781,0.028826,0.004802,0.19687
305,T305_UAV_15,BS_3,HAP_1,986.648022,986.43243,0.029152,0.036171,0.251341
305,T305_UAV_6,BS_3,BS_1,1088.709017,1088.598554,0.068003,0.004299,0.190801
305,T305_UAV_19,BS_0,LEO_1,1188.977423,1188.76907,0.049433,0.013822,0.225496
305,T305_UAV_13,BS_4,HAP_0,1388.003526,1387.820652,0.030802,0.012698,0.19687
305,T305_UAV_17,HAP_1,LEO_1,1213.737051,1213.536197,0.047716,0.008039,0.225496
305,T305_UAV_16,BS_4,HAP_1,1565.923057,1565.708426,0.031095,0.033267,0.251341
305,T305_UAV_9,HAP_1,LEO_1,1249.235516,1249.035738,0.047883,0.006795,0.225496
305,T305_UAV_11,BS_0,HAP_0,1796.23248,1796.046129,0.033819,0.013159,0.19687
305,T305_UAV_0,BS_2,BS_1,1486.546357,1486.40476,0.092854,0.010583,0.190801
305,T305_UAV_10,HAP_1,HAP_0,1977.871418,1977.692428,0.034003,0.005613,0.19687
305,T305_UAV_2,HAP_1,HAP_1,403.213455,403.007763,0.026128,0.029295,0.251341
306,T306_UAV_0,BS_2,LEO_0,187.05109,186.828771,0.040419,0.019916,0.309916
306,T306_UAV_8,BS_3,LEO_1,310.250333,310.039276,0.043026,0.023948,0.220415
306,T306_UAV_17,HAP_1,HAP_0,187.72288,187.507924,0.026311,0.009098,0.397734
306,T306_UAV_12,BS_2,HAP_1,467.140649,466.921002,0.028139,0.032303,0.296024
306,T306_UAV_4,BS_4,HAP_2,529.759217,529.56906,0.028091,0.011633,0.252165
306,T306_UAV_9,HAP_1,BS_2,1387.795021,1387.526371,0.096667,0.034139,0.189219
306,T306_UAV_5,HAP_1,LEO_1,531.468649,531.2586,0.04456,0.021406,0.220415
306,T306_UAV_6,BS_3,LEO_0,492.579336,492.358752,0.041027,0.017574,0.309916
306,T306_UAV_11,BS_0,HAP_1,623.457072,623.226871,0.029154,0.041841,0.296024
306,T306_UAV_10,HAP_1,LEO_1,662.839323,662.639998,0.046135,0.009108,0.220415
306,T306_UAV_13,BS_4,HAP_2,757.788256,757.599728,0.031079,0.007016,0.252165
306,T306_UAV_15,BS_3,BS_2,3441.273559,3440.897786,0.224939,0.012991,0.189219
306,T306_UAV_7,BS_4,BS_2,3818.34814,3817.910058,0.24849,0.051748,0.189219
306,T306_UAV_19,BS_0,BS_2,3887.352075,3886.94944,0.252803,0.011988,0.189219
306,T306_UAV_14,HAP_1,BS_2,1024.310944,1024.049937,0.073961,0.049201,0.189219
307,T307_UAV_8,BS_3,LEO_0,452.941158,452.896621,0.000631,0.005701,0.191024
307,T307_UAV_18,BS_4,LEO_1,478.490113,478.424507,0.003464,0.024129,0.190063
307,T307_UAV_13,BS_4,HAP_2,498.89314,498.822986,0.003425,0.017069,0.248303
307,T307_UAV_17,HAP_1,LEO_0,646.132808,646.073604,0.000863,0.020136,0.191024
307,T307_UAV_14,HAP_1,LEO_1,650.971524,650.902947,0.00408,0.026484,0.190063
307,T307_UAV_4,BS_4,HAP_0,531.021931,530.796346,0.026804,0.022313,0.382339
307,T307_UAV_3,BS_0,HAP_1,574.22074,573.990898,0.029665,0.034104,0.330368
307,T307_UAV_7,BS_4,LEO_0,845.780719,845.720637,0.001331,0.020546,0.191024
307,T307_UAV_5,HAP_1,HAP_0,562.594532,562.362078,0.02857,0.027415,0.382339
307,T307_UAV_11,BS_0,LEO_1,957.912901,957.839943,0.007495,0.02745,0.190063
307,T307_UAV_2,HAP_1,HAP_2,917.763343,917.689687,0.006293,0.017703,0.248303
307,T307_UAV_15,BS_3,HAP_1,716.195622,715.95598,0.028592,0.044976,0.330368
307,T307_UAV_16,BS_4,BS_0,728.192519,727.963317,0.055465,0.017694,0.280215
307,T307_UAV_12,BS_2,LEO_0,1071.350517,1071.299478,0.001724,0.01111,0.191024
307,T307_UAV_6,BS_3,LEO_1,1109.14692,1109.07661,0.007062,0.025234,0.190063
307,T307_UAV_19,BS_0,HAP_2,1008.947008,1008.873916,0.007927,0.015505,0.248303
307,T307_UAV_1,BS_3,LEO_0,1318.408356,1318.364063,0.00185,0.004239,0.191024
307,T307_UAV_9,HAP_1,LEO_1,343.138375,343.090831,0.002162,0.00737,0.190063
308,T308_UAV_5,HAP_1,LEO_1,629.875782,629.671689,0.043034,0.023847,0.18606
308,T308_UAV_0,BS_2,LEO_0,290.463569,290.215542,0.040559,0.02543,0.410189
308,T308_UAV_6,BS_3,HAP_0,300.616595,300.555149,0.002276,0.015111,0.220288
308,T308_UAV_8,BS_3,HAP_1,307.268233,307.040909,0.026541,0.032959,0.339114
308,T308_UAV_18,BS_4,HAP_2,359.183531,358.994578,0.027057,0.006841,0.27528
308,T308_UAV_4,BS_4,LEO_1,849.196688,848.998221,0.044839,0.016416,0.18606
308,T308_UAV_1,BS_3,LEO_0,498.232163,497.983333,0.040806,0.025986,0.410189
308,T308_UAV_12,BS_2,LEO_1,955.518225,955.322371,0.046016,0.012626,0.18606
308,T308_UAV_19,BS_0,LEO_1,1023.165336,1022.976867,0.046384,0.004874,0.18606
308,T308_UAV_16,BS_4,HAP_0,648.753451,648.681219,0.002921,0.025253,0.220288
308,T308_UAV_15,BS_3,HAP_2,656.907911,656.717181,0.030723,0.004951,0.27528
308,T308_UAV_14,HAP_1,LEO_0,701.558917,701.307362,0.041088,0.02843,0.410189
308,T308_UAV_10,HAP_1,LEO_1,1025.779832,1025.572073,0.045266,0.025282,0.18606
308,T308_UAV_11,BS_0,HAP_1,789.634934,789.420225,0.030257,0.01663,0.339114
308,T308_UAV_3,BS_0,BS_1,800.002736,799.769036,0.059951,0.014804,0.294725
308,T308_UAV_2,HAP_1,LEO_1,1486.905451,1486.714255,0.047144,0.00684,0.18606
308,T308_UAV_9,HAP_1,LEO_1,554.618571,554.425572,0.042799,0.012988,0.18606
309,T309_UAV_8,BS_3,LEO_0,225.571782,225.369306,0.04036,0.021719,0.201982
309,T309_UAV_12,BS_2,LEO_1,258.011674,257.800954,0.043051,0.008926,0.293716
309,T309_UAV_5,HAP_1,HAP_0,278.159555,278.088922,0.001765,0.015378,0.267446
309,T309_UAV_9,HAP_1,HAP_2,283.882689,283.827303,0.002437,0.01012,0.214144
309,T309_UAV_4,BS_4,HAP_1,380.678088,380.476679,0.027028,0.018611,0.278854
309,T309_UAV_14,HAP_1,LEO_0,338.503767,338.301009,0.040525,0.021837,0.201982
309,T309_UAV_18,BS_4,LEO_1,473.319853,473.10166,0.045016,0.014433,0.293716
309,T309_UAV_15,BS_3,HAP_0,482.218749,482.132511,0.002896,0.029853,0.267446
309,T309_UAV_6,BS_3,HAP_1,485.907364,485.665596,0.027615,0.058382,0.278854
309,T309_UAV_0,BS_2,LEO_0,509.161859,508.958095,0.04098,0.022387,0.201982
309,T309_UAV_7,BS_4,HAP_2,537.710137,537.651942,0.003435,0.011931,0.214144
309,T309_UAV_3,BS_0,LEO_1,622.597827,622.360178,0.048083,0.030823,0.293716
309,T309_UAV_19,BS_0,BS_1,682.134706,681.892172,0.052587,0.036134,0.269065
309,T309_UAV_17,HAP_1,BS_2,203.853541,203.665889,0.022713,0.015516,0.247112
310,T310_UAV_16,BS_4,LEO_0,298.529967,298.462978,0.000471,0.019562,0.234776
310,T310_UAV_9,HAP_1,LEO_1,394.20067,393.967077,0.043572,0.016684,0.366683
310,T310_UAV_6,BS_3,HAP_2,945.86382,945.680642,0.031013,0.015805,0.181798
310,T310_UAV_15,BS_3,HAP_0,487.528768,487.450255,0.002922,0.007553,0.340191
310,T310_UAV_11,BS_0,HAP_1,575.951772,575.706752,0.028828,0.054806,0.306928
310,T310_UAV_10,HAP_1,LEO_0,471.905118,471.834732,0.000731,0.0227,0.234776
310,T310_UAV_4,BS_4,HAP_2,1403.131967,1402.942893,0.030799,0.021916,0.181798
310,T310_UAV_0,BS_2,LEO_1,669.384141,669.126323,0.048035,0.036447,0.366683
310,T310_UAV_1,BS_3,LEO_0,472.528529,472.447854,0.000766,0.032954,0.234776
310,T310_UAV_2,HAP_1,BS_1,508.692548,508.455206,0.041753,0.040346,0.276219
310,T310_UAV_8,BS_3,HAP_2,1630.464193,1630.271699,0.034266,0.02187,0.181798
310,T310_UAV_7,BS_4,HAP_0,730.92894,730.838096,0.003259,0.019547,0.340191
310,T310_UAV_13,BS_4,HAP_1,797.892649,797.667072,0.028414,0.035778,0.306928
310,T310_UAV_19,BS_0,HAP_2,1673.677721,1673.501486,0.034719,0.005156,0.181798
310,T310_UAV_5,HAP_1,HAP_2,1951.165968,1950.982043,0.036248,0.011317,0.181798
310,T310_UAV_18,BS_4,HAP_2,1999.52045,1999.341012,0.033164,0.009915,0.181798
310,T310_UAV_17,HAP_1,HAP_2,2177.842592,2177.658131,0.036635,0.011466,0.181798
310,T310_UAV_14,HAP_1,LEO_1,288.715357,288.47287,0.042613,0.026537,0.366683
311,T311_UAV_8,BS_3,LEO_0,164.20986,164.126089,0.000298,0.020731,0.313711
311,T311_UAV_3,BS_0,LEO_1,644.527235,644.433863,0.005607,0.037329,0.252178
311,T311_UAV_9,HAP_1,HAP_0,778.499017,778.319041,0.028468,0.019436,0.16036
311,T311_UAV_18,BS_4,HAP_1,284.703162,284.484611,0.026933,0.029526,0.310459
311,T311_UAV_6,BS_3,LEO_1,747.29543,747.197741,0.004769,0.042485,0.252178
311,T311_UAV_1,BS_3,HAP_0,852.251679,852.067575,0.029226,0.022805,0.16036
311,T311_UAV_15,BS_3,HAP_2,351.039631,350.781356,0.029247,0.031103,0.489626
311,T311_UAV_11,BS_0,LEO_0,510.590049,510.520732,0.001099,0.005477,0.313711
311,T311_UAV_4,BS_4,BS_1,1028.766024,1028.543764,0.074242,0.021085,0.134669
311,T311_UAV_19,BS_0,LEO_1,1260.555538,1260.467009,0.009958,0.028136,0.252178
311,T311_UAV_0,BS_2,HAP_0,1335.712278,1335.529943,0.031087,0.019176,0.16036
311,T311_UAV_2,HAP_1,LEO_1,1274.944361,1274.863283,0.007595,0.023047,0.252178
311,T311_UAV_13,BS_4,HAP_0,1374.290239,1374.107841,0.030753,0.019573,0.16036
311,T311_UAV_17,HAP_1,BS_1,1146.39951,1146.183001,0.081591,0.007984,0.134669
311,T311_UAV_7,BS_4,LEO_1,1310.08168,1310.014113,0.010217,0.006914,0.252178
311,T311_UAV_5,HAP_1,HAP_0,680.352023,680.176265,0.028264,0.015421,0.16036
312,T312_UAV_3,BS_0,LEO_0,390.908638,390.707592,0.040805,0.016905,0.21668
312,T312_UAV_8,BS_3,LEO_1,344.501524,344.409981,0.003345,0.029449,0.293745
312,T312_UAV_11,BS_0,HAP_1,384.574337,384.380931,0.027552,0.016329,0.247627
312,T312_UAV_18,BS_4,HAP_0,390.557371,390.305552,0.026281,0.043422,0.410585
312,T312_UAV_7,BS_4,HAP_2,435.252875,435.02805,0.02778,0.018021,0.395121
312,T312_UAV_0,BS_2,LEO_0,681.954156,681.753577,0.041187,0.016057,0.21668
312,T312_UAV_17,HAP_1,LEO_1,539.820882,539.726178,0.004936,0.031019,0.293745
312,T312_UAV_4,BS_4,HAP_1,564.507508,564.297689,0.028005,0.032289,0.247627
312,T312_UAV_5,HAP_1,HAP_0,602.453171,602.227593,0.028814,0.014647,0.410585
312,T312_UAV_1,BS_3,LEO_0,810.729191,810.533063,0.04121,0.011581,0.21668
312,T312_UAV_16,BS_4,LEO_1,633.081993,633.001404,0.006216,0.015624,0.293745
312,T312_UAV_6,BS_3,HAP_2,668.91151,668.663263,0.032149,0.037073,0.395121
312,T312_UAV_2,HAP_1,BS_1,687.069493,686.827165,0.052895,0.019372,0.350299
312,T312_UAV_13,BS_4,BS_2,750.694398,750.425324,0.056868,0.031608,0.402989
312,T312_UAV_19,BS_0,BS_3,781.298942,781.040232,0.058781,0.025855,0.37037
312,T312_UAV_15,BS_3,LEO_0,944.755552,944.559721,0.041364,0.011131,0.21668
312,T312_UAV_9,HAP_1,BS_0,358.300226,358.073756,0.032358,0.033035,0.305382
313,T313_UAV_19,BS_0,LEO_0,273.15399,273.096662,0.000483,0.011485,0.226795
313,T313_UAV_12,BS_2,LEO_1,290.581576,290.363102,0.042731,0.035435,0.201535
313,T313_UAV_4,BS_4,HAP_0,275.026479,274.809477,0.025921,0.037366,0.268575
313,T313_UAV_3,BS_0,HAP_1,290.27502,290.083872,0.027376,0.016398,0.236871
313,T313_UAV_16,BS_4,HAP_2,296.430594,296.227766,0.027082,0.025719,0.250133
313,T313_UAV_11,BS_0,LEO_0,456.554755,456.485827,0.000775,0.022795,0.226795
313,T313_UAV_14,HAP_1,LEO_1,517.410177,517.212133,0.0438,0.013937,0.201535
313,T313_UAV_10,BS_4,LEO_0,527.994426,527.936558,0.000756,0.011753,0.226795
313,T313_UAV_15,BS_3,HAP_1,452.256084,452.061594,0.027241,0.019874,0.236871
313,T313_UAV_9,HAP_1,HAP_0,463.186584,462.99652,0.027666,0.008683,0.268575
313,T313_UAV_13,BS_4,LEO_1,669.604558,669.399409,0.045097,0.019746,0.201535
313,T313_UAV_5,HAP_1,HAP_2,503.518721,503.317629,0.029657,0.021409,0.250133
313,T313_UAV_17,HAP_1,LEO_0,714.082092,714.024972,0.001013,0.010748,0.226795
313,T313_UAV_1,BS_3,BS_1,732.594335,732.345656,0.055739,0.022069,0.354358
313,T313_UAV_18,BS_4,BS_2,751.765914,751.462889,0.056933,0.02745,0.59321
313,T313_UAV_6,BS_3,BS_0,758.778865,758.53622,0.057375,0.017261,0.340046
313,T313_UAV_0,BS_2,LEO_1,1055.765812,1055.548964,0.050061,0.026479,0.201535
313,T313_UAV_2,HAP_1,BS_3,357.871685,357.652869,0.032332,0.022287,0.320984
314,T314_UAV_8,BS_3,LEO_0,213.319826,213.127403,0.040339,0.00537,0.233565
314,T314_UAV_6,BS_3,LEO_1,299.060815,298.990297,0.00277,0.023616,0.220661
314,T314_UAV_13,BS_4,HAP_0,380.293306,380.079439,0.027029,0.027089,0.298746
314,T314_UAV_9,HAP_1,HAP_2,405.112062,405.060404,0.003468,0.007132,0.205294
314,T314_UAV_0,BS_2,HAP_1,487.35733,487.139581,0.02829,0.032295,0.285818
314,T314_UAV_14,HAP_1,LEO_0,571.228079,571.035012,0.04089,0.005464,0.233565
314,T314_UAV_17,HAP_1,LEO_1,580.813819,580.741727,0.0053,0.022661,0.220661
314,T314_UAV_7,BS_4,HAP_0,599.989702,599.779589,0.027684,0.02268,0.298746
314,T314_UAV_12,BS_1,HAP_1,608.784076,608.583175,0.029038,0.014699,0.285818
314,T314_UAV_19,BS_0,LEO_0,669.693068,669.500592,0.041302,0.004461,0.233565
314,T314_UAV_11,BS_0,LEO_1,671.080421,670.998433,0.00774,0.030116,0.220661
314,T314_UAV_4,BS_4,HAP_2,682.97674,682.891881,0.003965,0.039835,0.205294
314,T314_UAV_5,HAP_1,BS_1,747.118054,746.827638,0.056643,0.035889,0.489412
314,T314_UAV_1,BS_3,BS_2,752.314373,752.077092,0.056971,0.021053,0.296285
315,T315_UAV_8,BS_3,LEO_0,404.840741,404.768412,0.000595,0.021983,0.248755
315,T315_UAV_7,BS_4,LEO_1,307.791513,307.579449,0.043552,0.026708,0.209016
315,T315_UAV_10,BS_4,HAP_0,314.014444,313.94131,0.001867,0.02803,0.216187
315,T315_UAV_18,BS_4,HAP_1,327.968944,327.774155,0.026758,0.024173,0.219287
315,T315_UAV_14,HAP_1,HAP_2,352.818615,352.622767,0.027651,0.018002,0.250978
315,T315_UAV_12,BS_1,LEO_0,475.960013,475.878223,0.000812,0.031226,0.248755
315,T315_UAV_0,BS_2,LEO_1,451.356248,451.136152,0.045382,0.032911,0.209016
315,T315_UAV_15,BS_3,LEO_0,619.355474,619.299042,0.000891,0.00579,0.248755
315,T315_UAV_13,BS_4,HAP_0,466.768267,466.705999,0.002495,0.016535,0.216187
315,T315_UAV_11,BS_0,HAP_1,468.908006,468.683161,0.028107,0.052881,0.219287
315,T315_UAV_6,BS_3,LEO_1,483.247252,483.047119,0.044472,0.013859,0.209016
315,T315_UAV_3,BS_0,HAP_2,538.661398,538.474416,0.030191,0.006595,0.250978
315,T315_UAV_4,BS_4,BS_1,546.735911,546.447931,0.044126,0.046076,0.488891
315,T315_UAV_5,HAP_1,BS_2,619.71064,619.437559,0.048686,0.048675,0.378602
315,T315_UAV_19,BS_0,BS_3,628.249797,628.005455,0.049221,0.042016,0.265527
315,T315_UAV_1,BS_3,LEO_0,859.405846,859.340386,0.001286,0.014423,0.248755
315,T315_UAV_17,HAP_1,BS_0,329.903523,329.655698,0.030583,0.056123,0.305595
316,T316_UAV_10,BS_4,LEO_0,365.871805,365.809695,0.000524,0.004936,0.28325
316,T316_UAV_1,BS_3,LEO_1,297.489383,297.440838,0.00271,0.005612,0.20112
316,T316_UAV_12,BS_1,HAP_1,636.343103,636.139944,0.028364,0.035428,0.196835
316,T316_UAV_18,BS_4,HAP_0,321.403524,321.331245,0.001069,0.013734,0.287378
316,T316_UAV_17,HAP_1,HAP_2,499.827197,499.752075,0.004167,0.020758,0.250988
316,T316_UAV_3,BS_0,LEO_0,837.416338,837.34998,0.001737,0.007971,0.28325
316,T316_UAV_8,BS_3,LEO_1,694.820462,694.755656,0.006716,0.017866,0.20112
316,T316_UAV_16,BS_4,HAP_1,996.917473,996.70273,0.028781,0.046595,0.196835
316,T316_UAV_5,HAP_1,LEO_0,952.610475,952.539383,0.001404,0.013038,0.28325
316,T316_UAV_6,BS_3,HAP_0,724.60467,724.521572,0.005549,0.020074,0.287378
316,T316_UAV_11,BS_0,LEO_1,735.045087,734.974073,0.008466,0.022324,0.20112
316,T316_UAV_14,HAP_1,HAP_2,752.198204,752.104046,0.00565,0.038311,0.250988
316,T316_UAV_4,BS_4,BS_1,780.16166,779.845756,0.058706,0.06376,0.467192
316,T316_UAV_0,BS_1,HAP_1,1167.979567,1167.76489,0.031263,0.044048,0.196835
316,T316_UAV_15,BS_3,LEO_0,1025.672425,1025.591195,0.001474,0.023107,0.28325
316,T316_UAV_9,HAP_1,HAP_1,690.372711,690.170585,0.027369,0.03539,0.196835
317,T317_UAV_6,BS_3,LEO_1,527.532183,527.453506,0.003379,0.017486,0.289059
317,T317_UAV_4,BS_4,LEO_0,488.153958,488.067902,0.000885,0.012087,0.365423
317,T317_UAV_19,BS_0,HAP_1,708.134182,707.940035,0.029247,0.018414,0.232432
317,T317_UAV_10,BS_4,HAP_0,504.83162,504.73311,0.003004,0.028799,0.333535
317,T317_UAV_3,BS_0,HAP_2,525.526118,525.447334,0.005073,0.008057,0.328269
317,T317_UAV_1,BS_3,LEO_1,888.845646,888.776108,0.005598,0.006128,0.289059
317,T317_UAV_5,HAP_1,LEO_0,561.549126,561.456314,0.000898,0.018829,0.365423
317,T317_UAV_14,HAP_1,LEO_0,577.120509,577.017893,0.000903,0.028628,0.365423
317,T317_UAV_18,BS_4,HAP_0,590.837413,590.747689,0.001972,0.021045,0.333535
317,T317_UAV_13,BS_4,HAP_1,985.548322,985.336888,0.028811,0.036137,0.232432
317,T317_UAV_16,BS_4,LEO_1,1129.317745,1129.240653,0.007568,0.011712,0.289059
317,T317_UAV_0,BS_1,HAP_2,684.174955,684.095621,0.00539,0.00829,0.328269
317,T317_UAV_15,BS_3,BS_1,696.881016,696.657439,0.053509,0.017102,0.264828
317,T317_UAV_12,BS_1,BS_0,724.6598,724.426145,0.055244,0.025502,0.264549
317,T317_UAV_8,BS_3,BS_2,736.262995,736.014672,0.055968,0.015704,0.383252
317,T317_UAV_7,BS_4,BS_3,744.109379,743.870554,0.056459,0.014599,0.338842
317,T317_UAV_11,BS_0,LEO_1,1281.343657,1281.256992,0.009963,0.018891,0.289059
317,T317_UAV_17,HAP_1,LEO_1,1300.24573,1300.167282,0.00818,0.012457,0.289059
317,T317_UAV_9,HAP_1,HAP_1,448.808424,448.611406,0.026626,0.023905,0.232432
318,T318_UAV_15,BS_3,LEO_0,413.51937,413.345648,0.040533,0.005094,0.140473
318,T318_UAV_7,BS_4,HAP_0,419.050744,418.89248,0.0266,0.008833,0.114154
318,T318_UAV_14,HAP_1,LEO_1,235.223922,235.012554,0.042951,0.005195,0.316113
318,T318_UAV_8,BS_3,HAP_1,488.248026,487.989019,0.027376,0.067486,0.320725
318,T318_UAV_18,BS_4,HAP_2,540.806863,540.710497,0.003136,0.022162,0.355332
318,T318_UAV_9,HAP_1,LEO_0,817.488668,817.308439,0.041042,0.011093,0.140473
318,T318_UAV_4,BS_4,LEO_1,480.054671,479.819275,0.047001,0.025173,0.316113
318,T318_UAV_10,BS_4,HAP_0,1004.829687,1004.655606,0.029866,0.021384,0.114154
318,T318_UAV_11,BS_0,LEO_0,1138.969286,1138.781065,0.041713,0.018413,0.140473
318,T318_UAV_1,BS_3,BS_1,701.578927,701.310818,0.0538,0.063226,0.255413
318,T318_UAV_5,HAP_1,HAP_2,728.724684,728.629446,0.006733,0.017439,0.355332
318,T318_UAV_13,BS_4,HAP_1,756.386784,756.16391,0.028207,0.030521,0.320725
318,T318_UAV_6,BS_3,LEO_0,1254.047935,1253.870288,0.041867,0.007686,0.140473
318,T318_UAV_16,BS_4,HAP_0,1458.514644,1458.334158,0.030492,0.027163,0.114154
318,T318_UAV_3,BS_0,LEO_0,1522.691584,1522.501236,0.042749,0.019504,0.140473
318,T318_UAV_0,BS_1,HAP_0,1538.359116,1538.197604,0.032326,0.006355,0.114154
318,T318_UAV_17,HAP_1,LEO_0,672.94203,672.760468,0.04086,0.012608,0.140473
319,T319_UAV_10,BS_4,LEO_0,276.599624,276.374642,0.040428,0.023214,0.306697
319,T319_UAV_3,BS_0,LEO_1,427.933959,427.712508,0.044439,0.017284,0.298638
319,T319_UAV_15,BS_3,HAP_1,365.276288,365.051781,0.026789,0.056201,0.207586
319,T319_UAV_12,BS_1,HAP_0,404.752335,404.518117,0.02735,0.02497,0.409496
319,T319_UAV_9,HAP_1,HAP_2,420.981767,420.781225,0.028588,0.031173,0.203903
319,T319_UAV_0,BS_1,LEO_0,530.664651,530.45458,0.040999,0.007733,0.306697
319,T319_UAV_7,BS_4,LEO_1,736.657931,736.435838,0.046808,0.015557,0.298638
319,T319_UAV_8,BS_3,HAP_1,593.898492,593.718439,0.027882,0.010654,0.207586
319,T319_UAV_19,BS_0,HAP_0,613.976295,613.744504,0.029309,0.020582,0.409496
319,T319_UAV_4,BS_4,LEO_0,630.598931,630.39168,0.041143,0.004768,0.306697
319,T319_UAV_2,HAP_1,LEO_1,919.15333,918.937811,0.046365,0.009426,0.298638
319,T319_UAV_1,BS_3,HAP_2,705.931624,705.752249,0.031742,0.006852,0.203903
319,T319_UAV_16,BS_4,BS_1,762.155444,761.926876,0.057587,0.014529,0.282262
319,T319_UAV_5,HAP_1,LEO_1,451.23944,451.008935,0.043148,0.02763,0.298638
320,T320_UAV_7,BS_4,LEO_0,215.957585,215.750687,0.040401,0.026856,0.198203
320,T320_UAV_0,BS_1,LEO_1,240.919921,240.721938,0.042851,0.01406,0.205361
320,T320_UAV_14,BS_4,HAP_1,250.960641,250.788655,0.025954,0.009462,0.182847
320,T320_UAV_11,BS_0,HAP_0,253.943416,253.739091,0.026682,0.018018,0.298126
320,T320_UAV_4,BS_4,HAP_2,288.956449,288.900686,0.00167,0.013646,0.202235
320,T320_UAV_5,HAP_1,LEO_0,401.324311,401.127901,0.04064,0.016129,0.198203
320,T320_UAV_2,HAP_1,LEO_1,564.543557,564.32434,0.044814,0.033331,0.205361
320,T320_UAV_8,BS_3,HAP_1,420.831297,420.626306,0.027035,0.041387,0.182847
320,T320_UAV_17,HAP_1,LEO_0,492.70897,492.505233,0.040755,0.023342,0.198203
320,T320_UAV_6,BS_3,HAP_0,570.221223,570.021763,0.029387,0.010447,0.298126
320,T320_UAV_3,BS_0,HAP_2,593.659611,593.594195,0.005736,0.019233,0.202235
320,T320_UAV_12,BS_1,LEO_1,646.895217,646.684993,0.047606,0.021546,0.205361
320,T320_UAV_18,BS_4,BS_1,654.552545,654.28139,0.050862,0.061462,0.294157
320,T320_UAV_16,BS_4,BS_2,721.915443,721.689528,0.055073,0.03226,0.19291
320,T320_UAV_9,HAP_1,BS_0,723.715702,723.434723,0.055182,0.05596,0.349184
320,T320_UAV_1,BS_3,BS_4,757.31234,757.015627,0.05728,0.067624,0.359048
321,T321_UAV_8,BS_3,LEO_1,504.398942,504.342049,0.002665,0.017563,0.183326
321,T321_UAV_19,BS_0,LEO_0,365.895164,365.697015,0.040706,0.015806,0.208181
321,T321_UAV_14,BS_4,HAP_1,370.888259,370.815909,0.001416,0.021748,0.245931
321,T321_UAV_18,BS_4,LEO_1,683.471786,683.413698,0.003882,0.01754,0.183326
321,T321_UAV_9,HAP_1,HAP_0,409.490405,409.29298,0.02734,0.022725,0.236798
321,T321_UAV_12,BS_1,LEO_0,425.622736,425.43396,0.04079,0.006349,0.208181
321,T321_UAV_1,BS_3,LEO_1,752.877212,752.815304,0.003804,0.021438,0.183326
321,T321_UAV_13,BS_4,HAP_2,322.747947,322.662977,0.003571,0.016934,0.322323
321,T321_UAV_15,BS_3,HAP_1,529.477035,529.373895,0.002586,0.051368,0.245931
321,T321_UAV_16,BS_4,HAP_0,533.898887,533.717213,0.027347,0.006967,0.236798
321,T321_UAV_6,BS_3,LEO_0,699.322776,699.132418,0.041289,0.007433,0.208181
321,T321_UAV_2,HAP_1,LEO_1,1282.199842,1282.143867,0.006151,0.013158,0.183326
321,T321_UAV_0,BS_1,LEO_1,1289.04585,1288.991623,0.008116,0.009446,0.183326
321,T321_UAV_17,HAP_1,LEO_1,1341.593636,1341.545319,0.006752,0.0049,0.183326
321,T321_UAV_4,BS_4,LEO_1,1807.09828,1807.037069,0.010261,0.014284,0.183326
322,T322_UAV_1,BS_3,LEO_0,270.616184,270.557952,0.000442,0.014984,0.214033
322,T322_UAV_7,BS_4,HAP_0,355.749501,355.678062,0.001607,0.028241,0.207953
322,T322_UAV_19,BS_0,HAP_1,386.081839,385.895499,0.027649,0.016731,0.209799
322,T322_UAV_13,BS_4,LEO_1,207.412193,207.195004,0.044881,0.007284,0.325121
322,T322_UAV_4,BS_4,LEO_0,416.162289,416.110907,0.000756,0.007819,0.214033
322,T322_UAV_14,BS_4,BS_1,1477.267746,1477.013048,0.102257,0.012772,0.198347
322,T322_UAV_17,HAP_1,BS_2,1601.046769,1600.790314,0.109989,0.0065,0.199822
322,T322_UAV_16,BS_4,HAP_2,370.35825,370.269476,0.003436,0.011696,0.36821
322,T322_UAV_8,BS_3,LEO_0,428.60719,428.543307,0.000677,0.020399,0.214033
322,T322_UAV_12,BS_1,HAP_0,481.629461,481.55778,0.002779,0.027311,0.207953
322,T322_UAV_6,BS_3,HAP_1,582.054986,581.86338,0.028228,0.021419,0.209799
322,T322_UAV_0,BS_1,BS_2,1743.035617,1742.753246,0.118858,0.023549,0.199822
322,T322_UAV_11,BS_0,BS_1,1774.049415,1773.745049,0.120794,0.043902,0.198347
322,T322_UAV_15,BS_3,BS_1,2140.826155,2140.473276,0.143703,0.069507,0.198347
322,T322_UAV_5,HAP_1,BS_2,2436.949428,2436.61871,0.162203,0.028551,0.199822
322,T322_UAV_2,HAP_1,BS_1,2877.315478,2876.965071,0.18971,0.021027,0.198347
322,T322_UAV_18,BS_4,BS_2,3083.237633,3082.87738,0.202574,0.017716,0.199822
322,T322_UAV_10,BS_4,BS_1,3140.564022,3140.206248,0.206155,0.01195,0.198347
322,T322_UAV_9,HAP_1,BS_2,1009.434892,1009.192594,0.073033,0.0293,0.199822
323,T323_UAV_0,BS_1,LEO_0,222.726425,222.643699,0.000416,0.018343,0.319836
323,T323_UAV_4,BS_4,LEO_1,233.897368,233.643104,0.04244,0.028494,0.416653
323,T323_UAV_12,BS_1,HAP_0,491.944825,491.868723,0.002507,0.016931,0.283323
323,T323_UAV_18,BS_4,HAP_1,497.62372,497.432503,0.027341,0.015758,0.240586
323,T323_UAV_16,BS_4,HAP_2,593.615035,593.425896,0.028594,0.009824,0.253604
323,T323_UAV_17,HAP_1,LEO_0,410.806372,410.722318,0.00063,0.019456,0.319836
323,T323_UAV_3,BS_0,LEO_1,476.690914,476.434489,0.046216,0.026878,0.416653
323,T323_UAV_6,BS_3,HAP_0,694.413459,694.334264,0.004611,0.01792,0.283323
323,T323_UAV_8,BS_3,LEO_0,485.832218,485.758932,0.000767,0.008553,0.319836
323,T323_UAV_1,BS_3,HAP_1,733.27036,733.080919,0.028058,0.013265,0.240586
323,T323_UAV_2,HAP_1,HAP_2,732.55032,732.36175,0.030027,0.007822,0.253604
323,T323_UAV_15,BS_3,LEO_1,565.419316,565.172499,0.045546,0.017941,0.416653
323,T323_UAV_7,BS_4,BS_1,641.365519,641.131851,0.050041,0.034772,0.244275
323,T323_UAV_19,BS_0,BS_2,755.607146,755.302534,0.057173,0.033378,0.570305
323,T323_UAV_13,BS_4,BS_0,767.368713,767.045958,0.057906,0.059799,0.525248
323,T323_UAV_11,BS_0,HAP_0,1002.941612,1002.8659,0.005829,0.013219,0.283323
323,T323_UAV_14,BS_4,HAP_1,1047.706611,1047.483922,0.028686,0.045887,0.240586
323,T323_UAV_9,HAP_1,HAP_2,1182.026423,1181.824535,0.033546,0.017622,0.253604
323,T323_UAV_5,HAP_1,BS_3,352.099059,351.863226,0.03197,0.035819,0.34022
324,T324_UAV_13,BS_4,LEO_1,373.976266,373.897319,0.002834,0.024975,0.255688
324,T324_UAV_8,BS_3,LEO_0,330.913821,330.82178,0.000521,0.016451,0.375345
324,T324_UAV_12,BS_1,HAP_0,326.120758,325.919096,0.026869,0.016804,0.289945
324,T324_UAV_10,BS_4,HAP_1,338.97873,338.748228,0.026536,0.056818,0.23574
324,T324_UAV_0,BS_1,HAP_2,345.166865,344.973802,0.027685,0.005557,0.299101
324,T324_UAV_19,BS_0,LEO_1,511.304599,511.230017,0.004721,0.018723,0.255688
324,T324_UAV_15,BS_4,LEO_0,458.715771,458.62719,0.000705,0.012806,0.375345
324,T324_UAV_5,HAP_1,LEO_0,616.036736,615.931088,0.000983,0.029597,0.375345
324,T324_UAV_9,HAP_1,HAP_0,620.635132,620.427831,0.028539,0.020772,0.289945
324,T324_UAV_7,BS_4,HAP_1,623.850907,623.63371,0.028918,0.041131,0.23574
324,T324_UAV_1,BS_3,LEO_1,872.940288,872.860783,0.006418,0.021949,0.255688
324,T324_UAV_6,BS_3,HAP_2,669.120926,668.900711,0.032247,0.028148,0.299101
324,T324_UAV_2,HAP_1,BS_1,673.629897,673.404994,0.052057,0.017488,0.276791
324,T324_UAV_16,BS_4,BS_2,755.816756,755.563075,0.057189,0.046035,0.252282
324,T324_UAV_14,BS_4,BS_0,760.61046,760.314086,0.057486,0.05047,0.442091
324,T324_UAV_4,BS_4,BS_3,787.57383,787.310587,0.059172,0.0339,0.350854
324,T324_UAV_18,BS_4,LEO_1,1011.029151,1010.935868,0.008477,0.033668,0.255688
324,T324_UAV_17,HAP_1,BS_4,286.079872,285.837137,0.027846,0.04313,0.358797
325,T325_UAV_3,BS_0,LEO_0,278.042623,277.852685,0.040573,0.019431,0.149672
325,T325_UAV_16,BS_4,LEO_1,456.82584,456.607545,0.043549,0.033927,0.20409
325,T325_UAV_13,BS_4,HAP_0,542.601152,542.538549,0.002595,0.018918,0.205451
325,T325_UAV_6,BS_3,HAP_1,448.874623,448.66712,0.027505,0.032987,0.235052
325,T325_UAV_18,BS_4,HAP_2,455.648365,455.587636,0.002684,0.008946,0.245494
325,T325_UAV_15,BS_4,LEO_0,571.891315,571.712752,0.040811,0.007818,0.149672
325,T325_UAV_9,HAP_1,LEO_1,635.344197,635.125091,0.044586,0.033703,0.20409
325,T325_UAV_10,BS_3,LEO_0,572.653108,572.472988,0.040821,0.009364,0.149672
325,T325_UAV_17,HAP_1,HAP_0,762.538231,762.478906,0.003784,0.01445,0.205451
325,T325_UAV_2,HAP_1,HAP_2,538.204888,538.136295,0.004324,0.015169,0.245494
325,T325_UAV_8,BS_3,HAP_1,721.768803,721.540797,0.028437,0.052559,0.235052
325,T325_UAV_7,BS_4,LEO_1,983.370326,983.172865,0.04912,0.007523,0.20409
325,T325_UAV_19,BS_0,LEO_0,1032.364579,1032.179303,0.041807,0.013535,0.149672
325,T325_UAV_5,HAP_1,LEO_1,1053.168262,1052.93957,0.047365,0.04051,0.20409
325,T325_UAV_0,BS_1,HAP_0,1186.052685,1185.984238,0.006021,0.021336,0.205451
326,T326_UAV_1,BS_3,LEO_0,204.937743,204.883189,0.000335,0.01278,0.207195
326,T326_UAV_8,BS_3,LEO_1,437.968412,437.781436,0.042873,0.007543,0.182802
326,T326_UAV_0,BS_1,HAP_0,269.659668,269.580793,0.001541,0.019599,0.288676
326,T326_UAV_3,BS_0,LEO_1,481.456297,481.254245,0.044183,0.021308,0.182802
326,T326_UAV_14,BS_4,HAP_1,390.393442,390.163831,0.026502,0.048053,0.27528
326,T326_UAV_19,BS_0,HAP_2,458.331446,458.236232,0.004344,0.025051,0.329093
326,T326_UAV_6,BS_3,LEO_0,403.86865,403.817416,0.00075,0.009045,0.207195
326,T326_UAV_13,BS_4,LEO_1,568.261487,568.061056,0.043671,0.0202,0.182802
326,T326_UAV_17,HAP_1,LEO_0,507.083429,507.030617,0.000777,0.010595,0.207195
326,T326_UAV_7,BS_4,HAP_0,584.551357,584.471692,0.002653,0.019277,0.288676
326,T326_UAV_5,HAP_1,LEO_1,815.689846,815.50117,0.044893,0.007223,0.182802
326,T326_UAV_18,BS_4,HAP_1,696.288492,696.06377,0.028644,0.041022,0.27528
326,T326_UAV_10,BS_3,HAP_2,723.613181,723.521525,0.00633,0.019507,0.329093
326,T326_UAV_12,BS_1,BS_2,786.008666,785.76023,0.059075,0.034042,0.276593
326,T326_UAV_2,HAP_1,LEO_1,1029.823299,1029.602336,0.046115,0.038287,0.182802
327,T327_UAV_6,BS_3,LEO_1,292.912761,292.861918,0.002209,0.010956,0.188391
327,T327_UAV_10,BS_3,LEO_0,327.898003,327.828317,0.000471,0.015751,0.267319
327,T327_UAV_12,BS_1,HAP_2,466.205549,466.031847,0.028109,0.007051,0.19271
327,T327_UAV_19,BS_0,LEO_0,454.329619,454.270812,0.000795,0.004548,0.267319
327,T327_UAV_4,BS_4,HAP_0,518.728956,518.631187,0.001729,0.019311,0.383643
327,T327_UAV_1,BS_3,LEO_1,538.762738,538.710853,0.003959,0.010248,0.188391
327,T327_UAV_16,BS_4,HAP_1,378.551772,378.31145,0.026971,0.025605,0.438732
327,T327_UAV_15,BS_4,LEO_0,561.441981,561.384083,0.000795,0.003639,0.267319
327,T327_UAV_5,HAP_1,LEO_1,670.170769,670.112127,0.004692,0.016272,0.188391
327,T327_UAV_3,BS_0,HAP_2,796.692195,796.503164,0.03145,0.019038,0.19271
327,T327_UAV_18,BS_4,BS_1,619.462328,619.231621,0.048673,0.037434,0.223
327,T327_UAV_8,BS_3,BS_2,653.352187,653.094378,0.050788,0.048608,0.292067
327,T327_UAV_17,HAP_1,HAP_0,736.49673,736.388454,0.004118,0.027429,0.383643
327,T327_UAV_13,BS_4,LEO_1,970.770307,970.717315,0.007347,0.007966,0.188391
327,T327_UAV_7,BS_4,LEO_0,1007.645391,1007.580218,0.00172,0.009989,0.267319
327,T327_UAV_0,BS_1,HAP_2,1166.645444,1166.467428,0.032764,0.00671,0.19271
328,T328_UAV_8,BS_3,LEO_0,261.683062,261.473094,0.040409,0.02043,0.245647
328,T328_UAV_9,HAP_1,LEO_1,312.337236,312.253847,0.00278,0.02652,0.270448
328,T328_UAV_11,BS_0,HAP_0,337.731442,337.513918,0.027259,0.03097,0.296477
328,T328_UAV_7,BS_4,HAP_1,426.289468,426.057059,0.027686,0.032153,0.36285
328,T328_UAV_0,BS_1,LEO_0,351.987192,351.791208,0.040649,0.006205,0.245647
328,T328_UAV_18,BS_4,LEO_1,399.120084,399.050094,0.004156,0.011744,0.270448
328,T328_UAV_16,BS_4,BS_2,2217.910063,2217.598292,0.148521,0.038942,0.121541
328,T328_UAV_19,BS_0,HAP_2,313.95664,313.721869,0.029236,0.036499,0.345174
328,T328_UAV_2,HAP_1,HAP_0,624.04369,623.838716,0.028306,0.017373,0.296477
328,T328_UAV_13,BS_4,HAP_1,660.522388,660.265822,0.027769,0.056227,0.36285
328,T328_UAV_1,BS_3,LEO_0,748.715488,748.521008,0.041224,0.004127,0.245647
328,T328_UAV_5,HAP_1,BS_2,4147.016493,4146.616473,0.269024,0.006687,0.121541
328,T328_UAV_10,BS_3,BS_2,4198.755333,4198.352149,0.272256,0.00662,0.121541
328,T328_UAV_14,BS_4,BS_2,4570.610828,4570.174312,0.295483,0.016725,0.121541
328,T328_UAV_4,BS_4,BS_2,5538.704646,5538.21665,0.355956,0.007732,0.121541
328,T328_UAV_3,BS_0,BS_2,5581.8182,5581.320043,0.358648,0.015201,0.121541
328,T328_UAV_12,BS_1,BS_2,5722.887013,5722.350566,0.367458,0.04468,0.121541
328,T328_UAV_15,BS_4,BS_2,5748.775046,5748.260944,0.369077,0.020717,0.121541
328,T328_UAV_17,HAP_1,LEO_1,307.408355,307.345583,0.002763,0.00592,0.270448
329,T329_UAV_13,BS_4,LEO_0,452.457294,452.251738,0.040573,0.027709,0.186373
329,T329_UAV_4,BS_4,LEO_1,406.70234,406.474107,0.04289,0.031195,0.270738
329,T329_UAV_12,BS_1,HAP_0,538.998643,538.821816,0.027504,0.009858,0.197327
329,T329_UAV_7,BS_4,HAP_1,322.777435,322.530871,0.027035,0.043676,0.379264
329,T329_UAV_3,BS_0,LEO_0,674.308668,674.112802,0.041204,0.017387,0.186373
329,T329_UAV_19,BS_0,LEO_1,570.573325,570.35388,0.044435,0.020862,0.270738
329,T329_UAV_1,BS_3,HAP_2,537.18061,536.939518,0.030143,0.041556,0.346967
329,T329_UAV_2,HAP_1,HAP_0,740.074473,739.887963,0.028251,0.018794,0.197327
329,T329_UAV_8,BS_3,LEO_0,745.743797,745.547616,0.04097,0.017937,0.186373
329,T329_UAV_15,BS_4,LEO_1,748.491699,748.26923,0.045026,0.023295,0.270738
329,T329_UAV_18,BS_4,HAP_1,601.477035,601.23123,0.028126,0.041826,0.379264
329,T329_UAV_6,BS_3,HAP_2,632.253715,632.03138,0.031885,0.021057,0.346967
329,T329_UAV_0,BS_1,LEO_0,968.345211,968.144799,0.041444,0.021693,0.186373
329,T329_UAV_11,BS_0,LEO_1,1179.809897,1179.585053,0.049098,0.021598,0.270738
329,T329_UAV_16,BS_4,HAP_0,1457.37698,1457.178482,0.030406,0.028626,0.197327
329,T329_UAV_17,HAP_1,LEO_0,1474.695432,1474.509401,0.041883,0.006873,0.186373
329,T329_UAV_9,HAP_1,LEO_1,1304.174514,1303.953102,0.048035,0.01923,0.270738
329,T329_UAV_14,BS_4,HAP_0,1509.326935,1509.13192,0.030961,0.024589,0.197327
329,T329_UAV_5,HAP_1,LEO_0,682.913533,682.722034,0.0409,0.013324,0.186373
330,T330_UAV_19,BS_0,LEO_0,275.101772,275.048392,0.000481,0.005049,0.239251
330,T330_UAV_3,BS_0,LEO_1,218.618055,218.548141,0.002838,0.021601,0.227375
330,T330_UAV_13,BS_4,HAP_0,314.042737,313.827685,0.026683,0.027162,0.306032
330,T330_UAV_8,BS_3,HAP_1,321.565644,321.357081,0.026505,0.021671,0.301935
330,T330_UAV_10,BS_3,HAP_2,343.677115,343.618102,0.003008,0.009289,0.233575
330,T330_UAV_18,BS_4,LEO_0,494.664982,494.604966,0.000797,0.011369,0.239251
330,T330_UAV_16,BS_4,LEO_1,405.062653,404.991669,0.003889,0.021619,0.227375
330,T330_UAV_2,HAP_1,LEO_0,590.606627,590.545461,0.000881,0.012435,0.239251
330,T330_UAV_0,BS_1,LEO_1,462.63269,462.55868,0.005427,0.023107,0.227375
330,T330_UAV_4,BS_4,HAP_2,533.477183,533.421947,0.003116,0.005405,0.233575
330,T330_UAV_7,BS_4,HAP_0,568.800189,568.593642,0.02759,0.017749,0.306032
330,T330_UAV_5,HAP_1,BS_1,592.614515,592.311215,0.046991,0.04714,0.545846
330,T330_UAV_14,BS_4,BS_0,615.543267,615.299324,0.048427,0.036913,0.293012
330,T330_UAV_6,BS_3,HAP_1,644.766679,644.543049,0.02864,0.034603,0.301935
330,T330_UAV_17,HAP_1,BS_2,736.009217,735.714676,0.055949,0.040067,0.492624
330,T330_UAV_9,HAP_1,BS_3,784.349338,784.104726,0.058972,0.012938,0.363507
330,T330_UAV_11,BS_0,LEO_0,949.488844,949.432693,0.001612,0.006689,0.239251
331,T331_UAV_8,BS_3,LEO_0,381.179405,380.981106,0.040548,0.018311,0.197197
331,T331_UAV_0,BS_1,LEO_1,451.624476,451.553594,0.004219,0.012804,0.269297
331,T331_UAV_14,BS_4,HAP_2,515.061366,514.865782,0.028246,0.02997,0.186841
331,T331_UAV_2,HAP_1,HAP_0,386.918813,386.726722,0.02705,0.012105,0.264681
331,T331_UAV_11,BS_0,HAP_1,396.640823,396.385578,0.027606,0.050188,0.387255
331,T331_UAV_12,BS_1,LEO_0,520.143276,519.948749,0.040869,0.014218,0.197197
331,T331_UAV_1,BS_3,LEO_1,522.60696,522.536679,0.003838,0.012584,0.269297
331,T331_UAV_13,BS_4,HAP_0,466.395893,466.203434,0.027503,0.01202,0.264681
331,T331_UAV_10,BS_3,HAP_1,480.843365,480.597676,0.027216,0.041021,0.387255
331,T331_UAV_19,BS_0,LEO_0,706.285973,706.092032,0.041232,0.013269,0.197197
331,T331_UAV_7,BS_4,LEO_1,706.426014,706.349423,0.006578,0.016155,0.269297
331,T331_UAV_18,BS_4,HAP_2,908.145809,907.967139,0.029781,0.011521,0.186841
331,T331_UAV_15,BS_4,BS_1,654.435069,654.143585,0.050854,0.042527,0.490519
331,T331_UAV_3,BS_0,BS_2,736.085198,735.852853,0.055958,0.037632,0.193777
331,T331_UAV_6,BS_3,LEO_0,1052.20239,1052.002108,0.04179,0.019053,0.197197
331,T331_UAV_16,BS_4,HAP_2,1189.491888,1189.310461,0.032167,0.011893,0.186841
331,T331_UAV_17,HAP_1,LEO_1,411.543345,411.46777,0.002983,0.018733,0.269297
332,T332_UAV_1,BS_3,LEO_0,364.735476,364.684767,0.000518,0.012633,0.187789
332,T332_UAV_7,BS_4,LEO_1,342.15219,341.935446,0.04318,0.024805,0.243799
332,T332_UAV_12,BS_1,LEO_0,383.652433,383.595396,0.0006,0.01888,0.187789
332,T332_UAV_19,BS_0,HAP_0,321.236918,321.160724,0.002269,0.023283,0.253212
332,T332_UAV_18,BS_4,HAP_1,379.235311,379.028459,0.026956,0.025572,0.271617
332,T332_UAV_16,BS_4,HAP_2,395.037187,394.971604,0.002739,0.017743,0.225502
332,T332_UAV_15,BS_4,LEO_0,498.983457,498.93869,0.000667,0.006543,0.187789
332,T332_UAV_10,BS_3,LEO_1,673.758652,673.547389,0.045166,0.017337,0.243799
332,T332_UAV_4,BS_4,BS_2,368.223878,368.044235,0.032981,0.024051,0.113055
332,T332_UAV_0,BS_1,HAP_0,573.87933,573.79376,0.003229,0.031699,0.253212
332,T332_UAV_5,HAP_1,HAP_2,612.521165,612.445574,0.005625,0.024865,0.225502
332,T332_UAV_17,HAP_1,LEO_1,871.47751,871.263935,0.046304,0.018511,0.243799
332,T332_UAV_14,BS_4,HAP_1,658.866736,658.668333,0.027567,0.016513,0.271617
332,T332_UAV_6,BS_3,BS_1,691.99095,691.733478,0.053202,0.050946,0.26662
332,T332_UAV_11,BS_0,LEO_0,989.892774,989.835535,0.001571,0.01811,0.187789
332,T332_UAV_3,BS_0,LEO_1,1041.345969,1041.135335,0.050701,0.011174,0.243799
332,T332_UAV_8,BS_3,LEO_0,1194.802381,1194.752498,0.001623,0.010703,0.187789
333,T333_UAV_15,BS_4,LEO_0,324.1841,324.124992,0.000497,0.004817,0.268971
333,T333_UAV_13,BS_4,LEO_1,329.998744,329.944044,0.003085,0.011831,0.198922
333,T333_UAV_19,BS_0,HAP_0,342.963289,342.766186,0.02742,0.030625,0.195291
333,T333_UAV_3,BS_0,HAP_2,351.848926,351.769316,0.003409,0.022586,0.268075
333,T333_UAV_16,BS_4,HAP_1,362.291308,362.046311,0.026544,0.034822,0.418156
333,T333_UAV_1,BS_3,LEO_0,512.012253,511.946624,0.00084,0.010994,0.268971
333,T333_UAV_2,HAP_1,LEO_1,520.011151,519.954952,0.004432,0.011984,0.198922
333,T333_UAV_8,BS_3,LEO_0,559.98812,559.924889,0.000873,0.008564,0.268971
333,T333_UAV_11,BS_0,HAP_0,561.055137,560.856992,0.028778,0.030309,0.195291
333,T333_UAV_0,BS_1,LEO_1,569.326333,569.275146,0.006655,0.004748,0.198922
333,T333_UAV_14,BS_4,HAP_2,618.058139,617.990014,0.004497,0.010012,0.268075
333,T333_UAV_4,BS_4,HAP_1,627.042941,626.813088,0.02828,0.017942,0.418156
333,T333_UAV_12,BS_1,BS_2,650.919629,650.715736,0.050639,0.032048,0.106031
333,T333_UAV_7,BS_4,BS_1,685.801743,685.550681,0.052816,0.051633,0.233073
334,T334_UAV_10,BS_3,LEO_1,337.843616,337.644375,0.042592,0.017649,0.194998
334,T334_UAV_19,BS_0,LEO_0,181.836416,181.740392,0.000405,0.017954,0.388331
334,T334_UAV_8,BS_3,LEO_1,361.292034,361.09328,0.042749,0.017005,0.194998
334,T334_UAV_18,BS_4,HAP_0,646.647307,646.580913,0.002108,0.014559,0.248632
334,T334_UAV_5,HAP_1,HAP_2,273.487289,273.408906,0.003546,0.008101,0.333681
334,T334_UAV_16,BS_4,HAP_1,310.869204,310.619093,0.026584,0.020742,0.513925
334,T334_UAV_13,BS_4,LEO_1,512.183099,511.980138,0.043857,0.020104,0.194998
334,T334_UAV_2,HAP_1,LEO_0,458.844377,458.761287,0.000848,0.004575,0.388331
334,T334_UAV_0,BS_1,HAP_0,706.285362,706.21781,0.003511,0.014316,0.248632
334,T334_UAV_4,BS_4,BS_2,550.272221,550.089075,0.044353,0.006783,0.160048
334,T334_UAV_11,BS_0,BS_3,619.380974,619.123069,0.048666,0.04969,0.297746
334,T334_UAV_12,BS_1,BS_0,709.32694,709.093019,0.054286,0.030443,0.245963
334,T334_UAV_9,HAP_1,LEO_1,811.117156,810.92076,0.045801,0.011596,0.194998
334,T334_UAV_6,BS_3,HAP_0,1110.597346,1110.519899,0.007478,0.020242,0.248632
335,T335_UAV_3,BS_0,LEO_0,239.027217,238.820289,0.040542,0.006466,0.299602
335,T335_UAV_13,BS_4,LEO_1,203.970705,203.767996,0.042619,0.013034,0.235279
335,T335_UAV_6,BS_3,HAP_2,969.367333,969.192946,0.031282,0.011014,0.160452
335,T335_UAV_15,BS_4,HAP_0,452.588946,452.380432,0.02759,0.029834,0.255451
335,T335_UAV_8,BS_3,HAP_1,233.853022,233.570797,0.02631,0.072711,0.416025
335,T335_UAV_10,BS_3,LEO_0,580.921913,580.713447,0.040904,0.007642,0.299602
335,T335_UAV_12,BS_1,LEO_1,400.770697,400.570025,0.046527,0.007089,0.235279
335,T335_UAV_16,BS_4,HAP_2,1480.891933,1480.724362,0.03194,0.003541,0.160452
335,T335_UAV_4,BS_4,HAP_0,626.812791,626.613031,0.027129,0.021541,0.255451
335,T335_UAV_0,BS_1,LEO_0,766.568446,766.353616,0.041393,0.013516,0.299602
335,T335_UAV_5,HAP_1,HAP_2,1866.138727,1865.960717,0.035679,0.01024,0.160452
335,T335_UAV_11,BS_0,HAP_2,1912.339492,1912.149193,0.035958,0.02225,0.160452
335,T335_UAV_19,BS_0,HAP_2,1970.980515,1970.803189,0.036596,0.00864,0.160452
335,T335_UAV_2,HAP_1,HAP_2,2011.241514,2011.058707,0.035495,0.015222,0.160452
335,T335_UAV_14,BS_4,HAP_2,2710.622997,2710.428339,0.038136,0.024432,0.160452
336,T336_UAV_7,BS_4,LEO_0,226.232483,226.175197,0.000427,0.012029,0.224152
336,T336_UAV_4,BS_4,LEO_1,266.788343,266.589486,0.042769,0.006818,0.246351
336,T336_UAV_16,BS_4,HAP_0,269.315075,269.117462,0.026157,0.029222,0.211171
336,T336_UAV_14,BS_4,HAP_1,515.461354,515.223018,0.027024,0.031761,0.397762
336,T336_UAV_15,BS_4,HAP_2,547.854054,547.619302,0.029603,0.008498,0.483254
336,T336_UAV_17,HAP_1,LEO_0,588.716291,588.665253,0.000902,0.005305,0.224152
336,T336_UAV_10,BS_3,LEO_1,597.81494,597.607499,0.045708,0.012462,0.246351
336,T336_UAV_2,HAP_1,LEO_0,634.254163,634.192037,0.001033,0.016263,0.224152
336,T336_UAV_19,BS_0,HAP_0,698.225577,698.019259,0.029938,0.034145,0.211171
336,T336_UAV_12,BS_1,HAP_1,709.404472,709.179343,0.029538,0.016039,0.397762
336,T336_UAV_6,BS_3,LEO_1,739.252927,739.043398,0.046945,0.013313,0.246351
336,T336_UAV_18,BS_4,HAP_2,745.294217,745.034311,0.029495,0.033759,0.483254
336,T336_UAV_3,BS_0,BS_1,783.165176,782.908482,0.058897,0.02993,0.339331
336,T336_UAV_9,HAP_1,BS_2,779.350758,779.09827,0.058659,0.034041,0.298942
336,T336_UAV_5,HAP_1,BS_0,200.949349,200.756696,0.022531,0.010736,0.296926
337,T337_UAV_3,BS_0,LEO_0,330.308929,330.115629,0.040671,0.015283,0.186729
337,T337_UAV_1,BS_3,LEO_1,252.015402,251.960519,0.002286,0.012209,0.201934
337,T337_UAV_17,HAP_1,HAP_0,302.702273,302.636086,0.0017,0.023017,0.207349
337,T337_UAV_0,BS_1,HAP_1,329.454791,329.184401,0.027105,0.054333,0.444761
337,T337_UAV_15,BS_4,LEO_0,358.576552,358.392821,0.040506,0.005879,0.186729
337,T337_UAV_14,BS_4,HAP_2,355.367649,355.129775,0.027562,0.045486,0.324132
337,T337_UAV_11,BS_0,LEO_1,445.125117,445.060383,0.005053,0.019294,0.201934
337,T337_UAV_16,BS_4,LEO_0,606.070324,605.887356,0.040895,0.004728,0.186729
337,T337_UAV_8,BS_3,HAP_0,462.960496,462.908354,0.002814,0.007858,0.207349
337,T337_UAV_5,HAP_1,BS_2,484.047147,483.839136,0.040215,0.031025,0.183861
337,T337_UAV_6,BS_3,HAP_1,609.795347,609.561551,0.028496,0.016348,0.444761
337,T337_UAV_13,BS_4,LEO_1,645.591575,645.540366,0.006023,0.004799,0.201934
337,T337_UAV_2,HAP_1,HAP_2,654.755641,654.514211,0.030263,0.04634,0.324132
337,T337_UAV_7,BS_4,LEO_0,741.437514,741.253405,0.041274,0.00549,0.186729
337,T337_UAV_9,HAP_1,BS_0,296.895574,296.651147,0.028521,0.061589,0.271578
338,T338_UAV_15,BS_4,LEO_0,616.157431,615.973625,0.040758,0.005755,0.186462
338,T338_UAV_7,BS_4,LEO_1,283.07792,283.005047,0.003318,0.009973,0.297912
338,T338_UAV_8,BS_3,HAP_0,331.22027,331.141782,0.00201,0.011353,0.325623
338,T338_UAV_3,BS_0,HAP_1,397.2748,397.040131,0.02821,0.055986,0.252364
338,T338_UAV_6,BS_3,HAP_2,408.186428,407.968003,0.029487,0.032551,0.281931
338,T338_UAV_18,BS_4,LEO_0,922.333159,922.140946,0.041262,0.013659,0.186462
338,T338_UAV_19,BS_0,LEO_1,481.856417,481.78372,0.005509,0.007605,0.297912
338,T338_UAV_5,HAP_1,LEO_0,968.345577,968.162357,0.041226,0.004701,0.186462
338,T338_UAV_16,BS_4,HAP_1,599.189211,598.959046,0.027524,0.052168,0.252364
338,T338_UAV_12,BS_1,LEO_1,651.820801,651.738261,0.007575,0.015383,0.297912
338,T338_UAV_9,HAP_1,LEO_0,1166.041147,1165.853751,0.041447,0.008656,0.186462
338,T338_UAV_0,BS_1,HAP_0,775.50448,775.412941,0.004296,0.022119,0.325623
338,T338_UAV_4,BS_4,LEO_0,1346.268766,1346.068175,0.041874,0.021424,0.186462
338,T338_UAV_14,BS_4,LEO_0,1484.541057,1484.351317,0.041894,0.010553,0.186462
338,T338_UAV_13,BS_4,LEO_0,1612.182079,1611.990346,0.041971,0.012469,0.186462
338,T338_UAV_2,HAP_1,HAP_2,321.816897,321.623939,0.027585,0.008987,0.281931
339,T339_UAV_15,BS_4,LEO_0,143.845514,143.608734,0.040247,0.02332,0.366063
339,T339_UAV_11,BS_0,LEO_1,222.599455,222.524979,0.00353,0.004539,0.332035
339,T339_UAV_19,BS_0,HAP_2,1383.955839,1383.756511,0.031938,0.028186,0.196024
339,T339_UAV_16,BS_4,HAP_0,198.678565,198.59345,0.001024,0.012238,0.359265
339,T339_UAV_1,BS_3,HAP_1,210.734985,210.519319,0.02618,0.01777,0.358582
339,T339_UAV_0,BS_1,HAP_2,1620.434471,1620.222699,0.032058,0.040509,0.196024
339,T339_UAV_9,HAP_1,LEO_0,344.831768,344.587369,0.040603,0.030584,0.366063
339,T339_UAV_7,BS_4,LEO_1,496.400399,496.310651,0.008162,0.015179,0.332035
339,T339_UAV_5,HAP_1,HAP_2,2548.813124,2548.627297,0.037439,0.009183,0.196024
339,T339_UAV_17,HAP_1,HAP_2,2665.442122,2665.245681,0.037354,0.019882,0.196024
339,T339_UAV_13,BS_4,HAP_2,3121.787161,3121.597294,0.039141,0.01152,0.196024
339,T339_UAV_8,BS_3,HAP_2,3267.828591,3267.620261,0.040635,0.028491,0.196024
339,T339_UAV_10,BS_3,HAP_2,3348.70426,3348.492244,0.040911,0.0319,0.196024
339,T339_UAV_14,BS_4,HAP_2,3461.501145,3461.300813,0.039549,0.021579,0.196024
339,T339_UAV_4,BS_4,HAP_2,3928.443321,3928.24574,0.03956,0.018816,0.196024
339,T339_UAV_18,BS_4,HAP_2,3941.913159,3941.71294,0.039867,0.021147,0.196024
339,T339_UAV_12,BS_1,HAP_2,4196.542509,4196.31999,0.043281,0.040034,0.196024
339,T339_UAV_2,HAP_1,HAP_2,4356.938286,4356.74752,0.044644,0.006916,0.196024
340,T340_UAV_13,BS_4,LEO_1,469.197205,469.012302,0.042664,0.005818,0.182108
340,T340_UAV_10,BS_3,LEO_0,236.318571,236.088455,0.040416,0.025963,0.318686
340,T340_UAV_16,BS_4,HAP_0,430.015545,429.8327,0.026676,0.005571,0.252998
340,T340_UAV_4,BS_4,LEO_1,567.878735,567.683284,0.043542,0.015487,0.182108
340,T340_UAV_14,BS_4,HAP_1,442.776573,442.540063,0.026752,0.053549,0.281042
340,T340_UAV_5,HAP_1,HAP_0,483.339951,483.156354,0.027648,0.00535,0.252998
340,T340_UAV_7,BS_4,LEO_1,654.512669,654.328337,0.044538,0.003373,0.182108
340,T340_UAV_1,BS_3,HAP_2,357.049215,356.803856,0.029895,0.013767,0.508487
340,T340_UAV_0,BS_1,LEO_0,506.170713,505.949374,0.041046,0.016555,0.318686
340,T340_UAV_3,BS_0,HAP_1,510.769108,510.538357,0.02912,0.045423,0.281042
340,T340_UAV_19,BS_0,LEO_1,848.282317,848.081501,0.045743,0.018652,0.182108
340,T340_UAV_15,BS_4,BS_1,557.006672,556.803378,0.044773,0.014565,0.219776
340,T340_UAV_2,HAP_1,BS_2,733.033541,732.806609,0.055768,0.028447,0.213585
340,T340_UAV_12,BS_1,BS_3,742.458494,742.232068,0.056356,0.011391,0.29339
340,T340_UAV_11,BS_0,LEO_1,1115.494767,1115.292218,0.047504,0.018623,0.182108
340,T340_UAV_8,BS_3,HAP_0,1167.00217,1166.814165,0.031223,0.006183,0.252998
340,T340_UAV_9,HAP_1,LEO_1,480.053598,479.870161,0.042592,0.004424,0.182108
341,T341_UAV_2,HAP_1,LEO_0,232.67325,232.463062,0.040379,0.020586,0.246118
341,T341_UAV_12,BS_1,LEO_1,297.850511,297.642873,0.043444,0.012419,0.258872
341,T341_UAV_5,HAP_1,HAP_0,639.030453,638.855195,0.028218,0.009446,0.187964
341,T341_UAV_1,BS_3,HAP_1,493.399332,493.181663,0.027273,0.049589,0.204035
341,T341_UAV_17,HAP_1,LEO_0,382.274282,382.076551,0.040585,0.007923,0.246118
341,T341_UAV_3,BS_0,HAP_2,656.58951,656.359373,0.031369,0.023007,0.378804
341,T341_UAV_16,BS_4,HAP_0,733.685025,733.504411,0.027686,0.015336,0.187964
341,T341_UAV_19,BS_0,LEO_1,578.588788,578.37441,0.046589,0.016014,0.258872
341,T341_UAV_0,BS_1,HAP_1,594.680627,594.500833,0.028767,0.01022,0.204035
341,T341_UAV_14,BS_4,LEO_0,663.417992,663.211842,0.041062,0.015865,0.246118
341,T341_UAV_11,BS_0,LEO_1,729.449845,729.241495,0.048249,0.008327,0.258872
341,T341_UAV_8,BS_3,HAP_2,788.253146,788.021933,0.03197,0.023482,0.378804
341,T341_UAV_7,BS_4,BS_1,790.50777,790.229158,0.059355,0.071092,0.240826
341,T341_UAV_18,BS_4,HAP_0,1356.226936,1356.04882,0.029279,0.011244,0.187964
341,T341_UAV_4,BS_4,HAP_0,1528.058115,1527.882782,0.029633,0.008107,0.187964
341,T341_UAV_9,HAP_1,BS_0,223.613167,223.364655,0.023943,0.072669,0.259497
342,T342_UAV_11,BS_0,LEO_0,272.794171,272.736912,0.000509,0.009871,0.234395
342,T342_UAV_8,BS_3,LEO_1,330.211095,330.141426,0.003093,0.01561,0.254828
342,T342_UAV_15,BS_4,HAP_1,920.042055,919.845146,0.028337,0.03051,0.190307
342,T342_UAV_9,HAP_1,HAP_0,413.561868,413.38454,0.027327,0.004576,0.227126
342,T342_UAV_19,BS_0,HAP_2,226.016723,225.829165,0.028088,0.011713,0.238788
342,T342_UAV_3,BS_0,LEO_0,478.811853,478.756974,0.00108,0.00692,0.234395
342,T342_UAV_6,BS_3,LEO_1,494.063335,493.996826,0.004666,0.010877,0.254828
342,T342_UAV_14,BS_4,HAP_1,1743.716694,1743.514056,0.030548,0.034029,0.190307
342,T342_UAV_16,BS_4,LEO_0,617.576352,617.515574,0.000995,0.012904,0.234395
342,T342_UAV_17,HAP_1,HAP_0,625.790909,625.603583,0.028521,0.01338,0.227126
342,T342_UAV_12,BS_1,LEO_1,774.024017,773.948382,0.00897,0.0157,0.254828
342,T342_UAV_13,BS_4,HAP_1,2235.064005,2234.852789,0.032328,0.040826,0.190307
342,T342_UAV_7,BS_4,HAP_1,2273.038631,2272.85044,0.035467,0.014663,0.190307
342,T342_UAV_4,BS_4,HAP_1,2360.699924,2360.490173,0.034254,0.037435,0.190307
342,T342_UAV_5,HAP_1,HAP_1,1071.376757,1071.175289,0.028349,0.035058,0.190307
343,T343_UAV_6,BS_3,LEO_0,393.103568,392.904588,0.040633,0.02209,0.181287
343,T343_UAV_18,BS_4,LEO_1,111.804053,111.721392,0.002925,0.016281,0.317274
343,T343_UAV_10,BS_3,HAP_0,636.959795,636.907695,0.003112,0.011152,0.189184
343,T343_UAV_1,BS_3,HAP_1,602.560822,602.323298,0.02751,0.063875,0.230695
343,T343_UAV_14,BS_4,LEO_0,533.001952,532.805691,0.04074,0.019263,0.181287
343,T343_UAV_9,HAP_1,HAP_2,475.472257,475.271041,0.029004,0.025598,0.233071
343,T343_UAV_11,BS_0,HAP_0,654.233379,654.186143,0.003551,0.005848,0.189184
343,T343_UAV_19,BS_0,LEO_0,614.70415,614.508181,0.040997,0.018715,0.181287
343,T343_UAV_3,BS_0,BS_2,460.101914,459.908075,0.03872,0.018638,0.182404
343,T343_UAV_13,BS_4,HAP_1,840.00718,839.807967,0.028162,0.024912,0.230695
343,T343_UAV_4,BS_4,HAP_2,616.429399,616.220351,0.028665,0.03377,0.233071
343,T343_UAV_2,HAP_1,LEO_0,1077.997773,1077.787954,0.041525,0.032037,0.181287
343,T343_UAV_8,BS_3,HAP_0,1442.138523,1442.088413,0.007066,0.005207,0.189184
343,T343_UAV_0,BS_1,LEO_0,1293.516901,1293.332875,0.041979,0.00579,0.181287
343,T343_UAV_15,BS_4,HAP_0,1564.8867,1564.829495,0.007255,0.012114,0.189184
343,T343_UAV_17,HAP_1,HAP_1,515.428504,515.22324,0.026753,0.032372,0.230695
344,T344_UAV_7,BS_4,HAP_2,667.866636,667.676226,0.0281,0.035966,0.131722
344,T344_UAV_5,HAP_1,LEO_0,298.469406,298.240865,0.040534,0.016657,0.35675
344,T344_UAV_17,HAP_1,LEO_1,304.066137,303.839976,0.043683,0.020552,0.309635
344,T344_UAV_3,BS_0,HAP_0,401.788051,401.596724,0.02805,0.00639,0.284435
344,T344_UAV_19,BS_0,HAP_2,866.707957,866.542008,0.030389,0.009216,0.131722
344,T344_UAV_6,BS_3,HAP_1,337.810835,337.576462,0.027507,0.038812,0.340269
344,T344_UAV_9,HAP_1,LEO_0,344.847193,344.615352,0.040606,0.019885,0.35675
344,T344_UAV_8,BS_3,HAP_0,466.583336,466.376706,0.027808,0.021936,0.284435
344,T344_UAV_0,BS_1,LEO_1,505.066663,504.841857,0.048146,0.014733,0.309635
344,T344_UAV_2,HAP_1,HAP_2,1953.509071,1953.332117,0.035677,0.014933,0.131722
344,T344_UAV_16,BS_4,HAP_2,2261.11009,2260.932794,0.035999,0.014953,0.131722
344,T344_UAV_14,BS_4,HAP_2,2303.78376,2303.612147,0.036503,0.008765,0.131722
344,T344_UAV_4,BS_4,HAP_2,2349.001843,2348.826499,0.035252,0.013747,0.131722
345,T345_UAV_6,BS_3,LEO_0,288.971383,288.767278,0.040499,0.012713,0.254467
345,T345_UAV_11,BS_0,LEO_1,297.232911,297.162254,0.00268,0.022889,0.22544
345,T345_UAV_7,BS_4,HAP_0,500.073741,499.87472,0.027093,0.016197,0.278654
345,T345_UAV_18,BS_4,HAP_1,355.768534,355.547011,0.026781,0.047879,0.234316
345,T345_UAV_14,BS_4,LEO_0,504.171078,503.953264,0.040744,0.026177,0.254467
345,T345_UAV_3,BS_0,HAP_2,532.319794,532.040549,0.030167,0.042907,0.530852
345,T345_UAV_8,BS_3,LEO_1,615.620216,615.55153,0.004637,0.018961,0.22544
345,T345_UAV_13,BS_4,HAP_1,538.469069,538.282504,0.027214,0.012487,0.234316
345,T345_UAV_0,BS_1,HAP_0,827.845991,827.652061,0.029007,0.009192,0.278654
345,T345_UAV_12,BS_1,LEO_0,761.901999,761.689202,0.041254,0.020649,0.254467
345,T345_UAV_1,BS_3,LEO_1,767.250902,767.188009,0.005619,0.012187,0.22544
345,T345_UAV_2,HAP_1,BS_2,595.802161,595.594292,0.047196,0.01586,0.224065
345,T345_UAV_15,BS_4,HAP_2,684.279861,684.012374,0.030685,0.030632,0.530852
345,T345_UAV_10,BS_3,BS_1,755.453776,755.188875,0.057166,0.041029,0.333534
345,T345_UAV_16,BS_4,BS_0,783.558862,783.313434,0.058923,0.02589,0.303075
345,T345_UAV_9,HAP_1,LEO_0,810.630706,810.403836,0.041164,0.034812,0.254467
345,T345_UAV_19,BS_0,LEO_1,898.66139,898.603775,0.008155,0.004372,0.22544
345,T345_UAV_17,HAP_1,HAP_0,1146.526318,1146.329216,0.030735,0.010635,0.278654
345,T345_UAV_5,HAP_1,BS_3,327.540704,327.272631,0.030434,0.067875,0.348816
346,T346_UAV_12,BS_1,LEO_0,215.22956,215.152641,0.000388,0.032828,0.218516
346,T346_UAV_18,BS_4,HAP_0,570.300332,570.247546,0.001754,0.012449,0.192917
346,T346_UAV_7,BS_4,HAP_1,264.189736,263.979038,0.026692,0.041847,0.21079
346,T346_UAV_16,BS_4,LEO_1,394.629084,394.413107,0.043706,0.007422,0.324246
346,T346_UAV_10,BS_3,HAP_2,405.706263,405.469257,0.028554,0.048741,0.298556
346,T346_UAV_4,BS_4,HAP_0,753.363497,753.304044,0.002221,0.018648,0.192917
346,T346_UAV_11,BS_0,LEO_0,492.264784,492.199208,0.00092,0.020954,0.218516
346,T346_UAV_17,HAP_1,LEO_1,493.569582,493.349088,0.044344,0.011301,0.324246
346,T346_UAV_9,HAP_1,HAP_0,1010.682542,1010.616615,0.00441,0.022934,0.192917
346,T346_UAV_1,BS_3,LEO_0,629.917976,629.842546,0.001034,0.030693,0.218516
346,T346_UAV_14,BS_4,HAP_1,682.502006,682.315046,0.027736,0.017066,0.21079
346,T346_UAV_0,BS_1,LEO_1,726.709394,726.476376,0.048353,0.019815,0.324246
346,T346_UAV_3,BS_0,HAP_2,759.615691,759.374115,0.032379,0.049485,0.298556
346,T346_UAV_19,BS_0,HAP_0,1111.187858,1111.132507,0.005838,0.010929,0.192917
346,T346_UAV_2,HAP_1,HAP_0,1862.073315,1862.021333,0.007774,0.005624,0.192917
346,T346_UAV_5,HAP_1,BS_1,375.631759,375.331414,0.033436,0.06453,0.511896
347,T347_UAV_4,BS_4,LEO_0,208.730197,208.541365,0.040367,0.005649,0.214079
347,T347_UAV_13,BS_4,LEO_1,221.351329,221.138961,0.042046,0.029524,0.203992
347,T347_UAV_6,BS_3,HAP_1,249.900763,249.70697,0.026462,0.025829,0.207512
347,T347_UAV_19,BS_0,HAP_2,638.631178,638.438951,0.029235,0.023909,0.195413
347,T347_UAV_11,BS_0,LEO_0,270.103806,269.899175,0.040503,0.021312,0.214079
347,T347_UAV_10,BS_3,HAP_0,473.986542,473.760086,0.027852,0.024599,0.370026
347,T347_UAV_8,HAP_1,LEO_1,392.502447,392.302414,0.043646,0.015588,0.203992
347,T347_UAV_1,BS_3,HAP_2,677.009883,676.822016,0.029491,0.019293,0.195413
347,T347_UAV_7,BS_4,HAP_1,458.434277,458.215245,0.027942,0.049587,0.207512
347,T347_UAV_0,BS_1,HAP_2,820.089188,819.88461,0.029499,0.035996,0.195413
347,T347_UAV_9,HAP_1,LEO_0,516.783532,516.583455,0.040805,0.016456,0.214079
347,T347_UAV_12,BS_1,LEO_1,650.037122,649.820479,0.047497,0.028348,0.203992
347,T347_UAV_18,BS_4,BS_1,651.665076,651.452275,0.050685,0.0199,0.211077
347,T347_UAV_16,BS_4,HAP_2,896.426462,896.215168,0.02958,0.042631,0.195413
347,T347_UAV_17,HAP_1,BS_2,703.364173,703.127898,0.053914,0.027843,0.27259
347,T347_UAV_15,BS_4,HAP_0,780.012064,779.782295,0.02937,0.026393,0.370026
347,T347_UAV_14,BS_4,HAP_2,1730.820572,1730.625714,0.034063,0.021712,0.195413
347,T347_UAV_5,HAP_1,BS_0,328.986481,328.700381,0.030524,0.067362,0.441073
348,T348_UAV_19,BS_0,LEO_0,431.435165,431.393787,0.0007,0.004314,0.18182
348,T348_UAV_3,BS_0,LEO_1,307.888441,307.808244,0.003935,0.029086,0.235882
348,T348_UAV_7,BS_4,HAP_1,478.262338,478.071077,0.02769,0.028863,0.173538
348,T348_UAV_18,BS_4,HAP_0,381.520257,381.293482,0.026406,0.020064,0.401524
348,T348_UAV_4,BS_4,HAP_2,556.087095,555.900301,0.028329,0.007856,0.253046
348,T348_UAV_12,BS_1,LEO_0,709.068576,709.014459,0.001091,0.016662,0.18182
348,T348_UAV_14,BS_4,LEO_1,559.056866,558.992183,0.00522,0.012286,0.235882
348,T348_UAV_8,HAP_1,LEO_0,740.122242,740.080551,0.000991,0.004337,0.18182
348,T348_UAV_6,BS_3,HAP_1,683.201918,683.023948,0.028546,0.014716,0.173538
348,T348_UAV_5,HAP_1,HAP_0,606.902604,606.646882,0.028771,0.046647,0.401524
348,T348_UAV_11,BS_0,LEO_0,934.05667,933.997352,0.001485,0.021469,0.18182
348,T348_UAV_17,HAP_1,LEO_1,747.624965,747.55629,0.006578,0.014921,0.235882
348,T348_UAV_1,BS_3,HAP_2,758.925285,758.709782,0.032309,0.032584,0.253046
348,T348_UAV_13,BS_4,HAP_1,991.875745,991.688142,0.028714,0.024182,0.173538
348,T348_UAV_10,BS_3,LEO_0,1314.699848,1314.654117,0.00179,0.007577,0.18182
348,T348_UAV_2,HAP_1,BS_1,315.082225,314.887169,0.029661,0.01021,0.275926
349,T349_UAV_11,BS_0,LEO_0,228.206376,227.999609,0.040425,0.017491,0.244255
349,T349_UAV_1,BS_3,LEO_1,256.002162,255.92598,0.002316,0.018883,0.274913
349,T349_UAV_3,BS_0,HAP_0,562.159105,562.079145,0.003333,0.039453,0.185869
349,T349_UAV_15,BS_4,HAP_2,485.90359,485.702932,0.028421,0.03819,0.170236
349,T349_UAV_13,BS_4,HAP_1,343.337183,343.132937,0.026404,0.033331,0.222555
349,T349_UAV_10,BS_3,LEO_0,396.745412,396.528559,0.04062,0.027382,0.244255
349,T349_UAV_8,HAP_1,LEO_1,478.191728,478.114791,0.004441,0.017514,0.274913
349,T349_UAV_0,BS_1,HAP_0,723.928895,723.879732,0.003223,0.008766,0.185869
349,T349_UAV_17,HAP_1,HAP_2,919.481277,919.304358,0.031604,0.011267,0.170236
349,T349_UAV_9,HAP_1,LEO_0,698.71451,698.510139,0.041091,0.014429,0.244255
349,T349_UAV_18,BS_4,HAP_1,703.54093,703.353732,0.028492,0.014195,0.222555
349,T349_UAV_5,HAP_1,LEO_1,741.26839,741.178295,0.006432,0.028681,0.274913
349,T349_UAV_4,BS_4,BS_1,784.603138,784.36902,0.058989,0.013521,0.308047
349,T349_UAV_7,BS_4,HAP_0,1443.204659,1443.144413,0.005681,0.017391,0.185869
349,T349_UAV_12,BS_1,HAP_2,1091.37714,1091.199822,0.03203,0.011242,0.170236
349,T349_UAV_19,BS_0,HAP_0,1584.366676,1584.296543,0.008913,0.024047,0.185869
350,T350_UAV_10,BS_3,LEO_0,256.519224,256.440194,0.000402,0.032806,0.229112
350,T350_UAV_11,BS_0,HAP_1,586.401229,586.225408,0.027879,0.017541,0.151999
350,T350_UAV_2,HAP_1,LEO_1,514.17288,514.088978,0.004367,0.012216,0.336596
350,T350_UAV_16,BS_4,HAP_0,437.115489,436.927057,0.026854,0.006912,0.273327
350,T350_UAV_19,BS_0,HAP_2,464.041002,463.966879,0.00448,0.028308,0.206673
350,T350_UAV_15,BS_4,HAP_1,598.085808,597.905419,0.027227,0.022763,0.151999
350,T350_UAV_3,BS_0,LEO_0,621.445166,621.390984,0.001388,0.006971,0.229112
350,T350_UAV_7,BS_4,HAP_1,767.960503,767.787326,0.028732,0.014044,0.151999
350,T350_UAV_6,BS_3,LEO_1,700.890361,700.796521,0.006657,0.019863,0.336596
350,T350_UAV_1,BS_3,LEO_0,670.945469,670.877244,0.001102,0.021301,0.229112
350,T350_UAV_18,BS_4,HAP_0,716.946389,716.735721,0.027662,0.02834,0.273327
350,T350_UAV_8,HAP_1,LEO_1,782.25053,782.158218,0.007256,0.017737,0.336596
350,T350_UAV_0,BS_1,HAP_1,1400.71277,1400.540377,0.03161,0.010383,0.151999
350,T350_UAV_12,BS_1,HAP_1,1850.058897,1849.847808,0.033792,0.046898,0.151999
350,T350_UAV_9,HAP_1,HAP_2,302.384048,302.308235,0.002541,0.031937,0.206673
351,T351_UAV_15,BS_4,LEO_0,287.606617,287.401389,0.040407,0.026343,0.192388
351,T351_UAV_13,BS_4,LEO_1,378.691858,378.51364,0.043501,0.006066,0.143253
351,T351_UAV_4,BS_4,HAP_1,403.808916,403.611457,0.027068,0.037763,0.163141
351,T351_UAV_16,BS_4,HAP_0,450.778741,450.555136,0.026911,0.039827,0.284338
351,T351_UAV_1,BS_3,HAP_2,469.421695,469.243824,0.029523,0.007112,0.20618
351,T351_UAV_6,BS_3,LEO_0,701.417386,701.205519,0.041223,0.032167,0.192388
351,T351_UAV_3,BS_0,LEO_1,540.081882,539.896484,0.046879,0.009868,0.143253
351,T351_UAV_8,HAP_1,HAP_0,593.324612,593.128736,0.028542,0.010467,0.284338
351,T351_UAV_5,HAP_1,LEO_0,807.477631,807.281988,0.041175,0.015991,0.192388
351,T351_UAV_19,BS_0,HAP_1,644.373398,644.174641,0.029308,0.03682,0.163141
351,T351_UAV_10,BS_3,LEO_1,650.76703,650.587715,0.046314,0.00435,0.143253
351,T351_UAV_14,BS_4,HAP_2,729.413759,729.21515,0.030125,0.027248,0.20618
351,T351_UAV_2,HAP_1,BS_0,768.39837,768.173827,0.057977,0.011815,0.273749
351,T351_UAV_9,HAP_1,LEO_0,918.266972,918.077249,0.041326,0.009919,0.192388
351,T351_UAV_17,HAP_1,BS_1,217.323178,217.019356,0.023547,0.06419,0.580422
352,T352_UAV_7,BS_4,LEO_0,309.71317,309.530656,0.040536,0.00433,0.188241
352,T352_UAV_16,BS_4,LEO_1,310.765161,310.719903,0.002344,0.005004,0.189552
352,T352_UAV_0,BS_1,HAP_0,361.409692,361.348231,0.001722,0.008842,0.25449
352,T352_UAV_3,BS_0,HAP_1,372.502353,372.303188,0.027538,0.045748,0.129395
352,T352_UAV_6,BS_3,HAP_2,255.458448,255.401542,0.002857,0.006239,0.23905
352,T352_UAV_9,HAP_1,LEO_0,423.447148,423.259129,0.040612,0.009759,0.188241
352,T352_UAV_12,BS_1,LEO_1,516.717871,516.655845,0.004745,0.019372,0.189552
352,T352_UAV_4,BS_4,HAP_0,583.091377,583.02967,0.001907,0.008902,0.25449
352,T352_UAV_5,HAP_1,LEO_0,603.904269,603.698443,0.040878,0.0273,0.188241
352,T352_UAV_15,BS_4,HAP_1,687.557656,687.368767,0.027862,0.035148,0.129395
352,T352_UAV_14,BS_4,LEO_1,635.013145,634.956714,0.004798,0.013722,0.189552
352,T352_UAV_2,HAP_1,HAP_2,482.865178,482.799135,0.003892,0.01434,0.23905
352,T352_UAV_18,BS_4,BS_0,613.916453,613.677476,0.048326,0.032938,0.288565
352,T352_UAV_19,BS_0,BS_1,665.99483,665.722281,0.051577,0.016503,0.522344
352,T352_UAV_11,BS_0,LEO_0,766.774017,766.58345,0.041302,0.011617,0.188241
352,T352_UAV_10,BS_3,BS_2,768.933495,768.800492,0.048026,0.006813,0.39082
352,T352_UAV_1,BS_3,LEO_1,849.917532,849.861193,0.006215,0.012214,0.189552
352,T352_UAV_13,BS_4,HAP_1,1177.89576,1177.708907,0.029393,0.03158,0.129395
352,T352_UAV_8,HAP_1,HAP_0,423.440946,423.365295,0.00223,0.022523,0.25449
353,T353_UAV_15,BS_4,LEO_0,239.233508,239.178647,0.000367,0.005724,0.243849
353,T353_UAV_6,BS_3,LEO_1,193.943455,193.731767,0.042541,0.022137,0.235047
353,T353_UAV_3,BS_0,HAP_0,349.583183,349.500318,0.002653,0.022697,0.287573
353,T353_UAV_13,BS_4,HAP_1,701.445379,701.262125,0.027462,0.026651,0.145709
353,T353_UAV_7,BS_4,HAP_2,390.129983,390.04944,0.002533,0.021177,0.284167
353,T353_UAV_17,HAP_1,LEO_0,435.433267,435.363191,0.000677,0.020629,0.243849
353,T353_UAV_0,BS_1,LEO_1,423.571548,423.350729,0.046754,0.027056,0.235047
353,T353_UAV_4,BS_4,HAP_1,1206.185664,1205.984207,0.030141,0.042174,0.145709
353,T353_UAV_8,HAP_1,LEO_0,681.16819,681.109991,0.001042,0.008388,0.243849
353,T353_UAV_9,HAP_1,HAP_0,754.634487,754.557197,0.004225,0.015551,0.287573
353,T353_UAV_2,HAP_1,HAP_2,762.895096,762.825015,0.00615,0.007098,0.284167
353,T353_UAV_10,BS_3,HAP_1,1274.785089,1274.602073,0.030202,0.023673,0.145709
353,T353_UAV_18,BS_4,HAP_1,1391.467317,1391.29797,0.03074,0.009465,0.145709
354,T354_UAV_3,BS_0,LEO_0,266.53194,266.452345,0.000593,0.015362,0.318195
354,T354_UAV_16,BS_4,LEO_1,274.254563,274.048119,0.042549,0.007973,0.279609
354,T354_UAV_4,BS_4,HAP_1,339.540452,339.346137,0.026731,0.027184,0.201998
354,T354_UAV_19,BS_0,HAP_0,382.147736,382.060317,0.00273,0.017743,0.33473
354,T354_UAV_0,BS_1,HAP_2,401.956564,401.873443,0.002995,0.013397,0.333641
354,T354_UAV_5,HAP_1,LEO_1,358.724675,358.496577,0.043108,0.029068,0.279609
354,T354_UAV_12,BS_1,LEO_0,431.025975,430.944219,0.00077,0.017346,0.318195
354,T354_UAV_2,HAP_1,LEO_1,459.136193,458.918068,0.043888,0.018314,0.279609
354,T354_UAV_18,BS_4,LEO_0,508.766013,508.681646,0.000866,0.019862,0.318195
354,T354_UAV_13,BS_4,HAP_1,532.884541,532.684841,0.027168,0.032132,0.201998
354,T354_UAV_15,BS_4,HAP_0,598.496677,598.400066,0.003313,0.026352,0.33473
354,T354_UAV_11,BS_0,HAP_2,742.400117,742.320778,0.007001,0.005609,0.333641
354,T354_UAV_10,BS_3,BS_1,788.770177,788.486801,0.059246,0.019579,0.522755
354,T354_UAV_7,BS_1,BS_2,791.458776,791.232464,0.059417,0.017679,0.246075
354,T354_UAV_17,HAP_1,BS_0,344.627572,344.38521,0.031503,0.032926,0.389662
355,T355_UAV_4,BS_4,LEO_0,280.652168,280.459981,0.040447,0.015258,0.182411
355,T355_UAV_7,BS_1,LEO_1,233.351763,233.296998,0.00276,0.013245,0.193803
355,T355_UAV_0,BS_1,HAP_0,352.709979,352.547674,0.026866,0.004583,0.154279
355,T355_UAV_16,BS_4,HAP_1,401.325454,401.145027,0.026627,0.015153,0.193233
355,T355_UAV_8,HAP_1,HAP_2,412.737627,412.550377,0.028609,0.018496,0.200729
355,T355_UAV_19,BS_0,LEO_0,593.118004,592.926815,0.041027,0.013679,0.182411
355,T355_UAV_18,BS_4,LEO_1,478.133749,478.077555,0.004851,0.012582,0.193803
355,T355_UAV_3,BS_0,HAP_0,505.656052,505.47182,0.028834,0.024543,0.154279
355,T355_UAV_6,BS_3,HAP_1,521.529333,521.331786,0.028109,0.030792,0.193233
355,T355_UAV_12,BS_1,LEO_0,729.391085,729.19461,0.041189,0.018804,0.182411
355,T355_UAV_13,BS_4,LEO_1,597.846802,597.796784,0.005525,0.005732,0.193803
355,T355_UAV_11,BS_0,HAP_2,627.524678,627.349268,0.030921,0.004344,0.200729
355,T355_UAV_14,BS_4,BS_1,653.423051,653.186194,0.050794,0.032961,0.265513
355,T355_UAV_5,HAP_1,BS_2,654.204921,653.970495,0.050843,0.025989,0.287967
355,T355_UAV_9,HAP_1,BS_0,673.201391,672.928855,0.052027,0.065497,0.275057
355,T355_UAV_10,BS_3,BS_4,733.411901,733.10889,0.055786,0.07618,0.355226
355,T355_UAV_17,HAP_1,BS_3,777.874134,777.554362,0.058563,0.049552,0.558282
355,T355_UAV_1,BS_3,LEO_0,1018.210168,1018.024889,0.041536,0.007261,0.182411
356,T356_UAV_7,BS_1,LEO_0,296.097354,296.031614,0.000565,0.01975,0.22712
356,T356_UAV_13,BS_4,LEO_1,209.390559,209.311011,0.002668,0.011175,0.328529
356,T356_UAV_18,BS_4,HAP_0,396.021652,395.838156,0.026377,0.019998,0.185605
356,T356_UAV_0,BS_1,HAP_1,627.57181,627.383441,0.028836,0.012104,0.237148
356,T356_UAV_1,BS_3,HAP_2,637.188475,637.127455,0.006156,0.005468,0.246982
356,T356_UAV_5,HAP_1,LEO_0,647.577424,647.526521,0.001021,0.004458,0.22712
356,T356_UAV_12,BS_1,LEO_1,432.900861,432.811259,0.006954,0.016942,0.328529
356,T356_UAV_10,BS_3,HAP_0,739.65941,739.481986,0.028942,0.011362,0.185605
356,T356_UAV_8,HAP_1,LEO_0,703.519495,703.466797,0.001075,0.0062,0.22712
356,T356_UAV_19,BS_0,HAP_1,747.243509,747.012647,0.029974,0.053459,0.237148
356,T356_UAV_3,BS_0,HAP_0,766.856459,766.675175,0.030002,0.014161,0.185605
356,T356_UAV_6,BS_3,HAP_2,773.312117,773.243243,0.008688,0.01079,0.246982
356,T356_UAV_2,HAP_1,BS_1,785.097667,784.825632,0.059017,0.056142,0.284379
356,T356_UAV_9,HAP_1,BS_2,307.673109,307.481326,0.029198,0.019967,0.213092
357,T357_UAV_0,BS_1,LEO_0,206.547248,206.469207,0.000361,0.012308,0.326858
357,T357_UAV_11,BS_0,LEO_1,212.049391,211.956498,0.002373,0.016347,0.370868
357,T357_UAV_12,BS_1,HAP_0,304.988327,304.790506,0.026603,0.024358,0.234301
357,T357_UAV_7,BS_1,HAP_1,518.998908,518.778779,0.027942,0.047208,0.224895
357,T357_UAV_8,HAP_1,HAP_2,420.614677,420.524887,0.003678,0.020918,0.32597
357,T357_UAV_14,BS_4,LEO_0,421.547706,421.46923,0.000681,0.012423,0.326858
357,T357_UAV_16,BS_4,LEO_1,447.255295,447.159768,0.004154,0.017198,0.370868
357,T357_UAV_2,HAP_1,HAP_0,356.694113,356.497413,0.026898,0.022941,0.234301
357,T357_UAV_18,BS_4,HAP_1,631.597688,631.387722,0.027768,0.037219,0.224895
357,T357_UAV_17,HAP_1,LEO_0,548.078486,547.993529,0.000856,0.018729,0.326858
357,T357_UAV_3,BS_0,LEO_1,622.173049,622.086289,0.007894,0.004693,0.370868
357,T357_UAV_6,BS_3,BS_2,614.643083,614.44854,0.048374,0.005742,0.202136
357,T357_UAV_19,BS_0,HAP_2,657.578343,657.500082,0.006384,0.006683,0.32597
357,T357_UAV_15,BS_4,BS_1,674.786043,674.549723,0.052128,0.016472,0.3386
357,T357_UAV_1,BS_3,BS_0,698.669073,698.410414,0.053619,0.055679,0.246803
357,T357_UAV_10,BS_3,BS_4,774.214047,773.936046,0.058337,0.064079,0.277924
357,T357_UAV_5,HAP_1,HAP_1,418.588337,418.406162,0.026492,0.010705,0.224895
358,T358_UAV_6,BS_3,LEO_1,630.277629,630.103047,0.043311,0.011764,0.097534
358,T358_UAV_10,BS_3,HAP_1,573.598205,573.397178,0.027361,0.037101,0.182825
358,T358_UAV_19,BS_0,HAP_0,648.211871,648.011096,0.029014,0.019217,0.262718
358,T358_UAV_5,HAP_1,LEO_1,857.242527,857.074265,0.04417,0.004585,0.097534
358,T358_UAV_1,BS_3,HAP_1,874.300841,874.106528,0.028409,0.029339,0.182825
358,T358_UAV_3,BS_0,LEO_1,1076.492836,1076.311229,0.047165,0.014935,0.097534
358,T358_UAV_17,HAP_1,HAP_0,749.107078,748.89679,0.028771,0.028973,0.262718
358,T358_UAV_14,BS_4,BS_2,648.235542,648.018886,0.050471,0.027308,0.194387
358,T358_UAV_4,BS_4,BS_1,656.044,655.794627,0.050957,0.053367,0.225246
358,T358_UAV_11,BS_0,LEO_1,1360.571923,1360.394599,0.048151,0.009665,0.097534
358,T358_UAV_7,BS_1,HAP_1,1446.735261,1446.529473,0.032534,0.03669,0.182825
358,T358_UAV_16,BS_4,LEO_1,1531.957088,1531.78411,0.047863,0.005608,0.097534
358,T358_UAV_9,HAP_1,HAP_0,1198.87657,1198.673062,0.030944,0.02002,0.262718
358,T358_UAV_0,BS_1,LEO_1,1841.941804,1841.767768,0.051173,0.003355,0.097534
358,T358_UAV_15,BS_4,LEO_1,1844.338167,1844.162118,0.049789,0.006753,0.097534
358,T358_UAV_8,HAP_1,HAP_1,613.563841,613.38989,0.027238,0.010148,0.182825
359,T359_UAV_12,BS_1,LEO_0,273.029424,272.800093,0.040484,0.022498,0.331744
359,T359_UAV_3,BS_0,LEO_1,286.902266,286.675322,0.043623,0.025553,0.288841
359,T359_UAV_5,HAP_1,HAP_0,1184.722998,1184.548372,0.030317,0.007646,0.183312
359,T359_UAV_16,BS_4,HAP_1,466.882535,466.688029,0.026879,0.012582,0.275227
359,T359_UAV_1,BS_3,HAP_2,256.703906,256.492696,0.028541,0.026573,0.280479
359,T359_UAV_2,HAP_1,LEO_0,658.821888,658.584569,0.041071,0.029899,0.331744
359,T359_UAV_7,BS_1,HAP_0,1352.95225,1352.751421,0.029922,0.034246,0.183312
359,T359_UAV_15,BS_4,LEO_1,674.677303,674.452949,0.046509,0.020077,0.288841
359,T359_UAV_18,BS_4,HAP_1,700.036136,699.84459,0.028394,0.008106,0.275227
359,T359_UAV_10,BS_3,LEO_1,768.864471,768.642409,0.04752,0.016775,0.288841
359,T359_UAV_14,BS_4,LEO_0,789.803908,789.581572,0.041275,0.014711,0.331744
359,T359_UAV_0,BS_1,HAP_0,1696.844042,1696.669128,0.031713,0.006539,0.183312
359,T359_UAV_8,HAP_1,HAP_0,2215.155648,2214.96713,0.034621,0.017235,0.183312
359,T359_UAV_6,BS_3,HAP_0,2264.693671,2264.494914,0.03747,0.024625,0.183312
359,T359_UAV_13,HAP_1,HAP_0,1036.818984,1036.646308,0.029209,0.006804,0.183312
360,T360_UAV_11,BS_0,LEO_1,235.808501,235.730856,0.002633,0.02759,0.237107
360,T360_UAV_10,BS_3,LEO_0,175.894087,175.685344,0.040312,0.008413,0.300091
360,T360_UAV_18,BS_4,HAP_1,936.569494,936.387197,0.028481,0.017486,0.181646
360,T360_UAV_6,BS_3,HAP_0,366.291545,366.043854,0.027969,0.032887,0.434177
360,T360_UAV_9,HAP_1,HAP_2,217.396868,217.333496,0.002519,0.01321,0.238217
360,T360_UAV_19,BS_0,HAP_1,1011.192293,1011.015657,0.029787,0.01052,0.181646
360,T360_UAV_2,HAP_1,LEO_0,348.844878,348.625008,0.040644,0.019208,0.300091
360,T360_UAV_7,BS_1,LEO_1,539.671978,539.608051,0.0064,0.010106,0.237107
360,T360_UAV_13,HAP_1,HAP_0,685.868052,685.642374,0.028718,0.010125,0.434177
360,T360_UAV_14,BS_4,HAP_1,1817.857602,1817.659057,0.030962,0.031254,0.181646
360,T360_UAV_16,BS_4,HAP_1,1824.875552,1824.700527,0.030856,0.007839,0.181646
360,T360_UAV_15,BS_4,HAP_1,2059.882335,2059.66538,0.032278,0.048348,0.181646
360,T360_UAV_4,BS_4,HAP_1,2105.21926,2105.041192,0.033119,0.00862,0.181646
360,T360_UAV_17,HAP_1,LEO_1,348.526514,348.461865,0.003029,0.014199,0.237107
361,T361_UAV_0,BS_1,LEO_0,271.076733,271.006836,0.000472,0.017973,0.257259
361,T361_UAV_2,HAP_1,LEO_1,186.859807,186.777095,0.002168,0.019635,0.30454
361,T361_UAV_7,BS_1,HAP_0,275.830377,275.625752,0.026299,0.024145,0.270907
361,T361_UAV_8,HAP_1,HAP_2,152.929737,152.852953,0.001862,0.016609,0.291562
361,T361_UAV_19,BS_0,HAP_1,369.367105,369.176471,0.027446,0.012196,0.25496
361,T361_UAV_4,BS_4,BS_1,1112.720992,1112.482361,0.079485,0.031569,0.137883
361,T361_UAV_9,HAP_1,LEO_0,581.450759,581.391244,0.000922,0.007142,0.257259
361,T361_UAV_1,BS_3,LEO_1,390.674072,390.586439,0.004854,0.021871,0.30454
361,T361_UAV_13,HAP_1,BS_1,1382.177062,1381.939073,0.096318,0.014095,0.137883
361,T361_UAV_3,BS_0,LEO_0,739.797237,739.721439,0.001637,0.02271,0.257259
361,T361_UAV_6,BS_3,HAP_1,748.485174,748.269677,0.029482,0.035023,0.25496
361,T361_UAV_18,BS_4,HAP_0,790.772829,790.567776,0.02804,0.022832,0.270907
361,T361_UAV_16,BS_4,BS_1,2667.390477,2667.051211,0.176597,0.035092,0.137883
361,T361_UAV_15,BS_4,BS_1,3858.878102,3858.487743,0.251025,0.011758,0.137883
361,T361_UAV_5,HAP_1,BS_1,1379.272672,1378.985458,0.096134,0.063504,0.137883
362,T362_UAV_11,BS_0,LEO_0,275.823489,275.7543,0.000468,0.012176,0.282729
362,T362_UAV_3,BS_0,LEO_1,294.308227,294.080992,0.042945,0.028753,0.277682
362,T362_UAV_0,BS_1,HAP_0,386.060155,385.836588,0.026793,0.04011,0.283319
362,T362_UAV_7,BS_1,HAP_1,325.88761,325.670347,0.02712,0.029107,0.305184
362,T362_UAV_6,BS_3,HAP_2,404.692534,404.59824,0.004536,0.011398,0.391796
362,T362_UAV_1,BS_3,LEO_0,531.424084,531.362074,0.000802,0.004662,0.282729
362,T362_UAV_15,BS_4,LEO_1,578.46098,578.23816,0.044488,0.022796,0.277682
362,T362_UAV_10,BS_3,LEO_0,672.280473,672.203232,0.000977,0.019719,0.282729
362,T362_UAV_19,BS_0,HAP_0,807.00906,806.77386,0.030008,0.048528,0.283319
362,T362_UAV_2,HAP_1,HAP_2,541.761149,541.673615,0.004372,0.004803,0.391796
362,T362_UAV_5,HAP_1,LEO_1,752.800406,752.572512,0.045303,0.027054,0.277682
362,T362_UAV_14,BS_4,HAP_1,569.340465,569.122919,0.02736,0.029149,0.305184
362,T362_UAV_9,HAP_1,BS_1,595.440981,595.20436,0.047172,0.029749,0.298501
362,T362_UAV_18,BS_4,BS_2,677.72718,677.614335,0.04233,0.009174,0.306703
362,T362_UAV_12,BS_1,BS_0,689.610889,689.360835,0.053054,0.051338,0.228311
362,T362_UAV_8,HAP_1,LEO_0,1021.556849,1021.476448,0.001444,0.022411,0.282729
362,T362_UAV_4,BS_4,LEO_1,1045.15825,1044.94601,0.048626,0.008078,0.277682
362,T362_UAV_17,HAP_1,HAP_0,1190.193822,1189.967693,0.031005,0.03846,0.283319
363,T363_UAV_12,BS_1,LEO_1,255.42424,255.373727,0.002916,0.00582,0.208877
363,T363_UAV_7,BS_1,HAP_0,266.702285,266.634899,0.001261,0.017875,0.241255
363,T363_UAV_4,BS_4,LEO_0,424.709254,424.608874,0.000735,0.026134,0.367558
363,T363_UAV_14,BS_4,HAP_1,338.901678,338.693381,0.026407,0.040837,0.205271
363,T363_UAV_3,BS_0,HAP_2,209.783962,209.588093,0.027929,0.015577,0.261816
363,T363_UAV_16,BS_4,LEO_1,445.112125,445.059567,0.004106,0.006676,0.208877
363,T363_UAV_11,BS_0,LEO_0,481.016538,480.922854,0.000896,0.019277,0.367558
363,T363_UAV_6,BS_3,BS_0,1654.647417,1654.349037,0.113335,0.046178,0.194337
363,T363_UAV_13,HAP_1,HAP_0,480.446076,480.355908,0.002609,0.039307,0.241255
363,T363_UAV_10,BS_3,HAP_1,637.680683,637.499855,0.028166,0.011607,0.205271
363,T363_UAV_15,BS_4,LEO_0,659.58261,659.497261,0.001002,0.010835,0.367558
363,T363_UAV_1,BS_3,LEO_1,707.583595,707.515787,0.006382,0.019651,0.208877
363,T363_UAV_0,BS_1,BS_0,1972.773055,1972.463409,0.133207,0.037571,0.194337
363,T363_UAV_17,HAP_1,BS_0,2211.966989,2211.616805,0.148147,0.06317,0.194337
363,T363_UAV_9,HAP_1,BS_0,2582.646592,2582.274052,0.171301,0.062371,0.194337
363,T363_UAV_8,HAP_1,BS_0,1011.306789,1011.058896,0.07315,0.035875,0.194337
364,T364_UAV_15,BS_4,LEO_0,530.765518,530.584369,0.040672,0.003872,0.183026
364,T364_UAV_11,BS_0,LEO_1,303.854708,303.790927,0.003383,0.006376,0.270108
364,T364_UAV_9,HAP_1,HAP_0,399.875704,399.667951,0.027224,0.038937,0.207961
364,T364_UAV_8,HAP_1,HAP_2,405.968334,405.905574,0.003532,0.017065,0.210813
364,T364_UAV_18,BS_4,LEO_0,875.239411,875.041158,0.041199,0.020449,0.183026
364,T364_UAV_19,BS_3,LEO_1,541.388685,541.316432,0.006052,0.01218,0.270108
364,T364_UAV_3,BS_0,HAP_1,778.770503,778.521843,0.031125,0.055134,0.312007
364,T364_UAV_14,BS_4,LEO_0,882.351472,882.168745,0.041182,0.004941,0.183026
364,T364_UAV_5,HAP_1,HAP_0,632.308013,632.101966,0.028896,0.035559,0.207961
364,T364_UAV_16,BS_4,LEO_1,647.727319,647.653032,0.005969,0.014296,0.270108
364,T364_UAV_13,HAP_1,HAP_2,661.67992,661.627324,0.00541,0.005023,0.210813
364,T364_UAV_12,BS_1,BS_2,1289.591475,1289.371289,0.090538,0.00359,0.130295
364,T364_UAV_6,BS_3,HAP_1,784.066418,783.83268,0.029674,0.041663,0.312007
364,T364_UAV_7,BS_1,LEO_0,1370.602468,1370.417213,0.042113,0.006537,0.183026
364,T364_UAV_17,HAP_1,LEO_0,1427.066643,1426.872733,0.041868,0.015438,0.183026
364,T364_UAV_0,BS_1,LEO_0,1469.197806,1469.007978,0.042084,0.011139,0.183026
364,T364_UAV_2,HAP_1,BS_2,620.050233,619.868384,0.048715,0.007075,0.130295
365,T365_UAV_0,BS_1,LEO_0,234.671515,234.446876,0.040405,0.008796,0.377188
365,T365_UAV_6,BS_3,LEO_1,284.778891,284.689101,0.002724,0.009869,0.385982
365,T365_UAV_7,BS_1,HAP_0,583.76758,583.589016,0.027331,0.005907,0.226633
365,T365_UAV_12,BS_1,HAP_1,306.655116,306.417323,0.026872,0.05487,0.280257
365,T365_UAV_17,HAP_1,HAP_2,328.407784,328.323989,0.002798,0.015807,0.325951
365,T365_UAV_18,BS_4,LEO_0,382.602489,382.368601,0.040634,0.017817,0.377188
365,T365_UAV_16,BS_4,LEO_1,392.962734,392.876392,0.003616,0.005529,0.385982
365,T365_UAV_13,HAP_1,HAP_0,731.011502,730.812063,0.028279,0.025834,0.226633
365,T365_UAV_14,BS_4,HAP_1,440.316571,440.104032,0.026837,0.02965,0.280257
365,T365_UAV_3,BS_0,LEO_0,442.991631,442.746878,0.040975,0.028341,0.377188
365,T365_UAV_15,BS_4,LEO_1,520.687888,520.599588,0.005013,0.006091,0.385982
365,T365_UAV_10,BS_3,HAP_2,524.6422,524.553812,0.00462,0.018577,0.325951
365,T365_UAV_5,HAP_1,BS_1,543.224093,542.971346,0.043909,0.029053,0.398925
365,T365_UAV_11,BS_0,BS_2,648.600821,648.330406,0.05049,0.006939,0.564928
365,T365_UAV_19,BS_3,HAP_0,963.86316,963.668657,0.030458,0.018718,0.226633
365,T365_UAV_1,BS_3,BS_0,714.19747,713.970316,0.054591,0.010108,0.312277
365,T365_UAV_2,HAP_1,HAP_0,1535.9894,1535.803987,0.031787,0.0083,0.226633
365,T365_UAV_9,HAP_1,BS_3,278.028565,277.77728,0.027342,0.057468,0.332374
366,T366_UAV_6,BS_3,LEO_0,275.718402,275.525707,0.040528,0.009532,0.213172
366,T366_UAV_15,BS_4,LEO_1,847.390618,847.208199,0.043838,0.014626,0.119773
366,T366_UAV_4,BS_4,HAP_1,328.248765,328.030506,0.026651,0.038253,0.266776
366,T366_UAV_13,HAP_1,HAP_0,458.097084,457.87166,0.027487,0.032133,0.329019
366,T366_UAV_17,HAP_1,HAP_2,599.119655,599.018511,0.005107,0.018177,0.389302
366,T366_UAV_1,BS_3,LEO_1,1494.711078,1494.530016,0.04644,0.010667,0.119773
366,T366_UAV_2,HAP_1,LEO_0,610.332527,610.128262,0.04099,0.020641,0.213172
366,T366_UAV_7,BS_1,LEO_1,1534.037086,1533.847467,0.048199,0.017465,0.119773
366,T366_UAV_9,HAP_1,LEO_0,669.608795,669.416419,0.041067,0.008675,0.213172
366,T366_UAV_5,HAP_1,HAP_0,684.510338,684.306815,0.029214,0.008505,0.329019
366,T366_UAV_10,BS_3,HAP_1,720.702657,720.453774,0.028602,0.066925,0.266776
366,T366_UAV_11,BS_0,HAP_2,757.913665,757.816423,0.007265,0.012116,0.389302
366,T366_UAV_19,BS_3,LEO_1,1969.424191,1969.234634,0.05001,0.015591,0.119773
366,T366_UAV_14,BS_4,LEO_1,2203.213778,2203.024285,0.049849,0.015689,0.119773
366,T366_UAV_3,BS_0,LEO_1,2214.680008,2214.496407,0.052384,0.007263,0.119773
366,T366_UAV_0,BS_1,LEO_1,2273.497234,2273.305915,0.051627,0.015738,0.119773
366,T366_UAV_16,BS_4,LEO_1,2300.198686,2300.019741,0.050063,0.004927,0.119773
366,T366_UAV_18,BS_4,LEO_1,2392.391548,2392.199493,0.051193,0.016908,0.119773
366,T366_UAV_8,HAP_1,BS_1,252.417161,252.215243,0.025746,0.011742,0.322146
367,T367_UAV_10,BS_3,LEO_0,231.784727,231.714633,0.000366,0.022219,0.237547
367,T367_UAV_1,BS_3,LEO_1,248.170063,247.928489,0.042228,0.007152,0.460971
367,T367_UAV_15,BS_4,HAP_0,251.480001,251.28768,0.026356,0.017521,0.242216
367,T367_UAV_18,BS_4,HAP_2,323.175213,322.979203,0.027082,0.016383,0.262727
367,T367_UAV_19,BS_3,HAP_1,347.936745,347.714288,0.027292,0.030747,0.322089
367,T367_UAV_3,BS_0,LEO_0,360.670868,360.617438,0.000794,0.005126,0.237547
367,T367_UAV_12,BS_1,LEO_0,363.13479,363.064263,0.000641,0.022377,0.237547
367,T367_UAV_8,HAP_1,LEO_1,638.408537,638.154762,0.045798,0.015782,0.460971
367,T367_UAV_5,HAP_1,HAP_0,548.934374,548.741012,0.028377,0.016543,0.242216
367,T367_UAV_13,HAP_1,LEO_1,646.703904,646.438334,0.045931,0.027444,0.460971
367,T367_UAV_16,BS_4,HAP_1,652.406996,652.152597,0.027589,0.062392,0.322089
367,T367_UAV_17,HAP_1,HAP_2,676.405297,676.2076,0.030764,0.014388,0.262727
367,T367_UAV_9,HAP_1,BS_1,713.218444,712.973045,0.054529,0.046213,0.223288
367,T367_UAV_2,HAP_1,BS_2,768.10317,767.847772,0.057957,0.02922,0.341107
367,T367_UAV_7,BS_1,BS_0,781.839921,781.566305,0.058813,0.021806,0.464986
368,T368_UAV_12,BS_1,LEO_0,71.552622,71.471321,0.000191,0.023757,0.28677
368,T368_UAV_7,BS_1,HAP_0,968.73476,968.687587,0.003274,0.006924,0.184878
368,T368_UAV_10,BS_3,LEO_1,167.850512,167.621161,0.044179,0.02658,0.292955
368,T368_UAV_6,BS_3,HAP_0,969.40885,969.361109,0.004698,0.006067,0.184878
368,T368_UAV_14,BS_4,BS_2,1068.74622,1068.519513,0.076739,0.012084,0.189415
368,T368_UAV_4,BS_4,HAP_1,288.309317,288.09514,0.02679,0.039025,0.241809
368,T368_UAV_0,BS_4,HAP_2,297.102085,296.905122,0.027907,0.014873,0.270915
368,T368_UAV_1,BS_3,HAP_0,1358.220131,1358.172161,0.005861,0.005133,0.184878
368,T368_UAV_3,BS_0,HAP_0,1582.442776,1582.368811,0.007393,0.029596,0.184878
368,T368_UAV_17,HAP_1,BS_2,1695.181196,1694.908573,0.115869,0.018871,0.189415
368,T368_UAV_16,BS_4,HAP_0,2184.511816,2184.457701,0.006755,0.010385,0.184878
368,T368_UAV_15,BS_4,HAP_0,2343.49051,2343.427868,0.008672,0.016994,0.184878
368,T368_UAV_11,BS_0,BS_2,2368.898636,2368.577336,0.157952,0.025465,0.189415
368,T368_UAV_13,HAP_1,HAP_0,2724.616451,2724.547581,0.010141,0.021754,0.184878
368,T368_UAV_2,HAP_1,HAP_0,2929.067033,2928.999724,0.010757,0.019577,0.184878
368,T368_UAV_5,HAP_1,BS_2,3023.360771,3023.0081,0.198834,0.015955,0.189415
368,T368_UAV_8,HAP_1,HAP_0,932.860247,932.783398,0.003659,0.036214,0.184878
369,T369_UAV_0,BS_4,LEO_0,218.152778,217.930598,0.040375,0.023039,0.293833
369,T369_UAV_12,BS_1,LEO_1,300.154113,299.909484,0.044762,0.025216,0.373255
369,T369_UAV_15,BS_4,HAP_2,1622.328209,1622.152861,0.032902,0.005384,0.185308
369,T369_UAV_16,BS_4,LEO_0,368.091486,367.886709,0.040622,0.005389,0.293833
369,T369_UAV_10,BS_3,HAP_1,270.032774,269.782036,0.026679,0.044879,0.395899
369,T369_UAV_14,BS_4,HAP_0,343.704137,343.469831,0.026717,0.010852,0.483684
369,T369_UAV_11,BS_0,HAP_2,1765.945868,1765.757076,0.03466,0.01707,0.185308
369,T369_UAV_19,BS_3,LEO_0,395.455098,395.247367,0.040751,0.008214,0.293833
369,T369_UAV_3,BS_0,LEO_1,482.554558,482.302502,0.048517,0.028887,0.373255
369,T369_UAV_7,BS_1,BS_0,564.769365,564.535266,0.045256,0.036265,0.262895
369,T369_UAV_4,BS_4,HAP_2,1839.729415,1839.542858,0.032476,0.017019,0.185308
369,T369_UAV_18,BS_4,HAP_2,1924.619063,1924.432904,0.033089,0.016008,0.185308
369,T369_UAV_6,BS_3,HAP_2,2212.810164,2212.614951,0.038272,0.01988,0.185308
369,T369_UAV_8,HAP_1,HAP_2,2263.020615,2262.840579,0.036563,0.006411,0.185308
369,T369_UAV_5,HAP_1,HAP_2,2555.133821,2554.939739,0.038417,0.018603,0.185308
369,T369_UAV_1,BS_3,HAP_2,2695.375607,2695.181921,0.039818,0.016806,0.185308
369,T369_UAV_9,HAP_1,HAP_2,3010.792427,3010.602611,0.040001,0.012754,0.185308
369,T369_UAV_2,HAP_1,BS_1,237.035817,236.831037,0.024785,0.03101,0.244931
370,T370_UAV_11,BS_0,LEO_0,276.653908,276.598565,0.000469,0.006501,0.241866
370,T370_UAV_7,BS_1,LEO_1,279.704571,279.646012,0.002656,0.008544,0.236793
370,T370_UAV_9,HAP_1,HAP_0,255.302147,255.055755,0.026415,0.034673,0.426521
370,T370_UAV_2,HAP_1,HAP_2,282.221344,281.96689,0.027274,0.021153,0.530132
370,T370_UAV_19,BS_3,HAP_1,346.978203,346.727594,0.02728,0.058989,0.321701
370,T370_UAV_13,HAP_1,LEO_0,349.133223,349.070224,0.000489,0.014136,0.241866
370,T370_UAV_18,BS_4,LEO_1,471.586707,471.513329,0.003788,0.022231,0.236793
370,T370_UAV_6,BS_3,LEO_0,491.427514,491.365478,0.000853,0.01281,0.241866
370,T370_UAV_14,BS_4,LEO_1,538.091222,538.024044,0.004115,0.015704,0.236793
370,T370_UAV_5,HAP_1,HAP_0,418.194595,417.944693,0.027567,0.037031,0.426521
370,T370_UAV_3,BS_0,HAP_1,562.474967,562.20881,0.029394,0.072423,0.321701
370,T370_UAV_1,BS_3,HAP_2,635.590241,635.333974,0.031159,0.019082,0.530132
370,T370_UAV_10,BS_3,BS_1,673.412986,673.155729,0.052041,0.014649,0.452835
370,T370_UAV_0,BS_4,BS_2,699.361075,699.078475,0.053661,0.033174,0.478825
370,T370_UAV_8,HAP_1,LEO_0,878.295372,878.239792,0.001246,0.005961,0.241866
370,T370_UAV_15,BS_4,LEO_1,1016.225428,1016.145629,0.007865,0.024575,0.236793
370,T370_UAV_17,HAP_1,BS_0,253.13243,252.928795,0.02579,0.010584,0.336303
371,T371_UAV_14,BS_4,LEO_0,204.376012,204.167787,0.040332,0.012602,0.276461
371,T371_UAV_6,BS_3,LEO_1,215.610845,215.387116,0.042056,0.028929,0.26372
371,T371_UAV_13,HAP_1,HAP_0,879.881073,879.675546,0.028584,0.040682,0.181307
371,T371_UAV_18,BS_4,HAP_2,308.734862,308.520874,0.027006,0.027223,0.298798
371,T371_UAV_15,BS_4,HAP_1,421.917476,421.70813,0.026873,0.013542,0.344655
371,T371_UAV_2,HAP_1,LEO_0,363.351644,363.138374,0.040588,0.01739,0.276461
371,T371_UAV_19,BS_3,LEO_1,394.087842,393.880438,0.044369,0.010291,0.26372
371,T371_UAV_1,BS_3,HAP_0,1320.651814,1320.450648,0.031325,0.033579,0.181307
371,T371_UAV_11,BS_0,LEO_0,590.451491,590.23723,0.041097,0.017872,0.276461
371,T371_UAV_4,BS_4,HAP_1,626.934418,626.707291,0.028137,0.030058,0.344655
371,T371_UAV_16,BS_4,HAP_0,1349.101137,1348.888755,0.029493,0.046629,0.181307
371,T371_UAV_12,BS_1,LEO_1,792.798282,792.555531,0.048994,0.041013,0.26372
371,T371_UAV_0,BS_4,HAP_2,793.231366,793.012625,0.030768,0.028213,0.298798
371,T371_UAV_3,BS_0,HAP_0,1881.633091,1881.430506,0.034828,0.031495,0.181307
371,T371_UAV_8,HAP_1,HAP_0,1931.470216,1931.260983,0.033309,0.039663,0.181307
371,T371_UAV_10,BS_3,HAP_0,2228.148201,2227.96239,0.034905,0.014644,0.181307
371,T371_UAV_9,HAP_1,BS_2,234.955705,234.751118,0.024655,0.033119,0.234064
372,T372_UAV_8,HAP_1,LEO_0,467.079039,467.023203,0.000718,0.008094,0.235121
372,T372_UAV_10,BS_3,LEO_1,479.479874,479.405444,0.004757,0.02309,0.232915
372,T372_UAV_18,BS_4,HAP_0,489.104454,488.889816,0.026945,0.012685,0.375043
372,T372_UAV_0,BS_4,HAP_1,494.620487,494.344107,0.027908,0.044516,0.519781
372,T372_UAV_16,BS_4,HAP_2,509.250526,509.046167,0.028458,0.035547,0.20177
372,T372_UAV_19,BS_3,LEO_0,544.428791,544.372163,0.001035,0.00857,0.235121
372,T372_UAV_15,BS_4,LEO_1,549.788242,549.708182,0.005274,0.028202,0.232915
372,T372_UAV_6,BS_3,LEO_0,560.117104,560.046456,0.001066,0.022558,0.235121
372,T372_UAV_14,BS_4,HAP_0,574.856606,574.623602,0.027382,0.030613,0.375043
372,T372_UAV_12,BS_1,LEO_1,604.797718,604.73515,0.006863,0.009122,0.232915
372,T372_UAV_7,BS_1,HAP_1,616.791179,616.522918,0.029055,0.03525,0.519781
372,T372_UAV_1,BS_3,HAP_2,693.277223,693.086822,0.031723,0.018324,0.20177
372,T372_UAV_11,BS_3,BS_1,770.656541,770.369986,0.058114,0.03015,0.491456
373,T373_UAV_3,BS_0,LEO_0,493.176421,492.954238,0.040899,0.031253,0.250152
373,T373_UAV_5,HAP_1,LEO_1,426.022249,425.949828,0.003012,0.014633,0.27388
373,T373_UAV_11,BS_3,HAP_2,823.615157,823.541897,0.00515,0.031419,0.183456
373,T373_UAV_6,BS_3,LEO_0,617.480064,617.263167,0.040996,0.025871,0.250152
373,T373_UAV_19,BS_3,LEO_1,519.066457,518.982638,0.004602,0.024441,0.27388
373,T373_UAV_16,BS_4,LEO_0,888.894472,888.683343,0.041306,0.019793,0.250152
373,T373_UAV_0,BS_4,LEO_1,778.209951,778.134394,0.006939,0.013842,0.27388
373,T373_UAV_10,BS_3,HAP_2,1878.662867,1878.606564,0.010982,0.008629,0.183456
373,T373_UAV_13,HAP_1,BS_2,727.953304,727.70775,0.055449,0.037331,0.263872
373,T373_UAV_9,HAP_1,LEO_0,1238.911488,1238.713681,0.041729,0.006049,0.250152
373,T373_UAV_7,BS_1,LEO_1,1003.646703,1003.572223,0.009545,0.010159,0.27388
373,T373_UAV_15,BS_4,HAP_2,2292.430274,2292.348169,0.012504,0.03291,0.183456
373,T373_UAV_2,HAP_1,LEO_0,1332.635102,1332.423566,0.041872,0.019633,0.250152
373,T373_UAV_8,HAP_1,HAP_2,2324.476886,2324.417676,0.013393,0.009126,0.183456
373,T373_UAV_14,BS_4,HAP_2,2343.740037,2343.650528,0.011224,0.041594,0.183456
373,T373_UAV_18,BS_4,HAP_2,2380.176354,2380.113504,0.011145,0.015014,0.183456
373,T373_UAV_17,HAP_1,HAP_0,102.914678,102.719966,0.025746,0.007902,0.30532
374,T374_UAV_12,BS_4,LEO_0,159.798371,159.562842,0.04032,0.035383,0.29913
374,T374_UAV_6,BS_3,LEO_1,322.787153,322.708769,0.004276,0.007353,0.333779
374,T374_UAV_3,BS_0,HAP_0,367.56273,367.351902,0.027778,0.028511,0.272693
374,T374_UAV_4,BS_4,HAP_1,272.015161,271.798339,0.026674,0.048389,0.20879
374,T374_UAV_2,HAP_1,HAP_2,290.17534,289.94633,0.028212,0.012389,0.442047
374,T374_UAV_7,BS_1,LEO_0,362.731864,362.510834,0.040809,0.020395,0.29913
374,T374_UAV_18,BS_4,BS_2,2997.102149,2996.752613,0.197193,0.023914,0.142149
374,T374_UAV_8,HAP_1,LEO_1,478.478811,478.387971,0.005945,0.018139,0.333779
374,T374_UAV_5,HAP_1,HAP_0,595.885171,595.686849,0.028652,0.015132,0.272693
374,T374_UAV_10,BS_3,BS_2,3024.976765,3024.63115,0.198935,0.01825,0.142149
374,T374_UAV_16,BS_4,BS_2,3316.082479,3315.694932,0.217117,0.042001,0.142149
374,T374_UAV_19,BS_3,BS_2,4167.579843,4167.145776,0.270306,0.035331,0.142149
374,T374_UAV_14,BS_4,BS_2,4264.791663,4264.361965,0.276379,0.024888,0.142149
374,T374_UAV_13,HAP_1,BS_2,4859.944235,4859.482131,0.313556,0.020118,0.142149
374,T374_UAV_9,HAP_1,BS_2,1485.801633,1485.552092,0.102791,0.018321,0.142149
375,T375_UAV_18,BS_4,LEO_0,346.152029,345.93953,0.040521,0.0184,0.267897
375,T375_UAV_5,HAP_1,LEO_1,400.639846,400.443939,0.042829,0.023792,0.146434
375,T375_UAV_4,BS_4,HAP_0,313.95731,313.793633,0.026168,0.017267,0.101207
375,T375_UAV_11,BS_3,HAP_1,319.34837,319.130672,0.027066,0.031471,0.2958
375,T375_UAV_8,HAP_1,LEO_1,426.972963,426.782161,0.043108,0.018407,0.146434
375,T375_UAV_10,BS_3,HAP_2,439.372853,439.103329,0.028873,0.047535,0.465584
375,T375_UAV_17,HAP_1,LEO_0,507.738595,507.538406,0.040746,0.005863,0.267897
375,T375_UAV_19,BS_3,HAP_0,464.022447,463.866042,0.028351,0.007813,0.101207
375,T375_UAV_9,HAP_1,LEO_1,621.397314,621.207318,0.044258,0.016451,0.146434
375,T375_UAV_13,HAP_1,LEO_0,665.143093,664.916763,0.040931,0.031819,0.267897
375,T375_UAV_12,BS_4,HAP_1,516.604474,516.394612,0.028109,0.022594,0.2958
375,T375_UAV_0,BS_4,HAP_2,571.167125,570.907048,0.029129,0.037831,0.465584
375,T375_UAV_2,HAP_1,BS_0,713.512545,713.244508,0.054546,0.061083,0.262046
375,T375_UAV_15,BS_4,BS_1,732.777997,732.479877,0.055747,0.055113,0.436301
375,T375_UAV_6,BS_3,BS_2,741.223604,740.932454,0.056275,0.024562,0.551568
375,T375_UAV_1,BS_3,LEO_1,891.777536,891.586261,0.046484,0.015504,0.146434
375,T375_UAV_7,BS_1,LEO_0,1003.725617,1003.511964,0.041758,0.018316,0.267897
375,T375_UAV_16,HAP_1,BS_3,245.379726,245.136045,0.025303,0.050805,0.337861
376,T376_UAV_6,BS_3,LEO_0,350.449922,350.394176,0.000603,0.006867,0.241375
376,T376_UAV_8,HAP_1,LEO_1,351.104776,350.906626,0.04255,0.017903,0.188483
376,T376_UAV_9,HAP_1,HAP_2,445.078802,444.890041,0.028152,0.022259,0.191748
376,T376_UAV_18,BS_4,HAP_0,472.217364,472.150923,0.001741,0.017779,0.234609
376,T376_UAV_5,HAP_1,LEO_1,407.215751,407.030737,0.042875,0.004442,0.188483
376,T376_UAV_4,BS_4,HAP_1,526.671684,526.42933,0.02762,0.050852,0.31941
376,T376_UAV_17,HAP_1,LEO_0,555.789445,555.728883,0.000818,0.011468,0.241375
376,T376_UAV_16,HAP_1,LEO_1,430.700649,430.513196,0.043158,0.006598,0.188483
376,T376_UAV_12,BS_4,HAP_2,484.407462,484.231011,0.027985,0.010117,0.191748
376,T376_UAV_13,HAP_1,LEO_0,586.286847,586.23247,0.000821,0.00528,0.241375
376,T376_UAV_7,BS_1,HAP_0,727.713564,727.632433,0.003146,0.031062,0.234609
376,T376_UAV_14,BS_4,HAP_1,577.009363,576.783309,0.027466,0.034706,0.31941
376,T376_UAV_1,BS_3,BS_2,569.323764,569.107723,0.045541,0.025718,0.223906
376,T376_UAV_15,BS_4,BS_1,758.770749,758.472393,0.057371,0.04805,0.464672
376,T376_UAV_10,BS_3,LEO_1,779.94864,779.747528,0.046242,0.017173,0.188483
376,T376_UAV_3,BS_0,LEO_0,1002.547274,1002.48121,0.001972,0.015816,0.241375
376,T376_UAV_11,BS_3,HAP_0,302.333013,302.266818,0.001863,0.01741,0.234609
376,T376_UAV_2,HAP_1,HAP_2,376.024792,375.826753,0.027592,0.032097,0.191748
377,T377_UAV_1,BS_3,LEO_0,352.424826,352.227652,0.04053,0.014067,0.212881
377,T377_UAV_19,BS_3,LEO_1,423.935121,423.863521,0.003745,0.019023,0.244157
377,T377_UAV_18,BS_4,HAP_2,332.567328,332.358595,0.027189,0.023285,0.291296
377,T377_UAV_3,BS_0,HAP_0,374.064869,373.83905,0.027826,0.029834,0.340793
377,T377_UAV_11,BS_3,LEO_0,458.601841,458.39046,0.040776,0.028028,0.212881
377,T377_UAV_4,BS_4,LEO_1,465.25408,465.189879,0.003818,0.011551,0.244157
377,T377_UAV_15,BS_4,HAP_1,473.716742,473.495095,0.027081,0.018964,0.378012
377,T377_UAV_17,HAP_1,HAP_0,460.898645,460.679013,0.027646,0.023827,0.340793
377,T377_UAV_10,BS_3,HAP_1,548.252638,547.962131,0.027806,0.087098,0.378012
377,T377_UAV_9,HAP_1,LEO_0,771.026201,770.831321,0.041148,0.011156,0.212881
377,T377_UAV_12,BS_4,LEO_1,892.217835,892.137786,0.008059,0.023158,0.244157
377,T377_UAV_0,BS_4,HAP_2,674.24979,674.034803,0.029863,0.026865,0.291296
377,T377_UAV_16,HAP_1,BS_1,735.266632,734.978034,0.055903,0.045072,0.438115
377,T377_UAV_7,BS_1,BS_2,767.877447,767.670034,0.057945,0.008049,0.207095
377,T377_UAV_14,BS_4,BS_0,780.521761,780.196703,0.058728,0.071602,0.473635
377,T377_UAV_13,HAP_1,LEO_0,1056.256198,1056.056524,0.041479,0.01562,0.212881
377,T377_UAV_5,HAP_1,LEO_1,463.68184,463.60481,0.003281,0.024917,0.244157
378,T378_UAV_19,BS_3,HAP_2,887.870237,887.683253,0.030122,0.032649,0.121072
378,T378_UAV_1,BS_3,LEO_0,455.023306,454.956886,0.000746,0.021291,0.221913
378,T378_UAV_9,HAP_1,LEO_1,317.408851,317.331944,0.00366,0.015416,0.289155
378,T378_UAV_14,BS_4,HAP_0,244.279722,244.220006,0.001184,0.016194,0.211691
378,T378_UAV_13,HAP_1,HAP_2,994.675133,994.51442,0.030066,0.006432,0.121072
378,T378_UAV_10,BS_3,HAP_1,282.059523,281.8312,0.026797,0.048833,0.263465
378,T378_UAV_11,BS_3,HAP_2,1013.394522,1013.229613,0.030794,0.009901,0.121072
378,T378_UAV_17,HAP_1,LEO_0,632.415644,632.365167,0.001012,0.005083,0.221913
378,T378_UAV_16,HAP_1,LEO_1,443.120261,443.040536,0.005535,0.016358,0.289155
378,T378_UAV_6,BS_3,LEO_0,766.081572,766.027978,0.001445,0.007766,0.221913
378,T378_UAV_15,BS_4,HAP_2,1624.273138,1624.095042,0.033111,0.02077,0.121072
378,T378_UAV_8,HAP_1,HAP_2,1802.599437,1802.432857,0.034492,0.007873,0.121072
378,T378_UAV_12,BS_4,HAP_2,2189.996071,2189.82561,0.035089,0.011158,0.121072
378,T378_UAV_3,BS_0,HAP_2,2761.94537,2761.74554,0.040872,0.034743,0.121072
378,T378_UAV_5,HAP_1,HAP_2,928.248601,928.084369,0.030032,0.009986,0.121072
379,T379_UAV_4,BS_4,LEO_1,624.554113,624.367303,0.043466,0.00582,0.187621
379,T379_UAV_6,BS_3,LEO_0,290.196468,290.105305,0.000546,0.030505,0.300556
379,T379_UAV_10,BS_3,HAP_0,295.259077,295.050202,0.026808,0.036717,0.226749
379,T379_UAV_14,BS_4,LEO_1,628.558801,628.370069,0.043299,0.007909,0.187621
379,T379_UAV_13,HAP_1,HAP_2,409.382365,409.148866,0.028359,0.021177,0.419814
379,T379_UAV_19,BS_3,HAP_1,440.282318,440.072607,0.027874,0.019917,0.309603
379,T379_UAV_18,BS_4,LEO_0,442.638802,442.569685,0.000724,0.008282,0.300556
379,T379_UAV_9,HAP_1,LEO_1,741.110819,740.921582,0.043507,0.008206,0.187621
379,T379_UAV_7,BS_1,LEO_1,766.407304,766.220122,0.04486,0.004798,0.187621
379,T379_UAV_17,HAP_1,LEO_0,586.43332,586.353271,0.000938,0.018999,0.300556
379,T379_UAV_5,HAP_1,LEO_1,826.081781,825.884282,0.044033,0.015942,0.187621
379,T379_UAV_11,BS_3,HAP_0,692.615889,692.433131,0.029942,0.007466,0.226749
379,T379_UAV_8,HAP_1,HAP_2,773.68625,773.432522,0.031662,0.038102,0.419814
379,T379_UAV_15,BS_4,BS_2,797.828883,797.576937,0.059814,0.039024,0.265546
379,T379_UAV_12,BS_4,LEO_1,1295.457587,1295.243876,0.047823,0.028364,0.187621
379,T379_UAV_0,BS_4,LEO_1,1596.364171,1596.169335,0.049488,0.007823,0.187621
379,T379_UAV_2,HAP_1,HAP_1,314.794673,314.558392,0.025936,0.048425,0.309603
380,T380_UAV_12,BS_4,LEO_0,263.376178,263.280827,0.00046,0.018085,0.384029
380,T380_UAV_1,BS_3,LEO_1,302.807158,302.558517,0.042712,0.029435,0.382469
380,T380_UAV_7,BS_1,HAP_0,245.874586,245.679928,0.026182,0.024083,0.221965
380,T380_UAV_9,HAP_1,HAP_2,324.981034,324.761182,0.027698,0.021215,0.354694
380,T380_UAV_14,BS_4,HAP_1,444.839581,444.57943,0.026917,0.064883,0.341752
380,T380_UAV_2,HAP_1,LEO_0,507.296373,507.188607,0.000827,0.030133,0.384029
380,T380_UAV_13,HAP_1,LEO_1,520.431186,520.200844,0.044739,0.00911,0.382469
380,T380_UAV_15,BS_4,HAP_0,517.307331,517.129088,0.027729,0.006121,0.221965
380,T380_UAV_3,BS_0,LEO_0,527.503992,527.402498,0.001149,0.023539,0.384029
380,T380_UAV_19,BS_3,HAP_1,530.86385,530.618958,0.028463,0.048079,0.341752
380,T380_UAV_8,HAP_1,LEO_1,577.899947,577.654191,0.045171,0.024091,0.382469
380,T380_UAV_0,BS_4,BS_2,676.459353,676.235823,0.052234,0.017722,0.267873
380,T380_UAV_11,BS_3,HAP_2,789.687535,789.443688,0.03271,0.040198,0.354694
380,T380_UAV_4,BS_4,BS_1,793.157435,792.893607,0.059521,0.018331,0.429881
380,T380_UAV_16,HAP_1,BS_0,269.811775,269.566371,0.026829,0.029048,0.447633
381,T381_UAV_17,HAP_1,LEO_0,678.635274,678.444809,0.040899,0.012007,0.187795
381,T381_UAV_16,HAP_1,LEO_1,430.211289,429.975797,0.043879,0.035199,0.282067
381,T381_UAV_0,BS_4,HAP_0,522.474689,522.395847,0.002585,0.026694,0.247814
381,T381_UAV_1,BS_3,LEO_0,838.102124,837.901199,0.041133,0.022233,0.187795
381,T381_UAV_7,BS_1,HAP_2,632.285754,632.079871,0.029149,0.033468,0.216325
381,T381_UAV_6,BS_3,HAP_1,380.4444,380.240602,0.027817,0.014245,0.308677
381,T381_UAV_11,BS_3,LEO_1,660.634484,660.414515,0.047257,0.016297,0.282067
381,T381_UAV_2,HAP_1,LEO_0,1168.54093,1168.342662,0.041574,0.019135,0.187795
381,T381_UAV_5,HAP_1,HAP_0,759.105465,759.028512,0.00464,0.022749,0.247814
381,T381_UAV_4,BS_4,LEO_1,780.582697,780.336443,0.047955,0.041886,0.282067
381,T381_UAV_18,BS_4,LEO_0,1429.657374,1429.467196,0.041927,0.010692,0.187795
381,T381_UAV_15,BS_4,LEO_0,1430.305917,1430.104666,0.0418,0.021893,0.187795
381,T381_UAV_12,BS_4,LEO_0,1527.907339,1527.717123,0.042179,0.010477,0.187795
381,T381_UAV_13,HAP_1,HAP_2,256.866749,256.672624,0.027107,0.023753,0.216325
382,T382_UAV_3,BS_0,LEO_0,287.191995,286.969396,0.040561,0.031238,0.254001
382,T382_UAV_4,BS_4,LEO_1,346.239305,346.169296,0.00353,0.024961,0.20759
382,T382_UAV_0,BS_4,HAP_2,357.865776,357.709355,0.027218,0.007109,0.110468
382,T382_UAV_12,BS_4,HAP_0,417.448095,417.241146,0.027047,0.024755,0.275734
382,T382_UAV_6,BS_3,HAP_1,553.809275,553.583058,0.028212,0.022535,0.377346
382,T382_UAV_16,HAP_1,LEO_0,634.026019,633.829743,0.04101,0.004466,0.254001
382,T382_UAV_5,HAP_1,LEO_1,503.194688,503.122502,0.004399,0.026269,0.20759
382,T382_UAV_19,BS_3,HAP_0,654.553151,654.361199,0.029749,0.007057,0.275734
382,T382_UAV_15,BS_4,LEO_0,901.170006,900.953463,0.041255,0.024488,0.254001
382,T382_UAV_1,BS_3,HAP_2,1015.925121,1015.756431,0.033269,0.013327,0.110468
382,T382_UAV_11,BS_3,HAP_1,682.494627,682.237031,0.029415,0.052713,0.377346
382,T382_UAV_13,HAP_1,LEO_1,716.071517,716.014327,0.006524,0.009149,0.20759
382,T382_UAV_7,BS_1,BS_2,749.476111,749.229133,0.056793,0.025955,0.321148
382,T382_UAV_17,HAP_1,BS_1,764.199064,763.965485,0.057714,0.017312,0.292766
382,T382_UAV_10,BS_3,HAP_2,1082.783787,1082.618018,0.033095,0.01058,0.110468
382,T382_UAV_9,HAP_1,LEO_0,435.741538,435.520649,0.040653,0.029437,0.254001
383,T383_UAV_17,HAP_1,LEO_0,337.777448,337.717727,0.000499,0.022934,0.181439
383,T383_UAV_15,BS_4,LEO_1,202.594874,202.396531,0.042663,0.008881,0.233991
383,T383_UAV_12,BS_4,HAP_0,540.269267,540.205115,0.00238,0.023711,0.19031
383,T383_UAV_6,BS_3,HAP_1,375.21416,375.027377,0.027172,0.011666,0.239726
383,T383_UAV_10,BS_3,HAP_2,411.64327,411.583626,0.003641,0.016672,0.196656
383,T383_UAV_11,BS_3,LEO_0,552.542085,552.497429,0.000937,0.007431,0.181439
383,T383_UAV_19,BS_3,LEO_1,312.268273,312.068863,0.044778,0.007834,0.233991
383,T383_UAV_1,BS_3,LEO_0,686.82722,686.785216,0.001036,0.00468,0.181439
383,T383_UAV_18,BS_4,HAP_0,823.236401,823.165857,0.003094,0.029388,0.19031
383,T383_UAV_7,BS_1,HAP_1,721.907507,721.701513,0.029796,0.028252,0.239726
383,T383_UAV_2,HAP_1,HAP_2,738.697524,738.617957,0.005976,0.03426,0.196656
383,T383_UAV_13,HAP_1,LEO_0,1018.34347,1018.300211,0.001427,0.005545,0.181439
383,T383_UAV_8,HAP_1,HAP_0,360.963492,360.902771,0.001847,0.020811,0.19031
384,T384_UAV_0,BS_4,LEO_0,287.877107,287.81595,0.000449,0.006932,0.26888
384,T384_UAV_14,BS_4,LEO_1,370.430736,370.365161,0.002861,0.013852,0.244312
384,T384_UAV_12,BS_4,HAP_0,357.830279,357.763183,0.001747,0.01207,0.266396
384,T384_UAV_19,BS_3,HAP_1,373.76682,373.531714,0.027429,0.039854,0.339115
384,T384_UAV_13,HAP_1,HAP_2,544.848417,544.750405,0.004484,0.02812,0.327041
384,T384_UAV_3,BS_0,LEO_0,686.17178,686.112658,0.001342,0.004004,0.26888
384,T384_UAV_2,HAP_1,LEO_1,712.274781,712.205141,0.004875,0.015901,0.244312
384,T384_UAV_15,BS_4,LEO_0,766.960734,766.895477,0.001071,0.010411,0.26888
384,T384_UAV_1,BS_3,HAP_0,595.752797,595.680157,0.004034,0.015327,0.266396
384,T384_UAV_18,BS_4,HAP_1,603.143694,602.910178,0.027757,0.037936,0.339115
384,T384_UAV_11,BS_3,LEO_1,813.77264,813.695791,0.007145,0.020841,0.244312
384,T384_UAV_6,BS_3,HAP_2,642.178038,642.080137,0.006957,0.025536,0.327041
384,T384_UAV_17,HAP_1,BS_1,667.498225,667.199794,0.051669,0.047547,0.496077
384,T384_UAV_8,HAP_1,BS_2,715.169344,714.927096,0.054651,0.029505,0.29046
384,T384_UAV_5,HAP_1,LEO_0,1035.348693,1035.26858,0.001496,0.024841,0.26888
384,T384_UAV_9,HAP_1,LEO_1,488.70466,488.634644,0.003321,0.017833,0.244312
385,T385_UAV_12,BS_4,LEO_0,381.091615,380.996327,0.000664,0.019798,0.374134
385,T385_UAV_7,BS_1,LEO_1,392.434034,392.358864,0.004715,0.005492,0.32482
385,T385_UAV_15,BS_4,HAP_1,376.812709,376.585432,0.026631,0.047669,0.264883
385,T385_UAV_16,HAP_1,HAP_2,425.648378,425.450533,0.027881,0.02308,0.234421
385,T385_UAV_9,HAP_1,HAP_0,456.543603,456.447083,0.002528,0.017981,0.380057
385,T385_UAV_5,HAP_1,LEO_0,502.05851,501.958528,0.000786,0.02437,0.374134
385,T385_UAV_0,BS_4,LEO_1,579.173517,579.096027,0.006372,0.006154,0.32482
385,T385_UAV_2,HAP_1,HAP_2,524.564612,524.366576,0.02924,0.021912,0.234421
385,T385_UAV_4,BS_4,HAP_1,646.832028,646.588038,0.028186,0.062828,0.264883
385,T385_UAV_13,HAP_1,BS_2,667.518355,667.275164,0.051674,0.042443,0.245373
385,T385_UAV_18,BS_4,LEO_0,763.858084,763.773029,0.001245,0.008983,0.374134
385,T385_UAV_10,BS_3,HAP_0,765.00785,764.912123,0.004712,0.015003,0.380057
385,T385_UAV_14,BS_4,LEO_1,789.014038,788.922717,0.007568,0.018789,0.32482
386,T386_UAV_14,BS_4,LEO_0,273.488029,273.286576,0.040417,0.023461,0.187868
386,T386_UAV_7,BS_1,LEO_1,207.366107,207.284293,0.002492,0.004335,0.374935
386,T386_UAV_15,BS_4,HAP_0,318.981116,318.810917,0.026664,0.014108,0.147132
386,T386_UAV_12,BS_4,HAP_2,332.297143,332.228231,0.002324,0.027957,0.193155
386,T386_UAV_18,BS_4,HAP_1,355.69415,355.469417,0.026617,0.049824,0.241461
386,T386_UAV_13,HAP_1,LEO_0,462.60771,462.424351,0.040647,0.005139,0.187868
386,T386_UAV_16,HAP_1,LEO_1,386.050649,385.955292,0.003466,0.016904,0.374935
386,T386_UAV_5,HAP_1,HAP_0,355.153643,354.980783,0.027162,0.016271,0.147132
386,T386_UAV_1,BS_3,HAP_1,409.456826,409.226069,0.026883,0.055582,0.241461
386,T386_UAV_4,BS_4,LEO_0,637.507053,637.315357,0.040985,0.013137,0.187868
386,T386_UAV_3,BS_0,LEO_1,542.25548,542.150808,0.006715,0.02297,0.374935
386,T386_UAV_0,BS_4,HAP_2,652.964544,652.903943,0.004658,0.017311,0.193155
386,T386_UAV_6,BS_3,LEO_0,894.524831,894.318764,0.041517,0.026976,0.187868
386,T386_UAV_8,HAP_1,BS_1,236.844132,236.605277,0.02477,0.04224,0.359225
387,T387_UAV_5,HAP_1,LEO_0,350.146744,349.947915,0.040504,0.013982,0.221713
387,T387_UAV_7,BS_1,LEO_1,558.026498,557.85414,0.044511,0.005643,0.111027
387,T387_UAV_2,HAP_1,HAP_0,809.578047,809.531212,0.00359,0.006635,0.183047
387,T387_UAV_4,BS_4,HAP_1,422.653675,422.451578,0.027076,0.019359,0.278303
387,T387_UAV_10,BS_3,HAP_2,242.708005,242.637231,0.003013,0.005453,0.311539
387,T387_UAV_0,BS_4,LEO_1,747.61861,747.430607,0.045564,0.020233,0.111027
387,T387_UAV_11,BS_3,LEO_0,710.434837,710.233233,0.041204,0.016057,0.221713
387,T387_UAV_16,HAP_1,HAP_0,914.660337,914.610051,0.003316,0.010361,0.183047
387,T387_UAV_15,BS_4,HAP_1,664.291139,664.05481,0.027868,0.052801,0.278303
387,T387_UAV_9,HAP_1,LEO_0,902.965184,902.765949,0.041364,0.013529,0.221713
387,T387_UAV_12,BS_4,LEO_1,1167.339213,1167.141433,0.048874,0.0267,0.111027
387,T387_UAV_8,HAP_1,BS_2,723.295085,723.073345,0.05516,0.011554,0.275133
387,T387_UAV_1,BS_3,LEO_1,1184.102601,1183.917208,0.047353,0.015834,0.111027
387,T387_UAV_14,BS_4,LEO_0,1005.518563,1005.317518,0.04154,0.015162,0.221713
387,T387_UAV_17,HAP_1,HAP_0,1428.723403,1428.667221,0.006762,0.012811,0.183047
387,T387_UAV_3,BS_0,LEO_1,1271.952498,1271.765666,0.050557,0.014069,0.111027
387,T387_UAV_13,HAP_1,HAP_0,515.369759,515.32144,0.002329,0.009381,0.183047
388,T388_UAV_11,BS_3,LEO_1,807.804764,807.747339,0.003792,0.014762,0.194352
388,T388_UAV_0,BS_4,LEO_0,271.959539,271.886991,0.00046,0.02866,0.217141
388,T388_UAV_4,BS_4,HAP_0,381.744131,381.565781,0.02646,0.01041,0.207403
388,T388_UAV_3,BS_0,HAP_1,234.448436,234.185974,0.027434,0.072544,0.312422
388,T388_UAV_10,BS_3,LEO_0,389.910546,389.857315,0.000625,0.009177,0.217141
388,T388_UAV_9,HAP_1,LEO_1,1330.755473,1330.69263,0.005093,0.018879,0.194352
388,T388_UAV_17,HAP_1,LEO_0,496.112043,496.061311,0.000797,0.006507,0.217141
388,T388_UAV_6,BS_3,LEO_1,1781.467533,1781.399246,0.007576,0.02184,0.194352
388,T388_UAV_15,BS_4,LEO_1,1808.676625,1808.604992,0.007648,0.025113,0.194352
388,T388_UAV_13,HAP_1,HAP_0,790.701641,790.522188,0.029332,0.00864,0.207403
388,T388_UAV_18,BS_4,LEO_1,1828.035755,1827.979865,0.007912,0.009107,0.194352
388,T388_UAV_8,HAP_1,LEO_1,1983.405429,1983.353225,0.00796,0.005374,0.194352
388,T388_UAV_19,BS_3,LEO_1,2033.87092,2033.804331,0.009543,0.018176,0.194352
388,T388_UAV_14,BS_4,LEO_1,2580.27127,2580.21625,0.010986,0.005163,0.194352
388,T388_UAV_1,BS_3,LEO_1,2584.236508,2584.174067,0.010447,0.013123,0.194352
388,T388_UAV_16,HAP_1,LEO_1,2621.254954,2621.200986,0.010589,0.004509,0.194352
389,T389_UAV_0,BS_4,LEO_0,345.846631,345.64092,0.040535,0.022275,0.214508
389,T389_UAV_1,BS_3,LEO_1,325.50645,325.25544,0.04291,0.014355,0.468724
389,T389_UAV_12,BS_4,HAP_0,419.625275,419.561691,0.001819,0.013373,0.241962
389,T389_UAV_18,BS_4,HAP_2,321.460113,321.252063,0.027169,0.022001,0.294399
389,T389_UAV_16,HAP_1,LEO_0,497.024305,496.820348,0.040799,0.020256,0.214508
389,T389_UAV_19,BS_3,HAP_1,574.904864,574.645342,0.028724,0.058974,0.359124
389,T389_UAV_2,HAP_1,LEO_1,445.480639,445.202265,0.043744,0.040885,0.468724
389,T389_UAV_10,BS_3,HAP_0,629.876406,629.807898,0.003421,0.016694,0.241962
389,T389_UAV_13,HAP_1,LEO_0,667.682049,667.476138,0.040934,0.022076,0.214508
389,T389_UAV_4,BS_4,HAP_2,505.385412,505.181752,0.028203,0.016578,0.294399
389,T389_UAV_17,HAP_1,LEO_1,548.719196,548.457839,0.044616,0.022996,0.468724
389,T389_UAV_11,BS_3,BS_2,552.426778,552.20973,0.044486,0.02032,0.261215
389,T389_UAV_6,BS_3,HAP_1,639.307066,639.039666,0.028671,0.066905,0.359124
389,T389_UAV_3,BS_0,LEO_0,784.278763,784.074408,0.041527,0.019926,0.214508
389,T389_UAV_7,BS_1,BS_0,785.689621,785.402568,0.059053,0.039757,0.44121
389,T389_UAV_9,HAP_1,HAP_0,1194.971406,1194.897569,0.005881,0.019563,0.241962
389,T389_UAV_14,BS_4,BS_1,201.787302,201.544445,0.02258,0.035101,0.42588
389,T389_UAV_8,HAP_1,BS_3,281.339891,281.077559,0.027549,0.066087,0.343485
390,T390_UAV_4,BS_4,LEO_0,675.196914,675.002907,0.040895,0.014281,0.194157
390,T390_UAV_12,BS_4,LEO_1,322.236995,321.989406,0.043602,0.025399,0.392937
390,T390_UAV_3,BS_0,HAP_1,423.842813,423.620953,0.028241,0.04022,0.26699
390,T390_UAV_16,HAP_1,HAP_0,447.02665,446.9482,0.001903,0.016152,0.301975
390,T390_UAV_9,HAP_1,HAP_2,233.635561,233.43663,0.027671,0.008487,0.313866
390,T390_UAV_15,BS_4,LEO_0,1044.934869,1044.73175,0.041276,0.023012,0.194157
390,T390_UAV_14,BS_4,LEO_1,629.259897,629.023613,0.046051,0.011645,0.392937
390,T390_UAV_13,HAP_1,LEO_0,1224.378803,1224.179469,0.041493,0.019009,0.194157
390,T390_UAV_6,BS_3,HAP_1,536.974317,536.736438,0.028078,0.056403,0.26699
390,T390_UAV_19,BS_3,LEO_0,1241.959864,1241.755554,0.041807,0.023671,0.194157
390,T390_UAV_0,BS_4,HAP_0,738.792834,738.723528,0.00357,0.005342,0.301975
390,T390_UAV_5,HAP_1,LEO_1,791.806581,791.554899,0.046928,0.026167,0.392937
390,T390_UAV_11,BS_3,LEO_0,1565.787111,1565.587773,0.042262,0.018245,0.194157
390,T390_UAV_2,HAP_1,LEO_0,1574.422546,1574.224349,0.042052,0.017313,0.194157
390,T390_UAV_8,HAP_1,LEO_0,536.019936,535.823686,0.040668,0.016751,0.194157
391,T391_UAV_12,BS_4,LEO_0,227.050351,226.846508,0.040393,0.013825,0.248128
391,T391_UAV_10,BS_3,LEO_1,441.318612,441.13272,0.043048,0.01063,0.16107
391,T391_UAV_11,BS_3,HAP_0,281.466642,281.27619,0.027038,0.019022,0.221959
391,T391_UAV_14,BS_4,HAP_1,386.36946,386.146459,0.026706,0.039554,0.283706
391,T391_UAV_8,HAP_1,HAP_2,489.559284,489.490552,0.00419,0.018476,0.230332
391,T391_UAV_4,BS_4,LEO_1,797.851803,797.641246,0.045536,0.032807,0.16107
391,T391_UAV_19,BS_3,LEO_0,521.457461,521.254345,0.04098,0.01251,0.248128
391,T391_UAV_7,BS_1,HAP_0,556.410245,556.223938,0.027712,0.014204,0.221959
391,T391_UAV_5,HAP_1,LEO_0,572.284594,572.061194,0.040893,0.032881,0.248128
391,T391_UAV_3,BS_0,HAP_1,600.410271,600.169511,0.029589,0.05443,0.283706
391,T391_UAV_17,HAP_1,HAP_2,673.943303,673.884159,0.005821,0.007257,0.230332
391,T391_UAV_1,BS_3,LEO_1,1159.520976,1159.310639,0.047194,0.030929,0.16107
391,T391_UAV_15,BS_4,BS_1,771.946737,771.678396,0.058196,0.015106,0.475198
391,T391_UAV_0,BS_4,LEO_1,1180.600137,1180.399365,0.048749,0.019808,0.16107
391,T391_UAV_16,HAP_1,LEO_1,1258.570052,1258.359766,0.047779,0.030293,0.16107
391,T391_UAV_9,HAP_1,BS_3,264.519941,264.313669,0.026501,0.020966,0.294021
392,T392_UAV_19,BS_3,HAP_0,956.901804,956.844427,0.004364,0.014588,0.192122
392,T392_UAV_2,HAP_1,LEO_0,464.377022,464.31672,0.000764,0.013004,0.232671
392,T392_UAV_10,BS_3,LEO_1,496.914343,496.702285,0.045023,0.015953,0.255412
392,T392_UAV_1,BS_3,HAP_0,1206.719844,1206.655215,0.005235,0.020969,0.192122
392,T392_UAV_18,BS_4,LEO_0,497.914283,497.851444,0.000807,0.015498,0.232671
392,T392_UAV_11,BS_3,LEO_1,578.168145,577.955844,0.046302,0.014916,0.255412
392,T392_UAV_14,BS_4,HAP_0,1685.873304,1685.818013,0.00492,0.011946,0.192122
392,T392_UAV_12,BS_4,LEO_0,603.853872,603.800781,0.001048,0.005509,0.232671
392,T392_UAV_8,HAP_1,LEO_1,724.305024,724.099376,0.046395,0.008171,0.255412
392,T392_UAV_7,BS_1,HAP_0,2383.461726,2383.396748,0.008213,0.018341,0.192122
392,T392_UAV_15,BS_4,HAP_0,2431.783694,2431.731762,0.008726,0.004782,0.192122
392,T392_UAV_13,HAP_1,HAP_0,2675.109592,2675.051223,0.010021,0.009923,0.192122
392,T392_UAV_6,BS_3,HAP_0,3135.874779,3135.796375,0.014765,0.025215,0.192122
392,T392_UAV_3,BS_0,HAP_0,3476.435794,3476.359592,0.016222,0.021555,0.192122
392,T392_UAV_17,HAP_1,HAP_0,1532.95038,1532.901244,0.005974,0.004738,0.192122
393,T393_UAV_4,BS_4,LEO_0,210.860231,210.659846,0.040351,0.014608,0.22713
393,T393_UAV_1,BS_3,LEO_1,252.89463,252.836058,0.002265,0.007624,0.243412
393,T393_UAV_0,BS_4,HAP_1,404.48337,404.274776,0.02726,0.018458,0.314378
393,T393_UAV_16,HAP_1,HAP_2,454.109914,453.903629,0.028109,0.021467,0.283542
393,T393_UAV_3,BS_0,BS_2,514.289949,514.106643,0.042106,0.004845,0.18178
393,T393_UAV_19,BS_3,HAP_0,578.838535,578.608072,0.029229,0.007492,0.468715
393,T393_UAV_14,BS_4,LEO_0,552.500912,552.308665,0.04093,0.005891,0.22713
393,T393_UAV_10,BS_3,LEO_1,551.87397,551.801702,0.005594,0.017993,0.243412
393,T393_UAV_17,HAP_1,HAP_0,590.044248,589.812368,0.028427,0.00971,0.468715
393,T393_UAV_7,BS_1,LEO_0,590.282454,590.068723,0.041148,0.027157,0.22713
393,T393_UAV_18,BS_4,HAP_1,616.403918,616.183344,0.027759,0.029939,0.314378
393,T393_UAV_15,BS_4,BS_2,662.99193,662.798499,0.051394,0.005681,0.18178
393,T393_UAV_11,BS_3,LEO_1,746.723686,746.630431,0.008145,0.036427,0.243412
393,T393_UAV_13,HAP_1,HAP_2,796.584865,796.363807,0.031572,0.032778,0.283542
393,T393_UAV_2,HAP_1,BS_1,299.841329,299.616735,0.028707,0.015327,0.402799
394,T394_UAV_4,BS_4,LEO_0,206.781123,206.726677,0.000345,0.01198,0.210603
394,T394_UAV_17,HAP_1,LEO_1,264.713759,264.503544,0.042211,0.019128,0.24438
394,T394_UAV_2,HAP_1,HAP_0,298.159867,297.939923,0.026596,0.022478,0.35435
394,T394_UAV_12,BS_4,HAP_1,368.30209,368.113168,0.027156,0.011405,0.251801
394,T394_UAV_3,BS_0,HAP_2,376.549712,376.339425,0.028709,0.026663,0.274577
394,T394_UAV_18,BS_4,LEO_0,384.770605,384.716766,0.000621,0.011097,0.210603
394,T394_UAV_0,BS_4,LEO_1,419.556691,419.345894,0.044557,0.017364,0.24438
394,T394_UAV_1,BS_3,LEO_0,466.048002,465.994923,0.000766,0.010192,0.210603
394,T394_UAV_6,BS_3,HAP_1,478.653521,478.452028,0.027728,0.023405,0.251801
394,T394_UAV_7,BS_1,LEO_1,498.635176,498.425453,0.046009,0.014838,0.24438
394,T394_UAV_16,HAP_1,HAP_0,501.046711,500.818216,0.027164,0.030461,0.35435
394,T394_UAV_10,BS_3,HAP_2,550.320632,550.113404,0.029878,0.022434,0.274577
394,T394_UAV_11,BS_3,BS_1,584.368369,584.102982,0.046478,0.034243,0.423327
394,T394_UAV_15,BS_4,BS_2,611.472457,611.250636,0.048174,0.004356,0.346458
394,T394_UAV_8,HAP_1,BS_0,655.958947,655.682651,0.05095,0.034127,0.456099
394,T394_UAV_9,HAP_1,BS_3,685.458883,685.161716,0.052791,0.071447,0.364643
394,T394_UAV_5,HAP_1,BS_4,256.87072,256.605791,0.02602,0.068577,0.351663
395,T395_UAV_10,BS_3,LEO_0,271.84527,271.778947,0.000438,0.012617,0.266336
395,T395_UAV_1,BS_3,LEO_1,779.860497,779.803656,0.003889,0.014103,0.19424
395,T395_UAV_15,BS_4,HAP_0,421.568337,421.35829,0.027164,0.019725,0.315791
395,T395_UAV_3,BS_0,HAP_2,228.001163,227.929498,0.003232,0.024009,0.22212
395,T395_UAV_7,BS_1,HAP_1,281.212583,280.983446,0.027485,0.036341,0.326558
395,T395_UAV_17,HAP_1,LEO_0,461.145776,461.079077,0.000744,0.012688,0.266336
395,T395_UAV_9,HAP_1,LEO_1,1125.874623,1125.825105,0.005295,0.005375,0.19424
395,T395_UAV_11,BS_3,LEO_0,595.738877,595.671757,0.001115,0.012738,0.266336
395,T395_UAV_19,BS_3,LEO_1,1568.892648,1568.833148,0.009181,0.01147,0.19424
395,T395_UAV_18,BS_4,HAP_0,775.744503,775.511846,0.028306,0.041193,0.315791
395,T395_UAV_14,BS_4,LEO_1,1596.726903,1596.668224,0.008479,0.011351,0.19424
395,T395_UAV_0,BS_4,LEO_1,1792.305265,1792.2452,0.010491,0.010727,0.19424
395,T395_UAV_4,BS_4,LEO_1,1811.062091,1811.002445,0.010004,0.010794,0.19424
395,T395_UAV_2,HAP_1,LEO_1,846.937338,846.871736,0.004014,0.022739,0.19424
396,T396_UAV_19,BS_3,LEO_0,219.565533,219.477821,0.000412,0.014854,0.362227
396,T396_UAV_10,BS_3,LEO_1,379.041658,378.817362,0.042629,0.024609,0.28529
396,T396_UAV_0,BS_4,HAP_0,378.792674,378.71723,0.001625,0.02713,0.233451
396,T396_UAV_12,BS_4,HAP_1,291.910357,291.706928,0.026704,0.03414,0.212927
396,T396_UAV_3,BS_0,HAP_2,663.289585,663.117333,0.02987,0.005715,0.183333
396,T396_UAV_16,HAP_1,LEO_0,420.558903,420.471973,0.000732,0.013753,0.362227
396,T396_UAV_4,BS_4,LEO_1,704.27294,704.044353,0.044876,0.026653,0.28529
396,T396_UAV_5,HAP_1,LEO_0,529.864079,529.773262,0.000828,0.017543,0.362227
396,T396_UAV_18,BS_4,HAP_0,882.01381,881.948227,0.003434,0.015458,0.233451
396,T396_UAV_13,HAP_1,LEO_1,1023.513862,1023.275528,0.046401,0.034876,0.28529
396,T396_UAV_14,BS_4,HAP_2,1249.799143,1249.616546,0.031459,0.014472,0.183333
396,T396_UAV_15,BS_4,HAP_1,683.782695,683.57397,0.027908,0.038233,0.212927
396,T396_UAV_8,HAP_1,LEO_1,1158.637505,1158.426169,0.047071,0.007207,0.28529
396,T396_UAV_6,BS_3,HAP_2,1324.356297,1324.180083,0.035333,0.004215,0.183333
396,T396_UAV_11,BS_3,HAP_0,1099.465568,1099.38301,0.006937,0.028931,0.233451
396,T396_UAV_9,HAP_1,LEO_1,1272.38168,1272.143819,0.047407,0.033396,0.28529
396,T396_UAV_1,BS_3,HAP_2,1540.255045,1540.067684,0.036223,0.014472,0.183333
397,T397_UAV_11,BS_3,LEO_0,790.817252,790.641536,0.041106,0.009444,0.12583
397,T397_UAV_13,HAP_1,LEO_1,300.869822,300.666732,0.042712,0.019723,0.203277
397,T397_UAV_2,HAP_1,HAP_0,397.85909,397.648186,0.027132,0.024848,0.294619
397,T397_UAV_3,BS_0,LEO_0,830.41838,830.242411,0.041289,0.009513,0.12583
397,T397_UAV_19,BS_3,HAP_1,433.490526,433.274804,0.027791,0.022588,0.326715
397,T397_UAV_17,HAP_1,HAP_2,214.916579,214.688764,0.02759,0.028087,0.360691
397,T397_UAV_15,BS_4,LEO_1,413.876854,413.68397,0.043921,0.008308,0.203277
397,T397_UAV_4,BS_4,LEO_0,915.206908,915.022038,0.041167,0.018537,0.12583
397,T397_UAV_18,BS_4,HAP_0,506.185533,505.981794,0.027169,0.017646,0.294619
397,T397_UAV_1,BS_3,HAP_1,544.770712,544.535014,0.027506,0.042849,0.326715
397,T397_UAV_7,BS_1,LEO_0,1173.498596,1173.321874,0.041694,0.009862,0.12583
397,T397_UAV_10,BS_3,LEO_0,1520.313284,1520.133522,0.041893,0.012702,0.12583
397,T397_UAV_0,BS_4,LEO_0,1561.759184,1561.584927,0.041996,0.007094,0.12583
397,T397_UAV_5,HAP_1,LEO_0,1729.613475,1729.434463,0.042097,0.01175,0.12583
397,T397_UAV_9,HAP_1,LEO_0,2047.289139,2047.117431,0.042594,0.003947,0.12583
397,T397_UAV_8,HAP_1,LEO_1,203.470356,203.281776,0.041781,0.006143,0.203277
398,T398_UAV_15,BS_4,LEO_0,321.872162,321.615954,0.040491,0.035997,0.398601
398,T398_UAV_12,BS_4,LEO_1,432.549753,432.340769,0.043847,0.02269,0.212231
398,T398_UAV_0,BS_4,HAP_0,402.959942,402.889031,0.001907,0.019753,0.246261
398,T398_UAV_9,HAP_1,HAP_2,433.369202,433.147696,0.028537,0.027972,0.324984
398,T398_UAV_4,BS_4,HAP_1,452.712147,452.510346,0.027197,0.014078,0.302632
398,T398_UAV_11,BS_3,LEO_1,574.559458,574.357846,0.044993,0.014173,0.212231
398,T398_UAV_6,BS_3,LEO_0,466.079582,465.843297,0.040851,0.015713,0.398601
398,T398_UAV_18,BS_4,HAP_0,493.297564,493.204914,0.002122,0.041275,0.246261
398,T398_UAV_19,BS_3,HAP_1,608.37048,608.139317,0.028916,0.041721,0.302632
398,T398_UAV_17,HAP_1,LEO_1,818.422798,818.206212,0.045542,0.028597,0.212231
398,T398_UAV_5,HAP_1,LEO_0,642.18608,641.951988,0.041001,0.013371,0.398601
398,T398_UAV_16,HAP_1,HAP_2,737.324382,737.117237,0.030122,0.012027,0.324984
398,T398_UAV_8,HAP_1,BS_1,759.184191,758.904542,0.057398,0.039395,0.414281
398,T398_UAV_2,HAP_1,BS_2,794.451812,794.333822,0.049621,0.024968,0.217005
398,T398_UAV_3,BS_0,BS_3,796.053936,795.745374,0.059699,0.07242,0.38221
398,T398_UAV_13,HAP_1,LEO_1,371.220261,371.009905,0.042706,0.025204,0.212231
399,T399_UAV_1,BS_3,LEO_0,359.363988,359.148509,0.040543,0.021423,0.267569
399,T399_UAV_12,BS_4,LEO_1,297.296496,297.235372,0.003312,0.006664,0.255737
399,T399_UAV_11,BS_3,HAP_0,306.719969,306.632373,0.002249,0.03033,0.275085
399,T399_UAV_18,BS_4,HAP_1,349.545938,349.312147,0.026541,0.048204,0.295232
399,T399_UAV_8,HAP_1,HAP_2,371.432694,371.350521,0.003165,0.028837,0.250854
399,T399_UAV_2,HAP_1,LEO_0,578.367193,578.166652,0.040878,0.006149,0.267569
399,T399_UAV_3,BS_0,LEO_1,438.64288,438.558564,0.005371,0.027798,0.255737
399,T399_UAV_9,HAP_1,HAP_0,483.085211,482.999471,0.002615,0.028108,0.275085
399,T399_UAV_10,BS_3,HAP_1,503.941955,503.706698,0.027703,0.048507,0.295232
399,T399_UAV_13,HAP_1,LEO_0,686.240791,686.023965,0.040962,0.022349,0.267569
399,T399_UAV_0,BS_4,LEO_1,549.890237,549.816419,0.005949,0.016723,0.255737
399,T399_UAV_17,HAP_1,HAP_2,577.781724,577.711476,0.005012,0.015065,0.250854
399,T399_UAV_5,HAP_1,BS_1,644.048982,643.75185,0.050204,0.048464,0.492317
399,T399_UAV_19,BS_3,BS_2,672.37291,672.130115,0.051977,0.027426,0.316965
399,T399_UAV_7,BS_1,LEO_0,949.002257,948.789111,0.041683,0.017949,0.267569
399,T399_UAV_16,HAP_1,BS_0,267.739114,267.501431,0.0267,0.029977,0.405025
400,T400_UAV_8,HAP_1,LEO_0,531.672873,531.609368,0.000693,0.023384,0.197142
400,T400_UAV_14,BS_4,HAP_0,277.06902,276.884417,0.02605,0.018256,0.201484
400,T400_UAV_17,HAP_1,LEO_1,342.047975,341.963627,0.003896,0.018307,0.310722
400,T400_UAV_0,BS_4,LEO_0,544.820133,544.750577,0.000746,0.029381,0.197142
400,T400_UAV_18,BS_4,HAP_2,314.767502,314.566043,0.027879,0.032003,0.207883
400,T400_UAV_10,BS_3,HAP_1,748.978913,748.749589,0.029028,0.031489,0.344036
400,T400_UAV_2,HAP_1,LEO_1,488.775296,488.700693,0.005628,0.006831,0.310722
400,T400_UAV_13,HAP_1,LEO_0,1259.699478,1259.65185,0.001598,0.006602,0.197142
400,T400_UAV_12,BS_4,HAP_0,776.260085,776.072837,0.028614,0.018337,0.201484
400,T400_UAV_4,BS_4,LEO_0,1416.368511,1416.315766,0.001936,0.01138,0.197142
400,T400_UAV_11,BS_3,LEO_0,1500.883577,1500.828852,0.002277,0.01302,0.197142
400,T400_UAV_5,HAP_1,LEO_0,1556.542539,1556.486074,0.00202,0.015016,0.197142
400,T400_UAV_16,HAP_1,HAP_1,226.233249,225.996562,0.025829,0.042051,0.344036
401,T401_UAV_15,BS_4,LEO_0,271.855607,271.654239,0.040384,0.019182,0.209009
401,T401_UAV_19,BS_3,LEO_1,346.862024,346.655962,0.042994,0.021362,0.208532
401,T401_UAV_8,HAP_1,HAP_0,562.707293,562.649422,0.002844,0.005534,0.247462
401,T401_UAV_4,BS_4,HAP_1,446.460037,446.202319,0.027159,0.059416,0.355718
401,T401_UAV_11,BS_3,HAP_2,534.260678,534.061992,0.030366,0.01086,0.287302
401,T401_UAV_2,HAP_1,LEO_0,766.763833,766.55889,0.041166,0.021976,0.209009
401,T401_UAV_7,BS_1,LEO_1,791.147144,790.951524,0.047621,0.006292,0.208532
401,T401_UAV_13,HAP_1,HAP_0,941.213033,941.142345,0.004613,0.016583,0.247462
401,T401_UAV_6,BS_3,LEO_0,902.69286,902.479235,0.0415,0.030323,0.209009
401,T401_UAV_1,BS_3,HAP_1,731.779482,731.514834,0.028367,0.065137,0.355718
401,T401_UAV_14,BS_4,LEO_1,987.494449,987.28882,0.047718,0.016205,0.208532
401,T401_UAV_3,BS_0,HAP_2,764.593574,764.382944,0.032556,0.020613,0.287302
401,T401_UAV_16,HAP_1,LEO_0,1047.301246,1047.095407,0.041657,0.02238,0.209009
401,T401_UAV_10,BS_3,LEO_1,267.571882,267.366064,0.042189,0.021923,0.208532
401,T401_UAV_5,HAP_1,HAP_0,480.229634,480.162302,0.002559,0.015281,0.247462
402,T402_UAV_19,BS_3,LEO_0,353.29501,353.09655,0.040602,0.019992,0.189336
402,T402_UAV_17,HAP_1,LEO_1,484.559162,484.354649,0.043275,0.02196,0.19639
402,T402_UAV_3,BS_0,HAP_0,416.249849,416.06073,0.028142,0.023451,0.187629
402,T402_UAV_18,BS_4,HAP_2,425.669632,425.597262,0.002956,0.032453,0.184807
402,T402_UAV_1,BS_3,HAP_1,531.065429,530.844439,0.027443,0.031485,0.310308
402,T402_UAV_5,HAP_1,LEO_0,587.957079,587.761857,0.040845,0.01651,0.189336
402,T402_UAV_4,BS_4,LEO_1,602.511538,602.320449,0.044887,0.006924,0.19639
402,T402_UAV_14,BS_4,HAP_0,463.026191,462.844571,0.026745,0.017348,0.187629
402,T402_UAV_7,BS_1,HAP_1,627.646947,627.41052,0.029245,0.04512,0.310308
402,T402_UAV_6,BS_3,LEO_0,872.632303,872.436155,0.041448,0.016833,0.189336
402,T402_UAV_16,HAP_1,HAP_2,656.738106,656.66793,0.004616,0.028599,0.184807
402,T402_UAV_2,HAP_1,LEO_1,921.001604,920.8004,0.046281,0.015645,0.19639
402,T402_UAV_11,BS_3,BS_2,708.564902,708.347958,0.05424,0.021767,0.20469
402,T402_UAV_15,BS_4,LEO_0,1010.091542,1009.895142,0.041431,0.017102,0.189336
402,T402_UAV_9,HAP_1,LEO_1,315.881096,315.676173,0.042148,0.023497,0.19639
403,T403_UAV_1,BS_3,LEO_0,308.66207,308.459348,0.040467,0.021187,0.205334
403,T403_UAV_3,BS_0,LEO_1,329.582339,329.511615,0.0032,0.023608,0.219585
403,T403_UAV_0,BS_4,HAP_0,465.03143,464.965048,0.002172,0.023472,0.203687
403,T403_UAV_5,HAP_1,HAP_2,502.187295,502.099847,0.004473,0.0214,0.307875
403,T403_UAV_4,BS_4,HAP_1,507.370596,507.137244,0.027449,0.049496,0.282036
403,T403_UAV_16,HAP_1,LEO_0,703.481358,703.273343,0.041109,0.02584,0.205334
403,T403_UAV_15,BS_4,LEO_1,747.165776,747.110001,0.005706,0.006153,0.219585
403,T403_UAV_2,HAP_1,HAP_0,561.627932,561.564977,0.003018,0.019199,0.203687
403,T403_UAV_6,BS_3,HAP_1,589.94149,589.703701,0.028319,0.053062,0.282036
403,T403_UAV_9,HAP_1,LEO_0,818.099588,817.897485,0.041239,0.019797,0.205334
403,T403_UAV_11,BS_3,LEO_1,875.963293,875.896997,0.007599,0.01478,0.219585
403,T403_UAV_12,BS_4,HAP_2,800.090078,800.009504,0.005429,0.01357,0.307875
403,T403_UAV_14,BS_4,LEO_0,911.877727,911.689731,0.041433,0.005497,0.205334
403,T403_UAV_18,BS_4,LEO_1,912.585196,912.513428,0.007115,0.020736,0.219585
403,T403_UAV_17,HAP_1,BS_1,313.244014,312.991613,0.029542,0.053345,0.347569
404,T404_UAV_1,BS_3,LEO_0,290.584417,290.511033,0.000441,0.030551,0.211962
404,T404_UAV_19,BS_3,LEO_1,268.179169,268.104059,0.00289,0.019695,0.262623
404,T404_UAV_15,BS_4,HAP_1,296.845419,296.616341,0.026244,0.04373,0.295524
404,T404_UAV_7,BS_1,HAP_0,308.506299,308.428768,0.001527,0.013435,0.312841
404,T404_UAV_8,HAP_1,HAP_2,368.201036,367.999912,0.028125,0.014758,0.291205
404,T404_UAV_0,BS_4,LEO_0,553.862102,553.809561,0.000842,0.009306,0.211962
404,T404_UAV_13,HAP_1,LEO_1,420.684865,420.617519,0.003789,0.011032,0.262623
404,T404_UAV_4,BS_4,LEO_0,590.228444,590.17753,0.000897,0.007625,0.211962
404,T404_UAV_10,BS_3,HAP_1,444.305072,444.102051,0.027408,0.016508,0.295524
404,T404_UAV_16,HAP_1,LEO_1,496.678503,496.608331,0.004358,0.013289,0.262623
404,T404_UAV_2,HAP_1,HAP_2,535.670948,535.454668,0.02934,0.0287,0.291205
404,T404_UAV_5,HAP_1,HAP_0,615.692599,615.620569,0.003718,0.005743,0.312841
404,T404_UAV_6,BS_3,BS_1,653.950361,653.631049,0.050822,0.064265,0.521125
404,T404_UAV_12,BS_4,BS_2,683.771185,683.542318,0.05269,0.022677,0.267498
404,T404_UAV_18,BS_4,BS_0,697.042146,696.769703,0.053516,0.04898,0.349734
404,T404_UAV_3,BS_0,LEO_0,992.72328,992.673726,0.001907,0.005254,0.211962
404,T404_UAV_9,HAP_1,BS_3,351.980945,351.733457,0.031962,0.049668,0.329289
405,T405_UAV_5,HAP_1,LEO_0,220.201277,220.141929,0.000343,0.006796,0.261041
405,T405_UAV_15,BS_4,HAP_0,260.757563,260.567366,0.026314,0.012664,0.256097
405,T405_UAV_18,BS_4,LEO_1,193.875364,193.787215,0.004725,0.016731,0.33346
405,T405_UAV_11,BS_3,HAP_2,195.458519,195.389789,0.002854,0.021984,0.21946
405,T405_UAV_8,HAP_1,BS_2,1017.468411,1017.23859,0.073536,0.019446,0.184198
405,T405_UAV_17,HAP_1,LEO_0,572.596113,572.525294,0.000922,0.017689,0.261041
405,T405_UAV_6,BS_3,HAP_1,382.699941,382.485725,0.027717,0.020059,0.332197
405,T405_UAV_0,BS_4,BS_2,1483.71606,1483.456665,0.10266,0.019895,0.184198
405,T405_UAV_7,BS_1,LEO_0,797.378051,797.306034,0.001564,0.018245,0.261041
405,T405_UAV_1,BS_3,HAP_0,798.292275,798.105286,0.030439,0.005331,0.256097
405,T405_UAV_13,HAP_1,BS_2,2653.342989,2652.99584,0.175719,0.03459,0.184198
405,T405_UAV_9,HAP_1,BS_2,862.62118,862.394549,0.063863,0.025928,0.184198
406,T406_UAV_1,BS_3,LEO_0,232.742105,232.659009,0.000385,0.009944,0.363829
406,T406_UAV_4,BS_4,LEO_1,346.955371,346.755909,0.042806,0.011334,0.226603
406,T406_UAV_9,HAP_1,HAP_0,979.53649,979.487881,0.004084,0.007824,0.183506
406,T406_UAV_3,BS_0,HAP_1,420.110932,419.882349,0.02816,0.033141,0.33641
406,T406_UAV_7,BS_1,HAP_2,457.645332,457.470183,0.028036,0.006533,0.202899
406,T406_UAV_6,BS_3,LEO_0,488.852694,488.75997,0.000884,0.019074,0.363829
406,T406_UAV_14,BS_4,LEO_1,717.226152,717.026854,0.045624,0.008354,0.226603
406,T406_UAV_8,HAP_1,HAP_0,995.219534,995.174506,0.00438,0.003947,0.183506
406,T406_UAV_10,BS_3,LEO_0,610.090737,610.011014,0.000994,0.005962,0.363829
406,T406_UAV_11,BS_3,LEO_1,884.862719,884.655775,0.047655,0.013968,0.226603
406,T406_UAV_0,BS_4,HAP_2,710.170023,709.979407,0.029939,0.020097,0.202899
406,T406_UAV_17,HAP_1,HAP_0,1208.407528,1208.358615,0.005405,0.006808,0.183506
406,T406_UAV_5,HAP_1,BS_1,741.15435,740.825053,0.056268,0.075132,0.489482
406,T406_UAV_2,HAP_1,BS_2,757.055376,756.751174,0.057263,0.041415,0.527622
406,T406_UAV_19,BS_3,LEO_1,991.395268,991.19062,0.048534,0.010793,0.226603
406,T406_UAV_16,HAP_1,HAP_0,1326.211832,1326.14839,0.00486,0.021881,0.183506
406,T406_UAV_15,BS_4,HAP_0,1775.298731,1775.245608,0.007098,0.009323,0.183506
406,T406_UAV_13,HAP_1,HAP_1,377.758763,377.512399,0.026445,0.052637,0.33641
407,T407_UAV_2,HAP_1,LEO_0,587.951782,587.773633,0.040745,0.007048,0.151782
407,T407_UAV_3,BS_0,LEO_1,137.229114,136.989853,0.044329,0.028996,0.329676
407,T407_UAV_8,HAP_1,LEO_0,591.809878,591.627765,0.040721,0.011036,0.151782
407,T407_UAV_11,BS_3,HAP_2,706.638436,706.56841,0.005966,0.017391,0.233344
407,T407_UAV_16,HAP_1,HAP_0,302.544657,302.302611,0.026666,0.02497,0.452052
407,T407_UAV_19,BS_3,LEO_0,823.373393,823.181527,0.04115,0.020359,0.151782
407,T407_UAV_18,BS_4,LEO_0,984.370051,984.182818,0.041202,0.015674,0.151782
407,T407_UAV_0,BS_4,HAP_2,804.49053,804.423124,0.004857,0.01588,0.233344
407,T407_UAV_13,HAP_1,BS_2,561.867479,561.628217,0.045074,0.047614,0.232865
407,T407_UAV_9,HAP_1,LEO_0,1174.967221,1174.774019,0.041487,0.021358,0.151782
407,T407_UAV_14,BS_4,LEO_0,1258.203525,1258.027817,0.041652,0.0037,0.151782
407,T407_UAV_4,BS_4,HAP_2,1196.538275,1196.470925,0.006805,0.013876,0.233344
407,T407_UAV_7,BS_1,LEO_0,1934.743808,1934.565115,0.042808,0.005528,0.151782
407,T407_UAV_10,BS_3,LEO_0,1940.046093,1939.855342,0.042434,0.01796,0.151782
407,T407_UAV_17,HAP_1,HAP_1,110.561399,110.339396,0.025394,0.027274,0.346673
408,T408_UAV_16,HAP_1,LEO_0,238.378474,238.129628,0.040465,0.01509,0.466455
408,T408_UAV_5,HAP_1,LEO_1,287.990105,287.751732,0.043471,0.027202,0.338503
408,T408_UAV_12,BS_4,BS_0,1202.199857,1201.924226,0.085073,0.031646,0.294563
408,T408_UAV_4,BS_4,HAP_1,539.126825,538.915181,0.027589,0.019622,0.322168
408,T408_UAV_0,BS_4,HAP_0,543.384535,543.14637,0.027503,0.034357,0.381525
408,T408_UAV_7,BS_1,HAP_2,291.312194,291.112536,0.027538,0.0096,0.3126
408,T408_UAV_2,HAP_1,LEO_0,411.37602,411.130517,0.040773,0.011439,0.466455
408,T408_UAV_13,HAP_1,LEO_1,453.020608,452.787249,0.045595,0.020063,0.338503
408,T408_UAV_9,HAP_1,HAP_0,718.204364,717.967989,0.028789,0.03128,0.381525
408,T408_UAV_10,BS_3,BS_0,2853.246558,2852.842582,0.188204,0.05686,0.294563
408,T408_UAV_1,BS_3,BS_0,2923.299762,2922.937912,0.192582,0.010355,0.294563
408,T408_UAV_19,BS_3,BS_0,3348.346565,3347.951032,0.219132,0.017488,0.294563
408,T408_UAV_15,BS_4,BS_0,3704.918404,3704.500785,0.241406,0.017301,0.294563
408,T408_UAV_17,HAP_1,HAP_1,253.917389,253.701334,0.025797,0.025825,0.322168
409,T409_UAV_8,HAP_1,LEO_1,668.09031,668.034489,0.002992,0.014778,0.190252
409,T409_UAV_15,BS_4,LEO_0,248.149892,247.907979,0.040427,0.020109,0.406882
409,T409_UAV_12,BS_4,HAP_0,737.408752,737.224854,0.027702,0.01088,0.22658
409,T409_UAV_14,BS_4,LEO_1,844.409352,844.359488,0.004161,0.007653,0.190252
409,T409_UAV_0,BS_4,HAP_1,517.534036,517.31683,0.027784,0.025694,0.318644
409,T409_UAV_16,HAP_1,LEO_1,944.25444,944.183377,0.00425,0.028763,0.190252
409,T409_UAV_1,BS_3,HAP_2,375.990553,375.789714,0.030284,0.007794,0.313807
409,T409_UAV_2,HAP_1,HAP_0,1213.624716,1213.426075,0.03011,0.023215,0.22658
409,T409_UAV_5,HAP_1,LEO_1,975.872123,975.825058,0.004424,0.004591,0.190252
409,T409_UAV_6,BS_3,LEO_0,526.451677,526.198873,0.041089,0.030338,0.406882
409,T409_UAV_11,BS_3,LEO_1,1177.023793,1176.96399,0.006279,0.015474,0.190252
409,T409_UAV_3,BS_0,HAP_0,1447.185973,1446.966324,0.032969,0.041364,0.22658
409,T409_UAV_10,BS_3,HAP_0,1598.866719,1598.669294,0.032604,0.019505,0.22658
409,T409_UAV_9,HAP_1,LEO_1,1768.837323,1768.780414,0.007769,0.011089,0.190252
409,T409_UAV_13,HAP_1,LEO_1,1799.610557,1799.558554,0.008294,0.005659,0.190252
409,T409_UAV_18,BS_4,HAP_0,1813.3366,1813.142079,0.031536,0.01767,0.22658
409,T409_UAV_19,BS_3,LEO_1,1961.372493,1961.317844,0.010413,0.006186,0.190252
409,T409_UAV_17,HAP_1,HAP_1,226.93646,226.691561,0.025713,0.055457,0.318644
410,T410_UAV_3,BS_0,LEO_0,273.416026,273.204063,0.04052,0.025779,0.228315
410,T410_UAV_6,BS_3,HAP_2,359.468707,359.268507,0.028098,0.026843,0.226292
410,T410_UAV_1,BS_3,LEO_1,268.036704,267.760662,0.043283,0.039504,0.466277
410,T410_UAV_11,BS_3,LEO_0,337.57744,337.368262,0.040581,0.022935,0.228315
410,T410_UAV_7,BS_1,HAP_0,229.571283,229.315003,0.026409,0.045307,0.422819
410,T410_UAV_19,BS_3,LEO_0,518.090086,517.897041,0.040881,0.0065,0.228315
410,T410_UAV_9,HAP_1,LEO_1,399.70913,399.448131,0.044623,0.02312,0.466277
410,T410_UAV_15,BS_4,BS_2,1606.557305,1606.301952,0.110334,0.009194,0.179127
410,T410_UAV_10,BS_3,HAP_2,658.240223,658.046513,0.029957,0.018495,0.226292
410,T410_UAV_12,BS_4,LEO_0,596.785798,596.585934,0.040942,0.013259,0.228315
410,T410_UAV_18,BS_4,HAP_2,766.73074,766.535765,0.029689,0.020027,0.226292
410,T410_UAV_17,HAP_1,BS_2,1805.067824,1804.794173,0.122733,0.015092,0.179127
410,T410_UAV_14,BS_4,BS_2,2158.651583,2158.346983,0.144819,0.023956,0.179127
410,T410_UAV_0,BS_4,BS_2,3112.931437,3112.557754,0.204428,0.03343,0.179127
410,T410_UAV_2,HAP_1,HAP_1,145.311404,145.054213,0.025475,0.032663,0.495266
411,T411_UAV_12,BS_4,LEO_0,638.783976,638.705641,0.000837,0.036287,0.206051
411,T411_UAV_17,HAP_1,LEO_1,264.88921,264.664782,0.04222,0.007596,0.37306
411,T411_UAV_2,HAP_1,HAP_0,282.76243,282.529151,0.026518,0.040602,0.330797
411,T411_UAV_18,BS_4,LEO_0,725.338425,725.270362,0.000882,0.025972,0.206051
411,T411_UAV_16,HAP_1,HAP_2,517.249154,517.01454,0.028722,0.040337,0.327781
411,T411_UAV_7,BS_1,HAP_1,562.410683,562.192547,0.028835,0.017023,0.361391
411,T411_UAV_3,BS_0,LEO_0,772.554243,772.473085,0.001187,0.038761,0.206051
411,T411_UAV_5,HAP_1,LEO_1,547.185786,546.930843,0.044809,0.035523,0.37306
411,T411_UAV_0,BS_4,LEO_0,824.960773,824.894172,0.001041,0.02435,0.206051
411,T411_UAV_9,HAP_1,LEO_0,1082.947427,1082.884256,0.001371,0.020589,0.206051
411,T411_UAV_10,BS_3,HAP_0,735.442903,735.210256,0.029613,0.036874,0.330797
411,T411_UAV_15,BS_4,HAP_1,773.631159,773.413601,0.028212,0.017069,0.361391
411,T411_UAV_4,BS_4,LEO_1,775.421544,775.191359,0.047799,0.007774,0.37306
411,T411_UAV_11,BS_3,HAP_2,784.790754,784.573546,0.032994,0.018658,0.327781
411,T411_UAV_8,HAP_1,LEO_0,1225.274086,1225.211165,0.001497,0.020214,0.206051
411,T411_UAV_1,BS_3,LEO_0,1519.90659,1519.853838,0.001933,0.009609,0.206051
411,T411_UAV_13,HAP_1,LEO_0,582.171209,582.120033,0.000693,0.009273,0.206051
412,T412_UAV_4,BS_4,LEO_1,729.828961,729.655076,0.043677,0.011096,0.095561
412,T412_UAV_15,BS_4,HAP_0,675.654334,675.475636,0.027818,0.02852,0.111804
412,T412_UAV_1,BS_3,HAP_1,210.909023,210.702377,0.026178,0.020941,0.297635
412,T412_UAV_14,BS_4,LEO_1,989.789533,989.611575,0.044882,0.013964,0.095561
412,T412_UAV_0,BS_4,HAP_2,271.14232,271.081135,0.002483,0.010079,0.243112
412,T412_UAV_13,HAP_1,HAP_0,882.806991,882.625953,0.029021,0.029657,0.111804
412,T412_UAV_9,HAP_1,LEO_1,1220.136148,1219.950014,0.045368,0.021653,0.095561
412,T412_UAV_6,BS_3,LEO_1,1488.164595,1487.981371,0.047247,0.016865,0.095561
412,T412_UAV_12,BS_4,HAP_0,1139.878606,1139.707694,0.029349,0.019203,0.111804
412,T412_UAV_19,BS_3,LEO_1,1717.993642,1717.796566,0.049096,0.028867,0.095561
412,T412_UAV_16,HAP_1,HAP_0,1382.171312,1381.981668,0.030415,0.036869,0.111804
412,T412_UAV_18,BS_4,LEO_1,1841.253627,1841.060428,0.048932,0.025155,0.095561
412,T412_UAV_2,HAP_1,LEO_1,1886.769324,1886.56213,0.04823,0.039851,0.095561
412,T412_UAV_5,HAP_1,LEO_1,951.436799,951.262992,0.044312,0.010383,0.095561
413,T413_UAV_1,BS_3,LEO_0,251.244392,250.967625,0.040416,0.038224,0.490638
413,T413_UAV_18,BS_4,LEO_1,384.66836,384.405655,0.043677,0.026892,0.460677
413,T413_UAV_11,BS_3,HAP_2,465.145185,464.946672,0.028951,0.023407,0.230774
413,T413_UAV_17,HAP_1,HAP_0,420.69132,420.455223,0.027409,0.041104,0.33792
413,T413_UAV_14,BS_4,HAP_1,597.147785,596.937234,0.027769,0.016724,0.330293
413,T413_UAV_15,BS_4,LEO_0,650.987825,650.687122,0.040994,0.061582,0.490638
413,T413_UAV_8,HAP_1,HAP_2,660.886054,660.695071,0.029751,0.015077,0.230774
413,T413_UAV_12,BS_4,LEO_1,671.087364,670.826036,0.047399,0.021794,0.460677
413,T413_UAV_6,BS_3,HAP_0,679.730422,679.503475,0.030006,0.029356,0.33792
413,T413_UAV_9,HAP_1,LEO_0,687.695613,687.446979,0.041133,0.009374,0.490638
413,T413_UAV_10,BS_3,HAP_1,720.253107,720.007573,0.028979,0.050497,0.330293
413,T413_UAV_2,HAP_1,LEO_1,725.322005,725.074273,0.04607,0.009527,0.460677
413,T413_UAV_13,HAP_1,BS_1,742.815331,742.546882,0.056376,0.017025,0.475245
413,T413_UAV_7,BS_1,BS_2,774.105714,773.864953,0.058332,0.026819,0.278048
413,T413_UAV_3,BS_0,BS_3,793.595558,793.320256,0.059548,0.05069,0.325321
413,T413_UAV_5,HAP_1,HAP_2,558.665421,558.46245,0.029185,0.027631,0.230774
414,T414_UAV_0,BS_4,LEO_0,1010.616157,1010.42806,0.041139,0.020799,0.130794
414,T414_UAV_1,BS_3,LEO_1,162.673391,162.431179,0.041987,0.031751,0.342371
414,T414_UAV_16,HAP_1,HAP_0,267.304054,267.073146,0.026244,0.033108,0.357778
414,T414_UAV_6,BS_3,HAP_1,175.456781,175.235378,0.026224,0.03483,0.301744
414,T414_UAV_15,BS_4,HAP_2,190.179105,189.974646,0.026962,0.012367,0.325654
414,T414_UAV_11,BS_3,LEO_0,1255.236935,1255.029796,0.041572,0.039409,0.130794
414,T414_UAV_8,HAP_1,LEO_1,257.845068,257.590634,0.043036,0.042923,0.342371
414,T414_UAV_7,BS_1,LEO_0,1337.398872,1337.206361,0.041721,0.024631,0.130794
414,T414_UAV_17,HAP_1,LEO_0,1400.878921,1400.672221,0.041556,0.038985,0.130794
414,T414_UAV_2,HAP_1,LEO_0,1561.679542,1561.488936,0.04177,0.022677,0.130794
414,T414_UAV_5,HAP_1,HAP_0,728.37091,728.144635,0.029372,0.025347,0.357778
414,T414_UAV_19,BS_3,LEO_0,1590.021067,1589.839723,0.041967,0.013218,0.130794
414,T414_UAV_4,BS_4,LEO_0,1938.230611,1938.030857,0.042184,0.031412,0.130794
414,T414_UAV_14,BS_4,LEO_0,2114.936587,2114.74323,0.042494,0.024704,0.130794
414,T414_UAV_18,BS_4,LEO_0,2235.948361,2235.768262,0.042437,0.011503,0.130794
414,T414_UAV_3,BS_0,LEO_0,2363.215063,2363.003717,0.043177,0.042011,0.130794
414,T414_UAV_12,BS_4,LEO_0,2589.786512,2589.5802,0.043028,0.037125,0.130794
414,T414_UAV_9,HAP_1,LEO_0,3250.200507,3249.988893,0.043685,0.041771,0.130794
414,T414_UAV_13,HAP_1,LEO_0,1055.93361,1055.724869,0.041133,0.041449,0.130794
415,T415_UAV_6,BS_3,LEO_1,312.552194,312.319199,0.042421,0.035725,0.274249
415,T415_UAV_4,BS_4,LEO_0,307.714365,307.44422,0.040501,0.034484,0.475801
415,T415_UAV_7,BS_1,HAP_0,406.732341,406.540979,0.026826,0.043528,0.105037
415,T415_UAV_17,HAP_1,HAP_2,478.181743,477.984501,0.02846,0.019423,0.246797
415,T415_UAV_12,BS_4,LEO_1,498.053678,497.822959,0.044384,0.031485,0.274249
415,T415_UAV_11,BS_3,HAP_1,578.131668,577.886562,0.02873,0.051236,0.325699
415,T415_UAV_13,HAP_1,HAP_0,436.468766,436.304463,0.027147,0.016148,0.105037
415,T415_UAV_19,BS_3,LEO_0,649.944487,649.643773,0.041212,0.064342,0.475801
415,T415_UAV_15,BS_4,LEO_1,627.168572,626.91287,0.044756,0.056095,0.274249
415,T415_UAV_10,BS_3,HAP_1,679.493686,679.265081,0.028769,0.034697,0.325699
415,T415_UAV_16,HAP_1,LEO_0,686.659418,686.386548,0.041167,0.036543,0.475801
415,T415_UAV_8,HAP_1,HAP_2,1077.690402,1077.482614,0.032744,0.025684,0.246797
415,T415_UAV_3,BS_0,BS_2,721.418814,721.178688,0.055041,0.026283,0.294005
415,T415_UAV_2,HAP_1,HAP_0,776.683597,776.527526,0.028726,0.006337,0.105037
415,T415_UAV_9,HAP_1,BS_1,759.786393,759.507899,0.057436,0.043922,0.385681
415,T415_UAV_1,BS_3,LEO_1,1051.730125,1051.485155,0.047589,0.042531,0.274249
415,T415_UAV_14,BS_4,HAP_2,1183.834041,1183.64193,0.031438,0.011314,0.246797
415,T415_UAV_5,HAP_1,BS_0,217.506613,217.284084,0.023563,0.028373,0.352963
416,T416_UAV_16,HAP_1,HAP_0,756.560724,756.479696,0.002858,0.039068,0.195513
416,T416_UAV_5,HAP_1,LEO_0,311.969242,311.699197,0.040548,0.051629,0.389343
416,T416_UAV_11,BS_3,LEO_1,360.910594,360.695928,0.045394,0.025141,0.220655
416,T416_UAV_12,BS_4,HAP_2,298.615556,298.561539,0.002599,0.006155,0.22632
416,T416_UAV_3,BS_0,HAP_0,819.807131,819.756112,0.004516,0.007399,0.195513
416,T416_UAV_15,BS_4,LEO_1,457.257135,457.050938,0.045932,0.016133,0.220655
416,T416_UAV_7,BS_1,BS_2,917.413706,917.201829,0.067286,0.008573,0.180084
416,T416_UAV_8,HAP_1,LEO_0,514.982021,514.698994,0.040921,0.064237,0.389343
416,T416_UAV_19,BS_3,HAP_0,1639.094546,1639.017567,0.00891,0.028966,0.195513
416,T416_UAV_14,BS_4,HAP_0,1688.624858,1688.570863,0.005106,0.009787,0.195513
416,T416_UAV_4,BS_4,BS_2,1416.774129,1416.509882,0.098478,0.029753,0.180084
416,T416_UAV_13,HAP_1,HAP_0,571.073413,571.013708,0.002465,0.018137,0.195513
417,T417_UAV_10,BS_3,LEO_0,216.848794,216.613664,0.040356,0.044064,0.253552
417,T417_UAV_7,BS_1,LEO_1,234.576723,234.349593,0.042856,0.026431,0.289215
417,T417_UAV_14,BS_4,HAP_0,311.903327,311.679223,0.026115,0.028028,0.349806
417,T417_UAV_8,HAP_1,HAP_2,320.496215,320.30964,0.027704,0.006004,0.264339
417,T417_UAV_0,BS_4,HAP_1,334.719215,334.463381,0.026765,0.0704,0.293344
417,T417_UAV_13,HAP_1,LEO_0,400.302616,400.072529,0.040611,0.038765,0.253552
417,T417_UAV_19,BS_3,LEO_1,424.959301,424.71568,0.044516,0.041262,0.289215
417,T417_UAV_17,HAP_1,HAP_0,478.123047,477.905908,0.027721,0.019456,0.349806
417,T417_UAV_4,BS_4,HAP_1,490.670528,490.436903,0.027333,0.047624,0.293344
417,T417_UAV_9,HAP_1,LEO_0,553.984323,553.77759,0.040913,0.015109,0.253552
417,T417_UAV_2,HAP_1,LEO_1,602.476055,602.252202,0.045036,0.020974,0.289215
417,T417_UAV_1,BS_3,HAP_2,705.078096,704.871025,0.031927,0.022276,0.264339
417,T417_UAV_5,HAP_1,BS_1,711.742218,711.428015,0.054432,0.064841,0.47465
417,T417_UAV_11,BS_3,BS_2,727.62847,727.416207,0.055431,0.006794,0.250189
417,T417_UAV_16,HAP_1,BS_0,210.370347,210.128715,0.023116,0.025633,0.464411
418,T418_UAV_14,BS_4,LEO_0,916.124725,915.948889,0.04118,0.014917,0.098691
418,T418_UAV_13,HAP_1,LEO_1,203.145171,203.082195,0.004525,0.016928,0.207615
418,T418_UAV_11,BS_3,LEO_0,939.55896,939.372157,0.041292,0.025773,0.098691
418,T418_UAV_12,BS_4,LEO_0,1110.38503,1110.189668,0.041412,0.034211,0.098691
418,T418_UAV_16,HAP_1,HAP_2,396.250868,396.183236,0.003907,0.017482,0.231219
418,T418_UAV_8,HAP_1,BS_2,973.393173,973.155548,0.070782,0.032773,0.17035
418,T418_UAV_17,HAP_1,LEO_0,1626.022407,1625.845388,0.041956,0.015324,0.098691
418,T418_UAV_1,BS_3,LEO_0,1906.627032,1906.457289,0.042364,0.007641,0.098691
418,T418_UAV_9,HAP_1,LEO_0,2000.586842,2000.410108,0.042464,0.014532,0.098691
418,T418_UAV_18,BS_4,BS_2,1522.227184,1521.963918,0.105065,0.024131,0.17035
418,T418_UAV_4,BS_4,LEO_0,2086.07588,2085.894249,0.042544,0.019349,0.098691
418,T418_UAV_10,BS_3,LEO_0,2200.733386,2200.534565,0.04271,0.036373,0.098691
418,T418_UAV_7,BS_1,LEO_0,2330.487082,2330.28944,0.043302,0.034602,0.098691
418,T418_UAV_2,HAP_1,HAP_1,132.656434,132.388703,0.025429,0.083063,0.296192
419,T419_UAV_6,BS_3,LEO_0,277.30227,277.036604,0.040489,0.03057,0.473036
419,T419_UAV_1,BS_3,LEO_1,450.94372,450.744492,0.043248,0.009572,0.232041
419,T419_UAV_0,BS_4,HAP_0,396.64131,396.441827,0.026776,0.007095,0.328064
419,T419_UAV_15,BS_4,HAP_1,437.585927,437.359065,0.026794,0.033372,0.333481
419,T419_UAV_17,HAP_1,HAP_2,460.804773,460.739903,0.003912,0.005365,0.277962
419,T419_UAV_2,HAP_1,LEO_1,635.658523,635.4607,0.044315,0.007099,0.232041
419,T419_UAV_10,BS_0,LEO_0,501.821764,501.542725,0.040827,0.043605,0.473036
419,T419_UAV_5,HAP_1,HAP_0,536.009811,535.771247,0.028208,0.044744,0.328064
419,T419_UAV_18,BS_4,HAP_2,565.514643,565.42643,0.004065,0.028556,0.277962
419,T419_UAV_4,BS_4,LEO_1,830.955539,830.753337,0.046695,0.009098,0.232041
419,T419_UAV_11,BS_3,HAP_1,669.396841,669.131903,0.02932,0.068922,0.333481
419,T419_UAV_9,HAP_1,LEO_0,673.155559,672.86201,0.04111,0.057832,0.473036
419,T419_UAV_7,BS_1,BS_2,706.640008,706.370169,0.054116,0.040164,0.377795
419,T419_UAV_13,HAP_1,BS_1,784.021135,783.716419,0.058948,0.067053,0.393576
419,T419_UAV_3,BS_0,LEO_1,952.149022,951.935169,0.049113,0.018333,0.232041
419,T419_UAV_8,HAP_1,BS_0,209.718082,209.417034,0.023072,0.052064,0.629563
420,T420_UAV_1,BS_3,LEO_0,215.36326,215.145875,0.040357,0.009846,0.335902
420,T420_UAV_16,HAP_1,LEO_1,374.256246,374.022992,0.043212,0.017591,0.36226
420,T420_UAV_18,BS_4,HAP_0,508.872073,508.664298,0.026972,0.025416,0.276934
420,T420_UAV_15,BS_4,HAP_2,578.8406,578.631794,0.028773,0.027459,0.26287
420,T420_UAV_19,BS_3,HAP_1,398.698265,398.439279,0.027527,0.061633,0.34913
420,T420_UAV_2,HAP_1,LEO_0,420.523626,420.275881,0.040691,0.039873,0.335902
420,T420_UAV_9,HAP_1,LEO_1,422.411598,422.184123,0.043602,0.011421,0.36226
420,T420_UAV_14,BS_4,HAP_0,868.651801,868.45035,0.027696,0.018369,0.276934
420,T420_UAV_10,BS_0,HAP_2,670.048193,669.850663,0.030061,0.014895,0.26287
420,T420_UAV_7,BS_1,BS_2,457.369392,457.128837,0.038546,0.045264,0.28372
420,T420_UAV_5,HAP_1,LEO_0,502.128895,501.910268,0.04078,0.010667,0.335902
420,T420_UAV_4,BS_4,HAP_1,502.918837,502.663636,0.027384,0.057991,0.34913
420,T420_UAV_3,BS_0,LEO_1,715.929211,715.663087,0.048595,0.045077,0.36226
420,T420_UAV_11,BS_3,BS_1,738.789963,738.50475,0.056123,0.03749,0.457994
420,T420_UAV_17,HAP_1,HAP_0,1011.660184,1011.445158,0.029705,0.029935,0.276934
420,T420_UAV_13,HAP_1,HAP_2,1102.639597,1102.424974,0.032821,0.029229,0.26287
420,T420_UAV_12,BS_4,HAP_0,1528.950243,1528.755917,0.03071,0.00823,0.276934
420,T420_UAV_8,HAP_1,BS_0,237.835699,237.601305,0.024833,0.031897,0.38832
421,T421_UAV_14,BS_4,LEO_0,279.11834,278.906664,0.040489,0.014208,0.284898
421,T421_UAV_15,BS_4,LEO_1,347.772848,347.695954,0.003264,0.028555,0.225379
421,T421_UAV_1,BS_3,HAP_2,385.630492,385.57321,0.003796,0.00799,0.227475
421,T421_UAV_0,BS_4,HAP_0,405.881917,405.643118,0.026808,0.044944,0.335237
421,T421_UAV_12,BS_4,HAP_1,576.371713,576.145649,0.028261,0.024914,0.364445
421,T421_UAV_2,HAP_1,LEO_0,464.577801,464.349355,0.040764,0.030703,0.284898
421,T421_UAV_7,BS_1,LEO_1,593.883308,593.819838,0.007274,0.011121,0.225379
421,T421_UAV_19,BS_3,HAP_0,606.013159,605.806518,0.029516,0.010077,0.335237
421,T421_UAV_3,BS_0,HAP_1,656.872544,656.611506,0.029869,0.058281,0.364445
421,T421_UAV_13,HAP_1,LEO_0,689.662303,689.452053,0.041057,0.012213,0.284898
421,T421_UAV_9,HAP_1,LEO_1,697.235951,697.176615,0.005964,0.008296,0.225379
421,T421_UAV_10,BS_0,HAP_2,733.028899,732.945795,0.006564,0.031045,0.227475
421,T421_UAV_5,HAP_1,BS_2,760.320266,760.22069,0.04749,0.010284,0.209007
421,T421_UAV_8,HAP_1,BS_1,391.879516,391.600135,0.034453,0.074648,0.351403
422,T422_UAV_13,HAP_1,LEO_0,1147.66482,1147.45351,0.041305,0.030465,0.197695
422,T422_UAV_16,HAP_1,LEO_1,268.76766,268.680332,0.003164,0.023222,0.304716
422,T422_UAV_11,BS_3,HAP_0,438.430171,438.369647,0.003316,0.014976,0.211164
422,T422_UAV_0,BS_4,HAP_1,469.062091,468.818913,0.027446,0.056817,0.294574
422,T422_UAV_5,HAP_1,LEO_0,1212.766118,1212.550879,0.041393,0.034307,0.197695
422,T422_UAV_2,HAP_1,HAP_2,241.743729,241.66132,0.002701,0.016889,0.314099
422,T422_UAV_4,BS_4,LEO_0,1214.451008,1214.236847,0.041441,0.033181,0.197695
422,T422_UAV_19,BS_3,LEO_1,441.461899,441.383268,0.00652,0.011168,0.304716
422,T422_UAV_3,BS_0,LEO_0,1506.926276,1506.691879,0.042156,0.052702,0.197695
422,T422_UAV_15,BS_4,HAP_0,725.169436,725.104812,0.003554,0.018837,0.211164
422,T422_UAV_6,BS_3,HAP_1,765.736493,765.530197,0.029198,0.018184,0.294574
422,T422_UAV_1,BS_3,LEO_0,1677.61756,1677.390663,0.042032,0.045325,0.197695
422,T422_UAV_8,HAP_1,LEO_0,1758.27419,1758.053119,0.042053,0.039479,0.197695
422,T422_UAV_12,BS_4,LEO_0,2456.378503,2456.169198,0.043047,0.026719,0.197695
422,T422_UAV_10,BS_0,LEO_0,2477.420168,2477.205121,0.042987,0.032521,0.197695
422,T422_UAV_18,BS_4,LEO_0,2558.661978,2558.438002,0.042948,0.041489,0.197695
422,T422_UAV_17,HAP_1,LEO_0,1055.386154,1055.174802,0.041238,0.030574,0.197695
423,T423_UAV_0,BS_4,LEO_0,237.187175,236.92041,0.040384,0.036402,0.449896
423,T423_UAV_10,BS_0,LEO_1,398.203782,398.001408,0.04333,0.016173,0.214358
423,T423_UAV_11,BS_3,HAP_0,313.476444,313.291253,0.02737,0.008128,0.248466
423,T423_UAV_12,BS_4,HAP_1,354.566912,354.321242,0.026999,0.051869,0.334006
423,T423_UAV_19,BS_3,HAP_2,359.681878,359.49343,0.028685,0.005193,0.272848
423,T423_UAV_16,HAP_1,LEO_1,538.48578,538.290619,0.043739,0.00855,0.214358
423,T423_UAV_7,BS_1,BS_0,976.204275,975.967512,0.070957,0.02908,0.183627
423,T423_UAV_5,HAP_1,LEO_0,737.968312,737.722007,0.041146,0.01518,0.449896
423,T423_UAV_4,BS_4,HAP_0,698.603784,698.419132,0.027871,0.007088,0.248466
423,T423_UAV_18,BS_4,LEO_1,935.104569,934.904979,0.047152,0.009566,0.214358
423,T423_UAV_15,BS_4,HAP_2,737.913528,737.724255,0.030572,0.004132,0.272848
423,T423_UAV_6,BS_3,HAP_1,755.911414,755.668384,0.029138,0.047091,0.334006
423,T423_UAV_3,BS_0,LEO_0,768.077159,767.828516,0.041602,0.017062,0.449896
423,T423_UAV_17,HAP_1,BS_0,1614.333712,1614.054268,0.110818,0.031901,0.183627
423,T423_UAV_9,HAP_1,LEO_1,1008.4773,1008.27444,0.047006,0.012982,0.214358
423,T423_UAV_8,HAP_1,BS_0,2634.590387,2634.233615,0.174547,0.045499,0.183627
423,T423_UAV_2,HAP_1,BS_0,2761.525837,2761.196145,0.182479,0.010487,0.183627
424,T424_UAV_9,HAP_1,LEO_0,97.763032,97.503647,0.040236,0.057143,0.31003
424,T424_UAV_1,BS_3,LEO_1,214.13989,214.06548,0.002624,0.022059,0.248637
424,T424_UAV_16,HAP_1,HAP_0,494.323973,494.256233,0.002392,0.019839,0.227545
424,T424_UAV_10,BS_0,HAP_2,258.518482,258.451819,0.003258,0.016234,0.235854
424,T424_UAV_13,HAP_1,BS_2,1393.461311,1393.207893,0.097022,0.016958,0.197191
424,T424_UAV_7,BS_1,LEO_1,348.413937,348.343635,0.006008,0.014567,0.248637
424,T424_UAV_0,BS_4,BS_2,1401.698918,1401.426132,0.097535,0.035812,0.197191
424,T424_UAV_6,BS_3,BS_2,2916.222226,2915.869478,0.192141,0.021169,0.197191
424,T424_UAV_14,BS_4,BS_2,3735.497157,3735.08549,0.243316,0.028913,0.197191
424,T424_UAV_11,BS_3,BS_2,3941.591718,3941.179604,0.256191,0.016485,0.197191
424,T424_UAV_2,HAP_1,HAP_0,228.7179,228.65917,0.001234,0.011987,0.227545
425,T425_UAV_10,BS_0,LEO_1,417.56009,417.494686,0.003506,0.005163,0.283679
425,T425_UAV_2,HAP_1,LEO_0,451.899539,451.672717,0.040742,0.012622,0.367288
425,T425_UAV_4,BS_4,HAP_1,430.826414,430.587383,0.027031,0.063673,0.241636
425,T425_UAV_12,BS_4,HAP_2,705.302916,705.240249,0.004025,0.004854,0.268941
425,T425_UAV_15,BS_4,HAP_0,585.626675,585.530188,0.002855,0.028309,0.326615
425,T425_UAV_17,HAP_1,LEO_1,687.518982,687.450329,0.004762,0.007156,0.283679
425,T425_UAV_7,BS_1,LEO_0,586.606105,586.370779,0.04117,0.020699,0.367288
425,T425_UAV_6,BS_3,HAP_1,559.857228,559.659583,0.028056,0.021262,0.241636
425,T425_UAV_18,BS_4,LEO_1,782.720692,782.627151,0.005981,0.030824,0.283679
425,T425_UAV_3,BS_0,HAP_2,922.648911,922.578797,0.007683,0.008642,0.268941
425,T425_UAV_13,HAP_1,HAP_0,687.845384,687.761011,0.003828,0.015223,0.326615
425,T425_UAV_11,BS_3,LEO_0,691.613812,691.373889,0.041327,0.025138,0.367288
425,T425_UAV_16,HAP_1,LEO_1,991.443481,991.359984,0.006879,0.019883,0.283679
425,T425_UAV_9,HAP_1,HAP_2,1163.737535,1163.667117,0.007706,0.008923,0.268941
425,T425_UAV_5,HAP_1,BS_1,358.398393,358.158318,0.032364,0.018338,0.446871
426,T426_UAV_18,BS_4,LEO_0,992.37556,992.189265,0.041119,0.018835,0.131704
426,T426_UAV_11,BS_3,LEO_1,94.333915,94.240875,0.00258,0.013596,0.38432
426,T426_UAV_3,BS_0,LEO_0,1387.718743,1387.528681,0.04193,0.02179,0.131704
426,T426_UAV_5,HAP_1,HAP_0,304.32805,304.218392,0.002329,0.03011,0.386092
426,T426_UAV_6,BS_3,LEO_0,1576.235968,1576.023017,0.041932,0.044679,0.131704
426,T426_UAV_10,BS_0,LEO_0,1835.916362,1835.693061,0.042173,0.054787,0.131704
426,T426_UAV_8,HAP_1,LEO_0,2051.715179,2051.504889,0.042352,0.041596,0.131704
426,T426_UAV_7,BS_1,LEO_0,2242.52898,2242.337605,0.043032,0.022002,0.131704
426,T426_UAV_14,BS_4,LEO_0,2612.021857,2611.824639,0.043203,0.027675,0.131704
426,T426_UAV_1,BS_3,LEO_0,2753.480567,2753.282953,0.04327,0.028003,0.131704
426,T426_UAV_15,BS_4,LEO_0,2778.197291,2778.012698,0.043086,0.015166,0.131704
426,T426_UAV_4,BS_4,LEO_0,2781.959686,2781.74358,0.043223,0.046542,0.131704
426,T426_UAV_13,HAP_1,LEO_0,992.993792,992.793661,0.041108,0.032682,0.131704
427,T427_UAV_12,BS_4,LEO_1,315.355388,315.160134,0.042753,0.008995,0.217531
427,T427_UAV_0,BS_4,LEO_0,250.336356,250.058376,0.040406,0.041767,0.479034
427,T427_UAV_2,HAP_1,HAP_0,495.600738,495.406697,0.027381,0.015124,0.257682
427,T427_UAV_3,BS_0,HAP_1,332.037317,331.805893,0.027444,0.044161,0.299093
427,T427_UAV_17,HAP_1,HAP_2,398.656328,398.439195,0.028347,0.022515,0.331355
427,T427_UAV_19,BS_3,LEO_1,598.235893,598.031238,0.045055,0.016093,0.217531
427,T427_UAV_5,HAP_1,LEO_0,465.922911,465.674663,0.040722,0.011718,0.479034
427,T427_UAV_16,HAP_1,HAP_0,705.048691,704.855034,0.028099,0.014021,0.257682
427,T427_UAV_4,BS_4,HAP_1,477.957817,477.754822,0.027249,0.015927,0.299093
427,T427_UAV_14,BS_4,LEO_0,508.62122,508.340597,0.040885,0.04393,0.479034
427,T427_UAV_11,BS_3,LEO_1,770.835067,770.640214,0.046581,0.004765,0.217531
427,T427_UAV_1,BS_3,HAP_2,668.609567,668.389835,0.031587,0.021874,0.331355
427,T427_UAV_7,BS_1,BS_2,697.816159,697.59508,0.053568,0.011838,0.278359
427,T427_UAV_18,BS_4,BS_1,701.376107,701.086138,0.053786,0.051287,0.424476
427,T427_UAV_9,HAP_1,LEO_1,1060.916072,1060.715961,0.047399,0.009207,0.217531
427,T427_UAV_8,HAP_1,HAP_0,460.991767,460.794893,0.027297,0.018041,0.257682
428,T428_UAV_10,BS_0,LEO_0,228.829559,228.59329,0.04038,0.029788,0.330507
428,T428_UAV_3,BS_0,LEO_1,310.939876,310.875406,0.003711,0.015706,0.225269
428,T428_UAV_11,BS_3,HAP_0,315.791373,315.601007,0.027404,0.014771,0.240958
428,T428_UAV_2,HAP_1,HAP_2,372.716769,372.514402,0.028027,0.033794,0.202736
428,T428_UAV_4,BS_4,HAP_1,424.175392,423.929093,0.026993,0.065409,0.269483
428,T428_UAV_5,HAP_1,LEO_1,441.594395,441.524275,0.003903,0.021164,0.225269
428,T428_UAV_15,BS_4,LEO_0,512.027144,511.792502,0.040782,0.027759,0.330507
428,T428_UAV_14,BS_4,BS_2,1598.878794,1598.616972,0.109854,0.01203,0.199693
428,T428_UAV_12,BS_4,HAP_0,593.202991,593.009377,0.027531,0.017891,0.240958
428,T428_UAV_6,BS_3,HAP_1,634.923259,634.72518,0.028452,0.015731,0.269483
428,T428_UAV_17,HAP_1,LEO_0,706.572375,706.317574,0.041127,0.047573,0.330507
428,T428_UAV_16,HAP_1,LEO_1,760.028532,759.951945,0.006476,0.025058,0.225269
428,T428_UAV_1,BS_3,HAP_2,762.085499,761.901221,0.032512,0.011219,0.202736
428,T428_UAV_8,HAP_1,BS_2,1764.928903,1764.643712,0.120225,0.025027,0.199693
428,T428_UAV_7,BS_1,BS_2,1859.737396,1859.443992,0.126147,0.027318,0.199693
428,T428_UAV_13,HAP_1,BS_1,253.392606,253.128883,0.025803,0.042986,0.474669
429,T429_UAV_0,BS_4,LEO_0,309.892951,309.698721,0.040463,0.010191,0.217879
429,T429_UAV_14,BS_4,LEO_1,251.660235,251.590365,0.002495,0.009282,0.290465
429,T429_UAV_15,BS_4,HAP_0,445.240865,445.18928,0.001941,0.013025,0.183098
429,T429_UAV_5,HAP_1,HAP_2,460.342589,460.161013,0.028427,0.015033,0.19058
429,T429_UAV_1,BS_3,HAP_1,369.640276,369.423998,0.0267,0.029748,0.299146
429,T429_UAV_13,HAP_1,LEO_0,500.159456,499.917657,0.04071,0.057513,0.217879
429,T429_UAV_17,HAP_1,LEO_1,395.518689,395.435255,0.00339,0.021952,0.290465
429,T429_UAV_6,BS_3,HAP_0,600.931051,600.885968,0.003722,0.004741,0.183098
429,T429_UAV_11,BS_3,HAP_1,443.603012,443.400953,0.027864,0.014365,0.299146
429,T429_UAV_7,BS_1,HAP_2,668.947588,668.760278,0.028912,0.020282,0.19058
429,T429_UAV_16,HAP_1,LEO_0,846.29181,846.087264,0.041318,0.019653,0.217879
429,T429_UAV_3,BS_0,LEO_1,643.36426,643.29409,0.007671,0.004405,0.290465
429,T429_UAV_2,HAP_1,BS_1,726.801167,726.499845,0.055374,0.078421,0.337639
429,T429_UAV_4,BS_4,HAP_0,773.824768,773.770582,0.002938,0.014629,0.183098
429,T429_UAV_19,BS_3,HAP_2,950.133858,949.942237,0.033142,0.020363,0.19058
429,T429_UAV_8,HAP_1,LEO_0,376.859523,376.64821,0.040554,0.027183,0.217879
430,T430_UAV_14,BS_4,LEO_0,501.01966,500.826732,0.040746,0.025675,0.132533
430,T430_UAV_15,BS_4,HAP_0,536.124015,535.924159,0.027331,0.028996,0.217645
430,T430_UAV_8,HAP_1,LEO_1,435.681278,435.57855,0.005043,0.020327,0.386788
430,T430_UAV_7,BS_1,HAP_2,672.74726,672.548011,0.029515,0.0129,0.284172
430,T430_UAV_0,BS_4,LEO_0,870.586559,870.384487,0.041226,0.03434,0.132533
430,T430_UAV_19,BS_3,HAP_1,396.612898,396.391803,0.028244,0.027556,0.326477
430,T430_UAV_17,HAP_1,LEO_1,453.342021,453.241397,0.005336,0.017931,0.386788
430,T430_UAV_3,BS_0,LEO_0,940.122979,939.908274,0.041636,0.046563,0.132533
430,T430_UAV_2,HAP_1,HAP_0,1049.096362,1048.905392,0.030046,0.017395,0.217645
430,T430_UAV_1,BS_3,HAP_2,700.584605,700.384571,0.031909,0.011291,0.284172
430,T430_UAV_9,HAP_1,LEO_0,1264.707984,1264.487957,0.041808,0.051713,0.132533
430,T430_UAV_16,HAP_1,HAP_0,1167.945551,1167.760842,0.030185,0.010996,0.217645
430,T430_UAV_18,BS_4,LEO_0,1321.667288,1321.462016,0.041794,0.036971,0.132533
431,T431_UAV_18,BS_4,LEO_0,296.279436,296.105962,0.040426,0.008528,0.1226
431,T431_UAV_10,BS_0,LEO_1,314.782018,314.586254,0.042651,0.011086,0.210134
431,T431_UAV_6,BS_3,HAP_0,329.949164,329.886481,0.002351,0.020927,0.197022
431,T431_UAV_4,BS_4,HAP_2,407.307538,407.243857,0.002735,0.015969,0.224885
431,T431_UAV_3,BS_0,LEO_0,661.704165,661.511908,0.041237,0.0265,0.1226
431,T431_UAV_1,BS_3,HAP_1,740.609375,740.362786,0.028408,0.047578,0.353011
431,T431_UAV_16,HAP_1,LEO_1,827.93745,827.732273,0.0457,0.017451,0.210134
431,T431_UAV_9,HAP_1,HAP_0,535.775483,535.702086,0.002648,0.031345,0.197022
431,T431_UAV_0,BS_4,LEO_0,781.711869,781.507071,0.04117,0.039108,0.1226
431,T431_UAV_7,BS_1,HAP_2,661.403106,661.330111,0.004445,0.023572,0.224885
431,T431_UAV_5,HAP_1,LEO_1,897.986904,897.789873,0.046425,0.008579,0.210134
431,T431_UAV_13,HAP_1,BS_2,683.401609,683.164351,0.052666,0.026629,0.289814
431,T431_UAV_19,BS_3,HAP_1,744.621944,744.384822,0.029691,0.036828,0.353011
431,T431_UAV_8,HAP_1,LEO_0,965.209378,965.021732,0.041423,0.021704,0.1226
431,T431_UAV_14,BS_4,LEO_1,1030.528211,1030.332312,0.048222,0.00565,0.210134
432,T432_UAV_16,HAP_1,LEO_0,504.148297,504.091302,0.000786,0.009576,0.233168
432,T432_UAV_6,BS_3,LEO_1,383.174716,383.107204,0.003704,0.016106,0.238514
432,T432_UAV_5,HAP_1,HAP_0,399.394322,399.320184,0.002376,0.012336,0.297127
432,T432_UAV_14,BS_4,HAP_1,493.233245,492.974056,0.027347,0.060557,0.356426
432,T432_UAV_11,BS_3,HAP_2,528.701338,528.497326,0.03054,0.026945,0.232637
432,T432_UAV_3,BS_0,LEO_0,716.821088,716.756505,0.001341,0.01661,0.233168
432,T432_UAV_1,BS_3,LEO_1,564.036478,563.979056,0.005017,0.004703,0.238514
432,T432_UAV_9,HAP_1,LEO_0,879.428811,879.349005,0.001339,0.031834,0.233168
432,T432_UAV_0,BS_4,HAP_0,738.938478,738.867181,0.003209,0.008663,0.297127
432,T432_UAV_15,BS_4,HAP_1,740.496052,740.22588,0.027984,0.070903,0.356426
432,T432_UAV_10,BS_0,LEO_1,744.260792,744.197891,0.007847,0.007351,0.238514
432,T432_UAV_4,BS_4,HAP_2,758.435102,758.250278,0.030095,0.008201,0.232637
432,T432_UAV_19,BS_3,BS_1,775.088855,774.769492,0.058389,0.056748,0.521131
432,T432_UAV_13,HAP_1,LEO_0,474.488801,474.419704,0.000676,0.021788,0.233168
433,T433_UAV_10,BS_0,LEO_0,302.413432,302.352973,0.000507,0.007346,0.26303
433,T433_UAV_9,HAP_1,LEO_1,207.264395,207.067997,0.042453,0.012089,0.209277
433,T433_UAV_3,BS_0,HAP_0,243.827771,243.64338,0.02749,0.005648,0.256269
433,T433_UAV_15,BS_4,HAP_1,263.023063,262.79801,0.026255,0.041633,0.285827
433,T433_UAV_19,BS_3,HAP_2,264.833327,264.778055,0.003982,0.006793,0.222483
433,T433_UAV_0,BS_4,BS_0,2379.76621,2379.436787,0.15863,0.043851,0.134708
433,T433_UAV_13,HAP_1,LEO_0,591.524868,591.440087,0.000913,0.031262,0.26303
433,T433_UAV_7,BS_1,LEO_1,509.091068,508.89139,0.048811,0.009011,0.209277
433,T433_UAV_14,BS_4,BS_0,2578.520141,2578.183089,0.171046,0.039064,0.134708
433,T433_UAV_4,BS_4,BS_0,2579.842412,2579.53485,0.17113,0.00949,0.134708
433,T433_UAV_12,BS_4,BS_0,2666.759396,2666.415762,0.176558,0.040135,0.134708
433,T433_UAV_5,HAP_1,BS_0,2904.17128,2903.801707,0.191387,0.051245,0.134708
433,T433_UAV_11,BS_3,BS_0,2976.384716,2976.004959,0.195897,0.056918,0.134708
433,T433_UAV_8,HAP_1,BS_0,3940.587806,3940.155832,0.256127,0.048906,0.134708
433,T433_UAV_16,HAP_1,BS_0,4408.327459,4407.898996,0.285346,0.016176,0.134708
433,T433_UAV_6,BS_3,BS_0,6672.715537,6672.145479,0.426791,0.016326,0.134708
433,T433_UAV_17,HAP_1,LEO_0,284.474937,284.410983,0.000454,0.010894,0.26303
434,T434_UAV_12,BS_4,LEO_1,311.411588,311.208359,0.043382,0.017948,0.209494
434,T434_UAV_6,BS_3,LEO_0,124.462598,124.375688,0.000321,0.012608,0.369908
434,T434_UAV_15,BS_4,HAP_0,782.320158,782.148035,0.028158,0.005917,0.190235
434,T434_UAV_1,BS_3,HAP_1,438.632371,438.436127,0.027018,0.011293,0.289667
434,T434_UAV_9,HAP_1,HAP_2,460.533784,460.328739,0.028477,0.020083,0.282426
434,T434_UAV_5,HAP_1,LEO_1,553.372685,553.170333,0.04489,0.015563,0.209494
434,T434_UAV_19,BS_3,HAP_0,810.527256,810.350727,0.029771,0.00871,0.190235
434,T434_UAV_13,HAP_1,BS_2,603.966334,603.772171,0.047707,0.00944,0.185079
434,T434_UAV_0,BS_4,HAP_1,716.131169,715.87915,0.028632,0.065454,0.289667
434,T434_UAV_17,HAP_1,LEO_1,714.947298,714.748171,0.046153,0.011075,0.209494
434,T434_UAV_8,HAP_1,HAP_2,772.253261,772.055702,0.031481,0.009593,0.282426
434,T434_UAV_2,HAP_1,HAP_0,1360.372002,1360.178509,0.031075,0.024372,0.190235
434,T434_UAV_14,BS_4,HAP_0,404.087385,403.911059,0.026269,0.01201,0.190235
435,T435_UAV_7,BS_1,LEO_1,274.54898,274.495896,0.002694,0.00969,0.203499
435,T435_UAV_2,HAP_1,LEO_0,193.756171,193.520908,0.040362,0.027808,0.335461
435,T435_UAV_18,BS_4,HAP_0,187.513407,187.29519,0.026092,0.024263,0.339315
435,T435_UAV_1,BS_3,HAP_1,197.398345,197.188645,0.026103,0.015279,0.34159
435,T435_UAV_19,BS_3,HAP_2,464.018219,463.941221,0.004812,0.025573,0.233062
435,T435_UAV_5,HAP_1,BS_2,855.323715,855.09689,0.063407,0.027337,0.180403
435,T435_UAV_6,BS_3,LEO_1,656.925061,656.858325,0.005118,0.020919,0.203499
435,T435_UAV_14,BS_4,BS_3,1487.150763,1486.89226,0.102874,0.01696,0.193344
435,T435_UAV_0,BS_4,LEO_1,742.198425,742.135145,0.006176,0.016404,0.203499
435,T435_UAV_3,BS_0,HAP_2,627.819453,627.739673,0.006292,0.026876,0.233062
435,T435_UAV_11,BS_3,LEO_1,1005.00852,1004.93787,0.008545,0.021405,0.203499
435,T435_UAV_4,BS_4,BS_2,1666.447104,1666.169038,0.114074,0.027912,0.180403
435,T435_UAV_15,BS_4,BS_3,2198.743192,2198.42452,0.147323,0.03268,0.193344
435,T435_UAV_9,HAP_1,BS_2,2387.904767,2387.577157,0.159139,0.032391,0.180403
435,T435_UAV_10,BS_0,BS_3,2397.097191,2396.756014,0.159712,0.042795,0.193344
435,T435_UAV_13,HAP_1,LEO_0,135.224026,135.002441,0.040235,0.014258,0.335461
436,T436_UAV_13,HAP_1,LEO_0,323.308577,323.234642,0.000499,0.02837,0.22533
436,T436_UAV_2,HAP_1,LEO_1,338.442901,338.375158,0.00282,0.009723,0.276
436,T436_UAV_15,BS_4,HAP_0,463.044358,462.833736,0.027212,0.033768,0.248207
436,T436_UAV_12,BS_4,HAP_1,464.467776,464.266069,0.027582,0.028344,0.228907
436,T436_UAV_0,BS_4,HAP_2,281.64206,281.571964,0.002501,0.007769,0.29913
436,T436_UAV_19,BS_3,LEO_0,646.984989,646.92213,0.001215,0.016577,0.22533
436,T436_UAV_9,HAP_1,LEO_1,676.114574,676.043089,0.005871,0.010413,0.276
436,T436_UAV_6,BS_3,LEO_0,770.115623,770.041707,0.001321,0.027529,0.22533
436,T436_UAV_7,BS_1,HAP_0,773.463,773.269507,0.028963,0.014888,0.248207
436,T436_UAV_14,BS_4,HAP_1,792.224044,791.992678,0.028784,0.0568,0.228907
436,T436_UAV_16,HAP_1,LEO_1,234.452405,234.381056,0.001978,0.014171,0.276
437,T437_UAV_10,BS_0,LEO_0,346.418105,346.234804,0.040502,0.005447,0.18676
437,T437_UAV_14,BS_4,LEO_1,86.845271,86.755663,0.002194,0.010463,0.384755
437,T437_UAV_12,BS_4,HAP_0,394.210031,394.148782,0.001491,0.02086,0.19449
437,T437_UAV_7,BS_1,HAP_1,280.465754,280.211803,0.0276,0.048869,0.38741
437,T437_UAV_0,BS_4,LEO_0,765.729005,765.527603,0.04108,0.022971,0.18676
437,T437_UAV_2,HAP_1,HAP_2,320.121104,320.034052,0.003585,0.008359,0.375543
437,T437_UAV_6,BS_3,HAP_0,716.396251,716.33193,0.004377,0.021046,0.19449
437,T437_UAV_19,BS_3,LEO_0,930.126935,929.939083,0.041486,0.009014,0.18676
437,T437_UAV_18,BS_4,LEO_0,1145.364267,1145.161116,0.041552,0.024247,0.18676
437,T437_UAV_17,HAP_1,HAP_0,1132.638939,1132.584304,0.005564,0.010173,0.19449
437,T437_UAV_5,HAP_1,LEO_0,616.367414,616.16617,0.040831,0.02306,0.18676
438,T438_UAV_18,BS_4,LEO_0,292.732856,292.530583,0.040454,0.005213,0.283031
438,T438_UAV_10,BS_0,LEO_1,207.170186,206.970942,0.043048,0.013734,0.21231
438,T438_UAV_12,BS_4,HAP_2,889.12854,888.969879,0.029288,0.009348,0.100126
438,T438_UAV_3,BS_0,HAP_0,403.947945,403.7534,0.028054,0.025444,0.205235
438,T438_UAV_1,BS_3,HAP_1,231.210463,230.998016,0.026293,0.027774,0.291903
438,T438_UAV_15,BS_4,HAP_2,933.914865,933.757085,0.030071,0.007683,0.100126
438,T438_UAV_0,BS_4,LEO_0,564.588299,564.369786,0.040919,0.020987,0.283031
438,T438_UAV_14,BS_4,LEO_1,395.300051,395.10236,0.045458,0.009771,0.21231
438,T438_UAV_4,BS_4,HAP_0,643.862689,643.67468,0.027723,0.019239,0.205235
438,T438_UAV_9,HAP_1,LEO_0,655.328029,655.111263,0.041087,0.019073,0.283031
438,T438_UAV_8,HAP_1,HAP_2,1367.473142,1367.300856,0.03316,0.019101,0.100126
438,T438_UAV_19,BS_3,HAP_2,1741.455632,1741.28326,0.037254,0.015093,0.100126
438,T438_UAV_16,HAP_1,HAP_2,855.291108,855.123058,0.029796,0.018229,0.100126
439,T439_UAV_0,BS_4,LEO_0,281.256154,281.067016,0.040421,0.011298,0.187094
439,T439_UAV_14,BS_4,LEO_1,235.252272,235.19713,0.002348,0.012762,0.200162
439,T439_UAV_10,BS_0,HAP_0,238.542399,238.362847,0.026529,0.011292,0.208652
439,T439_UAV_1,BS_3,HAP_1,131.791398,131.550465,0.025735,0.044156,0.355211
439,T439_UAV_8,HAP_1,HAP_2,151.640055,151.417267,0.026753,0.025034,0.355005
439,T439_UAV_19,BS_3,LEO_0,361.028906,360.818534,0.040617,0.032337,0.187094
439,T439_UAV_12,BS_4,LEO_1,406.867856,406.814622,0.004417,0.008785,0.200162
439,T439_UAV_15,BS_4,LEO_0,760.32472,760.128753,0.04109,0.017458,0.187094
439,T439_UAV_4,BS_4,HAP_0,589.489604,589.31211,0.027498,0.008266,0.208652
439,T439_UAV_18,BS_4,BS_2,610.667686,610.482338,0.048126,0.008054,0.145842
439,T439_UAV_9,HAP_1,LEO_1,665.096497,665.041989,0.005793,0.008683,0.200162
439,T439_UAV_16,HAP_1,BS_1,761.504177,761.280329,0.057546,0.010396,0.279528
439,T439_UAV_13,HAP_1,BS_3,761.718342,761.438348,0.057556,0.065973,0.282323
439,T439_UAV_5,HAP_1,LEO_0,276.723767,276.53617,0.040395,0.009784,0.187094
440,T440_UAV_12,BS_4,LEO_0,207.656252,207.594001,0.000358,0.021408,0.20242
440,T440_UAV_3,BS_0,LEO_1,204.79339,204.715604,0.003392,0.008726,0.328342
440,T440_UAV_18,BS_4,HAP_0,663.597702,663.549302,0.002697,0.008474,0.186147
440,T440_UAV_6,BS_3,HAP_1,346.640233,346.44338,0.026854,0.030703,0.196478
440,T440_UAV_0,BS_4,HAP_2,248.2134,247.990657,0.027189,0.028175,0.336902
440,T440_UAV_19,BS_3,LEO_0,571.872696,571.822262,0.001076,0.008874,0.20242
440,T440_UAV_15,BS_4,HAP_0,1011.415605,1011.354714,0.004051,0.019611,0.186147
440,T440_UAV_8,HAP_1,LEO_1,521.56438,521.487568,0.005963,0.00518,0.328342
440,T440_UAV_7,BS_1,LEO_0,776.007891,775.951734,0.001571,0.014103,0.20242
440,T440_UAV_9,HAP_1,HAP_0,1056.693354,1056.644621,0.004278,0.007226,0.186147
440,T440_UAV_13,HAP_1,HAP_0,1461.719062,1461.668064,0.00673,0.007039,0.186147
440,T440_UAV_16,HAP_1,HAP_1,347.278366,347.05386,0.026026,0.059185,0.196478
441,T441_UAV_18,BS_4,LEO_0,101.363943,101.293283,0.000227,0.007444,0.314949
441,T441_UAV_1,BS_3,LEO_1,158.999658,158.914651,0.003512,0.010104,0.356958
441,T441_UAV_19,BS_3,HAP_2,908.763371,908.682818,0.006409,0.025311,0.24417
441,T441_UAV_8,HAP_1,HAP_0,249.804793,249.55764,0.026764,0.036107,0.421411
441,T441_UAV_10,BS_0,HAP_1,293.951806,293.709707,0.02719,0.045295,0.348068
441,T441_UAV_14,BS_4,BS_2,2508.657136,2508.336702,0.166683,0.015966,0.188922
441,T441_UAV_9,HAP_1,HAP_2,1295.205263,1295.13979,0.007049,0.00959,0.24417
441,T441_UAV_11,BS_3,HAP_2,1359.947097,1359.871066,0.009726,0.017471,0.24417
441,T441_UAV_0,BS_4,BS_2,4320.639162,4320.213566,0.279868,0.007943,0.188922
441,T441_UAV_12,BS_4,HAP_2,1493.893068,1493.818213,0.007178,0.018842,0.24417
441,T441_UAV_5,HAP_1,BS_2,5312.299744,5311.786955,0.341811,0.033193,0.188922
441,T441_UAV_16,HAP_1,BS_2,5572.228747,5571.716845,0.358048,0.016069,0.188922
441,T441_UAV_4,BS_4,BS_2,5745.177439,5744.656607,0.368852,0.014195,0.188922
441,T441_UAV_15,BS_4,BS_2,5851.006465,5850.479078,0.375462,0.01414,0.188922
441,T441_UAV_2,HAP_1,BS_2,5864.749235,5864.218989,0.376321,0.016141,0.188922
441,T441_UAV_13,HAP_1,BS_2,6394.000087,6393.437273,0.40938,0.015649,0.188922
441,T441_UAV_17,HAP_1,HAP_2,626.685781,626.613637,0.003699,0.01961,0.24417
442,T442_UAV_4,BS_4,LEO_1,509.373984,509.20597,0.042763,0.003001,0.11125
442,T442_UAV_1,BS_3,LEO_0,425.046191,424.833819,0.040656,0.015349,0.281838
442,T442_UAV_7,BS_1,LEO_1,551.06476,550.887276,0.043595,0.011639,0.11125
442,T442_UAV_14,BS_4,HAP_0,167.238047,167.017951,0.025709,0.022811,0.357884
442,T442_UAV_9,HAP_1,HAP_2,183.233996,182.989956,0.026826,0.033486,0.418642
442,T442_UAV_12,BS_4,LEO_1,583.539489,583.359037,0.043402,0.014799,0.11125
442,T442_UAV_10,BS_0,HAP_1,515.769554,515.567874,0.028019,0.012454,0.306035
442,T442_UAV_2,HAP_1,LEO_0,691.020383,690.811623,0.041051,0.011341,0.281838
442,T442_UAV_0,BS_4,LEO_0,722.451961,722.245169,0.041084,0.00934,0.281838
442,T442_UAV_18,BS_4,HAP_1,584.843736,584.623227,0.027343,0.031959,0.306035
442,T442_UAV_19,BS_3,LEO_1,1053.655541,1053.476382,0.04595,0.01096,0.11125
442,T442_UAV_8,HAP_1,LEO_0,1029.453143,1029.247849,0.041542,0.007384,0.281838
442,T442_UAV_17,HAP_1,LEO_1,1512.860546,1512.682369,0.047354,0.008573,0.11125
442,T442_UAV_15,BS_4,LEO_1,1791.77383,1791.595583,0.049221,0.006776,0.11125
442,T442_UAV_16,HAP_1,LEO_1,734.020775,733.843299,0.043465,0.011762,0.11125
443,T443_UAV_3,BS_0,LEO_0,289.790235,289.572446,0.040537,0.026368,0.254424
443,T443_UAV_2,HAP_1,LEO_1,423.366363,423.11671,0.043517,0.017813,0.441616
443,T443_UAV_18,BS_4,HAP_0,462.211117,462.020341,0.027249,0.013959,0.24784
443,T443_UAV_19,BS_3,HAP_1,462.50587,462.302908,0.027893,0.022461,0.263043
443,T443_UAV_11,BS_3,HAP_2,535.105323,534.874638,0.030692,0.025505,0.372441
443,T443_UAV_9,HAP_1,LEO_0,633.71918,633.511678,0.040968,0.015649,0.254424
443,T443_UAV_0,BS_4,LEO_1,578.496067,578.234458,0.045936,0.027351,0.441616
443,T443_UAV_17,HAP_1,HAP_0,526.194963,525.987021,0.027877,0.030498,0.24784
443,T443_UAV_8,HAP_1,LEO_0,737.096494,736.893888,0.041106,0.010616,0.254424
443,T443_UAV_13,HAP_1,LEO_1,628.310444,628.061702,0.04554,0.014878,0.441616
443,T443_UAV_4,BS_4,HAP_1,714.940835,714.719356,0.028312,0.040559,0.263043
443,T443_UAV_10,BS_0,HAP_2,734.068168,733.826831,0.031626,0.035223,0.372441
443,T443_UAV_1,BS_3,LEO_0,972.852124,972.633891,0.041505,0.025844,0.254424
443,T443_UAV_15,BS_4,BS_1,201.347321,201.10069,0.022553,0.051852,0.361132
444,T444_UAV_1,BS_3,LEO_0,494.13317,494.079735,0.000685,0.014022,0.193639
444,T444_UAV_17,HAP_1,LEO_1,360.350249,360.129524,0.043128,0.022133,0.277326
444,T444_UAV_2,HAP_1,HAP_2,418.299639,418.115312,0.027906,0.023915,0.162531
444,T444_UAV_4,BS_4,HAP_0,475.142008,475.073338,0.002034,0.016661,0.249878
444,T444_UAV_8,HAP_1,LEO_0,996.893103,996.839966,0.001346,0.013064,0.193639
444,T444_UAV_14,BS_4,HAP_1,745.936123,745.724576,0.028589,0.017229,0.328646
444,T444_UAV_10,BS_0,LEO_1,597.1579,596.936887,0.046363,0.019184,0.277326
444,T444_UAV_16,HAP_1,LEO_0,1026.810519,1026.766086,0.001433,0.004273,0.193639
444,T444_UAV_19,BS_3,HAP_2,823.337007,823.160627,0.032139,0.011735,0.162531
444,T444_UAV_0,BS_4,HAP_0,706.745994,706.674014,0.002985,0.01902,0.249878
444,T444_UAV_6,BS_3,LEO_1,799.346421,799.113535,0.047735,0.029686,0.277326
444,T444_UAV_12,BS_4,LEO_0,1247.42546,1247.361951,0.001762,0.023018,0.193639
444,T444_UAV_11,BS_3,HAP_2,955.008987,954.80976,0.033428,0.033293,0.162531
444,T444_UAV_3,BS_0,LEO_0,1460.978461,1460.926999,0.002387,0.010348,0.193639
444,T444_UAV_9,HAP_1,LEO_0,1462.61652,1462.556801,0.002006,0.018985,0.193639
444,T444_UAV_13,HAP_1,HAP_1,202.800303,202.558086,0.025739,0.050749,0.328646
445,T445_UAV_18,BS_4,LEO_1,207.299145,207.235457,0.002659,0.020144,0.204429
445,T445_UAV_13,HAP_1,LEO_0,433.796649,433.57664,0.040672,0.016191,0.315731
445,T445_UAV_7,BS_1,HAP_2,986.91451,986.740497,0.02974,0.007873,0.182
445,T445_UAV_1,BS_3,HAP_0,376.988262,376.919222,0.002604,0.01229,0.270731
445,T445_UAV_9,HAP_1,LEO_1,268.432023,268.366952,0.003232,0.020953,0.204429
445,T445_UAV_14,BS_4,HAP_1,589.280153,589.08073,0.027837,0.013704,0.28941
445,T445_UAV_4,BS_4,HAP_2,1067.255533,1067.060774,0.030166,0.028193,0.182
445,T445_UAV_2,HAP_1,BS_2,788.08448,787.872979,0.059207,0.020777,0.157583
445,T445_UAV_12,BS_4,LEO_0,695.105789,694.879648,0.041199,0.021796,0.315731
445,T445_UAV_17,HAP_1,HAP_0,523.635326,523.561245,0.002857,0.017078,0.270731
445,T445_UAV_3,BS_0,HAP_2,1300.40037,1300.205401,0.033363,0.025206,0.182
445,T445_UAV_0,BS_4,HAP_1,723.49173,723.252348,0.028577,0.052922,0.28941
445,T445_UAV_19,BS_3,HAP_2,1587.797671,1587.618188,0.035505,0.007578,0.182
445,T445_UAV_15,BS_4,BS_2,1273.774855,1273.523605,0.089545,0.030188,0.157583
445,T445_UAV_16,HAP_1,HAP_2,2073.79904,2073.595041,0.036158,0.031441,0.182
445,T445_UAV_8,HAP_1,HAP_2,2284.237469,2284.030295,0.037846,0.032929,0.182
445,T445_UAV_5,HAP_1,LEO_0,342.862101,342.623508,0.04053,0.034917,0.315731
446,T446_UAV_18,BS_4,LEO_0,140.622554,140.406209,0.040243,0.015488,0.303069
446,T446_UAV_8,HAP_1,LEO_1,194.038162,193.948278,0.002204,0.02735,0.30165
446,T446_UAV_0,BS_4,HAP_0,944.220799,944.045116,0.027913,0.006339,0.207153
446,T446_UAV_4,BS_4,HAP_1,176.470395,176.261004,0.02599,0.017893,0.327544
446,T446_UAV_15,BS_4,HAP_2,205.30691,205.068758,0.027024,0.037898,0.366152
446,T446_UAV_13,HAP_1,HAP_0,1204.913726,1204.715783,0.029584,0.026929,0.207153
446,T446_UAV_14,BS_4,LEO_0,352.368825,352.140851,0.040684,0.026676,0.303069
446,T446_UAV_2,HAP_1,HAP_0,1302.844175,1302.649872,0.029831,0.023041,0.207153
446,T446_UAV_7,BS_1,LEO_1,460.629043,460.533399,0.008045,0.02727,0.30165
446,T446_UAV_12,BS_4,HAP_0,1556.603352,1556.405087,0.029647,0.027187,0.207153
446,T446_UAV_6,BS_3,HAP_0,1877.969339,1877.764182,0.033255,0.030472,0.207153
446,T446_UAV_5,HAP_1,HAP_0,2124.512564,2124.324498,0.033372,0.013264,0.207153
446,T446_UAV_19,BS_3,HAP_0,2610.195509,2609.986782,0.037225,0.030071,0.207153
446,T446_UAV_3,BS_0,HAP_0,3197.839545,3197.637758,0.039943,0.020414,0.207153
446,T446_UAV_9,HAP_1,HAP_0,1102.611212,1102.427559,0.028707,0.013515,0.207153
447,T447_UAV_11,BS_3,LEO_0,504.552125,504.333985,0.040786,0.024313,0.265202
447,T447_UAV_10,BS_0,LEO_1,519.658974,519.459016,0.043325,0.017957,0.193388
447,T447_UAV_0,BS_4,HAP_1,132.021319,131.809543,0.025798,0.01645,0.347641
447,T447_UAV_19,BS_3,HAP_0,246.707845,246.470894,0.027537,0.019947,0.44734
447,T447_UAV_15,BS_4,LEO_0,764.922935,764.710785,0.040999,0.018111,0.265202
447,T447_UAV_4,BS_4,LEO_1,775.430817,775.242106,0.044647,0.005387,0.193388
447,T447_UAV_18,BS_4,HAP_2,378.266318,378.037072,0.028886,0.019609,0.403753
447,T447_UAV_6,BS_3,LEO_1,873.174051,872.974917,0.045132,0.015324,0.193388
447,T447_UAV_13,HAP_1,LEO_0,933.649985,933.444647,0.041206,0.011092,0.265202
447,T447_UAV_3,BS_0,BS_2,546.325784,546.120635,0.044105,0.013568,0.237379
447,T447_UAV_9,HAP_1,BS_3,636.217896,635.985986,0.049719,0.034819,0.23686
447,T447_UAV_17,HAP_1,LEO_1,1183.650884,1183.453787,0.046362,0.012057,0.193388
447,T447_UAV_12,BS_4,LEO_0,1371.159473,1370.936671,0.041937,0.027824,0.265202
447,T447_UAV_14,BS_4,LEO_1,1201.150497,1200.939194,0.047278,0.025347,0.193388
447,T447_UAV_8,HAP_1,LEO_0,1380.947352,1380.736498,0.041868,0.015946,0.265202
447,T447_UAV_16,HAP_1,LEO_1,1214.698484,1214.492593,0.046275,0.020938,0.193388
447,T447_UAV_5,HAP_1,LEO_0,1551.597858,1551.386933,0.041999,0.015885,0.265202
448,T448_UAV_8,HAP_1,LEO_1,314.606518,314.389555,0.042121,0.02254,0.261505
448,T448_UAV_12,BS_4,LEO_0,283.933928,283.672073,0.040489,0.044053,0.386564
448,T448_UAV_10,BS_0,HAP_2,630.494181,630.301436,0.02981,0.020863,0.210362
448,T448_UAV_1,BS_3,HAP_1,463.506374,463.265615,0.027133,0.041965,0.358305
448,T448_UAV_9,HAP_1,HAP_0,483.317217,483.079746,0.027267,0.014122,0.480415
448,T448_UAV_13,HAP_1,LEO_1,719.3308,719.124343,0.045125,0.009031,0.261505
448,T448_UAV_18,BS_4,LEO_0,584.294245,584.052995,0.040897,0.023041,0.386564
448,T448_UAV_0,BS_4,LEO_1,784.675046,784.458095,0.046432,0.018217,0.261505
448,T448_UAV_17,HAP_1,HAP_0,593.89827,593.616007,0.028222,0.057958,0.480415
448,T448_UAV_7,BS_1,HAP_2,899.777287,899.572659,0.030307,0.032248,0.210362
448,T448_UAV_2,HAP_1,LEO_0,636.179327,635.946955,0.041058,0.014001,0.386564
448,T448_UAV_15,BS_4,HAP_1,669.838058,669.579108,0.02765,0.059639,0.358305
448,T448_UAV_11,BS_3,BS_1,713.479189,713.196063,0.054542,0.040409,0.440873
448,T448_UAV_19,BS_3,BS_2,767.704105,767.475928,0.057933,0.025249,0.22497
448,T448_UAV_4,BS_4,LEO_1,1029.550975,1029.337654,0.048201,0.012819,0.261505
448,T448_UAV_16,HAP_1,HAP_2,337.859441,337.666782,0.027293,0.023294,0.210362
449,T449_UAV_12,BS_4,LEO_0,213.079808,212.880471,0.040367,0.015793,0.215881
449,T449_UAV_14,BS_4,LEO_1,563.112456,563.05206,0.003088,0.018067,0.196204
449,T449_UAV_15,BS_4,HAP_0,560.131011,559.945611,0.027107,0.039045,0.096243
449,T449_UAV_10,BS_0,LEO_1,614.063567,614.007567,0.003554,0.013206,0.196204
449,T449_UAV_19,BS_3,HAP_2,437.619533,437.556815,0.004596,0.017071,0.205256
449,T449_UAV_1,BS_3,LEO_0,444.60574,444.408147,0.040749,0.013668,0.215881
449,T449_UAV_3,BS_0,HAP_0,768.632707,768.452358,0.02924,0.03186,0.096243
449,T449_UAV_9,HAP_1,LEO_1,906.819433,906.760374,0.004457,0.015361,0.196204
449,T449_UAV_16,HAP_1,LEO_0,447.483344,447.268332,0.040758,0.031078,0.215881
449,T449_UAV_11,BS_3,HAP_2,506.415392,506.339127,0.005437,0.029776,0.205256
449,T449_UAV_0,BS_4,LEO_1,1144.104762,1144.04353,0.006355,0.015636,0.196204
449,T449_UAV_13,HAP_1,HAP_0,1232.16431,1231.980123,0.030376,0.034562,0.096243
449,T449_UAV_18,BS_4,LEO_1,1276.709084,1276.654438,0.006542,0.008863,0.196204
449,T449_UAV_7,BS_1,HAP_0,1232.405503,1232.20963,0.03005,0.046575,0.096243
449,T449_UAV_8,HAP_1,LEO_1,1664.739776,1664.679995,0.007825,0.012715,0.196204
449,T449_UAV_5,HAP_1,LEO_1,1742.251032,1742.19798,0.008631,0.00518,0.196204
449,T449_UAV_2,HAP_1,HAP_0,953.449025,953.268125,0.029038,0.032614,0.096243
450,T450_UAV_15,BS_4,LEO_0,561.366399,561.298643,0.000771,0.026143,0.204208
450,T450_UAV_10,BS_0,LEO_1,548.376149,548.163398,0.044707,0.015053,0.264954
450,T450_UAV_8,HAP_1,HAP_0,460.043301,459.816166,0.027538,0.023875,0.378609
450,T450_UAV_9,HAP_1,HAP_2,488.040801,487.966971,0.00356,0.010106,0.300819
450,T450_UAV_19,BS_3,HAP_1,522.142822,521.922495,0.028255,0.029177,0.314473
450,T450_UAV_4,BS_4,LEO_0,701.980176,701.917983,0.000967,0.020384,0.204208
450,T450_UAV_13,HAP_1,LEO_1,585.674453,585.441,0.044168,0.036295,0.264954
450,T450_UAV_12,BS_4,LEO_0,857.762921,857.694543,0.001275,0.026261,0.204208
450,T450_UAV_17,HAP_1,HAP_0,551.672105,551.444693,0.027983,0.023707,0.378609
450,T450_UAV_0,BS_4,HAP_1,563.77382,563.566196,0.027756,0.016973,0.314473
450,T450_UAV_5,HAP_1,HAP_2,597.280698,597.190769,0.005213,0.024552,0.300819
450,T450_UAV_7,BS_1,LEO_1,821.571286,821.355046,0.048118,0.015131,0.264954
450,T450_UAV_2,HAP_1,BS_1,732.149964,731.865346,0.055709,0.041988,0.434609
450,T450_UAV_3,BS_0,BS_2,750.460841,750.225902,0.056856,0.009094,0.344949
450,T450_UAV_14,BS_4,BS_0,784.217177,783.932663,0.058961,0.076298,0.246269
450,T450_UAV_18,BS_4,LEO_0,1319.729305,1319.679378,0.001765,0.00732,0.204208
450,T450_UAV_11,BS_3,LEO_1,1058.124467,1057.900505,0.048901,0.02207,0.264954
450,T450_UAV_16,HAP_1,LEO_0,597.645959,597.571585,0.000874,0.032659,0.204208
451,T451_UAV_0,BS_4,LEO_0,353.662419,353.479753,0.040501,0.005471,0.183474
451,T451_UAV_14,BS_4,LEO_1,416.0203,415.796958,0.043359,0.02752,0.262314
451,T451_UAV_10,BS_0,LEO_0,359.188292,358.995582,0.040529,0.015486,0.183474
451,T451_UAV_15,BS_4,HAP_0,397.42975,397.226798,0.026852,0.00871,0.336955
451,T451_UAV_5,HAP_1,HAP_2,435.700223,435.604743,0.003801,0.014912,0.383833
451,T451_UAV_11,BS_3,LEO_1,454.44449,454.226201,0.043816,0.02201,0.262314
451,T451_UAV_3,BS_0,HAP_1,592.618556,592.403168,0.029265,0.01892,0.336019
451,T451_UAV_17,HAP_1,LEO_0,674.121472,673.926581,0.040916,0.01728,0.183474
451,T451_UAV_16,HAP_1,LEO_1,696.985393,696.777739,0.044692,0.010499,0.262314
451,T451_UAV_2,HAP_1,HAP_0,561.864662,561.630282,0.028043,0.038946,0.336955
451,T451_UAV_8,HAP_1,BS_2,695.210708,694.99567,0.053406,0.027221,0.172055
451,T451_UAV_6,BS_3,HAP_1,718.888897,718.620907,0.028796,0.07199,0.336019
451,T451_UAV_1,BS_3,HAP_2,726.264806,726.1648,0.007212,0.016028,0.383833
451,T451_UAV_12,BS_4,BS_3,712.505462,712.276494,0.054485,0.017241,0.286211
451,T451_UAV_18,BS_4,LEO_0,1188.935997,1188.741028,0.041588,0.016686,0.183474
451,T451_UAV_19,BS_3,LEO_1,1035.583862,1035.368403,0.048584,0.014412,0.262314
451,T451_UAV_13,HAP_1,LEO_0,461.051942,460.863851,0.040624,0.010772,0.183474
452,T452_UAV_4,BS_4,LEO_0,205.330705,205.268067,0.000325,0.020962,0.206754
452,T452_UAV_12,BS_4,LEO_1,190.306083,190.236671,0.002856,0.019919,0.233182
452,T452_UAV_6,BS_3,HAP_0,456.358967,456.19182,0.028119,0.016546,0.112409
452,T452_UAV_9,HAP_1,HAP_2,477.01503,476.837761,0.028461,0.023935,0.124371
452,T452_UAV_3,BS_0,LEO_0,519.718976,519.671323,0.001064,0.005238,0.206754
452,T452_UAV_15,BS_4,HAP_1,396.091323,395.859007,0.026846,0.020795,0.423377
452,T452_UAV_17,HAP_1,LEO_1,445.955596,445.888002,0.005373,0.015585,0.233182
452,T452_UAV_5,HAP_1,HAP_0,522.266605,522.102315,0.028071,0.013738,0.112409
452,T452_UAV_0,BS_4,HAP_2,727.211115,727.03992,0.029829,0.016491,0.124371
452,T452_UAV_2,HAP_1,LEO_0,775.26386,775.203111,0.001295,0.018104,0.206754
453,T453_UAV_0,BS_4,LEO_0,209.860479,209.67275,0.040344,0.004767,0.213096
453,T453_UAV_11,BS_3,LEO_1,217.085687,216.893575,0.042266,0.005918,0.219638
453,T453_UAV_10,BS_0,HAP_1,232.640419,232.466974,0.026389,0.014344,0.163558
453,T453_UAV_3,BS_0,HAP_0,270.301359,270.099676,0.027046,0.022861,0.258878
453,T453_UAV_18,BS_4,HAP_2,297.648468,297.579191,0.002289,0.018557,0.242154
453,T453_UAV_4,BS_4,LEO_0,319.421386,319.210376,0.040504,0.027888,0.213096
453,T453_UAV_5,HAP_1,LEO_1,402.972055,402.7604,0.043575,0.024153,0.219638
453,T453_UAV_8,HAP_1,HAP_0,406.862139,406.669432,0.027226,0.013705,0.258878
453,T453_UAV_1,BS_3,HAP_1,566.711251,566.535096,0.027609,0.015835,0.163558
453,T453_UAV_19,BS_3,LEO_0,631.782255,631.574415,0.041195,0.024026,0.213096
453,T453_UAV_9,HAP_1,HAP_2,668.918134,668.851449,0.004847,0.013408,0.242154
453,T453_UAV_15,BS_4,LEO_1,679.186742,678.984034,0.046289,0.012491,0.219638
453,T453_UAV_2,HAP_1,BS_1,795.798171,795.547532,0.059687,0.043017,0.239679
453,T453_UAV_17,HAP_1,BS_2,385.3945,385.196047,0.034053,0.018087,0.231561
454,T454_UAV_0,BS_4,LEO_0,266.137551,266.073834,0.000438,0.018575,0.223523
454,T454_UAV_2,HAP_1,LEO_1,282.143527,282.085506,0.002344,0.005698,0.249894
454,T454_UAV_4,BS_4,HAP_0,697.292655,697.229321,0.002595,0.023534,0.186025
454,T454_UAV_12,BS_4,HAP_1,353.171716,352.953992,0.026928,0.024306,0.332451
454,T454_UAV_19,BS_3,HAP_2,373.151258,373.07155,0.003937,0.021679,0.270458
454,T454_UAV_16,HAP_1,LEO_0,398.618418,398.556399,0.00067,0.016644,0.223523
454,T454_UAV_7,BS_1,LEO_1,399.296771,399.20821,0.004979,0.033603,0.249894
454,T454_UAV_13,HAP_1,LEO_0,433.13759,433.07608,0.000676,0.01613,0.223523
454,T454_UAV_8,HAP_1,HAP_0,874.21938,874.145033,0.003941,0.033201,0.186025
454,T454_UAV_11,BS_3,LEO_1,476.124033,476.045322,0.004985,0.023748,0.249894
454,T454_UAV_6,BS_3,HAP_2,681.641465,681.568615,0.0066,0.012159,0.270458
454,T454_UAV_14,BS_4,HAP_1,685.06658,684.806269,0.028328,0.065494,0.332451
454,T454_UAV_17,HAP_1,HAP_0,926.714587,926.659497,0.004124,0.013761,0.186025
454,T454_UAV_18,BS_4,BS_1,692.997708,692.698818,0.053262,0.046972,0.493279
454,T454_UAV_3,BS_0,BS_2,793.126152,792.896752,0.059521,0.021849,0.24015
454,T454_UAV_5,HAP_1,HAP_0,1255.664025,1255.596502,0.006022,0.024296,0.186025
454,T454_UAV_9,HAP_1,BS_0,234.183141,233.920783,0.024603,0.081994,0.278813
455,T455_UAV_9,HAP_1,LEO_0,322.939129,322.865785,0.000498,0.014251,0.292975
455,T455_UAV_17,HAP_1,LEO_1,267.422467,267.354511,0.002351,0.008882,0.283614
455,T455_UAV_3,BS_0,HAP_1,374.095889,373.858327,0.02768,0.05185,0.290161
455,T455_UAV_18,BS_4,BS_1,630.060866,629.84694,0.049336,0.028372,0.181089
455,T455_UAV_15,BS_4,LEO_0,506.989045,506.924651,0.000742,0.005057,0.292975
455,T455_UAV_5,HAP_1,HAP_0,255.258294,255.04074,0.026913,0.026509,0.320659
455,T455_UAV_10,BS_0,HAP_2,260.716216,260.628504,0.003337,0.009242,0.375665
455,T455_UAV_8,HAP_1,LEO_1,416.371201,416.3049,0.003489,0.006089,0.283614
455,T455_UAV_14,BS_4,BS_2,758.919987,758.699638,0.057385,0.025252,0.188562
455,T455_UAV_2,HAP_1,LEO_0,709.890654,709.8201,0.001091,0.010868,0.292975
455,T455_UAV_16,HAP_1,LEO_1,561.466086,561.399915,0.004678,0.00477,0.283614
455,T455_UAV_4,BS_4,HAP_1,679.644623,679.437859,0.028112,0.02062,0.290161
455,T455_UAV_0,BS_4,LEO_0,951.500014,951.423115,0.00144,0.016865,0.292975
455,T455_UAV_11,BS_3,BS_1,1477.92734,1477.668375,0.102298,0.020449,0.181089
455,T455_UAV_6,BS_3,BS_2,1350.256994,1349.996725,0.094323,0.028234,0.188562
455,T455_UAV_13,HAP_1,BS_1,654.592229,654.394712,0.050869,0.01043,0.181089
456,T456_UAV_6,BS_3,HAP_2,1368.936173,1368.766941,0.03207,0.018045,0.095589
456,T456_UAV_2,HAP_1,HAP_0,398.455478,398.273068,0.026923,0.007612,0.239372
456,T456_UAV_9,HAP_1,HAP_2,1553.024811,1552.856195,0.031666,0.017832,0.095589
456,T456_UAV_0,BS_4,HAP_0,446.855375,446.66045,0.026677,0.020374,0.239372
456,T456_UAV_7,BS_1,HAP_2,1571.24867,1571.083881,0.031505,0.014167,0.095589
456,T456_UAV_15,BS_4,BS_2,596.802406,596.579007,0.047258,0.018365,0.288881
456,T456_UAV_12,BS_4,BS_0,618.069531,617.874869,0.048588,0.012015,0.170292
456,T456_UAV_11,BS_3,HAP_2,2460.812054,2460.650335,0.038648,0.003953,0.095589
456,T456_UAV_19,BS_3,HAP_0,987.293162,987.095549,0.031503,0.018236,0.239372
456,T456_UAV_8,HAP_1,HAP_2,2475.73831,2475.568014,0.036533,0.014644,0.095589
456,T456_UAV_14,BS_4,HAP_2,3471.349339,3471.174085,0.038615,0.017521,0.095589
456,T456_UAV_10,BS_0,HAP_2,3696.257899,3696.091832,0.04339,0.003559,0.095589
456,T456_UAV_17,HAP_1,HAP_2,3816.227719,3816.055778,0.042695,0.010128,0.095589
456,T456_UAV_18,BS_4,HAP_2,4119.018613,4118.837591,0.043521,0.018382,0.095589
456,T456_UAV_3,BS_0,HAP_2,4144.180439,4144.010978,0.047038,0.003305,0.095589
456,T456_UAV_13,HAP_1,HAP_2,1119.448132,1119.289705,0.030319,0.00899,0.095589
457,T457_UAV_10,BS_0,LEO_0,312.171034,311.94884,0.040539,0.016773,0.324408
457,T457_UAV_7,BS_1,HAP_0,447.363928,447.283446,0.001949,0.034415,0.22059
457,T457_UAV_3,BS_0,LEO_1,357.372094,357.141735,0.04415,0.023735,0.312366
457,T457_UAV_15,BS_4,HAP_1,413.109654,412.83853,0.026619,0.052759,0.458729
457,T457_UAV_5,HAP_1,HAP_2,415.810738,415.554076,0.028613,0.027177,0.504363
457,T457_UAV_18,BS_4,LEO_0,515.68615,515.463829,0.040784,0.016655,0.324408
457,T457_UAV_17,HAP_1,LEO_1,524.698995,524.475971,0.044615,0.015935,0.312366
457,T457_UAV_8,HAP_1,HAP_0,738.220168,738.164029,0.003304,0.008717,0.22059
457,T457_UAV_19,BS_3,HAP_1,543.248942,543.005486,0.028375,0.023335,0.458729
457,T457_UAV_11,BS_3,BS_2,526.07627,525.99486,0.032858,0.007271,0.206403
457,T457_UAV_14,BS_4,LEO_0,553.296142,553.075666,0.040937,0.014658,0.324408
457,T457_UAV_12,BS_4,LEO_1,771.123741,770.890846,0.048269,0.022153,0.312366
457,T457_UAV_0,BS_4,HAP_0,1074.680892,1074.613033,0.003798,0.019944,0.22059
457,T457_UAV_1,BS_3,HAP_0,1361.180577,1361.110425,0.007489,0.018545,0.22059
457,T457_UAV_13,HAP_1,HAP_2,338.170866,337.932126,0.027851,0.010016,0.504363
458,T458_UAV_1,BS_3,LEO_0,287.687635,287.497369,0.040444,0.012828,0.184971
458,T458_UAV_0,BS_4,LEO_1,243.456732,243.263143,0.042451,0.004363,0.233877
458,T458_UAV_18,BS_4,HAP_0,380.761202,380.578907,0.026727,0.018572,0.18498
458,T458_UAV_12,BS_4,HAP_1,299.457214,299.223442,0.026628,0.045613,0.30766
458,T458_UAV_6,BS_3,LEO_0,422.62245,422.437617,0.040641,0.007198,0.184971
458,T458_UAV_2,HAP_1,LEO_1,342.475759,342.267493,0.042837,0.018653,0.233877
458,T458_UAV_3,BS_0,HAP_2,579.621268,579.395505,0.030862,0.02567,0.346153
458,T458_UAV_11,BS_3,HAP_0,619.129645,618.935266,0.029186,0.028197,0.18498
458,T458_UAV_7,BS_1,LEO_0,590.416794,590.22077,0.041098,0.017932,0.184971
458,T458_UAV_13,HAP_1,LEO_1,528.631552,528.41002,0.044625,0.030131,0.233877
458,T458_UAV_15,BS_4,BS_2,530.226819,530.027788,0.0431,0.006094,0.24918
458,T458_UAV_5,HAP_1,LEO_0,649.308582,649.119972,0.040926,0.010689,0.184971
458,T458_UAV_8,HAP_1,HAP_2,652.10662,651.875858,0.030306,0.031225,0.346153
458,T458_UAV_19,BS_3,HAP_1,691.390945,691.175293,0.029295,0.024825,0.30766
458,T458_UAV_10,BS_0,BS_1,748.201085,747.929266,0.056712,0.037301,0.389031
458,T458_UAV_16,HAP_1,HAP_0,1164.740551,1164.547491,0.030507,0.025558,0.18498
458,T458_UAV_9,HAP_1,BS_0,213.988312,213.753799,0.023343,0.030272,0.40449
459,T459_UAV_10,BS_0,HAP_0,510.05038,509.876781,0.027508,0.00822,0.189358
459,T459_UAV_1,BS_3,LEO_1,402.07854,402.021624,0.002879,0.009658,0.221889
459,T459_UAV_11,BS_3,LEO_0,349.025696,348.803447,0.040677,0.02035,0.306106
459,T459_UAV_2,HAP_1,HAP_2,318.625035,318.420582,0.027597,0.026597,0.251295
459,T459_UAV_6,BS_3,HAP_1,371.825171,371.603705,0.026943,0.031272,0.316252
459,T459_UAV_19,BS_3,HAP_0,571.959059,571.768482,0.028189,0.024517,0.189358
459,T459_UAV_18,HAP_1,LEO_0,382.136906,381.90948,0.040581,0.025624,0.306106
459,T459_UAV_5,HAP_1,LEO_1,539.927206,539.873007,0.003891,0.00593,0.221889
459,T459_UAV_12,BS_4,BS_2,554.438144,554.337122,0.034629,0.027229,0.195816
459,T459_UAV_3,BS_0,HAP_1,440.896831,440.672203,0.028147,0.03323,0.316252
459,T459_UAV_8,HAP_1,LEO_1,691.456595,691.40082,0.004726,0.006672,0.221889
459,T459_UAV_15,BS_4,LEO_0,538.683626,538.463877,0.040855,0.017672,0.306106
459,T459_UAV_13,HAP_1,HAP_0,981.039635,980.850136,0.029296,0.022332,0.189358
459,T459_UAV_0,BS_4,HAP_2,601.186373,600.983236,0.028969,0.023909,0.251295
459,T459_UAV_7,BS_1,BS_0,744.322111,744.079626,0.056472,0.011927,0.370431
459,T459_UAV_17,HAP_1,HAP_0,1258.525159,1258.346061,0.030267,0.010959,0.189358
459,T459_UAV_9,HAP_1,BS_2,1192.040546,1191.912513,0.074457,0.014412,0.195816
459,T459_UAV_4,BS_4,HAP_0,1614.838924,1614.640439,0.030778,0.029835,0.189358
459,T459_UAV_16,HAP_1,LEO_1,363.455732,363.395201,0.002472,0.01368,0.221889
460,T460_UAV_14,BS_4,LEO_0,411.384281,411.324078,0.000639,0.020051,0.197562
460,T460_UAV_10,BS_0,LEO_1,406.030397,405.816086,0.044394,0.019424,0.252467
460,T460_UAV_11,BS_3,HAP_0,410.281106,410.051191,0.02823,0.02807,0.368073
460,T460_UAV_17,HAP_1,HAP_2,416.204759,416.142003,0.003363,0.015114,0.221389
460,T460_UAV_3,BS_0,HAP_1,518.278397,518.059741,0.028697,0.022849,0.335551
460,T460_UAV_13,HAP_1,LEO_0,660.888477,660.838374,0.000954,0.009637,0.197562
460,T460_UAV_18,HAP_1,LEO_1,563.537729,563.337393,0.045153,0.00469,0.252467
460,T460_UAV_16,HAP_1,LEO_0,780.279531,780.221113,0.001188,0.017717,0.197562
460,T460_UAV_19,BS_3,HAP_2,627.739421,627.661572,0.00666,0.026911,0.221389
460,T460_UAV_4,BS_4,HAP_0,645.376658,645.153004,0.027843,0.022196,0.368073
460,T460_UAV_12,BS_4,HAP_1,676.070375,675.855731,0.028674,0.01886,0.335551
460,T460_UAV_15,BS_4,LEO_1,677.55581,677.340205,0.046254,0.018858,0.252467
460,T460_UAV_9,HAP_1,BS_1,696.120515,695.803165,0.053456,0.053617,0.551384
460,T460_UAV_5,HAP_1,BS_2,788.005771,787.772729,0.059201,0.00801,0.329151
460,T460_UAV_1,BS_3,BS_0,793.680367,793.418583,0.059554,0.046953,0.276387
460,T460_UAV_8,HAP_1,LEO_0,330.940462,330.876917,0.000499,0.023533,0.197562
461,T461_UAV_3,BS_0,LEO_0,287.53292,287.457605,0.00053,0.02294,0.259227
461,T461_UAV_15,BS_4,LEO_1,241.08534,241.021308,0.002227,0.014435,0.236856
461,T461_UAV_6,BS_3,HAP_2,410.726936,410.640256,0.003931,0.02475,0.289995
461,T461_UAV_17,HAP_1,HAP_0,449.566763,449.347566,0.027389,0.012532,0.396383
461,T461_UAV_4,BS_4,HAP_1,485.819253,485.545993,0.027211,0.076478,0.347855
461,T461_UAV_13,HAP_1,LEO_0,577.144794,577.086763,0.000834,0.005352,0.259227
461,T461_UAV_16,HAP_1,LEO_1,480.591178,480.521442,0.004035,0.018331,0.236856
461,T461_UAV_8,HAP_1,LEO_0,666.987294,666.929895,0.001007,0.004547,0.259227
461,T461_UAV_1,BS_3,HAP_0,574.973916,574.724311,0.028989,0.041339,0.396383
461,T461_UAV_19,BS_3,HAP_1,584.666207,584.453544,0.028627,0.014465,0.347855
461,T461_UAV_2,HAP_1,LEO_1,599.003536,598.942349,0.004971,0.008844,0.236856
461,T461_UAV_12,BS_4,HAP_2,687.724814,687.642704,0.00422,0.019891,0.289995
461,T461_UAV_11,BS_3,BS_2,723.333212,723.224627,0.045179,0.015221,0.24092
461,T461_UAV_9,HAP_1,BS_1,794.695009,794.46505,0.059619,0.014718,0.278109
461,T461_UAV_18,HAP_1,LEO_0,508.915195,508.84053,0.000718,0.022102,0.259227
462,T462_UAV_11,BS_3,LEO_1,259.669248,259.601018,0.002696,0.012471,0.265316
462,T462_UAV_6,BS_3,HAP_0,418.640313,418.57607,0.002241,0.023411,0.192956
462,T462_UAV_3,BS_0,LEO_0,393.19095,393.098114,0.000801,0.020732,0.356515
462,T462_UAV_18,HAP_1,HAP_2,490.812726,490.6987,0.003841,0.032234,0.389752
462,T462_UAV_10,BS_0,HAP_1,532.554036,532.301308,0.02824,0.054393,0.350477
462,T462_UAV_15,BS_4,LEO_1,416.381404,416.298564,0.003844,0.025933,0.265316
462,T462_UAV_1,BS_3,HAP_0,593.72477,593.653943,0.003271,0.028965,0.192956
462,T462_UAV_8,HAP_1,LEO_0,701.462537,701.377692,0.001152,0.01239,0.356515
462,T462_UAV_9,HAP_1,LEO_1,520.443373,520.379736,0.00464,0.005934,0.265316
462,T462_UAV_4,BS_4,BS_2,566.953018,566.75295,0.045394,0.016973,0.188509
462,T462_UAV_7,BS_1,LEO_0,782.157117,782.079301,0.001616,0.004897,0.356515
462,T462_UAV_2,HAP_1,HAP_2,785.482177,785.378767,0.006413,0.019046,0.389752
462,T462_UAV_16,HAP_1,BS_1,798.693327,798.395077,0.059865,0.01693,0.60728
462,T462_UAV_19,BS_3,HAP_0,1221.116668,1221.037127,0.00733,0.03362,0.192956
462,T462_UAV_17,HAP_1,HAP_0,1416.546603,1416.487793,0.006238,0.013981,0.192956
462,T462_UAV_13,HAP_1,HAP_1,265.857032,265.609279,0.025948,0.05171,0.350477
463,T463_UAV_0,BS_4,LEO_0,317.997408,317.812094,0.040481,0.006596,0.191184
463,T463_UAV_15,BS_4,HAP_0,359.892556,359.717974,0.026488,0.006958,0.205681
463,T463_UAV_14,BS_4,LEO_1,237.241041,237.154438,0.003347,0.011943,0.356566
463,T463_UAV_19,BS_3,HAP_2,384.481885,384.320816,0.028384,0.004869,0.139086
463,T463_UAV_7,BS_1,LEO_0,420.115126,419.912253,0.040784,0.023852,0.191184
463,T463_UAV_1,BS_3,HAP_1,425.281308,425.044644,0.026957,0.039364,0.351713
463,T463_UAV_18,HAP_1,LEO_1,333.833638,333.734142,0.004202,0.023981,0.356566
463,T463_UAV_11,BS_3,HAP_0,626.862843,626.677744,0.029218,0.014744,0.205681
463,T463_UAV_8,HAP_1,LEO_0,609.861616,609.677825,0.04092,0.004634,0.191184
463,T463_UAV_6,BS_3,HAP_2,717.045877,716.874682,0.030733,0.012646,0.139086
463,T463_UAV_5,HAP_1,BS_2,501.796869,501.602024,0.041324,0.00602,0.237505
463,T463_UAV_13,HAP_1,LEO_0,662.788008,662.586381,0.040957,0.022433,0.191184
463,T463_UAV_12,BS_4,HAP_1,687.901176,687.661245,0.028729,0.04086,0.351713
463,T463_UAV_16,HAP_1,BS_4,723.783077,723.519426,0.055187,0.04865,0.299065
463,T463_UAV_9,HAP_1,HAP_0,1119.912695,1119.706198,0.029544,0.035816,0.205681
463,T463_UAV_17,HAP_1,HAP_2,436.084068,435.921815,0.027998,0.006438,0.139086
464,T464_UAV_16,HAP_1,LEO_0,482.008189,481.807298,0.040726,0.020929,0.196179
464,T464_UAV_9,HAP_1,LEO_1,481.61214,481.419116,0.044296,0.006327,0.21201
464,T464_UAV_17,HAP_1,HAP_0,724.175962,724.107245,0.003425,0.026221,0.195355
464,T464_UAV_12,BS_4,HAP_2,493.347041,493.286499,0.003012,0.018944,0.192932
464,T464_UAV_7,BS_1,HAP_1,593.413732,593.177617,0.029251,0.036495,0.351848
464,T464_UAV_2,HAP_1,LEO_0,785.195857,784.985755,0.041205,0.029661,0.196179
464,T464_UAV_3,BS_0,LEO_1,704.422219,704.207063,0.048143,0.024612,0.21201
464,T464_UAV_6,BS_3,HAP_0,1064.070939,1064.019561,0.006203,0.006105,0.195355
464,T464_UAV_0,BS_4,HAP_1,716.144854,715.909425,0.028395,0.036665,0.351848
464,T464_UAV_8,HAP_1,LEO_0,997.962475,997.767355,0.041506,0.014378,0.196179
464,T464_UAV_10,BS_0,HAP_2,752.788627,752.735203,0.006865,0.007973,0.192932
464,T464_UAV_11,BS_3,LEO_1,757.448795,757.248317,0.04784,0.010236,0.21201
464,T464_UAV_1,BS_3,BS_2,770.593987,770.483782,0.048131,0.014019,0.240274
464,T464_UAV_18,HAP_1,LEO_0,1047.584166,1047.39832,0.04148,0.00513,0.196179
464,T464_UAV_13,HAP_1,HAP_0,523.85892,523.784951,0.002631,0.032267,0.195355
465,T465_UAV_9,HAP_1,LEO_0,244.003951,243.952553,0.000413,0.005319,0.228333
465,T465_UAV_5,HAP_1,LEO_1,273.561975,273.496859,0.002439,0.014531,0.240735
465,T465_UAV_3,BS_0,HAP_0,306.272229,306.206654,0.002328,0.005608,0.288197
465,T465_UAV_14,BS_4,HAP_1,372.128523,371.848741,0.026828,0.073533,0.397106
465,T465_UAV_1,BS_3,HAP_2,374.570517,374.499971,0.003734,0.004336,0.312382
465,T465_UAV_7,BS_1,LEO_0,376.12382,376.072089,0.000779,0.005285,0.228333
465,T465_UAV_18,HAP_1,LEO_1,432.619667,432.549907,0.003944,0.017669,0.240735
465,T465_UAV_6,BS_3,LEO_0,441.809954,441.739602,0.000724,0.023962,0.228333
465,T465_UAV_16,HAP_1,HAP_0,565.109348,565.035108,0.002994,0.013607,0.288197
465,T465_UAV_19,BS_3,HAP_1,620.344977,620.079275,0.028841,0.05744,0.397106
465,T465_UAV_0,BS_4,LEO_1,677.834177,677.770505,0.006791,0.008734,0.240735
465,T465_UAV_10,BS_0,HAP_2,729.288139,729.212196,0.006653,0.006814,0.312382
465,T465_UAV_17,HAP_1,BS_2,201.493723,201.405142,0.012582,0.022176,0.269121
465,T465_UAV_15,BS_4,BS_1,203.68531,203.425584,0.022698,0.075952,0.305376
466,T466_UAV_1,BS_3,LEO_0,709.395752,709.205309,0.040914,0.012885,0.183225
466,T466_UAV_5,HAP_1,LEO_1,394.92,394.843676,0.003521,0.012615,0.30094
466,T466_UAV_15,BS_4,HAP_1,372.888591,372.70233,0.026451,0.011606,0.241018
466,T466_UAV_17,HAP_1,LEO_0,786.539269,786.34078,0.040942,0.020902,0.183225
466,T466_UAV_18,HAP_1,HAP_0,500.846795,500.643054,0.027586,0.014312,0.309211
466,T466_UAV_9,HAP_1,HAP_2,299.481059,299.402432,0.002802,0.004297,0.357644
466,T466_UAV_2,HAP_1,LEO_0,866.575977,866.394376,0.041108,0.003848,0.183225
466,T466_UAV_0,BS_4,LEO_1,664.513413,664.432599,0.00665,0.013976,0.30094
466,T466_UAV_19,BS_3,HAP_1,474.676445,474.463266,0.027937,0.037038,0.241018
466,T466_UAV_10,BS_0,LEO_0,1008.110249,1007.922451,0.04134,0.009814,0.183225
466,T466_UAV_12,BS_4,HAP_0,667.949059,667.730719,0.0275,0.028998,0.309211
466,T466_UAV_4,BS_4,LEO_1,767.750116,767.662393,0.007552,0.019982,0.30094
466,T466_UAV_11,BS_3,LEO_0,1360.702094,1360.512847,0.04194,0.010662,0.183225
466,T466_UAV_3,BS_0,LEO_0,1816.57889,1816.37845,0.042708,0.021087,0.183225
466,T466_UAV_6,BS_3,LEO_0,1942.863795,1942.678896,0.042445,0.005809,0.183225
466,T466_UAV_16,HAP_1,LEO_0,560.168973,559.975426,0.040703,0.016199,0.183225
467,T467_UAV_4,BS_4,LEO_0,145.276716,145.036621,0.040256,0.010415,0.447118
467,T467_UAV_1,BS_3,LEO_1,190.585625,190.502262,0.002313,0.011961,0.345447
467,T467_UAV_14,BS_4,HAP_0,839.643787,839.597698,0.00246,0.005393,0.191181
467,T467_UAV_11,BS_3,HAP_1,435.169009,434.976659,0.02776,0.013043,0.257737
467,T467_UAV_9,HAP_1,HAP_0,992.64362,992.571755,0.00325,0.030378,0.191181
467,T467_UAV_2,HAP_1,HAP_2,276.948374,276.745512,0.0281,0.020206,0.272782
467,T467_UAV_19,BS_3,LEO_0,493.434183,493.178851,0.041087,0.024822,0.447118
467,T467_UAV_15,BS_4,LEO_1,499.704144,499.622386,0.00635,0.006318,0.345447
467,T467_UAV_3,BS_0,HAP_0,1675.760158,1675.705353,0.0081,0.008469,0.191181
467,T467_UAV_0,BS_4,HAP_0,1746.976852,1746.909904,0.005334,0.023378,0.191181
467,T467_UAV_16,HAP_1,HAP_0,2005.754885,2005.70229,0.007511,0.006848,0.191181
467,T467_UAV_12,BS_4,HAP_0,2039.820047,2039.765588,0.00587,0.010353,0.191181
467,T467_UAV_5,HAP_1,HAP_0,2295.356928,2295.287633,0.009219,0.02184,0.191181
467,T467_UAV_8,HAP_1,HAP_0,2725.387236,2725.32251,0.010155,0.016336,0.191181
467,T467_UAV_13,HAP_1,HAP_1,235.129869,234.905034,0.025833,0.047455,0.257737
468,T468_UAV_16,HAP_1,LEO_1,723.099883,722.928148,0.043789,0.00793,0.100084
468,T468_UAV_15,BS_4,LEO_0,156.380886,156.138238,0.040362,0.014779,0.437535
468,T468_UAV_17,HAP_1,HAP_2,473.995036,473.945148,0.003794,0.005869,0.201122
468,T468_UAV_3,BS_3,HAP_0,291.704549,291.46081,0.027997,0.02404,0.458513
468,T468_UAV_7,BS_1,LEO_1,901.762441,901.578669,0.046641,0.017115,0.100084
468,T468_UAV_4,BS_4,LEO_1,1056.944433,1056.77435,0.046291,0.003776,0.100084
468,T468_UAV_14,BS_4,BS_2,581.072737,580.864817,0.046276,0.022213,0.197156
468,T468_UAV_0,BS_4,LEO_1,1263.321021,1263.140204,0.047621,0.013179,0.100084
468,T468_UAV_12,BS_4,LEO_1,1338.172188,1337.996954,0.048545,0.006672,0.100084
468,T468_UAV_1,BS_3,LEO_1,1547.149004,1546.973105,0.0484,0.007482,0.100084
468,T468_UAV_9,HAP_1,HAP_2,242.328318,242.275862,0.001696,0.010536,0.201122
469,T469_UAV_14,BS_4,LEO_0,677.084982,676.842857,0.040939,0.046794,0.271961
469,T469_UAV_17,HAP_1,LEO_1,339.639675,339.38649,0.04302,0.028148,0.410085
469,T469_UAV_8,HAP_1,HAP_2,595.716242,595.649398,0.004052,0.003192,0.297996
469,T469_UAV_4,BS_4,HAP_1,205.215256,204.971523,0.026122,0.044426,0.365924
469,T469_UAV_3,BS_3,HAP_0,445.086137,444.858109,0.028381,0.00937,0.451382
469,T469_UAV_6,BS_3,LEO_0,811.098703,810.882787,0.041092,0.020431,0.271961
469,T469_UAV_2,HAP_1,LEO_1,530.265077,530.028557,0.044399,0.010104,0.410085
469,T469_UAV_11,BS_3,LEO_0,867.73345,867.509969,0.041335,0.027754,0.271961
469,T469_UAV_1,BS_3,HAP_2,836.594603,836.515018,0.006966,0.013019,0.297996
469,T469_UAV_18,HAP_1,HAP_0,578.499975,578.230798,0.02801,0.050891,0.451382
469,T469_UAV_19,BS_3,BS_2,617.037191,616.818388,0.048522,0.017545,0.263678
469,T469_UAV_16,HAP_1,LEO_1,799.924327,799.683649,0.046777,0.011885,0.410085
469,T469_UAV_15,BS_4,LEO_0,1248.622668,1248.396769,0.041652,0.029855,0.271961
469,T469_UAV_10,BS_0,HAP_2,1022.809864,1022.720366,0.007878,0.022021,0.297996
469,T469_UAV_12,BS_4,LEO_0,1404.351492,1404.114228,0.042009,0.040863,0.271961
469,T469_UAV_13,HAP_1,LEO_0,587.992241,587.777171,0.040767,0.01991,0.271961
470,T470_UAV_4,BS_4,LEO_0,473.368544,473.138034,0.04074,0.009248,0.402613
470,T470_UAV_0,BS_4,LEO_1,339.14122,338.937997,0.044673,0.012517,0.230164
470,T470_UAV_2,HAP_1,HAP_0,1559.171508,1558.978493,0.031323,0.029812,0.159402
470,T470_UAV_18,HAP_1,HAP_2,261.933358,261.720248,0.027841,0.01821,0.335298
470,T470_UAV_12,BS_4,HAP_1,660.864783,660.659726,0.028562,0.022361,0.270666
470,T470_UAV_13,HAP_1,LEO_0,689.549038,689.304218,0.041084,0.023214,0.402613
470,T470_UAV_11,BS_3,LEO_1,477.555493,477.354981,0.046823,0.007656,0.230164
470,T470_UAV_19,BS_3,HAP_0,1796.661191,1796.48157,0.034556,0.013185,0.159402
470,T470_UAV_5,HAP_1,LEO_0,725.233919,724.976243,0.041118,0.036035,0.402613
470,T470_UAV_9,HAP_1,HAP_0,1914.918592,1914.743076,0.031575,0.01206,0.159402
470,T470_UAV_14,BS_4,HAP_0,2245.365466,2245.169822,0.031948,0.031816,0.159402
470,T470_UAV_3,BS_3,HAP_0,2260.470221,2260.264513,0.036849,0.036979,0.159402
470,T470_UAV_15,BS_4,HAP_0,2359.927099,2359.743624,0.033325,0.01827,0.159402
470,T470_UAV_8,HAP_1,HAP_1,365.107959,364.914727,0.026115,0.012984,0.270666
471,T471_UAV_0,BS_4,LEO_0,273.307949,273.100092,0.04045,0.022251,0.225784
471,T471_UAV_15,BS_4,LEO_1,315.510751,315.31036,0.042894,0.011195,0.231511
471,T471_UAV_9,HAP_1,HAP_2,459.54776,459.344916,0.028191,0.015073,0.297896
471,T471_UAV_5,HAP_1,BS_1,508.383483,508.192955,0.041736,0.02205,0.133707
471,T471_UAV_3,BS_3,BS_0,624.321513,624.118531,0.048978,0.018892,0.175563
471,T471_UAV_12,BS_4,LEO_0,531.939369,531.703002,0.040933,0.050277,0.225784
471,T471_UAV_4,BS_4,LEO_1,541.226561,541.027756,0.045305,0.007198,0.231511
471,T471_UAV_18,HAP_1,LEO_0,566.171519,565.940885,0.04087,0.044607,0.225784
471,T471_UAV_8,HAP_1,LEO_1,571.353854,571.147947,0.044862,0.014742,0.231511
471,T471_UAV_1,BS_3,HAP_2,696.706444,696.50864,0.031953,0.006272,0.297896
471,T471_UAV_19,BS_3,BS_1,1136.319546,1136.094867,0.08096,0.016977,0.133707
471,T471_UAV_6,BS_3,BS_0,1342.020422,1341.764045,0.093808,0.027456,0.175563
471,T471_UAV_2,HAP_1,HAP_1,102.749053,102.544509,0.025321,0.012573,0.333252
472,T472_UAV_1,BS_3,LEO_0,352.90255,352.710923,0.040512,0.017519,0.167982
472,T472_UAV_14,BS_4,LEO_1,382.429963,382.241047,0.043134,0.005021,0.203805
472,T472_UAV_5,HAP_1,LEO_0,404.378727,404.196932,0.040543,0.007656,0.167982
472,T472_UAV_10,BS_0,HAP_1,521.810745,521.568212,0.027843,0.060889,0.269003
472,T472_UAV_0,BS_4,HAP_2,368.361069,368.298438,0.002411,0.012414,0.239028
472,T472_UAV_19,BS_3,HAP_0,377.393401,377.128108,0.027929,0.034757,0.513038
472,T472_UAV_17,HAP_1,LEO_1,545.740612,545.549689,0.043943,0.006219,0.203805
472,T472_UAV_4,BS_4,LEO_0,542.801189,542.598246,0.040737,0.028609,0.167982
472,T472_UAV_3,BS_3,BS_2,363.353727,363.169119,0.032677,0.012804,0.195636
472,T472_UAV_9,HAP_1,HAP_0,529.890621,529.638047,0.027301,0.022666,0.513038
472,T472_UAV_2,HAP_1,HAP_2,558.686282,558.621309,0.00455,0.012617,0.239028
472,T472_UAV_8,HAP_1,LEO_1,773.630925,773.440044,0.04535,0.00477,0.203805
472,T472_UAV_11,BS_3,HAP_1,890.609635,890.398998,0.029911,0.026925,0.269003
472,T472_UAV_6,BS_3,LEO_0,1047.048105,1046.846837,0.041475,0.026197,0.167982
472,T472_UAV_15,BS_4,LEO_1,875.811979,875.60063,0.046498,0.02409,0.203805
472,T472_UAV_12,BS_4,HAP_1,1163.491784,1163.265045,0.030584,0.042354,0.269003
472,T472_UAV_13,HAP_1,LEO_0,353.530617,353.327136,0.040483,0.029402,0.167982
473,T473_UAV_15,BS_4,LEO_0,360.328844,360.131027,0.040499,0.019969,0.18674
473,T473_UAV_6,BS_3,LEO_1,228.646597,228.437073,0.04222,0.017139,0.250831
473,T473_UAV_4,BS_4,HAP_0,456.602781,456.416132,0.026865,0.037324,0.112299
473,T473_UAV_12,BS_4,HAP_1,389.074377,388.874557,0.027091,0.012595,0.300666
473,T473_UAV_5,HAP_1,HAP_2,428.162178,427.963414,0.028695,0.030012,0.200284
473,T473_UAV_17,HAP_1,LEO_0,757.538032,757.333342,0.041017,0.026325,0.18674
473,T473_UAV_10,BS_0,LEO_1,556.523836,556.305565,0.046106,0.022,0.250831
473,T473_UAV_9,HAP_1,HAP_0,834.467976,834.266631,0.028285,0.0506,0.112299
473,T473_UAV_2,HAP_1,LEO_0,1000.510466,1000.319632,0.041437,0.012049,0.18674
473,T473_UAV_0,BS_4,HAP_1,667.00527,666.788932,0.028102,0.028102,0.300666
473,T473_UAV_11,BS_3,LEO_1,722.086146,721.883605,0.047402,0.004972,0.250831
473,T473_UAV_18,HAP_1,HAP_2,729.040109,728.848544,0.030824,0.020684,0.200284
473,T473_UAV_1,BS_3,BS_2,764.794573,764.681334,0.047769,0.014732,0.253695
473,T473_UAV_3,BS_3,LEO_0,1039.564347,1039.363622,0.041775,0.021601,0.18674
473,T473_UAV_14,BS_4,HAP_0,1182.282841,1182.084485,0.029196,0.0467,0.112299
473,T473_UAV_13,HAP_1,LEO_0,434.269676,434.066134,0.040594,0.0256,0.18674
474,T474_UAV_10,BS_0,LEO_0,316.838174,316.645201,0.040514,0.00944,0.215095
474,T474_UAV_11,BS_3,LEO_1,334.665262,334.452298,0.042748,0.026619,0.217992
474,T474_UAV_1,BS_3,HAP_0,259.724187,259.483794,0.026807,0.057818,0.278842
474,T474_UAV_15,BS_4,HAP_2,286.548647,286.363863,0.02704,0.014998,0.213725
474,T474_UAV_14,BS_4,HAP_1,300.065299,299.851762,0.026489,0.019566,0.337412
474,T474_UAV_16,HAP_1,LEO_0,452.781152,452.574834,0.040668,0.022631,0.215095
474,T474_UAV_17,HAP_1,LEO_1,526.512674,526.289742,0.043811,0.035522,0.217992
474,T474_UAV_13,HAP_1,HAP_0,400.124291,399.916396,0.027273,0.024854,0.278842
474,T474_UAV_5,HAP_1,LEO_0,581.782192,581.59101,0.040828,0.007335,0.215095
474,T474_UAV_9,HAP_1,LEO_1,687.387666,687.19339,0.045012,0.005666,0.217992
474,T474_UAV_7,BS_1,HAP_2,521.430952,521.243168,0.028578,0.016462,0.213725
474,T474_UAV_3,BS_3,HAP_1,529.110732,528.883051,0.028725,0.031473,0.337412
474,T474_UAV_4,BS_4,BS_2,537.03388,536.819355,0.043524,0.013532,0.287342
474,T474_UAV_0,BS_4,BS_1,565.829874,565.553861,0.045319,0.032366,0.491636
474,T474_UAV_18,HAP_1,BS_0,575.420215,575.165015,0.04592,0.030225,0.395272
474,T474_UAV_12,BS_4,BS_3,602.099412,601.869125,0.047588,0.011631,0.355343
474,T474_UAV_8,HAP_1,BS_4,735.380256,735.111569,0.055912,0.042351,0.35212
474,T474_UAV_6,BS_3,LEO_0,984.242356,984.0254,0.04147,0.032467,0.215095
474,T474_UAV_2,HAP_1,LEO_1,297.235977,297.035291,0.042003,0.015084,0.217992
475,T475_UAV_12,BS_4,LEO_0,380.053487,379.983641,0.000613,0.023746,0.227438
475,T475_UAV_8,HAP_1,LEO_1,488.851597,488.627271,0.043388,0.025495,0.277218
475,T475_UAV_4,BS_4,HAP_0,396.402523,396.195124,0.026793,0.025183,0.277119
475,T475_UAV_3,BS_3,HAP_1,434.16686,433.899636,0.028053,0.069114,0.350288
475,T475_UAV_9,HAP_1,HAP_2,443.368965,443.305211,0.003054,0.009099,0.258004
475,T475_UAV_17,HAP_1,LEO_0,611.127209,611.069485,0.00087,0.011366,0.227438
475,T475_UAV_2,HAP_1,LEO_1,699.051363,698.842943,0.04472,0.008257,0.277218
475,T475_UAV_1,BS_3,LEO_0,707.452431,707.397281,0.001096,0.008566,0.227438
475,T475_UAV_15,BS_4,HAP_0,551.927358,551.70512,0.027477,0.039337,0.277119
475,T475_UAV_6,BS_3,HAP_2,555.404913,555.336938,0.005194,0.01118,0.258004
475,T475_UAV_11,BS_3,LEO_1,769.443077,769.231763,0.04632,0.00955,0.277218
475,T475_UAV_7,BS_1,HAP_1,640.052278,639.798966,0.029632,0.053623,0.350288
475,T475_UAV_13,HAP_1,BS_2,712.476214,712.252693,0.054484,0.024199,0.224197
475,T475_UAV_16,HAP_1,BS_1,758.920814,758.61307,0.05738,0.042801,0.537819
475,T475_UAV_0,BS_4,LEO_0,1041.7687,1041.686004,0.001583,0.035625,0.227438
475,T475_UAV_5,HAP_1,LEO_1,431.776261,431.54906,0.043116,0.028642,0.277218
476,T476_UAV_15,BS_4,LEO_0,243.299255,243.09946,0.040389,0.018234,0.205863
476,T476_UAV_12,BS_4,LEO_1,263.946811,263.879919,0.003902,0.02175,0.206202
476,T476_UAV_11,BS_3,HAP_0,974.321167,974.154059,0.030177,0.007082,0.149247
476,T476_UAV_6,BS_3,HAP_2,283.133583,282.947632,0.028742,0.015092,0.210584
476,T476_UAV_1,BS_3,HAP_1,680.510237,680.268363,0.028135,0.046361,0.336883
476,T476_UAV_2,HAP_1,HAP_0,1196.557233,1196.382007,0.029844,0.015532,0.149247
476,T476_UAV_0,BS_4,LEO_0,694.928186,694.718705,0.041148,0.02716,0.205863
476,T476_UAV_13,HAP_1,LEO_1,485.883008,485.815572,0.005792,0.020404,0.206202
476,T476_UAV_4,BS_4,HAP_0,1343.222109,1343.014464,0.029746,0.04805,0.149247
476,T476_UAV_19,BS_3,HAP_1,797.017495,796.792626,0.029915,0.027577,0.336883
476,T476_UAV_18,HAP_1,HAP_0,1783.32486,1783.140255,0.032116,0.02264,0.149247
476,T476_UAV_3,BS_3,HAP_0,1923.767342,1923.581272,0.035093,0.021128,0.149247
476,T476_UAV_9,HAP_1,HAP_0,2226.93911,2226.753854,0.032525,0.022882,0.149247
476,T476_UAV_5,HAP_1,LEO_0,355.412499,355.206567,0.040547,0.024212,0.205863
477,T477_UAV_2,HAP_1,LEO_0,372.61025,372.540994,0.000568,0.020083,0.243025
477,T477_UAV_7,BS_1,LEO_1,566.435412,566.208324,0.045671,0.029825,0.257954
477,T477_UAV_10,BS_0,HAP_2,430.196264,430.127946,0.003947,0.013507,0.254316
477,T477_UAV_19,BS_3,LEO_0,581.394884,581.337613,0.001009,0.007656,0.243025
477,T477_UAV_8,HAP_1,HAP_0,617.866471,617.602745,0.028153,0.036711,0.494311
477,T477_UAV_18,HAP_1,LEO_1,613.784749,613.56111,0.044471,0.027577,0.257954
477,T477_UAV_11,BS_3,HAP_1,680.702009,680.490406,0.029232,0.013443,0.34464
477,T477_UAV_15,BS_4,LEO_0,641.834469,641.779327,0.000949,0.005589,0.243025
477,T477_UAV_17,HAP_1,HAP_2,527.551481,527.490502,0.004177,0.005938,0.254316
477,T477_UAV_3,BS_3,LEO_1,770.902553,770.688503,0.047035,0.015425,0.257954
477,T477_UAV_6,BS_3,HAP_1,744.978503,744.766849,0.02882,0.013905,0.34464
477,T477_UAV_12,BS_4,HAP_0,779.735392,779.483027,0.027801,0.025701,0.494311
477,T477_UAV_9,HAP_1,LEO_0,842.395617,842.310619,0.001324,0.035069,0.243025
477,T477_UAV_14,BS_4,LEO_1,892.686917,892.474782,0.047352,0.013192,0.257954
477,T477_UAV_13,HAP_1,BS_2,208.474534,208.261763,0.023,0.025334,0.322187
478,T478_UAV_14,BS_4,LEO_0,232.955757,232.869101,0.000393,0.022702,0.317804
478,T478_UAV_10,BS_0,LEO_1,251.852902,251.779587,0.002781,0.021635,0.244493
478,T478_UAV_1,BS_3,HAP_0,254.075573,253.858729,0.02677,0.037873,0.261009
478,T478_UAV_0,BS_4,HAP_1,296.184093,295.924358,0.026362,0.055922,0.387253
478,T478_UAV_7,BS_1,HAP_2,296.936101,296.854213,0.002044,0.025545,0.271499
478,T478_UAV_15,BS_4,LEO_0,347.687463,347.608037,0.000559,0.015306,0.317804
478,T478_UAV_12,BS_4,LEO_1,403.376835,403.294126,0.004276,0.029534,0.244493
478,T478_UAV_3,BS_3,HAP_0,416.808109,416.600285,0.028172,0.02745,0.261009
478,T478_UAV_18,HAP_1,LEO_0,489.70323,489.605081,0.000759,0.03383,0.317804
478,T478_UAV_19,BS_3,HAP_1,522.207301,521.95317,0.028217,0.048464,0.387253
478,T478_UAV_9,HAP_1,LEO_1,540.030228,539.961084,0.004895,0.015351,0.244493
478,T478_UAV_11,BS_3,HAP_2,543.67029,543.598687,0.0058,0.011503,0.271499
478,T478_UAV_6,BS_3,BS_2,565.274883,565.040947,0.045287,0.026551,0.310492
478,T478_UAV_2,HAP_1,BS_1,685.695802,685.410891,0.052807,0.040994,0.455554
478,T478_UAV_8,HAP_1,BS_4,741.065751,740.839189,0.056269,0.011993,0.291499
479,T479_UAV_14,BS_4,LEO_0,708.431869,708.231979,0.040981,0.021873,0.185177
479,T479_UAV_10,BS_0,LEO_1,361.975289,361.909667,0.004001,0.00522,0.282008
479,T479_UAV_12,BS_4,HAP_0,546.904491,546.675161,0.026949,0.03687,0.327556
479,T479_UAV_1,BS_3,HAP_1,550.246528,550.02291,0.027535,0.035182,0.304507
479,T479_UAV_6,BS_3,HAP_2,303.216114,303.118128,0.003991,0.020011,0.369922
479,T479_UAV_4,BS_4,LEO_0,984.068583,983.869279,0.041274,0.020995,0.185177
479,T479_UAV_2,HAP_1,LEO_1,683.147812,683.065491,0.005686,0.020233,0.282008
479,T479_UAV_13,HAP_1,LEO_0,1034.444873,1034.255922,0.041357,0.010559,0.185177
479,T479_UAV_9,HAP_1,HAP_0,725.446689,725.242187,0.028077,0.010914,0.327556
479,T479_UAV_18,HAP_1,LEO_1,727.843196,727.772725,0.006553,0.007516,0.282008
479,T479_UAV_17,HAP_1,LEO_0,1237.667488,1237.479629,0.04159,0.009234,0.185177
479,T479_UAV_15,BS_4,LEO_0,1393.179587,1392.994693,0.041857,0.006002,0.185177
479,T479_UAV_8,HAP_1,LEO_0,1554.251112,1554.064878,0.04211,0.007089,0.185177
479,T479_UAV_5,HAP_1,HAP_1,239.541973,239.32166,0.025935,0.033477,0.304507
480,T480_UAV_15,BS_4,HAP_0,821.263828,821.093627,0.027706,0.021393,0.105511
480,T480_UAV_7,BS_1,LEO_0,205.771669,205.533706,0.040503,0.030977,0.332416
480,T480_UAV_18,HAP_1,LEO_1,266.767223,266.675762,0.003303,0.020312,0.339231
480,T480_UAV_19,BS_3,HAP_2,349.90684,349.708625,0.028775,0.018216,0.256118
480,T480_UAV_6,BS_3,HAP_0,1133.554944,1133.379535,0.029896,0.024411,0.105511
480,T480_UAV_5,HAP_1,LEO_0,331.230187,331.006579,0.040576,0.01655,0.332416
480,T480_UAV_9,HAP_1,LEO_1,450.230716,450.137422,0.005634,0.019814,0.339231
480,T480_UAV_11,BS_3,HAP_0,1213.418877,1213.242471,0.030924,0.02438,0.105511
480,T480_UAV_17,HAP_1,HAP_2,460.001464,459.808556,0.028625,0.013059,0.256118
480,T480_UAV_4,BS_4,HAP_0,1969.618803,1969.428066,0.031611,0.038023,0.105511
480,T480_UAV_14,BS_4,HAP_0,2317.231158,2317.063193,0.031935,0.014928,0.105511
480,T480_UAV_8,HAP_1,HAP_0,2895.695795,2895.5058,0.035487,0.033406,0.105511
480,T480_UAV_3,BS_3,HAP_0,3135.44477,3135.241761,0.040181,0.041727,0.105511
480,T480_UAV_13,HAP_1,HAP_0,808.682938,808.521917,0.028192,0.011727,0.105511
481,T481_UAV_3,BS_3,LEO_1,633.853146,633.669572,0.044287,0.011395,0.13946
481,T481_UAV_9,HAP_1,LEO_0,331.864847,331.649365,0.04057,0.010219,0.32347
481,T481_UAV_4,BS_4,HAP_2,410.985123,410.787683,0.02794,0.02834,0.205799
481,T481_UAV_6,BS_3,HAP_1,428.789765,428.572692,0.027188,0.015286,0.372996
481,T481_UAV_18,HAP_1,LEO_1,653.224444,653.048941,0.043599,0.004012,0.13946
481,T481_UAV_11,BS_3,HAP_0,543.353897,543.108921,0.029186,0.022887,0.464513
481,T481_UAV_17,HAP_1,LEO_0,575.035914,574.820658,0.040887,0.009675,0.32347
481,T481_UAV_7,BS_1,LEO_1,765.708819,765.528045,0.045671,0.007211,0.13946
481,T481_UAV_12,BS_4,BS_2,445.028353,444.83987,0.037779,0.011814,0.194454
481,T481_UAV_14,BS_4,HAP_2,499.521762,499.341786,0.028194,0.010622,0.205799
481,T481_UAV_19,BS_3,HAP_1,625.436113,625.165465,0.028849,0.0672,0.372996
481,T481_UAV_1,BS_3,HAP_0,638.747634,638.500164,0.029461,0.025106,0.464513
481,T481_UAV_2,HAP_1,LEO_1,1002.814669,1002.638071,0.04518,0.003526,0.13946
481,T481_UAV_15,BS_4,LEO_0,744.218092,743.992385,0.041203,0.019811,0.32347
481,T481_UAV_16,HAP_1,LEO_1,1347.857154,1347.666899,0.047169,0.015193,0.13946
481,T481_UAV_13,HAP_1,LEO_1,429.280884,429.104012,0.042291,0.006689,0.13946
482,T482_UAV_10,BS_0,LEO_0,426.306677,426.099304,0.040655,0.026978,0.198697
482,T482_UAV_0,BS_4,LEO_1,281.117967,280.874718,0.042751,0.029483,0.355069
482,T482_UAV_12,BS_4,HAP_1,453.757383,453.508527,0.027163,0.062611,0.295412
482,T482_UAV_7,BS_1,HAP_0,308.748435,308.512902,0.026661,0.042994,0.329388
482,T482_UAV_19,BS_3,HAP_2,490.986387,490.788614,0.029389,0.020234,0.240751
482,T482_UAV_8,HAP_1,LEO_0,571.17263,570.975232,0.040812,0.016847,0.198697
482,T482_UAV_9,HAP_1,LEO_1,345.759971,345.516982,0.043139,0.028836,0.355069
482,T482_UAV_5,HAP_1,HAP_0,356.062074,355.831003,0.027059,0.038134,0.329388
482,T482_UAV_1,BS_3,HAP_1,540.991603,540.773876,0.027254,0.031391,0.295412
482,T482_UAV_3,BS_3,LEO_0,641.866939,641.660301,0.04109,0.025809,0.198697
482,T482_UAV_14,BS_4,HAP_2,677.627279,677.442762,0.0288,0.007567,0.240751
482,T482_UAV_4,BS_4,LEO_0,789.511663,789.296495,0.041068,0.034361,0.198697
482,T482_UAV_16,HAP_1,LEO_1,642.290898,642.066324,0.045535,0.008026,0.355069
482,T482_UAV_11,BS_3,BS_2,754.821776,754.576743,0.057127,0.01483,0.365374
482,T482_UAV_15,BS_4,HAP_1,917.374701,917.175181,0.028254,0.012184,0.295412
482,T482_UAV_17,HAP_1,LEO_0,1211.399199,1211.192849,0.041629,0.024981,0.198697
482,T482_UAV_2,HAP_1,HAP_2,469.252015,469.052195,0.02825,0.023419,0.240751
483,T483_UAV_19,BS_3,LEO_1,174.526712,174.313674,0.04242,0.026594,0.220118
483,T483_UAV_8,HAP_1,LEO_0,356.21843,356.006472,0.040585,0.009167,0.311029
483,T483_UAV_4,BS_4,HAP_2,1355.705121,1355.531589,0.031524,0.00567,0.181686
483,T483_UAV_18,HAP_1,HAP_0,397.233177,397.016547,0.027139,0.036001,0.267451
483,T483_UAV_10,BS_0,HAP_1,557.125393,556.912264,0.028526,0.012435,0.360843
483,T483_UAV_1,BS_3,LEO_0,672.403377,672.193676,0.041134,0.006361,0.311029
483,T483_UAV_6,BS_3,LEO_1,470.194735,469.981668,0.046351,0.022692,0.220118
483,T483_UAV_14,BS_4,HAP_2,1670.218118,1670.043048,0.032409,0.006324,0.181686
483,T483_UAV_12,BS_4,HAP_0,710.626994,710.402287,0.027494,0.043723,0.267451
483,T483_UAV_0,BS_4,HAP_1,767.096856,766.843308,0.028498,0.052882,0.360843
483,T483_UAV_11,BS_3,LEO_0,771.782307,771.564298,0.041451,0.014352,0.311029
483,T483_UAV_7,BS_1,HAP_2,2000.379211,2000.194151,0.034357,0.014366,0.181686
483,T483_UAV_15,BS_4,HAP_2,2194.411045,2194.214911,0.035442,0.024354,0.181686
483,T483_UAV_17,HAP_1,HAP_2,2301.468229,2301.263726,0.036814,0.031352,0.181686
483,T483_UAV_9,BS_4,HAP_2,2798.768551,2798.576416,0.0379,0.017898,0.181686
483,T483_UAV_16,HAP_1,HAP_2,1061.032015,1060.849129,0.030546,0.016003,0.181686
484,T484_UAV_6,BS_3,LEO_0,397.775991,397.712332,0.00059,0.023878,0.195953
484,T484_UAV_7,BS_1,LEO_1,348.463968,348.244674,0.044404,0.026696,0.240972
484,T484_UAV_15,BS_4,HAP_0,460.795438,460.590701,0.026852,0.048782,0.145511
484,T484_UAV_9,BS_4,HAP_1,369.941314,369.725256,0.026464,0.04443,0.225821
484,T484_UAV_16,HAP_1,HAP_2,409.331546,409.104081,0.028299,0.028869,0.351486
484,T484_UAV_18,HAP_1,LEO_0,520.727063,520.655817,0.000744,0.031312,0.195953
484,T484_UAV_2,HAP_1,LEO_1,522.487413,522.287225,0.044345,0.007648,0.240972
484,T484_UAV_1,BS_3,LEO_0,760.200272,760.136172,0.001178,0.023731,0.195953
484,T484_UAV_0,BS_4,HAP_0,946.204182,946.001119,0.028403,0.045557,0.145511
484,T484_UAV_11,BS_3,HAP_1,658.219762,657.992562,0.029033,0.053002,0.225821
484,T484_UAV_14,BS_4,LEO_1,759.874059,759.649283,0.047835,0.028747,0.240972
484,T484_UAV_5,HAP_1,HAP_2,798.064558,797.831016,0.031858,0.031387,0.351486
484,T484_UAV_12,BS_4,LEO_0,907.591488,907.533433,0.001476,0.017389,0.195953
484,T484_UAV_4,BS_4,HAP_0,1179.511544,1179.330567,0.029907,0.021967,0.145511
484,T484_UAV_8,HAP_1,BS_2,290.945946,290.752877,0.028153,0.016313,0.243011
485,T485_UAV_6,BS_3,LEO_0,309.343089,309.239718,0.000498,0.038181,0.323464
485,T485_UAV_18,HAP_1,LEO_1,458.935565,458.867318,0.003323,0.015025,0.249496
485,T485_UAV_17,HAP_1,HAP_0,578.908356,578.70184,0.027656,0.026954,0.259534
485,T485_UAV_12,BS_4,HAP_1,389.244959,388.992574,0.027076,0.07105,0.271298
485,T485_UAV_7,BS_1,HAP_2,408.893638,408.65531,0.027821,0.038181,0.36163
485,T485_UAV_0,BS_4,LEO_1,626.163152,626.097488,0.004932,0.010834,0.249496
485,T485_UAV_10,BS_0,LEO_0,481.309969,481.221865,0.000871,0.02254,0.323464
485,T485_UAV_3,BS_3,HAP_0,718.794779,718.59641,0.029713,0.016749,0.259534
485,T485_UAV_2,HAP_1,LEO_0,582.703811,582.61229,0.000962,0.025866,0.323464
485,T485_UAV_5,HAP_1,LEO_1,777.817714,777.757056,0.005638,0.005121,0.249496
485,T485_UAV_9,BS_4,HAP_1,587.376203,587.162274,0.027333,0.032336,0.271298
485,T485_UAV_4,BS_4,HAP_2,704.953991,704.733116,0.030072,0.018478,0.36163
485,T485_UAV_14,BS_4,BS_2,748.661934,748.440485,0.056744,0.006686,0.29009
485,T485_UAV_8,HAP_1,LEO_1,1061.079186,1060.991491,0.007436,0.03036,0.249496
485,T485_UAV_13,HAP_1,HAP_0,476.809379,476.610762,0.027413,0.019296,0.259534
486,T486_UAV_0,BS_4,LEO_0,362.407737,362.212366,0.040552,0.01347,0.206742
486,T486_UAV_12,BS_4,LEO_1,184.789781,184.693275,0.002714,0.032248,0.307717
486,T486_UAV_15,BS_4,HAP_2,208.911312,208.726671,0.026468,0.02082,0.186766
486,T486_UAV_14,BS_4,HAP_0,422.014571,421.821773,0.026536,0.018625,0.238188
486,T486_UAV_6,BS_3,HAP_1,307.391179,307.185509,0.02656,0.01159,0.3376
486,T486_UAV_18,HAP_1,LEO_0,441.564135,441.356162,0.040629,0.025996,0.206742
486,T486_UAV_13,HAP_1,LEO_1,273.418944,273.333048,0.003241,0.021111,0.307717
486,T486_UAV_17,HAP_1,HAP_0,703.375028,703.172647,0.028223,0.026521,0.238188
486,T486_UAV_2,HAP_1,LEO_0,654.947522,654.731565,0.040992,0.033616,0.206742
486,T486_UAV_9,BS_4,HAP_2,618.19542,618.012476,0.029146,0.016445,0.186766
486,T486_UAV_1,BS_3,BS_2,701.796941,701.706071,0.043835,0.005021,0.21007
486,T486_UAV_19,BS_3,HAP_1,771.107599,770.863221,0.029739,0.047119,0.3376
486,T486_UAV_7,BS_1,LEO_0,994.722775,994.517472,0.041887,0.022069,0.206742
486,T486_UAV_8,HAP_1,HAP_0,462.752,462.541865,0.027064,0.035434,0.238188
487,T487_UAV_15,BS_4,LEO_0,343.156419,343.102192,0.000562,0.007797,0.22934
487,T487_UAV_6,BS_3,LEO_1,238.263047,238.166058,0.003227,0.02393,0.349158
487,T487_UAV_12,BS_4,HAP_0,359.567307,359.381581,0.026241,0.017926,0.207793
487,T487_UAV_13,HAP_1,HAP_2,482.916817,482.736102,0.02912,0.01125,0.201721
487,T487_UAV_14,BS_4,HAP_1,575.505235,575.296875,0.027905,0.021215,0.296203
487,T487_UAV_8,HAP_1,LEO_0,495.848003,495.79518,0.000816,0.006139,0.22934
487,T487_UAV_7,BS_1,LEO_1,471.822407,471.735201,0.008432,0.008942,0.349158
487,T487_UAV_18,HAP_1,LEO_0,530.262675,530.198366,0.000819,0.017622,0.22934
487,T487_UAV_17,HAP_1,HAP_0,684.382419,684.19378,0.028496,0.018585,0.207793
487,T487_UAV_5,HAP_1,HAP_2,693.98292,693.796608,0.030955,0.015012,0.201721
487,T487_UAV_11,BS_3,HAP_1,747.463197,747.263428,0.029552,0.010977,0.296203
487,T487_UAV_2,HAP_1,BS_2,260.201908,260.018533,0.026233,0.009634,0.237536
488,T488_UAV_18,HAP_1,LEO_1,702.984297,702.805751,0.043219,0.015573,0.098767
488,T488_UAV_13,HAP_1,LEO_0,286.126751,286.062727,0.000454,0.009079,0.272451
488,T488_UAV_8,HAP_1,HAP_0,887.760423,887.677889,0.003355,0.040661,0.192592
488,T488_UAV_1,BS_3,HAP_2,338.858398,338.791451,0.003401,0.022609,0.204687
488,T488_UAV_4,BS_4,LEO_1,1086.9825,1086.804881,0.045342,0.012523,0.098767
488,T488_UAV_19,BS_3,LEO_0,446.231461,446.16909,0.000854,0.007027,0.272451
488,T488_UAV_16,HAP_1,LEO_1,1095.132418,1094.950859,0.044918,0.016888,0.098767
488,T488_UAV_14,BS_4,HAP_0,1310.672816,1310.612088,0.004186,0.018024,0.192592
488,T488_UAV_3,BS_3,LEO_1,1109.23944,1109.056831,0.046151,0.016705,0.098767
488,T488_UAV_7,BS_1,HAP_0,1391.460715,1391.389983,0.005653,0.026561,0.192592
488,T488_UAV_10,BS_0,LEO_0,699.123168,699.049977,0.001271,0.017431,0.272451
488,T488_UAV_0,BS_4,HAP_2,708.807628,708.735656,0.004597,0.026437,0.204687
488,T488_UAV_6,BS_3,LEO_1,1232.229781,1232.051958,0.046072,0.011997,0.098767
488,T488_UAV_2,HAP_1,HAP_0,1413.961745,1413.878207,0.005708,0.039312,0.192592
488,T488_UAV_11,BS_3,LEO_1,1348.757098,1348.581819,0.04682,0.008705,0.098767
488,T488_UAV_9,BS_4,LEO_1,1583.356907,1583.185788,0.047405,0.00396,0.098767
488,T488_UAV_12,BS_4,HAP_0,1793.767866,1793.702375,0.005074,0.021899,0.192592
488,T488_UAV_15,BS_4,LEO_1,1632.679899,1632.497458,0.047625,0.015063,0.098767
488,T488_UAV_17,HAP_1,HAP_0,618.366598,618.304785,0.002397,0.020898,0.192592
489,T489_UAV_19,BS_3,LEO_0,227.936726,227.850838,0.000436,0.015237,0.351078
489,T489_UAV_15,BS_4,LEO_1,233.811426,233.57509,0.042128,0.006875,0.436665
489,T489_UAV_6,BS_3,HAP_1,365.932498,365.717247,0.026661,0.032456,0.280667
489,T489_UAV_7,BS_1,HAP_0,245.304532,245.068018,0.026328,0.032001,0.390921
489,T489_UAV_12,BS_4,HAP_2,399.281162,399.211999,0.002069,0.007555,0.297694
489,T489_UAV_1,BS_3,LEO_0,308.066042,307.980744,0.00052,0.014562,0.351078
489,T489_UAV_8,HAP_1,LEO_1,402.362062,402.108776,0.043483,0.02247,0.436665
489,T489_UAV_4,BS_4,LEO_0,407.160316,407.077997,0.000631,0.011472,0.351078
489,T489_UAV_11,BS_3,HAP_1,700.909488,700.655266,0.028744,0.069345,0.280667
489,T489_UAV_5,HAP_1,HAP_0,474.854632,474.626464,0.027736,0.022247,0.390921
489,T489_UAV_2,HAP_1,HAP_2,859.318693,859.239675,0.005949,0.01353,0.297694
489,T489_UAV_18,HAP_1,LEO_1,602.504489,602.264781,0.045362,0.007013,0.436665
489,T489_UAV_3,BS_3,BS_2,596.598172,596.367843,0.047244,0.030612,0.262361
489,T489_UAV_14,BS_4,BS_1,661.09907,660.835335,0.051272,0.047186,0.326388
489,T489_UAV_0,BS_4,BS_0,673.631283,673.386102,0.052056,0.013097,0.400142
489,T489_UAV_17,HAP_1,HAP_2,985.433124,985.340338,0.006596,0.026651,0.297694
489,T489_UAV_13,HAP_1,HAP_1,364.12952,363.923044,0.026162,0.024181,0.280667
490,T490_UAV_1,BS_3,LEO_0,818.804654,818.614273,0.041134,0.010242,0.195025
490,T490_UAV_2,HAP_1,LEO_1,294.287095,294.054197,0.043349,0.027856,0.308464
490,T490_UAV_4,BS_4,HAP_2,629.718926,629.524303,0.028942,0.026482,0.195997
490,T490_UAV_5,HAP_1,HAP_0,669.823996,669.610686,0.028417,0.024893,0.299998
490,T490_UAV_7,BS_1,HAP_1,648.445241,648.203281,0.029757,0.047016,0.325933
490,T490_UAV_9,BS_4,LEO_0,986.260502,986.076107,0.041401,0.003989,0.195025
490,T490_UAV_16,HAP_1,LEO_1,343.225222,342.991049,0.044102,0.028378,0.308464
490,T490_UAV_15,BS_4,LEO_0,1283.392362,1283.196895,0.041741,0.014722,0.195025
490,T490_UAV_13,HAP_1,HAP_2,968.497853,968.30289,0.032028,0.023736,0.195997
490,T490_UAV_3,BS_3,HAP_0,1086.179965,1085.970173,0.032132,0.01766,0.299998
490,T490_UAV_19,BS_3,HAP_1,757.455208,757.238623,0.02965,0.021748,0.325933
490,T490_UAV_12,BS_4,BS_2,737.138367,736.925691,0.056025,0.016418,0.201162
490,T490_UAV_10,BS_0,LEO_0,1423.513916,1423.309125,0.042105,0.023681,0.195025
490,T490_UAV_18,HAP_1,HAP_2,1126.706167,1126.51358,0.032927,0.020461,0.195997
490,T490_UAV_0,BS_4,HAP_0,1140.115822,1139.910735,0.029075,0.016014,0.299998
490,T490_UAV_17,HAP_1,LEO_0,1518.342556,1518.140804,0.041957,0.02079,0.195025
490,T490_UAV_8,HAP_1,LEO_0,546.482794,546.298403,0.04074,0.004645,0.195025
491,T491_UAV_6,BS_3,LEO_1,414.494567,414.278356,0.043259,0.0209,0.26026
491,T491_UAV_14,BS_4,LEO_0,416.65418,416.420129,0.040697,0.029311,0.320214
491,T491_UAV_10,BS_0,HAP_2,549.233084,549.05001,0.028821,0.017934,0.181596
491,T491_UAV_12,BS_4,HAP_0,346.647904,346.591527,0.001179,0.011204,0.219967
491,T491_UAV_17,HAP_1,LEO_1,490.631647,490.415901,0.04361,0.020084,0.26026
491,T491_UAV_15,BS_4,HAP_2,687.874666,687.691837,0.028815,0.017695,0.181596
491,T491_UAV_2,HAP_1,LEO_0,534.797228,534.571361,0.040881,0.020943,0.320214
491,T491_UAV_0,BS_4,HAP_1,758.290307,758.047286,0.028406,0.045354,0.346308
491,T491_UAV_8,HAP_1,HAP_0,625.845339,625.784175,0.003064,0.014106,0.219967
491,T491_UAV_11,BS_3,LEO_1,930.111767,929.889875,0.047521,0.022319,0.26026
491,T491_UAV_3,BS_3,BS_1,706.021669,705.750397,0.054077,0.059046,0.290741
491,T491_UAV_5,HAP_1,LEO_0,756.490246,756.263241,0.041164,0.021798,0.320214
491,T491_UAV_7,BS_1,HAP_1,785.565933,785.349068,0.03077,0.016833,0.346308
491,T491_UAV_16,HAP_1,BS_2,787.290971,787.040072,0.059155,0.029009,0.313672
491,T491_UAV_1,BS_3,HAP_2,1127.225288,1127.04872,0.033398,0.006851,0.181596
491,T491_UAV_19,BS_3,HAP_2,403.817641,403.648556,0.028217,0.004549,0.181596
491,T491_UAV_18,HAP_1,LEO_1,410.973211,410.767978,0.042953,0.010228,0.26026
492,T492_UAV_15,BS_4,LEO_0,211.236683,211.013557,0.040348,0.027754,0.275121
492,T492_UAV_2,HAP_1,LEO_1,814.1721,813.978526,0.043537,0.011,0.195186
492,T492_UAV_12,BS_4,HAP_0,370.012528,369.813684,0.026252,0.021727,0.254327
492,T492_UAV_14,BS_4,HAP_1,249.137585,248.877045,0.026567,0.063896,0.350383
492,T492_UAV_3,BS_3,LEO_1,1014.187421,1013.973169,0.045606,0.029608,0.195186
492,T492_UAV_5,HAP_1,LEO_0,411.702512,411.480276,0.040633,0.026579,0.275121
492,T492_UAV_16,HAP_1,HAP_2,712.535899,712.310712,0.030766,0.028659,0.328808
492,T492_UAV_9,BS_4,LEO_1,1140.987255,1140.762768,0.045352,0.040098,0.195186
492,T492_UAV_8,HAP_1,HAP_0,553.206526,552.988969,0.027697,0.038994,0.254327
492,T492_UAV_1,BS_3,LEO_0,581.180431,580.971112,0.04098,0.013315,0.275121
492,T492_UAV_7,BS_1,LEO_1,1292.282118,1292.0772,0.047874,0.018008,0.195186
492,T492_UAV_10,BS_0,BS_2,635.34091,635.240709,0.039683,0.014295,0.23112
492,T492_UAV_13,HAP_1,HAP_2,770.318398,770.112327,0.031588,0.008722,0.328808
492,T492_UAV_19,BS_3,LEO_1,1476.323244,1476.12152,0.047378,0.015308,0.195186
492,T492_UAV_11,BS_3,LEO_1,1835.847091,1835.618979,0.049251,0.039824,0.195186
492,T492_UAV_4,BS_4,LEO_1,1885.084042,1884.871519,0.049254,0.024231,0.195186
492,T492_UAV_18,HAP_1,LEO_1,625.175845,624.980165,0.042852,0.01379,0.195186
493,T493_UAV_11,BS_3,LEO_0,260.40836,260.352095,0.000485,0.007873,0.239539
493,T493_UAV_0,BS_4,LEO_1,305.151793,304.893373,0.042949,0.025672,0.449
493,T493_UAV_3,BS_3,HAP_0,555.351477,555.287096,0.003312,0.021166,0.199513
493,T493_UAV_13,HAP_1,HAP_2,407.75257,407.565896,0.028486,0.007453,0.253676
493,T493_UAV_5,HAP_1,LEO_0,426.549375,426.488539,0.000657,0.012272,0.239539
493,T493_UAV_6,BS_3,HAP_1,583.04682,582.788298,0.027943,0.059089,0.357452
493,T493_UAV_19,BS_3,HAP_0,597.370654,597.318228,0.003667,0.008856,0.199513
493,T493_UAV_2,HAP_1,LEO_1,543.3797,543.109602,0.044527,0.03577,0.449
493,T493_UAV_15,BS_4,BS_2,402.904811,402.722356,0.035148,0.010151,0.185782
493,T493_UAV_7,BS_1,LEO_0,526.662118,526.605203,0.001113,0.007894,0.239539
493,T493_UAV_9,BS_4,HAP_2,596.871216,596.685845,0.028937,0.005698,0.253676
493,T493_UAV_14,BS_4,HAP_1,683.445789,683.206657,0.028477,0.039165,0.357452
493,T493_UAV_1,BS_3,LEO_1,687.03615,686.770412,0.046022,0.029917,0.449
493,T493_UAV_8,HAP_1,HAP_0,964.564276,964.513168,0.003941,0.007265,0.199513
493,T493_UAV_4,BS_4,BS_1,720.385052,720.144396,0.054977,0.013871,0.359038
493,T493_UAV_12,BS_4,BS_0,732.734259,732.473057,0.055747,0.053846,0.258049
493,T493_UAV_10,BS_0,BS_3,770.847403,770.589278,0.058128,0.029331,0.353333
493,T493_UAV_16,HAP_1,HAP_0,1247.839525,1247.77217,0.005526,0.021927,0.199513
494,T494_UAV_11,BS_3,LEO_0,327.059958,326.982497,0.000554,0.021692,0.276076
494,T494_UAV_13,HAP_1,LEO_1,281.917452,281.677758,0.042417,0.034009,0.316342
494,T494_UAV_16,HAP_1,HAP_2,317.292231,317.100509,0.027567,0.023444,0.203557
494,T494_UAV_4,BS_4,HAP_0,400.932953,400.701654,0.026874,0.035485,0.344696
494,T494_UAV_7,BS_1,HAP_1,421.405616,421.171402,0.028101,0.04183,0.321413
494,T494_UAV_19,BS_3,LEO_0,616.099877,616.03446,0.001074,0.009128,0.276076
494,T494_UAV_0,BS_4,LEO_1,466.651772,466.407161,0.044509,0.036834,0.316342
494,T494_UAV_15,BS_4,LEO_0,758.853638,758.778585,0.001157,0.018681,0.276076
494,T494_UAV_12,BS_4,HAP_2,577.218364,577.039045,0.028355,0.010252,0.203557
494,T494_UAV_6,BS_3,HAP_0,629.910395,629.668164,0.02896,0.044332,0.344696
494,T494_UAV_17,HAP_1,BS_2,631.373119,631.151369,0.049417,0.018955,0.266887
494,T494_UAV_8,HAP_1,LEO_1,653.51304,653.249529,0.045691,0.054551,0.316342
494,T494_UAV_10,BS_0,HAP_1,731.660151,731.431071,0.029727,0.03507,0.321413
494,T494_UAV_2,HAP_1,LEO_0,866.456734,866.380303,0.001315,0.0199,0.276076
494,T494_UAV_18,HAP_1,BS_1,240.102541,239.870933,0.024974,0.037127,0.347531
495,T495_UAV_4,BS_4,LEO_1,615.399644,615.170416,0.043015,0.051206,0.175035
495,T495_UAV_12,BS_4,LEO_0,185.848283,185.748759,0.000385,0.024278,0.374306
495,T495_UAV_13,HAP_1,HAP_2,844.625626,844.54308,0.005529,0.029786,0.236153
495,T495_UAV_6,BS_3,HAP_0,216.31512,216.065967,0.026756,0.050917,0.357398
495,T495_UAV_1,BS_3,HAP_1,238.718923,238.456423,0.026337,0.068283,0.339395
495,T495_UAV_5,HAP_1,LEO_1,974.584318,974.374639,0.044486,0.030186,0.175035
495,T495_UAV_18,HAP_1,HAP_2,881.916536,881.847584,0.005645,0.016077,0.236153
495,T495_UAV_19,BS_3,LEO_1,1184.171677,1183.959861,0.045904,0.030905,0.175035
495,T495_UAV_10,BS_0,BS_2,517.189583,516.986285,0.042286,0.014997,0.230079
495,T495_UAV_8,HAP_1,LEO_1,1396.253374,1396.03941,0.046287,0.03267,0.175035
495,T495_UAV_9,BS_4,HAP_2,1118.708648,1118.640152,0.005886,0.015379,0.236153
495,T495_UAV_14,BS_4,LEO_1,1397.267008,1397.075779,0.047232,0.00899,0.175035
495,T495_UAV_11,BS_3,LEO_1,1414.738535,1414.51683,0.04711,0.039587,0.175035
495,T495_UAV_15,BS_4,HAP_2,1391.212627,1391.137702,0.007696,0.019998,0.236153
495,T495_UAV_17,HAP_1,LEO_1,1977.479999,1977.269355,0.049249,0.026388,0.175035
495,T495_UAV_3,BS_3,LEO_1,2050.730118,2050.523285,0.051315,0.020511,0.175035
495,T495_UAV_16,HAP_1,LEO_0,178.819609,178.73779,0.000318,0.00664,0.374306
496,T496_UAV_2,HAP_1,LEO_0,1180.84943,1180.66424,0.041421,0.011834,0.159676
496,T496_UAV_1,BS_3,LEO_1,285.126892,284.890921,0.043426,0.012798,0.398735
496,T496_UAV_0,BS_4,HAP_0,455.108319,454.894335,0.026762,0.034341,0.264403
496,T496_UAV_3,BS_3,HAP_1,238.668352,238.455901,0.027179,0.015503,0.348841
496,T496_UAV_4,BS_4,LEO_0,1249.859001,1249.672761,0.04143,0.012874,0.159676
496,T496_UAV_15,BS_4,HAP_2,289.878728,289.650935,0.027678,0.01484,0.42638
496,T496_UAV_5,HAP_1,LEO_0,1286.420409,1286.235261,0.041467,0.011745,0.159676
496,T496_UAV_9,BS_4,LEO_1,508.51427,508.274001,0.046466,0.014057,0.398735
496,T496_UAV_11,BS_3,HAP_0,516.240593,516.031853,0.028918,0.026941,0.264403
496,T496_UAV_16,HAP_1,LEO_0,1418.375289,1418.18907,0.041641,0.012644,0.159676
496,T496_UAV_8,HAP_1,BS_2,599.330033,599.239421,0.037434,0.008329,0.224244
496,T496_UAV_7,BS_1,LEO_0,1978.733629,1978.545185,0.042859,0.01365,0.159676
496,T496_UAV_6,BS_3,LEO_0,2010.998994,2010.807697,0.042358,0.017004,0.159676
496,T496_UAV_19,BS_3,LEO_0,2493.351712,2493.172075,0.043353,0.004349,0.159676
496,T496_UAV_10,BS_0,LEO_0,2556.684271,2556.502684,0.043335,0.006316,0.159676
496,T496_UAV_12,BS_4,LEO_0,2591.949816,2591.770747,0.043327,0.003806,0.159676
496,T496_UAV_18,HAP_1,LEO_0,756.216189,756.022603,0.040862,0.020789,0.159676
497,T497_UAV_3,BS_3,LEO_0,286.854411,286.587209,0.04057,0.031813,0.474091
497,T497_UAV_6,BS_3,LEO_1,311.396719,311.150727,0.043044,0.024895,0.390258
497,T497_UAV_10,BS_0,HAP_0,493.605239,493.51998,0.002671,0.037342,0.226233
497,T497_UAV_16,HAP_1,HAP_2,416.734269,416.517229,0.028378,0.021212,0.337248
497,T497_UAV_4,BS_4,HAP_1,452.444458,452.163243,0.026996,0.060225,0.469967
497,T497_UAV_15,BS_4,HAP_0,647.307744,647.235724,0.002407,0.024367,0.226233
497,T497_UAV_9,BS_4,LEO_0,496.541791,496.294634,0.040868,0.01147,0.474091
497,T497_UAV_18,HAP_1,LEO_1,515.103707,514.865826,0.044547,0.015283,0.390258
497,T497_UAV_12,BS_4,BS_2,496.383909,496.280794,0.031002,0.017322,0.273952
497,T497_UAV_1,BS_3,HAP_1,660.407906,660.119547,0.028045,0.066321,0.469967
497,T497_UAV_0,BS_4,LEO_0,684.153932,683.880706,0.041147,0.037261,0.474091
497,T497_UAV_5,HAP_1,LEO_1,741.656554,741.417351,0.046655,0.014497,0.390258
497,T497_UAV_8,HAP_1,HAP_2,747.584428,747.347371,0.030569,0.039039,0.337248
497,T497_UAV_7,BS_1,HAP_0,1022.523045,1022.463184,0.004619,0.009995,0.226233
497,T497_UAV_14,BS_4,HAP_0,1358.769276,1358.697311,0.00477,0.021947,0.226233
497,T497_UAV_13,HAP_1,BS_1,300.710501,300.477536,0.02876,0.018147,0.430288
498,T498_UAV_19,BS_3,LEO_0,363.204299,362.989071,0.040696,0.008403,0.330645
498,T498_UAV_9,BS_4,LEO_1,484.833718,484.605458,0.043615,0.031616,0.265137
498,T498_UAV_6,BS_3,HAP_0,378.021319,377.814256,0.027355,0.032494,0.236068
498,T498_UAV_17,BS_4,HAP_1,388.766074,388.582776,0.026505,0.0159,0.204465
498,T498_UAV_14,BS_4,HAP_2,406.77053,406.585783,0.027643,0.011271,0.229165
498,T498_UAV_7,BS_1,LEO_0,510.881847,510.664035,0.041081,0.010601,0.330645
498,T498_UAV_5,HAP_1,LEO_1,709.290584,709.05915,0.04515,0.033257,0.265137
498,T498_UAV_10,BS_0,HAP_0,555.004815,554.794653,0.028772,0.034175,0.236068
498,T498_UAV_13,HAP_1,LEO_1,747.115184,746.870033,0.045195,0.046929,0.265137
498,T498_UAV_15,BS_4,HAP_1,624.687768,624.507127,0.027408,0.01234,0.204465
498,T498_UAV_12,BS_4,LEO_0,675.874838,675.650398,0.041219,0.017091,0.330645
498,T498_UAV_4,BS_4,HAP_2,715.024242,714.808448,0.03023,0.039732,0.229165
498,T498_UAV_8,HAP_1,BS_2,727.681173,727.553328,0.045449,0.013239,0.345782
498,T498_UAV_0,BS_4,LEO_1,998.497966,998.241922,0.047746,0.05527,0.265137
498,T498_UAV_16,HAP_1,BS_1,370.084938,369.861234,0.033095,0.010009,0.403006
499,T499_UAV_17,BS_4,LEO_0,311.687845,311.461753,0.040445,0.032513,0.265669
499,T499_UAV_9,BS_4,LEO_1,628.882905,628.664969,0.043553,0.042733,0.158249
499,T499_UAV_4,BS_4,HAP_0,440.015164,439.828998,0.027075,0.013746,0.226731
499,T499_UAV_5,HAP_1,HAP_2,682.510447,682.301375,0.029946,0.041027,0.190489
499,T499_UAV_12,BS_4,LEO_1,912.403645,912.178415,0.045733,0.047847,0.158249
499,T499_UAV_3,BS_3,HAP_1,656.38556,656.144984,0.02952,0.060154,0.254511
499,T499_UAV_2,HAP_1,LEO_1,924.229184,924.019607,0.044788,0.033139,0.158249
499,T499_UAV_7,BS_1,LEO_0,938.086413,937.872642,0.041794,0.018843,0.265669
499,T499_UAV_0,BS_4,HAP_2,778.355601,778.181356,0.029394,0.006753,0.190489
499,T499_UAV_1,BS_3,BS_2,519.830019,519.646213,0.042454,0.018402,0.114755
499,T499_UAV_6,BS_3,HAP_0,703.851694,703.653562,0.02938,0.023406,0.226731
499,T499_UAV_11,BS_3,HAP_1,706.40263,706.210578,0.029195,0.011956,0.254511
499,T499_UAV_10,BS_0,LEO_0,980.890256,980.65947,0.041654,0.035999,0.265669
499,T499_UAV_18,HAP_1,LEO_1,1213.023347,1212.812036,0.046582,0.033079,0.158249
499,T499_UAV_15,HAP_1,HAP_2,973.958853,973.77624,0.030878,0.013637,0.190489
499,T499_UAV_14,BS_4,LEO_1,1478.745457,1478.515393,0.049264,0.04915,0.158249
499,T499_UAV_13,HAP_1,LEO_1,1500.501395,1500.291435,0.047949,0.030362,0.158249
499,T499_UAV_16,HAP_1,LEO_0,292.503653,292.293213,0.040421,0.016885,0.265669
500,T500_UAV_8,HAP_1,LEO_0,296.834549,296.759286,0.000489,0.024541,0.251166
500,T500_UAV_5,HAP_1,LEO_1,303.225704,303.166583,0.002726,0.010924,0.227361
500,T500_UAV_9,BS_4,HAP_0,718.181537,718.117026,0.002471,0.022531,0.19754
500,T500_UAV_12,BS_4,HAP_1,198.659441,198.452382,0.026313,0.025234,0.277559
500,T500_UAV_7,BS_1,HAP_2,583.404376,583.20598,0.029059,0.018166,0.255853
500,T500_UAV_18,HAP_1,LEO_0,582.826522,582.749334,0.000896,0.026059,0.251166
500,T500_UAV_1,BS_3,LEO_1,630.919347,630.836239,0.005528,0.032107,0.227361
500,T500_UAV_14,BS_4,LEO_0,641.824699,641.758467,0.00107,0.014928,0.251166
500,T500_UAV_4,BS_4,HAP_0,1301.013956,1300.948222,0.005191,0.021036,0.19754
500,T500_UAV_2,HAP_1,LEO_1,758.495087,758.43467,0.006342,0.008603,0.227361
500,T500_UAV_16,HAP_1,HAP_2,782.149699,781.952703,0.031355,0.01447,0.255853
500,T500_UAV_13,HAP_1,HAP_0,1356.272222,1356.219964,0.006392,0.006358,0.19754
500,T500_UAV_15,HAP_1,HAP_0,533.891596,533.830523,0.001979,0.019586,0.19754
